category,model,product_id,image_order,n_gram_keyword,ngram_count
bakery,qwen3,5003416,1,바나나 견과 각기,1
bakery,qwen3,5003416,1,견과 각기 재료,1
bakery,qwen3,5003416,1,각기 재료 담다,1
bakery,qwen3,5003416,1,재료 담다 다양,1
bakery,qwen3,5003416,1,담다 다양 미니,1
bakery,qwen3,5003416,1,다양 미니 타르트,1
bakery,qwen3,5003416,1,미니 타르트 들다,1
bakery,qwen3,5003416,1,타르트 들다 검은색,1
bakery,qwen3,5003416,1,들다 검은색 상자,1
bakery,qwen3,5003416,1,검은색 상자 줄무늬,1
bakery,qwen3,5003416,1,상자 줄무늬 깔리다,1
bakery,qwen3,5003416,1,줄무늬 깔리다 배경,1
bakery,qwen3,5003416,1,깔리다 배경 전경,1
bakery,qwen3,5003416,1,배경 전경 부서지다,1
bakery,qwen3,5003416,1,전경 부서지다 타르트,1
bakery,qwen3,5003416,1,부서지다 타르트 포크,1
bakery,qwen3,5003416,1,타르트 포크 작다,1
bakery,qwen3,5003416,2,견과 과일 다양,1
bakery,qwen3,5003416,2,과일 다양 재료,1
bakery,qwen3,5003416,2,다양 재료 넣다,1
bakery,qwen3,5003416,2,재료 넣다 작다,1
bakery,qwen3,5003416,2,넣다 작다 황금빛,1
bakery,qwen3,5003416,2,작다 황금빛 갈색,1
bakery,qwen3,5003416,2,황금빛 갈색 페이스트리,1
bakery,qwen3,5003416,2,갈색 페이스트리 16,1
bakery,qwen3,5003416,2,페이스트리 16 들다,1
bakery,qwen3,5003416,2,16 들다 상자,1
bakery,qwen3,5003416,2,들다 상자 줄무늬,1
bakery,qwen3,5003416,2,상자 줄무늬 깔리다,1
bakery,qwen3,5003416,2,줄무늬 깔리다 검다,1
bakery,qwen3,5003416,2,깔리다 검다 쟁반,1
bakery,qwen3,5003416,2,검다 쟁반 배경,1
bakery,qwen3,5003416,2,쟁반 배경 적히다,1
bakery,qwen3,5003416,2,배경 적히다 검은색,1
bakery,qwen3,5003416,2,적히다 검은색 상자,1
bakery,qwen3,5003416,2,검은색 상자 보이다,1
bakery,qwen3,5007270,1,녹색 분홍색 흰색,1
bakery,qwen3,5007270,1,분홍색 흰색 드러나다,1
bakery,qwen3,5007270,1,흰색 드러나다 단면,1
bakery,qwen3,5007270,1,드러나다 단면 가지다,1
bakery,qwen3,5007270,1,단면 가지다 알록달록,1
bakery,qwen3,5007270,1,가지다 알록달록 덩어리,1
bakery,qwen3,5007270,1,알록달록 덩어리 나무,1
bakery,qwen3,5007270,1,덩어리 나무 도마,1
bakery,qwen3,5007270,1,나무 도마 함께,1
bakery,qwen3,5007270,1,도마 함께 썰다,1
bakery,qwen3,5007270,1,함께 썰다 차리다,1
bakery,qwen3,5007270,1,썰다 차리다 아침,1
bakery,qwen3,5007270,1,차리다 아침 식사,1
bakery,qwen3,5007270,1,아침 식사 장면,1
bakery,qwen3,5007270,1,식사 장면 조각,1
bakery,qwen3,5007270,1,장면 조각 숟가락,1
bakery,qwen3,5007270,1,조각 숟가락 작다,1
bakery,qwen3,5007270,1,숟가락 작다 흰색,1
bakery,qwen3,5007270,1,작다 흰색 주전자,1
bakery,qwen3,5007270,1,흰색 주전자 숟가락,1
bakery,qwen3,5007270,1,주전자 숟가락 담기다,1
bakery,qwen3,5007270,1,숟가락 담기다 작다,1
bakery,qwen3,5007270,1,담기다 작다 함께,1
bakery,qwen3,5007270,2,유리 치즈 토스트,1
bakery,qwen3,5007270,2,치즈 토스트 조각,1
bakery,qwen3,5007270,2,토스트 조각 나무,1
bakery,qwen3,5007270,2,조각 나무 코스터,1
bakery,qwen3,5007270,2,나무 코스터 작다,1
bakery,qwen3,5007270,2,코스터 작다 우유,1
bakery,qwen3,5007270,2,작다 우유 은색,1
bakery,qwen3,5007270,2,우유 은색 쟁반,1
bakery,qwen3,5007270,2,은색 쟁반 조각,1
bakery,qwen3,5007270,2,쟁반 조각 작다,1
bakery,qwen3,5007270,2,조각 작다 우유,1
bakery,qwen3,5007270,2,작다 우유 그리고,1
bakery,qwen3,5007270,2,우유 그리고 나무,1
bakery,qwen3,5007270,2,그리고 나무 레드,1
bakery,qwen3,5007270,2,나무 레드 와인,1
bakery,qwen3,5007270,2,레드 와인 말차,1
bakery,qwen3,5007270,2,와인 말차 분홍색,1
bakery,qwen3,5007270,2,말차 분홍색 조각,1
bakery,qwen3,5007270,2,분홍색 조각 아침,1
bakery,qwen3,5007270,2,조각 아침 식탁,1
bakery,qwen3,5007270,2,아침 식탁 내려다보다,1
bakery,qwen3,5007270,2,식탁 내려다보다 모습,1
bakery,qwen3,5012764,1,흰색 연하다 가루,1
bakery,qwen3,5012764,1,연하다 가루 뿌리다,1
bakery,qwen3,5012764,1,가루 뿌리다 케이크,1
bakery,qwen3,5012764,1,뿌리다 케이크 조각,1
bakery,qwen3,5012764,1,케이크 조각 담기다,1
bakery,qwen3,5012764,1,조각 담기다 배경,1
bakery,qwen3,5012764,1,담기다 배경 희다,1
bakery,qwen3,5012764,1,배경 희다 꽂히다,1
bakery,qwen3,5012764,1,희다 꽂히다 작다,1
bakery,qwen3,5012764,1,꽂히다 작다 꽃병,1
bakery,qwen3,5012764,1,작다 꽃병 상자,1
bakery,qwen3,5012764,2,크리미 필링 들어가다,1
bakery,qwen3,5012764,2,필링 들어가다 바닐라,1
bakery,qwen3,5012764,2,들어가다 바닐라 케이크,1
bakery,qwen3,5012764,2,바닐라 케이크 가루,1
bakery,qwen3,5012764,2,케이크 가루 설탕,1
bakery,qwen3,5012764,2,가루 설탕 살짝,1
bakery,qwen3,5012764,2,설탕 살짝 뿌리다,1
bakery,qwen3,5012764,2,살짝 뿌리다 담기다,1
bakery,qwen3,5012764,2,뿌리다 담기다 희다,1
bakery,qwen3,5012764,2,담기다 희다 조각,1
bakery,qwen3,5012764,2,희다 조각 작다,1
bakery,qwen3,5012764,2,조각 작다 담기다,1
bakery,qwen3,5012764,2,작다 담기다 찻잔,1
bakery,qwen3,5012764,2,담기다 찻잔 찻받침,1
bakery,qwen3,5012764,2,찻잔 찻받침 그리고,1
bakery,qwen3,5012764,2,찻받침 그리고 희다,1
bakery,qwen3,5012764,2,그리고 희다 꽂히다,1
bakery,qwen3,5012764,2,희다 꽂히다 작다,1
bakery,qwen3,5012764,2,꽂히다 작다 꽃병,1
bakery,qwen3,5012764,2,작다 꽃병 평온,1
bakery,qwen3,5012764,2,꽃병 평온 분위기,1
bakery,qwen3,5012764,2,평온 분위기 완성,1
bakery,qwen3,5025646,1,크런치 적히다 스무스,1
bakery,qwen3,5025646,1,적히다 스무스 적히다,1
bakery,qwen3,5025646,1,스무스 적히다 슈퍼넛츠,1
bakery,qwen3,5025646,1,적히다 슈퍼넛츠 땅콩,1
bakery,qwen3,5025646,1,슈퍼넛츠 땅콩 버터,1
bakery,qwen3,5025646,1,땅콩 버터 3,1
bakery,qwen3,5025646,1,버터 3 회색,1
bakery,qwen3,5025646,1,3 회색 진열,1
bakery,qwen3,5025646,1,회색 진열 스무스,1
bakery,qwen3,5025646,1,진열 스무스 땅콩,1
bakery,qwen3,5025646,1,스무스 땅콩 버터,1
bakery,qwen3,5025646,1,땅콩 버터 담기다,1
bakery,qwen3,5025646,1,버터 담기다 작다,1
bakery,qwen3,5025646,1,담기다 작다 뚜껑,1
bakery,qwen3,5025646,1,작다 뚜껑 열리다,1
bakery,qwen3,5025646,1,뚜껑 열리다 뚜껑,1
bakery,qwen3,5025646,1,열리다 뚜껑 땅콩,1
bakery,qwen3,5025646,1,뚜껑 땅콩 버터,1
bakery,qwen3,5025646,1,땅콩 버터 나무,1
bakery,qwen3,5025646,1,버터 나무 숟가락,1
bakery,qwen3,5025646,2,연하다 갈색 땅콩,1
bakery,qwen3,5025646,2,갈색 땅콩 버터,1
bakery,qwen3,5025646,2,땅콩 버터 가득,1
bakery,qwen3,5025646,2,버터 가득 담기다,1
bakery,qwen3,5025646,2,가득 담기다 유리병,1
bakery,qwen3,5025646,2,담기다 유리병 앞쪽,1
bakery,qwen3,5025646,2,유리병 앞쪽 나무,1
bakery,qwen3,5025646,2,앞쪽 나무 숟가락,1
bakery,qwen3,5025646,2,나무 숟가락 땅콩,1
bakery,qwen3,5025646,2,숟가락 땅콩 버터,1
bakery,qwen3,5025646,2,땅콩 버터 숟가락,1
bakery,qwen3,5025646,2,버터 숟가락 뜨다,1
bakery,qwen3,5025646,2,숟가락 뜨다 올리다,1
bakery,qwen3,5025646,2,뜨다 올리다 모습,1
bakery,qwen3,5025646,2,올리다 모습 보이다,1
bakery,qwen3,5040946,1,하늘색 배경 파스키,1
bakery,qwen3,5040946,1,배경 파스키 마카롱,1
bakery,qwen3,5040946,1,파스키 마카롱 상자,1
bakery,qwen3,5040946,1,마카롱 상자 알록달록,1
bakery,qwen3,5040946,1,상자 알록달록 마카롱,1
bakery,qwen3,5040946,1,알록달록 마카롱 담기다,1
bakery,qwen3,5040946,1,마카롱 담기다 포크,1
bakery,qwen3,5040946,1,담기다 포크 꽂히다,1
bakery,qwen3,5040946,1,포크 꽂히다 마카롱,1
bakery,qwen3,5040946,1,꽂히다 마카롱 담기다,1
bakery,qwen3,5040946,1,마카롱 담기다 다양,1
bakery,qwen3,5040946,1,담기다 다양 색상,1
bakery,qwen3,5040946,1,다양 색상 마카롱,1
bakery,qwen3,5040946,1,색상 마카롱 진열,1
bakery,qwen3,5040946,2,파란색 흰색 무늬,1
bakery,qwen3,5040946,2,흰색 무늬 들어가다,1
bakery,qwen3,5040946,2,무늬 들어가다 분홍색,1
bakery,qwen3,5040946,2,들어가다 분홍색 노란색,1
bakery,qwen3,5040946,2,분홍색 노란색 초록색,1
bakery,qwen3,5040946,2,노란색 초록색 갈색,1
bakery,qwen3,5040946,2,초록색 갈색 다양,1
bakery,qwen3,5040946,2,갈색 다양 색조,1
bakery,qwen3,5040946,2,다양 색조 알록달록,1
bakery,qwen3,5040946,2,색조 알록달록 마카롱,1
bakery,qwen3,5040946,2,알록달록 마카롱 담기다,1
bakery,qwen3,5040946,2,마카롱 담기다 배경,1
bakery,qwen3,5040946,2,담기다 배경 마카롱,1
bakery,qwen3,5040946,2,배경 마카롱 담기다,1
bakery,qwen3,5040946,2,마카롱 담기다 보이다,1
bakery,qwen3,5043336,1,검은색 뚜껑 달리다,1
bakery,qwen3,5043336,1,뚜껑 달리다 작다,1
bakery,qwen3,5043336,1,달리다 작다 유리병,1
bakery,qwen3,5043336,1,작다 유리병 세트,1
bakery,qwen3,5043336,1,유리병 세트 모이다,1
bakery,qwen3,5043336,1,세트 모이다 서로,1
bakery,qwen3,5043336,1,모이다 서로 다르다,1
bakery,qwen3,5043336,1,서로 다르다 종류,1
bakery,qwen3,5043336,1,다르다 종류 크림,1
bakery,qwen3,5043336,1,종류 크림 같다,1
bakery,qwen3,5043336,1,크림 같다 스프레드,1
bakery,qwen3,5043336,1,같다 스프레드 들다,1
bakery,qwen3,5043336,1,스프레드 들다 라벨,1
bakery,qwen3,5043336,1,들다 라벨 알록달록,1
bakery,qwen3,5043336,1,라벨 알록달록 하다,1
bakery,qwen3,5043336,1,알록달록 하다 영어,1
bakery,qwen3,5043336,1,하다 영어 한국어,1
bakery,qwen3,5043336,1,영어 한국어 되다,1
bakery,qwen3,5043336,1,한국어 되다 브랜드,1
bakery,qwen3,5043336,1,되다 브랜드 적히다,1
bakery,qwen3,5043336,1,브랜드 적히다 블랙,1
bakery,qwen3,5043336,1,적히다 블랙 올리브,1
bakery,qwen3,5043336,1,블랙 올리브 토마토,1
bakery,qwen3,5043336,1,올리브 토마토 블루베리,1
bakery,qwen3,5043336,1,토마토 블루베리 시나몬,1
bakery,qwen3,5043336,1,블루베리 시나몬 딸기,1
bakery,qwen3,5043336,1,시나몬 딸기 크림,1
bakery,qwen3,5043336,1,딸기 크림 치즈,1
bakery,qwen3,5043336,1,크림 치즈 다양,1
bakery,qwen3,5043336,1,치즈 다양 표시,1
bakery,qwen3,5043336,2,크리미 스프레드 가득,1
bakery,qwen3,5043336,2,스프레드 가득 담기다,1
bakery,qwen3,5043336,2,가득 담기다 8,1
bakery,qwen3,5043336,2,담기다 8 유리병,1
bakery,qwen3,5043336,2,8 유리병 세트,1
bakery,qwen3,5043336,2,유리병 세트 각각,1
bakery,qwen3,5043336,2,세트 각각 다르다,1
bakery,qwen3,5043336,2,각각 다르다 색상,1
bakery,qwen3,5043336,2,다르다 색상 띠다,1
bakery,qwen3,5043336,2,색상 띠다 흰색,1
bakery,qwen3,5043336,2,띠다 흰색 진열,1
bakery,qwen3,5043336,2,흰색 진열 적히다,1
bakery,qwen3,5043336,2,진열 적히다 블랙,1
bakery,qwen3,5043336,2,적히다 블랙 올리브,1
bakery,qwen3,5043336,2,블랙 올리브 토마토,1
bakery,qwen3,5043336,2,올리브 토마토 시나몬,1
bakery,qwen3,5043336,2,토마토 시나몬 건포도,1
bakery,qwen3,5043336,2,시나몬 건포도 크림치즈,1
bakery,qwen3,5043336,2,건포도 크림치즈 다양,1
bakery,qwen3,5043336,2,크림치즈 다양 제품,1
bakery,qwen3,5043336,2,다양 제품 포함,1
bakery,qwen3,5044137,1,초콜릿 글레이즈 바르다,1
bakery,qwen3,5044137,1,글레이즈 바르다 윗면,1
bakery,qwen3,5044137,1,바르다 윗면 물결,1
bakery,qwen3,5044137,1,윗면 물결 무늬,1
bakery,qwen3,5044137,1,물결 무늬 새기다,1
bakery,qwen3,5044137,1,무늬 새기다 직사각형,1
bakery,qwen3,5044137,1,새기다 직사각형 초콜릿,1
bakery,qwen3,5044137,1,직사각형 초콜릿 케이크,1
bakery,qwen3,5044137,1,초콜릿 케이크 나무,1
bakery,qwen3,5044137,1,케이크 나무 케이크,1
bakery,qwen3,5044137,1,나무 케이크 초콜릿,1
bakery,qwen3,5044137,1,케이크 초콜릿 크림,1
bakery,qwen3,5044137,1,초콜릿 크림 필링,1
bakery,qwen3,5044137,1,크림 필링 들다,1
bakery,qwen3,5044137,1,필링 들다 파란색,1
bakery,qwen3,5044137,1,들다 파란색 테두리,1
bakery,qwen3,5044137,1,파란색 테두리 두르다,1
bakery,qwen3,5044137,1,테두리 두르다 흰색,1
bakery,qwen3,5044137,1,두르다 흰색 상자,1
bakery,qwen3,5044137,1,흰색 상자 상자,1
bakery,qwen3,5044137,1,상자 상자 브랜드,1
bakery,qwen3,5044137,1,상자 브랜드 인쇄,1
bakery,qwen3,5044137,2,희다 크림 층층이,1
bakery,qwen3,5044137,2,크림 층층이 쌓이다,1
bakery,qwen3,5044137,2,층층이 쌓이다 직사각형,1
bakery,qwen3,5044137,2,쌓이다 직사각형 초콜릿,1
bakery,qwen3,5044137,2,직사각형 초콜릿 케이크,1
bakery,qwen3,5044137,2,초콜릿 케이크 나무,1
bakery,qwen3,5044137,2,케이크 나무 희다,1
bakery,qwen3,5044137,2,나무 희다 나무,1
bakery,qwen3,5044137,2,희다 나무 포크,1
bakery,qwen3,5044137,2,나무 포크 함께,1
bakery,qwen3,5044137,2,포크 함께 케이크,1
bakery,qwen3,5044137,2,함께 케이크 조각,1
bakery,qwen3,5044137,2,케이크 조각 담기다,1
bakery,qwen3,5044138,1,나폴레옹 케이크 담기다,1
bakery,qwen3,5044138,1,케이크 담기다 직사각형,1
bakery,qwen3,5044138,1,담기다 직사각형 상자,1
bakery,qwen3,5044138,1,직사각형 상자 얇다,1
bakery,qwen3,5044138,1,상자 얇다 썰다,1
bakery,qwen3,5044138,1,얇다 썰다 나폴레옹,1
bakery,qwen3,5044138,1,썰다 나폴레옹 담기다,1
bakery,qwen3,5044138,1,나폴레옹 담기다 흰색,1
bakery,qwen3,5044138,1,담기다 흰색 케이크,1
bakery,qwen3,5044138,1,흰색 케이크 층층이,1
bakery,qwen3,5044138,1,케이크 층층이 쌓이다,1
bakery,qwen3,5044138,1,층층이 쌓이다 단면,1
bakery,qwen3,5044138,1,쌓이다 단면 드러나다,1
bakery,qwen3,5044138,2,바깥쪽 황금빛 갈색,1
bakery,qwen3,5044138,2,황금빛 갈색 띠다,1
bakery,qwen3,5044138,2,갈색 띠다 바삭바삭,1
bakery,qwen3,5044138,2,띠다 바삭바삭 안쪽,1
bakery,qwen3,5044138,2,바삭바삭 안쪽 층층이,1
bakery,qwen3,5044138,2,안쪽 층층이 쌓이다,1
bakery,qwen3,5044138,2,층층이 쌓이다 바삭,1
bakery,qwen3,5044138,2,쌓이다 바삭 식감,1
bakery,qwen3,5044138,2,바삭 식감 지니다,1
bakery,qwen3,5044138,2,식감 지니다 직사각,1
bakery,qwen3,5044138,2,지니다 직사각 케이크,1
bakery,qwen3,5044138,2,직사각 케이크 자르다,1
bakery,qwen3,5044138,2,케이크 자르다 단면,1
bakery,qwen3,5044138,2,자르다 단면 드러나다,1
bakery,qwen3,5044138,2,단면 드러나다 분홍색,1
bakery,qwen3,5044138,2,드러나다 분홍색 배경,1
bakery,qwen3,5044138,2,분홍색 배경 배경,1
bakery,qwen3,5044138,2,배경 배경 희다,1
bakery,qwen3,5044138,2,배경 희다 담기다,1
bakery,qwen3,5052041,1,황금빛 갈색 껍질,1
bakery,qwen3,5052041,1,갈색 껍질 가지다,1
bakery,qwen3,5052041,1,껍질 가지다 짙다,1
bakery,qwen3,5052041,1,가지다 짙다 덩어리,1
bakery,qwen3,5052041,1,짙다 덩어리 조각,1
bakery,qwen3,5052041,1,덩어리 조각 잘리다,1
bakery,qwen3,5052041,1,조각 잘리다 중성,1
bakery,qwen3,5052041,1,잘리다 중성 색상,1
bakery,qwen3,5052041,1,중성 색상 표면,1
bakery,qwen3,5052041,1,색상 표면 구겨지다,1
bakery,qwen3,5052041,1,표면 구겨지다 밝다,1
bakery,qwen3,5052041,1,구겨지다 밝다 리넨,1
bakery,qwen3,5052041,2,짙다 갈색 띠다,1
bakery,qwen3,5052041,2,갈색 띠다 기포,1
bakery,qwen3,5052041,2,띠다 기포 가득,1
bakery,qwen3,5052041,2,기포 가득 폭신폭신,1
bakery,qwen3,5052041,2,가득 폭신폭신 수제,1
bakery,qwen3,5052041,2,폭신폭신 수제 덩어리,1
bakery,qwen3,5052041,2,수제 덩어리 조각,1
bakery,qwen3,5052041,2,덩어리 조각 잘리다,1
bakery,qwen3,5052041,2,조각 잘리다 구겨지다,1
bakery,qwen3,5052041,2,잘리다 구겨지다 리넨,1
bakery,qwen3,5052044,1,짙다 갈라지다 껍질,1
bakery,qwen3,5052044,1,갈라지다 껍질 가루,1
bakery,qwen3,5052044,1,껍질 가루 살짝,1
bakery,qwen3,5052044,1,가루 살짝 뿌리다,1
bakery,qwen3,5052044,1,살짝 뿌리다 직사각,1
bakery,qwen3,5052044,1,뿌리다 직사각 모양,1
bakery,qwen3,5052044,1,직사각 모양 덩이,1
bakery,qwen3,5052044,1,모양 덩이 밝다,1
bakery,qwen3,5052044,1,덩이 밝다 표면,1
bakery,qwen3,5052044,1,밝다 표면 배경,1
bakery,qwen3,5052044,1,표면 배경 나무,1
bakery,qwen3,5052044,1,배경 나무 도마,1
bakery,qwen3,5052044,1,나무 도마 조각,1
bakery,qwen3,5052044,1,도마 조각 단면,1
bakery,qwen3,5052044,1,조각 단면 공기,1
bakery,qwen3,5052044,1,단면 공기 주머니,1
bakery,qwen3,5052044,1,공기 주머니 선명,1
bakery,qwen3,5052044,1,주머니 선명 보이다,1
bakery,qwen3,5052044,1,선명 보이다 폭신폭신,1
bakery,qwen3,5052044,1,보이다 폭신폭신 속살,1
bakery,qwen3,5052044,1,폭신폭신 속살 드러나다,1
bakery,qwen3,5052044,2,수제 썰다 나무,1
bakery,qwen3,5052044,2,썰다 나무 도마,1
bakery,qwen3,5052044,2,나무 도마 올려놓다,1
bakery,qwen3,5052044,2,도마 올려놓다 근접,1
bakery,qwen3,5052044,2,올려놓다 근접 촬영,1
bakery,qwen3,5052044,2,근접 촬영 짙다,1
bakery,qwen3,5052044,2,촬영 짙다 황금빛,1
bakery,qwen3,5052044,2,짙다 황금빛 껍질,1
bakery,qwen3,5052044,2,황금빛 껍질 띠다,1
bakery,qwen3,5052044,2,껍질 띠다 기포,1
bakery,qwen3,5052044,2,띠다 기포 가득,1
bakery,qwen3,5052044,2,기포 가득 폭신폭신,1
bakery,qwen3,5052044,2,가득 폭신폭신 부풀다,1
bakery,qwen3,5052044,2,폭신폭신 부풀다 오르다,1
bakery,qwen3,5052044,2,부풀다 오르다 풍미,1
bakery,qwen3,5052044,2,오르다 풍미 가득,1
bakery,qwen3,5052044,2,풍미 가득 짐작,1
bakery,qwen3,5057085,1,브랜드 페이스 트리,1
bakery,qwen3,5057085,1,페이스 트리 3,1
bakery,qwen3,5057085,1,트리 3 4,1
bakery,qwen3,5057085,1,3 4 격자,1
bakery,qwen3,5057085,1,4 격자 모양,1
bakery,qwen3,5057085,1,격자 모양 가지런히,1
bakery,qwen3,5057085,1,모양 가지런히 배열,1
bakery,qwen3,5057085,1,가지런히 배열 상자,1
bakery,qwen3,5057085,1,배열 상자 페이스,1
bakery,qwen3,5057085,1,상자 페이스 트리,1
bakery,qwen3,5057085,1,페이스 트리 투명,1
bakery,qwen3,5057085,1,트리 투명 비닐,1
bakery,qwen3,5057085,1,투명 비닐 개별,1
bakery,qwen3,5057085,1,비닐 개별 포장,1
bakery,qwen3,5057085,1,개별 포장 상자,1
bakery,qwen3,5057085,1,포장 상자 주황색,1
bakery,qwen3,5057085,1,상자 주황색 이삭,1
bakery,qwen3,5057085,1,주황색 이삭 1951,1
bakery,qwen3,5057085,1,이삭 1951 문구,1
bakery,qwen3,5057085,1,1951 문구 들어가다,1
bakery,qwen3,5057085,1,문구 들어가다 로고,1
bakery,qwen3,5057085,1,들어가다 로고 뚜껑,1
bakery,qwen3,5057085,1,로고 뚜껑 열리다,1
bakery,qwen3,5057085,1,뚜껑 열리다 페이스트리,1
bakery,qwen3,5057085,1,열리다 페이스트리 보이다,1
bakery,qwen3,5057085,2,초콜릿 코팅 쿠키,1
bakery,qwen3,5057085,2,코팅 쿠키 쿠키,1
bakery,qwen3,5057085,2,쿠키 쿠키 삼각,1
bakery,qwen3,5057085,2,쿠키 삼각 모양,1
bakery,qwen3,5057085,2,삼각 모양 초콜릿,1
bakery,qwen3,5057085,2,모양 초콜릿 조각,1
bakery,qwen3,5057085,2,초콜릿 조각 초록색,1
bakery,qwen3,5057085,2,조각 초록색 올리다,1
bakery,qwen3,5057085,2,초록색 올리다 배경,1
bakery,qwen3,5057085,2,올리다 배경 주황색,1
bakery,qwen3,5057085,2,배경 주황색 상자,1
bakery,qwen3,5057085,2,주황색 상자 같다,1
bakery,qwen3,5057085,2,상자 같다 쿠키,1
bakery,qwen3,5057085,2,같다 쿠키 들다,1
bakery,qwen3,5057085,2,쿠키 들다 오른쪽,1
bakery,qwen3,5057085,2,들다 오른쪽 투명,1
bakery,qwen3,5057085,2,오른쪽 투명 비닐,1
bakery,qwen3,5057085,2,투명 비닐 봉지,1
bakery,qwen3,5057085,2,비닐 봉지 쿠키,1
bakery,qwen3,5057085,2,봉지 쿠키 들다,1
bakery,qwen3,5063069,1,둥글다 황금빛 갈색,1
bakery,qwen3,5063069,1,황금빛 갈색 띠다,1
bakery,qwen3,5063069,1,갈색 띠다 과자,1
bakery,qwen3,5063069,1,띠다 과자 각각,1
bakery,qwen3,5063069,1,과자 각각 폭신폭신,1
bakery,qwen3,5063069,1,각각 폭신폭신 포장재,1
bakery,qwen3,5063069,1,폭신폭신 포장재 갈색,1
bakery,qwen3,5063069,1,포장재 갈색 판지,1
bakery,qwen3,5063069,1,갈색 판지 상자,1
bakery,qwen3,5063069,1,판지 상자 상자,1
bakery,qwen3,5063069,1,상자 상자 만화,1
bakery,qwen3,5063069,1,상자 만화 감자,1
bakery,qwen3,5063069,1,만화 감자 캐릭터,1
bakery,qwen3,5063069,1,감자 캐릭터 그리다,1
bakery,qwen3,5063069,1,캐릭터 그리다 상자,1
bakery,qwen3,5063069,1,그리다 상자 적히다,1
bakery,qwen3,5063069,1,상자 적히다 글씨,1
bakery,qwen3,5063069,1,적히다 글씨 한국어,1
bakery,qwen3,5063069,2,희다 크리미 들어가다,1
bakery,qwen3,5063069,2,크리미 들어가다 둥글다,1
bakery,qwen3,5063069,2,들어가다 둥글다 황금빛,1
bakery,qwen3,5063069,2,둥글다 황금빛 페이스트리,1
bakery,qwen3,5063069,2,황금빛 페이스트리 담기다,1
bakery,qwen3,5071363,1,나무 뚜껑 달리다,1
bakery,qwen3,5071363,1,뚜껑 달리다 딸기,1
bakery,qwen3,5071363,1,달리다 딸기 유리병,1
bakery,qwen3,5071363,1,딸기 유리병 한국어,1
bakery,qwen3,5071363,1,유리병 한국어 되다,1
bakery,qwen3,5071363,1,한국어 되다 글자,1
bakery,qwen3,5071363,1,되다 글자 딸기,1
bakery,qwen3,5071363,1,글자 딸기 일러스트,1
bakery,qwen3,5071363,1,딸기 일러스트 그리다,1
bakery,qwen3,5071363,1,일러스트 그리다 라벨,1
bakery,qwen3,5071363,1,그리다 라벨 붙다,1
bakery,qwen3,5071363,2,금색 뚜껑 달리다,1
bakery,qwen3,5071363,2,뚜껑 달리다 딸기,1
bakery,qwen3,5071363,2,달리다 딸기 유리병,1
bakery,qwen3,5071363,2,딸기 유리병 라벨,1
bakery,qwen3,5071363,2,유리병 라벨 한국어,1
bakery,qwen3,5071363,2,라벨 한국어 문구,1
bakery,qwen3,5071363,2,한국어 문구 딸기,1
bakery,qwen3,5071363,2,문구 딸기 일러스트,1
bakery,qwen3,5071363,2,딸기 일러스트 그리다,1
bakery,qwen3,5074339,1,손잡이 달리다 흰색,1
bakery,qwen3,5074339,1,달리다 흰색 상자,1
bakery,qwen3,5074339,1,흰색 상자 악기,1
bakery,qwen3,5074339,1,상자 악기 연주,1
bakery,qwen3,5074339,1,악기 연주 그림,1
bakery,qwen3,5074339,1,연주 그림 그리다,1
bakery,qwen3,5074339,1,그림 그리다 작다,1
bakery,qwen3,5074339,1,그리다 작다 흰색,1
bakery,qwen3,5074339,1,작다 흰색 황금빛,1
bakery,qwen3,5074339,1,흰색 황금빛 갈색,1
bakery,qwen3,5074339,1,황금빛 갈색 과자,1
bakery,qwen3,5074339,2,밝다 회색 배경,1
bakery,qwen3,5074339,2,회색 배경 배경,1
bakery,qwen3,5074339,2,배경 배경 흰색,1
bakery,qwen3,5074339,2,배경 흰색 노릇노릇,1
bakery,qwen3,5074339,2,흰색 노릇노릇 폭신폭신,1
bakery,qwen3,5074339,2,노릇노릇 폭신폭신 케이크,1
bakery,qwen3,5074339,2,폭신폭신 케이크 조각,1
bakery,qwen3,5074339,2,케이크 조각 쌓이다,1
bakery,qwen3,5097791,1,적히다 포르투갈식 페이스,1
bakery,qwen3,5097791,1,포르투갈식 페이스 트리,1
bakery,qwen3,5097791,1,페이스 트리 4,1
bakery,qwen3,5097791,1,트리 4 들다,1
bakery,qwen3,5097791,1,4 들다 상자,1
bakery,qwen3,5097791,1,들다 상자 캐러멜,1
bakery,qwen3,5097791,1,상자 캐러멜 들어가다,1
bakery,qwen3,5097791,1,캐러멜 들어가다 황금빛,1
bakery,qwen3,5097791,1,들어가다 황금빛 갈색,1
bakery,qwen3,5097791,1,황금빛 갈색 바삭바삭,1
bakery,qwen3,5097791,1,갈색 바삭바삭 페이스트리,1
bakery,qwen3,5097791,1,바삭바삭 페이스트리 4,1
bakery,qwen3,5097791,1,페이스트리 4 담기다,1
bakery,qwen3,5097791,1,4 담기다 희다,1
bakery,qwen3,5097791,2,에그 타르트 통째,1
bakery,qwen3,5097791,2,타르트 통째 잘리다,1
bakery,qwen3,5097791,2,통째 잘리다 황금빛,1
bakery,qwen3,5097791,2,잘리다 황금빛 캐러멜,1
bakery,qwen3,5097791,2,황금빛 캐러멜 윗면,1
bakery,qwen3,5097791,2,캐러멜 윗면 크림,1
bakery,qwen3,5097791,2,윗면 크림 노란색,1
bakery,qwen3,5097791,2,크림 노란색 드러나다,1
bakery,qwen3,5097791,2,노란색 드러나다 타르트,1
bakery,qwen3,5097791,2,드러나다 타르트 바삭바삭,1
bakery,qwen3,5097791,2,타르트 바삭바삭 황금빛,1
bakery,qwen3,5097791,2,바삭바삭 황금빛 갈색,1
bakery,qwen3,5097791,2,황금빛 갈색 페이스트리,1
bakery,qwen3,5097791,2,갈색 페이스트리 껍질,1
bakery,qwen3,5097791,2,페이스트리 껍질 감싸이다,1
bakery,qwen3,5097791,2,껍질 감싸이다 잘리다,1
bakery,qwen3,5097791,2,감싸이다 잘리다 타르트,1
bakery,qwen3,5097791,2,잘리다 타르트 안쪽,1
bakery,qwen3,5097791,2,타르트 안쪽 커스터드,1
bakery,qwen3,5097791,2,안쪽 커스터드 모습,1
bakery,qwen3,5097791,2,커스터드 모습 보이다,1
bakery,qwen3,5115048,1,6 작다 육각,1
bakery,qwen3,5115048,1,작다 육각 세트,1
bakery,qwen3,5115048,1,육각 세트 녹색,1
bakery,qwen3,5115048,1,세트 녹색 뚜껑,1
bakery,qwen3,5115048,1,녹색 뚜껑 달리다,1
bakery,qwen3,5115048,1,뚜껑 달리다 1853,1
bakery,qwen3,5115048,1,달리다 1853 과일,1
bakery,qwen3,5115048,1,1853 과일 함량,1
bakery,qwen3,5115048,1,과일 함량 70,1
bakery,qwen3,5115048,1,함량 70 적히다,1
bakery,qwen3,5115048,1,70 적히다 라벨,1
bakery,qwen3,5115048,1,적히다 라벨 붙다,1
bakery,qwen3,5115048,1,라벨 붙다 라즈베리,1
bakery,qwen3,5115048,1,붙다 라즈베리 살구,1
bakery,qwen3,5115048,1,라즈베리 살구 블루베리,1
bakery,qwen3,5115048,1,살구 블루베리 딸기,1
bakery,qwen3,5115048,1,블루베리 딸기 사워,1
bakery,qwen3,5115048,1,딸기 사워 체리,1
bakery,qwen3,5115048,1,사워 체리 다양,1
bakery,qwen3,5115048,1,체리 다양 과일,1
bakery,qwen3,5115048,1,다양 과일 들다,1
bakery,qwen3,5115048,1,과일 들다 뚜껑,1
bakery,qwen3,5115048,1,들다 뚜껑 열리다,1
bakery,qwen3,5115048,1,뚜껑 열리다 나무,1
bakery,qwen3,5115048,1,열리다 나무 숟가락,1
bakery,qwen3,5115048,1,나무 숟가락 작다,1
bakery,qwen3,5115048,1,숟가락 작다 살구,1
bakery,qwen3,5115048,1,작다 살구 덩어리,1
bakery,qwen3,5115048,1,살구 덩어리 올리다,1
bakery,qwen3,5115048,1,덩어리 올리다 반면,1
bakery,qwen3,5115048,1,올리다 반면 나머지,1
bakery,qwen3,5115048,1,반면 나머지 흰색,1
bakery,qwen3,5115048,1,나머지 흰색 표면,1
bakery,qwen3,5115048,1,흰색 표면 피라미드,1
bakery,qwen3,5115048,1,표면 피라미드 모양,1
bakery,qwen3,5115048,1,피라미드 모양 쌓이다,1
bakery,qwen3,5115048,2,흰색 각각 녹색,1
bakery,qwen3,5115048,2,각각 녹색 뚜껑,1
bakery,qwen3,5115048,2,녹색 뚜껑 과일,1
bakery,qwen3,5115048,2,뚜껑 과일 일러스트,1
bakery,qwen3,5115048,2,과일 일러스트 그리다,1
bakery,qwen3,5115048,2,일러스트 그리다 라벨,1
bakery,qwen3,5115048,2,그리다 라벨 붙다,1
bakery,qwen3,5115048,2,라벨 붙다 다르보,1
bakery,qwen3,5115048,2,붙다 다르보 담기다,1
bakery,qwen3,5115048,2,다르보 담기다 육각,1
bakery,qwen3,5115048,2,담기다 육각 유리,1
bakery,qwen3,5115048,2,육각 유리 6,1
bakery,qwen3,5115048,2,유리 6 세트,1
bakery,qwen3,5115048,2,6 세트 라즈베리,1
bakery,qwen3,5115048,2,세트 라즈베리 로즈,1
bakery,qwen3,5115048,2,라즈베리 로즈 살구,1
bakery,qwen3,5115048,2,로즈 살구 야생,1
bakery,qwen3,5115048,2,살구 야생 블루베리,1
bakery,qwen3,5115048,2,야생 블루베리 정원,1
bakery,qwen3,5115048,2,블루베리 정원 딸기,1
bakery,qwen3,5115048,2,정원 딸기 사워,1
bakery,qwen3,5115048,2,딸기 사워 체리,1
bakery,qwen3,5115048,2,사워 체리 그리고,1
bakery,qwen3,5115048,2,체리 그리고 짙다,1
bakery,qwen3,5115048,2,그리고 짙다 빨간색,1
bakery,qwen3,5115048,2,짙다 빨간색 다양,1
bakery,qwen3,5115048,2,빨간색 다양 들다,1
bakery,qwen3,5115048,2,다양 들다 나무,1
bakery,qwen3,5115048,2,들다 나무 숟가락,1
bakery,qwen3,5115048,2,나무 숟가락 꽂히다,1
bakery,qwen3,5115048,2,숟가락 꽂히다 뚜껑,1
bakery,qwen3,5115048,2,꽂히다 뚜껑 숟가락,1
bakery,qwen3,5115048,2,뚜껑 숟가락 숟가락,1
bakery,qwen3,5115048,2,숟가락 숟가락 분량,1
bakery,qwen3,5115048,2,숟가락 분량 올리다,1
bakery,qwen3,5116362,1,녹차 쿠키 상자,1
bakery,qwen3,5116362,1,쿠키 상자 밝다,1
bakery,qwen3,5116362,1,상자 밝다 회색,1
bakery,qwen3,5116362,1,밝다 회색 희다,1
bakery,qwen3,5116362,1,회색 희다 정사각형,1
bakery,qwen3,5116362,1,희다 정사각형 쿠키,1
bakery,qwen3,5116362,1,정사각형 쿠키 부러지다,1
bakery,qwen3,5116362,1,쿠키 부러지다 쿠키,1
bakery,qwen3,5116362,1,부러지다 쿠키 담기다,1
bakery,qwen3,5116362,2,연두색 상자 포장,1
bakery,qwen3,5116362,2,상자 포장 되다,1
bakery,qwen3,5116362,2,포장 되다 초록색,1
bakery,qwen3,5116362,2,되다 초록색 말차,1
bakery,qwen3,5116362,2,초록색 말차 쿠키,1
bakery,qwen3,5116362,2,말차 쿠키 상자,1
bakery,qwen3,5116362,2,쿠키 상자 쿠키,1
bakery,qwen3,5116362,2,상자 쿠키 부서지다,1
bakery,qwen3,5116362,2,쿠키 부서지다 안쪽,1
bakery,qwen3,5116362,2,부서지다 안쪽 초록색,1
bakery,qwen3,5116362,2,안쪽 초록색 드러나다,1
bakery,qwen3,5122986,1,크리스피 크림 도넛 상자 밝다,1
bakery,qwen3,5122986,1,상자 밝다 회색,1
bakery,qwen3,5122986,1,밝다 회색 열리다,1
bakery,qwen3,5122986,1,회색 열리다 모습,1
bakery,qwen3,5122986,1,열리다 모습 닫히다,1
bakery,qwen3,5122986,1,모습 닫히다 모습,1
bakery,qwen3,5122986,1,닫히다 모습 보이다,1
bakery,qwen3,5122986,1,모습 보이다 상자,1
bakery,qwen3,5122986,1,보이다 상자 황금빛,1
bakery,qwen3,5122986,1,상자 황금빛 갈색,1
bakery,qwen3,5122986,1,황금빛 갈색 도넛,1
bakery,qwen3,5122986,1,갈색 도넛 9,1
bakery,qwen3,5122986,1,도넛 9 3,1
bakery,qwen3,5122986,1,9 3 3,1
bakery,qwen3,5122986,1,3 3 격자,1
bakery,qwen3,5122986,1,3 격자 모양,1
bakery,qwen3,5122986,1,격자 모양 배열,1
bakery,qwen3,5122986,1,모양 배열 닫히다,1
bakery,qwen3,5122986,1,배열 닫히다 상자,1
bakery,qwen3,5122986,1,닫히다 상자 흰색,1
bakery,qwen3,5122986,1,상자 흰색 녹색,1
bakery,qwen3,5122986,1,흰색 녹색 빨간색,1
bakery,qwen3,5122986,1,녹색 빨간색 로고,1
bakery,qwen3,5122986,1,빨간색 로고 검은색,1
bakery,qwen3,5122986,1,로고 검은색 물방울,1
bakery,qwen3,5122986,1,검은색 물방울 무늬,1
bakery,qwen3,5122986,1,물방울 무늬 그리다,1
bakery,qwen3,5122986,2,뚜껑 열리다 크리스피 크림 도넛,1
bakery,qwen3,5122986,2,열리다 크리스피 크림 도넛 상자,1
bakery,qwen3,5122986,2,크리스피 크림 도넛 상자 3,1
bakery,qwen3,5122986,2,상자 3 3,1
bakery,qwen3,5122986,2,3 3 격자,1
bakery,qwen3,5122986,2,3 격자 모양,1
bakery,qwen3,5122986,2,격자 모양 배열,1
bakery,qwen3,5122986,2,모양 배열 황금빛,1
bakery,qwen3,5122986,2,배열 황금빛 갈색,1
bakery,qwen3,5122986,2,황금빛 갈색 글레이즈,1
bakery,qwen3,5122986,2,갈색 글레이즈 도넛,1
bakery,qwen3,5122986,2,글레이즈 도넛 8,1
bakery,qwen3,5122986,2,도넛 8 들다,1
bakery,qwen3,5122986,2,8 들다 상자,1
bakery,qwen3,5122986,2,들다 상자 흰색,1
bakery,qwen3,5122986,2,상자 흰색 녹색,1
bakery,qwen3,5122986,2,흰색 녹색 빨간색,1
bakery,qwen3,5122986,2,녹색 빨간색 로고,1
bakery,qwen3,5122986,2,빨간색 로고 무늬,1
bakery,qwen3,5122986,2,로고 무늬 그리다,1
bakery,qwen3,5128440,1,나무 도마 슬라이스,1
bakery,qwen3,5128440,1,도마 슬라이스 되다,1
bakery,qwen3,5128440,1,슬라이스 되다 덩이,1
bakery,qwen3,5128440,1,되다 덩이 배경,1
bakery,qwen3,5128440,1,덩이 배경 포장,1
bakery,qwen3,5128440,1,배경 포장 덩이,1
bakery,qwen3,5128440,1,포장 덩이 보이다,1
bakery,qwen3,5128440,1,덩이 보이다 황금빛,1
bakery,qwen3,5128440,1,보이다 황금빛 갈색,1
bakery,qwen3,5128440,1,황금빛 갈색 겉면,1
bakery,qwen3,5128440,1,갈색 겉면 기공,1
bakery,qwen3,5128440,1,겉면 기공 많다,1
bakery,qwen3,5128440,1,기공 많다 가지다,1
bakery,qwen3,5128440,2,노릇노릇 껍질 돋보이다,1
bakery,qwen3,5128440,2,껍질 돋보이다 얇다,1
bakery,qwen3,5128440,2,돋보이다 얇다 썰다,1
bakery,qwen3,5128440,2,얇다 썰다 희다,1
bakery,qwen3,5128440,2,썰다 희다 덩어리,1
bakery,qwen3,5128440,2,희다 덩어리 밝다,1
bakery,qwen3,5128440,2,덩어리 밝다 깔다,1
bakery,qwen3,5128440,2,밝다 깔다 나무,1
bakery,qwen3,5128440,2,깔다 나무 도마,1
bakery,qwen3,5128440,2,나무 도마 가지런히,1
bakery,qwen3,5131242,1,연두색 직사각형 작다,1
bakery,qwen3,5131242,1,직사각형 작다 검다,1
bakery,qwen3,5131242,1,작다 검다 아마도,1
bakery,qwen3,5131242,1,검다 아마도 올리브,1
bakery,qwen3,5131242,1,아마도 올리브 흩뿌리다,1
bakery,qwen3,5131242,1,올리브 흩뿌리다 황금빛,1
bakery,qwen3,5131242,1,흩뿌리다 황금빛 갈색,1
bakery,qwen3,5131242,1,황금빛 갈색 직사각형,1
bakery,qwen3,5131242,1,갈색 직사각형 가지런히,1
bakery,qwen3,5131242,1,직사각형 가지런히 일부,1
bakery,qwen3,5131242,1,가지런히 일부 잘리다,1
bakery,qwen3,5131242,1,일부 잘리다 기공,1
bakery,qwen3,5131242,1,잘리다 기공 많다,1
bakery,qwen3,5131242,1,기공 많다 속살,1
bakery,qwen3,5131242,1,많다 속살 드러나다,1
bakery,qwen3,5131242,1,속살 드러나다 회색,1
bakery,qwen3,5131242,2,밝다 회색 올리브,1
bakery,qwen3,5131242,2,회색 올리브 보이다,1
bakery,qwen3,5131242,2,올리브 보이다 작다,1
bakery,qwen3,5131242,2,보이다 작다 검다,1
bakery,qwen3,5131242,2,작다 검다 흩뿌리다,1
bakery,qwen3,5131242,2,검다 흩뿌리다 직사각형,1
bakery,qwen3,5131242,2,흩뿌리다 직사각형 황금빛,1
bakery,qwen3,5131242,2,직사각형 황금빛 갈색,1
bakery,qwen3,5131242,2,황금빛 갈색 브레드,1
bakery,qwen3,5131242,2,갈색 브레드 스틱,1
bakery,qwen3,5131242,2,브레드 스틱 브레드스틱,1
bakery,qwen3,5131242,2,스틱 브레드스틱 부러지다,1
bakery,qwen3,5131242,2,브레드스틱 부러지다 기공,1
bakery,qwen3,5131242,2,부러지다 기공 많다,1
bakery,qwen3,5131242,2,기공 많다 드러나다,1
bakery,qwen3,5132010,1,투명 플라스틱 쟁반,1
bakery,qwen3,5132010,1,플라스틱 쟁반 둥글다,1
bakery,qwen3,5132010,1,쟁반 둥글다 다크,1
bakery,qwen3,5132010,1,둥글다 다크 초콜릿,1
bakery,qwen3,5132010,1,다크 초콜릿 쿠키,1
bakery,qwen3,5132010,1,초콜릿 쿠키 12,1
bakery,qwen3,5132010,1,쿠키 12 격자,1
bakery,qwen3,5132010,1,12 격자 모양,1
bakery,qwen3,5132010,1,격자 모양 가지런히,1
bakery,qwen3,5132010,1,모양 가지런히 아래,1
bakery,qwen3,5132010,1,가지런히 아래 미니멀,1
bakery,qwen3,5132010,1,아래 미니멀 디자인,1
bakery,qwen3,5132010,1,미니멀 디자인 흰색,1
bakery,qwen3,5132010,1,디자인 흰색 상자,1
bakery,qwen3,5132010,1,흰색 상자 상자,1
bakery,qwen3,5132010,1,상자 상자 한국어,1
bakery,qwen3,5132010,1,상자 한국어 리얼,1
bakery,qwen3,5132010,1,한국어 리얼 브라우니쿠키,1
bakery,qwen3,5132010,1,리얼 브라우니쿠키 문구,1
bakery,qwen3,5132010,1,브라우니쿠키 문구 적히다,1
bakery,qwen3,5132010,1,문구 적히다 초콜릿,1
bakery,qwen3,5132010,1,적히다 초콜릿 쿠키,1
bakery,qwen3,5132010,1,초콜릿 쿠키 작다,1
bakery,qwen3,5132010,1,쿠키 작다 토끼,1
bakery,qwen3,5132010,1,작다 토끼 캐릭터,1
bakery,qwen3,5132010,1,토끼 캐릭터 그리다,1
bakery,qwen3,5132010,1,캐릭터 그리다 쿠키,1
bakery,qwen3,5132010,1,그리다 쿠키 더미,1
bakery,qwen3,5132010,1,쿠키 더미 일러스트,1
bakery,qwen3,5132010,1,더미 일러스트 함께,1
bakery,qwen3,5132010,1,일러스트 함께 그리다,1
bakery,qwen3,5132010,2,리얼 브라우니 쿠키,1
bakery,qwen3,5132010,2,브라우니 쿠키 쿠키,1
bakery,qwen3,5132010,2,쿠키 쿠키 쿠키,1
bakery,qwen3,5132010,2,쿠키 쿠키 더미,1
bakery,qwen3,5132010,2,쿠키 더미 들다,1
bakery,qwen3,5132010,2,더미 들다 만화,1
bakery,qwen3,5132010,2,들다 만화 토끼,1
bakery,qwen3,5132010,2,만화 토끼 그리다,1
bakery,qwen3,5132010,2,토끼 그리다 흰색,1
bakery,qwen3,5132010,2,그리다 흰색 상자,1
bakery,qwen3,5132010,2,흰색 상자 개별,1
bakery,qwen3,5132010,2,상자 개별 포장,1
bakery,qwen3,5132010,2,개별 포장 쿠키,1
bakery,qwen3,5132010,2,포장 쿠키 들다,1
bakery,qwen3,5132010,2,쿠키 들다 투명,1
bakery,qwen3,5132010,2,들다 투명 플라스틱,1
bakery,qwen3,5132010,2,투명 플라스틱 트레이,1
bakery,qwen3,5132010,2,플라스틱 트레이 구성,1
bakery,qwen3,5138995,1,황금빛 갈색 껍질,1
bakery,qwen3,5138995,1,갈색 껍질 띠다,1
bakery,qwen3,5138995,1,껍질 띠다 희다,1
bakery,qwen3,5138995,1,띠다 희다 덩이,1
bakery,qwen3,5138995,1,희다 덩이 희다,1
bakery,qwen3,5138995,1,덩이 희다 식탁보,1
bakery,qwen3,5138995,1,희다 식탁보 적히다,1
bakery,qwen3,5138995,1,식탁보 적히다 미니멀,1
bakery,qwen3,5138995,1,적히다 미니멀 흰색,1
bakery,qwen3,5138995,1,미니멀 흰색 상자,1
bakery,qwen3,5138995,1,흰색 상자 기공,1
bakery,qwen3,5138995,1,상자 기공 많다,1
bakery,qwen3,5138995,1,기공 많다 식감,1
bakery,qwen3,5138995,1,많다 식감 지니다,1
bakery,qwen3,5138995,1,식감 지니다 껍질,1
bakery,qwen3,5138995,1,지니다 껍질 작다,1
bakery,qwen3,5138995,1,껍질 작다 로고,1
bakery,qwen3,5138995,1,작다 로고 새기다,1
bakery,qwen3,5138995,2,황금빛 갈색 껍질,1
bakery,qwen3,5138995,2,갈색 껍질 희다,1
bakery,qwen3,5138995,2,껍질 희다 덩어리,1
bakery,qwen3,5138995,2,희다 덩어리 조각,1
bakery,qwen3,5138995,2,덩어리 조각 잘리다,1
bakery,qwen3,5138995,2,조각 잘리다 나무,1
bakery,qwen3,5138995,2,잘리다 나무 도마,1
bakery,qwen3,5138995,2,나무 도마 기공,1
bakery,qwen3,5138995,2,도마 기공 많다,1
bakery,qwen3,5138995,2,기공 많다 질감,1
bakery,qwen3,5138995,2,많다 질감 띠다,1
bakery,qwen3,5138995,2,질감 띠다 회색,1
bakery,qwen3,1000128336,1,금빛 갈색 껍질,1
bakery,qwen3,1000128336,1,갈색 껍질 잘다,1
bakery,qwen3,1000128336,1,껍질 잘다 썰다,1
bakery,qwen3,1000128336,1,잘다 썰다 호두,1
bakery,qwen3,1000128336,1,썰다 호두 듬뿍,1
bakery,qwen3,1000128336,1,호두 듬뿍 들어가다,1
bakery,qwen3,1000128336,1,듬뿍 들어가다 폭신폭신,1
bakery,qwen3,1000128336,1,들어가다 폭신폭신 속살,1
bakery,qwen3,1000128336,1,폭신폭신 속살 가지다,1
bakery,qwen3,1000128336,1,속살 가지다 덩이,1
bakery,qwen3,1000128336,1,가지다 덩이 체크,1
bakery,qwen3,1000128336,1,덩이 체크 무늬,1
bakery,qwen3,1000128336,1,체크 무늬 식탁보,1
bakery,qwen3,1000128336,2,황금빛 갈색 껍질,1
bakery,qwen3,1000128336,2,갈색 껍질 폭신폭신,1
bakery,qwen3,1000128336,2,껍질 폭신폭신 속살,1
bakery,qwen3,1000128336,2,폭신폭신 속살 호두,1
bakery,qwen3,1000128336,2,속살 호두 듬뿍,1
bakery,qwen3,1000128336,2,호두 듬뿍 박히다,1
bakery,qwen3,1000128336,2,듬뿍 박히다 정성,1
bakery,qwen3,1000128336,2,박히다 정성 만들다,1
bakery,qwen3,1000128336,2,정성 만들다 수제,1
bakery,qwen3,1000128336,2,만들다 수제 덩어리,1
bakery,qwen3,1000128336,2,수제 덩어리 썰다,1
bakery,qwen3,1000128336,2,덩어리 썰다 서다,1
bakery,qwen3,1000128336,2,썰다 서다 체크,1
bakery,qwen3,1000128336,2,서다 체크 무늬,1
bakery,qwen3,1000128336,2,체크 무늬 식탁보,1
bakery,qwen3,1000196053,1,갈라지다 겉면 황금빛,1
bakery,qwen3,1000196053,1,겉면 황금빛 갈색,1
bakery,qwen3,1000196053,1,황금빛 갈색 속살,1
bakery,qwen3,1000196053,1,갈색 속살 가지다,1
bakery,qwen3,1000196053,1,속살 가지다 타원,1
bakery,qwen3,1000196053,1,가지다 타원 덩어리,1
bakery,qwen3,1000196053,1,타원 덩어리 나무,1
bakery,qwen3,1000196053,1,덩어리 나무 도마,1
bakery,qwen3,1000196053,1,나무 도마 유사,1
bakery,qwen3,1000196053,2,황금빛 갈색 껍질,1
bakery,qwen3,1000196053,2,갈색 껍질 띠다,1
bakery,qwen3,1000196053,2,껍질 띠다 수제,1
bakery,qwen3,1000196053,2,띠다 수제 조각,1
bakery,qwen3,1000196053,2,수제 조각 클로즈업,1
bakery,qwen3,1000196053,2,조각 클로즈업 자르다,1
bakery,qwen3,1000196053,2,클로즈업 자르다 녹색,1
bakery,qwen3,1000196053,2,자르다 녹색 올리브,1
bakery,qwen3,1000196053,2,녹색 올리브 가득,1
bakery,qwen3,1000196053,2,올리브 가득 들다,1
bakery,qwen3,1000196053,2,가득 들다 폭신폭신,1
bakery,qwen3,1000196053,2,들다 폭신폭신 드러나다,1
bakery,qwen3,1000217187,1,타원 황금빛 갈색,1
bakery,qwen3,1000217187,1,황금빛 갈색 둥글다,1
bakery,qwen3,1000217187,1,갈색 둥글다 밝다,1
bakery,qwen3,1000217187,1,둥글다 밝다 같다,1
bakery,qwen3,1000217187,1,밝다 같다 들다,1
bakery,qwen3,1000217187,1,같다 들다 투명,1
bakery,qwen3,1000217187,1,들다 투명 비닐,1
bakery,qwen3,1000217187,1,투명 비닐 봉지,1
bakery,qwen3,1000217187,2,황금빛 갈색 띠다,1
bakery,qwen3,1000217187,2,갈색 띠다 보이다,1
bakery,qwen3,1000217187,2,띠다 보이다 갈라지다,1
bakery,qwen3,1000217187,2,보이다 갈라지다 폭신폭신,1
bakery,qwen3,1000217187,2,갈라지다 폭신폭신 모습,1
bakery,qwen3,1000217187,2,폭신폭신 모습 드러나다,1
bakery,qwen3,1000220024,1,황금빛 갈색 잘리다,1
bakery,qwen3,1000220024,1,갈색 잘리다 녹다,1
bakery,qwen3,1000220024,1,잘리다 녹다 내리다,1
bakery,qwen3,1000220024,1,녹다 내리다 치즈,1
bakery,qwen3,1000220024,1,내리다 치즈 채우다,1
bakery,qwen3,1000220024,1,치즈 채우다 모습,1
bakery,qwen3,1000220024,1,채우다 모습 드러나다,1
bakery,qwen3,1000220024,2,황금빛 갈색 6,1
bakery,qwen3,1000220024,2,갈색 6 잘리다,1
bakery,qwen3,1000220024,2,6 잘리다 녹다,1
bakery,qwen3,1000220024,2,잘리다 녹다 내리다,1
bakery,qwen3,1000220024,2,녹다 내리다 치즈,1
bakery,qwen3,1000220024,2,내리다 치즈 채우다,1
bakery,qwen3,1000220024,2,치즈 채우다 보이다,1
bakery,qwen3,1000220024,2,채우다 보이다 유산지,1
bakery,qwen3,1000220024,2,보이다 유산지 기공,1
bakery,qwen3,1000220024,2,유산지 기공 많다,1
bakery,qwen3,1000220024,2,기공 많다 질감,1
bakery,qwen3,1000220024,2,많다 질감 띄다,1
bakery,qwen3,1000229955,1,뚜껑 파스텔 그림,1
bakery,qwen3,1000229955,1,파스텔 그림 그리다,1
bakery,qwen3,1000229955,1,그림 그리다 쿠키,1
bakery,qwen3,1000229955,1,그리다 쿠키 상자,1
bakery,qwen3,1000229955,1,쿠키 상자 열다,1
bakery,qwen3,1000229955,1,상자 열다 검은색,1
bakery,qwen3,1000229955,1,열다 검은색 쟁반,1
bakery,qwen3,1000229955,1,검은색 쟁반 개별,1
bakery,qwen3,1000229955,1,쟁반 개별 포장,1
bakery,qwen3,1000229955,1,개별 포장 쿠키,1
bakery,qwen3,1000229955,1,포장 쿠키 9,1
bakery,qwen3,1000229955,2,브랜드 9 혼합,1
bakery,qwen3,1000229955,2,9 혼합 쿠키,1
bakery,qwen3,1000229955,2,혼합 쿠키 상자,1
bakery,qwen3,1000229955,2,쿠키 상자 연하다,1
bakery,qwen3,1000229955,2,상자 연하다 베이지,1
bakery,qwen3,1000229955,2,연하다 베이지 상자,1
bakery,qwen3,1000229955,2,베이지 상자 열리다,1
bakery,qwen3,1000229955,2,상자 열리다 뚜껑,1
bakery,qwen3,1000229955,2,열리다 뚜껑 쿠키,1
bakery,qwen3,1000229955,2,뚜껑 쿠키 투명,1
bakery,qwen3,1000229955,2,쿠키 투명 비닐,1
bakery,qwen3,1000229955,2,투명 비닐 개별,1
bakery,qwen3,1000229955,2,비닐 개별 포장,1
bakery,qwen3,1000229955,2,개별 포장 둥글다,1
bakery,qwen3,1000229955,2,포장 둥글다 모양,1
bakery,qwen3,1000229955,2,둥글다 모양 사각,1
bakery,qwen3,1000229955,2,모양 사각 체크,1
bakery,qwen3,1000229955,2,사각 체크 무늬,1
bakery,qwen3,1000229955,2,체크 무늬 다양,1
bakery,qwen3,1000229955,2,무늬 다양 모양,1
bakery,qwen3,1000229955,2,다양 모양 색상,1
bakery,qwen3,1000229955,2,모양 색상 띠다,1
bakery,qwen3,1000234669,1,밝다 회색 필라델피아,1
bakery,qwen3,1000234669,1,회색 필라델피아 오리지널,1
bakery,qwen3,1000234669,1,필라델피아 오리지널 크림,1
bakery,qwen3,1000234669,1,오리지널 크림 치즈,1
bakery,qwen3,1000234669,1,크림 치즈 용기,1
bakery,qwen3,1000234669,1,치즈 용기 뚜껑,1
bakery,qwen3,1000234669,1,용기 뚜껑 열리다,1
bakery,qwen3,1000234669,1,뚜껑 열리다 상태,1
bakery,qwen3,1000234669,2,크리미 흰색 스프레드,1
bakery,qwen3,1000234669,2,흰색 스프레드 소용돌이,1
bakery,qwen3,1000234669,2,스프레드 소용돌이 모양,1
bakery,qwen3,1000234669,2,소용돌이 모양 보이다,1
bakery,qwen3,1000234669,2,모양 보이다 필라델피아,1
bakery,qwen3,1000234669,2,보이다 필라델피아 오리지널,1
bakery,qwen3,1000234669,2,필라델피아 오리지널 프레시,1
bakery,qwen3,1000234669,2,오리지널 프레시 크리미,1
bakery,qwen3,1000234669,2,프레시 크리미 토핑,1
bakery,qwen3,1000234669,2,크리미 토핑 용기,1
bakery,qwen3,1000234669,2,토핑 용기 밝다,1
bakery,qwen3,1000234669,2,용기 밝다 색상,1
bakery,qwen3,1000234669,2,밝다 색상 표면,1
bakery,qwen3,1000234669,2,색상 표면 뚜껑,1
bakery,qwen3,1000234669,2,표면 뚜껑 열다,1
bakery,qwen3,1000234669,2,뚜껑 열다 밀봉,1
bakery,qwen3,1000234669,2,열다 밀봉 뚜껑,1
bakery,qwen3,1000321559,1,땅콩 버터 타입,1
bakery,qwen3,1000321559,1,버터 타입 바삭,1
bakery,qwen3,1000321559,1,타입 바삭 타입,1
bakery,qwen3,1000321559,1,바삭 타입 회색,1
bakery,qwen3,1000321559,1,타입 회색 땅콩,1
bakery,qwen3,1000321559,1,회색 땅콩 버터,1
bakery,qwen3,1000321559,1,땅콩 버터 담다,1
bakery,qwen3,1000321559,1,버터 담다 라벨,1
bakery,qwen3,1000321559,1,담다 라벨 한국어,1
bakery,qwen3,1000321559,1,라벨 한국어 영어,1
bakery,qwen3,1000321559,1,한국어 영어 되다,1
bakery,qwen3,1000321559,2,연하다 갈색 소스,1
bakery,qwen3,1000321559,2,갈색 소스 아마도,1
bakery,qwen3,1000321559,2,소스 아마도 땅콩,1
bakery,qwen3,1000321559,2,아마도 땅콩 소스,1
bakery,qwen3,1000321559,2,땅콩 소스 가득,1
bakery,qwen3,1000321559,2,소스 가득 담기다,1
bakery,qwen3,1000321559,2,가득 담기다 흰색,1
bakery,qwen3,1000321559,2,담기다 흰색 띄다,1
bakery,qwen3,1000321559,2,흰색 띄다 땅콩,1
bakery,qwen3,1000321559,2,띄다 땅콩 조각,1
bakery,qwen3,1000321559,2,땅콩 조각 흩어지다,1
bakery,qwen3,1000321559,2,조각 흩어지다 회색,1
bakery,qwen3,1000321559,2,흩어지다 회색 질감,1
bakery,qwen3,1000321559,2,회색 질감 느끼다,1
bakery,qwen3,1000321559,2,질감 느끼다 표면,1
bakery,qwen3,1000352096,1,500 파스키 슬라이스,1
bakery,qwen3,1000352096,1,파스키 슬라이스 브리오슈,1
bakery,qwen3,1000352096,1,슬라이스 브리오슈 조각,1
bakery,qwen3,1000352096,1,브리오슈 조각 담기다,1
bakery,qwen3,1000352096,1,조각 담기다 흰색,1
bakery,qwen3,1000352096,1,담기다 흰색 하늘색,1
bakery,qwen3,1000352096,2,노릇노릇 보이다 브리오슈,1
bakery,qwen3,1000352096,2,보이다 브리오슈 조각,1
bakery,qwen3,1000352096,2,브리오슈 조각 연하다,1
bakery,qwen3,1000352096,2,조각 연하다 파란색,1
bakery,qwen3,1000352096,2,연하다 파란색 파란색,1
bakery,qwen3,1000352096,2,파란색 파란색 노란색,1
bakery,qwen3,1000352096,2,파란색 노란색 포장지,1
bakery,qwen3,1000400055,1,문구 적히다 파란색,1
bakery,qwen3,1000400055,1,적히다 파란색 상자,1
bakery,qwen3,1000400055,1,파란색 상자 작다,1
bakery,qwen3,1000400055,1,상자 작다 파란색,1
bakery,qwen3,1000400055,1,작다 파란색 봉지,1
bakery,qwen3,1000400055,1,파란색 봉지 밝다,1
bakery,qwen3,1000400055,1,봉지 밝다 회색,1
bakery,qwen3,1000400055,1,밝다 회색 마카롱,1
bakery,qwen3,1000400055,1,회색 마카롱 제품,1
bakery,qwen3,1000400055,1,마카롱 제품 알록달록,1
bakery,qwen3,1000400055,1,제품 알록달록 마카롱,1
bakery,qwen3,1000400055,1,알록달록 마카롱 담기다,1
bakery,qwen3,1000400055,1,마카롱 담기다 마카롱,1
bakery,qwen3,1000400055,1,담기다 마카롱 담기다,1
bakery,qwen3,1000400055,1,마카롱 담기다 흰색,1
bakery,qwen3,1000400055,1,담기다 흰색 함께,1
bakery,qwen3,1000400055,1,흰색 함께 보이다,1
bakery,qwen3,1000400055,2,마카롱 자르다 녹색,1
bakery,qwen3,1000400055,2,자르다 녹색 초콜릿,1
bakery,qwen3,1000400055,2,녹색 초콜릿 드러나다,1
bakery,qwen3,1000400055,2,초콜릿 드러나다 노란색,1
bakery,qwen3,1000400055,2,드러나다 노란색 마카롱,1
bakery,qwen3,1000400055,2,노란색 마카롱 흰색,1
bakery,qwen3,1000400055,2,마카롱 흰색 아이싱,1
bakery,qwen3,1000400055,2,흰색 아이싱 초콜릿,1
bakery,qwen3,1000400055,2,아이싱 초콜릿 얹다,1
bakery,qwen3,1000400055,2,초콜릿 얹다 분홍색,1
bakery,qwen3,1000400055,2,얹다 분홍색 마카롱,1
bakery,qwen3,1000400055,2,분홍색 마카롱 그리고,1
bakery,qwen3,1000400055,2,마카롱 그리고 흰색,1
bakery,qwen3,1000400055,2,그리고 흰색 크림,1
bakery,qwen3,1000400055,2,흰색 크림 들어가다,1
bakery,qwen3,1000400055,2,크림 들어가다 녹색,1
bakery,qwen3,1000400055,2,들어가다 녹색 마카롱,1
bakery,qwen3,1000400055,2,녹색 마카롱 함께,1
bakery,qwen3,1000447291,1,황금빛 껍질 감도,1
bakery,qwen3,1000447291,1,껍질 감도 희다,1
bakery,qwen3,1000447291,1,감도 희다 덩이,1
bakery,qwen3,1000447291,1,희다 덩이 비닐,1
bakery,qwen3,1000447291,1,덩이 비닐 싸이다,1
bakery,qwen3,1000447291,1,비닐 싸이다 나무,1
bakery,qwen3,1000447291,1,싸이다 나무 도마,1
bakery,qwen3,1000447291,1,나무 도마 조각,1
bakery,qwen3,1000447291,1,도마 조각 쌓이다,1
bakery,qwen3,1000447291,1,조각 쌓이다 조각,1
bakery,qwen3,1000447291,1,쌓이다 조각 희다,1
bakery,qwen3,1000447291,1,조각 희다 식탁보,1
bakery,qwen3,1000447291,1,희다 식탁보 우유,1
bakery,qwen3,1000447291,2,나무 도마 희다,1
bakery,qwen3,1000447291,2,도마 희다 조각,1
bakery,qwen3,1000447291,2,희다 조각 쌓이다,1
bakery,qwen3,1000447291,2,조각 쌓이다 조각,1
bakery,qwen3,1000447291,2,쌓이다 조각 자르다,1
bakery,qwen3,1000447291,2,조각 자르다 희다,1
bakery,qwen3,1000447291,2,자르다 희다 식탁보,1
bakery,qwen3,1000447291,2,희다 식탁보 우유,1
bakery,qwen3,1000528793,1,나무 쟁반 개별,1
bakery,qwen3,1000528793,1,쟁반 개별 포장,1
bakery,qwen3,1000528793,1,개별 포장 베이글,1
bakery,qwen3,1000528793,1,포장 베이글 포장지,1
bakery,qwen3,1000528793,1,베이글 포장지 만화,1
bakery,qwen3,1000528793,1,포장지 만화 캐릭터,1
bakery,qwen3,1000528793,1,만화 캐릭터 얼굴,1
bakery,qwen3,1000528793,1,캐릭터 얼굴 그리다,1
bakery,qwen3,1000528793,1,얼굴 그리다 같다,1
bakery,qwen3,1000528793,1,그리다 같다 로고,1
bakery,qwen3,1000528793,1,같다 로고 새기다,1
bakery,qwen3,1000528793,1,로고 새기다 노란색,1
bakery,qwen3,1000528793,1,새기다 노란색 종이,1
bakery,qwen3,1000528793,1,노란색 종이 봉투,1
bakery,qwen3,1000528793,1,종이 봉투 함께,1
bakery,qwen3,1000528793,1,봉투 함께 배경,1
bakery,qwen3,1000528793,1,함께 배경 밝다,1
bakery,qwen3,1000528793,1,배경 밝다 색상,1
bakery,qwen3,1000528793,1,밝다 색상 베이글,1
bakery,qwen3,1000528793,1,색상 베이글 일부,1
bakery,qwen3,1000528793,1,베이글 일부 잘리다,1
bakery,qwen3,1000528793,2,베이글 일부 통째,1
bakery,qwen3,1000528793,2,일부 통째 일부,1
bakery,qwen3,1000528793,2,통째 일부 썰다,1
bakery,qwen3,1000528793,2,일부 썰다 상태,1
bakery,qwen3,1000528793,2,썰다 상태 포장지,1
bakery,qwen3,1000528793,2,상태 포장지 만화,1
bakery,qwen3,1000528793,2,포장지 만화 캐릭터,1
bakery,qwen3,1000528793,2,만화 캐릭터 얼굴,1
bakery,qwen3,1000528793,2,캐릭터 얼굴 그리다,1
bakery,qwen3,1000634077,1,흰색 다양 종류,1
bakery,qwen3,1000634077,1,다양 종류 도넛,1
bakery,qwen3,1000634077,1,종류 도넛 5,1
bakery,qwen3,1000634077,1,도넛 5 작다,1
bakery,qwen3,1000634077,1,5 작다 케이크,1
bakery,qwen3,1000634077,1,작다 케이크 담기다,1
bakery,qwen3,1000634077,1,케이크 담기다 배경,1
bakery,qwen3,1000634077,1,담기다 배경 파도,1
bakery,qwen3,1000634077,1,배경 파도 항해,1
bakery,qwen3,1000634077,1,파도 항해 그리다,1
bakery,qwen3,1000634077,1,항해 그리다 일본화,1
bakery,qwen3,1000634077,1,그리다 일본화 스타일,1
bakery,qwen3,1000634077,1,일본화 스타일 그림,1
bakery,qwen3,1000634077,1,스타일 그림 상자,1
bakery,qwen3,1000634077,2,흰색 진열대 올리다,1
bakery,qwen3,1000634077,2,진열대 올리다 작다,1
bakery,qwen3,1000634077,2,올리다 작다 알록달록,1
bakery,qwen3,1000634077,2,작다 알록달록 케이크,1
bakery,qwen3,1000634077,2,알록달록 케이크 페이스트리,1
bakery,qwen3,1000634077,2,케이크 페이스트리 모음,1
bakery,qwen3,1000634077,2,페이스트리 모음 초콜릿,1
bakery,qwen3,1000634077,2,모음 초콜릿 코코넛,1
bakery,qwen3,1000634077,2,초콜릿 코코넛 과일,1
bakery,qwen3,1000634077,2,코코넛 과일 글레이즈,1
bakery,qwen3,1000634077,2,과일 글레이즈 다양,1
bakery,qwen3,1000634077,2,글레이즈 다양 토핑,1
bakery,qwen3,1000634077,2,다양 토핑 곁들이다,1
bakery,qwen3,1000635372,1,나무 쟁반 피스타치오,1
bakery,qwen3,1000635372,1,쟁반 피스타치오 버터,1
bakery,qwen3,1000635372,1,피스타치오 버터 담기다,1
bakery,qwen3,1000635372,1,버터 담기다 크다,1
bakery,qwen3,1000635372,1,담기다 크다 작다,1
bakery,qwen3,1000635372,1,크다 작다 스프레드,1
bakery,qwen3,1000635372,1,작다 스프레드 담기다,1
bakery,qwen3,1000635372,1,스프레드 담기다 작다,1
bakery,qwen3,1000635372,1,담기다 작다 나무,1
bakery,qwen3,1000635372,1,작다 나무 손잡이,1
bakery,qwen3,1000635372,1,나무 손잡이 달리다,1
bakery,qwen3,1000635372,1,손잡이 달리다 초록색,1
bakery,qwen3,1000635372,2,연두색 식탁보 피스타치오,1
bakery,qwen3,1000635372,2,식탁보 피스타치오 견과,1
bakery,qwen3,1000635372,2,피스타치오 견과 주재료,1
bakery,qwen3,1000635372,2,견과 주재료 하다,1
bakery,qwen3,1000635372,2,주재료 하다 보이다,1
bakery,qwen3,1000635372,2,하다 보이다 황록색,1
bakery,qwen3,1000635372,2,보이다 황록색 띠다,1
bakery,qwen3,1000635372,2,황록색 띠다 가득,1
bakery,qwen3,1000635372,2,띠다 가득 담기다,1
bakery,qwen3,1000635372,2,가득 담기다 흰색,1
bakery,qwen3,1000635372,2,담기다 흰색 주변,1
bakery,qwen3,1000635372,2,흰색 주변 통째,1
bakery,qwen3,1000635372,2,주변 통째 되다,1
bakery,qwen3,1000635372,2,통째 되다 피스타치오,1
bakery,qwen3,1000635372,2,되다 피스타치오 껍질,1
bakery,qwen3,1000635372,2,피스타치오 껍질 깨지다,1
bakery,qwen3,1000635372,2,껍질 깨지다 피스타치오,1
bakery,qwen3,1000635372,2,깨지다 피스타치오 흩어지다,1
bakery,qwen3,1000635372,2,피스타치오 흩어지다 고소하다,1
bakery,qwen3,1000635372,2,흩어지다 고소하다 견과,1
bakery,qwen3,1000635372,2,고소하다 견과 느끼다,1
bakery,qwen3,1000637683,1,피넛 버터 오리지널,1
bakery,qwen3,1000637683,1,버터 오리지널 적히다,1
bakery,qwen3,1000637683,1,오리지널 적히다 피넛,1
bakery,qwen3,1000637683,1,적히다 피넛 버터,2
bakery,qwen3,1000637683,1,피넛 버터 크런치,1
bakery,qwen3,1000637683,1,버터 크런치 적히다,1
bakery,qwen3,1000637683,1,크런치 적히다 피넛,1
bakery,qwen3,1000637683,1,피넛 버터 베이지,1
bakery,qwen3,1000637683,1,버터 베이지 피넛,1
bakery,qwen3,1000637683,1,베이지 피넛 버터,1
bakery,qwen3,1000637683,1,피넛 버터 숟가락,1
bakery,qwen3,1000637683,1,버터 숟가락 함께,1
bakery,qwen3,1000637683,1,숟가락 함께 진열,1
bakery,qwen3,1000637683,1,함께 진열 적히다,1
bakery,qwen3,1000637683,1,진열 적히다 땅콩,1
bakery,qwen3,1000637683,1,적히다 땅콩 그림,1
bakery,qwen3,1000637683,1,땅콩 그림 그리다,1
bakery,qwen3,1000637683,2,땅콩 버터 담기다,1
bakery,qwen3,1000637683,2,버터 담기다 흰색,1
bakery,qwen3,1000637683,2,담기다 흰색 베이지,1
bakery,qwen3,1000637683,2,흰색 베이지 탁자,1
bakery,qwen3,1000637683,2,베이지 탁자 덩어리,1
bakery,qwen3,1000637683,2,탁자 덩어리 씹히다,1
bakery,qwen3,1000637683,2,덩어리 씹히다 종류,1
bakery,qwen3,1000637683,2,씹히다 종류 종류,1
bakery,qwen3,1000637683,2,종류 종류 종류,1
bakery,qwen3,1000637683,2,종류 종류 담기다,1
bakery,qwen3,1000637683,2,종류 담기다 나무,1
bakery,qwen3,1000637683,2,담기다 나무 숟가락,1
bakery,qwen3,1000637683,2,나무 숟가락 꽂히다,1
bakery,qwen3,1000659491,1,타원 황금빛 갈색,1
bakery,qwen3,1000659491,1,황금빛 갈색 베이글,1
bakery,qwen3,1000659491,1,갈색 베이글 연하다,1
bakery,qwen3,1000659491,1,베이글 연하다 녹색,1
bakery,qwen3,1000659491,1,연하다 녹색 배경,1
bakery,qwen3,1000659491,1,녹색 배경 베이글,1
bakery,qwen3,1000659491,1,배경 베이글 흩어지다,1
bakery,qwen3,1000659491,1,베이글 흩어지다 적히다,1
bakery,qwen3,1000659491,1,흩어지다 적히다 포장지,1
bakery,qwen3,1000659491,1,적히다 포장지 브랜드,1
bakery,qwen3,1000659491,1,포장지 브랜드 이름,1
bakery,qwen3,1000659491,1,브랜드 이름 베이글,1
bakery,qwen3,1000659491,1,이름 베이글 작다,1
bakery,qwen3,1000659491,1,베이글 작다 그리다,1
bakery,qwen3,1000659491,2,나무 도마 베이글,1
bakery,qwen3,1000659491,2,도마 베이글 통째,1
bakery,qwen3,1000659491,2,베이글 통째 갈라지다,1
bakery,qwen3,1000659491,2,통째 갈라지다 기공,1
bakery,qwen3,1000659491,2,갈라지다 기공 많다,1
bakery,qwen3,1000659491,2,기공 많다 드러나다,1
bakery,qwen3,1000659491,2,많다 드러나다 베이글,1
bakery,qwen3,1000659491,2,드러나다 베이글 짙다,1
bakery,qwen3,1000659491,2,베이글 짙다 보라색,1
bakery,qwen3,1000659491,2,짙다 보라색 들다,1
bakery,qwen3,1000659491,2,보라색 들다 아마,1
bakery,qwen3,1000659491,2,들다 아마 블루베리,1
bakery,qwen3,1000659491,2,아마 블루베리 황금빛,1
bakery,qwen3,1000659491,2,블루베리 황금빛 갈색,1
bakery,qwen3,1000659491,2,황금빛 갈색 껍질,1
bakery,qwen3,1000659491,2,갈색 껍질 띠다,1
bakery,qwen3,1000659491,2,껍질 띠다 베이글,1
bakery,qwen3,1000659491,2,띠다 베이글 연하다,1
bakery,qwen3,1000659491,2,베이글 연하다 녹색,1
bakery,qwen3,1000659491,2,연하다 녹색 배경,1
bakery,qwen3,1000794499,1,황금빛 노란색 케이크,1
bakery,qwen3,1000794499,1,노란색 케이크 본체,1
bakery,qwen3,1000794499,1,케이크 본체 갈색,1
bakery,qwen3,1000794499,1,본체 갈색 토핑,1
bakery,qwen3,1000794499,1,갈색 토핑 올라가다,1
bakery,qwen3,1000794499,1,토핑 올라가다 직사각형,1
bakery,qwen3,1000794499,1,올라가다 직사각형 케이크,1
bakery,qwen3,1000794499,1,직사각형 케이크 작다,1
bakery,qwen3,1000794499,1,케이크 작다 직사각,1
bakery,qwen3,1000794499,1,작다 직사각 담기다,1
bakery,qwen3,1000794499,1,직사각 담기다 케이크,1
bakery,qwen3,1000794499,1,담기다 케이크 나무,1
bakery,qwen3,1000794499,1,케이크 나무 포크,1
bakery,qwen3,1000794499,1,나무 포크 배경,1
bakery,qwen3,1000794499,1,포크 배경 녹색,1
bakery,qwen3,1000794499,1,배경 녹색 상자,1
bakery,qwen3,1000794499,1,녹색 상자 노란색,1
bakery,qwen3,1000794499,1,상자 노란색 상자,1
bakery,qwen3,1000794499,1,노란색 상자 상자,1
bakery,qwen3,1000794499,1,상자 상자 모두,1
bakery,qwen3,1000794499,1,상자 모두 한국어,1
bakery,qwen3,1000794499,1,모두 한국어 문구,1
bakery,qwen3,1000794499,1,한국어 문구 로고,1
bakery,qwen3,1000794499,1,문구 로고 적히다,1
bakery,qwen3,1000794499,2,담기다 직사각형 자르다,1
bakery,qwen3,1000794499,2,직사각형 자르다 녹차,1
bakery,qwen3,1000794499,2,자르다 녹차 케이크,1
bakery,qwen3,1000794499,2,녹차 케이크 클로즈업,1
bakery,qwen3,1000794499,2,케이크 클로즈업 케이크,1
bakery,qwen3,1000794499,2,클로즈업 케이크 전체,1
bakery,qwen3,1000794499,2,케이크 전체 담기다,1
bakery,qwen3,1000794499,2,전체 담기다 희다,1
bakery,qwen3,1000794499,2,담기다 희다 나무,1
bakery,qwen3,1000794499,2,희다 나무 포크,1
bakery,qwen3,1000794499,2,나무 포크 함께,1
bakery,qwen3,1000794499,2,포크 함께 조각,1
bakery,qwen3,1000794499,2,함께 조각 케이크,1
bakery,qwen3,1000794499,2,조각 케이크 겉면,1
bakery,qwen3,1000794499,2,케이크 겉면 황금빛,1
bakery,qwen3,1000794499,2,겉면 황금빛 갈색,1
bakery,qwen3,1000794499,2,황금빛 갈색 띠다,1
bakery,qwen3,1000794499,2,갈색 띠다 연하다,1
bakery,qwen3,1000794499,2,띠다 연하다 녹색,1
bakery,qwen3,1000831954,1,흰색 가루 설탕,1
bakery,qwen3,1000831954,1,가루 설탕 살짝,1
bakery,qwen3,1000831954,1,설탕 살짝 뿌리다,1
bakery,qwen3,1000831954,1,살짝 뿌리다 둥글다,1
bakery,qwen3,1000831954,1,뿌리다 둥글다 검다,1
bakery,qwen3,1000831954,1,둥글다 검다 올리브,1
bakery,qwen3,1000831954,1,검다 올리브 들어가다,1
bakery,qwen3,1000831954,1,올리브 들어가다 직사각형,1
bakery,qwen3,1000831954,1,들어가다 직사각형 치즈,1
bakery,qwen3,1000831954,1,직사각형 치즈 토핑,1
bakery,qwen3,1000831954,1,치즈 토핑 올라가다,1
bakery,qwen3,1000831954,1,토핑 올라가다 황금빛,1
bakery,qwen3,1000831954,1,올라가다 황금빛 갈색,1
bakery,qwen3,1000831954,1,황금빛 갈색 페이스트리,1
bakery,qwen3,1000831954,1,갈색 페이스트리 다양,1
bakery,qwen3,1000831954,1,페이스트리 다양 종류,1
bakery,qwen3,1000831954,1,다양 종류 제과,1
bakery,qwen3,1000831954,1,종류 제과 중성,1
bakery,qwen3,1000831954,1,제과 중성 배경,1
bakery,qwen3,1000831954,1,중성 배경 진열,1
bakery,qwen3,1000831954,2,각각 재료 얹다,1
bakery,qwen3,1000831954,2,재료 얹다 조각,1
bakery,qwen3,1000831954,2,얹다 조각 조각,1
bakery,qwen3,1000831954,2,조각 조각 검다,1
bakery,qwen3,1000831954,2,조각 검다 올리브,1
bakery,qwen3,1000831954,2,검다 올리브 녹다,1
bakery,qwen3,1000831954,2,올리브 녹다 치즈,1
bakery,qwen3,1000831954,2,녹다 치즈 조각,1
bakery,qwen3,1000831954,2,치즈 조각 호박,1
bakery,qwen3,1000831954,2,조각 호박 들어가다,1
bakery,qwen3,1000831954,2,호박 들어가다 크림,1
bakery,qwen3,1000831954,2,들어가다 크림 같다,1
bakery,qwen3,1000831954,2,크림 같다 재료,2
bakery,qwen3,1000831954,2,같다 재료 그리고,1
bakery,qwen3,1000831954,2,재료 그리고 조각,1
bakery,qwen3,1000831954,2,그리고 조각 허브,1
bakery,qwen3,1000831954,2,조각 허브 나다,1
bakery,qwen3,1000831954,2,허브 나다 크림,1
bakery,qwen3,1000831954,2,나다 크림 같다,1
bakery,qwen3,1000831954,2,같다 재료 얹히다,1
bakery,qwen3,1000870987,1,빨간색 분홍색 상자,1
bakery,qwen3,1000870987,1,분홍색 상자 담기다,1
bakery,qwen3,1000870987,1,상자 담기다 하트,1
bakery,qwen3,1000870987,1,담기다 하트 모양,1
bakery,qwen3,1000870987,1,하트 모양 디저트,1
bakery,qwen3,1000870987,1,모양 디저트 크림,1
bakery,qwen3,1000870987,1,디저트 크림 같다,1
bakery,qwen3,1000870987,1,크림 같다 잘다,1
bakery,qwen3,1000870987,1,같다 잘다 썰다,1
bakery,qwen3,1000870987,1,잘다 썰다 피스타치오,1
bakery,qwen3,1000870987,1,썰다 피스타치오 들다,1
bakery,qwen3,1000870987,1,피스타치오 들다 빨간색,1
bakery,qwen3,1000870987,1,들다 빨간색 배경,1
bakery,qwen3,1000870987,2,빨간색 테마 하다,1
bakery,qwen3,1000870987,2,테마 하다 디저트,1
bakery,qwen3,1000870987,2,하다 디저트 진열대,1
bakery,qwen3,1000870987,2,디저트 진열대 하트,1
bakery,qwen3,1000870987,2,진열대 하트 모양,1
bakery,qwen3,1000870987,2,하트 모양 하트,1
bakery,qwen3,1000870987,2,모양 하트 티라미수,1
bakery,qwen3,1000870987,2,하트 티라미수 뚜껑,1
bakery,qwen3,1000870987,2,티라미수 뚜껑 열리다,1
bakery,qwen3,1000870987,2,뚜껑 열리다 코코아,1
bakery,qwen3,1000870987,2,열리다 코코아 가루,1
bakery,qwen3,1000870987,2,코코아 가루 숟가락,1
bakery,qwen3,1000870987,2,가루 숟가락 얹다,1
bakery,qwen3,1000870987,2,숟가락 얹다 초콜릿,1
bakery,qwen3,1000870987,2,얹다 초콜릿 검다,1
bakery,qwen3,1000870987,2,초콜릿 검다 얹다,1
bakery,qwen3,1000870987,2,검다 얹다 크림,1
bakery,qwen3,1000870987,2,얹다 크림 버전,1
bakery,qwen3,1000870987,2,크림 버전 피스타치오,1
bakery,qwen3,1000870987,2,버전 피스타치오 얹다,1
bakery,qwen3,1000870987,2,피스타치오 얹다 노란색,1
bakery,qwen3,1000870987,2,얹다 노란색 버전,1
bakery,qwen3,1000870987,2,노란색 버전 담기다,1
bakery,qwen3,1000870987,2,버전 담기다 빨간색,1
bakery,qwen3,1000870987,2,담기다 빨간색 배경,1
bakery,qwen3,1000870987,2,빨간색 배경 배경,1
bakery,qwen3,1000870987,2,배경 배경 흰색,1
bakery,qwen3,1000870987,2,배경 흰색 받침대,1
bakery,qwen3,1000870987,2,흰색 받침대 진열,1
bakery,qwen3,1000870987,2,받침대 진열 적히다,1
bakery,qwen3,1000870987,2,진열 적히다 풍선,1
bakery,qwen3,1000870987,2,적히다 풍선 뜨다,1
bakery,qwen3,1000894225,1,황금빛 갈색 껍질,1
bakery,qwen3,1000894225,1,갈색 껍질 돋보이다,1
bakery,qwen3,1000894225,1,껍질 돋보이다 희다,1
bakery,qwen3,1000894225,1,돋보이다 희다 덩어리,1
bakery,qwen3,1000894225,1,희다 덩어리 얇다,1
bakery,qwen3,1000894225,1,덩어리 얇다 썰다,1
bakery,qwen3,1000894225,1,얇다 썰다 나무,1
bakery,qwen3,1000894225,1,썰다 나무 도마,1
bakery,qwen3,1000894225,1,나무 도마 배경,1
bakery,qwen3,1000894225,1,도마 배경 포장지,1
bakery,qwen3,1000894225,1,배경 포장지 보이다,1
bakery,qwen3,1000894225,2,나무 도마 얇다,1
bakery,qwen3,1000894225,2,도마 얇다 썰다,1
bakery,qwen3,1000894225,2,얇다 썰다 희다,1
bakery,qwen3,1000894225,2,썰다 희다 덩이,1
bakery,qwen3,1000894225,2,희다 덩이 조각,1
bakery,qwen3,1000894225,2,덩이 조각 일렬,1
bakery,qwen3,1000894225,2,조각 일렬 가지런히,1
bakery,qwen3,1000894225,2,일렬 가지런히 정렬,1
bakery,qwen3,1000894225,2,가지런히 정렬 황금빛,1
bakery,qwen3,1000894225,2,정렬 황금빛 갈색,1
bakery,qwen3,1000894225,2,황금빛 갈색 겉면,1
bakery,qwen3,1000894225,2,갈색 겉면 기공,1
bakery,qwen3,1000894225,2,겉면 기공 많다,1
bakery,qwen3,1000894225,2,기공 많다 가지다,1
bakery,qwen3,1001194675,1,밝다 회색 땅콩,1
bakery,qwen3,1001194675,1,회색 땅콩 버터,1
bakery,qwen3,1001194675,1,땅콩 버터 같다,1
bakery,qwen3,1001194675,1,버터 같다 제품,1
bakery,qwen3,1001194675,1,같다 제품 진열,1
bakery,qwen3,1001194675,2,크리미 땅콩 버터,1
bakery,qwen3,1001194675,2,땅콩 버터 가득,1
bakery,qwen3,1001194675,2,버터 가득 담기다,1
bakery,qwen3,1001194675,2,가득 담기다 흰색,1
bakery,qwen3,1001194675,2,담기다 흰색 나무,1
bakery,qwen3,1001194675,2,흰색 나무 숟가락,1
bakery,qwen3,1001194675,2,나무 숟가락 꽂히다,1
bakery,qwen3,1001194675,2,숟가락 꽂히다 가다,1
bakery,qwen3,1001194675,2,꽂히다 가다 한국어,1
bakery,qwen3,1001194675,2,가다 한국어 적히다,1
bakery,qwen3,1001194675,2,한국어 적히다 땅콩,1
bakery,qwen3,1001194675,2,적히다 땅콩 버터,1
bakery,qwen3,1001194675,2,땅콩 버터 진열,1
bakery,qwen3,1001194675,2,버터 진열 땅콩,1
bakery,qwen3,1001194675,2,진열 땅콩 일러스트,1
bakery,qwen3,1001194675,2,땅콩 일러스트 100,1
bakery,qwen3,1001194675,2,일러스트 100 땅콩,1
bakery,qwen3,1001194675,2,100 땅콩 문구,1
bakery,qwen3,1001194675,2,땅콩 문구 표시,1
bakery,qwen3,1001385477,1,블루베리 사과 시나몬,1
bakery,qwen3,1001385477,1,사과 시나몬 라즈베리,1
bakery,qwen3,1001385477,1,시나몬 라즈베리 망고,1
bakery,qwen3,1001385477,1,라즈베리 망고 패션프루트,1
bakery,qwen3,1001385477,1,망고 패션프루트 로얄,1
bakery,qwen3,1001385477,1,패션프루트 로얄 6,1
bakery,qwen3,1001385477,1,로얄 6 가지,1
bakery,qwen3,1001385477,1,6 가지 세인트,1
bakery,qwen3,1001385477,1,가지 세인트 과일,1
bakery,qwen3,1001385477,1,세인트 과일 스프레드,1
bakery,qwen3,1001385477,1,과일 스프레드 밝다,1
bakery,qwen3,1001385477,1,스프레드 밝다 색상,1
bakery,qwen3,1001385477,1,밝다 색상 받침대,1
bakery,qwen3,1001385477,1,색상 받침대 진열,1
bakery,qwen3,1001385477,1,받침대 진열 전경,1
bakery,qwen3,1001385477,1,진열 전경 담기다,1
bakery,qwen3,1001385477,1,전경 담기다 작다,1
bakery,qwen3,1001385477,1,담기다 작다 나무,1
bakery,qwen3,1001385477,1,작다 나무 숟가락,1
bakery,qwen3,1001385477,2,블루베리 사과 시나몬,1
bakery,qwen3,1001385477,2,사과 시나몬 로얄,1
bakery,qwen3,1001385477,2,시나몬 로얄 망고,1
bakery,qwen3,1001385477,2,로얄 망고 패션프루트,1
bakery,qwen3,1001385477,2,망고 패션프루트 라즈베리,1
bakery,qwen3,1001385477,2,패션프루트 라즈베리 담기다,1
bakery,qwen3,1001385477,2,라즈베리 담기다 세인트,1
bakery,qwen3,1001385477,2,담기다 세인트 과일,1
bakery,qwen3,1001385477,2,세인트 과일 스프레드,1
bakery,qwen3,1001385477,2,과일 스프레드 유리병,1
bakery,qwen3,1001385477,2,스프레드 유리병 세트,1
bakery,qwen3,1001385477,2,유리병 세트 밝다,1
bakery,qwen3,1001385477,2,세트 밝다 배경,1
bakery,qwen3,1001385477,2,밝다 배경 진열,1
bakery,qwen3,1001385477,2,배경 진열 나무,1
bakery,qwen3,1001385477,2,진열 나무 숟가락,1
bakery,qwen3,1001385477,2,나무 숟가락 스프레드,1
bakery,qwen3,1001385477,2,숟가락 스프레드 담기다,1
bakery,qwen3,1001385477,2,스프레드 담기다 작다,1
bakery,qwen3,1001493094,1,회색 땅콩 버터,1
bakery,qwen3,1001493094,1,땅콩 버터 타입,1
bakery,qwen3,1001493094,1,버터 타입 바삭,1
bakery,qwen3,1001493094,1,타입 바삭 타입,1
bakery,qwen3,1001493094,1,바삭 타입 땅콩,1
bakery,qwen3,1001493094,1,타입 땅콩 버터,1
bakery,qwen3,1001493094,1,땅콩 버터 담다,1
bakery,qwen3,1001493094,1,버터 담다 진열,1
bakery,qwen3,1001493094,2,식물 땅콩 버터,1
bakery,qwen3,1001493094,2,땅콩 버터 타입,1
bakery,qwen3,1001493094,2,버터 타입 바삭,1
bakery,qwen3,1001493094,2,타입 바삭 타입,1
bakery,qwen3,1001493094,2,바삭 타입 회색,1
bakery,qwen3,1001493094,2,타입 회색 제품,1
bakery,qwen3,1001493094,2,회색 제품 함께,1
bakery,qwen3,1001493094,2,제품 함께 진열,1
bakery,qwen3,1001501168,1,아르티제 랑그 쿠키,1
bakery,qwen3,1001501168,1,랑그 쿠키 가지,1
bakery,qwen3,1001501168,1,쿠키 가지 밀크,1
bakery,qwen3,1001501168,1,가지 밀크 크림,1
bakery,qwen3,1001501168,1,밀크 크림 트다,1
bakery,qwen3,1001501168,1,크림 트다 카라멜,1
bakery,qwen3,1001501168,1,트다 카라멜 초콜릿,1
bakery,qwen3,1001501168,1,카라멜 초콜릿 밀크,1
bakery,qwen3,1001501168,1,초콜릿 밀크 초콜릿,1
bakery,qwen3,1001501168,1,밀크 초콜릿 포장지,1
bakery,qwen3,1001501168,1,초콜릿 포장지 함께,1
bakery,qwen3,1001501168,1,포장지 함께 작다,1
bakery,qwen3,1001501168,1,함께 작다 담다,1
bakery,qwen3,1001501168,1,작다 담다 플랫,1
bakery,qwen3,1001501168,1,담다 플랫 레이,1
bakery,qwen3,1001501168,1,플랫 레이 연출,1
bakery,qwen3,1001501168,2,아르티제 랑그 쿠키,1
bakery,qwen3,1001501168,2,랑그 쿠키 내려다보다,1
bakery,qwen3,1001501168,2,쿠키 내려다보다 모습,1
bakery,qwen3,1001501168,2,내려다보다 모습 플레인,1
bakery,qwen3,1001501168,2,모습 플레인 초콜릿,1
bakery,qwen3,1001501168,2,플레인 초콜릿 코팅,1
bakery,qwen3,1001501168,2,초콜릿 코팅 밀크,1
bakery,qwen3,1001501168,2,코팅 밀크 크림,1
bakery,qwen3,1001501168,2,밀크 크림 밝다,1
bakery,qwen3,1001501168,2,크림 밝다 색상,1
bakery,qwen3,1001501168,2,밝다 색상 배경,1
bakery,qwen3,1001501168,2,색상 배경 일부,1
bakery,qwen3,1001501168,2,배경 일부 흰색,1
bakery,qwen3,1001501168,2,일부 흰색 담기다,1
bakery,qwen3,1001501168,2,흰색 담기다 일부,1
bakery,qwen3,1001501168,2,담기다 일부 개별,1
bakery,qwen3,1001501168,2,일부 개별 포장지,1
bakery,qwen3,1001501168,2,개별 포장지 담기다,1
bakery,qwen3,1001556191,1,갈라지다 겉면 폭신폭신,1
bakery,qwen3,1001556191,1,겉면 폭신폭신 속살,1
bakery,qwen3,1001556191,1,폭신폭신 속살 지니다,1
bakery,qwen3,1001556191,1,속살 지니다 수제,1
bakery,qwen3,1001556191,1,지니다 수제 덩어리,1
bakery,qwen3,1001556191,1,수제 덩어리 얇다,1
bakery,qwen3,1001556191,1,덩어리 얇다 썰다,1
bakery,qwen3,1001556191,1,얇다 썰다 다공,1
bakery,qwen3,1001556191,1,썰다 다공 질감,1
bakery,qwen3,1001556191,1,다공 질감 드러나다,1
bakery,qwen3,1001556191,1,질감 드러나다 중성,1
bakery,qwen3,1001556191,1,드러나다 중성 배경,1
bakery,qwen3,1001556191,1,중성 배경 배경,1
bakery,qwen3,1001556191,1,배경 배경 흰색,1
bakery,qwen3,1001556191,1,배경 흰색 타원,1
bakery,qwen3,1001556191,1,흰색 타원 담기다,1
bakery,qwen3,1001556191,2,황금빛 갈색 띠다,1
bakery,qwen3,1001556191,2,갈색 띠다 기포,1
bakery,qwen3,1001556191,2,띠다 기포 가득,1
bakery,qwen3,1001556191,2,기포 가득 폭신폭신,1
bakery,qwen3,1001556191,2,가득 폭신폭신 수제,1
bakery,qwen3,1001556191,2,폭신폭신 수제 덩어리,1
bakery,qwen3,1001556191,2,수제 덩어리 썰다,1
bakery,qwen3,1001556191,2,덩어리 썰다 희다,1
bakery,qwen3,1001556191,2,썰다 희다 담다,1
bakery,qwen3,1001556191,2,희다 담다 모습,1
bakery,qwen3,1001737663,1,생기 넘치다 주황색,1
bakery,qwen3,1001737663,1,넘치다 주황색 젤리,1
bakery,qwen3,1001737663,1,주황색 젤리 얹다,1
bakery,qwen3,1001737663,1,젤리 얹다 둥글다,1
bakery,qwen3,1001737663,1,얹다 둥글다 흰색,1
bakery,qwen3,1001737663,1,둥글다 흰색 무스,1
bakery,qwen3,1001737663,1,흰색 무스 케이크,1
bakery,qwen3,1001737663,1,무스 케이크 대리석,1
bakery,qwen3,1001737663,1,케이크 대리석 작다,1
bakery,qwen3,1001737663,1,대리석 작다 케이크,1
bakery,qwen3,1001737663,1,작다 케이크 조각,1
bakery,qwen3,1001737663,1,케이크 조각 담기다,1
bakery,qwen3,1001737663,1,조각 담기다 케이크,1
bakery,qwen3,1001737663,1,담기다 케이크 흰색,1
bakery,qwen3,1001737663,1,케이크 흰색 분홍색,1
bakery,qwen3,1001737663,1,흰색 분홍색 대리석,1
bakery,qwen3,1001737663,1,분홍색 대리석 무늬,1
bakery,qwen3,1001737663,1,대리석 무늬 들어가다,1
bakery,qwen3,1001737663,1,무늬 들어가다 상자,1
bakery,qwen3,1001737663,1,들어가다 상자 담기다,1
bakery,qwen3,1001737663,1,상자 담기다 상자,1
bakery,qwen3,1001737663,1,담기다 상자 브랜드,1
bakery,qwen3,1001737663,1,상자 브랜드 적히다,1
bakery,qwen3,1001737663,2,생기 넘치다 주황색,1
bakery,qwen3,1001737663,2,넘치다 주황색 젤리,1
bakery,qwen3,1001737663,2,주황색 젤리 얹다,1
bakery,qwen3,1001737663,2,젤리 얹다 둥글다,1
bakery,qwen3,1001737663,2,얹다 둥글다 흰색,1
bakery,qwen3,1001737663,2,둥글다 흰색 케이크,1
bakery,qwen3,1001737663,2,흰색 케이크 흰색,1
bakery,qwen3,1001737663,2,케이크 흰색 대리석,1
bakery,qwen3,1001737663,2,흰색 대리석 전경,1
bakery,qwen3,1001737663,2,대리석 전경 조각,1
bakery,qwen3,1001737663,2,전경 조각 잘리다,1
bakery,qwen3,1001737663,2,조각 잘리다 흰색,1
bakery,qwen3,1001737663,2,잘리다 흰색 담기다,1
bakery,qwen3,1001737663,2,흰색 담기다 케이크,1
bakery,qwen3,1001737663,2,담기다 케이크 크리미,1
bakery,qwen3,1001737663,2,케이크 크리미 식감,1
bakery,qwen3,1001737663,2,크리미 식감 지니다,1
bakery,qwen3,1001737663,2,식감 지니다 겉면,1
bakery,qwen3,1001737663,2,지니다 겉면 황금빛,1
bakery,qwen3,1001737663,2,겉면 황금빛 갈색,1
bakery,qwen3,1001737663,2,황금빛 갈색 띠다,1
bakery,qwen3,1001737665,1,흰색 대리석 상자,1
bakery,qwen3,1001737665,1,대리석 상자 배경,1
bakery,qwen3,1001737665,1,상자 배경 초콜릿,1
bakery,qwen3,1001737665,1,배경 초콜릿 케이크,1
bakery,qwen3,1001737665,1,초콜릿 케이크 흰색,1
bakery,qwen3,1001737665,1,케이크 흰색 담기다,1
bakery,qwen3,1001737665,1,흰색 담기다 조각,1
bakery,qwen3,1001737665,1,담기다 조각 대리석,1
bakery,qwen3,1001737665,1,조각 대리석 케이크,1
bakery,qwen3,1001737665,1,대리석 케이크 담기다,1
bakery,qwen3,1001737665,2,흰색 대리석 윗면,1
bakery,qwen3,1001737665,2,대리석 윗면 초콜릿,1
bakery,qwen3,1001737665,2,윗면 초콜릿 가루,1
bakery,qwen3,1001737665,2,초콜릿 가루 베리,1
bakery,qwen3,1001737665,2,가루 베리 얹다,1
bakery,qwen3,1001737665,2,베리 얹다 크다,1
bakery,qwen3,1001737665,2,얹다 크다 둥글다,1
bakery,qwen3,1001737665,2,크다 둥글다 초콜릿,1
bakery,qwen3,1001737665,2,둥글다 초콜릿 케이크,1
bakery,qwen3,1001737665,2,초콜릿 케이크 조각,1
bakery,qwen3,1001737665,2,케이크 조각 자르다,1
bakery,qwen3,1001737665,2,조각 자르다 작다,1
bakery,qwen3,1001737665,2,자르다 작다 흰색,1
bakery,qwen3,1001737665,2,작다 흰색 올리다,1
bakery,qwen3,1001737665,2,흰색 올리다 초콜릿,1
bakery,qwen3,1001737665,2,올리다 초콜릿 케이크,1
bakery,qwen3,1001737665,2,초콜릿 케이크 크림,1
bakery,qwen3,1001737665,2,케이크 크림 과일,1
bakery,qwen3,1001737665,2,크림 과일 층층이,1
bakery,qwen3,1001737665,2,과일 층층이 쌓이다,1
bakery,qwen3,1001737665,2,층층이 쌓이다 모습,1
bakery,qwen3,1001737665,2,쌓이다 모습 드러나다,1
bakery,qwen3,1002104461,1,적히다 흰색 상자,1
bakery,qwen3,1002104461,1,흰색 상자 초록색,1
bakery,qwen3,1002104461,1,상자 초록색 개별,1
bakery,qwen3,1002104461,1,초록색 개별 포장,1
bakery,qwen3,1002104461,1,개별 포장 쿠키,1
bakery,qwen3,1002104461,1,포장 쿠키 크림,1
bakery,qwen3,1002104461,1,쿠키 크림 들어가다,1
bakery,qwen3,1002104461,1,크림 들어가다 다양,1
bakery,qwen3,1002104461,1,들어가다 다양 종류,1
bakery,qwen3,1002104461,1,다양 종류 버터,1
bakery,qwen3,1002104461,1,종류 버터 쿠키,1
bakery,qwen3,1002104461,1,버터 쿠키 담기다,1
bakery,qwen3,1002104461,1,쿠키 담기다 상자,1
bakery,qwen3,1002104461,1,담기다 상자 커피,1
bakery,qwen3,1002104461,1,상자 커피 즐기다,1
bakery,qwen3,1002104461,1,커피 즐기다 문구,1
bakery,qwen3,1002104461,1,즐기다 문구 적히다,1
bakery,qwen3,1002104461,1,문구 적히다 쿠키,1
bakery,qwen3,1002104461,1,적히다 쿠키 초록색,1
bakery,qwen3,1002104461,1,쿠키 초록색 테두리,1
bakery,qwen3,1002104461,1,초록색 테두리 흰색,1
bakery,qwen3,1002104461,1,테두리 흰색 가지런히,1
bakery,qwen3,1002104461,2,초록색 테두리 흰색,1
bakery,qwen3,1002104461,2,테두리 흰색 바삭바삭,1
bakery,qwen3,1002104461,2,흰색 바삭바삭 식감,1
bakery,qwen3,1002104461,2,바삭바삭 식감 황금빛,1
bakery,qwen3,1002104461,2,식감 황금빛 갈색,1
bakery,qwen3,1002104461,2,황금빛 갈색 직사각형,1
bakery,qwen3,1002104461,2,갈색 직사각형 쿠키,1
bakery,qwen3,1002104461,2,직사각형 쿠키 일부,1
bakery,qwen3,1002104461,2,쿠키 일부 겹쳐지다,1
bakery,qwen3,1002104461,2,일부 겹쳐지다 크림,1
bakery,qwen3,1002104461,2,겹쳐지다 크림 흰색,1
bakery,qwen3,1002104461,2,크림 흰색 캐러멜,1
bakery,qwen3,1002104461,2,흰색 캐러멜 같다,1
bakery,qwen3,1002104461,2,캐러멜 같다 토핑,1
bakery,qwen3,1002104461,2,같다 토핑 드러나다,1
bakery,qwen3,1002104461,2,토핑 드러나다 쿠키,1
bakery,qwen3,1002104461,2,드러나다 쿠키 잘리다,1
bakery,qwen3,1002104461,2,쿠키 잘리다 선명,1
bakery,qwen3,1002104461,2,잘리다 선명 보이다,1
bakery,qwen3,1002104461,2,선명 보이다 짙다,1
bakery,qwen3,1002104461,2,보이다 짙다 초록색,1
bakery,qwen3,1002104461,2,짙다 초록색 배경,1
bakery,qwen3,1002202568,1,땅콩 버터 제품,1
bakery,qwen3,1002202568,1,버터 제품 3,1
bakery,qwen3,1002202568,1,제품 3 개별,1
bakery,qwen3,1002202568,1,3 개별 포장지,1
bakery,qwen3,1002202568,1,개별 포장지 같다,1
bakery,qwen3,1002202568,1,포장지 같다 제품,1
bakery,qwen3,1002202568,1,같다 제품 크다,1
bakery,qwen3,1002202568,1,제품 크다 상자,1
bakery,qwen3,1002202568,1,크다 상자 진열,1
bakery,qwen3,1002202568,1,상자 진열 회색,1
bakery,qwen3,1002202568,2,100 한국 땅콩,1
bakery,qwen3,1002202568,2,한국 땅콩 적히다,1
bakery,qwen3,1002202568,2,땅콩 적히다 흰색,1
bakery,qwen3,1002202568,2,적히다 흰색 넛츠,1
bakery,qwen3,1002202568,2,흰색 넛츠 그린,1
bakery,qwen3,1002202568,2,넛츠 그린 스무스,1
bakery,qwen3,1002202568,2,그린 스무스 땅콩,1
bakery,qwen3,1002202568,2,스무스 땅콩 버터,1
bakery,qwen3,1002202568,2,땅콩 버터 포장지,1
bakery,qwen3,1002202568,2,버터 포장지 크림,1
bakery,qwen3,1002202568,2,포장지 크림 연하다,1
bakery,qwen3,1002202568,2,크림 연하다 갈색,1
bakery,qwen3,1002202568,2,연하다 갈색 땅콩,1
bakery,qwen3,1002202568,2,갈색 땅콩 버터,1
bakery,qwen3,1002202568,2,땅콩 버터 바르다,1
bakery,qwen3,1002202568,2,버터 바르다 흰색,1
fruits_nuts_rice,qwen3,5003716,1,익다 바나나 다발,1
fruits_nuts_rice,qwen3,5003716,1,바나나 다발 밝다,1
fruits_nuts_rice,qwen3,5003716,1,다발 밝다 표면,1
fruits_nuts_rice,qwen3,5003716,1,밝다 표면 접히다,1
fruits_nuts_rice,qwen3,5003716,1,표면 접히다 희다,1
fruits_nuts_rice,qwen3,5003716,2,흰색 익다 바나나,1
fruits_nuts_rice,qwen3,5003716,2,익다 바나나 껍질,1
fruits_nuts_rice,qwen3,5003716,2,바나나 껍질 벗기다,1
fruits_nuts_rice,qwen3,5003716,2,껍질 벗기다 밝다,1
fruits_nuts_rice,qwen3,5025577,1,나무 도마 통째,1
fruits_nuts_rice,qwen3,5025577,1,도마 통째 되다,1
fruits_nuts_rice,qwen3,5025577,1,통째 되다 키위,1
fruits_nuts_rice,qwen3,5025577,1,되다 키위 썰다,1
fruits_nuts_rice,qwen3,5025577,1,키위 썰다 키위,1
fruits_nuts_rice,qwen3,5025577,1,썰다 키위 잘리다,1
fruits_nuts_rice,qwen3,5025577,1,키위 잘리다 과육,1
fruits_nuts_rice,qwen3,5025577,1,잘리다 과육 검다,1
fruits_nuts_rice,qwen3,5025577,1,과육 검다 드러나다,1
fruits_nuts_rice,qwen3,5025577,1,검다 드러나다 도마,1
fruits_nuts_rice,qwen3,5025577,1,드러나다 도마 앞쪽,1
fruits_nuts_rice,qwen3,5025577,1,도마 앞쪽 식탁,1
fruits_nuts_rice,qwen3,5025577,1,앞쪽 식탁 썰다,1
fruits_nuts_rice,qwen3,5025577,1,식탁 썰다 키위,1
fruits_nuts_rice,qwen3,5025577,1,썰다 키위 조각,1
fruits_nuts_rice,qwen3,5025577,2,나무 도마 통째,1
fruits_nuts_rice,qwen3,5025577,2,도마 통째 되다,1
fruits_nuts_rice,qwen3,5025577,2,통째 되다 키위,1
fruits_nuts_rice,qwen3,5025577,2,되다 키위 썰다,1
fruits_nuts_rice,qwen3,5025577,2,키위 썰다 키위,1
fruits_nuts_rice,qwen3,5025577,2,썰다 키위 잘리다,1
fruits_nuts_rice,qwen3,5025577,2,키위 잘리다 키위,1
fruits_nuts_rice,qwen3,5025577,2,잘리다 키위 과육,1
fruits_nuts_rice,qwen3,5025577,2,키위 과육 검다,1
fruits_nuts_rice,qwen3,5025577,2,과육 검다 드러내다,1
fruits_nuts_rice,qwen3,5025577,2,검다 드러내다 키위,1
fruits_nuts_rice,qwen3,5025577,2,드러내다 키위 갈색,1
fruits_nuts_rice,qwen3,5025577,2,키위 갈색 보송보송,1
fruits_nuts_rice,qwen3,5025577,2,갈색 보송보송 껍질,1
fruits_nuts_rice,qwen3,5025577,2,보송보송 껍질 가지다,1
fruits_nuts_rice,qwen3,5025577,2,껍질 가지다 스티커,1
fruits_nuts_rice,qwen3,5025577,2,가지다 스티커 붙다,1
fruits_nuts_rice,qwen3,5027321,1,빨간색 노란색 복숭아,1
fruits_nuts_rice,qwen3,5027321,1,노란색 복숭아 가득,1
fruits_nuts_rice,qwen3,5027321,1,복숭아 가득 차다,1
fruits_nuts_rice,qwen3,5027321,1,가득 차다 나무,1
fruits_nuts_rice,qwen3,5027321,1,차다 나무 녹색,1
fruits_nuts_rice,qwen3,5027321,1,나무 녹색 잎사귀,1
fruits_nuts_rice,qwen3,5027321,1,녹색 잎사귀 주위,1
fruits_nuts_rice,qwen3,5027321,1,잎사귀 주위 흩뿌리다,1
fruits_nuts_rice,qwen3,5027321,1,주위 흩뿌리다 흰색,1
fruits_nuts_rice,qwen3,5027321,2,붉은색 노란색 껍질,1
fruits_nuts_rice,qwen3,5027321,2,노란색 껍질 가지다,1
fruits_nuts_rice,qwen3,5027321,2,껍질 가지다 익다,1
fruits_nuts_rice,qwen3,5027321,2,가지다 익다 복숭아,1
fruits_nuts_rice,qwen3,5027321,2,익다 복숭아 물방울,1
fruits_nuts_rice,qwen3,5027321,2,복숭아 물방울 반짝이다,1
fruits_nuts_rice,qwen3,5027321,2,물방울 반짝이다 희다,1
fruits_nuts_rice,qwen3,5027321,2,반짝이다 희다 주변,1
fruits_nuts_rice,qwen3,5027321,2,희다 주변 초록색,1
fruits_nuts_rice,qwen3,5027321,2,주변 초록색 잎사귀,1
fruits_nuts_rice,qwen3,5027321,2,초록색 잎사귀 흩어지다,1
fruits_nuts_rice,qwen3,5027321,2,잎사귀 흩어지다 모습,1
fruits_nuts_rice,qwen3,5027321,2,흩어지다 모습 클로즈업,1
fruits_nuts_rice,qwen3,5031442,1,하늘색 익다 바나나,1
fruits_nuts_rice,qwen3,5031442,1,익다 바나나 나무,1
fruits_nuts_rice,qwen3,5031442,1,바나나 나무 껍질,1
fruits_nuts_rice,qwen3,5031442,1,나무 껍질 벗기다,1
fruits_nuts_rice,qwen3,5031442,1,껍질 벗기다 바나나,1
fruits_nuts_rice,qwen3,5031442,1,벗기다 바나나 바나나,1
fruits_nuts_rice,qwen3,5031442,1,바나나 바나나 얇다,1
fruits_nuts_rice,qwen3,5031442,1,바나나 얇다 썰다,1
fruits_nuts_rice,qwen3,5031442,1,얇다 썰다 흰색,1
fruits_nuts_rice,qwen3,5031442,1,썰다 흰색 포크,1
fruits_nuts_rice,qwen3,5031442,1,흰색 포크 바나나,1
fruits_nuts_rice,qwen3,5031442,1,포크 바나나 껍질,1
fruits_nuts_rice,qwen3,5031442,1,바나나 껍질 썰다,1
fruits_nuts_rice,qwen3,5031442,1,껍질 썰다 조각,1
fruits_nuts_rice,qwen3,5031442,1,썰다 조각 주위,1
fruits_nuts_rice,qwen3,5031442,1,조각 주위 감싸다,1
fruits_nuts_rice,qwen3,5031442,2,옅다 파란색 익다,1
fruits_nuts_rice,qwen3,5031442,2,파란색 익다 바나나,1
fruits_nuts_rice,qwen3,5031442,2,익다 바나나 껍질,1
fruits_nuts_rice,qwen3,5031442,2,바나나 껍질 벗기다,1
fruits_nuts_rice,qwen3,5031442,2,껍질 벗기다 나무,1
fruits_nuts_rice,qwen3,5031442,2,벗기다 나무 얇다,1
fruits_nuts_rice,qwen3,5031442,2,나무 얇다 썰다,1
fruits_nuts_rice,qwen3,5031442,2,얇다 썰다 포크,1
fruits_nuts_rice,qwen3,5031442,2,썰다 포크 바나나,1
fruits_nuts_rice,qwen3,5031442,2,포크 바나나 조각,1
fruits_nuts_rice,qwen3,5031442,2,바나나 조각 꽂히다,1
fruits_nuts_rice,qwen3,5031442,2,조각 꽂히다 껍질,1
fruits_nuts_rice,qwen3,5031442,2,꽂히다 껍질 주위,1
fruits_nuts_rice,qwen3,5031442,2,껍질 주위 감싸다,1
fruits_nuts_rice,qwen3,5034841,1,밝다 주황색 작다,1
fruits_nuts_rice,qwen3,5034841,1,주황색 작다 가득,1
fruits_nuts_rice,qwen3,5034841,1,작다 가득 차다,1
fruits_nuts_rice,qwen3,5034841,1,가득 차다 흰색,1
fruits_nuts_rice,qwen3,5034841,1,차다 흰색 타원,1
fruits_nuts_rice,qwen3,5034841,1,흰색 타원 회색,1
fruits_nuts_rice,qwen3,5034841,1,타원 회색 잘리다,1
fruits_nuts_rice,qwen3,5034841,1,회색 잘리다 과즙,1
fruits_nuts_rice,qwen3,5034841,1,잘리다 과즙 흐르다,1
fruits_nuts_rice,qwen3,5034841,1,과즙 흐르다 조각,1
fruits_nuts_rice,qwen3,5034841,1,흐르다 조각 드러나다,1
fruits_nuts_rice,qwen3,5034841,1,조각 드러나다 통째,1
fruits_nuts_rice,qwen3,5034841,1,드러나다 통째 되다,1
fruits_nuts_rice,qwen3,5034841,1,통째 되다 잘리다,1
fruits_nuts_rice,qwen3,5034841,2,선명 주황색 무더기,1
fruits_nuts_rice,qwen3,5034841,2,주황색 무더기 잘리다,1
fruits_nuts_rice,qwen3,5034841,2,무더기 잘리다 과즙,1
fruits_nuts_rice,qwen3,5034841,2,잘리다 과즙 가득,1
fruits_nuts_rice,qwen3,5034841,2,과즙 가득 조각,1
fruits_nuts_rice,qwen3,5034841,2,가득 조각 드러나다,1
fruits_nuts_rice,qwen3,5034841,2,조각 드러나다 탁자,1
fruits_nuts_rice,qwen3,5034841,2,드러나다 탁자 잘리다,1
fruits_nuts_rice,qwen3,5035954,1,블루베리 가득 차다,1
fruits_nuts_rice,qwen3,5035954,1,가득 차다 투명,1
fruits_nuts_rice,qwen3,5035954,1,차다 투명 유리,1
fruits_nuts_rice,qwen3,5035954,1,투명 유리 대리석,1
fruits_nuts_rice,qwen3,5035954,1,유리 대리석 상판,1
fruits_nuts_rice,qwen3,5035954,1,대리석 상판 주위,1
fruits_nuts_rice,qwen3,5035954,1,상판 주위 블루베리,1
fruits_nuts_rice,qwen3,5035954,1,주위 블루베리 민트,1
fruits_nuts_rice,qwen3,5035954,1,블루베리 민트 흩어지다,1
fruits_nuts_rice,qwen3,5035954,2,흰색 요거트 담기다,1
fruits_nuts_rice,qwen3,5035954,2,요거트 담기다 유리,1
fruits_nuts_rice,qwen3,5035954,2,담기다 유리 블루베리,1
fruits_nuts_rice,qwen3,5035954,2,유리 블루베리 민트,1
fruits_nuts_rice,qwen3,5035954,2,블루베리 민트 줄기,1
fruits_nuts_rice,qwen3,5035954,2,민트 줄기 올리다,1
fruits_nuts_rice,qwen3,5035954,2,줄기 올리다 숟가락,1
fruits_nuts_rice,qwen3,5035954,2,올리다 숟가락 흰색,1
fruits_nuts_rice,qwen3,5035954,2,숟가락 흰색 질감,1
fruits_nuts_rice,qwen3,5035954,2,흰색 질감 느끼다,1
fruits_nuts_rice,qwen3,5035954,2,질감 느끼다 회색,1
fruits_nuts_rice,qwen3,5035954,2,느끼다 회색 표면,1
fruits_nuts_rice,qwen3,5035954,2,회색 표면 블루베리,1
fruits_nuts_rice,qwen3,5035954,2,표면 블루베리 가득,1
fruits_nuts_rice,qwen3,5035954,2,블루베리 가득 담기다,1
fruits_nuts_rice,qwen3,5035954,2,가득 담기다 투명,1
fruits_nuts_rice,qwen3,5035954,2,담기다 투명 유리,1
fruits_nuts_rice,qwen3,5036748,1,노란색 녹색 라벨,1
fruits_nuts_rice,qwen3,5036748,1,녹색 라벨 붙다,1
fruits_nuts_rice,qwen3,5036748,1,라벨 붙다 키위,1
fruits_nuts_rice,qwen3,5036748,1,붙다 키위 플라스틱,1
fruits_nuts_rice,qwen3,5036748,1,키위 플라스틱 용기,1
fruits_nuts_rice,qwen3,5036748,1,플라스틱 용기 라벨,1
fruits_nuts_rice,qwen3,5036748,1,용기 라벨 썰다,1
fruits_nuts_rice,qwen3,5036748,1,라벨 썰다 키위,1
fruits_nuts_rice,qwen3,5036748,1,썰다 키위 한국어,1
fruits_nuts_rice,qwen3,5036748,1,키위 한국어 되다,1
fruits_nuts_rice,qwen3,5036748,1,한국어 되다 제스프리,1
fruits_nuts_rice,qwen3,5036748,1,되다 제스프리 썬글드키위,1
fruits_nuts_rice,qwen3,5036748,1,제스프리 썬글드키위 문구,1
fruits_nuts_rice,qwen3,5036748,1,썬글드키위 문구 적히다,1
fruits_nuts_rice,qwen3,5036748,1,문구 적히다 용기,1
fruits_nuts_rice,qwen3,5036748,1,적히다 용기 흰색,1
fruits_nuts_rice,qwen3,5036748,1,용기 흰색 대리석,1
fruits_nuts_rice,qwen3,5036748,1,흰색 대리석 표면,1
fruits_nuts_rice,qwen3,5036748,1,대리석 표면 작다,1
fruits_nuts_rice,qwen3,5036748,1,표면 작다 흰색,1
fruits_nuts_rice,qwen3,5036748,1,작다 흰색 통키위,1
fruits_nuts_rice,qwen3,5036748,1,흰색 통키위 썰다,1
fruits_nuts_rice,qwen3,5036748,1,통키위 썰다 키위,1
fruits_nuts_rice,qwen3,5036748,1,썰다 키위 조각,1
fruits_nuts_rice,qwen3,5036748,1,키위 조각 담기다,1
fruits_nuts_rice,qwen3,5036748,2,흰색 얇다 썰다,1
fruits_nuts_rice,qwen3,5036748,2,얇다 썰다 키위,3
fruits_nuts_rice,qwen3,5036748,2,썰다 키위 그림,1
fruits_nuts_rice,qwen3,5036748,2,키위 그림 그리다,1
fruits_nuts_rice,qwen3,5036748,2,그림 그리다 노란색,1
fruits_nuts_rice,qwen3,5036748,2,그리다 노란색 녹색,1
fruits_nuts_rice,qwen3,5036748,2,노란색 녹색 라벨,1
fruits_nuts_rice,qwen3,5036748,2,녹색 라벨 붙다,1
fruits_nuts_rice,qwen3,5036748,2,라벨 붙다 제스프리,1
fruits_nuts_rice,qwen3,5036748,2,붙다 제스프리 키프루트,1
fruits_nuts_rice,qwen3,5036748,2,제스프리 키프루트 키위,1
fruits_nuts_rice,qwen3,5036748,2,키프루트 키위 플라스틱,1
fruits_nuts_rice,qwen3,5036748,2,키위 플라스틱 용기,1
fruits_nuts_rice,qwen3,5036748,2,플라스틱 용기 작다,1
fruits_nuts_rice,qwen3,5036748,2,용기 작다 흰색,1
fruits_nuts_rice,qwen3,5036748,2,작다 흰색 통키위,1
fruits_nuts_rice,qwen3,5036748,2,흰색 통키위 얇다,1
fruits_nuts_rice,qwen3,5036748,2,통키위 얇다 썰다,1
fruits_nuts_rice,qwen3,5036748,2,썰다 키위 담기다,1
fruits_nuts_rice,qwen3,5036748,2,키위 담기다 얇다,1
fruits_nuts_rice,qwen3,5036748,2,담기다 얇다 썰다,1
fruits_nuts_rice,qwen3,5036748,2,썰다 키위 과육,1
fruits_nuts_rice,qwen3,5036748,2,키위 과육 검다,1
fruits_nuts_rice,qwen3,5036748,2,과육 검다 드러나다,1
fruits_nuts_rice,qwen3,5038123,1,서리 내리다 짙다,1
fruits_nuts_rice,qwen3,5038123,1,내리다 짙다 보라색,1
fruits_nuts_rice,qwen3,5038123,1,짙다 보라색 포도,1
fruits_nuts_rice,qwen3,5038123,1,보라색 포도 송이,1
fruits_nuts_rice,qwen3,5038123,1,포도 송이 희다,1
fruits_nuts_rice,qwen3,5038123,1,송이 희다 배경,1
fruits_nuts_rice,qwen3,5038123,1,희다 배경 회색,1
fruits_nuts_rice,qwen3,5038123,1,배경 회색 송이,1
fruits_nuts_rice,qwen3,5038123,2,짙다 보라색 포도,1
fruits_nuts_rice,qwen3,5038123,2,보라색 포도 송이,1
fruits_nuts_rice,qwen3,5038123,2,포도 송이 밝다,1
fruits_nuts_rice,qwen3,5038123,2,송이 밝다 회색,1
fruits_nuts_rice,qwen3,5038123,2,밝다 회색 전경,1
fruits_nuts_rice,qwen3,5038123,2,회색 전경 포도,1
fruits_nuts_rice,qwen3,5038123,2,전경 포도 알갱이,1
fruits_nuts_rice,qwen3,5038123,2,포도 알갱이 흩어지다,1
fruits_nuts_rice,qwen3,5045631,1,파란색 흰색 디자인,1
fruits_nuts_rice,qwen3,5045631,1,흰색 디자인 적히다,1
fruits_nuts_rice,qwen3,5045631,1,디자인 적히다 주간,1
fruits_nuts_rice,qwen3,5045631,1,적히다 주간 견과,1
fruits_nuts_rice,qwen3,5045631,1,주간 견과 씨앗,1
fruits_nuts_rice,qwen3,5045631,1,견과 씨앗 간식,1
fruits_nuts_rice,qwen3,5045631,1,씨앗 간식 상자,1
fruits_nuts_rice,qwen3,5045631,1,간식 상자 월요일,1
fruits_nuts_rice,qwen3,5045631,1,상자 월요일 일요일,1
fruits_nuts_rice,qwen3,5045631,1,월요일 일요일 주간,1
fruits_nuts_rice,qwen3,5045631,1,일요일 주간 일정,1
fruits_nuts_rice,qwen3,5045631,1,주간 일정 표시,1
fruits_nuts_rice,qwen3,5045631,1,일정 표시 매일,1
fruits_nuts_rice,qwen3,5045631,1,표시 매일 색상,1
fruits_nuts_rice,qwen3,5045631,1,매일 색상 구분,1
fruits_nuts_rice,qwen3,5045631,1,색상 구분 구역,1
fruits_nuts_rice,qwen3,5045631,1,구분 구역 혼합,1
fruits_nuts_rice,qwen3,5045631,1,구역 혼합 견과,1
fruits_nuts_rice,qwen3,5045631,1,혼합 견과 씨앗,2
fruits_nuts_rice,qwen3,5045631,1,견과 씨앗 들다,1
fruits_nuts_rice,qwen3,5045631,1,씨앗 들다 상자,1
fruits_nuts_rice,qwen3,5045631,1,들다 상자 열리다,1
fruits_nuts_rice,qwen3,5045631,1,상자 열리다 모습,1
fruits_nuts_rice,qwen3,5045631,1,열리다 모습 혼합,1
fruits_nuts_rice,qwen3,5045631,1,모습 혼합 견과,1
fruits_nuts_rice,qwen3,5045631,1,견과 씨앗 담기다,1
fruits_nuts_rice,qwen3,5045631,1,씨앗 담기다 작다,1
fruits_nuts_rice,qwen3,5045631,1,담기다 작다 내용물,1
fruits_nuts_rice,qwen3,5045631,1,작다 내용물 그리다,1
fruits_nuts_rice,qwen3,5045631,1,내용물 그리다 표시,1
fruits_nuts_rice,qwen3,5045631,1,그리다 표시 개별,1
fruits_nuts_rice,qwen3,5045631,1,표시 개별 스낵,1
fruits_nuts_rice,qwen3,5045631,1,개별 스낵 포장지,1
fruits_nuts_rice,qwen3,5045631,1,스낵 포장지 보이다,1
fruits_nuts_rice,qwen3,5045631,2,브랜드 스낵 플랫,1
fruits_nuts_rice,qwen3,5045631,2,스낵 플랫 레이,1
fruits_nuts_rice,qwen3,5045631,2,플랫 레이 방식,1
fruits_nuts_rice,qwen3,5045631,2,레이 방식 촬영,1
fruits_nuts_rice,qwen3,5045631,2,방식 촬영 요일,1
fruits_nuts_rice,qwen3,5045631,2,촬영 요일 표기,1
fruits_nuts_rice,qwen3,5045631,2,요일 표기 그레이,1
fruits_nuts_rice,qwen3,5045631,2,표기 그레이 색상,1
fruits_nuts_rice,qwen3,5045631,2,그레이 색상 표면,1
fruits_nuts_rice,qwen3,5045631,2,색상 표면 견과,1
fruits_nuts_rice,qwen3,5045631,2,표면 견과 말리다,1
fruits_nuts_rice,qwen3,5045631,2,견과 말리다 과일,1
fruits_nuts_rice,qwen3,5045631,2,말리다 과일 섞이다,1
fruits_nuts_rice,qwen3,5045631,2,과일 섞이다 담기다,1
fruits_nuts_rice,qwen3,5048547,1,밝다 회색 문양,1
fruits_nuts_rice,qwen3,5048547,1,회색 문양 그리다,1
fruits_nuts_rice,qwen3,5048547,1,문양 그리다 여주대왕일포,1
fruits_nuts_rice,qwen3,5048547,1,그리다 여주대왕일포 브랜드,1
fruits_nuts_rice,qwen3,5048547,1,여주대왕일포 브랜드 적히다,1
fruits_nuts_rice,qwen3,5048547,1,브랜드 적히다 붉은색,1
fruits_nuts_rice,qwen3,5048547,1,적히다 붉은색 한국,1
fruits_nuts_rice,qwen3,5048547,1,붉은색 한국 봉지,1
fruits_nuts_rice,qwen3,5048547,1,한국 봉지 보이다,1
fruits_nuts_rice,qwen3,5048547,1,봉지 보이다 오른쪽,1
fruits_nuts_rice,qwen3,5048547,1,보이다 오른쪽 상단,1
fruits_nuts_rice,qwen3,5048547,1,오른쪽 상단 모서리,1
fruits_nuts_rice,qwen3,5048547,1,상단 모서리 작다,1
fruits_nuts_rice,qwen3,5048547,1,모서리 작다 밥그릇,1
fruits_nuts_rice,qwen3,5048547,1,작다 밥그릇 흩어지다,1
fruits_nuts_rice,qwen3,5048547,1,밥그릇 흩어지다 쌀알,1
fruits_nuts_rice,qwen3,5048547,1,흩어지다 쌀알 보이다,1
fruits_nuts_rice,qwen3,5048547,2,희다 쌀알 가득,1
fruits_nuts_rice,qwen3,5048547,2,쌀알 가득 차다,1
fruits_nuts_rice,qwen3,5048547,2,가득 차다 회색,1
fruits_nuts_rice,qwen3,5048547,2,차다 회색 표면,1
fruits_nuts_rice,qwen3,5048547,2,회색 표면 흩어지다,1
fruits_nuts_rice,qwen3,5048547,2,표면 흩어지다 쌀알,1
fruits_nuts_rice,qwen3,5048580,1,밝다 회색 송이,1
fruits_nuts_rice,qwen3,5048580,1,회색 송이 포도,1
fruits_nuts_rice,qwen3,5048580,1,송이 포도 클로즈업,1
fruits_nuts_rice,qwen3,5048580,1,포도 클로즈업 배경,1
fruits_nuts_rice,qwen3,5048580,1,클로즈업 배경 잎사귀,1
fruits_nuts_rice,qwen3,5048580,1,배경 잎사귀 보이다,1
fruits_nuts_rice,qwen3,5048580,2,초록색 포도 송이,1
fruits_nuts_rice,qwen3,5048580,2,포도 송이 주변,1
fruits_nuts_rice,qwen3,5048580,2,송이 주변 회색,1
fruits_nuts_rice,qwen3,5048580,2,주변 회색 표면,1
fruits_nuts_rice,qwen3,5048580,2,회색 표면 포도,1
fruits_nuts_rice,qwen3,5048580,2,표면 포도 흩어지다,1
fruits_nuts_rice,qwen3,5049631,1,둥글다 베이지 줄무늬,1
fruits_nuts_rice,qwen3,5049631,1,베이지 줄무늬 멜론,1
fruits_nuts_rice,qwen3,5049631,1,줄무늬 멜론 가득,1
fruits_nuts_rice,qwen3,5049631,1,멜론 가득 흰색,1
fruits_nuts_rice,qwen3,5049631,1,가득 흰색 멜론,1
fruits_nuts_rice,qwen3,5049631,1,흰색 멜론 조각,1
fruits_nuts_rice,qwen3,5049631,1,멜론 조각 흰색,1
fruits_nuts_rice,qwen3,5049631,1,조각 흰색 깔리다,1
fruits_nuts_rice,qwen3,5049631,1,흰색 깔리다 흰색,1
fruits_nuts_rice,qwen3,5049631,1,깔리다 흰색 나무,1
fruits_nuts_rice,qwen3,5049631,1,흰색 나무 받침대,1
fruits_nuts_rice,qwen3,5049631,2,줄무늬 오이 같다,1
fruits_nuts_rice,qwen3,5049631,2,오이 같다 오이,1
fruits_nuts_rice,qwen3,5049631,2,같다 오이 썰다,1
fruits_nuts_rice,qwen3,5049631,2,오이 썰다 조각,1
fruits_nuts_rice,qwen3,5049631,2,썰다 조각 밝다,1
fruits_nuts_rice,qwen3,5049631,2,조각 밝다 썰다,1
fruits_nuts_rice,qwen3,5049631,2,밝다 썰다 조각,1
fruits_nuts_rice,qwen3,5049631,2,썰다 조각 희다,1
fruits_nuts_rice,qwen3,5049631,2,조각 희다 과육,1
fruits_nuts_rice,qwen3,5049631,2,희다 과육 씨방,1
fruits_nuts_rice,qwen3,5049631,2,과육 씨방 드러나다,1
fruits_nuts_rice,qwen3,5051031,1,표기 흰색 베이지,1
fruits_nuts_rice,qwen3,5051031,1,흰색 베이지 4,1
fruits_nuts_rice,qwen3,5051031,1,베이지 4 봉지,1
fruits_nuts_rice,qwen3,5051031,1,4 봉지 수확,1
fruits_nuts_rice,qwen3,5051031,1,봉지 수확 농부,1
fruits_nuts_rice,qwen3,5051031,1,수확 농부 한국,1
fruits_nuts_rice,qwen3,5051031,1,농부 한국 전통,1
fruits_nuts_rice,qwen3,5051031,1,한국 전통 삽화,1
fruits_nuts_rice,qwen3,5051031,1,전통 삽화 그리다,1
fruits_nuts_rice,qwen3,5051031,1,삽화 그리다 나오다,1
fruits_nuts_rice,qwen3,5051031,1,그리다 나오다 완전미,1
fruits_nuts_rice,qwen3,5051031,1,나오다 완전미 고시하카리,1
fruits_nuts_rice,qwen3,5051031,1,완전미 고시하카리 문구,1
fruits_nuts_rice,qwen3,5051031,1,고시하카리 문구 100,1
fruits_nuts_rice,qwen3,5051031,1,문구 100 국내,1
fruits_nuts_rice,qwen3,5051031,1,100 국내 인증,1
fruits_nuts_rice,qwen3,5051031,1,국내 인증 마크,1
fruits_nuts_rice,qwen3,5051031,1,인증 마크 붙다,1
fruits_nuts_rice,qwen3,5051031,2,유리 담기다 희다,1
fruits_nuts_rice,qwen3,5051031,2,담기다 희다 검다,1
fruits_nuts_rice,qwen3,5051031,2,희다 검다 테두리,1
fruits_nuts_rice,qwen3,5051031,2,검다 테두리 희다,1
fruits_nuts_rice,qwen3,5051031,2,테두리 희다 에나멜,1
fruits_nuts_rice,qwen3,5051031,2,희다 에나멜 냄비,1
fruits_nuts_rice,qwen3,5051031,2,에나멜 냄비 푸다,1
fruits_nuts_rice,qwen3,5051038,1,진주 적히다 파란색,1
fruits_nuts_rice,qwen3,5051038,1,적히다 파란색 10,1
fruits_nuts_rice,qwen3,5051038,1,파란색 10 포대,1
fruits_nuts_rice,qwen3,5051038,1,10 포대 포대,1
fruits_nuts_rice,qwen3,5051038,1,포대 포대 흰색,1
fruits_nuts_rice,qwen3,5051038,1,포대 흰색 원형,1
fruits_nuts_rice,qwen3,5051038,1,흰색 원형 무늬,1
fruits_nuts_rice,qwen3,5051038,1,원형 무늬 조개,1
fruits_nuts_rice,qwen3,5051038,1,무늬 조개 껍데기,1
fruits_nuts_rice,qwen3,5051038,1,조개 껍데기 들다,1
fruits_nuts_rice,qwen3,5051038,1,껍데기 들다 쌀알,1
fruits_nuts_rice,qwen3,5051038,1,들다 쌀알 작다,1
fruits_nuts_rice,qwen3,5051038,1,쌀알 작다 일러스트,1
fruits_nuts_rice,qwen3,5051038,1,작다 일러스트 그리다,1
fruits_nuts_rice,qwen3,5051038,1,일러스트 그리다 밝다,1
fruits_nuts_rice,qwen3,5051038,1,그리다 밝다 회색,1
fruits_nuts_rice,qwen3,5051038,1,밝다 회색 작다,1
fruits_nuts_rice,qwen3,5051038,1,회색 작다 밥그릇,1
fruits_nuts_rice,qwen3,5051038,2,희다 쌀알 가득,1
fruits_nuts_rice,qwen3,5051038,2,쌀알 가득 차다,1
fruits_nuts_rice,qwen3,5051038,2,가득 차다 회색,1
fruits_nuts_rice,qwen3,5051038,2,차다 회색 표면,1
fruits_nuts_rice,qwen3,5051038,2,회색 표면 쌀알,1
fruits_nuts_rice,qwen3,5051038,2,표면 쌀알 흩어지다,1
fruits_nuts_rice,qwen3,5052626,1,밝다 회색 나무,1
fruits_nuts_rice,qwen3,5052626,1,회색 나무 상자,1
fruits_nuts_rice,qwen3,5052626,1,나무 상자 혼합,1
fruits_nuts_rice,qwen3,5052626,1,상자 혼합 견과,1
fruits_nuts_rice,qwen3,5052626,1,혼합 견과 개별,1
fruits_nuts_rice,qwen3,5052626,1,견과 개별 포장,1
fruits_nuts_rice,qwen3,5052626,1,개별 포장 진열,1
fruits_nuts_rice,qwen3,5052626,2,견과 씨앗 섞이다,1
fruits_nuts_rice,qwen3,5052626,2,씨앗 섞이다 스낵바,1
fruits_nuts_rice,qwen3,5052626,2,섞이다 스낵바 3,1
fruits_nuts_rice,qwen3,5052626,2,스낵바 3 회색,1
fruits_nuts_rice,qwen3,5052626,2,3 회색 진열,1
fruits_nuts_rice,qwen3,5052626,2,회색 진열 포장지,1
fruits_nuts_rice,qwen3,5052626,2,진열 포장지 흰색,1
fruits_nuts_rice,qwen3,5052626,2,포장지 흰색 금색,1
fruits_nuts_rice,qwen3,5052626,2,흰색 금색 녹색,1
fruits_nuts_rice,qwen3,5052626,2,금색 녹색 글씨,1
fruits_nuts_rice,qwen3,5052626,2,녹색 글씨 인쇄,1
fruits_nuts_rice,qwen3,5052626,2,글씨 인쇄 스낵,1
fruits_nuts_rice,qwen3,5052626,2,인쇄 스낵 포장지,1
fruits_nuts_rice,qwen3,5052626,2,스낵 포장지 주위,1
fruits_nuts_rice,qwen3,5052626,2,포장지 주위 흩어지다,1
fruits_nuts_rice,qwen3,5052626,2,주위 흩어지다 모습,1
fruits_nuts_rice,qwen3,5052626,2,흩어지다 모습 보이다,1
fruits_nuts_rice,qwen3,5053663,1,야채혼배남 종류 적히다,1
fruits_nuts_rice,qwen3,5053663,1,종류 적히다 오크라이스,1
fruits_nuts_rice,qwen3,5053663,1,적히다 오크라이스 브랜드,1
fruits_nuts_rice,qwen3,5053663,1,오크라이스 브랜드 보라색,1
fruits_nuts_rice,qwen3,5053663,1,브랜드 보라색 봉지,1
fruits_nuts_rice,qwen3,5053663,1,보라색 봉지 작다,1
fruits_nuts_rice,qwen3,5053663,1,봉지 작다 밥그릇,1
fruits_nuts_rice,qwen3,5053663,1,작다 밥그릇 나무,1
fruits_nuts_rice,qwen3,5053663,1,밥그릇 나무 숟가락,1
fruits_nuts_rice,qwen3,5053663,2,희다 쌀밥 가득,1
fruits_nuts_rice,qwen3,5053663,2,쌀밥 가득 담기다,1
fruits_nuts_rice,qwen3,5053663,2,가득 담기다 희다,1
fruits_nuts_rice,qwen3,5053663,2,담기다 희다 나무,1
fruits_nuts_rice,qwen3,5053663,2,희다 나무 숟가락,1
fruits_nuts_rice,qwen3,5053663,2,나무 숟가락 꽂히다,1
fruits_nuts_rice,qwen3,5056014,1,나무 도마 복숭아,1
fruits_nuts_rice,qwen3,5056014,1,도마 복숭아 일부,1
fruits_nuts_rice,qwen3,5056014,1,복숭아 일부 통째,1
fruits_nuts_rice,qwen3,5056014,1,일부 통째 잘리다,1
fruits_nuts_rice,qwen3,5056014,1,통째 잘리다 주변,1
fruits_nuts_rice,qwen3,5056014,1,잘리다 주변 잎사귀,1
fruits_nuts_rice,qwen3,5056014,1,주변 잎사귀 흩어지다,1
fruits_nuts_rice,qwen3,5056014,1,잎사귀 흩어지다 도마,1
fruits_nuts_rice,qwen3,5056014,1,흩어지다 도마 자루,1
fruits_nuts_rice,qwen3,5056014,2,나무 도마 복숭아,1
fruits_nuts_rice,qwen3,5056014,2,도마 복숭아 일부,1
fruits_nuts_rice,qwen3,5056014,2,복숭아 일부 통째,1
fruits_nuts_rice,qwen3,5056014,2,일부 통째 잘리다,1
fruits_nuts_rice,qwen3,5056014,2,통째 잘리다 과즙,1
fruits_nuts_rice,qwen3,5056014,2,잘리다 과즙 가득,1
fruits_nuts_rice,qwen3,5056014,2,과즙 가득 드러나다,1
fruits_nuts_rice,qwen3,5056014,2,가득 드러나다 도마,1
fruits_nuts_rice,qwen3,5056014,2,드러나다 도마 주변,1
fruits_nuts_rice,qwen3,5056014,2,도마 주변 잎사귀,1
fruits_nuts_rice,qwen3,5056014,2,주변 잎사귀 흩어지다,1
fruits_nuts_rice,qwen3,5061259,1,덮이다 사과 대리석,1
fruits_nuts_rice,qwen3,5061259,1,사과 대리석 조리,1
fruits_nuts_rice,qwen3,5061259,1,대리석 조리 흩어지다,1
fruits_nuts_rice,qwen3,5061259,1,조리 흩어지다 사과,1
fruits_nuts_rice,qwen3,5061259,2,반사 흰색 표면,1
fruits_nuts_rice,qwen3,5061259,2,흰색 표면 사과,1
fruits_nuts_rice,qwen3,5061259,2,표면 사과 클로즈업,1
fruits_nuts_rice,qwen3,5061259,2,사과 클로즈업 배경,1
fruits_nuts_rice,qwen3,5061259,2,클로즈업 배경 사과,1
fruits_nuts_rice,qwen3,5061259,2,배경 사과 들다,1
fruits_nuts_rice,qwen3,5061259,2,사과 들다 파란색,1
fruits_nuts_rice,qwen3,5061259,2,들다 파란색 가방,1
fruits_nuts_rice,qwen3,5061259,2,파란색 가방 보이다,1
fruits_nuts_rice,qwen3,5061259,2,가방 보이다 사과,1
fruits_nuts_rice,qwen3,5061259,2,보이다 사과 주변,1
fruits_nuts_rice,qwen3,5061259,2,사과 주변 나무,1
fruits_nuts_rice,qwen3,5061259,2,주변 나무 육두구,1
fruits_nuts_rice,qwen3,5061259,2,나무 육두구 스타,1
fruits_nuts_rice,qwen3,5061259,2,육두구 스타 아니스,1
fruits_nuts_rice,qwen3,5061259,2,스타 아니스 흩어지다,1
fruits_nuts_rice,qwen3,5063578,1,흰색 나무 상판,1
fruits_nuts_rice,qwen3,5063578,1,나무 상판 붉다,1
fruits_nuts_rice,qwen3,5063578,1,상판 붉다 체리,1
fruits_nuts_rice,qwen3,5063578,1,붉다 체리 토마토,1
fruits_nuts_rice,qwen3,5063578,1,체리 토마토 주위,1
fruits_nuts_rice,qwen3,5063578,1,토마토 주위 토마토,1
fruits_nuts_rice,qwen3,5063578,1,주위 토마토 흩어지다,1
fruits_nuts_rice,qwen3,5063578,2,흰색 나무 받침대,1
fruits_nuts_rice,qwen3,5063578,2,나무 받침대 붉다,1
fruits_nuts_rice,qwen3,5063578,2,받침대 붉다 체리,1
fruits_nuts_rice,qwen3,5063578,2,붉다 체리 토마토,1
fruits_nuts_rice,qwen3,5063578,2,체리 토마토 자르다,1
fruits_nuts_rice,qwen3,5063578,2,토마토 자르다 토마토,1
fruits_nuts_rice,qwen3,5063578,2,자르다 토마토 남다,1
fruits_nuts_rice,qwen3,5063578,2,토마토 남다 토마토,1
fruits_nuts_rice,qwen3,5063690,1,초록색 줄기 달리다,1
fruits_nuts_rice,qwen3,5063690,1,줄기 달리다 토마토,1
fruits_nuts_rice,qwen3,5063690,1,달리다 토마토 담기다,1
fruits_nuts_rice,qwen3,5063690,1,토마토 담기다 바구니,1
fruits_nuts_rice,qwen3,5063690,1,담기다 바구니 나무,1
fruits_nuts_rice,qwen3,5063690,1,바구니 나무 받침대,1
fruits_nuts_rice,qwen3,5063690,1,나무 받침대 토마토,1
fruits_nuts_rice,qwen3,5063690,1,받침대 토마토 바구니,1
fruits_nuts_rice,qwen3,5063690,1,토마토 바구니 나오다,1
fruits_nuts_rice,qwen3,5063690,2,익다 토마토 자르다,1
fruits_nuts_rice,qwen3,5063690,2,토마토 자르다 과즙,1
fruits_nuts_rice,qwen3,5063690,2,자르다 과즙 가득,1
fruits_nuts_rice,qwen3,5063690,2,과즙 가득 드러나다,1
fruits_nuts_rice,qwen3,5063690,2,가득 드러나다 토마토,1
fruits_nuts_rice,qwen3,5063690,2,드러나다 토마토 조각,1
fruits_nuts_rice,qwen3,5063690,2,토마토 조각 흰색,1
fruits_nuts_rice,qwen3,5063690,2,조각 흰색 나무,1
fruits_nuts_rice,qwen3,5063690,2,흰색 나무 받침대,1
fruits_nuts_rice,qwen3,5063690,2,나무 받침대 통째,1
fruits_nuts_rice,qwen3,5063690,2,받침대 통째 되다,1
fruits_nuts_rice,qwen3,5063690,2,통째 되다 토마토,1
fruits_nuts_rice,qwen3,5063690,2,되다 토마토 아래,1
fruits_nuts_rice,qwen3,5063690,2,토마토 아래 토마토,1
fruits_nuts_rice,qwen3,5063690,2,아래 토마토 들다,1
fruits_nuts_rice,qwen3,5063690,2,토마토 들다 엮다,1
fruits_nuts_rice,qwen3,5063690,2,들다 엮다 바구니,1
fruits_nuts_rice,qwen3,5063690,2,엮다 바구니 흰색,1
fruits_nuts_rice,qwen3,5063690,2,바구니 흰색 깔리다,1
fruits_nuts_rice,qwen3,5068728,1,흰색 리넨 식탁보,1
fruits_nuts_rice,qwen3,5068728,1,리넨 식탁보 흩뿌리다,1
fruits_nuts_rice,qwen3,5068728,1,식탁보 흩뿌리다 선명,1
fruits_nuts_rice,qwen3,5068728,1,흩뿌리다 선명 주황색,1
fruits_nuts_rice,qwen3,5068728,1,선명 주황색 잘리다,1
fruits_nuts_rice,qwen3,5068728,1,주황색 잘리다 과즙,1
fruits_nuts_rice,qwen3,5068728,1,잘리다 과즙 가득,1
fruits_nuts_rice,qwen3,5068728,1,과즙 가득 드러나다,1
fruits_nuts_rice,qwen3,5068728,2,선명 밝다 주황색,1
fruits_nuts_rice,qwen3,5068728,2,밝다 주황색 따다,1
fruits_nuts_rice,qwen3,5068728,2,주황색 따다 무더기,1
fruits_nuts_rice,qwen3,5068728,2,따다 무더기 쌓이다,1
fruits_nuts_rice,qwen3,5068728,2,무더기 쌓이다 일부,1
fruits_nuts_rice,qwen3,5068728,2,쌓이다 일부 통째,1
fruits_nuts_rice,qwen3,5068728,2,일부 통째 잘리다,1
fruits_nuts_rice,qwen3,5068728,2,통째 잘리다 과즙,1
fruits_nuts_rice,qwen3,5068728,2,잘리다 과즙 가득,1
fruits_nuts_rice,qwen3,5068728,2,과즙 가득 드러나다,1
fruits_nuts_rice,qwen3,5068728,2,가득 드러나다 밝다,1
fruits_nuts_rice,qwen3,5068728,2,드러나다 밝다 표면,1
fruits_nuts_rice,qwen3,5068728,2,밝다 표면 깔리다,1
fruits_nuts_rice,qwen3,5068728,2,표면 깔리다 희다,1
fruits_nuts_rice,qwen3,5070409,1,4 봉지 작다,1
fruits_nuts_rice,qwen3,5070409,1,봉지 작다 밥그릇,1
fruits_nuts_rice,qwen3,5070409,1,작다 밥그릇 밝다,1
fruits_nuts_rice,qwen3,5070409,1,밥그릇 밝다 회색,1
fruits_nuts_rice,qwen3,5070409,1,밝다 회색 함께,1
fruits_nuts_rice,qwen3,5070409,2,밝다 회색 배경,1
fruits_nuts_rice,qwen3,5070409,2,회색 배경 희다,1
fruits_nuts_rice,qwen3,5070409,2,배경 희다 쌀알,1
fruits_nuts_rice,qwen3,5070409,2,희다 쌀알 가득,1
fruits_nuts_rice,qwen3,5070409,2,쌀알 가득 차다,1
fruits_nuts_rice,qwen3,5094562,1,타무르 프리미엄 대추,1
fruits_nuts_rice,qwen3,5094562,1,프리미엄 대추 야자,1
fruits_nuts_rice,qwen3,5094562,1,대추 야자 디저트,1
fruits_nuts_rice,qwen3,5094562,1,야자 디저트 개방,1
fruits_nuts_rice,qwen3,5094562,1,디저트 개방 주황색,1
fruits_nuts_rice,qwen3,5094562,1,개방 주황색 상자,1
fruits_nuts_rice,qwen3,5094562,1,주황색 상자 상자,1
fruits_nuts_rice,qwen3,5094562,1,상자 상자 다양,1
fruits_nuts_rice,qwen3,5094562,1,상자 다양 종류,1
fruits_nuts_rice,qwen3,5094562,1,다양 종류 대추야자,1
fruits_nuts_rice,qwen3,5094562,1,종류 대추야자 격자,1
fruits_nuts_rice,qwen3,5094562,1,대추야자 격자 모양,1
fruits_nuts_rice,qwen3,5094562,1,격자 모양 정렬,1
fruits_nuts_rice,qwen3,5094562,1,모양 정렬 뚜껑,1
fruits_nuts_rice,qwen3,5094562,1,정렬 뚜껑 브랜드,1
fruits_nuts_rice,qwen3,5094562,1,뚜껑 브랜드 슬로건,1
fruits_nuts_rice,qwen3,5094562,1,브랜드 슬로건 적히다,1
fruits_nuts_rice,qwen3,5094562,2,각기 토핑 얹다,1
fruits_nuts_rice,qwen3,5094562,2,토핑 얹다 대추,1
fruits_nuts_rice,qwen3,5094562,2,얹다 대추 야자,1
fruits_nuts_rice,qwen3,5094562,2,대추 야자 12,1
fruits_nuts_rice,qwen3,5094562,2,야자 12 나무,1
fruits_nuts_rice,qwen3,5094562,2,12 나무 쟁반,1
fruits_nuts_rice,qwen3,5094562,2,나무 쟁반 담기다,1
fruits_nuts_rice,qwen3,5094562,2,쟁반 담기다 고급,1
fruits_nuts_rice,qwen3,5094562,2,담기다 고급 선물,1
fruits_nuts_rice,qwen3,5094562,2,고급 선물 상자,1
fruits_nuts_rice,qwen3,5094562,2,선물 상자 상자,1
fruits_nuts_rice,qwen3,5094562,2,상자 상자 자연,1
fruits_nuts_rice,qwen3,5094562,2,상자 자연 갈색,1
fruits_nuts_rice,qwen3,5094562,2,자연 갈색 소재,1
fruits_nuts_rice,qwen3,5094562,2,갈색 소재 만들다,1
fruits_nuts_rice,qwen3,5094562,2,소재 만들다 뚜껑,1
fruits_nuts_rice,qwen3,5094562,2,만들다 뚜껑 고급,1
fruits_nuts_rice,qwen3,5094562,2,뚜껑 고급 경험,1
fruits_nuts_rice,qwen3,5094562,2,고급 경험 선사,1
fruits_nuts_rice,qwen3,5094562,2,경험 선사 문구,1
fruits_nuts_rice,qwen3,5094562,2,선사 문구 적히다,1
fruits_nuts_rice,qwen3,5094562,2,문구 적히다 심플,1
fruits_nuts_rice,qwen3,5094562,2,적히다 심플 디자인,1
fruits_nuts_rice,qwen3,5094562,2,심플 디자인 자랑,1
fruits_nuts_rice,qwen3,5121007,1,초록색 라벨 한국어,1
fruits_nuts_rice,qwen3,5121007,1,라벨 한국어 문구,1
fruits_nuts_rice,qwen3,5121007,1,한국어 문구 적히다,1
fruits_nuts_rice,qwen3,5121007,1,문구 적히다 유기농,1
fruits_nuts_rice,qwen3,5121007,1,적히다 유기농 봉지,1
fruits_nuts_rice,qwen3,5121007,1,유기농 봉지 밝다,1
fruits_nuts_rice,qwen3,5121007,1,봉지 밝다 회색,1
fruits_nuts_rice,qwen3,5121007,1,밝다 회색 작다,1
fruits_nuts_rice,qwen3,5121007,1,회색 작다 밥그릇,1
fruits_nuts_rice,qwen3,5121007,2,밝다 회색 희다,1
fruits_nuts_rice,qwen3,5121007,2,회색 희다 쌀알,1
fruits_nuts_rice,qwen3,5121007,2,희다 쌀알 가득,1
fruits_nuts_rice,qwen3,5121007,2,쌀알 가득 담기다,1
fruits_nuts_rice,qwen3,5132780,1,통키위 6 자르다,1
fruits_nuts_rice,qwen3,5132780,1,6 자르다 2,1
fruits_nuts_rice,qwen3,5132780,1,자르다 2 담기다,1
fruits_nuts_rice,qwen3,5132780,1,2 담기다 녹색,1
fruits_nuts_rice,qwen3,5132780,1,담기다 녹색 과육,1
fruits_nuts_rice,qwen3,5132780,1,녹색 과육 검다,1
fruits_nuts_rice,qwen3,5132780,1,과육 검다 씨앗,1
fruits_nuts_rice,qwen3,5132780,1,검다 씨앗 드러나다,1
fruits_nuts_rice,qwen3,5132780,2,통째 6 자르다,1
fruits_nuts_rice,qwen3,5132780,2,6 자르다 1,1
fruits_nuts_rice,qwen3,5132780,2,자르다 1 담기다,1
fruits_nuts_rice,qwen3,5132780,2,1 담기다 갈색,1
fruits_nuts_rice,qwen3,5132780,2,담기다 갈색 보송보송,1
fruits_nuts_rice,qwen3,5132780,2,갈색 보송보송 껍질,1
fruits_nuts_rice,qwen3,5132780,2,보송보송 껍질 선명,1
fruits_nuts_rice,qwen3,5132780,2,껍질 선명 녹색,1
fruits_nuts_rice,qwen3,5132780,2,선명 녹색 과육,1
fruits_nuts_rice,qwen3,5132780,2,녹색 과육 그리고,1
fruits_nuts_rice,qwen3,5132780,2,과육 그리고 검다,1
fruits_nuts_rice,qwen3,5132780,2,그리고 검다 씨앗,1
fruits_nuts_rice,qwen3,5132780,2,검다 씨앗 드러나다,1
fruits_nuts_rice,qwen3,5134096,1,밝다 회색 10,1
fruits_nuts_rice,qwen3,5134096,1,회색 10 흰색,1
fruits_nuts_rice,qwen3,5134096,1,10 흰색 365,1
fruits_nuts_rice,qwen3,5134096,1,흰색 365 컬리,1
fruits_nuts_rice,qwen3,5134096,1,365 컬리 프레시,1
fruits_nuts_rice,qwen3,5134096,1,컬리 프레시 봉지,1
fruits_nuts_rice,qwen3,5134096,1,프레시 봉지 담다,1
fruits_nuts_rice,qwen3,5134096,1,봉지 담다 작다,1
fruits_nuts_rice,qwen3,5134096,2,밝다 회색 배경,1
fruits_nuts_rice,qwen3,5134096,2,회색 배경 희다,1
fruits_nuts_rice,qwen3,5134096,2,배경 희다 쌀알,1
fruits_nuts_rice,qwen3,5134096,2,희다 쌀알 가득,1
fruits_nuts_rice,qwen3,5134096,2,쌀알 가득 차다,1
fruits_nuts_rice,qwen3,5134096,2,가득 차다 희다,1
fruits_nuts_rice,qwen3,5134096,2,차다 희다 희다,1
fruits_nuts_rice,qwen3,5159977,1,생기 넘치다 노란색,1
fruits_nuts_rice,qwen3,5159977,1,넘치다 노란색 복숭아,1
fruits_nuts_rice,qwen3,5159977,1,노란색 복숭아 통째,1
fruits_nuts_rice,qwen3,5159977,1,복숭아 통째 잘리다,1
fruits_nuts_rice,qwen3,5159977,1,통째 잘리다 과즙,1
fruits_nuts_rice,qwen3,5159977,1,잘리다 과즙 흐르다,1
fruits_nuts_rice,qwen3,5159977,1,과즙 흐르다 속살,1
fruits_nuts_rice,qwen3,5159977,1,흐르다 속살 드러나다,1
fruits_nuts_rice,qwen3,5159977,1,속살 드러나다 밝다,1
fruits_nuts_rice,qwen3,5159977,1,드러나다 밝다 회색,1
fruits_nuts_rice,qwen3,5159977,1,밝다 회색 나뭇잎,1
fruits_nuts_rice,qwen3,5159977,1,회색 나뭇잎 흩어지다,1
fruits_nuts_rice,qwen3,5159977,2,수확 복숭아 클로즈업,1
fruits_nuts_rice,qwen3,5159977,2,복숭아 클로즈업 잘리다,1
fruits_nuts_rice,qwen3,5159977,2,클로즈업 잘리다 과즙,1
fruits_nuts_rice,qwen3,5159977,2,잘리다 과즙 가득,1
fruits_nuts_rice,qwen3,5159977,2,과즙 가득 속살,1
fruits_nuts_rice,qwen3,5159977,2,가득 속살 드러나다,1
fruits_nuts_rice,qwen3,5159977,2,속살 드러나다 복숭아,1
fruits_nuts_rice,qwen3,5159977,2,드러나다 복숭아 노란색,1
fruits_nuts_rice,qwen3,5159977,2,복숭아 노란색 붉다,1
fruits_nuts_rice,qwen3,5159977,2,노란색 붉다 감돌다,1
fruits_nuts_rice,qwen3,5159977,2,붉다 감돌다 주변,1
fruits_nuts_rice,qwen3,5159977,2,감돌다 주변 잎사귀,1
fruits_nuts_rice,qwen3,5159977,2,주변 잎사귀 흩어지다,1
fruits_nuts_rice,qwen3,5162187,1,초록 도다 껍질,1
fruits_nuts_rice,qwen3,5162187,1,도다 껍질 가지다,1
fruits_nuts_rice,qwen3,5162187,1,껍질 가지다 주황색,1
fruits_nuts_rice,qwen3,5162187,1,가지다 주황색 바구니,1
fruits_nuts_rice,qwen3,5162187,1,주황색 바구니 질감,1
fruits_nuts_rice,qwen3,5162187,1,바구니 질감 느끼다,1
fruits_nuts_rice,qwen3,5162187,1,질감 느끼다 흰색,1
fruits_nuts_rice,qwen3,5162187,1,느끼다 흰색 바구니,1
fruits_nuts_rice,qwen3,5162187,1,흰색 바구니 앞쪽,1
fruits_nuts_rice,qwen3,5162187,1,바구니 앞쪽 잘리다,1
fruits_nuts_rice,qwen3,5162187,2,희다 껍질 일부,1
fruits_nuts_rice,qwen3,5162187,2,껍질 일부 초록색,1
fruits_nuts_rice,qwen3,5162187,2,일부 초록색 일부,1
fruits_nuts_rice,qwen3,5162187,2,초록색 일부 주황색,1
fruits_nuts_rice,qwen3,5162187,2,일부 주황색 둥글다,1
fruits_nuts_rice,qwen3,5162187,2,주황색 둥글다 바구니,1
fruits_nuts_rice,qwen3,5162187,2,둥글다 바구니 잘리다,1
fruits_nuts_rice,qwen3,5162187,2,바구니 잘리다 과즙,1
fruits_nuts_rice,qwen3,5162187,2,잘리다 과즙 가득,1
fruits_nuts_rice,qwen3,5162187,2,과즙 가득 조각,1
fruits_nuts_rice,qwen3,5162187,2,가득 조각 드러나다,1
fruits_nuts_rice,qwen3,1000030900,1,정미소 비단 적히다,1
fruits_nuts_rice,qwen3,1000030900,1,비단 적히다 4,1
fruits_nuts_rice,qwen3,1000030900,1,적히다 4 흰색,1
fruits_nuts_rice,qwen3,1000030900,1,4 흰색 봉지,1
fruits_nuts_rice,qwen3,1000030900,1,흰색 봉지 작다,1
fruits_nuts_rice,qwen3,1000030900,1,봉지 작다 밥그릇,1
fruits_nuts_rice,qwen3,1000030900,1,작다 밥그릇 회색,1
fruits_nuts_rice,qwen3,1000030900,2,밝다 회색 희다,1
fruits_nuts_rice,qwen3,1000030900,2,회색 희다 쌀알,1
fruits_nuts_rice,qwen3,1000030900,2,희다 쌀알 가득,1
fruits_nuts_rice,qwen3,1000030900,2,쌀알 가득 차다,1
fruits_nuts_rice,qwen3,1000032485,1,밝다 배경 냉동,1
fruits_nuts_rice,qwen3,1000032485,1,배경 냉동 블루베리,1
fruits_nuts_rice,qwen3,1000032485,1,냉동 블루베리 봉지,1
fruits_nuts_rice,qwen3,1000032485,1,블루베리 봉지 같다,1
fruits_nuts_rice,qwen3,1000032485,1,봉지 같다 블루베리,1
fruits_nuts_rice,qwen3,1000032485,1,같다 블루베리 담기다,1
fruits_nuts_rice,qwen3,1000032485,1,블루베리 담기다 작다,1
fruits_nuts_rice,qwen3,1000032485,2,서리 내리다 겉면,1
fruits_nuts_rice,qwen3,1000032485,2,내리다 겉면 덮이다,1
fruits_nuts_rice,qwen3,1000032485,2,겉면 덮이다 냉동,1
fruits_nuts_rice,qwen3,1000032485,2,덮이다 냉동 블루베리,1
fruits_nuts_rice,qwen3,1000032485,2,냉동 블루베리 가득,1
fruits_nuts_rice,qwen3,1000032485,2,블루베리 가득 차다,1
fruits_nuts_rice,qwen3,1000032485,2,가득 차다 회색,1
fruits_nuts_rice,qwen3,1000032485,2,차다 회색 표면,1
fruits_nuts_rice,qwen3,1000048867,1,풍경 그리다 10,1
fruits_nuts_rice,qwen3,1000048867,1,그리다 10 보라색,1
fruits_nuts_rice,qwen3,1000048867,1,10 보라색 봉지,1
fruits_nuts_rice,qwen3,1000048867,1,보라색 봉지 작다,1
fruits_nuts_rice,qwen3,1000048867,1,봉지 작다 밥그릇,1
fruits_nuts_rice,qwen3,1000048867,1,작다 밥그릇 그리다,1
fruits_nuts_rice,qwen3,1000048867,2,밝다 회색 배경,1
fruits_nuts_rice,qwen3,1000048867,2,회색 배경 희다,1
fruits_nuts_rice,qwen3,1000048867,2,배경 희다 쌀알,1
fruits_nuts_rice,qwen3,1000048867,2,희다 쌀알 가득,1
fruits_nuts_rice,qwen3,1000048867,2,쌀알 가득 차다,1
fruits_nuts_rice,qwen3,1000048867,2,가득 차다 희다,1
fruits_nuts_rice,qwen3,1000066062,1,검은색 뚜껑 달리다,1
fruits_nuts_rice,qwen3,1000066062,1,뚜껑 달리다 투명,1
fruits_nuts_rice,qwen3,1000066062,1,달리다 투명 원통,1
fruits_nuts_rice,qwen3,1000066062,1,투명 원통 용기,1
fruits_nuts_rice,qwen3,1000066062,1,원통 용기 검은색,1
fruits_nuts_rice,qwen3,1000066062,1,용기 검은색 흰색,1
fruits_nuts_rice,qwen3,1000066062,1,검은색 흰색 갈색,1
fruits_nuts_rice,qwen3,1000066062,1,흰색 갈색 다양,1
fruits_nuts_rice,qwen3,1000066062,1,갈색 다양 곡물,1
fruits_nuts_rice,qwen3,1000066062,1,다양 곡물 씨앗,1
fruits_nuts_rice,qwen3,1000066062,1,곡물 씨앗 섞이다,1
fruits_nuts_rice,qwen3,1000066062,1,씨앗 섞이다 흰색,1
fruits_nuts_rice,qwen3,1000066062,1,섞이다 흰색 라벨,1
fruits_nuts_rice,qwen3,1000066062,1,흰색 라벨 한국어,1
fruits_nuts_rice,qwen3,1000066062,1,라벨 한국어 되다,1
fruits_nuts_rice,qwen3,1000066062,1,한국어 되다 글자,1
fruits_nuts_rice,qwen3,1000066062,1,되다 글자 적히다,1
fruits_nuts_rice,qwen3,1000066062,2,희다 검다 현미,1
fruits_nuts_rice,qwen3,1000066062,2,검다 현미 다양,1
fruits_nuts_rice,qwen3,1000066062,2,현미 다양 종류,1
fruits_nuts_rice,qwen3,1000066062,2,다양 종류 섞이다,1
fruits_nuts_rice,qwen3,1000066062,2,종류 섞이다 쌀알,1
fruits_nuts_rice,qwen3,1000066062,2,섞이다 쌀알 자연,1
fruits_nuts_rice,qwen3,1000066062,2,쌀알 자연 상태,1
fruits_nuts_rice,qwen3,1000066062,2,자연 상태 섞이다,1
fruits_nuts_rice,qwen3,1000066062,2,상태 섞이다 쌓이다,1
fruits_nuts_rice,qwen3,1000102438,1,검다 상자 15,1
fruits_nuts_rice,qwen3,1000102438,1,상자 15 사과,1
fruits_nuts_rice,qwen3,1000102438,1,15 사과 들다,1
fruits_nuts_rice,qwen3,1000102438,1,사과 들다 사과,1
fruits_nuts_rice,qwen3,1000102438,1,들다 사과 작다,1
fruits_nuts_rice,qwen3,1000102438,1,사과 작다 예쁘다,1
fruits_nuts_rice,qwen3,1000102438,1,작다 예쁘다 종이컵,1
fruits_nuts_rice,qwen3,1000102438,1,예쁘다 종이컵 담기다,1
fruits_nuts_rice,qwen3,1000102438,1,종이컵 담기다 3,1
fruits_nuts_rice,qwen3,1000102438,1,담기다 3 5,1
fruits_nuts_rice,qwen3,1000102438,1,3 5 격자,1
fruits_nuts_rice,qwen3,1000102438,1,5 격자 모양,1
fruits_nuts_rice,qwen3,1000102438,1,격자 모양 배열,1
fruits_nuts_rice,qwen3,1000102438,2,검다 상자 15,1
fruits_nuts_rice,qwen3,1000102438,2,상자 15 사과,1
fruits_nuts_rice,qwen3,1000102438,2,15 사과 들다,1
fruits_nuts_rice,qwen3,1000102438,2,사과 들다 사과,1
fruits_nuts_rice,qwen3,1000102438,2,들다 사과 작다,1
fruits_nuts_rice,qwen3,1000102438,2,사과 작다 흰색,1
fruits_nuts_rice,qwen3,1000102438,2,작다 흰색 주름,1
fruits_nuts_rice,qwen3,1000102438,2,흰색 주름 지다,1
fruits_nuts_rice,qwen3,1000102438,2,주름 지다 종이컵,1
fruits_nuts_rice,qwen3,1000102438,2,지다 종이컵 담기다,1
fruits_nuts_rice,qwen3,1000118138,1,진주 적히다 브랜드,1
fruits_nuts_rice,qwen3,1000118138,1,적히다 브랜드 파란색,1
fruits_nuts_rice,qwen3,1000118138,1,브랜드 파란색 봉지,1
fruits_nuts_rice,qwen3,1000118138,1,파란색 봉지 4,1
fruits_nuts_rice,qwen3,1000118138,1,봉지 4 회색,1
fruits_nuts_rice,qwen3,1000118138,1,4 회색 봉지,1
fruits_nuts_rice,qwen3,1000118138,1,회색 봉지 위쪽,1
fruits_nuts_rice,qwen3,1000118138,1,봉지 위쪽 작다,1
fruits_nuts_rice,qwen3,1000118138,1,위쪽 작다 담기다,1
fruits_nuts_rice,qwen3,1000118138,1,작다 담기다 보이다,1
fruits_nuts_rice,qwen3,1000118138,2,반점 무늬 밝다,1
fruits_nuts_rice,qwen3,1000118138,2,무늬 밝다 도자기,1
fruits_nuts_rice,qwen3,1000118138,2,밝다 도자기 쌀알,1
fruits_nuts_rice,qwen3,1000118138,2,도자기 쌀알 가지런히,1
fruits_nuts_rice,qwen3,1000118138,2,쌀알 가지런히 담기다,1
fruits_nuts_rice,qwen3,1000122762,1,흰색 질감 사과,1
fruits_nuts_rice,qwen3,1000122762,1,질감 사과 정물,1
fruits_nuts_rice,qwen3,1000122762,1,사과 정물 사과,1
fruits_nuts_rice,qwen3,1000122762,1,정물 사과 일부,1
fruits_nuts_rice,qwen3,1000122762,1,사과 일부 통째,1
fruits_nuts_rice,qwen3,1000122762,1,일부 통째 일부,1
fruits_nuts_rice,qwen3,1000122762,1,통째 일부 잘리다,1
fruits_nuts_rice,qwen3,1000122762,1,일부 잘리다 사과,1
fruits_nuts_rice,qwen3,1000122762,1,잘리다 사과 빨간색,1
fruits_nuts_rice,qwen3,1000122762,1,사과 빨간색 밀봉,1
fruits_nuts_rice,qwen3,1000122762,1,빨간색 밀봉 스티커,1
fruits_nuts_rice,qwen3,1000122762,1,밀봉 스티커 붙다,1
fruits_nuts_rice,qwen3,1000122762,1,스티커 붙다 투명,1
fruits_nuts_rice,qwen3,1000122762,1,붙다 투명 비닐,1
fruits_nuts_rice,qwen3,1000122762,1,투명 비닐 봉지,1
fruits_nuts_rice,qwen3,1000122762,1,비닐 봉지 들다,1
fruits_nuts_rice,qwen3,1000122762,1,봉지 들다 포장지,1
fruits_nuts_rice,qwen3,1000122762,1,들다 포장지 한국어,1
fruits_nuts_rice,qwen3,1000122762,1,포장지 한국어 문구,1
fruits_nuts_rice,qwen3,1000122762,1,한국어 문구 적히다,1
fruits_nuts_rice,qwen3,1000122762,1,문구 적히다 사과,1
fruits_nuts_rice,qwen3,1000122762,1,적히다 사과 잘리다,1
fruits_nuts_rice,qwen3,1000122762,1,사과 잘리다 연하다,1
fruits_nuts_rice,qwen3,1000122762,1,잘리다 연하다 노란색,1
fruits_nuts_rice,qwen3,1000122762,1,연하다 노란색 과육,1
fruits_nuts_rice,qwen3,1000122762,1,노란색 과육 씨앗,1
fruits_nuts_rice,qwen3,1000122762,1,과육 씨앗 드러나다,1
fruits_nuts_rice,qwen3,1000122762,2,흰색 사과 클로즈업,1
fruits_nuts_rice,qwen3,1000122762,2,사과 클로즈업 사과,1
fruits_nuts_rice,qwen3,1000122762,2,클로즈업 사과 일부,1
fruits_nuts_rice,qwen3,1000122762,2,사과 일부 통째,1
fruits_nuts_rice,qwen3,1000122762,2,일부 통째 잘리다,1
fruits_nuts_rice,qwen3,1000122762,2,통째 잘리다 연하다,1
fruits_nuts_rice,qwen3,1000122762,2,잘리다 연하다 노란색,1
fruits_nuts_rice,qwen3,1000122762,2,연하다 노란색 과육,1
fruits_nuts_rice,qwen3,1000122762,2,노란색 과육 씨앗,1
fruits_nuts_rice,qwen3,1000122762,2,과육 씨앗 드러나다,1
fruits_nuts_rice,qwen3,1000122762,2,씨앗 드러나다 사과,1
fruits_nuts_rice,qwen3,1000122762,2,드러나다 사과 빨간색,1
fruits_nuts_rice,qwen3,1000122762,2,사과 빨간색 밀봉,1
fruits_nuts_rice,qwen3,1000122762,2,빨간색 밀봉 스티커,1
fruits_nuts_rice,qwen3,1000122762,2,밀봉 스티커 붙다,1
fruits_nuts_rice,qwen3,1000122762,2,스티커 붙다 투명,1
fruits_nuts_rice,qwen3,1000122762,2,붙다 투명 비닐,1
fruits_nuts_rice,qwen3,1000122762,2,투명 비닐 봉지,1
fruits_nuts_rice,qwen3,1000122762,2,비닐 봉지 들다,1
fruits_nuts_rice,qwen3,1000144509,1,365 컬리 프레시,1
fruits_nuts_rice,qwen3,1000144509,1,컬리 프레시 4,1
fruits_nuts_rice,qwen3,1000144509,1,프레시 4 봉지,1
fruits_nuts_rice,qwen3,1000144509,1,4 봉지 밝다,1
fruits_nuts_rice,qwen3,1000144509,1,봉지 밝다 회색,1
fruits_nuts_rice,qwen3,1000144509,1,밝다 회색 작다,1
fruits_nuts_rice,qwen3,1000144509,1,회색 작다 밥그릇,1
fruits_nuts_rice,qwen3,1000144509,2,밝다 회색 희다,1
fruits_nuts_rice,qwen3,1000144509,2,회색 희다 쌀알,1
fruits_nuts_rice,qwen3,1000144509,2,희다 쌀알 가득,1
fruits_nuts_rice,qwen3,1000144509,2,쌀알 가득 담기다,1
fruits_nuts_rice,qwen3,1000253378,1,연두색 냉동 블루베리,1
fruits_nuts_rice,qwen3,1000253378,1,냉동 블루베리 가득,1
fruits_nuts_rice,qwen3,1000253378,1,블루베리 가득 담기다,1
fruits_nuts_rice,qwen3,1000253378,1,가득 담기다 은색,1
fruits_nuts_rice,qwen3,1000253378,1,담기다 은색 숟가락,1
fruits_nuts_rice,qwen3,1000253378,1,은색 숟가락 베리,1
fruits_nuts_rice,qwen3,1000253378,1,숟가락 베리 짙다,1
fruits_nuts_rice,qwen3,1000253378,1,베리 짙다 파란색,1
fruits_nuts_rice,qwen3,1000253378,1,짙다 파란색 서리,1
fruits_nuts_rice,qwen3,1000253378,1,파란색 서리 내리다,1
fruits_nuts_rice,qwen3,1000253378,1,서리 내리다 겉면,1
fruits_nuts_rice,qwen3,1000253378,1,내리다 겉면 돋보이다,1
fruits_nuts_rice,qwen3,1000253378,1,겉면 돋보이다 회색,1
fruits_nuts_rice,qwen3,1000253378,2,얼리다 블루베리 가득,1
fruits_nuts_rice,qwen3,1000253378,2,블루베리 가득 담기다,1
fruits_nuts_rice,qwen3,1000253378,2,가득 담기다 연하다,1
fruits_nuts_rice,qwen3,1000253378,2,담기다 연하다 녹색,1
fruits_nuts_rice,qwen3,1000253378,2,연하다 녹색 클로즈업,1
fruits_nuts_rice,qwen3,1000253378,2,녹색 클로즈업 전경,1
fruits_nuts_rice,qwen3,1000253378,2,클로즈업 전경 블루베리,1
fruits_nuts_rice,qwen3,1000253378,2,전경 블루베리 얹다,1
fruits_nuts_rice,qwen3,1000253378,2,블루베리 얹다 은색,1
fruits_nuts_rice,qwen3,1000253378,2,얹다 은색 숟가락,1
fruits_nuts_rice,qwen3,1000338204,1,밝다 회색 냉동,1
fruits_nuts_rice,qwen3,1000338204,1,회색 냉동 블루베리,1
fruits_nuts_rice,qwen3,1000338204,1,냉동 블루베리 봉지,1
fruits_nuts_rice,qwen3,1000338204,1,블루베리 봉지 블루베리,1
fruits_nuts_rice,qwen3,1000338204,2,얼리다 블루베리 가득,1
fruits_nuts_rice,qwen3,1000338204,2,블루베리 가득 차다,1
fruits_nuts_rice,qwen3,1000338204,2,가득 차다 흰색,1
fruits_nuts_rice,qwen3,1000338204,2,차다 흰색 블루베리,1
fruits_nuts_rice,qwen3,1000338204,2,흰색 블루베리 짙다,1
fruits_nuts_rice,qwen3,1000338204,2,블루베리 짙다 보라색,1
fruits_nuts_rice,qwen3,1000338204,2,짙다 보라색 질감,1
fruits_nuts_rice,qwen3,1000338204,2,보라색 질감 돋보이다,1
fruits_nuts_rice,qwen3,1000763360,1,밝다 파란색 초록색,1
fruits_nuts_rice,qwen3,1000763360,1,파란색 초록색 포도,1
fruits_nuts_rice,qwen3,1000763360,1,초록색 포도 송이,1
fruits_nuts_rice,qwen3,1000763360,1,포도 송이 밝다,1
fruits_nuts_rice,qwen3,1000763360,1,송이 밝다 회색,1
fruits_nuts_rice,qwen3,1000763360,1,밝다 회색 잘리다,1
fruits_nuts_rice,qwen3,1000763360,1,회색 잘리다 포도,1
fruits_nuts_rice,qwen3,1000763360,1,잘리다 포도 조각,1
fruits_nuts_rice,qwen3,1000763360,2,희다 따오다 초록색,1
fruits_nuts_rice,qwen3,1000763360,2,따오다 초록색 포도,1
fruits_nuts_rice,qwen3,1000763360,2,초록색 포도 송이,1
fruits_nuts_rice,qwen3,1000763360,2,포도 송이 잘리다,1
fruits_nuts_rice,qwen3,1000763360,2,송이 잘리다 포도,1
fruits_nuts_rice,qwen3,1000763360,2,잘리다 포도 윤기,1
fruits_nuts_rice,qwen3,1000763360,2,포도 윤기 나다,1
fruits_nuts_rice,qwen3,1000763360,2,윤기 나다 가득,1
fruits_nuts_rice,qwen3,1000763360,2,나다 가득 보이다,1
fruits_nuts_rice,qwen3,1000763360,2,가득 보이다 표면,1
fruits_nuts_rice,qwen3,1000763360,2,보이다 표면 물방울,1
fruits_nuts_rice,qwen3,1000763360,2,표면 물방울 방울,1
fruits_nuts_rice,qwen3,1000763360,2,물방울 방울 맺히다,1
fruits_nuts_rice,qwen3,1000858612,1,365 적히다 라벨,1
fruits_nuts_rice,qwen3,1000858612,1,적히다 라벨 붙다,1
fruits_nuts_rice,qwen3,1000858612,1,라벨 붙다 파인애플,1
fruits_nuts_rice,qwen3,1000858612,1,붙다 파인애플 조각,1
fruits_nuts_rice,qwen3,1000858612,1,파인애플 조각 들다,1
fruits_nuts_rice,qwen3,1000858612,1,조각 들다 플라스틱,1
fruits_nuts_rice,qwen3,1000858612,1,들다 플라스틱 용기,1
fruits_nuts_rice,qwen3,1000858612,1,플라스틱 용기 회색,1
fruits_nuts_rice,qwen3,1000858612,1,용기 회색 흰색,1
fruits_nuts_rice,qwen3,1000858612,1,회색 흰색 파인애플,1
fruits_nuts_rice,qwen3,1000858612,1,흰색 파인애플 조각,1
fruits_nuts_rice,qwen3,1000858612,1,파인애플 조각 담기다,1
fruits_nuts_rice,qwen3,1000858612,2,희다 파인애플 조각,1
fruits_nuts_rice,qwen3,1000867509,1,7 향미 적히다,1
fruits_nuts_rice,qwen3,1000867509,1,향미 적히다 4,1
fruits_nuts_rice,qwen3,1000867509,1,적히다 4 포대,1
fruits_nuts_rice,qwen3,1000867509,1,4 포대 연하다,1
fruits_nuts_rice,qwen3,1000867509,1,포대 연하다 녹색,1
fruits_nuts_rice,qwen3,1000867509,1,연하다 녹색 작다,1
fruits_nuts_rice,qwen3,1000867509,1,녹색 작다 담기다,1
fruits_nuts_rice,qwen3,1000867509,1,작다 담기다 이삭,1
fruits_nuts_rice,qwen3,1000867509,2,7 향미 적히다,1
fruits_nuts_rice,qwen3,1000867509,2,향미 적히다 4,1
fruits_nuts_rice,qwen3,1000867509,2,적히다 4 희다,1
fruits_nuts_rice,qwen3,1000867509,2,4 희다 봉지,1
fruits_nuts_rice,qwen3,1000867509,2,희다 봉지 연하다,1
fruits_nuts_rice,qwen3,1000867509,2,봉지 연하다 녹색,1
fruits_nuts_rice,qwen3,1000867509,2,연하다 녹색 쌀알,1
fruits_nuts_rice,qwen3,1000867509,2,녹색 쌀알 이삭,1
fruits_nuts_rice,qwen3,1000867509,2,쌀알 이삭 담기다,1
fruits_nuts_rice,qwen3,1000867509,2,이삭 담기다 작다,1
fruits_nuts_rice,qwen3,1000867509,2,담기다 작다 왼쪽,1
fruits_nuts_rice,qwen3,1000867509,2,작다 왼쪽 희다,1
fruits_nuts_rice,qwen3,1000867511,1,쌀알 그림 작다,1
fruits_nuts_rice,qwen3,1000867511,1,그림 작다 그리다,1
fruits_nuts_rice,qwen3,1000867511,1,작다 그리다 7,1
fruits_nuts_rice,qwen3,1000867511,1,그리다 7 향미,1
fruits_nuts_rice,qwen3,1000867511,1,7 향미 적히다,1
fruits_nuts_rice,qwen3,1000867511,1,향미 적히다 8,1
fruits_nuts_rice,qwen3,1000867511,1,적히다 8 흰색,1
fruits_nuts_rice,qwen3,1000867511,1,8 흰색 봉지,1
fruits_nuts_rice,qwen3,1000867511,1,흰색 봉지 비다,1
fruits_nuts_rice,qwen3,1000867511,1,봉지 비다 줄기,1
fruits_nuts_rice,qwen3,1000867511,1,비다 줄기 연하다,1
fruits_nuts_rice,qwen3,1000867511,1,줄기 연하다 녹색,1
fruits_nuts_rice,qwen3,1000867511,2,7 향미 적히다,1
fruits_nuts_rice,qwen3,1000867511,2,향미 적히다 8,1
fruits_nuts_rice,qwen3,1000867511,2,적히다 8 포대,1
fruits_nuts_rice,qwen3,1000867511,2,8 포대 연하다,1
fruits_nuts_rice,qwen3,1000867511,2,포대 연하다 녹색,1
fruits_nuts_rice,qwen3,1000867511,2,연하다 녹색 작다,1
fruits_nuts_rice,qwen3,1000867511,2,녹색 작다 담기다,1
fruits_nuts_rice,qwen3,1000867511,2,작다 담기다 말리다,1
fruits_nuts_rice,qwen3,1000867511,2,담기다 말리다 줄기,1
fruits_nuts_rice,qwen3,1000867511,2,말리다 줄기 함께,1
fruits_nuts_rice,qwen3,1000867511,2,줄기 함께 포장,1
fruits_nuts_rice,qwen3,1000867511,2,함께 포장 흰색,1
fruits_nuts_rice,qwen3,1000867511,2,포장 흰색 한국어,1
fruits_nuts_rice,qwen3,1000867511,2,흰색 한국어 문구,1
fruits_nuts_rice,qwen3,1000867511,2,한국어 문구 적히다,1
fruits_nuts_rice,qwen3,1000867511,2,문구 적히다 미니멀,1
fruits_nuts_rice,qwen3,1000867511,2,적히다 미니멀 디자인,1
fruits_nuts_rice,qwen3,1000908371,1,밝다 사과 상자,1
fruits_nuts_rice,qwen3,1000908371,1,사과 상자 주위,1
fruits_nuts_rice,qwen3,1000908371,1,상자 주위 사과,1
fruits_nuts_rice,qwen3,1000908371,1,주위 사과 썰다,1
fruits_nuts_rice,qwen3,1000908371,1,사과 썰다 사과,1
fruits_nuts_rice,qwen3,1000908371,1,썰다 사과 흩어지다,1
fruits_nuts_rice,qwen3,1000908371,1,사과 흩어지다 선명,1
fruits_nuts_rice,qwen3,1000908371,1,흩어지다 선명 붉다,1
fruits_nuts_rice,qwen3,1000908371,1,선명 붉다 껍질,1
fruits_nuts_rice,qwen3,1000908371,1,붉다 껍질 아삭아삭,1
fruits_nuts_rice,qwen3,1000908371,1,껍질 아삭아삭 과육,1
fruits_nuts_rice,qwen3,1000908371,1,아삭아삭 과육 뽐내다,1
fruits_nuts_rice,qwen3,1000908371,2,붉다 사과 클로즈업,1
fruits_nuts_rice,qwen3,1000908371,2,사과 클로즈업 일부,1
fruits_nuts_rice,qwen3,1000908371,2,클로즈업 일부 통째,1
fruits_nuts_rice,qwen3,1000908371,2,일부 통째 잘리다,1
fruits_nuts_rice,qwen3,1000908371,2,통째 잘리다 조각,1
fruits_nuts_rice,qwen3,1000908371,2,잘리다 조각 베이지,1
fruits_nuts_rice,qwen3,1000908371,2,조각 베이지 배경,1
fruits_nuts_rice,qwen3,1000908371,2,베이지 배경 골판지,1
fruits_nuts_rice,qwen3,1000908371,2,배경 골판지 상자,1
fruits_nuts_rice,qwen3,1000908371,2,골판지 상자 일부,1
fruits_nuts_rice,qwen3,1000908371,2,상자 일부 보이다,1
fruits_nuts_rice,qwen3,1000973922,1,밝다 회색 흰색,1
fruits_nuts_rice,qwen3,1000973922,1,회색 흰색 상자,1
fruits_nuts_rice,qwen3,1000973922,1,흰색 상자 365,1
fruits_nuts_rice,qwen3,1000973922,1,상자 365 혼합,1
fruits_nuts_rice,qwen3,1000973922,1,365 혼합 견과,1
fruits_nuts_rice,qwen3,1000973922,1,혼합 견과 포장,1
fruits_nuts_rice,qwen3,1000973922,1,견과 포장 상자,1
fruits_nuts_rice,qwen3,1000973922,1,포장 상자 앞쪽,1
fruits_nuts_rice,qwen3,1000973922,1,상자 앞쪽 견과,1
fruits_nuts_rice,qwen3,1000973922,1,앞쪽 견과 담기다,1
fruits_nuts_rice,qwen3,1000973922,1,견과 담기다 작다,1
fruits_nuts_rice,qwen3,1000973922,1,담기다 작다 흰색,1
fruits_nuts_rice,qwen3,1000973922,2,아몬드 캐슈넛 호두,1
fruits_nuts_rice,qwen3,1000973922,2,캐슈넛 호두 피칸,1
fruits_nuts_rice,qwen3,1000973922,2,호두 피칸 다양,1
fruits_nuts_rice,qwen3,1000973922,2,피칸 다양 견과,1
fruits_nuts_rice,qwen3,1000973922,2,다양 견과 섞이다,1
fruits_nuts_rice,qwen3,1000973922,2,견과 섞이다 담기다,1
fruits_nuts_rice,qwen3,1000973922,2,섞이다 담기다 흰색,1
fruits_nuts_rice,qwen3,1000973922,2,담기다 흰색 한국어,1
fruits_nuts_rice,qwen3,1000973922,2,흰색 한국어 365,1
fruits_nuts_rice,qwen3,1000973922,2,한국어 365 적히다,1
fruits_nuts_rice,qwen3,1000973922,2,365 적히다 흰색,1
fruits_nuts_rice,qwen3,1000973922,2,적히다 흰색 포장지,1
fruits_nuts_rice,qwen3,1000973922,2,흰색 포장지 회색,1
fruits_nuts_rice,qwen3,1000973922,2,포장지 회색 표면,1
fruits_nuts_rice,qwen3,1001234463,1,밝다 파란색 선명,1
fruits_nuts_rice,qwen3,1001234463,1,파란색 선명 빨간색,1
fruits_nuts_rice,qwen3,1001234463,1,선명 빨간색 타원,1
fruits_nuts_rice,qwen3,1001234463,1,빨간색 타원 방울,1
fruits_nuts_rice,qwen3,1001234463,1,타원 방울 토마토,1
fruits_nuts_rice,qwen3,1001234463,1,방울 토마토 가득,1
fruits_nuts_rice,qwen3,1001234463,1,토마토 가득 담기다,1
fruits_nuts_rice,qwen3,1001234463,1,가득 담기다 밝다,1
fruits_nuts_rice,qwen3,1001234463,1,담기다 밝다 회색,1
fruits_nuts_rice,qwen3,1001234463,1,밝다 회색 표면,1
fruits_nuts_rice,qwen3,1001234463,1,회색 표면 흩어지다,1
fruits_nuts_rice,qwen3,1001234463,2,밝다 파란색 붉다,1
fruits_nuts_rice,qwen3,1001234463,2,파란색 붉다 체리,1
fruits_nuts_rice,qwen3,1001234463,2,붉다 체리 토마토,1
fruits_nuts_rice,qwen3,1001234463,2,체리 토마토 가득,1
fruits_nuts_rice,qwen3,1001234463,2,토마토 가득 담기다,1
fruits_nuts_rice,qwen3,1001234463,2,가득 담기다 밝다,1
fruits_nuts_rice,qwen3,1001234463,2,담기다 밝다 표면,1
fruits_nuts_rice,qwen3,1001234463,2,밝다 표면 흩어지다,1
fruits_nuts_rice,qwen3,1001303421,1,감돌다 붉다 사과,1
fruits_nuts_rice,qwen3,1001303421,1,붉다 사과 밝다,1
fruits_nuts_rice,qwen3,1001303421,1,사과 밝다 잘리다,1
fruits_nuts_rice,qwen3,1001303421,1,밝다 잘리다 연하다,1
fruits_nuts_rice,qwen3,1001303421,1,잘리다 연하다 노란색,1
fruits_nuts_rice,qwen3,1001303421,1,연하다 노란색 과육,1
fruits_nuts_rice,qwen3,1001303421,1,노란색 과육 씨앗,1
fruits_nuts_rice,qwen3,1001303421,1,과육 씨앗 드러나다,1
fruits_nuts_rice,qwen3,1001303421,2,반점 흩뿌리다 사과,1
fruits_nuts_rice,qwen3,1001303421,2,흩뿌리다 사과 무더기,1
fruits_nuts_rice,qwen3,1001303421,2,사과 무더기 일부,1
fruits_nuts_rice,qwen3,1001303421,2,무더기 일부 통째,1
fruits_nuts_rice,qwen3,1001303421,2,일부 통째 잘리다,1
fruits_nuts_rice,qwen3,1001303421,2,통째 잘리다 연하다,1
fruits_nuts_rice,qwen3,1001303421,2,잘리다 연하다 노란색,1
fruits_nuts_rice,qwen3,1001303421,2,연하다 노란색 과육,1
fruits_nuts_rice,qwen3,1001303421,2,노란색 과육 씨앗,1
fruits_nuts_rice,qwen3,1001303421,2,과육 씨앗 드러나다,1
fruits_nuts_rice,qwen3,1001303421,2,씨앗 드러나다 사과,1
fruits_nuts_rice,qwen3,1001303421,2,드러나다 사과 밝다,1
fruits_nuts_rice,qwen3,1001303421,2,사과 밝다 질감,1
fruits_nuts_rice,qwen3,1001303421,2,밝다 질감 느끼다,1
fruits_nuts_rice,qwen3,1001502284,1,중성 회색 배경,1
fruits_nuts_rice,qwen3,1001502284,1,회색 배경 배경,1
fruits_nuts_rice,qwen3,1001502284,1,배경 배경 주름,1
fruits_nuts_rice,qwen3,1001502284,1,배경 주름 지다,1
fruits_nuts_rice,qwen3,1001502284,1,주름 지다 희다,1
fruits_nuts_rice,qwen3,1001502284,1,지다 희다 녹색,1
fruits_nuts_rice,qwen3,1001502284,1,희다 녹색 줄기,1
fruits_nuts_rice,qwen3,1001502284,1,녹색 줄기 달리다,1
fruits_nuts_rice,qwen3,1001502284,1,줄기 달리다 짙다,1
fruits_nuts_rice,qwen3,1001502284,1,달리다 짙다 빨간색,1
fruits_nuts_rice,qwen3,1001502284,1,짙다 빨간색 체리,1
fruits_nuts_rice,qwen3,1001502284,1,빨간색 체리 무더기,1
fruits_nuts_rice,qwen3,1001502284,2,회색 희다 깔다,1
fruits_nuts_rice,qwen3,1001502284,2,희다 깔다 녹색,1
fruits_nuts_rice,qwen3,1001502284,2,깔다 녹색 줄기,1
fruits_nuts_rice,qwen3,1001502284,2,녹색 줄기 물방울,1
fruits_nuts_rice,qwen3,1001502284,2,줄기 물방울 맺히다,1
fruits_nuts_rice,qwen3,1001502284,2,물방울 맺히다 붉다,1
fruits_nuts_rice,qwen3,1001502284,2,맺히다 붉다 체리,1
fruits_nuts_rice,qwen3,1001502284,2,붉다 체리 무더기,1
fruits_nuts_rice,qwen3,1001729429,1,고시혜카리 적히다 10,1
fruits_nuts_rice,qwen3,1001729429,1,적히다 10 백미,1
fruits_nuts_rice,qwen3,1001729429,1,10 백미 봉지,1
fruits_nuts_rice,qwen3,1001729429,1,백미 봉지 금색,1
fruits_nuts_rice,qwen3,1001729429,1,봉지 금색 마크,1
fruits_nuts_rice,qwen3,1001729429,1,금색 마크 붙다,1
fruits_nuts_rice,qwen3,1001729429,1,마크 붙다 한국어,1
fruits_nuts_rice,qwen3,1001729429,1,붙다 한국어 문구,1
fruits_nuts_rice,qwen3,1001729429,1,한국어 문구 작다,1
fruits_nuts_rice,qwen3,1001729429,1,문구 작다 밥그릇,1
fruits_nuts_rice,qwen3,1001729429,1,작다 밥그릇 그리다,1
fruits_nuts_rice,qwen3,1001729429,2,희다 쌀밥 가득,1
fruits_nuts_rice,qwen3,1001729429,2,쌀밥 가득 담기다,1
fruits_nuts_rice,qwen3,1001729429,2,가득 담기다 희다,1
fruits_nuts_rice,qwen3,1001729429,2,담기다 희다 희다,1
fruits_nuts_rice,qwen3,1001729429,2,희다 희다 흩어지다,1
fruits_nuts_rice,qwen3,1001729429,2,희다 흩어지다 쌀알,1
fruits_nuts_rice,qwen3,1001882653,1,타원 빨간색 노란색,1
fruits_nuts_rice,qwen3,1001882653,1,빨간색 노란색 사과,1
fruits_nuts_rice,qwen3,1001882653,1,노란색 사과 담기다,1
fruits_nuts_rice,qwen3,1001882653,1,사과 담기다 잘리다,1
fruits_nuts_rice,qwen3,1001882653,1,담기다 잘리다 조각,1
fruits_nuts_rice,qwen3,1001882653,1,잘리다 조각 회색,1
fruits_nuts_rice,qwen3,1001882653,1,조각 회색 표면,1
fruits_nuts_rice,qwen3,1001882653,2,타원 빨간색 노란색,1
fruits_nuts_rice,qwen3,1001882653,2,빨간색 노란색 사과,1
fruits_nuts_rice,qwen3,1001882653,2,노란색 사과 잘리다,1
fruits_nuts_rice,qwen3,1001882653,2,사과 잘리다 과즙,1
fruits_nuts_rice,qwen3,1001882653,2,잘리다 과즙 흐르다,1
fruits_nuts_rice,qwen3,1001882653,2,과즙 흐르다 드러나다,1
fruits_nuts_rice,qwen3,1001882653,2,흐르다 드러나다 회색,1
fruits_nuts_rice,qwen3,1001882653,2,드러나다 회색 표면,1
fruits_nuts_rice,qwen3,1001882653,2,회색 표면 사과,1
fruits_nuts_rice,qwen3,1001882653,2,표면 사과 조각,1
fruits_nuts_rice,qwen3,1002140343,1,파란색 테두리 흰색,1
fruits_nuts_rice,qwen3,1002140343,1,테두리 흰색 타원,1
fruits_nuts_rice,qwen3,1002140343,1,흰색 타원 아보카도,1
fruits_nuts_rice,qwen3,1002140343,1,타원 아보카도 회색,1
fruits_nuts_rice,qwen3,1002140343,1,아보카도 회색 표면,1
fruits_nuts_rice,qwen3,1002140343,1,회색 표면 잘리다,1
fruits_nuts_rice,qwen3,1002140343,1,표면 잘리다 아보카도,1
fruits_nuts_rice,qwen3,1002140343,1,잘리다 아보카도 조각,1
fruits_nuts_rice,qwen3,1002140343,2,테두리 희다 아보카도,1
fruits_nuts_rice,qwen3,1002140343,2,희다 아보카도 드러내다,1
fruits_nuts_rice,qwen3,1002140343,2,아보카도 드러내다 자르다,1
fruits_nuts_rice,qwen3,1002140343,2,드러내다 자르다 아보카도,1
fruits_nuts_rice,qwen3,1002140343,2,자르다 아보카도 그리고,1
fruits_nuts_rice,qwen3,1002140343,2,아보카도 그리고 으깨다,1
fruits_nuts_rice,qwen3,1002140343,2,그리고 으깨다 아보카도,1
fruits_nuts_rice,qwen3,1002140343,2,으깨다 아보카도 숟가락,1
fruits_nuts_rice,qwen3,1002140343,2,아보카도 숟가락 담기다,1
fruits_nuts_rice,hyperclovax,5003716,1,흰색 바나나 다발,1
fruits_nuts_rice,hyperclovax,5003716,2,흰색 배경 바나나,1
fruits_nuts_rice,hyperclovax,5003716,2,배경 바나나 다발,1
fruits_nuts_rice,hyperclovax,5003716,2,바나나 다발 잘리다,1
fruits_nuts_rice,hyperclovax,5003716,2,다발 잘리다 바나나,1
fruits_nuts_rice,hyperclovax,5025577,1,나무 도마 키위,1
fruits_nuts_rice,hyperclovax,5025577,1,도마 키위 과일,1
fruits_nuts_rice,hyperclovax,5025577,2,잘리다 나무 도마,1
fruits_nuts_rice,hyperclovax,5027321,1,흰색 배경 나무,1
fruits_nuts_rice,hyperclovax,5027321,1,배경 나무 붉은색,1
fruits_nuts_rice,hyperclovax,5027321,1,나무 붉은색 노란색,1
fruits_nuts_rice,hyperclovax,5027321,1,붉은색 노란색 익다,1
fruits_nuts_rice,hyperclovax,5027321,1,노란색 익다 복숭아,1
fruits_nuts_rice,hyperclovax,5027321,2,반질반질 표면 복숭아,1
fruits_nuts_rice,hyperclovax,5027321,2,표면 복숭아 흰색,1
fruits_nuts_rice,hyperclovax,5031442,1,나무 잘리다 바나나,1
fruits_nuts_rice,hyperclovax,5031442,1,잘리다 바나나 바나나,1
fruits_nuts_rice,hyperclovax,5031442,1,바나나 바나나 껍질,1
fruits_nuts_rice,hyperclovax,5031442,1,바나나 껍질 벗겨지다,1
fruits_nuts_rice,hyperclovax,5031442,1,껍질 벗겨지다 바나나,1
fruits_nuts_rice,hyperclovax,5031442,2,잘리다 바나나 나무,1
fruits_nuts_rice,hyperclovax,5031442,2,바나나 나무 포크,1
fruits_nuts_rice,hyperclovax,5031442,2,나무 포크 모습,1
fruits_nuts_rice,hyperclovax,5034841,1,흰색 담기다 잘리다,1
fruits_nuts_rice,hyperclovax,5035954,1,유리 담기다 블루베리,1
fruits_nuts_rice,hyperclovax,5035954,2,담기다 요거트 블루베리,1
fruits_nuts_rice,hyperclovax,5036748,1,키위 과일 담기다,1
fruits_nuts_rice,hyperclovax,5036748,1,과일 담기다 포장,1
fruits_nuts_rice,hyperclovax,5036748,1,담기다 포장 박스,1
fruits_nuts_rice,hyperclovax,5036748,1,포장 박스 담기다,1
fruits_nuts_rice,hyperclovax,5036748,1,박스 담기다 키위,1
fruits_nuts_rice,hyperclovax,5036748,1,담기다 키위 과일,1
fruits_nuts_rice,hyperclovax,5036748,2,포장 키위 담기다,1
fruits_nuts_rice,hyperclovax,5036748,2,키위 담기다 키위,1
fruits_nuts_rice,hyperclovax,5038123,2,포도 송이 아래,1
fruits_nuts_rice,hyperclovax,5038123,2,송이 아래 포도,1
fruits_nuts_rice,hyperclovax,5045631,1,다양 견과 들다,1
fruits_nuts_rice,hyperclovax,5045631,1,견과 들다 6,1
fruits_nuts_rice,hyperclovax,5045631,1,들다 6 견과,1
fruits_nuts_rice,hyperclovax,5045631,1,6 견과 제품,1
fruits_nuts_rice,hyperclovax,5045631,2,목요일 일요일 날짜,1
fruits_nuts_rice,hyperclovax,5045631,2,일요일 날짜 적히다,1
fruits_nuts_rice,hyperclovax,5045631,2,날짜 적히다 6,1
fruits_nuts_rice,hyperclovax,5045631,2,적히다 6 견과,1
fruits_nuts_rice,hyperclovax,5048547,1,10 용량 여주쌀,1
fruits_nuts_rice,hyperclovax,5048580,2,녹색 포도 송이,1
fruits_nuts_rice,hyperclovax,5048580,2,포도 송이 담기다,1
fruits_nuts_rice,hyperclovax,5048580,2,송이 담기다 흰색,1
fruits_nuts_rice,hyperclovax,5049631,1,멜론 멜론 반쪽,1
fruits_nuts_rice,hyperclovax,5049631,2,멜론 멜론 단면,1
fruits_nuts_rice,hyperclovax,5051031,1,고시하리 4 제품,1
fruits_nuts_rice,hyperclovax,5051038,1,10 용량 배진주,1
fruits_nuts_rice,hyperclovax,5052626,1,견과 들다 포장,1
fruits_nuts_rice,hyperclovax,5052626,1,들다 포장 박스,1
fruits_nuts_rice,hyperclovax,5052626,1,포장 박스 문구,1
fruits_nuts_rice,hyperclovax,5052626,1,박스 문구 적히다,1
fruits_nuts_rice,hyperclovax,5052626,1,문구 적히다 포장,2
fruits_nuts_rice,hyperclovax,5052626,1,적히다 포장 봉투,1
fruits_nuts_rice,hyperclovax,5052626,1,포장 봉투 포장,1
fruits_nuts_rice,hyperclovax,5052626,1,봉투 포장 박스,1
fruits_nuts_rice,hyperclovax,5052626,1,포장 박스 포장,3
fruits_nuts_rice,hyperclovax,5052626,1,박스 포장 봉투,3
fruits_nuts_rice,hyperclovax,5052626,1,포장 봉투 아몬드,1
fruits_nuts_rice,hyperclovax,5052626,1,봉투 아몬드 호두,1
fruits_nuts_rice,hyperclovax,5052626,1,아몬드 호두 캐슈너트,1
fruits_nuts_rice,hyperclovax,5052626,1,호두 캐슈너트 견과,1
fruits_nuts_rice,hyperclovax,5052626,1,캐슈너트 견과 그림,1
fruits_nuts_rice,hyperclovax,5052626,1,견과 그림 그리다,1
fruits_nuts_rice,hyperclovax,5052626,1,그림 그리다 20,1
fruits_nuts_rice,hyperclovax,5052626,1,그리다 20 중량,1
fruits_nuts_rice,hyperclovax,5052626,1,20 중량 표시,1
fruits_nuts_rice,hyperclovax,5052626,1,중량 표시 포장,1
fruits_nuts_rice,hyperclovax,5052626,1,표시 포장 박스,1
fruits_nuts_rice,hyperclovax,5052626,1,포장 봉투 나무,1
fruits_nuts_rice,hyperclovax,5052626,1,봉투 나무 무늬,1
fruits_nuts_rice,hyperclovax,5052626,1,나무 무늬 디자인,1
fruits_nuts_rice,hyperclovax,5052626,1,무늬 디자인 견과,1
fruits_nuts_rice,hyperclovax,5052626,1,디자인 견과 함께,1
fruits_nuts_rice,hyperclovax,5052626,1,견과 함께 문구,1
fruits_nuts_rice,hyperclovax,5052626,1,함께 문구 적히다,1
fruits_nuts_rice,hyperclovax,5052626,1,적히다 포장 박스,1
fruits_nuts_rice,hyperclovax,5052626,1,포장 봉투 회색,1
fruits_nuts_rice,hyperclovax,5052626,1,봉투 회색 포장,1
fruits_nuts_rice,hyperclovax,5052626,1,회색 포장 박스,1
fruits_nuts_rice,hyperclovax,5052626,1,포장 박스 견과,1
fruits_nuts_rice,hyperclovax,5052626,1,박스 견과 조금,1
fruits_nuts_rice,hyperclovax,5052626,1,견과 조금 흩어지다,1
fruits_nuts_rice,hyperclovax,5052626,2,아몬드 호두 캐슈넛,1
fruits_nuts_rice,hyperclovax,5052626,2,호두 캐슈넛 견과,1
fruits_nuts_rice,hyperclovax,5052626,2,캐슈넛 견과 들다,1
fruits_nuts_rice,hyperclovax,5052626,2,견과 들다 포장지,1
fruits_nuts_rice,hyperclovax,5053663,1,10 용량 보라색,1
fruits_nuts_rice,hyperclovax,5053663,1,용량 보라색 포장,1
fruits_nuts_rice,hyperclovax,5056014,1,나무 도마 복숭아,1
fruits_nuts_rice,hyperclovax,5056014,2,나무 도마 복숭아,1
fruits_nuts_rice,hyperclovax,5061259,2,사과 계피 나무,1
fruits_nuts_rice,hyperclovax,5061259,2,계피 나무 솔방울,1
fruits_nuts_rice,hyperclovax,5061259,2,나무 솔방울 모습,1
fruits_nuts_rice,hyperclovax,5063578,1,나무 테이블 토마토,1
fruits_nuts_rice,hyperclovax,5063578,1,테이블 토마토 담기다,1
fruits_nuts_rice,hyperclovax,5063578,2,나무 표면 방울토마토,1
fruits_nuts_rice,hyperclovax,5063690,1,흰색 배경 방울토마토,1
fruits_nuts_rice,hyperclovax,5063690,2,잘리다 토마토 토마토,1
fruits_nuts_rice,hyperclovax,5063690,2,토마토 토마토 담기다,1
fruits_nuts_rice,hyperclovax,5063690,2,토마토 담기다 바구니,1
fruits_nuts_rice,hyperclovax,5070409,1,4 들다 포장지,1
fruits_nuts_rice,hyperclovax,5094562,1,타무르 프리미엄 데이츠,1
fruits_nuts_rice,hyperclovax,5094562,1,프리미엄 데이츠 디저트,1
fruits_nuts_rice,hyperclovax,5094562,1,데이츠 디저트 상자,1
fruits_nuts_rice,hyperclovax,5094562,2,12 호두 들어가다,1
fruits_nuts_rice,hyperclovax,5094562,2,호두 들어가다 라즈베리,1
fruits_nuts_rice,hyperclovax,5094562,2,들어가다 라즈베리 바클라바,1
fruits_nuts_rice,hyperclovax,5094562,2,라즈베리 바클라바 담기다,1
fruits_nuts_rice,hyperclovax,5094562,2,바클라바 담기다 상자,1
fruits_nuts_rice,hyperclovax,5121007,1,유기농 포장 제품,1
fruits_nuts_rice,hyperclovax,5121007,2,희다 쌀밥 담기다,1
fruits_nuts_rice,hyperclovax,5121007,2,쌀밥 담기다 흰색,1
fruits_nuts_rice,hyperclovax,5132780,2,테이블 키위 과일,1
fruits_nuts_rice,hyperclovax,5134096,1,담기다 포장 용기,1
fruits_nuts_rice,hyperclovax,5159977,2,껍질 벗겨지다 복숭아,1
fruits_nuts_rice,hyperclovax,5159977,2,벗겨지다 복숭아 껍질,1
fruits_nuts_rice,hyperclovax,5159977,2,복숭아 껍질 그대로,1
fruits_nuts_rice,hyperclovax,5159977,2,껍질 그대로 복숭아,1
fruits_nuts_rice,hyperclovax,5162187,1,흰색 바구니 담기다,1
fruits_nuts_rice,hyperclovax,5162187,1,바구니 담기다 반쪽,1
fruits_nuts_rice,hyperclovax,5162187,2,흰색 배경 담기다,1
fruits_nuts_rice,hyperclovax,1000030900,1,4 비단 포장,1
fruits_nuts_rice,hyperclovax,1000030900,1,비단 포장 모습,1
fruits_nuts_rice,hyperclovax,1000032485,1,냉동 블루베리 제품,1
fruits_nuts_rice,hyperclovax,1000032485,2,얼다 블루베리 담기다,1
fruits_nuts_rice,hyperclovax,1000032485,2,블루베리 담기다 흰색,1
fruits_nuts_rice,hyperclovax,1000048867,1,시월미소미쌀 10 제품,1
fruits_nuts_rice,hyperclovax,1000066062,1,투명 용기 담기다,1
fruits_nuts_rice,hyperclovax,1000066062,1,용기 담기다 다양,1
fruits_nuts_rice,hyperclovax,1000066062,1,담기다 다양 곡물,1
fruits_nuts_rice,hyperclovax,1000066062,1,다양 곡물 들다,1
fruits_nuts_rice,hyperclovax,1000066062,2,종류 곡물 담기다,1
fruits_nuts_rice,hyperclovax,1000102438,1,검은색 상자 담기다,1
fruits_nuts_rice,hyperclovax,1000102438,1,상자 담기다 붉은색,1
fruits_nuts_rice,hyperclovax,1000102438,1,담기다 붉은색 사과,1
fruits_nuts_rice,hyperclovax,1000102438,1,붉은색 사과 정렬,1
fruits_nuts_rice,hyperclovax,1000102438,1,사과 정렬 모습,1
fruits_nuts_rice,hyperclovax,1000102438,2,검은색 상자 담기다,1
fruits_nuts_rice,hyperclovax,1000102438,2,상자 담기다 12,1
fruits_nuts_rice,hyperclovax,1000102438,2,담기다 12 붉다,1
fruits_nuts_rice,hyperclovax,1000102438,2,12 붉다 사과,1
fruits_nuts_rice,hyperclovax,1000118138,1,4 용량 백진주,1
fruits_nuts_rice,hyperclovax,1000118138,1,용량 백진주 패키지,1
fruits_nuts_rice,hyperclovax,1000122762,1,사과 사과 담기다,1
fruits_nuts_rice,hyperclovax,1000122762,1,사과 담기다 포장지,1
fruits_nuts_rice,hyperclovax,1000122762,2,잘리다 붉다 사과,1
fruits_nuts_rice,hyperclovax,1000122762,2,붉다 사과 포장,1
fruits_nuts_rice,hyperclovax,1000122762,2,사과 포장 사과,1
fruits_nuts_rice,hyperclovax,1000122762,2,포장 사과 모습,1
fruits_nuts_rice,hyperclovax,1000144509,1,들다 포장 봉지,1
fruits_nuts_rice,hyperclovax,1000253378,1,녹색 담기다 냉동,1
fruits_nuts_rice,hyperclovax,1000253378,1,담기다 냉동 블루베리,1
fruits_nuts_rice,hyperclovax,1000253378,1,냉동 블루베리 숟가락,1
fruits_nuts_rice,hyperclovax,1000253378,2,얼음 블루베리 담기다,1
fruits_nuts_rice,hyperclovax,1000338204,1,냉동 블루베리 1,1
fruits_nuts_rice,hyperclovax,1000338204,1,블루베리 1 제품,1
fruits_nuts_rice,hyperclovax,1000338204,2,흰색 담기다 건조,1
fruits_nuts_rice,hyperclovax,1000338204,2,담기다 건조 블루베리,1
fruits_nuts_rice,hyperclovax,1000858612,1,포장 파인애플 담기다,1
fruits_nuts_rice,hyperclovax,1000858612,1,파인애플 담기다 파인애플,1
fruits_nuts_rice,hyperclovax,1000858612,1,담기다 파인애플 조각,1
fruits_nuts_rice,hyperclovax,1000858612,2,흰색 조각 파인애플,1
fruits_nuts_rice,hyperclovax,1000867509,1,7 들다 4,1
fruits_nuts_rice,hyperclovax,1000867509,1,들다 4 패키지,1
fruits_nuts_rice,hyperclovax,1000867509,2,4 포장 제품,1
fruits_nuts_rice,hyperclovax,1000867511,1,8 용량 포장,1
fruits_nuts_rice,hyperclovax,1000867511,1,용량 포장 제품,1
fruits_nuts_rice,hyperclovax,1000867511,2,8 포장 제품,1
fruits_nuts_rice,hyperclovax,1000908371,1,갈색 골판지 상자,1
fruits_nuts_rice,hyperclovax,1000908371,1,골판지 상자 담기다,1
fruits_nuts_rice,hyperclovax,1000908371,1,상자 담기다 사과,1
fruits_nuts_rice,hyperclovax,1000908371,1,담기다 사과 사과,1
fruits_nuts_rice,hyperclovax,1000908371,1,사과 사과 조각,1
fruits_nuts_rice,hyperclovax,1000908371,2,적갈색 사과 일부,1
fruits_nuts_rice,hyperclovax,1000908371,2,사과 일부 잘리다,1
fruits_nuts_rice,hyperclovax,1000908371,2,일부 잘리다 갈색,1
fruits_nuts_rice,hyperclovax,1000908371,2,잘리다 갈색 종이,1
fruits_nuts_rice,hyperclovax,1000908371,2,갈색 종이 상자,1
fruits_nuts_rice,hyperclovax,1000973922,1,견과 담기다 견과,1
fruits_nuts_rice,hyperclovax,1000973922,1,담기다 견과 가공,1
fruits_nuts_rice,hyperclovax,1000973922,1,견과 가공 식품,1
fruits_nuts_rice,hyperclovax,1000973922,1,가공 식품 담기다,1
fruits_nuts_rice,hyperclovax,1000973922,1,식품 담기다 패키지,1
fruits_nuts_rice,hyperclovax,1000973922,1,담기다 패키지 모습,1
fruits_nuts_rice,hyperclovax,1000973922,2,견과 담기다 견과,1
fruits_nuts_rice,hyperclovax,1000973922,2,담기다 견과 패키지,1
fruits_nuts_rice,hyperclovax,1001234463,1,파란색 담기다 방울토마토,1
fruits_nuts_rice,hyperclovax,1001234463,1,담기다 방울토마토 바닥,1
fruits_nuts_rice,hyperclovax,1001234463,1,방울토마토 바닥 방울토마토,1
fruits_nuts_rice,hyperclovax,1001234463,2,파란색 담기다 방울토마토,1
fruits_nuts_rice,hyperclovax,1001303421,1,잘리다 사과 사과,1
fruits_nuts_rice,hyperclovax,1001303421,2,껍질 붉다 사과,1
fruits_nuts_rice,hyperclovax,1001502284,1,희다 붉다 체리,1
fruits_nuts_rice,hyperclovax,1001502284,2,젖다 체리 흰색,1
fruits_nuts_rice,hyperclovax,1001729429,1,10 용량 들다,1
fruits_nuts_rice,hyperclovax,1001729429,1,용량 들다 포장지,1
convenience_meals,hyperclovax,5009669,1,다양 재료 들다,1
convenience_meals,hyperclovax,5009669,1,재료 들다 샐러드,1
convenience_meals,hyperclovax,5009669,1,들다 샐러드 담기다,1
convenience_meals,hyperclovax,5009669,1,샐러드 담기다 용기,1
convenience_meals,hyperclovax,5009669,2,담기다 다양 샐러드,1
convenience_meals,hyperclovax,5049405,2,담기다 닭고기 요리,1
convenience_meals,hyperclovax,5050290,1,매콤하다 양념 버무리다,1
convenience_meals,hyperclovax,5050290,1,양념 버무리다 닭고기,1
convenience_meals,hyperclovax,5050290,1,버무리다 닭고기 요리,1
convenience_meals,hyperclovax,5050290,1,닭고기 요리 담기다,1
convenience_meals,hyperclovax,5050290,2,매콤하다 양념 버무리다,1
convenience_meals,hyperclovax,5050290,2,양념 버무리다 닭고기,1
convenience_meals,hyperclovax,5050290,2,버무리다 닭고기 요리,1
convenience_meals,hyperclovax,5050290,2,닭고기 요리 담기다,1
convenience_meals,hyperclovax,5060255,1,흰색 담기다 짙다,1
convenience_meals,hyperclovax,5060255,1,담기다 짙다 갈색,1
convenience_meals,hyperclovax,5060255,1,짙다 갈색 소스,1
convenience_meals,hyperclovax,5060255,1,갈색 소스 버무리다,1
convenience_meals,hyperclovax,5060255,1,소스 버무리다 고기,1
convenience_meals,hyperclovax,5060255,1,버무리다 고기 음식,1
convenience_meals,hyperclovax,5063596,1,빨간색 뚜껑 달리다,1
convenience_meals,hyperclovax,5063596,1,뚜껑 달리다 그라놀라,1
convenience_meals,hyperclovax,5063596,1,달리다 그라놀라 제품,1
convenience_meals,hyperclovax,5063596,1,그라놀라 제품 나란히,1
convenience_meals,hyperclovax,5063596,1,제품 나란히 제품,1
convenience_meals,hyperclovax,5063596,1,나란히 제품 브랜드,1
convenience_meals,hyperclovax,5063596,1,제품 브랜드 함께,1
convenience_meals,hyperclovax,5063596,1,브랜드 함께 그라놀라,1
convenience_meals,hyperclovax,5063596,1,함께 그라놀라 제품,1
convenience_meals,hyperclovax,5063596,1,그라놀라 제품 적히다,1
convenience_meals,hyperclovax,5063596,1,제품 적히다 아래,1
convenience_meals,hyperclovax,5063596,1,적히다 아래 다양,1
convenience_meals,hyperclovax,5063596,1,아래 다양 이름,1
convenience_meals,hyperclovax,5063596,1,다양 이름 적히다,1
convenience_meals,hyperclovax,5063596,2,담기다 다양 종류,1
convenience_meals,hyperclovax,5063596,2,다양 종류 그래놀라,1
convenience_meals,hyperclovax,5066426,1,테스티 브랜드 다양,1
convenience_meals,hyperclovax,5066426,1,브랜드 다양 샐러드,1
convenience_meals,hyperclovax,5066426,1,다양 샐러드 나란히,1
convenience_meals,hyperclovax,5066426,1,샐러드 나란히 배열,1
convenience_meals,hyperclovax,5066426,2,다양 재료 구성,1
convenience_meals,hyperclovax,5066426,2,재료 구성 샐러드,1
convenience_meals,hyperclovax,5066426,2,구성 샐러드 용기,1
convenience_meals,hyperclovax,5066426,2,샐러드 용기 나란히,1
convenience_meals,hyperclovax,5066426,2,용기 나란히 배열,1
convenience_meals,hyperclovax,5072582,1,달걀 샐러드 담기다,1
convenience_meals,hyperclovax,5072582,1,샐러드 담기다 달걀,1
convenience_meals,hyperclovax,5072582,1,담기다 달걀 샐러드,1
convenience_meals,hyperclovax,5072582,2,조각 스크램블 에그,1
convenience_meals,hyperclovax,5072582,2,스크램블 에그 올리다,1
convenience_meals,hyperclovax,5072582,2,에그 올리다 계란,1
convenience_meals,hyperclovax,5072582,2,올리다 계란 샐러드,1
convenience_meals,hyperclovax,5072582,2,계란 샐러드 담기다,1
convenience_meals,hyperclovax,5072582,2,샐러드 담기다 우유,1
convenience_meals,hyperclovax,5072582,2,담기다 우유 담기다,1
convenience_meals,hyperclovax,5072582,2,우유 담기다 모습,1
convenience_meals,hyperclovax,5073094,1,담기다 국수 요리,1
convenience_meals,hyperclovax,5073094,2,국수 고기 얹다,1
convenience_meals,hyperclovax,5073094,2,고기 얹다 음식,1
convenience_meals,hyperclovax,5088325,1,담기다 국수 요리,1
convenience_meals,hyperclovax,5088325,2,국물 담기다 담기다,1
convenience_meals,hyperclovax,5088325,2,담기다 담기다 국수,1
convenience_meals,hyperclovax,5088325,2,담기다 국수 요리,1
convenience_meals,hyperclovax,5090388,1,보이다 국물 요리,1
convenience_meals,hyperclovax,5090388,1,국물 요리 담기다,1
convenience_meals,hyperclovax,5090388,1,요리 담기다 함께,1
convenience_meals,hyperclovax,5090388,1,담기다 함께 국수,1
convenience_meals,hyperclovax,5090388,1,함께 국수 만두,1
convenience_meals,hyperclovax,5090388,1,국수 만두 채소,1
convenience_meals,hyperclovax,5090388,1,만두 채소 함께,1
convenience_meals,hyperclovax,5090388,1,채소 함께 제공,1
convenience_meals,hyperclovax,5090388,1,함께 제공 모습,1
convenience_meals,hyperclovax,5090388,2,보이다 국물 요리,1
convenience_meals,hyperclovax,5090388,2,국물 요리 담기다,1
convenience_meals,hyperclovax,5135831,1,용기 각각 종류,1
convenience_meals,hyperclovax,5135831,1,각각 종류 한식,1
convenience_meals,hyperclovax,5135831,1,종류 한식 담기다,1
convenience_meals,hyperclovax,5135831,1,한식 담기다 상단,1
convenience_meals,hyperclovax,5135831,1,담기다 상단 해당,1
convenience_meals,hyperclovax,5135831,1,상단 해당 상품,1
convenience_meals,hyperclovax,5135831,1,해당 상품 포장,1
convenience_meals,hyperclovax,5135831,1,상품 포장 박스,1
convenience_meals,hyperclovax,5135831,2,포장 한식 도시락,1
convenience_meals,hyperclovax,5156742,1,담기다 국물 요리,1
convenience_meals,hyperclovax,5156742,2,보이다 국물 요리,1
convenience_meals,hyperclovax,5156742,2,국물 요리 담기다,1
convenience_meals,hyperclovax,1000029142,1,샌드위치 포장 비닐,1
convenience_meals,hyperclovax,1000029142,1,포장 비닐 봉지,1
convenience_meals,hyperclovax,1000029142,1,비닐 봉지 흰색,1
convenience_meals,hyperclovax,1000029142,1,봉지 흰색 샌드위치,1
convenience_meals,hyperclovax,1000029142,2,조각 삼각 모양,1
convenience_meals,hyperclovax,1000029142,2,삼각 모양 샌드위치,1
convenience_meals,hyperclovax,1000029142,2,모양 샌드위치 모습,1
convenience_meals,hyperclovax,1000127954,1,다양 버루카 포장,1
convenience_meals,hyperclovax,1000127954,1,버루카 포장 스낵,1
convenience_meals,hyperclovax,1000165839,1,작다 공기 1,1
convenience_meals,hyperclovax,1000165839,1,공기 1 크다,1
convenience_meals,hyperclovax,1000165839,1,1 크다 상자,1
convenience_meals,hyperclovax,1000165839,1,크다 상자 1,1
convenience_meals,hyperclovax,1000165839,2,6 개입 햇반,1
convenience_meals,hyperclovax,1000165839,2,개입 햇반 작은공기,1
convenience_meals,hyperclovax,1000165839,2,햇반 작은공기 즉석밥,1
convenience_meals,hyperclovax,1000169817,1,흰색 포장지 담기다,1
convenience_meals,hyperclovax,1000169817,1,포장지 담기다 상온,1
convenience_meals,hyperclovax,1000169817,1,담기다 상온 제품,1
convenience_meals,hyperclovax,1000169817,1,상온 제품 상자,1
convenience_meals,hyperclovax,1000169817,1,제품 상자 형태,1
convenience_meals,hyperclovax,1000169817,1,상자 형태 포장재,1
convenience_meals,hyperclovax,1000169817,2,희다 들다 상온,1
convenience_meals,hyperclovax,1000169817,2,들다 상온 제품,1
convenience_meals,hyperclovax,1000170826,1,크리미 치즈 소시지,1
convenience_meals,hyperclovax,1000170826,1,치즈 소시지 핫도그,1
convenience_meals,hyperclovax,1000170826,2,노란색 배경 담기다,1
convenience_meals,hyperclovax,1000170826,2,배경 담기다 콘도그,1
convenience_meals,hyperclovax,1000170826,2,담기다 콘도그 왼쪽,1
convenience_meals,hyperclovax,1000170826,2,콘도그 왼쪽 전체,1
convenience_meals,hyperclovax,1000170826,2,왼쪽 전체 콘도그와,1
convenience_meals,hyperclovax,1000170826,2,전체 콘도그와 잘리다,1
convenience_meals,hyperclovax,1000170826,2,콘도그와 잘리다 콘도그,1
convenience_meals,hyperclovax,1000170826,2,잘리다 콘도그 오른쪽,1
convenience_meals,hyperclovax,1000170826,2,콘도그 오른쪽 콘도그,1
convenience_meals,hyperclovax,1000170826,2,오른쪽 콘도그 잘리다,1
convenience_meals,hyperclovax,1000170826,2,콘도그 잘리다 치즈,1
convenience_meals,hyperclovax,1000170826,2,잘리다 치즈 흐르다,1
convenience_meals,hyperclovax,1000170826,2,치즈 흐르다 나오다,1
convenience_meals,hyperclovax,1000185462,1,6 가지 종류,1
convenience_meals,hyperclovax,1000185462,1,가지 종류 냉동,1
convenience_meals,hyperclovax,1000185462,1,종류 냉동 주먹밥,1
convenience_meals,hyperclovax,1000185462,1,냉동 주먹밥 제품,1
convenience_meals,hyperclovax,1000185462,2,6 가지 브랜드,1
convenience_meals,hyperclovax,1000185462,2,가지 브랜드 주먹밥,1
convenience_meals,hyperclovax,1000185462,2,브랜드 주먹밥 제품,1
convenience_meals,hyperclovax,1000202889,1,흰색 포장지 브랜드,1
convenience_meals,hyperclovax,1000202889,1,포장지 브랜드 홀드큰쌀밥,1
convenience_meals,hyperclovax,1000202889,1,브랜드 홀드큰쌀밥 제품,1
convenience_meals,hyperclovax,1000202889,1,홀드큰쌀밥 제품 적히다,1
convenience_meals,hyperclovax,1000202889,1,제품 적히다 상자,1
convenience_meals,hyperclovax,1000202889,1,적히다 상자 동일,1
convenience_meals,hyperclovax,1000202889,1,상자 동일 상자,1
convenience_meals,hyperclovax,1000202889,1,동일 상자 뚜껑,1
convenience_meals,hyperclovax,1000202889,1,상자 뚜껑 담기다,1
convenience_meals,hyperclovax,1000202889,1,뚜껑 담기다 흰색,1
convenience_meals,hyperclovax,1000202889,2,햇반 연제 골든,1
convenience_meals,hyperclovax,1000202889,2,연제 골든 쌀밥,1
convenience_meals,hyperclovax,1000202889,2,골든 쌀밥 6,1
convenience_meals,hyperclovax,1000202889,2,쌀밥 6 개입,1
convenience_meals,hyperclovax,1000202889,2,6 개입 제품,1
convenience_meals,hyperclovax,1000308975,1,99 강정 포장,1
convenience_meals,hyperclovax,1000308975,1,강정 포장 강정,1
convenience_meals,hyperclovax,1000308975,1,포장 강정 조각,1
convenience_meals,hyperclovax,1000308975,1,강정 조각 포크,1
convenience_meals,hyperclovax,1000308975,2,윤기 나다 양념,1
convenience_meals,hyperclovax,1000308975,2,나다 양념 치킨,1
convenience_meals,hyperclovax,1000308975,2,양념 치킨 담기다,1
convenience_meals,hyperclovax,1000572062,1,검은색 냄비 담기다,1
convenience_meals,hyperclovax,1000572062,1,냄비 담기다 육개장,1
convenience_meals,hyperclovax,1000572062,2,검은색 냄비 담기다,1
convenience_meals,hyperclovax,1000572062,2,냄비 담기다 소고기,1
convenience_meals,hyperclovax,1000572062,2,담기다 소고기 국물,1
convenience_meals,hyperclovax,1000572062,2,소고기 국물 요리,1
convenience_meals,hyperclovax,1000619042,1,새우 만두 담기다,1
convenience_meals,hyperclovax,1000619042,1,만두 담기다 흰색,1
convenience_meals,hyperclovax,1000619042,1,담기다 흰색 새우,1
convenience_meals,hyperclovax,1000619042,1,흰색 새우 만두,1
convenience_meals,hyperclovax,1000619042,1,새우 만두 그리다,1
convenience_meals,hyperclovax,1000619042,1,만두 그리다 포장지,1
convenience_meals,hyperclovax,1000619042,2,새우 들어가다 만두,1
convenience_meals,hyperclovax,1000765126,1,담기다 만두 만두,1
convenience_meals,hyperclovax,1000765126,1,만두 만두 포장지,1
convenience_meals,hyperclovax,1000811962,1,검은색 프라이팬 담기다,1
convenience_meals,hyperclovax,1000811962,1,프라이팬 담기다 해산물,1
convenience_meals,hyperclovax,1000811962,1,담기다 해산물 요리,1
convenience_meals,hyperclovax,1000811962,2,해산물 요리 담기다,1
convenience_meals,hyperclovax,1000811962,2,요리 담기다 검은색,1
convenience_meals,hyperclovax,1000811962,2,담기다 검은색 프라이팬,1
convenience_meals,hyperclovax,1000832403,1,햇반 브랜드 현미밥,1
convenience_meals,hyperclovax,1000832403,1,브랜드 현미밥 상품,1
convenience_meals,hyperclovax,1000832403,2,흰색 담기다 뜨다,1
convenience_meals,hyperclovax,1000832403,2,담기다 뜨다 들다,1
convenience_meals,hyperclovax,1000832403,2,뜨다 들다 나무,1
convenience_meals,hyperclovax,1000832403,2,들다 나무 숟가락,1
convenience_meals,hyperclovax,1000942597,1,크림 소스 버섯,1
convenience_meals,hyperclovax,1000942597,1,소스 버섯 붉다,1
convenience_meals,hyperclovax,1000942597,1,버섯 붉다 고추,1
convenience_meals,hyperclovax,1000942597,1,붉다 고추 들어가다,1
convenience_meals,hyperclovax,1000942597,1,고추 들어가다 파스타,1
convenience_meals,hyperclovax,1000942597,1,들어가다 파스타 담기다,1
convenience_meals,hyperclovax,1000942597,2,크림 소스 버무리다,1
convenience_meals,hyperclovax,1000942597,2,소스 버무리다 파스타,1
convenience_meals,hyperclovax,1000942597,2,버무리다 파스타 담기다,1
convenience_meals,hyperclovax,1001191650,1,다양 종류 과자,1
convenience_meals,hyperclovax,1001191650,1,종류 과자 패키지,1
convenience_meals,hyperclovax,1001191650,1,과자 패키지 제품,1
convenience_meals,hyperclovax,1001191650,1,패키지 제품 담기다,1
convenience_meals,hyperclovax,1001191650,2,다양 곤약 젤리,1
convenience_meals,hyperclovax,1001191650,2,곤약 젤리 제품,1
convenience_meals,hyperclovax,1001191650,2,젤리 제품 포장,1
convenience_meals,hyperclovax,1001191650,2,제품 포장 모습,1
convenience_meals,hyperclovax,1001207466,1,조리 갈비 담기다,1
convenience_meals,hyperclovax,1001207466,1,갈비 담기다 냄비,1
convenience_meals,hyperclovax,1001207466,1,담기다 냄비 닭갈비,1
convenience_meals,hyperclovax,1001207466,1,냄비 닭갈비 재료,1
convenience_meals,hyperclovax,1001207466,1,닭갈비 재료 담기다,1
convenience_meals,hyperclovax,1001207466,1,재료 담기다 포장,1
convenience_meals,hyperclovax,1001207466,1,담기다 포장 상자,1
convenience_meals,hyperclovax,1001207466,2,다양 재료 들어가다,1
convenience_meals,hyperclovax,1001207466,2,재료 들어가다 보이다,1
convenience_meals,hyperclovax,1001207466,2,들어가다 보이다 국물,1
convenience_meals,hyperclovax,1001207466,2,보이다 국물 요리,1
convenience_meals,hyperclovax,1001207466,2,국물 요리 담기다,1
convenience_meals,hyperclovax,1001207466,2,요리 담기다 냄비,1
convenience_meals,hyperclovax,1001207695,2,우리 만들다 한우,1
convenience_meals,hyperclovax,1001207695,2,만들다 한우 주먹밥,1
convenience_meals,hyperclovax,1001401863,1,김치 들어가다 볶음밥,1
convenience_meals,hyperclovax,1001401863,1,들어가다 볶음밥 담기다,1
convenience_meals,hyperclovax,1001401863,2,김치 섞이다 볶음밥,1
convenience_meals,hyperclovax,1001401863,2,섞이다 볶음밥 담기다,1
convenience_meals,hyperclovax,1001401863,2,볶음밥 담기다 흰색,1
convenience_meals,hyperclovax,1001422945,1,미미네 엣날떡볶이 담기다,1
convenience_meals,hyperclovax,1001422945,1,엣날떡볶이 담기다 떡볶이,1
convenience_meals,hyperclovax,1001422945,2,소스 버무리다 떡볶이,1
convenience_meals,hyperclovax,1001485256,1,골든콘샌드밥 210 6,1
convenience_meals,hyperclovax,1001485256,1,210 6 상자,1
convenience_meals,hyperclovax,1001485256,2,햇반 연제 골든,1
convenience_meals,hyperclovax,1001485256,2,연제 골든 쌀밥,1
convenience_meals,hyperclovax,1001485256,2,골든 쌀밥 6,1
convenience_meals,hyperclovax,1001485256,2,쌀밥 6 개입,1
convenience_meals,hyperclovax,1001485256,2,6 개입 상품,1
convenience_meals,hyperclovax,1001502057,1,새우 볶음밥 담기다,1
convenience_meals,hyperclovax,1001502057,1,볶음밥 담기다 작다,1
convenience_meals,hyperclovax,1001502057,1,담기다 작다 담기다,1
convenience_meals,hyperclovax,1001502057,1,작다 담기다 반찬,1
convenience_meals,hyperclovax,1001502057,1,담기다 반찬 식탁,1
convenience_meals,hyperclovax,1001502057,2,새우 채소 올리다,1
convenience_meals,hyperclovax,1001502057,2,채소 올리다 요리,1
convenience_meals,hyperclovax,1001529704,1,튀기다 치킨 담기다,1
convenience_meals,hyperclovax,1001529704,2,튀김 입히다 튀김,1
convenience_meals,hyperclovax,1001529704,2,입히다 튀김 요리,1
convenience_meals,hyperclovax,1001529704,2,튀김 요리 담기다,1
convenience_meals,hyperclovax,1001706193,1,보이다 해산물 요리,1
convenience_meals,hyperclovax,1001706193,1,해산물 요리 담기다,1
convenience_meals,hyperclovax,1001706193,1,요리 담기다 냄비,1
convenience_meals,hyperclovax,1001706193,2,검은색 뚝배기 담기다,1
convenience_meals,hyperclovax,1001706193,2,뚝배기 담기다 해산물,1
convenience_meals,hyperclovax,1001706193,2,담기다 해산물 요리,1
convenience_meals,hyperclovax,1001837821,1,갈색 소스 조리,1
convenience_meals,hyperclovax,1001837821,1,소스 조리 소고기,1
convenience_meals,hyperclovax,1001837821,1,조리 소고기 조각,1
convenience_meals,hyperclovax,1001837821,1,소고기 조각 으깨다,1
convenience_meals,hyperclovax,1001837821,1,조각 으깨다 감자,1
convenience_meals,hyperclovax,1001837821,1,으깨다 감자 담기다,1
convenience_meals,hyperclovax,1001837821,1,감자 담기다 흰색,1
convenience_meals,hyperclovax,1001837821,2,갈색 소스 조리,1
convenience_meals,hyperclovax,1001837821,2,소스 조리 소고기,1
convenience_meals,hyperclovax,1001837821,2,조리 소고기 조각,1
convenience_meals,hyperclovax,1001837821,2,소고기 조각 으깨다,1
convenience_meals,hyperclovax,1001837821,2,조각 으깨다 감자,1
convenience_meals,hyperclovax,1001837821,2,으깨다 감자 담기다,1
convenience_meals,hyperclovax,1001861172,1,담기다 국물 요리,1
convenience_meals,hyperclovax,1001861172,2,붉다 국물 다양,1
convenience_meals,hyperclovax,1001861172,2,국물 다양 채소,1
convenience_meals,hyperclovax,1001861172,2,다양 채소 고기,1
convenience_meals,hyperclovax,1001861172,2,채소 고기 들어가다,1
convenience_meals,hyperclovax,1001861172,2,고기 들어가다 음식,1
convenience_meals,hyperclovax,1001861172,2,들어가다 음식 담기다,1
convenience_meals,hyperclovax,1001866269,1,다양 재료 담기다,1
convenience_meals,hyperclovax,1001866269,2,다양 재료 담기다,1
convenience_meals,hyperclovax,1001866269,2,재료 담기다 한국식,1
convenience_meals,hyperclovax,1001866269,2,담기다 한국식 전골,1
convenience_meals,hyperclovax,1001866269,2,한국식 전골 요리,1
convenience_meals,hyperclovax,1001929136,1,윤기 나다 갈색,1
convenience_meals,hyperclovax,1001929136,1,나다 갈색 소스,1
convenience_meals,hyperclovax,1001929136,1,갈색 소스 뿌리다,1
convenience_meals,hyperclovax,1001929136,1,소스 뿌리다 튀김,1
convenience_meals,hyperclovax,1001929136,1,뿌리다 튀김 요리,1
convenience_meals,hyperclovax,1001929136,1,튀김 요리 담기다,1
convenience_meals,hyperclovax,1001929136,2,윤기 나다 소스,1
convenience_meals,hyperclovax,1001929136,2,나다 소스 뿌리다,1
convenience_meals,hyperclovax,1001929136,2,소스 뿌리다 튀김,1
convenience_meals,hyperclovax,1001929136,2,뿌리다 튀김 요리,1
convenience_meals,hyperclovax,1001929136,2,튀김 요리 담기다,1
convenience_meals,hyperclovax,1001931649,1,튀기다 치킨너겟 담기다,1
convenience_meals,hyperclovax,1001931649,2,종이 튀기다 치킨,1
convenience_meals,hyperclovax,1001931649,2,튀기다 치킨 너겟,1
convenience_meals,hyperclovax,1001931649,2,치킨 너겟 담기다,1
convenience_meals,hyperclovax,1001946226,1,시금치 나물 반찬,1
convenience_meals,hyperclovax,1001946226,1,나물 반찬 올리다,1
convenience_meals,hyperclovax,1001946226,1,반찬 올리다 모습,1
convenience_meals,hyperclovax,1001946226,2,시금치 나물 무침,1
convenience_meals,hyperclovax,1001946226,2,나물 무침 담기다,1
convenience_meals,hyperclovax,1001946226,2,무침 담기다 참기름,1
convenience_meals,hyperclovax,1001946226,2,담기다 참기름 뿌리다,1
convenience_meals,hyperclovax,1001946226,2,참기름 뿌리다 양념장,1
convenience_meals,hyperclovax,1002066864,1,빨간색 소스 요리,1
convenience_meals,hyperclovax,1002066864,1,소스 요리 담기다,1
convenience_meals,hyperclovax,1002066864,2,퓨전 짬뽕 피자,1
convenience_meals,hyperclovax,1002066864,2,짬뽕 피자 이름,1
convenience_meals,hyperclovax,1002066864,2,피자 이름 음식,1
convenience_meals,hyperclovax,1002066864,2,이름 음식 담기다,1
convenience_meals,hyperclovax,1002309661,1,소스 버무리다 닭고기,1
convenience_meals,hyperclovax,1002309661,1,버무리다 닭고기 요리,1
convenience_meals,hyperclovax,1002309661,1,닭고기 요리 담기다,1
convenience_meals,hyperclovax,1002309661,2,소스 버무리다 닭고기,1
convenience_meals,hyperclovax,1002309661,2,버무리다 닭고기 요리,1
convenience_meals,hyperclovax,1002309661,2,닭고기 요리 담기다,1
convenience_meals,hyperclovax,1002347378,1,샌드위치 포장 샌드위치,1
convenience_meals,hyperclovax,1002347378,1,포장 샌드위치 제품,1
convenience_meals,hyperclovax,1002361676,1,인도 커리 나오다,1
convenience_meals,hyperclovax,1002361676,2,인도 카레 요리,1
convenience_meals,hyperclovax,1002361676,2,카레 요리 담기다,1
convenience_meals,hyperclovax,1002361676,2,요리 담기다 냄비,1
convenience_meals,hyperclovax,1002382999,1,두부 고기 들어가다,1
convenience_meals,hyperclovax,1002382999,1,고기 들어가다 국물,1
convenience_meals,hyperclovax,1002382999,1,들어가다 국물 요리,1
convenience_meals,hyperclovax,1002382999,1,국물 요리 담기다,1
convenience_meals,hyperclovax,1002382999,2,두부 고기 넣다,1
convenience_meals,hyperclovax,1002382999,2,고기 넣다 국물,1
convenience_meals,hyperclovax,1002382999,2,넣다 국물 요리,1
convenience_meals,hyperclovax,1002382999,2,국물 요리 담기다,1
vegetables,hyperclovax,5000070,2,껍질 벗겨지다 당근,1
vegetables,hyperclovax,5000070,2,벗겨지다 당근 껍질,1
vegetables,hyperclovax,5000070,2,당근 껍질 그대로,1
vegetables,hyperclovax,5000070,2,껍질 그대로 당근,1
vegetables,hyperclovax,5000718,1,시금치 담기다 금속,1
vegetables,hyperclovax,5000718,1,담기다 금속 바구니,1
vegetables,hyperclovax,5000718,1,금속 바구니 마늘,1
vegetables,hyperclovax,5000718,2,시금치 마늘 바구니,1
vegetables,hyperclovax,5001063,2,크다 브로콜리 주변,1
vegetables,hyperclovax,5001063,2,브로콜리 주변 잘리다,1
vegetables,hyperclovax,5001063,2,주변 잘리다 브로콜리,1
vegetables,hyperclovax,5001063,2,잘리다 브로콜리 조각,1
vegetables,hyperclovax,5001063,2,브로콜리 조각 모습,1
vegetables,hyperclovax,5026448,1,흰색 담기다 갈색,1
vegetables,hyperclovax,5026448,1,담기다 갈색 감자,1
vegetables,hyperclovax,5026448,2,껍질 벗겨지다 감자,1
vegetables,hyperclovax,5026448,2,벗겨지다 감자 반쪽,1
vegetables,hyperclovax,5026448,2,감자 반쪽 껍질,1
vegetables,hyperclovax,5026448,2,반쪽 껍질 그대로,1
vegetables,hyperclovax,5026448,2,껍질 그대로 감자,1
vegetables,hyperclovax,5026448,2,그대로 감자 모습,1
vegetables,hyperclovax,5026449,2,흰색 담기다 고구마,1
vegetables,hyperclovax,5026450,2,잘리다 고구마 흰색,1
vegetables,hyperclovax,5026450,2,고구마 흰색 담기다,1
vegetables,hyperclovax,5026451,1,주황색 양파 비닐,1
vegetables,hyperclovax,5026451,1,양파 비닐 담기다,1
vegetables,hyperclovax,5026451,2,주황색 양파 다발,1
vegetables,hyperclovax,5026451,2,양파 다발 양파,1
vegetables,hyperclovax,5027318,1,나무 담기다 마늘,1
vegetables,hyperclovax,5027318,2,껍질 벗기다 마늘,1
vegetables,hyperclovax,5027318,2,벗기다 마늘 나무,1
vegetables,hyperclovax,5027319,2,잘리다 배추 조각,1
vegetables,hyperclovax,5027320,1,플라스틱 포장지 담기다,1
vegetables,hyperclovax,5030557,1,노란색 빨간색 피망,1
vegetables,hyperclovax,5030557,1,빨간색 피망 나란히,1
vegetables,hyperclovax,5030557,2,왼쪽 노란색 페퍼,1
vegetables,hyperclovax,5030557,2,노란색 페퍼 오른쪽,1
vegetables,hyperclovax,5030557,2,페퍼 오른쪽 빨간색,1
vegetables,hyperclovax,5030557,2,오른쪽 빨간색 페퍼,1
vegetables,hyperclovax,5030559,1,녹색 길다 오이,1
vegetables,hyperclovax,5030559,1,길다 오이 흰색,1
vegetables,hyperclovax,5030559,2,도마 오이 조각,1
vegetables,hyperclovax,5031100,1,양상추 잘리다 양상추,1
vegetables,hyperclovax,5036663,1,회색 배경 녹색,1
vegetables,hyperclovax,5042793,1,브로콜리 담기다 흰색,1
vegetables,hyperclovax,5042793,2,희다 담기다 브로콜리,1
vegetables,hyperclovax,5042793,2,담기다 브로콜리 조각,1
vegetables,hyperclovax,5044050,1,나무 도마 연하다,1
vegetables,hyperclovax,5044050,1,도마 연하다 갈색,1
vegetables,hyperclovax,5044050,1,연하다 갈색 뿌리채소,1
vegetables,hyperclovax,5044050,1,갈색 뿌리채소 아마도,1
vegetables,hyperclovax,5044050,1,뿌리채소 아마도 우엉,1
vegetables,hyperclovax,5044050,1,아마도 우엉 우엉,1
vegetables,hyperclovax,5044050,1,우엉 우엉 껍질,1
vegetables,hyperclovax,5044050,1,우엉 껍질 벗기다,1
vegetables,hyperclovax,5044050,1,껍질 벗기다 얇다,1
vegetables,hyperclovax,5044050,1,벗기다 얇다 썰다,1
vegetables,hyperclovax,5044050,1,얇다 썰다 모습,1
vegetables,hyperclovax,5044050,1,썰다 모습 담기다,1
vegetables,hyperclovax,5044050,2,나무 도마 고구마,1
vegetables,hyperclovax,5044050,2,도마 고구마 고구마,1
vegetables,hyperclovax,5044050,2,고구마 고구마 껍질,1
vegetables,hyperclovax,5044050,2,고구마 껍질 벗기다,1
vegetables,hyperclovax,5044050,2,껍질 벗기다 자르다,1
vegetables,hyperclovax,5044050,2,벗기다 자르다 고구마,1
vegetables,hyperclovax,5044050,2,자르다 고구마 조각,1
vegetables,hyperclovax,5045384,1,흰색 녹색 자주색,1
vegetables,hyperclovax,5048049,1,국산 다지다 마늘,1
vegetables,hyperclovax,5048049,1,다지다 마늘 제품,1
vegetables,hyperclovax,5048049,2,포장 현미 국산,1
vegetables,hyperclovax,5048049,2,현미 국산 참깨,1
vegetables,hyperclovax,5048049,2,국산 참깨 마요네즈,1
vegetables,hyperclovax,5054657,1,나무 쟁반 오이,1
vegetables,hyperclovax,5054657,2,나무 쟁반 오이,1
vegetables,hyperclovax,5054661,1,짙다 보라색 가지,1
vegetables,hyperclovax,5054661,1,보라색 가지 회색,1
vegetables,hyperclovax,5054661,2,잘리다 검다 가지,1
vegetables,hyperclovax,5058732,1,담기다 표고버섯 포장,1
vegetables,hyperclovax,5058732,1,표고버섯 포장 표고버섯,1
vegetables,hyperclovax,5058732,2,보이다 표고버섯 담기다,1
vegetables,hyperclovax,5058732,2,표고버섯 담기다 흰색,1
vegetables,hyperclovax,5061435,1,갈색 바구니 담기다,1
vegetables,hyperclovax,5061435,1,바구니 담기다 보라색,1
vegetables,hyperclovax,5061435,1,담기다 보라색 고구마,1
vegetables,hyperclovax,5061435,2,보라색 고구마 담기다,1
vegetables,hyperclovax,5061435,2,고구마 담기다 바구니,1
vegetables,hyperclovax,5061435,2,담기다 바구니 모습,1
vegetables,hyperclovax,5063699,1,흰색 담기다 청경채,1
vegetables,hyperclovax,5063699,1,담기다 청경채 바닥,1
vegetables,hyperclovax,5063699,1,청경채 바닥 청경채,1
vegetables,hyperclovax,5063699,1,바닥 청경채 다발,1
vegetables,hyperclovax,5071326,1,흰색 담기다 콩나물,1
vegetables,hyperclovax,5071326,1,담기다 콩나물 콩나물,1
vegetables,hyperclovax,5071326,1,콩나물 콩나물 담기다,1
vegetables,hyperclovax,5071326,1,콩나물 담기다 포장지,1
vegetables,hyperclovax,5071327,2,흰색 담기다 콩나물,1
vegetables,hyperclovax,5104176,1,호박 조각 담기다,1
vegetables,hyperclovax,5104176,1,조각 담기다 호박,1
vegetables,hyperclovax,5104176,1,담기다 호박 모양,1
vegetables,hyperclovax,5104176,1,호박 모양 과자,1
vegetables,hyperclovax,5104176,1,모양 과자 패키지,1
vegetables,hyperclovax,5104176,1,과자 패키지 모습,1
vegetables,hyperclovax,5104176,2,단호박 조각 담기다,1
vegetables,hyperclovax,1000079725,1,1 5 무게,1
vegetables,hyperclovax,1000079725,1,5 무게 고구마,1
vegetables,hyperclovax,1000079725,1,무게 고구마 담기다,1
vegetables,hyperclovax,1000079725,1,고구마 담기다 상자,1
vegetables,hyperclovax,1000079725,2,고구마 담기다 상자,1
vegetables,hyperclovax,1000118036,1,다지다 마늘 담다,1
vegetables,hyperclovax,1000118036,1,마늘 담다 포장지,1
vegetables,hyperclovax,1000118036,2,도자기 담기다 잘다,1
vegetables,hyperclovax,1000118036,2,담기다 잘다 다지다,1
vegetables,hyperclovax,1000118036,2,잘다 다지다 노란색,1
vegetables,hyperclovax,1000118036,2,다지다 노란색 음식,1
vegetables,hyperclovax,1000120872,1,흰색 담기다 콩나물,1
vegetables,hyperclovax,1000120872,2,흰색 담기다 콩나물,1
vegetables,hyperclovax,1000120884,1,흰색 보이다 루콜라,1
vegetables,hyperclovax,1000120884,2,흰색 보이다 루콜라,1
vegetables,hyperclovax,1000178619,1,초록색 배경 빨간색,1
vegetables,hyperclovax,1000178619,1,배경 빨간색 노란색,1
vegetables,hyperclovax,1000178619,1,빨간색 노란색 주황색,1
vegetables,hyperclovax,1000178619,1,노란색 주황색 페퍼,1
vegetables,hyperclovax,1000178619,2,초록색 배경 빨간색,1
vegetables,hyperclovax,1000178619,2,배경 빨간색 노란색,1
vegetables,hyperclovax,1000178619,2,빨간색 노란색 주황색,1
vegetables,hyperclovax,1000178619,2,노란색 주황색 노란색,1
vegetables,hyperclovax,1000178619,2,주황색 노란색 피망,1
vegetables,hyperclovax,1000178619,2,노란색 피망 나란히,1
vegetables,hyperclovax,1000441195,1,흰색 담기다 붉다,1
vegetables,hyperclovax,1000441195,1,담기다 붉다 고구마,1
vegetables,hyperclovax,1000441195,2,검은색 냄비 담기다,1
vegetables,hyperclovax,1000441195,2,냄비 담기다 고구마,1
vegetables,hyperclovax,1000443684,1,담기다 다양 종류,1
vegetables,hyperclovax,1000443684,1,다양 종류 녹색,1
vegetables,hyperclovax,1000443684,1,종류 녹색 채소,1
vegetables,hyperclovax,1000443684,2,담기다 다양 종류,1
vegetables,hyperclovax,1000443684,2,다양 종류 녹색,1
vegetables,hyperclovax,1000443684,2,종류 녹색 채소,1
vegetables,hyperclovax,1000661274,1,포장 야채 담기다,1
vegetables,hyperclovax,1000661274,1,야채 담기다 조리,1
vegetables,hyperclovax,1000661274,1,담기다 조리 야채,1
vegetables,hyperclovax,1000661274,2,희다 담기다 다양,1
vegetables,hyperclovax,1000661274,2,담기다 다양 채소,1
vegetables,hyperclovax,1000952172,1,365 커리프레쉬 제품,1
vegetables,hyperclovax,1000952172,1,커리프레쉬 제품 300,1
vegetables,hyperclovax,1000952172,1,제품 300 용량,1
vegetables,hyperclovax,1000952172,1,300 용량 포장,1
vegetables,hyperclovax,1000952172,1,용량 포장 15,1
vegetables,hyperclovax,1000952172,1,포장 15 20,1
vegetables,hyperclovax,1000952172,1,15 20 크기,1
vegetables,hyperclovax,1000952172,1,20 크기 사각,1
vegetables,hyperclovax,1000952172,1,크기 사각 모양,1
vegetables,hyperclovax,1000952172,1,사각 모양 개별,1
vegetables,hyperclovax,1000952172,1,모양 개별 포장,1
vegetables,hyperclovax,1000952172,2,흰색 배경 작다,1
vegetables,hyperclovax,1000952172,2,배경 작다 용기,1
vegetables,hyperclovax,1000952172,2,작다 용기 담기다,1
vegetables,hyperclovax,1000952172,2,용기 담기다 노란색,1
vegetables,hyperclovax,1000952172,2,담기다 노란색 음식,1
vegetables,hyperclovax,1001176677,1,다양 종류 상추,1
vegetables,hyperclovax,1001176677,1,종류 상추 담기다,1
vegetables,hyperclovax,1001176677,2,다양 종류 상추,1
vegetables,hyperclovax,1001176677,2,종류 상추 담기다,1
vegetables,hyperclovax,1001227997,1,껍질 벗겨지다 양파,1
vegetables,hyperclovax,1001227997,2,껍질 벗겨지다 양파,1
vegetables,hyperclovax,1001227997,2,벗겨지다 양파 껍질,1
vegetables,hyperclovax,1001227997,2,양파 껍질 그대로,1
vegetables,hyperclovax,1001227997,2,껍질 그대로 양파,1
vegetables,hyperclovax,1001544134,2,껍질 벗겨지다 감자,1
vegetables,hyperclovax,1001544134,2,벗겨지다 감자 반쪽,1
vegetables,hyperclovax,1001544134,2,감자 반쪽 껍질,1
vegetables,hyperclovax,1001544134,2,반쪽 껍질 그대로,1
vegetables,hyperclovax,1001544134,2,껍질 그대로 감자,1
vegetables,hyperclovax,1001985604,1,초록색 흰색 줄기,1
vegetables,hyperclovax,1001985604,2,나무 도마 흰색,1
vegetables,hyperclovax,1001985604,2,도마 흰색 잘리다,1
vegetables,hyperclovax,1001985604,2,흰색 잘리다 모습,1
vegetables,hyperclovax,1002318657,1,연하다 녹색 배추,1
vegetables,hyperclovax,1002318659,1,연하다 갈색 브로콜리,1
