category,model,product_id,image_order,n_gram_keyword,ngram_count
bakery,qwen3,5003416,1,바나나,1
bakery,qwen3,5003416,1,견과,1
bakery,qwen3,5003416,1,각기,1
bakery,qwen3,5003416,1,재료,1
bakery,qwen3,5003416,1,담다,1
bakery,qwen3,5003416,1,다양,1
bakery,qwen3,5003416,1,미니,1
bakery,qwen3,5003416,1,타르트,2
bakery,qwen3,5003416,1,들다,1
bakery,qwen3,5003416,1,검은색,1
bakery,qwen3,5003416,1,상자,1
bakery,qwen3,5003416,1,줄무늬,1
bakery,qwen3,5003416,1,깔리다,1
bakery,qwen3,5003416,1,배경,1
bakery,qwen3,5003416,1,전경,1
bakery,qwen3,5003416,1,부서지다,1
bakery,qwen3,5003416,1,포크,1
bakery,qwen3,5003416,1,작다,1
bakery,qwen3,5003416,2,견과,1
bakery,qwen3,5003416,2,과일,1
bakery,qwen3,5003416,2,다양,1
bakery,qwen3,5003416,2,재료,1
bakery,qwen3,5003416,2,넣다,1
bakery,qwen3,5003416,2,작다,1
bakery,qwen3,5003416,2,황금빛,1
bakery,qwen3,5003416,2,갈색,1
bakery,qwen3,5003416,2,페이스트리,1
bakery,qwen3,5003416,2,16,1
bakery,qwen3,5003416,2,들다,1
bakery,qwen3,5003416,2,상자,2
bakery,qwen3,5003416,2,줄무늬,1
bakery,qwen3,5003416,2,깔리다,1
bakery,qwen3,5003416,2,검다,1
bakery,qwen3,5003416,2,쟁반,1
bakery,qwen3,5003416,2,배경,1
bakery,qwen3,5003416,2,적히다,1
bakery,qwen3,5003416,2,검은색,1
bakery,qwen3,5003416,2,보이다,1
bakery,qwen3,5007270,1,녹색,1
bakery,qwen3,5007270,1,분홍색,1
bakery,qwen3,5007270,1,흰색,2
bakery,qwen3,5007270,1,드러나다,1
bakery,qwen3,5007270,1,단면,1
bakery,qwen3,5007270,1,가지다,1
bakery,qwen3,5007270,1,알록달록,1
bakery,qwen3,5007270,1,덩어리,1
bakery,qwen3,5007270,1,나무,1
bakery,qwen3,5007270,1,도마,1
bakery,qwen3,5007270,1,함께,2
bakery,qwen3,5007270,1,썰다,1
bakery,qwen3,5007270,1,차리다,1
bakery,qwen3,5007270,1,아침,1
bakery,qwen3,5007270,1,식사,1
bakery,qwen3,5007270,1,장면,1
bakery,qwen3,5007270,1,조각,1
bakery,qwen3,5007270,1,숟가락,2
bakery,qwen3,5007270,1,작다,2
bakery,qwen3,5007270,1,주전자,1
bakery,qwen3,5007270,1,담기다,1
bakery,qwen3,5007270,2,유리,1
bakery,qwen3,5007270,2,치즈,1
bakery,qwen3,5007270,2,토스트,1
bakery,qwen3,5007270,2,조각,3
bakery,qwen3,5007270,2,나무,2
bakery,qwen3,5007270,2,코스터,1
bakery,qwen3,5007270,2,작다,2
bakery,qwen3,5007270,2,우유,2
bakery,qwen3,5007270,2,은색,1
bakery,qwen3,5007270,2,쟁반,1
bakery,qwen3,5007270,2,그리고,1
bakery,qwen3,5007270,2,레드,1
bakery,qwen3,5007270,2,와인,1
bakery,qwen3,5007270,2,말차,1
bakery,qwen3,5007270,2,분홍색,1
bakery,qwen3,5007270,2,아침,1
bakery,qwen3,5007270,2,식탁,1
bakery,qwen3,5007270,2,내려다보다,1
bakery,qwen3,5007270,2,모습,1
bakery,qwen3,5012764,1,흰색,1
bakery,qwen3,5012764,1,연하다,1
bakery,qwen3,5012764,1,가루,1
bakery,qwen3,5012764,1,뿌리다,1
bakery,qwen3,5012764,1,케이크,1
bakery,qwen3,5012764,1,조각,1
bakery,qwen3,5012764,1,담기다,1
bakery,qwen3,5012764,1,배경,1
bakery,qwen3,5012764,1,희다,1
bakery,qwen3,5012764,1,꽂히다,1
bakery,qwen3,5012764,1,작다,1
bakery,qwen3,5012764,1,꽃병,1
bakery,qwen3,5012764,1,상자,1
bakery,qwen3,5012764,2,크리미,1
bakery,qwen3,5012764,2,필링,1
bakery,qwen3,5012764,2,들어가다,1
bakery,qwen3,5012764,2,바닐라,1
bakery,qwen3,5012764,2,케이크,1
bakery,qwen3,5012764,2,가루,1
bakery,qwen3,5012764,2,설탕,1
bakery,qwen3,5012764,2,살짝,1
bakery,qwen3,5012764,2,뿌리다,1
bakery,qwen3,5012764,2,담기다,2
bakery,qwen3,5012764,2,희다,2
bakery,qwen3,5012764,2,조각,1
bakery,qwen3,5012764,2,작다,2
bakery,qwen3,5012764,2,찻잔,1
bakery,qwen3,5012764,2,찻받침,1
bakery,qwen3,5012764,2,그리고,1
bakery,qwen3,5012764,2,꽂히다,1
bakery,qwen3,5012764,2,꽃병,1
bakery,qwen3,5012764,2,평온,1
bakery,qwen3,5012764,2,분위기,1
bakery,qwen3,5012764,2,완성,1
bakery,qwen3,5025646,1,크런치,1
bakery,qwen3,5025646,1,적히다,2
bakery,qwen3,5025646,1,스무스,2
bakery,qwen3,5025646,1,슈퍼넛츠,1
bakery,qwen3,5025646,1,땅콩,3
bakery,qwen3,5025646,1,버터,3
bakery,qwen3,5025646,1,3,1
bakery,qwen3,5025646,1,회색,1
bakery,qwen3,5025646,1,진열,1
bakery,qwen3,5025646,1,담기다,1
bakery,qwen3,5025646,1,작다,1
bakery,qwen3,5025646,1,뚜껑,2
bakery,qwen3,5025646,1,열리다,1
bakery,qwen3,5025646,1,나무,1
bakery,qwen3,5025646,1,숟가락,1
bakery,qwen3,5025646,2,연하다,1
bakery,qwen3,5025646,2,갈색,1
bakery,qwen3,5025646,2,땅콩,2
bakery,qwen3,5025646,2,버터,2
bakery,qwen3,5025646,2,가득,1
bakery,qwen3,5025646,2,담기다,1
bakery,qwen3,5025646,2,유리병,1
bakery,qwen3,5025646,2,앞쪽,1
bakery,qwen3,5025646,2,나무,1
bakery,qwen3,5025646,2,숟가락,2
bakery,qwen3,5025646,2,뜨다,1
bakery,qwen3,5025646,2,올리다,1
bakery,qwen3,5025646,2,모습,1
bakery,qwen3,5025646,2,보이다,1
bakery,qwen3,5040946,1,하늘색,1
bakery,qwen3,5040946,1,배경,1
bakery,qwen3,5040946,1,파스키,1
bakery,qwen3,5040946,1,마카롱,4
bakery,qwen3,5040946,1,상자,1
bakery,qwen3,5040946,1,알록달록,1
bakery,qwen3,5040946,1,담기다,2
bakery,qwen3,5040946,1,포크,1
bakery,qwen3,5040946,1,꽂히다,1
bakery,qwen3,5040946,1,다양,1
bakery,qwen3,5040946,1,색상,1
bakery,qwen3,5040946,1,진열,1
bakery,qwen3,5040946,2,파란색,1
bakery,qwen3,5040946,2,흰색,1
bakery,qwen3,5040946,2,무늬,1
bakery,qwen3,5040946,2,들어가다,1
bakery,qwen3,5040946,2,분홍색,1
bakery,qwen3,5040946,2,노란색,1
bakery,qwen3,5040946,2,초록색,1
bakery,qwen3,5040946,2,갈색,1
bakery,qwen3,5040946,2,다양,1
bakery,qwen3,5040946,2,색조,1
bakery,qwen3,5040946,2,알록달록,1
bakery,qwen3,5040946,2,마카롱,2
bakery,qwen3,5040946,2,담기다,2
bakery,qwen3,5040946,2,배경,1
bakery,qwen3,5040946,2,보이다,1
bakery,qwen3,5043336,1,검은색,1
bakery,qwen3,5043336,1,뚜껑,1
bakery,qwen3,5043336,1,달리다,1
bakery,qwen3,5043336,1,작다,1
bakery,qwen3,5043336,1,유리병,1
bakery,qwen3,5043336,1,세트,1
bakery,qwen3,5043336,1,모이다,1
bakery,qwen3,5043336,1,서로,1
bakery,qwen3,5043336,1,다르다,1
bakery,qwen3,5043336,1,종류,1
bakery,qwen3,5043336,1,크림,2
bakery,qwen3,5043336,1,같다,1
bakery,qwen3,5043336,1,스프레드,1
bakery,qwen3,5043336,1,들다,1
bakery,qwen3,5043336,1,라벨,1
bakery,qwen3,5043336,1,알록달록,1
bakery,qwen3,5043336,1,하다,1
bakery,qwen3,5043336,1,영어,1
bakery,qwen3,5043336,1,한국어,1
bakery,qwen3,5043336,1,되다,1
bakery,qwen3,5043336,1,브랜드,1
bakery,qwen3,5043336,1,적히다,1
bakery,qwen3,5043336,1,블랙,1
bakery,qwen3,5043336,1,올리브,1
bakery,qwen3,5043336,1,토마토,1
bakery,qwen3,5043336,1,블루베리,1
bakery,qwen3,5043336,1,시나몬,1
bakery,qwen3,5043336,1,딸기,1
bakery,qwen3,5043336,1,치즈,1
bakery,qwen3,5043336,1,다양,1
bakery,qwen3,5043336,1,표시,1
bakery,qwen3,5043336,2,크리미,1
bakery,qwen3,5043336,2,스프레드,1
bakery,qwen3,5043336,2,가득,1
bakery,qwen3,5043336,2,담기다,1
bakery,qwen3,5043336,2,8,1
bakery,qwen3,5043336,2,유리병,1
bakery,qwen3,5043336,2,세트,1
bakery,qwen3,5043336,2,각각,1
bakery,qwen3,5043336,2,다르다,1
bakery,qwen3,5043336,2,색상,1
bakery,qwen3,5043336,2,띠다,1
bakery,qwen3,5043336,2,흰색,1
bakery,qwen3,5043336,2,진열,1
bakery,qwen3,5043336,2,적히다,1
bakery,qwen3,5043336,2,블랙,1
bakery,qwen3,5043336,2,올리브,1
bakery,qwen3,5043336,2,토마토,1
bakery,qwen3,5043336,2,시나몬,1
bakery,qwen3,5043336,2,건포도,1
bakery,qwen3,5043336,2,크림치즈,1
bakery,qwen3,5043336,2,다양,1
bakery,qwen3,5043336,2,제품,1
bakery,qwen3,5043336,2,포함,1
bakery,qwen3,5044137,1,초콜릿,3
bakery,qwen3,5044137,1,글레이즈,1
bakery,qwen3,5044137,1,바르다,1
bakery,qwen3,5044137,1,윗면,1
bakery,qwen3,5044137,1,물결,1
bakery,qwen3,5044137,1,무늬,1
bakery,qwen3,5044137,1,새기다,1
bakery,qwen3,5044137,1,직사각형,1
bakery,qwen3,5044137,1,케이크,2
bakery,qwen3,5044137,1,나무,1
bakery,qwen3,5044137,1,크림,1
bakery,qwen3,5044137,1,필링,1
bakery,qwen3,5044137,1,들다,1
bakery,qwen3,5044137,1,파란색,1
bakery,qwen3,5044137,1,테두리,1
bakery,qwen3,5044137,1,두르다,1
bakery,qwen3,5044137,1,흰색,1
bakery,qwen3,5044137,1,상자,2
bakery,qwen3,5044137,1,브랜드,1
bakery,qwen3,5044137,1,인쇄,1
bakery,qwen3,5044137,2,희다,2
bakery,qwen3,5044137,2,크림,1
bakery,qwen3,5044137,2,층층이,1
bakery,qwen3,5044137,2,쌓이다,1
bakery,qwen3,5044137,2,직사각형,1
bakery,qwen3,5044137,2,초콜릿,1
bakery,qwen3,5044137,2,케이크,2
bakery,qwen3,5044137,2,나무,2
bakery,qwen3,5044137,2,포크,1
bakery,qwen3,5044137,2,함께,1
bakery,qwen3,5044137,2,조각,1
bakery,qwen3,5044137,2,담기다,1
bakery,qwen3,5044138,1,나폴레옹,2
bakery,qwen3,5044138,1,케이크,2
bakery,qwen3,5044138,1,담기다,2
bakery,qwen3,5044138,1,직사각형,1
bakery,qwen3,5044138,1,상자,1
bakery,qwen3,5044138,1,얇다,1
bakery,qwen3,5044138,1,썰다,1
bakery,qwen3,5044138,1,흰색,1
bakery,qwen3,5044138,1,층층이,1
bakery,qwen3,5044138,1,쌓이다,1
bakery,qwen3,5044138,1,단면,1
bakery,qwen3,5044138,1,드러나다,1
bakery,qwen3,5044138,2,바깥쪽,1
bakery,qwen3,5044138,2,황금빛,1
bakery,qwen3,5044138,2,갈색,1
bakery,qwen3,5044138,2,띠다,1
bakery,qwen3,5044138,2,바삭바삭,1
bakery,qwen3,5044138,2,안쪽,1
bakery,qwen3,5044138,2,층층이,1
bakery,qwen3,5044138,2,쌓이다,1
bakery,qwen3,5044138,2,바삭,1
bakery,qwen3,5044138,2,식감,1
bakery,qwen3,5044138,2,지니다,1
bakery,qwen3,5044138,2,직사각,1
bakery,qwen3,5044138,2,케이크,1
bakery,qwen3,5044138,2,자르다,1
bakery,qwen3,5044138,2,단면,1
bakery,qwen3,5044138,2,드러나다,1
bakery,qwen3,5044138,2,분홍색,1
bakery,qwen3,5044138,2,배경,2
bakery,qwen3,5044138,2,희다,1
bakery,qwen3,5044138,2,담기다,1
bakery,qwen3,5052041,1,황금빛,1
bakery,qwen3,5052041,1,갈색,1
bakery,qwen3,5052041,1,껍질,1
bakery,qwen3,5052041,1,가지다,1
bakery,qwen3,5052041,1,짙다,1
bakery,qwen3,5052041,1,덩어리,1
bakery,qwen3,5052041,1,조각,1
bakery,qwen3,5052041,1,잘리다,1
bakery,qwen3,5052041,1,중성,1
bakery,qwen3,5052041,1,색상,1
bakery,qwen3,5052041,1,표면,1
bakery,qwen3,5052041,1,구겨지다,1
bakery,qwen3,5052041,1,밝다,1
bakery,qwen3,5052041,1,리넨,1
bakery,qwen3,5052041,2,짙다,1
bakery,qwen3,5052041,2,갈색,1
bakery,qwen3,5052041,2,띠다,1
bakery,qwen3,5052041,2,기포,1
bakery,qwen3,5052041,2,가득,1
bakery,qwen3,5052041,2,폭신폭신,1
bakery,qwen3,5052041,2,수제,1
bakery,qwen3,5052041,2,덩어리,1
bakery,qwen3,5052041,2,조각,1
bakery,qwen3,5052041,2,잘리다,1
bakery,qwen3,5052041,2,구겨지다,1
bakery,qwen3,5052041,2,리넨,1
bakery,qwen3,5052044,1,짙다,1
bakery,qwen3,5052044,1,갈라지다,1
bakery,qwen3,5052044,1,껍질,1
bakery,qwen3,5052044,1,가루,1
bakery,qwen3,5052044,1,살짝,1
bakery,qwen3,5052044,1,뿌리다,1
bakery,qwen3,5052044,1,직사각,1
bakery,qwen3,5052044,1,모양,1
bakery,qwen3,5052044,1,덩이,1
bakery,qwen3,5052044,1,밝다,1
bakery,qwen3,5052044,1,표면,1
bakery,qwen3,5052044,1,배경,1
bakery,qwen3,5052044,1,나무,1
bakery,qwen3,5052044,1,도마,1
bakery,qwen3,5052044,1,조각,1
bakery,qwen3,5052044,1,단면,1
bakery,qwen3,5052044,1,공기,1
bakery,qwen3,5052044,1,주머니,1
bakery,qwen3,5052044,1,선명,1
bakery,qwen3,5052044,1,보이다,1
bakery,qwen3,5052044,1,폭신폭신,1
bakery,qwen3,5052044,1,속살,1
bakery,qwen3,5052044,1,드러나다,1
bakery,qwen3,5052044,2,수제,1
bakery,qwen3,5052044,2,썰다,1
bakery,qwen3,5052044,2,나무,1
bakery,qwen3,5052044,2,도마,1
bakery,qwen3,5052044,2,올려놓다,1
bakery,qwen3,5052044,2,근접,1
bakery,qwen3,5052044,2,촬영,1
bakery,qwen3,5052044,2,짙다,1
bakery,qwen3,5052044,2,황금빛,1
bakery,qwen3,5052044,2,껍질,1
bakery,qwen3,5052044,2,띠다,1
bakery,qwen3,5052044,2,기포,1
bakery,qwen3,5052044,2,가득,2
bakery,qwen3,5052044,2,폭신폭신,1
bakery,qwen3,5052044,2,부풀다,1
bakery,qwen3,5052044,2,오르다,1
bakery,qwen3,5052044,2,풍미,1
bakery,qwen3,5052044,2,짐작,1
bakery,qwen3,5057085,1,브랜드,1
bakery,qwen3,5057085,1,페이스,2
bakery,qwen3,5057085,1,트리,2
bakery,qwen3,5057085,1,3,1
bakery,qwen3,5057085,1,4,1
bakery,qwen3,5057085,1,격자,1
bakery,qwen3,5057085,1,모양,1
bakery,qwen3,5057085,1,가지런히,1
bakery,qwen3,5057085,1,배열,1
bakery,qwen3,5057085,1,상자,2
bakery,qwen3,5057085,1,투명,1
bakery,qwen3,5057085,1,비닐,1
bakery,qwen3,5057085,1,개별,1
bakery,qwen3,5057085,1,포장,1
bakery,qwen3,5057085,1,주황색,1
bakery,qwen3,5057085,1,이삭,1
bakery,qwen3,5057085,1,1951,1
bakery,qwen3,5057085,1,문구,1
bakery,qwen3,5057085,1,들어가다,1
bakery,qwen3,5057085,1,로고,1
bakery,qwen3,5057085,1,뚜껑,1
bakery,qwen3,5057085,1,열리다,1
bakery,qwen3,5057085,1,페이스트리,1
bakery,qwen3,5057085,1,보이다,1
bakery,qwen3,5057085,2,초콜릿,2
bakery,qwen3,5057085,2,코팅,1
bakery,qwen3,5057085,2,쿠키,4
bakery,qwen3,5057085,2,삼각,1
bakery,qwen3,5057085,2,모양,1
bakery,qwen3,5057085,2,조각,1
bakery,qwen3,5057085,2,초록색,1
bakery,qwen3,5057085,2,올리다,1
bakery,qwen3,5057085,2,배경,1
bakery,qwen3,5057085,2,주황색,1
bakery,qwen3,5057085,2,상자,1
bakery,qwen3,5057085,2,같다,1
bakery,qwen3,5057085,2,들다,2
bakery,qwen3,5057085,2,오른쪽,1
bakery,qwen3,5057085,2,투명,1
bakery,qwen3,5057085,2,비닐,1
bakery,qwen3,5057085,2,봉지,1
bakery,qwen3,5063069,1,둥글다,1
bakery,qwen3,5063069,1,황금빛,1
bakery,qwen3,5063069,1,갈색,2
bakery,qwen3,5063069,1,띠다,1
bakery,qwen3,5063069,1,과자,1
bakery,qwen3,5063069,1,각각,1
bakery,qwen3,5063069,1,폭신폭신,1
bakery,qwen3,5063069,1,포장재,1
bakery,qwen3,5063069,1,판지,1
bakery,qwen3,5063069,1,상자,3
bakery,qwen3,5063069,1,만화,1
bakery,qwen3,5063069,1,감자,1
bakery,qwen3,5063069,1,캐릭터,1
bakery,qwen3,5063069,1,그리다,1
bakery,qwen3,5063069,1,적히다,1
bakery,qwen3,5063069,1,글씨,1
bakery,qwen3,5063069,1,한국어,1
bakery,qwen3,5063069,2,희다,1
bakery,qwen3,5063069,2,크리미,1
bakery,qwen3,5063069,2,들어가다,1
bakery,qwen3,5063069,2,둥글다,1
bakery,qwen3,5063069,2,황금빛,1
bakery,qwen3,5063069,2,페이스트리,1
bakery,qwen3,5063069,2,담기다,1
bakery,qwen3,5071363,1,나무,1
bakery,qwen3,5071363,1,뚜껑,1
bakery,qwen3,5071363,1,달리다,1
bakery,qwen3,5071363,1,딸기,2
bakery,qwen3,5071363,1,유리병,1
bakery,qwen3,5071363,1,한국어,1
bakery,qwen3,5071363,1,되다,1
bakery,qwen3,5071363,1,글자,1
bakery,qwen3,5071363,1,일러스트,1
bakery,qwen3,5071363,1,그리다,1
bakery,qwen3,5071363,1,라벨,1
bakery,qwen3,5071363,1,붙다,1
bakery,qwen3,5071363,2,금색,1
bakery,qwen3,5071363,2,뚜껑,1
bakery,qwen3,5071363,2,달리다,1
bakery,qwen3,5071363,2,딸기,2
bakery,qwen3,5071363,2,유리병,1
bakery,qwen3,5071363,2,라벨,1
bakery,qwen3,5071363,2,한국어,1
bakery,qwen3,5071363,2,문구,1
bakery,qwen3,5071363,2,일러스트,1
bakery,qwen3,5071363,2,그리다,1
bakery,qwen3,5074339,1,손잡이,1
bakery,qwen3,5074339,1,달리다,1
bakery,qwen3,5074339,1,흰색,2
bakery,qwen3,5074339,1,상자,1
bakery,qwen3,5074339,1,악기,1
bakery,qwen3,5074339,1,연주,1
bakery,qwen3,5074339,1,그림,1
bakery,qwen3,5074339,1,그리다,1
bakery,qwen3,5074339,1,작다,1
bakery,qwen3,5074339,1,황금빛,1
bakery,qwen3,5074339,1,갈색,1
bakery,qwen3,5074339,1,과자,1
bakery,qwen3,5074339,2,밝다,1
bakery,qwen3,5074339,2,회색,1
bakery,qwen3,5074339,2,배경,2
bakery,qwen3,5074339,2,흰색,1
bakery,qwen3,5074339,2,노릇노릇,1
bakery,qwen3,5074339,2,폭신폭신,1
bakery,qwen3,5074339,2,케이크,1
bakery,qwen3,5074339,2,조각,1
bakery,qwen3,5074339,2,쌓이다,1
bakery,qwen3,5097791,1,적히다,1
bakery,qwen3,5097791,1,포르투갈식,1
bakery,qwen3,5097791,1,페이스,1
bakery,qwen3,5097791,1,트리,1
bakery,qwen3,5097791,1,4,2
bakery,qwen3,5097791,1,들다,1
bakery,qwen3,5097791,1,상자,1
bakery,qwen3,5097791,1,캐러멜,1
bakery,qwen3,5097791,1,들어가다,1
bakery,qwen3,5097791,1,황금빛,1
bakery,qwen3,5097791,1,갈색,1
bakery,qwen3,5097791,1,바삭바삭,1
bakery,qwen3,5097791,1,페이스트리,1
bakery,qwen3,5097791,1,담기다,1
bakery,qwen3,5097791,1,희다,1
bakery,qwen3,5097791,2,에그,1
bakery,qwen3,5097791,2,타르트,3
bakery,qwen3,5097791,2,통째,1
bakery,qwen3,5097791,2,잘리다,2
bakery,qwen3,5097791,2,황금빛,2
bakery,qwen3,5097791,2,캐러멜,1
bakery,qwen3,5097791,2,윗면,1
bakery,qwen3,5097791,2,크림,1
bakery,qwen3,5097791,2,노란색,1
bakery,qwen3,5097791,2,드러나다,1
bakery,qwen3,5097791,2,바삭바삭,1
bakery,qwen3,5097791,2,갈색,1
bakery,qwen3,5097791,2,페이스트리,1
bakery,qwen3,5097791,2,껍질,1
bakery,qwen3,5097791,2,감싸이다,1
bakery,qwen3,5097791,2,안쪽,1
bakery,qwen3,5097791,2,커스터드,1
bakery,qwen3,5097791,2,모습,1
bakery,qwen3,5097791,2,보이다,1
bakery,qwen3,5115048,1,6,1
bakery,qwen3,5115048,1,작다,2
bakery,qwen3,5115048,1,육각,1
bakery,qwen3,5115048,1,세트,1
bakery,qwen3,5115048,1,녹색,1
bakery,qwen3,5115048,1,뚜껑,2
bakery,qwen3,5115048,1,달리다,1
bakery,qwen3,5115048,1,1853,1
bakery,qwen3,5115048,1,과일,2
bakery,qwen3,5115048,1,함량,1
bakery,qwen3,5115048,1,70,1
bakery,qwen3,5115048,1,적히다,1
bakery,qwen3,5115048,1,라벨,1
bakery,qwen3,5115048,1,붙다,1
bakery,qwen3,5115048,1,라즈베리,1
bakery,qwen3,5115048,1,살구,2
bakery,qwen3,5115048,1,블루베리,1
bakery,qwen3,5115048,1,딸기,1
bakery,qwen3,5115048,1,사워,1
bakery,qwen3,5115048,1,체리,1
bakery,qwen3,5115048,1,다양,1
bakery,qwen3,5115048,1,들다,1
bakery,qwen3,5115048,1,열리다,1
bakery,qwen3,5115048,1,나무,1
bakery,qwen3,5115048,1,숟가락,1
bakery,qwen3,5115048,1,덩어리,1
bakery,qwen3,5115048,1,올리다,1
bakery,qwen3,5115048,1,반면,1
bakery,qwen3,5115048,1,나머지,1
bakery,qwen3,5115048,1,흰색,1
bakery,qwen3,5115048,1,표면,1
bakery,qwen3,5115048,1,피라미드,1
bakery,qwen3,5115048,1,모양,1
bakery,qwen3,5115048,1,쌓이다,1
bakery,qwen3,5115048,2,흰색,1
bakery,qwen3,5115048,2,각각,1
bakery,qwen3,5115048,2,녹색,1
bakery,qwen3,5115048,2,뚜껑,2
bakery,qwen3,5115048,2,과일,1
bakery,qwen3,5115048,2,일러스트,1
bakery,qwen3,5115048,2,그리다,1
bakery,qwen3,5115048,2,라벨,1
bakery,qwen3,5115048,2,붙다,1
bakery,qwen3,5115048,2,다르보,1
bakery,qwen3,5115048,2,담기다,1
bakery,qwen3,5115048,2,육각,1
bakery,qwen3,5115048,2,유리,1
bakery,qwen3,5115048,2,6,1
bakery,qwen3,5115048,2,세트,1
bakery,qwen3,5115048,2,라즈베리,1
bakery,qwen3,5115048,2,로즈,1
bakery,qwen3,5115048,2,살구,1
bakery,qwen3,5115048,2,야생,1
bakery,qwen3,5115048,2,블루베리,1
bakery,qwen3,5115048,2,정원,1
bakery,qwen3,5115048,2,딸기,1
bakery,qwen3,5115048,2,사워,1
bakery,qwen3,5115048,2,체리,1
bakery,qwen3,5115048,2,그리고,1
bakery,qwen3,5115048,2,짙다,1
bakery,qwen3,5115048,2,빨간색,1
bakery,qwen3,5115048,2,다양,1
bakery,qwen3,5115048,2,들다,1
bakery,qwen3,5115048,2,나무,1
bakery,qwen3,5115048,2,숟가락,3
bakery,qwen3,5115048,2,꽂히다,1
bakery,qwen3,5115048,2,분량,1
bakery,qwen3,5115048,2,올리다,1
bakery,qwen3,5116362,1,녹차,1
bakery,qwen3,5116362,1,쿠키,3
bakery,qwen3,5116362,1,상자,1
bakery,qwen3,5116362,1,밝다,1
bakery,qwen3,5116362,1,회색,1
bakery,qwen3,5116362,1,희다,1
bakery,qwen3,5116362,1,정사각형,1
bakery,qwen3,5116362,1,부러지다,1
bakery,qwen3,5116362,1,담기다,1
bakery,qwen3,5116362,2,연두색,1
bakery,qwen3,5116362,2,상자,2
bakery,qwen3,5116362,2,포장,1
bakery,qwen3,5116362,2,되다,1
bakery,qwen3,5116362,2,초록색,2
bakery,qwen3,5116362,2,말차,1
bakery,qwen3,5116362,2,쿠키,2
bakery,qwen3,5116362,2,부서지다,1
bakery,qwen3,5116362,2,안쪽,1
bakery,qwen3,5116362,2,드러나다,1
bakery,qwen3,5122986,1,크리스피 크림 도넛,1
bakery,qwen3,5122986,1,상자,3
bakery,qwen3,5122986,1,밝다,1
bakery,qwen3,5122986,1,회색,1
bakery,qwen3,5122986,1,열리다,1
bakery,qwen3,5122986,1,모습,2
bakery,qwen3,5122986,1,닫히다,2
bakery,qwen3,5122986,1,보이다,1
bakery,qwen3,5122986,1,황금빛,1
bakery,qwen3,5122986,1,갈색,1
bakery,qwen3,5122986,1,도넛,1
bakery,qwen3,5122986,1,9,1
bakery,qwen3,5122986,1,3,2
bakery,qwen3,5122986,1,격자,1
bakery,qwen3,5122986,1,모양,1
bakery,qwen3,5122986,1,배열,1
bakery,qwen3,5122986,1,흰색,1
bakery,qwen3,5122986,1,녹색,1
bakery,qwen3,5122986,1,빨간색,1
bakery,qwen3,5122986,1,로고,1
bakery,qwen3,5122986,1,검은색,1
bakery,qwen3,5122986,1,물방울,1
bakery,qwen3,5122986,1,무늬,1
bakery,qwen3,5122986,1,그리다,1
bakery,qwen3,5122986,2,뚜껑,1
bakery,qwen3,5122986,2,열리다,1
bakery,qwen3,5122986,2,크리스피 크림 도넛,1
bakery,qwen3,5122986,2,상자,2
bakery,qwen3,5122986,2,3,2
bakery,qwen3,5122986,2,격자,1
bakery,qwen3,5122986,2,모양,1
bakery,qwen3,5122986,2,배열,1
bakery,qwen3,5122986,2,황금빛,1
bakery,qwen3,5122986,2,갈색,1
bakery,qwen3,5122986,2,글레이즈,1
bakery,qwen3,5122986,2,도넛,1
bakery,qwen3,5122986,2,8,1
bakery,qwen3,5122986,2,들다,1
bakery,qwen3,5122986,2,흰색,1
bakery,qwen3,5122986,2,녹색,1
bakery,qwen3,5122986,2,빨간색,1
bakery,qwen3,5122986,2,로고,1
bakery,qwen3,5122986,2,무늬,1
bakery,qwen3,5122986,2,그리다,1
bakery,qwen3,5128440,1,나무,1
bakery,qwen3,5128440,1,도마,1
bakery,qwen3,5128440,1,슬라이스,1
bakery,qwen3,5128440,1,되다,1
bakery,qwen3,5128440,1,덩이,2
bakery,qwen3,5128440,1,배경,1
bakery,qwen3,5128440,1,포장,1
bakery,qwen3,5128440,1,보이다,1
bakery,qwen3,5128440,1,황금빛,1
bakery,qwen3,5128440,1,갈색,1
bakery,qwen3,5128440,1,겉면,1
bakery,qwen3,5128440,1,기공,1
bakery,qwen3,5128440,1,많다,1
bakery,qwen3,5128440,1,가지다,1
bakery,qwen3,5128440,2,노릇노릇,1
bakery,qwen3,5128440,2,껍질,1
bakery,qwen3,5128440,2,돋보이다,1
bakery,qwen3,5128440,2,얇다,1
bakery,qwen3,5128440,2,썰다,1
bakery,qwen3,5128440,2,희다,1
bakery,qwen3,5128440,2,덩어리,1
bakery,qwen3,5128440,2,밝다,1
bakery,qwen3,5128440,2,깔다,1
bakery,qwen3,5128440,2,나무,1
bakery,qwen3,5128440,2,도마,1
bakery,qwen3,5128440,2,가지런히,1
bakery,qwen3,5131242,1,연두색,1
bakery,qwen3,5131242,1,직사각형,2
bakery,qwen3,5131242,1,작다,1
bakery,qwen3,5131242,1,검다,1
bakery,qwen3,5131242,1,아마도,1
bakery,qwen3,5131242,1,올리브,1
bakery,qwen3,5131242,1,흩뿌리다,1
bakery,qwen3,5131242,1,황금빛,1
bakery,qwen3,5131242,1,갈색,1
bakery,qwen3,5131242,1,가지런히,1
bakery,qwen3,5131242,1,일부,1
bakery,qwen3,5131242,1,잘리다,1
bakery,qwen3,5131242,1,기공,1
bakery,qwen3,5131242,1,많다,1
bakery,qwen3,5131242,1,속살,1
bakery,qwen3,5131242,1,드러나다,1
bakery,qwen3,5131242,1,회색,1
bakery,qwen3,5131242,2,밝다,1
bakery,qwen3,5131242,2,회색,1
bakery,qwen3,5131242,2,올리브,1
bakery,qwen3,5131242,2,보이다,1
bakery,qwen3,5131242,2,작다,1
bakery,qwen3,5131242,2,검다,1
bakery,qwen3,5131242,2,흩뿌리다,1
bakery,qwen3,5131242,2,직사각형,1
bakery,qwen3,5131242,2,황금빛,1
bakery,qwen3,5131242,2,갈색,1
bakery,qwen3,5131242,2,브레드,1
bakery,qwen3,5131242,2,스틱,1
bakery,qwen3,5131242,2,브레드스틱,1
bakery,qwen3,5131242,2,부러지다,1
bakery,qwen3,5131242,2,기공,1
bakery,qwen3,5131242,2,많다,1
bakery,qwen3,5131242,2,드러나다,1
bakery,qwen3,5132010,1,투명,1
bakery,qwen3,5132010,1,플라스틱,1
bakery,qwen3,5132010,1,쟁반,1
bakery,qwen3,5132010,1,둥글다,1
bakery,qwen3,5132010,1,다크,1
bakery,qwen3,5132010,1,초콜릿,2
bakery,qwen3,5132010,1,쿠키,3
bakery,qwen3,5132010,1,12,1
bakery,qwen3,5132010,1,격자,1
bakery,qwen3,5132010,1,모양,1
bakery,qwen3,5132010,1,가지런히,1
bakery,qwen3,5132010,1,아래,1
bakery,qwen3,5132010,1,미니멀,1
bakery,qwen3,5132010,1,디자인,1
bakery,qwen3,5132010,1,흰색,1
bakery,qwen3,5132010,1,상자,2
bakery,qwen3,5132010,1,한국어,1
bakery,qwen3,5132010,1,리얼,1
bakery,qwen3,5132010,1,브라우니쿠키,1
bakery,qwen3,5132010,1,문구,1
bakery,qwen3,5132010,1,적히다,1
bakery,qwen3,5132010,1,작다,1
bakery,qwen3,5132010,1,토끼,1
bakery,qwen3,5132010,1,캐릭터,1
bakery,qwen3,5132010,1,그리다,2
bakery,qwen3,5132010,1,더미,1
bakery,qwen3,5132010,1,일러스트,1
bakery,qwen3,5132010,1,함께,1
bakery,qwen3,5132010,2,리얼,1
bakery,qwen3,5132010,2,브라우니,1
bakery,qwen3,5132010,2,쿠키,4
bakery,qwen3,5132010,2,더미,1
bakery,qwen3,5132010,2,들다,2
bakery,qwen3,5132010,2,만화,1
bakery,qwen3,5132010,2,토끼,1
bakery,qwen3,5132010,2,그리다,1
bakery,qwen3,5132010,2,흰색,1
bakery,qwen3,5132010,2,상자,1
bakery,qwen3,5132010,2,개별,1
bakery,qwen3,5132010,2,포장,1
bakery,qwen3,5132010,2,투명,1
bakery,qwen3,5132010,2,플라스틱,1
bakery,qwen3,5132010,2,트레이,1
bakery,qwen3,5132010,2,구성,1
bakery,qwen3,5138995,1,황금빛,1
bakery,qwen3,5138995,1,갈색,1
bakery,qwen3,5138995,1,껍질,2
bakery,qwen3,5138995,1,띠다,1
bakery,qwen3,5138995,1,희다,2
bakery,qwen3,5138995,1,덩이,1
bakery,qwen3,5138995,1,식탁보,1
bakery,qwen3,5138995,1,적히다,1
bakery,qwen3,5138995,1,미니멀,1
bakery,qwen3,5138995,1,흰색,1
bakery,qwen3,5138995,1,상자,1
bakery,qwen3,5138995,1,기공,1
bakery,qwen3,5138995,1,많다,1
bakery,qwen3,5138995,1,식감,1
bakery,qwen3,5138995,1,지니다,1
bakery,qwen3,5138995,1,작다,1
bakery,qwen3,5138995,1,로고,1
bakery,qwen3,5138995,1,새기다,1
bakery,qwen3,5138995,2,황금빛,1
bakery,qwen3,5138995,2,갈색,1
bakery,qwen3,5138995,2,껍질,1
bakery,qwen3,5138995,2,희다,1
bakery,qwen3,5138995,2,덩어리,1
bakery,qwen3,5138995,2,조각,1
bakery,qwen3,5138995,2,잘리다,1
bakery,qwen3,5138995,2,나무,1
bakery,qwen3,5138995,2,도마,1
bakery,qwen3,5138995,2,기공,1
bakery,qwen3,5138995,2,많다,1
bakery,qwen3,5138995,2,질감,1
bakery,qwen3,5138995,2,띠다,1
bakery,qwen3,5138995,2,회색,1
bakery,qwen3,1000128336,1,금빛,1
bakery,qwen3,1000128336,1,갈색,1
bakery,qwen3,1000128336,1,껍질,1
bakery,qwen3,1000128336,1,잘다,1
bakery,qwen3,1000128336,1,썰다,1
bakery,qwen3,1000128336,1,호두,1
bakery,qwen3,1000128336,1,듬뿍,1
bakery,qwen3,1000128336,1,들어가다,1
bakery,qwen3,1000128336,1,폭신폭신,1
bakery,qwen3,1000128336,1,속살,1
bakery,qwen3,1000128336,1,가지다,1
bakery,qwen3,1000128336,1,덩이,1
bakery,qwen3,1000128336,1,체크,1
bakery,qwen3,1000128336,1,무늬,1
bakery,qwen3,1000128336,1,식탁보,1
bakery,qwen3,1000128336,2,황금빛,1
bakery,qwen3,1000128336,2,갈색,1
bakery,qwen3,1000128336,2,껍질,1
bakery,qwen3,1000128336,2,폭신폭신,1
bakery,qwen3,1000128336,2,속살,1
bakery,qwen3,1000128336,2,호두,1
bakery,qwen3,1000128336,2,듬뿍,1
bakery,qwen3,1000128336,2,박히다,1
bakery,qwen3,1000128336,2,정성,1
bakery,qwen3,1000128336,2,만들다,1
bakery,qwen3,1000128336,2,수제,1
bakery,qwen3,1000128336,2,덩어리,1
bakery,qwen3,1000128336,2,썰다,1
bakery,qwen3,1000128336,2,서다,1
bakery,qwen3,1000128336,2,체크,1
bakery,qwen3,1000128336,2,무늬,1
bakery,qwen3,1000128336,2,식탁보,1
bakery,qwen3,1000196053,1,갈라지다,1
bakery,qwen3,1000196053,1,겉면,1
bakery,qwen3,1000196053,1,황금빛,1
bakery,qwen3,1000196053,1,갈색,1
bakery,qwen3,1000196053,1,속살,1
bakery,qwen3,1000196053,1,가지다,1
bakery,qwen3,1000196053,1,타원,1
bakery,qwen3,1000196053,1,덩어리,1
bakery,qwen3,1000196053,1,나무,1
bakery,qwen3,1000196053,1,도마,1
bakery,qwen3,1000196053,1,유사,1
bakery,qwen3,1000196053,2,황금빛,1
bakery,qwen3,1000196053,2,갈색,1
bakery,qwen3,1000196053,2,껍질,1
bakery,qwen3,1000196053,2,띠다,1
bakery,qwen3,1000196053,2,수제,1
bakery,qwen3,1000196053,2,조각,1
bakery,qwen3,1000196053,2,클로즈업,1
bakery,qwen3,1000196053,2,자르다,1
bakery,qwen3,1000196053,2,녹색,1
bakery,qwen3,1000196053,2,올리브,1
bakery,qwen3,1000196053,2,가득,1
bakery,qwen3,1000196053,2,들다,1
bakery,qwen3,1000196053,2,폭신폭신,1
bakery,qwen3,1000196053,2,드러나다,1
bakery,qwen3,1000217187,1,타원,1
bakery,qwen3,1000217187,1,황금빛,1
bakery,qwen3,1000217187,1,갈색,1
bakery,qwen3,1000217187,1,둥글다,1
bakery,qwen3,1000217187,1,밝다,1
bakery,qwen3,1000217187,1,같다,1
bakery,qwen3,1000217187,1,들다,1
bakery,qwen3,1000217187,1,투명,1
bakery,qwen3,1000217187,1,비닐,1
bakery,qwen3,1000217187,1,봉지,1
bakery,qwen3,1000217187,2,황금빛,1
bakery,qwen3,1000217187,2,갈색,1
bakery,qwen3,1000217187,2,띠다,1
bakery,qwen3,1000217187,2,보이다,1
bakery,qwen3,1000217187,2,갈라지다,1
bakery,qwen3,1000217187,2,폭신폭신,1
bakery,qwen3,1000217187,2,모습,1
bakery,qwen3,1000217187,2,드러나다,1
bakery,qwen3,1000220024,1,황금빛,1
bakery,qwen3,1000220024,1,갈색,1
bakery,qwen3,1000220024,1,잘리다,1
bakery,qwen3,1000220024,1,녹다,1
bakery,qwen3,1000220024,1,내리다,1
bakery,qwen3,1000220024,1,치즈,1
bakery,qwen3,1000220024,1,채우다,1
bakery,qwen3,1000220024,1,모습,1
bakery,qwen3,1000220024,1,드러나다,1
bakery,qwen3,1000220024,2,황금빛,1
bakery,qwen3,1000220024,2,갈색,1
bakery,qwen3,1000220024,2,6,1
bakery,qwen3,1000220024,2,잘리다,1
bakery,qwen3,1000220024,2,녹다,1
bakery,qwen3,1000220024,2,내리다,1
bakery,qwen3,1000220024,2,치즈,1
bakery,qwen3,1000220024,2,채우다,1
bakery,qwen3,1000220024,2,보이다,1
bakery,qwen3,1000220024,2,유산지,1
bakery,qwen3,1000220024,2,기공,1
bakery,qwen3,1000220024,2,많다,1
bakery,qwen3,1000220024,2,질감,1
bakery,qwen3,1000220024,2,띄다,1
bakery,qwen3,1000229955,1,뚜껑,1
bakery,qwen3,1000229955,1,파스텔,1
bakery,qwen3,1000229955,1,그림,1
bakery,qwen3,1000229955,1,그리다,1
bakery,qwen3,1000229955,1,쿠키,2
bakery,qwen3,1000229955,1,상자,1
bakery,qwen3,1000229955,1,열다,1
bakery,qwen3,1000229955,1,검은색,1
bakery,qwen3,1000229955,1,쟁반,1
bakery,qwen3,1000229955,1,개별,1
bakery,qwen3,1000229955,1,포장,1
bakery,qwen3,1000229955,1,9,1
bakery,qwen3,1000229955,2,브랜드,1
bakery,qwen3,1000229955,2,9,1
bakery,qwen3,1000229955,2,혼합,1
bakery,qwen3,1000229955,2,쿠키,2
bakery,qwen3,1000229955,2,상자,2
bakery,qwen3,1000229955,2,연하다,1
bakery,qwen3,1000229955,2,베이지,1
bakery,qwen3,1000229955,2,열리다,1
bakery,qwen3,1000229955,2,뚜껑,1
bakery,qwen3,1000229955,2,투명,1
bakery,qwen3,1000229955,2,비닐,1
bakery,qwen3,1000229955,2,개별,1
bakery,qwen3,1000229955,2,포장,1
bakery,qwen3,1000229955,2,둥글다,1
bakery,qwen3,1000229955,2,모양,2
bakery,qwen3,1000229955,2,사각,1
bakery,qwen3,1000229955,2,체크,1
bakery,qwen3,1000229955,2,무늬,1
bakery,qwen3,1000229955,2,다양,1
bakery,qwen3,1000229955,2,색상,1
bakery,qwen3,1000229955,2,띠다,1
bakery,qwen3,1000234669,1,밝다,1
bakery,qwen3,1000234669,1,회색,1
bakery,qwen3,1000234669,1,필라델피아,1
bakery,qwen3,1000234669,1,오리지널,1
bakery,qwen3,1000234669,1,크림,1
bakery,qwen3,1000234669,1,치즈,1
bakery,qwen3,1000234669,1,용기,1
bakery,qwen3,1000234669,1,뚜껑,1
bakery,qwen3,1000234669,1,열리다,1
bakery,qwen3,1000234669,1,상태,1
bakery,qwen3,1000234669,2,크리미,2
bakery,qwen3,1000234669,2,흰색,1
bakery,qwen3,1000234669,2,스프레드,1
bakery,qwen3,1000234669,2,소용돌이,1
bakery,qwen3,1000234669,2,모양,1
bakery,qwen3,1000234669,2,보이다,1
bakery,qwen3,1000234669,2,필라델피아,1
bakery,qwen3,1000234669,2,오리지널,1
bakery,qwen3,1000234669,2,프레시,1
bakery,qwen3,1000234669,2,토핑,1
bakery,qwen3,1000234669,2,용기,1
bakery,qwen3,1000234669,2,밝다,1
bakery,qwen3,1000234669,2,색상,1
bakery,qwen3,1000234669,2,표면,1
bakery,qwen3,1000234669,2,뚜껑,2
bakery,qwen3,1000234669,2,열다,1
bakery,qwen3,1000234669,2,밀봉,1
bakery,qwen3,1000321559,1,땅콩,2
bakery,qwen3,1000321559,1,버터,2
bakery,qwen3,1000321559,1,타입,2
bakery,qwen3,1000321559,1,바삭,1
bakery,qwen3,1000321559,1,회색,1
bakery,qwen3,1000321559,1,담다,1
bakery,qwen3,1000321559,1,라벨,1
bakery,qwen3,1000321559,1,한국어,1
bakery,qwen3,1000321559,1,영어,1
bakery,qwen3,1000321559,1,되다,1
bakery,qwen3,1000321559,2,연하다,1
bakery,qwen3,1000321559,2,갈색,1
bakery,qwen3,1000321559,2,소스,2
bakery,qwen3,1000321559,2,아마도,1
bakery,qwen3,1000321559,2,땅콩,2
bakery,qwen3,1000321559,2,가득,1
bakery,qwen3,1000321559,2,담기다,1
bakery,qwen3,1000321559,2,흰색,1
bakery,qwen3,1000321559,2,띄다,1
bakery,qwen3,1000321559,2,조각,1
bakery,qwen3,1000321559,2,흩어지다,1
bakery,qwen3,1000321559,2,회색,1
bakery,qwen3,1000321559,2,질감,1
bakery,qwen3,1000321559,2,느끼다,1
bakery,qwen3,1000321559,2,표면,1
bakery,qwen3,1000352096,1,500,1
bakery,qwen3,1000352096,1,파스키,1
bakery,qwen3,1000352096,1,슬라이스,1
bakery,qwen3,1000352096,1,브리오슈,1
bakery,qwen3,1000352096,1,조각,1
bakery,qwen3,1000352096,1,담기다,1
bakery,qwen3,1000352096,1,흰색,1
bakery,qwen3,1000352096,1,하늘색,1
bakery,qwen3,1000352096,2,노릇노릇,1
bakery,qwen3,1000352096,2,보이다,1
bakery,qwen3,1000352096,2,브리오슈,1
bakery,qwen3,1000352096,2,조각,1
bakery,qwen3,1000352096,2,연하다,1
bakery,qwen3,1000352096,2,파란색,2
bakery,qwen3,1000352096,2,노란색,1
bakery,qwen3,1000352096,2,포장지,1
bakery,qwen3,1000400055,1,문구,1
bakery,qwen3,1000400055,1,적히다,1
bakery,qwen3,1000400055,1,파란색,2
bakery,qwen3,1000400055,1,상자,1
bakery,qwen3,1000400055,1,작다,1
bakery,qwen3,1000400055,1,봉지,1
bakery,qwen3,1000400055,1,밝다,1
bakery,qwen3,1000400055,1,회색,1
bakery,qwen3,1000400055,1,마카롱,3
bakery,qwen3,1000400055,1,제품,1
bakery,qwen3,1000400055,1,알록달록,1
bakery,qwen3,1000400055,1,담기다,2
bakery,qwen3,1000400055,1,흰색,1
bakery,qwen3,1000400055,1,함께,1
bakery,qwen3,1000400055,1,보이다,1
bakery,qwen3,1000400055,2,마카롱,4
bakery,qwen3,1000400055,2,자르다,1
bakery,qwen3,1000400055,2,녹색,2
bakery,qwen3,1000400055,2,초콜릿,2
bakery,qwen3,1000400055,2,드러나다,1
bakery,qwen3,1000400055,2,노란색,1
bakery,qwen3,1000400055,2,흰색,2
bakery,qwen3,1000400055,2,아이싱,1
bakery,qwen3,1000400055,2,얹다,1
bakery,qwen3,1000400055,2,분홍색,1
bakery,qwen3,1000400055,2,그리고,1
bakery,qwen3,1000400055,2,크림,1
bakery,qwen3,1000400055,2,들어가다,1
bakery,qwen3,1000400055,2,함께,1
bakery,qwen3,1000447291,1,황금빛,1
bakery,qwen3,1000447291,1,껍질,1
bakery,qwen3,1000447291,1,감도,1
bakery,qwen3,1000447291,1,희다,2
bakery,qwen3,1000447291,1,덩이,1
bakery,qwen3,1000447291,1,비닐,1
bakery,qwen3,1000447291,1,싸이다,1
bakery,qwen3,1000447291,1,나무,1
bakery,qwen3,1000447291,1,도마,1
bakery,qwen3,1000447291,1,조각,2
bakery,qwen3,1000447291,1,쌓이다,1
bakery,qwen3,1000447291,1,식탁보,1
bakery,qwen3,1000447291,1,우유,1
bakery,qwen3,1000447291,2,나무,1
bakery,qwen3,1000447291,2,도마,1
bakery,qwen3,1000447291,2,희다,2
bakery,qwen3,1000447291,2,조각,2
bakery,qwen3,1000447291,2,쌓이다,1
bakery,qwen3,1000447291,2,자르다,1
bakery,qwen3,1000447291,2,식탁보,1
bakery,qwen3,1000447291,2,우유,1
bakery,qwen3,1000528793,1,나무,1
bakery,qwen3,1000528793,1,쟁반,1
bakery,qwen3,1000528793,1,개별,1
bakery,qwen3,1000528793,1,포장,1
bakery,qwen3,1000528793,1,베이글,2
bakery,qwen3,1000528793,1,포장지,1
bakery,qwen3,1000528793,1,만화,1
bakery,qwen3,1000528793,1,캐릭터,1
bakery,qwen3,1000528793,1,얼굴,1
bakery,qwen3,1000528793,1,그리다,1
bakery,qwen3,1000528793,1,같다,1
bakery,qwen3,1000528793,1,로고,1
bakery,qwen3,1000528793,1,새기다,1
bakery,qwen3,1000528793,1,노란색,1
bakery,qwen3,1000528793,1,종이,1
bakery,qwen3,1000528793,1,봉투,1
bakery,qwen3,1000528793,1,함께,1
bakery,qwen3,1000528793,1,배경,1
bakery,qwen3,1000528793,1,밝다,1
bakery,qwen3,1000528793,1,색상,1
bakery,qwen3,1000528793,1,일부,1
bakery,qwen3,1000528793,1,잘리다,1
bakery,qwen3,1000528793,2,베이글,1
bakery,qwen3,1000528793,2,일부,2
bakery,qwen3,1000528793,2,통째,1
bakery,qwen3,1000528793,2,썰다,1
bakery,qwen3,1000528793,2,상태,1
bakery,qwen3,1000528793,2,포장지,1
bakery,qwen3,1000528793,2,만화,1
bakery,qwen3,1000528793,2,캐릭터,1
bakery,qwen3,1000528793,2,얼굴,1
bakery,qwen3,1000528793,2,그리다,1
bakery,qwen3,1000634077,1,흰색,1
bakery,qwen3,1000634077,1,다양,1
bakery,qwen3,1000634077,1,종류,1
bakery,qwen3,1000634077,1,도넛,1
bakery,qwen3,1000634077,1,5,1
bakery,qwen3,1000634077,1,작다,1
bakery,qwen3,1000634077,1,케이크,1
bakery,qwen3,1000634077,1,담기다,1
bakery,qwen3,1000634077,1,배경,1
bakery,qwen3,1000634077,1,파도,1
bakery,qwen3,1000634077,1,항해,1
bakery,qwen3,1000634077,1,그리다,1
bakery,qwen3,1000634077,1,일본화,1
bakery,qwen3,1000634077,1,스타일,1
bakery,qwen3,1000634077,1,그림,1
bakery,qwen3,1000634077,1,상자,1
bakery,qwen3,1000634077,2,흰색,1
bakery,qwen3,1000634077,2,진열대,1
bakery,qwen3,1000634077,2,올리다,1
bakery,qwen3,1000634077,2,작다,1
bakery,qwen3,1000634077,2,알록달록,1
bakery,qwen3,1000634077,2,케이크,1
bakery,qwen3,1000634077,2,페이스트리,1
bakery,qwen3,1000634077,2,모음,1
bakery,qwen3,1000634077,2,초콜릿,1
bakery,qwen3,1000634077,2,코코넛,1
bakery,qwen3,1000634077,2,과일,1
bakery,qwen3,1000634077,2,글레이즈,1
bakery,qwen3,1000634077,2,다양,1
bakery,qwen3,1000634077,2,토핑,1
bakery,qwen3,1000634077,2,곁들이다,1
bakery,qwen3,1000635372,1,나무,2
bakery,qwen3,1000635372,1,쟁반,1
bakery,qwen3,1000635372,1,피스타치오,1
bakery,qwen3,1000635372,1,버터,1
bakery,qwen3,1000635372,1,담기다,2
bakery,qwen3,1000635372,1,크다,1
bakery,qwen3,1000635372,1,작다,2
bakery,qwen3,1000635372,1,스프레드,1
bakery,qwen3,1000635372,1,손잡이,1
bakery,qwen3,1000635372,1,달리다,1
bakery,qwen3,1000635372,1,초록색,1
bakery,qwen3,1000635372,2,연두색,1
bakery,qwen3,1000635372,2,식탁보,1
bakery,qwen3,1000635372,2,피스타치오,3
bakery,qwen3,1000635372,2,견과,2
bakery,qwen3,1000635372,2,주재료,1
bakery,qwen3,1000635372,2,하다,1
bakery,qwen3,1000635372,2,보이다,1
bakery,qwen3,1000635372,2,황록색,1
bakery,qwen3,1000635372,2,띠다,1
bakery,qwen3,1000635372,2,가득,1
bakery,qwen3,1000635372,2,담기다,1
bakery,qwen3,1000635372,2,흰색,1
bakery,qwen3,1000635372,2,주변,1
bakery,qwen3,1000635372,2,통째,1
bakery,qwen3,1000635372,2,되다,1
bakery,qwen3,1000635372,2,껍질,1
bakery,qwen3,1000635372,2,깨지다,1
bakery,qwen3,1000635372,2,흩어지다,1
bakery,qwen3,1000635372,2,고소하다,1
bakery,qwen3,1000635372,2,느끼다,1
bakery,qwen3,1000637683,1,피넛,4
bakery,qwen3,1000637683,1,버터,4
bakery,qwen3,1000637683,1,오리지널,1
bakery,qwen3,1000637683,1,적히다,3
bakery,qwen3,1000637683,1,크런치,1
bakery,qwen3,1000637683,1,베이지,1
bakery,qwen3,1000637683,1,숟가락,1
bakery,qwen3,1000637683,1,함께,1
bakery,qwen3,1000637683,1,진열,1
bakery,qwen3,1000637683,1,땅콩,1
bakery,qwen3,1000637683,1,그림,1
bakery,qwen3,1000637683,1,그리다,1
bakery,qwen3,1000637683,2,땅콩,1
bakery,qwen3,1000637683,2,버터,1
bakery,qwen3,1000637683,2,담기다,2
bakery,qwen3,1000637683,2,흰색,1
bakery,qwen3,1000637683,2,베이지,1
bakery,qwen3,1000637683,2,탁자,1
bakery,qwen3,1000637683,2,덩어리,1
bakery,qwen3,1000637683,2,씹히다,1
bakery,qwen3,1000637683,2,종류,3
bakery,qwen3,1000637683,2,나무,1
bakery,qwen3,1000637683,2,숟가락,1
bakery,qwen3,1000637683,2,꽂히다,1
bakery,qwen3,1000659491,1,타원,1
bakery,qwen3,1000659491,1,황금빛,1
bakery,qwen3,1000659491,1,갈색,1
bakery,qwen3,1000659491,1,베이글,3
bakery,qwen3,1000659491,1,연하다,1
bakery,qwen3,1000659491,1,녹색,1
bakery,qwen3,1000659491,1,배경,1
bakery,qwen3,1000659491,1,흩어지다,1
bakery,qwen3,1000659491,1,적히다,1
bakery,qwen3,1000659491,1,포장지,1
bakery,qwen3,1000659491,1,브랜드,1
bakery,qwen3,1000659491,1,이름,1
bakery,qwen3,1000659491,1,작다,1
bakery,qwen3,1000659491,1,그리다,1
bakery,qwen3,1000659491,2,나무,1
bakery,qwen3,1000659491,2,도마,1
bakery,qwen3,1000659491,2,베이글,3
bakery,qwen3,1000659491,2,통째,1
bakery,qwen3,1000659491,2,갈라지다,1
bakery,qwen3,1000659491,2,기공,1
bakery,qwen3,1000659491,2,많다,1
bakery,qwen3,1000659491,2,드러나다,1
bakery,qwen3,1000659491,2,짙다,1
bakery,qwen3,1000659491,2,보라색,1
bakery,qwen3,1000659491,2,들다,1
bakery,qwen3,1000659491,2,아마,1
bakery,qwen3,1000659491,2,블루베리,1
bakery,qwen3,1000659491,2,황금빛,1
bakery,qwen3,1000659491,2,갈색,1
bakery,qwen3,1000659491,2,껍질,1
bakery,qwen3,1000659491,2,띠다,1
bakery,qwen3,1000659491,2,연하다,1
bakery,qwen3,1000659491,2,녹색,1
bakery,qwen3,1000659491,2,배경,1
bakery,qwen3,1000794499,1,황금빛,1
bakery,qwen3,1000794499,1,노란색,2
bakery,qwen3,1000794499,1,케이크,3
bakery,qwen3,1000794499,1,본체,1
bakery,qwen3,1000794499,1,갈색,1
bakery,qwen3,1000794499,1,토핑,1
bakery,qwen3,1000794499,1,올라가다,1
bakery,qwen3,1000794499,1,직사각형,1
bakery,qwen3,1000794499,1,작다,1
bakery,qwen3,1000794499,1,직사각,1
bakery,qwen3,1000794499,1,담기다,1
bakery,qwen3,1000794499,1,나무,1
bakery,qwen3,1000794499,1,포크,1
bakery,qwen3,1000794499,1,배경,1
bakery,qwen3,1000794499,1,녹색,1
bakery,qwen3,1000794499,1,상자,3
bakery,qwen3,1000794499,1,모두,1
bakery,qwen3,1000794499,1,한국어,1
bakery,qwen3,1000794499,1,문구,1
bakery,qwen3,1000794499,1,로고,1
bakery,qwen3,1000794499,1,적히다,1
bakery,qwen3,1000794499,2,담기다,2
bakery,qwen3,1000794499,2,직사각형,1
bakery,qwen3,1000794499,2,자르다,1
bakery,qwen3,1000794499,2,녹차,1
bakery,qwen3,1000794499,2,케이크,3
bakery,qwen3,1000794499,2,클로즈업,1
bakery,qwen3,1000794499,2,전체,1
bakery,qwen3,1000794499,2,희다,1
bakery,qwen3,1000794499,2,나무,1
bakery,qwen3,1000794499,2,포크,1
bakery,qwen3,1000794499,2,함께,1
bakery,qwen3,1000794499,2,조각,1
bakery,qwen3,1000794499,2,겉면,1
bakery,qwen3,1000794499,2,황금빛,1
bakery,qwen3,1000794499,2,갈색,1
bakery,qwen3,1000794499,2,띠다,1
bakery,qwen3,1000794499,2,연하다,1
bakery,qwen3,1000794499,2,녹색,1
bakery,qwen3,1000831954,1,흰색,1
bakery,qwen3,1000831954,1,가루,1
bakery,qwen3,1000831954,1,설탕,1
bakery,qwen3,1000831954,1,살짝,1
bakery,qwen3,1000831954,1,뿌리다,1
bakery,qwen3,1000831954,1,둥글다,1
bakery,qwen3,1000831954,1,검다,1
bakery,qwen3,1000831954,1,올리브,1
bakery,qwen3,1000831954,1,들어가다,1
bakery,qwen3,1000831954,1,직사각형,1
bakery,qwen3,1000831954,1,치즈,1
bakery,qwen3,1000831954,1,토핑,1
bakery,qwen3,1000831954,1,올라가다,1
bakery,qwen3,1000831954,1,황금빛,1
bakery,qwen3,1000831954,1,갈색,1
bakery,qwen3,1000831954,1,페이스트리,1
bakery,qwen3,1000831954,1,다양,1
bakery,qwen3,1000831954,1,종류,1
bakery,qwen3,1000831954,1,제과,1
bakery,qwen3,1000831954,1,중성,1
bakery,qwen3,1000831954,1,배경,1
bakery,qwen3,1000831954,1,진열,1
bakery,qwen3,1000831954,2,각각,1
bakery,qwen3,1000831954,2,재료,3
bakery,qwen3,1000831954,2,얹다,1
bakery,qwen3,1000831954,2,조각,4
bakery,qwen3,1000831954,2,검다,1
bakery,qwen3,1000831954,2,올리브,1
bakery,qwen3,1000831954,2,녹다,1
bakery,qwen3,1000831954,2,치즈,1
bakery,qwen3,1000831954,2,호박,1
bakery,qwen3,1000831954,2,들어가다,1
bakery,qwen3,1000831954,2,크림,2
bakery,qwen3,1000831954,2,같다,2
bakery,qwen3,1000831954,2,그리고,1
bakery,qwen3,1000831954,2,허브,1
bakery,qwen3,1000831954,2,나다,1
bakery,qwen3,1000831954,2,얹히다,1
bakery,qwen3,1000870987,1,빨간색,2
bakery,qwen3,1000870987,1,분홍색,1
bakery,qwen3,1000870987,1,상자,1
bakery,qwen3,1000870987,1,담기다,1
bakery,qwen3,1000870987,1,하트,1
bakery,qwen3,1000870987,1,모양,1
bakery,qwen3,1000870987,1,디저트,1
bakery,qwen3,1000870987,1,크림,1
bakery,qwen3,1000870987,1,같다,1
bakery,qwen3,1000870987,1,잘다,1
bakery,qwen3,1000870987,1,썰다,1
bakery,qwen3,1000870987,1,피스타치오,1
bakery,qwen3,1000870987,1,들다,1
bakery,qwen3,1000870987,1,배경,1
bakery,qwen3,1000870987,2,빨간색,2
bakery,qwen3,1000870987,2,테마,1
bakery,qwen3,1000870987,2,하다,1
bakery,qwen3,1000870987,2,디저트,1
bakery,qwen3,1000870987,2,진열대,1
bakery,qwen3,1000870987,2,하트,2
bakery,qwen3,1000870987,2,모양,1
bakery,qwen3,1000870987,2,티라미수,1
bakery,qwen3,1000870987,2,뚜껑,1
bakery,qwen3,1000870987,2,열리다,1
bakery,qwen3,1000870987,2,코코아,1
bakery,qwen3,1000870987,2,가루,1
bakery,qwen3,1000870987,2,숟가락,1
bakery,qwen3,1000870987,2,얹다,3
bakery,qwen3,1000870987,2,초콜릿,1
bakery,qwen3,1000870987,2,검다,1
bakery,qwen3,1000870987,2,크림,1
bakery,qwen3,1000870987,2,버전,2
bakery,qwen3,1000870987,2,피스타치오,1
bakery,qwen3,1000870987,2,노란색,1
bakery,qwen3,1000870987,2,담기다,1
bakery,qwen3,1000870987,2,배경,2
bakery,qwen3,1000870987,2,흰색,1
bakery,qwen3,1000870987,2,받침대,1
bakery,qwen3,1000870987,2,진열,1
bakery,qwen3,1000870987,2,적히다,1
bakery,qwen3,1000870987,2,풍선,1
bakery,qwen3,1000870987,2,뜨다,1
bakery,qwen3,1000894225,1,황금빛,1
bakery,qwen3,1000894225,1,갈색,1
bakery,qwen3,1000894225,1,껍질,1
bakery,qwen3,1000894225,1,돋보이다,1
bakery,qwen3,1000894225,1,희다,1
bakery,qwen3,1000894225,1,덩어리,1
bakery,qwen3,1000894225,1,얇다,1
bakery,qwen3,1000894225,1,썰다,1
bakery,qwen3,1000894225,1,나무,1
bakery,qwen3,1000894225,1,도마,1
bakery,qwen3,1000894225,1,배경,1
bakery,qwen3,1000894225,1,포장지,1
bakery,qwen3,1000894225,1,보이다,1
bakery,qwen3,1000894225,2,나무,1
bakery,qwen3,1000894225,2,도마,1
bakery,qwen3,1000894225,2,얇다,1
bakery,qwen3,1000894225,2,썰다,1
bakery,qwen3,1000894225,2,희다,1
bakery,qwen3,1000894225,2,덩이,1
bakery,qwen3,1000894225,2,조각,1
bakery,qwen3,1000894225,2,일렬,1
bakery,qwen3,1000894225,2,가지런히,1
bakery,qwen3,1000894225,2,정렬,1
bakery,qwen3,1000894225,2,황금빛,1
bakery,qwen3,1000894225,2,갈색,1
bakery,qwen3,1000894225,2,겉면,1
bakery,qwen3,1000894225,2,기공,1
bakery,qwen3,1000894225,2,많다,1
bakery,qwen3,1000894225,2,가지다,1
bakery,qwen3,1001194675,1,밝다,1
bakery,qwen3,1001194675,1,회색,1
bakery,qwen3,1001194675,1,땅콩,1
bakery,qwen3,1001194675,1,버터,1
bakery,qwen3,1001194675,1,같다,1
bakery,qwen3,1001194675,1,제품,1
bakery,qwen3,1001194675,1,진열,1
bakery,qwen3,1001194675,2,크리미,1
bakery,qwen3,1001194675,2,땅콩,4
bakery,qwen3,1001194675,2,버터,2
bakery,qwen3,1001194675,2,가득,1
bakery,qwen3,1001194675,2,담기다,1
bakery,qwen3,1001194675,2,흰색,1
bakery,qwen3,1001194675,2,나무,1
bakery,qwen3,1001194675,2,숟가락,1
bakery,qwen3,1001194675,2,꽂히다,1
bakery,qwen3,1001194675,2,가다,1
bakery,qwen3,1001194675,2,한국어,1
bakery,qwen3,1001194675,2,적히다,1
bakery,qwen3,1001194675,2,진열,1
bakery,qwen3,1001194675,2,일러스트,1
bakery,qwen3,1001194675,2,100,1
bakery,qwen3,1001194675,2,문구,1
bakery,qwen3,1001194675,2,표시,1
bakery,qwen3,1001385477,1,블루베리,1
bakery,qwen3,1001385477,1,사과,1
bakery,qwen3,1001385477,1,시나몬,1
bakery,qwen3,1001385477,1,라즈베리,1
bakery,qwen3,1001385477,1,망고,1
bakery,qwen3,1001385477,1,패션프루트,1
bakery,qwen3,1001385477,1,로얄,1
bakery,qwen3,1001385477,1,6,1
bakery,qwen3,1001385477,1,가지,1
bakery,qwen3,1001385477,1,세인트,1
bakery,qwen3,1001385477,1,과일,1
bakery,qwen3,1001385477,1,스프레드,1
bakery,qwen3,1001385477,1,밝다,1
bakery,qwen3,1001385477,1,색상,1
bakery,qwen3,1001385477,1,받침대,1
bakery,qwen3,1001385477,1,진열,1
bakery,qwen3,1001385477,1,전경,1
bakery,qwen3,1001385477,1,담기다,1
bakery,qwen3,1001385477,1,작다,1
bakery,qwen3,1001385477,1,나무,1
bakery,qwen3,1001385477,1,숟가락,1
bakery,qwen3,1001385477,2,블루베리,1
bakery,qwen3,1001385477,2,사과,1
bakery,qwen3,1001385477,2,시나몬,1
bakery,qwen3,1001385477,2,로얄,1
bakery,qwen3,1001385477,2,망고,1
bakery,qwen3,1001385477,2,패션프루트,1
bakery,qwen3,1001385477,2,라즈베리,1
bakery,qwen3,1001385477,2,담기다,2
bakery,qwen3,1001385477,2,세인트,1
bakery,qwen3,1001385477,2,과일,1
bakery,qwen3,1001385477,2,스프레드,2
bakery,qwen3,1001385477,2,유리병,1
bakery,qwen3,1001385477,2,세트,1
bakery,qwen3,1001385477,2,밝다,1
bakery,qwen3,1001385477,2,배경,1
bakery,qwen3,1001385477,2,진열,1
bakery,qwen3,1001385477,2,나무,1
bakery,qwen3,1001385477,2,숟가락,1
bakery,qwen3,1001385477,2,작다,1
bakery,qwen3,1001493094,1,회색,1
bakery,qwen3,1001493094,1,땅콩,2
bakery,qwen3,1001493094,1,버터,2
bakery,qwen3,1001493094,1,타입,2
bakery,qwen3,1001493094,1,바삭,1
bakery,qwen3,1001493094,1,담다,1
bakery,qwen3,1001493094,1,진열,1
bakery,qwen3,1001493094,2,식물,1
bakery,qwen3,1001493094,2,땅콩,1
bakery,qwen3,1001493094,2,버터,1
bakery,qwen3,1001493094,2,타입,2
bakery,qwen3,1001493094,2,바삭,1
bakery,qwen3,1001493094,2,회색,1
bakery,qwen3,1001493094,2,제품,1
bakery,qwen3,1001493094,2,함께,1
bakery,qwen3,1001493094,2,진열,1
bakery,qwen3,1001501168,1,아르티제,1
bakery,qwen3,1001501168,1,랑그,1
bakery,qwen3,1001501168,1,쿠키,1
bakery,qwen3,1001501168,1,가지,1
bakery,qwen3,1001501168,1,밀크,2
bakery,qwen3,1001501168,1,크림,1
bakery,qwen3,1001501168,1,트다,1
bakery,qwen3,1001501168,1,카라멜,1
bakery,qwen3,1001501168,1,초콜릿,2
bakery,qwen3,1001501168,1,포장지,1
bakery,qwen3,1001501168,1,함께,1
bakery,qwen3,1001501168,1,작다,1
bakery,qwen3,1001501168,1,담다,1
bakery,qwen3,1001501168,1,플랫,1
bakery,qwen3,1001501168,1,레이,1
bakery,qwen3,1001501168,1,연출,1
bakery,qwen3,1001501168,2,아르티제,1
bakery,qwen3,1001501168,2,랑그,1
bakery,qwen3,1001501168,2,쿠키,1
bakery,qwen3,1001501168,2,내려다보다,1
bakery,qwen3,1001501168,2,모습,1
bakery,qwen3,1001501168,2,플레인,1
bakery,qwen3,1001501168,2,초콜릿,1
bakery,qwen3,1001501168,2,코팅,1
bakery,qwen3,1001501168,2,밀크,1
bakery,qwen3,1001501168,2,크림,1
bakery,qwen3,1001501168,2,밝다,1
bakery,qwen3,1001501168,2,색상,1
bakery,qwen3,1001501168,2,배경,1
bakery,qwen3,1001501168,2,일부,2
bakery,qwen3,1001501168,2,흰색,1
bakery,qwen3,1001501168,2,담기다,2
bakery,qwen3,1001501168,2,개별,1
bakery,qwen3,1001501168,2,포장지,1
bakery,qwen3,1001556191,1,갈라지다,1
bakery,qwen3,1001556191,1,겉면,1
bakery,qwen3,1001556191,1,폭신폭신,1
bakery,qwen3,1001556191,1,속살,1
bakery,qwen3,1001556191,1,지니다,1
bakery,qwen3,1001556191,1,수제,1
bakery,qwen3,1001556191,1,덩어리,1
bakery,qwen3,1001556191,1,얇다,1
bakery,qwen3,1001556191,1,썰다,1
bakery,qwen3,1001556191,1,다공,1
bakery,qwen3,1001556191,1,질감,1
bakery,qwen3,1001556191,1,드러나다,1
bakery,qwen3,1001556191,1,중성,1
bakery,qwen3,1001556191,1,배경,2
bakery,qwen3,1001556191,1,흰색,1
bakery,qwen3,1001556191,1,타원,1
bakery,qwen3,1001556191,1,담기다,1
bakery,qwen3,1001556191,2,황금빛,1
bakery,qwen3,1001556191,2,갈색,1
bakery,qwen3,1001556191,2,띠다,1
bakery,qwen3,1001556191,2,기포,1
bakery,qwen3,1001556191,2,가득,1
bakery,qwen3,1001556191,2,폭신폭신,1
bakery,qwen3,1001556191,2,수제,1
bakery,qwen3,1001556191,2,덩어리,1
bakery,qwen3,1001556191,2,썰다,1
bakery,qwen3,1001556191,2,희다,1
bakery,qwen3,1001556191,2,담다,1
bakery,qwen3,1001556191,2,모습,1
bakery,qwen3,1001737663,1,생기,1
bakery,qwen3,1001737663,1,넘치다,1
bakery,qwen3,1001737663,1,주황색,1
bakery,qwen3,1001737663,1,젤리,1
bakery,qwen3,1001737663,1,얹다,1
bakery,qwen3,1001737663,1,둥글다,1
bakery,qwen3,1001737663,1,흰색,2
bakery,qwen3,1001737663,1,무스,1
bakery,qwen3,1001737663,1,케이크,3
bakery,qwen3,1001737663,1,대리석,2
bakery,qwen3,1001737663,1,작다,1
bakery,qwen3,1001737663,1,조각,1
bakery,qwen3,1001737663,1,담기다,2
bakery,qwen3,1001737663,1,분홍색,1
bakery,qwen3,1001737663,1,무늬,1
bakery,qwen3,1001737663,1,들어가다,1
bakery,qwen3,1001737663,1,상자,2
bakery,qwen3,1001737663,1,브랜드,1
bakery,qwen3,1001737663,1,적히다,1
bakery,qwen3,1001737663,2,생기,1
bakery,qwen3,1001737663,2,넘치다,1
bakery,qwen3,1001737663,2,주황색,1
bakery,qwen3,1001737663,2,젤리,1
bakery,qwen3,1001737663,2,얹다,1
bakery,qwen3,1001737663,2,둥글다,1
bakery,qwen3,1001737663,2,흰색,3
bakery,qwen3,1001737663,2,케이크,2
bakery,qwen3,1001737663,2,대리석,1
bakery,qwen3,1001737663,2,전경,1
bakery,qwen3,1001737663,2,조각,1
bakery,qwen3,1001737663,2,잘리다,1
bakery,qwen3,1001737663,2,담기다,1
bakery,qwen3,1001737663,2,크리미,1
bakery,qwen3,1001737663,2,식감,1
bakery,qwen3,1001737663,2,지니다,1
bakery,qwen3,1001737663,2,겉면,1
bakery,qwen3,1001737663,2,황금빛,1
bakery,qwen3,1001737663,2,갈색,1
bakery,qwen3,1001737663,2,띠다,1
bakery,qwen3,1001737665,1,흰색,2
bakery,qwen3,1001737665,1,대리석,2
bakery,qwen3,1001737665,1,상자,1
bakery,qwen3,1001737665,1,배경,1
bakery,qwen3,1001737665,1,초콜릿,1
bakery,qwen3,1001737665,1,케이크,2
bakery,qwen3,1001737665,1,담기다,2
bakery,qwen3,1001737665,1,조각,1
bakery,qwen3,1001737665,2,흰색,2
bakery,qwen3,1001737665,2,대리석,1
bakery,qwen3,1001737665,2,윗면,1
bakery,qwen3,1001737665,2,초콜릿,3
bakery,qwen3,1001737665,2,가루,1
bakery,qwen3,1001737665,2,베리,1
bakery,qwen3,1001737665,2,얹다,1
bakery,qwen3,1001737665,2,크다,1
bakery,qwen3,1001737665,2,둥글다,1
bakery,qwen3,1001737665,2,케이크,2
bakery,qwen3,1001737665,2,조각,1
bakery,qwen3,1001737665,2,자르다,1
bakery,qwen3,1001737665,2,작다,1
bakery,qwen3,1001737665,2,올리다,1
bakery,qwen3,1001737665,2,크림,1
bakery,qwen3,1001737665,2,과일,1
bakery,qwen3,1001737665,2,층층이,1
bakery,qwen3,1001737665,2,쌓이다,1
bakery,qwen3,1001737665,2,모습,1
bakery,qwen3,1001737665,2,드러나다,1
bakery,qwen3,1002104461,1,적히다,2
bakery,qwen3,1002104461,1,흰색,2
bakery,qwen3,1002104461,1,상자,2
bakery,qwen3,1002104461,1,초록색,2
bakery,qwen3,1002104461,1,개별,1
bakery,qwen3,1002104461,1,포장,1
bakery,qwen3,1002104461,1,쿠키,3
bakery,qwen3,1002104461,1,크림,1
bakery,qwen3,1002104461,1,들어가다,1
bakery,qwen3,1002104461,1,다양,1
bakery,qwen3,1002104461,1,종류,1
bakery,qwen3,1002104461,1,버터,1
bakery,qwen3,1002104461,1,담기다,1
bakery,qwen3,1002104461,1,커피,1
bakery,qwen3,1002104461,1,즐기다,1
bakery,qwen3,1002104461,1,문구,1
bakery,qwen3,1002104461,1,테두리,1
bakery,qwen3,1002104461,1,가지런히,1
bakery,qwen3,1002104461,2,초록색,2
bakery,qwen3,1002104461,2,테두리,1
bakery,qwen3,1002104461,2,흰색,2
bakery,qwen3,1002104461,2,바삭바삭,1
bakery,qwen3,1002104461,2,식감,1
bakery,qwen3,1002104461,2,황금빛,1
bakery,qwen3,1002104461,2,갈색,1
bakery,qwen3,1002104461,2,직사각형,1
bakery,qwen3,1002104461,2,쿠키,2
bakery,qwen3,1002104461,2,일부,1
bakery,qwen3,1002104461,2,겹쳐지다,1
bakery,qwen3,1002104461,2,크림,1
bakery,qwen3,1002104461,2,캐러멜,1
bakery,qwen3,1002104461,2,같다,1
bakery,qwen3,1002104461,2,토핑,1
bakery,qwen3,1002104461,2,드러나다,1
bakery,qwen3,1002104461,2,잘리다,1
bakery,qwen3,1002104461,2,선명,1
bakery,qwen3,1002104461,2,보이다,1
bakery,qwen3,1002104461,2,짙다,1
bakery,qwen3,1002104461,2,배경,1
bakery,qwen3,1002202568,1,땅콩,1
bakery,qwen3,1002202568,1,버터,1
bakery,qwen3,1002202568,1,제품,2
bakery,qwen3,1002202568,1,3,1
bakery,qwen3,1002202568,1,개별,1
bakery,qwen3,1002202568,1,포장지,1
bakery,qwen3,1002202568,1,같다,1
bakery,qwen3,1002202568,1,크다,1
bakery,qwen3,1002202568,1,상자,1
bakery,qwen3,1002202568,1,진열,1
bakery,qwen3,1002202568,1,회색,1
bakery,qwen3,1002202568,2,100,1
bakery,qwen3,1002202568,2,한국,1
bakery,qwen3,1002202568,2,땅콩,3
bakery,qwen3,1002202568,2,적히다,1
bakery,qwen3,1002202568,2,흰색,2
bakery,qwen3,1002202568,2,넛츠,1
bakery,qwen3,1002202568,2,그린,1
bakery,qwen3,1002202568,2,스무스,1
bakery,qwen3,1002202568,2,버터,2
bakery,qwen3,1002202568,2,포장지,1
bakery,qwen3,1002202568,2,크림,1
bakery,qwen3,1002202568,2,연하다,1
bakery,qwen3,1002202568,2,갈색,1
bakery,qwen3,1002202568,2,바르다,1
fruits_nuts_rice,qwen3,5003716,1,익다,1
fruits_nuts_rice,qwen3,5003716,1,바나나,1
fruits_nuts_rice,qwen3,5003716,1,다발,1
fruits_nuts_rice,qwen3,5003716,1,밝다,1
fruits_nuts_rice,qwen3,5003716,1,표면,1
fruits_nuts_rice,qwen3,5003716,1,접히다,1
fruits_nuts_rice,qwen3,5003716,1,희다,1
fruits_nuts_rice,qwen3,5003716,2,흰색,1
fruits_nuts_rice,qwen3,5003716,2,익다,1
fruits_nuts_rice,qwen3,5003716,2,바나나,1
fruits_nuts_rice,qwen3,5003716,2,껍질,1
fruits_nuts_rice,qwen3,5003716,2,벗기다,1
fruits_nuts_rice,qwen3,5003716,2,밝다,1
fruits_nuts_rice,qwen3,5025577,1,나무,1
fruits_nuts_rice,qwen3,5025577,1,도마,2
fruits_nuts_rice,qwen3,5025577,1,통째,1
fruits_nuts_rice,qwen3,5025577,1,되다,1
fruits_nuts_rice,qwen3,5025577,1,키위,3
fruits_nuts_rice,qwen3,5025577,1,썰다,2
fruits_nuts_rice,qwen3,5025577,1,잘리다,1
fruits_nuts_rice,qwen3,5025577,1,과육,1
fruits_nuts_rice,qwen3,5025577,1,검다,1
fruits_nuts_rice,qwen3,5025577,1,드러나다,1
fruits_nuts_rice,qwen3,5025577,1,앞쪽,1
fruits_nuts_rice,qwen3,5025577,1,식탁,1
fruits_nuts_rice,qwen3,5025577,1,조각,1
fruits_nuts_rice,qwen3,5025577,2,나무,1
fruits_nuts_rice,qwen3,5025577,2,도마,1
fruits_nuts_rice,qwen3,5025577,2,통째,1
fruits_nuts_rice,qwen3,5025577,2,되다,1
fruits_nuts_rice,qwen3,5025577,2,키위,4
fruits_nuts_rice,qwen3,5025577,2,썰다,1
fruits_nuts_rice,qwen3,5025577,2,잘리다,1
fruits_nuts_rice,qwen3,5025577,2,과육,1
fruits_nuts_rice,qwen3,5025577,2,검다,1
fruits_nuts_rice,qwen3,5025577,2,드러내다,1
fruits_nuts_rice,qwen3,5025577,2,갈색,1
fruits_nuts_rice,qwen3,5025577,2,보송보송,1
fruits_nuts_rice,qwen3,5025577,2,껍질,1
fruits_nuts_rice,qwen3,5025577,2,가지다,1
fruits_nuts_rice,qwen3,5025577,2,스티커,1
fruits_nuts_rice,qwen3,5025577,2,붙다,1
fruits_nuts_rice,qwen3,5027321,1,빨간색,1
fruits_nuts_rice,qwen3,5027321,1,노란색,1
fruits_nuts_rice,qwen3,5027321,1,복숭아,1
fruits_nuts_rice,qwen3,5027321,1,가득,1
fruits_nuts_rice,qwen3,5027321,1,차다,1
fruits_nuts_rice,qwen3,5027321,1,나무,1
fruits_nuts_rice,qwen3,5027321,1,녹색,1
fruits_nuts_rice,qwen3,5027321,1,잎사귀,1
fruits_nuts_rice,qwen3,5027321,1,주위,1
fruits_nuts_rice,qwen3,5027321,1,흩뿌리다,1
fruits_nuts_rice,qwen3,5027321,1,흰색,1
fruits_nuts_rice,qwen3,5027321,2,붉은색,1
fruits_nuts_rice,qwen3,5027321,2,노란색,1
fruits_nuts_rice,qwen3,5027321,2,껍질,1
fruits_nuts_rice,qwen3,5027321,2,가지다,1
fruits_nuts_rice,qwen3,5027321,2,익다,1
fruits_nuts_rice,qwen3,5027321,2,복숭아,1
fruits_nuts_rice,qwen3,5027321,2,물방울,1
fruits_nuts_rice,qwen3,5027321,2,반짝이다,1
fruits_nuts_rice,qwen3,5027321,2,희다,1
fruits_nuts_rice,qwen3,5027321,2,주변,1
fruits_nuts_rice,qwen3,5027321,2,초록색,1
fruits_nuts_rice,qwen3,5027321,2,잎사귀,1
fruits_nuts_rice,qwen3,5027321,2,흩어지다,1
fruits_nuts_rice,qwen3,5027321,2,모습,1
fruits_nuts_rice,qwen3,5027321,2,클로즈업,1
fruits_nuts_rice,qwen3,5031442,1,하늘색,1
fruits_nuts_rice,qwen3,5031442,1,익다,1
fruits_nuts_rice,qwen3,5031442,1,바나나,4
fruits_nuts_rice,qwen3,5031442,1,나무,1
fruits_nuts_rice,qwen3,5031442,1,껍질,2
fruits_nuts_rice,qwen3,5031442,1,벗기다,1
fruits_nuts_rice,qwen3,5031442,1,얇다,1
fruits_nuts_rice,qwen3,5031442,1,썰다,2
fruits_nuts_rice,qwen3,5031442,1,흰색,1
fruits_nuts_rice,qwen3,5031442,1,포크,1
fruits_nuts_rice,qwen3,5031442,1,조각,1
fruits_nuts_rice,qwen3,5031442,1,주위,1
fruits_nuts_rice,qwen3,5031442,1,감싸다,1
fruits_nuts_rice,qwen3,5031442,2,옅다,1
fruits_nuts_rice,qwen3,5031442,2,파란색,1
fruits_nuts_rice,qwen3,5031442,2,익다,1
fruits_nuts_rice,qwen3,5031442,2,바나나,2
fruits_nuts_rice,qwen3,5031442,2,껍질,2
fruits_nuts_rice,qwen3,5031442,2,벗기다,1
fruits_nuts_rice,qwen3,5031442,2,나무,1
fruits_nuts_rice,qwen3,5031442,2,얇다,1
fruits_nuts_rice,qwen3,5031442,2,썰다,1
fruits_nuts_rice,qwen3,5031442,2,포크,1
fruits_nuts_rice,qwen3,5031442,2,조각,1
fruits_nuts_rice,qwen3,5031442,2,꽂히다,1
fruits_nuts_rice,qwen3,5031442,2,주위,1
fruits_nuts_rice,qwen3,5031442,2,감싸다,1
fruits_nuts_rice,qwen3,5034841,1,밝다,1
fruits_nuts_rice,qwen3,5034841,1,주황색,1
fruits_nuts_rice,qwen3,5034841,1,작다,1
fruits_nuts_rice,qwen3,5034841,1,가득,1
fruits_nuts_rice,qwen3,5034841,1,차다,1
fruits_nuts_rice,qwen3,5034841,1,흰색,1
fruits_nuts_rice,qwen3,5034841,1,타원,1
fruits_nuts_rice,qwen3,5034841,1,회색,1
fruits_nuts_rice,qwen3,5034841,1,잘리다,2
fruits_nuts_rice,qwen3,5034841,1,과즙,1
fruits_nuts_rice,qwen3,5034841,1,흐르다,1
fruits_nuts_rice,qwen3,5034841,1,조각,1
fruits_nuts_rice,qwen3,5034841,1,드러나다,1
fruits_nuts_rice,qwen3,5034841,1,통째,1
fruits_nuts_rice,qwen3,5034841,1,되다,1
fruits_nuts_rice,qwen3,5034841,2,선명,1
fruits_nuts_rice,qwen3,5034841,2,주황색,1
fruits_nuts_rice,qwen3,5034841,2,무더기,1
fruits_nuts_rice,qwen3,5034841,2,잘리다,2
fruits_nuts_rice,qwen3,5034841,2,과즙,1
fruits_nuts_rice,qwen3,5034841,2,가득,1
fruits_nuts_rice,qwen3,5034841,2,조각,1
fruits_nuts_rice,qwen3,5034841,2,드러나다,1
fruits_nuts_rice,qwen3,5034841,2,탁자,1
fruits_nuts_rice,qwen3,5035954,1,블루베리,2
fruits_nuts_rice,qwen3,5035954,1,가득,1
fruits_nuts_rice,qwen3,5035954,1,차다,1
fruits_nuts_rice,qwen3,5035954,1,투명,1
fruits_nuts_rice,qwen3,5035954,1,유리,1
fruits_nuts_rice,qwen3,5035954,1,대리석,1
fruits_nuts_rice,qwen3,5035954,1,상판,1
fruits_nuts_rice,qwen3,5035954,1,주위,1
fruits_nuts_rice,qwen3,5035954,1,민트,1
fruits_nuts_rice,qwen3,5035954,1,흩어지다,1
fruits_nuts_rice,qwen3,5035954,2,흰색,2
fruits_nuts_rice,qwen3,5035954,2,요거트,1
fruits_nuts_rice,qwen3,5035954,2,담기다,2
fruits_nuts_rice,qwen3,5035954,2,유리,2
fruits_nuts_rice,qwen3,5035954,2,블루베리,2
fruits_nuts_rice,qwen3,5035954,2,민트,1
fruits_nuts_rice,qwen3,5035954,2,줄기,1
fruits_nuts_rice,qwen3,5035954,2,올리다,1
fruits_nuts_rice,qwen3,5035954,2,숟가락,1
fruits_nuts_rice,qwen3,5035954,2,질감,1
fruits_nuts_rice,qwen3,5035954,2,느끼다,1
fruits_nuts_rice,qwen3,5035954,2,회색,1
fruits_nuts_rice,qwen3,5035954,2,표면,1
fruits_nuts_rice,qwen3,5035954,2,가득,1
fruits_nuts_rice,qwen3,5035954,2,투명,1
fruits_nuts_rice,qwen3,5036748,1,노란색,1
fruits_nuts_rice,qwen3,5036748,1,녹색,1
fruits_nuts_rice,qwen3,5036748,1,라벨,2
fruits_nuts_rice,qwen3,5036748,1,붙다,1
fruits_nuts_rice,qwen3,5036748,1,키위,3
fruits_nuts_rice,qwen3,5036748,1,플라스틱,1
fruits_nuts_rice,qwen3,5036748,1,용기,2
fruits_nuts_rice,qwen3,5036748,1,썰다,2
fruits_nuts_rice,qwen3,5036748,1,한국어,1
fruits_nuts_rice,qwen3,5036748,1,되다,1
fruits_nuts_rice,qwen3,5036748,1,제스프리,1
fruits_nuts_rice,qwen3,5036748,1,썬글드키위,1
fruits_nuts_rice,qwen3,5036748,1,문구,1
fruits_nuts_rice,qwen3,5036748,1,적히다,1
fruits_nuts_rice,qwen3,5036748,1,흰색,2
fruits_nuts_rice,qwen3,5036748,1,대리석,1
fruits_nuts_rice,qwen3,5036748,1,표면,1
fruits_nuts_rice,qwen3,5036748,1,작다,1
fruits_nuts_rice,qwen3,5036748,1,통키위,1
fruits_nuts_rice,qwen3,5036748,1,조각,1
fruits_nuts_rice,qwen3,5036748,1,담기다,1
fruits_nuts_rice,qwen3,5036748,2,흰색,2
fruits_nuts_rice,qwen3,5036748,2,얇다,3
fruits_nuts_rice,qwen3,5036748,2,썰다,3
fruits_nuts_rice,qwen3,5036748,2,키위,4
fruits_nuts_rice,qwen3,5036748,2,그림,1
fruits_nuts_rice,qwen3,5036748,2,그리다,1
fruits_nuts_rice,qwen3,5036748,2,노란색,1
fruits_nuts_rice,qwen3,5036748,2,녹색,1
fruits_nuts_rice,qwen3,5036748,2,라벨,1
fruits_nuts_rice,qwen3,5036748,2,붙다,1
fruits_nuts_rice,qwen3,5036748,2,제스프리,1
fruits_nuts_rice,qwen3,5036748,2,키프루트,1
fruits_nuts_rice,qwen3,5036748,2,플라스틱,1
fruits_nuts_rice,qwen3,5036748,2,용기,1
fruits_nuts_rice,qwen3,5036748,2,작다,1
fruits_nuts_rice,qwen3,5036748,2,통키위,1
fruits_nuts_rice,qwen3,5036748,2,담기다,1
fruits_nuts_rice,qwen3,5036748,2,과육,1
fruits_nuts_rice,qwen3,5036748,2,검다,1
fruits_nuts_rice,qwen3,5036748,2,드러나다,1
fruits_nuts_rice,qwen3,5038123,1,서리,1
fruits_nuts_rice,qwen3,5038123,1,내리다,1
fruits_nuts_rice,qwen3,5038123,1,짙다,1
fruits_nuts_rice,qwen3,5038123,1,보라색,1
fruits_nuts_rice,qwen3,5038123,1,포도,1
fruits_nuts_rice,qwen3,5038123,1,송이,2
fruits_nuts_rice,qwen3,5038123,1,희다,1
fruits_nuts_rice,qwen3,5038123,1,배경,1
fruits_nuts_rice,qwen3,5038123,1,회색,1
fruits_nuts_rice,qwen3,5038123,2,짙다,1
fruits_nuts_rice,qwen3,5038123,2,보라색,1
fruits_nuts_rice,qwen3,5038123,2,포도,2
fruits_nuts_rice,qwen3,5038123,2,송이,1
fruits_nuts_rice,qwen3,5038123,2,밝다,1
fruits_nuts_rice,qwen3,5038123,2,회색,1
fruits_nuts_rice,qwen3,5038123,2,전경,1
fruits_nuts_rice,qwen3,5038123,2,알갱이,1
fruits_nuts_rice,qwen3,5038123,2,흩어지다,1
fruits_nuts_rice,qwen3,5045631,1,파란색,1
fruits_nuts_rice,qwen3,5045631,1,흰색,1
fruits_nuts_rice,qwen3,5045631,1,디자인,1
fruits_nuts_rice,qwen3,5045631,1,적히다,1
fruits_nuts_rice,qwen3,5045631,1,주간,2
fruits_nuts_rice,qwen3,5045631,1,견과,3
fruits_nuts_rice,qwen3,5045631,1,씨앗,3
fruits_nuts_rice,qwen3,5045631,1,간식,1
fruits_nuts_rice,qwen3,5045631,1,상자,2
fruits_nuts_rice,qwen3,5045631,1,월요일,1
fruits_nuts_rice,qwen3,5045631,1,일요일,1
fruits_nuts_rice,qwen3,5045631,1,일정,1
fruits_nuts_rice,qwen3,5045631,1,표시,2
fruits_nuts_rice,qwen3,5045631,1,매일,1
fruits_nuts_rice,qwen3,5045631,1,색상,1
fruits_nuts_rice,qwen3,5045631,1,구분,1
fruits_nuts_rice,qwen3,5045631,1,구역,1
fruits_nuts_rice,qwen3,5045631,1,혼합,2
fruits_nuts_rice,qwen3,5045631,1,들다,1
fruits_nuts_rice,qwen3,5045631,1,열리다,1
fruits_nuts_rice,qwen3,5045631,1,모습,1
fruits_nuts_rice,qwen3,5045631,1,담기다,1
fruits_nuts_rice,qwen3,5045631,1,작다,1
fruits_nuts_rice,qwen3,5045631,1,내용물,1
fruits_nuts_rice,qwen3,5045631,1,그리다,1
fruits_nuts_rice,qwen3,5045631,1,개별,1
fruits_nuts_rice,qwen3,5045631,1,스낵,1
fruits_nuts_rice,qwen3,5045631,1,포장지,1
fruits_nuts_rice,qwen3,5045631,1,보이다,1
fruits_nuts_rice,qwen3,5045631,2,브랜드,1
fruits_nuts_rice,qwen3,5045631,2,스낵,1
fruits_nuts_rice,qwen3,5045631,2,플랫,1
fruits_nuts_rice,qwen3,5045631,2,레이,1
fruits_nuts_rice,qwen3,5045631,2,방식,1
fruits_nuts_rice,qwen3,5045631,2,촬영,1
fruits_nuts_rice,qwen3,5045631,2,요일,1
fruits_nuts_rice,qwen3,5045631,2,표기,1
fruits_nuts_rice,qwen3,5045631,2,그레이,1
fruits_nuts_rice,qwen3,5045631,2,색상,1
fruits_nuts_rice,qwen3,5045631,2,표면,1
fruits_nuts_rice,qwen3,5045631,2,견과,1
fruits_nuts_rice,qwen3,5045631,2,말리다,1
fruits_nuts_rice,qwen3,5045631,2,과일,1
fruits_nuts_rice,qwen3,5045631,2,섞이다,1
fruits_nuts_rice,qwen3,5045631,2,담기다,1
fruits_nuts_rice,qwen3,5048547,1,밝다,1
fruits_nuts_rice,qwen3,5048547,1,회색,1
fruits_nuts_rice,qwen3,5048547,1,문양,1
fruits_nuts_rice,qwen3,5048547,1,그리다,1
fruits_nuts_rice,qwen3,5048547,1,여주대왕일포,1
fruits_nuts_rice,qwen3,5048547,1,브랜드,1
fruits_nuts_rice,qwen3,5048547,1,적히다,1
fruits_nuts_rice,qwen3,5048547,1,붉은색,1
fruits_nuts_rice,qwen3,5048547,1,한국,1
fruits_nuts_rice,qwen3,5048547,1,봉지,1
fruits_nuts_rice,qwen3,5048547,1,보이다,2
fruits_nuts_rice,qwen3,5048547,1,오른쪽,1
fruits_nuts_rice,qwen3,5048547,1,상단,1
fruits_nuts_rice,qwen3,5048547,1,모서리,1
fruits_nuts_rice,qwen3,5048547,1,작다,1
fruits_nuts_rice,qwen3,5048547,1,밥그릇,1
fruits_nuts_rice,qwen3,5048547,1,흩어지다,1
fruits_nuts_rice,qwen3,5048547,1,쌀알,1
fruits_nuts_rice,qwen3,5048547,2,희다,1
fruits_nuts_rice,qwen3,5048547,2,쌀알,2
fruits_nuts_rice,qwen3,5048547,2,가득,1
fruits_nuts_rice,qwen3,5048547,2,차다,1
fruits_nuts_rice,qwen3,5048547,2,회색,1
fruits_nuts_rice,qwen3,5048547,2,표면,1
fruits_nuts_rice,qwen3,5048547,2,흩어지다,1
fruits_nuts_rice,qwen3,5048580,1,밝다,1
fruits_nuts_rice,qwen3,5048580,1,회색,1
fruits_nuts_rice,qwen3,5048580,1,송이,1
fruits_nuts_rice,qwen3,5048580,1,포도,1
fruits_nuts_rice,qwen3,5048580,1,클로즈업,1
fruits_nuts_rice,qwen3,5048580,1,배경,1
fruits_nuts_rice,qwen3,5048580,1,잎사귀,1
fruits_nuts_rice,qwen3,5048580,1,보이다,1
fruits_nuts_rice,qwen3,5048580,2,초록색,1
fruits_nuts_rice,qwen3,5048580,2,포도,2
fruits_nuts_rice,qwen3,5048580,2,송이,1
fruits_nuts_rice,qwen3,5048580,2,주변,1
fruits_nuts_rice,qwen3,5048580,2,회색,1
fruits_nuts_rice,qwen3,5048580,2,표면,1
fruits_nuts_rice,qwen3,5048580,2,흩어지다,1
fruits_nuts_rice,qwen3,5049631,1,둥글다,1
fruits_nuts_rice,qwen3,5049631,1,베이지,1
fruits_nuts_rice,qwen3,5049631,1,줄무늬,1
fruits_nuts_rice,qwen3,5049631,1,멜론,2
fruits_nuts_rice,qwen3,5049631,1,가득,1
fruits_nuts_rice,qwen3,5049631,1,흰색,3
fruits_nuts_rice,qwen3,5049631,1,조각,1
fruits_nuts_rice,qwen3,5049631,1,깔리다,1
fruits_nuts_rice,qwen3,5049631,1,나무,1
fruits_nuts_rice,qwen3,5049631,1,받침대,1
fruits_nuts_rice,qwen3,5049631,2,줄무늬,1
fruits_nuts_rice,qwen3,5049631,2,오이,2
fruits_nuts_rice,qwen3,5049631,2,같다,1
fruits_nuts_rice,qwen3,5049631,2,썰다,2
fruits_nuts_rice,qwen3,5049631,2,조각,2
fruits_nuts_rice,qwen3,5049631,2,밝다,1
fruits_nuts_rice,qwen3,5049631,2,희다,1
fruits_nuts_rice,qwen3,5049631,2,과육,1
fruits_nuts_rice,qwen3,5049631,2,씨방,1
fruits_nuts_rice,qwen3,5049631,2,드러나다,1
fruits_nuts_rice,qwen3,5051031,1,표기,1
fruits_nuts_rice,qwen3,5051031,1,흰색,1
fruits_nuts_rice,qwen3,5051031,1,베이지,1
fruits_nuts_rice,qwen3,5051031,1,4,1
fruits_nuts_rice,qwen3,5051031,1,봉지,1
fruits_nuts_rice,qwen3,5051031,1,수확,1
fruits_nuts_rice,qwen3,5051031,1,농부,1
fruits_nuts_rice,qwen3,5051031,1,한국,1
fruits_nuts_rice,qwen3,5051031,1,전통,1
fruits_nuts_rice,qwen3,5051031,1,삽화,1
fruits_nuts_rice,qwen3,5051031,1,그리다,1
fruits_nuts_rice,qwen3,5051031,1,나오다,1
fruits_nuts_rice,qwen3,5051031,1,완전미,1
fruits_nuts_rice,qwen3,5051031,1,고시하카리,1
fruits_nuts_rice,qwen3,5051031,1,문구,1
fruits_nuts_rice,qwen3,5051031,1,100,1
fruits_nuts_rice,qwen3,5051031,1,국내,1
fruits_nuts_rice,qwen3,5051031,1,인증,1
fruits_nuts_rice,qwen3,5051031,1,마크,1
fruits_nuts_rice,qwen3,5051031,1,붙다,1
fruits_nuts_rice,qwen3,5051031,2,유리,1
fruits_nuts_rice,qwen3,5051031,2,담기다,1
fruits_nuts_rice,qwen3,5051031,2,희다,2
fruits_nuts_rice,qwen3,5051031,2,검다,1
fruits_nuts_rice,qwen3,5051031,2,테두리,1
fruits_nuts_rice,qwen3,5051031,2,에나멜,1
fruits_nuts_rice,qwen3,5051031,2,냄비,1
fruits_nuts_rice,qwen3,5051031,2,푸다,1
fruits_nuts_rice,qwen3,5051038,1,진주,1
fruits_nuts_rice,qwen3,5051038,1,적히다,1
fruits_nuts_rice,qwen3,5051038,1,파란색,1
fruits_nuts_rice,qwen3,5051038,1,10,1
fruits_nuts_rice,qwen3,5051038,1,포대,2
fruits_nuts_rice,qwen3,5051038,1,흰색,1
fruits_nuts_rice,qwen3,5051038,1,원형,1
fruits_nuts_rice,qwen3,5051038,1,무늬,1
fruits_nuts_rice,qwen3,5051038,1,조개,1
fruits_nuts_rice,qwen3,5051038,1,껍데기,1
fruits_nuts_rice,qwen3,5051038,1,들다,1
fruits_nuts_rice,qwen3,5051038,1,쌀알,1
fruits_nuts_rice,qwen3,5051038,1,작다,2
fruits_nuts_rice,qwen3,5051038,1,일러스트,1
fruits_nuts_rice,qwen3,5051038,1,그리다,1
fruits_nuts_rice,qwen3,5051038,1,밝다,1
fruits_nuts_rice,qwen3,5051038,1,회색,1
fruits_nuts_rice,qwen3,5051038,1,밥그릇,1
fruits_nuts_rice,qwen3,5051038,2,희다,1
fruits_nuts_rice,qwen3,5051038,2,쌀알,2
fruits_nuts_rice,qwen3,5051038,2,가득,1
fruits_nuts_rice,qwen3,5051038,2,차다,1
fruits_nuts_rice,qwen3,5051038,2,회색,1
fruits_nuts_rice,qwen3,5051038,2,표면,1
fruits_nuts_rice,qwen3,5051038,2,흩어지다,1
fruits_nuts_rice,qwen3,5052626,1,밝다,1
fruits_nuts_rice,qwen3,5052626,1,회색,1
fruits_nuts_rice,qwen3,5052626,1,나무,1
fruits_nuts_rice,qwen3,5052626,1,상자,1
fruits_nuts_rice,qwen3,5052626,1,혼합,1
fruits_nuts_rice,qwen3,5052626,1,견과,1
fruits_nuts_rice,qwen3,5052626,1,개별,1
fruits_nuts_rice,qwen3,5052626,1,포장,1
fruits_nuts_rice,qwen3,5052626,1,진열,1
fruits_nuts_rice,qwen3,5052626,2,견과,1
fruits_nuts_rice,qwen3,5052626,2,씨앗,1
fruits_nuts_rice,qwen3,5052626,2,섞이다,1
fruits_nuts_rice,qwen3,5052626,2,스낵바,1
fruits_nuts_rice,qwen3,5052626,2,3,1
fruits_nuts_rice,qwen3,5052626,2,회색,1
fruits_nuts_rice,qwen3,5052626,2,진열,1
fruits_nuts_rice,qwen3,5052626,2,포장지,2
fruits_nuts_rice,qwen3,5052626,2,흰색,1
fruits_nuts_rice,qwen3,5052626,2,금색,1
fruits_nuts_rice,qwen3,5052626,2,녹색,1
fruits_nuts_rice,qwen3,5052626,2,글씨,1
fruits_nuts_rice,qwen3,5052626,2,인쇄,1
fruits_nuts_rice,qwen3,5052626,2,스낵,1
fruits_nuts_rice,qwen3,5052626,2,주위,1
fruits_nuts_rice,qwen3,5052626,2,흩어지다,1
fruits_nuts_rice,qwen3,5052626,2,모습,1
fruits_nuts_rice,qwen3,5052626,2,보이다,1
fruits_nuts_rice,qwen3,5053663,1,야채혼배남,1
fruits_nuts_rice,qwen3,5053663,1,종류,1
fruits_nuts_rice,qwen3,5053663,1,적히다,1
fruits_nuts_rice,qwen3,5053663,1,오크라이스,1
fruits_nuts_rice,qwen3,5053663,1,브랜드,1
fruits_nuts_rice,qwen3,5053663,1,보라색,1
fruits_nuts_rice,qwen3,5053663,1,봉지,1
fruits_nuts_rice,qwen3,5053663,1,작다,1
fruits_nuts_rice,qwen3,5053663,1,밥그릇,1
fruits_nuts_rice,qwen3,5053663,1,나무,1
fruits_nuts_rice,qwen3,5053663,1,숟가락,1
fruits_nuts_rice,qwen3,5053663,2,희다,2
fruits_nuts_rice,qwen3,5053663,2,쌀밥,1
fruits_nuts_rice,qwen3,5053663,2,가득,1
fruits_nuts_rice,qwen3,5053663,2,담기다,1
fruits_nuts_rice,qwen3,5053663,2,나무,1
fruits_nuts_rice,qwen3,5053663,2,숟가락,1
fruits_nuts_rice,qwen3,5053663,2,꽂히다,1
fruits_nuts_rice,qwen3,5056014,1,나무,1
fruits_nuts_rice,qwen3,5056014,1,도마,2
fruits_nuts_rice,qwen3,5056014,1,복숭아,1
fruits_nuts_rice,qwen3,5056014,1,일부,1
fruits_nuts_rice,qwen3,5056014,1,통째,1
fruits_nuts_rice,qwen3,5056014,1,잘리다,1
fruits_nuts_rice,qwen3,5056014,1,주변,1
fruits_nuts_rice,qwen3,5056014,1,잎사귀,1
fruits_nuts_rice,qwen3,5056014,1,흩어지다,1
fruits_nuts_rice,qwen3,5056014,1,자루,1
fruits_nuts_rice,qwen3,5056014,2,나무,1
fruits_nuts_rice,qwen3,5056014,2,도마,2
fruits_nuts_rice,qwen3,5056014,2,복숭아,1
fruits_nuts_rice,qwen3,5056014,2,일부,1
fruits_nuts_rice,qwen3,5056014,2,통째,1
fruits_nuts_rice,qwen3,5056014,2,잘리다,1
fruits_nuts_rice,qwen3,5056014,2,과즙,1
fruits_nuts_rice,qwen3,5056014,2,가득,1
fruits_nuts_rice,qwen3,5056014,2,드러나다,1
fruits_nuts_rice,qwen3,5056014,2,주변,1
fruits_nuts_rice,qwen3,5056014,2,잎사귀,1
fruits_nuts_rice,qwen3,5056014,2,흩어지다,1
fruits_nuts_rice,qwen3,5061259,1,덮이다,1
fruits_nuts_rice,qwen3,5061259,1,사과,2
fruits_nuts_rice,qwen3,5061259,1,대리석,1
fruits_nuts_rice,qwen3,5061259,1,조리,1
fruits_nuts_rice,qwen3,5061259,1,흩어지다,1
fruits_nuts_rice,qwen3,5061259,2,반사,1
fruits_nuts_rice,qwen3,5061259,2,흰색,1
fruits_nuts_rice,qwen3,5061259,2,표면,1
fruits_nuts_rice,qwen3,5061259,2,사과,3
fruits_nuts_rice,qwen3,5061259,2,클로즈업,1
fruits_nuts_rice,qwen3,5061259,2,배경,1
fruits_nuts_rice,qwen3,5061259,2,들다,1
fruits_nuts_rice,qwen3,5061259,2,파란색,1
fruits_nuts_rice,qwen3,5061259,2,가방,1
fruits_nuts_rice,qwen3,5061259,2,보이다,1
fruits_nuts_rice,qwen3,5061259,2,주변,1
fruits_nuts_rice,qwen3,5061259,2,나무,1
fruits_nuts_rice,qwen3,5061259,2,육두구,1
fruits_nuts_rice,qwen3,5061259,2,스타,1
fruits_nuts_rice,qwen3,5061259,2,아니스,1
fruits_nuts_rice,qwen3,5061259,2,흩어지다,1
fruits_nuts_rice,qwen3,5063578,1,흰색,1
fruits_nuts_rice,qwen3,5063578,1,나무,1
fruits_nuts_rice,qwen3,5063578,1,상판,1
fruits_nuts_rice,qwen3,5063578,1,붉다,1
fruits_nuts_rice,qwen3,5063578,1,체리,1
fruits_nuts_rice,qwen3,5063578,1,토마토,2
fruits_nuts_rice,qwen3,5063578,1,주위,1
fruits_nuts_rice,qwen3,5063578,1,흩어지다,1
fruits_nuts_rice,qwen3,5063578,2,흰색,1
fruits_nuts_rice,qwen3,5063578,2,나무,1
fruits_nuts_rice,qwen3,5063578,2,받침대,1
fruits_nuts_rice,qwen3,5063578,2,붉다,1
fruits_nuts_rice,qwen3,5063578,2,체리,1
fruits_nuts_rice,qwen3,5063578,2,토마토,3
fruits_nuts_rice,qwen3,5063578,2,자르다,1
fruits_nuts_rice,qwen3,5063578,2,남다,1
fruits_nuts_rice,qwen3,5063690,1,초록색,1
fruits_nuts_rice,qwen3,5063690,1,줄기,1
fruits_nuts_rice,qwen3,5063690,1,달리다,1
fruits_nuts_rice,qwen3,5063690,1,토마토,2
fruits_nuts_rice,qwen3,5063690,1,담기다,1
fruits_nuts_rice,qwen3,5063690,1,바구니,2
fruits_nuts_rice,qwen3,5063690,1,나무,1
fruits_nuts_rice,qwen3,5063690,1,받침대,1
fruits_nuts_rice,qwen3,5063690,1,나오다,1
fruits_nuts_rice,qwen3,5063690,2,익다,1
fruits_nuts_rice,qwen3,5063690,2,토마토,4
fruits_nuts_rice,qwen3,5063690,2,자르다,1
fruits_nuts_rice,qwen3,5063690,2,과즙,1
fruits_nuts_rice,qwen3,5063690,2,가득,1
fruits_nuts_rice,qwen3,5063690,2,드러나다,1
fruits_nuts_rice,qwen3,5063690,2,조각,1
fruits_nuts_rice,qwen3,5063690,2,흰색,2
fruits_nuts_rice,qwen3,5063690,2,나무,1
fruits_nuts_rice,qwen3,5063690,2,받침대,1
fruits_nuts_rice,qwen3,5063690,2,통째,1
fruits_nuts_rice,qwen3,5063690,2,되다,1
fruits_nuts_rice,qwen3,5063690,2,아래,1
fruits_nuts_rice,qwen3,5063690,2,들다,1
fruits_nuts_rice,qwen3,5063690,2,엮다,1
fruits_nuts_rice,qwen3,5063690,2,바구니,1
fruits_nuts_rice,qwen3,5063690,2,깔리다,1
fruits_nuts_rice,qwen3,5068728,1,흰색,1
fruits_nuts_rice,qwen3,5068728,1,리넨,1
fruits_nuts_rice,qwen3,5068728,1,식탁보,1
fruits_nuts_rice,qwen3,5068728,1,흩뿌리다,1
fruits_nuts_rice,qwen3,5068728,1,선명,1
fruits_nuts_rice,qwen3,5068728,1,주황색,1
fruits_nuts_rice,qwen3,5068728,1,잘리다,1
fruits_nuts_rice,qwen3,5068728,1,과즙,1
fruits_nuts_rice,qwen3,5068728,1,가득,1
fruits_nuts_rice,qwen3,5068728,1,드러나다,1
fruits_nuts_rice,qwen3,5068728,2,선명,1
fruits_nuts_rice,qwen3,5068728,2,밝다,2
fruits_nuts_rice,qwen3,5068728,2,주황색,1
fruits_nuts_rice,qwen3,5068728,2,따다,1
fruits_nuts_rice,qwen3,5068728,2,무더기,1
fruits_nuts_rice,qwen3,5068728,2,쌓이다,1
fruits_nuts_rice,qwen3,5068728,2,일부,1
fruits_nuts_rice,qwen3,5068728,2,통째,1
fruits_nuts_rice,qwen3,5068728,2,잘리다,1
fruits_nuts_rice,qwen3,5068728,2,과즙,1
fruits_nuts_rice,qwen3,5068728,2,가득,1
fruits_nuts_rice,qwen3,5068728,2,드러나다,1
fruits_nuts_rice,qwen3,5068728,2,표면,1
fruits_nuts_rice,qwen3,5068728,2,깔리다,1
fruits_nuts_rice,qwen3,5068728,2,희다,1
fruits_nuts_rice,qwen3,5070409,1,4,1
fruits_nuts_rice,qwen3,5070409,1,봉지,1
fruits_nuts_rice,qwen3,5070409,1,작다,1
fruits_nuts_rice,qwen3,5070409,1,밥그릇,1
fruits_nuts_rice,qwen3,5070409,1,밝다,1
fruits_nuts_rice,qwen3,5070409,1,회색,1
fruits_nuts_rice,qwen3,5070409,1,함께,1
fruits_nuts_rice,qwen3,5070409,2,밝다,1
fruits_nuts_rice,qwen3,5070409,2,회색,1
fruits_nuts_rice,qwen3,5070409,2,배경,1
fruits_nuts_rice,qwen3,5070409,2,희다,1
fruits_nuts_rice,qwen3,5070409,2,쌀알,1
fruits_nuts_rice,qwen3,5070409,2,가득,1
fruits_nuts_rice,qwen3,5070409,2,차다,1
fruits_nuts_rice,qwen3,5094562,1,타무르,1
fruits_nuts_rice,qwen3,5094562,1,프리미엄,1
fruits_nuts_rice,qwen3,5094562,1,대추,1
fruits_nuts_rice,qwen3,5094562,1,야자,1
fruits_nuts_rice,qwen3,5094562,1,디저트,1
fruits_nuts_rice,qwen3,5094562,1,개방,1
fruits_nuts_rice,qwen3,5094562,1,주황색,1
fruits_nuts_rice,qwen3,5094562,1,상자,2
fruits_nuts_rice,qwen3,5094562,1,다양,1
fruits_nuts_rice,qwen3,5094562,1,종류,1
fruits_nuts_rice,qwen3,5094562,1,대추야자,1
fruits_nuts_rice,qwen3,5094562,1,격자,1
fruits_nuts_rice,qwen3,5094562,1,모양,1
fruits_nuts_rice,qwen3,5094562,1,정렬,1
fruits_nuts_rice,qwen3,5094562,1,뚜껑,1
fruits_nuts_rice,qwen3,5094562,1,브랜드,1
fruits_nuts_rice,qwen3,5094562,1,슬로건,1
fruits_nuts_rice,qwen3,5094562,1,적히다,1
fruits_nuts_rice,qwen3,5094562,2,각기,1
fruits_nuts_rice,qwen3,5094562,2,토핑,1
fruits_nuts_rice,qwen3,5094562,2,얹다,1
fruits_nuts_rice,qwen3,5094562,2,대추,1
fruits_nuts_rice,qwen3,5094562,2,야자,1
fruits_nuts_rice,qwen3,5094562,2,12,1
fruits_nuts_rice,qwen3,5094562,2,나무,1
fruits_nuts_rice,qwen3,5094562,2,쟁반,1
fruits_nuts_rice,qwen3,5094562,2,담기다,1
fruits_nuts_rice,qwen3,5094562,2,고급,2
fruits_nuts_rice,qwen3,5094562,2,선물,1
fruits_nuts_rice,qwen3,5094562,2,상자,2
fruits_nuts_rice,qwen3,5094562,2,자연,1
fruits_nuts_rice,qwen3,5094562,2,갈색,1
fruits_nuts_rice,qwen3,5094562,2,소재,1
fruits_nuts_rice,qwen3,5094562,2,만들다,1
fruits_nuts_rice,qwen3,5094562,2,뚜껑,1
fruits_nuts_rice,qwen3,5094562,2,경험,1
fruits_nuts_rice,qwen3,5094562,2,선사,1
fruits_nuts_rice,qwen3,5094562,2,문구,1
fruits_nuts_rice,qwen3,5094562,2,적히다,1
fruits_nuts_rice,qwen3,5094562,2,심플,1
fruits_nuts_rice,qwen3,5094562,2,디자인,1
fruits_nuts_rice,qwen3,5094562,2,자랑,1
fruits_nuts_rice,qwen3,5121007,1,초록색,1
fruits_nuts_rice,qwen3,5121007,1,라벨,1
fruits_nuts_rice,qwen3,5121007,1,한국어,1
fruits_nuts_rice,qwen3,5121007,1,문구,1
fruits_nuts_rice,qwen3,5121007,1,적히다,1
fruits_nuts_rice,qwen3,5121007,1,유기농,1
fruits_nuts_rice,qwen3,5121007,1,봉지,1
fruits_nuts_rice,qwen3,5121007,1,밝다,1
fruits_nuts_rice,qwen3,5121007,1,회색,1
fruits_nuts_rice,qwen3,5121007,1,작다,1
fruits_nuts_rice,qwen3,5121007,1,밥그릇,1
fruits_nuts_rice,qwen3,5121007,2,밝다,1
fruits_nuts_rice,qwen3,5121007,2,회색,1
fruits_nuts_rice,qwen3,5121007,2,희다,1
fruits_nuts_rice,qwen3,5121007,2,쌀알,1
fruits_nuts_rice,qwen3,5121007,2,가득,1
fruits_nuts_rice,qwen3,5121007,2,담기다,1
fruits_nuts_rice,qwen3,5132780,1,통키위,1
fruits_nuts_rice,qwen3,5132780,1,6,1
fruits_nuts_rice,qwen3,5132780,1,자르다,1
fruits_nuts_rice,qwen3,5132780,1,2,1
fruits_nuts_rice,qwen3,5132780,1,담기다,1
fruits_nuts_rice,qwen3,5132780,1,녹색,1
fruits_nuts_rice,qwen3,5132780,1,과육,1
fruits_nuts_rice,qwen3,5132780,1,검다,1
fruits_nuts_rice,qwen3,5132780,1,씨앗,1
fruits_nuts_rice,qwen3,5132780,1,드러나다,1
fruits_nuts_rice,qwen3,5132780,2,통째,1
fruits_nuts_rice,qwen3,5132780,2,6,1
fruits_nuts_rice,qwen3,5132780,2,자르다,1
fruits_nuts_rice,qwen3,5132780,2,1,1
fruits_nuts_rice,qwen3,5132780,2,담기다,1
fruits_nuts_rice,qwen3,5132780,2,갈색,1
fruits_nuts_rice,qwen3,5132780,2,보송보송,1
fruits_nuts_rice,qwen3,5132780,2,껍질,1
fruits_nuts_rice,qwen3,5132780,2,선명,1
fruits_nuts_rice,qwen3,5132780,2,녹색,1
fruits_nuts_rice,qwen3,5132780,2,과육,1
fruits_nuts_rice,qwen3,5132780,2,그리고,1
fruits_nuts_rice,qwen3,5132780,2,검다,1
fruits_nuts_rice,qwen3,5132780,2,씨앗,1
fruits_nuts_rice,qwen3,5132780,2,드러나다,1
fruits_nuts_rice,qwen3,5134096,1,밝다,1
fruits_nuts_rice,qwen3,5134096,1,회색,1
fruits_nuts_rice,qwen3,5134096,1,10,1
fruits_nuts_rice,qwen3,5134096,1,흰색,1
fruits_nuts_rice,qwen3,5134096,1,365,1
fruits_nuts_rice,qwen3,5134096,1,컬리,1
fruits_nuts_rice,qwen3,5134096,1,프레시,1
fruits_nuts_rice,qwen3,5134096,1,봉지,1
fruits_nuts_rice,qwen3,5134096,1,담다,1
fruits_nuts_rice,qwen3,5134096,1,작다,1
fruits_nuts_rice,qwen3,5134096,2,밝다,1
fruits_nuts_rice,qwen3,5134096,2,회색,1
fruits_nuts_rice,qwen3,5134096,2,배경,1
fruits_nuts_rice,qwen3,5134096,2,희다,3
fruits_nuts_rice,qwen3,5134096,2,쌀알,1
fruits_nuts_rice,qwen3,5134096,2,가득,1
fruits_nuts_rice,qwen3,5134096,2,차다,1
fruits_nuts_rice,qwen3,5159977,1,생기,1
fruits_nuts_rice,qwen3,5159977,1,넘치다,1
fruits_nuts_rice,qwen3,5159977,1,노란색,1
fruits_nuts_rice,qwen3,5159977,1,복숭아,1
fruits_nuts_rice,qwen3,5159977,1,통째,1
fruits_nuts_rice,qwen3,5159977,1,잘리다,1
fruits_nuts_rice,qwen3,5159977,1,과즙,1
fruits_nuts_rice,qwen3,5159977,1,흐르다,1
fruits_nuts_rice,qwen3,5159977,1,속살,1
fruits_nuts_rice,qwen3,5159977,1,드러나다,1
fruits_nuts_rice,qwen3,5159977,1,밝다,1
fruits_nuts_rice,qwen3,5159977,1,회색,1
fruits_nuts_rice,qwen3,5159977,1,나뭇잎,1
fruits_nuts_rice,qwen3,5159977,1,흩어지다,1
fruits_nuts_rice,qwen3,5159977,2,수확,1
fruits_nuts_rice,qwen3,5159977,2,복숭아,2
fruits_nuts_rice,qwen3,5159977,2,클로즈업,1
fruits_nuts_rice,qwen3,5159977,2,잘리다,1
fruits_nuts_rice,qwen3,5159977,2,과즙,1
fruits_nuts_rice,qwen3,5159977,2,가득,1
fruits_nuts_rice,qwen3,5159977,2,속살,1
fruits_nuts_rice,qwen3,5159977,2,드러나다,1
fruits_nuts_rice,qwen3,5159977,2,노란색,1
fruits_nuts_rice,qwen3,5159977,2,붉다,1
fruits_nuts_rice,qwen3,5159977,2,감돌다,1
fruits_nuts_rice,qwen3,5159977,2,주변,1
fruits_nuts_rice,qwen3,5159977,2,잎사귀,1
fruits_nuts_rice,qwen3,5159977,2,흩어지다,1
fruits_nuts_rice,qwen3,5162187,1,초록,1
fruits_nuts_rice,qwen3,5162187,1,도다,1
fruits_nuts_rice,qwen3,5162187,1,껍질,1
fruits_nuts_rice,qwen3,5162187,1,가지다,1
fruits_nuts_rice,qwen3,5162187,1,주황색,1
fruits_nuts_rice,qwen3,5162187,1,바구니,2
fruits_nuts_rice,qwen3,5162187,1,질감,1
fruits_nuts_rice,qwen3,5162187,1,느끼다,1
fruits_nuts_rice,qwen3,5162187,1,흰색,1
fruits_nuts_rice,qwen3,5162187,1,앞쪽,1
fruits_nuts_rice,qwen3,5162187,1,잘리다,1
fruits_nuts_rice,qwen3,5162187,2,희다,1
fruits_nuts_rice,qwen3,5162187,2,껍질,1
fruits_nuts_rice,qwen3,5162187,2,일부,2
fruits_nuts_rice,qwen3,5162187,2,초록색,1
fruits_nuts_rice,qwen3,5162187,2,주황색,1
fruits_nuts_rice,qwen3,5162187,2,둥글다,1
fruits_nuts_rice,qwen3,5162187,2,바구니,1
fruits_nuts_rice,qwen3,5162187,2,잘리다,1
fruits_nuts_rice,qwen3,5162187,2,과즙,1
fruits_nuts_rice,qwen3,5162187,2,가득,1
fruits_nuts_rice,qwen3,5162187,2,조각,1
fruits_nuts_rice,qwen3,5162187,2,드러나다,1
fruits_nuts_rice,qwen3,1000030900,1,정미소,1
fruits_nuts_rice,qwen3,1000030900,1,비단,1
fruits_nuts_rice,qwen3,1000030900,1,적히다,1
fruits_nuts_rice,qwen3,1000030900,1,4,1
fruits_nuts_rice,qwen3,1000030900,1,흰색,1
fruits_nuts_rice,qwen3,1000030900,1,봉지,1
fruits_nuts_rice,qwen3,1000030900,1,작다,1
fruits_nuts_rice,qwen3,1000030900,1,밥그릇,1
fruits_nuts_rice,qwen3,1000030900,1,회색,1
fruits_nuts_rice,qwen3,1000030900,2,밝다,1
fruits_nuts_rice,qwen3,1000030900,2,회색,1
fruits_nuts_rice,qwen3,1000030900,2,희다,1
fruits_nuts_rice,qwen3,1000030900,2,쌀알,1
fruits_nuts_rice,qwen3,1000030900,2,가득,1
fruits_nuts_rice,qwen3,1000030900,2,차다,1
fruits_nuts_rice,qwen3,1000032485,1,밝다,1
fruits_nuts_rice,qwen3,1000032485,1,배경,1
fruits_nuts_rice,qwen3,1000032485,1,냉동,1
fruits_nuts_rice,qwen3,1000032485,1,블루베리,2
fruits_nuts_rice,qwen3,1000032485,1,봉지,1
fruits_nuts_rice,qwen3,1000032485,1,같다,1
fruits_nuts_rice,qwen3,1000032485,1,담기다,1
fruits_nuts_rice,qwen3,1000032485,1,작다,1
fruits_nuts_rice,qwen3,1000032485,2,서리,1
fruits_nuts_rice,qwen3,1000032485,2,내리다,1
fruits_nuts_rice,qwen3,1000032485,2,겉면,1
fruits_nuts_rice,qwen3,1000032485,2,덮이다,1
fruits_nuts_rice,qwen3,1000032485,2,냉동,1
fruits_nuts_rice,qwen3,1000032485,2,블루베리,1
fruits_nuts_rice,qwen3,1000032485,2,가득,1
fruits_nuts_rice,qwen3,1000032485,2,차다,1
fruits_nuts_rice,qwen3,1000032485,2,회색,1
fruits_nuts_rice,qwen3,1000032485,2,표면,1
fruits_nuts_rice,qwen3,1000048867,1,풍경,1
fruits_nuts_rice,qwen3,1000048867,1,그리다,2
fruits_nuts_rice,qwen3,1000048867,1,10,1
fruits_nuts_rice,qwen3,1000048867,1,보라색,1
fruits_nuts_rice,qwen3,1000048867,1,봉지,1
fruits_nuts_rice,qwen3,1000048867,1,작다,1
fruits_nuts_rice,qwen3,1000048867,1,밥그릇,1
fruits_nuts_rice,qwen3,1000048867,2,밝다,1
fruits_nuts_rice,qwen3,1000048867,2,회색,1
fruits_nuts_rice,qwen3,1000048867,2,배경,1
fruits_nuts_rice,qwen3,1000048867,2,희다,2
fruits_nuts_rice,qwen3,1000048867,2,쌀알,1
fruits_nuts_rice,qwen3,1000048867,2,가득,1
fruits_nuts_rice,qwen3,1000048867,2,차다,1
fruits_nuts_rice,qwen3,1000066062,1,검은색,2
fruits_nuts_rice,qwen3,1000066062,1,뚜껑,1
fruits_nuts_rice,qwen3,1000066062,1,달리다,1
fruits_nuts_rice,qwen3,1000066062,1,투명,1
fruits_nuts_rice,qwen3,1000066062,1,원통,1
fruits_nuts_rice,qwen3,1000066062,1,용기,1
fruits_nuts_rice,qwen3,1000066062,1,흰색,2
fruits_nuts_rice,qwen3,1000066062,1,갈색,1
fruits_nuts_rice,qwen3,1000066062,1,다양,1
fruits_nuts_rice,qwen3,1000066062,1,곡물,1
fruits_nuts_rice,qwen3,1000066062,1,씨앗,1
fruits_nuts_rice,qwen3,1000066062,1,섞이다,1
fruits_nuts_rice,qwen3,1000066062,1,라벨,1
fruits_nuts_rice,qwen3,1000066062,1,한국어,1
fruits_nuts_rice,qwen3,1000066062,1,되다,1
fruits_nuts_rice,qwen3,1000066062,1,글자,1
fruits_nuts_rice,qwen3,1000066062,1,적히다,1
fruits_nuts_rice,qwen3,1000066062,2,희다,1
fruits_nuts_rice,qwen3,1000066062,2,검다,1
fruits_nuts_rice,qwen3,1000066062,2,현미,1
fruits_nuts_rice,qwen3,1000066062,2,다양,1
fruits_nuts_rice,qwen3,1000066062,2,종류,1
fruits_nuts_rice,qwen3,1000066062,2,섞이다,2
fruits_nuts_rice,qwen3,1000066062,2,쌀알,1
fruits_nuts_rice,qwen3,1000066062,2,자연,1
fruits_nuts_rice,qwen3,1000066062,2,상태,1
fruits_nuts_rice,qwen3,1000066062,2,쌓이다,1
fruits_nuts_rice,qwen3,1000102438,1,검다,1
fruits_nuts_rice,qwen3,1000102438,1,상자,1
fruits_nuts_rice,qwen3,1000102438,1,15,1
fruits_nuts_rice,qwen3,1000102438,1,사과,2
fruits_nuts_rice,qwen3,1000102438,1,들다,1
fruits_nuts_rice,qwen3,1000102438,1,작다,1
fruits_nuts_rice,qwen3,1000102438,1,예쁘다,1
fruits_nuts_rice,qwen3,1000102438,1,종이컵,1
fruits_nuts_rice,qwen3,1000102438,1,담기다,1
fruits_nuts_rice,qwen3,1000102438,1,3,1
fruits_nuts_rice,qwen3,1000102438,1,5,1
fruits_nuts_rice,qwen3,1000102438,1,격자,1
fruits_nuts_rice,qwen3,1000102438,1,모양,1
fruits_nuts_rice,qwen3,1000102438,1,배열,1
fruits_nuts_rice,qwen3,1000102438,2,검다,1
fruits_nuts_rice,qwen3,1000102438,2,상자,1
fruits_nuts_rice,qwen3,1000102438,2,15,1
fruits_nuts_rice,qwen3,1000102438,2,사과,2
fruits_nuts_rice,qwen3,1000102438,2,들다,1
fruits_nuts_rice,qwen3,1000102438,2,작다,1
fruits_nuts_rice,qwen3,1000102438,2,흰색,1
fruits_nuts_rice,qwen3,1000102438,2,주름,1
fruits_nuts_rice,qwen3,1000102438,2,지다,1
fruits_nuts_rice,qwen3,1000102438,2,종이컵,1
fruits_nuts_rice,qwen3,1000102438,2,담기다,1
fruits_nuts_rice,qwen3,1000118138,1,진주,1
fruits_nuts_rice,qwen3,1000118138,1,적히다,1
fruits_nuts_rice,qwen3,1000118138,1,브랜드,1
fruits_nuts_rice,qwen3,1000118138,1,파란색,1
fruits_nuts_rice,qwen3,1000118138,1,봉지,2
fruits_nuts_rice,qwen3,1000118138,1,4,1
fruits_nuts_rice,qwen3,1000118138,1,회색,1
fruits_nuts_rice,qwen3,1000118138,1,위쪽,1
fruits_nuts_rice,qwen3,1000118138,1,작다,1
fruits_nuts_rice,qwen3,1000118138,1,담기다,1
fruits_nuts_rice,qwen3,1000118138,1,보이다,1
fruits_nuts_rice,qwen3,1000118138,2,반점,1
fruits_nuts_rice,qwen3,1000118138,2,무늬,1
fruits_nuts_rice,qwen3,1000118138,2,밝다,1
fruits_nuts_rice,qwen3,1000118138,2,도자기,1
fruits_nuts_rice,qwen3,1000118138,2,쌀알,1
fruits_nuts_rice,qwen3,1000118138,2,가지런히,1
fruits_nuts_rice,qwen3,1000118138,2,담기다,1
fruits_nuts_rice,qwen3,1000122762,1,흰색,1
fruits_nuts_rice,qwen3,1000122762,1,질감,1
fruits_nuts_rice,qwen3,1000122762,1,사과,4
fruits_nuts_rice,qwen3,1000122762,1,정물,1
fruits_nuts_rice,qwen3,1000122762,1,일부,2
fruits_nuts_rice,qwen3,1000122762,1,통째,1
fruits_nuts_rice,qwen3,1000122762,1,잘리다,2
fruits_nuts_rice,qwen3,1000122762,1,빨간색,1
fruits_nuts_rice,qwen3,1000122762,1,밀봉,1
fruits_nuts_rice,qwen3,1000122762,1,스티커,1
fruits_nuts_rice,qwen3,1000122762,1,붙다,1
fruits_nuts_rice,qwen3,1000122762,1,투명,1
fruits_nuts_rice,qwen3,1000122762,1,비닐,1
fruits_nuts_rice,qwen3,1000122762,1,봉지,1
fruits_nuts_rice,qwen3,1000122762,1,들다,1
fruits_nuts_rice,qwen3,1000122762,1,포장지,1
fruits_nuts_rice,qwen3,1000122762,1,한국어,1
fruits_nuts_rice,qwen3,1000122762,1,문구,1
fruits_nuts_rice,qwen3,1000122762,1,적히다,1
fruits_nuts_rice,qwen3,1000122762,1,연하다,1
fruits_nuts_rice,qwen3,1000122762,1,노란색,1
fruits_nuts_rice,qwen3,1000122762,1,과육,1
fruits_nuts_rice,qwen3,1000122762,1,씨앗,1
fruits_nuts_rice,qwen3,1000122762,1,드러나다,1
fruits_nuts_rice,qwen3,1000122762,2,흰색,1
fruits_nuts_rice,qwen3,1000122762,2,사과,3
fruits_nuts_rice,qwen3,1000122762,2,클로즈업,1
fruits_nuts_rice,qwen3,1000122762,2,일부,1
fruits_nuts_rice,qwen3,1000122762,2,통째,1
fruits_nuts_rice,qwen3,1000122762,2,잘리다,1
fruits_nuts_rice,qwen3,1000122762,2,연하다,1
fruits_nuts_rice,qwen3,1000122762,2,노란색,1
fruits_nuts_rice,qwen3,1000122762,2,과육,1
fruits_nuts_rice,qwen3,1000122762,2,씨앗,1
fruits_nuts_rice,qwen3,1000122762,2,드러나다,1
fruits_nuts_rice,qwen3,1000122762,2,빨간색,1
fruits_nuts_rice,qwen3,1000122762,2,밀봉,1
fruits_nuts_rice,qwen3,1000122762,2,스티커,1
fruits_nuts_rice,qwen3,1000122762,2,붙다,1
fruits_nuts_rice,qwen3,1000122762,2,투명,1
fruits_nuts_rice,qwen3,1000122762,2,비닐,1
fruits_nuts_rice,qwen3,1000122762,2,봉지,1
fruits_nuts_rice,qwen3,1000122762,2,들다,1
fruits_nuts_rice,qwen3,1000144509,1,365,1
fruits_nuts_rice,qwen3,1000144509,1,컬리,1
fruits_nuts_rice,qwen3,1000144509,1,프레시,1
fruits_nuts_rice,qwen3,1000144509,1,4,1
fruits_nuts_rice,qwen3,1000144509,1,봉지,1
fruits_nuts_rice,qwen3,1000144509,1,밝다,1
fruits_nuts_rice,qwen3,1000144509,1,회색,1
fruits_nuts_rice,qwen3,1000144509,1,작다,1
fruits_nuts_rice,qwen3,1000144509,1,밥그릇,1
fruits_nuts_rice,qwen3,1000144509,2,밝다,1
fruits_nuts_rice,qwen3,1000144509,2,회색,1
fruits_nuts_rice,qwen3,1000144509,2,희다,1
fruits_nuts_rice,qwen3,1000144509,2,쌀알,1
fruits_nuts_rice,qwen3,1000144509,2,가득,1
fruits_nuts_rice,qwen3,1000144509,2,담기다,1
fruits_nuts_rice,qwen3,1000253378,1,연두색,1
fruits_nuts_rice,qwen3,1000253378,1,냉동,1
fruits_nuts_rice,qwen3,1000253378,1,블루베리,1
fruits_nuts_rice,qwen3,1000253378,1,가득,1
fruits_nuts_rice,qwen3,1000253378,1,담기다,1
fruits_nuts_rice,qwen3,1000253378,1,은색,1
fruits_nuts_rice,qwen3,1000253378,1,숟가락,1
fruits_nuts_rice,qwen3,1000253378,1,베리,1
fruits_nuts_rice,qwen3,1000253378,1,짙다,1
fruits_nuts_rice,qwen3,1000253378,1,파란색,1
fruits_nuts_rice,qwen3,1000253378,1,서리,1
fruits_nuts_rice,qwen3,1000253378,1,내리다,1
fruits_nuts_rice,qwen3,1000253378,1,겉면,1
fruits_nuts_rice,qwen3,1000253378,1,돋보이다,1
fruits_nuts_rice,qwen3,1000253378,1,회색,1
fruits_nuts_rice,qwen3,1000253378,2,얼리다,1
fruits_nuts_rice,qwen3,1000253378,2,블루베리,2
fruits_nuts_rice,qwen3,1000253378,2,가득,1
fruits_nuts_rice,qwen3,1000253378,2,담기다,1
fruits_nuts_rice,qwen3,1000253378,2,연하다,1
fruits_nuts_rice,qwen3,1000253378,2,녹색,1
fruits_nuts_rice,qwen3,1000253378,2,클로즈업,1
fruits_nuts_rice,qwen3,1000253378,2,전경,1
fruits_nuts_rice,qwen3,1000253378,2,얹다,1
fruits_nuts_rice,qwen3,1000253378,2,은색,1
fruits_nuts_rice,qwen3,1000253378,2,숟가락,1
fruits_nuts_rice,qwen3,1000338204,1,밝다,1
fruits_nuts_rice,qwen3,1000338204,1,회색,1
fruits_nuts_rice,qwen3,1000338204,1,냉동,1
fruits_nuts_rice,qwen3,1000338204,1,블루베리,2
fruits_nuts_rice,qwen3,1000338204,1,봉지,1
fruits_nuts_rice,qwen3,1000338204,2,얼리다,1
fruits_nuts_rice,qwen3,1000338204,2,블루베리,2
fruits_nuts_rice,qwen3,1000338204,2,가득,1
fruits_nuts_rice,qwen3,1000338204,2,차다,1
fruits_nuts_rice,qwen3,1000338204,2,흰색,1
fruits_nuts_rice,qwen3,1000338204,2,짙다,1
fruits_nuts_rice,qwen3,1000338204,2,보라색,1
fruits_nuts_rice,qwen3,1000338204,2,질감,1
fruits_nuts_rice,qwen3,1000338204,2,돋보이다,1
fruits_nuts_rice,qwen3,1000763360,1,밝다,2
fruits_nuts_rice,qwen3,1000763360,1,파란색,1
fruits_nuts_rice,qwen3,1000763360,1,초록색,1
fruits_nuts_rice,qwen3,1000763360,1,포도,2
fruits_nuts_rice,qwen3,1000763360,1,송이,1
fruits_nuts_rice,qwen3,1000763360,1,회색,1
fruits_nuts_rice,qwen3,1000763360,1,잘리다,1
fruits_nuts_rice,qwen3,1000763360,1,조각,1
fruits_nuts_rice,qwen3,1000763360,2,희다,1
fruits_nuts_rice,qwen3,1000763360,2,따오다,1
fruits_nuts_rice,qwen3,1000763360,2,초록색,1
fruits_nuts_rice,qwen3,1000763360,2,포도,2
fruits_nuts_rice,qwen3,1000763360,2,송이,1
fruits_nuts_rice,qwen3,1000763360,2,잘리다,1
fruits_nuts_rice,qwen3,1000763360,2,윤기,1
fruits_nuts_rice,qwen3,1000763360,2,나다,1
fruits_nuts_rice,qwen3,1000763360,2,가득,1
fruits_nuts_rice,qwen3,1000763360,2,보이다,1
fruits_nuts_rice,qwen3,1000763360,2,표면,1
fruits_nuts_rice,qwen3,1000763360,2,물방울,1
fruits_nuts_rice,qwen3,1000763360,2,방울,1
fruits_nuts_rice,qwen3,1000763360,2,맺히다,1
fruits_nuts_rice,qwen3,1000858612,1,365,1
fruits_nuts_rice,qwen3,1000858612,1,적히다,1
fruits_nuts_rice,qwen3,1000858612,1,라벨,1
fruits_nuts_rice,qwen3,1000858612,1,붙다,1
fruits_nuts_rice,qwen3,1000858612,1,파인애플,2
fruits_nuts_rice,qwen3,1000858612,1,조각,2
fruits_nuts_rice,qwen3,1000858612,1,들다,1
fruits_nuts_rice,qwen3,1000858612,1,플라스틱,1
fruits_nuts_rice,qwen3,1000858612,1,용기,1
fruits_nuts_rice,qwen3,1000858612,1,회색,1
fruits_nuts_rice,qwen3,1000858612,1,흰색,1
fruits_nuts_rice,qwen3,1000858612,1,담기다,1
fruits_nuts_rice,qwen3,1000858612,2,희다,1
fruits_nuts_rice,qwen3,1000858612,2,파인애플,1
fruits_nuts_rice,qwen3,1000858612,2,조각,1
fruits_nuts_rice,qwen3,1000867509,1,7,1
fruits_nuts_rice,qwen3,1000867509,1,향미,1
fruits_nuts_rice,qwen3,1000867509,1,적히다,1
fruits_nuts_rice,qwen3,1000867509,1,4,1
fruits_nuts_rice,qwen3,1000867509,1,포대,1
fruits_nuts_rice,qwen3,1000867509,1,연하다,1
fruits_nuts_rice,qwen3,1000867509,1,녹색,1
fruits_nuts_rice,qwen3,1000867509,1,작다,1
fruits_nuts_rice,qwen3,1000867509,1,담기다,1
fruits_nuts_rice,qwen3,1000867509,1,이삭,1
fruits_nuts_rice,qwen3,1000867509,2,7,1
fruits_nuts_rice,qwen3,1000867509,2,향미,1
fruits_nuts_rice,qwen3,1000867509,2,적히다,1
fruits_nuts_rice,qwen3,1000867509,2,4,1
fruits_nuts_rice,qwen3,1000867509,2,희다,2
fruits_nuts_rice,qwen3,1000867509,2,봉지,1
fruits_nuts_rice,qwen3,1000867509,2,연하다,1
fruits_nuts_rice,qwen3,1000867509,2,녹색,1
fruits_nuts_rice,qwen3,1000867509,2,쌀알,1
fruits_nuts_rice,qwen3,1000867509,2,이삭,1
fruits_nuts_rice,qwen3,1000867509,2,담기다,1
fruits_nuts_rice,qwen3,1000867509,2,작다,1
fruits_nuts_rice,qwen3,1000867509,2,왼쪽,1
fruits_nuts_rice,qwen3,1000867511,1,쌀알,1
fruits_nuts_rice,qwen3,1000867511,1,그림,1
fruits_nuts_rice,qwen3,1000867511,1,작다,1
fruits_nuts_rice,qwen3,1000867511,1,그리다,1
fruits_nuts_rice,qwen3,1000867511,1,7,1
fruits_nuts_rice,qwen3,1000867511,1,향미,1
fruits_nuts_rice,qwen3,1000867511,1,적히다,1
fruits_nuts_rice,qwen3,1000867511,1,8,1
fruits_nuts_rice,qwen3,1000867511,1,흰색,1
fruits_nuts_rice,qwen3,1000867511,1,봉지,1
fruits_nuts_rice,qwen3,1000867511,1,비다,1
fruits_nuts_rice,qwen3,1000867511,1,줄기,1
fruits_nuts_rice,qwen3,1000867511,1,연하다,1
fruits_nuts_rice,qwen3,1000867511,1,녹색,1
fruits_nuts_rice,qwen3,1000867511,2,7,1
fruits_nuts_rice,qwen3,1000867511,2,향미,1
fruits_nuts_rice,qwen3,1000867511,2,적히다,2
fruits_nuts_rice,qwen3,1000867511,2,8,1
fruits_nuts_rice,qwen3,1000867511,2,포대,1
fruits_nuts_rice,qwen3,1000867511,2,연하다,1
fruits_nuts_rice,qwen3,1000867511,2,녹색,1
fruits_nuts_rice,qwen3,1000867511,2,작다,1
fruits_nuts_rice,qwen3,1000867511,2,담기다,1
fruits_nuts_rice,qwen3,1000867511,2,말리다,1
fruits_nuts_rice,qwen3,1000867511,2,줄기,1
fruits_nuts_rice,qwen3,1000867511,2,함께,1
fruits_nuts_rice,qwen3,1000867511,2,포장,1
fruits_nuts_rice,qwen3,1000867511,2,흰색,1
fruits_nuts_rice,qwen3,1000867511,2,한국어,1
fruits_nuts_rice,qwen3,1000867511,2,문구,1
fruits_nuts_rice,qwen3,1000867511,2,미니멀,1
fruits_nuts_rice,qwen3,1000867511,2,디자인,1
fruits_nuts_rice,qwen3,1000908371,1,밝다,1
fruits_nuts_rice,qwen3,1000908371,1,사과,3
fruits_nuts_rice,qwen3,1000908371,1,상자,1
fruits_nuts_rice,qwen3,1000908371,1,주위,1
fruits_nuts_rice,qwen3,1000908371,1,썰다,1
fruits_nuts_rice,qwen3,1000908371,1,흩어지다,1
fruits_nuts_rice,qwen3,1000908371,1,선명,1
fruits_nuts_rice,qwen3,1000908371,1,붉다,1
fruits_nuts_rice,qwen3,1000908371,1,껍질,1
fruits_nuts_rice,qwen3,1000908371,1,아삭아삭,1
fruits_nuts_rice,qwen3,1000908371,1,과육,1
fruits_nuts_rice,qwen3,1000908371,1,뽐내다,1
fruits_nuts_rice,qwen3,1000908371,2,붉다,1
fruits_nuts_rice,qwen3,1000908371,2,사과,1
fruits_nuts_rice,qwen3,1000908371,2,클로즈업,1
fruits_nuts_rice,qwen3,1000908371,2,일부,2
fruits_nuts_rice,qwen3,1000908371,2,통째,1
fruits_nuts_rice,qwen3,1000908371,2,잘리다,1
fruits_nuts_rice,qwen3,1000908371,2,조각,1
fruits_nuts_rice,qwen3,1000908371,2,베이지,1
fruits_nuts_rice,qwen3,1000908371,2,배경,1
fruits_nuts_rice,qwen3,1000908371,2,골판지,1
fruits_nuts_rice,qwen3,1000908371,2,상자,1
fruits_nuts_rice,qwen3,1000908371,2,보이다,1
fruits_nuts_rice,qwen3,1000973922,1,밝다,1
fruits_nuts_rice,qwen3,1000973922,1,회색,1
fruits_nuts_rice,qwen3,1000973922,1,흰색,2
fruits_nuts_rice,qwen3,1000973922,1,상자,2
fruits_nuts_rice,qwen3,1000973922,1,365,1
fruits_nuts_rice,qwen3,1000973922,1,혼합,1
fruits_nuts_rice,qwen3,1000973922,1,견과,2
fruits_nuts_rice,qwen3,1000973922,1,포장,1
fruits_nuts_rice,qwen3,1000973922,1,앞쪽,1
fruits_nuts_rice,qwen3,1000973922,1,담기다,1
fruits_nuts_rice,qwen3,1000973922,1,작다,1
fruits_nuts_rice,qwen3,1000973922,2,아몬드,1
fruits_nuts_rice,qwen3,1000973922,2,캐슈넛,1
fruits_nuts_rice,qwen3,1000973922,2,호두,1
fruits_nuts_rice,qwen3,1000973922,2,피칸,1
fruits_nuts_rice,qwen3,1000973922,2,다양,1
fruits_nuts_rice,qwen3,1000973922,2,견과,1
fruits_nuts_rice,qwen3,1000973922,2,섞이다,1
fruits_nuts_rice,qwen3,1000973922,2,담기다,1
fruits_nuts_rice,qwen3,1000973922,2,흰색,2
fruits_nuts_rice,qwen3,1000973922,2,한국어,1
fruits_nuts_rice,qwen3,1000973922,2,365,1
fruits_nuts_rice,qwen3,1000973922,2,적히다,1
fruits_nuts_rice,qwen3,1000973922,2,포장지,1
fruits_nuts_rice,qwen3,1000973922,2,회색,1
fruits_nuts_rice,qwen3,1000973922,2,표면,1
fruits_nuts_rice,qwen3,1001234463,1,밝다,2
fruits_nuts_rice,qwen3,1001234463,1,파란색,1
fruits_nuts_rice,qwen3,1001234463,1,선명,1
fruits_nuts_rice,qwen3,1001234463,1,빨간색,1
fruits_nuts_rice,qwen3,1001234463,1,타원,1
fruits_nuts_rice,qwen3,1001234463,1,방울,1
fruits_nuts_rice,qwen3,1001234463,1,토마토,1
fruits_nuts_rice,qwen3,1001234463,1,가득,1
fruits_nuts_rice,qwen3,1001234463,1,담기다,1
fruits_nuts_rice,qwen3,1001234463,1,회색,1
fruits_nuts_rice,qwen3,1001234463,1,표면,1
fruits_nuts_rice,qwen3,1001234463,1,흩어지다,1
fruits_nuts_rice,qwen3,1001234463,2,밝다,2
fruits_nuts_rice,qwen3,1001234463,2,파란색,1
fruits_nuts_rice,qwen3,1001234463,2,붉다,1
fruits_nuts_rice,qwen3,1001234463,2,체리,1
fruits_nuts_rice,qwen3,1001234463,2,토마토,1
fruits_nuts_rice,qwen3,1001234463,2,가득,1
fruits_nuts_rice,qwen3,1001234463,2,담기다,1
fruits_nuts_rice,qwen3,1001234463,2,표면,1
fruits_nuts_rice,qwen3,1001234463,2,흩어지다,1
fruits_nuts_rice,qwen3,1001303421,1,감돌다,1
fruits_nuts_rice,qwen3,1001303421,1,붉다,1
fruits_nuts_rice,qwen3,1001303421,1,사과,1
fruits_nuts_rice,qwen3,1001303421,1,밝다,1
fruits_nuts_rice,qwen3,1001303421,1,잘리다,1
fruits_nuts_rice,qwen3,1001303421,1,연하다,1
fruits_nuts_rice,qwen3,1001303421,1,노란색,1
fruits_nuts_rice,qwen3,1001303421,1,과육,1
fruits_nuts_rice,qwen3,1001303421,1,씨앗,1
fruits_nuts_rice,qwen3,1001303421,1,드러나다,1
fruits_nuts_rice,qwen3,1001303421,2,반점,1
fruits_nuts_rice,qwen3,1001303421,2,흩뿌리다,1
fruits_nuts_rice,qwen3,1001303421,2,사과,2
fruits_nuts_rice,qwen3,1001303421,2,무더기,1
fruits_nuts_rice,qwen3,1001303421,2,일부,1
fruits_nuts_rice,qwen3,1001303421,2,통째,1
fruits_nuts_rice,qwen3,1001303421,2,잘리다,1
fruits_nuts_rice,qwen3,1001303421,2,연하다,1
fruits_nuts_rice,qwen3,1001303421,2,노란색,1
fruits_nuts_rice,qwen3,1001303421,2,과육,1
fruits_nuts_rice,qwen3,1001303421,2,씨앗,1
fruits_nuts_rice,qwen3,1001303421,2,드러나다,1
fruits_nuts_rice,qwen3,1001303421,2,밝다,1
fruits_nuts_rice,qwen3,1001303421,2,질감,1
fruits_nuts_rice,qwen3,1001303421,2,느끼다,1
fruits_nuts_rice,qwen3,1001502284,1,중성,1
fruits_nuts_rice,qwen3,1001502284,1,회색,1
fruits_nuts_rice,qwen3,1001502284,1,배경,2
fruits_nuts_rice,qwen3,1001502284,1,주름,1
fruits_nuts_rice,qwen3,1001502284,1,지다,1
fruits_nuts_rice,qwen3,1001502284,1,희다,1
fruits_nuts_rice,qwen3,1001502284,1,녹색,1
fruits_nuts_rice,qwen3,1001502284,1,줄기,1
fruits_nuts_rice,qwen3,1001502284,1,달리다,1
fruits_nuts_rice,qwen3,1001502284,1,짙다,1
fruits_nuts_rice,qwen3,1001502284,1,빨간색,1
fruits_nuts_rice,qwen3,1001502284,1,체리,1
fruits_nuts_rice,qwen3,1001502284,1,무더기,1
fruits_nuts_rice,qwen3,1001502284,2,회색,1
fruits_nuts_rice,qwen3,1001502284,2,희다,1
fruits_nuts_rice,qwen3,1001502284,2,깔다,1
fruits_nuts_rice,qwen3,1001502284,2,녹색,1
fruits_nuts_rice,qwen3,1001502284,2,줄기,1
fruits_nuts_rice,qwen3,1001502284,2,물방울,1
fruits_nuts_rice,qwen3,1001502284,2,맺히다,1
fruits_nuts_rice,qwen3,1001502284,2,붉다,1
fruits_nuts_rice,qwen3,1001502284,2,체리,1
fruits_nuts_rice,qwen3,1001502284,2,무더기,1
fruits_nuts_rice,qwen3,1001729429,1,고시혜카리,1
fruits_nuts_rice,qwen3,1001729429,1,적히다,1
fruits_nuts_rice,qwen3,1001729429,1,10,1
fruits_nuts_rice,qwen3,1001729429,1,백미,1
fruits_nuts_rice,qwen3,1001729429,1,봉지,1
fruits_nuts_rice,qwen3,1001729429,1,금색,1
fruits_nuts_rice,qwen3,1001729429,1,마크,1
fruits_nuts_rice,qwen3,1001729429,1,붙다,1
fruits_nuts_rice,qwen3,1001729429,1,한국어,1
fruits_nuts_rice,qwen3,1001729429,1,문구,1
fruits_nuts_rice,qwen3,1001729429,1,작다,1
fruits_nuts_rice,qwen3,1001729429,1,밥그릇,1
fruits_nuts_rice,qwen3,1001729429,1,그리다,1
fruits_nuts_rice,qwen3,1001729429,2,희다,3
fruits_nuts_rice,qwen3,1001729429,2,쌀밥,1
fruits_nuts_rice,qwen3,1001729429,2,가득,1
fruits_nuts_rice,qwen3,1001729429,2,담기다,1
fruits_nuts_rice,qwen3,1001729429,2,흩어지다,1
fruits_nuts_rice,qwen3,1001729429,2,쌀알,1
fruits_nuts_rice,qwen3,1001882653,1,타원,1
fruits_nuts_rice,qwen3,1001882653,1,빨간색,1
fruits_nuts_rice,qwen3,1001882653,1,노란색,1
fruits_nuts_rice,qwen3,1001882653,1,사과,1
fruits_nuts_rice,qwen3,1001882653,1,담기다,1
fruits_nuts_rice,qwen3,1001882653,1,잘리다,1
fruits_nuts_rice,qwen3,1001882653,1,조각,1
fruits_nuts_rice,qwen3,1001882653,1,회색,1
fruits_nuts_rice,qwen3,1001882653,1,표면,1
fruits_nuts_rice,qwen3,1001882653,2,타원,1
fruits_nuts_rice,qwen3,1001882653,2,빨간색,1
fruits_nuts_rice,qwen3,1001882653,2,노란색,1
fruits_nuts_rice,qwen3,1001882653,2,사과,2
fruits_nuts_rice,qwen3,1001882653,2,잘리다,1
fruits_nuts_rice,qwen3,1001882653,2,과즙,1
fruits_nuts_rice,qwen3,1001882653,2,흐르다,1
fruits_nuts_rice,qwen3,1001882653,2,드러나다,1
fruits_nuts_rice,qwen3,1001882653,2,회색,1
fruits_nuts_rice,qwen3,1001882653,2,표면,1
fruits_nuts_rice,qwen3,1001882653,2,조각,1
fruits_nuts_rice,qwen3,1002140343,1,파란색,1
fruits_nuts_rice,qwen3,1002140343,1,테두리,1
fruits_nuts_rice,qwen3,1002140343,1,흰색,1
fruits_nuts_rice,qwen3,1002140343,1,타원,1
fruits_nuts_rice,qwen3,1002140343,1,아보카도,2
fruits_nuts_rice,qwen3,1002140343,1,회색,1
fruits_nuts_rice,qwen3,1002140343,1,표면,1
fruits_nuts_rice,qwen3,1002140343,1,잘리다,1
fruits_nuts_rice,qwen3,1002140343,1,조각,1
fruits_nuts_rice,qwen3,1002140343,2,테두리,1
fruits_nuts_rice,qwen3,1002140343,2,희다,1
fruits_nuts_rice,qwen3,1002140343,2,아보카도,3
fruits_nuts_rice,qwen3,1002140343,2,드러내다,1
fruits_nuts_rice,qwen3,1002140343,2,자르다,1
fruits_nuts_rice,qwen3,1002140343,2,그리고,1
fruits_nuts_rice,qwen3,1002140343,2,으깨다,1
fruits_nuts_rice,qwen3,1002140343,2,숟가락,1
fruits_nuts_rice,qwen3,1002140343,2,담기다,1
fruits_nuts_rice,hyperclovax,5003716,1,흰색,1
fruits_nuts_rice,hyperclovax,5003716,1,바나나,1
fruits_nuts_rice,hyperclovax,5003716,1,다발,1
fruits_nuts_rice,hyperclovax,5003716,2,흰색,1
fruits_nuts_rice,hyperclovax,5003716,2,배경,1
fruits_nuts_rice,hyperclovax,5003716,2,바나나,2
fruits_nuts_rice,hyperclovax,5003716,2,다발,1
fruits_nuts_rice,hyperclovax,5003716,2,잘리다,1
fruits_nuts_rice,hyperclovax,5025577,1,나무,1
fruits_nuts_rice,hyperclovax,5025577,1,도마,1
fruits_nuts_rice,hyperclovax,5025577,1,키위,1
fruits_nuts_rice,hyperclovax,5025577,1,과일,1
fruits_nuts_rice,hyperclovax,5025577,2,잘리다,1
fruits_nuts_rice,hyperclovax,5025577,2,나무,1
fruits_nuts_rice,hyperclovax,5025577,2,도마,1
fruits_nuts_rice,hyperclovax,5027321,1,흰색,1
fruits_nuts_rice,hyperclovax,5027321,1,배경,1
fruits_nuts_rice,hyperclovax,5027321,1,나무,1
fruits_nuts_rice,hyperclovax,5027321,1,붉은색,1
fruits_nuts_rice,hyperclovax,5027321,1,노란색,1
fruits_nuts_rice,hyperclovax,5027321,1,익다,1
fruits_nuts_rice,hyperclovax,5027321,1,복숭아,1
fruits_nuts_rice,hyperclovax,5027321,2,반질반질,1
fruits_nuts_rice,hyperclovax,5027321,2,표면,1
fruits_nuts_rice,hyperclovax,5027321,2,복숭아,1
fruits_nuts_rice,hyperclovax,5027321,2,흰색,1
fruits_nuts_rice,hyperclovax,5031442,1,나무,1
fruits_nuts_rice,hyperclovax,5031442,1,잘리다,1
fruits_nuts_rice,hyperclovax,5031442,1,바나나,3
fruits_nuts_rice,hyperclovax,5031442,1,껍질,1
fruits_nuts_rice,hyperclovax,5031442,1,벗겨지다,1
fruits_nuts_rice,hyperclovax,5031442,2,잘리다,1
fruits_nuts_rice,hyperclovax,5031442,2,바나나,1
fruits_nuts_rice,hyperclovax,5031442,2,나무,1
fruits_nuts_rice,hyperclovax,5031442,2,포크,1
fruits_nuts_rice,hyperclovax,5031442,2,모습,1
fruits_nuts_rice,hyperclovax,5034841,1,흰색,1
fruits_nuts_rice,hyperclovax,5034841,1,담기다,1
fruits_nuts_rice,hyperclovax,5034841,1,잘리다,1
fruits_nuts_rice,hyperclovax,5034841,2,흰색,1
fruits_nuts_rice,hyperclovax,5035954,1,유리,1
fruits_nuts_rice,hyperclovax,5035954,1,담기다,1
fruits_nuts_rice,hyperclovax,5035954,1,블루베리,1
fruits_nuts_rice,hyperclovax,5035954,2,담기다,1
fruits_nuts_rice,hyperclovax,5035954,2,요거트,1
fruits_nuts_rice,hyperclovax,5035954,2,블루베리,1
fruits_nuts_rice,hyperclovax,5036748,1,키위,2
fruits_nuts_rice,hyperclovax,5036748,1,과일,2
fruits_nuts_rice,hyperclovax,5036748,1,담기다,2
fruits_nuts_rice,hyperclovax,5036748,1,포장,1
fruits_nuts_rice,hyperclovax,5036748,1,박스,1
fruits_nuts_rice,hyperclovax,5036748,2,포장,1
fruits_nuts_rice,hyperclovax,5036748,2,키위,2
fruits_nuts_rice,hyperclovax,5036748,2,담기다,1
fruits_nuts_rice,hyperclovax,5038123,1,포도송이,1
fruits_nuts_rice,hyperclovax,5038123,2,포도,2
fruits_nuts_rice,hyperclovax,5038123,2,송이,1
fruits_nuts_rice,hyperclovax,5038123,2,아래,1
fruits_nuts_rice,hyperclovax,5045631,1,다양,1
fruits_nuts_rice,hyperclovax,5045631,1,견과,2
fruits_nuts_rice,hyperclovax,5045631,1,들다,1
fruits_nuts_rice,hyperclovax,5045631,1,6,1
fruits_nuts_rice,hyperclovax,5045631,1,제품,1
fruits_nuts_rice,hyperclovax,5045631,2,목요일,1
fruits_nuts_rice,hyperclovax,5045631,2,일요일,1
fruits_nuts_rice,hyperclovax,5045631,2,날짜,1
fruits_nuts_rice,hyperclovax,5045631,2,적히다,1
fruits_nuts_rice,hyperclovax,5045631,2,6,1
fruits_nuts_rice,hyperclovax,5045631,2,견과,1
fruits_nuts_rice,hyperclovax,5048547,1,10,1
fruits_nuts_rice,hyperclovax,5048547,1,용량,1
fruits_nuts_rice,hyperclovax,5048547,1,여주쌀,1
fruits_nuts_rice,hyperclovax,5048547,2,희다,1
fruits_nuts_rice,hyperclovax,5048547,2,담기다,1
fruits_nuts_rice,hyperclovax,5048580,1,초록색,1
fruits_nuts_rice,hyperclovax,5048580,1,포도송이,1
fruits_nuts_rice,hyperclovax,5048580,2,녹색,1
fruits_nuts_rice,hyperclovax,5048580,2,포도,1
fruits_nuts_rice,hyperclovax,5048580,2,송이,1
fruits_nuts_rice,hyperclovax,5048580,2,담기다,1
fruits_nuts_rice,hyperclovax,5048580,2,흰색,1
fruits_nuts_rice,hyperclovax,5049631,1,멜론,2
fruits_nuts_rice,hyperclovax,5049631,1,반쪽,1
fruits_nuts_rice,hyperclovax,5049631,2,멜론,2
fruits_nuts_rice,hyperclovax,5049631,2,단면,1
fruits_nuts_rice,hyperclovax,5051031,1,고시하리,1
fruits_nuts_rice,hyperclovax,5051031,1,4,1
fruits_nuts_rice,hyperclovax,5051031,1,제품,1
fruits_nuts_rice,hyperclovax,5051031,2,모습,1
fruits_nuts_rice,hyperclovax,5051038,1,10,1
fruits_nuts_rice,hyperclovax,5051038,1,용량,1
fruits_nuts_rice,hyperclovax,5051038,1,배진주,1
fruits_nuts_rice,hyperclovax,5051038,2,희다,1
fruits_nuts_rice,hyperclovax,5051038,2,담기다,1
fruits_nuts_rice,hyperclovax,5052626,1,견과,4
fruits_nuts_rice,hyperclovax,5052626,1,들다,1
fruits_nuts_rice,hyperclovax,5052626,1,포장,9
fruits_nuts_rice,hyperclovax,5052626,1,박스,5
fruits_nuts_rice,hyperclovax,5052626,1,문구,2
fruits_nuts_rice,hyperclovax,5052626,1,적히다,2
fruits_nuts_rice,hyperclovax,5052626,1,봉투,4
fruits_nuts_rice,hyperclovax,5052626,1,아몬드,1
fruits_nuts_rice,hyperclovax,5052626,1,호두,1
fruits_nuts_rice,hyperclovax,5052626,1,캐슈너트,1
fruits_nuts_rice,hyperclovax,5052626,1,그림,1
fruits_nuts_rice,hyperclovax,5052626,1,그리다,1
fruits_nuts_rice,hyperclovax,5052626,1,20,1
fruits_nuts_rice,hyperclovax,5052626,1,중량,1
fruits_nuts_rice,hyperclovax,5052626,1,표시,1
fruits_nuts_rice,hyperclovax,5052626,1,나무,1
fruits_nuts_rice,hyperclovax,5052626,1,무늬,1
fruits_nuts_rice,hyperclovax,5052626,1,디자인,1
fruits_nuts_rice,hyperclovax,5052626,1,함께,1
fruits_nuts_rice,hyperclovax,5052626,1,회색,1
fruits_nuts_rice,hyperclovax,5052626,1,조금,1
fruits_nuts_rice,hyperclovax,5052626,1,흩어지다,1
fruits_nuts_rice,hyperclovax,5052626,2,아몬드,1
fruits_nuts_rice,hyperclovax,5052626,2,호두,1
fruits_nuts_rice,hyperclovax,5052626,2,캐슈넛,1
fruits_nuts_rice,hyperclovax,5052626,2,견과,1
fruits_nuts_rice,hyperclovax,5052626,2,들다,1
fruits_nuts_rice,hyperclovax,5052626,2,포장지,1
fruits_nuts_rice,hyperclovax,5053663,1,10,1
fruits_nuts_rice,hyperclovax,5053663,1,용량,1
fruits_nuts_rice,hyperclovax,5053663,1,보라색,1
fruits_nuts_rice,hyperclovax,5053663,1,포장,1
fruits_nuts_rice,hyperclovax,5053663,2,희다,1
fruits_nuts_rice,hyperclovax,5053663,2,담기다,1
fruits_nuts_rice,hyperclovax,5056014,1,나무,1
fruits_nuts_rice,hyperclovax,5056014,1,도마,1
fruits_nuts_rice,hyperclovax,5056014,1,복숭아,1
fruits_nuts_rice,hyperclovax,5056014,2,나무,1
fruits_nuts_rice,hyperclovax,5056014,2,도마,1
fruits_nuts_rice,hyperclovax,5056014,2,복숭아,1
fruits_nuts_rice,hyperclovax,5061259,1,사과,1
fruits_nuts_rice,hyperclovax,5061259,1,담기다,1
fruits_nuts_rice,hyperclovax,5061259,2,사과,1
fruits_nuts_rice,hyperclovax,5061259,2,계피,1
fruits_nuts_rice,hyperclovax,5061259,2,나무,1
fruits_nuts_rice,hyperclovax,5061259,2,솔방울,1
fruits_nuts_rice,hyperclovax,5061259,2,모습,1
fruits_nuts_rice,hyperclovax,5063578,1,나무,1
fruits_nuts_rice,hyperclovax,5063578,1,테이블,1
fruits_nuts_rice,hyperclovax,5063578,1,토마토,1
fruits_nuts_rice,hyperclovax,5063578,1,담기다,1
fruits_nuts_rice,hyperclovax,5063578,2,나무,1
fruits_nuts_rice,hyperclovax,5063578,2,표면,1
fruits_nuts_rice,hyperclovax,5063578,2,방울토마토,1
fruits_nuts_rice,hyperclovax,5063690,1,흰색,1
fruits_nuts_rice,hyperclovax,5063690,1,배경,1
fruits_nuts_rice,hyperclovax,5063690,1,방울토마토,1
fruits_nuts_rice,hyperclovax,5063690,2,잘리다,1
fruits_nuts_rice,hyperclovax,5063690,2,토마토,2
fruits_nuts_rice,hyperclovax,5063690,2,담기다,1
fruits_nuts_rice,hyperclovax,5063690,2,바구니,1
fruits_nuts_rice,hyperclovax,5068728,1,흰색,1
fruits_nuts_rice,hyperclovax,5068728,1,오렌지,1
fruits_nuts_rice,hyperclovax,5068728,2,잘리다,1
fruits_nuts_rice,hyperclovax,5068728,2,흰색,1
fruits_nuts_rice,hyperclovax,5070409,1,4,1
fruits_nuts_rice,hyperclovax,5070409,1,들다,1
fruits_nuts_rice,hyperclovax,5070409,1,포장지,1
fruits_nuts_rice,hyperclovax,5070409,2,희다,1
fruits_nuts_rice,hyperclovax,5070409,2,담기다,1
fruits_nuts_rice,hyperclovax,5094562,1,타무르,1
fruits_nuts_rice,hyperclovax,5094562,1,프리미엄,1
fruits_nuts_rice,hyperclovax,5094562,1,데이츠,1
fruits_nuts_rice,hyperclovax,5094562,1,디저트,1
fruits_nuts_rice,hyperclovax,5094562,1,상자,1
fruits_nuts_rice,hyperclovax,5094562,2,12,1
fruits_nuts_rice,hyperclovax,5094562,2,호두,1
fruits_nuts_rice,hyperclovax,5094562,2,들어가다,1
fruits_nuts_rice,hyperclovax,5094562,2,라즈베리,1
fruits_nuts_rice,hyperclovax,5094562,2,바클라바,1
fruits_nuts_rice,hyperclovax,5094562,2,담기다,1
fruits_nuts_rice,hyperclovax,5094562,2,상자,1
fruits_nuts_rice,hyperclovax,5121007,1,유기농,1
fruits_nuts_rice,hyperclovax,5121007,1,포장,1
fruits_nuts_rice,hyperclovax,5121007,1,제품,1
fruits_nuts_rice,hyperclovax,5121007,2,희다,1
fruits_nuts_rice,hyperclovax,5121007,2,쌀밥,1
fruits_nuts_rice,hyperclovax,5121007,2,담기다,1
fruits_nuts_rice,hyperclovax,5121007,2,흰색,1
fruits_nuts_rice,hyperclovax,5132780,1,키위,1
fruits_nuts_rice,hyperclovax,5132780,1,과일,1
fruits_nuts_rice,hyperclovax,5132780,2,테이블,1
fruits_nuts_rice,hyperclovax,5132780,2,키위,1
fruits_nuts_rice,hyperclovax,5132780,2,과일,1
fruits_nuts_rice,hyperclovax,5134096,1,담기다,1
fruits_nuts_rice,hyperclovax,5134096,1,포장,1
fruits_nuts_rice,hyperclovax,5134096,1,용기,1
fruits_nuts_rice,hyperclovax,5134096,2,희다,1
fruits_nuts_rice,hyperclovax,5134096,2,담기다,1
fruits_nuts_rice,hyperclovax,5159977,1,노란색,1
fruits_nuts_rice,hyperclovax,5159977,1,복숭아,1
fruits_nuts_rice,hyperclovax,5159977,2,껍질,2
fruits_nuts_rice,hyperclovax,5159977,2,벗겨지다,1
fruits_nuts_rice,hyperclovax,5159977,2,복숭아,2
fruits_nuts_rice,hyperclovax,5159977,2,그대로,1
fruits_nuts_rice,hyperclovax,5162187,1,흰색,1
fruits_nuts_rice,hyperclovax,5162187,1,바구니,1
fruits_nuts_rice,hyperclovax,5162187,1,담기다,1
fruits_nuts_rice,hyperclovax,5162187,1,반쪽,1
fruits_nuts_rice,hyperclovax,5162187,2,흰색,1
fruits_nuts_rice,hyperclovax,5162187,2,배경,1
fruits_nuts_rice,hyperclovax,5162187,2,담기다,1
fruits_nuts_rice,hyperclovax,1000030900,1,4,1
fruits_nuts_rice,hyperclovax,1000030900,1,비단,1
fruits_nuts_rice,hyperclovax,1000030900,1,포장,1
fruits_nuts_rice,hyperclovax,1000030900,1,모습,1
fruits_nuts_rice,hyperclovax,1000030900,2,희다,1
fruits_nuts_rice,hyperclovax,1000030900,2,담기다,1
fruits_nuts_rice,hyperclovax,1000032485,1,냉동,1
fruits_nuts_rice,hyperclovax,1000032485,1,블루베리,1
fruits_nuts_rice,hyperclovax,1000032485,1,제품,1
fruits_nuts_rice,hyperclovax,1000032485,2,얼다,1
fruits_nuts_rice,hyperclovax,1000032485,2,블루베리,1
fruits_nuts_rice,hyperclovax,1000032485,2,담기다,1
fruits_nuts_rice,hyperclovax,1000032485,2,흰색,1
fruits_nuts_rice,hyperclovax,1000048867,1,시월미소미쌀,1
fruits_nuts_rice,hyperclovax,1000048867,1,10,1
fruits_nuts_rice,hyperclovax,1000048867,1,제품,1
fruits_nuts_rice,hyperclovax,1000048867,2,희다,1
fruits_nuts_rice,hyperclovax,1000048867,2,담기다,1
fruits_nuts_rice,hyperclovax,1000066062,1,투명,1
fruits_nuts_rice,hyperclovax,1000066062,1,용기,1
fruits_nuts_rice,hyperclovax,1000066062,1,담기다,1
fruits_nuts_rice,hyperclovax,1000066062,1,다양,1
fruits_nuts_rice,hyperclovax,1000066062,1,곡물,1
fruits_nuts_rice,hyperclovax,1000066062,1,들다,1
fruits_nuts_rice,hyperclovax,1000066062,2,종류,1
fruits_nuts_rice,hyperclovax,1000066062,2,곡물,1
fruits_nuts_rice,hyperclovax,1000066062,2,담기다,1
fruits_nuts_rice,hyperclovax,1000102438,1,검은색,1
fruits_nuts_rice,hyperclovax,1000102438,1,상자,1
fruits_nuts_rice,hyperclovax,1000102438,1,담기다,1
fruits_nuts_rice,hyperclovax,1000102438,1,붉은색,1
fruits_nuts_rice,hyperclovax,1000102438,1,사과,1
fruits_nuts_rice,hyperclovax,1000102438,1,정렬,1
fruits_nuts_rice,hyperclovax,1000102438,1,모습,1
fruits_nuts_rice,hyperclovax,1000102438,2,검은색,1
fruits_nuts_rice,hyperclovax,1000102438,2,상자,1
fruits_nuts_rice,hyperclovax,1000102438,2,담기다,1
fruits_nuts_rice,hyperclovax,1000102438,2,12,1
fruits_nuts_rice,hyperclovax,1000102438,2,붉다,1
fruits_nuts_rice,hyperclovax,1000102438,2,사과,1
fruits_nuts_rice,hyperclovax,1000118138,1,4,1
fruits_nuts_rice,hyperclovax,1000118138,1,용량,1
fruits_nuts_rice,hyperclovax,1000118138,1,백진주,1
fruits_nuts_rice,hyperclovax,1000118138,1,패키지,1
fruits_nuts_rice,hyperclovax,1000118138,2,희다,1
fruits_nuts_rice,hyperclovax,1000118138,2,담기다,1
fruits_nuts_rice,hyperclovax,1000122762,1,사과,2
fruits_nuts_rice,hyperclovax,1000122762,1,담기다,1
fruits_nuts_rice,hyperclovax,1000122762,1,포장지,1
fruits_nuts_rice,hyperclovax,1000122762,2,잘리다,1
fruits_nuts_rice,hyperclovax,1000122762,2,붉다,1
fruits_nuts_rice,hyperclovax,1000122762,2,사과,2
fruits_nuts_rice,hyperclovax,1000122762,2,포장,1
fruits_nuts_rice,hyperclovax,1000122762,2,모습,1
fruits_nuts_rice,hyperclovax,1000144509,1,들다,1
fruits_nuts_rice,hyperclovax,1000144509,1,포장,1
fruits_nuts_rice,hyperclovax,1000144509,1,봉지,1
fruits_nuts_rice,hyperclovax,1000144509,2,희다,1
fruits_nuts_rice,hyperclovax,1000144509,2,담기다,1
fruits_nuts_rice,hyperclovax,1000253378,1,녹색,1
fruits_nuts_rice,hyperclovax,1000253378,1,담기다,1
fruits_nuts_rice,hyperclovax,1000253378,1,냉동,1
fruits_nuts_rice,hyperclovax,1000253378,1,블루베리,1
fruits_nuts_rice,hyperclovax,1000253378,1,숟가락,1
fruits_nuts_rice,hyperclovax,1000253378,2,얼음,1
fruits_nuts_rice,hyperclovax,1000253378,2,블루베리,1
fruits_nuts_rice,hyperclovax,1000253378,2,담기다,1
fruits_nuts_rice,hyperclovax,1000338204,1,냉동,1
fruits_nuts_rice,hyperclovax,1000338204,1,블루베리,1
fruits_nuts_rice,hyperclovax,1000338204,1,1,1
fruits_nuts_rice,hyperclovax,1000338204,1,제품,1
fruits_nuts_rice,hyperclovax,1000338204,2,흰색,1
fruits_nuts_rice,hyperclovax,1000338204,2,담기다,1
fruits_nuts_rice,hyperclovax,1000338204,2,건조,1
fruits_nuts_rice,hyperclovax,1000338204,2,블루베리,1
fruits_nuts_rice,hyperclovax,1000763360,1,연두색,1
fruits_nuts_rice,hyperclovax,1000763360,1,포도송이,1
fruits_nuts_rice,hyperclovax,1000763360,2,초록색,1
fruits_nuts_rice,hyperclovax,1000763360,2,포도송이,1
fruits_nuts_rice,hyperclovax,1000858612,1,포장,1
fruits_nuts_rice,hyperclovax,1000858612,1,파인애플,2
fruits_nuts_rice,hyperclovax,1000858612,1,담기다,1
fruits_nuts_rice,hyperclovax,1000858612,1,조각,1
fruits_nuts_rice,hyperclovax,1000858612,2,흰색,1
fruits_nuts_rice,hyperclovax,1000858612,2,조각,1
fruits_nuts_rice,hyperclovax,1000858612,2,파인애플,1
fruits_nuts_rice,hyperclovax,1000867509,1,7,1
fruits_nuts_rice,hyperclovax,1000867509,1,들다,1
fruits_nuts_rice,hyperclovax,1000867509,1,4,1
fruits_nuts_rice,hyperclovax,1000867509,1,패키지,1
fruits_nuts_rice,hyperclovax,1000867509,2,4,1
fruits_nuts_rice,hyperclovax,1000867509,2,포장,1
fruits_nuts_rice,hyperclovax,1000867509,2,제품,1
fruits_nuts_rice,hyperclovax,1000867511,1,8,1
fruits_nuts_rice,hyperclovax,1000867511,1,용량,1
fruits_nuts_rice,hyperclovax,1000867511,1,포장,1
fruits_nuts_rice,hyperclovax,1000867511,1,제품,1
fruits_nuts_rice,hyperclovax,1000867511,2,8,1
fruits_nuts_rice,hyperclovax,1000867511,2,포장,1
fruits_nuts_rice,hyperclovax,1000867511,2,제품,1
fruits_nuts_rice,hyperclovax,1000908371,1,갈색,1
fruits_nuts_rice,hyperclovax,1000908371,1,골판지,1
fruits_nuts_rice,hyperclovax,1000908371,1,상자,1
fruits_nuts_rice,hyperclovax,1000908371,1,담기다,1
fruits_nuts_rice,hyperclovax,1000908371,1,사과,2
fruits_nuts_rice,hyperclovax,1000908371,1,조각,1
fruits_nuts_rice,hyperclovax,1000908371,2,적갈색,1
fruits_nuts_rice,hyperclovax,1000908371,2,사과,1
fruits_nuts_rice,hyperclovax,1000908371,2,일부,1
fruits_nuts_rice,hyperclovax,1000908371,2,잘리다,1
fruits_nuts_rice,hyperclovax,1000908371,2,갈색,1
fruits_nuts_rice,hyperclovax,1000908371,2,종이,1
fruits_nuts_rice,hyperclovax,1000908371,2,상자,1
fruits_nuts_rice,hyperclovax,1000973922,1,견과,2
fruits_nuts_rice,hyperclovax,1000973922,1,담기다,2
fruits_nuts_rice,hyperclovax,1000973922,1,가공,1
fruits_nuts_rice,hyperclovax,1000973922,1,식품,1
fruits_nuts_rice,hyperclovax,1000973922,1,패키지,1
fruits_nuts_rice,hyperclovax,1000973922,1,모습,1
fruits_nuts_rice,hyperclovax,1000973922,2,견과,2
fruits_nuts_rice,hyperclovax,1000973922,2,담기다,1
fruits_nuts_rice,hyperclovax,1000973922,2,패키지,1
fruits_nuts_rice,hyperclovax,1001234463,1,파란색,1
fruits_nuts_rice,hyperclovax,1001234463,1,담기다,1
fruits_nuts_rice,hyperclovax,1001234463,1,방울토마토,2
fruits_nuts_rice,hyperclovax,1001234463,1,바닥,1
fruits_nuts_rice,hyperclovax,1001234463,2,파란색,1
fruits_nuts_rice,hyperclovax,1001234463,2,담기다,1
fruits_nuts_rice,hyperclovax,1001234463,2,방울토마토,1
fruits_nuts_rice,hyperclovax,1001303421,1,잘리다,1
fruits_nuts_rice,hyperclovax,1001303421,1,사과,2
fruits_nuts_rice,hyperclovax,1001303421,2,껍질,1
fruits_nuts_rice,hyperclovax,1001303421,2,붉다,1
fruits_nuts_rice,hyperclovax,1001303421,2,사과,1
fruits_nuts_rice,hyperclovax,1001502284,1,희다,1
fruits_nuts_rice,hyperclovax,1001502284,1,붉다,1
fruits_nuts_rice,hyperclovax,1001502284,1,체리,1
fruits_nuts_rice,hyperclovax,1001502284,2,젖다,1
fruits_nuts_rice,hyperclovax,1001502284,2,체리,1
fruits_nuts_rice,hyperclovax,1001502284,2,흰색,1
fruits_nuts_rice,hyperclovax,1001729429,1,10,1
fruits_nuts_rice,hyperclovax,1001729429,1,용량,1
fruits_nuts_rice,hyperclovax,1001729429,1,들다,1
fruits_nuts_rice,hyperclovax,1001729429,1,포장지,1
fruits_nuts_rice,hyperclovax,1001729429,2,희다,1
fruits_nuts_rice,hyperclovax,1001729429,2,담기다,1
fruits_nuts_rice,hyperclovax,1001882653,1,흰색,1
fruits_nuts_rice,hyperclovax,1001882653,1,사과,1
fruits_nuts_rice,hyperclovax,1001882653,2,흰색,1
fruits_nuts_rice,hyperclovax,1001882653,2,사과,1
fruits_nuts_rice,hyperclovax,1002140343,1,아보카도,1
fruits_nuts_rice,hyperclovax,1002140343,2,잘리다,1
fruits_nuts_rice,hyperclovax,1002140343,2,아보카도,1
convenience_meals,hyperclovax,5009669,1,다양,1
convenience_meals,hyperclovax,5009669,1,재료,1
convenience_meals,hyperclovax,5009669,1,들다,1
convenience_meals,hyperclovax,5009669,1,샐러드,1
convenience_meals,hyperclovax,5009669,1,담기다,1
convenience_meals,hyperclovax,5009669,1,용기,1
convenience_meals,hyperclovax,5009669,2,담기다,1
convenience_meals,hyperclovax,5009669,2,다양,1
convenience_meals,hyperclovax,5009669,2,샐러드,1
convenience_meals,hyperclovax,5037794,1,검은색,1
convenience_meals,hyperclovax,5037794,1,노릇노릇,1
convenience_meals,hyperclovax,5037794,2,검은색,1
convenience_meals,hyperclovax,5037794,2,담기다,1
convenience_meals,hyperclovax,5049405,1,담기다,1
convenience_meals,hyperclovax,5049405,1,요리,1
convenience_meals,hyperclovax,5049405,2,담기다,1
convenience_meals,hyperclovax,5049405,2,닭고기,1
convenience_meals,hyperclovax,5049405,2,요리,1
convenience_meals,hyperclovax,5050290,1,매콤하다,1
convenience_meals,hyperclovax,5050290,1,양념,1
convenience_meals,hyperclovax,5050290,1,버무리다,1
convenience_meals,hyperclovax,5050290,1,닭고기,1
convenience_meals,hyperclovax,5050290,1,요리,1
convenience_meals,hyperclovax,5050290,1,담기다,1
convenience_meals,hyperclovax,5050290,2,매콤하다,1
convenience_meals,hyperclovax,5050290,2,양념,1
convenience_meals,hyperclovax,5050290,2,버무리다,1
convenience_meals,hyperclovax,5050290,2,닭고기,1
convenience_meals,hyperclovax,5050290,2,요리,1
convenience_meals,hyperclovax,5050290,2,담기다,1
convenience_meals,hyperclovax,5060255,1,흰색,1
convenience_meals,hyperclovax,5060255,1,담기다,1
convenience_meals,hyperclovax,5060255,1,짙다,1
convenience_meals,hyperclovax,5060255,1,갈색,1
convenience_meals,hyperclovax,5060255,1,소스,1
convenience_meals,hyperclovax,5060255,1,버무리다,1
convenience_meals,hyperclovax,5060255,1,고기,1
convenience_meals,hyperclovax,5060255,1,음식,1
convenience_meals,hyperclovax,5060255,2,담기다,1
convenience_meals,hyperclovax,5060255,2,짜장면,1
convenience_meals,hyperclovax,5063596,1,빨간색,1
convenience_meals,hyperclovax,5063596,1,뚜껑,1
convenience_meals,hyperclovax,5063596,1,달리다,1
convenience_meals,hyperclovax,5063596,1,그라놀라,2
convenience_meals,hyperclovax,5063596,1,제품,3
convenience_meals,hyperclovax,5063596,1,나란히,1
convenience_meals,hyperclovax,5063596,1,브랜드,1
convenience_meals,hyperclovax,5063596,1,함께,1
convenience_meals,hyperclovax,5063596,1,적히다,2
convenience_meals,hyperclovax,5063596,1,아래,1
convenience_meals,hyperclovax,5063596,1,다양,1
convenience_meals,hyperclovax,5063596,1,이름,1
convenience_meals,hyperclovax,5063596,2,담기다,1
convenience_meals,hyperclovax,5063596,2,다양,1
convenience_meals,hyperclovax,5063596,2,종류,1
convenience_meals,hyperclovax,5063596,2,그래놀라,1
convenience_meals,hyperclovax,5066426,1,테스티,1
convenience_meals,hyperclovax,5066426,1,브랜드,1
convenience_meals,hyperclovax,5066426,1,다양,1
convenience_meals,hyperclovax,5066426,1,샐러드,1
convenience_meals,hyperclovax,5066426,1,나란히,1
convenience_meals,hyperclovax,5066426,1,배열,1
convenience_meals,hyperclovax,5066426,2,다양,1
convenience_meals,hyperclovax,5066426,2,재료,1
convenience_meals,hyperclovax,5066426,2,구성,1
convenience_meals,hyperclovax,5066426,2,샐러드,1
convenience_meals,hyperclovax,5066426,2,용기,1
convenience_meals,hyperclovax,5066426,2,나란히,1
convenience_meals,hyperclovax,5066426,2,배열,1
convenience_meals,hyperclovax,5072582,1,달걀,2
convenience_meals,hyperclovax,5072582,1,샐러드,2
convenience_meals,hyperclovax,5072582,1,담기다,1
convenience_meals,hyperclovax,5072582,2,조각,1
convenience_meals,hyperclovax,5072582,2,스크램블,1
convenience_meals,hyperclovax,5072582,2,에그,1
convenience_meals,hyperclovax,5072582,2,올리다,1
convenience_meals,hyperclovax,5072582,2,계란,1
convenience_meals,hyperclovax,5072582,2,샐러드,1
convenience_meals,hyperclovax,5072582,2,담기다,2
convenience_meals,hyperclovax,5072582,2,우유,1
convenience_meals,hyperclovax,5072582,2,모습,1
convenience_meals,hyperclovax,5073094,1,담기다,1
convenience_meals,hyperclovax,5073094,1,국수,1
convenience_meals,hyperclovax,5073094,1,요리,1
convenience_meals,hyperclovax,5073094,2,국수,1
convenience_meals,hyperclovax,5073094,2,고기,1
convenience_meals,hyperclovax,5073094,2,얹다,1
convenience_meals,hyperclovax,5073094,2,음식,1
convenience_meals,hyperclovax,5082274,1,비비고,1
convenience_meals,hyperclovax,5082274,1,냉동식품,1
convenience_meals,hyperclovax,5082274,2,비비고,1
convenience_meals,hyperclovax,5082274,2,냉동식품,1
convenience_meals,hyperclovax,5088325,1,담기다,1
convenience_meals,hyperclovax,5088325,1,국수,1
convenience_meals,hyperclovax,5088325,1,요리,1
convenience_meals,hyperclovax,5088325,2,국물,1
convenience_meals,hyperclovax,5088325,2,담기다,2
convenience_meals,hyperclovax,5088325,2,국수,1
convenience_meals,hyperclovax,5088325,2,요리,1
convenience_meals,hyperclovax,5090388,1,보이다,1
convenience_meals,hyperclovax,5090388,1,국물,1
convenience_meals,hyperclovax,5090388,1,요리,1
convenience_meals,hyperclovax,5090388,1,담기다,1
convenience_meals,hyperclovax,5090388,1,함께,2
convenience_meals,hyperclovax,5090388,1,국수,1
convenience_meals,hyperclovax,5090388,1,만두,1
convenience_meals,hyperclovax,5090388,1,채소,1
convenience_meals,hyperclovax,5090388,1,제공,1
convenience_meals,hyperclovax,5090388,1,모습,1
convenience_meals,hyperclovax,5090388,2,보이다,1
convenience_meals,hyperclovax,5090388,2,국물,1
convenience_meals,hyperclovax,5090388,2,요리,1
convenience_meals,hyperclovax,5090388,2,담기다,1
convenience_meals,hyperclovax,5135831,1,용기,1
convenience_meals,hyperclovax,5135831,1,각각,1
convenience_meals,hyperclovax,5135831,1,종류,1
convenience_meals,hyperclovax,5135831,1,한식,1
convenience_meals,hyperclovax,5135831,1,담기다,1
convenience_meals,hyperclovax,5135831,1,상단,1
convenience_meals,hyperclovax,5135831,1,해당,1
convenience_meals,hyperclovax,5135831,1,상품,1
convenience_meals,hyperclovax,5135831,1,포장,1
convenience_meals,hyperclovax,5135831,1,박스,1
convenience_meals,hyperclovax,5135831,2,포장,1
convenience_meals,hyperclovax,5135831,2,한식,1
convenience_meals,hyperclovax,5135831,2,도시락,1
convenience_meals,hyperclovax,5136646,1,샌드위치,1
convenience_meals,hyperclovax,5136646,2,샌드위치,1
convenience_meals,hyperclovax,5136646,2,모습,1
convenience_meals,hyperclovax,5156742,1,담기다,1
convenience_meals,hyperclovax,5156742,1,국물,1
convenience_meals,hyperclovax,5156742,1,요리,1
convenience_meals,hyperclovax,5156742,2,보이다,1
convenience_meals,hyperclovax,5156742,2,국물,1
convenience_meals,hyperclovax,5156742,2,요리,1
convenience_meals,hyperclovax,5156742,2,담기다,1
convenience_meals,hyperclovax,1000029142,1,샌드위치,2
convenience_meals,hyperclovax,1000029142,1,포장,1
convenience_meals,hyperclovax,1000029142,1,비닐,1
convenience_meals,hyperclovax,1000029142,1,봉지,1
convenience_meals,hyperclovax,1000029142,1,흰색,1
convenience_meals,hyperclovax,1000029142,2,조각,1
convenience_meals,hyperclovax,1000029142,2,삼각,1
convenience_meals,hyperclovax,1000029142,2,모양,1
convenience_meals,hyperclovax,1000029142,2,샌드위치,1
convenience_meals,hyperclovax,1000029142,2,모습,1
convenience_meals,hyperclovax,1000127954,1,다양,1
convenience_meals,hyperclovax,1000127954,1,버루카,1
convenience_meals,hyperclovax,1000127954,1,포장,1
convenience_meals,hyperclovax,1000127954,1,스낵,1
convenience_meals,hyperclovax,1000127954,2,토르티야,1
convenience_meals,hyperclovax,1000165839,1,작다,1
convenience_meals,hyperclovax,1000165839,1,공기,1
convenience_meals,hyperclovax,1000165839,1,1,2
convenience_meals,hyperclovax,1000165839,1,크다,1
convenience_meals,hyperclovax,1000165839,1,상자,1
convenience_meals,hyperclovax,1000165839,2,6,1
convenience_meals,hyperclovax,1000165839,2,개입,1
convenience_meals,hyperclovax,1000165839,2,햇반,1
convenience_meals,hyperclovax,1000165839,2,작은공기,1
convenience_meals,hyperclovax,1000165839,2,즉석밥,1
convenience_meals,hyperclovax,1000169817,1,흰색,1
convenience_meals,hyperclovax,1000169817,1,포장지,1
convenience_meals,hyperclovax,1000169817,1,담기다,1
convenience_meals,hyperclovax,1000169817,1,상온,1
convenience_meals,hyperclovax,1000169817,1,제품,1
convenience_meals,hyperclovax,1000169817,1,상자,1
convenience_meals,hyperclovax,1000169817,1,형태,1
convenience_meals,hyperclovax,1000169817,1,포장재,1
convenience_meals,hyperclovax,1000169817,2,희다,1
convenience_meals,hyperclovax,1000169817,2,들다,1
convenience_meals,hyperclovax,1000169817,2,상온,1
convenience_meals,hyperclovax,1000169817,2,제품,1
convenience_meals,hyperclovax,1000170826,1,크리미,1
convenience_meals,hyperclovax,1000170826,1,치즈,1
convenience_meals,hyperclovax,1000170826,1,소시지,1
convenience_meals,hyperclovax,1000170826,1,핫도그,1
convenience_meals,hyperclovax,1000170826,2,노란색,1
convenience_meals,hyperclovax,1000170826,2,배경,1
convenience_meals,hyperclovax,1000170826,2,담기다,1
convenience_meals,hyperclovax,1000170826,2,콘도그,3
convenience_meals,hyperclovax,1000170826,2,왼쪽,1
convenience_meals,hyperclovax,1000170826,2,전체,1
convenience_meals,hyperclovax,1000170826,2,콘도그와,1
convenience_meals,hyperclovax,1000170826,2,잘리다,2
convenience_meals,hyperclovax,1000170826,2,오른쪽,1
convenience_meals,hyperclovax,1000170826,2,치즈,1
convenience_meals,hyperclovax,1000170826,2,흐르다,1
convenience_meals,hyperclovax,1000170826,2,나오다,1
convenience_meals,hyperclovax,1000185462,1,6,1
convenience_meals,hyperclovax,1000185462,1,가지,1
convenience_meals,hyperclovax,1000185462,1,종류,1
convenience_meals,hyperclovax,1000185462,1,냉동,1
convenience_meals,hyperclovax,1000185462,1,주먹밥,1
convenience_meals,hyperclovax,1000185462,1,제품,1
convenience_meals,hyperclovax,1000185462,2,6,1
convenience_meals,hyperclovax,1000185462,2,가지,1
convenience_meals,hyperclovax,1000185462,2,브랜드,1
convenience_meals,hyperclovax,1000185462,2,주먹밥,1
convenience_meals,hyperclovax,1000185462,2,제품,1
convenience_meals,hyperclovax,1000202889,1,흰색,2
convenience_meals,hyperclovax,1000202889,1,포장지,1
convenience_meals,hyperclovax,1000202889,1,브랜드,1
convenience_meals,hyperclovax,1000202889,1,홀드큰쌀밥,1
convenience_meals,hyperclovax,1000202889,1,제품,1
convenience_meals,hyperclovax,1000202889,1,적히다,1
convenience_meals,hyperclovax,1000202889,1,상자,2
convenience_meals,hyperclovax,1000202889,1,동일,1
convenience_meals,hyperclovax,1000202889,1,뚜껑,1
convenience_meals,hyperclovax,1000202889,1,담기다,1
convenience_meals,hyperclovax,1000202889,2,햇반,1
convenience_meals,hyperclovax,1000202889,2,연제,1
convenience_meals,hyperclovax,1000202889,2,골든,1
convenience_meals,hyperclovax,1000202889,2,쌀밥,1
convenience_meals,hyperclovax,1000202889,2,6,1
convenience_meals,hyperclovax,1000202889,2,개입,1
convenience_meals,hyperclovax,1000202889,2,제품,1
convenience_meals,hyperclovax,1000308975,1,99,1
convenience_meals,hyperclovax,1000308975,1,강정,2
convenience_meals,hyperclovax,1000308975,1,포장,1
convenience_meals,hyperclovax,1000308975,1,조각,1
convenience_meals,hyperclovax,1000308975,1,포크,1
convenience_meals,hyperclovax,1000308975,2,윤기,1
convenience_meals,hyperclovax,1000308975,2,나다,1
convenience_meals,hyperclovax,1000308975,2,양념,1
convenience_meals,hyperclovax,1000308975,2,치킨,1
convenience_meals,hyperclovax,1000308975,2,담기다,1
convenience_meals,hyperclovax,1000572062,1,검은색,1
convenience_meals,hyperclovax,1000572062,1,냄비,1
convenience_meals,hyperclovax,1000572062,1,담기다,1
convenience_meals,hyperclovax,1000572062,1,육개장,1
convenience_meals,hyperclovax,1000572062,2,검은색,1
convenience_meals,hyperclovax,1000572062,2,냄비,1
convenience_meals,hyperclovax,1000572062,2,담기다,1
convenience_meals,hyperclovax,1000572062,2,소고기,1
convenience_meals,hyperclovax,1000572062,2,국물,1
convenience_meals,hyperclovax,1000572062,2,요리,1
convenience_meals,hyperclovax,1000619042,1,새우,2
convenience_meals,hyperclovax,1000619042,1,만두,2
convenience_meals,hyperclovax,1000619042,1,담기다,1
convenience_meals,hyperclovax,1000619042,1,흰색,1
convenience_meals,hyperclovax,1000619042,1,그리다,1
convenience_meals,hyperclovax,1000619042,1,포장지,1
convenience_meals,hyperclovax,1000619042,2,새우,1
convenience_meals,hyperclovax,1000619042,2,들어가다,1
convenience_meals,hyperclovax,1000619042,2,만두,1
convenience_meals,hyperclovax,1000765126,1,담기다,1
convenience_meals,hyperclovax,1000765126,1,만두,2
convenience_meals,hyperclovax,1000765126,1,포장지,1
convenience_meals,hyperclovax,1000765126,2,만두,1
convenience_meals,hyperclovax,1000811962,1,검은색,1
convenience_meals,hyperclovax,1000811962,1,프라이팬,1
convenience_meals,hyperclovax,1000811962,1,담기다,1
convenience_meals,hyperclovax,1000811962,1,해산물,1
convenience_meals,hyperclovax,1000811962,1,요리,1
convenience_meals,hyperclovax,1000811962,2,해산물,1
convenience_meals,hyperclovax,1000811962,2,요리,1
convenience_meals,hyperclovax,1000811962,2,담기다,1
convenience_meals,hyperclovax,1000811962,2,검은색,1
convenience_meals,hyperclovax,1000811962,2,프라이팬,1
convenience_meals,hyperclovax,1000832403,1,햇반,1
convenience_meals,hyperclovax,1000832403,1,브랜드,1
convenience_meals,hyperclovax,1000832403,1,현미밥,1
convenience_meals,hyperclovax,1000832403,1,상품,1
convenience_meals,hyperclovax,1000832403,2,흰색,1
convenience_meals,hyperclovax,1000832403,2,담기다,1
convenience_meals,hyperclovax,1000832403,2,뜨다,1
convenience_meals,hyperclovax,1000832403,2,들다,1
convenience_meals,hyperclovax,1000832403,2,나무,1
convenience_meals,hyperclovax,1000832403,2,숟가락,1
convenience_meals,hyperclovax,1000942597,1,크림,1
convenience_meals,hyperclovax,1000942597,1,소스,1
convenience_meals,hyperclovax,1000942597,1,버섯,1
convenience_meals,hyperclovax,1000942597,1,붉다,1
convenience_meals,hyperclovax,1000942597,1,고추,1
convenience_meals,hyperclovax,1000942597,1,들어가다,1
convenience_meals,hyperclovax,1000942597,1,파스타,1
convenience_meals,hyperclovax,1000942597,1,담기다,1
convenience_meals,hyperclovax,1000942597,2,크림,1
convenience_meals,hyperclovax,1000942597,2,소스,1
convenience_meals,hyperclovax,1000942597,2,버무리다,1
convenience_meals,hyperclovax,1000942597,2,파스타,1
convenience_meals,hyperclovax,1000942597,2,담기다,1
convenience_meals,hyperclovax,1001150374,1,담기다,1
convenience_meals,hyperclovax,1001150374,1,포장지,1
convenience_meals,hyperclovax,1001150374,2,담기다,1
convenience_meals,hyperclovax,1001191650,1,다양,1
convenience_meals,hyperclovax,1001191650,1,종류,1
convenience_meals,hyperclovax,1001191650,1,과자,1
convenience_meals,hyperclovax,1001191650,1,패키지,1
convenience_meals,hyperclovax,1001191650,1,제품,1
convenience_meals,hyperclovax,1001191650,1,담기다,1
convenience_meals,hyperclovax,1001191650,2,다양,1
convenience_meals,hyperclovax,1001191650,2,곤약,1
convenience_meals,hyperclovax,1001191650,2,젤리,1
convenience_meals,hyperclovax,1001191650,2,제품,1
convenience_meals,hyperclovax,1001191650,2,포장,1
convenience_meals,hyperclovax,1001191650,2,모습,1
convenience_meals,hyperclovax,1001207466,1,조리,1
convenience_meals,hyperclovax,1001207466,1,갈비,1
convenience_meals,hyperclovax,1001207466,1,담기다,2
convenience_meals,hyperclovax,1001207466,1,냄비,1
convenience_meals,hyperclovax,1001207466,1,닭갈비,1
convenience_meals,hyperclovax,1001207466,1,재료,1
convenience_meals,hyperclovax,1001207466,1,포장,1
convenience_meals,hyperclovax,1001207466,1,상자,1
convenience_meals,hyperclovax,1001207466,2,다양,1
convenience_meals,hyperclovax,1001207466,2,재료,1
convenience_meals,hyperclovax,1001207466,2,들어가다,1
convenience_meals,hyperclovax,1001207466,2,보이다,1
convenience_meals,hyperclovax,1001207466,2,국물,1
convenience_meals,hyperclovax,1001207466,2,요리,1
convenience_meals,hyperclovax,1001207466,2,담기다,1
convenience_meals,hyperclovax,1001207466,2,냄비,1
convenience_meals,hyperclovax,1001207695,1,우수,1
convenience_meals,hyperclovax,1001207695,1,주먹밥,1
convenience_meals,hyperclovax,1001207695,2,우리,1
convenience_meals,hyperclovax,1001207695,2,만들다,1
convenience_meals,hyperclovax,1001207695,2,한우,1
convenience_meals,hyperclovax,1001207695,2,주먹밥,1
convenience_meals,hyperclovax,1001401863,1,김치,1
convenience_meals,hyperclovax,1001401863,1,들어가다,1
convenience_meals,hyperclovax,1001401863,1,볶음밥,1
convenience_meals,hyperclovax,1001401863,1,담기다,1
convenience_meals,hyperclovax,1001401863,2,김치,1
convenience_meals,hyperclovax,1001401863,2,섞이다,1
convenience_meals,hyperclovax,1001401863,2,볶음밥,1
convenience_meals,hyperclovax,1001401863,2,담기다,1
convenience_meals,hyperclovax,1001401863,2,흰색,1
convenience_meals,hyperclovax,1001422945,1,미미네,1
convenience_meals,hyperclovax,1001422945,1,엣날떡볶이,1
convenience_meals,hyperclovax,1001422945,1,담기다,1
convenience_meals,hyperclovax,1001422945,1,떡볶이,1
convenience_meals,hyperclovax,1001422945,2,소스,1
convenience_meals,hyperclovax,1001422945,2,버무리다,1
convenience_meals,hyperclovax,1001422945,2,떡볶이,1
convenience_meals,hyperclovax,1001485256,1,골든콘샌드밥,1
convenience_meals,hyperclovax,1001485256,1,210,1
convenience_meals,hyperclovax,1001485256,1,6,1
convenience_meals,hyperclovax,1001485256,1,상자,1
convenience_meals,hyperclovax,1001485256,2,햇반,1
convenience_meals,hyperclovax,1001485256,2,연제,1
convenience_meals,hyperclovax,1001485256,2,골든,1
convenience_meals,hyperclovax,1001485256,2,쌀밥,1
convenience_meals,hyperclovax,1001485256,2,6,1
convenience_meals,hyperclovax,1001485256,2,개입,1
convenience_meals,hyperclovax,1001485256,2,상품,1
convenience_meals,hyperclovax,1001502057,1,새우,1
convenience_meals,hyperclovax,1001502057,1,볶음밥,1
convenience_meals,hyperclovax,1001502057,1,담기다,2
convenience_meals,hyperclovax,1001502057,1,작다,1
convenience_meals,hyperclovax,1001502057,1,반찬,1
convenience_meals,hyperclovax,1001502057,1,식탁,1
convenience_meals,hyperclovax,1001502057,2,새우,1
convenience_meals,hyperclovax,1001502057,2,채소,1
convenience_meals,hyperclovax,1001502057,2,올리다,1
convenience_meals,hyperclovax,1001502057,2,요리,1
convenience_meals,hyperclovax,1001529704,1,튀기다,1
convenience_meals,hyperclovax,1001529704,1,치킨,1
convenience_meals,hyperclovax,1001529704,1,담기다,1
convenience_meals,hyperclovax,1001529704,2,튀김,2
convenience_meals,hyperclovax,1001529704,2,입히다,1
convenience_meals,hyperclovax,1001529704,2,요리,1
convenience_meals,hyperclovax,1001529704,2,담기다,1
convenience_meals,hyperclovax,1001706193,1,보이다,1
convenience_meals,hyperclovax,1001706193,1,해산물,1
convenience_meals,hyperclovax,1001706193,1,요리,1
convenience_meals,hyperclovax,1001706193,1,담기다,1
convenience_meals,hyperclovax,1001706193,1,냄비,1
convenience_meals,hyperclovax,1001706193,2,검은색,1
convenience_meals,hyperclovax,1001706193,2,뚝배기,1
convenience_meals,hyperclovax,1001706193,2,담기다,1
convenience_meals,hyperclovax,1001706193,2,해산물,1
convenience_meals,hyperclovax,1001706193,2,요리,1
convenience_meals,hyperclovax,1001837821,1,갈색,1
convenience_meals,hyperclovax,1001837821,1,소스,1
convenience_meals,hyperclovax,1001837821,1,조리,1
convenience_meals,hyperclovax,1001837821,1,소고기,1
convenience_meals,hyperclovax,1001837821,1,조각,1
convenience_meals,hyperclovax,1001837821,1,으깨다,1
convenience_meals,hyperclovax,1001837821,1,감자,1
convenience_meals,hyperclovax,1001837821,1,담기다,1
convenience_meals,hyperclovax,1001837821,1,흰색,1
convenience_meals,hyperclovax,1001837821,2,갈색,1
convenience_meals,hyperclovax,1001837821,2,소스,1
convenience_meals,hyperclovax,1001837821,2,조리,1
convenience_meals,hyperclovax,1001837821,2,소고기,1
convenience_meals,hyperclovax,1001837821,2,조각,1
convenience_meals,hyperclovax,1001837821,2,으깨다,1
convenience_meals,hyperclovax,1001837821,2,감자,1
convenience_meals,hyperclovax,1001837821,2,담기다,1
convenience_meals,hyperclovax,1001861172,1,담기다,1
convenience_meals,hyperclovax,1001861172,1,국물,1
convenience_meals,hyperclovax,1001861172,1,요리,1
convenience_meals,hyperclovax,1001861172,2,붉다,1
convenience_meals,hyperclovax,1001861172,2,국물,1
convenience_meals,hyperclovax,1001861172,2,다양,1
convenience_meals,hyperclovax,1001861172,2,채소,1
convenience_meals,hyperclovax,1001861172,2,고기,1
convenience_meals,hyperclovax,1001861172,2,들어가다,1
convenience_meals,hyperclovax,1001861172,2,음식,1
convenience_meals,hyperclovax,1001861172,2,담기다,1
convenience_meals,hyperclovax,1001866269,1,다양,1
convenience_meals,hyperclovax,1001866269,1,재료,1
convenience_meals,hyperclovax,1001866269,1,담기다,1
convenience_meals,hyperclovax,1001866269,2,다양,1
convenience_meals,hyperclovax,1001866269,2,재료,1
convenience_meals,hyperclovax,1001866269,2,담기다,1
convenience_meals,hyperclovax,1001866269,2,한국식,1
convenience_meals,hyperclovax,1001866269,2,전골,1
convenience_meals,hyperclovax,1001866269,2,요리,1
convenience_meals,hyperclovax,1001929136,1,윤기,1
convenience_meals,hyperclovax,1001929136,1,나다,1
convenience_meals,hyperclovax,1001929136,1,갈색,1
convenience_meals,hyperclovax,1001929136,1,소스,1
convenience_meals,hyperclovax,1001929136,1,뿌리다,1
convenience_meals,hyperclovax,1001929136,1,튀김,1
convenience_meals,hyperclovax,1001929136,1,요리,1
convenience_meals,hyperclovax,1001929136,1,담기다,1
convenience_meals,hyperclovax,1001929136,2,윤기,1
convenience_meals,hyperclovax,1001929136,2,나다,1
convenience_meals,hyperclovax,1001929136,2,소스,1
convenience_meals,hyperclovax,1001929136,2,뿌리다,1
convenience_meals,hyperclovax,1001929136,2,튀김,1
convenience_meals,hyperclovax,1001929136,2,요리,1
convenience_meals,hyperclovax,1001929136,2,담기다,1
convenience_meals,hyperclovax,1001931649,1,튀기다,1
convenience_meals,hyperclovax,1001931649,1,치킨너겟,1
convenience_meals,hyperclovax,1001931649,1,담기다,1
convenience_meals,hyperclovax,1001931649,2,종이,1
convenience_meals,hyperclovax,1001931649,2,튀기다,1
convenience_meals,hyperclovax,1001931649,2,치킨,1
convenience_meals,hyperclovax,1001931649,2,너겟,1
convenience_meals,hyperclovax,1001931649,2,담기다,1
convenience_meals,hyperclovax,1001946226,1,시금치,1
convenience_meals,hyperclovax,1001946226,1,나물,1
convenience_meals,hyperclovax,1001946226,1,반찬,1
convenience_meals,hyperclovax,1001946226,1,올리다,1
convenience_meals,hyperclovax,1001946226,1,모습,1
convenience_meals,hyperclovax,1001946226,2,시금치,1
convenience_meals,hyperclovax,1001946226,2,나물,1
convenience_meals,hyperclovax,1001946226,2,무침,1
convenience_meals,hyperclovax,1001946226,2,담기다,1
convenience_meals,hyperclovax,1001946226,2,참기름,1
convenience_meals,hyperclovax,1001946226,2,뿌리다,1
convenience_meals,hyperclovax,1001946226,2,양념장,1
convenience_meals,hyperclovax,1002066864,1,빨간색,1
convenience_meals,hyperclovax,1002066864,1,소스,1
convenience_meals,hyperclovax,1002066864,1,요리,1
convenience_meals,hyperclovax,1002066864,1,담기다,1
convenience_meals,hyperclovax,1002066864,2,퓨전,1
convenience_meals,hyperclovax,1002066864,2,짬뽕,1
convenience_meals,hyperclovax,1002066864,2,피자,1
convenience_meals,hyperclovax,1002066864,2,이름,1
convenience_meals,hyperclovax,1002066864,2,음식,1
convenience_meals,hyperclovax,1002066864,2,담기다,1
convenience_meals,hyperclovax,1002309661,1,소스,1
convenience_meals,hyperclovax,1002309661,1,버무리다,1
convenience_meals,hyperclovax,1002309661,1,닭고기,1
convenience_meals,hyperclovax,1002309661,1,요리,1
convenience_meals,hyperclovax,1002309661,1,담기다,1
convenience_meals,hyperclovax,1002309661,2,소스,1
convenience_meals,hyperclovax,1002309661,2,버무리다,1
convenience_meals,hyperclovax,1002309661,2,닭고기,1
convenience_meals,hyperclovax,1002309661,2,요리,1
convenience_meals,hyperclovax,1002309661,2,담기다,1
convenience_meals,hyperclovax,1002347378,1,샌드위치,2
convenience_meals,hyperclovax,1002347378,1,포장,1
convenience_meals,hyperclovax,1002347378,1,제품,1
convenience_meals,hyperclovax,1002347378,2,샌드위치,1
convenience_meals,hyperclovax,1002361676,1,인도,1
convenience_meals,hyperclovax,1002361676,1,커리,1
convenience_meals,hyperclovax,1002361676,1,나오다,1
convenience_meals,hyperclovax,1002361676,2,인도,1
convenience_meals,hyperclovax,1002361676,2,카레,1
convenience_meals,hyperclovax,1002361676,2,요리,1
convenience_meals,hyperclovax,1002361676,2,담기다,1
convenience_meals,hyperclovax,1002361676,2,냄비,1
convenience_meals,hyperclovax,1002382999,1,두부,1
convenience_meals,hyperclovax,1002382999,1,고기,1
convenience_meals,hyperclovax,1002382999,1,들어가다,1
convenience_meals,hyperclovax,1002382999,1,국물,1
convenience_meals,hyperclovax,1002382999,1,요리,1
convenience_meals,hyperclovax,1002382999,1,담기다,1
convenience_meals,hyperclovax,1002382999,2,두부,1
convenience_meals,hyperclovax,1002382999,2,고기,1
convenience_meals,hyperclovax,1002382999,2,넣다,1
convenience_meals,hyperclovax,1002382999,2,국물,1
convenience_meals,hyperclovax,1002382999,2,요리,1
convenience_meals,hyperclovax,1002382999,2,담기다,1
vegetables,hyperclovax,5000070,1,당근,1
vegetables,hyperclovax,5000070,1,회색,1
vegetables,hyperclovax,5000070,2,껍질,2
vegetables,hyperclovax,5000070,2,벗겨지다,1
vegetables,hyperclovax,5000070,2,당근,2
vegetables,hyperclovax,5000070,2,그대로,1
vegetables,hyperclovax,5000333,1,흰색,1
vegetables,hyperclovax,5000333,1,오이,1
vegetables,hyperclovax,5000333,2,도마,1
vegetables,hyperclovax,5000333,2,오이,1
vegetables,hyperclovax,5000718,1,시금치,1
vegetables,hyperclovax,5000718,1,담기다,1
vegetables,hyperclovax,5000718,1,금속,1
vegetables,hyperclovax,5000718,1,바구니,1
vegetables,hyperclovax,5000718,1,마늘,1
vegetables,hyperclovax,5000718,2,시금치,1
vegetables,hyperclovax,5000718,2,마늘,1
vegetables,hyperclovax,5000718,2,바구니,1
vegetables,hyperclovax,5001063,1,브로콜리,1
vegetables,hyperclovax,5001063,2,크다,1
vegetables,hyperclovax,5001063,2,브로콜리,2
vegetables,hyperclovax,5001063,2,주변,1
vegetables,hyperclovax,5001063,2,잘리다,1
vegetables,hyperclovax,5001063,2,조각,1
vegetables,hyperclovax,5001063,2,모습,1
vegetables,hyperclovax,5026448,1,흰색,1
vegetables,hyperclovax,5026448,1,담기다,1
vegetables,hyperclovax,5026448,1,갈색,1
vegetables,hyperclovax,5026448,1,감자,1
vegetables,hyperclovax,5026448,2,껍질,2
vegetables,hyperclovax,5026448,2,벗겨지다,1
vegetables,hyperclovax,5026448,2,감자,2
vegetables,hyperclovax,5026448,2,반쪽,1
vegetables,hyperclovax,5026448,2,그대로,1
vegetables,hyperclovax,5026448,2,모습,1
vegetables,hyperclovax,5026449,1,녹색,1
vegetables,hyperclovax,5026449,1,고구마,1
vegetables,hyperclovax,5026449,2,흰색,1
vegetables,hyperclovax,5026449,2,담기다,1
vegetables,hyperclovax,5026449,2,고구마,1
vegetables,hyperclovax,5026450,1,고구마,1
vegetables,hyperclovax,5026450,1,담기다,1
vegetables,hyperclovax,5026450,2,잘리다,1
vegetables,hyperclovax,5026450,2,고구마,1
vegetables,hyperclovax,5026450,2,흰색,1
vegetables,hyperclovax,5026450,2,담기다,1
vegetables,hyperclovax,5026451,1,주황색,1
vegetables,hyperclovax,5026451,1,양파,1
vegetables,hyperclovax,5026451,1,비닐,1
vegetables,hyperclovax,5026451,1,담기다,1
vegetables,hyperclovax,5026451,2,주황색,1
vegetables,hyperclovax,5026451,2,양파,2
vegetables,hyperclovax,5026451,2,다발,1
vegetables,hyperclovax,5027318,1,나무,1
vegetables,hyperclovax,5027318,1,담기다,1
vegetables,hyperclovax,5027318,1,마늘,1
vegetables,hyperclovax,5027318,2,껍질,1
vegetables,hyperclovax,5027318,2,벗기다,1
vegetables,hyperclovax,5027318,2,마늘,1
vegetables,hyperclovax,5027318,2,나무,1
vegetables,hyperclovax,5027319,1,배추,1
vegetables,hyperclovax,5027319,2,잘리다,1
vegetables,hyperclovax,5027319,2,배추,1
vegetables,hyperclovax,5027319,2,조각,1
vegetables,hyperclovax,5027320,1,플라스틱,1
vegetables,hyperclovax,5027320,1,포장지,1
vegetables,hyperclovax,5027320,1,담기다,1
vegetables,hyperclovax,5027320,2,포장,1
vegetables,hyperclovax,5030557,1,노란색,1
vegetables,hyperclovax,5030557,1,빨간색,1
vegetables,hyperclovax,5030557,1,피망,1
vegetables,hyperclovax,5030557,1,나란히,1
vegetables,hyperclovax,5030557,2,왼쪽,1
vegetables,hyperclovax,5030557,2,노란색,1
vegetables,hyperclovax,5030557,2,페퍼,2
vegetables,hyperclovax,5030557,2,오른쪽,1
vegetables,hyperclovax,5030557,2,빨간색,1
vegetables,hyperclovax,5030559,1,녹색,1
vegetables,hyperclovax,5030559,1,길다,1
vegetables,hyperclovax,5030559,1,오이,1
vegetables,hyperclovax,5030559,1,흰색,1
vegetables,hyperclovax,5030559,2,도마,1
vegetables,hyperclovax,5030559,2,오이,1
vegetables,hyperclovax,5030559,2,조각,1
vegetables,hyperclovax,5031100,1,양상추,2
vegetables,hyperclovax,5031100,1,잘리다,1
vegetables,hyperclovax,5031100,2,잘리다,1
vegetables,hyperclovax,5031100,2,양상추,1
vegetables,hyperclovax,5031391,1,흰색,1
vegetables,hyperclovax,5031391,1,표고버섯,1
vegetables,hyperclovax,5031391,2,흰색,1
vegetables,hyperclovax,5031391,2,버섯,1
vegetables,hyperclovax,5031395,2,조각,1
vegetables,hyperclovax,5036663,1,회색,1
vegetables,hyperclovax,5036663,1,배경,1
vegetables,hyperclovax,5036663,1,녹색,1
vegetables,hyperclovax,5036663,2,회색,1
vegetables,hyperclovax,5036663,2,초록색,1
vegetables,hyperclovax,5042793,1,브로콜리,1
vegetables,hyperclovax,5042793,1,담기다,1
vegetables,hyperclovax,5042793,1,흰색,1
vegetables,hyperclovax,5042793,2,희다,1
vegetables,hyperclovax,5042793,2,담기다,1
vegetables,hyperclovax,5042793,2,브로콜리,1
vegetables,hyperclovax,5042793,2,조각,1
vegetables,hyperclovax,5044050,1,나무,1
vegetables,hyperclovax,5044050,1,도마,1
vegetables,hyperclovax,5044050,1,연하다,1
vegetables,hyperclovax,5044050,1,갈색,1
vegetables,hyperclovax,5044050,1,뿌리채소,1
vegetables,hyperclovax,5044050,1,아마도,1
vegetables,hyperclovax,5044050,1,우엉,2
vegetables,hyperclovax,5044050,1,껍질,1
vegetables,hyperclovax,5044050,1,벗기다,1
vegetables,hyperclovax,5044050,1,얇다,1
vegetables,hyperclovax,5044050,1,썰다,1
vegetables,hyperclovax,5044050,1,모습,1
vegetables,hyperclovax,5044050,1,담기다,1
vegetables,hyperclovax,5044050,2,나무,1
vegetables,hyperclovax,5044050,2,도마,1
vegetables,hyperclovax,5044050,2,고구마,3
vegetables,hyperclovax,5044050,2,껍질,1
vegetables,hyperclovax,5044050,2,벗기다,1
vegetables,hyperclovax,5044050,2,자르다,1
vegetables,hyperclovax,5044050,2,조각,1
vegetables,hyperclovax,5045384,1,흰색,1
vegetables,hyperclovax,5045384,1,녹색,1
vegetables,hyperclovax,5045384,1,자주색,1
vegetables,hyperclovax,5045384,2,흰색,1
vegetables,hyperclovax,5048049,1,국산,1
vegetables,hyperclovax,5048049,1,다지다,1
vegetables,hyperclovax,5048049,1,마늘,1
vegetables,hyperclovax,5048049,1,제품,1
vegetables,hyperclovax,5048049,2,포장,1
vegetables,hyperclovax,5048049,2,현미,1
vegetables,hyperclovax,5048049,2,국산,1
vegetables,hyperclovax,5048049,2,참깨,1
vegetables,hyperclovax,5048049,2,마요네즈,1
vegetables,hyperclovax,5049924,1,시금치,1
vegetables,hyperclovax,5049924,1,다발,1
vegetables,hyperclovax,5049924,2,시금치,1
vegetables,hyperclovax,5049924,2,다발,1
vegetables,hyperclovax,5053496,1,녹색,1
vegetables,hyperclovax,5053496,1,양배추,1
vegetables,hyperclovax,5053496,2,양배추,1
vegetables,hyperclovax,5054657,1,나무,1
vegetables,hyperclovax,5054657,1,쟁반,1
vegetables,hyperclovax,5054657,1,오이,1
vegetables,hyperclovax,5054657,2,나무,1
vegetables,hyperclovax,5054657,2,쟁반,1
vegetables,hyperclovax,5054657,2,오이,1
vegetables,hyperclovax,5054660,1,흰색,1
vegetables,hyperclovax,5054660,1,브로콜리,1
vegetables,hyperclovax,5054660,2,흰색,1
vegetables,hyperclovax,5054660,2,브로콜리,1
vegetables,hyperclovax,5054661,1,짙다,1
vegetables,hyperclovax,5054661,1,보라색,1
vegetables,hyperclovax,5054661,1,가지,1
vegetables,hyperclovax,5054661,1,회색,1
vegetables,hyperclovax,5054661,2,잘리다,1
vegetables,hyperclovax,5054661,2,검다,1
vegetables,hyperclovax,5054661,2,가지,1
vegetables,hyperclovax,5058732,1,담기다,1
vegetables,hyperclovax,5058732,1,표고버섯,2
vegetables,hyperclovax,5058732,1,포장,1
vegetables,hyperclovax,5058732,2,보이다,1
vegetables,hyperclovax,5058732,2,표고버섯,1
vegetables,hyperclovax,5058732,2,담기다,1
vegetables,hyperclovax,5058732,2,흰색,1
vegetables,hyperclovax,5061435,1,갈색,1
vegetables,hyperclovax,5061435,1,바구니,1
vegetables,hyperclovax,5061435,1,담기다,1
vegetables,hyperclovax,5061435,1,보라색,1
vegetables,hyperclovax,5061435,1,고구마,1
vegetables,hyperclovax,5061435,2,보라색,1
vegetables,hyperclovax,5061435,2,고구마,1
vegetables,hyperclovax,5061435,2,담기다,1
vegetables,hyperclovax,5061435,2,바구니,1
vegetables,hyperclovax,5061435,2,모습,1
vegetables,hyperclovax,5063699,1,흰색,1
vegetables,hyperclovax,5063699,1,담기다,1
vegetables,hyperclovax,5063699,1,청경채,2
vegetables,hyperclovax,5063699,1,바닥,1
vegetables,hyperclovax,5063699,1,다발,1
vegetables,hyperclovax,5063699,2,청경채,1
vegetables,hyperclovax,5071102,1,포장,1
vegetables,hyperclovax,5071102,1,표고버섯,1
vegetables,hyperclovax,5071102,2,포장,1
vegetables,hyperclovax,5071102,2,표고버섯,1
vegetables,hyperclovax,5071326,1,흰색,1
vegetables,hyperclovax,5071326,1,담기다,2
vegetables,hyperclovax,5071326,1,콩나물,2
vegetables,hyperclovax,5071326,1,포장지,1
vegetables,hyperclovax,5071326,2,담기다,1
vegetables,hyperclovax,5071326,2,콩나물,1
vegetables,hyperclovax,5071327,1,포장,1
vegetables,hyperclovax,5071327,1,숙주나물,1
vegetables,hyperclovax,5071327,2,흰색,1
vegetables,hyperclovax,5071327,2,담기다,1
vegetables,hyperclovax,5071327,2,콩나물,1
vegetables,hyperclovax,5104176,1,호박,2
vegetables,hyperclovax,5104176,1,조각,1
vegetables,hyperclovax,5104176,1,담기다,1
vegetables,hyperclovax,5104176,1,모양,1
vegetables,hyperclovax,5104176,1,과자,1
vegetables,hyperclovax,5104176,1,패키지,1
vegetables,hyperclovax,5104176,1,모습,1
vegetables,hyperclovax,5104176,2,단호박,1
vegetables,hyperclovax,5104176,2,조각,1
vegetables,hyperclovax,5104176,2,담기다,1
vegetables,hyperclovax,1000079725,1,1,1
vegetables,hyperclovax,1000079725,1,5,1
vegetables,hyperclovax,1000079725,1,무게,1
vegetables,hyperclovax,1000079725,1,고구마,1
vegetables,hyperclovax,1000079725,1,담기다,1
vegetables,hyperclovax,1000079725,1,상자,1
vegetables,hyperclovax,1000079725,2,고구마,1
vegetables,hyperclovax,1000079725,2,담기다,1
vegetables,hyperclovax,1000079725,2,상자,1
vegetables,hyperclovax,1000118036,1,다지다,1
vegetables,hyperclovax,1000118036,1,마늘,1
vegetables,hyperclovax,1000118036,1,담다,1
vegetables,hyperclovax,1000118036,1,포장지,1
vegetables,hyperclovax,1000118036,2,도자기,1
vegetables,hyperclovax,1000118036,2,담기다,1
vegetables,hyperclovax,1000118036,2,잘다,1
vegetables,hyperclovax,1000118036,2,다지다,1
vegetables,hyperclovax,1000118036,2,노란색,1
vegetables,hyperclovax,1000118036,2,음식,1
vegetables,hyperclovax,1000120872,1,흰색,1
vegetables,hyperclovax,1000120872,1,담기다,1
vegetables,hyperclovax,1000120872,1,콩나물,1
vegetables,hyperclovax,1000120872,2,흰색,1
vegetables,hyperclovax,1000120872,2,담기다,1
vegetables,hyperclovax,1000120872,2,콩나물,1
vegetables,hyperclovax,1000120884,1,흰색,1
vegetables,hyperclovax,1000120884,1,보이다,1
vegetables,hyperclovax,1000120884,1,루콜라,1
vegetables,hyperclovax,1000120884,2,흰색,1
vegetables,hyperclovax,1000120884,2,보이다,1
vegetables,hyperclovax,1000120884,2,루콜라,1
vegetables,hyperclovax,1000178619,1,초록색,1
vegetables,hyperclovax,1000178619,1,배경,1
vegetables,hyperclovax,1000178619,1,빨간색,1
vegetables,hyperclovax,1000178619,1,노란색,1
vegetables,hyperclovax,1000178619,1,주황색,1
vegetables,hyperclovax,1000178619,1,페퍼,1
vegetables,hyperclovax,1000178619,2,초록색,1
vegetables,hyperclovax,1000178619,2,배경,1
vegetables,hyperclovax,1000178619,2,빨간색,1
vegetables,hyperclovax,1000178619,2,노란색,2
vegetables,hyperclovax,1000178619,2,주황색,1
vegetables,hyperclovax,1000178619,2,피망,1
vegetables,hyperclovax,1000178619,2,나란히,1
vegetables,hyperclovax,1000258072,1,배열,1
vegetables,hyperclovax,1000258072,1,상추,1
vegetables,hyperclovax,1000258072,2,보이다,1
vegetables,hyperclovax,1000258072,2,상추,1
vegetables,hyperclovax,1000441195,1,흰색,1
vegetables,hyperclovax,1000441195,1,담기다,1
vegetables,hyperclovax,1000441195,1,붉다,1
vegetables,hyperclovax,1000441195,1,고구마,1
vegetables,hyperclovax,1000441195,2,검은색,1
vegetables,hyperclovax,1000441195,2,냄비,1
vegetables,hyperclovax,1000441195,2,담기다,1
vegetables,hyperclovax,1000441195,2,고구마,1
vegetables,hyperclovax,1000443684,1,담기다,1
vegetables,hyperclovax,1000443684,1,다양,1
vegetables,hyperclovax,1000443684,1,종류,1
vegetables,hyperclovax,1000443684,1,녹색,1
vegetables,hyperclovax,1000443684,1,채소,1
vegetables,hyperclovax,1000443684,2,담기다,1
vegetables,hyperclovax,1000443684,2,다양,1
vegetables,hyperclovax,1000443684,2,종류,1
vegetables,hyperclovax,1000443684,2,녹색,1
vegetables,hyperclovax,1000443684,2,채소,1
vegetables,hyperclovax,1000661274,1,포장,1
vegetables,hyperclovax,1000661274,1,야채,2
vegetables,hyperclovax,1000661274,1,담기다,1
vegetables,hyperclovax,1000661274,1,조리,1
vegetables,hyperclovax,1000661274,2,희다,1
vegetables,hyperclovax,1000661274,2,담기다,1
vegetables,hyperclovax,1000661274,2,다양,1
vegetables,hyperclovax,1000661274,2,채소,1
vegetables,hyperclovax,1000952172,1,365,1
vegetables,hyperclovax,1000952172,1,커리프레쉬,1
vegetables,hyperclovax,1000952172,1,제품,1
vegetables,hyperclovax,1000952172,1,300,1
vegetables,hyperclovax,1000952172,1,용량,1
vegetables,hyperclovax,1000952172,1,포장,2
vegetables,hyperclovax,1000952172,1,15,1
vegetables,hyperclovax,1000952172,1,20,1
vegetables,hyperclovax,1000952172,1,크기,1
vegetables,hyperclovax,1000952172,1,사각,1
vegetables,hyperclovax,1000952172,1,모양,1
vegetables,hyperclovax,1000952172,1,개별,1
vegetables,hyperclovax,1000952172,2,흰색,1
vegetables,hyperclovax,1000952172,2,배경,1
vegetables,hyperclovax,1000952172,2,작다,1
vegetables,hyperclovax,1000952172,2,용기,1
vegetables,hyperclovax,1000952172,2,담기다,1
vegetables,hyperclovax,1000952172,2,노란색,1
vegetables,hyperclovax,1000952172,2,음식,1
vegetables,hyperclovax,1001176677,1,다양,1
vegetables,hyperclovax,1001176677,1,종류,1
vegetables,hyperclovax,1001176677,1,상추,1
vegetables,hyperclovax,1001176677,1,담기다,1
vegetables,hyperclovax,1001176677,2,다양,1
vegetables,hyperclovax,1001176677,2,종류,1
vegetables,hyperclovax,1001176677,2,상추,1
vegetables,hyperclovax,1001176677,2,담기다,1
vegetables,hyperclovax,1001227997,1,껍질,1
vegetables,hyperclovax,1001227997,1,벗겨지다,1
vegetables,hyperclovax,1001227997,1,양파,1
vegetables,hyperclovax,1001227997,2,껍질,2
vegetables,hyperclovax,1001227997,2,벗겨지다,1
vegetables,hyperclovax,1001227997,2,양파,2
vegetables,hyperclovax,1001227997,2,그대로,1
vegetables,hyperclovax,1001544134,1,감자,1
vegetables,hyperclovax,1001544134,2,껍질,2
vegetables,hyperclovax,1001544134,2,벗겨지다,1
vegetables,hyperclovax,1001544134,2,감자,2
vegetables,hyperclovax,1001544134,2,반쪽,1
vegetables,hyperclovax,1001544134,2,그대로,1
vegetables,hyperclovax,1001985604,1,초록색,1
vegetables,hyperclovax,1001985604,1,흰색,1
vegetables,hyperclovax,1001985604,1,줄기,1
vegetables,hyperclovax,1001985604,2,나무,1
vegetables,hyperclovax,1001985604,2,도마,1
vegetables,hyperclovax,1001985604,2,흰색,1
vegetables,hyperclovax,1001985604,2,잘리다,1
vegetables,hyperclovax,1001985604,2,모습,1
vegetables,hyperclovax,1002030400,1,연두색,1
vegetables,hyperclovax,1002030400,1,오이,1
vegetables,hyperclovax,1002030400,2,초록색,1
vegetables,hyperclovax,1002030400,2,오이,1
vegetables,hyperclovax,1002318657,1,연하다,1
vegetables,hyperclovax,1002318657,1,녹색,1
vegetables,hyperclovax,1002318657,1,배추,1
vegetables,hyperclovax,1002318657,2,조각,1
vegetables,hyperclovax,1002318657,2,배추,1
vegetables,hyperclovax,1002318659,1,연하다,1
vegetables,hyperclovax,1002318659,1,갈색,1
vegetables,hyperclovax,1002318659,1,브로콜리,1
vegetables,hyperclovax,1002318659,2,브로콜리,1
