category,model,product_id,image_order,n_gram_keyword,tfidf_score
bakery,qwen3,1001194675,2,100 땅콩 문구,0.2346589500563016
bakery,qwen3,1002202568,2,100 한국 땅콩,0.2537867757854293
bakery,qwen3,5132010,1,12 격자 모양,0.18052759693938636
bakery,qwen3,5003416,2,16 들다 상자,0.23199291602824187
bakery,qwen3,5115048,1,1853 과일 함량,0.1670335479285673
bakery,qwen3,5057085,1,1951 문구 들어가다,0.20192303498504036
bakery,qwen3,5122986,1,3 3 격자,0.18032762768184596
bakery,qwen3,5122986,2,3 3 격자,0.21022834577807445
bakery,qwen3,5057085,1,3 4 격자,0.20192303498504036
bakery,qwen3,1002202568,1,3 개별 포장지,0.31622776601683794
bakery,qwen3,5122986,1,3 격자 모양,0.18032762768184596
bakery,qwen3,5122986,2,3 격자 모양,0.21022834577807445
bakery,qwen3,5025646,1,3 회색 진열,0.22539417072819198
bakery,qwen3,5057085,1,4 격자 모양,0.20192303498504036
bakery,qwen3,5097791,1,4 담기다 희다,0.26726124191242434
bakery,qwen3,5097791,1,4 들다 상자,0.26726124191242434
bakery,qwen3,1000634077,1,5 작다 케이크,0.26726124191242434
bakery,qwen3,1000352096,1,500 파스키 슬라이스,0.408248290463863
bakery,qwen3,1001385477,1,6 가지 세인트,0.23233152711779337
bakery,qwen3,5115048,2,6 세트 라즈베리,0.17083595803515583
bakery,qwen3,5115048,1,6 작다 육각,0.1670335479285673
bakery,qwen3,1000220024,2,6 잘리다 녹다,0.29658948130752105
bakery,qwen3,5115048,1,70 적히다 라벨,0.1670335479285673
bakery,qwen3,5122986,2,8 들다 상자,0.22910138987364248
bakery,qwen3,5043336,2,8 유리병 세트,0.219878175460249
bakery,qwen3,5122986,1,9 3 3,0.19651636405939107
bakery,qwen3,1000229955,2,9 혼합 쿠키,0.2147482918086519
bakery,qwen3,1001194675,2,가다 한국어 적히다,0.2346589500563016
bakery,qwen3,5043336,2,가득 담기다 8,0.219878175460249
bakery,qwen3,5025646,2,가득 담기다 유리병,0.26381536229926866
bakery,qwen3,1000321559,2,가득 담기다 흰색,0.22379927497846663
bakery,qwen3,1000635372,2,가득 담기다 흰색,0.188666709660408
bakery,qwen3,1001194675,2,가득 담기다 흰색,0.20161261304636335
bakery,qwen3,1000196053,2,가득 들다 폭신폭신,0.2980867751201404
bakery,qwen3,5052044,2,가득 폭신폭신 부풀다,0.24754913248875215
bakery,qwen3,1001556191,2,가득 폭신폭신 수제,0.31660558735168415
bakery,qwen3,5052041,2,가득 폭신폭신 수제,0.3103790436680933
bakery,qwen3,1001737665,2,가루 베리 얹다,0.21320071635561041
bakery,qwen3,5012764,1,가루 뿌리다 케이크,0.3097558681833487
bakery,qwen3,5052044,1,가루 살짝 뿌리다,0.2190433138079133
bakery,qwen3,1000831954,1,가루 설탕 살짝,0.20821592013603815
bakery,qwen3,5012764,2,가루 설탕 살짝,0.19850910390027343
bakery,qwen3,1000870987,2,가루 숟가락 얹다,0.17750435126708827
bakery,qwen3,1001501168,1,가지 밀크 크림,0.2512433622633344
bakery,qwen3,1001385477,1,가지 세인트 과일,0.23233152711779337
bakery,qwen3,1000128336,1,가지다 덩이 체크,0.27905073787968643
bakery,qwen3,5007270,1,가지다 알록달록 덩어리,0.20923419373095836
bakery,qwen3,5052041,1,가지다 짙다 덩어리,0.2980867751201404
bakery,qwen3,1000196053,1,가지다 타원 덩어리,0.34139024917706645
bakery,qwen3,5057085,1,가지런히 배열 상자,0.20192303498504036
bakery,qwen3,5132010,1,가지런히 아래 미니멀,0.18052759693938636
bakery,qwen3,5131242,1,가지런히 일부 잘리다,0.2512433622633344
bakery,qwen3,1000894225,2,가지런히 정렬 황금빛,0.27513522758621706
bakery,qwen3,5115048,2,각각 녹색 뚜껑,0.17083595803515583
bakery,qwen3,5043336,2,각각 다르다 색상,0.219878175460249
bakery,qwen3,1000831954,2,각각 재료 얹다,0.20851441405707477
bakery,qwen3,5063069,1,각각 폭신폭신 포장재,0.2386659745265889
bakery,qwen3,5003416,1,각기 재료 담다,0.24367040961792302
bakery,qwen3,1001556191,1,갈라지다 겉면 폭신폭신,0.25334561146307905
bakery,qwen3,1000196053,1,갈라지다 겉면 황금빛,0.34139024917706645
bakery,qwen3,1000659491,2,갈라지다 기공 많다,0.23075381936094944
bakery,qwen3,5052044,1,갈라지다 껍질 가루,0.2190433138079133
bakery,qwen3,1000217187,2,갈라지다 폭신폭신 모습,0.4242572677647552
bakery,qwen3,1000220024,2,갈색 6 잘리다,0.29658948130752105
bakery,qwen3,1000894225,2,갈색 겉면 기공,0.252469981926456
bakery,qwen3,5128440,1,갈색 겉면 기공,0.2609226420792865
bakery,qwen3,5122986,2,갈색 글레이즈 도넛,0.22910138987364248
bakery,qwen3,5052041,1,갈색 껍질 가지다,0.2980867751201404
bakery,qwen3,1000894225,1,갈색 껍질 돋보이다,0.3131109344171084
bakery,qwen3,1000196053,2,갈색 껍질 띠다,0.25610808210006863
bakery,qwen3,1000659491,2,갈색 껍질 띠다,0.19825743054175993
bakery,qwen3,5138995,1,갈색 껍질 띠다,0.20683935574418352
bakery,qwen3,1000128336,1,갈색 껍질 잘다,0.27905073787968643
bakery,qwen3,1000128336,2,갈색 껍질 폭신폭신,0.2653717088944678
bakery,qwen3,5138995,2,갈색 껍질 희다,0.30020112538812527
bakery,qwen3,5040946,2,갈색 다양 색조,0.2604822292429278
bakery,qwen3,5122986,1,갈색 도넛 9,0.19651636405939107
bakery,qwen3,1000217187,1,갈색 둥글다 밝다,0.36074861920921
bakery,qwen3,1002202568,2,갈색 땅콩 버터,0.23288018498337373
bakery,qwen3,5025646,2,갈색 땅콩 버터,0.24208263091554183
bakery,qwen3,5063069,1,갈색 띠다 과자,0.2386659745265889
bakery,qwen3,1001556191,2,갈색 띠다 기포,0.31660558735168415
bakery,qwen3,5052041,2,갈색 띠다 기포,0.3103790436680933
bakery,qwen3,5044138,2,갈색 띠다 바삭바삭,0.23214585557598508
bakery,qwen3,1000217187,2,갈색 띠다 보이다,0.4242572677647552
bakery,qwen3,1000794499,2,갈색 띠다 연하다,0.23584662993958308
bakery,qwen3,5097791,1,갈색 바삭바삭 페이스트리,0.26726124191242434
bakery,qwen3,1000659491,1,갈색 베이글 연하다,0.2719029423009716
bakery,qwen3,5131242,2,갈색 브레드 스틱,0.25956932078398126
bakery,qwen3,1000321559,2,갈색 소스 아마도,0.2604822292429278
bakery,qwen3,1000196053,1,갈색 속살 가지다,0.34139024917706645
bakery,qwen3,1000220024,1,갈색 잘리다 녹다,0.3914475335138893
bakery,qwen3,5131242,1,갈색 직사각형 가지런히,0.2512433622633344
bakery,qwen3,1002104461,2,갈색 직사각형 쿠키,0.2147482918086519
bakery,qwen3,1000794499,1,갈색 토핑 올라가다,0.2041241452319315
bakery,qwen3,5063069,1,갈색 판지 상자,0.2386659745265889
bakery,qwen3,5003416,2,갈색 페이스트리 16,0.23199291602824187
bakery,qwen3,5097791,2,갈색 페이스트리 껍질,0.21959108277272046
bakery,qwen3,1000831954,1,갈색 페이스트리 다양,0.22690830068815948
bakery,qwen3,1000447291,1,감도 희다 덩이,0.28254802970143483
bakery,qwen3,5097791,2,감싸이다 잘리다 타르트,0.21959108277272046
bakery,qwen3,5063069,1,감자 캐릭터 그리다,0.2386659745265889
bakery,qwen3,1000217187,1,같다 들다 투명,0.36074861920921
bakery,qwen3,1000528793,1,같다 로고 새기다,0.22157694289242963
bakery,qwen3,5043336,1,같다 스프레드 들다,0.18354322691433939
bakery,qwen3,1000870987,1,같다 잘다 썰다,0.2773500981126146
bakery,qwen3,1000831954,2,같다 재료 그리고,0.20851441405707477
bakery,qwen3,1000831954,2,같다 재료 얹히다,0.20851441405707477
bakery,qwen3,1001194675,1,같다 제품 진열,0.45940351095040555
bakery,qwen3,1002202568,1,같다 제품 크다,0.31622776601683794
bakery,qwen3,5057085,2,같다 쿠키 들다,0.22449514793773553
bakery,qwen3,1002104461,2,같다 토핑 드러나다,0.2147482918086519
bakery,qwen3,1000229955,2,개별 포장 둥글다,0.2147482918086519
bakery,qwen3,1000528793,1,개별 포장 베이글,0.22157694289242963
bakery,qwen3,5057085,1,개별 포장 상자,0.20192303498504036
bakery,qwen3,1000229955,1,개별 포장 쿠키,0.2641395837655849
bakery,qwen3,1002104461,1,개별 포장 쿠키,0.18494933338744957
bakery,qwen3,5132010,2,개별 포장 쿠키,0.20399807526221575
bakery,qwen3,1002202568,1,개별 포장지 같다,0.31622776601683794
bakery,qwen3,1001501168,2,개별 포장지 담기다,0.2367433988667238
bakery,qwen3,5043336,2,건포도 크림치즈 다양,0.219878175460249
bakery,qwen3,5131242,1,검다 아마도 올리브,0.2512433622633344
bakery,qwen3,1000870987,2,검다 얹다 크림,0.17750435126708827
bakery,qwen3,1000831954,2,검다 올리브 녹다,0.20851441405707477
bakery,qwen3,1000831954,1,검다 올리브 들어가다,0.22690830068815948
bakery,qwen3,5003416,2,검다 쟁반 배경,0.23199291602824187
bakery,qwen3,5131242,2,검다 흩뿌리다 직사각형,0.25956932078398126
bakery,qwen3,5043336,1,검은색 뚜껑 달리다,0.18354322691433939
bakery,qwen3,5122986,1,검은색 물방울 무늬,0.19651636405939107
bakery,qwen3,5003416,2,검은색 상자 보이다,0.23199291602824187
bakery,qwen3,5003416,1,검은색 상자 줄무늬,0.24367040961792302
bakery,qwen3,1000229955,1,검은색 쟁반 개별,0.3074347207656446
bakery,qwen3,1000894225,2,겉면 기공 많다,0.252469981926456
bakery,qwen3,5128440,1,겉면 기공 많다,0.2609226420792865
bakery,qwen3,1001556191,1,겉면 폭신폭신 속살,0.25334561146307905
bakery,qwen3,1000196053,1,겉면 황금빛 갈색,0.2933132539313904
bakery,qwen3,1000794499,2,겉면 황금빛 갈색,0.2026330354281797
bakery,qwen3,1001737663,2,겉면 황금빛 갈색,0.19454411323583892
bakery,qwen3,5057085,1,격자 모양 가지런히,0.185288904806758
bakery,qwen3,5132010,1,격자 모양 가지런히,0.16565599227830985
bakery,qwen3,5122986,1,격자 모양 배열,0.18032762768184596
bakery,qwen3,5122986,2,격자 모양 배열,0.21022834577807445
bakery,qwen3,5003416,1,견과 각기 재료,0.24367040961792302
bakery,qwen3,5003416,2,견과 과일 다양,0.23199291602824187
bakery,qwen3,1000635372,2,견과 주재료 하다,0.21959108277272046
bakery,qwen3,1002104461,2,겹쳐지다 크림 흰색,0.2147482918086519
bakery,qwen3,1000635372,2,고소하다 견과 느끼다,0.21959108277272046
bakery,qwen3,5052044,1,공기 주머니 선명,0.2190433138079133
bakery,qwen3,1000634077,2,과일 글레이즈 다양,0.2773500981126146
bakery,qwen3,5003416,2,과일 다양 재료,0.23199291602824187
bakery,qwen3,5115048,1,과일 들다 뚜껑,0.1670335479285673
bakery,qwen3,1001385477,1,과일 스프레드 밝다,0.23233152711779337
bakery,qwen3,1001385477,2,과일 스프레드 유리병,0.23233152711779337
bakery,qwen3,5115048,2,과일 일러스트 그리다,0.17083595803515583
bakery,qwen3,1001737665,2,과일 층층이 쌓이다,0.21320071635561041
bakery,qwen3,5115048,1,과일 함량 70,0.1670335479285673
bakery,qwen3,5063069,1,과자 각각 폭신폭신,0.2386659745265889
bakery,qwen3,5052041,1,구겨지다 밝다 리넨,0.2980867751201404
bakery,qwen3,5007270,2,그리고 나무 레드,0.21320071635561041
bakery,qwen3,1000831954,2,그리고 조각 허브,0.20851441405707477
bakery,qwen3,5115048,2,그리고 짙다 빨간색,0.17083595803515583
bakery,qwen3,5012764,2,그리고 희다 꽂히다,0.2163300645200962
bakery,qwen3,1000400055,2,그리고 흰색 크림,0.23570226039551587
bakery,qwen3,1000528793,1,그리다 같다 로고,0.22157694289242963
bakery,qwen3,5071363,1,그리다 라벨 붙다,0.287175631054276
bakery,qwen3,5115048,2,그리다 라벨 붙다,0.15676273669466392
bakery,qwen3,5063069,1,그리다 상자 적히다,0.2386659745265889
bakery,qwen3,1000634077,1,그리다 일본화 스타일,0.26726124191242434
bakery,qwen3,5074339,1,그리다 작다 흰색,0.30151134457776363
bakery,qwen3,5132010,1,그리다 쿠키 더미,0.18052759693938636
bakery,qwen3,1000229955,1,그리다 쿠키 상자,0.3074347207656446
bakery,qwen3,5132010,2,그리다 흰색 상자,0.23743541354493353
bakery,qwen3,1002202568,2,그린 스무스 땅콩,0.2537867757854293
bakery,qwen3,5074339,1,그림 그리다 작다,0.30151134457776363
bakery,qwen3,1000229955,1,그림 그리다 쿠키,0.3074347207656446
bakery,qwen3,5052044,2,근접 촬영 짙다,0.24754913248875215
bakery,qwen3,1000634077,2,글레이즈 다양 토핑,0.2773500981126146
bakery,qwen3,5122986,2,글레이즈 도넛 8,0.22910138987364248
bakery,qwen3,5044137,1,글레이즈 바르다 윗면,0.21553482515310013
bakery,qwen3,5071363,1,글자 딸기 일러스트,0.3129565424152081
bakery,qwen3,1000128336,1,금빛 갈색 껍질,0.27905073787968643
bakery,qwen3,5071363,2,금색 뚜껑 달리다,0.3424720337434175
bakery,qwen3,1000894225,2,기공 많다 가지다,0.252469981926456
bakery,qwen3,5128440,1,기공 많다 가지다,0.2609226420792865
bakery,qwen3,1000659491,2,기공 많다 드러나다,0.2117446504928693
bakery,qwen3,5131242,2,기공 많다 드러나다,0.23818637221385425
bakery,qwen3,5131242,1,기공 많다 속살,0.2512433622633344
bakery,qwen3,5138995,1,기공 많다 식감,0.24074240850243997
bakery,qwen3,1000220024,2,기공 많다 질감,0.2721568649795026
bakery,qwen3,5138995,2,기공 많다 질감,0.2754709869978079
bakery,qwen3,1001556191,2,기포 가득 폭신폭신,0.2964391784982707
bakery,qwen3,5052041,2,기포 가득 폭신폭신,0.2906092387619357
bakery,qwen3,5052044,2,기포 가득 폭신폭신,0.21268750860107008
bakery,qwen3,5128440,2,깔다 나무 도마,0.318755493123646
bakery,qwen3,5003416,2,깔리다 검다 쟁반,0.23199291602824187
bakery,qwen3,5003416,1,깔리다 배경 전경,0.24367040961792302
bakery,qwen3,1000635372,2,깨지다 피스타치오 흩어지다,0.21959108277272046
bakery,qwen3,5052044,1,껍질 가루 살짝,0.2190433138079133
bakery,qwen3,5052041,1,껍질 가지다 짙다,0.2980867751201404
bakery,qwen3,1000447291,1,껍질 감도 희다,0.28254802970143483
bakery,qwen3,5097791,2,껍질 감싸이다 잘리다,0.21959108277272046
bakery,qwen3,1000635372,2,껍질 깨지다 피스타치오,0.21959108277272046
bakery,qwen3,5128440,2,껍질 돋보이다 얇다,0.318755493123646
bakery,qwen3,1000894225,1,껍질 돋보이다 희다,0.3131109344171084
bakery,qwen3,5052044,2,껍질 띠다 기포,0.24754913248875215
bakery,qwen3,1000659491,2,껍질 띠다 베이글,0.23075381936094944
bakery,qwen3,1000196053,2,껍질 띠다 수제,0.2980867751201404
bakery,qwen3,5138995,1,껍질 띠다 희다,0.24074240850243997
bakery,qwen3,5138995,1,껍질 작다 로고,0.24074240850243997
bakery,qwen3,1000128336,1,껍질 잘다 썰다,0.27905073787968643
bakery,qwen3,1000128336,2,껍질 폭신폭신 속살,0.2653717088944678
bakery,qwen3,5138995,2,껍질 희다 덩어리,0.30020112538812527
bakery,qwen3,1001194675,2,꽂히다 가다 한국어,0.2346589500563016
bakery,qwen3,5115048,2,꽂히다 뚜껑 숟가락,0.17083595803515583
bakery,qwen3,5040946,1,꽂히다 마카롱 담기다,0.2697959518718045
bakery,qwen3,5012764,1,꽂히다 작다 꽃병,0.28423862377767495
bakery,qwen3,5012764,2,꽂히다 작다 꽃병,0.19850910390027343
bakery,qwen3,5012764,2,꽃병 평온 분위기,0.2163300645200962
bakery,qwen3,1000831954,2,나다 크림 같다,0.20851441405707477
bakery,qwen3,5115048,1,나머지 흰색 표면,0.1670335479285673
bakery,qwen3,5128440,2,나무 도마 가지런히,0.318755493123646
bakery,qwen3,5138995,2,나무 도마 기공,0.30020112538812527
bakery,qwen3,1000894225,1,나무 도마 배경,0.3131109344171084
bakery,qwen3,1000659491,2,나무 도마 베이글,0.23075381936094944
bakery,qwen3,5128440,1,나무 도마 슬라이스,0.2843467170358239
bakery,qwen3,1000894225,2,나무 도마 얇다,0.27513522758621706
bakery,qwen3,5052044,2,나무 도마 올려놓다,0.24754913248875215
bakery,qwen3,1000196053,1,나무 도마 유사,0.34139024917706645
bakery,qwen3,1000447291,1,나무 도마 조각,0.25927212802920085
bakery,qwen3,5052044,1,나무 도마 조각,0.20099883960102988
bakery,qwen3,5007270,1,나무 도마 함께,0.20923419373095836
bakery,qwen3,1000447291,2,나무 도마 희다,0.36074861920921
bakery,qwen3,5071363,1,나무 뚜껑 달리다,0.3129565424152081
bakery,qwen3,5007270,2,나무 레드 와인,0.21320071635561041
bakery,qwen3,1000635372,1,나무 손잡이 달리다,0.29255204912250765
bakery,qwen3,1000637683,2,나무 숟가락 꽂히다,0.24223488001112561
bakery,qwen3,1001194675,2,나무 숟가락 꽂히다,0.20161261304636335
bakery,qwen3,5115048,2,나무 숟가락 꽂히다,0.14677762724789667
bakery,qwen3,5025646,2,나무 숟가락 땅콩,0.26381536229926866
bakery,qwen3,1001385477,2,나무 숟가락 스프레드,0.23233152711779337
bakery,qwen3,5115048,1,나무 숟가락 작다,0.1670335479285673
bakery,qwen3,1000528793,1,나무 쟁반 개별,0.22157694289242963
bakery,qwen3,1000635372,1,나무 쟁반 피스타치오,0.29255204912250765
bakery,qwen3,5044137,1,나무 케이크 초콜릿,0.21553482515310013
bakery,qwen3,5007270,2,나무 코스터 작다,0.21320071635561041
bakery,qwen3,1000794499,1,나무 포크 배경,0.2041241452319315
bakery,qwen3,1000794499,2,나무 포크 함께,0.2164179226362541
bakery,qwen3,5044137,2,나무 포크 함께,0.2637290269470386
bakery,qwen3,5044137,2,나무 희다 나무,0.28740504235985553
bakery,qwen3,5044138,1,나폴레옹 담기다 흰색,0.2773500981126146
bakery,qwen3,5044138,1,나폴레옹 케이크 담기다,0.2773500981126146
bakery,qwen3,1001501168,2,내려다보다 모습 플레인,0.2367433988667238
bakery,qwen3,1000220024,1,내리다 치즈 채우다,0.3592006468180748
bakery,qwen3,1000220024,2,내리다 치즈 채우다,0.2721568649795026
bakery,qwen3,1001737663,1,넘치다 주황색 젤리,0.19586772186883475
bakery,qwen3,1001737663,2,넘치다 주황색 젤리,0.2077787205755755
bakery,qwen3,1002202568,2,넛츠 그린 스무스,0.2537867757854293
bakery,qwen3,5003416,2,넣다 작다 황금빛,0.23199291602824187
bakery,qwen3,5097791,2,노란색 드러나다 타르트,0.21959108277272046
bakery,qwen3,1000400055,2,노란색 마카롱 흰색,0.23570226039551587
bakery,qwen3,1000870987,2,노란색 버전 담기다,0.17750435126708827
bakery,qwen3,1000794499,1,노란색 상자 상자,0.2041241452319315
bakery,qwen3,1000528793,1,노란색 종이 봉투,0.22157694289242963
bakery,qwen3,5040946,2,노란색 초록색 갈색,0.2604822292429278
bakery,qwen3,1000794499,1,노란색 케이크 본체,0.2041241452319315
bakery,qwen3,5128440,2,노릇노릇 껍질 돋보이다,0.318755493123646
bakery,qwen3,1000352096,2,노릇노릇 보이다 브리오슈,0.37796447300922725
bakery,qwen3,5074339,2,노릇노릇 폭신폭신 케이크,0.3594848892142451
bakery,qwen3,1000220024,1,녹다 내리다 치즈,0.3592006468180748
bakery,qwen3,1000220024,2,녹다 내리다 치즈,0.2721568649795026
bakery,qwen3,1000831954,2,녹다 치즈 조각,0.20851441405707477
bakery,qwen3,5115048,2,녹색 뚜껑 과일,0.17083595803515583
bakery,qwen3,5115048,1,녹색 뚜껑 달리다,0.1670335479285673
bakery,qwen3,1000400055,2,녹색 마카롱 함께,0.23570226039551587
bakery,qwen3,1000659491,1,녹색 배경 베이글,0.2719029423009716
bakery,qwen3,5007270,1,녹색 분홍색 흰색,0.20923419373095836
bakery,qwen3,5122986,1,녹색 빨간색 로고,0.18032762768184596
bakery,qwen3,5122986,2,녹색 빨간색 로고,0.21022834577807445
bakery,qwen3,1000794499,1,녹색 상자 노란색,0.2041241452319315
bakery,qwen3,1000196053,2,녹색 올리브 가득,0.2980867751201404
bakery,qwen3,1000400055,2,녹색 초콜릿 드러나다,0.23570226039551587
bakery,qwen3,1000794499,2,녹차 케이크 클로즈업,0.23584662993958308
bakery,qwen3,5116362,1,녹차 쿠키 상자,0.33629780304614
bakery,qwen3,1001556191,1,다공 질감 드러나다,0.25334561146307905
bakery,qwen3,5043336,2,다르다 색상 띠다,0.219878175460249
bakery,qwen3,5043336,1,다르다 종류 크림,0.18354322691433939
bakery,qwen3,5115048,2,다르보 담기다 육각,0.17083595803515583
bakery,qwen3,5115048,1,다양 과일 들다,0.1670335479285673
bakery,qwen3,5115048,2,다양 들다 나무,0.17083595803515583
bakery,qwen3,1000229955,2,다양 모양 색상,0.2147482918086519
bakery,qwen3,5003416,1,다양 미니 타르트,0.24367040961792302
bakery,qwen3,5040946,1,다양 색상 마카롱,0.2697959518718045
bakery,qwen3,5040946,2,다양 색조 알록달록,0.2604822292429278
bakery,qwen3,5003416,2,다양 재료 넣다,0.23199291602824187
bakery,qwen3,5043336,2,다양 제품 포함,0.219878175460249
bakery,qwen3,1000634077,1,다양 종류 도넛,0.26726124191242434
bakery,qwen3,1002104461,1,다양 종류 버터,0.21526439110400014
bakery,qwen3,1000831954,1,다양 종류 제과,0.22690830068815948
bakery,qwen3,1000634077,2,다양 토핑 곁들이다,0.2773500981126146
bakery,qwen3,5132010,1,다크 초콜릿 쿠키,0.18052759693938636
bakery,qwen3,5007270,1,단면 가지다 알록달록,0.20923419373095836
bakery,qwen3,5052044,1,단면 공기 주머니,0.2190433138079133
bakery,qwen3,5044138,2,단면 드러나다 분홍색,0.23214585557598508
bakery,qwen3,5122986,1,닫히다 모습 보이다,0.19651636405939107
bakery,qwen3,5122986,1,닫히다 상자 흰색,0.19651636405939107
bakery,qwen3,5115048,1,달리다 1853 과일,0.1670335479285673
bakery,qwen3,5071363,1,달리다 딸기 유리병,0.287175631054276
bakery,qwen3,5071363,2,달리다 딸기 유리병,0.3142596785154409
bakery,qwen3,5043336,1,달리다 작다 유리병,0.18354322691433939
bakery,qwen3,5074339,1,달리다 흰색 상자,0.30151134457776363
bakery,qwen3,5043336,2,담기다 8 유리병,0.219878175460249
bakery,qwen3,1000637683,2,담기다 나무 숟가락,0.2819396155405876
bakery,qwen3,5040946,1,담기다 다양 색상,0.2697959518718045
bakery,qwen3,1000400055,1,담기다 마카롱 담기다,0.24442515982690913
bakery,qwen3,5040946,2,담기다 배경 마카롱,0.2604822292429278
bakery,qwen3,1000634077,1,담기다 배경 파도,0.26726124191242434
bakery,qwen3,5012764,1,담기다 배경 희다,0.3097558681833487
bakery,qwen3,1000870987,2,담기다 빨간색 배경,0.17750435126708827
bakery,qwen3,1001737663,1,담기다 상자 브랜드,0.21345155500060123
bakery,qwen3,1002104461,1,담기다 상자 커피,0.21526439110400014
bakery,qwen3,1001385477,2,담기다 세인트 과일,0.23233152711779337
bakery,qwen3,5025646,2,담기다 유리병 앞쪽,0.26381536229926866
bakery,qwen3,5115048,2,담기다 육각 유리,0.17083595803515583
bakery,qwen3,1001501168,2,담기다 일부 개별,0.2367433988667238
bakery,qwen3,1000635372,1,담기다 작다 나무,0.2684520306704892
bakery,qwen3,1001385477,1,담기다 작다 나무,0.2131923889462478
bakery,qwen3,5025646,1,담기다 작다 뚜껑,0.22539417072819198
bakery,qwen3,5007270,1,담기다 작다 함께,0.20923419373095836
bakery,qwen3,1001737665,1,담기다 조각 대리석,0.31622776601683794
bakery,qwen3,5044138,1,담기다 직사각형 상자,0.2773500981126146
bakery,qwen3,1000794499,2,담기다 직사각형 자르다,0.23584662993958308
bakery,qwen3,5012764,2,담기다 찻잔 찻받침,0.2163300645200962
bakery,qwen3,1000794499,1,담기다 케이크 나무,0.2041241452319315
bakery,qwen3,1001737663,2,담기다 케이크 크리미,0.22643185196482757
bakery,qwen3,1001737663,1,담기다 케이크 흰색,0.21345155500060123
bakery,qwen3,1000635372,1,담기다 크다 작다,0.29255204912250765
bakery,qwen3,5040946,1,담기다 포크 꽂히다,0.2697959518718045
bakery,qwen3,1000870987,1,담기다 하트 모양,0.2773500981126146
bakery,qwen3,1000794499,2,담기다 희다 나무,0.23584662993958308
bakery,qwen3,5012764,2,담기다 희다 조각,0.2163300645200962
bakery,qwen3,1001194675,2,담기다 흰색 나무,0.2346589500563016
bakery,qwen3,1000321559,2,담기다 흰색 띄다,0.2604822292429278
bakery,qwen3,1000637683,2,담기다 흰색 베이지,0.2819396155405876
bakery,qwen3,1000635372,2,담기다 흰색 주변,0.21959108277272046
bakery,qwen3,5044138,1,담기다 흰색 케이크,0.2773500981126146
bakery,qwen3,1000352096,1,담기다 흰색 하늘색,0.408248290463863
bakery,qwen3,1000400055,1,담기다 흰색 함께,0.24442515982690913
bakery,qwen3,5003416,1,담다 다양 미니,0.24367040961792302
bakery,qwen3,1000321559,1,담다 라벨 한국어,0.3221322757229438
bakery,qwen3,1001501168,1,담다 플랫 레이,0.2512433622633344
bakery,qwen3,1001737663,1,대리석 무늬 들어가다,0.21345155500060123
bakery,qwen3,1001737665,1,대리석 상자 배경,0.31622776601683794
bakery,qwen3,1001737665,2,대리석 윗면 초콜릿,0.21320071635561041
bakery,qwen3,1001737663,1,대리석 작다 케이크,0.21345155500060123
bakery,qwen3,1001737663,2,대리석 전경 조각,0.22643185196482757
bakery,qwen3,1001737665,1,대리석 케이크 담기다,0.31622776601683794
bakery,qwen3,5132010,2,더미 들다 만화,0.23743541354493353
bakery,qwen3,5132010,1,더미 일러스트 함께,0.18052759693938636
bakery,qwen3,1000196053,1,덩어리 나무 도마,0.31326700981099664
bakery,qwen3,5007270,1,덩어리 나무 도마,0.19199778077526677
bakery,qwen3,5128440,2,덩어리 밝다 깔다,0.318755493123646
bakery,qwen3,1000128336,2,덩어리 썰다 서다,0.2653717088944678
bakery,qwen3,1001556191,2,덩어리 썰다 희다,0.3450285442506521
bakery,qwen3,1000637683,2,덩어리 씹히다 종류,0.2819396155405876
bakery,qwen3,1000894225,1,덩어리 얇다 썰다,0.28731730446437087
bakery,qwen3,1001556191,1,덩어리 얇다 썰다,0.23247536314551778
bakery,qwen3,5115048,1,덩어리 올리다 반면,0.1670335479285673
bakery,qwen3,5052041,1,덩어리 조각 잘리다,0.25610808210006863
bakery,qwen3,5052041,2,덩어리 조각 잘리다,0.2906092387619357
bakery,qwen3,5138995,2,덩어리 조각 잘리다,0.2579246745731937
bakery,qwen3,5052044,1,덩이 밝다 표면,0.2190433138079133
bakery,qwen3,5128440,1,덩이 배경 포장,0.2843467170358239
bakery,qwen3,5128440,1,덩이 보이다 황금빛,0.2843467170358239
bakery,qwen3,1000447291,1,덩이 비닐 싸이다,0.28254802970143483
bakery,qwen3,1000894225,2,덩이 조각 일렬,0.27513522758621706
bakery,qwen3,1000128336,1,덩이 체크 무늬,0.27905073787968643
bakery,qwen3,5138995,1,덩이 희다 식탁보,0.24074240850243997
bakery,qwen3,1000634077,1,도넛 5 작다,0.26726124191242434
bakery,qwen3,5122986,2,도넛 8 들다,0.22910138987364248
bakery,qwen3,5122986,1,도넛 9 3,0.19651636405939107
bakery,qwen3,5138995,2,도마 기공 많다,0.30020112538812527
bakery,qwen3,1000894225,1,도마 배경 포장지,0.3131109344171084
bakery,qwen3,1000659491,2,도마 베이글 통째,0.23075381936094944
bakery,qwen3,5128440,1,도마 슬라이스 되다,0.2843467170358239
bakery,qwen3,1000894225,2,도마 얇다 썰다,0.27513522758621706
bakery,qwen3,5052044,2,도마 올려놓다 근접,0.24754913248875215
bakery,qwen3,5052044,1,도마 조각 단면,0.2190433138079133
bakery,qwen3,1000447291,1,도마 조각 쌓이다,0.28254802970143483
bakery,qwen3,5007270,1,도마 함께 썰다,0.20923419373095836
bakery,qwen3,1000447291,2,도마 희다 조각,0.36074861920921
bakery,qwen3,5128440,2,돋보이다 얇다 썰다,0.318755493123646
bakery,qwen3,1000894225,1,돋보이다 희다 덩어리,0.3131109344171084
bakery,qwen3,5071363,1,되다 글자 딸기,0.3129565424152081
bakery,qwen3,5128440,1,되다 덩이 배경,0.2843467170358239
bakery,qwen3,5043336,1,되다 브랜드 적히다,0.18354322691433939
bakery,qwen3,5116362,2,되다 초록색 말차,0.30151134457776363
bakery,qwen3,1000635372,2,되다 피스타치오 껍질,0.21959108277272046
bakery,qwen3,5044137,1,두르다 흰색 상자,0.21553482515310013
bakery,qwen3,1000831954,1,둥글다 검다 올리브,0.22690830068815948
bakery,qwen3,5132010,1,둥글다 다크 초콜릿,0.18052759693938636
bakery,qwen3,1000229955,2,둥글다 모양 사각,0.2147482918086519
bakery,qwen3,1000217187,1,둥글다 밝다 같다,0.36074861920921
bakery,qwen3,1001737665,2,둥글다 초콜릿 케이크,0.21320071635561041
bakery,qwen3,5063069,1,둥글다 황금빛 갈색,0.2386659745265889
bakery,qwen3,5063069,2,둥글다 황금빛 페이스트리,0.4472135954999579
bakery,qwen3,1001737663,1,둥글다 흰색 무스,0.21345155500060123
bakery,qwen3,1001737663,2,둥글다 흰색 케이크,0.22643185196482757
bakery,qwen3,1000400055,2,드러나다 노란색 마카롱,0.23570226039551587
bakery,qwen3,5007270,1,드러나다 단면 가지다,0.20923419373095836
bakery,qwen3,1000659491,2,드러나다 베이글 짙다,0.23075381936094944
bakery,qwen3,5044138,2,드러나다 분홍색 배경,0.23214585557598508
bakery,qwen3,1001556191,1,드러나다 중성 배경,0.25334561146307905
bakery,qwen3,1002104461,2,드러나다 쿠키 잘리다,0.2147482918086519
bakery,qwen3,5097791,2,드러나다 타르트 바삭바삭,0.21959108277272046
bakery,qwen3,5003416,1,들다 검은색 상자,0.24367040961792302
bakery,qwen3,5115048,2,들다 나무 숟가락,0.17083595803515583
bakery,qwen3,5115048,1,들다 뚜껑 열리다,0.1670335479285673
bakery,qwen3,5043336,1,들다 라벨 알록달록,0.18354322691433939
bakery,qwen3,5132010,2,들다 만화 토끼,0.23743541354493353
bakery,qwen3,1000870987,1,들다 빨간색 배경,0.2773500981126146
bakery,qwen3,5003416,2,들다 상자 줄무늬,0.23199291602824187
bakery,qwen3,5097791,1,들다 상자 캐러멜,0.26726124191242434
bakery,qwen3,5122986,2,들다 상자 흰색,0.22910138987364248
bakery,qwen3,1000659491,2,들다 아마 블루베리,0.23075381936094944
bakery,qwen3,5057085,2,들다 오른쪽 투명,0.22449514793773553
bakery,qwen3,1000217187,1,들다 투명 비닐,0.36074861920921
bakery,qwen3,5132010,2,들다 투명 플라스틱,0.23743541354493353
bakery,qwen3,5044137,1,들다 파란색 테두리,0.21553482515310013
bakery,qwen3,1000196053,2,들다 폭신폭신 드러나다,0.2980867751201404
bakery,qwen3,1000400055,2,들어가다 녹색 마카롱,0.23570226039551587
bakery,qwen3,1002104461,1,들어가다 다양 종류,0.21526439110400014
bakery,qwen3,5063069,2,들어가다 둥글다 황금빛,0.4472135954999579
bakery,qwen3,5057085,1,들어가다 로고 뚜껑,0.20192303498504036
bakery,qwen3,5012764,2,들어가다 바닐라 케이크,0.2163300645200962
bakery,qwen3,5040946,2,들어가다 분홍색 노란색,0.2604822292429278
bakery,qwen3,1001737663,1,들어가다 상자 담기다,0.21345155500060123
bakery,qwen3,1000831954,1,들어가다 직사각형 치즈,0.22690830068815948
bakery,qwen3,1000831954,2,들어가다 크림 같다,0.20851441405707477
bakery,qwen3,1000128336,1,들어가다 폭신폭신 속살,0.27905073787968643
bakery,qwen3,5097791,1,들어가다 황금빛 갈색,0.26726124191242434
bakery,qwen3,1000128336,1,듬뿍 들어가다 폭신폭신,0.27905073787968643
bakery,qwen3,1000128336,2,듬뿍 박히다 정성,0.2653717088944678
bakery,qwen3,5132010,1,디자인 흰색 상자,0.18052759693938636
bakery,qwen3,1000870987,2,디저트 진열대 하트,0.17750435126708827
bakery,qwen3,1000870987,1,디저트 크림 같다,0.2773500981126146
bakery,qwen3,5115048,1,딸기 사워 체리,0.15327356368214393
bakery,qwen3,5115048,2,딸기 사워 체리,0.15676273669466392
bakery,qwen3,5071363,2,딸기 유리병 라벨,0.3424720337434175
bakery,qwen3,5071363,1,딸기 유리병 한국어,0.3129565424152081
bakery,qwen3,5071363,1,딸기 일러스트 그리다,0.287175631054276
bakery,qwen3,5071363,2,딸기 일러스트 그리다,0.3142596785154409
bakery,qwen3,5043336,1,딸기 크림 치즈,0.18354322691433939
bakery,qwen3,1000637683,1,땅콩 그림 그리다,0.22360679774997896
bakery,qwen3,1001194675,2,땅콩 문구 표시,0.2346589500563016
bakery,qwen3,5025646,1,땅콩 버터 3,0.22539417072819198
bakery,qwen3,1001194675,2,땅콩 버터 가득,0.21532808211929402
bakery,qwen3,5025646,2,땅콩 버터 가득,0.24208263091554183
bakery,qwen3,1001194675,1,땅콩 버터 같다,0.45940351095040555
bakery,qwen3,5025646,1,땅콩 버터 나무,0.22539417072819198
bakery,qwen3,1000637683,2,땅콩 버터 담기다,0.25871383415480137
bakery,qwen3,5025646,1,땅콩 버터 담기다,0.2068265220317641
bakery,qwen3,1000321559,1,땅콩 버터 담다,0.2955954806049486
bakery,qwen3,1001493094,1,땅콩 버터 담다,0.35202789687981584
bakery,qwen3,1002202568,2,땅콩 버터 바르다,0.2537867757854293
bakery,qwen3,5025646,2,땅콩 버터 숟가락,0.26381536229926866
bakery,qwen3,1002202568,1,땅콩 버터 제품,0.31622776601683794
bakery,qwen3,1001194675,2,땅콩 버터 진열,0.2346589500563016
bakery,qwen3,1000321559,1,땅콩 버터 타입,0.27676732483245087
bakery,qwen3,1001493094,1,땅콩 버터 타입,0.3296052398582897
bakery,qwen3,1001493094,2,땅콩 버터 타입,0.32343271952144953
bakery,qwen3,1002202568,2,땅콩 버터 포장지,0.2537867757854293
bakery,qwen3,1000321559,2,땅콩 소스 가득,0.2604822292429278
bakery,qwen3,1001194675,2,땅콩 일러스트 100,0.2346589500563016
bakery,qwen3,1002202568,2,땅콩 적히다 흰색,0.2537867757854293
bakery,qwen3,1000321559,2,땅콩 조각 흩어지다,0.2604822292429278
bakery,qwen3,5115048,2,뚜껑 과일 일러스트,0.17083595803515583
bakery,qwen3,5115048,1,뚜껑 달리다 1853,0.1670335479285673
bakery,qwen3,5071363,1,뚜껑 달리다 딸기,0.287175631054276
bakery,qwen3,5071363,2,뚜껑 달리다 딸기,0.3142596785154409
bakery,qwen3,5043336,1,뚜껑 달리다 작다,0.18354322691433939
bakery,qwen3,5025646,1,뚜껑 땅콩 버터,0.22539417072819198
bakery,qwen3,5115048,2,뚜껑 숟가락 숟가락,0.17083595803515583
bakery,qwen3,1000234669,2,뚜껑 열다 밀봉,0.24253562503633297
bakery,qwen3,5115048,1,뚜껑 열리다 나무,0.1670335479285673
bakery,qwen3,5025646,1,뚜껑 열리다 뚜껑,0.22539417072819198
bakery,qwen3,1000234669,1,뚜껑 열리다 상태,0.3535533905932738
bakery,qwen3,1000870987,2,뚜껑 열리다 코코아,0.17750435126708827
bakery,qwen3,5122986,2,뚜껑 열리다 크리스피 크림 도넛,0.22910138987364248
bakery,qwen3,5057085,1,뚜껑 열리다 페이스트리,0.20192303498504036
bakery,qwen3,1000229955,2,뚜껑 쿠키 투명,0.2147482918086519
bakery,qwen3,1000229955,1,뚜껑 파스텔 그림,0.3074347207656446
bakery,qwen3,5025646,2,뜨다 올리다 모습,0.26381536229926866
bakery,qwen3,1000321559,2,띄다 땅콩 조각,0.2604822292429278
bakery,qwen3,1000635372,2,띠다 가득 담기다,0.21959108277272046
bakery,qwen3,5063069,1,띠다 과자 각각,0.2386659745265889
bakery,qwen3,1001556191,2,띠다 기포 가득,0.2964391784982707
bakery,qwen3,5052041,2,띠다 기포 가득,0.2906092387619357
bakery,qwen3,5052044,2,띠다 기포 가득,0.21268750860107008
bakery,qwen3,5044138,2,띠다 바삭바삭 안쪽,0.23214585557598508
bakery,qwen3,1000659491,2,띠다 베이글 연하다,0.23075381936094944
bakery,qwen3,1000217187,2,띠다 보이다 갈라지다,0.4242572677647552
bakery,qwen3,1000196053,2,띠다 수제 조각,0.2980867751201404
bakery,qwen3,1000794499,2,띠다 연하다 녹색,0.23584662993958308
bakery,qwen3,5138995,1,띠다 희다 덩이,0.24074240850243997
bakery,qwen3,5043336,2,띠다 흰색 진열,0.219878175460249
bakery,qwen3,5115048,2,라벨 붙다 다르보,0.17083595803515583
bakery,qwen3,5115048,1,라벨 붙다 라즈베리,0.1670335479285673
bakery,qwen3,5043336,1,라벨 알록달록 하다,0.18354322691433939
bakery,qwen3,5071363,2,라벨 한국어 문구,0.3424720337434175
bakery,qwen3,1000321559,1,라벨 한국어 영어,0.3221322757229438
bakery,qwen3,1001385477,2,라즈베리 담기다 세인트,0.23233152711779337
bakery,qwen3,5115048,2,라즈베리 로즈 살구,0.17083595803515583
bakery,qwen3,1001385477,1,라즈베리 망고 패션프루트,0.23233152711779337
bakery,qwen3,5115048,1,라즈베리 살구 블루베리,0.1670335479285673
bakery,qwen3,1001501168,1,랑그 쿠키 가지,0.2512433622633344
bakery,qwen3,1001501168,2,랑그 쿠키 내려다보다,0.2367433988667238
bakery,qwen3,5007270,2,레드 와인 말차,0.21320071635561041
bakery,qwen3,5122986,1,로고 검은색 물방울,0.19651636405939107
bakery,qwen3,5057085,1,로고 뚜껑 열리다,0.20192303498504036
bakery,qwen3,5122986,2,로고 무늬 그리다,0.22910138987364248
bakery,qwen3,1000528793,1,로고 새기다 노란색,0.22157694289242963
bakery,qwen3,1001385477,1,로얄 6 가지,0.23233152711779337
bakery,qwen3,1001385477,2,로얄 망고 패션프루트,0.23233152711779337
bakery,qwen3,5115048,2,로즈 살구 야생,0.17083595803515583
bakery,qwen3,5132010,2,리얼 브라우니 쿠키,0.23743541354493353
bakery,qwen3,5132010,1,리얼 브라우니쿠키 문구,0.18052759693938636
bakery,qwen3,1000400055,2,마카롱 그리고 흰색,0.23570226039551587
bakery,qwen3,5040946,1,마카롱 담기다 다양,0.2697959518718045
bakery,qwen3,1000400055,1,마카롱 담기다 마카롱,0.24442515982690913
bakery,qwen3,5040946,2,마카롱 담기다 배경,0.2604822292429278
bakery,qwen3,5040946,2,마카롱 담기다 보이다,0.2604822292429278
bakery,qwen3,5040946,1,마카롱 담기다 포크,0.2697959518718045
bakery,qwen3,1000400055,1,마카롱 담기다 흰색,0.24442515982690913
bakery,qwen3,5040946,1,마카롱 상자 알록달록,0.2697959518718045
bakery,qwen3,1000400055,2,마카롱 자르다 녹색,0.23570226039551587
bakery,qwen3,1000400055,1,마카롱 제품 알록달록,0.24442515982690913
bakery,qwen3,1000400055,2,마카롱 흰색 아이싱,0.23570226039551587
bakery,qwen3,1000128336,2,만들다 수제 덩어리,0.2653717088944678
bakery,qwen3,5063069,1,만화 감자 캐릭터,0.2386659745265889
bakery,qwen3,1000528793,1,만화 캐릭터 얼굴,0.20332375195335936
bakery,qwen3,1000528793,2,만화 캐릭터 얼굴,0.3142596785154409
bakery,qwen3,5132010,2,만화 토끼 그리다,0.23743541354493353
bakery,qwen3,1000659491,2,많다 드러나다 베이글,0.23075381936094944
bakery,qwen3,5131242,1,많다 속살 드러나다,0.2512433622633344
bakery,qwen3,5138995,1,많다 식감 지니다,0.24074240850243997
bakery,qwen3,1000220024,2,많다 질감 띄다,0.29658948130752105
bakery,qwen3,5138995,2,많다 질감 띠다,0.30020112538812527
bakery,qwen3,5007270,2,말차 분홍색 조각,0.21320071635561041
bakery,qwen3,5116362,2,말차 쿠키 상자,0.30151134457776363
bakery,qwen3,1001385477,2,망고 패션프루트 라즈베리,0.23233152711779337
bakery,qwen3,1001385477,1,망고 패션프루트 로얄,0.23233152711779337
bakery,qwen3,1000794499,1,모두 한국어 문구,0.2041241452319315
bakery,qwen3,5122986,1,모습 닫히다 모습,0.19651636405939107
bakery,qwen3,5122986,1,모습 보이다 상자,0.19651636405939107
bakery,qwen3,1001501168,2,모습 플레인 초콜릿,0.2367433988667238
bakery,qwen3,5057085,1,모양 가지런히 배열,0.20192303498504036
bakery,qwen3,5132010,1,모양 가지런히 아래,0.18052759693938636
bakery,qwen3,5052044,1,모양 덩이 밝다,0.2190433138079133
bakery,qwen3,1000870987,1,모양 디저트 크림,0.2773500981126146
bakery,qwen3,5122986,1,모양 배열 닫히다,0.19651636405939107
bakery,qwen3,5122986,2,모양 배열 황금빛,0.22910138987364248
bakery,qwen3,1000234669,2,모양 보이다 필라델피아,0.24253562503633297
bakery,qwen3,1000229955,2,모양 사각 체크,0.2147482918086519
bakery,qwen3,1000229955,2,모양 색상 띠다,0.2147482918086519
bakery,qwen3,5057085,2,모양 초콜릿 조각,0.22449514793773553
bakery,qwen3,1000870987,2,모양 하트 티라미수,0.17750435126708827
bakery,qwen3,1000634077,2,모음 초콜릿 코코넛,0.2773500981126146
bakery,qwen3,5043336,1,모이다 서로 다르다,0.18354322691433939
bakery,qwen3,1000229955,2,무늬 다양 모양,0.2147482918086519
bakery,qwen3,5040946,2,무늬 들어가다 분홍색,0.2604822292429278
bakery,qwen3,1001737663,1,무늬 들어가다 상자,0.21345155500060123
bakery,qwen3,5044137,1,무늬 새기다 직사각형,0.21553482515310013
bakery,qwen3,1001737663,1,무스 케이크 대리석,0.21345155500060123
bakery,qwen3,5057085,1,문구 들어가다 로고,0.20192303498504036
bakery,qwen3,5071363,2,문구 딸기 일러스트,0.3424720337434175
bakery,qwen3,1000794499,1,문구 로고 적히다,0.2041241452319315
bakery,qwen3,5132010,1,문구 적히다 초콜릿,0.18052759693938636
bakery,qwen3,1002104461,1,문구 적히다 쿠키,0.21526439110400014
bakery,qwen3,1000400055,1,문구 적히다 파란색,0.24442515982690913
bakery,qwen3,5044137,1,물결 무늬 새기다,0.21553482515310013
bakery,qwen3,5122986,1,물방울 무늬 그리다,0.19651636405939107
bakery,qwen3,5003416,1,미니 타르트 들다,0.24367040961792302
bakery,qwen3,5132010,1,미니멀 디자인 흰색,0.18052759693938636
bakery,qwen3,5138995,1,미니멀 흰색 상자,0.24074240850243997
bakery,qwen3,1001501168,1,밀크 초콜릿 포장지,0.2512433622633344
bakery,qwen3,1001501168,2,밀크 크림 밝다,0.2367433988667238
bakery,qwen3,1001501168,1,밀크 크림 트다,0.2512433622633344
bakery,qwen3,5044138,2,바깥쪽 황금빛 갈색,0.23214585557598508
bakery,qwen3,5003416,1,바나나 견과 각기,0.24367040961792302
bakery,qwen3,5012764,2,바닐라 케이크 가루,0.2163300645200962
bakery,qwen3,5044137,1,바르다 윗면 물결,0.21553482515310013
bakery,qwen3,5044138,2,바삭 식감 지니다,0.23214585557598508
bakery,qwen3,1001493094,1,바삭 타입 땅콩,0.3836308569663512
bakery,qwen3,1000321559,1,바삭 타입 회색,0.2955954806049486
bakery,qwen3,1001493094,2,바삭 타입 회색,0.3454354672401658
bakery,qwen3,1002104461,2,바삭바삭 식감 황금빛,0.2147482918086519
bakery,qwen3,5044138,2,바삭바삭 안쪽 층층이,0.23214585557598508
bakery,qwen3,5097791,1,바삭바삭 페이스트리 4,0.26726124191242434
bakery,qwen3,5097791,2,바삭바삭 황금빛 갈색,0.21959108277272046
bakery,qwen3,1000128336,2,박히다 정성 만들다,0.2653717088944678
bakery,qwen3,5115048,1,반면 나머지 흰색,0.1670335479285673
bakery,qwen3,1000870987,2,받침대 진열 적히다,0.17750435126708827
bakery,qwen3,1001385477,1,받침대 진열 전경,0.23233152711779337
bakery,qwen3,1000217187,1,밝다 같다 들다,0.36074861920921
bakery,qwen3,5128440,2,밝다 깔다 나무,0.318755493123646
bakery,qwen3,1001385477,2,밝다 배경 진열,0.23233152711779337
bakery,qwen3,1001385477,1,밝다 색상 받침대,0.23233152711779337
bakery,qwen3,1001501168,2,밝다 색상 배경,0.2367433988667238
bakery,qwen3,1000528793,1,밝다 색상 베이글,0.22157694289242963
bakery,qwen3,1000234669,2,밝다 색상 표면,0.24253562503633297
bakery,qwen3,5052044,1,밝다 표면 배경,0.2190433138079133
bakery,qwen3,1001194675,1,밝다 회색 땅콩,0.45940351095040555
bakery,qwen3,1000400055,1,밝다 회색 마카롱,0.24442515982690913
bakery,qwen3,5074339,2,밝다 회색 배경,0.3594848892142451
bakery,qwen3,5122986,1,밝다 회색 열리다,0.19651636405939107
bakery,qwen3,5131242,2,밝다 회색 올리브,0.25956932078398126
bakery,qwen3,1000234669,1,밝다 회색 필라델피아,0.3535533905932738
bakery,qwen3,5116362,1,밝다 회색 희다,0.33629780304614
bakery,qwen3,5052044,1,배경 나무 도마,0.2190433138079133
bakery,qwen3,1000794499,1,배경 녹색 상자,0.2041241452319315
bakery,qwen3,5040946,2,배경 마카롱 담기다,0.2604822292429278
bakery,qwen3,1000528793,1,배경 밝다 색상,0.22157694289242963
bakery,qwen3,5044138,2,배경 배경 희다,0.23214585557598508
bakery,qwen3,1000870987,2,배경 배경 흰색,0.15250693006795962
bakery,qwen3,1001556191,1,배경 배경 흰색,0.2176676863108994
bakery,qwen3,5074339,2,배경 배경 흰색,0.3088596784728522
bakery,qwen3,1000659491,1,배경 베이글 흩어지다,0.2719029423009716
bakery,qwen3,1001501168,2,배경 일부 흰색,0.2367433988667238
bakery,qwen3,5003416,2,배경 적히다 검은색,0.23199291602824187
bakery,qwen3,5003416,1,배경 전경 부서지다,0.24367040961792302
bakery,qwen3,5057085,2,배경 주황색 상자,0.22449514793773553
bakery,qwen3,1001385477,2,배경 진열 나무,0.23233152711779337
bakery,qwen3,1001737665,1,배경 초콜릿 케이크,0.31622776601683794
bakery,qwen3,1000634077,1,배경 파도 항해,0.26726124191242434
bakery,qwen3,5040946,1,배경 파스키 마카롱,0.2697959518718045
bakery,qwen3,5128440,1,배경 포장 덩이,0.2843467170358239
bakery,qwen3,1000894225,1,배경 포장지 보이다,0.3131109344171084
bakery,qwen3,5012764,1,배경 희다 꽂히다,0.3097558681833487
bakery,qwen3,5044138,2,배경 희다 담기다,0.23214585557598508
bakery,qwen3,5074339,2,배경 흰색 노릇노릇,0.3594848892142451
bakery,qwen3,1000870987,2,배경 흰색 받침대,0.17750435126708827
bakery,qwen3,1001556191,1,배경 흰색 타원,0.25334561146307905
bakery,qwen3,5122986,1,배열 닫히다 상자,0.19651636405939107
bakery,qwen3,5057085,1,배열 상자 페이스,0.20192303498504036
bakery,qwen3,5122986,2,배열 황금빛 갈색,0.22910138987364248
bakery,qwen3,1000870987,2,버전 담기다 빨간색,0.17750435126708827
bakery,qwen3,1000870987,2,버전 피스타치오 얹다,0.17750435126708827
bakery,qwen3,5025646,1,버터 3 회색,0.22539417072819198
bakery,qwen3,1001194675,2,버터 가득 담기다,0.21532808211929402
bakery,qwen3,5025646,2,버터 가득 담기다,0.24208263091554183
bakery,qwen3,1001194675,1,버터 같다 제품,0.45940351095040555
bakery,qwen3,5025646,1,버터 나무 숟가락,0.22539417072819198
bakery,qwen3,5025646,1,버터 담기다 작다,0.22539417072819198
bakery,qwen3,1000635372,1,버터 담기다 크다,0.29255204912250765
bakery,qwen3,1000637683,2,버터 담기다 흰색,0.2819396155405876
bakery,qwen3,1000321559,1,버터 담다 라벨,0.3221322757229438
bakery,qwen3,1001493094,1,버터 담다 진열,0.3836308569663512
bakery,qwen3,1002202568,2,버터 바르다 흰색,0.2537867757854293
bakery,qwen3,1000637683,1,버터 베이지 피넛,0.22360679774997896
bakery,qwen3,5025646,2,버터 숟가락 뜨다,0.26381536229926866
bakery,qwen3,1000637683,1,버터 숟가락 함께,0.22360679774997896
bakery,qwen3,1000637683,1,버터 오리지널 적히다,0.22360679774997896
bakery,qwen3,1002202568,1,버터 제품 3,0.31622776601683794
bakery,qwen3,1001194675,2,버터 진열 땅콩,0.2346589500563016
bakery,qwen3,1002104461,1,버터 쿠키 담기다,0.21526439110400014
bakery,qwen3,1000637683,1,버터 크런치 적히다,0.22360679774997896
bakery,qwen3,1000321559,1,버터 타입 바삭,0.27676732483245087
bakery,qwen3,1001493094,1,버터 타입 바삭,0.3296052398582897
bakery,qwen3,1001493094,2,버터 타입 바삭,0.32343271952144953
bakery,qwen3,1002202568,2,버터 포장지 크림,0.2537867757854293
bakery,qwen3,1001737665,2,베리 얹다 크다,0.21320071635561041
bakery,qwen3,1000659491,1,베이글 연하다 녹색,0.24950396766973434
bakery,qwen3,1000659491,2,베이글 연하다 녹색,0.2117446504928693
bakery,qwen3,1000528793,1,베이글 일부 잘리다,0.22157694289242963
bakery,qwen3,1000528793,2,베이글 일부 통째,0.3424720337434175
bakery,qwen3,1000659491,1,베이글 작다 그리다,0.2719029423009716
bakery,qwen3,1000659491,2,베이글 짙다 보라색,0.23075381936094944
bakery,qwen3,1000659491,2,베이글 통째 갈라지다,0.23075381936094944
bakery,qwen3,1000528793,1,베이글 포장지 만화,0.22157694289242963
bakery,qwen3,1000659491,1,베이글 흩어지다 적히다,0.2719029423009716
bakery,qwen3,1000229955,2,베이지 상자 열리다,0.2147482918086519
bakery,qwen3,1000637683,2,베이지 탁자 덩어리,0.2819396155405876
bakery,qwen3,1000637683,1,베이지 피넛 버터,0.22360679774997896
bakery,qwen3,1000659491,2,보라색 들다 아마,0.23075381936094944
bakery,qwen3,1000217187,2,보이다 갈라지다 폭신폭신,0.4242572677647552
bakery,qwen3,1000352096,2,보이다 브리오슈 조각,0.37796447300922725
bakery,qwen3,5122986,1,보이다 상자 황금빛,0.19651636405939107
bakery,qwen3,1000220024,2,보이다 유산지 기공,0.29658948130752105
bakery,qwen3,5131242,2,보이다 작다 검다,0.25956932078398126
bakery,qwen3,1002104461,2,보이다 짙다 초록색,0.2147482918086519
bakery,qwen3,5052044,1,보이다 폭신폭신 속살,0.2190433138079133
bakery,qwen3,1000234669,2,보이다 필라델피아 오리지널,0.24253562503633297
bakery,qwen3,5128440,1,보이다 황금빛 갈색,0.2843467170358239
bakery,qwen3,1000635372,2,보이다 황록색 띠다,0.21959108277272046
bakery,qwen3,1000794499,1,본체 갈색 토핑,0.2041241452319315
bakery,qwen3,1000400055,1,봉지 밝다 회색,0.24442515982690913
bakery,qwen3,5057085,2,봉지 쿠키 들다,0.22449514793773553
bakery,qwen3,1000528793,1,봉투 함께 배경,0.22157694289242963
bakery,qwen3,5131242,2,부러지다 기공 많다,0.25956932078398126
bakery,qwen3,5116362,1,부러지다 쿠키 담기다,0.33629780304614
bakery,qwen3,5116362,2,부서지다 안쪽 초록색,0.30151134457776363
bakery,qwen3,5003416,1,부서지다 타르트 포크,0.24367040961792302
bakery,qwen3,5052044,2,부풀다 오르다 풍미,0.24754913248875215
bakery,qwen3,5040946,2,분홍색 노란색 초록색,0.2604822292429278
bakery,qwen3,1001737663,1,분홍색 대리석 무늬,0.21345155500060123
bakery,qwen3,1000400055,2,분홍색 마카롱 그리고,0.23570226039551587
bakery,qwen3,5044138,2,분홍색 배경 배경,0.23214585557598508
bakery,qwen3,1000870987,1,분홍색 상자 담기다,0.2773500981126146
bakery,qwen3,5007270,2,분홍색 조각 아침,0.21320071635561041
bakery,qwen3,5007270,1,분홍색 흰색 드러나다,0.20923419373095836
bakery,qwen3,5115048,2,붙다 다르보 담기다,0.17083595803515583
bakery,qwen3,5115048,1,붙다 라즈베리 살구,0.1670335479285673
bakery,qwen3,5132010,2,브라우니 쿠키 쿠키,0.23743541354493353
bakery,qwen3,5132010,1,브라우니쿠키 문구 적히다,0.18052759693938636
bakery,qwen3,1000229955,2,브랜드 9 혼합,0.2147482918086519
bakery,qwen3,1000659491,1,브랜드 이름 베이글,0.2719029423009716
bakery,qwen3,5043336,1,브랜드 적히다 블랙,0.18354322691433939
bakery,qwen3,5057085,1,브랜드 페이스 트리,0.20192303498504036
bakery,qwen3,5131242,2,브레드 스틱 브레드스틱,0.25956932078398126
bakery,qwen3,5131242,2,브레드스틱 부러지다 기공,0.25956932078398126
bakery,qwen3,1000352096,1,브리오슈 조각 담기다,0.408248290463863
bakery,qwen3,1000352096,2,브리오슈 조각 연하다,0.37796447300922725
bakery,qwen3,5043336,1,블랙 올리브 토마토,0.1684231989786394
bakery,qwen3,5043336,2,블랙 올리브 토마토,0.20176492654716702
bakery,qwen3,5115048,1,블루베리 딸기 사워,0.1670335479285673
bakery,qwen3,1001385477,1,블루베리 사과 시나몬,0.2131923889462478
bakery,qwen3,1001385477,2,블루베리 사과 시나몬,0.2131923889462478
bakery,qwen3,5043336,1,블루베리 시나몬 딸기,0.18354322691433939
bakery,qwen3,5115048,2,블루베리 정원 딸기,0.17083595803515583
bakery,qwen3,1000659491,2,블루베리 황금빛 갈색,0.23075381936094944
bakery,qwen3,1000229955,2,비닐 개별 포장,0.19705763535742765
bakery,qwen3,5057085,1,비닐 개별 포장,0.185288904806758
bakery,qwen3,5057085,2,비닐 봉지 쿠키,0.22449514793773553
bakery,qwen3,1000447291,1,비닐 싸이다 나무,0.28254802970143483
bakery,qwen3,5115048,2,빨간색 다양 들다,0.17083595803515583
bakery,qwen3,5122986,1,빨간색 로고 검은색,0.19651636405939107
bakery,qwen3,5122986,2,빨간색 로고 무늬,0.22910138987364248
bakery,qwen3,1000870987,2,빨간색 배경 배경,0.17750435126708827
bakery,qwen3,1000870987,1,빨간색 분홍색 상자,0.2773500981126146
bakery,qwen3,1000870987,2,빨간색 테마 하다,0.17750435126708827
bakery,qwen3,5012764,2,뿌리다 담기다 희다,0.2163300645200962
bakery,qwen3,1000831954,1,뿌리다 둥글다 검다,0.22690830068815948
bakery,qwen3,5052044,1,뿌리다 직사각 모양,0.2190433138079133
bakery,qwen3,5012764,1,뿌리다 케이크 조각,0.3097558681833487
bakery,qwen3,1000229955,2,사각 체크 무늬,0.2147482918086519
bakery,qwen3,1001385477,1,사과 시나몬 라즈베리,0.23233152711779337
bakery,qwen3,1001385477,2,사과 시나몬 로얄,0.23233152711779337
bakery,qwen3,5115048,2,사워 체리 그리고,0.17083595803515583
bakery,qwen3,5115048,1,사워 체리 다양,0.1670335479285673
bakery,qwen3,5115048,1,살구 덩어리 올리다,0.1670335479285673
bakery,qwen3,5115048,1,살구 블루베리 딸기,0.1670335479285673
bakery,qwen3,5115048,2,살구 야생 블루베리,0.17083595803515583
bakery,qwen3,5012764,2,살짝 뿌리다 담기다,0.2163300645200962
bakery,qwen3,1000831954,1,살짝 뿌리다 둥글다,0.22690830068815948
bakery,qwen3,5052044,1,살짝 뿌리다 직사각,0.2190433138079133
bakery,qwen3,5057085,2,삼각 모양 초콜릿,0.22449514793773553
bakery,qwen3,5122986,2,상자 3 3,0.22910138987364248
bakery,qwen3,5057085,2,상자 같다 쿠키,0.22449514793773553
bakery,qwen3,5132010,2,상자 개별 포장,0.23743541354493353
bakery,qwen3,5138995,1,상자 기공 많다,0.24074240850243997
bakery,qwen3,1000794499,1,상자 노란색 상자,0.2041241452319315
bakery,qwen3,1001737663,1,상자 담기다 상자,0.21345155500060123
bakery,qwen3,1000870987,1,상자 담기다 하트,0.2773500981126146
bakery,qwen3,5063069,1,상자 만화 감자,0.2386659745265889
bakery,qwen3,1000794499,1,상자 모두 한국어,0.2041241452319315
bakery,qwen3,5116362,1,상자 밝다 회색,0.30859407209263934
bakery,qwen3,5122986,1,상자 밝다 회색,0.18032762768184596
bakery,qwen3,1001737665,1,상자 배경 초콜릿,0.31622776601683794
bakery,qwen3,5044137,1,상자 브랜드 인쇄,0.21553482515310013
bakery,qwen3,1001737663,1,상자 브랜드 적히다,0.21345155500060123
bakery,qwen3,5063069,1,상자 상자 만화,0.2386659745265889
bakery,qwen3,1000794499,1,상자 상자 모두,0.2041241452319315
bakery,qwen3,5044137,1,상자 상자 브랜드,0.21553482515310013
bakery,qwen3,5132010,1,상자 상자 한국어,0.18052759693938636
bakery,qwen3,5074339,1,상자 악기 연주,0.30151134457776363
bakery,qwen3,5040946,1,상자 알록달록 마카롱,0.2697959518718045
bakery,qwen3,5044138,1,상자 얇다 썰다,0.2773500981126146
bakery,qwen3,1000229955,2,상자 연하다 베이지,0.2147482918086519
bakery,qwen3,1000229955,1,상자 열다 검은색,0.3074347207656446
bakery,qwen3,1000229955,2,상자 열리다 뚜껑,0.2147482918086519
bakery,qwen3,1000400055,1,상자 작다 파란색,0.24442515982690913
bakery,qwen3,5063069,1,상자 적히다 글씨,0.2386659745265889
bakery,qwen3,5057085,1,상자 주황색 이삭,0.20192303498504036
bakery,qwen3,5003416,1,상자 줄무늬 깔리다,0.2235971905595813
bakery,qwen3,5003416,2,상자 줄무늬 깔리다,0.21288167215287618
bakery,qwen3,1002202568,1,상자 진열 회색,0.31622776601683794
bakery,qwen3,1002104461,1,상자 초록색 개별,0.21526439110400014
bakery,qwen3,5097791,1,상자 캐러멜 들어가다,0.26726124191242434
bakery,qwen3,1002104461,1,상자 커피 즐기다,0.21526439110400014
bakery,qwen3,5116362,2,상자 쿠키 부서지다,0.30151134457776363
bakery,qwen3,5057085,1,상자 페이스 트리,0.20192303498504036
bakery,qwen3,5116362,2,상자 포장 되다,0.30151134457776363
bakery,qwen3,5132010,1,상자 한국어 리얼,0.18052759693938636
bakery,qwen3,5122986,1,상자 황금빛 갈색,0.19651636405939107
bakery,qwen3,5122986,1,상자 흰색 녹색,0.18032762768184596
bakery,qwen3,5122986,2,상자 흰색 녹색,0.21022834577807445
bakery,qwen3,1000528793,2,상태 포장지 만화,0.3424720337434175
bakery,qwen3,1000528793,1,새기다 노란색 종이,0.22157694289242963
bakery,qwen3,5044137,1,새기다 직사각형 초콜릿,0.21553482515310013
bakery,qwen3,5043336,2,색상 띠다 흰색,0.219878175460249
bakery,qwen3,5040946,1,색상 마카롱 진열,0.2697959518718045
bakery,qwen3,1001385477,1,색상 받침대 진열,0.23233152711779337
bakery,qwen3,1001501168,2,색상 배경 일부,0.2367433988667238
bakery,qwen3,1000528793,1,색상 베이글 일부,0.22157694289242963
bakery,qwen3,5052041,1,색상 표면 구겨지다,0.2980867751201404
bakery,qwen3,1000234669,2,색상 표면 뚜껑,0.24253562503633297
bakery,qwen3,5040946,2,색조 알록달록 마카롱,0.2604822292429278
bakery,qwen3,1001737663,1,생기 넘치다 주황색,0.19586772186883475
bakery,qwen3,1001737663,2,생기 넘치다 주황색,0.2077787205755755
bakery,qwen3,1000128336,2,서다 체크 무늬,0.2653717088944678
bakery,qwen3,5043336,1,서로 다르다 종류,0.18354322691433939
bakery,qwen3,1002104461,2,선명 보이다 짙다,0.2147482918086519
bakery,qwen3,5052044,1,선명 보이다 폭신폭신,0.2190433138079133
bakery,qwen3,1000831954,1,설탕 살짝 뿌리다,0.20821592013603815
bakery,qwen3,5012764,2,설탕 살짝 뿌리다,0.19850910390027343
bakery,qwen3,1001385477,1,세인트 과일 스프레드,0.2131923889462478
bakery,qwen3,1001385477,2,세인트 과일 스프레드,0.2131923889462478
bakery,qwen3,5043336,2,세트 각각 다르다,0.219878175460249
bakery,qwen3,5115048,1,세트 녹색 뚜껑,0.1670335479285673
bakery,qwen3,5115048,2,세트 라즈베리 로즈,0.17083595803515583
bakery,qwen3,5043336,1,세트 모이다 서로,0.18354322691433939
bakery,qwen3,1001385477,2,세트 밝다 배경,0.23233152711779337
bakery,qwen3,1000321559,2,소스 가득 담기다,0.2604822292429278
bakery,qwen3,1000321559,2,소스 아마도 땅콩,0.2604822292429278
bakery,qwen3,1000234669,2,소용돌이 모양 보이다,0.24253562503633297
bakery,qwen3,1000128336,1,속살 가지다 덩이,0.27905073787968643
bakery,qwen3,1000196053,1,속살 가지다 타원,0.34139024917706645
bakery,qwen3,5131242,1,속살 드러나다 회색,0.2512433622633344
bakery,qwen3,1001556191,1,속살 지니다 수제,0.25334561146307905
bakery,qwen3,1000128336,2,속살 호두 듬뿍,0.2653717088944678
bakery,qwen3,1000635372,1,손잡이 달리다 초록색,0.29255204912250765
bakery,qwen3,5074339,1,손잡이 달리다 흰색,0.30151134457776363
bakery,qwen3,1000128336,2,수제 덩어리 썰다,0.243510767909152
bakery,qwen3,1001556191,2,수제 덩어리 썰다,0.31660558735168415
bakery,qwen3,1001556191,1,수제 덩어리 얇다,0.25334561146307905
bakery,qwen3,5052041,2,수제 덩어리 조각,0.3382430186987102
bakery,qwen3,5052044,2,수제 썰다 나무,0.24754913248875215
bakery,qwen3,1000196053,2,수제 조각 클로즈업,0.2980867751201404
bakery,qwen3,1001194675,2,숟가락 꽂히다 가다,0.2346589500563016
bakery,qwen3,5115048,2,숟가락 꽂히다 뚜껑,0.17083595803515583
bakery,qwen3,5007270,1,숟가락 담기다 작다,0.20923419373095836
bakery,qwen3,5025646,2,숟가락 땅콩 버터,0.26381536229926866
bakery,qwen3,5025646,2,숟가락 뜨다 올리다,0.26381536229926866
bakery,qwen3,5115048,2,숟가락 분량 올리다,0.17083595803515583
bakery,qwen3,5115048,2,숟가락 숟가락 분량,0.17083595803515583
bakery,qwen3,1001385477,2,숟가락 스프레드 담기다,0.23233152711779337
bakery,qwen3,1000870987,2,숟가락 얹다 초콜릿,0.17750435126708827
bakery,qwen3,5115048,1,숟가락 작다 살구,0.1670335479285673
bakery,qwen3,5007270,1,숟가락 작다 흰색,0.20923419373095836
bakery,qwen3,1000637683,1,숟가락 함께 진열,0.22360679774997896
bakery,qwen3,5025646,1,슈퍼넛츠 땅콩 버터,0.22539417072819198
bakery,qwen3,1002202568,2,스무스 땅콩 버터,0.23288018498337373
bakery,qwen3,5025646,1,스무스 땅콩 버터,0.2068265220317641
bakery,qwen3,5025646,1,스무스 적히다 슈퍼넛츠,0.22539417072819198
bakery,qwen3,1000634077,1,스타일 그림 상자,0.26726124191242434
bakery,qwen3,5131242,2,스틱 브레드스틱 부러지다,0.25956932078398126
bakery,qwen3,5043336,2,스프레드 가득 담기다,0.219878175460249
bakery,qwen3,1000635372,1,스프레드 담기다 작다,0.2684520306704892
bakery,qwen3,1001385477,2,스프레드 담기다 작다,0.2131923889462478
bakery,qwen3,5043336,1,스프레드 들다 라벨,0.18354322691433939
bakery,qwen3,1001385477,1,스프레드 밝다 색상,0.23233152711779337
bakery,qwen3,1000234669,2,스프레드 소용돌이 모양,0.24253562503633297
bakery,qwen3,1001385477,2,스프레드 유리병 세트,0.23233152711779337
bakery,qwen3,5128440,1,슬라이스 되다 덩이,0.2843467170358239
bakery,qwen3,1000352096,1,슬라이스 브리오슈 조각,0.408248290463863
bakery,qwen3,5043336,2,시나몬 건포도 크림치즈,0.219878175460249
bakery,qwen3,5043336,1,시나몬 딸기 크림,0.18354322691433939
bakery,qwen3,1001385477,1,시나몬 라즈베리 망고,0.23233152711779337
bakery,qwen3,1001385477,2,시나몬 로얄 망고,0.23233152711779337
bakery,qwen3,1001737663,2,식감 지니다 겉면,0.22643185196482757
bakery,qwen3,5138995,1,식감 지니다 껍질,0.24074240850243997
bakery,qwen3,5044138,2,식감 지니다 직사각,0.23214585557598508
bakery,qwen3,1002104461,2,식감 황금빛 갈색,0.2147482918086519
bakery,qwen3,1001493094,2,식물 땅콩 버터,0.3764465984045567
bakery,qwen3,5007270,1,식사 장면 조각,0.20923419373095836
bakery,qwen3,5007270,2,식탁 내려다보다 모습,0.21320071635561041
bakery,qwen3,5138995,1,식탁보 적히다 미니멀,0.24074240850243997
bakery,qwen3,1000635372,2,식탁보 피스타치오 견과,0.21959108277272046
bakery,qwen3,1000447291,1,싸이다 나무 도마,0.28254802970143483
bakery,qwen3,5044138,1,쌓이다 단면 드러나다,0.2773500981126146
bakery,qwen3,1001737665,2,쌓이다 모습 드러나다,0.21320071635561041
bakery,qwen3,5044138,2,쌓이다 바삭 식감,0.23214585557598508
bakery,qwen3,1000447291,2,쌓이다 조각 자르다,0.36074861920921
bakery,qwen3,1000447291,1,쌓이다 조각 희다,0.28254802970143483
bakery,qwen3,5044137,2,쌓이다 직사각형 초콜릿,0.28740504235985553
bakery,qwen3,1000894225,1,썰다 나무 도마,0.28731730446437087
bakery,qwen3,5052044,2,썰다 나무 도마,0.22715638980021324
bakery,qwen3,5044138,1,썰다 나폴레옹 담기다,0.2773500981126146
bakery,qwen3,1001556191,1,썰다 다공 질감,0.25334561146307905
bakery,qwen3,1000528793,2,썰다 상태 포장지,0.3424720337434175
bakery,qwen3,1000128336,2,썰다 서다 체크,0.2653717088944678
bakery,qwen3,5007270,1,썰다 차리다 아침,0.20923419373095836
bakery,qwen3,1000870987,1,썰다 피스타치오 들다,0.2773500981126146
bakery,qwen3,1000128336,1,썰다 호두 듬뿍,0.27905073787968643
bakery,qwen3,1001556191,2,썰다 희다 담다,0.3450285442506521
bakery,qwen3,5128440,2,썰다 희다 덩어리,0.318755493123646
bakery,qwen3,1000894225,2,썰다 희다 덩이,0.27513522758621706
bakery,qwen3,1000637683,2,씹히다 종류 종류,0.2819396155405876
bakery,qwen3,5132010,1,아래 미니멀 디자인,0.18052759693938636
bakery,qwen3,1001501168,1,아르티제 랑그 쿠키,0.23054629422140802
bakery,qwen3,1001501168,2,아르티제 랑그 쿠키,0.217240817024638
bakery,qwen3,1000659491,2,아마 블루베리 황금빛,0.23075381936094944
bakery,qwen3,1000321559,2,아마도 땅콩 소스,0.2604822292429278
bakery,qwen3,5131242,1,아마도 올리브 흩뿌리다,0.2512433622633344
bakery,qwen3,1000400055,2,아이싱 초콜릿 얹다,0.23570226039551587
bakery,qwen3,5007270,1,아침 식사 장면,0.20923419373095836
bakery,qwen3,5007270,2,아침 식탁 내려다보다,0.21320071635561041
bakery,qwen3,5074339,1,악기 연주 그림,0.30151134457776363
bakery,qwen3,5116362,2,안쪽 초록색 드러나다,0.30151134457776363
bakery,qwen3,5044138,2,안쪽 층층이 쌓이다,0.23214585557598508
bakery,qwen3,5097791,2,안쪽 커스터드 모습,0.21959108277272046
bakery,qwen3,5007270,1,알록달록 덩어리 나무,0.20923419373095836
bakery,qwen3,1000400055,1,알록달록 마카롱 담기다,0.21000347591751609
bakery,qwen3,5040946,1,알록달록 마카롱 담기다,0.23180137315518795
bakery,qwen3,5040946,2,알록달록 마카롱 담기다,0.22379927497846663
bakery,qwen3,1000634077,2,알록달록 케이크 페이스트리,0.2773500981126146
bakery,qwen3,5043336,1,알록달록 하다 영어,0.18354322691433939
bakery,qwen3,5025646,2,앞쪽 나무 숟가락,0.26381536229926866
bakery,qwen3,5115048,2,야생 블루베리 정원,0.17083595803515583
bakery,qwen3,1000894225,1,얇다 썰다 나무,0.3131109344171084
bakery,qwen3,5044138,1,얇다 썰다 나폴레옹,0.2773500981126146
bakery,qwen3,1001556191,1,얇다 썰다 다공,0.25334561146307905
bakery,qwen3,1000894225,2,얇다 썰다 희다,0.252469981926456
bakery,qwen3,5128440,2,얇다 썰다 희다,0.29249687251577855
bakery,qwen3,1000870987,2,얹다 노란색 버전,0.17750435126708827
bakery,qwen3,1001737663,1,얹다 둥글다 흰색,0.19586772186883475
bakery,qwen3,1001737663,2,얹다 둥글다 흰색,0.2077787205755755
bakery,qwen3,1000400055,2,얹다 분홍색 마카롱,0.23570226039551587
bakery,qwen3,1000831954,2,얹다 조각 조각,0.20851441405707477
bakery,qwen3,1000870987,2,얹다 초콜릿 검다,0.17750435126708827
bakery,qwen3,1001737665,2,얹다 크다 둥글다,0.21320071635561041
bakery,qwen3,1000870987,2,얹다 크림 버전,0.17750435126708827
bakery,qwen3,1000528793,1,얼굴 그리다 같다,0.22157694289242963
bakery,qwen3,5097791,2,에그 타르트 통째,0.21959108277272046
bakery,qwen3,5116362,2,연두색 상자 포장,0.30151134457776363
bakery,qwen3,1000635372,2,연두색 식탁보 피스타치오,0.21959108277272046
bakery,qwen3,5131242,1,연두색 직사각형 작다,0.2512433622633344
bakery,qwen3,5074339,1,연주 그림 그리다,0.30151134457776363
bakery,qwen3,5012764,1,연하다 가루 뿌리다,0.3097558681833487
bakery,qwen3,1002202568,2,연하다 갈색 땅콩,0.23288018498337373
bakery,qwen3,5025646,2,연하다 갈색 땅콩,0.24208263091554183
bakery,qwen3,1000321559,2,연하다 갈색 소스,0.2604822292429278
bakery,qwen3,1000659491,1,연하다 녹색 배경,0.24950396766973434
bakery,qwen3,1000659491,2,연하다 녹색 배경,0.2117446504928693
bakery,qwen3,1000229955,2,연하다 베이지 상자,0.2147482918086519
bakery,qwen3,1000352096,2,연하다 파란색 파란색,0.37796447300922725
bakery,qwen3,1000229955,1,열다 검은색 쟁반,0.3074347207656446
bakery,qwen3,1000234669,2,열다 밀봉 뚜껑,0.24253562503633297
bakery,qwen3,5115048,1,열리다 나무 숟가락,0.1670335479285673
bakery,qwen3,5025646,1,열리다 뚜껑 땅콩,0.22539417072819198
bakery,qwen3,1000229955,2,열리다 뚜껑 쿠키,0.2147482918086519
bakery,qwen3,5122986,1,열리다 모습 닫히다,0.19651636405939107
bakery,qwen3,1000870987,2,열리다 코코아 가루,0.17750435126708827
bakery,qwen3,5122986,2,열리다 크리스피 크림 도넛 상자,0.22910138987364248
bakery,qwen3,5057085,1,열리다 페이스트리 보이다,0.20192303498504036
bakery,qwen3,5043336,1,영어 한국어 되다,0.18354322691433939
bakery,qwen3,5052044,2,오르다 풍미 가득,0.24754913248875215
bakery,qwen3,5057085,2,오른쪽 투명 비닐,0.22449514793773553
bakery,qwen3,1000637683,1,오리지널 적히다 피넛,0.22360679774997896
bakery,qwen3,1000234669,1,오리지널 크림 치즈,0.3535533905932738
bakery,qwen3,1000234669,2,오리지널 프레시 크리미,0.24253562503633297
bakery,qwen3,1000794499,1,올라가다 직사각형 케이크,0.2041241452319315
bakery,qwen3,1000831954,1,올라가다 황금빛 갈색,0.22690830068815948
bakery,qwen3,5052044,2,올려놓다 근접 촬영,0.24754913248875215
bakery,qwen3,5025646,2,올리다 모습 보이다,0.26381536229926866
bakery,qwen3,5115048,1,올리다 반면 나머지,0.1670335479285673
bakery,qwen3,5057085,2,올리다 배경 주황색,0.22449514793773553
bakery,qwen3,1000634077,2,올리다 작다 알록달록,0.2773500981126146
bakery,qwen3,1001737665,2,올리다 초콜릿 케이크,0.21320071635561041
bakery,qwen3,1000196053,2,올리브 가득 들다,0.2980867751201404
bakery,qwen3,1000831954,2,올리브 녹다 치즈,0.20851441405707477
bakery,qwen3,1000831954,1,올리브 들어가다 직사각형,0.22690830068815948
bakery,qwen3,5131242,2,올리브 보이다 작다,0.25956932078398126
bakery,qwen3,5043336,1,올리브 토마토 블루베리,0.18354322691433939
bakery,qwen3,5043336,2,올리브 토마토 시나몬,0.219878175460249
bakery,qwen3,5131242,1,올리브 흩뿌리다 황금빛,0.2512433622633344
bakery,qwen3,5007270,2,와인 말차 분홍색,0.21320071635561041
bakery,qwen3,1000234669,1,용기 뚜껑 열리다,0.3535533905932738
bakery,qwen3,1000234669,2,용기 밝다 색상,0.24253562503633297
bakery,qwen3,5007270,2,우유 그리고 나무,0.21320071635561041
bakery,qwen3,5007270,2,우유 은색 쟁반,0.21320071635561041
bakery,qwen3,5044137,1,윗면 물결 무늬,0.21553482515310013
bakery,qwen3,1001737665,2,윗면 초콜릿 가루,0.21320071635561041
bakery,qwen3,5097791,2,윗면 크림 노란색,0.21959108277272046
bakery,qwen3,5115048,2,유리 6 세트,0.17083595803515583
bakery,qwen3,5007270,2,유리 치즈 토스트,0.21320071635561041
bakery,qwen3,5071363,2,유리병 라벨 한국어,0.3424720337434175
bakery,qwen3,5043336,2,유리병 세트 각각,0.219878175460249
bakery,qwen3,5043336,1,유리병 세트 모이다,0.18354322691433939
bakery,qwen3,1001385477,2,유리병 세트 밝다,0.23233152711779337
bakery,qwen3,5025646,2,유리병 앞쪽 나무,0.26381536229926866
bakery,qwen3,5071363,1,유리병 한국어 되다,0.3129565424152081
bakery,qwen3,1000220024,2,유산지 기공 많다,0.29658948130752105
bakery,qwen3,5115048,1,육각 세트 녹색,0.1670335479285673
bakery,qwen3,5115048,2,육각 유리 6,0.17083595803515583
bakery,qwen3,5007270,2,은색 쟁반 조각,0.21320071635561041
bakery,qwen3,1000659491,1,이름 베이글 작다,0.2719029423009716
bakery,qwen3,5057085,1,이삭 1951 문구,0.20192303498504036
bakery,qwen3,1001194675,2,일러스트 100 땅콩,0.2346589500563016
bakery,qwen3,5071363,1,일러스트 그리다 라벨,0.287175631054276
bakery,qwen3,5115048,2,일러스트 그리다 라벨,0.15676273669466392
bakery,qwen3,5132010,1,일러스트 함께 그리다,0.18052759693938636
bakery,qwen3,1000894225,2,일렬 가지런히 정렬,0.27513522758621706
bakery,qwen3,1000634077,1,일본화 스타일 그림,0.26726124191242434
bakery,qwen3,1001501168,2,일부 개별 포장지,0.2367433988667238
bakery,qwen3,1002104461,2,일부 겹쳐지다 크림,0.2147482918086519
bakery,qwen3,1000528793,2,일부 썰다 상태,0.3424720337434175
bakery,qwen3,5131242,1,일부 잘리다 기공,0.2512433622633344
bakery,qwen3,1000528793,2,일부 통째 일부,0.3424720337434175
bakery,qwen3,1001501168,2,일부 흰색 담기다,0.2367433988667238
bakery,qwen3,1000196053,2,자르다 녹색 올리브,0.2980867751201404
bakery,qwen3,1000400055,2,자르다 녹색 초콜릿,0.23570226039551587
bakery,qwen3,1000794499,2,자르다 녹차 케이크,0.23584662993958308
bakery,qwen3,5044138,2,자르다 단면 드러나다,0.23214585557598508
bakery,qwen3,1001737665,2,자르다 작다 흰색,0.21320071635561041
bakery,qwen3,1000447291,2,자르다 희다 식탁보,0.36074861920921
bakery,qwen3,5131242,1,작다 검다 아마도,0.2512433622633344
bakery,qwen3,5131242,2,작다 검다 흩뿌리다,0.25956932078398126
bakery,qwen3,5012764,1,작다 꽃병 상자,0.3097558681833487
bakery,qwen3,5012764,2,작다 꽃병 평온,0.2163300645200962
bakery,qwen3,1000635372,1,작다 나무 손잡이,0.29255204912250765
bakery,qwen3,1001385477,1,작다 나무 숟가락,0.23233152711779337
bakery,qwen3,5012764,2,작다 담기다 찻잔,0.2163300645200962
bakery,qwen3,1001501168,1,작다 담다 플랫,0.2512433622633344
bakery,qwen3,5025646,1,작다 뚜껑 열리다,0.22539417072819198
bakery,qwen3,5138995,1,작다 로고 새기다,0.24074240850243997
bakery,qwen3,5115048,1,작다 살구 덩어리,0.1670335479285673
bakery,qwen3,1000635372,1,작다 스프레드 담기다,0.29255204912250765
bakery,qwen3,1000634077,2,작다 알록달록 케이크,0.2773500981126146
bakery,qwen3,5007270,2,작다 우유 그리고,0.21320071635561041
bakery,qwen3,5007270,2,작다 우유 은색,0.21320071635561041
bakery,qwen3,5043336,1,작다 유리병 세트,0.18354322691433939
bakery,qwen3,5115048,1,작다 육각 세트,0.1670335479285673
bakery,qwen3,1000794499,1,작다 직사각 담기다,0.2041241452319315
bakery,qwen3,1000634077,1,작다 케이크 담기다,0.26726124191242434
bakery,qwen3,1001737663,1,작다 케이크 조각,0.21345155500060123
bakery,qwen3,5132010,1,작다 토끼 캐릭터,0.18052759693938636
bakery,qwen3,1000400055,1,작다 파란색 봉지,0.24442515982690913
bakery,qwen3,5003416,2,작다 황금빛 갈색,0.23199291602824187
bakery,qwen3,1001737665,2,작다 흰색 올리다,0.21320071635561041
bakery,qwen3,5007270,1,작다 흰색 주전자,0.20923419373095836
bakery,qwen3,5074339,1,작다 흰색 황금빛,0.30151134457776363
bakery,qwen3,1000870987,1,잘다 썰다 피스타치오,0.2773500981126146
bakery,qwen3,1000128336,1,잘다 썰다 호두,0.27905073787968643
bakery,qwen3,5052041,2,잘리다 구겨지다 리넨,0.3382430186987102
bakery,qwen3,5131242,1,잘리다 기공 많다,0.2512433622633344
bakery,qwen3,5138995,2,잘리다 나무 도마,0.30020112538812527
bakery,qwen3,1000220024,1,잘리다 녹다 내리다,0.3592006468180748
bakery,qwen3,1000220024,2,잘리다 녹다 내리다,0.2721568649795026
bakery,qwen3,1002104461,2,잘리다 선명 보이다,0.2147482918086519
bakery,qwen3,5052041,1,잘리다 중성 색상,0.2980867751201404
bakery,qwen3,5097791,2,잘리다 타르트 안쪽,0.21959108277272046
bakery,qwen3,5097791,2,잘리다 황금빛 캐러멜,0.21959108277272046
bakery,qwen3,1001737663,2,잘리다 흰색 담기다,0.22643185196482757
bakery,qwen3,5007270,1,장면 조각 숟가락,0.20923419373095836
bakery,qwen3,1000831954,2,재료 그리고 조각,0.20851441405707477
bakery,qwen3,5003416,2,재료 넣다 작다,0.23199291602824187
bakery,qwen3,5003416,1,재료 담다 다양,0.24367040961792302
bakery,qwen3,1000831954,2,재료 얹다 조각,0.20851441405707477
bakery,qwen3,1000229955,1,쟁반 개별 포장,0.2821086891570246
bakery,qwen3,1000528793,1,쟁반 개별 포장,0.20332375195335936
bakery,qwen3,5132010,1,쟁반 둥글다 다크,0.18052759693938636
bakery,qwen3,5003416,2,쟁반 배경 적히다,0.23199291602824187
bakery,qwen3,5007270,2,쟁반 조각 작다,0.21320071635561041
bakery,qwen3,1000635372,1,쟁반 피스타치오 버터,0.29255204912250765
bakery,qwen3,5003416,2,적히다 검은색 상자,0.23199291602824187
bakery,qwen3,5063069,1,적히다 글씨 한국어,0.2386659745265889
bakery,qwen3,1000637683,1,적히다 땅콩 그림,0.22360679774997896
bakery,qwen3,1001194675,2,적히다 땅콩 버터,0.2346589500563016
bakery,qwen3,5115048,1,적히다 라벨 붙다,0.1670335479285673
bakery,qwen3,5138995,1,적히다 미니멀 흰색,0.24074240850243997
bakery,qwen3,5043336,1,적히다 블랙 올리브,0.1684231989786394
bakery,qwen3,5043336,2,적히다 블랙 올리브,0.20176492654716702
bakery,qwen3,5025646,1,적히다 슈퍼넛츠 땅콩,0.22539417072819198
bakery,qwen3,5025646,1,적히다 스무스 적히다,0.22539417072819198
bakery,qwen3,5132010,1,적히다 초콜릿 쿠키,0.18052759693938636
bakery,qwen3,1002104461,1,적히다 쿠키 초록색,0.21526439110400014
bakery,qwen3,1000400055,1,적히다 파란색 상자,0.24442515982690913
bakery,qwen3,5097791,1,적히다 포르투갈식 페이스,0.26726124191242434
bakery,qwen3,1000659491,1,적히다 포장지 브랜드,0.2719029423009716
bakery,qwen3,1000870987,2,적히다 풍선 뜨다,0.17750435126708827
bakery,qwen3,1000637683,1,적히다 피넛 버터,0.4472135954999579
bakery,qwen3,1002202568,2,적히다 흰색 넛츠,0.2537867757854293
bakery,qwen3,1002104461,1,적히다 흰색 상자,0.21526439110400014
bakery,qwen3,1001385477,1,전경 담기다 작다,0.23233152711779337
bakery,qwen3,5003416,1,전경 부서지다 타르트,0.24367040961792302
bakery,qwen3,1001737663,2,전경 조각 잘리다,0.22643185196482757
bakery,qwen3,1000794499,2,전체 담기다 희다,0.23584662993958308
bakery,qwen3,1000894225,2,정렬 황금빛 갈색,0.27513522758621706
bakery,qwen3,5116362,1,정사각형 쿠키 부러지다,0.33629780304614
bakery,qwen3,1000128336,2,정성 만들다 수제,0.2653717088944678
bakery,qwen3,5115048,2,정원 딸기 사워,0.17083595803515583
bakery,qwen3,1000831954,1,제과 중성 배경,0.22690830068815948
bakery,qwen3,1002202568,1,제품 3 개별,0.31622776601683794
bakery,qwen3,1000400055,1,제품 알록달록 마카롱,0.24442515982690913
bakery,qwen3,1002202568,1,제품 크다 상자,0.31622776601683794
bakery,qwen3,1001493094,2,제품 함께 진열,0.3764465984045567
bakery,qwen3,1001737663,1,젤리 얹다 둥글다,0.19586772186883475
bakery,qwen3,1001737663,2,젤리 얹다 둥글다,0.2077787205755755
bakery,qwen3,1000831954,2,조각 검다 올리브,0.20851441405707477
bakery,qwen3,5007270,2,조각 나무 코스터,0.21320071635561041
bakery,qwen3,5052044,1,조각 단면 공기,0.2190433138079133
bakery,qwen3,5012764,1,조각 담기다 배경,0.3097558681833487
bakery,qwen3,1001737663,1,조각 담기다 케이크,0.21345155500060123
bakery,qwen3,1000352096,1,조각 담기다 흰색,0.408248290463863
bakery,qwen3,1001737665,1,조각 대리석 케이크,0.31622776601683794
bakery,qwen3,5007270,1,조각 숟가락 작다,0.20923419373095836
bakery,qwen3,1000447291,1,조각 쌓이다 조각,0.25927212802920085
bakery,qwen3,1000447291,2,조각 쌓이다 조각,0.3310306650688803
bakery,qwen3,5007270,2,조각 아침 식탁,0.21320071635561041
bakery,qwen3,1000352096,2,조각 연하다 파란색,0.37796447300922725
bakery,qwen3,1000894225,2,조각 일렬 가지런히,0.27513522758621706
bakery,qwen3,1001737665,2,조각 자르다 작다,0.21320071635561041
bakery,qwen3,1000447291,2,조각 자르다 희다,0.36074861920921
bakery,qwen3,5012764,2,조각 작다 담기다,0.2163300645200962
bakery,qwen3,5007270,2,조각 작다 우유,0.21320071635561041
bakery,qwen3,5052041,2,조각 잘리다 구겨지다,0.3382430186987102
bakery,qwen3,5138995,2,조각 잘리다 나무,0.30020112538812527
bakery,qwen3,5052041,1,조각 잘리다 중성,0.2980867751201404
bakery,qwen3,1001737663,2,조각 잘리다 흰색,0.22643185196482757
bakery,qwen3,1000831954,2,조각 조각 검다,0.20851441405707477
bakery,qwen3,5057085,2,조각 초록색 올리다,0.22449514793773553
bakery,qwen3,1000794499,2,조각 케이크 겉면,0.23584662993958308
bakery,qwen3,1000196053,2,조각 클로즈업 자르다,0.2980867751201404
bakery,qwen3,1000831954,2,조각 허브 나다,0.20851441405707477
bakery,qwen3,1000831954,2,조각 호박 들어가다,0.20851441405707477
bakery,qwen3,1000321559,2,조각 흩어지다 회색,0.2604822292429278
bakery,qwen3,1000447291,1,조각 희다 식탁보,0.28254802970143483
bakery,qwen3,1000637683,2,종류 담기다 나무,0.2819396155405876
bakery,qwen3,1000634077,1,종류 도넛 5,0.26726124191242434
bakery,qwen3,1002104461,1,종류 버터 쿠키,0.21526439110400014
bakery,qwen3,1000831954,1,종류 제과 중성,0.22690830068815948
bakery,qwen3,1000637683,2,종류 종류 담기다,0.2819396155405876
bakery,qwen3,1000637683,2,종류 종류 종류,0.2819396155405876
bakery,qwen3,5043336,1,종류 크림 같다,0.18354322691433939
bakery,qwen3,1000528793,1,종이 봉투 함께,0.22157694289242963
bakery,qwen3,5052044,1,주머니 선명 보이다,0.2190433138079133
bakery,qwen3,1000635372,2,주변 통째 되다,0.21959108277272046
bakery,qwen3,1000635372,2,주재료 하다 보이다,0.21959108277272046
bakery,qwen3,5007270,1,주전자 숟가락 담기다,0.20923419373095836
bakery,qwen3,5057085,2,주황색 상자 같다,0.22449514793773553
bakery,qwen3,5057085,1,주황색 이삭 1951,0.20192303498504036
bakery,qwen3,1001737663,1,주황색 젤리 얹다,0.19586772186883475
bakery,qwen3,1001737663,2,주황색 젤리 얹다,0.2077787205755755
bakery,qwen3,5003416,2,줄무늬 깔리다 검다,0.23199291602824187
bakery,qwen3,5003416,1,줄무늬 깔리다 배경,0.24367040961792302
bakery,qwen3,1001556191,1,중성 배경 배경,0.25334561146307905
bakery,qwen3,1000831954,1,중성 배경 진열,0.22690830068815948
bakery,qwen3,5052041,1,중성 색상 표면,0.2980867751201404
bakery,qwen3,1002104461,1,즐기다 문구 적히다,0.21526439110400014
bakery,qwen3,1001737663,2,지니다 겉면 황금빛,0.22643185196482757
bakery,qwen3,5138995,1,지니다 껍질 작다,0.24074240850243997
bakery,qwen3,1001556191,1,지니다 수제 덩어리,0.25334561146307905
bakery,qwen3,5044138,2,지니다 직사각 케이크,0.23214585557598508
bakery,qwen3,1000794499,1,직사각 담기다 케이크,0.2041241452319315
bakery,qwen3,5052044,1,직사각 모양 덩이,0.2190433138079133
bakery,qwen3,5044138,2,직사각 케이크 자르다,0.23214585557598508
bakery,qwen3,5131242,1,직사각형 가지런히 일부,0.2512433622633344
bakery,qwen3,5044138,1,직사각형 상자 얇다,0.2773500981126146
bakery,qwen3,1000794499,2,직사각형 자르다 녹차,0.23584662993958308
bakery,qwen3,5131242,1,직사각형 작다 검다,0.2512433622633344
bakery,qwen3,5044137,1,직사각형 초콜릿 케이크,0.1977793752124056
bakery,qwen3,5044137,2,직사각형 초콜릿 케이크,0.2637290269470386
bakery,qwen3,1000831954,1,직사각형 치즈 토핑,0.22690830068815948
bakery,qwen3,1000794499,1,직사각형 케이크 작다,0.2041241452319315
bakery,qwen3,1002104461,2,직사각형 쿠키 일부,0.2147482918086519
bakery,qwen3,5131242,2,직사각형 황금빛 갈색,0.25956932078398126
bakery,qwen3,1001385477,2,진열 나무 숟가락,0.23233152711779337
bakery,qwen3,1001194675,2,진열 땅콩 일러스트,0.2346589500563016
bakery,qwen3,5025646,1,진열 스무스 땅콩,0.22539417072819198
bakery,qwen3,1000637683,1,진열 적히다 땅콩,0.22360679774997896
bakery,qwen3,5043336,2,진열 적히다 블랙,0.219878175460249
bakery,qwen3,1000870987,2,진열 적히다 풍선,0.17750435126708827
bakery,qwen3,1001385477,1,진열 전경 담기다,0.23233152711779337
bakery,qwen3,1000634077,2,진열대 올리다 작다,0.2773500981126146
bakery,qwen3,1000870987,2,진열대 하트 모양,0.17750435126708827
bakery,qwen3,1000321559,2,질감 느끼다 표면,0.2604822292429278
bakery,qwen3,1001556191,1,질감 드러나다 중성,0.25334561146307905
bakery,qwen3,5138995,2,질감 띠다 회색,0.30020112538812527
bakery,qwen3,5052044,1,짙다 갈라지다 껍질,0.2190433138079133
bakery,qwen3,5052041,2,짙다 갈색 띠다,0.3382430186987102
bakery,qwen3,5052041,1,짙다 덩어리 조각,0.2980867751201404
bakery,qwen3,1000659491,2,짙다 보라색 들다,0.23075381936094944
bakery,qwen3,5115048,2,짙다 빨간색 다양,0.17083595803515583
bakery,qwen3,1002104461,2,짙다 초록색 배경,0.2147482918086519
bakery,qwen3,5052044,2,짙다 황금빛 껍질,0.24754913248875215
bakery,qwen3,5007270,1,차리다 아침 식사,0.20923419373095836
bakery,qwen3,5012764,2,찻받침 그리고 희다,0.2163300645200962
bakery,qwen3,5012764,2,찻잔 찻받침 그리고,0.2163300645200962
bakery,qwen3,1000220024,1,채우다 모습 드러나다,0.3914475335138893
bakery,qwen3,1000220024,2,채우다 보이다 유산지,0.29658948130752105
bakery,qwen3,5115048,2,체리 그리고 짙다,0.17083595803515583
bakery,qwen3,5115048,1,체리 다양 과일,0.1670335479285673
bakery,qwen3,1000229955,2,체크 무늬 다양,0.2147482918086519
bakery,qwen3,1000128336,1,체크 무늬 식탁보,0.25606293809458347
bakery,qwen3,1000128336,2,체크 무늬 식탁보,0.243510767909152
bakery,qwen3,5040946,2,초록색 갈색 다양,0.2604822292429278
bakery,qwen3,1002104461,1,초록색 개별 포장,0.21526439110400014
bakery,qwen3,5116362,2,초록색 말차 쿠키,0.30151134457776363
bakery,qwen3,5057085,2,초록색 올리다 배경,0.22449514793773553
bakery,qwen3,1002104461,1,초록색 테두리 흰색,0.19753121913262053
bakery,qwen3,1002104461,2,초록색 테두리 흰색,0.19705763535742765
bakery,qwen3,1001737665,2,초콜릿 가루 베리,0.21320071635561041
bakery,qwen3,1000870987,2,초콜릿 검다 얹다,0.17750435126708827
bakery,qwen3,5044137,1,초콜릿 글레이즈 바르다,0.21553482515310013
bakery,qwen3,1000400055,2,초콜릿 드러나다 노란색,0.23570226039551587
bakery,qwen3,1001501168,1,초콜릿 밀크 초콜릿,0.2512433622633344
bakery,qwen3,1000400055,2,초콜릿 얹다 분홍색,0.23570226039551587
bakery,qwen3,5057085,2,초콜릿 조각 초록색,0.22449514793773553
bakery,qwen3,5044137,1,초콜릿 케이크 나무,0.1977793752124056
bakery,qwen3,5044137,2,초콜릿 케이크 나무,0.2637290269470386
bakery,qwen3,1001737665,2,초콜릿 케이크 조각,0.21320071635561041
bakery,qwen3,1001737665,2,초콜릿 케이크 크림,0.21320071635561041
bakery,qwen3,1001737665,1,초콜릿 케이크 흰색,0.31622776601683794
bakery,qwen3,1000634077,2,초콜릿 코코넛 과일,0.2773500981126146
bakery,qwen3,1001501168,2,초콜릿 코팅 밀크,0.2367433988667238
bakery,qwen3,5057085,2,초콜릿 코팅 쿠키,0.22449514793773553
bakery,qwen3,5132010,1,초콜릿 쿠키 12,0.18052759693938636
bakery,qwen3,5132010,1,초콜릿 쿠키 작다,0.18052759693938636
bakery,qwen3,5044137,1,초콜릿 크림 필링,0.21553482515310013
bakery,qwen3,1001501168,1,초콜릿 포장지 함께,0.2512433622633344
bakery,qwen3,5052044,2,촬영 짙다 황금빛,0.24754913248875215
bakery,qwen3,5044138,1,층층이 쌓이다 단면,0.2773500981126146
bakery,qwen3,1001737665,2,층층이 쌓이다 모습,0.21320071635561041
bakery,qwen3,5044138,2,층층이 쌓이다 바삭,0.23214585557598508
bakery,qwen3,5044137,2,층층이 쌓이다 직사각형,0.28740504235985553
bakery,qwen3,5043336,1,치즈 다양 표시,0.18354322691433939
bakery,qwen3,1000234669,1,치즈 용기 뚜껑,0.3535533905932738
bakery,qwen3,1000831954,2,치즈 조각 호박,0.20851441405707477
bakery,qwen3,1000220024,1,치즈 채우다 모습,0.3914475335138893
bakery,qwen3,1000220024,2,치즈 채우다 보이다,0.29658948130752105
bakery,qwen3,5007270,2,치즈 토스트 조각,0.21320071635561041
bakery,qwen3,1000831954,1,치즈 토핑 올라가다,0.22690830068815948
bakery,qwen3,1001501168,1,카라멜 초콜릿 밀크,0.2512433622633344
bakery,qwen3,1002104461,2,캐러멜 같다 토핑,0.2147482918086519
bakery,qwen3,5097791,1,캐러멜 들어가다 황금빛,0.26726124191242434
bakery,qwen3,5097791,2,캐러멜 윗면 크림,0.21959108277272046
bakery,qwen3,5063069,1,캐릭터 그리다 상자,0.2386659745265889
bakery,qwen3,5132010,1,캐릭터 그리다 쿠키,0.18052759693938636
bakery,qwen3,1000528793,1,캐릭터 얼굴 그리다,0.20332375195335936
bakery,qwen3,1000528793,2,캐릭터 얼굴 그리다,0.3142596785154409
bakery,qwen3,5097791,2,커스터드 모습 보이다,0.21959108277272046
bakery,qwen3,1002104461,1,커피 즐기다 문구,0.21526439110400014
bakery,qwen3,5012764,2,케이크 가루 설탕,0.2163300645200962
bakery,qwen3,1000794499,2,케이크 겉면 황금빛,0.23584662993958308
bakery,qwen3,5044137,1,케이크 나무 케이크,0.21553482515310013
bakery,qwen3,1000794499,1,케이크 나무 포크,0.2041241452319315
bakery,qwen3,5044137,2,케이크 나무 희다,0.28740504235985553
bakery,qwen3,1000634077,1,케이크 담기다 배경,0.26726124191242434
bakery,qwen3,5044138,1,케이크 담기다 직사각형,0.2773500981126146
bakery,qwen3,1001737663,1,케이크 대리석 작다,0.21345155500060123
bakery,qwen3,1000794499,1,케이크 본체 갈색,0.2041241452319315
bakery,qwen3,5044138,2,케이크 자르다 단면,0.23214585557598508
bakery,qwen3,1000794499,1,케이크 작다 직사각,0.2041241452319315
bakery,qwen3,1000794499,2,케이크 전체 담기다,0.23584662993958308
bakery,qwen3,1001737663,1,케이크 조각 담기다,0.18339179371660663
bakery,qwen3,5012764,1,케이크 조각 담기다,0.2661338507476747
bakery,qwen3,5044137,2,케이크 조각 담기다,0.24693062667743387
bakery,qwen3,5074339,2,케이크 조각 쌓이다,0.3594848892142451
bakery,qwen3,1001737665,2,케이크 조각 자르다,0.21320071635561041
bakery,qwen3,5044137,1,케이크 초콜릿 크림,0.21553482515310013
bakery,qwen3,5044138,1,케이크 층층이 쌓이다,0.2773500981126146
bakery,qwen3,1001737663,2,케이크 크리미 식감,0.22643185196482757
bakery,qwen3,1001737665,2,케이크 크림 과일,0.21320071635561041
bakery,qwen3,1000794499,2,케이크 클로즈업 케이크,0.23584662993958308
bakery,qwen3,1000634077,2,케이크 페이스트리 모음,0.2773500981126146
bakery,qwen3,1001737665,1,케이크 흰색 담기다,0.31622776601683794
bakery,qwen3,1001737663,2,케이크 흰색 대리석,0.22643185196482757
bakery,qwen3,1001737663,1,케이크 흰색 분홍색,0.21345155500060123
bakery,qwen3,5007270,2,코스터 작다 우유,0.21320071635561041
bakery,qwen3,1000634077,2,코코넛 과일 글레이즈,0.2773500981126146
bakery,qwen3,1000870987,2,코코아 가루 숟가락,0.17750435126708827
bakery,qwen3,1001501168,2,코팅 밀크 크림,0.2367433988667238
bakery,qwen3,5057085,2,코팅 쿠키 쿠키,0.22449514793773553
bakery,qwen3,5132010,1,쿠키 12 격자,0.18052759693938636
bakery,qwen3,1001501168,1,쿠키 가지 밀크,0.2512433622633344
bakery,qwen3,1001501168,2,쿠키 내려다보다 모습,0.2367433988667238
bakery,qwen3,1002104461,1,쿠키 담기다 상자,0.21526439110400014
bakery,qwen3,5132010,2,쿠키 더미 들다,0.23743541354493353
bakery,qwen3,5132010,1,쿠키 더미 일러스트,0.18052759693938636
bakery,qwen3,5057085,2,쿠키 들다 오른쪽,0.22449514793773553
bakery,qwen3,5132010,2,쿠키 들다 투명,0.23743541354493353
bakery,qwen3,5116362,1,쿠키 부러지다 쿠키,0.33629780304614
bakery,qwen3,5116362,2,쿠키 부서지다 안쪽,0.30151134457776363
bakery,qwen3,5057085,2,쿠키 삼각 모양,0.22449514793773553
bakery,qwen3,5116362,1,쿠키 상자 밝다,0.33629780304614
bakery,qwen3,1000229955,2,쿠키 상자 연하다,0.2147482918086519
bakery,qwen3,1000229955,1,쿠키 상자 열다,0.3074347207656446
bakery,qwen3,5116362,2,쿠키 상자 쿠키,0.30151134457776363
bakery,qwen3,1002104461,2,쿠키 일부 겹쳐지다,0.2147482918086519
bakery,qwen3,5132010,1,쿠키 작다 토끼,0.18052759693938636
bakery,qwen3,1002104461,2,쿠키 잘리다 선명,0.2147482918086519
bakery,qwen3,1002104461,1,쿠키 초록색 테두리,0.21526439110400014
bakery,qwen3,5132010,2,쿠키 쿠키 더미,0.23743541354493353
bakery,qwen3,5057085,2,쿠키 쿠키 삼각,0.22449514793773553
bakery,qwen3,5132010,2,쿠키 쿠키 쿠키,0.23743541354493353
bakery,qwen3,1002104461,1,쿠키 크림 들어가다,0.21526439110400014
bakery,qwen3,1000229955,2,쿠키 투명 비닐,0.2147482918086519
bakery,qwen3,1001737665,2,크다 둥글다 초콜릿,0.21320071635561041
bakery,qwen3,1002202568,1,크다 상자 진열,0.31622776601683794
bakery,qwen3,1000635372,1,크다 작다 스프레드,0.29255204912250765
bakery,qwen3,5025646,1,크런치 적히다 스무스,0.22539417072819198
bakery,qwen3,1000637683,1,크런치 적히다 피넛,0.22360679774997896
bakery,qwen3,5063069,2,크리미 들어가다 둥글다,0.4472135954999579
bakery,qwen3,1001194675,2,크리미 땅콩 버터,0.2346589500563016
bakery,qwen3,5043336,2,크리미 스프레드 가득,0.219878175460249
bakery,qwen3,1001737663,2,크리미 식감 지니다,0.22643185196482757
bakery,qwen3,1000234669,2,크리미 토핑 용기,0.24253562503633297
bakery,qwen3,5012764,2,크리미 필링 들어가다,0.2163300645200962
bakery,qwen3,1000234669,2,크리미 흰색 스프레드,0.24253562503633297
bakery,qwen3,5122986,2,크리스피 크림 도넛 상자 3,0.22910138987364248
bakery,qwen3,5122986,1,크리스피 크림 도넛 상자 밝다,0.19651636405939107
bakery,qwen3,5043336,1,크림 같다 스프레드,0.18354322691433939
bakery,qwen3,1000870987,1,크림 같다 잘다,0.2773500981126146
bakery,qwen3,1000831954,2,크림 같다 재료,0.41702882811414954
bakery,qwen3,1001737665,2,크림 과일 층층이,0.21320071635561041
bakery,qwen3,5097791,2,크림 노란색 드러나다,0.21959108277272046
bakery,qwen3,1000400055,2,크림 들어가다 녹색,0.23570226039551587
bakery,qwen3,1002104461,1,크림 들어가다 다양,0.21526439110400014
bakery,qwen3,1001501168,2,크림 밝다 색상,0.2367433988667238
bakery,qwen3,1000870987,2,크림 버전 피스타치오,0.17750435126708827
bakery,qwen3,1002202568,2,크림 연하다 갈색,0.2537867757854293
bakery,qwen3,5044137,2,크림 층층이 쌓이다,0.28740504235985553
bakery,qwen3,5043336,1,크림 치즈 다양,0.18354322691433939
bakery,qwen3,1000234669,1,크림 치즈 용기,0.3535533905932738
bakery,qwen3,1001501168,1,크림 트다 카라멜,0.2512433622633344
bakery,qwen3,5044137,1,크림 필링 들다,0.21553482515310013
bakery,qwen3,1002104461,2,크림 흰색 캐러멜,0.2147482918086519
bakery,qwen3,5043336,2,크림치즈 다양 제품,0.219878175460249
bakery,qwen3,1000196053,2,클로즈업 자르다 녹색,0.2980867751201404
bakery,qwen3,1000794499,2,클로즈업 케이크 전체,0.23584662993958308
bakery,qwen3,5003416,1,타르트 들다 검은색,0.24367040961792302
bakery,qwen3,5097791,2,타르트 바삭바삭 황금빛,0.21959108277272046
bakery,qwen3,5097791,2,타르트 안쪽 커스터드,0.21959108277272046
bakery,qwen3,5097791,2,타르트 통째 잘리다,0.21959108277272046
bakery,qwen3,5003416,1,타르트 포크 작다,0.24367040961792302
bakery,qwen3,1000196053,1,타원 덩어리 나무,0.34139024917706645
bakery,qwen3,1000217187,1,타원 황금빛 갈색,0.3310306650688803
bakery,qwen3,1000659491,1,타원 황금빛 갈색,0.24950396766973434
bakery,qwen3,1001493094,1,타입 땅콩 버터,0.3836308569663512
bakery,qwen3,1000321559,1,타입 바삭 타입,0.27676732483245087
bakery,qwen3,1001493094,1,타입 바삭 타입,0.3296052398582897
bakery,qwen3,1001493094,2,타입 바삭 타입,0.32343271952144953
bakery,qwen3,1000321559,1,타입 회색 땅콩,0.3221322757229438
bakery,qwen3,1001493094,2,타입 회색 제품,0.3764465984045567
bakery,qwen3,1000637683,2,탁자 덩어리 씹히다,0.2819396155405876
bakery,qwen3,5044137,1,테두리 두르다 흰색,0.21553482515310013
bakery,qwen3,1002104461,1,테두리 흰색 가지런히,0.21526439110400014
bakery,qwen3,1002104461,2,테두리 흰색 바삭바삭,0.2147482918086519
bakery,qwen3,1000870987,2,테마 하다 디저트,0.17750435126708827
bakery,qwen3,5132010,2,토끼 그리다 흰색,0.23743541354493353
bakery,qwen3,5132010,1,토끼 캐릭터 그리다,0.18052759693938636
bakery,qwen3,5043336,1,토마토 블루베리 시나몬,0.18354322691433939
bakery,qwen3,5043336,2,토마토 시나몬 건포도,0.219878175460249
bakery,qwen3,5007270,2,토스트 조각 나무,0.21320071635561041
bakery,qwen3,1002104461,2,토핑 드러나다 쿠키,0.2147482918086519
bakery,qwen3,1000794499,1,토핑 올라가다 직사각형,0.2041241452319315
bakery,qwen3,1000831954,1,토핑 올라가다 황금빛,0.22690830068815948
bakery,qwen3,1000234669,2,토핑 용기 밝다,0.24253562503633297
bakery,qwen3,1000659491,2,통째 갈라지다 기공,0.23075381936094944
bakery,qwen3,1000635372,2,통째 되다 피스타치오,0.21959108277272046
bakery,qwen3,1000528793,2,통째 일부 썰다,0.3424720337434175
bakery,qwen3,5097791,2,통째 잘리다 황금빛,0.21959108277272046
bakery,qwen3,1000229955,2,투명 비닐 개별,0.19705763535742765
bakery,qwen3,5057085,1,투명 비닐 개별,0.185288904806758
bakery,qwen3,1000217187,1,투명 비닐 봉지,0.3310306650688803
bakery,qwen3,5057085,2,투명 비닐 봉지,0.20600155945009366
bakery,qwen3,5132010,1,투명 플라스틱 쟁반,0.18052759693938636
bakery,qwen3,5132010,2,투명 플라스틱 트레이,0.23743541354493353
bakery,qwen3,1001501168,1,트다 카라멜 초콜릿,0.2512433622633344
bakery,qwen3,5057085,1,트리 3 4,0.20192303498504036
bakery,qwen3,5097791,1,트리 4 들다,0.26726124191242434
bakery,qwen3,5057085,1,트리 투명 비닐,0.20192303498504036
bakery,qwen3,1000870987,2,티라미수 뚜껑 열리다,0.17750435126708827
bakery,qwen3,1000634077,1,파도 항해 그리다,0.26726124191242434
bakery,qwen3,1000352096,2,파란색 노란색 포장지,0.37796447300922725
bakery,qwen3,1000400055,1,파란색 봉지 밝다,0.24442515982690913
bakery,qwen3,1000400055,1,파란색 상자 작다,0.24442515982690913
bakery,qwen3,5044137,1,파란색 테두리 두르다,0.21553482515310013
bakery,qwen3,1000352096,2,파란색 파란색 노란색,0.37796447300922725
bakery,qwen3,5040946,2,파란색 흰색 무늬,0.2604822292429278
bakery,qwen3,5040946,1,파스키 마카롱 상자,0.2697959518718045
bakery,qwen3,1000352096,1,파스키 슬라이스 브리오슈,0.408248290463863
bakery,qwen3,1000229955,1,파스텔 그림 그리다,0.3074347207656446
bakery,qwen3,5063069,1,판지 상자 상자,0.2386659745265889
bakery,qwen3,1001385477,2,패션프루트 라즈베리 담기다,0.23233152711779337
bakery,qwen3,1001385477,1,패션프루트 로얄 6,0.23233152711779337
bakery,qwen3,5057085,1,페이스 트리 3,0.20192303498504036
bakery,qwen3,5097791,1,페이스 트리 4,0.26726124191242434
bakery,qwen3,5057085,1,페이스 트리 투명,0.20192303498504036
bakery,qwen3,5003416,2,페이스트리 16 들다,0.23199291602824187
bakery,qwen3,5097791,1,페이스트리 4 담기다,0.26726124191242434
bakery,qwen3,5097791,2,페이스트리 껍질 감싸이다,0.21959108277272046
bakery,qwen3,1000831954,1,페이스트리 다양 종류,0.22690830068815948
bakery,qwen3,1000634077,2,페이스트리 모음 초콜릿,0.2773500981126146
bakery,qwen3,5012764,2,평온 분위기 완성,0.2163300645200962
bakery,qwen3,5097791,1,포르투갈식 페이스 트리,0.26726124191242434
bakery,qwen3,5128440,1,포장 덩이 보이다,0.2843467170358239
bakery,qwen3,5116362,2,포장 되다 초록색,0.30151134457776363
bakery,qwen3,1000229955,2,포장 둥글다 모양,0.2147482918086519
bakery,qwen3,1000528793,1,포장 베이글 포장지,0.22157694289242963
bakery,qwen3,5057085,1,포장 상자 주황색,0.20192303498504036
bakery,qwen3,1000229955,1,포장 쿠키 9,0.3074347207656446
bakery,qwen3,5132010,2,포장 쿠키 들다,0.23743541354493353
bakery,qwen3,1002104461,1,포장 쿠키 크림,0.21526439110400014
bakery,qwen3,5063069,1,포장재 갈색 판지,0.2386659745265889
bakery,qwen3,1002202568,1,포장지 같다 제품,0.31622776601683794
bakery,qwen3,1000528793,1,포장지 만화 캐릭터,0.20332375195335936
bakery,qwen3,1000528793,2,포장지 만화 캐릭터,0.3142596785154409
bakery,qwen3,1000659491,1,포장지 브랜드 이름,0.2719029423009716
bakery,qwen3,1002202568,2,포장지 크림 연하다,0.2537867757854293
bakery,qwen3,1001501168,1,포장지 함께 작다,0.2512433622633344
bakery,qwen3,5040946,1,포크 꽂히다 마카롱,0.2697959518718045
bakery,qwen3,1000794499,1,포크 배경 녹색,0.2041241452319315
bakery,qwen3,1000794499,2,포크 함께 조각,0.23584662993958308
bakery,qwen3,5044137,2,포크 함께 케이크,0.28740504235985553
bakery,qwen3,1000217187,2,폭신폭신 모습 드러나다,0.4242572677647552
bakery,qwen3,5052044,2,폭신폭신 부풀다 오르다,0.24754913248875215
bakery,qwen3,1000128336,1,폭신폭신 속살 가지다,0.27905073787968643
bakery,qwen3,5052044,1,폭신폭신 속살 드러나다,0.2190433138079133
bakery,qwen3,1001556191,1,폭신폭신 속살 지니다,0.25334561146307905
bakery,qwen3,1000128336,2,폭신폭신 속살 호두,0.2653717088944678
bakery,qwen3,1001556191,2,폭신폭신 수제 덩어리,0.31660558735168415
bakery,qwen3,5052041,2,폭신폭신 수제 덩어리,0.3103790436680933
bakery,qwen3,5074339,2,폭신폭신 케이크 조각,0.3594848892142451
bakery,qwen3,5063069,1,폭신폭신 포장재 갈색,0.2386659745265889
bakery,qwen3,5052041,1,표면 구겨지다 밝다,0.2980867751201404
bakery,qwen3,1000234669,2,표면 뚜껑 열다,0.24253562503633297
bakery,qwen3,5052044,1,표면 배경 나무,0.2190433138079133
bakery,qwen3,5115048,1,표면 피라미드 모양,0.1670335479285673
bakery,qwen3,5052044,2,풍미 가득 짐작,0.24754913248875215
bakery,qwen3,1000234669,2,프레시 크리미 토핑,0.24253562503633297
bakery,qwen3,5132010,1,플라스틱 쟁반 둥글다,0.18052759693938636
bakery,qwen3,5132010,2,플라스틱 트레이 구성,0.23743541354493353
bakery,qwen3,1001501168,1,플랫 레이 연출,0.2512433622633344
bakery,qwen3,1001501168,2,플레인 초콜릿 코팅,0.2367433988667238
bakery,qwen3,1000637683,1,피넛 버터 베이지,0.22360679774997896
bakery,qwen3,1000637683,1,피넛 버터 숟가락,0.22360679774997896
bakery,qwen3,1000637683,1,피넛 버터 오리지널,0.22360679774997896
bakery,qwen3,1000637683,1,피넛 버터 크런치,0.22360679774997896
bakery,qwen3,5115048,1,피라미드 모양 쌓이다,0.1670335479285673
bakery,qwen3,1000635372,2,피스타치오 견과 주재료,0.21959108277272046
bakery,qwen3,1000635372,2,피스타치오 껍질 깨지다,0.21959108277272046
bakery,qwen3,1000870987,1,피스타치오 들다 빨간색,0.2773500981126146
bakery,qwen3,1000635372,1,피스타치오 버터 담기다,0.29255204912250765
bakery,qwen3,1000870987,2,피스타치오 얹다 노란색,0.17750435126708827
bakery,qwen3,1000635372,2,피스타치오 흩어지다 고소하다,0.21959108277272046
bakery,qwen3,1000234669,1,필라델피아 오리지널 크림,0.3535533905932738
bakery,qwen3,1000234669,2,필라델피아 오리지널 프레시,0.24253562503633297
bakery,qwen3,5044137,1,필링 들다 파란색,0.21553482515310013
bakery,qwen3,5012764,2,필링 들어가다 바닐라,0.2163300645200962
bakery,qwen3,5040946,1,하늘색 배경 파스키,0.2697959518718045
bakery,qwen3,1000870987,2,하다 디저트 진열대,0.17750435126708827
bakery,qwen3,1000635372,2,하다 보이다 황록색,0.21959108277272046
bakery,qwen3,5043336,1,하다 영어 한국어,0.18354322691433939
bakery,qwen3,1000870987,1,하트 모양 디저트,0.2773500981126146
bakery,qwen3,1000870987,2,하트 모양 하트,0.17750435126708827
bakery,qwen3,1000870987,2,하트 티라미수 뚜껑,0.17750435126708827
bakery,qwen3,1002202568,2,한국 땅콩 적히다,0.2537867757854293
bakery,qwen3,5071363,1,한국어 되다 글자,0.3129565424152081
bakery,qwen3,5043336,1,한국어 되다 브랜드,0.18354322691433939
bakery,qwen3,5132010,1,한국어 리얼 브라우니쿠키,0.18052759693938636
bakery,qwen3,5071363,2,한국어 문구 딸기,0.3424720337434175
bakery,qwen3,1000794499,1,한국어 문구 로고,0.2041241452319315
bakery,qwen3,1000321559,1,한국어 영어 되다,0.3221322757229438
bakery,qwen3,1001194675,2,한국어 적히다 땅콩,0.2346589500563016
bakery,qwen3,1000528793,1,함께 배경 밝다,0.22157694289242963
bakery,qwen3,5007270,1,함께 썰다 차리다,0.20923419373095836
bakery,qwen3,1001501168,1,함께 작다 담다,0.2512433622633344
bakery,qwen3,1000794499,2,함께 조각 케이크,0.23584662993958308
bakery,qwen3,1000637683,1,함께 진열 적히다,0.22360679774997896
bakery,qwen3,5044137,2,함께 케이크 조각,0.28740504235985553
bakery,qwen3,5115048,1,함량 70 적히다,0.1670335479285673
bakery,qwen3,1000634077,1,항해 그리다 일본화,0.26726124191242434
bakery,qwen3,1000831954,2,허브 나다 크림,0.20851441405707477
bakery,qwen3,1000128336,1,호두 듬뿍 들어가다,0.27905073787968643
bakery,qwen3,1000128336,2,호두 듬뿍 박히다,0.2653717088944678
bakery,qwen3,1000831954,2,호박 들어가다 크림,0.20851441405707477
bakery,qwen3,1000229955,2,혼합 쿠키 상자,0.2147482918086519
bakery,qwen3,1000220024,2,황금빛 갈색 6,0.29658948130752105
bakery,qwen3,1000894225,2,황금빛 갈색 겉면,0.252469981926456
bakery,qwen3,5128440,1,황금빛 갈색 겉면,0.2609226420792865
bakery,qwen3,5074339,1,황금빛 갈색 과자,0.30151134457776363
bakery,qwen3,5122986,2,황금빛 갈색 글레이즈,0.22910138987364248
bakery,qwen3,1000128336,2,황금빛 갈색 껍질,0.1906286579865375
bakery,qwen3,1000196053,2,황금빛 갈색 껍질,0.21412938907999687
bakery,qwen3,1000659491,2,황금빛 갈색 껍질,0.1657610417225704
bakery,qwen3,1000894225,1,황금빛 갈색 껍질,0.2249219311188166
bakery,qwen3,5052041,1,황금빛 갈색 껍질,0.21412938907999687
bakery,qwen3,5138995,1,황금빛 갈색 껍질,0.17293630298592708
bakery,qwen3,5138995,2,황금빛 갈색 껍질,0.2156482237582621
bakery,qwen3,5122986,1,황금빛 갈색 도넛,0.19651636405939107
bakery,qwen3,1000217187,1,황금빛 갈색 둥글다,0.36074861920921
bakery,qwen3,1000217187,2,황금빛 갈색 띠다,0.31627338450132675
bakery,qwen3,1000794499,2,황금빛 갈색 띠다,0.17581787642017277
bakery,qwen3,1001556191,2,황금빛 갈색 띠다,0.2572103148984283
bakery,qwen3,1001737663,2,황금빛 갈색 띠다,0.16879939041970304
bakery,qwen3,5044138,2,황금빛 갈색 띠다,0.17305903992594474
bakery,qwen3,5063069,1,황금빛 갈색 띠다,0.17791962864071986
bakery,qwen3,5097791,1,황금빛 갈색 바삭바삭,0.26726124191242434
bakery,qwen3,1000659491,1,황금빛 갈색 베이글,0.2719029423009716
bakery,qwen3,5131242,2,황금빛 갈색 브레드,0.25956932078398126
bakery,qwen3,1000196053,1,황금빛 갈색 속살,0.34139024917706645
bakery,qwen3,1000220024,1,황금빛 갈색 잘리다,0.3914475335138893
bakery,qwen3,1002104461,2,황금빛 갈색 직사각형,0.19705763535742765
bakery,qwen3,5131242,1,황금빛 갈색 직사각형,0.23054629422140802
bakery,qwen3,1000831954,1,황금빛 갈색 페이스트리,0.19495346507206976
bakery,qwen3,5003416,2,황금빛 갈색 페이스트리,0.1993220288315329
bakery,qwen3,5097791,2,황금빛 갈색 페이스트리,0.188666709660408
bakery,qwen3,1000447291,1,황금빛 껍질 감도,0.28254802970143483
bakery,qwen3,5052044,2,황금빛 껍질 띠다,0.24754913248875215
bakery,qwen3,1000794499,1,황금빛 노란색 케이크,0.2041241452319315
bakery,qwen3,5097791,2,황금빛 캐러멜 윗면,0.21959108277272046
bakery,qwen3,5063069,2,황금빛 페이스트리 담기다,0.4472135954999579
bakery,qwen3,1000635372,2,황록색 띠다 가득,0.21959108277272046
bakery,qwen3,1000321559,1,회색 땅콩 버터,0.27676732483245087
bakery,qwen3,1001194675,1,회색 땅콩 버터,0.3947070515024559
bakery,qwen3,1001493094,1,회색 땅콩 버터,0.3296052398582897
bakery,qwen3,1000400055,1,회색 마카롱 제품,0.24442515982690913
bakery,qwen3,5074339,2,회색 배경 배경,0.3594848892142451
bakery,qwen3,5122986,1,회색 열리다 모습,0.19651636405939107
bakery,qwen3,5131242,2,회색 올리브 보이다,0.25956932078398126
bakery,qwen3,1001493094,2,회색 제품 함께,0.3764465984045567
bakery,qwen3,5025646,1,회색 진열 스무스,0.22539417072819198
bakery,qwen3,1000321559,2,회색 질감 느끼다,0.2604822292429278
bakery,qwen3,1000234669,1,회색 필라델피아 오리지널,0.3535533905932738
bakery,qwen3,5116362,1,회색 희다 정사각형,0.33629780304614
bakery,qwen3,5131242,2,흩뿌리다 직사각형 황금빛,0.25956932078398126
bakery,qwen3,5131242,1,흩뿌리다 황금빛 갈색,0.2512433622633344
bakery,qwen3,1000635372,2,흩어지다 고소하다 견과,0.21959108277272046
bakery,qwen3,1000659491,1,흩어지다 적히다 포장지,0.2719029423009716
bakery,qwen3,1000321559,2,흩어지다 회색 질감,0.2604822292429278
bakery,qwen3,5012764,1,희다 꽂히다 작다,0.28423862377767495
bakery,qwen3,5012764,2,희다 꽂히다 작다,0.19850910390027343
bakery,qwen3,1000794499,2,희다 나무 포크,0.2164179226362541
bakery,qwen3,5044137,2,희다 나무 포크,0.2637290269470386
bakery,qwen3,1001556191,2,희다 담다 모습,0.3450285442506521
bakery,qwen3,5128440,2,희다 덩어리 밝다,0.318755493123646
bakery,qwen3,1000894225,1,희다 덩어리 얇다,0.3131109344171084
bakery,qwen3,5138995,2,희다 덩어리 조각,0.30020112538812527
bakery,qwen3,1000447291,1,희다 덩이 비닐,0.28254802970143483
bakery,qwen3,1000894225,2,희다 덩이 조각,0.27513522758621706
bakery,qwen3,5138995,1,희다 덩이 희다,0.24074240850243997
bakery,qwen3,1000447291,1,희다 식탁보 우유,0.25927212802920085
bakery,qwen3,1000447291,2,희다 식탁보 우유,0.3310306650688803
bakery,qwen3,5138995,1,희다 식탁보 적히다,0.24074240850243997
bakery,qwen3,5116362,1,희다 정사각형 쿠키,0.33629780304614
bakery,qwen3,1000447291,2,희다 조각 쌓이다,0.36074861920921
bakery,qwen3,5012764,2,희다 조각 작다,0.2163300645200962
bakery,qwen3,5063069,2,희다 크리미 들어가다,0.4472135954999579
bakery,qwen3,5044137,2,희다 크림 층층이,0.28740504235985553
bakery,qwen3,1000831954,1,흰색 가루 설탕,0.22690830068815948
bakery,qwen3,5115048,2,흰색 각각 녹색,0.17083595803515583
bakery,qwen3,1001194675,2,흰색 나무 숟가락,0.2346589500563016
bakery,qwen3,1002202568,2,흰색 넛츠 그린,0.2537867757854293
bakery,qwen3,5074339,2,흰색 노릇노릇 폭신폭신,0.3594848892142451
bakery,qwen3,5122986,1,흰색 녹색 빨간색,0.18032762768184596
bakery,qwen3,5122986,2,흰색 녹색 빨간색,0.21022834577807445
bakery,qwen3,1000634077,1,흰색 다양 종류,0.26726124191242434
bakery,qwen3,1001501168,2,흰색 담기다 일부,0.2367433988667238
bakery,qwen3,1001737665,1,흰색 담기다 조각,0.31622776601683794
bakery,qwen3,1001737663,2,흰색 담기다 케이크,0.22643185196482757
bakery,qwen3,1001737665,1,흰색 대리석 상자,0.31622776601683794
bakery,qwen3,1001737665,2,흰색 대리석 윗면,0.21320071635561041
bakery,qwen3,1001737663,2,흰색 대리석 전경,0.22643185196482757
bakery,qwen3,5007270,1,흰색 드러나다 단면,0.20923419373095836
bakery,qwen3,1000321559,2,흰색 띄다 땅콩,0.2604822292429278
bakery,qwen3,5040946,2,흰색 무늬 들어가다,0.2604822292429278
bakery,qwen3,1001737663,1,흰색 무스 케이크,0.21345155500060123
bakery,qwen3,1002104461,2,흰색 바삭바삭 식감,0.2147482918086519
bakery,qwen3,1000870987,2,흰색 받침대 진열,0.17750435126708827
bakery,qwen3,1000637683,2,흰색 베이지 탁자,0.2819396155405876
bakery,qwen3,1001737663,1,흰색 분홍색 대리석,0.21345155500060123
bakery,qwen3,5132010,2,흰색 상자 개별,0.23743541354493353
bakery,qwen3,5138995,1,흰색 상자 기공,0.24074240850243997
bakery,qwen3,5044137,1,흰색 상자 상자,0.1977793752124056
bakery,qwen3,5132010,1,흰색 상자 상자,0.16565599227830985
bakery,qwen3,5074339,1,흰색 상자 악기,0.30151134457776363
bakery,qwen3,1002104461,1,흰색 상자 초록색,0.21526439110400014
bakery,qwen3,1000234669,2,흰색 스프레드 소용돌이,0.24253562503633297
bakery,qwen3,1000400055,2,흰색 아이싱 초콜릿,0.23570226039551587
bakery,qwen3,5012764,1,흰색 연하다 가루,0.3097558681833487
bakery,qwen3,1001737665,2,흰색 올리다 초콜릿,0.21320071635561041
bakery,qwen3,1000635372,2,흰색 주변 통째,0.21959108277272046
bakery,qwen3,5007270,1,흰색 주전자 숟가락,0.20923419373095836
bakery,qwen3,5043336,2,흰색 진열 적히다,0.219878175460249
bakery,qwen3,1000634077,2,흰색 진열대 올리다,0.2773500981126146
bakery,qwen3,1002104461,2,흰색 캐러멜 같다,0.2147482918086519
bakery,qwen3,5044138,1,흰색 케이크 층층이,0.2773500981126146
bakery,qwen3,1001737663,2,흰색 케이크 흰색,0.22643185196482757
bakery,qwen3,1000400055,2,흰색 크림 들어가다,0.23570226039551587
bakery,qwen3,1001556191,1,흰색 타원 담기다,0.25334561146307905
bakery,qwen3,5115048,1,흰색 표면 피라미드,0.1670335479285673
bakery,qwen3,1000400055,1,흰색 함께 보이다,0.24442515982690913
bakery,qwen3,5074339,1,흰색 황금빛 갈색,0.30151134457776363
convenience_meals,hyperclovax,1000165839,1,1 크다 상자,0.5
convenience_meals,hyperclovax,1001485256,1,210 6 상자,0.7071067811865475
convenience_meals,hyperclovax,1000185462,2,6 가지 브랜드,0.5773502691896258
convenience_meals,hyperclovax,1000185462,1,6 가지 종류,0.5
convenience_meals,hyperclovax,1001485256,2,6 개입 상품,0.4795053693868166
convenience_meals,hyperclovax,1000202889,2,6 개입 제품,0.4795053693868166
convenience_meals,hyperclovax,1000165839,2,6 개입 햇반,0.5773502691896258
convenience_meals,hyperclovax,1000308975,1,99 강정 포장,0.5
convenience_meals,hyperclovax,1000185462,2,가지 브랜드 주먹밥,0.5773502691896258
convenience_meals,hyperclovax,1000185462,1,가지 종류 냉동,0.5
convenience_meals,hyperclovax,5135831,1,각각 종류 한식,0.3535533905932738
convenience_meals,hyperclovax,1001207466,1,갈비 담기다 냄비,0.37796447300922725
convenience_meals,hyperclovax,5060255,1,갈색 소스 버무리다,0.408248290463863
convenience_meals,hyperclovax,1001929136,1,갈색 소스 뿌리다,0.43012242830439434
convenience_meals,hyperclovax,1001837821,1,갈색 소스 조리,0.37282555175072324
convenience_meals,hyperclovax,1001837821,2,갈색 소스 조리,0.408248290463863
convenience_meals,hyperclovax,1001837821,1,감자 담기다 흰색,0.4074391338232161
convenience_meals,hyperclovax,1000308975,1,강정 조각 포크,0.5
convenience_meals,hyperclovax,1000308975,1,강정 포장 강정,0.5
convenience_meals,hyperclovax,1000165839,2,개입 햇반 작은공기,0.5773502691896258
convenience_meals,hyperclovax,1000572062,1,검은색 냄비 담기다,0.6750746586627775
convenience_meals,hyperclovax,1000572062,2,검은색 냄비 담기다,0.4671211510297617
convenience_meals,hyperclovax,1001706193,2,검은색 뚝배기 담기다,0.5936721383514006
convenience_meals,hyperclovax,1000811962,1,검은색 프라이팬 담기다,0.5936721383514006
convenience_meals,hyperclovax,5072582,2,계란 샐러드 담기다,0.3535533905932738
convenience_meals,hyperclovax,1002382999,2,고기 넣다 국물,0.5311989946812057
convenience_meals,hyperclovax,1002382999,1,고기 들어가다 국물,0.5311989946812057
convenience_meals,hyperclovax,1001861172,2,고기 들어가다 음식,0.408248290463863
convenience_meals,hyperclovax,5073094,2,고기 얹다 음식,0.7071067811865475
convenience_meals,hyperclovax,1000942597,1,고추 들어가다 파스타,0.408248290463863
convenience_meals,hyperclovax,1001191650,2,곤약 젤리 제품,0.5
convenience_meals,hyperclovax,1000202889,2,골든 쌀밥 6,0.4387694727101045
convenience_meals,hyperclovax,1001485256,2,골든 쌀밥 6,0.4387694727101045
convenience_meals,hyperclovax,1001485256,1,골든콘샌드밥 210 6,0.7071067811865475
convenience_meals,hyperclovax,1000165839,1,공기 1 크다,0.5
convenience_meals,hyperclovax,1001191650,1,과자 패키지 제품,0.5
convenience_meals,hyperclovax,5066426,2,구성 샐러드 용기,0.447213595499958
convenience_meals,hyperclovax,1001861172,2,국물 다양 채소,0.408248290463863
convenience_meals,hyperclovax,5088325,2,국물 담기다 담기다,0.6051574812262961
convenience_meals,hyperclovax,1001207466,2,국물 요리 담기다,0.33224721809509755
convenience_meals,hyperclovax,1002382999,1,국물 요리 담기다,0.39176891677241205
convenience_meals,hyperclovax,1002382999,2,국물 요리 담기다,0.39176891677241205
convenience_meals,hyperclovax,5090388,1,국물 요리 담기다,0.2576024136008842
convenience_meals,hyperclovax,5090388,2,국물 요리 담기다,0.6741516426968246
convenience_meals,hyperclovax,5156742,2,국물 요리 담기다,0.6741516426968246
convenience_meals,hyperclovax,5073094,2,국수 고기 얹다,0.7071067811865475
convenience_meals,hyperclovax,5090388,1,국수 만두 채소,0.349282797266263
convenience_meals,hyperclovax,5063596,1,그라놀라 제품 나란히,0.2672612419124244
convenience_meals,hyperclovax,5063596,1,그라놀라 제품 적히다,0.2672612419124244
convenience_meals,hyperclovax,1001401863,1,김치 들어가다 볶음밥,0.7071067811865475
convenience_meals,hyperclovax,1001401863,2,김치 섞이다 볶음밥,0.5773502691896258
convenience_meals,hyperclovax,1001929136,1,나다 갈색 소스,0.43012242830439434
convenience_meals,hyperclovax,1001929136,2,나다 소스 뿌리다,0.47644711072752316
convenience_meals,hyperclovax,1000308975,2,나다 양념 치킨,0.5773502691896258
convenience_meals,hyperclovax,5063596,1,나란히 제품 브랜드,0.2672612419124244
convenience_meals,hyperclovax,1001946226,2,나물 무침 담기다,0.447213595499958
convenience_meals,hyperclovax,1001946226,1,나물 반찬 올리다,0.5773502691896258
convenience_meals,hyperclovax,1001207466,1,냄비 닭갈비 재료,0.37796447300922725
convenience_meals,hyperclovax,1000572062,2,냄비 담기다 소고기,0.5104892523389141
convenience_meals,hyperclovax,1000572062,1,냄비 담기다 육개장,0.7377494189976258
convenience_meals,hyperclovax,1000185462,1,냉동 주먹밥 제품,0.5
convenience_meals,hyperclovax,1002382999,2,넣다 국물 요리,0.5311989946812057
convenience_meals,hyperclovax,1000170826,2,노란색 배경 담기다,0.2773500981126146
convenience_meals,hyperclovax,1001191650,2,다양 곤약 젤리,0.5
convenience_meals,hyperclovax,1000127954,1,다양 버루카 포장,0.7071067811865475
convenience_meals,hyperclovax,5066426,1,다양 샐러드 나란히,0.5
convenience_meals,hyperclovax,5063596,1,다양 이름 적히다,0.2672612419124244
convenience_meals,hyperclovax,5066426,2,다양 재료 구성,0.447213595499958
convenience_meals,hyperclovax,1001866269,1,다양 재료 담기다,1.0
convenience_meals,hyperclovax,1001866269,2,다양 재료 담기다,0.4671211510297617
convenience_meals,hyperclovax,5009669,1,다양 재료 들다,0.5
convenience_meals,hyperclovax,1001207466,2,다양 재료 들어가다,0.45049359630608476
convenience_meals,hyperclovax,1001191650,1,다양 종류 과자,0.5
convenience_meals,hyperclovax,5063596,2,다양 종류 그래놀라,0.7071067811865475
convenience_meals,hyperclovax,1001861172,2,다양 채소 고기,0.408248290463863
convenience_meals,hyperclovax,5072582,1,달걀 샐러드 담기다,0.5773502691896258
convenience_meals,hyperclovax,5063596,1,달리다 그라놀라 제품,0.2672612419124244
convenience_meals,hyperclovax,1001207466,1,닭갈비 재료 담기다,0.37796447300922725
convenience_meals,hyperclovax,1002309661,1,닭고기 요리 담기다,0.551950331981027
convenience_meals,hyperclovax,1002309661,2,닭고기 요리 담기다,0.551950331981027
convenience_meals,hyperclovax,5050290,1,닭고기 요리 담기다,0.4680400445913073
convenience_meals,hyperclovax,5050290,2,닭고기 요리 담기다,0.4680400445913073
convenience_meals,hyperclovax,1000811962,2,담기다 검은색 프라이팬,0.5936721383514006
convenience_meals,hyperclovax,1001861172,1,담기다 국물 요리,1.0
convenience_meals,hyperclovax,5156742,1,담기다 국물 요리,1.0
convenience_meals,hyperclovax,5073094,1,담기다 국수 요리,1.0
convenience_meals,hyperclovax,5088325,1,담기다 국수 요리,1.0
convenience_meals,hyperclovax,5088325,2,담기다 국수 요리,0.5172705731352695
convenience_meals,hyperclovax,1001207466,1,담기다 냄비 닭갈비,0.37796447300922725
convenience_meals,hyperclovax,5009669,2,담기다 다양 샐러드,1.0
convenience_meals,hyperclovax,5063596,2,담기다 다양 종류,0.7071067811865475
convenience_meals,hyperclovax,5072582,1,담기다 달걀 샐러드,0.5773502691896258
convenience_meals,hyperclovax,5049405,2,담기다 닭고기 요리,1.0
convenience_meals,hyperclovax,5088325,2,담기다 담기다 국수,0.6051574812262961
convenience_meals,hyperclovax,1000832403,2,담기다 뜨다 들다,0.5
convenience_meals,hyperclovax,1000765126,1,담기다 만두 만두,0.7071067811865475
convenience_meals,hyperclovax,1001502057,1,담기다 반찬 식탁,0.447213595499958
convenience_meals,hyperclovax,5135831,1,담기다 상단 해당,0.3535533905932738
convenience_meals,hyperclovax,1000169817,1,담기다 상온 제품,0.408248290463863
convenience_meals,hyperclovax,1000572062,2,담기다 소고기 국물,0.5104892523389141
convenience_meals,hyperclovax,5072582,2,담기다 우유 담기다,0.3535533905932738
convenience_meals,hyperclovax,1001502057,1,담기다 작다 담기다,0.447213595499958
convenience_meals,hyperclovax,5060255,1,담기다 짙다 갈색,0.408248290463863
convenience_meals,hyperclovax,1001946226,2,담기다 참기름 뿌리다,0.447213595499958
convenience_meals,hyperclovax,1000170826,2,담기다 콘도그 왼쪽,0.2773500981126146
convenience_meals,hyperclovax,1001207466,1,담기다 포장 상자,0.37796447300922725
convenience_meals,hyperclovax,1001866269,2,담기다 한국식 전골,0.5104892523389141
convenience_meals,hyperclovax,5090388,1,담기다 함께 국수,0.349282797266263
convenience_meals,hyperclovax,1000811962,1,담기다 해산물 요리,0.5432373185731546
convenience_meals,hyperclovax,1001706193,2,담기다 해산물 요리,0.5432373185731546
convenience_meals,hyperclovax,1000619042,1,담기다 흰색 새우,0.408248290463863
convenience_meals,hyperclovax,1000202889,1,동일 상자 뚜껑,0.316227766016838
convenience_meals,hyperclovax,1002382999,2,두부 고기 넣다,0.5311989946812057
convenience_meals,hyperclovax,1002382999,1,두부 고기 들어가다,0.5311989946812057
convenience_meals,hyperclovax,1000832403,2,들다 나무 숟가락,0.5
convenience_meals,hyperclovax,1000169817,2,들다 상온 제품,0.7071067811865475
convenience_meals,hyperclovax,5009669,1,들다 샐러드 담기다,0.5
convenience_meals,hyperclovax,1002382999,1,들어가다 국물 요리,0.5311989946812057
convenience_meals,hyperclovax,1001207466,2,들어가다 보이다 국물,0.45049359630608476
convenience_meals,hyperclovax,1001401863,1,들어가다 볶음밥 담기다,0.7071067811865475
convenience_meals,hyperclovax,1001861172,2,들어가다 음식 담기다,0.408248290463863
convenience_meals,hyperclovax,1000942597,1,들어가다 파스타 담기다,0.408248290463863
convenience_meals,hyperclovax,5063596,1,뚜껑 달리다 그라놀라,0.2672612419124244
convenience_meals,hyperclovax,1000202889,1,뚜껑 담기다 흰색,0.316227766016838
convenience_meals,hyperclovax,1001706193,2,뚝배기 담기다 해산물,0.5936721383514006
convenience_meals,hyperclovax,1000832403,2,뜨다 들다 나무,0.5
convenience_meals,hyperclovax,1000619042,1,만두 그리다 포장지,0.408248290463863
convenience_meals,hyperclovax,1000619042,1,만두 담기다 흰색,0.408248290463863
convenience_meals,hyperclovax,1000765126,1,만두 만두 포장지,0.7071067811865475
convenience_meals,hyperclovax,5090388,1,만두 채소 함께,0.349282797266263
convenience_meals,hyperclovax,1001207695,2,만들다 한우 주먹밥,0.7071067811865475
convenience_meals,hyperclovax,5050290,1,매콤하다 양념 버무리다,0.5300363352252062
convenience_meals,hyperclovax,5050290,2,매콤하다 양념 버무리다,0.5300363352252062
convenience_meals,hyperclovax,1000029142,2,모양 샌드위치 모습,0.5773502691896258
convenience_meals,hyperclovax,1001946226,2,무침 담기다 참기름,0.447213595499958
convenience_meals,hyperclovax,1001422945,1,미미네 엣날떡볶이 담기다,0.7071067811865475
convenience_meals,hyperclovax,1001946226,1,반찬 올리다 모습,0.5773502691896258
convenience_meals,hyperclovax,1000170826,2,배경 담기다 콘도그,0.2773500981126146
convenience_meals,hyperclovax,1000127954,1,버루카 포장 스낵,0.7071067811865475
convenience_meals,hyperclovax,5060255,1,버무리다 고기 음식,0.408248290463863
convenience_meals,hyperclovax,1002309661,1,버무리다 닭고기 요리,0.551950331981027
convenience_meals,hyperclovax,1002309661,2,버무리다 닭고기 요리,0.551950331981027
convenience_meals,hyperclovax,5050290,1,버무리다 닭고기 요리,0.4680400445913073
convenience_meals,hyperclovax,5050290,2,버무리다 닭고기 요리,0.4680400445913073
convenience_meals,hyperclovax,1000942597,2,버무리다 파스타 담기다,0.5773502691896258
convenience_meals,hyperclovax,1000942597,1,버섯 붉다 고추,0.408248290463863
convenience_meals,hyperclovax,1001207466,2,보이다 국물 요리,0.3640063172619531
convenience_meals,hyperclovax,5090388,1,보이다 국물 요리,0.2822263085610225
convenience_meals,hyperclovax,5090388,2,보이다 국물 요리,0.7385929614132354
convenience_meals,hyperclovax,5156742,2,보이다 국물 요리,0.7385929614132354
convenience_meals,hyperclovax,1001706193,1,보이다 해산물 요리,0.6240328570110744
convenience_meals,hyperclovax,1001502057,1,볶음밥 담기다 작다,0.447213595499958
convenience_meals,hyperclovax,1001401863,2,볶음밥 담기다 흰색,0.5773502691896258
convenience_meals,hyperclovax,1000029142,1,봉지 흰색 샌드위치,0.5
convenience_meals,hyperclovax,1000942597,1,붉다 고추 들어가다,0.408248290463863
convenience_meals,hyperclovax,1001861172,2,붉다 국물 다양,0.408248290463863
convenience_meals,hyperclovax,5066426,1,브랜드 다양 샐러드,0.5
convenience_meals,hyperclovax,1000185462,2,브랜드 주먹밥 제품,0.5773502691896258
convenience_meals,hyperclovax,5063596,1,브랜드 함께 그라놀라,0.2672612419124244
convenience_meals,hyperclovax,1000832403,1,브랜드 현미밥 상품,0.7071067811865475
convenience_meals,hyperclovax,1000202889,1,브랜드 홀드큰쌀밥 제품,0.316227766016838
convenience_meals,hyperclovax,1000029142,1,비닐 봉지 흰색,0.5
convenience_meals,hyperclovax,5063596,1,빨간색 뚜껑 달리다,0.2672612419124244
convenience_meals,hyperclovax,1002066864,1,빨간색 소스 요리,0.7071067811865475
convenience_meals,hyperclovax,1001929136,1,뿌리다 튀김 요리,0.39358180974958984
convenience_meals,hyperclovax,1001929136,2,뿌리다 튀김 요리,0.43597102534117255
convenience_meals,hyperclovax,1000029142,2,삼각 모양 샌드위치,0.5773502691896258
convenience_meals,hyperclovax,5135831,1,상단 해당 상품,0.3535533905932738
convenience_meals,hyperclovax,1000169817,1,상온 제품 상자,0.408248290463863
convenience_meals,hyperclovax,1000202889,1,상자 동일 상자,0.316227766016838
convenience_meals,hyperclovax,1000202889,1,상자 뚜껑 담기다,0.316227766016838
convenience_meals,hyperclovax,1000169817,1,상자 형태 포장재,0.408248290463863
convenience_meals,hyperclovax,5135831,1,상품 포장 박스,0.3535533905932738
convenience_meals,hyperclovax,1000619042,2,새우 들어가다 만두,1.0
convenience_meals,hyperclovax,1000619042,1,새우 만두 그리다,0.408248290463863
convenience_meals,hyperclovax,1000619042,1,새우 만두 담기다,0.408248290463863
convenience_meals,hyperclovax,1001502057,1,새우 볶음밥 담기다,0.447213595499958
convenience_meals,hyperclovax,1001502057,2,새우 채소 올리다,0.7071067811865475
convenience_meals,hyperclovax,1000029142,1,샌드위치 포장 비닐,0.5
convenience_meals,hyperclovax,1002347378,1,샌드위치 포장 샌드위치,0.7071067811865475
convenience_meals,hyperclovax,5066426,1,샐러드 나란히 배열,0.5
convenience_meals,hyperclovax,5072582,1,샐러드 담기다 달걀,0.5773502691896258
convenience_meals,hyperclovax,5009669,1,샐러드 담기다 용기,0.5
convenience_meals,hyperclovax,5072582,2,샐러드 담기다 우유,0.3535533905932738
convenience_meals,hyperclovax,5066426,2,샐러드 용기 나란히,0.447213595499958
convenience_meals,hyperclovax,1001401863,2,섞이다 볶음밥 담기다,0.5773502691896258
convenience_meals,hyperclovax,1000572062,2,소고기 국물 요리,0.5104892523389141
convenience_meals,hyperclovax,1001837821,1,소고기 조각 으깨다,0.37282555175072324
convenience_meals,hyperclovax,1001837821,2,소고기 조각 으깨다,0.408248290463863
convenience_meals,hyperclovax,5060255,1,소스 버무리다 고기,0.408248290463863
convenience_meals,hyperclovax,1002309661,1,소스 버무리다 닭고기,0.6250613266328898
convenience_meals,hyperclovax,1002309661,2,소스 버무리다 닭고기,0.6250613266328898
convenience_meals,hyperclovax,1001422945,2,소스 버무리다 떡볶이,1.0
convenience_meals,hyperclovax,1000942597,2,소스 버무리다 파스타,0.5773502691896258
convenience_meals,hyperclovax,1000942597,1,소스 버섯 붉다,0.408248290463863
convenience_meals,hyperclovax,1001929136,1,소스 뿌리다 튀김,0.39358180974958984
convenience_meals,hyperclovax,1001929136,2,소스 뿌리다 튀김,0.43597102534117255
convenience_meals,hyperclovax,1002066864,1,소스 요리 담기다,0.7071067811865475
convenience_meals,hyperclovax,1001837821,1,소스 조리 소고기,0.37282555175072324
convenience_meals,hyperclovax,1001837821,2,소스 조리 소고기,0.408248290463863
convenience_meals,hyperclovax,5072582,2,스크램블 에그 올리다,0.3535533905932738
convenience_meals,hyperclovax,1001946226,2,시금치 나물 무침,0.447213595499958
convenience_meals,hyperclovax,1001946226,1,시금치 나물 반찬,0.5773502691896258
convenience_meals,hyperclovax,1000202889,2,쌀밥 6 개입,0.4387694727101045
convenience_meals,hyperclovax,1001485256,2,쌀밥 6 개입,0.4387694727101045
convenience_meals,hyperclovax,5063596,1,아래 다양 이름,0.2672612419124244
convenience_meals,hyperclovax,5050290,1,양념 버무리다 닭고기,0.5300363352252062
convenience_meals,hyperclovax,5050290,2,양념 버무리다 닭고기,0.5300363352252062
convenience_meals,hyperclovax,1000308975,2,양념 치킨 담기다,0.5773502691896258
convenience_meals,hyperclovax,5072582,2,에그 올리다 계란,0.3535533905932738
convenience_meals,hyperclovax,1001422945,1,엣날떡볶이 담기다 떡볶이,0.7071067811865475
convenience_meals,hyperclovax,1000202889,2,연제 골든 쌀밥,0.4387694727101045
convenience_meals,hyperclovax,1001485256,2,연제 골든 쌀밥,0.4387694727101045
convenience_meals,hyperclovax,1000170826,2,오른쪽 콘도그 잘리다,0.2773500981126146
convenience_meals,hyperclovax,5072582,2,올리다 계란 샐러드,0.3535533905932738
convenience_meals,hyperclovax,1000170826,2,왼쪽 전체 콘도그와,0.2773500981126146
convenience_meals,hyperclovax,1000811962,2,요리 담기다 검은색,0.5936721383514006
convenience_meals,hyperclovax,1001207466,2,요리 담기다 냄비,0.38506849536555215
convenience_meals,hyperclovax,1001706193,1,요리 담기다 냄비,0.5334046816165042
convenience_meals,hyperclovax,1002361676,2,요리 담기다 냄비,0.5172705731352695
convenience_meals,hyperclovax,5090388,1,요리 담기다 함께,0.349282797266263
convenience_meals,hyperclovax,5135831,1,용기 각각 종류,0.3535533905932738
convenience_meals,hyperclovax,5066426,2,용기 나란히 배열,0.447213595499958
convenience_meals,hyperclovax,1001207695,2,우리 만들다 한우,0.7071067811865475
convenience_meals,hyperclovax,5072582,2,우유 담기다 모습,0.3535533905932738
convenience_meals,hyperclovax,1001929136,1,윤기 나다 갈색,0.43012242830439434
convenience_meals,hyperclovax,1001929136,2,윤기 나다 소스,0.47644711072752316
convenience_meals,hyperclovax,1000308975,2,윤기 나다 양념,0.5773502691896258
convenience_meals,hyperclovax,1001837821,1,으깨다 감자 담기다,0.37282555175072324
convenience_meals,hyperclovax,1001837821,2,으깨다 감자 담기다,0.408248290463863
convenience_meals,hyperclovax,1002066864,2,이름 음식 담기다,0.5
convenience_meals,hyperclovax,1002361676,2,인도 카레 요리,0.6051574812262961
convenience_meals,hyperclovax,1002361676,1,인도 커리 나오다,1.0
convenience_meals,hyperclovax,1001529704,2,입히다 튀김 요리,0.6051574812262961
convenience_meals,hyperclovax,1000165839,1,작다 공기 1,0.5
convenience_meals,hyperclovax,1001502057,1,작다 담기다 반찬,0.447213595499958
convenience_meals,hyperclovax,1000170826,2,잘리다 치즈 흐르다,0.2773500981126146
convenience_meals,hyperclovax,1000170826,2,잘리다 콘도그 오른쪽,0.2773500981126146
convenience_meals,hyperclovax,5066426,2,재료 구성 샐러드,0.447213595499958
convenience_meals,hyperclovax,1001207466,1,재료 담기다 포장,0.37796447300922725
convenience_meals,hyperclovax,1001866269,2,재료 담기다 한국식,0.5104892523389141
convenience_meals,hyperclovax,5009669,1,재료 들다 샐러드,0.5
convenience_meals,hyperclovax,1001207466,2,재료 들어가다 보이다,0.45049359630608476
convenience_meals,hyperclovax,1000202889,1,적히다 상자 동일,0.316227766016838
convenience_meals,hyperclovax,5063596,1,적히다 아래 다양,0.2672612419124244
convenience_meals,hyperclovax,1000170826,2,전체 콘도그와 잘리다,0.2773500981126146
convenience_meals,hyperclovax,5063596,1,제품 나란히 제품,0.2672612419124244
convenience_meals,hyperclovax,5063596,1,제품 브랜드 함께,0.2672612419124244
convenience_meals,hyperclovax,1000169817,1,제품 상자 형태,0.408248290463863
convenience_meals,hyperclovax,1000202889,1,제품 적히다 상자,0.316227766016838
convenience_meals,hyperclovax,5063596,1,제품 적히다 아래,0.2672612419124244
convenience_meals,hyperclovax,1001191650,2,제품 포장 모습,0.5
convenience_meals,hyperclovax,1001191650,2,젤리 제품 포장,0.5
convenience_meals,hyperclovax,1000029142,2,조각 삼각 모양,0.5773502691896258
convenience_meals,hyperclovax,5072582,2,조각 스크램블 에그,0.3535533905932738
convenience_meals,hyperclovax,1001837821,1,조각 으깨다 감자,0.37282555175072324
convenience_meals,hyperclovax,1001837821,2,조각 으깨다 감자,0.408248290463863
convenience_meals,hyperclovax,1001207466,1,조리 갈비 담기다,0.37796447300922725
convenience_meals,hyperclovax,1001837821,1,조리 소고기 조각,0.37282555175072324
convenience_meals,hyperclovax,1001837821,2,조리 소고기 조각,0.408248290463863
convenience_meals,hyperclovax,1001191650,1,종류 과자 패키지,0.5
convenience_meals,hyperclovax,1000185462,1,종류 냉동 주먹밥,0.5
convenience_meals,hyperclovax,5135831,1,종류 한식 담기다,0.3535533905932738
convenience_meals,hyperclovax,1001931649,2,종이 튀기다 치킨,0.5773502691896258
convenience_meals,hyperclovax,5060255,1,짙다 갈색 소스,0.408248290463863
convenience_meals,hyperclovax,1002066864,2,짬뽕 피자 이름,0.5
convenience_meals,hyperclovax,1001946226,2,참기름 뿌리다 양념장,0.447213595499958
convenience_meals,hyperclovax,1001861172,2,채소 고기 들어가다,0.408248290463863
convenience_meals,hyperclovax,1001502057,2,채소 올리다 요리,0.7071067811865475
convenience_meals,hyperclovax,5090388,1,채소 함께 제공,0.349282797266263
convenience_meals,hyperclovax,1000170826,1,치즈 소시지 핫도그,0.7071067811865475
convenience_meals,hyperclovax,1000170826,2,치즈 흐르다 나오다,0.2773500981126146
convenience_meals,hyperclovax,1001931649,2,치킨 너겟 담기다,0.5773502691896258
convenience_meals,hyperclovax,1002361676,2,카레 요리 담기다,0.6051574812262961
convenience_meals,hyperclovax,1000170826,2,콘도그 오른쪽 콘도그,0.2773500981126146
convenience_meals,hyperclovax,1000170826,2,콘도그 왼쪽 전체,0.2773500981126146
convenience_meals,hyperclovax,1000170826,2,콘도그 잘리다 치즈,0.2773500981126146
convenience_meals,hyperclovax,1000170826,2,콘도그와 잘리다 콘도그,0.2773500981126146
convenience_meals,hyperclovax,1000165839,1,크다 상자 1,0.5
convenience_meals,hyperclovax,1000170826,1,크리미 치즈 소시지,0.7071067811865475
convenience_meals,hyperclovax,1000942597,2,크림 소스 버무리다,0.5773502691896258
convenience_meals,hyperclovax,1000942597,1,크림 소스 버섯,0.408248290463863
convenience_meals,hyperclovax,5066426,1,테스티 브랜드 다양,0.5
convenience_meals,hyperclovax,1001931649,2,튀기다 치킨 너겟,0.5773502691896258
convenience_meals,hyperclovax,1001529704,1,튀기다 치킨 담기다,1.0
convenience_meals,hyperclovax,1001931649,1,튀기다 치킨너겟 담기다,1.0
convenience_meals,hyperclovax,1001529704,2,튀김 요리 담기다,0.5172705731352695
convenience_meals,hyperclovax,1001929136,1,튀김 요리 담기다,0.3676558282919894
convenience_meals,hyperclovax,1001929136,2,튀김 요리 담기다,0.4072527857298511
convenience_meals,hyperclovax,1001529704,2,튀김 입히다 튀김,0.6051574812262961
convenience_meals,hyperclovax,1001191650,1,패키지 제품 담기다,0.5
convenience_meals,hyperclovax,1000308975,1,포장 강정 조각,0.5
convenience_meals,hyperclovax,1000029142,1,포장 비닐 봉지,0.5
convenience_meals,hyperclovax,1002347378,1,포장 샌드위치 제품,0.7071067811865475
convenience_meals,hyperclovax,5135831,2,포장 한식 도시락,1.0
convenience_meals,hyperclovax,1000169817,1,포장지 담기다 상온,0.408248290463863
convenience_meals,hyperclovax,1000202889,1,포장지 브랜드 홀드큰쌀밥,0.316227766016838
convenience_meals,hyperclovax,1002066864,2,퓨전 짬뽕 피자,0.5
convenience_meals,hyperclovax,1000811962,1,프라이팬 담기다 해산물,0.5936721383514006
convenience_meals,hyperclovax,1002066864,2,피자 이름 음식,0.5
convenience_meals,hyperclovax,1001866269,2,한국식 전골 요리,0.5104892523389141
convenience_meals,hyperclovax,5135831,1,한식 담기다 상단,0.3535533905932738
convenience_meals,hyperclovax,5090388,1,함께 국수 만두,0.349282797266263
convenience_meals,hyperclovax,5063596,1,함께 그라놀라 제품,0.2672612419124244
convenience_meals,hyperclovax,5090388,1,함께 제공 모습,0.349282797266263
convenience_meals,hyperclovax,5135831,1,해당 상품 포장,0.3535533905932738
convenience_meals,hyperclovax,1000811962,2,해산물 요리 담기다,0.5432373185731546
convenience_meals,hyperclovax,1001706193,1,해산물 요리 담기다,0.5710187728964712
convenience_meals,hyperclovax,1000832403,1,햇반 브랜드 현미밥,0.7071067811865475
convenience_meals,hyperclovax,1000202889,2,햇반 연제 골든,0.4387694727101045
convenience_meals,hyperclovax,1001485256,2,햇반 연제 골든,0.4387694727101045
convenience_meals,hyperclovax,1000165839,2,햇반 작은공기 즉석밥,0.5773502691896258
convenience_meals,hyperclovax,1000202889,1,홀드큰쌀밥 제품 적히다,0.316227766016838
convenience_meals,hyperclovax,1000169817,2,희다 들다 상온,0.7071067811865475
convenience_meals,hyperclovax,1000832403,2,흰색 담기다 뜨다,0.5
convenience_meals,hyperclovax,5060255,1,흰색 담기다 짙다,0.408248290463863
convenience_meals,hyperclovax,1000619042,1,흰색 새우 만두,0.408248290463863
convenience_meals,hyperclovax,1000169817,1,흰색 포장지 담기다,0.408248290463863
convenience_meals,hyperclovax,1000202889,1,흰색 포장지 브랜드,0.316227766016838
fruits_nuts_rice,hyperclovax,1001729429,1,10 용량 들다,0.7071067811865475
fruits_nuts_rice,hyperclovax,5051038,1,10 용량 배진주,1.0
fruits_nuts_rice,hyperclovax,5053663,1,10 용량 보라색,0.7071067811865475
fruits_nuts_rice,hyperclovax,5048547,1,10 용량 여주쌀,1.0
fruits_nuts_rice,hyperclovax,1000102438,2,12 붉다 사과,0.51079054360844
fruits_nuts_rice,hyperclovax,5094562,2,12 호두 들어가다,0.4472135954999579
fruits_nuts_rice,hyperclovax,5052626,1,20 중량 표시,0.13608276348795434
fruits_nuts_rice,hyperclovax,5070409,1,4 들다 포장지,1.0
fruits_nuts_rice,hyperclovax,1000030900,1,4 비단 포장,0.7071067811865475
fruits_nuts_rice,hyperclovax,1000118138,1,4 용량 백진주,0.7071067811865475
fruits_nuts_rice,hyperclovax,1000867509,2,4 포장 제품,1.0
fruits_nuts_rice,hyperclovax,5045631,1,6 견과 제품,0.5
fruits_nuts_rice,hyperclovax,1000867509,1,7 들다 4,0.7071067811865475
fruits_nuts_rice,hyperclovax,1000867511,1,8 용량 포장,0.7071067811865475
fruits_nuts_rice,hyperclovax,1000867511,2,8 포장 제품,1.0
fruits_nuts_rice,hyperclovax,1000973922,1,가공 식품 담기다,0.4140588454190651
fruits_nuts_rice,hyperclovax,1000908371,1,갈색 골판지 상자,0.4472135954999579
fruits_nuts_rice,hyperclovax,1000908371,2,갈색 종이 상자,0.4472135954999579
fruits_nuts_rice,hyperclovax,1000102438,1,검은색 상자 담기다,0.41511403223167864
fruits_nuts_rice,hyperclovax,1000102438,2,검은색 상자 담기다,0.4661320217283758
fruits_nuts_rice,hyperclovax,1000973922,1,견과 가공 식품,0.4140588454190651
fruits_nuts_rice,hyperclovax,5052626,1,견과 그림 그리다,0.13608276348795434
fruits_nuts_rice,hyperclovax,1000973922,1,견과 담기다 견과,0.3778575957303935
fruits_nuts_rice,hyperclovax,1000973922,2,견과 담기다 견과,0.6740785248613699
fruits_nuts_rice,hyperclovax,5045631,1,견과 들다 6,0.5
fruits_nuts_rice,hyperclovax,5052626,1,견과 들다 포장,0.13608276348795434
fruits_nuts_rice,hyperclovax,5052626,2,견과 들다 포장지,0.5
fruits_nuts_rice,hyperclovax,5052626,1,견과 조금 흩어지다,0.13608276348795434
fruits_nuts_rice,hyperclovax,5052626,1,견과 함께 문구,0.13608276348795434
fruits_nuts_rice,hyperclovax,5061259,2,계피 나무 솔방울,0.5773502691896257
fruits_nuts_rice,hyperclovax,5051031,1,고시하리 4 제품,1.0
fruits_nuts_rice,hyperclovax,1000908371,1,골판지 상자 담기다,0.4472135954999579
fruits_nuts_rice,hyperclovax,5036748,1,과일 담기다 포장,0.408248290463863
fruits_nuts_rice,hyperclovax,5052626,1,그리다 20 중량,0.13608276348795434
fruits_nuts_rice,hyperclovax,5052626,1,그림 그리다 20,0.13608276348795434
fruits_nuts_rice,hyperclovax,5159977,2,껍질 그대로 복숭아,0.5
fruits_nuts_rice,hyperclovax,5031442,1,껍질 벗겨지다 바나나,0.4472135954999579
fruits_nuts_rice,hyperclovax,5159977,2,껍질 벗겨지다 복숭아,0.5
fruits_nuts_rice,hyperclovax,1001303421,2,껍질 붉다 사과,1.0
fruits_nuts_rice,hyperclovax,5056014,1,나무 도마 복숭아,1.0
fruits_nuts_rice,hyperclovax,5056014,2,나무 도마 복숭아,1.0
fruits_nuts_rice,hyperclovax,5025577,1,나무 도마 키위,0.7071067811865475
fruits_nuts_rice,hyperclovax,5052626,1,나무 무늬 디자인,0.13608276348795434
fruits_nuts_rice,hyperclovax,5027321,1,나무 붉은색 노란색,0.4472135954999579
fruits_nuts_rice,hyperclovax,5061259,2,나무 솔방울 모습,0.5773502691896257
fruits_nuts_rice,hyperclovax,5031442,1,나무 잘리다 바나나,0.4472135954999579
fruits_nuts_rice,hyperclovax,5063578,1,나무 테이블 토마토,0.7071067811865475
fruits_nuts_rice,hyperclovax,5031442,2,나무 포크 모습,0.5773502691896257
fruits_nuts_rice,hyperclovax,5063578,2,나무 표면 방울토마토,1.0
fruits_nuts_rice,hyperclovax,5045631,2,날짜 적히다 6,0.5
fruits_nuts_rice,hyperclovax,1000338204,1,냉동 블루베리 1,0.7071067811865475
fruits_nuts_rice,hyperclovax,1000253378,1,냉동 블루베리 숟가락,0.5773502691896257
fruits_nuts_rice,hyperclovax,1000032485,1,냉동 블루베리 제품,1.0
fruits_nuts_rice,hyperclovax,5027321,1,노란색 익다 복숭아,0.4472135954999579
fruits_nuts_rice,hyperclovax,1000253378,1,녹색 담기다 냉동,0.5773502691896257
fruits_nuts_rice,hyperclovax,5048580,2,녹색 포도 송이,0.5773502691896257
fruits_nuts_rice,hyperclovax,5003716,2,다발 잘리다 바나나,0.5
fruits_nuts_rice,hyperclovax,5045631,1,다양 견과 들다,0.5
fruits_nuts_rice,hyperclovax,1000066062,1,다양 곡물 들다,0.5
fruits_nuts_rice,hyperclovax,1000102438,2,담기다 12 붉다,0.51079054360844
fruits_nuts_rice,hyperclovax,1000338204,2,담기다 건조 블루베리,0.7071067811865475
fruits_nuts_rice,hyperclovax,1000973922,1,담기다 견과 가공,0.4140588454190651
fruits_nuts_rice,hyperclovax,1000973922,2,담기다 견과 패키지,0.7386596931745495
fruits_nuts_rice,hyperclovax,1000253378,1,담기다 냉동 블루베리,0.5773502691896257
fruits_nuts_rice,hyperclovax,1000066062,1,담기다 다양 곡물,0.5
fruits_nuts_rice,hyperclovax,1001234463,1,담기다 방울토마토 바닥,0.5941461645036182
fruits_nuts_rice,hyperclovax,1000102438,1,담기다 붉은색 사과,0.4548846942479921
fruits_nuts_rice,hyperclovax,1000908371,1,담기다 사과 사과,0.4472135954999579
fruits_nuts_rice,hyperclovax,5035954,2,담기다 요거트 블루베리,1.0
fruits_nuts_rice,hyperclovax,5036748,1,담기다 키위 과일,0.408248290463863
fruits_nuts_rice,hyperclovax,1000858612,1,담기다 파인애플 조각,0.5773502691896257
fruits_nuts_rice,hyperclovax,1000973922,1,담기다 패키지 모습,0.4140588454190651
fruits_nuts_rice,hyperclovax,5036748,1,담기다 포장 박스,0.408248290463863
fruits_nuts_rice,hyperclovax,5134096,1,담기다 포장 용기,1.0
fruits_nuts_rice,hyperclovax,5094562,1,데이츠 디저트 상자,0.5773502691896257
fruits_nuts_rice,hyperclovax,5025577,1,도마 키위 과일,0.7071067811865475
fruits_nuts_rice,hyperclovax,1000867509,1,들다 4 패키지,0.7071067811865475
fruits_nuts_rice,hyperclovax,5045631,1,들다 6 견과,0.5
fruits_nuts_rice,hyperclovax,5052626,1,들다 포장 박스,0.13608276348795434
fruits_nuts_rice,hyperclovax,1000144509,1,들다 포장 봉지,1.0
fruits_nuts_rice,hyperclovax,5094562,2,들어가다 라즈베리 바클라바,0.4472135954999579
fruits_nuts_rice,hyperclovax,5052626,1,디자인 견과 함께,0.13608276348795434
fruits_nuts_rice,hyperclovax,5094562,2,라즈베리 바클라바 담기다,0.4472135954999579
fruits_nuts_rice,hyperclovax,5049631,2,멜론 멜론 단면,1.0
fruits_nuts_rice,hyperclovax,5049631,1,멜론 멜론 반쪽,1.0
fruits_nuts_rice,hyperclovax,5045631,2,목요일 일요일 날짜,0.5
fruits_nuts_rice,hyperclovax,5052626,1,무늬 디자인 견과,0.13608276348795434
fruits_nuts_rice,hyperclovax,5052626,1,문구 적히다 포장,0.2721655269759087
fruits_nuts_rice,hyperclovax,5162187,1,바구니 담기다 반쪽,0.7071067811865475
fruits_nuts_rice,hyperclovax,5031442,1,바나나 껍질 벗겨지다,0.4472135954999579
fruits_nuts_rice,hyperclovax,5031442,2,바나나 나무 포크,0.5773502691896257
fruits_nuts_rice,hyperclovax,5003716,2,바나나 다발 잘리다,0.5
fruits_nuts_rice,hyperclovax,5031442,1,바나나 바나나 껍질,0.4472135954999579
fruits_nuts_rice,hyperclovax,5094562,2,바클라바 담기다 상자,0.4472135954999579
fruits_nuts_rice,hyperclovax,5052626,1,박스 견과 조금,0.13608276348795434
fruits_nuts_rice,hyperclovax,5036748,1,박스 담기다 키위,0.408248290463863
fruits_nuts_rice,hyperclovax,5052626,1,박스 문구 적히다,0.13608276348795434
fruits_nuts_rice,hyperclovax,5052626,1,박스 포장 봉투,0.40824829046386296
fruits_nuts_rice,hyperclovax,5027321,2,반질반질 표면 복숭아,0.7071067811865475
fruits_nuts_rice,hyperclovax,1001234463,1,방울토마토 바닥 방울토마토,0.5941461645036182
fruits_nuts_rice,hyperclovax,5027321,1,배경 나무 붉은색,0.4472135954999579
fruits_nuts_rice,hyperclovax,5003716,2,배경 바나나 다발,0.5
fruits_nuts_rice,hyperclovax,5159977,2,벗겨지다 복숭아 껍질,0.5
fruits_nuts_rice,hyperclovax,5159977,2,복숭아 껍질 그대로,0.5
fruits_nuts_rice,hyperclovax,5052626,1,봉투 나무 무늬,0.13608276348795434
fruits_nuts_rice,hyperclovax,5052626,1,봉투 아몬드 호두,0.13608276348795434
fruits_nuts_rice,hyperclovax,5052626,1,봉투 포장 박스,0.13608276348795434
fruits_nuts_rice,hyperclovax,5052626,1,봉투 회색 포장,0.13608276348795434
fruits_nuts_rice,hyperclovax,1000122762,2,붉다 사과 포장,0.5
fruits_nuts_rice,hyperclovax,5027321,1,붉은색 노란색 익다,0.4472135954999579
fruits_nuts_rice,hyperclovax,1000102438,1,붉은색 사과 정렬,0.4548846942479921
fruits_nuts_rice,hyperclovax,1000338204,1,블루베리 1 제품,0.7071067811865475
fruits_nuts_rice,hyperclovax,1000032485,2,블루베리 담기다 흰색,0.7071067811865475
fruits_nuts_rice,hyperclovax,1000030900,1,비단 포장 모습,0.7071067811865475
fruits_nuts_rice,hyperclovax,5061259,2,사과 계피 나무,0.5773502691896257
fruits_nuts_rice,hyperclovax,1000122762,1,사과 담기다 포장지,0.7071067811865475
fruits_nuts_rice,hyperclovax,1000122762,1,사과 사과 담기다,0.7071067811865475
fruits_nuts_rice,hyperclovax,1000908371,1,사과 사과 조각,0.4472135954999579
fruits_nuts_rice,hyperclovax,1000908371,2,사과 일부 잘리다,0.4472135954999579
fruits_nuts_rice,hyperclovax,1000102438,1,사과 정렬 모습,0.4548846942479921
fruits_nuts_rice,hyperclovax,1000122762,2,사과 포장 사과,0.5
fruits_nuts_rice,hyperclovax,1000102438,2,상자 담기다 12,0.51079054360844
fruits_nuts_rice,hyperclovax,1000102438,1,상자 담기다 붉은색,0.4548846942479921
fruits_nuts_rice,hyperclovax,1000908371,1,상자 담기다 사과,0.4472135954999579
fruits_nuts_rice,hyperclovax,5048580,2,송이 담기다 흰색,0.5773502691896257
fruits_nuts_rice,hyperclovax,5038123,2,송이 아래 포도,0.7071067811865475
fruits_nuts_rice,hyperclovax,1000048867,1,시월미소미쌀 10 제품,1.0
fruits_nuts_rice,hyperclovax,1000973922,1,식품 담기다 패키지,0.4140588454190651
fruits_nuts_rice,hyperclovax,5121007,2,쌀밥 담기다 흰색,0.7071067811865475
fruits_nuts_rice,hyperclovax,5052626,1,아몬드 호두 캐슈너트,0.13608276348795434
fruits_nuts_rice,hyperclovax,5052626,2,아몬드 호두 캐슈넛,0.5
fruits_nuts_rice,hyperclovax,1000032485,2,얼다 블루베리 담기다,0.7071067811865475
fruits_nuts_rice,hyperclovax,1000253378,2,얼음 블루베리 담기다,1.0
fruits_nuts_rice,hyperclovax,1000066062,1,용기 담기다 다양,0.5
fruits_nuts_rice,hyperclovax,1001729429,1,용량 들다 포장지,0.7071067811865475
fruits_nuts_rice,hyperclovax,1000118138,1,용량 백진주 패키지,0.7071067811865475
fruits_nuts_rice,hyperclovax,5053663,1,용량 보라색 포장,0.7071067811865475
fruits_nuts_rice,hyperclovax,1000867511,1,용량 포장 제품,0.7071067811865475
fruits_nuts_rice,hyperclovax,5121007,1,유기농 포장 제품,1.0
fruits_nuts_rice,hyperclovax,5035954,1,유리 담기다 블루베리,1.0
fruits_nuts_rice,hyperclovax,1000908371,2,일부 잘리다 갈색,0.4472135954999579
fruits_nuts_rice,hyperclovax,5045631,2,일요일 날짜 적히다,0.5
fruits_nuts_rice,hyperclovax,1000908371,2,잘리다 갈색 종이,0.4472135954999579
fruits_nuts_rice,hyperclovax,5025577,2,잘리다 나무 도마,1.0
fruits_nuts_rice,hyperclovax,5031442,2,잘리다 바나나 나무,0.5773502691896257
fruits_nuts_rice,hyperclovax,5031442,1,잘리다 바나나 바나나,0.4472135954999579
fruits_nuts_rice,hyperclovax,1000122762,2,잘리다 붉다 사과,0.5
fruits_nuts_rice,hyperclovax,1001303421,1,잘리다 사과 사과,1.0
fruits_nuts_rice,hyperclovax,5063690,2,잘리다 토마토 토마토,0.5773502691896257
fruits_nuts_rice,hyperclovax,1000908371,2,적갈색 사과 일부,0.4472135954999579
fruits_nuts_rice,hyperclovax,5045631,2,적히다 6 견과,0.5
fruits_nuts_rice,hyperclovax,5052626,1,적히다 포장 박스,0.13608276348795434
fruits_nuts_rice,hyperclovax,5052626,1,적히다 포장 봉투,0.13608276348795434
fruits_nuts_rice,hyperclovax,1001502284,2,젖다 체리 흰색,1.0
fruits_nuts_rice,hyperclovax,1000066062,2,종류 곡물 담기다,1.0
fruits_nuts_rice,hyperclovax,5052626,1,중량 표시 포장,0.13608276348795434
fruits_nuts_rice,hyperclovax,5052626,1,캐슈너트 견과 그림,0.13608276348795434
fruits_nuts_rice,hyperclovax,5052626,2,캐슈넛 견과 들다,0.5
fruits_nuts_rice,hyperclovax,5036748,1,키위 과일 담기다,0.408248290463863
fruits_nuts_rice,hyperclovax,5036748,2,키위 담기다 키위,0.7071067811865475
fruits_nuts_rice,hyperclovax,5094562,1,타무르 프리미엄 데이츠,0.5773502691896257
fruits_nuts_rice,hyperclovax,5132780,2,테이블 키위 과일,1.0
fruits_nuts_rice,hyperclovax,5063578,1,테이블 토마토 담기다,0.7071067811865475
fruits_nuts_rice,hyperclovax,5063690,2,토마토 담기다 바구니,0.5773502691896257
fruits_nuts_rice,hyperclovax,5063690,2,토마토 토마토 담기다,0.5773502691896257
fruits_nuts_rice,hyperclovax,1000066062,1,투명 용기 담기다,0.5
fruits_nuts_rice,hyperclovax,1001234463,1,파란색 담기다 방울토마토,0.542199843610526
fruits_nuts_rice,hyperclovax,1001234463,2,파란색 담기다 방울토마토,1.0
fruits_nuts_rice,hyperclovax,1000858612,1,파인애플 담기다 파인애플,0.5773502691896257
fruits_nuts_rice,hyperclovax,5048580,2,포도 송이 담기다,0.5773502691896257
fruits_nuts_rice,hyperclovax,5038123,2,포도 송이 아래,0.7071067811865475
fruits_nuts_rice,hyperclovax,5052626,1,포장 박스 견과,0.13608276348795434
fruits_nuts_rice,hyperclovax,5036748,1,포장 박스 담기다,0.408248290463863
fruits_nuts_rice,hyperclovax,5052626,1,포장 박스 문구,0.13608276348795434
fruits_nuts_rice,hyperclovax,5052626,1,포장 박스 포장,0.40824829046386296
fruits_nuts_rice,hyperclovax,5052626,1,포장 봉투 나무,0.13608276348795434
fruits_nuts_rice,hyperclovax,5052626,1,포장 봉투 아몬드,0.13608276348795434
fruits_nuts_rice,hyperclovax,5052626,1,포장 봉투 포장,0.13608276348795434
fruits_nuts_rice,hyperclovax,5052626,1,포장 봉투 회색,0.13608276348795434
fruits_nuts_rice,hyperclovax,1000122762,2,포장 사과 모습,0.5
fruits_nuts_rice,hyperclovax,5036748,2,포장 키위 담기다,0.7071067811865475
fruits_nuts_rice,hyperclovax,1000858612,1,포장 파인애플 담기다,0.5773502691896257
fruits_nuts_rice,hyperclovax,5027321,2,표면 복숭아 흰색,0.7071067811865475
fruits_nuts_rice,hyperclovax,5052626,1,표시 포장 박스,0.13608276348795434
fruits_nuts_rice,hyperclovax,5094562,1,프리미엄 데이츠 디저트,0.5773502691896257
fruits_nuts_rice,hyperclovax,5052626,1,함께 문구 적히다,0.13608276348795434
fruits_nuts_rice,hyperclovax,5094562,2,호두 들어가다 라즈베리,0.4472135954999579
fruits_nuts_rice,hyperclovax,5052626,1,호두 캐슈너트 견과,0.13608276348795434
fruits_nuts_rice,hyperclovax,5052626,2,호두 캐슈넛 견과,0.5
fruits_nuts_rice,hyperclovax,5052626,1,회색 포장 박스,0.13608276348795434
fruits_nuts_rice,hyperclovax,1001502284,1,희다 붉다 체리,1.0
fruits_nuts_rice,hyperclovax,5121007,2,희다 쌀밥 담기다,0.7071067811865475
fruits_nuts_rice,hyperclovax,1000338204,2,흰색 담기다 건조,0.7071067811865475
fruits_nuts_rice,hyperclovax,5034841,1,흰색 담기다 잘리다,1.0
fruits_nuts_rice,hyperclovax,5162187,1,흰색 바구니 담기다,0.7071067811865475
fruits_nuts_rice,hyperclovax,5003716,1,흰색 바나나 다발,1.0
fruits_nuts_rice,hyperclovax,5027321,1,흰색 배경 나무,0.4472135954999579
fruits_nuts_rice,hyperclovax,5162187,2,흰색 배경 담기다,1.0
fruits_nuts_rice,hyperclovax,5003716,2,흰색 배경 바나나,0.5
fruits_nuts_rice,hyperclovax,5063690,1,흰색 배경 방울토마토,1.0
fruits_nuts_rice,hyperclovax,1000858612,2,흰색 조각 파인애플,1.0
fruits_nuts_rice,qwen3,5132780,2,1 담기다 갈색,0.28078304992271064
fruits_nuts_rice,qwen3,1001729429,1,10 백미 봉지,0.3036999467722506
fruits_nuts_rice,qwen3,1000048867,1,10 보라색 봉지,0.43248370374998674
fruits_nuts_rice,qwen3,5051038,1,10 포대 포대,0.23920737008806853
fruits_nuts_rice,qwen3,5134096,1,10 흰색 365,0.35709664947797376
fruits_nuts_rice,qwen3,5051031,1,100 국내 인증,0.23570226039551587
fruits_nuts_rice,qwen3,5094562,2,12 나무 쟁반,0.2041241452319315
fruits_nuts_rice,qwen3,1000102438,1,15 사과 들다,0.26260508413421707
fruits_nuts_rice,qwen3,1000102438,2,15 사과 들다,0.3023641546065977
fruits_nuts_rice,qwen3,5132780,1,2 담기다 녹색,0.35709664947797376
fruits_nuts_rice,qwen3,1000102438,1,3 5 격자,0.2861801986804607
fruits_nuts_rice,qwen3,5052626,2,3 회색 진열,0.24253562503633297
fruits_nuts_rice,qwen3,1000858612,1,365 적히다 라벨,0.28867513459481287
fruits_nuts_rice,qwen3,1000973922,2,365 적히다 흰색,0.26726124191242434
fruits_nuts_rice,qwen3,1000144509,1,365 컬리 프레시,0.36970777716346936
fruits_nuts_rice,qwen3,5134096,1,365 컬리 프레시,0.3276795393692378
fruits_nuts_rice,qwen3,1000973922,1,365 혼합 견과,0.28867513459481287
fruits_nuts_rice,qwen3,1000144509,1,4 봉지 밝다,0.4028979312079022
fruits_nuts_rice,qwen3,5051031,1,4 봉지 수확,0.23570226039551587
fruits_nuts_rice,qwen3,5070409,1,4 봉지 작다,0.4631252780047925
fruits_nuts_rice,qwen3,1000867509,1,4 포대 연하다,0.37714516442518115
fruits_nuts_rice,qwen3,1000118138,1,4 회색 봉지,0.31622776601683794
fruits_nuts_rice,qwen3,1000867509,2,4 희다 봉지,0.2948280375453623
fruits_nuts_rice,qwen3,1000030900,1,4 흰색 봉지,0.38742435918404244
fruits_nuts_rice,qwen3,1000102438,1,5 격자 모양,0.2861801986804607
fruits_nuts_rice,qwen3,5132780,2,6 자르다 1,0.28078304992271064
fruits_nuts_rice,qwen3,5132780,1,6 자르다 2,0.35709664947797376
fruits_nuts_rice,qwen3,1000867509,1,7 향미 적히다,0.3069345811644764
fruits_nuts_rice,qwen3,1000867509,2,7 향미 적히다,0.23994188115192572
fruits_nuts_rice,qwen3,1000867511,1,7 향미 적히다,0.23994188115192572
fruits_nuts_rice,qwen3,1000867511,2,7 향미 적히다,0.20494643570491428
fruits_nuts_rice,qwen3,1000867511,2,8 포대 연하다,0.2518274640121604
fruits_nuts_rice,qwen3,1000867511,1,8 흰색 봉지,0.2948280375453623
fruits_nuts_rice,qwen3,1001234463,1,가득 담기다 밝다,0.282832990556168
fruits_nuts_rice,qwen3,1001234463,2,가득 담기다 밝다,0.3368186736238693
fruits_nuts_rice,qwen3,1000253378,2,가득 담기다 연하다,0.323081841278961
fruits_nuts_rice,qwen3,1000253378,1,가득 담기다 은색,0.2837266349052194
fruits_nuts_rice,qwen3,5035954,2,가득 담기다 투명,0.24442515982690913
fruits_nuts_rice,qwen3,1001729429,2,가득 담기다 희다,0.3903504450938125
fruits_nuts_rice,qwen3,5053663,2,가득 담기다 희다,0.39035044509381245
fruits_nuts_rice,qwen3,5056014,2,가득 드러나다 도마,0.3375559204778828
fruits_nuts_rice,qwen3,5068728,2,가득 드러나다 밝다,0.28270732098902973
fruits_nuts_rice,qwen3,5063690,2,가득 드러나다 토마토,0.23312298215867344
fruits_nuts_rice,qwen3,1000763360,2,가득 보이다 표면,0.28018594234350974
fruits_nuts_rice,qwen3,5159977,2,가득 속살 드러나다,0.2852035678547502
fruits_nuts_rice,qwen3,5034841,2,가득 조각 드러나다,0.34103622214389523
fruits_nuts_rice,qwen3,5162187,2,가득 조각 드러나다,0.28675961231220987
fruits_nuts_rice,qwen3,5027321,1,가득 차다 나무,0.3333333333333333
fruits_nuts_rice,qwen3,5035954,1,가득 차다 투명,0.3382903069981467
fruits_nuts_rice,qwen3,1000032485,2,가득 차다 회색,0.32711490301980284
fruits_nuts_rice,qwen3,5048547,2,가득 차다 회색,0.41164237885451443
fruits_nuts_rice,qwen3,5051038,2,가득 차다 회색,0.4043758553295699
fruits_nuts_rice,qwen3,1000048867,2,가득 차다 희다,0.45348462237239784
fruits_nuts_rice,qwen3,5134096,2,가득 차다 희다,0.40654846578776294
fruits_nuts_rice,qwen3,1000338204,2,가득 차다 흰색,0.3368186736238693
fruits_nuts_rice,qwen3,5034841,1,가득 차다 흰색,0.24900630921919267
fruits_nuts_rice,qwen3,5049631,1,가득 흰색 멜론,0.30516498370820705
fruits_nuts_rice,qwen3,5061259,2,가방 보이다 사과,0.25
fruits_nuts_rice,qwen3,5025577,2,가지다 스티커 붙다,0.25208651515185404
fruits_nuts_rice,qwen3,5027321,2,가지다 익다 복숭아,0.2773500981126146
fruits_nuts_rice,qwen3,5162187,1,가지다 주황색 바구니,0.31622776601683794
fruits_nuts_rice,qwen3,5094562,2,각기 토핑 얹다,0.2041241452319315
fruits_nuts_rice,qwen3,5045631,1,간식 상자 월요일,0.16439898730535724
fruits_nuts_rice,qwen3,1000066062,1,갈색 다양 곡물,0.24253562503633297
fruits_nuts_rice,qwen3,5025577,2,갈색 보송보송 껍질,0.23131998938357728
fruits_nuts_rice,qwen3,5132780,2,갈색 보송보송 껍질,0.2576525447546621
fruits_nuts_rice,qwen3,5094562,2,갈색 소재 만들다,0.2041241452319315
fruits_nuts_rice,qwen3,1001303421,1,감돌다 붉다 사과,0.38780317229479755
fruits_nuts_rice,qwen3,5159977,2,감돌다 주변 잎사귀,0.2852035678547502
fruits_nuts_rice,qwen3,1000032485,1,같다 블루베리 담기다,0.3823028553303722
fruits_nuts_rice,qwen3,5049631,2,같다 오이 썰다,0.30151134457776363
fruits_nuts_rice,qwen3,5094562,1,개방 주황색 상자,0.24253562503633297
fruits_nuts_rice,qwen3,5045631,1,개별 스낵 포장지,0.16439898730535724
fruits_nuts_rice,qwen3,5052626,1,개별 포장 진열,0.37796447300922725
fruits_nuts_rice,qwen3,5025577,1,검다 드러나다 도마,0.2698150554830273
fruits_nuts_rice,qwen3,5025577,2,검다 드러내다 키위,0.25208651515185404
fruits_nuts_rice,qwen3,1000102438,1,검다 상자 15,0.26260508413421707
fruits_nuts_rice,qwen3,1000102438,2,검다 상자 15,0.3023641546065977
fruits_nuts_rice,qwen3,5132780,1,검다 씨앗 드러나다,0.3276795393692378
fruits_nuts_rice,qwen3,5132780,2,검다 씨앗 드러나다,0.2576525447546621
fruits_nuts_rice,qwen3,5051031,2,검다 테두리 희다,0.37796447300922725
fruits_nuts_rice,qwen3,1000066062,2,검다 현미 다양,0.3333333333333333
fruits_nuts_rice,qwen3,1000066062,1,검은색 뚜껑 달리다,0.24253562503633297
fruits_nuts_rice,qwen3,1000066062,1,검은색 흰색 갈색,0.24253562503633297
fruits_nuts_rice,qwen3,1000032485,2,겉면 덮이다 냉동,0.38073232884861147
fruits_nuts_rice,qwen3,1000253378,1,겉면 돋보이다 회색,0.2837266349052194
fruits_nuts_rice,qwen3,1000102438,1,격자 모양 배열,0.2861801986804607
fruits_nuts_rice,qwen3,5094562,1,격자 모양 정렬,0.24253562503633297
fruits_nuts_rice,qwen3,5052626,1,견과 개별 포장,0.37796447300922725
fruits_nuts_rice,qwen3,1000973922,1,견과 담기다 작다,0.28867513459481287
fruits_nuts_rice,qwen3,5045631,2,견과 말리다 과일,0.26726124191242434
fruits_nuts_rice,qwen3,1000973922,2,견과 섞이다 담기다,0.26726124191242434
fruits_nuts_rice,qwen3,5045631,1,견과 씨앗 간식,0.16439898730535724
fruits_nuts_rice,qwen3,5045631,1,견과 씨앗 담기다,0.16439898730535724
fruits_nuts_rice,qwen3,5045631,1,견과 씨앗 들다,0.16439898730535724
fruits_nuts_rice,qwen3,5052626,2,견과 씨앗 섞이다,0.24253562503633297
fruits_nuts_rice,qwen3,1000973922,1,견과 포장 상자,0.28867513459481287
fruits_nuts_rice,qwen3,5094562,2,경험 선사 문구,0.2041241452319315
fruits_nuts_rice,qwen3,5094562,2,고급 경험 선사,0.2041241452319315
fruits_nuts_rice,qwen3,5094562,2,고급 선물 상자,0.2041241452319315
fruits_nuts_rice,qwen3,5051031,1,고시하카리 문구 100,0.23570226039551587
fruits_nuts_rice,qwen3,1001729429,1,고시혜카리 적히다 10,0.3036999467722506
fruits_nuts_rice,qwen3,1000066062,1,곡물 씨앗 섞이다,0.24253562503633297
fruits_nuts_rice,qwen3,1000908371,2,골판지 상자 일부,0.3077909087929941
fruits_nuts_rice,qwen3,5025577,1,과육 검다 드러나다,0.24758807797499977
fruits_nuts_rice,qwen3,5036748,2,과육 검다 드러나다,0.16467115800572113
fruits_nuts_rice,qwen3,5025577,2,과육 검다 드러내다,0.25208651515185404
fruits_nuts_rice,qwen3,5132780,1,과육 검다 씨앗,0.35709664947797376
fruits_nuts_rice,qwen3,5132780,2,과육 그리고 검다,0.28078304992271064
fruits_nuts_rice,qwen3,5049631,2,과육 씨방 드러나다,0.30151134457776363
fruits_nuts_rice,qwen3,1000122762,1,과육 씨앗 드러나다,0.16569714804775346
fruits_nuts_rice,qwen3,1000122762,2,과육 씨앗 드러나다,0.20588393704425068
fruits_nuts_rice,qwen3,1001303421,1,과육 씨앗 드러나다,0.31560845926256714
fruits_nuts_rice,qwen3,1001303421,2,과육 씨앗 드러나다,0.23602747305200916
fruits_nuts_rice,qwen3,5045631,2,과일 섞이다 담기다,0.26726124191242434
fruits_nuts_rice,qwen3,5056014,2,과즙 가득 드러나다,0.2747154009766501
fruits_nuts_rice,qwen3,5063690,2,과즙 가득 드러나다,0.18972404166375326
fruits_nuts_rice,qwen3,5068728,1,과즙 가득 드러나다,0.30291928112163785
fruits_nuts_rice,qwen3,5068728,2,과즙 가득 드러나다,0.23007759702328937
fruits_nuts_rice,qwen3,5159977,2,과즙 가득 속살,0.2852035678547502
fruits_nuts_rice,qwen3,5034841,2,과즙 가득 조각,0.34103622214389523
fruits_nuts_rice,qwen3,5162187,2,과즙 가득 조각,0.28675961231220987
fruits_nuts_rice,qwen3,1001882653,2,과즙 흐르다 드러나다,0.3257789390446246
fruits_nuts_rice,qwen3,5159977,1,과즙 흐르다 속살,0.29518751890754386
fruits_nuts_rice,qwen3,5034841,1,과즙 흐르다 조각,0.27136060704984516
fruits_nuts_rice,qwen3,5045631,1,구분 구역 혼합,0.16439898730535724
fruits_nuts_rice,qwen3,5045631,1,구역 혼합 견과,0.16439898730535724
fruits_nuts_rice,qwen3,5051031,1,국내 인증 마크,0.23570226039551587
fruits_nuts_rice,qwen3,5045631,2,그레이 색상 표면,0.26726124191242434
fruits_nuts_rice,qwen3,5132780,2,그리고 검다 씨앗,0.28078304992271064
fruits_nuts_rice,qwen3,1002140343,2,그리고 으깨다 아보카도,0.3333333333333333
fruits_nuts_rice,qwen3,1000048867,1,그리다 10 보라색,0.43248370374998674
fruits_nuts_rice,qwen3,1000867511,1,그리다 7 향미,0.2948280375453623
fruits_nuts_rice,qwen3,5051031,1,그리다 나오다 완전미,0.23570226039551587
fruits_nuts_rice,qwen3,5036748,2,그리다 노란색 녹색,0.1794543501333469
fruits_nuts_rice,qwen3,5051038,1,그리다 밝다 회색,0.23920737008806853
fruits_nuts_rice,qwen3,5048547,1,그리다 여주대왕일포 브랜드,0.24253562503633297
fruits_nuts_rice,qwen3,5045631,1,그리다 표시 개별,0.16439898730535724
fruits_nuts_rice,qwen3,5036748,2,그림 그리다 노란색,0.1794543501333469
fruits_nuts_rice,qwen3,1000867511,1,그림 작다 그리다,0.2948280375453623
fruits_nuts_rice,qwen3,5052626,2,글씨 인쇄 스낵,0.24253562503633297
fruits_nuts_rice,qwen3,5052626,2,금색 녹색 글씨,0.24253562503633297
fruits_nuts_rice,qwen3,1001729429,1,금색 마크 붙다,0.3036999467722506
fruits_nuts_rice,qwen3,1001502284,2,깔다 녹색 줄기,0.3535533905932738
fruits_nuts_rice,qwen3,5049631,1,깔리다 흰색 나무,0.30516498370820705
fruits_nuts_rice,qwen3,5051038,1,껍데기 들다 쌀알,0.23920737008806853
fruits_nuts_rice,qwen3,5025577,2,껍질 가지다 스티커,0.25208651515185404
fruits_nuts_rice,qwen3,5027321,2,껍질 가지다 익다,0.2773500981126146
fruits_nuts_rice,qwen3,5162187,1,껍질 가지다 주황색,0.31622776601683794
fruits_nuts_rice,qwen3,5031442,2,껍질 벗기다 나무,0.2703289414710858
fruits_nuts_rice,qwen3,5031442,1,껍질 벗기다 바나나,0.25
fruits_nuts_rice,qwen3,5003716,2,껍질 벗기다 밝다,0.5209988435904572
fruits_nuts_rice,qwen3,5132780,2,껍질 선명 녹색,0.28078304992271064
fruits_nuts_rice,qwen3,5031442,1,껍질 썰다 조각,0.25
fruits_nuts_rice,qwen3,1000908371,1,껍질 아삭아삭 과육,0.28867513459481287
fruits_nuts_rice,qwen3,5162187,2,껍질 일부 초록색,0.31250317599752503
fruits_nuts_rice,qwen3,5031442,2,껍질 주위 감싸다,0.2703289414710858
fruits_nuts_rice,qwen3,5031442,2,꽂히다 껍질 주위,0.2703289414710858
fruits_nuts_rice,qwen3,1000763360,2,나다 가득 보이다,0.28018594234350974
fruits_nuts_rice,qwen3,5031442,1,나무 껍질 벗기다,0.25
fruits_nuts_rice,qwen3,5027321,1,나무 녹색 잎사귀,0.3333333333333333
fruits_nuts_rice,qwen3,5056014,1,나무 도마 복숭아,0.3281407746834932
fruits_nuts_rice,qwen3,5056014,2,나무 도마 복숭아,0.30974854761378623
fruits_nuts_rice,qwen3,5025577,1,나무 도마 통째,0.24758807797499977
fruits_nuts_rice,qwen3,5025577,2,나무 도마 통째,0.23131998938357728
fruits_nuts_rice,qwen3,5063578,2,나무 받침대 붉다,0.36572530295044237
fruits_nuts_rice,qwen3,5063690,1,나무 받침대 토마토,0.3333333333333333
fruits_nuts_rice,qwen3,5063690,2,나무 받침대 통째,0.23312298215867344
fruits_nuts_rice,qwen3,5052626,1,나무 상자 혼합,0.37796447300922725
fruits_nuts_rice,qwen3,5063578,1,나무 상판 붉다,0.38523767879817605
fruits_nuts_rice,qwen3,5053663,2,나무 숟가락 꽂히다,0.42539377445890736
fruits_nuts_rice,qwen3,5031442,2,나무 얇다 썰다,0.2703289414710858
fruits_nuts_rice,qwen3,5061259,2,나무 육두구 스타,0.25
fruits_nuts_rice,qwen3,5094562,2,나무 쟁반 담기다,0.2041241452319315
fruits_nuts_rice,qwen3,5051031,1,나오다 완전미 고시하카리,0.23570226039551587
fruits_nuts_rice,qwen3,1000032485,2,내리다 겉면 덮이다,0.38073232884861147
fruits_nuts_rice,qwen3,1000253378,1,내리다 겉면 돋보이다,0.2837266349052194
fruits_nuts_rice,qwen3,5038123,1,내리다 짙다 보라색,0.36074861920921
fruits_nuts_rice,qwen3,5045631,1,내용물 그리다 표시,0.16439898730535724
fruits_nuts_rice,qwen3,1000032485,2,냉동 블루베리 가득,0.3493681453535604
fruits_nuts_rice,qwen3,1000253378,1,냉동 블루베리 가득,0.260353641425753
fruits_nuts_rice,qwen3,1000032485,1,냉동 블루베리 봉지,0.3508092941150033
fruits_nuts_rice,qwen3,1000338204,1,냉동 블루베리 봉지,0.46814805610179616
fruits_nuts_rice,qwen3,5159977,1,넘치다 노란색 복숭아,0.29518751890754386
fruits_nuts_rice,qwen3,1000122762,1,노란색 과육 씨앗,0.16569714804775346
fruits_nuts_rice,qwen3,1000122762,2,노란색 과육 씨앗,0.20588393704425068
fruits_nuts_rice,qwen3,1001303421,1,노란색 과육 씨앗,0.31560845926256714
fruits_nuts_rice,qwen3,1001303421,2,노란색 과육 씨앗,0.23602747305200916
fruits_nuts_rice,qwen3,5027321,2,노란색 껍질 가지다,0.2773500981126146
fruits_nuts_rice,qwen3,5036748,1,노란색 녹색 라벨,0.18649399380626833
fruits_nuts_rice,qwen3,5036748,2,노란색 녹색 라벨,0.16467115800572113
fruits_nuts_rice,qwen3,5027321,1,노란색 복숭아 가득,0.3333333333333333
fruits_nuts_rice,qwen3,5159977,1,노란색 복숭아 통째,0.29518751890754386
fruits_nuts_rice,qwen3,5159977,2,노란색 붉다 감돌다,0.2852035678547502
fruits_nuts_rice,qwen3,1001882653,1,노란색 사과 담기다,0.38679414277365004
fruits_nuts_rice,qwen3,1001882653,2,노란색 사과 잘리다,0.3257789390446246
fruits_nuts_rice,qwen3,5132780,1,녹색 과육 검다,0.35709664947797376
fruits_nuts_rice,qwen3,5132780,2,녹색 과육 그리고,0.28078304992271064
fruits_nuts_rice,qwen3,5052626,2,녹색 글씨 인쇄,0.24253562503633297
fruits_nuts_rice,qwen3,5036748,1,녹색 라벨 붙다,0.18649399380626833
fruits_nuts_rice,qwen3,5036748,2,녹색 라벨 붙다,0.16467115800572113
fruits_nuts_rice,qwen3,1000867509,2,녹색 쌀알 이삭,0.2948280375453623
fruits_nuts_rice,qwen3,5027321,1,녹색 잎사귀 주위,0.3333333333333333
fruits_nuts_rice,qwen3,1000867509,1,녹색 작다 담기다,0.346076486393361
fruits_nuts_rice,qwen3,1000867511,2,녹색 작다 담기다,0.23108227850543833
fruits_nuts_rice,qwen3,1001502284,1,녹색 줄기 달리다,0.28867513459481287
fruits_nuts_rice,qwen3,1001502284,2,녹색 줄기 물방울,0.3535533905932738
fruits_nuts_rice,qwen3,1000253378,2,녹색 클로즈업 전경,0.323081841278961
fruits_nuts_rice,qwen3,5051031,1,농부 한국 전통,0.23570226039551587
fruits_nuts_rice,qwen3,5035954,2,느끼다 회색 표면,0.24442515982690913
fruits_nuts_rice,qwen3,5162187,1,느끼다 흰색 바구니,0.31622776601683794
fruits_nuts_rice,qwen3,5003716,1,다발 밝다 표면,0.4472135954999579
fruits_nuts_rice,qwen3,1000973922,2,다양 견과 섞이다,0.26726124191242434
fruits_nuts_rice,qwen3,1000066062,1,다양 곡물 씨앗,0.24253562503633297
fruits_nuts_rice,qwen3,5094562,1,다양 종류 대추야자,0.24253562503633297
fruits_nuts_rice,qwen3,1000066062,2,다양 종류 섞이다,0.3333333333333333
fruits_nuts_rice,qwen3,1001502284,1,달리다 짙다 빨간색,0.28867513459481287
fruits_nuts_rice,qwen3,5063690,1,달리다 토마토 담기다,0.3333333333333333
fruits_nuts_rice,qwen3,1000066062,1,달리다 투명 원통,0.24253562503633297
fruits_nuts_rice,qwen3,1000102438,1,담기다 3 5,0.2861801986804607
fruits_nuts_rice,qwen3,5132780,2,담기다 갈색 보송보송,0.28078304992271064
fruits_nuts_rice,qwen3,5094562,2,담기다 고급 선물,0.2041241452319315
fruits_nuts_rice,qwen3,5132780,1,담기다 녹색 과육,0.35709664947797376
fruits_nuts_rice,qwen3,1000867511,2,담기다 말리다 줄기,0.2518274640121604
fruits_nuts_rice,qwen3,5063690,1,담기다 바구니 나무,0.3333333333333333
fruits_nuts_rice,qwen3,1001234463,2,담기다 밝다 표면,0.3670562405703576
fruits_nuts_rice,qwen3,1001234463,1,담기다 밝다 회색,0.30822404561438005
fruits_nuts_rice,qwen3,5036748,2,담기다 얇다 썰다,0.1794543501333469
fruits_nuts_rice,qwen3,1000253378,2,담기다 연하다 녹색,0.323081841278961
fruits_nuts_rice,qwen3,5035954,2,담기다 유리 블루베리,0.24442515982690913
fruits_nuts_rice,qwen3,1000253378,1,담기다 은색 숟가락,0.2837266349052194
fruits_nuts_rice,qwen3,5045631,1,담기다 작다 내용물,0.16439898730535724
fruits_nuts_rice,qwen3,1000867509,2,담기다 작다 왼쪽,0.2948280375453623
fruits_nuts_rice,qwen3,1000973922,1,담기다 작다 흰색,0.28867513459481287
fruits_nuts_rice,qwen3,1001882653,1,담기다 잘리다 조각,0.38679414277365004
fruits_nuts_rice,qwen3,5035954,2,담기다 투명 유리,0.24442515982690913
fruits_nuts_rice,qwen3,5051031,2,담기다 희다 검다,0.37796447300922725
fruits_nuts_rice,qwen3,5053663,2,담기다 희다 나무,0.42539377445890736
fruits_nuts_rice,qwen3,1001729429,2,담기다 희다 희다,0.4253937744589074
fruits_nuts_rice,qwen3,1000973922,2,담기다 흰색 한국어,0.26726124191242434
fruits_nuts_rice,qwen3,5035954,1,대리석 상판 주위,0.3382903069981467
fruits_nuts_rice,qwen3,5061259,1,대리석 조리 흩어지다,0.5
fruits_nuts_rice,qwen3,5036748,1,대리석 표면 작다,0.20323630967065626
fruits_nuts_rice,qwen3,5094562,2,대추 야자 12,0.2041241452319315
fruits_nuts_rice,qwen3,5094562,1,대추 야자 디저트,0.24253562503633297
fruits_nuts_rice,qwen3,5094562,1,대추야자 격자 모양,0.24253562503633297
fruits_nuts_rice,qwen3,1000032485,2,덮이다 냉동 블루베리,0.38073232884861147
fruits_nuts_rice,qwen3,5061259,1,덮이다 사과 대리석,0.5
fruits_nuts_rice,qwen3,5162187,1,도다 껍질 가지다,0.31622776601683794
fruits_nuts_rice,qwen3,5056014,1,도마 복숭아 일부,0.3281407746834932
fruits_nuts_rice,qwen3,5056014,2,도마 복숭아 일부,0.30974854761378623
fruits_nuts_rice,qwen3,5025577,1,도마 앞쪽 식탁,0.2698150554830273
fruits_nuts_rice,qwen3,5056014,2,도마 주변 잎사귀,0.3375559204778828
fruits_nuts_rice,qwen3,5025577,1,도마 통째 되다,0.24758807797499977
fruits_nuts_rice,qwen3,5025577,2,도마 통째 되다,0.23131998938357728
fruits_nuts_rice,qwen3,1000118138,2,도자기 쌀알 가지런히,0.4472135954999579
fruits_nuts_rice,qwen3,1000066062,1,되다 글자 적히다,0.24253562503633297
fruits_nuts_rice,qwen3,5036748,1,되다 제스프리 썬글드키위,0.20323630967065626
fruits_nuts_rice,qwen3,5025577,1,되다 키위 썰다,0.24758807797499977
fruits_nuts_rice,qwen3,5025577,2,되다 키위 썰다,0.23131998938357728
fruits_nuts_rice,qwen3,5063690,2,되다 토마토 아래,0.23312298215867344
fruits_nuts_rice,qwen3,5162187,2,둥글다 바구니 잘리다,0.31250317599752503
fruits_nuts_rice,qwen3,5049631,1,둥글다 베이지 줄무늬,0.30516498370820705
fruits_nuts_rice,qwen3,5025577,1,드러나다 도마 앞쪽,0.2698150554830273
fruits_nuts_rice,qwen3,5056014,2,드러나다 도마 주변,0.3375559204778828
fruits_nuts_rice,qwen3,5068728,2,드러나다 밝다 표면,0.28270732098902973
fruits_nuts_rice,qwen3,5159977,1,드러나다 밝다 회색,0.29518751890754386
fruits_nuts_rice,qwen3,5159977,2,드러나다 복숭아 노란색,0.2852035678547502
fruits_nuts_rice,qwen3,1001303421,2,드러나다 사과 밝다,0.29001821754766316
fruits_nuts_rice,qwen3,1000122762,2,드러나다 사과 빨간색,0.2529794166381285
fruits_nuts_rice,qwen3,5034841,2,드러나다 탁자 잘리다,0.3716524153831369
fruits_nuts_rice,qwen3,5063690,2,드러나다 토마토 조각,0.23312298215867344
fruits_nuts_rice,qwen3,5034841,1,드러나다 통째 되다,0.27136060704984516
fruits_nuts_rice,qwen3,1001882653,2,드러나다 회색 표면,0.3257789390446246
fruits_nuts_rice,qwen3,1002140343,2,드러내다 자르다 아보카도,0.3333333333333333
fruits_nuts_rice,qwen3,5025577,2,드러내다 키위 갈색,0.25208651515185404
fruits_nuts_rice,qwen3,1000102438,1,들다 사과 작다,0.26260508413421707
fruits_nuts_rice,qwen3,1000102438,2,들다 사과 작다,0.3023641546065977
fruits_nuts_rice,qwen3,5045631,1,들다 상자 열리다,0.16439898730535724
fruits_nuts_rice,qwen3,5051038,1,들다 쌀알 작다,0.23920737008806853
fruits_nuts_rice,qwen3,5063690,2,들다 엮다 바구니,0.23312298215867344
fruits_nuts_rice,qwen3,5061259,2,들다 파란색 가방,0.25
fruits_nuts_rice,qwen3,1000122762,1,들다 포장지 한국어,0.20359999159484138
fruits_nuts_rice,qwen3,1000858612,1,들다 플라스틱 용기,0.28867513459481287
fruits_nuts_rice,qwen3,5045631,1,디자인 적히다 주간,0.16439898730535724
fruits_nuts_rice,qwen3,5094562,1,디저트 개방 주황색,0.24253562503633297
fruits_nuts_rice,qwen3,5068728,2,따다 무더기 쌓이다,0.28270732098902973
fruits_nuts_rice,qwen3,1000763360,2,따오다 초록색 포도,0.28018594234350974
fruits_nuts_rice,qwen3,5094562,2,뚜껑 고급 경험,0.2041241452319315
fruits_nuts_rice,qwen3,1000066062,1,뚜껑 달리다 투명,0.24253562503633297
fruits_nuts_rice,qwen3,5094562,1,뚜껑 브랜드 슬로건,0.24253562503633297
fruits_nuts_rice,qwen3,5036748,2,라벨 붙다 제스프리,0.1794543501333469
fruits_nuts_rice,qwen3,5036748,1,라벨 붙다 키위,0.20323630967065626
fruits_nuts_rice,qwen3,1000858612,1,라벨 붙다 파인애플,0.28867513459481287
fruits_nuts_rice,qwen3,5036748,1,라벨 썰다 키위,0.20323630967065626
fruits_nuts_rice,qwen3,1000066062,1,라벨 한국어 되다,0.24253562503633297
fruits_nuts_rice,qwen3,5121007,1,라벨 한국어 문구,0.35231009411381053
fruits_nuts_rice,qwen3,5045631,2,레이 방식 촬영,0.26726124191242434
fruits_nuts_rice,qwen3,5068728,1,리넨 식탁보 흩뿌리다,0.37221137368342927
fruits_nuts_rice,qwen3,1001729429,1,마크 붙다 한국어,0.3036999467722506
fruits_nuts_rice,qwen3,5094562,2,만들다 뚜껑 고급,0.2041241452319315
fruits_nuts_rice,qwen3,5045631,2,말리다 과일 섞이다,0.26726124191242434
fruits_nuts_rice,qwen3,1000867511,2,말리다 줄기 함께,0.2518274640121604
fruits_nuts_rice,qwen3,5045631,1,매일 색상 구분,0.16439898730535724
fruits_nuts_rice,qwen3,1001502284,2,맺히다 붉다 체리,0.3535533905932738
fruits_nuts_rice,qwen3,5049631,1,멜론 가득 흰색,0.30516498370820705
fruits_nuts_rice,qwen3,5049631,1,멜론 조각 흰색,0.30516498370820705
fruits_nuts_rice,qwen3,5048547,1,모서리 작다 밥그릇,0.24253562503633297
fruits_nuts_rice,qwen3,5045631,1,모습 혼합 견과,0.16439898730535724
fruits_nuts_rice,qwen3,5094562,1,모양 정렬 뚜껑,0.24253562503633297
fruits_nuts_rice,qwen3,1000118138,2,무늬 밝다 도자기,0.4472135954999579
fruits_nuts_rice,qwen3,5051038,1,무늬 조개 껍데기,0.23920737008806853
fruits_nuts_rice,qwen3,5068728,2,무더기 쌓이다 일부,0.28270732098902973
fruits_nuts_rice,qwen3,1001303421,2,무더기 일부 통째,0.29001821754766316
fruits_nuts_rice,qwen3,5034841,2,무더기 잘리다 과즙,0.3716524153831369
fruits_nuts_rice,qwen3,5051031,1,문구 100 국내,0.23570226039551587
fruits_nuts_rice,qwen3,1001729429,1,문구 작다 밥그릇,0.3036999467722506
fruits_nuts_rice,qwen3,1000867511,2,문구 적히다 미니멀,0.2518274640121604
fruits_nuts_rice,qwen3,1000122762,1,문구 적히다 사과,0.20359999159484138
fruits_nuts_rice,qwen3,5094562,2,문구 적히다 심플,0.2041241452319315
fruits_nuts_rice,qwen3,5036748,1,문구 적히다 용기,0.20323630967065626
fruits_nuts_rice,qwen3,5121007,1,문구 적히다 유기농,0.35231009411381053
fruits_nuts_rice,qwen3,5048547,1,문양 그리다 여주대왕일포,0.24253562503633297
fruits_nuts_rice,qwen3,1001502284,2,물방울 맺히다 붉다,0.3535533905932738
fruits_nuts_rice,qwen3,5027321,2,물방울 반짝이다 희다,0.2773500981126146
fruits_nuts_rice,qwen3,1000763360,2,물방울 방울 맺히다,0.28018594234350974
fruits_nuts_rice,qwen3,5035954,2,민트 줄기 올리다,0.24442515982690913
fruits_nuts_rice,qwen3,1000122762,1,밀봉 스티커 붙다,0.1868277161348539
fruits_nuts_rice,qwen3,1000122762,2,밀봉 스티커 붙다,0.2321393349253298
fruits_nuts_rice,qwen3,5063690,1,바구니 나무 받침대,0.3333333333333333
fruits_nuts_rice,qwen3,5162187,1,바구니 앞쪽 잘리다,0.31622776601683794
fruits_nuts_rice,qwen3,5162187,2,바구니 잘리다 과즙,0.31250317599752503
fruits_nuts_rice,qwen3,5162187,1,바구니 질감 느끼다,0.31622776601683794
fruits_nuts_rice,qwen3,5063690,2,바구니 흰색 깔리다,0.23312298215867344
fruits_nuts_rice,qwen3,5003716,2,바나나 껍질 벗기다,0.478079705674071
fruits_nuts_rice,qwen3,5031442,2,바나나 껍질 벗기다,0.2480596307719848
fruits_nuts_rice,qwen3,5031442,1,바나나 껍질 썰다,0.25
fruits_nuts_rice,qwen3,5031442,1,바나나 나무 껍질,0.25
fruits_nuts_rice,qwen3,5003716,1,바나나 다발 밝다,0.4472135954999579
fruits_nuts_rice,qwen3,5031442,1,바나나 바나나 얇다,0.25
fruits_nuts_rice,qwen3,5031442,1,바나나 얇다 썰다,0.25
fruits_nuts_rice,qwen3,5031442,2,바나나 조각 꽂히다,0.2703289414710858
fruits_nuts_rice,qwen3,5061259,2,반사 흰색 표면,0.25
fruits_nuts_rice,qwen3,1000118138,2,반점 무늬 밝다,0.4472135954999579
fruits_nuts_rice,qwen3,1001303421,2,반점 흩뿌리다 사과,0.29001821754766316
fruits_nuts_rice,qwen3,5027321,2,반짝이다 희다 주변,0.2773500981126146
fruits_nuts_rice,qwen3,5063578,2,받침대 붉다 체리,0.36572530295044237
fruits_nuts_rice,qwen3,5063690,1,받침대 토마토 바구니,0.3333333333333333
fruits_nuts_rice,qwen3,5063690,2,받침대 통째 되다,0.23312298215867344
fruits_nuts_rice,qwen3,1000118138,2,밝다 도자기 쌀알,0.4472135954999579
fruits_nuts_rice,qwen3,1000032485,1,밝다 배경 냉동,0.3823028553303722
fruits_nuts_rice,qwen3,1000908371,1,밝다 사과 상자,0.28867513459481287
fruits_nuts_rice,qwen3,5049631,2,밝다 썰다 조각,0.30151134457776363
fruits_nuts_rice,qwen3,1001303421,1,밝다 잘리다 연하다,0.38780317229479755
fruits_nuts_rice,qwen3,5068728,2,밝다 주황색 따다,0.28270732098902973
fruits_nuts_rice,qwen3,5034841,1,밝다 주황색 작다,0.27136060704984516
fruits_nuts_rice,qwen3,1001303421,2,밝다 질감 느끼다,0.29001821754766316
fruits_nuts_rice,qwen3,1001234463,2,밝다 파란색 붉다,0.3670562405703576
fruits_nuts_rice,qwen3,1001234463,1,밝다 파란색 선명,0.30822404561438005
fruits_nuts_rice,qwen3,1000763360,1,밝다 파란색 초록색,0.3670562405703576
fruits_nuts_rice,qwen3,5068728,2,밝다 표면 깔리다,0.28270732098902973
fruits_nuts_rice,qwen3,5003716,1,밝다 표면 접히다,0.4472135954999579
fruits_nuts_rice,qwen3,1001234463,2,밝다 표면 흩어지다,0.3670562405703576
fruits_nuts_rice,qwen3,5134096,1,밝다 회색 10,0.35709664947797376
fruits_nuts_rice,qwen3,5052626,1,밝다 회색 나무,0.37796447300922725
fruits_nuts_rice,qwen3,5159977,1,밝다 회색 나뭇잎,0.29518751890754386
fruits_nuts_rice,qwen3,1000338204,1,밝다 회색 냉동,0.510175589893032
fruits_nuts_rice,qwen3,5048547,1,밝다 회색 문양,0.24253562503633297
fruits_nuts_rice,qwen3,1000048867,2,밝다 회색 배경,0.424599610013664
fruits_nuts_rice,qwen3,5070409,2,밝다 회색 배경,0.4764015622979643
fruits_nuts_rice,qwen3,5134096,2,밝다 회색 배경,0.38065308393937813
fruits_nuts_rice,qwen3,5048580,1,밝다 회색 송이,0.408248290463863
fruits_nuts_rice,qwen3,1000144509,1,밝다 회색 작다,0.3461589881072501
fruits_nuts_rice,qwen3,5051038,1,밝다 회색 작다,0.2055204923222952
fruits_nuts_rice,qwen3,5121007,1,밝다 회색 작다,0.30269528888565006
fruits_nuts_rice,qwen3,1000763360,1,밝다 회색 잘리다,0.3670562405703576
fruits_nuts_rice,qwen3,5038123,2,밝다 회색 전경,0.3684018152931617
fruits_nuts_rice,qwen3,1001234463,1,밝다 회색 표면,0.30822404561438005
fruits_nuts_rice,qwen3,5070409,1,밝다 회색 함께,0.4631252780047925
fruits_nuts_rice,qwen3,1000030900,2,밝다 회색 희다,0.5418408675578379
fruits_nuts_rice,qwen3,1000144509,2,밝다 회색 희다,0.5133991505325437
fruits_nuts_rice,qwen3,5121007,2,밝다 회색 희다,0.5133991505325437
fruits_nuts_rice,qwen3,1000973922,1,밝다 회색 흰색,0.28867513459481287
fruits_nuts_rice,qwen3,5053663,1,밥그릇 나무 숟가락,0.3429092497105543
fruits_nuts_rice,qwen3,5070409,1,밥그릇 밝다 회색,0.4631252780047925
fruits_nuts_rice,qwen3,5048547,1,밥그릇 흩어지다 쌀알,0.24253562503633297
fruits_nuts_rice,qwen3,5045631,2,방식 촬영 요일,0.26726124191242434
fruits_nuts_rice,qwen3,1001234463,1,방울 토마토 가득,0.30822404561438005
fruits_nuts_rice,qwen3,1000908371,2,배경 골판지 상자,0.3077909087929941
fruits_nuts_rice,qwen3,1000032485,1,배경 냉동 블루베리,0.3823028553303722
fruits_nuts_rice,qwen3,1001502284,1,배경 배경 주름,0.28867513459481287
fruits_nuts_rice,qwen3,5061259,2,배경 사과 들다,0.25
fruits_nuts_rice,qwen3,5048580,1,배경 잎사귀 보이다,0.408248290463863
fruits_nuts_rice,qwen3,1001502284,1,배경 주름 지다,0.28867513459481287
fruits_nuts_rice,qwen3,5038123,1,배경 회색 송이,0.36074861920921
fruits_nuts_rice,qwen3,1000048867,2,배경 희다 쌀알,0.424599610013664
fruits_nuts_rice,qwen3,5070409,2,배경 희다 쌀알,0.4764015622979643
fruits_nuts_rice,qwen3,5134096,2,배경 희다 쌀알,0.38065308393937813
fruits_nuts_rice,qwen3,1001729429,1,백미 봉지 금색,0.3036999467722506
fruits_nuts_rice,qwen3,5031442,2,벗기다 나무 얇다,0.2703289414710858
fruits_nuts_rice,qwen3,5031442,1,벗기다 바나나 바나나,0.25
fruits_nuts_rice,qwen3,1000253378,1,베리 짙다 파란색,0.2837266349052194
fruits_nuts_rice,qwen3,5051031,1,베이지 4 봉지,0.23570226039551587
fruits_nuts_rice,qwen3,1000908371,2,베이지 배경 골판지,0.3077909087929941
fruits_nuts_rice,qwen3,5049631,1,베이지 줄무늬 멜론,0.30516498370820705
fruits_nuts_rice,qwen3,1000048867,1,보라색 봉지 작다,0.39685631617285394
fruits_nuts_rice,qwen3,5053663,1,보라색 봉지 작다,0.31466087725792613
fruits_nuts_rice,qwen3,1000338204,2,보라색 질감 돋보이다,0.3670562405703576
fruits_nuts_rice,qwen3,5038123,1,보라색 포도 송이,0.3310306650688803
fruits_nuts_rice,qwen3,5038123,2,보라색 포도 송이,0.3380534018298043
fruits_nuts_rice,qwen3,5025577,2,보송보송 껍질 가지다,0.25208651515185404
fruits_nuts_rice,qwen3,5132780,2,보송보송 껍질 선명,0.28078304992271064
fruits_nuts_rice,qwen3,5061259,2,보이다 사과 주변,0.25
fruits_nuts_rice,qwen3,5048547,1,보이다 오른쪽 상단,0.24253562503633297
fruits_nuts_rice,qwen3,1000763360,2,보이다 표면 물방울,0.28018594234350974
fruits_nuts_rice,qwen3,5027321,1,복숭아 가득 차다,0.3333333333333333
fruits_nuts_rice,qwen3,5159977,2,복숭아 노란색 붉다,0.2852035678547502
fruits_nuts_rice,qwen3,5027321,2,복숭아 물방울 반짝이다,0.2773500981126146
fruits_nuts_rice,qwen3,5056014,1,복숭아 일부 통째,0.3281407746834932
fruits_nuts_rice,qwen3,5056014,2,복숭아 일부 통째,0.30974854761378623
fruits_nuts_rice,qwen3,5159977,2,복숭아 클로즈업 잘리다,0.2852035678547502
fruits_nuts_rice,qwen3,5159977,1,복숭아 통째 잘리다,0.29518751890754386
fruits_nuts_rice,qwen3,1000118138,1,봉지 4 회색,0.31622776601683794
fruits_nuts_rice,qwen3,1000032485,1,봉지 같다 블루베리,0.3823028553303722
fruits_nuts_rice,qwen3,1001729429,1,봉지 금색 마크,0.3036999467722506
fruits_nuts_rice,qwen3,5134096,1,봉지 담다 작다,0.35709664947797376
fruits_nuts_rice,qwen3,1000122762,1,봉지 들다 포장지,0.20359999159484138
fruits_nuts_rice,qwen3,1000144509,1,봉지 밝다 회색,0.36970777716346936
fruits_nuts_rice,qwen3,5121007,1,봉지 밝다 회색,0.32328729357475267
fruits_nuts_rice,qwen3,5048547,1,봉지 보이다 오른쪽,0.24253562503633297
fruits_nuts_rice,qwen3,1000867511,1,봉지 비다 줄기,0.2948280375453623
fruits_nuts_rice,qwen3,5051031,1,봉지 수확 농부,0.23570226039551587
fruits_nuts_rice,qwen3,1000867509,2,봉지 연하다 녹색,0.2948280375453623
fruits_nuts_rice,qwen3,1000118138,1,봉지 위쪽 작다,0.31622776601683794
fruits_nuts_rice,qwen3,1000030900,1,봉지 작다 밥그릇,0.3153001672454431
fruits_nuts_rice,qwen3,1000048867,1,봉지 작다 밥그릇,0.3519711161437886
fruits_nuts_rice,qwen3,5053663,1,봉지 작다 밥그릇,0.2790721368461658
fruits_nuts_rice,qwen3,5070409,1,봉지 작다 밥그릇,0.37690835423473273
fruits_nuts_rice,qwen3,5159977,2,붉다 감돌다 주변,0.2852035678547502
fruits_nuts_rice,qwen3,1000908371,1,붉다 껍질 아삭아삭,0.28867513459481287
fruits_nuts_rice,qwen3,1001303421,1,붉다 사과 밝다,0.38780317229479755
fruits_nuts_rice,qwen3,1000908371,2,붉다 사과 클로즈업,0.3077909087929941
fruits_nuts_rice,qwen3,1001502284,2,붉다 체리 무더기,0.3535533905932738
fruits_nuts_rice,qwen3,1001234463,2,붉다 체리 토마토,0.31536477845234034
fruits_nuts_rice,qwen3,5063578,1,붉다 체리 토마토,0.33098577764786236
fruits_nuts_rice,qwen3,5063578,2,붉다 체리 토마토,0.31422127290401825
fruits_nuts_rice,qwen3,5027321,2,붉은색 노란색 껍질,0.2773500981126146
fruits_nuts_rice,qwen3,5048547,1,붉은색 한국 봉지,0.24253562503633297
fruits_nuts_rice,qwen3,5036748,2,붙다 제스프리 키프루트,0.1794543501333469
fruits_nuts_rice,qwen3,5036748,1,붙다 키위 플라스틱,0.20323630967065626
fruits_nuts_rice,qwen3,1000122762,1,붙다 투명 비닐,0.1868277161348539
fruits_nuts_rice,qwen3,1000122762,2,붙다 투명 비닐,0.2321393349253298
fruits_nuts_rice,qwen3,1000858612,1,붙다 파인애플 조각,0.28867513459481287
fruits_nuts_rice,qwen3,1001729429,1,붙다 한국어 문구,0.3036999467722506
fruits_nuts_rice,qwen3,5053663,1,브랜드 보라색 봉지,0.3429092497105543
fruits_nuts_rice,qwen3,5045631,2,브랜드 스낵 플랫,0.26726124191242434
fruits_nuts_rice,qwen3,5094562,1,브랜드 슬로건 적히다,0.24253562503633297
fruits_nuts_rice,qwen3,5048547,1,브랜드 적히다 붉은색,0.24253562503633297
fruits_nuts_rice,qwen3,1000118138,1,브랜드 파란색 봉지,0.31622776601683794
fruits_nuts_rice,qwen3,1000253378,1,블루베리 가득 담기다,0.24377023863938768
fruits_nuts_rice,qwen3,1000253378,2,블루베리 가득 담기다,0.2775831658347289
fruits_nuts_rice,qwen3,5035954,2,블루베리 가득 담기다,0.21000347591751609
fruits_nuts_rice,qwen3,1000032485,2,블루베리 가득 차다,0.32711490301980284
fruits_nuts_rice,qwen3,1000338204,2,블루베리 가득 차다,0.31536477845234034
fruits_nuts_rice,qwen3,5035954,1,블루베리 가득 차다,0.29064986758778544
fruits_nuts_rice,qwen3,1000032485,1,블루베리 담기다 작다,0.3823028553303722
fruits_nuts_rice,qwen3,5035954,2,블루베리 민트 줄기,0.24442515982690913
fruits_nuts_rice,qwen3,5035954,1,블루베리 민트 흩어지다,0.3382903069981467
fruits_nuts_rice,qwen3,1000032485,1,블루베리 봉지 같다,0.3823028553303722
fruits_nuts_rice,qwen3,1000338204,1,블루베리 봉지 블루베리,0.510175589893032
fruits_nuts_rice,qwen3,1000253378,2,블루베리 얹다 은색,0.323081841278961
fruits_nuts_rice,qwen3,1000338204,2,블루베리 짙다 보라색,0.3670562405703576
fruits_nuts_rice,qwen3,1000122762,1,비닐 봉지 들다,0.1868277161348539
fruits_nuts_rice,qwen3,1000122762,2,비닐 봉지 들다,0.2321393349253298
fruits_nuts_rice,qwen3,1000867511,1,비다 줄기 연하다,0.2948280375453623
fruits_nuts_rice,qwen3,1000030900,1,비단 적히다 4,0.38742435918404244
fruits_nuts_rice,qwen3,5027321,1,빨간색 노란색 복숭아,0.3333333333333333
fruits_nuts_rice,qwen3,1001882653,1,빨간색 노란색 사과,0.3549305957366778
fruits_nuts_rice,qwen3,1001882653,2,빨간색 노란색 사과,0.29894173702944854
fruits_nuts_rice,qwen3,1000122762,1,빨간색 밀봉 스티커,0.1868277161348539
fruits_nuts_rice,qwen3,1000122762,2,빨간색 밀봉 스티커,0.2321393349253298
fruits_nuts_rice,qwen3,1001502284,1,빨간색 체리 무더기,0.28867513459481287
fruits_nuts_rice,qwen3,1001234463,1,빨간색 타원 방울,0.30822404561438005
fruits_nuts_rice,qwen3,1001882653,1,사과 담기다 잘리다,0.38679414277365004
fruits_nuts_rice,qwen3,5061259,1,사과 대리석 조리,0.5
fruits_nuts_rice,qwen3,1000102438,1,사과 들다 사과,0.26260508413421707
fruits_nuts_rice,qwen3,1000102438,2,사과 들다 사과,0.3023641546065977
fruits_nuts_rice,qwen3,5061259,2,사과 들다 파란색,0.25
fruits_nuts_rice,qwen3,1001303421,2,사과 무더기 일부,0.29001821754766316
fruits_nuts_rice,qwen3,1001303421,1,사과 밝다 잘리다,0.38780317229479755
fruits_nuts_rice,qwen3,1001303421,2,사과 밝다 질감,0.29001821754766316
fruits_nuts_rice,qwen3,1000122762,1,사과 빨간색 밀봉,0.1868277161348539
fruits_nuts_rice,qwen3,1000122762,2,사과 빨간색 밀봉,0.2321393349253298
fruits_nuts_rice,qwen3,1000908371,1,사과 상자 주위,0.28867513459481287
fruits_nuts_rice,qwen3,1000908371,1,사과 썰다 사과,0.28867513459481287
fruits_nuts_rice,qwen3,1000122762,1,사과 일부 통째,0.1868277161348539
fruits_nuts_rice,qwen3,1000122762,2,사과 일부 통째,0.2321393349253298
fruits_nuts_rice,qwen3,1000102438,1,사과 작다 예쁘다,0.2861801986804607
fruits_nuts_rice,qwen3,1000102438,2,사과 작다 흰색,0.32950860081193245
fruits_nuts_rice,qwen3,1001882653,2,사과 잘리다 과즙,0.3257789390446246
fruits_nuts_rice,qwen3,1000122762,1,사과 잘리다 연하다,0.20359999159484138
fruits_nuts_rice,qwen3,1000122762,1,사과 정물 사과,0.20359999159484138
fruits_nuts_rice,qwen3,5061259,2,사과 주변 나무,0.25
fruits_nuts_rice,qwen3,5061259,2,사과 클로즈업 배경,0.25
fruits_nuts_rice,qwen3,1000122762,2,사과 클로즈업 사과,0.2529794166381285
fruits_nuts_rice,qwen3,1000908371,2,사과 클로즈업 일부,0.3077909087929941
fruits_nuts_rice,qwen3,1000908371,1,사과 흩어지다 선명,0.28867513459481287
fruits_nuts_rice,qwen3,5051031,1,삽화 그리다 나오다,0.23570226039551587
fruits_nuts_rice,qwen3,5048547,1,상단 모서리 작다,0.24253562503633297
fruits_nuts_rice,qwen3,1000102438,1,상자 15 사과,0.26260508413421707
fruits_nuts_rice,qwen3,1000102438,2,상자 15 사과,0.3023641546065977
fruits_nuts_rice,qwen3,1000973922,1,상자 365 혼합,0.28867513459481287
fruits_nuts_rice,qwen3,5094562,1,상자 다양 종류,0.24253562503633297
fruits_nuts_rice,qwen3,5094562,1,상자 상자 다양,0.24253562503633297
fruits_nuts_rice,qwen3,5094562,2,상자 상자 자연,0.2041241452319315
fruits_nuts_rice,qwen3,1000973922,1,상자 앞쪽 견과,0.28867513459481287
fruits_nuts_rice,qwen3,5045631,1,상자 열리다 모습,0.16439898730535724
fruits_nuts_rice,qwen3,5045631,1,상자 월요일 일요일,0.16439898730535724
fruits_nuts_rice,qwen3,1000908371,2,상자 일부 보이다,0.3077909087929941
fruits_nuts_rice,qwen3,5094562,2,상자 자연 갈색,0.2041241452319315
fruits_nuts_rice,qwen3,1000908371,1,상자 주위 사과,0.28867513459481287
fruits_nuts_rice,qwen3,5052626,1,상자 혼합 견과,0.37796447300922725
fruits_nuts_rice,qwen3,1000066062,2,상태 섞이다 쌓이다,0.3333333333333333
fruits_nuts_rice,qwen3,5063578,1,상판 붉다 체리,0.38523767879817605
fruits_nuts_rice,qwen3,5035954,1,상판 주위 블루베리,0.3382903069981467
fruits_nuts_rice,qwen3,5045631,1,색상 구분 구역,0.16439898730535724
fruits_nuts_rice,qwen3,5045631,2,색상 표면 견과,0.26726124191242434
fruits_nuts_rice,qwen3,5159977,1,생기 넘치다 노란색,0.29518751890754386
fruits_nuts_rice,qwen3,1000032485,2,서리 내리다 겉면,0.3493681453535604
fruits_nuts_rice,qwen3,1000253378,1,서리 내리다 겉면,0.260353641425753
fruits_nuts_rice,qwen3,5038123,1,서리 내리다 짙다,0.36074861920921
fruits_nuts_rice,qwen3,1000973922,2,섞이다 담기다 흰색,0.26726124191242434
fruits_nuts_rice,qwen3,5052626,2,섞이다 스낵바 3,0.24253562503633297
fruits_nuts_rice,qwen3,1000066062,2,섞이다 쌀알 자연,0.3333333333333333
fruits_nuts_rice,qwen3,1000066062,1,섞이다 흰색 라벨,0.24253562503633297
fruits_nuts_rice,qwen3,5132780,2,선명 녹색 과육,0.28078304992271064
fruits_nuts_rice,qwen3,5068728,2,선명 밝다 주황색,0.28270732098902973
fruits_nuts_rice,qwen3,1000908371,1,선명 붉다 껍질,0.28867513459481287
fruits_nuts_rice,qwen3,1001234463,1,선명 빨간색 타원,0.30822404561438005
fruits_nuts_rice,qwen3,5034841,2,선명 주황색 무더기,0.3716524153831369
fruits_nuts_rice,qwen3,5068728,1,선명 주황색 잘리다,0.37221137368342927
fruits_nuts_rice,qwen3,5094562,2,선물 상자 상자,0.2041241452319315
fruits_nuts_rice,qwen3,5094562,2,선사 문구 적히다,0.2041241452319315
fruits_nuts_rice,qwen3,5094562,2,소재 만들다 뚜껑,0.2041241452319315
fruits_nuts_rice,qwen3,5159977,1,속살 드러나다 밝다,0.29518751890754386
fruits_nuts_rice,qwen3,5159977,2,속살 드러나다 복숭아,0.2852035678547502
fruits_nuts_rice,qwen3,1000763360,1,송이 밝다 회색,0.3368186736238693
fruits_nuts_rice,qwen3,5038123,2,송이 밝다 회색,0.3380534018298043
fruits_nuts_rice,qwen3,1000763360,2,송이 잘리다 포도,0.28018594234350974
fruits_nuts_rice,qwen3,5048580,2,송이 주변 회색,0.4174581926823129
fruits_nuts_rice,qwen3,5048580,1,송이 포도 클로즈업,0.408248290463863
fruits_nuts_rice,qwen3,5038123,1,송이 희다 배경,0.36074861920921
fruits_nuts_rice,qwen3,5051031,1,수확 농부 한국,0.23570226039551587
fruits_nuts_rice,qwen3,5159977,2,수확 복숭아 클로즈업,0.2852035678547502
fruits_nuts_rice,qwen3,1000253378,1,숟가락 베리 짙다,0.2837266349052194
fruits_nuts_rice,qwen3,5035954,2,숟가락 흰색 질감,0.24442515982690913
fruits_nuts_rice,qwen3,5045631,1,스낵 포장지 보이다,0.16439898730535724
fruits_nuts_rice,qwen3,5052626,2,스낵 포장지 주위,0.24253562503633297
fruits_nuts_rice,qwen3,5045631,2,스낵 플랫 레이,0.26726124191242434
fruits_nuts_rice,qwen3,5052626,2,스낵바 3 회색,0.24253562503633297
fruits_nuts_rice,qwen3,5061259,2,스타 아니스 흩어지다,0.25
fruits_nuts_rice,qwen3,1000122762,1,스티커 붙다 투명,0.1868277161348539
fruits_nuts_rice,qwen3,1000122762,2,스티커 붙다 투명,0.2321393349253298
fruits_nuts_rice,qwen3,5025577,1,식탁 썰다 키위,0.2698150554830273
fruits_nuts_rice,qwen3,5068728,1,식탁보 흩뿌리다 선명,0.37221137368342927
fruits_nuts_rice,qwen3,5094562,2,심플 디자인 자랑,0.2041241452319315
fruits_nuts_rice,qwen3,1001729429,2,쌀밥 가득 담기다,0.3903504450938125
fruits_nuts_rice,qwen3,5053663,2,쌀밥 가득 담기다,0.39035044509381245
fruits_nuts_rice,qwen3,1000144509,2,쌀알 가득 담기다,0.5483250912502442
fruits_nuts_rice,qwen3,5121007,2,쌀알 가득 담기다,0.5483250912502442
fruits_nuts_rice,qwen3,1000030900,2,쌀알 가득 차다,0.47013711505816397
fruits_nuts_rice,qwen3,1000048867,2,쌀알 가득 차다,0.36841081516491075
fruits_nuts_rice,qwen3,5048547,2,쌀알 가득 차다,0.3571682610479419
fruits_nuts_rice,qwen3,5051038,2,쌀알 가득 차다,0.3508633427387761
fruits_nuts_rice,qwen3,5070409,2,쌀알 가득 차다,0.41335762862896164
fruits_nuts_rice,qwen3,5134096,2,쌀알 가득 차다,0.3302798910828735
fruits_nuts_rice,qwen3,1000118138,2,쌀알 가지런히 담기다,0.4472135954999579
fruits_nuts_rice,qwen3,1000867511,1,쌀알 그림 작다,0.2948280375453623
fruits_nuts_rice,qwen3,1000867509,2,쌀알 이삭 담기다,0.2948280375453623
fruits_nuts_rice,qwen3,1000066062,2,쌀알 자연 상태,0.3333333333333333
fruits_nuts_rice,qwen3,5051038,1,쌀알 작다 일러스트,0.23920737008806853
fruits_nuts_rice,qwen3,5068728,2,쌓이다 일부 통째,0.28270732098902973
fruits_nuts_rice,qwen3,5036748,1,썬글드키위 문구 적히다,0.20323630967065626
fruits_nuts_rice,qwen3,1000908371,1,썰다 사과 흩어지다,0.28867513459481287
fruits_nuts_rice,qwen3,5049631,2,썰다 조각 밝다,0.30151134457776363
fruits_nuts_rice,qwen3,5031442,1,썰다 조각 주위,0.25
fruits_nuts_rice,qwen3,5049631,2,썰다 조각 희다,0.30151134457776363
fruits_nuts_rice,qwen3,5036748,2,썰다 키위 과육,0.1794543501333469
fruits_nuts_rice,qwen3,5036748,2,썰다 키위 그림,0.1794543501333469
fruits_nuts_rice,qwen3,5036748,2,썰다 키위 담기다,0.1794543501333469
fruits_nuts_rice,qwen3,5025577,1,썰다 키위 잘리다,0.24758807797499977
fruits_nuts_rice,qwen3,5025577,2,썰다 키위 잘리다,0.23131998938357728
fruits_nuts_rice,qwen3,5025577,1,썰다 키위 조각,0.24758807797499977
fruits_nuts_rice,qwen3,5036748,1,썰다 키위 조각,0.18649399380626833
fruits_nuts_rice,qwen3,5036748,1,썰다 키위 한국어,0.20323630967065626
fruits_nuts_rice,qwen3,5031442,2,썰다 포크 바나나,0.2703289414710858
fruits_nuts_rice,qwen3,5031442,1,썰다 흰색 포크,0.25
fruits_nuts_rice,qwen3,5045631,1,씨앗 간식 상자,0.16439898730535724
fruits_nuts_rice,qwen3,5045631,1,씨앗 담기다 작다,0.16439898730535724
fruits_nuts_rice,qwen3,1000122762,2,씨앗 드러나다 사과,0.2321393349253298
fruits_nuts_rice,qwen3,1001303421,2,씨앗 드러나다 사과,0.2661269325086945
fruits_nuts_rice,qwen3,5045631,1,씨앗 들다 상자,0.16439898730535724
fruits_nuts_rice,qwen3,5052626,2,씨앗 섞이다 스낵바,0.24253562503633297
fruits_nuts_rice,qwen3,1000066062,1,씨앗 섞이다 흰색,0.24253562503633297
fruits_nuts_rice,qwen3,5063690,2,아래 토마토 들다,0.23312298215867344
fruits_nuts_rice,qwen3,1000973922,2,아몬드 캐슈넛 호두,0.26726124191242434
fruits_nuts_rice,qwen3,1002140343,2,아보카도 그리고 으깨다,0.3333333333333333
fruits_nuts_rice,qwen3,1002140343,2,아보카도 드러내다 자르다,0.3333333333333333
fruits_nuts_rice,qwen3,1002140343,2,아보카도 숟가락 담기다,0.3333333333333333
fruits_nuts_rice,qwen3,1002140343,1,아보카도 회색 표면,0.3535533905932738
fruits_nuts_rice,qwen3,1000908371,1,아삭아삭 과육 뽐내다,0.28867513459481287
fruits_nuts_rice,qwen3,1000973922,1,앞쪽 견과 담기다,0.28867513459481287
fruits_nuts_rice,qwen3,5025577,1,앞쪽 식탁 썰다,0.2698150554830273
fruits_nuts_rice,qwen3,5094562,2,야자 12 나무,0.2041241452319315
fruits_nuts_rice,qwen3,5094562,1,야자 디저트 개방,0.24253562503633297
fruits_nuts_rice,qwen3,5053663,1,야채혼배남 종류 적히다,0.3429092497105543
fruits_nuts_rice,qwen3,5036748,2,얇다 썰다 키위,0.5383630504000407
fruits_nuts_rice,qwen3,5031442,2,얇다 썰다 포크,0.2703289414710858
fruits_nuts_rice,qwen3,5031442,1,얇다 썰다 흰색,0.25
fruits_nuts_rice,qwen3,5094562,2,얹다 대추 야자,0.2041241452319315
fruits_nuts_rice,qwen3,1000253378,2,얹다 은색 숟가락,0.323081841278961
fruits_nuts_rice,qwen3,1000253378,2,얼리다 블루베리 가득,0.29646682231160276
fruits_nuts_rice,qwen3,1000338204,2,얼리다 블루베리 가득,0.3368186736238693
fruits_nuts_rice,qwen3,5051031,2,에나멜 냄비 푸다,0.37796447300922725
fruits_nuts_rice,qwen3,5048547,1,여주대왕일포 브랜드 적히다,0.24253562503633297
fruits_nuts_rice,qwen3,5063690,2,엮다 바구니 흰색,0.23312298215867344
fruits_nuts_rice,qwen3,1000253378,1,연두색 냉동 블루베리,0.2837266349052194
fruits_nuts_rice,qwen3,1000122762,1,연하다 노란색 과육,0.16569714804775346
fruits_nuts_rice,qwen3,1000122762,2,연하다 노란색 과육,0.20588393704425068
fruits_nuts_rice,qwen3,1001303421,1,연하다 노란색 과육,0.31560845926256714
fruits_nuts_rice,qwen3,1001303421,2,연하다 노란색 과육,0.23602747305200916
fruits_nuts_rice,qwen3,1000867509,2,연하다 녹색 쌀알,0.2948280375453623
fruits_nuts_rice,qwen3,1000867509,1,연하다 녹색 작다,0.346076486393361
fruits_nuts_rice,qwen3,1000867511,2,연하다 녹색 작다,0.23108227850543833
fruits_nuts_rice,qwen3,1000253378,2,연하다 녹색 클로즈업,0.323081841278961
fruits_nuts_rice,qwen3,5045631,1,열리다 모습 혼합,0.16439898730535724
fruits_nuts_rice,qwen3,5031442,2,옅다 파란색 익다,0.2703289414710858
fruits_nuts_rice,qwen3,1000102438,1,예쁘다 종이컵 담기다,0.2861801986804607
fruits_nuts_rice,qwen3,5048547,1,오른쪽 상단 모서리,0.24253562503633297
fruits_nuts_rice,qwen3,5049631,2,오이 같다 오이,0.30151134457776363
fruits_nuts_rice,qwen3,5049631,2,오이 썰다 조각,0.30151134457776363
fruits_nuts_rice,qwen3,5053663,1,오크라이스 브랜드 보라색,0.3429092497105543
fruits_nuts_rice,qwen3,5035954,2,올리다 숟가락 흰색,0.24442515982690913
fruits_nuts_rice,qwen3,5051031,1,완전미 고시하카리 문구,0.23570226039551587
fruits_nuts_rice,qwen3,5035954,2,요거트 담기다 유리,0.24442515982690913
fruits_nuts_rice,qwen3,5045631,2,요일 표기 그레이,0.26726124191242434
fruits_nuts_rice,qwen3,1000066062,1,용기 검은색 흰색,0.24253562503633297
fruits_nuts_rice,qwen3,5036748,1,용기 라벨 썰다,0.20323630967065626
fruits_nuts_rice,qwen3,5036748,2,용기 작다 흰색,0.1794543501333469
fruits_nuts_rice,qwen3,1000858612,1,용기 회색 흰색,0.28867513459481287
fruits_nuts_rice,qwen3,5036748,1,용기 흰색 대리석,0.20323630967065626
fruits_nuts_rice,qwen3,1000066062,1,원통 용기 검은색,0.24253562503633297
fruits_nuts_rice,qwen3,5051038,1,원형 무늬 조개,0.23920737008806853
fruits_nuts_rice,qwen3,5045631,1,월요일 일요일 주간,0.16439898730535724
fruits_nuts_rice,qwen3,1000118138,1,위쪽 작다 담기다,0.31622776601683794
fruits_nuts_rice,qwen3,5121007,1,유기농 봉지 밝다,0.35231009411381053
fruits_nuts_rice,qwen3,5051031,2,유리 담기다 희다,0.37796447300922725
fruits_nuts_rice,qwen3,5035954,1,유리 대리석 상판,0.3382903069981467
fruits_nuts_rice,qwen3,5035954,2,유리 블루베리 민트,0.24442515982690913
fruits_nuts_rice,qwen3,5061259,2,육두구 스타 아니스,0.25
fruits_nuts_rice,qwen3,1000763360,2,윤기 나다 가득,0.28018594234350974
fruits_nuts_rice,qwen3,1002140343,2,으깨다 아보카도 숟가락,0.3333333333333333
fruits_nuts_rice,qwen3,1000253378,1,은색 숟가락 베리,0.2837266349052194
fruits_nuts_rice,qwen3,1000867509,2,이삭 담기다 작다,0.2948280375453623
fruits_nuts_rice,qwen3,5003716,2,익다 바나나 껍질,0.478079705674071
fruits_nuts_rice,qwen3,5031442,2,익다 바나나 껍질,0.2480596307719848
fruits_nuts_rice,qwen3,5031442,1,익다 바나나 나무,0.25
fruits_nuts_rice,qwen3,5003716,1,익다 바나나 다발,0.4472135954999579
fruits_nuts_rice,qwen3,5027321,2,익다 복숭아 물방울,0.2773500981126146
fruits_nuts_rice,qwen3,5063690,2,익다 토마토 자르다,0.23312298215867344
fruits_nuts_rice,qwen3,5052626,2,인쇄 스낵 포장지,0.24253562503633297
fruits_nuts_rice,qwen3,5051031,1,인증 마크 붙다,0.23570226039551587
fruits_nuts_rice,qwen3,5051038,1,일러스트 그리다 밝다,0.23920737008806853
fruits_nuts_rice,qwen3,1000122762,1,일부 잘리다 사과,0.20359999159484138
fruits_nuts_rice,qwen3,5162187,2,일부 주황색 둥글다,0.31250317599752503
fruits_nuts_rice,qwen3,5162187,2,일부 초록색 일부,0.31250317599752503
fruits_nuts_rice,qwen3,1000122762,1,일부 통째 일부,0.20359999159484138
fruits_nuts_rice,qwen3,1000122762,2,일부 통째 잘리다,0.18858994857261224
fruits_nuts_rice,qwen3,1000908371,2,일부 통째 잘리다,0.2294505712431931
fruits_nuts_rice,qwen3,1001303421,2,일부 통째 잘리다,0.21620146595037654
fruits_nuts_rice,qwen3,5056014,1,일부 통째 잘리다,0.26658149874532383
fruits_nuts_rice,qwen3,5056014,2,일부 통째 잘리다,0.251639657207234
fruits_nuts_rice,qwen3,5068728,2,일부 통째 잘리다,0.21075137192954715
fruits_nuts_rice,qwen3,5045631,1,일요일 주간 일정,0.16439898730535724
fruits_nuts_rice,qwen3,5045631,1,일정 표시 매일,0.16439898730535724
fruits_nuts_rice,qwen3,5027321,1,잎사귀 주위 흩뿌리다,0.3333333333333333
fruits_nuts_rice,qwen3,5056014,1,잎사귀 흩어지다 도마,0.3575992917413832
fruits_nuts_rice,qwen3,5027321,2,잎사귀 흩어지다 모습,0.2773500981126146
fruits_nuts_rice,qwen3,5132780,2,자르다 1 담기다,0.28078304992271064
fruits_nuts_rice,qwen3,5132780,1,자르다 2 담기다,0.35709664947797376
fruits_nuts_rice,qwen3,5063690,2,자르다 과즙 가득,0.23312298215867344
fruits_nuts_rice,qwen3,1002140343,2,자르다 아보카도 그리고,0.3333333333333333
fruits_nuts_rice,qwen3,5063578,2,자르다 토마토 남다,0.36572530295044237
fruits_nuts_rice,qwen3,5094562,2,자연 갈색 소재,0.2041241452319315
fruits_nuts_rice,qwen3,1000066062,2,자연 상태 섞이다,0.3333333333333333
fruits_nuts_rice,qwen3,5034841,1,작다 가득 차다,0.27136060704984516
fruits_nuts_rice,qwen3,1000867511,1,작다 그리다 7,0.2948280375453623
fruits_nuts_rice,qwen3,5045631,1,작다 내용물 그리다,0.16439898730535724
fruits_nuts_rice,qwen3,1000867511,2,작다 담기다 말리다,0.2518274640121604
fruits_nuts_rice,qwen3,1000118138,1,작다 담기다 보이다,0.31622776601683794
fruits_nuts_rice,qwen3,1000867509,1,작다 담기다 이삭,0.37714516442518115
fruits_nuts_rice,qwen3,1000048867,1,작다 밥그릇 그리다,0.39685631617285394
fruits_nuts_rice,qwen3,1001729429,1,작다 밥그릇 그리다,0.27868158049164615
fruits_nuts_rice,qwen3,5053663,1,작다 밥그릇 나무,0.3429092497105543
fruits_nuts_rice,qwen3,5070409,1,작다 밥그릇 밝다,0.4631252780047925
fruits_nuts_rice,qwen3,1000030900,1,작다 밥그릇 회색,0.38742435918404244
fruits_nuts_rice,qwen3,5048547,1,작다 밥그릇 흩어지다,0.24253562503633297
fruits_nuts_rice,qwen3,1000102438,1,작다 예쁘다 종이컵,0.2861801986804607
fruits_nuts_rice,qwen3,1000867509,2,작다 왼쪽 희다,0.2948280375453623
fruits_nuts_rice,qwen3,5051038,1,작다 일러스트 그리다,0.23920737008806853
fruits_nuts_rice,qwen3,1000102438,2,작다 흰색 주름,0.32950860081193245
fruits_nuts_rice,qwen3,5036748,1,작다 흰색 통키위,0.18649399380626833
fruits_nuts_rice,qwen3,5036748,2,작다 흰색 통키위,0.16467115800572113
fruits_nuts_rice,qwen3,5025577,1,잘리다 과육 검다,0.2698150554830273
fruits_nuts_rice,qwen3,5034841,2,잘리다 과즙 가득,0.27705775764457635
fruits_nuts_rice,qwen3,5056014,2,잘리다 과즙 가득,0.251639657207234
fruits_nuts_rice,qwen3,5068728,1,잘리다 과즙 가득,0.27747444734410687
fruits_nuts_rice,qwen3,5068728,2,잘리다 과즙 가득,0.21075137192954715
fruits_nuts_rice,qwen3,5159977,2,잘리다 과즙 가득,0.21261226272567138
fruits_nuts_rice,qwen3,5162187,2,잘리다 과즙 가득,0.23296345083463474
fruits_nuts_rice,qwen3,1001882653,2,잘리다 과즙 흐르다,0.2799004391714011
fruits_nuts_rice,qwen3,5034841,1,잘리다 과즙 흐르다,0.23314568249811143
fruits_nuts_rice,qwen3,5159977,1,잘리다 과즙 흐르다,0.25361711970220463
fruits_nuts_rice,qwen3,1000122762,1,잘리다 사과 빨간색,0.20359999159484138
fruits_nuts_rice,qwen3,1002140343,1,잘리다 아보카도 조각,0.3535533905932738
fruits_nuts_rice,qwen3,1000122762,1,잘리다 연하다 노란색,0.16569714804775346
fruits_nuts_rice,qwen3,1000122762,2,잘리다 연하다 노란색,0.20588393704425068
fruits_nuts_rice,qwen3,1001303421,1,잘리다 연하다 노란색,0.31560845926256714
fruits_nuts_rice,qwen3,1001303421,2,잘리다 연하다 노란색,0.23602747305200916
fruits_nuts_rice,qwen3,1000908371,2,잘리다 조각 베이지,0.3077909087929941
fruits_nuts_rice,qwen3,1001882653,1,잘리다 조각 회색,0.38679414277365004
fruits_nuts_rice,qwen3,5056014,1,잘리다 주변 잎사귀,0.3575992917413832
fruits_nuts_rice,qwen3,5025577,2,잘리다 키위 과육,0.25208651515185404
fruits_nuts_rice,qwen3,1000763360,2,잘리다 포도 윤기,0.28018594234350974
fruits_nuts_rice,qwen3,1000763360,1,잘리다 포도 조각,0.3670562405703576
fruits_nuts_rice,qwen3,5094562,2,쟁반 담기다 고급,0.2041241452319315
fruits_nuts_rice,qwen3,1001729429,1,적히다 10 백미,0.3036999467722506
fruits_nuts_rice,qwen3,1000867509,1,적히다 4 포대,0.37714516442518115
fruits_nuts_rice,qwen3,1000867509,2,적히다 4 희다,0.2948280375453623
fruits_nuts_rice,qwen3,1000030900,1,적히다 4 흰색,0.38742435918404244
fruits_nuts_rice,qwen3,1000867511,2,적히다 8 포대,0.2518274640121604
fruits_nuts_rice,qwen3,1000867511,1,적히다 8 흰색,0.2948280375453623
fruits_nuts_rice,qwen3,1000858612,1,적히다 라벨 붙다,0.28867513459481287
fruits_nuts_rice,qwen3,1000867511,2,적히다 미니멀 디자인,0.2518274640121604
fruits_nuts_rice,qwen3,5048547,1,적히다 붉은색 한국,0.24253562503633297
fruits_nuts_rice,qwen3,1000118138,1,적히다 브랜드 파란색,0.31622776601683794
fruits_nuts_rice,qwen3,1000122762,1,적히다 사과 잘리다,0.20359999159484138
fruits_nuts_rice,qwen3,5094562,2,적히다 심플 디자인,0.2041241452319315
fruits_nuts_rice,qwen3,5053663,1,적히다 오크라이스 브랜드,0.3429092497105543
fruits_nuts_rice,qwen3,5036748,1,적히다 용기 흰색,0.20323630967065626
fruits_nuts_rice,qwen3,5121007,1,적히다 유기농 봉지,0.35231009411381053
fruits_nuts_rice,qwen3,5045631,1,적히다 주간 견과,0.16439898730535724
fruits_nuts_rice,qwen3,5051038,1,적히다 파란색 10,0.23920737008806853
fruits_nuts_rice,qwen3,1000973922,2,적히다 흰색 포장지,0.26726124191242434
fruits_nuts_rice,qwen3,1000253378,2,전경 블루베리 얹다,0.323081841278961
fruits_nuts_rice,qwen3,5038123,2,전경 포도 알갱이,0.3684018152931617
fruits_nuts_rice,qwen3,5051031,1,전통 삽화 그리다,0.23570226039551587
fruits_nuts_rice,qwen3,5094562,1,정렬 뚜껑 브랜드,0.24253562503633297
fruits_nuts_rice,qwen3,1000122762,1,정물 사과 일부,0.20359999159484138
fruits_nuts_rice,qwen3,1000030900,1,정미소 비단 적히다,0.38742435918404244
fruits_nuts_rice,qwen3,5036748,1,제스프리 썬글드키위 문구,0.20323630967065626
fruits_nuts_rice,qwen3,5036748,2,제스프리 키프루트 키위,0.1794543501333469
fruits_nuts_rice,qwen3,5031442,2,조각 꽂히다 껍질,0.2703289414710858
fruits_nuts_rice,qwen3,5034841,2,조각 드러나다 탁자,0.3716524153831369
fruits_nuts_rice,qwen3,5034841,1,조각 드러나다 통째,0.27136060704984516
fruits_nuts_rice,qwen3,1000858612,1,조각 들다 플라스틱,0.28867513459481287
fruits_nuts_rice,qwen3,5049631,2,조각 밝다 썰다,0.30151134457776363
fruits_nuts_rice,qwen3,1000908371,2,조각 베이지 배경,0.3077909087929941
fruits_nuts_rice,qwen3,5031442,1,조각 주위 감싸다,0.25
fruits_nuts_rice,qwen3,1001882653,1,조각 회색 표면,0.38679414277365004
fruits_nuts_rice,qwen3,5049631,2,조각 희다 과육,0.30151134457776363
fruits_nuts_rice,qwen3,5049631,1,조각 흰색 깔리다,0.30516498370820705
fruits_nuts_rice,qwen3,5063690,2,조각 흰색 나무,0.23312298215867344
fruits_nuts_rice,qwen3,5051038,1,조개 껍데기 들다,0.23920737008806853
fruits_nuts_rice,qwen3,5061259,1,조리 흩어지다 사과,0.5
fruits_nuts_rice,qwen3,5094562,1,종류 대추야자 격자,0.24253562503633297
fruits_nuts_rice,qwen3,1000066062,2,종류 섞이다 쌀알,0.3333333333333333
fruits_nuts_rice,qwen3,5053663,1,종류 적히다 오크라이스,0.3429092497105543
fruits_nuts_rice,qwen3,1000102438,1,종이컵 담기다 3,0.2861801986804607
fruits_nuts_rice,qwen3,5045631,1,주간 견과 씨앗,0.16439898730535724
fruits_nuts_rice,qwen3,5045631,1,주간 일정 표시,0.16439898730535724
fruits_nuts_rice,qwen3,1000102438,2,주름 지다 종이컵,0.32950860081193245
fruits_nuts_rice,qwen3,1001502284,1,주름 지다 희다,0.28867513459481287
fruits_nuts_rice,qwen3,5061259,2,주변 나무 육두구,0.25
fruits_nuts_rice,qwen3,5056014,1,주변 잎사귀 흩어지다,0.3072396242044508
fruits_nuts_rice,qwen3,5056014,2,주변 잎사귀 흩어지다,0.29001890258388974
fruits_nuts_rice,qwen3,5159977,2,주변 잎사귀 흩어지다,0.2450391794199449
fruits_nuts_rice,qwen3,5027321,2,주변 초록색 잎사귀,0.2773500981126146
fruits_nuts_rice,qwen3,5048580,2,주변 회색 표면,0.4174581926823129
fruits_nuts_rice,qwen3,5035954,1,주위 블루베리 민트,0.3382903069981467
fruits_nuts_rice,qwen3,1000908371,1,주위 사과 썰다,0.28867513459481287
fruits_nuts_rice,qwen3,5063578,1,주위 토마토 흩어지다,0.38523767879817605
fruits_nuts_rice,qwen3,5027321,1,주위 흩뿌리다 흰색,0.3333333333333333
fruits_nuts_rice,qwen3,5052626,2,주위 흩어지다 모습,0.24253562503633297
fruits_nuts_rice,qwen3,5162187,2,주황색 둥글다 바구니,0.31250317599752503
fruits_nuts_rice,qwen3,5068728,2,주황색 따다 무더기,0.28270732098902973
fruits_nuts_rice,qwen3,5034841,2,주황색 무더기 잘리다,0.3716524153831369
fruits_nuts_rice,qwen3,5162187,1,주황색 바구니 질감,0.31622776601683794
fruits_nuts_rice,qwen3,5094562,1,주황색 상자 상자,0.24253562503633297
fruits_nuts_rice,qwen3,5034841,1,주황색 작다 가득,0.27136060704984516
fruits_nuts_rice,qwen3,5068728,1,주황색 잘리다 과즙,0.37221137368342927
fruits_nuts_rice,qwen3,1001502284,1,줄기 달리다 짙다,0.28867513459481287
fruits_nuts_rice,qwen3,5063690,1,줄기 달리다 토마토,0.3333333333333333
fruits_nuts_rice,qwen3,1001502284,2,줄기 물방울 맺히다,0.3535533905932738
fruits_nuts_rice,qwen3,1000867511,1,줄기 연하다 녹색,0.2948280375453623
fruits_nuts_rice,qwen3,5035954,2,줄기 올리다 숟가락,0.24442515982690913
fruits_nuts_rice,qwen3,1000867511,2,줄기 함께 포장,0.2518274640121604
fruits_nuts_rice,qwen3,5049631,1,줄무늬 멜론 가득,0.30516498370820705
fruits_nuts_rice,qwen3,5049631,2,줄무늬 오이 같다,0.30151134457776363
fruits_nuts_rice,qwen3,1001502284,1,중성 회색 배경,0.28867513459481287
fruits_nuts_rice,qwen3,1000102438,2,지다 종이컵 담기다,0.32950860081193245
fruits_nuts_rice,qwen3,1001502284,1,지다 희다 녹색,0.28867513459481287
fruits_nuts_rice,qwen3,5052626,2,진열 포장지 흰색,0.24253562503633297
fruits_nuts_rice,qwen3,1000118138,1,진주 적히다 브랜드,0.31622776601683794
fruits_nuts_rice,qwen3,5051038,1,진주 적히다 파란색,0.23920737008806853
fruits_nuts_rice,qwen3,5035954,2,질감 느끼다 회색,0.24442515982690913
fruits_nuts_rice,qwen3,5162187,1,질감 느끼다 흰색,0.31622776601683794
fruits_nuts_rice,qwen3,1000122762,1,질감 사과 정물,0.20359999159484138
fruits_nuts_rice,qwen3,1000338204,2,짙다 보라색 질감,0.3670562405703576
fruits_nuts_rice,qwen3,5038123,1,짙다 보라색 포도,0.3310306650688803
fruits_nuts_rice,qwen3,5038123,2,짙다 보라색 포도,0.3380534018298043
fruits_nuts_rice,qwen3,1001502284,1,짙다 빨간색 체리,0.28867513459481287
fruits_nuts_rice,qwen3,1000253378,1,짙다 파란색 서리,0.2837266349052194
fruits_nuts_rice,qwen3,5027321,1,차다 나무 녹색,0.3333333333333333
fruits_nuts_rice,qwen3,5035954,1,차다 투명 유리,0.3382903069981467
fruits_nuts_rice,qwen3,1000032485,2,차다 회색 표면,0.32711490301980284
fruits_nuts_rice,qwen3,5048547,2,차다 회색 표면,0.41164237885451443
fruits_nuts_rice,qwen3,5051038,2,차다 회색 표면,0.4043758553295699
fruits_nuts_rice,qwen3,5134096,2,차다 희다 희다,0.44304595661565394
fruits_nuts_rice,qwen3,1000338204,2,차다 흰색 블루베리,0.3670562405703576
fruits_nuts_rice,qwen3,5034841,1,차다 흰색 타원,0.27136060704984516
fruits_nuts_rice,qwen3,1001234463,2,체리 토마토 가득,0.3670562405703576
fruits_nuts_rice,qwen3,5063578,2,체리 토마토 자르다,0.36572530295044237
fruits_nuts_rice,qwen3,5063578,1,체리 토마토 주위,0.38523767879817605
fruits_nuts_rice,qwen3,5162187,1,초록 도다 껍질,0.31622776601683794
fruits_nuts_rice,qwen3,5121007,1,초록색 라벨 한국어,0.35231009411381053
fruits_nuts_rice,qwen3,5162187,2,초록색 일부 주황색,0.31250317599752503
fruits_nuts_rice,qwen3,5027321,2,초록색 잎사귀 흩어지다,0.2773500981126146
fruits_nuts_rice,qwen3,5063690,1,초록색 줄기 달리다,0.3333333333333333
fruits_nuts_rice,qwen3,1000763360,1,초록색 포도 송이,0.31536477845234034
fruits_nuts_rice,qwen3,1000763360,2,초록색 포도 송이,0.24072817150668796
fruits_nuts_rice,qwen3,5048580,2,초록색 포도 송이,0.35866877033285843
fruits_nuts_rice,qwen3,5045631,2,촬영 요일 표기,0.26726124191242434
fruits_nuts_rice,qwen3,1000973922,2,캐슈넛 호두 피칸,0.26726124191242434
fruits_nuts_rice,qwen3,1000144509,1,컬리 프레시 4,0.4028979312079022
fruits_nuts_rice,qwen3,5134096,1,컬리 프레시 봉지,0.35709664947797376
fruits_nuts_rice,qwen3,5061259,2,클로즈업 배경 사과,0.25
fruits_nuts_rice,qwen3,5048580,1,클로즈업 배경 잎사귀,0.408248290463863
fruits_nuts_rice,qwen3,1000122762,2,클로즈업 사과 일부,0.2529794166381285
fruits_nuts_rice,qwen3,1000908371,2,클로즈업 일부 통째,0.3077909087929941
fruits_nuts_rice,qwen3,5159977,2,클로즈업 잘리다 과즙,0.2852035678547502
fruits_nuts_rice,qwen3,1000253378,2,클로즈업 전경 블루베리,0.323081841278961
fruits_nuts_rice,qwen3,5025577,2,키위 갈색 보송보송,0.25208651515185404
fruits_nuts_rice,qwen3,5025577,2,키위 과육 검다,0.23131998938357728
fruits_nuts_rice,qwen3,5036748,2,키위 과육 검다,0.16467115800572113
fruits_nuts_rice,qwen3,5036748,2,키위 그림 그리다,0.1794543501333469
fruits_nuts_rice,qwen3,5036748,2,키위 담기다 얇다,0.1794543501333469
fruits_nuts_rice,qwen3,5025577,1,키위 썰다 키위,0.24758807797499977
fruits_nuts_rice,qwen3,5025577,2,키위 썰다 키위,0.23131998938357728
fruits_nuts_rice,qwen3,5025577,1,키위 잘리다 과육,0.2698150554830273
fruits_nuts_rice,qwen3,5025577,2,키위 잘리다 키위,0.25208651515185404
fruits_nuts_rice,qwen3,5036748,1,키위 조각 담기다,0.20323630967065626
fruits_nuts_rice,qwen3,5036748,1,키위 플라스틱 용기,0.18649399380626833
fruits_nuts_rice,qwen3,5036748,2,키위 플라스틱 용기,0.16467115800572113
fruits_nuts_rice,qwen3,5036748,1,키위 한국어 되다,0.20323630967065626
fruits_nuts_rice,qwen3,5036748,2,키프루트 키위 플라스틱,0.1794543501333469
fruits_nuts_rice,qwen3,5094562,1,타무르 프리미엄 대추,0.24253562503633297
fruits_nuts_rice,qwen3,1001234463,1,타원 방울 토마토,0.30822404561438005
fruits_nuts_rice,qwen3,1001882653,1,타원 빨간색 노란색,0.3549305957366778
fruits_nuts_rice,qwen3,1001882653,2,타원 빨간색 노란색,0.29894173702944854
fruits_nuts_rice,qwen3,1002140343,1,타원 아보카도 회색,0.3535533905932738
fruits_nuts_rice,qwen3,5034841,1,타원 회색 잘리다,0.27136060704984516
fruits_nuts_rice,qwen3,1002140343,2,테두리 희다 아보카도,0.3333333333333333
fruits_nuts_rice,qwen3,5051031,2,테두리 희다 에나멜,0.37796447300922725
fruits_nuts_rice,qwen3,1002140343,1,테두리 흰색 타원,0.3535533905932738
fruits_nuts_rice,qwen3,1001234463,1,토마토 가득 담기다,0.282832990556168
fruits_nuts_rice,qwen3,1001234463,2,토마토 가득 담기다,0.3368186736238693
fruits_nuts_rice,qwen3,5063578,2,토마토 남다 토마토,0.36572530295044237
fruits_nuts_rice,qwen3,5063690,1,토마토 담기다 바구니,0.3333333333333333
fruits_nuts_rice,qwen3,5063690,2,토마토 들다 엮다,0.23312298215867344
fruits_nuts_rice,qwen3,5063690,1,토마토 바구니 나오다,0.3333333333333333
fruits_nuts_rice,qwen3,5063690,2,토마토 아래 토마토,0.23312298215867344
fruits_nuts_rice,qwen3,5063690,2,토마토 자르다 과즙,0.23312298215867344
fruits_nuts_rice,qwen3,5063578,2,토마토 자르다 토마토,0.36572530295044237
fruits_nuts_rice,qwen3,5063690,2,토마토 조각 흰색,0.23312298215867344
fruits_nuts_rice,qwen3,5063578,1,토마토 주위 토마토,0.38523767879817605
fruits_nuts_rice,qwen3,5094562,2,토핑 얹다 대추,0.2041241452319315
fruits_nuts_rice,qwen3,5132780,2,통째 6 자르다,0.28078304992271064
fruits_nuts_rice,qwen3,5034841,1,통째 되다 잘리다,0.27136060704984516
fruits_nuts_rice,qwen3,5025577,1,통째 되다 키위,0.24758807797499977
fruits_nuts_rice,qwen3,5025577,2,통째 되다 키위,0.23131998938357728
fruits_nuts_rice,qwen3,5063690,2,통째 되다 토마토,0.23312298215867344
fruits_nuts_rice,qwen3,1000122762,1,통째 일부 잘리다,0.20359999159484138
fruits_nuts_rice,qwen3,5056014,2,통째 잘리다 과즙,0.29001890258388974
fruits_nuts_rice,qwen3,5068728,2,통째 잘리다 과즙,0.24289447173551204
fruits_nuts_rice,qwen3,5159977,1,통째 잘리다 과즙,0.25361711970220463
fruits_nuts_rice,qwen3,1000122762,2,통째 잘리다 연하다,0.2321393349253298
fruits_nuts_rice,qwen3,1001303421,2,통째 잘리다 연하다,0.2661269325086945
fruits_nuts_rice,qwen3,1000908371,2,통째 잘리다 조각,0.3077909087929941
fruits_nuts_rice,qwen3,5056014,1,통째 잘리다 주변,0.3575992917413832
fruits_nuts_rice,qwen3,5132780,1,통키위 6 자르다,0.35709664947797376
fruits_nuts_rice,qwen3,5036748,1,통키위 썰다 키위,0.20323630967065626
fruits_nuts_rice,qwen3,5036748,2,통키위 얇다 썰다,0.1794543501333469
fruits_nuts_rice,qwen3,1000122762,1,투명 비닐 봉지,0.1868277161348539
fruits_nuts_rice,qwen3,1000122762,2,투명 비닐 봉지,0.2321393349253298
fruits_nuts_rice,qwen3,1000066062,1,투명 원통 용기,0.24253562503633297
fruits_nuts_rice,qwen3,5035954,1,투명 유리 대리석,0.3382903069981467
fruits_nuts_rice,qwen3,5051038,1,파란색 10 포대,0.23920737008806853
fruits_nuts_rice,qwen3,5061259,2,파란색 가방 보이다,0.25
fruits_nuts_rice,qwen3,1000118138,1,파란색 봉지 4,0.31622776601683794
fruits_nuts_rice,qwen3,1001234463,2,파란색 붉다 체리,0.3670562405703576
fruits_nuts_rice,qwen3,1000253378,1,파란색 서리 내리다,0.2837266349052194
fruits_nuts_rice,qwen3,1001234463,1,파란색 선명 빨간색,0.30822404561438005
fruits_nuts_rice,qwen3,5031442,2,파란색 익다 바나나,0.2703289414710858
fruits_nuts_rice,qwen3,1000763360,1,파란색 초록색 포도,0.3670562405703576
fruits_nuts_rice,qwen3,1002140343,1,파란색 테두리 흰색,0.3535533905932738
fruits_nuts_rice,qwen3,5045631,1,파란색 흰색 디자인,0.16439898730535724
fruits_nuts_rice,qwen3,1000858612,1,파인애플 조각 담기다,0.28867513459481287
fruits_nuts_rice,qwen3,1000858612,1,파인애플 조각 들다,0.28867513459481287
fruits_nuts_rice,qwen3,1000867509,1,포대 연하다 녹색,0.346076486393361
fruits_nuts_rice,qwen3,1000867511,2,포대 연하다 녹색,0.23108227850543833
fruits_nuts_rice,qwen3,5051038,1,포대 포대 흰색,0.23920737008806853
fruits_nuts_rice,qwen3,5051038,1,포대 흰색 원형,0.23920737008806853
fruits_nuts_rice,qwen3,1000763360,1,포도 송이 밝다,0.3368186736238693
fruits_nuts_rice,qwen3,5038123,2,포도 송이 밝다,0.3380534018298043
fruits_nuts_rice,qwen3,1000763360,2,포도 송이 잘리다,0.28018594234350974
fruits_nuts_rice,qwen3,5048580,2,포도 송이 주변,0.4174581926823129
fruits_nuts_rice,qwen3,5038123,1,포도 송이 희다,0.36074861920921
fruits_nuts_rice,qwen3,5038123,2,포도 알갱이 흩어지다,0.3684018152931617
fruits_nuts_rice,qwen3,1000763360,2,포도 윤기 나다,0.28018594234350974
fruits_nuts_rice,qwen3,5048580,1,포도 클로즈업 배경,0.408248290463863
fruits_nuts_rice,qwen3,1000973922,1,포장 상자 앞쪽,0.28867513459481287
fruits_nuts_rice,qwen3,1000867511,2,포장 흰색 한국어,0.2518274640121604
fruits_nuts_rice,qwen3,5052626,2,포장지 주위 흩어지다,0.24253562503633297
fruits_nuts_rice,qwen3,1000122762,1,포장지 한국어 문구,0.20359999159484138
fruits_nuts_rice,qwen3,1000973922,2,포장지 회색 표면,0.26726124191242434
fruits_nuts_rice,qwen3,5052626,2,포장지 흰색 금색,0.24253562503633297
fruits_nuts_rice,qwen3,5031442,1,포크 바나나 껍질,0.25
fruits_nuts_rice,qwen3,5031442,2,포크 바나나 조각,0.2703289414710858
fruits_nuts_rice,qwen3,5045631,2,표기 그레이 색상,0.26726124191242434
fruits_nuts_rice,qwen3,5051031,1,표기 흰색 베이지,0.23570226039551587
fruits_nuts_rice,qwen3,5045631,2,표면 견과 말리다,0.26726124191242434
fruits_nuts_rice,qwen3,5068728,2,표면 깔리다 희다,0.28270732098902973
fruits_nuts_rice,qwen3,1000763360,2,표면 물방울 방울,0.28018594234350974
fruits_nuts_rice,qwen3,5035954,2,표면 블루베리 가득,0.24442515982690913
fruits_nuts_rice,qwen3,1001882653,2,표면 사과 조각,0.3257789390446246
fruits_nuts_rice,qwen3,5061259,2,표면 사과 클로즈업,0.25
fruits_nuts_rice,qwen3,5051038,2,표면 쌀알 흩어지다,0.47065712906530577
fruits_nuts_rice,qwen3,5036748,1,표면 작다 흰색,0.20323630967065626
fruits_nuts_rice,qwen3,1002140343,1,표면 잘리다 아보카도,0.3535533905932738
fruits_nuts_rice,qwen3,5003716,1,표면 접히다 희다,0.4472135954999579
fruits_nuts_rice,qwen3,5048580,2,표면 포도 흩어지다,0.4174581926823129
fruits_nuts_rice,qwen3,5048547,2,표면 흩어지다 쌀알,0.4791147089515938
fruits_nuts_rice,qwen3,5045631,1,표시 개별 스낵,0.16439898730535724
fruits_nuts_rice,qwen3,5045631,1,표시 매일 색상,0.16439898730535724
fruits_nuts_rice,qwen3,1000048867,1,풍경 그리다 10,0.43248370374998674
fruits_nuts_rice,qwen3,1000144509,1,프레시 4 봉지,0.4028979312079022
fruits_nuts_rice,qwen3,5134096,1,프레시 봉지 담다,0.35709664947797376
fruits_nuts_rice,qwen3,5094562,1,프리미엄 대추 야자,0.24253562503633297
fruits_nuts_rice,qwen3,5036748,1,플라스틱 용기 라벨,0.20323630967065626
fruits_nuts_rice,qwen3,5036748,2,플라스틱 용기 작다,0.1794543501333469
fruits_nuts_rice,qwen3,1000858612,1,플라스틱 용기 회색,0.28867513459481287
fruits_nuts_rice,qwen3,5045631,2,플랫 레이 방식,0.26726124191242434
fruits_nuts_rice,qwen3,1000973922,2,피칸 다양 견과,0.26726124191242434
fruits_nuts_rice,qwen3,5031442,1,하늘색 익다 바나나,0.25
fruits_nuts_rice,qwen3,5048547,1,한국 봉지 보이다,0.24253562503633297
fruits_nuts_rice,qwen3,5051031,1,한국 전통 삽화,0.23570226039551587
fruits_nuts_rice,qwen3,1000973922,2,한국어 365 적히다,0.26726124191242434
fruits_nuts_rice,qwen3,1000066062,1,한국어 되다 글자,0.24253562503633297
fruits_nuts_rice,qwen3,5036748,1,한국어 되다 제스프리,0.20323630967065626
fruits_nuts_rice,qwen3,1001729429,1,한국어 문구 작다,0.3036999467722506
fruits_nuts_rice,qwen3,1000122762,1,한국어 문구 적히다,0.17492759731433588
fruits_nuts_rice,qwen3,1000867511,2,한국어 문구 적히다,0.2163633351472385
fruits_nuts_rice,qwen3,5121007,1,한국어 문구 적히다,0.30269528888565006
fruits_nuts_rice,qwen3,1000867511,2,함께 포장 흰색,0.2518274640121604
fruits_nuts_rice,qwen3,1000867509,1,향미 적히다 4,0.346076486393361
fruits_nuts_rice,qwen3,1000867509,2,향미 적히다 4,0.2705405264295532
fruits_nuts_rice,qwen3,1000867511,1,향미 적히다 8,0.2705405264295532
fruits_nuts_rice,qwen3,1000867511,2,향미 적히다 8,0.23108227850543833
fruits_nuts_rice,qwen3,1000066062,2,현미 다양 종류,0.3333333333333333
fruits_nuts_rice,qwen3,1000973922,2,호두 피칸 다양,0.26726124191242434
fruits_nuts_rice,qwen3,5052626,1,혼합 견과 개별,0.37796447300922725
fruits_nuts_rice,qwen3,5045631,1,혼합 견과 씨앗,0.32879797461071447
fruits_nuts_rice,qwen3,1000973922,1,혼합 견과 포장,0.28867513459481287
fruits_nuts_rice,qwen3,5134096,1,회색 10 흰색,0.35709664947797376
fruits_nuts_rice,qwen3,5052626,1,회색 나무 상자,0.37796447300922725
fruits_nuts_rice,qwen3,5159977,1,회색 나뭇잎 흩어지다,0.29518751890754386
fruits_nuts_rice,qwen3,1000338204,1,회색 냉동 블루베리,0.510175589893032
fruits_nuts_rice,qwen3,5048547,1,회색 문양 그리다,0.24253562503633297
fruits_nuts_rice,qwen3,1001502284,1,회색 배경 배경,0.28867513459481287
fruits_nuts_rice,qwen3,1000048867,2,회색 배경 희다,0.424599610013664
fruits_nuts_rice,qwen3,5070409,2,회색 배경 희다,0.4764015622979643
fruits_nuts_rice,qwen3,5134096,2,회색 배경 희다,0.38065308393937813
fruits_nuts_rice,qwen3,1000118138,1,회색 봉지 위쪽,0.31622776601683794
fruits_nuts_rice,qwen3,5048580,1,회색 송이 포도,0.408248290463863
fruits_nuts_rice,qwen3,1000144509,1,회색 작다 밥그릇,0.3461589881072501
fruits_nuts_rice,qwen3,5051038,1,회색 작다 밥그릇,0.2055204923222952
fruits_nuts_rice,qwen3,5121007,1,회색 작다 밥그릇,0.30269528888565006
fruits_nuts_rice,qwen3,5034841,1,회색 잘리다 과즙,0.27136060704984516
fruits_nuts_rice,qwen3,1000763360,1,회색 잘리다 포도,0.3670562405703576
fruits_nuts_rice,qwen3,5038123,2,회색 전경 포도,0.3684018152931617
fruits_nuts_rice,qwen3,5052626,2,회색 진열 포장지,0.24253562503633297
fruits_nuts_rice,qwen3,5035954,2,회색 표면 블루베리,0.24442515982690913
fruits_nuts_rice,qwen3,1001882653,2,회색 표면 사과,0.3257789390446246
fruits_nuts_rice,qwen3,5051038,2,회색 표면 쌀알,0.47065712906530577
fruits_nuts_rice,qwen3,1002140343,1,회색 표면 잘리다,0.3535533905932738
fruits_nuts_rice,qwen3,5048580,2,회색 표면 포도,0.4174581926823129
fruits_nuts_rice,qwen3,1001234463,1,회색 표면 흩어지다,0.282832990556168
fruits_nuts_rice,qwen3,5048547,2,회색 표면 흩어지다,0.4396459260085229
fruits_nuts_rice,qwen3,1001502284,2,회색 희다 깔다,0.3535533905932738
fruits_nuts_rice,qwen3,1000030900,2,회색 희다 쌀알,0.5418408675578379
fruits_nuts_rice,qwen3,1000144509,2,회색 희다 쌀알,0.5133991505325437
fruits_nuts_rice,qwen3,5121007,2,회색 희다 쌀알,0.5133991505325437
fruits_nuts_rice,qwen3,1000973922,1,회색 흰색 상자,0.28867513459481287
fruits_nuts_rice,qwen3,1000858612,1,회색 흰색 파인애플,0.28867513459481287
fruits_nuts_rice,qwen3,1001882653,2,흐르다 드러나다 회색,0.3257789390446246
fruits_nuts_rice,qwen3,5159977,1,흐르다 속살 드러나다,0.29518751890754386
fruits_nuts_rice,qwen3,5034841,1,흐르다 조각 드러나다,0.27136060704984516
fruits_nuts_rice,qwen3,1001303421,2,흩뿌리다 사과 무더기,0.29001821754766316
fruits_nuts_rice,qwen3,5068728,1,흩뿌리다 선명 주황색,0.37221137368342927
fruits_nuts_rice,qwen3,5056014,1,흩어지다 도마 자루,0.3575992917413832
fruits_nuts_rice,qwen3,5052626,2,흩어지다 모습 보이다,0.24253562503633297
fruits_nuts_rice,qwen3,5027321,2,흩어지다 모습 클로즈업,0.2773500981126146
fruits_nuts_rice,qwen3,1000908371,1,흩어지다 선명 붉다,0.28867513459481287
fruits_nuts_rice,qwen3,5048547,1,흩어지다 쌀알 보이다,0.24253562503633297
fruits_nuts_rice,qwen3,5051031,2,희다 검다 테두리,0.37796447300922725
fruits_nuts_rice,qwen3,1000066062,2,희다 검다 현미,0.3333333333333333
fruits_nuts_rice,qwen3,5049631,2,희다 과육 씨방,0.30151134457776363
fruits_nuts_rice,qwen3,1001502284,2,희다 깔다 녹색,0.3535533905932738
fruits_nuts_rice,qwen3,5162187,2,희다 껍질 일부,0.31250317599752503
fruits_nuts_rice,qwen3,5053663,2,희다 나무 숟가락,0.42539377445890736
fruits_nuts_rice,qwen3,1001502284,1,희다 녹색 줄기,0.28867513459481287
fruits_nuts_rice,qwen3,1000763360,2,희다 따오다 초록색,0.28018594234350974
fruits_nuts_rice,qwen3,5038123,1,희다 배경 회색,0.36074861920921
fruits_nuts_rice,qwen3,1000867509,2,희다 봉지 연하다,0.2948280375453623
fruits_nuts_rice,qwen3,1001729429,2,희다 쌀밥 가득,0.3903504450938125
fruits_nuts_rice,qwen3,5053663,2,희다 쌀밥 가득,0.39035044509381245
fruits_nuts_rice,qwen3,1000030900,2,희다 쌀알 가득,0.43793611581271275
fruits_nuts_rice,qwen3,1000048867,2,희다 쌀알 가득,0.34317733326958394
fruits_nuts_rice,qwen3,1000144509,2,희다 쌀알 가득,0.41494845314850426
fruits_nuts_rice,qwen3,5048547,2,희다 쌀알 가득,0.3327048129683726
fruits_nuts_rice,qwen3,5051038,2,희다 쌀알 가득,0.32683173605869076
fruits_nuts_rice,qwen3,5070409,2,희다 쌀알 가득,0.38504561440745955
fruits_nuts_rice,qwen3,5121007,2,희다 쌀알 가득,0.41494845314850426
fruits_nuts_rice,qwen3,5134096,2,희다 쌀알 가득,0.3076581022835962
fruits_nuts_rice,qwen3,1002140343,2,희다 아보카도 드러내다,0.3333333333333333
fruits_nuts_rice,qwen3,5051031,2,희다 에나멜 냄비,0.37796447300922725
fruits_nuts_rice,qwen3,5027321,2,희다 주변 초록색,0.2773500981126146
fruits_nuts_rice,qwen3,1000858612,2,희다 파인애플 조각,1.0
fruits_nuts_rice,qwen3,1001729429,2,희다 흩어지다 쌀알,0.4253937744589074
fruits_nuts_rice,qwen3,1001729429,2,희다 희다 흩어지다,0.4253937744589074
fruits_nuts_rice,qwen3,5134096,1,흰색 365 컬리,0.35709664947797376
fruits_nuts_rice,qwen3,1000066062,1,흰색 갈색 다양,0.24253562503633297
fruits_nuts_rice,qwen3,5052626,2,흰색 금색 녹색,0.24253562503633297
fruits_nuts_rice,qwen3,5049631,1,흰색 깔리다 흰색,0.30516498370820705
fruits_nuts_rice,qwen3,5049631,1,흰색 나무 받침대,0.2621894871723445
fruits_nuts_rice,qwen3,5063578,2,흰색 나무 받침대,0.31422127290401825
fruits_nuts_rice,qwen3,5063690,2,흰색 나무 받침대,0.20029295103764028
fruits_nuts_rice,qwen3,5063578,1,흰색 나무 상판,0.38523767879817605
fruits_nuts_rice,qwen3,5036748,1,흰색 대리석 표면,0.20323630967065626
fruits_nuts_rice,qwen3,5045631,1,흰색 디자인 적히다,0.16439898730535724
fruits_nuts_rice,qwen3,1000066062,1,흰색 라벨 한국어,0.24253562503633297
fruits_nuts_rice,qwen3,5068728,1,흰색 리넨 식탁보,0.37221137368342927
fruits_nuts_rice,qwen3,5049631,1,흰색 멜론 조각,0.30516498370820705
fruits_nuts_rice,qwen3,5162187,1,흰색 바구니 앞쪽,0.31622776601683794
fruits_nuts_rice,qwen3,5051031,1,흰색 베이지 4,0.23570226039551587
fruits_nuts_rice,qwen3,1000867511,1,흰색 봉지 비다,0.2948280375453623
fruits_nuts_rice,qwen3,1000030900,1,흰색 봉지 작다,0.38742435918404244
fruits_nuts_rice,qwen3,1000338204,2,흰색 블루베리 짙다,0.3670562405703576
fruits_nuts_rice,qwen3,1000122762,2,흰색 사과 클로즈업,0.2529794166381285
fruits_nuts_rice,qwen3,1000973922,1,흰색 상자 365,0.28867513459481287
fruits_nuts_rice,qwen3,5036748,2,흰색 얇다 썰다,0.1794543501333469
fruits_nuts_rice,qwen3,5035954,2,흰색 요거트 담기다,0.24442515982690913
fruits_nuts_rice,qwen3,5051038,1,흰색 원형 무늬,0.23920737008806853
fruits_nuts_rice,qwen3,5003716,2,흰색 익다 바나나,0.5209988435904572
fruits_nuts_rice,qwen3,1000102438,2,흰색 주름 지다,0.32950860081193245
fruits_nuts_rice,qwen3,5035954,2,흰색 질감 느끼다,0.24442515982690913
fruits_nuts_rice,qwen3,1000122762,1,흰색 질감 사과,0.20359999159484138
fruits_nuts_rice,qwen3,1002140343,1,흰색 타원 아보카도,0.3535533905932738
fruits_nuts_rice,qwen3,5034841,1,흰색 타원 회색,0.27136060704984516
fruits_nuts_rice,qwen3,5036748,1,흰색 통키위 썰다,0.20323630967065626
fruits_nuts_rice,qwen3,5036748,2,흰색 통키위 얇다,0.1794543501333469
fruits_nuts_rice,qwen3,1000858612,1,흰색 파인애플 조각,0.28867513459481287
fruits_nuts_rice,qwen3,1000973922,2,흰색 포장지 회색,0.26726124191242434
fruits_nuts_rice,qwen3,5031442,1,흰색 포크 바나나,0.25
fruits_nuts_rice,qwen3,5061259,2,흰색 표면 사과,0.25
fruits_nuts_rice,qwen3,1000973922,2,흰색 한국어 365,0.26726124191242434
fruits_nuts_rice,qwen3,1000867511,2,흰색 한국어 문구,0.2518274640121604
vegetables,hyperclovax,1000079725,1,1 5 무게,0.5110517196643091
vegetables,hyperclovax,1000952172,1,15 20 크기,0.3015113445777636
vegetables,hyperclovax,1000952172,1,20 크기 사각,0.3015113445777636
vegetables,hyperclovax,1000952172,1,300 용량 포장,0.3015113445777636
vegetables,hyperclovax,1000952172,1,365 커리프레쉬 제품,0.3015113445777636
vegetables,hyperclovax,1000079725,1,5 무게 고구마,0.5110517196643091
vegetables,hyperclovax,5061435,1,갈색 바구니 담기다,0.5773502691896258
vegetables,hyperclovax,5044050,1,갈색 뿌리채소 아마도,0.28867513459481287
vegetables,hyperclovax,1001544134,2,감자 반쪽 껍질,0.447213595499958
vegetables,hyperclovax,5026448,2,감자 반쪽 껍질,0.4014004070103721
vegetables,hyperclovax,1000441195,2,검은색 냄비 담기다,0.7071067811865476
vegetables,hyperclovax,5044050,2,고구마 고구마 껍질,0.37796447300922725
vegetables,hyperclovax,5044050,2,고구마 껍질 벗기다,0.37796447300922725
vegetables,hyperclovax,5061435,2,고구마 담기다 바구니,0.5773502691896258
vegetables,hyperclovax,1000079725,1,고구마 담기다 상자,0.46527241427410837
vegetables,hyperclovax,1000079725,2,고구마 담기다 상자,1.0
vegetables,hyperclovax,5026450,2,고구마 흰색 담기다,0.7071067811865476
vegetables,hyperclovax,5104176,1,과자 패키지 모습,0.408248290463863
vegetables,hyperclovax,5048049,1,국산 다지다 마늘,0.7071067811865476
vegetables,hyperclovax,5048049,2,국산 참깨 마요네즈,0.5773502691896258
vegetables,hyperclovax,5026448,2,그대로 감자 모습,0.4408951873853222
vegetables,hyperclovax,5000718,1,금속 바구니 마늘,0.5773502691896258
vegetables,hyperclovax,5030559,1,길다 오이 흰색,0.7071067811865476
vegetables,hyperclovax,1001544134,2,껍질 그대로 감자,0.447213595499958
vegetables,hyperclovax,5026448,2,껍질 그대로 감자,0.4014004070103721
vegetables,hyperclovax,5000070,2,껍질 그대로 당근,0.5
vegetables,hyperclovax,1001227997,2,껍질 그대로 양파,0.5110517196643091
vegetables,hyperclovax,1001544134,2,껍질 벗겨지다 감자,0.447213595499958
vegetables,hyperclovax,5026448,2,껍질 벗겨지다 감자,0.4014004070103721
vegetables,hyperclovax,5000070,2,껍질 벗겨지다 당근,0.5
vegetables,hyperclovax,1001227997,1,껍질 벗겨지다 양파,1.0
vegetables,hyperclovax,1001227997,2,껍질 벗겨지다 양파,0.46527241427410837
vegetables,hyperclovax,5027318,2,껍질 벗기다 마늘,0.7071067811865476
vegetables,hyperclovax,5044050,1,껍질 벗기다 얇다,0.28867513459481287
vegetables,hyperclovax,5044050,2,껍질 벗기다 자르다,0.37796447300922725
vegetables,hyperclovax,5027318,1,나무 담기다 마늘,1.0
vegetables,hyperclovax,5044050,2,나무 도마 고구마,0.37796447300922725
vegetables,hyperclovax,5044050,1,나무 도마 연하다,0.28867513459481287
vegetables,hyperclovax,1001985604,2,나무 도마 흰색,0.5773502691896258
vegetables,hyperclovax,5054657,1,나무 쟁반 오이,1.0
vegetables,hyperclovax,5054657,2,나무 쟁반 오이,1.0
vegetables,hyperclovax,1000441195,2,냄비 담기다 고구마,0.7071067811865476
vegetables,hyperclovax,5030557,1,노란색 빨간색 피망,0.7071067811865476
vegetables,hyperclovax,1000178619,2,노란색 주황색 노란색,0.42692176795036146
vegetables,hyperclovax,1000178619,1,노란색 주황색 페퍼,0.5355485607944027
vegetables,hyperclovax,5030557,2,노란색 페퍼 오른쪽,0.5
vegetables,hyperclovax,1000178619,2,노란색 피망 나란히,0.42692176795036146
vegetables,hyperclovax,5030559,1,녹색 길다 오이,0.7071067811865476
vegetables,hyperclovax,1000443684,1,다양 종류 녹색,0.5773502691896257
vegetables,hyperclovax,1000443684,2,다양 종류 녹색,0.5773502691896257
vegetables,hyperclovax,1001176677,1,다양 종류 상추,0.7071067811865476
vegetables,hyperclovax,1001176677,2,다양 종류 상추,0.7071067811865476
vegetables,hyperclovax,1000118036,2,다지다 노란색 음식,0.5
vegetables,hyperclovax,1000118036,1,다지다 마늘 담다,0.7071067811865476
vegetables,hyperclovax,5048049,1,다지다 마늘 제품,0.7071067811865476
vegetables,hyperclovax,5104176,2,단호박 조각 담기다,1.0
vegetables,hyperclovax,5026448,1,담기다 갈색 감자,0.7071067811865476
vegetables,hyperclovax,5000718,1,담기다 금속 바구니,0.5773502691896258
vegetables,hyperclovax,1000952172,2,담기다 노란색 음식,0.447213595499958
vegetables,hyperclovax,1000443684,1,담기다 다양 종류,0.5773502691896257
vegetables,hyperclovax,1000443684,2,담기다 다양 종류,0.5773502691896257
vegetables,hyperclovax,1000661274,2,담기다 다양 채소,0.7071067811865476
vegetables,hyperclovax,5061435,2,담기다 바구니 모습,0.5773502691896258
vegetables,hyperclovax,5061435,1,담기다 보라색 고구마,0.5773502691896258
vegetables,hyperclovax,1000441195,1,담기다 붉다 고구마,0.7071067811865476
vegetables,hyperclovax,5042793,2,담기다 브로콜리 조각,0.7071067811865476
vegetables,hyperclovax,1000118036,2,담기다 잘다 다지다,0.5
vegetables,hyperclovax,1000661274,1,담기다 조리 야채,0.5773502691896258
vegetables,hyperclovax,5063699,1,담기다 청경채 바닥,0.5
vegetables,hyperclovax,5071326,1,담기다 콩나물 콩나물,0.5244226409616258
vegetables,hyperclovax,5058732,1,담기다 표고버섯 포장,0.7071067811865476
vegetables,hyperclovax,5104176,1,담기다 호박 모양,0.408248290463863
vegetables,hyperclovax,5000070,2,당근 껍질 그대로,0.5
vegetables,hyperclovax,5044050,2,도마 고구마 고구마,0.37796447300922725
vegetables,hyperclovax,5044050,1,도마 연하다 갈색,0.28867513459481287
vegetables,hyperclovax,5030559,2,도마 오이 조각,1.0
vegetables,hyperclovax,1001985604,2,도마 흰색 잘리다,0.5773502691896258
vegetables,hyperclovax,1000118036,2,도자기 담기다 잘다,0.5
vegetables,hyperclovax,1000118036,1,마늘 담다 포장지,0.7071067811865476
vegetables,hyperclovax,1000952172,1,모양 개별 포장,0.3015113445777636
vegetables,hyperclovax,5104176,1,모양 과자 패키지,0.408248290463863
vegetables,hyperclovax,1000079725,1,무게 고구마 담기다,0.5110517196643091
vegetables,hyperclovax,5061435,1,바구니 담기다 보라색,0.5773502691896258
vegetables,hyperclovax,5063699,1,바닥 청경채 다발,0.5
vegetables,hyperclovax,1001544134,2,반쪽 껍질 그대로,0.447213595499958
vegetables,hyperclovax,5026448,2,반쪽 껍질 그대로,0.4014004070103721
vegetables,hyperclovax,1000178619,1,배경 빨간색 노란색,0.48757486229673636
vegetables,hyperclovax,1000178619,2,배경 빨간색 노란색,0.38867870713929153
vegetables,hyperclovax,1000952172,2,배경 작다 용기,0.447213595499958
vegetables,hyperclovax,1001544134,2,벗겨지다 감자 반쪽,0.447213595499958
vegetables,hyperclovax,5026448,2,벗겨지다 감자 반쪽,0.4014004070103721
vegetables,hyperclovax,5000070,2,벗겨지다 당근 껍질,0.5
vegetables,hyperclovax,1001227997,2,벗겨지다 양파 껍질,0.5110517196643091
vegetables,hyperclovax,5027318,2,벗기다 마늘 나무,0.7071067811865476
vegetables,hyperclovax,5044050,1,벗기다 얇다 썰다,0.28867513459481287
vegetables,hyperclovax,5044050,2,벗기다 자르다 고구마,0.37796447300922725
vegetables,hyperclovax,5054661,1,보라색 가지 회색,0.7071067811865476
vegetables,hyperclovax,5061435,2,보라색 고구마 담기다,0.5773502691896258
vegetables,hyperclovax,5058732,2,보이다 표고버섯 담기다,0.7071067811865476
vegetables,hyperclovax,5042793,1,브로콜리 담기다 흰색,1.0
vegetables,hyperclovax,5001063,2,브로콜리 조각 모습,0.447213595499958
vegetables,hyperclovax,5001063,2,브로콜리 주변 잘리다,0.447213595499958
vegetables,hyperclovax,1000178619,1,빨간색 노란색 주황색,0.48757486229673636
vegetables,hyperclovax,1000178619,2,빨간색 노란색 주황색,0.38867870713929153
vegetables,hyperclovax,5030557,1,빨간색 피망 나란히,0.7071067811865476
vegetables,hyperclovax,5044050,1,뿌리채소 아마도 우엉,0.28867513459481287
vegetables,hyperclovax,1000952172,1,사각 모양 개별,0.3015113445777636
vegetables,hyperclovax,5000718,1,시금치 담기다 금속,0.5773502691896258
vegetables,hyperclovax,5000718,2,시금치 마늘 바구니,1.0
vegetables,hyperclovax,5044050,1,썰다 모습 담기다,0.28867513459481287
vegetables,hyperclovax,5044050,1,아마도 우엉 우엉,0.28867513459481287
vegetables,hyperclovax,1000661274,1,야채 담기다 조리,0.5773502691896258
vegetables,hyperclovax,5044050,1,얇다 썰다 모습,0.28867513459481287
vegetables,hyperclovax,5031100,1,양상추 잘리다 양상추,1.0
vegetables,hyperclovax,1001227997,2,양파 껍질 그대로,0.5110517196643091
vegetables,hyperclovax,5026451,2,양파 다발 양파,0.7071067811865476
vegetables,hyperclovax,5026451,1,양파 비닐 담기다,0.7071067811865476
vegetables,hyperclovax,1002318659,1,연하다 갈색 브로콜리,1.0
vegetables,hyperclovax,5044050,1,연하다 갈색 뿌리채소,0.28867513459481287
vegetables,hyperclovax,1002318657,1,연하다 녹색 배추,1.0
vegetables,hyperclovax,5030557,2,오른쪽 빨간색 페퍼,0.5
vegetables,hyperclovax,5030557,2,왼쪽 노란색 페퍼,0.5
vegetables,hyperclovax,1000952172,2,용기 담기다 노란색,0.447213595499958
vegetables,hyperclovax,1000952172,1,용량 포장 15,0.3015113445777636
vegetables,hyperclovax,5044050,1,우엉 껍질 벗기다,0.28867513459481287
vegetables,hyperclovax,5044050,1,우엉 우엉 껍질,0.28867513459481287
vegetables,hyperclovax,5044050,2,자르다 고구마 조각,0.37796447300922725
vegetables,hyperclovax,1000952172,2,작다 용기 담기다,0.447213595499958
vegetables,hyperclovax,1000118036,2,잘다 다지다 노란색,0.5
vegetables,hyperclovax,5054661,2,잘리다 검다 가지,1.0
vegetables,hyperclovax,5026450,2,잘리다 고구마 흰색,0.7071067811865476
vegetables,hyperclovax,5027319,2,잘리다 배추 조각,1.0
vegetables,hyperclovax,5001063,2,잘리다 브로콜리 조각,0.447213595499958
vegetables,hyperclovax,1000952172,1,제품 300 용량,0.3015113445777636
vegetables,hyperclovax,5104176,1,조각 담기다 호박,0.408248290463863
vegetables,hyperclovax,1000443684,1,종류 녹색 채소,0.5773502691896257
vegetables,hyperclovax,1000443684,2,종류 녹색 채소,0.5773502691896257
vegetables,hyperclovax,1001176677,1,종류 상추 담기다,0.7071067811865476
vegetables,hyperclovax,1001176677,2,종류 상추 담기다,0.7071067811865476
vegetables,hyperclovax,5001063,2,주변 잘리다 브로콜리,0.447213595499958
vegetables,hyperclovax,1000178619,2,주황색 노란색 피망,0.42692176795036146
vegetables,hyperclovax,5026451,2,주황색 양파 다발,0.7071067811865476
vegetables,hyperclovax,5026451,1,주황색 양파 비닐,0.7071067811865476
vegetables,hyperclovax,5054661,1,짙다 보라색 가지,0.7071067811865476
vegetables,hyperclovax,5063699,1,청경채 바닥 청경채,0.5
vegetables,hyperclovax,1000178619,1,초록색 배경 빨간색,0.48757486229673636
vegetables,hyperclovax,1000178619,2,초록색 배경 빨간색,0.38867870713929153
vegetables,hyperclovax,1001985604,1,초록색 흰색 줄기,1.0
vegetables,hyperclovax,1000952172,1,커리프레쉬 제품 300,0.3015113445777636
vegetables,hyperclovax,5071326,1,콩나물 담기다 포장지,0.5244226409616258
vegetables,hyperclovax,5071326,1,콩나물 콩나물 담기다,0.5244226409616258
vegetables,hyperclovax,1000952172,1,크기 사각 모양,0.3015113445777636
vegetables,hyperclovax,5001063,2,크다 브로콜리 주변,0.447213595499958
vegetables,hyperclovax,5030557,2,페퍼 오른쪽 빨간색,0.5
vegetables,hyperclovax,1000952172,1,포장 15 20,0.3015113445777636
vegetables,hyperclovax,1000661274,1,포장 야채 담기다,0.5773502691896258
vegetables,hyperclovax,5048049,2,포장 현미 국산,0.5773502691896258
vegetables,hyperclovax,5058732,2,표고버섯 담기다 흰색,0.7071067811865476
vegetables,hyperclovax,5058732,1,표고버섯 포장 표고버섯,0.7071067811865476
vegetables,hyperclovax,5027320,1,플라스틱 포장지 담기다,1.0
vegetables,hyperclovax,5048049,2,현미 국산 참깨,0.5773502691896258
vegetables,hyperclovax,5104176,1,호박 모양 과자,0.408248290463863
vegetables,hyperclovax,5104176,1,호박 조각 담기다,0.408248290463863
vegetables,hyperclovax,5036663,1,회색 배경 녹색,1.0
vegetables,hyperclovax,1000661274,2,희다 담기다 다양,0.7071067811865476
vegetables,hyperclovax,5042793,2,희다 담기다 브로콜리,0.7071067811865476
vegetables,hyperclovax,5045384,1,흰색 녹색 자주색,1.0
vegetables,hyperclovax,5026448,1,흰색 담기다 갈색,0.7071067811865476
vegetables,hyperclovax,5026449,2,흰색 담기다 고구마,1.0
vegetables,hyperclovax,1000441195,1,흰색 담기다 붉다,0.7071067811865476
vegetables,hyperclovax,5063699,1,흰색 담기다 청경채,0.5
vegetables,hyperclovax,1000120872,1,흰색 담기다 콩나물,1.0
vegetables,hyperclovax,1000120872,2,흰색 담기다 콩나물,1.0
vegetables,hyperclovax,5071326,1,흰색 담기다 콩나물,0.41826149827649817
vegetables,hyperclovax,5071327,2,흰색 담기다 콩나물,1.0
vegetables,hyperclovax,1000952172,2,흰색 배경 작다,0.447213595499958
vegetables,hyperclovax,1000120884,1,흰색 보이다 루콜라,1.0
vegetables,hyperclovax,1000120884,2,흰색 보이다 루콜라,1.0
vegetables,hyperclovax,1001985604,2,흰색 잘리다 모습,0.5773502691896258
