category,model,product_id,image_order,n_gram_keyword,tfidf_score
bakery,qwen3,1001194675,2,100 땅콩,0.23747082035688966
bakery,qwen3,1002202568,2,100 한국,0.2502090539168627
bakery,qwen3,5132010,1,12 격자,0.17725170823610117
bakery,qwen3,5003416,2,16 들다,0.23441122536811068
bakery,qwen3,5115048,1,1853 과일,0.16949987253883012
bakery,qwen3,5057085,1,1951 문구,0.1980749455774107
bakery,qwen3,5122986,1,3 3,0.185262062736612
bakery,qwen3,5122986,2,3 3,0.21792066722381934
bakery,qwen3,5057085,1,3 4,0.1980749455774107
bakery,qwen3,1002202568,1,3 개별,0.3144823502265094
bakery,qwen3,5122986,1,3 격자,0.185262062736612
bakery,qwen3,5122986,2,3 격자,0.21792066722381934
bakery,qwen3,5025646,1,3 회색,0.22501249562381948
bakery,qwen3,5057085,1,4 격자,0.1980749455774107
bakery,qwen3,5097791,1,4 담기다,0.2720168636010789
bakery,qwen3,5097791,1,4 들다,0.2720168636010789
bakery,qwen3,1000634077,1,5 작다,0.2667229725949411
bakery,qwen3,1000352096,1,500 파스키,0.4075567097670525
bakery,qwen3,1001385477,1,6 가지,0.2380806852093796
bakery,qwen3,5115048,2,6 세트,0.17133522956259245
bakery,qwen3,5115048,1,6 작다,0.16949987253883012
bakery,qwen3,1000220024,2,6 잘리다,0.30304792406777686
bakery,qwen3,5115048,1,70 적히다,0.16949987253883012
bakery,qwen3,5122986,2,8 들다,0.237484281952503
bakery,qwen3,5043336,2,8 유리병,0.22114434319745352
bakery,qwen3,5122986,1,9 3,0.20189378319430407
bakery,qwen3,1000229955,2,9 혼합,0.21747014931554992
bakery,qwen3,1001194675,2,가다 한국어,0.23747082035688966
bakery,qwen3,1000321559,2,가득 담기다,0.20152624036594188
bakery,qwen3,1000635372,2,가득 담기다,0.16903045342939507
bakery,qwen3,1001194675,2,가득 담기다,0.18446599005415493
bakery,qwen3,5025646,2,가득 담기다,0.2091281690272266
bakery,qwen3,5043336,2,가득 담기다,0.1717836749436679
bakery,qwen3,1000196053,2,가득 들다,0.29903488694129216
bakery,qwen3,5052044,2,가득 짐작,0.2504311372432714
bakery,qwen3,1001556191,2,가득 폭신폭신,0.30354547010954386
bakery,qwen3,5052041,2,가득 폭신폭신,0.2923740193797177
bakery,qwen3,5052044,2,가득 폭신폭신,0.21516364901349097
bakery,qwen3,1001737665,2,가루 베리,0.21333834556302386
bakery,qwen3,5012764,1,가루 뿌리다,0.3105045951255459
bakery,qwen3,5052044,1,가루 살짝,0.22189029372866903
bakery,qwen3,1000831954,1,가루 설탕,0.21355582887652683
bakery,qwen3,5012764,2,가루 설탕,0.198497755019127
bakery,qwen3,1000870987,2,가루 숟가락,0.17896991093776246
bakery,qwen3,1001501168,1,가지 밀크,0.24598859891926772
bakery,qwen3,1001385477,1,가지 세인트,0.2380806852093796
bakery,qwen3,1000128336,1,가지다 덩이,0.28570451434195604
bakery,qwen3,5007270,1,가지다 알록달록,0.21124292534795402
bakery,qwen3,5052041,1,가지다 짙다,0.30259817237560105
bakery,qwen3,1000196053,1,가지다 타원,0.3570364349614257
bakery,qwen3,5057085,1,가지런히 배열,0.1980749455774107
bakery,qwen3,5132010,1,가지런히 아래,0.17725170823610117
bakery,qwen3,5131242,1,가지런히 일부,0.2577978574906654
bakery,qwen3,1000894225,2,가지런히 정렬,0.2927473315521269
bakery,qwen3,5115048,2,각각 녹색,0.17133522956259245
bakery,qwen3,5043336,2,각각 다르다,0.22114434319745352
bakery,qwen3,1000831954,2,각각 재료,0.20082612475294662
bakery,qwen3,5063069,1,각각 폭신폭신,0.2421173797662922
bakery,qwen3,5003416,1,각기 재료,0.2388677478519277
bakery,qwen3,1000196053,1,갈라지다 겉면,0.3276242852382492
bakery,qwen3,1001556191,1,갈라지다 겉면,0.2380850424337406
bakery,qwen3,1000659491,2,갈라지다 기공,0.23924108258693216
bakery,qwen3,5052044,1,갈라지다 껍질,0.22189029372866903
bakery,qwen3,1000217187,2,갈라지다 폭신폭신,0.42833039406282425
bakery,qwen3,1000220024,2,갈색 6,0.30304792406777686
bakery,qwen3,1000894225,2,갈색 겉면,0.2686312260134813
bakery,qwen3,5128440,1,갈색 겉면,0.2695541412847208
bakery,qwen3,5074339,1,갈색 과자,0.3151190194960176
bakery,qwen3,5122986,2,갈색 글레이즈,0.237484281952503
bakery,qwen3,1000128336,1,갈색 껍질,0.1983977223666575
bakery,qwen3,1000128336,2,갈색 껍질,0.19064472961950668
bakery,qwen3,1000196053,2,갈색 껍질,0.2076545434151403
bakery,qwen3,1000659491,2,갈색 껍질,0.16613278229468448
bakery,qwen3,1000894225,1,갈색 껍질,0.23237351313979387
bakery,qwen3,5052041,1,갈색 껍질,0.21012894503927088
bakery,qwen3,5138995,1,갈색 껍질,0.17675032957794845
bakery,qwen3,5138995,2,갈색 껍질,0.22499585852886972
bakery,qwen3,5040946,2,갈색 다양,0.24790858954462439
bakery,qwen3,5122986,1,갈색 도넛,0.20189378319430407
bakery,qwen3,1000217187,1,갈색 둥글다,0.3679856268924399
bakery,qwen3,1002202568,2,갈색 땅콩,0.2295971907139037
bakery,qwen3,5025646,2,갈색 땅콩,0.24704156484093803
bakery,qwen3,1000217187,2,갈색 띠다,0.30768934840568135
bakery,qwen3,1000794499,2,갈색 띠다,0.17325290811221486
bakery,qwen3,1001556191,2,갈색 띠다,0.2537913116196018
bakery,qwen3,1001737663,2,갈색 띠다,0.17075424085861352
bakery,qwen3,5044138,2,갈색 띠다,0.17191756523741766
bakery,qwen3,5052041,2,갈색 띠다,0.2444509741327891
bakery,qwen3,5063069,1,갈색 띠다,0.17392400784674342
bakery,qwen3,5097791,1,갈색 바삭바삭,0.2720168636010789
bakery,qwen3,1000659491,1,갈색 베이글,0.27256315105076157
bakery,qwen3,5131242,2,갈색 브레드,0.2684269529083199
bakery,qwen3,1000321559,2,갈색 소스,0.25943319746415244
bakery,qwen3,1000196053,1,갈색 속살,0.3570364349614257
bakery,qwen3,1000220024,1,갈색 잘리다,0.3983251592761332
bakery,qwen3,1002104461,2,갈색 직사각형,0.19760318518248535
bakery,qwen3,5131242,1,갈색 직사각형,0.23656083952736218
bakery,qwen3,1000794499,1,갈색 토핑,0.2060173768741945
bakery,qwen3,5063069,1,갈색 판지,0.2421173797662922
bakery,qwen3,1000831954,1,갈색 페이스트리,0.19995324468280623
bakery,qwen3,5003416,2,갈색 페이스트리,0.2013997747050587
bakery,qwen3,5097791,2,갈색 페이스트리,0.18896512017476952
bakery,qwen3,1000447291,1,감도 희다,0.28907668982746487
bakery,qwen3,5097791,2,감싸이다 잘리다,0.21993840577462873
bakery,qwen3,5063069,1,감자 캐릭터,0.2421173797662922
bakery,qwen3,1000217187,1,같다 들다,0.3679856268924399
bakery,qwen3,1000528793,1,같다 로고,0.2247541422166928
bakery,qwen3,5043336,1,같다 스프레드,0.18508726924147298
bakery,qwen3,1000870987,1,같다 잘다,0.27622312820234984
bakery,qwen3,1000831954,2,같다 재료,0.40165224950589323
bakery,qwen3,1001194675,1,같다 제품,0.4314467496233642
bakery,qwen3,1002202568,1,같다 제품,0.2885757450052304
bakery,qwen3,5057085,2,같다 쿠키,0.2153825600337491
bakery,qwen3,1002104461,2,같다 토핑,0.21534281783559395
bakery,qwen3,1000229955,1,개별 포장,0.23140168435572933
bakery,qwen3,1000229955,2,개별 포장,0.16211866095874505
bakery,qwen3,1000528793,1,개별 포장,0.1675486989629625
bakery,qwen3,1002104461,1,개별 포장,0.16513939872175915
bakery,qwen3,5057085,1,개별 포장,0.14766001240883878
bakery,qwen3,5132010,2,개별 포장,0.172918640347438
bakery,qwen3,1001501168,2,개별 포장지,0.21965062867551924
bakery,qwen3,1002202568,1,개별 포장지,0.2885757450052304
bakery,qwen3,5043336,2,건포도 크림치즈,0.22114434319745352
bakery,qwen3,5131242,1,검다 아마도,0.2577978574906654
bakery,qwen3,1000870987,2,검다 얹다,0.17896991093776246
bakery,qwen3,1000831954,1,검다 올리브,0.21355582887652683
bakery,qwen3,1000831954,2,검다 올리브,0.18428235646723332
bakery,qwen3,5003416,2,검다 쟁반,0.23441122536811068
bakery,qwen3,5131242,2,검다 흩뿌리다,0.2684269529083199
bakery,qwen3,5043336,1,검은색 뚜껑,0.18508726924147298
bakery,qwen3,5122986,1,검은색 물방울,0.20189378319430407
bakery,qwen3,5003416,1,검은색 상자,0.21919016518555948
bakery,qwen3,5003416,2,검은색 상자,0.21510076463581873
bakery,qwen3,1000229955,1,검은색 쟁반,0.31040818219881605
bakery,qwen3,1000894225,2,겉면 기공,0.2686312260134813
bakery,qwen3,5128440,1,겉면 기공,0.2695541412847208
bakery,qwen3,1001556191,1,겉면 폭신폭신,0.2594588942219793
bakery,qwen3,1000196053,1,겉면 황금빛,0.30675603290673603
bakery,qwen3,1000794499,2,겉면 황금빛,0.20721802927435606
bakery,qwen3,1001737663,2,겉면 황금빛,0.20422951433544212
bakery,qwen3,5057085,1,격자 모양,0.16120066275446007
bakery,qwen3,5122986,1,격자 모양,0.16430857301035
bakery,qwen3,5122986,2,격자 모양,0.19327342755497118
bakery,qwen3,5132010,1,격자 모양,0.1442539477101757
bakery,qwen3,5003416,1,견과 각기,0.2388677478519277
bakery,qwen3,5003416,2,견과 과일,0.23441122536811068
bakery,qwen3,1000635372,2,견과 느끼다,0.21760000545028038
bakery,qwen3,1000635372,2,견과 주재료,0.21760000545028038
bakery,qwen3,1002104461,2,겹쳐지다 크림,0.21534281783559395
bakery,qwen3,1000635372,2,고소하다 견과,0.21760000545028038
bakery,qwen3,5052044,1,공기 주머니,0.22189029372866903
bakery,qwen3,1000634077,2,과일 글레이즈,0.26726124191242434
bakery,qwen3,5003416,2,과일 다양,0.23441122536811068
bakery,qwen3,5115048,1,과일 들다,0.16949987253883012
bakery,qwen3,1001385477,1,과일 스프레드,0.21846793963530045
bakery,qwen3,1001385477,2,과일 스프레드,0.21799982527183123
bakery,qwen3,5115048,2,과일 일러스트,0.17133522956259245
bakery,qwen3,1001737665,2,과일 층층이,0.21333834556302386
bakery,qwen3,5115048,1,과일 함량,0.16949987253883012
bakery,qwen3,5063069,1,과자 각각,0.2421173797662922
bakery,qwen3,5052041,2,구겨지다 리넨,0.3402970646266462
bakery,qwen3,5052041,1,구겨지다 밝다,0.30259817237560105
bakery,qwen3,5007270,2,그리고 나무,0.20127587310571346
bakery,qwen3,1000831954,2,그리고 조각,0.20082612475294662
bakery,qwen3,5115048,2,그리고 짙다,0.17133522956259245
bakery,qwen3,5012764,2,그리고 희다,0.2163176968042464
bakery,qwen3,1000400055,2,그리고 흰색,0.2313472782044206
bakery,qwen3,1000528793,1,그리다 같다,0.2247541422166928
bakery,qwen3,5071363,1,그리다 라벨,0.2852448970865974
bakery,qwen3,5115048,2,그리다 라벨,0.1572208789493442
bakery,qwen3,5063069,1,그리다 상자,0.2421173797662922
bakery,qwen3,1000634077,1,그리다 일본화,0.2667229725949411
bakery,qwen3,5074339,1,그리다 작다,0.3151190194960176
bakery,qwen3,1000229955,1,그리다 쿠키,0.28483720109959854
bakery,qwen3,5132010,1,그리다 쿠키,0.16264996659062392
bakery,qwen3,5132010,2,그리다 흰색,0.23195751996353225
bakery,qwen3,1002202568,2,그린 스무스,0.2502090539168627
bakery,qwen3,1000229955,1,그림 그리다,0.26669430127876914
bakery,qwen3,1000637683,1,그림 그리다,0.15225218894445297
bakery,qwen3,5074339,1,그림 그리다,0.2707417250693265
bakery,qwen3,1000634077,1,그림 상자,0.2667229725949411
bakery,qwen3,5052044,2,근접 촬영,0.2504311372432714
bakery,qwen3,1000634077,2,글레이즈 다양,0.26726124191242434
bakery,qwen3,5122986,2,글레이즈 도넛,0.237484281952503
bakery,qwen3,5044137,1,글레이즈 바르다,0.21666231757345897
bakery,qwen3,5063069,1,글씨 한국어,0.2421173797662922
bakery,qwen3,5071363,1,글자 딸기,0.310852478694237
bakery,qwen3,1000128336,1,금빛 갈색,0.28570451434195604
bakery,qwen3,5071363,2,금색 뚜껑,0.3407861505080604
bakery,qwen3,1000220024,2,기공 많다,0.21044125971012495
bakery,qwen3,1000659491,2,기공 많다,0.16613278229468448
bakery,qwen3,1000894225,2,기공 많다,0.20328836575309767
bakery,qwen3,5128440,1,기공 많다,0.2039867876752366
bakery,qwen3,5131242,1,기공 많다,0.1790188995611584
bakery,qwen3,5131242,2,기공 많다,0.1863999111161825
bakery,qwen3,5138995,1,기공 많다,0.17675032957794845
bakery,qwen3,5138995,2,기공 많다,0.22499585852886972
bakery,qwen3,1001556191,2,기포 가득,0.30354547010954386
bakery,qwen3,5052041,2,기포 가득,0.2923740193797177
bakery,qwen3,5052044,2,기포 가득,0.21516364901349097
bakery,qwen3,5128440,2,깔다 나무,0.32781020369776426
bakery,qwen3,5003416,2,깔리다 검다,0.23441122536811068
bakery,qwen3,5003416,1,깔리다 배경,0.2388677478519277
bakery,qwen3,1000635372,2,깨지다 피스타치오,0.21760000545028038
bakery,qwen3,5052044,1,껍질 가루,0.22189029372866903
bakery,qwen3,5052041,1,껍질 가지다,0.30259817237560105
bakery,qwen3,1000447291,1,껍질 감도,0.28907668982746487
bakery,qwen3,5097791,2,껍질 감싸이다,0.21993840577462873
bakery,qwen3,1000635372,2,껍질 깨지다,0.21760000545028038
bakery,qwen3,1000894225,1,껍질 돋보이다,0.30706519527840437
bakery,qwen3,5128440,2,껍질 돋보이다,0.3008056690121508
bakery,qwen3,1000196053,2,껍질 띠다,0.24336556963890332
bakery,qwen3,1000659491,2,껍질 띠다,0.19470317640973867
bakery,qwen3,5052044,2,껍질 띠다,0.2038100537162153
bakery,qwen3,5138995,1,껍질 띠다,0.20714665778155597
bakery,qwen3,5138995,1,껍질 작다,0.25453098185533973
bakery,qwen3,1000128336,1,껍질 잘다,0.28570451434195604
bakery,qwen3,1000128336,2,껍질 폭신폭신,0.27453974389450214
bakery,qwen3,5138995,2,껍질 희다,0.32400741159287316
bakery,qwen3,1001194675,2,꽂히다 가다,0.23747082035688966
bakery,qwen3,5115048,2,꽂히다 뚜껑,0.17133522956259245
bakery,qwen3,5040946,1,꽂히다 마카롱,0.25245048237944134
bakery,qwen3,5012764,1,꽂히다 작다,0.28492567166762617
bakery,qwen3,5012764,2,꽂히다 작다,0.198497755019127
bakery,qwen3,5012764,1,꽃병 상자,0.3105045951255459
bakery,qwen3,5012764,2,꽃병 평온,0.2163176968042464
bakery,qwen3,1000831954,2,나다 크림,0.20082612475294662
bakery,qwen3,5115048,1,나머지 흰색,0.16949987253883012
bakery,qwen3,1000196053,1,나무 도마,0.22125724020883883
bakery,qwen3,1000447291,1,나무 도마,0.17914225086535407
bakery,qwen3,1000447291,2,나무 도마,0.23049454825992677
bakery,qwen3,1000659491,2,나무 도마,0.14825887919107889
bakery,qwen3,1000894225,1,나무 도마,0.20737289856910784
bakery,qwen3,1000894225,2,나무 도마,0.18141696565148474
bakery,qwen3,5007270,1,나무 도마,0.13090828301929402
bakery,qwen3,5052044,1,나무 도마,0.13750650973433048
bakery,qwen3,5052044,2,나무 도마,0.15519341126849887
bakery,qwen3,5128440,1,나무 도마,0.18204024571667451
bakery,qwen3,5128440,2,나무 도마,0.20314560050517202
bakery,qwen3,5138995,2,나무 도마,0.20078899147644064
bakery,qwen3,5071363,1,나무 뚜껑,0.310852478694237
bakery,qwen3,5007270,2,나무 레드,0.20127587310571346
bakery,qwen3,1000635372,1,나무 손잡이,0.29223151052897767
bakery,qwen3,1000637683,2,나무 숟가락,0.18624447486483506
bakery,qwen3,1001194675,2,나무 숟가락,0.16490348427242155
bakery,qwen3,1001385477,1,나무 숟가락,0.1653269840479297
bakery,qwen3,1001385477,2,나무 숟가락,0.16497273556629402
bakery,qwen3,5025646,1,나무 숟가락,0.1562522270207179
bakery,qwen3,5025646,2,나무 숟가락,0.18695025420120695
bakery,qwen3,5115048,1,나무 숟가락,0.11770338571862139
bakery,qwen3,5115048,2,나무 숟가락,0.11897788659265472
bakery,qwen3,1000528793,1,나무 쟁반,0.2062392181516022
bakery,qwen3,1000635372,1,나무 쟁반,0.26815789758682257
bakery,qwen3,5044137,1,나무 케이크,0.21666231757345897
bakery,qwen3,5007270,2,나무 코스터,0.20127587310571346
bakery,qwen3,1000794499,1,나무 포크,0.17700454926009912
bakery,qwen3,1000794499,2,나무 포크,0.20721802927435606
bakery,qwen3,5044137,2,나무 포크,0.25233970361515223
bakery,qwen3,5044137,2,나무 희다,0.29370072146345827
bakery,qwen3,5044138,1,나폴레옹 담기다,0.28812311838816007
bakery,qwen3,5044138,1,나폴레옹 케이크,0.28812311838816007
bakery,qwen3,1001501168,2,내려다보다 모습,0.21965062867551924
bakery,qwen3,5007270,2,내려다보다 모습,0.18469505519538482
bakery,qwen3,1000220024,1,내리다 치즈,0.3655117036286627
bakery,qwen3,1000220024,2,내리다 치즈,0.2780832704829341
bakery,qwen3,1001737663,1,넘치다 주황색,0.20097754981597082
bakery,qwen3,1001737663,2,넘치다 주황색,0.21812300812694047
bakery,qwen3,1002202568,2,넛츠 그린,0.2502090539168627
bakery,qwen3,5003416,2,넣다 작다,0.23441122536811068
bakery,qwen3,5097791,2,노란색 드러나다,0.21993840577462873
bakery,qwen3,1000400055,2,노란색 마카롱,0.2313472782044206
bakery,qwen3,1000870987,2,노란색 버전,0.17896991093776246
bakery,qwen3,1000794499,1,노란색 상자,0.2060173768741945
bakery,qwen3,1000528793,1,노란색 종이,0.2247541422166928
bakery,qwen3,5040946,2,노란색 초록색,0.24790858954462439
bakery,qwen3,1000794499,1,노란색 케이크,0.2060173768741945
bakery,qwen3,1000352096,2,노란색 포장지,0.35709664947797376
bakery,qwen3,5128440,2,노릇노릇 껍질,0.32781020369776426
bakery,qwen3,1000352096,2,노릇노릇 보이다,0.35709664947797376
bakery,qwen3,5074339,2,노릇노릇 폭신폭신,0.3711829604246189
bakery,qwen3,1000220024,1,녹다 내리다,0.3655117036286627
bakery,qwen3,1000220024,2,녹다 내리다,0.2780832704829341
bakery,qwen3,1000831954,2,녹다 치즈,0.20082612475294662
bakery,qwen3,5115048,1,녹색 뚜껑,0.15553671600633223
bakery,qwen3,5115048,2,녹색 뚜껑,0.1572208789493442
bakery,qwen3,1000400055,2,녹색 마카롱,0.2313472782044206
bakery,qwen3,1000659491,1,녹색 배경,0.2501097893690837
bakery,qwen3,1000659491,2,녹색 배경,0.21953274514024582
bakery,qwen3,5007270,1,녹색 분홍색,0.21124292534795402
bakery,qwen3,5122986,1,녹색 빨간색,0.185262062736612
bakery,qwen3,5122986,2,녹색 빨간색,0.21792066722381934
bakery,qwen3,1000794499,1,녹색 상자,0.2060173768741945
bakery,qwen3,1000196053,2,녹색 올리브,0.29903488694129216
bakery,qwen3,1000400055,2,녹색 초콜릿,0.2313472782044206
bakery,qwen3,1000794499,2,녹차 케이크,0.24118315043649727
bakery,qwen3,5116362,1,녹차 쿠키,0.3359109050206447
bakery,qwen3,1000321559,2,느끼다 표면,0.25943319746415244
bakery,qwen3,1001556191,1,다공 질감,0.2594588942219793
bakery,qwen3,5043336,2,다르다 색상,0.22114434319745352
bakery,qwen3,5043336,1,다르다 종류,0.18508726924147298
bakery,qwen3,5115048,2,다르보 담기다,0.17133522956259245
bakery,qwen3,5115048,1,다양 과일,0.16949987253883012
bakery,qwen3,5115048,2,다양 들다,0.17133522956259245
bakery,qwen3,1000229955,2,다양 모양,0.21747014931554992
bakery,qwen3,5003416,1,다양 미니,0.2388677478519277
bakery,qwen3,5040946,1,다양 색상,0.25245048237944134
bakery,qwen3,5040946,2,다양 색조,0.24790858954462439
bakery,qwen3,5003416,2,다양 재료,0.23441122536811068
bakery,qwen3,5043336,2,다양 제품,0.22114434319745352
bakery,qwen3,1000634077,1,다양 종류,0.22916115260661268
bakery,qwen3,1000831954,1,다양 종류,0.19995324468280623
bakery,qwen3,1002104461,1,다양 종류,0.190325911750889
bakery,qwen3,1000634077,2,다양 토핑,0.26726124191242434
bakery,qwen3,5043336,1,다양 표시,0.18508726924147298
bakery,qwen3,5132010,1,다크 초콜릿,0.17725170823610117
bakery,qwen3,5007270,1,단면 가지다,0.21124292534795402
bakery,qwen3,5052044,1,단면 공기,0.22189029372866903
bakery,qwen3,5044138,1,단면 드러나다,0.26438794890144757
bakery,qwen3,5044138,2,단면 드러나다,0.21960904918604526
bakery,qwen3,5122986,1,닫히다 모습,0.20189378319430407
bakery,qwen3,5122986,1,닫히다 상자,0.20189378319430407
bakery,qwen3,5115048,1,달리다 1853,0.16949987253883012
bakery,qwen3,5071363,1,달리다 딸기,0.2852448970865974
bakery,qwen3,5071363,2,달리다 딸기,0.3127126759244064
bakery,qwen3,5043336,1,달리다 작다,0.18508726924147298
bakery,qwen3,1000635372,1,달리다 초록색,0.29223151052897767
bakery,qwen3,5074339,1,달리다 흰색,0.3151190194960176
bakery,qwen3,5043336,2,담기다 8,0.22114434319745352
bakery,qwen3,1000637683,2,담기다 나무,0.26820311546617287
bakery,qwen3,5040946,1,담기다 다양,0.25245048237944134
bakery,qwen3,1000400055,1,담기다 마카롱,0.23931177951126575
bakery,qwen3,1000634077,1,담기다 배경,0.22916115260661268
bakery,qwen3,5012764,1,담기다 배경,0.2667771366536176
bakery,qwen3,5040946,2,담기다 배경,0.21299634436588946
bakery,qwen3,5040946,2,담기다 보이다,0.24790858954462439
bakery,qwen3,1000870987,2,담기다 빨간색,0.17896991093776246
bakery,qwen3,1001737663,1,담기다 상자,0.20097754981597082
bakery,qwen3,1002104461,1,담기다 상자,0.20327355980203726
bakery,qwen3,1001385477,2,담기다 세인트,0.23757054633684227
bakery,qwen3,5025646,2,담기다 유리병,0.2692194796669577
bakery,qwen3,5115048,2,담기다 육각,0.17133522956259245
bakery,qwen3,1001501168,2,담기다 일부,0.23936954900127036
bakery,qwen3,1000635372,1,담기다 작다,0.22700378443858393
bakery,qwen3,1001385477,1,담기다 작다,0.18493972962200886
bakery,qwen3,1001385477,2,담기다 작다,0.18454345663130506
bakery,qwen3,5007270,1,담기다 작다,0.16409230956326942
bakery,qwen3,5025646,1,담기다 작다,0.17478843386915444
bakery,qwen3,1001737665,1,담기다 조각,0.32249604625642886
bakery,qwen3,1000794499,2,담기다 직사각형,0.22131482822419407
bakery,qwen3,5044138,1,담기다 직사각형,0.26438794890144757
bakery,qwen3,5012764,2,담기다 찻잔,0.2163176968042464
bakery,qwen3,1000794499,1,담기다 케이크,0.17700454926009912
bakery,qwen3,1001737663,1,담기다 케이크,0.18817614768706875
bakery,qwen3,1001737663,2,담기다 케이크,0.20422951433544212
bakery,qwen3,1000635372,1,담기다 크다,0.29223151052897767
bakery,qwen3,5040946,1,담기다 포크,0.25245048237944134
bakery,qwen3,1000870987,1,담기다 하트,0.27622312820234984
bakery,qwen3,1000794499,2,담기다 희다,0.20721802927435606
bakery,qwen3,5012764,2,담기다 희다,0.1858543051113592
bakery,qwen3,5097791,1,담기다 희다,0.23370952034913436
bakery,qwen3,1000321559,2,담기다 흰색,0.18636275312005857
bakery,qwen3,1000352096,1,담기다 흰색,0.2927666591136069
bakery,qwen3,1000400055,1,담기다 흰색,0.1719086166293056
bakery,qwen3,1000635372,2,담기다 흰색,0.1563120544750539
bakery,qwen3,1000637683,2,담기다 흰색,0.19266258706370615
bakery,qwen3,1001194675,2,담기다 흰색,0.170586171314887
bakery,qwen3,5044138,1,담기다 흰색,0.206972037908809
bakery,qwen3,5003416,1,담다 다양,0.2388677478519277
bakery,qwen3,1000321559,1,담다 라벨,0.31329943025921025
bakery,qwen3,1001556191,2,담다 모습,0.35329962859948594
bakery,qwen3,1001493094,1,담다 진열,0.3650571016532475
bakery,qwen3,1001501168,1,담다 플랫,0.24598859891926772
bakery,qwen3,1001737663,1,대리석 무늬,0.2190201127532264
bakery,qwen3,1001737665,1,대리석 상자,0.32249604625642886
bakery,qwen3,1001737665,2,대리석 윗면,0.21333834556302386
bakery,qwen3,1001737663,1,대리석 작다,0.2190201127532264
bakery,qwen3,1001737663,2,대리석 전경,0.23770478781227072
bakery,qwen3,1001737665,1,대리석 케이크,0.32249604625642886
bakery,qwen3,5132010,2,더미 들다,0.23195751996353225
bakery,qwen3,5132010,1,더미 일러스트,0.17725170823610117
bakery,qwen3,1000196053,1,덩어리 나무,0.3276242852382492
bakery,qwen3,5007270,1,덩어리 나무,0.19384103596104293
bakery,qwen3,5128440,2,덩어리 밝다,0.32781020369776426
bakery,qwen3,1000128336,2,덩어리 썰다,0.25192355332767663
bakery,qwen3,1001556191,2,덩어리 썰다,0.3241953116279327
bakery,qwen3,1000637683,2,덩어리 씹히다,0.26820311546617287
bakery,qwen3,1000894225,1,덩어리 얇다,0.30706519527840437
bakery,qwen3,1001556191,1,덩어리 얇다,0.2380850424337406
bakery,qwen3,5115048,1,덩어리 올리다,0.16949987253883012
bakery,qwen3,5052041,1,덩어리 조각,0.25998415240953426
bakery,qwen3,5052041,2,덩어리 조각,0.2923740193797177
bakery,qwen3,5138995,2,덩어리 조각,0.2783783907750144
bakery,qwen3,5052044,1,덩이 밝다,0.22189029372866903
bakery,qwen3,5128440,1,덩이 배경,0.2937531006390406
bakery,qwen3,5128440,1,덩이 보이다,0.2937531006390406
bakery,qwen3,1000447291,1,덩이 비닐,0.28907668982746487
bakery,qwen3,1000894225,2,덩이 조각,0.2927473315521269
bakery,qwen3,1000128336,1,덩이 체크,0.28570451434195604
bakery,qwen3,5138995,1,덩이 희다,0.25453098185533973
bakery,qwen3,1000634077,1,도넛 5,0.2667229725949411
bakery,qwen3,5122986,2,도넛 8,0.237484281952503
bakery,qwen3,5122986,1,도넛 9,0.20189378319430407
bakery,qwen3,5128440,2,도마 가지런히,0.32781020369776426
bakery,qwen3,5138995,2,도마 기공,0.32400741159287316
bakery,qwen3,1000894225,1,도마 배경,0.3346316728114637
bakery,qwen3,1000659491,2,도마 베이글,0.23924108258693216
bakery,qwen3,5128440,1,도마 슬라이스,0.2937531006390406
bakery,qwen3,1000894225,2,도마 얇다,0.2927473315521269
bakery,qwen3,5052044,2,도마 올려놓다,0.2504311372432714
bakery,qwen3,1000196053,1,도마 유사,0.3570364349614257
bakery,qwen3,1000447291,1,도마 조각,0.2652629664924662
bakery,qwen3,5052044,1,도마 조각,0.20361128939687778
bakery,qwen3,5007270,1,도마 함께,0.21124292534795402
bakery,qwen3,1000447291,2,도마 희다,0.3719424128724218
bakery,qwen3,5128440,2,돋보이다 얇다,0.32781020369776426
bakery,qwen3,1000894225,1,돋보이다 희다,0.3346316728114637
bakery,qwen3,5071363,1,되다 글자,0.310852478694237
bakery,qwen3,5128440,1,되다 덩이,0.2937531006390406
bakery,qwen3,5043336,1,되다 브랜드,0.18508726924147298
bakery,qwen3,5116362,2,되다 초록색,0.2928244479930965
bakery,qwen3,1000635372,2,되다 피스타치오,0.21760000545028038
bakery,qwen3,5044137,1,두르다 흰색,0.21666231757345897
bakery,qwen3,1000831954,1,둥글다 검다,0.23272759451229397
bakery,qwen3,5132010,1,둥글다 다크,0.17725170823610117
bakery,qwen3,1000229955,2,둥글다 모양,0.21747014931554992
bakery,qwen3,1000217187,1,둥글다 밝다,0.3679856268924399
bakery,qwen3,1001737665,2,둥글다 초콜릿,0.21333834556302386
bakery,qwen3,5063069,1,둥글다 황금빛,0.2221720970809586
bakery,qwen3,5063069,2,둥글다 황금빛,0.37964850262080385
bakery,qwen3,1001737663,1,둥글다 흰색,0.20097754981597082
bakery,qwen3,1001737663,2,둥글다 흰색,0.21812300812694047
bakery,qwen3,1000400055,2,드러나다 노란색,0.2313472782044206
bakery,qwen3,5007270,1,드러나다 단면,0.21124292534795402
bakery,qwen3,1000659491,2,드러나다 베이글,0.23924108258693216
bakery,qwen3,5044138,2,드러나다 분홍색,0.23932423675380218
bakery,qwen3,1001556191,1,드러나다 중성,0.2594588942219793
bakery,qwen3,1002104461,2,드러나다 쿠키,0.21534281783559395
bakery,qwen3,5097791,2,드러나다 타르트,0.21993840577462873
bakery,qwen3,5131242,1,드러나다 회색,0.2577978574906654
bakery,qwen3,5003416,1,들다 검은색,0.2388677478519277
bakery,qwen3,5115048,2,들다 나무,0.17133522956259245
bakery,qwen3,5115048,1,들다 뚜껑,0.16949987253883012
bakery,qwen3,5043336,1,들다 라벨,0.18508726924147298
bakery,qwen3,5132010,2,들다 만화,0.23195751996353225
bakery,qwen3,1000870987,1,들다 빨간색,0.27622312820234984
bakery,qwen3,5003416,2,들다 상자,0.2013997747050587
bakery,qwen3,5097791,1,들다 상자,0.23370952034913436
bakery,qwen3,5122986,2,들다 상자,0.20404006167416866
bakery,qwen3,1000659491,2,들다 아마,0.23924108258693216
bakery,qwen3,5057085,2,들다 오른쪽,0.2153825600337491
bakery,qwen3,1000217187,1,들다 투명,0.33767149843295446
bakery,qwen3,5132010,2,들다 투명,0.21284919196523935
bakery,qwen3,5044137,1,들다 파란색,0.21666231757345897
bakery,qwen3,1000196053,2,들다 폭신폭신,0.29903488694129216
bakery,qwen3,1000400055,2,들어가다 녹색,0.2313472782044206
bakery,qwen3,1002104461,1,들어가다 다양,0.22152224478982085
bakery,qwen3,5063069,2,들어가다 둥글다,0.4137310755690902
bakery,qwen3,5057085,1,들어가다 로고,0.1980749455774107
bakery,qwen3,5012764,2,들어가다 바닐라,0.2163176968042464
bakery,qwen3,5040946,2,들어가다 분홍색,0.24790858954462439
bakery,qwen3,1001737663,1,들어가다 상자,0.2190201127532264
bakery,qwen3,1000831954,1,들어가다 직사각형,0.23272759451229397
bakery,qwen3,1000831954,2,들어가다 크림,0.20082612475294662
bakery,qwen3,1000128336,1,들어가다 폭신폭신,0.28570451434195604
bakery,qwen3,5097791,1,들어가다 황금빛,0.2720168636010789
bakery,qwen3,1000128336,1,듬뿍 들어가다,0.28570451434195604
bakery,qwen3,1000128336,2,듬뿍 박히다,0.27453974389450214
bakery,qwen3,5132010,1,디자인 흰색,0.17725170823610117
bakery,qwen3,1000870987,2,디저트 진열대,0.17896991093776246
bakery,qwen3,1000870987,1,디저트 크림,0.27622312820234984
bakery,qwen3,5115048,1,딸기 사워,0.15553671600633223
bakery,qwen3,5115048,2,딸기 사워,0.1572208789493442
bakery,qwen3,5071363,1,딸기 유리병,0.2852448970865974
bakery,qwen3,5071363,2,딸기 유리병,0.3127126759244064
bakery,qwen3,5071363,1,딸기 일러스트,0.2852448970865974
bakery,qwen3,5071363,2,딸기 일러스트,0.3127126759244064
bakery,qwen3,5043336,1,딸기 크림,0.18508726924147298
bakery,qwen3,1000637683,1,땅콩 그림,0.17720785550883683
bakery,qwen3,1001194675,2,땅콩 문구,0.23747082035688966
bakery,qwen3,1000321559,1,땅콩 버터,0.40957346458756855
bakery,qwen3,1000637683,2,땅콩 버터,0.17530973344537515
bakery,qwen3,1001194675,1,땅콩 버터,0.30733064221826656
bakery,qwen3,1001194675,2,땅콩 버터,0.31044342005841913
bakery,qwen3,1001493094,1,땅콩 버터,0.4772357925219091
bakery,qwen3,1001493094,2,땅콩 버터,0.24149789800205007
bakery,qwen3,1002202568,1,땅콩 버터,0.20555994249230852
bakery,qwen3,1002202568,2,땅콩 버터,0.3270959956713632
bakery,qwen3,5025646,1,땅콩 버터,0.4412351500219505
bakery,qwen3,5025646,2,땅콩 버터,0.35194815046560973
bakery,qwen3,1000321559,2,땅콩 소스,0.25943319746415244
bakery,qwen3,1001194675,2,땅콩 일러스트,0.23747082035688966
bakery,qwen3,1002202568,2,땅콩 적히다,0.2502090539168627
bakery,qwen3,1000321559,2,땅콩 조각,0.25943319746415244
bakery,qwen3,5115048,2,뚜껑 과일,0.17133522956259245
bakery,qwen3,5043336,1,뚜껑 달리다,0.15063081492796976
bakery,qwen3,5071363,1,뚜껑 달리다,0.25298315967374113
bakery,qwen3,5071363,2,뚜껑 달리다,0.2773442807685695
bakery,qwen3,5115048,1,뚜껑 달리다,0.13794521922197114
bakery,qwen3,5025646,1,뚜껑 땅콩,0.22501249562381948
bakery,qwen3,5115048,2,뚜껑 숟가락,0.17133522956259245
bakery,qwen3,1000234669,2,뚜껑 열다,0.24010182824137086
bakery,qwen3,1000234669,1,뚜껑 열리다,0.267682329120439
bakery,qwen3,1000870987,2,뚜껑 열리다,0.13341767780292443
bakery,qwen3,5025646,1,뚜껑 열리다,0.16774129508960026
bakery,qwen3,5057085,1,뚜껑 열리다,0.14766001240883878
bakery,qwen3,5115048,1,뚜껑 열리다,0.12635799651197574
bakery,qwen3,5122986,2,뚜껑 열리다,0.17703870581807668
bakery,qwen3,1000229955,2,뚜껑 쿠키,0.21747014931554992
bakery,qwen3,1000229955,1,뚜껑 파스텔,0.31040818219881605
bakery,qwen3,5025646,2,뜨다 올리다,0.2692194796669577
bakery,qwen3,1000321559,2,띄다 땅콩,0.25943319746415244
bakery,qwen3,1000635372,2,띠다 가득,0.21760000545028038
bakery,qwen3,5063069,1,띠다 과자,0.2421173797662922
bakery,qwen3,1001556191,2,띠다 기포,0.30354547010954386
bakery,qwen3,5052041,2,띠다 기포,0.2923740193797177
bakery,qwen3,5052044,2,띠다 기포,0.21516364901349097
bakery,qwen3,5044138,2,띠다 바삭바삭,0.23932423675380218
bakery,qwen3,1000659491,2,띠다 베이글,0.23924108258693216
bakery,qwen3,1000217187,2,띠다 보이다,0.42833039406282425
bakery,qwen3,1000196053,2,띠다 수제,0.29903488694129216
bakery,qwen3,1000794499,2,띠다 연하다,0.24118315043649727
bakery,qwen3,5138995,2,띠다 회색,0.32400741159287316
bakery,qwen3,5138995,1,띠다 희다,0.25453098185533973
bakery,qwen3,5043336,2,띠다 흰색,0.22114434319745352
bakery,qwen3,5071363,1,라벨 붙다,0.26707602879177333
bakery,qwen3,5115048,1,라벨 붙다,0.14562969878361717
bakery,qwen3,5115048,2,라벨 붙다,0.14720658781915122
bakery,qwen3,5043336,1,라벨 알록달록,0.18508726924147298
bakery,qwen3,1000321559,1,라벨 한국어,0.2874902722891971
bakery,qwen3,5071363,2,라벨 한국어,0.3127126759244064
bakery,qwen3,1001385477,2,라즈베리 담기다,0.23757054633684227
bakery,qwen3,5115048,2,라즈베리 로즈,0.17133522956259245
bakery,qwen3,1001385477,1,라즈베리 망고,0.2380806852093796
bakery,qwen3,5115048,1,라즈베리 살구,0.16949987253883012
bakery,qwen3,1001501168,1,랑그 쿠키,0.22572441074925764
bakery,qwen3,1001501168,2,랑그 쿠키,0.21965062867551924
bakery,qwen3,5007270,2,레드 와인,0.20127587310571346
bakery,qwen3,1001501168,1,레이 연출,0.24598859891926772
bakery,qwen3,5122986,1,로고 검은색,0.20189378319430407
bakery,qwen3,5057085,1,로고 뚜껑,0.1980749455774107
bakery,qwen3,5122986,2,로고 무늬,0.237484281952503
bakery,qwen3,1000528793,1,로고 새기다,0.2062392181516022
bakery,qwen3,5138995,1,로고 새기다,0.23356308442401688
bakery,qwen3,1000794499,1,로고 적히다,0.2060173768741945
bakery,qwen3,1001385477,1,로얄 6,0.2380806852093796
bakery,qwen3,1001385477,2,로얄 망고,0.23757054633684227
bakery,qwen3,5115048,2,로즈 살구,0.17133522956259245
bakery,qwen3,5132010,2,리얼 브라우니,0.23195751996353225
bakery,qwen3,5132010,1,리얼 브라우니쿠키,0.17725170823610117
bakery,qwen3,1000400055,2,마카롱 그리고,0.2313472782044206
bakery,qwen3,1000400055,1,마카롱 담기다,0.4112203961405714
bakery,qwen3,5040946,1,마카롱 담기다,0.43379723130204356
bakery,qwen3,5040946,2,마카롱 담기다,0.4259926887317789
bakery,qwen3,5040946,1,마카롱 상자,0.25245048237944134
bakery,qwen3,1000400055,2,마카롱 자르다,0.2313472782044206
bakery,qwen3,1000400055,1,마카롱 제품,0.23931177951126575
bakery,qwen3,5040946,1,마카롱 진열,0.25245048237944134
bakery,qwen3,1000400055,2,마카롱 함께,0.2313472782044206
bakery,qwen3,1000400055,2,마카롱 흰색,0.2313472782044206
bakery,qwen3,1000128336,2,만들다 수제,0.27453974389450214
bakery,qwen3,5063069,1,만화 감자,0.2421173797662922
bakery,qwen3,1000528793,1,만화 캐릭터,0.2062392181516022
bakery,qwen3,1000528793,2,만화 캐릭터,0.3023641546065977
bakery,qwen3,5132010,2,만화 토끼,0.23195751996353225
bakery,qwen3,1000894225,2,많다 가지다,0.2686312260134813
bakery,qwen3,5128440,1,많다 가지다,0.2695541412847208
bakery,qwen3,1000659491,2,많다 드러나다,0.21953274514024582
bakery,qwen3,5131242,2,많다 드러나다,0.24631432530064032
bakery,qwen3,5131242,1,많다 속살,0.2577978574906654
bakery,qwen3,5138995,1,많다 식감,0.25453098185533973
bakery,qwen3,1000220024,2,많다 질감,0.2780832704829341
bakery,qwen3,5138995,2,많다 질감,0.29731614546980084
bakery,qwen3,5007270,2,말차 분홍색,0.20127587310571346
bakery,qwen3,5116362,2,말차 쿠키,0.2928244479930965
bakery,qwen3,1001385477,1,망고 패션프루트,0.21846793963530045
bakery,qwen3,1001385477,2,망고 패션프루트,0.21799982527183123
bakery,qwen3,1000794499,1,모두 한국어,0.2060173768741945
bakery,qwen3,5122986,1,모습 닫히다,0.20189378319430407
bakery,qwen3,1000217187,2,모습 드러나다,0.3680098712342528
bakery,qwen3,1000220024,1,모습 드러나다,0.34223018633852226
bakery,qwen3,1001737665,2,모습 드러나다,0.18329452723465053
bakery,qwen3,5025646,2,모습 보이다,0.23130608385324627
bakery,qwen3,5097791,2,모습 보이다,0.18896512017476952
bakery,qwen3,5122986,1,모습 보이다,0.1734616692772785
bakery,qwen3,1001501168,2,모습 플레인,0.23936954900127036
bakery,qwen3,5057085,1,모양 가지런히,0.18175781548853828
bakery,qwen3,5132010,1,모양 가지런히,0.16264996659062392
bakery,qwen3,5052044,1,모양 덩이,0.22189029372866903
bakery,qwen3,1000870987,1,모양 디저트,0.27622312820234984
bakery,qwen3,5122986,1,모양 배열,0.185262062736612
bakery,qwen3,5122986,2,모양 배열,0.21792066722381934
bakery,qwen3,1000234669,2,모양 보이다,0.24010182824137086
bakery,qwen3,1000229955,2,모양 사각,0.21747014931554992
bakery,qwen3,1000229955,2,모양 색상,0.21747014931554992
bakery,qwen3,5115048,1,모양 쌓이다,0.16949987253883012
bakery,qwen3,5057085,2,모양 초콜릿,0.2153825600337491
bakery,qwen3,1000870987,2,모양 하트,0.17896991093776246
bakery,qwen3,1000634077,2,모음 초콜릿,0.26726124191242434
bakery,qwen3,5043336,1,모이다 서로,0.18508726924147298
bakery,qwen3,5122986,1,무늬 그리다,0.185262062736612
bakery,qwen3,5122986,2,무늬 그리다,0.21792066722381934
bakery,qwen3,1000229955,2,무늬 다양,0.21747014931554992
bakery,qwen3,1001737663,1,무늬 들어가다,0.20097754981597082
bakery,qwen3,5040946,2,무늬 들어가다,0.22748623529908146
bakery,qwen3,5044137,1,무늬 새기다,0.21666231757345897
bakery,qwen3,1000128336,1,무늬 식탁보,0.26216858598965526
bakery,qwen3,1000128336,2,무늬 식탁보,0.25192355332767663
bakery,qwen3,1001737663,1,무스 케이크,0.2190201127532264
bakery,qwen3,5057085,1,문구 들어가다,0.1980749455774107
bakery,qwen3,5071363,2,문구 딸기,0.3407861505080604
bakery,qwen3,1000794499,1,문구 로고,0.2060173768741945
bakery,qwen3,1000400055,1,문구 적히다,0.2056101980702857
bakery,qwen3,1002104461,1,문구 적히다,0.190325911750889
bakery,qwen3,5132010,1,문구 적히다,0.15228986601976102
bakery,qwen3,1001194675,2,문구 표시,0.23747082035688966
bakery,qwen3,5044137,1,물결 무늬,0.21666231757345897
bakery,qwen3,5122986,1,물방울 무늬,0.20189378319430407
bakery,qwen3,5003416,1,미니 타르트,0.2388677478519277
bakery,qwen3,5132010,1,미니멀 디자인,0.17725170823610117
bakery,qwen3,5138995,1,미니멀 흰색,0.25453098185533973
bakery,qwen3,1000234669,2,밀봉 뚜껑,0.24010182824137086
bakery,qwen3,1001501168,1,밀크 초콜릿,0.24598859891926772
bakery,qwen3,1001501168,1,밀크 크림,0.22572441074925764
bakery,qwen3,1001501168,2,밀크 크림,0.21965062867551924
bakery,qwen3,5044138,2,바깥쪽 황금빛,0.23932423675380218
bakery,qwen3,5003416,1,바나나 견과,0.2388677478519277
bakery,qwen3,5012764,2,바닐라 케이크,0.2163176968042464
bakery,qwen3,5044137,1,바르다 윗면,0.21666231757345897
bakery,qwen3,1002202568,2,바르다 흰색,0.2502090539168627
bakery,qwen3,5044138,2,바삭 식감,0.23932423675380218
bakery,qwen3,1000321559,1,바삭 타입,0.2691783832891994
bakery,qwen3,1001493094,1,바삭 타입,0.3136471724508453
bakery,qwen3,1001493094,2,바삭 타입,0.31743274099747376
bakery,qwen3,1002104461,2,바삭바삭 식감,0.21534281783559395
bakery,qwen3,5044138,2,바삭바삭 안쪽,0.23932423675380218
bakery,qwen3,5097791,1,바삭바삭 페이스트리,0.2720168636010789
bakery,qwen3,5097791,2,바삭바삭 황금빛,0.21993840577462873
bakery,qwen3,1000128336,2,박히다 정성,0.27453974389450214
bakery,qwen3,5115048,1,반면 나머지,0.16949987253883012
bakery,qwen3,1000870987,2,받침대 진열,0.16422662621665626
bakery,qwen3,1001385477,1,받침대 진열,0.21846793963530045
bakery,qwen3,1000217187,1,밝다 같다,0.3679856268924399
bakery,qwen3,5128440,2,밝다 깔다,0.32781020369776426
bakery,qwen3,5052041,1,밝다 리넨,0.30259817237560105
bakery,qwen3,1001385477,2,밝다 배경,0.23757054633684227
bakery,qwen3,1000234669,2,밝다 색상,0.19540368282438922
bakery,qwen3,1000528793,1,밝다 색상,0.18291317246875938
bakery,qwen3,1001385477,1,밝다 색상,0.19375880242152568
bakery,qwen3,1001501168,2,밝다 색상,0.19480772709419114
bakery,qwen3,5052044,1,밝다 표면,0.22189029372866903
bakery,qwen3,1000234669,1,밝다 회색,0.25794072517691896
bakery,qwen3,1000400055,1,밝다 회색,0.1719086166293056
bakery,qwen3,1001194675,1,밝다 회색,0.3377514496773285
bakery,qwen3,5074339,2,밝다 회색,0.2666377282943677
bakery,qwen3,5116362,1,밝다 회색,0.2413001947113876
bakery,qwen3,5122986,1,밝다 회색,0.14502955536025292
bakery,qwen3,5131242,2,밝다 회색,0.19282337975476352
bakery,qwen3,5052044,1,배경 나무,0.22189029372866903
bakery,qwen3,1000794499,1,배경 녹색,0.2060173768741945
bakery,qwen3,5040946,2,배경 마카롱,0.24790858954462439
bakery,qwen3,1000528793,1,배경 밝다,0.2247541422166928
bakery,qwen3,1000870987,2,배경 배경,0.14565228415018777
bakery,qwen3,1001556191,1,배경 배경,0.21115717378691184
bakery,qwen3,5044138,2,배경 배경,0.19477085032362598
bakery,qwen3,5074339,2,배경 배경,0.3020823206548689
bakery,qwen3,1000659491,1,배경 베이글,0.27256315105076157
bakery,qwen3,1001501168,2,배경 일부,0.23936954900127036
bakery,qwen3,5003416,2,배경 적히다,0.23441122536811068
bakery,qwen3,5003416,1,배경 전경,0.2388677478519277
bakery,qwen3,5057085,2,배경 주황색,0.2153825600337491
bakery,qwen3,1000831954,1,배경 진열,0.21355582887652683
bakery,qwen3,1001385477,2,배경 진열,0.21799982527183123
bakery,qwen3,1001737665,1,배경 초콜릿,0.32249604625642886
bakery,qwen3,1000634077,1,배경 파도,0.2667229725949411
bakery,qwen3,5040946,1,배경 파스키,0.25245048237944134
bakery,qwen3,5128440,1,배경 포장,0.2937531006390406
bakery,qwen3,1000894225,1,배경 포장지,0.3346316728114637
bakery,qwen3,5012764,1,배경 희다,0.28492567166762617
bakery,qwen3,5044138,2,배경 희다,0.21960904918604526
bakery,qwen3,1000870987,2,배경 흰색,0.15376609923542203
bakery,qwen3,1001556191,1,배경 흰색,0.22292005325031275
bakery,qwen3,5074339,2,배경 흰색,0.31891034435949334
bakery,qwen3,5122986,1,배열 닫히다,0.20189378319430407
bakery,qwen3,5057085,1,배열 상자,0.1980749455774107
bakery,qwen3,5122986,2,배열 황금빛,0.237484281952503
bakery,qwen3,1000870987,2,버전 담기다,0.17896991093776246
bakery,qwen3,1000870987,2,버전 피스타치오,0.17896991093776246
bakery,qwen3,5025646,1,버터 3,0.22501249562381948
bakery,qwen3,1001194675,2,버터 가득,0.21790831457515628
bakery,qwen3,5025646,2,버터 가득,0.24704156484093803
bakery,qwen3,1001194675,1,버터 같다,0.47017945952694223
bakery,qwen3,5025646,1,버터 나무,0.22501249562381948
bakery,qwen3,1000635372,1,버터 담기다,0.25107739738073903
bakery,qwen3,1000637683,2,버터 담기다,0.2304328512649395
bakery,qwen3,5025646,1,버터 담기다,0.193324640717591
bakery,qwen3,1000321559,1,버터 담다,0.2874902722891971
bakery,qwen3,1001493094,1,버터 담다,0.3349842209051127
bakery,qwen3,1002202568,2,버터 바르다,0.2502090539168627
bakery,qwen3,1000637683,1,버터 베이지,0.17720785550883683
bakery,qwen3,1000637683,1,버터 숟가락,0.1626097263881715
bakery,qwen3,5025646,2,버터 숟가락,0.24704156484093803
bakery,qwen3,1000637683,1,버터 오리지널,0.17720785550883683
bakery,qwen3,1002202568,1,버터 제품,0.3144823502265094
bakery,qwen3,1001194675,2,버터 진열,0.23747082035688966
bakery,qwen3,1002104461,1,버터 쿠키,0.22152224478982085
bakery,qwen3,1000637683,1,버터 크런치,0.17720785550883683
bakery,qwen3,1000321559,1,버터 타입,0.2691783832891994
bakery,qwen3,1001493094,1,버터 타입,0.3136471724508453
bakery,qwen3,1001493094,2,버터 타입,0.31743274099747376
bakery,qwen3,1002202568,2,버터 포장지,0.2502090539168627
bakery,qwen3,1001737665,2,베리 얹다,0.21333834556302386
bakery,qwen3,1000659491,1,베이글 연하다,0.2501097893690837
bakery,qwen3,1000659491,2,베이글 연하다,0.21953274514024582
bakery,qwen3,1000528793,1,베이글 일부,0.2062392181516022
bakery,qwen3,1000528793,2,베이글 일부,0.3023641546065977
bakery,qwen3,1000659491,1,베이글 작다,0.27256315105076157
bakery,qwen3,1000659491,2,베이글 짙다,0.23924108258693216
bakery,qwen3,1000659491,2,베이글 통째,0.23924108258693216
bakery,qwen3,1000528793,1,베이글 포장지,0.2247541422166928
bakery,qwen3,1000659491,1,베이글 흩어지다,0.27256315105076157
bakery,qwen3,1000229955,2,베이지 상자,0.21747014931554992
bakery,qwen3,1000637683,2,베이지 탁자,0.26820311546617287
bakery,qwen3,1000637683,1,베이지 피넛,0.17720785550883683
bakery,qwen3,1000659491,2,보라색 들다,0.23924108258693216
bakery,qwen3,1000217187,2,보이다 갈라지다,0.42833039406282425
bakery,qwen3,1000352096,2,보이다 브리오슈,0.35709664947797376
bakery,qwen3,5122986,1,보이다 상자,0.20189378319430407
bakery,qwen3,1000220024,2,보이다 유산지,0.30304792406777686
bakery,qwen3,5131242,2,보이다 작다,0.2684269529083199
bakery,qwen3,1002104461,2,보이다 짙다,0.21534281783559395
bakery,qwen3,5052044,1,보이다 폭신폭신,0.22189029372866903
bakery,qwen3,1000234669,2,보이다 필라델피아,0.24010182824137086
bakery,qwen3,5128440,1,보이다 황금빛,0.2937531006390406
bakery,qwen3,1000635372,2,보이다 황록색,0.21760000545028038
bakery,qwen3,1000794499,1,본체 갈색,0.2060173768741945
bakery,qwen3,1000400055,1,봉지 밝다,0.23931177951126575
bakery,qwen3,5057085,2,봉지 쿠키,0.2153825600337491
bakery,qwen3,1000528793,1,봉투 함께,0.2247541422166928
bakery,qwen3,5131242,2,부러지다 기공,0.2684269529083199
bakery,qwen3,5116362,1,부러지다 쿠키,0.3359109050206447
bakery,qwen3,5116362,2,부서지다 안쪽,0.2928244479930965
bakery,qwen3,5003416,1,부서지다 타르트,0.2388677478519277
bakery,qwen3,5052044,2,부풀다 오르다,0.2504311372432714
bakery,qwen3,5115048,2,분량 올리다,0.17133522956259245
bakery,qwen3,5012764,2,분위기 완성,0.2163176968042464
bakery,qwen3,5040946,2,분홍색 노란색,0.24790858954462439
bakery,qwen3,1001737663,1,분홍색 대리석,0.2190201127532264
bakery,qwen3,1000400055,2,분홍색 마카롱,0.2313472782044206
bakery,qwen3,5044138,2,분홍색 배경,0.23932423675380218
bakery,qwen3,1000870987,1,분홍색 상자,0.27622312820234984
bakery,qwen3,5007270,2,분홍색 조각,0.20127587310571346
bakery,qwen3,5007270,1,분홍색 흰색,0.21124292534795402
bakery,qwen3,5115048,2,붙다 다르보,0.17133522956259245
bakery,qwen3,5115048,1,붙다 라즈베리,0.16949987253883012
bakery,qwen3,5132010,2,브라우니 쿠키,0.23195751996353225
bakery,qwen3,5132010,1,브라우니쿠키 문구,0.17725170823610117
bakery,qwen3,1000229955,2,브랜드 9,0.21747014931554992
bakery,qwen3,1000659491,1,브랜드 이름,0.27256315105076157
bakery,qwen3,5044137,1,브랜드 인쇄,0.21666231757345897
bakery,qwen3,1001737663,1,브랜드 적히다,0.20097754981597082
bakery,qwen3,5043336,1,브랜드 적히다,0.16984004531214986
bakery,qwen3,5057085,1,브랜드 페이스,0.1980749455774107
bakery,qwen3,5131242,2,브레드 스틱,0.2684269529083199
bakery,qwen3,5131242,2,브레드스틱 부러지다,0.2684269529083199
bakery,qwen3,1000352096,1,브리오슈 조각,0.3739827722229786
bakery,qwen3,1000352096,2,브리오슈 조각,0.3276795393692378
bakery,qwen3,5043336,1,블랙 올리브,0.16984004531214986
bakery,qwen3,5043336,2,블랙 올리브,0.20292678920115131
bakery,qwen3,5115048,1,블루베리 딸기,0.16949987253883012
bakery,qwen3,1001385477,1,블루베리 사과,0.21846793963530045
bakery,qwen3,1001385477,2,블루베리 사과,0.21799982527183123
bakery,qwen3,5043336,1,블루베리 시나몬,0.18508726924147298
bakery,qwen3,5115048,2,블루베리 정원,0.17133522956259245
bakery,qwen3,1000659491,2,블루베리 황금빛,0.23924108258693216
bakery,qwen3,1000229955,2,비닐 개별,0.19955527014451646
bakery,qwen3,5057085,1,비닐 개별,0.18175781548853828
bakery,qwen3,1000217187,1,비닐 봉지,0.33767149843295446
bakery,qwen3,5057085,2,비닐 봉지,0.19763965347532436
bakery,qwen3,1000447291,1,비닐 싸이다,0.28907668982746487
bakery,qwen3,5115048,2,빨간색 다양,0.17133522956259245
bakery,qwen3,5122986,1,빨간색 로고,0.185262062736612
bakery,qwen3,5122986,2,빨간색 로고,0.21792066722381934
bakery,qwen3,1000870987,1,빨간색 배경,0.2534682628492678
bakery,qwen3,1000870987,2,빨간색 배경,0.16422662621665626
bakery,qwen3,1000870987,1,빨간색 분홍색,0.27622312820234984
bakery,qwen3,1000870987,2,빨간색 테마,0.17896991093776246
bakery,qwen3,5012764,2,뿌리다 담기다,0.2163176968042464
bakery,qwen3,1000831954,1,뿌리다 둥글다,0.23272759451229397
bakery,qwen3,5052044,1,뿌리다 직사각,0.22189029372866903
bakery,qwen3,5012764,1,뿌리다 케이크,0.3105045951255459
bakery,qwen3,1000229955,2,사각 체크,0.21747014931554992
bakery,qwen3,1001385477,1,사과 시나몬,0.21846793963530045
bakery,qwen3,1001385477,2,사과 시나몬,0.21799982527183123
bakery,qwen3,5115048,1,사워 체리,0.15553671600633223
bakery,qwen3,5115048,2,사워 체리,0.1572208789493442
bakery,qwen3,5115048,1,살구 덩어리,0.16949987253883012
bakery,qwen3,5115048,1,살구 블루베리,0.16949987253883012
bakery,qwen3,5115048,2,살구 야생,0.17133522956259245
bakery,qwen3,1000831954,1,살짝 뿌리다,0.19995324468280623
bakery,qwen3,5012764,2,살짝 뿌리다,0.1858543051113592
bakery,qwen3,5052044,1,살짝 뿌리다,0.19064212942880976
bakery,qwen3,5057085,2,삼각 모양,0.2153825600337491
bakery,qwen3,5122986,2,상자 3,0.237484281952503
bakery,qwen3,5057085,2,상자 같다,0.2153825600337491
bakery,qwen3,5132010,2,상자 개별,0.23195751996353225
bakery,qwen3,5138995,1,상자 기공,0.25453098185533973
bakery,qwen3,1000794499,1,상자 노란색,0.2060173768741945
bakery,qwen3,1000870987,1,상자 담기다,0.2534682628492678
bakery,qwen3,1001737663,1,상자 담기다,0.20097754981597082
bakery,qwen3,5063069,1,상자 만화,0.2421173797662922
bakery,qwen3,1000794499,1,상자 모두,0.2060173768741945
bakery,qwen3,5116362,1,상자 밝다,0.30823904617189074
bakery,qwen3,5122986,1,상자 밝다,0.185262062736612
bakery,qwen3,1001737665,1,상자 배경,0.32249604625642886
bakery,qwen3,5003416,2,상자 보이다,0.23441122536811068
bakery,qwen3,1001737663,1,상자 브랜드,0.20097754981597082
bakery,qwen3,5044137,1,상자 브랜드,0.1988139864233637
bakery,qwen3,1000794499,1,상자 상자,0.16766450493899795
bakery,qwen3,5044137,1,상자 상자,0.17632774849411345
bakery,qwen3,5063069,1,상자 상자,0.19704401265351495
bakery,qwen3,5132010,1,상자 상자,0.1442539477101757
bakery,qwen3,5074339,1,상자 악기,0.3151190194960176
bakery,qwen3,5040946,1,상자 알록달록,0.25245048237944134
bakery,qwen3,5044138,1,상자 얇다,0.28812311838816007
bakery,qwen3,1000229955,2,상자 연하다,0.21747014931554992
bakery,qwen3,1000229955,1,상자 열다,0.31040818219881605
bakery,qwen3,1000229955,2,상자 열리다,0.21747014931554992
bakery,qwen3,1000400055,1,상자 작다,0.23931177951126575
bakery,qwen3,5063069,1,상자 적히다,0.2421173797662922
bakery,qwen3,5057085,1,상자 주황색,0.1980749455774107
bakery,qwen3,5003416,1,상자 줄무늬,0.21919016518555948
bakery,qwen3,5003416,2,상자 줄무늬,0.21510076463581873
bakery,qwen3,1002202568,1,상자 진열,0.3144823502265094
bakery,qwen3,1002104461,1,상자 초록색,0.22152224478982085
bakery,qwen3,5097791,1,상자 캐러멜,0.2720168636010789
bakery,qwen3,1002104461,1,상자 커피,0.22152224478982085
bakery,qwen3,5116362,2,상자 쿠키,0.2928244479930965
bakery,qwen3,5057085,1,상자 페이스,0.1980749455774107
bakery,qwen3,5116362,2,상자 포장,0.2928244479930965
bakery,qwen3,5132010,1,상자 한국어,0.17725170823610117
bakery,qwen3,5122986,1,상자 황금빛,0.20189378319430407
bakery,qwen3,5122986,1,상자 흰색,0.185262062736612
bakery,qwen3,5122986,2,상자 흰색,0.21792066722381934
bakery,qwen3,1000528793,2,상태 포장지,0.32950860081193245
bakery,qwen3,1000528793,1,새기다 노란색,0.2247541422166928
bakery,qwen3,5044137,1,새기다 직사각형,0.21666231757345897
bakery,qwen3,1000229955,2,색상 띠다,0.19955527014451646
bakery,qwen3,5043336,2,색상 띠다,0.20292678920115131
bakery,qwen3,5040946,1,색상 마카롱,0.25245048237944134
bakery,qwen3,1001385477,1,색상 받침대,0.2380806852093796
bakery,qwen3,1001501168,2,색상 배경,0.23936954900127036
bakery,qwen3,1000528793,1,색상 베이글,0.2247541422166928
bakery,qwen3,1000234669,2,색상 표면,0.2203225838014958
bakery,qwen3,5052041,1,색상 표면,0.2776705686904693
bakery,qwen3,5040946,2,색조 알록달록,0.24790858954462439
bakery,qwen3,1001737663,1,생기 넘치다,0.20097754981597082
bakery,qwen3,1001737663,2,생기 넘치다,0.21812300812694047
bakery,qwen3,1000128336,2,서다 체크,0.27453974389450214
bakery,qwen3,5043336,1,서로 다르다,0.18508726924147298
bakery,qwen3,1002104461,2,선명 보이다,0.19760318518248535
bakery,qwen3,5052044,1,선명 보이다,0.20361128939687778
bakery,qwen3,1000831954,1,설탕 살짝,0.21355582887652683
bakery,qwen3,5012764,2,설탕 살짝,0.198497755019127
bakery,qwen3,1001385477,1,세인트 과일,0.21846793963530045
bakery,qwen3,1001385477,2,세인트 과일,0.21799982527183123
bakery,qwen3,5043336,2,세트 각각,0.22114434319745352
bakery,qwen3,5115048,1,세트 녹색,0.16949987253883012
bakery,qwen3,5115048,2,세트 라즈베리,0.17133522956259245
bakery,qwen3,5043336,1,세트 모이다,0.18508726924147298
bakery,qwen3,1001385477,2,세트 밝다,0.23757054633684227
bakery,qwen3,1000321559,2,소스 가득,0.25943319746415244
bakery,qwen3,1000321559,2,소스 아마도,0.25943319746415244
bakery,qwen3,1000234669,2,소용돌이 모양,0.24010182824137086
bakery,qwen3,1000128336,1,속살 가지다,0.26216858598965526
bakery,qwen3,1000196053,1,속살 가지다,0.3276242852382492
bakery,qwen3,5052044,1,속살 드러나다,0.20361128939687778
bakery,qwen3,5131242,1,속살 드러나다,0.23656083952736218
bakery,qwen3,1001556191,1,속살 지니다,0.2594588942219793
bakery,qwen3,1000128336,2,속살 호두,0.27453974389450214
bakery,qwen3,1000635372,1,손잡이 달리다,0.26815789758682257
bakery,qwen3,5074339,1,손잡이 달리다,0.28915996637294133
bakery,qwen3,1000128336,2,수제 덩어리,0.22343052292263565
bakery,qwen3,1001556191,1,수제 덩어리,0.21115717378691184
bakery,qwen3,1001556191,2,수제 덩어리,0.28752820865415296
bakery,qwen3,5052041,2,수제 덩어리,0.2769462447221731
bakery,qwen3,5052044,2,수제 썰다,0.2504311372432714
bakery,qwen3,1000196053,2,수제 조각,0.29903488694129216
bakery,qwen3,1000637683,2,숟가락 꽂히다,0.2304328512649395
bakery,qwen3,1001194675,2,숟가락 꽂히다,0.2040284958358883
bakery,qwen3,5115048,2,숟가락 꽂히다,0.14720658781915122
bakery,qwen3,5007270,1,숟가락 담기다,0.21124292534795402
bakery,qwen3,5025646,2,숟가락 땅콩,0.2692194796669577
bakery,qwen3,5025646,2,숟가락 뜨다,0.2692194796669577
bakery,qwen3,5115048,2,숟가락 분량,0.17133522956259245
bakery,qwen3,5115048,2,숟가락 숟가락,0.17133522956259245
bakery,qwen3,1001385477,2,숟가락 스프레드,0.23757054633684227
bakery,qwen3,1000870987,2,숟가락 얹다,0.17896991093776246
bakery,qwen3,5007270,1,숟가락 작다,0.19384103596104293
bakery,qwen3,5115048,1,숟가락 작다,0.15553671600633223
bakery,qwen3,1000637683,1,숟가락 함께,0.17720785550883683
bakery,qwen3,5025646,1,슈퍼넛츠 땅콩,0.22501249562381948
bakery,qwen3,1002202568,2,스무스 땅콩,0.2295971907139037
bakery,qwen3,5025646,1,스무스 땅콩,0.2064762887753829
bakery,qwen3,5025646,1,스무스 적히다,0.22501249562381948
bakery,qwen3,1000634077,1,스타일 그림,0.2667229725949411
bakery,qwen3,5131242,2,스틱 브레드스틱,0.2684269529083199
bakery,qwen3,5043336,2,스프레드 가득,0.22114434319745352
bakery,qwen3,1000635372,1,스프레드 담기다,0.26815789758682257
bakery,qwen3,1001385477,2,스프레드 담기다,0.21799982527183123
bakery,qwen3,5043336,1,스프레드 들다,0.18508726924147298
bakery,qwen3,1001385477,1,스프레드 밝다,0.2380806852093796
bakery,qwen3,1000234669,2,스프레드 소용돌이,0.24010182824137086
bakery,qwen3,1001385477,2,스프레드 유리병,0.23757054633684227
bakery,qwen3,5128440,1,슬라이스 되다,0.2937531006390406
bakery,qwen3,1000352096,1,슬라이스 브리오슈,0.4075567097670525
bakery,qwen3,5043336,2,시나몬 건포도,0.22114434319745352
bakery,qwen3,5043336,1,시나몬 딸기,0.18508726924147298
bakery,qwen3,1001385477,1,시나몬 라즈베리,0.2380806852093796
bakery,qwen3,1001385477,2,시나몬 로얄,0.23757054633684227
bakery,qwen3,1001737663,2,식감 지니다,0.20422951433544212
bakery,qwen3,5044138,2,식감 지니다,0.20562090099560992
bakery,qwen3,5138995,1,식감 지니다,0.21868612444059415
bakery,qwen3,1002104461,2,식감 황금빛,0.21534281783559395
bakery,qwen3,1001493094,2,식물 땅콩,0.36946316299581694
bakery,qwen3,5007270,1,식사 장면,0.21124292534795402
bakery,qwen3,5007270,2,식탁 내려다보다,0.20127587310571346
bakery,qwen3,1000447291,1,식탁보 우유,0.2652629664924662
bakery,qwen3,1000447291,2,식탁보 우유,0.34130233005570565
bakery,qwen3,5138995,1,식탁보 적히다,0.25453098185533973
bakery,qwen3,1000635372,2,식탁보 피스타치오,0.21760000545028038
bakery,qwen3,1000447291,1,싸이다 나무,0.28907668982746487
bakery,qwen3,5044138,1,쌓이다 단면,0.28812311838816007
bakery,qwen3,1001737665,2,쌓이다 모습,0.21333834556302386
bakery,qwen3,5044138,2,쌓이다 바삭,0.23932423675380218
bakery,qwen3,1000447291,1,쌓이다 조각,0.2652629664924662
bakery,qwen3,1000447291,2,쌓이다 조각,0.34130233005570565
bakery,qwen3,5044137,2,쌓이다 직사각형,0.29370072146345827
bakery,qwen3,1000894225,1,썰다 나무,0.30706519527840437
bakery,qwen3,5052044,2,썰다 나무,0.2298009791342251
bakery,qwen3,5044138,1,썰다 나폴레옹,0.28812311838816007
bakery,qwen3,1001556191,1,썰다 다공,0.2594588942219793
bakery,qwen3,1000528793,2,썰다 상태,0.32950860081193245
bakery,qwen3,1000128336,2,썰다 서다,0.27453974389450214
bakery,qwen3,5007270,1,썰다 차리다,0.21124292534795402
bakery,qwen3,1000870987,1,썰다 피스타치오,0.27622312820234984
bakery,qwen3,1000128336,1,썰다 호두,0.28570451434195604
bakery,qwen3,1000894225,2,썰다 희다,0.25152057683038886
bakery,qwen3,1001556191,2,썰다 희다,0.30354547010954386
bakery,qwen3,5128440,2,썰다 희다,0.281645646735016
bakery,qwen3,1000637683,2,씹히다 종류,0.26820311546617287
bakery,qwen3,5132010,1,아래 미니멀,0.17725170823610117
bakery,qwen3,1001501168,1,아르티제 랑그,0.22572441074925764
bakery,qwen3,1001501168,2,아르티제 랑그,0.21965062867551924
bakery,qwen3,1000659491,2,아마 블루베리,0.23924108258693216
bakery,qwen3,1000321559,2,아마도 땅콩,0.25943319746415244
bakery,qwen3,5131242,1,아마도 올리브,0.2577978574906654
bakery,qwen3,1000400055,2,아이싱 초콜릿,0.2313472782044206
bakery,qwen3,5007270,1,아침 식사,0.21124292534795402
bakery,qwen3,5007270,2,아침 식탁,0.20127587310571346
bakery,qwen3,5074339,1,악기 연주,0.3151190194960176
bakery,qwen3,5116362,2,안쪽 초록색,0.2928244479930965
bakery,qwen3,5044138,2,안쪽 층층이,0.23932423675380218
bakery,qwen3,5097791,2,안쪽 커스터드,0.21993840577462873
bakery,qwen3,5007270,1,알록달록 덩어리,0.21124292534795402
bakery,qwen3,1000400055,1,알록달록 마카롱,0.2056101980702857
bakery,qwen3,5040946,1,알록달록 마카롱,0.21689861565102178
bakery,qwen3,5040946,2,알록달록 마카롱,0.21299634436588946
bakery,qwen3,1000634077,2,알록달록 케이크,0.26726124191242434
bakery,qwen3,5043336,1,알록달록 하다,0.18508726924147298
bakery,qwen3,5025646,2,앞쪽 나무,0.2692194796669577
bakery,qwen3,5115048,2,야생 블루베리,0.17133522956259245
bakery,qwen3,1000894225,1,얇다 썰다,0.25993999067285317
bakery,qwen3,1000894225,2,얇다 썰다,0.22740447129174327
bakery,qwen3,1001556191,1,얇다 썰다,0.20154620146207403
bakery,qwen3,5044138,1,얇다 썰다,0.22381240866177202
bakery,qwen3,5128440,2,얇다 썰다,0.25464111204940254
bakery,qwen3,1000870987,2,얹다 노란색,0.17896991093776246
bakery,qwen3,1001737663,1,얹다 둥글다,0.20097754981597082
bakery,qwen3,1001737663,2,얹다 둥글다,0.21812300812694047
bakery,qwen3,1000400055,2,얹다 분홍색,0.2313472782044206
bakery,qwen3,1000831954,2,얹다 조각,0.20082612475294662
bakery,qwen3,1000870987,2,얹다 초콜릿,0.17896991093776246
bakery,qwen3,1001737665,2,얹다 크다,0.21333834556302386
bakery,qwen3,1000870987,2,얹다 크림,0.17896991093776246
bakery,qwen3,1000528793,1,얼굴 그리다,0.2062392181516022
bakery,qwen3,1000528793,2,얼굴 그리다,0.3023641546065977
bakery,qwen3,5097791,2,에그 타르트,0.21993840577462873
bakery,qwen3,5116362,2,연두색 상자,0.2928244479930965
bakery,qwen3,1000635372,2,연두색 식탁보,0.21760000545028038
bakery,qwen3,5131242,1,연두색 직사각형,0.2577978574906654
bakery,qwen3,5074339,1,연주 그림,0.3151190194960176
bakery,qwen3,5012764,1,연하다 가루,0.3105045951255459
bakery,qwen3,1000321559,2,연하다 갈색,0.2228979752921055
bakery,qwen3,1002202568,2,연하다 갈색,0.2149728410356127
bakery,qwen3,5025646,2,연하다 갈색,0.23130608385324627
bakery,qwen3,1000659491,1,연하다 녹색,0.2341788757271352
bakery,qwen3,1000659491,2,연하다 녹색,0.20554945718805717
bakery,qwen3,1000794499,2,연하다 녹색,0.20721802927435606
bakery,qwen3,1000229955,2,연하다 베이지,0.21747014931554992
bakery,qwen3,1000352096,2,연하다 파란색,0.35709664947797376
bakery,qwen3,1000229955,1,열다 검은색,0.31040818219881605
bakery,qwen3,1000234669,2,열다 밀봉,0.24010182824137086
bakery,qwen3,5115048,1,열리다 나무,0.16949987253883012
bakery,qwen3,1000229955,2,열리다 뚜껑,0.19955527014451646
bakery,qwen3,5025646,1,열리다 뚜껑,0.2064762887753829
bakery,qwen3,5122986,1,열리다 모습,0.20189378319430407
bakery,qwen3,1000234669,1,열리다 상태,0.3590759739729759
bakery,qwen3,1000870987,2,열리다 코코아,0.17896991093776246
bakery,qwen3,5122986,2,열리다 크리스피 크림 도넛,0.237484281952503
bakery,qwen3,5057085,1,열리다 페이스트리,0.1980749455774107
bakery,qwen3,1000321559,1,영어 되다,0.31329943025921025
bakery,qwen3,5043336,1,영어 한국어,0.18508726924147298
bakery,qwen3,5052044,2,오르다 풍미,0.2504311372432714
bakery,qwen3,5057085,2,오른쪽 투명,0.2153825600337491
bakery,qwen3,1000637683,1,오리지널 적히다,0.17720785550883683
bakery,qwen3,1000234669,1,오리지널 크림,0.3590759739729759
bakery,qwen3,1000234669,2,오리지널 프레시,0.24010182824137086
bakery,qwen3,1000794499,1,올라가다 직사각형,0.2060173768741945
bakery,qwen3,1000831954,1,올라가다 황금빛,0.23272759451229397
bakery,qwen3,5052044,2,올려놓다 근접,0.2504311372432714
bakery,qwen3,5025646,2,올리다 모습,0.2692194796669577
bakery,qwen3,5115048,1,올리다 반면,0.16949987253883012
bakery,qwen3,5057085,2,올리다 배경,0.2153825600337491
bakery,qwen3,1000634077,2,올리다 작다,0.26726124191242434
bakery,qwen3,1001737665,2,올리다 초콜릿,0.21333834556302386
bakery,qwen3,1000196053,2,올리브 가득,0.29903488694129216
bakery,qwen3,1000831954,2,올리브 녹다,0.20082612475294662
bakery,qwen3,1000831954,1,올리브 들어가다,0.23272759451229397
bakery,qwen3,5131242,2,올리브 보이다,0.2684269529083199
bakery,qwen3,5043336,1,올리브 토마토,0.16984004531214986
bakery,qwen3,5043336,2,올리브 토마토,0.20292678920115131
bakery,qwen3,5131242,1,올리브 흩뿌리다,0.2577978574906654
bakery,qwen3,5007270,2,와인 말차,0.20127587310571346
bakery,qwen3,1000234669,1,용기 뚜껑,0.3590759739729759
bakery,qwen3,1000234669,2,용기 밝다,0.24010182824137086
bakery,qwen3,5007270,2,우유 그리고,0.20127587310571346
bakery,qwen3,5007270,2,우유 은색,0.20127587310571346
bakery,qwen3,5044137,1,윗면 물결,0.21666231757345897
bakery,qwen3,1001737665,2,윗면 초콜릿,0.21333834556302386
bakery,qwen3,5097791,2,윗면 크림,0.21993840577462873
bakery,qwen3,5115048,2,유리 6,0.17133522956259245
bakery,qwen3,5007270,2,유리 치즈,0.20127587310571346
bakery,qwen3,5071363,2,유리병 라벨,0.3407861505080604
bakery,qwen3,1001385477,2,유리병 세트,0.20411417769631612
bakery,qwen3,5043336,1,유리병 세트,0.15902196777253103
bakery,qwen3,5043336,2,유리병 세트,0.1900012289399701
bakery,qwen3,5025646,2,유리병 앞쪽,0.2692194796669577
bakery,qwen3,5071363,1,유리병 한국어,0.310852478694237
bakery,qwen3,1000220024,2,유산지 기공,0.30304792406777686
bakery,qwen3,5115048,1,육각 세트,0.16949987253883012
bakery,qwen3,5115048,2,육각 유리,0.17133522956259245
bakery,qwen3,5007270,2,은색 쟁반,0.20127587310571346
bakery,qwen3,1000659491,1,이름 베이글,0.27256315105076157
bakery,qwen3,5057085,1,이삭 1951,0.1980749455774107
bakery,qwen3,1001194675,2,일러스트 100,0.23747082035688966
bakery,qwen3,5071363,1,일러스트 그리다,0.26707602879177333
bakery,qwen3,5071363,2,일러스트 그리다,0.29279422871983585
bakery,qwen3,5115048,2,일러스트 그리다,0.14720658781915122
bakery,qwen3,5132010,1,일러스트 함께,0.17725170823610117
bakery,qwen3,1000894225,2,일렬 가지런히,0.2927473315521269
bakery,qwen3,1000634077,1,일본화 스타일,0.2667229725949411
bakery,qwen3,1001501168,2,일부 개별,0.23936954900127036
bakery,qwen3,1002104461,2,일부 겹쳐지다,0.21534281783559395
bakery,qwen3,1000528793,2,일부 썰다,0.32950860081193245
bakery,qwen3,1000528793,1,일부 잘리다,0.2062392181516022
bakery,qwen3,5131242,1,일부 잘리다,0.23656083952736218
bakery,qwen3,1000528793,2,일부 통째,0.32950860081193245
bakery,qwen3,1001501168,2,일부 흰색,0.23936954900127036
bakery,qwen3,1000196053,2,자르다 녹색,0.2744008216024965
bakery,qwen3,1000400055,2,자르다 녹색,0.2122892210475007
bakery,qwen3,1000794499,2,자르다 녹차,0.24118315043649727
bakery,qwen3,5044138,2,자르다 단면,0.23932423675380218
bakery,qwen3,1001737665,2,자르다 작다,0.21333834556302386
bakery,qwen3,1000447291,2,자르다 희다,0.3719424128724218
bakery,qwen3,5131242,1,작다 검다,0.23656083952736218
bakery,qwen3,5131242,2,작다 검다,0.24631432530064032
bakery,qwen3,1000659491,1,작다 그리다,0.27256315105076157
bakery,qwen3,5012764,1,작다 꽃병,0.28492567166762617
bakery,qwen3,5012764,2,작다 꽃병,0.198497755019127
bakery,qwen3,1000635372,1,작다 나무,0.26815789758682257
bakery,qwen3,1001385477,1,작다 나무,0.21846793963530045
bakery,qwen3,5012764,2,작다 담기다,0.2163176968042464
bakery,qwen3,1001501168,1,작다 담다,0.24598859891926772
bakery,qwen3,5025646,1,작다 뚜껑,0.22501249562381948
bakery,qwen3,5138995,1,작다 로고,0.25453098185533973
bakery,qwen3,5115048,1,작다 살구,0.16949987253883012
bakery,qwen3,1000635372,1,작다 스프레드,0.29223151052897767
bakery,qwen3,1000634077,2,작다 알록달록,0.26726124191242434
bakery,qwen3,5007270,2,작다 우유,0.4025517462114269
bakery,qwen3,5043336,1,작다 유리병,0.18508726924147298
bakery,qwen3,5115048,1,작다 육각,0.16949987253883012
bakery,qwen3,1000794499,1,작다 직사각,0.2060173768741945
bakery,qwen3,1000634077,1,작다 케이크,0.2447507164429306
bakery,qwen3,1001737663,1,작다 케이크,0.20097754981597082
bakery,qwen3,5132010,1,작다 토끼,0.17725170823610117
bakery,qwen3,1000400055,1,작다 파란색,0.23931177951126575
bakery,qwen3,5007270,1,작다 함께,0.21124292534795402
bakery,qwen3,5003416,2,작다 황금빛,0.23441122536811068
bakery,qwen3,1001737665,2,작다 흰색,0.18329452723465053
bakery,qwen3,5007270,1,작다 흰색,0.18149419895018049
bakery,qwen3,5074339,1,작다 흰색,0.2707417250693265
bakery,qwen3,1000128336,1,잘다 썰다,0.26216858598965526
bakery,qwen3,1000870987,1,잘다 썰다,0.2534682628492678
bakery,qwen3,5052041,2,잘리다 구겨지다,0.3402970646266462
bakery,qwen3,5131242,1,잘리다 기공,0.2577978574906654
bakery,qwen3,5138995,2,잘리다 나무,0.32400741159287316
bakery,qwen3,1000220024,1,잘리다 녹다,0.3655117036286627
bakery,qwen3,1000220024,2,잘리다 녹다,0.2780832704829341
bakery,qwen3,1002104461,2,잘리다 선명,0.21534281783559395
bakery,qwen3,5052041,1,잘리다 중성,0.30259817237560105
bakery,qwen3,5097791,2,잘리다 타르트,0.21993840577462873
bakery,qwen3,5097791,2,잘리다 황금빛,0.21993840577462873
bakery,qwen3,1001737663,2,잘리다 흰색,0.23770478781227072
bakery,qwen3,5007270,1,장면 조각,0.21124292534795402
bakery,qwen3,1000831954,2,재료 그리고,0.20082612475294662
bakery,qwen3,5003416,2,재료 넣다,0.23441122536811068
bakery,qwen3,5003416,1,재료 담다,0.2388677478519277
bakery,qwen3,1000831954,2,재료 얹다,0.20082612475294662
bakery,qwen3,1000831954,2,재료 얹히다,0.20082612475294662
bakery,qwen3,1000229955,1,쟁반 개별,0.28483720109959854
bakery,qwen3,1000528793,1,쟁반 개별,0.2062392181516022
bakery,qwen3,5132010,1,쟁반 둥글다,0.17725170823610117
bakery,qwen3,5003416,2,쟁반 배경,0.23441122536811068
bakery,qwen3,5007270,2,쟁반 조각,0.20127587310571346
bakery,qwen3,1000635372,1,쟁반 피스타치오,0.29223151052897767
bakery,qwen3,5003416,2,적히다 검은색,0.23441122536811068
bakery,qwen3,5063069,1,적히다 글씨,0.2421173797662922
bakery,qwen3,1000637683,1,적히다 땅콩,0.1626097263881715
bakery,qwen3,1001194675,2,적히다 땅콩,0.21790831457515628
bakery,qwen3,5115048,1,적히다 라벨,0.16949987253883012
bakery,qwen3,5138995,1,적히다 미니멀,0.25453098185533973
bakery,qwen3,5043336,1,적히다 블랙,0.16984004531214986
bakery,qwen3,5043336,2,적히다 블랙,0.20292678920115131
bakery,qwen3,5025646,1,적히다 슈퍼넛츠,0.22501249562381948
bakery,qwen3,5025646,1,적히다 스무스,0.22501249562381948
bakery,qwen3,5132010,1,적히다 초콜릿,0.17725170823610117
bakery,qwen3,1002104461,1,적히다 쿠키,0.22152224478982085
bakery,qwen3,1000400055,1,적히다 파란색,0.23931177951126575
bakery,qwen3,5097791,1,적히다 포르투갈식,0.2720168636010789
bakery,qwen3,1000659491,1,적히다 포장지,0.27256315105076157
bakery,qwen3,1000870987,2,적히다 풍선,0.17896991093776246
bakery,qwen3,1000637683,1,적히다 피넛,0.35441571101767366
bakery,qwen3,1002104461,1,적히다 흰색,0.20327355980203726
bakery,qwen3,1002202568,2,적히다 흰색,0.2295971907139037
bakery,qwen3,1001385477,1,전경 담기다,0.2380806852093796
bakery,qwen3,5003416,1,전경 부서지다,0.2388677478519277
bakery,qwen3,1001737663,2,전경 조각,0.23770478781227072
bakery,qwen3,1000794499,2,전체 담기다,0.24118315043649727
bakery,qwen3,1000894225,2,정렬 황금빛,0.2927473315521269
bakery,qwen3,5116362,1,정사각형 쿠키,0.3359109050206447
bakery,qwen3,1000128336,2,정성 만들다,0.27453974389450214
bakery,qwen3,5115048,2,정원 딸기,0.17133522956259245
bakery,qwen3,1000831954,1,제과 중성,0.23272759451229397
bakery,qwen3,1002202568,1,제품 3,0.3144823502265094
bakery,qwen3,1000400055,1,제품 알록달록,0.23931177951126575
bakery,qwen3,1001194675,1,제품 진열,0.47017945952694223
bakery,qwen3,1002202568,1,제품 크다,0.3144823502265094
bakery,qwen3,5043336,2,제품 포함,0.22114434319745352
bakery,qwen3,1001493094,2,제품 함께,0.36946316299581694
bakery,qwen3,1001737663,1,젤리 얹다,0.20097754981597082
bakery,qwen3,1001737663,2,젤리 얹다,0.21812300812694047
bakery,qwen3,1000831954,2,조각 검다,0.20082612475294662
bakery,qwen3,5007270,2,조각 나무,0.20127587310571346
bakery,qwen3,5052044,1,조각 단면,0.22189029372866903
bakery,qwen3,1000352096,1,조각 담기다,0.33168461328088594
bakery,qwen3,1001737663,1,조각 담기다,0.17824660877454826
bakery,qwen3,5012764,1,조각 담기다,0.25270003925348344
bakery,qwen3,5044137,2,조각 담기다,0.23902442993664486
bakery,qwen3,1001737665,1,조각 대리석,0.32249604625642886
bakery,qwen3,5007270,1,조각 숟가락,0.21124292534795402
bakery,qwen3,1000447291,1,조각 쌓이다,0.24836686089716511
bakery,qwen3,1000447291,2,조각 쌓이다,0.3195628453293019
bakery,qwen3,5074339,2,조각 쌓이다,0.31891034435949334
bakery,qwen3,5007270,2,조각 아침,0.20127587310571346
bakery,qwen3,1000352096,2,조각 연하다,0.35709664947797376
bakery,qwen3,1000894225,2,조각 일렬,0.2927473315521269
bakery,qwen3,1000447291,2,조각 자르다,0.34130233005570565
bakery,qwen3,1001737665,2,조각 자르다,0.1957638384624465
bakery,qwen3,5007270,2,조각 작다,0.18469505519538482
bakery,qwen3,5012764,2,조각 작다,0.198497755019127
bakery,qwen3,1001737663,2,조각 잘리다,0.19345288331921323
bakery,qwen3,5052041,1,조각 잘리다,0.24626550214636636
bakery,qwen3,5052041,2,조각 잘리다,0.2769462447221731
bakery,qwen3,5138995,2,조각 잘리다,0.26368912703154535
bakery,qwen3,1000831954,2,조각 조각,0.20082612475294662
bakery,qwen3,5057085,2,조각 초록색,0.2153825600337491
bakery,qwen3,1000794499,2,조각 케이크,0.24118315043649727
bakery,qwen3,1000196053,2,조각 클로즈업,0.29903488694129216
bakery,qwen3,1000831954,2,조각 허브,0.20082612475294662
bakery,qwen3,1000831954,2,조각 호박,0.20082612475294662
bakery,qwen3,1000321559,2,조각 흩어지다,0.25943319746415244
bakery,qwen3,1000447291,1,조각 희다,0.28907668982746487
bakery,qwen3,1000637683,2,종류 담기다,0.26820311546617287
bakery,qwen3,1000634077,1,종류 도넛,0.2667229725949411
bakery,qwen3,1002104461,1,종류 버터,0.22152224478982085
bakery,qwen3,1000831954,1,종류 제과,0.23272759451229397
bakery,qwen3,1000637683,2,종류 종류,0.5364062309323457
bakery,qwen3,5043336,1,종류 크림,0.18508726924147298
bakery,qwen3,1000528793,1,종이 봉투,0.2247541422166928
bakery,qwen3,5052044,1,주머니 선명,0.22189029372866903
bakery,qwen3,1000635372,2,주변 통째,0.21760000545028038
bakery,qwen3,1000635372,2,주재료 하다,0.21760000545028038
bakery,qwen3,5007270,1,주전자 숟가락,0.21124292534795402
bakery,qwen3,5057085,2,주황색 상자,0.2153825600337491
bakery,qwen3,5057085,1,주황색 이삭,0.1980749455774107
bakery,qwen3,1001737663,1,주황색 젤리,0.20097754981597082
bakery,qwen3,1001737663,2,주황색 젤리,0.21812300812694047
bakery,qwen3,5003416,1,줄무늬 깔리다,0.21919016518555948
bakery,qwen3,5003416,2,줄무늬 깔리다,0.21510076463581873
bakery,qwen3,1000831954,1,중성 배경,0.21355582887652683
bakery,qwen3,1001556191,1,중성 배경,0.2380850424337406
bakery,qwen3,5052041,1,중성 색상,0.30259817237560105
bakery,qwen3,1002104461,1,즐기다 문구,0.22152224478982085
bakery,qwen3,1001737663,2,지니다 겉면,0.23770478781227072
bakery,qwen3,5138995,1,지니다 껍질,0.25453098185533973
bakery,qwen3,1001556191,1,지니다 수제,0.2594588942219793
bakery,qwen3,5044138,2,지니다 직사각,0.23932423675380218
bakery,qwen3,1000794499,1,직사각 담기다,0.2060173768741945
bakery,qwen3,5052044,1,직사각 모양,0.22189029372866903
bakery,qwen3,5044138,2,직사각 케이크,0.23932423675380218
bakery,qwen3,5131242,1,직사각형 가지런히,0.2577978574906654
bakery,qwen3,5044138,1,직사각형 상자,0.28812311838816007
bakery,qwen3,1000794499,2,직사각형 자르다,0.24118315043649727
bakery,qwen3,5131242,1,직사각형 작다,0.2577978574906654
bakery,qwen3,5044137,1,직사각형 초콜릿,0.1988139864233637
bakery,qwen3,5044137,2,직사각형 초콜릿,0.2695060770305408
bakery,qwen3,1000831954,1,직사각형 치즈,0.23272759451229397
bakery,qwen3,1000794499,1,직사각형 케이크,0.2060173768741945
bakery,qwen3,1002104461,2,직사각형 쿠키,0.21534281783559395
bakery,qwen3,5131242,2,직사각형 황금빛,0.2684269529083199
bakery,qwen3,1001385477,2,진열 나무,0.23757054633684227
bakery,qwen3,1001194675,2,진열 땅콩,0.23747082035688966
bakery,qwen3,5025646,1,진열 스무스,0.22501249562381948
bakery,qwen3,1000637683,1,진열 적히다,0.15225218894445297
bakery,qwen3,1000870987,2,진열 적히다,0.15376609923542203
bakery,qwen3,5043336,2,진열 적히다,0.1900012289399701
bakery,qwen3,1001385477,1,진열 전경,0.2380806852093796
bakery,qwen3,1002202568,1,진열 회색,0.3144823502265094
bakery,qwen3,1000634077,2,진열대 올리다,0.26726124191242434
bakery,qwen3,1000870987,2,진열대 하트,0.17896991093776246
bakery,qwen3,1000321559,2,질감 느끼다,0.25943319746415244
bakery,qwen3,1001556191,1,질감 드러나다,0.2594588942219793
bakery,qwen3,1000220024,2,질감 띄다,0.30304792406777686
bakery,qwen3,5138995,2,질감 띠다,0.32400741159287316
bakery,qwen3,5052044,1,짙다 갈라지다,0.22189029372866903
bakery,qwen3,5052041,2,짙다 갈색,0.3402970646266462
bakery,qwen3,5052041,1,짙다 덩어리,0.30259817237560105
bakery,qwen3,1000659491,2,짙다 보라색,0.23924108258693216
bakery,qwen3,5115048,2,짙다 빨간색,0.17133522956259245
bakery,qwen3,1002104461,2,짙다 초록색,0.21534281783559395
bakery,qwen3,5052044,2,짙다 황금빛,0.2504311372432714
bakery,qwen3,5007270,1,차리다 아침,0.21124292534795402
bakery,qwen3,5012764,2,찻받침 그리고,0.2163176968042464
bakery,qwen3,5012764,2,찻잔 찻받침,0.2163176968042464
bakery,qwen3,1000220024,1,채우다 모습,0.3983251592761332
bakery,qwen3,1000220024,2,채우다 보이다,0.30304792406777686
bakery,qwen3,5115048,2,체리 그리고,0.17133522956259245
bakery,qwen3,5115048,1,체리 다양,0.16949987253883012
bakery,qwen3,1000128336,1,체크 무늬,0.24546957907125905
bakery,qwen3,1000128336,2,체크 무늬,0.23587711075315768
bakery,qwen3,1000229955,2,체크 무늬,0.18684446108947125
bakery,qwen3,5040946,2,초록색 갈색,0.24790858954462439
bakery,qwen3,1002104461,1,초록색 개별,0.22152224478982085
bakery,qwen3,5116362,2,초록색 드러나다,0.2928244479930965
bakery,qwen3,5116362,2,초록색 말차,0.2928244479930965
bakery,qwen3,1002104461,2,초록색 배경,0.21534281783559395
bakery,qwen3,5057085,2,초록색 올리다,0.2153825600337491
bakery,qwen3,1002104461,1,초록색 테두리,0.20327355980203726
bakery,qwen3,1002104461,2,초록색 테두리,0.19760318518248535
bakery,qwen3,1001737665,2,초콜릿 가루,0.21333834556302386
bakery,qwen3,1000870987,2,초콜릿 검다,0.17896991093776246
bakery,qwen3,5044137,1,초콜릿 글레이즈,0.21666231757345897
bakery,qwen3,1000400055,2,초콜릿 드러나다,0.2313472782044206
bakery,qwen3,1001501168,1,초콜릿 밀크,0.24598859891926772
bakery,qwen3,1000400055,2,초콜릿 얹다,0.2313472782044206
bakery,qwen3,5057085,2,초콜릿 조각,0.2153825600337491
bakery,qwen3,1001737665,1,초콜릿 케이크,0.26245912243309033
bakery,qwen3,1001737665,2,초콜릿 케이크,0.3472451560741106
bakery,qwen3,5044137,1,초콜릿 케이크,0.17632774849411345
bakery,qwen3,5044137,2,초콜릿 케이크,0.23902442993664486
bakery,qwen3,1000634077,2,초콜릿 코코넛,0.26726124191242434
bakery,qwen3,1001501168,2,초콜릿 코팅,0.21965062867551924
bakery,qwen3,5057085,2,초콜릿 코팅,0.19763965347532436
bakery,qwen3,5132010,1,초콜릿 쿠키,0.35450341647220235
bakery,qwen3,5044137,1,초콜릿 크림,0.21666231757345897
bakery,qwen3,1001501168,1,초콜릿 포장지,0.24598859891926772
bakery,qwen3,5052044,2,촬영 짙다,0.2504311372432714
bakery,qwen3,1001737665,2,층층이 쌓이다,0.1736225780370553
bakery,qwen3,5044137,2,층층이 쌓이다,0.23902442993664486
bakery,qwen3,5044138,1,층층이 쌓이다,0.23448517178010028
bakery,qwen3,5044138,2,층층이 쌓이다,0.19477085032362598
bakery,qwen3,5043336,1,치즈 다양,0.18508726924147298
bakery,qwen3,1000234669,1,치즈 용기,0.3590759739729759
bakery,qwen3,1000831954,2,치즈 조각,0.20082612475294662
bakery,qwen3,1000220024,1,치즈 채우다,0.3655117036286627
bakery,qwen3,1000220024,2,치즈 채우다,0.2780832704829341
bakery,qwen3,5007270,2,치즈 토스트,0.20127587310571346
bakery,qwen3,1000831954,1,치즈 토핑,0.23272759451229397
bakery,qwen3,1001501168,1,카라멜 초콜릿,0.24598859891926772
bakery,qwen3,1002104461,2,캐러멜 같다,0.21534281783559395
bakery,qwen3,5097791,1,캐러멜 들어가다,0.2720168636010789
bakery,qwen3,5097791,2,캐러멜 윗면,0.21993840577462873
bakery,qwen3,5063069,1,캐릭터 그리다,0.2221720970809586
bakery,qwen3,5132010,1,캐릭터 그리다,0.16264996659062392
bakery,qwen3,1000528793,1,캐릭터 얼굴,0.2062392181516022
bakery,qwen3,1000528793,2,캐릭터 얼굴,0.3023641546065977
bakery,qwen3,5097791,2,커스터드 모습,0.21993840577462873
bakery,qwen3,1002104461,1,커피 즐기다,0.22152224478982085
bakery,qwen3,5012764,2,케이크 가루,0.2163176968042464
bakery,qwen3,1000794499,2,케이크 겉면,0.24118315043649727
bakery,qwen3,1000794499,1,케이크 나무,0.17700454926009912
bakery,qwen3,5044137,1,케이크 나무,0.18615039394059124
bakery,qwen3,5044137,2,케이크 나무,0.25233970361515223
bakery,qwen3,1000634077,1,케이크 담기다,0.22916115260661268
bakery,qwen3,1001737665,1,케이크 담기다,0.27707986662038436
bakery,qwen3,5044138,1,케이크 담기다,0.24754757814848452
bakery,qwen3,1001737663,1,케이크 대리석,0.2190201127532264
bakery,qwen3,1000794499,1,케이크 본체,0.2060173768741945
bakery,qwen3,5044138,2,케이크 자르다,0.23932423675380218
bakery,qwen3,1000794499,1,케이크 작다,0.2060173768741945
bakery,qwen3,1000794499,2,케이크 전체,0.24118315043649727
bakery,qwen3,1001737663,1,케이크 조각,0.1701335847498132
bakery,qwen3,1001737665,2,케이크 조각,0.16572002013407316
bakery,qwen3,5012764,1,케이크 조각,0.2411982131956979
bakery,qwen3,5044137,2,케이크 조각,0.22814505918223474
bakery,qwen3,5074339,2,케이크 조각,0.28833282414680056
bakery,qwen3,5044137,1,케이크 초콜릿,0.21666231757345897
bakery,qwen3,5044138,1,케이크 층층이,0.28812311838816007
bakery,qwen3,1001737663,2,케이크 크리미,0.23770478781227072
bakery,qwen3,1001737665,2,케이크 크림,0.21333834556302386
bakery,qwen3,1000794499,2,케이크 클로즈업,0.24118315043649727
bakery,qwen3,1000634077,2,케이크 페이스트리,0.26726124191242434
bakery,qwen3,1001737663,1,케이크 흰색,0.18817614768706875
bakery,qwen3,1001737663,2,케이크 흰색,0.20422951433544212
bakery,qwen3,1001737665,1,케이크 흰색,0.27707986662038436
bakery,qwen3,5007270,2,코스터 작다,0.20127587310571346
bakery,qwen3,1000634077,2,코코넛 과일,0.26726124191242434
bakery,qwen3,1000870987,2,코코아 가루,0.17896991093776246
bakery,qwen3,1001501168,2,코팅 밀크,0.23936954900127036
bakery,qwen3,5057085,2,코팅 쿠키,0.2153825600337491
bakery,qwen3,5132010,1,쿠키 12,0.17725170823610117
bakery,qwen3,1000229955,1,쿠키 9,0.31040818219881605
bakery,qwen3,1001501168,1,쿠키 가지,0.24598859891926772
bakery,qwen3,1001501168,2,쿠키 내려다보다,0.23936954900127036
bakery,qwen3,1002104461,1,쿠키 담기다,0.20327355980203726
bakery,qwen3,5116362,1,쿠키 담기다,0.30823904617189074
bakery,qwen3,5132010,1,쿠키 더미,0.16264996659062392
bakery,qwen3,5132010,2,쿠키 더미,0.21284919196523935
bakery,qwen3,5057085,2,쿠키 들다,0.3952793069506487
bakery,qwen3,5132010,2,쿠키 들다,0.21284919196523935
bakery,qwen3,5116362,1,쿠키 부러지다,0.3359109050206447
bakery,qwen3,5116362,2,쿠키 부서지다,0.2928244479930965
bakery,qwen3,5057085,2,쿠키 삼각,0.2153825600337491
bakery,qwen3,1000229955,1,쿠키 상자,0.25262157487404546
bakery,qwen3,1000229955,2,쿠키 상자,0.17698519162423543
bakery,qwen3,5116362,1,쿠키 상자,0.27337662700311655
bakery,qwen3,5116362,2,쿠키 상자,0.2383112864153141
bakery,qwen3,1002104461,2,쿠키 일부,0.21534281783559395
bakery,qwen3,5132010,1,쿠키 작다,0.17725170823610117
bakery,qwen3,1002104461,2,쿠키 잘리다,0.21534281783559395
bakery,qwen3,1002104461,1,쿠키 초록색,0.22152224478982085
bakery,qwen3,5057085,2,쿠키 쿠키,0.19763965347532436
bakery,qwen3,5132010,2,쿠키 쿠키,0.4256983839304787
bakery,qwen3,1002104461,1,쿠키 크림,0.22152224478982085
bakery,qwen3,1000229955,2,쿠키 투명,0.21747014931554992
bakery,qwen3,1001737665,2,크다 둥글다,0.21333834556302386
bakery,qwen3,1002202568,1,크다 상자,0.3144823502265094
bakery,qwen3,1000635372,1,크다 작다,0.29223151052897767
bakery,qwen3,1000637683,1,크런치 적히다,0.1626097263881715
bakery,qwen3,5025646,1,크런치 적히다,0.2064762887753829
bakery,qwen3,5063069,2,크리미 들어가다,0.4137310755690902
bakery,qwen3,1001194675,2,크리미 땅콩,0.23747082035688966
bakery,qwen3,5043336,2,크리미 스프레드,0.22114434319745352
bakery,qwen3,1001737663,2,크리미 식감,0.23770478781227072
bakery,qwen3,1000234669,2,크리미 토핑,0.24010182824137086
bakery,qwen3,5012764,2,크리미 필링,0.2163176968042464
bakery,qwen3,1000234669,2,크리미 흰색,0.24010182824137086
bakery,qwen3,5122986,1,크리스피 크림 도넛 상자,0.185262062736612
bakery,qwen3,5122986,2,크리스피 크림 도넛 상자,0.21792066722381934
bakery,qwen3,1000831954,2,크림 같다,0.3450887321340353
bakery,qwen3,1000870987,1,크림 같다,0.23732342894807415
bakery,qwen3,5043336,1,크림 같다,0.15902196777253103
bakery,qwen3,1001737665,2,크림 과일,0.21333834556302386
bakery,qwen3,5097791,2,크림 노란색,0.21993840577462873
bakery,qwen3,1000400055,2,크림 들어가다,0.2122892210475007
bakery,qwen3,1002104461,1,크림 들어가다,0.20327355980203726
bakery,qwen3,1001501168,2,크림 밝다,0.23936954900127036
bakery,qwen3,1000870987,2,크림 버전,0.17896991093776246
bakery,qwen3,1002202568,2,크림 연하다,0.2502090539168627
bakery,qwen3,5044137,2,크림 층층이,0.29370072146345827
bakery,qwen3,1000234669,1,크림 치즈,0.329495809949577
bakery,qwen3,5043336,1,크림 치즈,0.16984004531214986
bakery,qwen3,1001501168,1,크림 트다,0.24598859891926772
bakery,qwen3,5044137,1,크림 필링,0.21666231757345897
bakery,qwen3,1002104461,2,크림 흰색,0.21534281783559395
bakery,qwen3,5043336,2,크림치즈 다양,0.22114434319745352
bakery,qwen3,1000196053,2,클로즈업 자르다,0.29903488694129216
bakery,qwen3,1000794499,2,클로즈업 케이크,0.24118315043649727
bakery,qwen3,5003416,1,타르트 들다,0.2388677478519277
bakery,qwen3,5097791,2,타르트 바삭바삭,0.21993840577462873
bakery,qwen3,5097791,2,타르트 안쪽,0.21993840577462873
bakery,qwen3,5097791,2,타르트 통째,0.21993840577462873
bakery,qwen3,5003416,1,타르트 포크,0.2388677478519277
bakery,qwen3,1001556191,1,타원 담기다,0.2594588942219793
bakery,qwen3,1000196053,1,타원 덩어리,0.3570364349614257
bakery,qwen3,1000217187,1,타원 황금빛,0.33767149843295446
bakery,qwen3,1000659491,1,타원 황금빛,0.2501097893690837
bakery,qwen3,1001493094,1,타입 땅콩,0.3650571016532475
bakery,qwen3,1000321559,1,타입 바삭,0.2691783832891994
bakery,qwen3,1001493094,1,타입 바삭,0.3136471724508453
bakery,qwen3,1001493094,2,타입 바삭,0.31743274099747376
bakery,qwen3,1000321559,1,타입 회색,0.2874902722891971
bakery,qwen3,1001493094,2,타입 회색,0.33902731723008905
bakery,qwen3,1000637683,2,탁자 덩어리,0.26820311546617287
bakery,qwen3,5044137,1,테두리 두르다,0.21666231757345897
bakery,qwen3,1002104461,1,테두리 흰색,0.20327355980203726
bakery,qwen3,1002104461,2,테두리 흰색,0.19760318518248535
bakery,qwen3,1000870987,2,테마 하다,0.17896991093776246
bakery,qwen3,5132010,2,토끼 그리다,0.23195751996353225
bakery,qwen3,5132010,1,토끼 캐릭터,0.17725170823610117
bakery,qwen3,5043336,1,토마토 블루베리,0.18508726924147298
bakery,qwen3,5043336,2,토마토 시나몬,0.22114434319745352
bakery,qwen3,5007270,2,토스트 조각,0.20127587310571346
bakery,qwen3,1000634077,2,토핑 곁들이다,0.26726124191242434
bakery,qwen3,1002104461,2,토핑 드러나다,0.21534281783559395
bakery,qwen3,1000794499,1,토핑 올라가다,0.18904596068006144
bakery,qwen3,1000831954,1,토핑 올라가다,0.21355582887652683
bakery,qwen3,1000234669,2,토핑 용기,0.24010182824137086
bakery,qwen3,1000659491,2,통째 갈라지다,0.23924108258693216
bakery,qwen3,1000635372,2,통째 되다,0.21760000545028038
bakery,qwen3,1000528793,2,통째 일부,0.32950860081193245
bakery,qwen3,5097791,2,통째 잘리다,0.21993840577462873
bakery,qwen3,1000217187,1,투명 비닐,0.29948021324076957
bakery,qwen3,1000229955,2,투명 비닐,0.17698519162423543
bakery,qwen3,5057085,1,투명 비닐,0.16120066275446007
bakery,qwen3,5057085,2,투명 비닐,0.17528623482379604
bakery,qwen3,5132010,1,투명 플라스틱,0.16264996659062392
bakery,qwen3,5132010,2,투명 플라스틱,0.21284919196523935
bakery,qwen3,1001501168,1,트다 카라멜,0.24598859891926772
bakery,qwen3,5132010,2,트레이 구성,0.23195751996353225
bakery,qwen3,5057085,1,트리 3,0.1980749455774107
bakery,qwen3,5097791,1,트리 4,0.2720168636010789
bakery,qwen3,5057085,1,트리 투명,0.1980749455774107
bakery,qwen3,1000870987,2,티라미수 뚜껑,0.17896991093776246
bakery,qwen3,1000634077,1,파도 항해,0.2667229725949411
bakery,qwen3,1000352096,2,파란색 노란색,0.35709664947797376
bakery,qwen3,1000400055,1,파란색 봉지,0.23931177951126575
bakery,qwen3,1000400055,1,파란색 상자,0.23931177951126575
bakery,qwen3,5044137,1,파란색 테두리,0.21666231757345897
bakery,qwen3,1000352096,2,파란색 파란색,0.35709664947797376
bakery,qwen3,5040946,2,파란색 흰색,0.24790858954462439
bakery,qwen3,5040946,1,파스키 마카롱,0.25245048237944134
bakery,qwen3,1000352096,1,파스키 슬라이스,0.4075567097670525
bakery,qwen3,1000229955,1,파스텔 그림,0.31040818219881605
bakery,qwen3,5063069,1,판지 상자,0.2421173797662922
bakery,qwen3,1001385477,2,패션프루트 라즈베리,0.23757054633684227
bakery,qwen3,1001385477,1,패션프루트 로얄,0.2380806852093796
bakery,qwen3,5057085,1,페이스 트리,0.36351563097707656
bakery,qwen3,5097791,1,페이스 트리,0.24960850429643772
bakery,qwen3,5003416,2,페이스트리 16,0.23441122536811068
bakery,qwen3,5097791,1,페이스트리 4,0.2720168636010789
bakery,qwen3,5097791,2,페이스트리 껍질,0.21993840577462873
bakery,qwen3,1000831954,1,페이스트리 다양,0.23272759451229397
bakery,qwen3,5063069,2,페이스트리 담기다,0.4137310755690902
bakery,qwen3,1000634077,2,페이스트리 모음,0.26726124191242434
bakery,qwen3,5057085,1,페이스트리 보이다,0.1980749455774107
bakery,qwen3,5012764,2,평온 분위기,0.2163176968042464
bakery,qwen3,5097791,1,포르투갈식 페이스,0.2720168636010789
bakery,qwen3,5128440,1,포장 덩이,0.2937531006390406
bakery,qwen3,5116362,2,포장 되다,0.2928244479930965
bakery,qwen3,1000229955,2,포장 둥글다,0.21747014931554992
bakery,qwen3,1000528793,1,포장 베이글,0.2247541422166928
bakery,qwen3,5057085,1,포장 상자,0.1980749455774107
bakery,qwen3,1000229955,1,포장 쿠키,0.26669430127876914
bakery,qwen3,1002104461,1,포장 쿠키,0.190325911750889
bakery,qwen3,5132010,2,포장 쿠키,0.19929161749160343
bakery,qwen3,5063069,1,포장재 갈색,0.2421173797662922
bakery,qwen3,1002202568,1,포장지 같다,0.3144823502265094
bakery,qwen3,1001501168,2,포장지 담기다,0.23936954900127036
bakery,qwen3,1000528793,1,포장지 만화,0.2062392181516022
bakery,qwen3,1000528793,2,포장지 만화,0.3023641546065977
bakery,qwen3,1000894225,1,포장지 보이다,0.3346316728114637
bakery,qwen3,1000659491,1,포장지 브랜드,0.27256315105076157
bakery,qwen3,1002202568,2,포장지 크림,0.2502090539168627
bakery,qwen3,1001501168,1,포장지 함께,0.24598859891926772
bakery,qwen3,5040946,1,포크 꽂히다,0.25245048237944134
bakery,qwen3,1000794499,1,포크 배경,0.2060173768741945
bakery,qwen3,5003416,1,포크 작다,0.2388677478519277
bakery,qwen3,1000794499,2,포크 함께,0.22131482822419407
bakery,qwen3,5044137,2,포크 함께,0.2695060770305408
bakery,qwen3,1000196053,2,폭신폭신 드러나다,0.29903488694129216
bakery,qwen3,1000217187,2,폭신폭신 모습,0.42833039406282425
bakery,qwen3,5052044,2,폭신폭신 부풀다,0.2504311372432714
bakery,qwen3,1000128336,1,폭신폭신 속살,0.23251682301164722
bakery,qwen3,1000128336,2,폭신폭신 속살,0.22343052292263565
bakery,qwen3,1001556191,1,폭신폭신 속살,0.21115717378691184
bakery,qwen3,5052044,1,폭신폭신 속살,0.18058246742702877
bakery,qwen3,1001556191,2,폭신폭신 수제,0.3241953116279327
bakery,qwen3,5052041,2,폭신폭신 수제,0.31226388023682977
bakery,qwen3,5074339,2,폭신폭신 케이크,0.3711829604246189
bakery,qwen3,5063069,1,폭신폭신 포장재,0.2421173797662922
bakery,qwen3,5052041,1,표면 구겨지다,0.30259817237560105
bakery,qwen3,1000234669,2,표면 뚜껑,0.24010182824137086
bakery,qwen3,5052044,1,표면 배경,0.22189029372866903
bakery,qwen3,5115048,1,표면 피라미드,0.16949987253883012
bakery,qwen3,5052044,2,풍미 가득,0.2504311372432714
bakery,qwen3,1000870987,2,풍선 뜨다,0.17896991093776246
bakery,qwen3,1000234669,2,프레시 크리미,0.24010182824137086
bakery,qwen3,5132010,1,플라스틱 쟁반,0.17725170823610117
bakery,qwen3,5132010,2,플라스틱 트레이,0.23195751996353225
bakery,qwen3,1001501168,1,플랫 레이,0.24598859891926772
bakery,qwen3,1001501168,2,플레인 초콜릿,0.23936954900127036
bakery,qwen3,1000637683,1,피넛 버터,0.7088314220353473
bakery,qwen3,5115048,1,피라미드 모양,0.16949987253883012
bakery,qwen3,1000635372,2,피스타치오 견과,0.21760000545028038
bakery,qwen3,1000635372,2,피스타치오 껍질,0.21760000545028038
bakery,qwen3,1000870987,1,피스타치오 들다,0.27622312820234984
bakery,qwen3,1000635372,1,피스타치오 버터,0.29223151052897767
bakery,qwen3,1000870987,2,피스타치오 얹다,0.17896991093776246
bakery,qwen3,1000635372,2,피스타치오 흩어지다,0.21760000545028038
bakery,qwen3,1000234669,1,필라델피아 오리지널,0.329495809949577
bakery,qwen3,1000234669,2,필라델피아 오리지널,0.2203225838014958
bakery,qwen3,5044137,1,필링 들다,0.21666231757345897
bakery,qwen3,5012764,2,필링 들어가다,0.2163176968042464
bakery,qwen3,5040946,1,하늘색 배경,0.25245048237944134
bakery,qwen3,1000870987,2,하다 디저트,0.17896991093776246
bakery,qwen3,1000635372,2,하다 보이다,0.21760000545028038
bakery,qwen3,5043336,1,하다 영어,0.18508726924147298
bakery,qwen3,1000870987,1,하트 모양,0.2534682628492678
bakery,qwen3,1000870987,2,하트 모양,0.16422662621665626
bakery,qwen3,1000870987,2,하트 티라미수,0.17896991093776246
bakery,qwen3,1002202568,2,한국 땅콩,0.2502090539168627
bakery,qwen3,5043336,1,한국어 되다,0.16984004531214986
bakery,qwen3,5071363,1,한국어 되다,0.2852448970865974
bakery,qwen3,5132010,1,한국어 리얼,0.17725170823610117
bakery,qwen3,1000794499,1,한국어 문구,0.18904596068006144
bakery,qwen3,5071363,2,한국어 문구,0.3127126759244064
bakery,qwen3,1000321559,1,한국어 영어,0.31329943025921025
bakery,qwen3,1001194675,2,한국어 적히다,0.23747082035688966
bakery,qwen3,5132010,1,함께 그리다,0.17725170823610117
bakery,qwen3,1000528793,1,함께 배경,0.2247541422166928
bakery,qwen3,1000400055,1,함께 보이다,0.23931177951126575
bakery,qwen3,5007270,1,함께 썰다,0.21124292534795402
bakery,qwen3,1001501168,1,함께 작다,0.24598859891926772
bakery,qwen3,1000794499,2,함께 조각,0.24118315043649727
bakery,qwen3,1000637683,1,함께 진열,0.1626097263881715
bakery,qwen3,1001493094,2,함께 진열,0.33902731723008905
bakery,qwen3,5044137,2,함께 케이크,0.29370072146345827
bakery,qwen3,5115048,1,함량 70,0.16949987253883012
bakery,qwen3,1000634077,1,항해 그리다,0.2667229725949411
bakery,qwen3,1000831954,2,허브 나다,0.20082612475294662
bakery,qwen3,1000128336,1,호두 듬뿍,0.26216858598965526
bakery,qwen3,1000128336,2,호두 듬뿍,0.25192355332767663
bakery,qwen3,1000831954,2,호박 들어가다,0.20082612475294662
bakery,qwen3,1000229955,2,혼합 쿠키,0.21747014931554992
bakery,qwen3,1000128336,2,황금빛 갈색,0.12166010257715662
bakery,qwen3,1000196053,1,황금빛 갈색,0.15821785467200333
bakery,qwen3,1000196053,2,황금빛 갈색,0.13251493027328706
bakery,qwen3,1000217187,1,황금빛 갈색,0.1630699019368833
bakery,qwen3,1000217187,2,황금빛 갈색,0.18981120525347978
bakery,qwen3,1000220024,1,황금빛 갈색,0.1765146242549805
bakery,qwen3,1000220024,2,황금빛 갈색,0.13429327573805766
bakery,qwen3,1000659491,1,황금빛 갈색,0.12078419118920415
bakery,qwen3,1000659491,2,황금빛 갈색,0.1060177817437639
bakery,qwen3,1000794499,2,황금빛 갈색,0.10687839365531533
bakery,qwen3,1000831954,1,황금빛 갈색,0.10313138134120478
bakery,qwen3,1000894225,1,황금빛 갈색,0.14828936263396678
bakery,qwen3,1000894225,2,황금빛 갈색,0.12972865014220578
bakery,qwen3,1001556191,2,황금빛 갈색,0.15656191867215316
bakery,qwen3,1001737663,2,황금빛 갈색,0.10533698494100342
bakery,qwen3,1002104461,2,황금빛 갈색,0.09542745591399585
bakery,qwen3,5003416,2,황금빛 갈색,0.10387746895575227
bakery,qwen3,5044138,2,황금빛 갈색,0.10605463085102836
bakery,qwen3,5052041,1,황금빛 갈색,0.1340939718550272
bakery,qwen3,5063069,1,황금빛 갈색,0.10729238994773235
bakery,qwen3,5074339,1,황금빛 갈색,0.13964248560904355
bakery,qwen3,5097791,1,황금빛 갈색,0.12054210825351618
bakery,qwen3,5097791,2,황금빛 갈색,0.09746395413510646
bakery,qwen3,5122986,1,황금빛 갈색,0.08946762324710224
bakery,qwen3,5122986,2,황금빛 갈색,0.10523926952414737
bakery,qwen3,5128440,1,황금빛 갈색,0.13017434870863945
bakery,qwen3,5131242,1,황금빛 갈색,0.11424106885791278
bakery,qwen3,5131242,2,황금빛 갈색,0.1189512679003915
bakery,qwen3,5138995,1,황금빛 갈색,0.11279337891960912
bakery,qwen3,5138995,2,황금빛 갈색,0.1435813058283302
bakery,qwen3,1000447291,1,황금빛 껍질,0.2652629664924662
bakery,qwen3,5052044,2,황금빛 껍질,0.2298009791342251
bakery,qwen3,1000794499,1,황금빛 노란색,0.2060173768741945
bakery,qwen3,5097791,2,황금빛 캐러멜,0.21993840577462873
bakery,qwen3,5063069,2,황금빛 페이스트리,0.4137310755690902
bakery,qwen3,1000635372,2,황록색 띠다,0.21760000545028038
bakery,qwen3,1000321559,1,회색 땅콩,0.2691783832891994
bakery,qwen3,1001194675,1,회색 땅콩,0.40396545460213534
bakery,qwen3,1001493094,1,회색 땅콩,0.3136471724508453
bakery,qwen3,1000400055,1,회색 마카롱,0.23931177951126575
bakery,qwen3,5074339,2,회색 배경,0.3711829604246189
bakery,qwen3,5122986,1,회색 열리다,0.20189378319430407
bakery,qwen3,5131242,2,회색 올리브,0.2684269529083199
bakery,qwen3,1001493094,2,회색 제품,0.36946316299581694
bakery,qwen3,5025646,1,회색 진열,0.22501249562381948
bakery,qwen3,1000321559,2,회색 질감,0.25943319746415244
bakery,qwen3,1000234669,1,회색 필라델피아,0.3590759739729759
bakery,qwen3,5116362,1,회색 희다,0.3359109050206447
bakery,qwen3,5131242,2,흩뿌리다 직사각형,0.2684269529083199
bakery,qwen3,5131242,1,흩뿌리다 황금빛,0.2577978574906654
bakery,qwen3,1000635372,2,흩어지다 고소하다,0.21760000545028038
bakery,qwen3,1000659491,1,흩어지다 적히다,0.27256315105076157
bakery,qwen3,1000321559,2,흩어지다 회색,0.25943319746415244
bakery,qwen3,5012764,1,희다 꽂히다,0.28492567166762617
bakery,qwen3,5012764,2,희다 꽂히다,0.198497755019127
bakery,qwen3,1000794499,2,희다 나무,0.22131482822419407
bakery,qwen3,5044137,2,희다 나무,0.2695060770305408
bakery,qwen3,5044138,2,희다 담기다,0.23932423675380218
bakery,qwen3,1001556191,2,희다 담다,0.35329962859948594
bakery,qwen3,1000894225,1,희다 덩어리,0.2875064682059126
bakery,qwen3,5128440,2,희다 덩어리,0.281645646735016
bakery,qwen3,5138995,2,희다 덩어리,0.2783783907750144
bakery,qwen3,1000447291,1,희다 덩이,0.24836686089716511
bakery,qwen3,1000894225,2,희다 덩이,0.25152057683038886
bakery,qwen3,5138995,1,희다 덩이,0.21868612444059415
bakery,qwen3,1000447291,1,희다 식탁보,0.24836686089716511
bakery,qwen3,1000447291,2,희다 식탁보,0.3195628453293019
bakery,qwen3,5138995,1,희다 식탁보,0.21868612444059415
bakery,qwen3,5116362,1,희다 정사각형,0.3359109050206447
bakery,qwen3,1000447291,2,희다 조각,0.34130233005570565
bakery,qwen3,5012764,2,희다 조각,0.198497755019127
bakery,qwen3,5063069,2,희다 크리미,0.4137310755690902
bakery,qwen3,5044137,2,희다 크림,0.29370072146345827
bakery,qwen3,1000831954,1,흰색 가루,0.23272759451229397
bakery,qwen3,1002104461,1,흰색 가지런히,0.22152224478982085
bakery,qwen3,5115048,2,흰색 각각,0.17133522956259245
bakery,qwen3,1001194675,2,흰색 나무,0.23747082035688966
bakery,qwen3,1002202568,2,흰색 넛츠,0.2502090539168627
bakery,qwen3,5074339,2,흰색 노릇노릇,0.3711829604246189
bakery,qwen3,5122986,1,흰색 녹색,0.185262062736612
bakery,qwen3,5122986,2,흰색 녹색,0.21792066722381934
bakery,qwen3,1000634077,1,흰색 다양,0.2667229725949411
bakery,qwen3,1001501168,2,흰색 담기다,0.20565983205113914
bakery,qwen3,1001737663,2,흰색 담기다,0.20422951433544212
bakery,qwen3,1001737665,1,흰색 담기다,0.27707986662038436
bakery,qwen3,1001737663,2,흰색 대리석,0.20422951433544212
bakery,qwen3,1001737665,1,흰색 대리석,0.27707986662038436
bakery,qwen3,1001737665,2,흰색 대리석,0.18329452723465053
bakery,qwen3,5007270,1,흰색 드러나다,0.21124292534795402
bakery,qwen3,1000321559,2,흰색 띄다,0.25943319746415244
bakery,qwen3,5040946,2,흰색 무늬,0.24790858954462439
bakery,qwen3,1001737663,1,흰색 무스,0.2190201127532264
bakery,qwen3,1002104461,2,흰색 바삭바삭,0.21534281783559395
bakery,qwen3,1000870987,2,흰색 받침대,0.17896991093776246
bakery,qwen3,1000637683,2,흰색 베이지,0.26820311546617287
bakery,qwen3,1001737663,1,흰색 분홍색,0.2190201127532264
bakery,qwen3,1002104461,1,흰색 상자,0.16513939872175915
bakery,qwen3,5044137,1,흰색 상자,0.16151644221414976
bakery,qwen3,5074339,1,흰색 상자,0.23491349798633793
bakery,qwen3,5132010,1,흰색 상자,0.1321367998427735
bakery,qwen3,5132010,2,흰색 상자,0.172918640347438
bakery,qwen3,5138995,1,흰색 상자,0.1897466023763463
bakery,qwen3,1000234669,2,흰색 스프레드,0.24010182824137086
bakery,qwen3,1000400055,2,흰색 아이싱,0.2313472782044206
bakery,qwen3,5012764,1,흰색 연하다,0.3105045951255459
bakery,qwen3,1001737665,2,흰색 올리다,0.21333834556302386
bakery,qwen3,1000635372,2,흰색 주변,0.21760000545028038
bakery,qwen3,5007270,1,흰색 주전자,0.21124292534795402
bakery,qwen3,5043336,2,흰색 진열,0.22114434319745352
bakery,qwen3,1000634077,2,흰색 진열대,0.26726124191242434
bakery,qwen3,1002104461,2,흰색 캐러멜,0.21534281783559395
bakery,qwen3,1001737663,2,흰색 케이크,0.21812300812694047
bakery,qwen3,5044138,1,흰색 케이크,0.26438794890144757
bakery,qwen3,1000400055,2,흰색 크림,0.2313472782044206
bakery,qwen3,1001556191,1,흰색 타원,0.2594588942219793
bakery,qwen3,5115048,1,흰색 표면,0.16949987253883012
bakery,qwen3,1000352096,1,흰색 하늘색,0.4075567097670525
bakery,qwen3,1000400055,1,흰색 함께,0.23931177951126575
bakery,qwen3,5074339,1,흰색 황금빛,0.3151190194960176
convenience_meals,hyperclovax,1000165839,1,1 크다,0.4472135954999579
convenience_meals,hyperclovax,1001485256,1,210 6,0.5773502691896257
convenience_meals,hyperclovax,1000185462,1,6 가지,0.42373264916729264
convenience_meals,hyperclovax,1000185462,2,6 가지,0.4778366956586931
convenience_meals,hyperclovax,1000165839,2,6 개입,0.4437664092547905
convenience_meals,hyperclovax,1000202889,2,6 개입,0.37989227600826064
convenience_meals,hyperclovax,1001485256,2,6 개입,0.37989227600826064
convenience_meals,hyperclovax,1001485256,1,6 상자,0.5773502691896257
convenience_meals,hyperclovax,1000308975,1,99 강정,0.4472135954999579
convenience_meals,hyperclovax,1000185462,2,가지 브랜드,0.5212217304391497
convenience_meals,hyperclovax,1000185462,1,가지 종류,0.4622053238043803
convenience_meals,hyperclovax,5135831,1,각각 종류,0.3333333333333333
convenience_meals,hyperclovax,1001207466,1,갈비 담기다,0.3677357014070093
convenience_meals,hyperclovax,1001837821,1,갈색 소스,0.32191062139955584
convenience_meals,hyperclovax,1001837821,2,갈색 소스,0.3400092948066886
convenience_meals,hyperclovax,1001929136,1,갈색 소스,0.3590658862289087
convenience_meals,hyperclovax,5060255,1,갈색 소스,0.3287425739595111
convenience_meals,hyperclovax,1001837821,1,감자 담기다,0.3634893633611818
convenience_meals,hyperclovax,1001837821,2,감자 담기다,0.38392570449785773
convenience_meals,hyperclovax,1000308975,1,강정 조각,0.4472135954999579
convenience_meals,hyperclovax,1000308975,1,강정 포장,0.4472135954999579
convenience_meals,hyperclovax,1001485256,2,개입 상품,0.4429171365591112
convenience_meals,hyperclovax,1000202889,2,개입 제품,0.4429171365591112
convenience_meals,hyperclovax,1000165839,2,개입 햇반,0.5173881115813382
convenience_meals,hyperclovax,1000572062,1,검은색 냄비,0.55990716208254
convenience_meals,hyperclovax,1000572062,2,검은색 냄비,0.4511491325249432
convenience_meals,hyperclovax,5037794,1,검은색 노릇노릇,1.0
convenience_meals,hyperclovax,5037794,2,검은색 담기다,1.0
convenience_meals,hyperclovax,1001706193,2,검은색 뚝배기,0.5345507615483409
convenience_meals,hyperclovax,1000811962,1,검은색 프라이팬,0.5016239994058771
convenience_meals,hyperclovax,1000811962,2,검은색 프라이팬,0.5477766522100171
convenience_meals,hyperclovax,5072582,2,계란 샐러드,0.33833909906967485
convenience_meals,hyperclovax,1002382999,2,고기 넣다,0.527768746541208
convenience_meals,hyperclovax,1001861172,2,고기 들어가다,0.35468207165923327
convenience_meals,hyperclovax,1002382999,1,고기 들어가다,0.49496176470784564
convenience_meals,hyperclovax,5073094,2,고기 얹다,0.5773502691896257
convenience_meals,hyperclovax,5060255,1,고기 음식,0.40490707642330626
convenience_meals,hyperclovax,1000942597,1,고추 들어가다,0.386885320498731
convenience_meals,hyperclovax,1001191650,2,곤약 젤리,0.4472135954999579
convenience_meals,hyperclovax,1000202889,2,골든 쌀밥,0.4060499565236836
convenience_meals,hyperclovax,1001485256,2,골든 쌀밥,0.4060499565236836
convenience_meals,hyperclovax,1001485256,1,골든콘샌드밥 210,0.5773502691896257
convenience_meals,hyperclovax,1000165839,1,공기 1,0.4472135954999579
convenience_meals,hyperclovax,1001191650,1,과자 패키지,0.4545241355743058
convenience_meals,hyperclovax,5066426,2,구성 샐러드,0.42873643264435973
convenience_meals,hyperclovax,1001861172,2,국물 다양,0.386885320498731
convenience_meals,hyperclovax,5088325,2,국물 담기다,0.5367263603754203
convenience_meals,hyperclovax,1000572062,2,국물 요리,0.32951827524233135
convenience_meals,hyperclovax,1001207466,2,국물 요리,0.3099259879049645
convenience_meals,hyperclovax,1001861172,1,국물 요리,0.5898209766605389
convenience_meals,hyperclovax,1002382999,1,국물 요리,0.3615189197075814
convenience_meals,hyperclovax,1002382999,2,국물 요리,0.3533947004324166
convenience_meals,hyperclovax,5090388,1,국물 요리,0.2309125237961208
convenience_meals,hyperclovax,5090388,2,국물 요리,0.5641317781068546
convenience_meals,hyperclovax,5156742,1,국물 요리,0.5898209766605389
convenience_meals,hyperclovax,5156742,2,국물 요리,0.5641317781068546
convenience_meals,hyperclovax,5073094,2,국수 고기,0.5773502691896257
convenience_meals,hyperclovax,5090388,1,국수 만두,0.34485070968926906
convenience_meals,hyperclovax,5073094,1,국수 요리,0.7071067811865475
convenience_meals,hyperclovax,5088325,1,국수 요리,0.7071067811865475
convenience_meals,hyperclovax,5088325,2,국수 요리,0.4603529233948172
convenience_meals,hyperclovax,5063596,1,그라놀라 제품,0.48736360871432766
convenience_meals,hyperclovax,1000619042,1,그리다 포장지,0.3398300073230066
convenience_meals,hyperclovax,1001401863,1,김치 들어가다,0.6046013309239588
convenience_meals,hyperclovax,1001401863,2,김치 섞이다,0.5427386497453842
convenience_meals,hyperclovax,1001929136,1,나다 갈색,0.4422558249306565
convenience_meals,hyperclovax,1001929136,2,나다 소스,0.47385624891467176
convenience_meals,hyperclovax,1000308975,2,나다 양념,0.5288036470875768
convenience_meals,hyperclovax,5066426,1,나란히 배열,0.42373264916729264
convenience_meals,hyperclovax,5066426,2,나란히 배열,0.3930496146249871
convenience_meals,hyperclovax,5063596,1,나란히 제품,0.24368180435716383
convenience_meals,hyperclovax,1000832403,2,나무 숟가락,0.4545241355743058
convenience_meals,hyperclovax,1001946226,2,나물 무침,0.41378685933154774
convenience_meals,hyperclovax,1001946226,1,나물 반찬,0.5102801962626534
convenience_meals,hyperclovax,1001207466,1,냄비 닭갈비,0.3677357014070093
convenience_meals,hyperclovax,1000572062,1,냄비 담기다,0.55990716208254
convenience_meals,hyperclovax,1000572062,2,냄비 담기다,0.4511491325249432
convenience_meals,hyperclovax,1000185462,1,냉동 주먹밥,0.4622053238043803
convenience_meals,hyperclovax,1001931649,2,너겟 담기다,0.5102801962626534
convenience_meals,hyperclovax,1002382999,2,넣다 국물,0.527768746541208
convenience_meals,hyperclovax,1000170826,2,노란색 배경,0.26726124191242434
convenience_meals,hyperclovax,1001191650,2,다양 곤약,0.4472135954999579
convenience_meals,hyperclovax,1000127954,1,다양 버루카,0.5773502691896257
convenience_meals,hyperclovax,5009669,2,다양 샐러드,0.7071067811865476
convenience_meals,hyperclovax,5066426,1,다양 샐러드,0.42373264916729264
convenience_meals,hyperclovax,5063596,1,다양 이름,0.24368180435716383
convenience_meals,hyperclovax,1001207466,2,다양 재료,0.3584635828538199
convenience_meals,hyperclovax,1001866269,1,다양 재료,0.670174985415239
convenience_meals,hyperclovax,1001866269,2,다양 재료,0.37195114035643284
convenience_meals,hyperclovax,5009669,1,다양 재료,0.37195114035643284
convenience_meals,hyperclovax,5066426,2,다양 재료,0.33204259626846494
convenience_meals,hyperclovax,1001191650,1,다양 종류,0.4166908214992504
convenience_meals,hyperclovax,5063596,2,다양 종류,0.55990716208254
convenience_meals,hyperclovax,1001861172,2,다양 채소,0.386885320498731
convenience_meals,hyperclovax,5072582,1,달걀 샐러드,0.8350997850914232
convenience_meals,hyperclovax,5063596,1,달리다 그라놀라,0.24368180435716383
convenience_meals,hyperclovax,1001207466,1,닭갈비 재료,0.3677357014070093
convenience_meals,hyperclovax,1002309661,1,닭고기 요리,0.5269455791180148
convenience_meals,hyperclovax,1002309661,2,닭고기 요리,0.5269455791180148
convenience_meals,hyperclovax,5049405,2,닭고기 요리,0.6123087944520508
convenience_meals,hyperclovax,5050290,1,닭고기 요리,0.43017930123712356
convenience_meals,hyperclovax,5050290,2,닭고기 요리,0.43017930123712356
convenience_meals,hyperclovax,1000811962,2,담기다 검은색,0.5975118636828267
convenience_meals,hyperclovax,1001861172,1,담기다 국물,0.8075340336426745
convenience_meals,hyperclovax,5156742,1,담기다 국물,0.8075340336426745
convenience_meals,hyperclovax,5073094,1,담기다 국수,0.7071067811865475
convenience_meals,hyperclovax,5088325,1,담기다 국수,0.7071067811865475
convenience_meals,hyperclovax,5088325,2,담기다 국수,0.4603529233948172
convenience_meals,hyperclovax,1001207466,1,담기다 냄비,0.2985632705785629
convenience_meals,hyperclovax,1001207466,2,담기다 냄비,0.3757874003414165
convenience_meals,hyperclovax,1001706193,1,담기다 냄비,0.501621696070747
convenience_meals,hyperclovax,1002361676,2,담기다 냄비,0.47186482193877194
convenience_meals,hyperclovax,5009669,2,담기다 다양,0.7071067811865476
convenience_meals,hyperclovax,5063596,2,담기다 다양,0.55990716208254
convenience_meals,hyperclovax,5072582,1,담기다 달걀,0.4175498925457116
convenience_meals,hyperclovax,5049405,2,담기다 닭고기,0.7906187072392584
convenience_meals,hyperclovax,5088325,2,담기다 담기다,0.5367263603754203
convenience_meals,hyperclovax,1001422945,1,담기다 떡볶이,0.5773502691896257
convenience_meals,hyperclovax,1000832403,2,담기다 뜨다,0.4545241355743058
convenience_meals,hyperclovax,1000765126,1,담기다 만두,0.5773502691896257
convenience_meals,hyperclovax,5072582,2,담기다 모습,0.33833909906967485
convenience_meals,hyperclovax,1001502057,1,담기다 반찬,0.4175498925457116
convenience_meals,hyperclovax,5135831,1,담기다 상단,0.3333333333333333
convenience_meals,hyperclovax,1000169817,1,담기다 상온,0.386885320498731
convenience_meals,hyperclovax,1000572062,2,담기다 소고기,0.4921110782766944
convenience_meals,hyperclovax,5049405,1,담기다 요리,1.0
convenience_meals,hyperclovax,5009669,1,담기다 용기,0.4802667092311367
convenience_meals,hyperclovax,5072582,2,담기다 우유,0.33833909906967485
convenience_meals,hyperclovax,1000572062,1,담기다 육개장,0.610743759442004
convenience_meals,hyperclovax,1001502057,1,담기다 작다,0.4175498925457116
convenience_meals,hyperclovax,5060255,1,담기다 짙다,0.40490707642330626
convenience_meals,hyperclovax,5060255,2,담기다 짜장면,1.0
convenience_meals,hyperclovax,1001946226,2,담기다 참기름,0.41378685933154774
convenience_meals,hyperclovax,1000170826,2,담기다 콘도그,0.26726124191242434
convenience_meals,hyperclovax,1001207466,1,담기다 포장,0.3677357014070093
convenience_meals,hyperclovax,1001150374,1,담기다 포장지,1.0
convenience_meals,hyperclovax,1001866269,2,담기다 한국식,0.4802667092311367
convenience_meals,hyperclovax,5090388,1,담기다 함께,0.34485070968926906
convenience_meals,hyperclovax,1000811962,1,담기다 해산물,0.5016239994058771
convenience_meals,hyperclovax,1001706193,2,담기다 해산물,0.4900562556071658
convenience_meals,hyperclovax,1000202889,1,담기다 흰색,0.2524867290932382
convenience_meals,hyperclovax,1000619042,1,담기다 흰색,0.27590673964722623
convenience_meals,hyperclovax,1001401863,2,담기다 흰색,0.4406475240706297
convenience_meals,hyperclovax,1001837821,1,담기다 흰색,0.32191062139955584
convenience_meals,hyperclovax,1000202889,1,동일 상자,0.31098394735273266
convenience_meals,hyperclovax,1002382999,1,두부 고기,0.49496176470784564
convenience_meals,hyperclovax,1002382999,2,두부 고기,0.4838387565052276
convenience_meals,hyperclovax,1000832403,2,들다 나무,0.4545241355743058
convenience_meals,hyperclovax,1000169817,2,들다 상온,0.5933434010480763
convenience_meals,hyperclovax,5009669,1,들다 샐러드,0.4802667092311367
convenience_meals,hyperclovax,1002382999,1,들어가다 국물,0.5399016648284181
convenience_meals,hyperclovax,1000619042,2,들어가다 만두,0.7071067811865475
convenience_meals,hyperclovax,1001207466,2,들어가다 보이다,0.46285145181012627
convenience_meals,hyperclovax,1001401863,1,들어가다 볶음밥,0.6046013309239588
convenience_meals,hyperclovax,1001861172,2,들어가다 음식,0.386885320498731
convenience_meals,hyperclovax,1000942597,1,들어가다 파스타,0.386885320498731
convenience_meals,hyperclovax,5063596,1,뚜껑 달리다,0.24368180435716383
convenience_meals,hyperclovax,1000202889,1,뚜껑 담기다,0.31098394735273266
convenience_meals,hyperclovax,1001706193,2,뚝배기 담기다,0.5345507615483409
convenience_meals,hyperclovax,1000832403,2,뜨다 들다,0.4545241355743058
convenience_meals,hyperclovax,1000619042,1,만두 그리다,0.3398300073230066
convenience_meals,hyperclovax,1000619042,1,만두 담기다,0.3398300073230066
convenience_meals,hyperclovax,1000765126,1,만두 만두,0.5773502691896257
convenience_meals,hyperclovax,5090388,1,만두 채소,0.34485070968926906
convenience_meals,hyperclovax,1000765126,1,만두 포장지,0.5773502691896257
convenience_meals,hyperclovax,1001207695,2,만들다 한우,0.5773502691896257
convenience_meals,hyperclovax,5050290,1,매콤하다 양념,0.5092172223415296
convenience_meals,hyperclovax,5050290,2,매콤하다 양념,0.5092172223415296
convenience_meals,hyperclovax,1000029142,2,모양 샌드위치,0.5102801962626534
convenience_meals,hyperclovax,1001946226,2,무침 담기다,0.41378685933154774
convenience_meals,hyperclovax,1001422945,1,미미네 엣날떡볶이,0.5773502691896257
convenience_meals,hyperclovax,1001502057,1,반찬 식탁,0.4175498925457116
convenience_meals,hyperclovax,1001946226,1,반찬 올리다,0.5102801962626534
convenience_meals,hyperclovax,1000170826,2,배경 담기다,0.26726124191242434
convenience_meals,hyperclovax,1000127954,1,버루카 포장,0.5773502691896257
convenience_meals,hyperclovax,5060255,1,버무리다 고기,0.40490707642330626
convenience_meals,hyperclovax,1002309661,1,버무리다 닭고기,0.5524117895650019
convenience_meals,hyperclovax,1002309661,2,버무리다 닭고기,0.5524117895650019
convenience_meals,hyperclovax,5050290,1,버무리다 닭고기,0.4509689938531593
convenience_meals,hyperclovax,5050290,2,버무리다 닭고기,0.4509689938531593
convenience_meals,hyperclovax,1001422945,2,버무리다 떡볶이,0.7906187072392584
convenience_meals,hyperclovax,1000942597,2,버무리다 파스타,0.5520979986470352
convenience_meals,hyperclovax,1000942597,1,버섯 붉다,0.386885320498731
convenience_meals,hyperclovax,1001207466,2,보이다 국물,0.3757874003414165
convenience_meals,hyperclovax,5090388,1,보이다 국물,0.2799830295297083
convenience_meals,hyperclovax,5090388,2,보이다 국물,0.6840136762256971
convenience_meals,hyperclovax,5156742,2,보이다 국물,0.6840136762256971
convenience_meals,hyperclovax,1001706193,1,보이다 해산물,0.6178395818350019
convenience_meals,hyperclovax,1001401863,1,볶음밥 담기다,0.5185696301269053
convenience_meals,hyperclovax,1001401863,2,볶음밥 담기다,0.465509694502207
convenience_meals,hyperclovax,1001502057,1,볶음밥 담기다,0.35813466206906464
convenience_meals,hyperclovax,1000029142,1,봉지 흰색,0.4545241355743058
convenience_meals,hyperclovax,1000942597,1,붉다 고추,0.386885320498731
convenience_meals,hyperclovax,1001861172,2,붉다 국물,0.386885320498731
convenience_meals,hyperclovax,5066426,1,브랜드 다양,0.4622053238043803
convenience_meals,hyperclovax,1000185462,2,브랜드 주먹밥,0.5212217304391497
convenience_meals,hyperclovax,5063596,1,브랜드 함께,0.24368180435716383
convenience_meals,hyperclovax,1000832403,1,브랜드 현미밥,0.5773502691896257
convenience_meals,hyperclovax,1000202889,1,브랜드 홀드큰쌀밥,0.31098394735273266
convenience_meals,hyperclovax,1000029142,1,비닐 봉지,0.4545241355743058
convenience_meals,hyperclovax,5082274,1,비비고 냉동식품,1.0
convenience_meals,hyperclovax,5082274,2,비비고 냉동식품,1.0
convenience_meals,hyperclovax,5063596,1,빨간색 뚜껑,0.24368180435716383
convenience_meals,hyperclovax,1002066864,1,빨간색 소스,0.6591898418157989
convenience_meals,hyperclovax,1001946226,2,뿌리다 양념장,0.41378685933154774
convenience_meals,hyperclovax,1001929136,1,뿌리다 튀김,0.4054436906201587
convenience_meals,hyperclovax,1001929136,2,뿌리다 튀김,0.43441378395301605
convenience_meals,hyperclovax,1000029142,2,삼각 모양,0.5102801962626534
convenience_meals,hyperclovax,5135831,1,상단 해당,0.3333333333333333
convenience_meals,hyperclovax,1000169817,1,상온 제품,0.35468207165923327
convenience_meals,hyperclovax,1000169817,2,상온 제품,0.5439551607121709
convenience_meals,hyperclovax,1000165839,1,상자 1,0.4472135954999579
convenience_meals,hyperclovax,1000202889,1,상자 동일,0.31098394735273266
convenience_meals,hyperclovax,1000202889,1,상자 뚜껑,0.31098394735273266
convenience_meals,hyperclovax,1000169817,1,상자 형태,0.386885320498731
convenience_meals,hyperclovax,5135831,1,상품 포장,0.3333333333333333
convenience_meals,hyperclovax,1000619042,2,새우 들어가다,0.7071067811865475
convenience_meals,hyperclovax,1000619042,1,새우 만두,0.6796600146460132
convenience_meals,hyperclovax,1001502057,1,새우 볶음밥,0.4175498925457116
convenience_meals,hyperclovax,1001502057,2,새우 채소,0.5773502691896257
convenience_meals,hyperclovax,1000029142,2,샌드위치 모습,0.46780590409532413
convenience_meals,hyperclovax,5136646,2,샌드위치 모습,1.0
convenience_meals,hyperclovax,1002347378,1,샌드위치 제품,0.5933434010480763
convenience_meals,hyperclovax,1000029142,1,샌드위치 포장,0.4166908214992504
convenience_meals,hyperclovax,1002347378,1,샌드위치 포장,0.5439551607121709
convenience_meals,hyperclovax,5066426,1,샐러드 나란히,0.4622053238043803
convenience_meals,hyperclovax,5009669,1,샐러드 담기다,0.41192719405306755
convenience_meals,hyperclovax,5072582,1,샐러드 담기다,0.35813466206906464
convenience_meals,hyperclovax,5072582,2,샐러드 담기다,0.29019516247822885
convenience_meals,hyperclovax,5066426,2,샐러드 용기,0.42873643264435973
convenience_meals,hyperclovax,1001401863,2,섞이다 볶음밥,0.5427386497453842
convenience_meals,hyperclovax,1000572062,2,소고기 국물,0.4921110782766944
convenience_meals,hyperclovax,1001837821,1,소고기 조각,0.3634893633611818
convenience_meals,hyperclovax,1001837821,2,소고기 조각,0.38392570449785773
convenience_meals,hyperclovax,1000942597,2,소스 버무리다,0.4275821668214758
convenience_meals,hyperclovax,1001422945,2,소스 버무리다,0.6123087944520508
convenience_meals,hyperclovax,1002309661,1,소스 버무리다,0.5269455791180148
convenience_meals,hyperclovax,1002309661,2,소스 버무리다,0.5269455791180148
convenience_meals,hyperclovax,5060255,1,소스 버무리다,0.31358752526308564
convenience_meals,hyperclovax,1000942597,1,소스 버섯,0.386885320498731
convenience_meals,hyperclovax,1001929136,1,소스 뿌리다,0.4054436906201587
convenience_meals,hyperclovax,1001929136,2,소스 뿌리다,0.43441378395301605
convenience_meals,hyperclovax,1002066864,1,소스 요리,0.6591898418157989
convenience_meals,hyperclovax,1001837821,1,소스 조리,0.3634893633611818
convenience_meals,hyperclovax,1001837821,2,소스 조리,0.38392570449785773
convenience_meals,hyperclovax,1000170826,1,소시지 핫도그,0.5773502691896257
convenience_meals,hyperclovax,5072582,2,스크램블 에그,0.33833909906967485
convenience_meals,hyperclovax,1001946226,1,시금치 나물,0.46780590409532413
convenience_meals,hyperclovax,1001946226,2,시금치 나물,0.3793444018601954
convenience_meals,hyperclovax,1000202889,2,쌀밥 6,0.4060499565236836
convenience_meals,hyperclovax,1001485256,2,쌀밥 6,0.4060499565236836
convenience_meals,hyperclovax,5063596,1,아래 다양,0.24368180435716383
convenience_meals,hyperclovax,5050290,1,양념 버무리다,0.5092172223415296
convenience_meals,hyperclovax,5050290,2,양념 버무리다,0.5092172223415296
convenience_meals,hyperclovax,1000308975,2,양념 치킨,0.5288036470875768
convenience_meals,hyperclovax,5073094,2,얹다 음식,0.5773502691896257
convenience_meals,hyperclovax,5072582,2,에그 올리다,0.33833909906967485
convenience_meals,hyperclovax,1001422945,1,엣날떡볶이 담기다,0.5773502691896257
convenience_meals,hyperclovax,1000202889,2,연제 골든,0.4060499565236836
convenience_meals,hyperclovax,1001485256,2,연제 골든,0.4060499565236836
convenience_meals,hyperclovax,1000170826,2,오른쪽 콘도그,0.26726124191242434
convenience_meals,hyperclovax,5072582,2,올리다 계란,0.33833909906967485
convenience_meals,hyperclovax,1001946226,1,올리다 모습,0.5102801962626534
convenience_meals,hyperclovax,1001502057,2,올리다 요리,0.5773502691896257
convenience_meals,hyperclovax,1000170826,2,왼쪽 전체,0.26726124191242434
convenience_meals,hyperclovax,1000811962,2,요리 담기다,0.3279956295561664
convenience_meals,hyperclovax,1001207466,2,요리 담기다,0.2540757138975135
convenience_meals,hyperclovax,1001529704,2,요리 담기다,0.3149923111546578
convenience_meals,hyperclovax,1001706193,1,요리 담기다,0.3391542409880261
convenience_meals,hyperclovax,1001929136,1,요리 담기다,0.2427700377845762
convenience_meals,hyperclovax,1001929136,2,요리 담기다,0.2601166405699909
convenience_meals,hyperclovax,1002066864,1,요리 담기다,0.3618528774152889
convenience_meals,hyperclovax,1002309661,1,요리 담기다,0.37349421420626067
convenience_meals,hyperclovax,1002309661,2,요리 담기다,0.37349421420626067
convenience_meals,hyperclovax,1002361676,2,요리 담기다,0.3190351549527544
convenience_meals,hyperclovax,1002382999,1,요리 담기다,0.2963713312106225
convenience_meals,hyperclovax,1002382999,2,요리 담기다,0.28971113847831637
convenience_meals,hyperclovax,5050290,1,요리 담기다,0.30490716015168284
convenience_meals,hyperclovax,5050290,2,요리 담기다,0.30490716015168284
convenience_meals,hyperclovax,5090388,1,요리 담기다,0.1893008867309516
convenience_meals,hyperclovax,5090388,2,요리 담기다,0.46247229935014045
convenience_meals,hyperclovax,5156742,2,요리 담기다,0.46247229935014045
convenience_meals,hyperclovax,5135831,1,용기 각각,0.3333333333333333
convenience_meals,hyperclovax,5066426,2,용기 나란히,0.42873643264435973
convenience_meals,hyperclovax,1001207695,2,우리 만들다,0.5773502691896257
convenience_meals,hyperclovax,1001207695,1,우수 주먹밥,1.0
convenience_meals,hyperclovax,5072582,2,우유 담기다,0.33833909906967485
convenience_meals,hyperclovax,1000308975,2,윤기 나다,0.453557571996897
convenience_meals,hyperclovax,1001929136,1,윤기 나다,0.37932506566811414
convenience_meals,hyperclovax,1001929136,2,윤기 나다,0.4064289097039871
convenience_meals,hyperclovax,1001837821,1,으깨다 감자,0.3634893633611818
convenience_meals,hyperclovax,1001837821,2,으깨다 감자,0.38392570449785773
convenience_meals,hyperclovax,1001861172,2,음식 담기다,0.35468207165923327
convenience_meals,hyperclovax,1002066864,2,음식 담기다,0.4166908214992504
convenience_meals,hyperclovax,1002066864,2,이름 음식,0.4545241355743058
convenience_meals,hyperclovax,5063596,1,이름 적히다,0.24368180435716383
convenience_meals,hyperclovax,1002361676,2,인도 카레,0.5811885063045221
convenience_meals,hyperclovax,1002361676,1,인도 커리,0.7071067811865475
convenience_meals,hyperclovax,1001529704,2,입히다 튀김,0.5738236303284365
convenience_meals,hyperclovax,1000165839,1,작다 공기,0.4472135954999579
convenience_meals,hyperclovax,1001502057,1,작다 담기다,0.4175498925457116
convenience_meals,hyperclovax,1000165839,2,작은공기 즉석밥,0.5173881115813382
convenience_meals,hyperclovax,1000170826,2,잘리다 치즈,0.26726124191242434
convenience_meals,hyperclovax,1000170826,2,잘리다 콘도그,0.26726124191242434
convenience_meals,hyperclovax,5066426,2,재료 구성,0.42873643264435973
convenience_meals,hyperclovax,1001207466,1,재료 담기다,0.3154087775024679
convenience_meals,hyperclovax,1001866269,1,재료 담기다,0.7422031318471273
convenience_meals,hyperclovax,1001866269,2,재료 담기다,0.41192719405306755
convenience_meals,hyperclovax,5009669,1,재료 들다,0.4802667092311367
convenience_meals,hyperclovax,1001207466,2,재료 들어가다,0.46285145181012627
convenience_meals,hyperclovax,1000202889,1,적히다 상자,0.31098394735273266
convenience_meals,hyperclovax,5063596,1,적히다 아래,0.24368180435716383
convenience_meals,hyperclovax,1001866269,2,전골 요리,0.4802667092311367
convenience_meals,hyperclovax,1000170826,2,전체 콘도그와,0.26726124191242434
convenience_meals,hyperclovax,5090388,1,제공 모습,0.34485070968926906
convenience_meals,hyperclovax,5063596,1,제품 나란히,0.24368180435716383
convenience_meals,hyperclovax,1001191650,1,제품 담기다,0.4545241355743058
convenience_meals,hyperclovax,5063596,1,제품 브랜드,0.24368180435716383
convenience_meals,hyperclovax,1000169817,1,제품 상자,0.386885320498731
convenience_meals,hyperclovax,1000202889,1,제품 적히다,0.2850985159055549
convenience_meals,hyperclovax,5063596,1,제품 적히다,0.22339841450599143
convenience_meals,hyperclovax,1001191650,2,제품 포장,0.4472135954999579
convenience_meals,hyperclovax,1001191650,2,젤리 제품,0.4472135954999579
convenience_meals,hyperclovax,1000029142,2,조각 삼각,0.5102801962626534
convenience_meals,hyperclovax,5072582,2,조각 스크램블,0.33833909906967485
convenience_meals,hyperclovax,1001837821,1,조각 으깨다,0.3634893633611818
convenience_meals,hyperclovax,1001837821,2,조각 으깨다,0.38392570449785773
convenience_meals,hyperclovax,1000308975,1,조각 포크,0.4472135954999579
convenience_meals,hyperclovax,1001207466,1,조리 갈비,0.3677357014070093
convenience_meals,hyperclovax,1001837821,1,조리 소고기,0.3634893633611818
convenience_meals,hyperclovax,1001837821,2,조리 소고기,0.38392570449785773
convenience_meals,hyperclovax,1001191650,1,종류 과자,0.4545241355743058
convenience_meals,hyperclovax,5063596,2,종류 그래놀라,0.610743759442004
convenience_meals,hyperclovax,1000185462,1,종류 냉동,0.4622053238043803
convenience_meals,hyperclovax,5135831,1,종류 한식,0.3333333333333333
convenience_meals,hyperclovax,1001931649,2,종이 튀기다,0.5102801962626534
convenience_meals,hyperclovax,1000185462,1,주먹밥 제품,0.42373264916729264
convenience_meals,hyperclovax,1000185462,2,주먹밥 제품,0.4778366956586931
convenience_meals,hyperclovax,5060255,1,짙다 갈색,0.40490707642330626
convenience_meals,hyperclovax,1002066864,2,짬뽕 피자,0.4545241355743058
convenience_meals,hyperclovax,1001946226,2,참기름 뿌리다,0.41378685933154774
convenience_meals,hyperclovax,1001861172,2,채소 고기,0.386885320498731
convenience_meals,hyperclovax,1001502057,2,채소 올리다,0.5773502691896257
convenience_meals,hyperclovax,5090388,1,채소 함께,0.34485070968926906
convenience_meals,hyperclovax,1000170826,1,치즈 소시지,0.5773502691896257
convenience_meals,hyperclovax,1000170826,2,치즈 흐르다,0.26726124191242434
convenience_meals,hyperclovax,1001931649,2,치킨 너겟,0.5102801962626534
convenience_meals,hyperclovax,1000308975,2,치킨 담기다,0.4847875148330809
convenience_meals,hyperclovax,1001529704,1,치킨 담기다,0.7071067811865476
convenience_meals,hyperclovax,1001931649,1,치킨너겟 담기다,0.7071067811865475
convenience_meals,hyperclovax,1002361676,2,카레 요리,0.5811885063045221
convenience_meals,hyperclovax,1002361676,1,커리 나오다,0.7071067811865475
convenience_meals,hyperclovax,1000170826,2,콘도그 오른쪽,0.26726124191242434
convenience_meals,hyperclovax,1000170826,2,콘도그 왼쪽,0.26726124191242434
convenience_meals,hyperclovax,1000170826,2,콘도그 잘리다,0.26726124191242434
convenience_meals,hyperclovax,1000170826,2,콘도그와 잘리다,0.26726124191242434
convenience_meals,hyperclovax,1000165839,1,크다 상자,0.4472135954999579
convenience_meals,hyperclovax,1000170826,1,크리미 치즈,0.5773502691896257
convenience_meals,hyperclovax,1000942597,1,크림 소스,0.35468207165923327
convenience_meals,hyperclovax,1000942597,2,크림 소스,0.5061429099109211
convenience_meals,hyperclovax,5066426,1,테스티 브랜드,0.4622053238043803
convenience_meals,hyperclovax,1001529704,1,튀기다 치킨,0.7071067811865476
convenience_meals,hyperclovax,1001931649,2,튀기다 치킨,0.46780590409532413
convenience_meals,hyperclovax,1001931649,1,튀기다 치킨너겟,0.7071067811865475
convenience_meals,hyperclovax,1001529704,2,튀김 요리,0.4921714401169928
convenience_meals,hyperclovax,1001929136,1,튀김 요리,0.37932506566811414
convenience_meals,hyperclovax,1001929136,2,튀김 요리,0.4064289097039871
convenience_meals,hyperclovax,1001529704,2,튀김 입히다,0.5738236303284365
convenience_meals,hyperclovax,1000942597,1,파스타 담기다,0.35468207165923327
convenience_meals,hyperclovax,1000942597,2,파스타 담기다,0.5061429099109211
convenience_meals,hyperclovax,1001191650,1,패키지 제품,0.4545241355743058
convenience_meals,hyperclovax,1000308975,1,포장 강정,0.4472135954999579
convenience_meals,hyperclovax,1001191650,2,포장 모습,0.4472135954999579
convenience_meals,hyperclovax,5135831,1,포장 박스,0.3333333333333333
convenience_meals,hyperclovax,1000029142,1,포장 비닐,0.4545241355743058
convenience_meals,hyperclovax,1001207466,1,포장 상자,0.3677357014070093
convenience_meals,hyperclovax,1002347378,1,포장 샌드위치,0.5933434010480763
convenience_meals,hyperclovax,1000127954,1,포장 스낵,0.5773502691896257
convenience_meals,hyperclovax,5135831,2,포장 한식,0.7071067811865475
convenience_meals,hyperclovax,1000169817,1,포장지 담기다,0.386885320498731
convenience_meals,hyperclovax,1000202889,1,포장지 브랜드,0.31098394735273266
convenience_meals,hyperclovax,1002066864,2,퓨전 짬뽕,0.4545241355743058
convenience_meals,hyperclovax,1000811962,1,프라이팬 담기다,0.5471687950623423
convenience_meals,hyperclovax,1002066864,2,피자 이름,0.4545241355743058
convenience_meals,hyperclovax,1001866269,2,한국식 전골,0.4802667092311367
convenience_meals,hyperclovax,5135831,1,한식 담기다,0.3333333333333333
convenience_meals,hyperclovax,5135831,2,한식 도시락,0.7071067811865475
convenience_meals,hyperclovax,1001207695,2,한우 주먹밥,0.5773502691896257
convenience_meals,hyperclovax,5090388,1,함께 국수,0.34485070968926906
convenience_meals,hyperclovax,5063596,1,함께 그라놀라,0.24368180435716383
convenience_meals,hyperclovax,5090388,1,함께 제공,0.34485070968926906
convenience_meals,hyperclovax,5135831,1,해당 상품,0.3333333333333333
convenience_meals,hyperclovax,1000811962,1,해산물 요리,0.44424434284538705
convenience_meals,hyperclovax,1000811962,2,해산물 요리,0.48511769607376193
convenience_meals,hyperclovax,1001706193,1,해산물 요리,0.501621696070747
convenience_meals,hyperclovax,1001706193,2,해산물 요리,0.43399980759956786
convenience_meals,hyperclovax,1000832403,1,햇반 브랜드,0.5773502691896257
convenience_meals,hyperclovax,1000202889,2,햇반 연제,0.4060499565236836
convenience_meals,hyperclovax,1001485256,2,햇반 연제,0.4060499565236836
convenience_meals,hyperclovax,1000165839,2,햇반 작은공기,0.5173881115813382
convenience_meals,hyperclovax,1000832403,1,현미밥 상품,0.5773502691896257
convenience_meals,hyperclovax,1000169817,1,형태 포장재,0.386885320498731
convenience_meals,hyperclovax,1000202889,1,홀드큰쌀밥 제품,0.31098394735273266
convenience_meals,hyperclovax,1000170826,2,흐르다 나오다,0.26726124191242434
convenience_meals,hyperclovax,1000169817,2,희다 들다,0.5933434010480763
convenience_meals,hyperclovax,1000832403,2,흰색 담기다,0.4166908214992504
convenience_meals,hyperclovax,5060255,1,흰색 담기다,0.3712037471728598
convenience_meals,hyperclovax,1000619042,1,흰색 새우,0.3398300073230066
convenience_meals,hyperclovax,1000029142,1,흰색 샌드위치,0.4545241355743058
convenience_meals,hyperclovax,1000169817,1,흰색 포장지,0.35468207165923327
convenience_meals,hyperclovax,1000202889,1,흰색 포장지,0.2850985159055549
fruits_nuts_rice,hyperclovax,1000338204,1,1 제품,0.6045440688521558
fruits_nuts_rice,hyperclovax,1001729429,1,10 용량,0.5247720295496406
fruits_nuts_rice,hyperclovax,5048547,1,10 용량,0.6304970809137131
fruits_nuts_rice,hyperclovax,5051038,1,10 용량,0.6304970809137131
fruits_nuts_rice,hyperclovax,5053663,1,10 용량,0.4980668777271863
fruits_nuts_rice,hyperclovax,1000048867,1,10 제품,0.7071067811865476
fruits_nuts_rice,hyperclovax,1000102438,2,12 붉다,0.48150821040835806
fruits_nuts_rice,hyperclovax,5094562,2,12 호두,0.408248290463863
fruits_nuts_rice,hyperclovax,5052626,1,20 중량,0.11291171501697521
fruits_nuts_rice,hyperclovax,5070409,1,4 들다,0.7589323986280351
fruits_nuts_rice,hyperclovax,1000030900,1,4 비단,0.5773502691896257
fruits_nuts_rice,hyperclovax,1000118138,1,4 용량,0.5773502691896257
fruits_nuts_rice,hyperclovax,5051031,1,4 제품,0.7071067811865476
fruits_nuts_rice,hyperclovax,1000867509,1,4 패키지,0.5773502691896257
fruits_nuts_rice,hyperclovax,1000867509,2,4 포장,0.7761916200006842
fruits_nuts_rice,hyperclovax,5045631,1,6 견과,0.4286002253216238
fruits_nuts_rice,hyperclovax,5045631,2,6 견과,0.41675718726009847
fruits_nuts_rice,hyperclovax,1000867509,1,7 들다,0.5773502691896257
fruits_nuts_rice,hyperclovax,1000867511,1,8 용량,0.613159598029376
fruits_nuts_rice,hyperclovax,1000867511,2,8 포장,0.7761916200006842
fruits_nuts_rice,hyperclovax,1000973922,1,가공 식품,0.38686655850293616
fruits_nuts_rice,hyperclovax,1000908371,1,갈색 골판지,0.4274772106114664
fruits_nuts_rice,hyperclovax,1000908371,2,갈색 종이,0.408248290463863
fruits_nuts_rice,hyperclovax,1000338204,2,건조 블루베리,0.5933095622388006
fruits_nuts_rice,hyperclovax,1000102438,1,검은색 상자,0.3882774246147413
fruits_nuts_rice,hyperclovax,1000102438,2,검은색 상자,0.4415138998412312
fruits_nuts_rice,hyperclovax,1000973922,1,견과 가공,0.38686655850293616
fruits_nuts_rice,hyperclovax,5052626,1,견과 그림,0.11291171501697521
fruits_nuts_rice,hyperclovax,1000973922,1,견과 담기다,0.3547332304425899
fruits_nuts_rice,hyperclovax,1000973922,2,견과 담기다,0.5599474090749735
fruits_nuts_rice,hyperclovax,5045631,1,견과 들다,0.4010537815057563
fruits_nuts_rice,hyperclovax,5052626,1,견과 들다,0.09687905823818302
fruits_nuts_rice,hyperclovax,5052626,2,견과 들다,0.41313748490403773
fruits_nuts_rice,hyperclovax,5045631,1,견과 제품,0.4674247572940435
fruits_nuts_rice,hyperclovax,5052626,1,견과 조금,0.11291171501697521
fruits_nuts_rice,hyperclovax,1000973922,2,견과 패키지,0.6106699584394573
fruits_nuts_rice,hyperclovax,5052626,1,견과 함께,0.11291171501697521
fruits_nuts_rice,hyperclovax,5061259,2,계피 나무,0.5
fruits_nuts_rice,hyperclovax,5051031,1,고시하리 4,0.7071067811865476
fruits_nuts_rice,hyperclovax,1000066062,2,곡물 담기다,0.7071067811865476
fruits_nuts_rice,hyperclovax,1000066062,1,곡물 들다,0.4472135954999579
fruits_nuts_rice,hyperclovax,1000908371,1,골판지 상자,0.4274772106114664
fruits_nuts_rice,hyperclovax,5036748,1,과일 담기다,0.37367498603101645
fruits_nuts_rice,hyperclovax,5159977,2,그대로 복숭아,0.4545089236932129
fruits_nuts_rice,hyperclovax,5052626,1,그리다 20,0.11291171501697521
fruits_nuts_rice,hyperclovax,5052626,1,그림 그리다,0.11291171501697521
fruits_nuts_rice,hyperclovax,5159977,2,껍질 그대로,0.4545089236932129
fruits_nuts_rice,hyperclovax,5031442,1,껍질 벗겨지다,0.3882774246147413
fruits_nuts_rice,hyperclovax,5159977,2,껍질 벗겨지다,0.41675718726009847
fruits_nuts_rice,hyperclovax,1001303421,2,껍질 붉다,0.7589323986280351
fruits_nuts_rice,hyperclovax,5025577,1,나무 도마,0.5333386331929866
fruits_nuts_rice,hyperclovax,5025577,2,나무 도마,0.6304970809137131
fruits_nuts_rice,hyperclovax,5056014,1,나무 도마,0.6631035127110363
fruits_nuts_rice,hyperclovax,5056014,2,나무 도마,0.6631035127110363
fruits_nuts_rice,hyperclovax,5052626,1,나무 무늬,0.11291171501697521
fruits_nuts_rice,hyperclovax,5027321,1,나무 붉은색,0.4203378784240271
fruits_nuts_rice,hyperclovax,5061259,2,나무 솔방울,0.5
fruits_nuts_rice,hyperclovax,5031442,1,나무 잘리다,0.42344933632993387
fruits_nuts_rice,hyperclovax,5063578,1,나무 테이블,0.5933095622388006
fruits_nuts_rice,hyperclovax,5031442,2,나무 포크,0.5173522255350749
fruits_nuts_rice,hyperclovax,5063578,2,나무 표면,0.7071067811865476
fruits_nuts_rice,hyperclovax,5045631,2,날짜 적히다,0.4545089236932129
fruits_nuts_rice,hyperclovax,1000032485,1,냉동 블루베리,0.6511694205909068
fruits_nuts_rice,hyperclovax,1000253378,1,냉동 블루베리,0.4438919059880629
fruits_nuts_rice,hyperclovax,1000338204,1,냉동 블루베리,0.5187031305393868
fruits_nuts_rice,hyperclovax,5159977,1,노란색 복숭아,1.0
fruits_nuts_rice,hyperclovax,5027321,1,노란색 익다,0.4203378784240271
fruits_nuts_rice,hyperclovax,1000253378,1,녹색 담기다,0.5173522255350749
fruits_nuts_rice,hyperclovax,5048580,2,녹색 포도,0.5287413837537333
fruits_nuts_rice,hyperclovax,5003716,2,다발 잘리다,0.485827526399244
fruits_nuts_rice,hyperclovax,5045631,1,다양 견과,0.4674247572940435
fruits_nuts_rice,hyperclovax,1000066062,1,다양 곡물,0.4472135954999579
fruits_nuts_rice,hyperclovax,1000102438,2,담기다 12,0.48150821040835806
fruits_nuts_rice,hyperclovax,1000338204,2,담기다 건조,0.5933095622388006
fruits_nuts_rice,hyperclovax,1000973922,1,담기다 견과,0.3547332304425899
fruits_nuts_rice,hyperclovax,1000973922,2,담기다 견과,0.5599474090749735
fruits_nuts_rice,hyperclovax,1000253378,1,담기다 냉동,0.5173522255350749
fruits_nuts_rice,hyperclovax,1000066062,1,담기다 다양,0.4472135954999579
fruits_nuts_rice,hyperclovax,5063690,2,담기다 바구니,0.5102586717891043
fruits_nuts_rice,hyperclovax,5162187,1,담기다 반쪽,0.5773502691896257
fruits_nuts_rice,hyperclovax,1001234463,1,담기다 방울토마토,0.4778867308125526
fruits_nuts_rice,hyperclovax,1001234463,2,담기다 방울토마토,0.7071067811865476
fruits_nuts_rice,hyperclovax,1000102438,1,담기다 붉은색,0.42344933632993387
fruits_nuts_rice,hyperclovax,5035954,1,담기다 블루베리,0.7071067811865476
fruits_nuts_rice,hyperclovax,1000908371,1,담기다 사과,0.4274772106114664
fruits_nuts_rice,hyperclovax,5094562,2,담기다 상자,0.408248290463863
fruits_nuts_rice,hyperclovax,5035954,2,담기다 요거트,0.7071067811865476
fruits_nuts_rice,hyperclovax,5034841,1,담기다 잘리다,0.7370539634426924
fruits_nuts_rice,hyperclovax,5036748,1,담기다 키위,0.34263735651725014
fruits_nuts_rice,hyperclovax,5036748,2,담기다 키위,0.5440289759856596
fruits_nuts_rice,hyperclovax,1000858612,1,담기다 파인애플,0.5
fruits_nuts_rice,hyperclovax,1000973922,1,담기다 패키지,0.38686655850293616
fruits_nuts_rice,hyperclovax,5036748,1,담기다 포장,0.34263735651725014
fruits_nuts_rice,hyperclovax,5134096,1,담기다 포장,0.6758338959932524
fruits_nuts_rice,hyperclovax,1000122762,1,담기다 포장지,0.6229406049487088
fruits_nuts_rice,hyperclovax,1000032485,2,담기다 흰색,0.5344874899533842
fruits_nuts_rice,hyperclovax,5048580,2,담기다 흰색,0.45366388511514827
fruits_nuts_rice,hyperclovax,5121007,2,담기다 흰색,0.5187031305393868
fruits_nuts_rice,hyperclovax,5094562,1,데이츠 디저트,0.5
fruits_nuts_rice,hyperclovax,5056014,1,도마 복숭아,0.7485277091933767
fruits_nuts_rice,hyperclovax,5056014,2,도마 복숭아,0.7485277091933767
fruits_nuts_rice,hyperclovax,5025577,1,도마 키위,0.6565819101130292
fruits_nuts_rice,hyperclovax,1000867509,1,들다 4,0.5773502691896257
fruits_nuts_rice,hyperclovax,5045631,1,들다 6,0.4674247572940435
fruits_nuts_rice,hyperclovax,1000144509,1,들다 포장,0.6758338959932524
fruits_nuts_rice,hyperclovax,5052626,1,들다 포장,0.10353321201444896
fruits_nuts_rice,hyperclovax,1001729429,1,들다 포장지,0.5543032856202726
fruits_nuts_rice,hyperclovax,5052626,2,들다 포장지,0.41313748490403773
fruits_nuts_rice,hyperclovax,5070409,1,들다 포장지,0.6511694205909068
fruits_nuts_rice,hyperclovax,5094562,2,들어가다 라즈베리,0.408248290463863
fruits_nuts_rice,hyperclovax,5052626,1,디자인 견과,0.11291171501697521
fruits_nuts_rice,hyperclovax,5094562,1,디저트 상자,0.5
fruits_nuts_rice,hyperclovax,5094562,2,라즈베리 바클라바,0.408248290463863
fruits_nuts_rice,hyperclovax,5049631,2,멜론 단면,0.7370539634426924
fruits_nuts_rice,hyperclovax,5049631,1,멜론 멜론,0.6758338959932524
fruits_nuts_rice,hyperclovax,5049631,2,멜론 멜론,0.6758338959932524
fruits_nuts_rice,hyperclovax,5049631,1,멜론 반쪽,0.7370539634426924
fruits_nuts_rice,hyperclovax,5045631,2,목요일 일요일,0.4545089236932129
fruits_nuts_rice,hyperclovax,5052626,1,무늬 디자인,0.11291171501697521
fruits_nuts_rice,hyperclovax,5052626,1,문구 적히다,0.22582343003395042
fruits_nuts_rice,hyperclovax,5162187,1,바구니 담기다,0.5773502691896257
fruits_nuts_rice,hyperclovax,5031442,1,바나나 껍질,0.42344933632993387
fruits_nuts_rice,hyperclovax,5031442,2,바나나 나무,0.5173522255350749
fruits_nuts_rice,hyperclovax,5003716,1,바나나 다발,0.6758338959932524
fruits_nuts_rice,hyperclovax,5003716,2,바나나 다발,0.44547445130548413
fruits_nuts_rice,hyperclovax,5031442,1,바나나 바나나,0.42344933632993387
fruits_nuts_rice,hyperclovax,1001234463,1,바닥 방울토마토,0.5211758556507495
fruits_nuts_rice,hyperclovax,5094562,2,바클라바 담기다,0.408248290463863
fruits_nuts_rice,hyperclovax,5052626,1,박스 견과,0.11291171501697521
fruits_nuts_rice,hyperclovax,5036748,1,박스 담기다,0.37367498603101645
fruits_nuts_rice,hyperclovax,5052626,1,박스 문구,0.11291171501697521
fruits_nuts_rice,hyperclovax,5052626,1,박스 포장,0.33873514505092567
fruits_nuts_rice,hyperclovax,5027321,2,반질반질 표면,0.5773502691896257
fruits_nuts_rice,hyperclovax,1001234463,1,방울토마토 바닥,0.5211758556507495
fruits_nuts_rice,hyperclovax,5027321,1,배경 나무,0.4203378784240271
fruits_nuts_rice,hyperclovax,5162187,2,배경 담기다,0.7761916200006842
fruits_nuts_rice,hyperclovax,5003716,2,배경 바나나,0.485827526399244
fruits_nuts_rice,hyperclovax,5063690,1,배경 방울토마토,0.7761916200006842
fruits_nuts_rice,hyperclovax,1000118138,1,백진주 패키지,0.5773502691896257
fruits_nuts_rice,hyperclovax,5031442,1,벗겨지다 바나나,0.42344933632993387
fruits_nuts_rice,hyperclovax,5159977,2,벗겨지다 복숭아,0.4545089236932129
fruits_nuts_rice,hyperclovax,5053663,1,보라색 포장,0.6131595980293761
fruits_nuts_rice,hyperclovax,5159977,2,복숭아 껍질,0.4545089236932129
fruits_nuts_rice,hyperclovax,5027321,2,복숭아 흰색,0.5773502691896257
fruits_nuts_rice,hyperclovax,5052626,1,봉투 나무,0.11291171501697521
fruits_nuts_rice,hyperclovax,5052626,1,봉투 아몬드,0.11291171501697521
fruits_nuts_rice,hyperclovax,5052626,1,봉투 포장,0.11291171501697521
fruits_nuts_rice,hyperclovax,5052626,1,봉투 회색,0.11291171501697521
fruits_nuts_rice,hyperclovax,1000102438,2,붉다 사과,0.41313748490403773
fruits_nuts_rice,hyperclovax,1000122762,2,붉다 사과,0.3942547878183864
fruits_nuts_rice,hyperclovax,1001303421,2,붉다 사과,0.6511694205909068
fruits_nuts_rice,hyperclovax,1001502284,1,붉다 체리,0.7071067811865476
fruits_nuts_rice,hyperclovax,5027321,1,붉은색 노란색,0.4203378784240271
fruits_nuts_rice,hyperclovax,1000102438,1,붉은색 사과,0.42344933632993387
fruits_nuts_rice,hyperclovax,1000338204,1,블루베리 1,0.6045440688521558
fruits_nuts_rice,hyperclovax,1000032485,2,블루베리 담기다,0.5711988496044679
fruits_nuts_rice,hyperclovax,1000253378,2,블루베리 담기다,0.6758338959932524
fruits_nuts_rice,hyperclovax,1000253378,1,블루베리 숟가락,0.5173522255350749
fruits_nuts_rice,hyperclovax,1000032485,1,블루베리 제품,0.7589323986280351
fruits_nuts_rice,hyperclovax,1000030900,1,비단 포장,0.5773502691896257
fruits_nuts_rice,hyperclovax,5061259,2,사과 계피,0.5
fruits_nuts_rice,hyperclovax,1000122762,1,사과 담기다,0.5711988496044679
fruits_nuts_rice,hyperclovax,5061259,1,사과 담기다,1.0
fruits_nuts_rice,hyperclovax,1000122762,2,사과 모습,0.45950058821569506
fruits_nuts_rice,hyperclovax,1000122762,1,사과 사과,0.5344874899533842
fruits_nuts_rice,hyperclovax,1000908371,1,사과 사과,0.3667785010270913
fruits_nuts_rice,hyperclovax,1001303421,1,사과 사과,0.6511694205909068
fruits_nuts_rice,hyperclovax,1000908371,2,사과 일부,0.408248290463863
fruits_nuts_rice,hyperclovax,1000102438,1,사과 정렬,0.42344933632993387
fruits_nuts_rice,hyperclovax,1000908371,1,사과 조각,0.4274772106114664
fruits_nuts_rice,hyperclovax,1000122762,2,사과 포장,0.45950058821569506
fruits_nuts_rice,hyperclovax,1000102438,1,상자 담기다,0.3633225561143955
fruits_nuts_rice,hyperclovax,1000102438,2,상자 담기다,0.41313748490403773
fruits_nuts_rice,hyperclovax,1000908371,1,상자 담기다,0.3667785010270913
fruits_nuts_rice,hyperclovax,5061259,2,솔방울 모습,0.5
fruits_nuts_rice,hyperclovax,5048580,2,송이 담기다,0.5287413837537333
fruits_nuts_rice,hyperclovax,5038123,2,송이 아래,0.5933095622388006
fruits_nuts_rice,hyperclovax,1000048867,1,시월미소미쌀 10,0.7071067811865476
fruits_nuts_rice,hyperclovax,1000973922,1,식품 담기다,0.38686655850293616
fruits_nuts_rice,hyperclovax,5121007,2,쌀밥 담기다,0.6045440688521558
fruits_nuts_rice,hyperclovax,5038123,2,아래 포도,0.5933095622388006
fruits_nuts_rice,hyperclovax,5052626,1,아몬드 호두,0.10353321201444896
fruits_nuts_rice,hyperclovax,5052626,2,아몬드 호두,0.4415138998412312
fruits_nuts_rice,hyperclovax,1000032485,2,얼다 블루베리,0.6229406049487088
fruits_nuts_rice,hyperclovax,1000253378,2,얼음 블루베리,0.7370539634426924
fruits_nuts_rice,hyperclovax,1000763360,1,연두색 포도송이,1.0
fruits_nuts_rice,hyperclovax,5035954,2,요거트 블루베리,0.7071067811865476
fruits_nuts_rice,hyperclovax,1000066062,1,용기 담기다,0.4472135954999579
fruits_nuts_rice,hyperclovax,1001729429,1,용량 들다,0.6460357455690217
fruits_nuts_rice,hyperclovax,5051038,1,용량 배진주,0.7761916200006842
fruits_nuts_rice,hyperclovax,1000118138,1,용량 백진주,0.5773502691896257
fruits_nuts_rice,hyperclovax,5053663,1,용량 보라색,0.6131595980293761
fruits_nuts_rice,hyperclovax,5048547,1,용량 여주쌀,0.7761916200006842
fruits_nuts_rice,hyperclovax,1000867511,1,용량 포장,0.613159598029376
fruits_nuts_rice,hyperclovax,5121007,1,유기농 포장,0.7761916200006842
fruits_nuts_rice,hyperclovax,5035954,1,유리 담기다,0.7071067811865476
fruits_nuts_rice,hyperclovax,5027321,1,익다 복숭아,0.4203378784240271
fruits_nuts_rice,hyperclovax,1000908371,2,일부 잘리다,0.408248290463863
fruits_nuts_rice,hyperclovax,5045631,2,일요일 날짜,0.4545089236932129
fruits_nuts_rice,hyperclovax,1000908371,2,잘리다 갈색,0.408248290463863
fruits_nuts_rice,hyperclovax,5025577,2,잘리다 나무,0.7761916200006842
fruits_nuts_rice,hyperclovax,5003716,2,잘리다 바나나,0.4168434888857082
fruits_nuts_rice,hyperclovax,5031442,1,잘리다 바나나,0.3633225561143955
fruits_nuts_rice,hyperclovax,5031442,2,잘리다 바나나,0.4438919059880629
fruits_nuts_rice,hyperclovax,1000122762,2,잘리다 붉다,0.45950058821569506
fruits_nuts_rice,hyperclovax,1001303421,1,잘리다 사과,0.7589323986280351
fruits_nuts_rice,hyperclovax,1002140343,2,잘리다 아보카도,1.0
fruits_nuts_rice,hyperclovax,5063690,2,잘리다 토마토,0.5102586717891043
fruits_nuts_rice,hyperclovax,5068728,2,잘리다 흰색,1.0
fruits_nuts_rice,hyperclovax,1000908371,2,적갈색 사과,0.408248290463863
fruits_nuts_rice,hyperclovax,5045631,2,적히다 6,0.4545089236932129
fruits_nuts_rice,hyperclovax,5052626,1,적히다 포장,0.22582343003395042
fruits_nuts_rice,hyperclovax,1000102438,1,정렬 모습,0.42344933632993387
fruits_nuts_rice,hyperclovax,1001502284,2,젖다 체리,0.7071067811865476
fruits_nuts_rice,hyperclovax,1000858612,2,조각 파인애플,0.7071067811865476
fruits_nuts_rice,hyperclovax,5052626,1,조금 흩어지다,0.11291171501697521
fruits_nuts_rice,hyperclovax,1000066062,2,종류 곡물,0.7071067811865476
fruits_nuts_rice,hyperclovax,1000908371,2,종이 상자,0.408248290463863
fruits_nuts_rice,hyperclovax,5052626,1,중량 표시,0.11291171501697521
fruits_nuts_rice,hyperclovax,1001502284,2,체리 흰색,0.7071067811865476
fruits_nuts_rice,hyperclovax,1000763360,2,초록색 포도송이,1.0
fruits_nuts_rice,hyperclovax,5048580,1,초록색 포도송이,1.0
fruits_nuts_rice,hyperclovax,5052626,1,캐슈너트 견과,0.11291171501697521
fruits_nuts_rice,hyperclovax,5052626,2,캐슈넛 견과,0.48150821040835806
fruits_nuts_rice,hyperclovax,5025577,1,키위 과일,0.5333386331929866
fruits_nuts_rice,hyperclovax,5036748,1,키위 과일,0.6070691355900512
fruits_nuts_rice,hyperclovax,5132780,1,키위 과일,1.0
fruits_nuts_rice,hyperclovax,5132780,2,키위 과일,0.6304970809137131
fruits_nuts_rice,hyperclovax,5036748,2,키위 담기다,0.5933095622388007
fruits_nuts_rice,hyperclovax,5094562,1,타무르 프리미엄,0.5
fruits_nuts_rice,hyperclovax,5132780,2,테이블 키위,0.7761916200006842
fruits_nuts_rice,hyperclovax,5063578,1,테이블 토마토,0.5933095622388006
fruits_nuts_rice,hyperclovax,5063578,1,토마토 담기다,0.5440289759856595
fruits_nuts_rice,hyperclovax,5063690,2,토마토 담기다,0.4678763336524484
fruits_nuts_rice,hyperclovax,5063690,2,토마토 토마토,0.5102586717891043
fruits_nuts_rice,hyperclovax,1000066062,1,투명 용기,0.4472135954999579
fruits_nuts_rice,hyperclovax,1001234463,1,파란색 담기다,0.4778867308125526
fruits_nuts_rice,hyperclovax,1001234463,2,파란색 담기다,0.7071067811865476
fruits_nuts_rice,hyperclovax,1000858612,1,파인애플 담기다,0.5
fruits_nuts_rice,hyperclovax,1000858612,1,파인애플 조각,0.5
fruits_nuts_rice,hyperclovax,1000973922,1,패키지 모습,0.38686655850293616
fruits_nuts_rice,hyperclovax,5038123,2,포도 송이,0.5440289759856595
fruits_nuts_rice,hyperclovax,5048580,2,포도 송이,0.4848238624022174
fruits_nuts_rice,hyperclovax,1000030900,1,포장 모습,0.5773502691896257
fruits_nuts_rice,hyperclovax,5036748,1,포장 박스,0.34263735651725014
fruits_nuts_rice,hyperclovax,5052626,1,포장 박스,0.5176660600722448
fruits_nuts_rice,hyperclovax,1000144509,1,포장 봉지,0.7370539634426924
fruits_nuts_rice,hyperclovax,5052626,1,포장 봉투,0.45164686006790083
fruits_nuts_rice,hyperclovax,1000122762,2,포장 사과,0.45950058821569506
fruits_nuts_rice,hyperclovax,5134096,1,포장 용기,0.7370539634426924
fruits_nuts_rice,hyperclovax,1000867509,2,포장 제품,0.6304970809137131
fruits_nuts_rice,hyperclovax,1000867511,1,포장 제품,0.4980668777271862
fruits_nuts_rice,hyperclovax,1000867511,2,포장 제품,0.6304970809137131
fruits_nuts_rice,hyperclovax,5121007,1,포장 제품,0.6304970809137131
fruits_nuts_rice,hyperclovax,5036748,2,포장 키위,0.5933095622388007
fruits_nuts_rice,hyperclovax,1000858612,1,포장 파인애플,0.5
fruits_nuts_rice,hyperclovax,5031442,2,포크 모습,0.5173522255350749
fruits_nuts_rice,hyperclovax,5063578,2,표면 방울토마토,0.7071067811865476
fruits_nuts_rice,hyperclovax,5027321,2,표면 복숭아,0.5773502691896257
fruits_nuts_rice,hyperclovax,5052626,1,표시 포장,0.11291171501697521
fruits_nuts_rice,hyperclovax,5094562,1,프리미엄 데이츠,0.5
fruits_nuts_rice,hyperclovax,5052626,1,함께 문구,0.11291171501697521
fruits_nuts_rice,hyperclovax,5094562,2,호두 들어가다,0.408248290463863
fruits_nuts_rice,hyperclovax,5052626,1,호두 캐슈너트,0.11291171501697521
fruits_nuts_rice,hyperclovax,5052626,2,호두 캐슈넛,0.48150821040835806
fruits_nuts_rice,hyperclovax,5052626,1,회색 포장,0.11291171501697521
fruits_nuts_rice,hyperclovax,1000030900,2,희다 담기다,1.0
fruits_nuts_rice,hyperclovax,1000048867,2,희다 담기다,1.0
fruits_nuts_rice,hyperclovax,1000118138,2,희다 담기다,1.0
fruits_nuts_rice,hyperclovax,1000144509,2,희다 담기다,1.0
fruits_nuts_rice,hyperclovax,1001729429,2,희다 담기다,1.0
fruits_nuts_rice,hyperclovax,5048547,2,희다 담기다,1.0
fruits_nuts_rice,hyperclovax,5051038,2,희다 담기다,1.0
fruits_nuts_rice,hyperclovax,5053663,2,희다 담기다,1.0
fruits_nuts_rice,hyperclovax,5070409,2,희다 담기다,1.0
fruits_nuts_rice,hyperclovax,5134096,2,희다 담기다,1.0
fruits_nuts_rice,hyperclovax,1001502284,1,희다 붉다,0.7071067811865476
fruits_nuts_rice,hyperclovax,5121007,2,희다 쌀밥,0.6045440688521558
fruits_nuts_rice,hyperclovax,1000338204,2,흰색 담기다,0.5440289759856595
fruits_nuts_rice,hyperclovax,5034841,1,흰색 담기다,0.6758338959932524
fruits_nuts_rice,hyperclovax,5162187,1,흰색 바구니,0.5773502691896257
fruits_nuts_rice,hyperclovax,5003716,1,흰색 바나나,0.7370539634426924
fruits_nuts_rice,hyperclovax,5003716,2,흰색 배경,0.3946355891113373
fruits_nuts_rice,hyperclovax,5027321,1,흰색 배경,0.341438632568049
fruits_nuts_rice,hyperclovax,5063690,1,흰색 배경,0.6304970809137131
fruits_nuts_rice,hyperclovax,5162187,2,흰색 배경,0.6304970809137131
fruits_nuts_rice,hyperclovax,1001882653,1,흰색 사과,1.0
fruits_nuts_rice,hyperclovax,1001882653,2,흰색 사과,1.0
fruits_nuts_rice,hyperclovax,5068728,1,흰색 오렌지,1.0
fruits_nuts_rice,hyperclovax,1000858612,2,흰색 조각,0.7071067811865476
fruits_nuts_rice,qwen3,5132780,2,1 담기다,0.2798817853967599
fruits_nuts_rice,qwen3,1001729429,1,10 백미,0.3042997440023613
fruits_nuts_rice,qwen3,1000048867,1,10 보라색,0.41525137211996394
fruits_nuts_rice,qwen3,5051038,1,10 포대,0.24038242839201726
fruits_nuts_rice,qwen3,5134096,1,10 흰색,0.35451133491403297
fruits_nuts_rice,qwen3,5051031,1,100 국내,0.23199291602824187
fruits_nuts_rice,qwen3,5094562,2,12 나무,0.2029125377671967
fruits_nuts_rice,qwen3,1000102438,1,15 사과,0.2581790082581054
fruits_nuts_rice,qwen3,1000102438,2,15 사과,0.3009855052071373
fruits_nuts_rice,qwen3,5132780,1,2 담기다,0.3593462271488639
fruits_nuts_rice,qwen3,1000102438,1,3 5,0.28135677617218574
fruits_nuts_rice,qwen3,5052626,2,3 회색,0.23995159422706624
fruits_nuts_rice,qwen3,1000858612,1,365 적히다,0.2509508973607191
fruits_nuts_rice,qwen3,1000973922,2,365 적히다,0.2456543545328493
fruits_nuts_rice,qwen3,1000144509,1,365 컬리,0.3834037122667726
fruits_nuts_rice,qwen3,5134096,1,365 컬리,0.32530719931319096
fruits_nuts_rice,qwen3,1000973922,1,365 혼합,0.2991059624716066
fruits_nuts_rice,qwen3,1000144509,1,4 봉지,0.3589825512817022
fruits_nuts_rice,qwen3,5051031,1,4 봉지,0.1993220288315329
fruits_nuts_rice,qwen3,5070409,1,4 봉지,0.42296516052521416
fruits_nuts_rice,qwen3,1000867509,1,4 포대,0.3755980351602968
fruits_nuts_rice,qwen3,1000118138,1,4 회색,0.3074347207656446
fruits_nuts_rice,qwen3,1000867509,2,4 희다,0.2971065989264748
fruits_nuts_rice,qwen3,1000030900,1,4 흰색,0.38646410535233366
fruits_nuts_rice,qwen3,1000102438,1,5 격자,0.28135677617218574
fruits_nuts_rice,qwen3,5132780,1,6 자르다,0.329743800056226
fruits_nuts_rice,qwen3,5132780,2,6 자르다,0.25682552510845397
fruits_nuts_rice,qwen3,1000867509,1,7 향미,0.30567547056803446
fruits_nuts_rice,qwen3,1000867509,2,7 향미,0.2417962580580575
fruits_nuts_rice,qwen3,1000867511,1,7 향미,0.23882587077173634
fruits_nuts_rice,qwen3,1000867511,2,7 향미,0.20806071509856283
fruits_nuts_rice,qwen3,1000867511,2,8 포대,0.25565412769250384
fruits_nuts_rice,qwen3,1000867511,1,8 흰색,0.2934567423438249
fruits_nuts_rice,qwen3,1000144509,2,가득 담기다,0.4387930499888715
fruits_nuts_rice,qwen3,1000253378,1,가득 담기다,0.1935307149105051
fruits_nuts_rice,qwen3,1000253378,2,가득 담기다,0.220734323816764
fruits_nuts_rice,qwen3,1001234463,1,가득 담기다,0.22053003366934376
fruits_nuts_rice,qwen3,1001234463,2,가득 담기다,0.2590023380543965
fruits_nuts_rice,qwen3,1001729429,2,가득 담기다,0.288143319649645
fruits_nuts_rice,qwen3,5035954,2,가득 담기다,0.1698512606886809
fruits_nuts_rice,qwen3,5053663,2,가득 담기다,0.2814681791995722
fruits_nuts_rice,qwen3,5121007,2,가득 담기다,0.4387930499888715
fruits_nuts_rice,qwen3,5056014,2,가득 드러나다,0.2833027723932928
fruits_nuts_rice,qwen3,5063690,2,가득 드러나다,0.19348879654369505
fruits_nuts_rice,qwen3,5068728,1,가득 드러나다,0.2977010945050312
fruits_nuts_rice,qwen3,5068728,2,가득 드러나다,0.23410123141484554
fruits_nuts_rice,qwen3,1000763360,2,가득 보이다,0.275411909999766
fruits_nuts_rice,qwen3,5159977,2,가득 속살,0.2861643257725634
fruits_nuts_rice,qwen3,5034841,2,가득 조각,0.3375251219372507
fruits_nuts_rice,qwen3,5162187,2,가득 조각,0.2825233885711428
fruits_nuts_rice,qwen3,1000030900,2,가득 차다,0.41898232229689597
fruits_nuts_rice,qwen3,1000032485,2,가득 차다,0.25201588399700964
fruits_nuts_rice,qwen3,1000048867,2,가득 차다,0.32268951581382027
fruits_nuts_rice,qwen3,1000338204,2,가득 차다,0.23406433989917164
fruits_nuts_rice,qwen3,5027321,1,가득 차다,0.2121699596564217
fruits_nuts_rice,qwen3,5034841,1,가득 차다,0.1808638453647995
fruits_nuts_rice,qwen3,5035954,1,가득 차다,0.21630730693824898
fruits_nuts_rice,qwen3,5048547,2,가득 차다,0.31756046298411017
fruits_nuts_rice,qwen3,5051038,2,가득 차다,0.29866139424254484
fruits_nuts_rice,qwen3,5070409,2,가득 차다,0.3646230254505886
fruits_nuts_rice,qwen3,5134096,2,가득 차다,0.292535181455589
fruits_nuts_rice,qwen3,5049631,1,가득 흰색,0.3013919268479789
fruits_nuts_rice,qwen3,5061259,2,가방 보이다,0.24875610830898737
fruits_nuts_rice,qwen3,5025577,2,가지다 스티커,0.25802795441629967
fruits_nuts_rice,qwen3,5027321,2,가지다 익다,0.27479852432916113
fruits_nuts_rice,qwen3,5162187,1,가지다 주황색,0.3089547469460283
fruits_nuts_rice,qwen3,1000118138,2,가지런히 담기다,0.408248290463863
fruits_nuts_rice,qwen3,5094562,2,각기 토핑,0.2029125377671967
fruits_nuts_rice,qwen3,5045631,1,간식 상자,0.15610651063787906
fruits_nuts_rice,qwen3,1000066062,1,갈색 다양,0.2388677478519277
fruits_nuts_rice,qwen3,5025577,2,갈색 보송보송,0.23677198139809194
fruits_nuts_rice,qwen3,5132780,2,갈색 보송보송,0.25682552510845397
fruits_nuts_rice,qwen3,5094562,2,갈색 소재,0.2029125377671967
fruits_nuts_rice,qwen3,1001303421,1,감돌다 붉다,0.3809941935229549
fruits_nuts_rice,qwen3,5159977,2,감돌다 주변,0.2861643257725634
fruits_nuts_rice,qwen3,1000032485,1,같다 블루베리,0.37354308907191663
fruits_nuts_rice,qwen3,5049631,2,같다 오이,0.27350476127848555
fruits_nuts_rice,qwen3,5094562,1,개방 주황색,0.23995159422706624
fruits_nuts_rice,qwen3,5045631,1,개별 스낵,0.15610651063787906
fruits_nuts_rice,qwen3,5052626,1,개별 포장,0.3776693629747334
fruits_nuts_rice,qwen3,5025577,1,검다 드러나다,0.24072602518705455
fruits_nuts_rice,qwen3,5036748,2,검다 드러나다,0.1636061452330023
fruits_nuts_rice,qwen3,5025577,2,검다 드러내다,0.25802795441629967
fruits_nuts_rice,qwen3,1000102438,1,검다 상자,0.2581790082581054
fruits_nuts_rice,qwen3,1000102438,2,검다 상자,0.3009855052071373
fruits_nuts_rice,qwen3,5132780,1,검다 씨앗,0.329743800056226
fruits_nuts_rice,qwen3,5132780,2,검다 씨앗,0.25682552510845397
fruits_nuts_rice,qwen3,5051031,2,검다 테두리,0.3670562405703576
fruits_nuts_rice,qwen3,1000066062,2,검다 현미,0.32134482090328953
fruits_nuts_rice,qwen3,1000066062,1,검은색 뚜껑,0.2388677478519277
fruits_nuts_rice,qwen3,1000066062,1,검은색 흰색,0.2388677478519277
fruits_nuts_rice,qwen3,1000032485,2,겉면 덮이다,0.39627179293035225
fruits_nuts_rice,qwen3,1000253378,1,겉면 돋보이다,0.28756010024329387
fruits_nuts_rice,qwen3,1000102438,1,격자 모양,0.2581790082581054
fruits_nuts_rice,qwen3,5094562,1,격자 모양,0.22018472584993876
fruits_nuts_rice,qwen3,5052626,1,견과 개별,0.3776693629747334
fruits_nuts_rice,qwen3,1000973922,1,견과 담기다,0.2991059624716066
fruits_nuts_rice,qwen3,5045631,2,견과 말리다,0.25956932078398126
fruits_nuts_rice,qwen3,1000973922,2,견과 섞이다,0.26770773391043795
fruits_nuts_rice,qwen3,5045631,1,견과 씨앗,0.4297400401807557
fruits_nuts_rice,qwen3,5052626,2,견과 씨앗,0.22018472584993876
fruits_nuts_rice,qwen3,1000973922,1,견과 포장,0.2991059624716066
fruits_nuts_rice,qwen3,5094562,2,경험 선사,0.2029125377671967
fruits_nuts_rice,qwen3,5094562,2,고급 경험,0.2029125377671967
fruits_nuts_rice,qwen3,5094562,2,고급 선물,0.2029125377671967
fruits_nuts_rice,qwen3,5051031,1,고시하카리 문구,0.23199291602824187
fruits_nuts_rice,qwen3,1001729429,1,고시혜카리 적히다,0.3042997440023613
fruits_nuts_rice,qwen3,1000066062,1,곡물 씨앗,0.2388677478519277
fruits_nuts_rice,qwen3,1000908371,2,골판지 상자,0.30928081674631713
fruits_nuts_rice,qwen3,5025577,1,과육 검다,0.21349945639529935
fruits_nuts_rice,qwen3,5025577,2,과육 검다,0.20999262243810357
fruits_nuts_rice,qwen3,5036748,2,과육 검다,0.14510198073945016
fruits_nuts_rice,qwen3,5132780,1,과육 검다,0.29244915254601406
fruits_nuts_rice,qwen3,5132780,2,과육 그리고,0.2798817853967599
fruits_nuts_rice,qwen3,1000908371,1,과육 뽐내다,0.2773500981126146
fruits_nuts_rice,qwen3,5049631,2,과육 씨방,0.27350476127848555
fruits_nuts_rice,qwen3,1000122762,1,과육 씨앗,0.1691632506483742
fruits_nuts_rice,qwen3,1000122762,2,과육 씨앗,0.20811778514403112
fruits_nuts_rice,qwen3,1001303421,1,과육 씨앗,0.31006706235594467
fruits_nuts_rice,qwen3,1001303421,2,과육 씨앗,0.238341923550042
fruits_nuts_rice,qwen3,5045631,2,과일 섞이다,0.25956932078398126
fruits_nuts_rice,qwen3,5034841,2,과즙 가득,0.26422634852699806
fruits_nuts_rice,qwen3,5056014,2,과즙 가득,0.2500616636110525
fruits_nuts_rice,qwen3,5063690,2,과즙 가득,0.17078594023304494
fruits_nuts_rice,qwen3,5068728,1,과즙 가득,0.26277056988137576
fruits_nuts_rice,qwen3,5068728,2,과즙 가득,0.206633146885428
fruits_nuts_rice,qwen3,5159977,2,과즙 가득,0.20556494741999723
fruits_nuts_rice,qwen3,5162187,2,과즙 가득,0.22116908782127773
fruits_nuts_rice,qwen3,1001882653,2,과즙 흐르다,0.2908748347854639
fruits_nuts_rice,qwen3,5034841,1,과즙 흐르다,0.24434169433381908
fruits_nuts_rice,qwen3,5159977,1,과즙 흐르다,0.26507087101162224
fruits_nuts_rice,qwen3,5045631,1,구분 구역,0.15610651063787906
fruits_nuts_rice,qwen3,5045631,1,구역 혼합,0.15610651063787906
fruits_nuts_rice,qwen3,5051031,1,국내 인증,0.23199291602824187
fruits_nuts_rice,qwen3,5045631,2,그레이 색상,0.25956932078398126
fruits_nuts_rice,qwen3,5132780,2,그리고 검다,0.2798817853967599
fruits_nuts_rice,qwen3,1002140343,2,그리고 으깨다,0.318755493123646
fruits_nuts_rice,qwen3,1000048867,1,그리다 10,0.41525137211996394
fruits_nuts_rice,qwen3,1000867511,1,그리다 7,0.2934567423438249
fruits_nuts_rice,qwen3,5051031,1,그리다 나오다,0.23199291602824187
fruits_nuts_rice,qwen3,5036748,2,그리다 노란색,0.17829372688075926
fruits_nuts_rice,qwen3,5051038,1,그리다 밝다,0.24038242839201726
fruits_nuts_rice,qwen3,5048547,1,그리다 여주대왕일포,0.24645284023650602
fruits_nuts_rice,qwen3,5045631,1,그리다 표시,0.15610651063787906
fruits_nuts_rice,qwen3,5036748,2,그림 그리다,0.17829372688075926
fruits_nuts_rice,qwen3,1000867511,1,그림 작다,0.2934567423438249
fruits_nuts_rice,qwen3,5052626,2,글씨 인쇄,0.23995159422706624
fruits_nuts_rice,qwen3,1000066062,1,글자 적히다,0.2388677478519277
fruits_nuts_rice,qwen3,5052626,2,금색 녹색,0.23995159422706624
fruits_nuts_rice,qwen3,1001729429,1,금색 마크,0.3042997440023613
fruits_nuts_rice,qwen3,1001502284,2,깔다 녹색,0.35336089263426657
fruits_nuts_rice,qwen3,5068728,2,깔리다 희다,0.2876513525427017
fruits_nuts_rice,qwen3,5049631,1,깔리다 흰색,0.3013919268479789
fruits_nuts_rice,qwen3,5051038,1,껍데기 들다,0.24038242839201726
fruits_nuts_rice,qwen3,5025577,2,껍질 가지다,0.22169062853301172
fruits_nuts_rice,qwen3,5027321,2,껍질 가지다,0.23609944789233075
fruits_nuts_rice,qwen3,5162187,1,껍질 가지다,0.2654455490827079
fruits_nuts_rice,qwen3,5003716,2,껍질 벗기다,0.42232745623405543
fruits_nuts_rice,qwen3,5031442,1,껍질 벗기다,0.2189165512479002
fruits_nuts_rice,qwen3,5031442,2,껍질 벗기다,0.23331139789486055
fruits_nuts_rice,qwen3,5132780,2,껍질 선명,0.2798817853967599
fruits_nuts_rice,qwen3,5031442,1,껍질 썰다,0.2547991779361813
fruits_nuts_rice,qwen3,1000908371,1,껍질 아삭아삭,0.2773500981126146
fruits_nuts_rice,qwen3,5162187,2,껍질 일부,0.30788664941400373
fruits_nuts_rice,qwen3,5031442,2,껍질 주위,0.27155348486845843
fruits_nuts_rice,qwen3,5031442,2,꽂히다 껍질,0.27155348486845843
fruits_nuts_rice,qwen3,1000763360,2,나다 가득,0.275411909999766
fruits_nuts_rice,qwen3,5031442,1,나무 껍질,0.2547991779361813
fruits_nuts_rice,qwen3,5027321,1,나무 녹색,0.33361774260232097
fruits_nuts_rice,qwen3,5025577,1,나무 도마,0.21349945639529935
fruits_nuts_rice,qwen3,5025577,2,나무 도마,0.20999262243810357
fruits_nuts_rice,qwen3,5056014,1,나무 도마,0.29179451209580726
fruits_nuts_rice,qwen3,5056014,2,나무 도마,0.2833027723932928
fruits_nuts_rice,qwen3,5049631,1,나무 받침대,0.2452838152503763
fruits_nuts_rice,qwen3,5063578,2,나무 받침대,0.29584874776679737
fruits_nuts_rice,qwen3,5063690,1,나무 받침대,0.2639829361493757
fruits_nuts_rice,qwen3,5063690,2,나무 받침대,0.19348879654369505
fruits_nuts_rice,qwen3,5052626,1,나무 상자,0.3776693629747334
fruits_nuts_rice,qwen3,5063578,1,나무 상판,0.37627933054130525
fruits_nuts_rice,qwen3,5053663,1,나무 숟가락,0.3093418924315268
fruits_nuts_rice,qwen3,5053663,2,나무 숟가락,0.3837704913800847
fruits_nuts_rice,qwen3,5031442,2,나무 얇다,0.27155348486845843
fruits_nuts_rice,qwen3,5061259,2,나무 육두구,0.24875610830898737
fruits_nuts_rice,qwen3,5094562,2,나무 쟁반,0.2029125377671967
fruits_nuts_rice,qwen3,5159977,1,나뭇잎 흩어지다,0.3085186553670264
fruits_nuts_rice,qwen3,5051031,1,나오다 완전미,0.23199291602824187
fruits_nuts_rice,qwen3,5063578,2,남다 토마토,0.3635234719990762
fruits_nuts_rice,qwen3,1000032485,2,내리다 겉면,0.36362749065907757
fruits_nuts_rice,qwen3,1000253378,1,내리다 겉면,0.2638713113843048
fruits_nuts_rice,qwen3,5038123,1,내리다 짙다,0.3588906666098417
fruits_nuts_rice,qwen3,5045631,1,내용물 그리다,0.15610651063787906
fruits_nuts_rice,qwen3,5051031,2,냄비 푸다,0.3670562405703576
fruits_nuts_rice,qwen3,1000032485,1,냉동 블루베리,0.3040030799968499
fruits_nuts_rice,qwen3,1000032485,2,냉동 블루베리,0.3225005336492997
fruits_nuts_rice,qwen3,1000253378,1,냉동 블루베리,0.23402696694338734
fruits_nuts_rice,qwen3,1000338204,1,냉동 블루베리,0.41875171269010486
fruits_nuts_rice,qwen3,5159977,1,넘치다 노란색,0.3085186553670264
fruits_nuts_rice,qwen3,1000122762,1,노란색 과육,0.1691632506483742
fruits_nuts_rice,qwen3,1000122762,2,노란색 과육,0.20811778514403112
fruits_nuts_rice,qwen3,1001303421,1,노란색 과육,0.31006706235594467
fruits_nuts_rice,qwen3,1001303421,2,노란색 과육,0.238341923550042
fruits_nuts_rice,qwen3,5027321,2,노란색 껍질,0.27479852432916113
fruits_nuts_rice,qwen3,5036748,1,노란색 녹색,0.18620397546288195
fruits_nuts_rice,qwen3,5036748,2,노란색 녹색,0.1636061452330023
fruits_nuts_rice,qwen3,5027321,1,노란색 복숭아,0.3061347911864865
fruits_nuts_rice,qwen3,5159977,1,노란색 복숭아,0.28310333077969563
fruits_nuts_rice,qwen3,5159977,2,노란색 붉다,0.2861643257725634
fruits_nuts_rice,qwen3,1001882653,1,노란색 사과,0.3547327077316039
fruits_nuts_rice,qwen3,1001882653,2,노란색 사과,0.310662707876898
fruits_nuts_rice,qwen3,5132780,1,녹색 과육,0.329743800056226
fruits_nuts_rice,qwen3,5132780,2,녹색 과육,0.25682552510845397
fruits_nuts_rice,qwen3,5052626,2,녹색 글씨,0.23995159422706624
fruits_nuts_rice,qwen3,5036748,1,녹색 라벨,0.18620397546288195
fruits_nuts_rice,qwen3,5036748,2,녹색 라벨,0.1636061452330023
fruits_nuts_rice,qwen3,1000867509,2,녹색 쌀알,0.2971065989264748
fruits_nuts_rice,qwen3,5027321,1,녹색 잎사귀,0.33361774260232097
fruits_nuts_rice,qwen3,1000867509,1,녹색 작다,0.3446568074196068
fruits_nuts_rice,qwen3,1000867511,2,녹색 작다,0.2345937071170733
fruits_nuts_rice,qwen3,1001502284,1,녹색 줄기,0.26455908182050375
fruits_nuts_rice,qwen3,1001502284,2,녹색 줄기,0.32425152881934616
fruits_nuts_rice,qwen3,1000253378,2,녹색 클로즈업,0.3279809321907221
fruits_nuts_rice,qwen3,5051031,1,농부 한국,0.23199291602824187
fruits_nuts_rice,qwen3,5035954,2,느끼다 회색,0.2523756788304805
fruits_nuts_rice,qwen3,5162187,1,느끼다 흰색,0.3089547469460283
fruits_nuts_rice,qwen3,5003716,1,다발 밝다,0.43031123142070654
fruits_nuts_rice,qwen3,1000973922,2,다양 견과,0.26770773391043795
fruits_nuts_rice,qwen3,1000066062,1,다양 곡물,0.2388677478519277
fruits_nuts_rice,qwen3,1000066062,2,다양 종류,0.2948728951845712
fruits_nuts_rice,qwen3,5094562,1,다양 종류,0.22018472584993876
fruits_nuts_rice,qwen3,1001502284,1,달리다 짙다,0.2883096145976212
fruits_nuts_rice,qwen3,5063690,1,달리다 토마토,0.32436842887425393
fruits_nuts_rice,qwen3,1000066062,1,달리다 투명,0.2388677478519277
fruits_nuts_rice,qwen3,1000102438,1,담기다 3,0.28135677617218574
fruits_nuts_rice,qwen3,5132780,2,담기다 갈색,0.2798817853967599
fruits_nuts_rice,qwen3,5094562,2,담기다 고급,0.2029125377671967
fruits_nuts_rice,qwen3,5132780,1,담기다 녹색,0.3593462271488639
fruits_nuts_rice,qwen3,1000867511,2,담기다 말리다,0.25565412769250384
fruits_nuts_rice,qwen3,5063690,1,담기다 바구니,0.32436842887425393
fruits_nuts_rice,qwen3,1001234463,1,담기다 밝다,0.3006837917736433
fruits_nuts_rice,qwen3,1001234463,2,담기다 밝다,0.3531392245702125
fruits_nuts_rice,qwen3,1000118138,1,담기다 보이다,0.3074347207656446
fruits_nuts_rice,qwen3,5036748,2,담기다 얇다,0.17829372688075926
fruits_nuts_rice,qwen3,1000253378,2,담기다 연하다,0.3279809321907221
fruits_nuts_rice,qwen3,5035954,2,담기다 유리,0.2523756788304805
fruits_nuts_rice,qwen3,1000253378,1,담기다 은색,0.28756010024329387
fruits_nuts_rice,qwen3,1000867509,1,담기다 이삭,0.3755980351602968
fruits_nuts_rice,qwen3,1000032485,1,담기다 작다,0.3040030799968499
fruits_nuts_rice,qwen3,1000867509,2,담기다 작다,0.2417962580580575
fruits_nuts_rice,qwen3,1000973922,1,담기다 작다,0.24342341351491156
fruits_nuts_rice,qwen3,5045631,1,담기다 작다,0.12704520958849697
fruits_nuts_rice,qwen3,1001882653,1,담기다 잘리다,0.38657848956649593
fruits_nuts_rice,qwen3,5035954,2,담기다 투명,0.2523756788304805
fruits_nuts_rice,qwen3,1001729429,2,담기다 희다,0.36784753997154657
fruits_nuts_rice,qwen3,5051031,2,담기다 희다,0.31536477845234034
fruits_nuts_rice,qwen3,5053663,2,담기다 희다,0.3593259681491998
fruits_nuts_rice,qwen3,1000973922,2,담기다 흰색,0.26770773391043795
fruits_nuts_rice,qwen3,5134096,1,담다 작다,0.35451133491403297
fruits_nuts_rice,qwen3,5035954,1,대리석 상판,0.3401233405802828
fruits_nuts_rice,qwen3,5061259,1,대리석 조리,0.4472135954999579
fruits_nuts_rice,qwen3,5036748,1,대리석 표면,0.2029202552141901
fruits_nuts_rice,qwen3,5094562,1,대추 야자,0.22018472584993876
fruits_nuts_rice,qwen3,5094562,2,대추 야자,0.18619689376810938
fruits_nuts_rice,qwen3,5094562,1,대추야자 격자,0.23995159422706624
fruits_nuts_rice,qwen3,1000032485,2,덮이다 냉동,0.39627179293035225
fruits_nuts_rice,qwen3,5061259,1,덮이다 사과,0.4472135954999579
fruits_nuts_rice,qwen3,5162187,1,도다 껍질,0.3089547469460283
fruits_nuts_rice,qwen3,5056014,1,도마 복숭아,0.3290056764274091
fruits_nuts_rice,qwen3,5056014,2,도마 복숭아,0.31943102560616976
fruits_nuts_rice,qwen3,5025577,1,도마 앞쪽,0.2623369686185465
fruits_nuts_rice,qwen3,5056014,1,도마 자루,0.358541839193307
fruits_nuts_rice,qwen3,5056014,2,도마 주변,0.34810763346057316
fruits_nuts_rice,qwen3,5025577,1,도마 통째,0.24072602518705455
fruits_nuts_rice,qwen3,5025577,2,도마 통째,0.23677198139809194
fruits_nuts_rice,qwen3,1000118138,2,도자기 쌀알,0.408248290463863
fruits_nuts_rice,qwen3,1000253378,1,돋보이다 회색,0.28756010024329387
fruits_nuts_rice,qwen3,1000066062,1,되다 글자,0.2388677478519277
fruits_nuts_rice,qwen3,5034841,1,되다 잘리다,0.2843917579410888
fruits_nuts_rice,qwen3,5036748,1,되다 제스프리,0.2029202552141901
fruits_nuts_rice,qwen3,5025577,1,되다 키위,0.24072602518705455
fruits_nuts_rice,qwen3,5025577,2,되다 키위,0.23677198139809194
fruits_nuts_rice,qwen3,5063690,2,되다 토마토,0.23774891610469334
fruits_nuts_rice,qwen3,5162187,2,둥글다 바구니,0.30788664941400373
fruits_nuts_rice,qwen3,5049631,1,둥글다 베이지,0.3013919268479789
fruits_nuts_rice,qwen3,5025577,1,드러나다 도마,0.24072602518705455
fruits_nuts_rice,qwen3,5056014,2,드러나다 도마,0.31943102560616976
fruits_nuts_rice,qwen3,5068728,2,드러나다 밝다,0.2639550464500918
fruits_nuts_rice,qwen3,5159977,1,드러나다 밝다,0.28310333077969563
fruits_nuts_rice,qwen3,5159977,2,드러나다 복숭아,0.2861643257725634
fruits_nuts_rice,qwen3,1000122762,2,드러나다 사과,0.2346580550336197
fruits_nuts_rice,qwen3,1001303421,2,드러나다 사과,0.2687365338551826
fruits_nuts_rice,qwen3,5034841,2,드러나다 탁자,0.3678261095900207
fruits_nuts_rice,qwen3,5063690,2,드러나다 토마토,0.23774891610469334
fruits_nuts_rice,qwen3,5034841,1,드러나다 통째,0.2843917579410888
fruits_nuts_rice,qwen3,1001882653,2,드러나다 회색,0.3385521485843782
fruits_nuts_rice,qwen3,1002140343,2,드러내다 자르다,0.318755493123646
fruits_nuts_rice,qwen3,5025577,2,드러내다 키위,0.25802795441629967
fruits_nuts_rice,qwen3,1000102438,1,들다 사과,0.2581790082581054
fruits_nuts_rice,qwen3,1000102438,2,들다 사과,0.3009855052071373
fruits_nuts_rice,qwen3,5045631,1,들다 상자,0.15610651063787906
fruits_nuts_rice,qwen3,5051038,1,들다 쌀알,0.24038242839201726
fruits_nuts_rice,qwen3,5063690,2,들다 엮다,0.23774891610469334
fruits_nuts_rice,qwen3,5061259,2,들다 파란색,0.24875610830898737
fruits_nuts_rice,qwen3,1000122762,1,들다 포장지,0.2078589572358786
fruits_nuts_rice,qwen3,1000858612,1,들다 플라스틱,0.2734797686895691
fruits_nuts_rice,qwen3,5094562,2,디자인 자랑,0.2029125377671967
fruits_nuts_rice,qwen3,5045631,1,디자인 적히다,0.15610651063787906
fruits_nuts_rice,qwen3,5094562,1,디저트 개방,0.23995159422706624
fruits_nuts_rice,qwen3,5068728,2,따다 무더기,0.2876513525427017
fruits_nuts_rice,qwen3,1000763360,2,따오다 초록색,0.275411909999766
fruits_nuts_rice,qwen3,5094562,2,뚜껑 고급,0.2029125377671967
fruits_nuts_rice,qwen3,1000066062,1,뚜껑 달리다,0.2388677478519277
fruits_nuts_rice,qwen3,5094562,1,뚜껑 브랜드,0.23995159422706624
fruits_nuts_rice,qwen3,1000858612,1,라벨 붙다,0.23496640877149608
fruits_nuts_rice,qwen3,5036748,1,라벨 붙다,0.17434358622993915
fruits_nuts_rice,qwen3,5036748,2,라벨 붙다,0.1531851402112723
fruits_nuts_rice,qwen3,5036748,1,라벨 썰다,0.2029202552141901
fruits_nuts_rice,qwen3,1000066062,1,라벨 한국어,0.21919016518555948
fruits_nuts_rice,qwen3,5121007,1,라벨 한국어,0.33701289957396796
fruits_nuts_rice,qwen3,5045631,2,레이 방식,0.25956932078398126
fruits_nuts_rice,qwen3,5068728,1,리넨 식탁보,0.3657995388160286
fruits_nuts_rice,qwen3,1001729429,1,마크 붙다,0.2792319672857114
fruits_nuts_rice,qwen3,5051031,1,마크 붙다,0.21288167215287618
fruits_nuts_rice,qwen3,5094562,2,만들다 뚜껑,0.2029125377671967
fruits_nuts_rice,qwen3,5045631,2,말리다 과일,0.25956932078398126
fruits_nuts_rice,qwen3,1000867511,2,말리다 줄기,0.25565412769250384
fruits_nuts_rice,qwen3,5045631,1,매일 색상,0.15610651063787906
fruits_nuts_rice,qwen3,1001502284,2,맺히다 붉다,0.35336089263426657
fruits_nuts_rice,qwen3,5049631,1,멜론 가득,0.3013919268479789
fruits_nuts_rice,qwen3,5049631,1,멜론 조각,0.3013919268479789
fruits_nuts_rice,qwen3,5048547,1,모서리 작다,0.24645284023650602
fruits_nuts_rice,qwen3,5052626,2,모습 보이다,0.23995159422706624
fruits_nuts_rice,qwen3,5027321,2,모습 클로즈업,0.27479852432916113
fruits_nuts_rice,qwen3,5045631,1,모습 혼합,0.15610651063787906
fruits_nuts_rice,qwen3,1000102438,1,모양 배열,0.28135677617218574
fruits_nuts_rice,qwen3,5094562,1,모양 정렬,0.23995159422706624
fruits_nuts_rice,qwen3,1000118138,2,무늬 밝다,0.408248290463863
fruits_nuts_rice,qwen3,5051038,1,무늬 조개,0.24038242839201726
fruits_nuts_rice,qwen3,5068728,2,무더기 쌓이다,0.2876513525427017
fruits_nuts_rice,qwen3,1001303421,2,무더기 일부,0.29286209330230417
fruits_nuts_rice,qwen3,5034841,2,무더기 잘리다,0.3678261095900207
fruits_nuts_rice,qwen3,5051031,1,문구 100,0.23199291602824187
fruits_nuts_rice,qwen3,1001729429,1,문구 작다,0.3042997440023613
fruits_nuts_rice,qwen3,1000122762,1,문구 적히다,0.16146366227444656
fruits_nuts_rice,qwen3,1000867511,2,문구 적히다,0.19859068034276428
fruits_nuts_rice,qwen3,5036748,1,문구 적히다,0.157627306478631
fruits_nuts_rice,qwen3,5094562,2,문구 적히다,0.15762131160945847
fruits_nuts_rice,qwen3,5121007,1,문구 적히다,0.2852916296568942
fruits_nuts_rice,qwen3,5048547,1,문양 그리다,0.24645284023650602
fruits_nuts_rice,qwen3,1001502284,2,물방울 맺히다,0.35336089263426657
fruits_nuts_rice,qwen3,5027321,2,물방울 반짝이다,0.27479852432916113
fruits_nuts_rice,qwen3,1000763360,2,물방울 방울,0.275411909999766
fruits_nuts_rice,qwen3,1000867511,2,미니멀 디자인,0.25565412769250384
fruits_nuts_rice,qwen3,5035954,2,민트 줄기,0.2523756788304805
fruits_nuts_rice,qwen3,5035954,1,민트 흩어지다,0.3401233405802828
fruits_nuts_rice,qwen3,1000122762,1,밀봉 스티커,0.19073583429133795
fruits_nuts_rice,qwen3,1000122762,2,밀봉 스티커,0.2346580550336197
fruits_nuts_rice,qwen3,5063690,1,바구니 나무,0.32436842887425393
fruits_nuts_rice,qwen3,5063690,1,바구니 나오다,0.32436842887425393
fruits_nuts_rice,qwen3,5162187,1,바구니 앞쪽,0.3089547469460283
fruits_nuts_rice,qwen3,5162187,2,바구니 잘리다,0.30788664941400373
fruits_nuts_rice,qwen3,5162187,1,바구니 질감,0.3089547469460283
fruits_nuts_rice,qwen3,5063690,2,바구니 흰색,0.23774891610469334
fruits_nuts_rice,qwen3,5003716,2,바나나 껍질,0.42232745623405543
fruits_nuts_rice,qwen3,5031442,1,바나나 껍질,0.2189165512479002
fruits_nuts_rice,qwen3,5031442,2,바나나 껍질,0.23331139789486055
fruits_nuts_rice,qwen3,5031442,1,바나나 나무,0.2547991779361813
fruits_nuts_rice,qwen3,5003716,1,바나나 다발,0.43031123142070654
fruits_nuts_rice,qwen3,5031442,1,바나나 바나나,0.2547991779361813
fruits_nuts_rice,qwen3,5031442,1,바나나 얇다,0.2547991779361813
fruits_nuts_rice,qwen3,5031442,2,바나나 조각,0.27155348486845843
fruits_nuts_rice,qwen3,5061259,2,반사 흰색,0.24875610830898737
fruits_nuts_rice,qwen3,1000118138,2,반점 무늬,0.408248290463863
fruits_nuts_rice,qwen3,1001303421,2,반점 흩뿌리다,0.29286209330230417
fruits_nuts_rice,qwen3,5027321,2,반짝이다 희다,0.27479852432916113
fruits_nuts_rice,qwen3,5063578,2,받침대 붉다,0.3635234719990762
fruits_nuts_rice,qwen3,5063690,1,받침대 토마토,0.32436842887425393
fruits_nuts_rice,qwen3,5063690,2,받침대 통째,0.23774891610469334
fruits_nuts_rice,qwen3,1000118138,2,밝다 도자기,0.408248290463863
fruits_nuts_rice,qwen3,1000032485,1,밝다 배경,0.37354308907191663
fruits_nuts_rice,qwen3,1000908371,1,밝다 사과,0.2773500981126146
fruits_nuts_rice,qwen3,5049631,2,밝다 썰다,0.27350476127848555
fruits_nuts_rice,qwen3,1001303421,1,밝다 잘리다,0.3809941935229549
fruits_nuts_rice,qwen3,5034841,1,밝다 주황색,0.26096397257933895
fruits_nuts_rice,qwen3,5068728,2,밝다 주황색,0.2639550464500918
fruits_nuts_rice,qwen3,1001303421,2,밝다 질감,0.29286209330230417
fruits_nuts_rice,qwen3,1000763360,1,밝다 파란색,0.3275894886721533
fruits_nuts_rice,qwen3,1001234463,1,밝다 파란색,0.28153153255035174
fruits_nuts_rice,qwen3,1001234463,2,밝다 파란색,0.33064578077337353
fruits_nuts_rice,qwen3,1001234463,2,밝다 표면,0.33064578077337353
fruits_nuts_rice,qwen3,5003716,1,밝다 표면,0.3697117530318433
fruits_nuts_rice,qwen3,5068728,2,밝다 표면,0.24714224971406484
fruits_nuts_rice,qwen3,1000030900,2,밝다 회색,0.34407717767049484
fruits_nuts_rice,qwen3,1000048867,2,밝다 회색,0.26499948078095886
fruits_nuts_rice,qwen3,1000144509,1,밝다 회색,0.21821655059361247
fruits_nuts_rice,qwen3,1000144509,2,밝다 회색,0.34051275748219
fruits_nuts_rice,qwen3,1000338204,1,밝다 회색,0.2687288171769168
fruits_nuts_rice,qwen3,1000763360,1,밝다 회색,0.19913348984103196
fruits_nuts_rice,qwen3,1000973922,1,밝다 회색,0.15621401418706474
fruits_nuts_rice,qwen3,1001234463,1,밝다 회색,0.1711360056279217
fruits_nuts_rice,qwen3,5038123,2,밝다 회색,0.19332176401034543
fruits_nuts_rice,qwen3,5048547,1,밝다 회색,0.12871487804193338
fruits_nuts_rice,qwen3,5048580,1,밝다 회색,0.21398707367357295
fruits_nuts_rice,qwen3,5051038,1,밝다 회색,0.1255444852013483
fruits_nuts_rice,qwen3,5052626,1,밝다 회색,0.19724530644003851
fruits_nuts_rice,qwen3,5070409,1,밝다 회색,0.2571099849325472
fruits_nuts_rice,qwen3,5070409,2,밝다 회색,0.2994361691036076
fruits_nuts_rice,qwen3,5121007,1,밝다 회색,0.19181293789720114
fruits_nuts_rice,qwen3,5121007,2,밝다 회색,0.34051275748219
fruits_nuts_rice,qwen3,5134096,1,밝다 회색,0.18515056752502235
fruits_nuts_rice,qwen3,5134096,2,밝다 회색,0.2402361012578474
fruits_nuts_rice,qwen3,5159977,1,밝다 회색,0.16112997951705435
fruits_nuts_rice,qwen3,1000048867,1,밥그릇 그리다,0.38104355932106465
fruits_nuts_rice,qwen3,1001729429,1,밥그릇 그리다,0.2792319672857114
fruits_nuts_rice,qwen3,5053663,1,밥그릇 나무,0.3371127582244286
fruits_nuts_rice,qwen3,5070409,1,밥그릇 밝다,0.492293408530038
fruits_nuts_rice,qwen3,1000030900,1,밥그릇 회색,0.38646410535233366
fruits_nuts_rice,qwen3,5048547,1,밥그릇 흩어지다,0.24645284023650602
fruits_nuts_rice,qwen3,5045631,2,방식 촬영,0.25956932078398126
fruits_nuts_rice,qwen3,1000763360,2,방울 맺히다,0.275411909999766
fruits_nuts_rice,qwen3,1001234463,1,방울 토마토,0.3276773850493908
fruits_nuts_rice,qwen3,1000908371,2,배경 골판지,0.30928081674631713
fruits_nuts_rice,qwen3,1000032485,1,배경 냉동,0.37354308907191663
fruits_nuts_rice,qwen3,1001502284,1,배경 배경,0.2883096145976212
fruits_nuts_rice,qwen3,5061259,2,배경 사과,0.24875610830898737
fruits_nuts_rice,qwen3,5048580,1,배경 잎사귀,0.40972514508827296
fruits_nuts_rice,qwen3,1001502284,1,배경 주름,0.2883096145976212
fruits_nuts_rice,qwen3,5038123,1,배경 회색,0.3588906666098417
fruits_nuts_rice,qwen3,1000048867,2,배경 희다,0.43594397143705754
fruits_nuts_rice,qwen3,5070409,2,배경 희다,0.4925949000587801
fruits_nuts_rice,qwen3,5134096,2,배경 희다,0.3952063594851627
fruits_nuts_rice,qwen3,1001729429,1,백미 봉지,0.3042997440023613
fruits_nuts_rice,qwen3,5031442,2,벗기다 나무,0.27155348486845843
fruits_nuts_rice,qwen3,5031442,1,벗기다 바나나,0.2547991779361813
fruits_nuts_rice,qwen3,5003716,2,벗기다 밝다,0.491551178085481
fruits_nuts_rice,qwen3,1000253378,1,베리 짙다,0.28756010024329387
fruits_nuts_rice,qwen3,5051031,1,베이지 4,0.23199291602824187
fruits_nuts_rice,qwen3,1000908371,2,베이지 배경,0.30928081674631713
fruits_nuts_rice,qwen3,5049631,1,베이지 줄무늬,0.3013919268479789
fruits_nuts_rice,qwen3,1000048867,1,보라색 봉지,0.38104355932106465
fruits_nuts_rice,qwen3,5053663,1,보라색 봉지,0.3093418924315268
fruits_nuts_rice,qwen3,1000338204,2,보라색 질감,0.3680446413211189
fruits_nuts_rice,qwen3,5038123,1,보라색 포도,0.3293257679413915
fruits_nuts_rice,qwen3,5038123,2,보라색 포도,0.339663887921877
fruits_nuts_rice,qwen3,5025577,2,보송보송 껍질,0.23677198139809194
fruits_nuts_rice,qwen3,5132780,2,보송보송 껍질,0.25682552510845397
fruits_nuts_rice,qwen3,5061259,2,보이다 사과,0.24875610830898737
fruits_nuts_rice,qwen3,5048547,1,보이다 오른쪽,0.24645284023650602
fruits_nuts_rice,qwen3,1000763360,2,보이다 표면,0.275411909999766
fruits_nuts_rice,qwen3,5027321,1,복숭아 가득,0.33361774260232097
fruits_nuts_rice,qwen3,5159977,2,복숭아 노란색,0.2861643257725634
fruits_nuts_rice,qwen3,5027321,2,복숭아 물방울,0.27479852432916113
fruits_nuts_rice,qwen3,5056014,1,복숭아 일부,0.3290056764274091
fruits_nuts_rice,qwen3,5056014,2,복숭아 일부,0.31943102560616976
fruits_nuts_rice,qwen3,5159977,2,복숭아 클로즈업,0.2861643257725634
fruits_nuts_rice,qwen3,5159977,1,복숭아 통째,0.3085186553670264
fruits_nuts_rice,qwen3,1000118138,1,봉지 4,0.3074347207656446
fruits_nuts_rice,qwen3,1000032485,1,봉지 같다,0.37354308907191663
fruits_nuts_rice,qwen3,1001729429,1,봉지 금색,0.3042997440023613
fruits_nuts_rice,qwen3,5134096,1,봉지 담다,0.35451133491403297
fruits_nuts_rice,qwen3,1000122762,1,봉지 들다,0.19073583429133795
fruits_nuts_rice,qwen3,1000122762,2,봉지 들다,0.2346580550336197
fruits_nuts_rice,qwen3,1000144509,1,봉지 밝다,0.3834037122667726
fruits_nuts_rice,qwen3,5121007,1,봉지 밝다,0.33701289957396796
fruits_nuts_rice,qwen3,5048547,1,봉지 보이다,0.24645284023650602
fruits_nuts_rice,qwen3,1000338204,1,봉지 블루베리,0.5145402089809036
fruits_nuts_rice,qwen3,1000867511,1,봉지 비다,0.2934567423438249
fruits_nuts_rice,qwen3,5051031,1,봉지 수확,0.23199291602824187
fruits_nuts_rice,qwen3,1000867509,2,봉지 연하다,0.2971065989264748
fruits_nuts_rice,qwen3,1000118138,1,봉지 위쪽,0.3074347207656446
fruits_nuts_rice,qwen3,1000030900,1,봉지 작다,0.3145186774228271
fruits_nuts_rice,qwen3,1000048867,1,봉지 작다,0.3379468120024115
fruits_nuts_rice,qwen3,5053663,1,봉지 작다,0.27435473926470905
fruits_nuts_rice,qwen3,5070409,1,봉지 작다,0.4006464497231426
fruits_nuts_rice,qwen3,5159977,2,붉다 감돌다,0.2861643257725634
fruits_nuts_rice,qwen3,1000908371,1,붉다 껍질,0.2773500981126146
fruits_nuts_rice,qwen3,1000908371,2,붉다 사과,0.2838027063970701
fruits_nuts_rice,qwen3,1001303421,1,붉다 사과,0.3496084379913978
fruits_nuts_rice,qwen3,1001234463,2,붉다 체리,0.31319851029406853
fruits_nuts_rice,qwen3,1001502284,2,붉다 체리,0.28757806757488047
fruits_nuts_rice,qwen3,5063578,1,붉다 체리,0.30622993376190266
fruits_nuts_rice,qwen3,5063578,2,붉다 체리,0.29584874776679737
fruits_nuts_rice,qwen3,5027321,2,붉은색 노란색,0.27479852432916113
fruits_nuts_rice,qwen3,5048547,1,붉은색 한국,0.24645284023650602
fruits_nuts_rice,qwen3,5036748,2,붙다 제스프리,0.17829372688075926
fruits_nuts_rice,qwen3,5036748,1,붙다 키위,0.2029202552141901
fruits_nuts_rice,qwen3,1000122762,1,붙다 투명,0.19073583429133795
fruits_nuts_rice,qwen3,1000122762,2,붙다 투명,0.2346580550336197
fruits_nuts_rice,qwen3,1000858612,1,붙다 파인애플,0.2734797686895691
fruits_nuts_rice,qwen3,1001729429,1,붙다 한국어,0.3042997440023613
fruits_nuts_rice,qwen3,5053663,1,브랜드 보라색,0.3371127582244286
fruits_nuts_rice,qwen3,5045631,2,브랜드 스낵,0.25956932078398126
fruits_nuts_rice,qwen3,5094562,1,브랜드 슬로건,0.23995159422706624
fruits_nuts_rice,qwen3,5048547,1,브랜드 적히다,0.24645284023650602
fruits_nuts_rice,qwen3,1000118138,1,브랜드 파란색,0.3074347207656446
fruits_nuts_rice,qwen3,1000032485,2,블루베리 가득,0.2954108996006294
fruits_nuts_rice,qwen3,1000253378,1,블루베리 가득,0.21436899980677887
fruits_nuts_rice,qwen3,1000253378,2,블루베리 가득,0.24450173834942432
fruits_nuts_rice,qwen3,1000338204,2,블루베리 가득,0.274368250593531
fruits_nuts_rice,qwen3,5035954,1,블루베리 가득,0.2535536059051572
fruits_nuts_rice,qwen3,5035954,2,블루베리 가득,0.18813987684895672
fruits_nuts_rice,qwen3,1000032485,1,블루베리 담기다,0.37354308907191663
fruits_nuts_rice,qwen3,5035954,1,블루베리 민트,0.31210446732838343
fruits_nuts_rice,qwen3,5035954,2,블루베리 민트,0.23158533217285618
fruits_nuts_rice,qwen3,1000032485,1,블루베리 봉지,0.3427711448443533
fruits_nuts_rice,qwen3,1000338204,1,블루베리 봉지,0.4721531241256118
fruits_nuts_rice,qwen3,1000253378,2,블루베리 얹다,0.3279809321907221
fruits_nuts_rice,qwen3,1000338204,2,블루베리 짙다,0.3680446413211189
fruits_nuts_rice,qwen3,1000122762,1,비닐 봉지,0.19073583429133795
fruits_nuts_rice,qwen3,1000122762,2,비닐 봉지,0.2346580550336197
fruits_nuts_rice,qwen3,1000867511,1,비다 줄기,0.2934567423438249
fruits_nuts_rice,qwen3,1000030900,1,비단 적히다,0.38646410535233366
fruits_nuts_rice,qwen3,1001882653,1,빨간색 노란색,0.33213776593783306
fruits_nuts_rice,qwen3,1001882653,2,빨간색 노란색,0.2908748347854639
fruits_nuts_rice,qwen3,5027321,1,빨간색 노란색,0.2866353268372886
fruits_nuts_rice,qwen3,1000122762,1,빨간색 밀봉,0.19073583429133795
fruits_nuts_rice,qwen3,1000122762,2,빨간색 밀봉,0.2346580550336197
fruits_nuts_rice,qwen3,1001502284,1,빨간색 체리,0.2883096145976212
fruits_nuts_rice,qwen3,1001234463,1,빨간색 타원,0.3276773850493908
fruits_nuts_rice,qwen3,1001882653,1,사과 담기다,0.38657848956649593
fruits_nuts_rice,qwen3,5061259,1,사과 대리석,0.4472135954999579
fruits_nuts_rice,qwen3,1000102438,1,사과 들다,0.24173412021474197
fruits_nuts_rice,qwen3,1000102438,2,사과 들다,0.28181402814089074
fruits_nuts_rice,qwen3,5061259,2,사과 들다,0.21372450952919583
fruits_nuts_rice,qwen3,1001303421,2,사과 무더기,0.29286209330230417
fruits_nuts_rice,qwen3,1001303421,1,사과 밝다,0.3496084379913978
fruits_nuts_rice,qwen3,1001303421,2,사과 밝다,0.2687365338551826
fruits_nuts_rice,qwen3,1000122762,1,사과 빨간색,0.19073583429133795
fruits_nuts_rice,qwen3,1000122762,2,사과 빨간색,0.2346580550336197
fruits_nuts_rice,qwen3,1000908371,1,사과 상자,0.2773500981126146
fruits_nuts_rice,qwen3,1000908371,1,사과 썰다,0.2773500981126146
fruits_nuts_rice,qwen3,1000122762,1,사과 일부,0.19073583429133795
fruits_nuts_rice,qwen3,1000122762,2,사과 일부,0.2346580550336197
fruits_nuts_rice,qwen3,1000102438,1,사과 작다,0.2581790082581054
fruits_nuts_rice,qwen3,1000102438,2,사과 작다,0.3009855052071373
fruits_nuts_rice,qwen3,1000122762,1,사과 잘리다,0.19073583429133795
fruits_nuts_rice,qwen3,1001882653,2,사과 잘리다,0.310662707876898
fruits_nuts_rice,qwen3,1000122762,1,사과 정물,0.2078589572358786
fruits_nuts_rice,qwen3,1001882653,2,사과 조각,0.3385521485843782
fruits_nuts_rice,qwen3,5061259,2,사과 주변,0.24875610830898737
fruits_nuts_rice,qwen3,1000122762,2,사과 클로즈업,0.219711350150303
fruits_nuts_rice,qwen3,1000908371,2,사과 클로즈업,0.265725699421981
fruits_nuts_rice,qwen3,5061259,2,사과 클로즈업,0.21372450952919583
fruits_nuts_rice,qwen3,1000908371,1,사과 흩어지다,0.2773500981126146
fruits_nuts_rice,qwen3,5051031,1,삽화 그리다,0.23199291602824187
fruits_nuts_rice,qwen3,5048547,1,상단 모서리,0.24645284023650602
fruits_nuts_rice,qwen3,1000102438,1,상자 15,0.2581790082581054
fruits_nuts_rice,qwen3,1000102438,2,상자 15,0.3009855052071373
fruits_nuts_rice,qwen3,1000973922,1,상자 365,0.2991059624716066
fruits_nuts_rice,qwen3,5094562,1,상자 다양,0.23995159422706624
fruits_nuts_rice,qwen3,5094562,1,상자 상자,0.22018472584993876
fruits_nuts_rice,qwen3,5094562,2,상자 상자,0.18619689376810938
fruits_nuts_rice,qwen3,1000973922,1,상자 앞쪽,0.2991059624716066
fruits_nuts_rice,qwen3,5045631,1,상자 열리다,0.15610651063787906
fruits_nuts_rice,qwen3,5045631,1,상자 월요일,0.15610651063787906
fruits_nuts_rice,qwen3,1000908371,2,상자 일부,0.30928081674631713
fruits_nuts_rice,qwen3,5094562,2,상자 자연,0.2029125377671967
fruits_nuts_rice,qwen3,1000908371,1,상자 주위,0.2773500981126146
fruits_nuts_rice,qwen3,5052626,1,상자 혼합,0.3776693629747334
fruits_nuts_rice,qwen3,1000066062,2,상태 섞이다,0.32134482090328953
fruits_nuts_rice,qwen3,5063578,1,상판 붉다,0.37627933054130525
fruits_nuts_rice,qwen3,5035954,1,상판 주위,0.3401233405802828
fruits_nuts_rice,qwen3,5045631,1,색상 구분,0.15610651063787906
fruits_nuts_rice,qwen3,5045631,2,색상 표면,0.25956932078398126
fruits_nuts_rice,qwen3,5159977,1,생기 넘치다,0.3085186553670264
fruits_nuts_rice,qwen3,1000032485,2,서리 내리다,0.3404659895993183
fruits_nuts_rice,qwen3,1000253378,1,서리 내리다,0.2470638482104116
fruits_nuts_rice,qwen3,5038123,1,서리 내리다,0.3083491385084645
fruits_nuts_rice,qwen3,1000973922,2,섞이다 담기다,0.2456543545328493
fruits_nuts_rice,qwen3,5045631,2,섞이다 담기다,0.23818637221385425
fruits_nuts_rice,qwen3,5052626,2,섞이다 스낵바,0.23995159422706624
fruits_nuts_rice,qwen3,1000066062,2,섞이다 쌀알,0.32134482090328953
fruits_nuts_rice,qwen3,1000066062,2,섞이다 쌓이다,0.32134482090328953
fruits_nuts_rice,qwen3,1000066062,1,섞이다 흰색,0.2388677478519277
fruits_nuts_rice,qwen3,5132780,2,선명 녹색,0.2798817853967599
fruits_nuts_rice,qwen3,5068728,2,선명 밝다,0.2876513525427017
fruits_nuts_rice,qwen3,1000908371,1,선명 붉다,0.2773500981126146
fruits_nuts_rice,qwen3,1001234463,1,선명 빨간색,0.3276773850493908
fruits_nuts_rice,qwen3,5034841,2,선명 주황색,0.3375251219372507
fruits_nuts_rice,qwen3,5068728,1,선명 주황색,0.3356654971586602
fruits_nuts_rice,qwen3,5094562,2,선물 상자,0.2029125377671967
fruits_nuts_rice,qwen3,5094562,2,선사 문구,0.2029125377671967
fruits_nuts_rice,qwen3,5094562,2,소재 만들다,0.2029125377671967
fruits_nuts_rice,qwen3,5159977,1,속살 드러나다,0.28310333077969563
fruits_nuts_rice,qwen3,5159977,2,속살 드러나다,0.26259051881371953
fruits_nuts_rice,qwen3,1000763360,1,송이 밝다,0.34987501650997194
fruits_nuts_rice,qwen3,5038123,2,송이 밝다,0.339663887921877
fruits_nuts_rice,qwen3,1000763360,2,송이 잘리다,0.275411909999766
fruits_nuts_rice,qwen3,5048580,2,송이 주변,0.4163473056648868
fruits_nuts_rice,qwen3,5048580,1,송이 포도,0.40972514508827296
fruits_nuts_rice,qwen3,5038123,1,송이 희다,0.3588906666098417
fruits_nuts_rice,qwen3,5051031,1,수확 농부,0.23199291602824187
fruits_nuts_rice,qwen3,5159977,2,수확 복숭아,0.2861643257725634
fruits_nuts_rice,qwen3,5053663,2,숟가락 꽂히다,0.4182231118370808
fruits_nuts_rice,qwen3,1002140343,2,숟가락 담기다,0.318755493123646
fruits_nuts_rice,qwen3,1000253378,1,숟가락 베리,0.28756010024329387
fruits_nuts_rice,qwen3,5035954,2,숟가락 흰색,0.2523756788304805
fruits_nuts_rice,qwen3,5045631,1,스낵 포장지,0.1432466800602519
fruits_nuts_rice,qwen3,5052626,2,스낵 포장지,0.22018472584993876
fruits_nuts_rice,qwen3,5045631,2,스낵 플랫,0.25956932078398126
fruits_nuts_rice,qwen3,5052626,2,스낵바 3,0.23995159422706624
fruits_nuts_rice,qwen3,5061259,2,스타 아니스,0.24875610830898737
fruits_nuts_rice,qwen3,1000122762,1,스티커 붙다,0.1785867852189872
fruits_nuts_rice,qwen3,1000122762,2,스티커 붙다,0.219711350150303
fruits_nuts_rice,qwen3,5025577,2,스티커 붙다,0.22169062853301172
fruits_nuts_rice,qwen3,5094562,1,슬로건 적히다,0.23995159422706624
fruits_nuts_rice,qwen3,5025577,1,식탁 썰다,0.2623369686185465
fruits_nuts_rice,qwen3,5068728,1,식탁보 흩뿌리다,0.3657995388160286
fruits_nuts_rice,qwen3,5094562,2,심플 디자인,0.2029125377671967
fruits_nuts_rice,qwen3,1001729429,2,쌀밥 가득,0.3928717757165253
fruits_nuts_rice,qwen3,5053663,2,쌀밥 가득,0.3837704913800847
fruits_nuts_rice,qwen3,1000030900,2,쌀알 가득,0.4574888614403379
fruits_nuts_rice,qwen3,1000048867,2,쌀알 가득,0.35234627174506034
fruits_nuts_rice,qwen3,1000144509,2,쌀알 가득,0.4527495685157599
fruits_nuts_rice,qwen3,5048547,2,쌀알 가득,0.3467458336968205
fruits_nuts_rice,qwen3,5051038,2,쌀알 가득,0.32610984744932753
fruits_nuts_rice,qwen3,5070409,2,쌀알 가득,0.3981336774636446
fruits_nuts_rice,qwen3,5121007,2,쌀알 가득,0.4527495685157599
fruits_nuts_rice,qwen3,5134096,2,쌀알 가득,0.31942060553219565
fruits_nuts_rice,qwen3,1000118138,2,쌀알 가지런히,0.408248290463863
fruits_nuts_rice,qwen3,1000867511,1,쌀알 그림,0.2934567423438249
fruits_nuts_rice,qwen3,5048547,1,쌀알 보이다,0.24645284023650602
fruits_nuts_rice,qwen3,1000867509,2,쌀알 이삭,0.2971065989264748
fruits_nuts_rice,qwen3,1000066062,2,쌀알 자연,0.32134482090328953
fruits_nuts_rice,qwen3,5051038,1,쌀알 작다,0.24038242839201726
fruits_nuts_rice,qwen3,5051038,2,쌀알 흩어지다,0.46961756655376674
fruits_nuts_rice,qwen3,5068728,2,쌓이다 일부,0.2876513525427017
fruits_nuts_rice,qwen3,5036748,1,썬글드키위 문구,0.2029202552141901
fruits_nuts_rice,qwen3,1000908371,1,썰다 사과,0.2773500981126146
fruits_nuts_rice,qwen3,5031442,1,썰다 조각,0.23380918689616065
fruits_nuts_rice,qwen3,5049631,2,썰다 조각,0.501947662191972
fruits_nuts_rice,qwen3,5025577,1,썰다 키위,0.4269989127905987
fruits_nuts_rice,qwen3,5025577,2,썰다 키위,0.20999262243810357
fruits_nuts_rice,qwen3,5036748,1,썰다 키위,0.3302879072512249
fruits_nuts_rice,qwen3,5036748,2,썰다 키위,0.43530594221835045
fruits_nuts_rice,qwen3,5031442,2,썰다 포크,0.27155348486845843
fruits_nuts_rice,qwen3,5031442,1,썰다 흰색,0.2547991779361813
fruits_nuts_rice,qwen3,5049631,2,씨방 드러나다,0.27350476127848555
fruits_nuts_rice,qwen3,5045631,1,씨앗 간식,0.15610651063787906
fruits_nuts_rice,qwen3,5045631,1,씨앗 담기다,0.15610651063787906
fruits_nuts_rice,qwen3,1000122762,1,씨앗 드러나다,0.15495375306183307
fruits_nuts_rice,qwen3,1000122762,2,씨앗 드러나다,0.19063615627732539
fruits_nuts_rice,qwen3,1001303421,1,씨앗 드러나다,0.28402182405905907
fruits_nuts_rice,qwen3,1001303421,2,씨앗 드러나다,0.21832150555455437
fruits_nuts_rice,qwen3,5132780,1,씨앗 드러나다,0.26788379623274244
fruits_nuts_rice,qwen3,5132780,2,씨앗 드러나다,0.20864500446646422
fruits_nuts_rice,qwen3,5045631,1,씨앗 들다,0.15610651063787906
fruits_nuts_rice,qwen3,1000066062,1,씨앗 섞이다,0.21919016518555948
fruits_nuts_rice,qwen3,5052626,2,씨앗 섞이다,0.22018472584993876
fruits_nuts_rice,qwen3,5061259,2,아니스 흩어지다,0.24875610830898737
fruits_nuts_rice,qwen3,5063690,2,아래 토마토,0.23774891610469334
fruits_nuts_rice,qwen3,1000973922,2,아몬드 캐슈넛,0.26770773391043795
fruits_nuts_rice,qwen3,1002140343,2,아보카도 그리고,0.318755493123646
fruits_nuts_rice,qwen3,1002140343,2,아보카도 드러내다,0.318755493123646
fruits_nuts_rice,qwen3,1002140343,2,아보카도 숟가락,0.318755493123646
fruits_nuts_rice,qwen3,1002140343,1,아보카도 조각,0.3477491797534774
fruits_nuts_rice,qwen3,1002140343,1,아보카도 회색,0.3477491797534774
fruits_nuts_rice,qwen3,1000908371,1,아삭아삭 과육,0.2773500981126146
fruits_nuts_rice,qwen3,5038123,2,알갱이 흩어지다,0.37015688119876283
fruits_nuts_rice,qwen3,1000973922,1,앞쪽 견과,0.2991059624716066
fruits_nuts_rice,qwen3,5025577,1,앞쪽 식탁,0.2623369686185465
fruits_nuts_rice,qwen3,5162187,1,앞쪽 잘리다,0.3089547469460283
fruits_nuts_rice,qwen3,5094562,2,야자 12,0.2029125377671967
fruits_nuts_rice,qwen3,5094562,1,야자 디저트,0.23995159422706624
fruits_nuts_rice,qwen3,5053663,1,야채혼배남 종류,0.3371127582244286
fruits_nuts_rice,qwen3,5031442,1,얇다 썰다,0.2189165512479002
fruits_nuts_rice,qwen3,5031442,2,얇다 썰다,0.23331139789486055
fruits_nuts_rice,qwen3,5036748,2,얇다 썰다,0.459555420633817
fruits_nuts_rice,qwen3,5094562,2,얹다 대추,0.2029125377671967
fruits_nuts_rice,qwen3,1000253378,2,얹다 은색,0.3279809321907221
fruits_nuts_rice,qwen3,1000253378,2,얼리다 블루베리,0.30096233313658716
fruits_nuts_rice,qwen3,1000338204,2,얼리다 블루베리,0.3377256513375923
fruits_nuts_rice,qwen3,5051031,2,에나멜 냄비,0.3670562405703576
fruits_nuts_rice,qwen3,5048547,1,여주대왕일포 브랜드,0.24645284023650602
fruits_nuts_rice,qwen3,5063690,2,엮다 바구니,0.23774891610469334
fruits_nuts_rice,qwen3,1000253378,1,연두색 냉동,0.28756010024329387
fruits_nuts_rice,qwen3,1000122762,1,연하다 노란색,0.1691632506483742
fruits_nuts_rice,qwen3,1000122762,2,연하다 노란색,0.20811778514403112
fruits_nuts_rice,qwen3,1001303421,1,연하다 노란색,0.31006706235594467
fruits_nuts_rice,qwen3,1001303421,2,연하다 노란색,0.238341923550042
fruits_nuts_rice,qwen3,1000253378,2,연하다 녹색,0.25477373297704575
fruits_nuts_rice,qwen3,1000867509,1,연하다 녹색,0.2917624292286204
fruits_nuts_rice,qwen3,1000867509,2,연하다 녹색,0.23079072553094343
fruits_nuts_rice,qwen3,1000867511,1,연하다 녹색,0.2279555375821153
fruits_nuts_rice,qwen3,1000867511,2,연하다 녹색,0.19859068034276428
fruits_nuts_rice,qwen3,5045631,1,열리다 모습,0.15610651063787906
fruits_nuts_rice,qwen3,5031442,2,옅다 파란색,0.27155348486845843
fruits_nuts_rice,qwen3,1000102438,1,예쁘다 종이컵,0.28135677617218574
fruits_nuts_rice,qwen3,5048547,1,오른쪽 상단,0.24645284023650602
fruits_nuts_rice,qwen3,5049631,2,오이 같다,0.27350476127848555
fruits_nuts_rice,qwen3,5049631,2,오이 썰다,0.27350476127848555
fruits_nuts_rice,qwen3,5053663,1,오크라이스 브랜드,0.3371127582244286
fruits_nuts_rice,qwen3,5035954,2,올리다 숟가락,0.2523756788304805
fruits_nuts_rice,qwen3,5051031,1,완전미 고시하카리,0.23199291602824187
fruits_nuts_rice,qwen3,1000867509,2,왼쪽 희다,0.2971065989264748
fruits_nuts_rice,qwen3,5035954,2,요거트 담기다,0.2523756788304805
fruits_nuts_rice,qwen3,5045631,2,요일 표기,0.25956932078398126
fruits_nuts_rice,qwen3,1000066062,1,용기 검은색,0.2388677478519277
fruits_nuts_rice,qwen3,5036748,1,용기 라벨,0.2029202552141901
fruits_nuts_rice,qwen3,5036748,2,용기 작다,0.17829372688075926
fruits_nuts_rice,qwen3,1000858612,1,용기 회색,0.2734797686895691
fruits_nuts_rice,qwen3,5036748,1,용기 흰색,0.2029202552141901
fruits_nuts_rice,qwen3,1000066062,1,원통 용기,0.2388677478519277
fruits_nuts_rice,qwen3,5051038,1,원형 무늬,0.24038242839201726
fruits_nuts_rice,qwen3,5045631,1,월요일 일요일,0.15610651063787906
fruits_nuts_rice,qwen3,1000118138,1,위쪽 작다,0.3074347207656446
fruits_nuts_rice,qwen3,5121007,1,유기농 봉지,0.36726790296513334
fruits_nuts_rice,qwen3,5051031,2,유리 담기다,0.3670562405703576
fruits_nuts_rice,qwen3,5035954,1,유리 대리석,0.3401233405802828
fruits_nuts_rice,qwen3,5035954,2,유리 블루베리,0.2523756788304805
fruits_nuts_rice,qwen3,5061259,2,육두구 스타,0.24875610830898737
fruits_nuts_rice,qwen3,1000763360,2,윤기 나다,0.275411909999766
fruits_nuts_rice,qwen3,1002140343,2,으깨다 아보카도,0.318755493123646
fruits_nuts_rice,qwen3,1000253378,1,은색 숟가락,0.2638713113843048
fruits_nuts_rice,qwen3,1000253378,2,은색 숟가락,0.30096233313658716
fruits_nuts_rice,qwen3,1000867509,2,이삭 담기다,0.2971065989264748
fruits_nuts_rice,qwen3,5003716,1,익다 바나나,0.3502030784029486
fruits_nuts_rice,qwen3,5003716,2,익다 바나나,0.4000423953374133
fruits_nuts_rice,qwen3,5031442,1,익다 바나나,0.2073649255985874
fruits_nuts_rice,qwen3,5031442,2,익다 바나나,0.22100019569093338
fruits_nuts_rice,qwen3,5027321,2,익다 복숭아,0.27479852432916113
fruits_nuts_rice,qwen3,5063690,2,익다 토마토,0.23774891610469334
fruits_nuts_rice,qwen3,5052626,2,인쇄 스낵,0.23995159422706624
fruits_nuts_rice,qwen3,5051031,1,인증 마크,0.23199291602824187
fruits_nuts_rice,qwen3,5051038,1,일러스트 그리다,0.24038242839201726
fruits_nuts_rice,qwen3,1000908371,2,일부 보이다,0.30928081674631713
fruits_nuts_rice,qwen3,1000122762,1,일부 잘리다,0.2078589572358786
fruits_nuts_rice,qwen3,5162187,2,일부 주황색,0.30788664941400373
fruits_nuts_rice,qwen3,5162187,2,일부 초록색,0.30788664941400373
fruits_nuts_rice,qwen3,1000122762,1,일부 통째,0.1493146132020958
fruits_nuts_rice,qwen3,1000122762,2,일부 통째,0.18369844792029327
fruits_nuts_rice,qwen3,1000908371,2,일부 통째,0.22217058209764484
fruits_nuts_rice,qwen3,1001303421,2,일부 통째,0.21037626073225402
fruits_nuts_rice,qwen3,5056014,1,일부 통째,0.2575570316903133
fruits_nuts_rice,qwen3,5056014,2,일부 통째,0.2500616636110525
fruits_nuts_rice,qwen3,5068728,2,일부 통째,0.206633146885428
fruits_nuts_rice,qwen3,5045631,1,일요일 주간,0.15610651063787906
fruits_nuts_rice,qwen3,5045631,1,일정 표시,0.15610651063787906
fruits_nuts_rice,qwen3,5048580,1,잎사귀 보이다,0.40972514508827296
fruits_nuts_rice,qwen3,5027321,1,잎사귀 주위,0.33361774260232097
fruits_nuts_rice,qwen3,5027321,2,잎사귀 흩어지다,0.22364112794112156
fruits_nuts_rice,qwen3,5056014,1,잎사귀 흩어지다,0.29179451209580726
fruits_nuts_rice,qwen3,5056014,2,잎사귀 흩어지다,0.2833027723932928
fruits_nuts_rice,qwen3,5159977,2,잎사귀 흩어지다,0.23289103443520665
fruits_nuts_rice,qwen3,5132780,2,자르다 1,0.2798817853967599
fruits_nuts_rice,qwen3,5132780,1,자르다 2,0.3593462271488639
fruits_nuts_rice,qwen3,5063690,2,자르다 과즙,0.23774891610469334
fruits_nuts_rice,qwen3,1002140343,2,자르다 아보카도,0.318755493123646
fruits_nuts_rice,qwen3,5063578,2,자르다 토마토,0.3635234719990762
fruits_nuts_rice,qwen3,5094562,2,자연 갈색,0.2029125377671967
fruits_nuts_rice,qwen3,1000066062,2,자연 상태,0.32134482090328953
fruits_nuts_rice,qwen3,5034841,1,작다 가득,0.2843917579410888
fruits_nuts_rice,qwen3,1000867511,1,작다 그리다,0.2934567423438249
fruits_nuts_rice,qwen3,5045631,1,작다 내용물,0.15610651063787906
fruits_nuts_rice,qwen3,1000118138,1,작다 담기다,0.2641395837655849
fruits_nuts_rice,qwen3,1000867509,1,작다 담기다,0.32270365696931036
fruits_nuts_rice,qwen3,1000867511,2,작다 담기다,0.21965110091819484
fruits_nuts_rice,qwen3,1000030900,1,작다 밥그릇,0.26009406219015296
fruits_nuts_rice,qwen3,1000048867,1,작다 밥그릇,0.2794681697702564
fruits_nuts_rice,qwen3,1000144509,1,작다 밥그릇,0.28119917297967983
fruits_nuts_rice,qwen3,1001729429,1,작다 밥그릇,0.20479665626084742
fruits_nuts_rice,qwen3,5048547,1,작다 밥그릇,0.16586513331418906
fruits_nuts_rice,qwen3,5051038,1,작다 밥그릇,0.16177968772187237
fruits_nuts_rice,qwen3,5053663,1,작다 밥그릇,0.2268801306211376
fruits_nuts_rice,qwen3,5070409,1,작다 밥그릇,0.33131820171831877
fruits_nuts_rice,qwen3,5121007,1,작다 밥그릇,0.24717483324142728
fruits_nuts_rice,qwen3,1000102438,1,작다 예쁘다,0.28135677617218574
fruits_nuts_rice,qwen3,1000867509,2,작다 왼쪽,0.2971065989264748
fruits_nuts_rice,qwen3,5051038,1,작다 일러스트,0.24038242839201726
fruits_nuts_rice,qwen3,1000102438,2,작다 흰색,0.2669434752418454
fruits_nuts_rice,qwen3,1000973922,1,작다 흰색,0.24342341351491156
fruits_nuts_rice,qwen3,5036748,1,작다 흰색,0.16514395362561246
fruits_nuts_rice,qwen3,5036748,2,작다 흰색,0.14510198073945016
fruits_nuts_rice,qwen3,5025577,1,잘리다 과육,0.2623369686185465
fruits_nuts_rice,qwen3,1001882653,2,잘리다 과즙,0.22784885418591813
fruits_nuts_rice,qwen3,5034841,1,잘리다 과즙,0.19139839004934336
fruits_nuts_rice,qwen3,5034841,2,잘리다 과즙,0.24755051167209563
fruits_nuts_rice,qwen3,5056014,2,잘리다 과즙,0.2342797874685325
fruits_nuts_rice,qwen3,5068728,1,잘리다 과즙,0.24618661003770478
fruits_nuts_rice,qwen3,5068728,2,잘리다 과즙,0.19359212858620867
fruits_nuts_rice,qwen3,5159977,1,잘리다 과즙,0.20763602421160582
fruits_nuts_rice,qwen3,5159977,2,잘리다 과즙,0.19259134525892355
fruits_nuts_rice,qwen3,5162187,2,잘리다 과즙,0.2072106781228658
fruits_nuts_rice,qwen3,1000122762,1,잘리다 사과,0.2078589572358786
fruits_nuts_rice,qwen3,1002140343,1,잘리다 아보카도,0.3477491797534774
fruits_nuts_rice,qwen3,1000122762,1,잘리다 연하다,0.1691632506483742
fruits_nuts_rice,qwen3,1000122762,2,잘리다 연하다,0.20811778514403112
fruits_nuts_rice,qwen3,1001303421,1,잘리다 연하다,0.31006706235594467
fruits_nuts_rice,qwen3,1001303421,2,잘리다 연하다,0.238341923550042
fruits_nuts_rice,qwen3,1000908371,2,잘리다 조각,0.2838027063970701
fruits_nuts_rice,qwen3,1001882653,1,잘리다 조각,0.3547327077316039
fruits_nuts_rice,qwen3,5056014,1,잘리다 주변,0.358541839193307
fruits_nuts_rice,qwen3,5025577,2,잘리다 키위,0.25802795441629967
fruits_nuts_rice,qwen3,1000763360,1,잘리다 포도,0.34987501650997194
fruits_nuts_rice,qwen3,1000763360,2,잘리다 포도,0.2527238716393833
fruits_nuts_rice,qwen3,5094562,2,쟁반 담기다,0.2029125377671967
fruits_nuts_rice,qwen3,1001729429,1,적히다 10,0.3042997440023613
fruits_nuts_rice,qwen3,1000030900,1,적히다 4,0.33203949011965955
fruits_nuts_rice,qwen3,1000867509,1,적히다 4,0.32270365696931036
fruits_nuts_rice,qwen3,1000867509,2,적히다 4,0.25526594126715624
fruits_nuts_rice,qwen3,1000867511,1,적히다 8,0.2692821965610543
fruits_nuts_rice,qwen3,1000867511,2,적히다 8,0.2345937071170733
fruits_nuts_rice,qwen3,1000858612,1,적히다 라벨,0.2734797686895691
fruits_nuts_rice,qwen3,1000867511,2,적히다 미니멀,0.25565412769250384
fruits_nuts_rice,qwen3,5048547,1,적히다 붉은색,0.24645284023650602
fruits_nuts_rice,qwen3,1000118138,1,적히다 브랜드,0.3074347207656446
fruits_nuts_rice,qwen3,1000122762,1,적히다 사과,0.2078589572358786
fruits_nuts_rice,qwen3,5094562,2,적히다 심플,0.2029125377671967
fruits_nuts_rice,qwen3,5053663,1,적히다 오크라이스,0.3371127582244286
fruits_nuts_rice,qwen3,5036748,1,적히다 용기,0.2029202552141901
fruits_nuts_rice,qwen3,5121007,1,적히다 유기농,0.36726790296513334
fruits_nuts_rice,qwen3,5045631,1,적히다 주간,0.15610651063787906
fruits_nuts_rice,qwen3,5051038,1,적히다 파란색,0.24038242839201726
fruits_nuts_rice,qwen3,1000973922,2,적히다 흰색,0.26770773391043795
fruits_nuts_rice,qwen3,1000253378,2,전경 블루베리,0.3279809321907221
fruits_nuts_rice,qwen3,5038123,2,전경 포도,0.37015688119876283
fruits_nuts_rice,qwen3,5051031,1,전통 삽화,0.23199291602824187
fruits_nuts_rice,qwen3,5003716,1,접히다 희다,0.43031123142070654
fruits_nuts_rice,qwen3,5094562,1,정렬 뚜껑,0.23995159422706624
fruits_nuts_rice,qwen3,1000122762,1,정물 사과,0.2078589572358786
fruits_nuts_rice,qwen3,1000030900,1,정미소 비단,0.38646410535233366
fruits_nuts_rice,qwen3,5036748,1,제스프리 썬글드키위,0.2029202552141901
fruits_nuts_rice,qwen3,5036748,2,제스프리 키프루트,0.17829372688075926
fruits_nuts_rice,qwen3,5031442,2,조각 꽂히다,0.27155348486845843
fruits_nuts_rice,qwen3,1000858612,1,조각 담기다,0.2509508973607191
fruits_nuts_rice,qwen3,5036748,1,조각 담기다,0.18620397546288195
fruits_nuts_rice,qwen3,5034841,1,조각 드러나다,0.24434169433381908
fruits_nuts_rice,qwen3,5034841,2,조각 드러나다,0.31602622905850936
fruits_nuts_rice,qwen3,5162187,2,조각 드러나다,0.2645278686176407
fruits_nuts_rice,qwen3,1000858612,1,조각 들다,0.2734797686895691
fruits_nuts_rice,qwen3,5049631,2,조각 밝다,0.27350476127848555
fruits_nuts_rice,qwen3,1000908371,2,조각 베이지,0.30928081674631713
fruits_nuts_rice,qwen3,5031442,1,조각 주위,0.2547991779361813
fruits_nuts_rice,qwen3,1001882653,1,조각 회색,0.38657848956649593
fruits_nuts_rice,qwen3,5049631,2,조각 희다,0.27350476127848555
fruits_nuts_rice,qwen3,5049631,1,조각 흰색,0.2765636919403367
fruits_nuts_rice,qwen3,5063690,2,조각 흰색,0.2181635011938884
fruits_nuts_rice,qwen3,5051038,1,조개 껍데기,0.24038242839201726
fruits_nuts_rice,qwen3,5061259,1,조리 흩어지다,0.4472135954999579
fruits_nuts_rice,qwen3,5094562,1,종류 대추야자,0.23995159422706624
fruits_nuts_rice,qwen3,1000066062,2,종류 섞이다,0.32134482090328953
fruits_nuts_rice,qwen3,5053663,1,종류 적히다,0.3371127582244286
fruits_nuts_rice,qwen3,1000102438,1,종이컵 담기다,0.2581790082581054
fruits_nuts_rice,qwen3,1000102438,2,종이컵 담기다,0.3009855052071373
fruits_nuts_rice,qwen3,5045631,1,주간 견과,0.15610651063787906
fruits_nuts_rice,qwen3,5045631,1,주간 일정,0.15610651063787906
fruits_nuts_rice,qwen3,1000102438,2,주름 지다,0.3009855052071373
fruits_nuts_rice,qwen3,1001502284,1,주름 지다,0.26455908182050375
fruits_nuts_rice,qwen3,5061259,2,주변 나무,0.24875610830898737
fruits_nuts_rice,qwen3,5056014,1,주변 잎사귀,0.3080494354418101
fruits_nuts_rice,qwen3,5056014,2,주변 잎사귀,0.2990846485358128
fruits_nuts_rice,qwen3,5159977,2,주변 잎사귀,0.2458646365962803
fruits_nuts_rice,qwen3,5027321,2,주변 초록색,0.27479852432916113
fruits_nuts_rice,qwen3,5048580,2,주변 회색,0.4163473056648868
fruits_nuts_rice,qwen3,5031442,1,주위 감싸다,0.23380918689616065
fruits_nuts_rice,qwen3,5031442,2,주위 감싸다,0.24918329803958664
fruits_nuts_rice,qwen3,5035954,1,주위 블루베리,0.3401233405802828
fruits_nuts_rice,qwen3,1000908371,1,주위 사과,0.2773500981126146
fruits_nuts_rice,qwen3,5063578,1,주위 토마토,0.37627933054130525
fruits_nuts_rice,qwen3,5027321,1,주위 흩뿌리다,0.33361774260232097
fruits_nuts_rice,qwen3,5052626,2,주위 흩어지다,0.23995159422706624
fruits_nuts_rice,qwen3,5162187,2,주황색 둥글다,0.30788664941400373
fruits_nuts_rice,qwen3,5068728,2,주황색 따다,0.2876513525427017
fruits_nuts_rice,qwen3,5034841,2,주황색 무더기,0.3678261095900207
fruits_nuts_rice,qwen3,5162187,1,주황색 바구니,0.3089547469460283
fruits_nuts_rice,qwen3,5094562,1,주황색 상자,0.23995159422706624
fruits_nuts_rice,qwen3,5034841,1,주황색 작다,0.2843917579410888
fruits_nuts_rice,qwen3,5068728,1,주황색 잘리다,0.3657995388160286
fruits_nuts_rice,qwen3,1001502284,1,줄기 달리다,0.26455908182050375
fruits_nuts_rice,qwen3,5063690,1,줄기 달리다,0.2976474226650367
fruits_nuts_rice,qwen3,1001502284,2,줄기 물방울,0.35336089263426657
fruits_nuts_rice,qwen3,1000867511,1,줄기 연하다,0.2934567423438249
fruits_nuts_rice,qwen3,5035954,2,줄기 올리다,0.2523756788304805
fruits_nuts_rice,qwen3,1000867511,2,줄기 함께,0.25565412769250384
fruits_nuts_rice,qwen3,5049631,1,줄무늬 멜론,0.3013919268479789
fruits_nuts_rice,qwen3,5049631,2,줄무늬 오이,0.27350476127848555
fruits_nuts_rice,qwen3,1001502284,1,중성 회색,0.2883096145976212
fruits_nuts_rice,qwen3,1000102438,2,지다 종이컵,0.3280061845112388
fruits_nuts_rice,qwen3,1001502284,1,지다 희다,0.2883096145976212
fruits_nuts_rice,qwen3,5052626,2,진열 포장지,0.23995159422706624
fruits_nuts_rice,qwen3,1000118138,1,진주 적히다,0.2821086891570246
fruits_nuts_rice,qwen3,5051038,1,진주 적히다,0.22058006851395437
fruits_nuts_rice,qwen3,1001303421,2,질감 느끼다,0.2516191770172791
fruits_nuts_rice,qwen3,5035954,2,질감 느끼다,0.21683434646816077
fruits_nuts_rice,qwen3,5162187,1,질감 느끼다,0.2654455490827079
fruits_nuts_rice,qwen3,1000338204,2,질감 돋보이다,0.3680446413211189
fruits_nuts_rice,qwen3,1000122762,1,질감 사과,0.2078589572358786
fruits_nuts_rice,qwen3,1000338204,2,짙다 보라색,0.31621398560190855
fruits_nuts_rice,qwen3,5038123,1,짙다 보라색,0.3083491385084645
fruits_nuts_rice,qwen3,5038123,2,짙다 보라색,0.3180287648848225
fruits_nuts_rice,qwen3,1001502284,1,짙다 빨간색,0.2883096145976212
fruits_nuts_rice,qwen3,1000253378,1,짙다 파란색,0.28756010024329387
fruits_nuts_rice,qwen3,5027321,1,차다 나무,0.33361774260232097
fruits_nuts_rice,qwen3,5035954,1,차다 투명,0.3401233405802828
fruits_nuts_rice,qwen3,1000032485,2,차다 회색,0.3404659895993183
fruits_nuts_rice,qwen3,5048547,2,차다 회색,0.42901477308781716
fruits_nuts_rice,qwen3,5051038,2,차다 회색,0.40348269138109855
fruits_nuts_rice,qwen3,1000048867,2,차다 희다,0.46560072736829755
fruits_nuts_rice,qwen3,5134096,2,차다 희다,0.42209178356176935
fruits_nuts_rice,qwen3,1000338204,2,차다 흰색,0.3377256513375923
fruits_nuts_rice,qwen3,5034841,1,차다 흰색,0.26096397257933895
fruits_nuts_rice,qwen3,1001502284,1,체리 무더기,0.26455908182050375
fruits_nuts_rice,qwen3,1001502284,2,체리 무더기,0.32425152881934616
fruits_nuts_rice,qwen3,1001234463,2,체리 토마토,0.33064578077337353
fruits_nuts_rice,qwen3,5063578,1,체리 토마토,0.3232890075045811
fruits_nuts_rice,qwen3,5063578,2,체리 토마토,0.31232951939755804
fruits_nuts_rice,qwen3,5162187,1,초록 도다,0.3089547469460283
fruits_nuts_rice,qwen3,5121007,1,초록색 라벨,0.36726790296513334
fruits_nuts_rice,qwen3,5162187,2,초록색 일부,0.30788664941400373
fruits_nuts_rice,qwen3,5027321,2,초록색 잎사귀,0.27479852432916113
fruits_nuts_rice,qwen3,5063690,1,초록색 줄기,0.32436842887425393
fruits_nuts_rice,qwen3,1000763360,1,초록색 포도,0.3275894886721533
fruits_nuts_rice,qwen3,1000763360,2,초록색 포도,0.23662645224407686
fruits_nuts_rice,qwen3,5048580,2,초록색 포도,0.35771432630108885
fruits_nuts_rice,qwen3,5045631,2,촬영 요일,0.25956932078398126
fruits_nuts_rice,qwen3,1000973922,2,캐슈넛 호두,0.26770773391043795
fruits_nuts_rice,qwen3,1000144509,1,컬리 프레시,0.3834037122667726
fruits_nuts_rice,qwen3,5134096,1,컬리 프레시,0.32530719931319096
fruits_nuts_rice,qwen3,5048580,1,클로즈업 배경,0.3759725749507506
fruits_nuts_rice,qwen3,5061259,2,클로즈업 배경,0.2282639366825003
fruits_nuts_rice,qwen3,1000122762,2,클로즈업 사과,0.2557242523803127
fruits_nuts_rice,qwen3,1000908371,2,클로즈업 일부,0.30928081674631713
fruits_nuts_rice,qwen3,5159977,2,클로즈업 잘리다,0.2861643257725634
fruits_nuts_rice,qwen3,1000253378,2,클로즈업 전경,0.3279809321907221
fruits_nuts_rice,qwen3,5025577,2,키위 갈색,0.25802795441629967
fruits_nuts_rice,qwen3,5025577,2,키위 과육,0.23677198139809194
fruits_nuts_rice,qwen3,5036748,2,키위 과육,0.1636061452330023
fruits_nuts_rice,qwen3,5036748,2,키위 그림,0.17829372688075926
fruits_nuts_rice,qwen3,5036748,2,키위 담기다,0.17829372688075926
fruits_nuts_rice,qwen3,5025577,1,키위 썰다,0.24072602518705455
fruits_nuts_rice,qwen3,5025577,2,키위 썰다,0.23677198139809194
fruits_nuts_rice,qwen3,5025577,1,키위 잘리다,0.24072602518705455
fruits_nuts_rice,qwen3,5025577,2,키위 잘리다,0.23677198139809194
fruits_nuts_rice,qwen3,5025577,1,키위 조각,0.24072602518705455
fruits_nuts_rice,qwen3,5036748,1,키위 조각,0.18620397546288195
fruits_nuts_rice,qwen3,5036748,1,키위 플라스틱,0.18620397546288195
fruits_nuts_rice,qwen3,5036748,2,키위 플라스틱,0.1636061452330023
fruits_nuts_rice,qwen3,5036748,1,키위 한국어,0.2029202552141901
fruits_nuts_rice,qwen3,5036748,2,키프루트 키위,0.17829372688075926
fruits_nuts_rice,qwen3,5094562,1,타무르 프리미엄,0.23995159422706624
fruits_nuts_rice,qwen3,1001234463,1,타원 방울,0.3276773850493908
fruits_nuts_rice,qwen3,1001882653,1,타원 빨간색,0.3547327077316039
fruits_nuts_rice,qwen3,1001882653,2,타원 빨간색,0.310662707876898
fruits_nuts_rice,qwen3,1002140343,1,타원 아보카도,0.3477491797534774
fruits_nuts_rice,qwen3,5034841,1,타원 회색,0.2843917579410888
fruits_nuts_rice,qwen3,5034841,2,탁자 잘리다,0.3678261095900207
fruits_nuts_rice,qwen3,1002140343,2,테두리 희다,0.29249687251577855
fruits_nuts_rice,qwen3,5051031,2,테두리 희다,0.3368186736238693
fruits_nuts_rice,qwen3,1002140343,1,테두리 흰색,0.3477491797534774
fruits_nuts_rice,qwen3,1001234463,1,토마토 가득,0.3006837917736433
fruits_nuts_rice,qwen3,1001234463,2,토마토 가득,0.3531392245702125
fruits_nuts_rice,qwen3,5063578,2,토마토 남다,0.3635234719990762
fruits_nuts_rice,qwen3,5063690,1,토마토 담기다,0.32436842887425393
fruits_nuts_rice,qwen3,5063690,2,토마토 들다,0.23774891610469334
fruits_nuts_rice,qwen3,5063690,1,토마토 바구니,0.32436842887425393
fruits_nuts_rice,qwen3,5063690,2,토마토 아래,0.23774891610469334
fruits_nuts_rice,qwen3,5063578,2,토마토 자르다,0.33357692946349177
fruits_nuts_rice,qwen3,5063690,2,토마토 자르다,0.2181635011938884
fruits_nuts_rice,qwen3,5063690,2,토마토 조각,0.23774891610469334
fruits_nuts_rice,qwen3,5063578,1,토마토 주위,0.37627933054130525
fruits_nuts_rice,qwen3,5063578,1,토마토 흩어지다,0.37627933054130525
fruits_nuts_rice,qwen3,5094562,2,토핑 얹다,0.2029125377671967
fruits_nuts_rice,qwen3,5132780,2,통째 6,0.2798817853967599
fruits_nuts_rice,qwen3,5025577,1,통째 되다,0.21349945639529935
fruits_nuts_rice,qwen3,5025577,2,통째 되다,0.20999262243810357
fruits_nuts_rice,qwen3,5034841,1,통째 되다,0.23144845365661307
fruits_nuts_rice,qwen3,5063690,2,통째 되다,0.19348879654369505
fruits_nuts_rice,qwen3,1000122762,1,통째 일부,0.2078589572358786
fruits_nuts_rice,qwen3,1000122762,2,통째 잘리다,0.18369844792029327
fruits_nuts_rice,qwen3,1000908371,2,통째 잘리다,0.22217058209764484
fruits_nuts_rice,qwen3,1001303421,2,통째 잘리다,0.21037626073225402
fruits_nuts_rice,qwen3,5056014,1,통째 잘리다,0.2575570316903133
fruits_nuts_rice,qwen3,5056014,2,통째 잘리다,0.2500616636110525
fruits_nuts_rice,qwen3,5068728,2,통째 잘리다,0.206633146885428
fruits_nuts_rice,qwen3,5159977,1,통째 잘리다,0.22162308665621805
fruits_nuts_rice,qwen3,5132780,1,통키위 6,0.3593462271488639
fruits_nuts_rice,qwen3,5036748,1,통키위 썰다,0.2029202552141901
fruits_nuts_rice,qwen3,5036748,2,통키위 얇다,0.17829372688075926
fruits_nuts_rice,qwen3,1000122762,1,투명 비닐,0.19073583429133795
fruits_nuts_rice,qwen3,1000122762,2,투명 비닐,0.2346580550336197
fruits_nuts_rice,qwen3,1000066062,1,투명 원통,0.2388677478519277
fruits_nuts_rice,qwen3,5035954,1,투명 유리,0.31210446732838343
fruits_nuts_rice,qwen3,5035954,2,투명 유리,0.23158533217285618
fruits_nuts_rice,qwen3,5051038,1,파란색 10,0.24038242839201726
fruits_nuts_rice,qwen3,5061259,2,파란색 가방,0.24875610830898737
fruits_nuts_rice,qwen3,1000118138,1,파란색 봉지,0.3074347207656446
fruits_nuts_rice,qwen3,1001234463,2,파란색 붉다,0.38484195301304563
fruits_nuts_rice,qwen3,1000253378,1,파란색 서리,0.28756010024329387
fruits_nuts_rice,qwen3,1001234463,1,파란색 선명,0.3276773850493908
fruits_nuts_rice,qwen3,5031442,2,파란색 익다,0.27155348486845843
fruits_nuts_rice,qwen3,1000763360,1,파란색 초록색,0.3812847038672653
fruits_nuts_rice,qwen3,1002140343,1,파란색 테두리,0.3477491797534774
fruits_nuts_rice,qwen3,5045631,1,파란색 흰색,0.15610651063787906
fruits_nuts_rice,qwen3,1000858612,1,파인애플 조각,0.5019017947214383
fruits_nuts_rice,qwen3,1000858612,2,파인애플 조각,0.6761068036596086
fruits_nuts_rice,qwen3,1000867509,1,포대 연하다,0.3446568074196068
fruits_nuts_rice,qwen3,1000867511,2,포대 연하다,0.2345937071170733
fruits_nuts_rice,qwen3,5051038,1,포대 포대,0.24038242839201726
fruits_nuts_rice,qwen3,5051038,1,포대 흰색,0.24038242839201726
fruits_nuts_rice,qwen3,1000763360,1,포도 송이,0.29617980131485994
fruits_nuts_rice,qwen3,1000763360,2,포도 송이,0.21393841388369417
fruits_nuts_rice,qwen3,5038123,1,포도 송이,0.2787842398400144
fruits_nuts_rice,qwen3,5038123,2,포도 송이,0.2875357716079367
fruits_nuts_rice,qwen3,5048580,2,포도 송이,0.32341623206770964
fruits_nuts_rice,qwen3,5038123,2,포도 알갱이,0.37015688119876283
fruits_nuts_rice,qwen3,1000763360,2,포도 윤기,0.275411909999766
fruits_nuts_rice,qwen3,1000763360,1,포도 조각,0.3812847038672653
fruits_nuts_rice,qwen3,5048580,1,포도 클로즈업,0.40972514508827296
fruits_nuts_rice,qwen3,5048580,2,포도 흩어지다,0.4163473056648868
fruits_nuts_rice,qwen3,1000973922,1,포장 상자,0.2991059624716066
fruits_nuts_rice,qwen3,5052626,1,포장 진열,0.3776693629747334
fruits_nuts_rice,qwen3,1000867511,2,포장 흰색,0.25565412769250384
fruits_nuts_rice,qwen3,5045631,1,포장지 보이다,0.15610651063787906
fruits_nuts_rice,qwen3,5052626,2,포장지 주위,0.23995159422706624
fruits_nuts_rice,qwen3,1000122762,1,포장지 한국어,0.2078589572358786
fruits_nuts_rice,qwen3,1000973922,2,포장지 회색,0.26770773391043795
fruits_nuts_rice,qwen3,5052626,2,포장지 흰색,0.23995159422706624
fruits_nuts_rice,qwen3,5031442,1,포크 바나나,0.23380918689616065
fruits_nuts_rice,qwen3,5031442,2,포크 바나나,0.24918329803958664
fruits_nuts_rice,qwen3,5045631,2,표기 그레이,0.25956932078398126
fruits_nuts_rice,qwen3,5051031,1,표기 흰색,0.23199291602824187
fruits_nuts_rice,qwen3,5045631,2,표면 견과,0.25956932078398126
fruits_nuts_rice,qwen3,5068728,2,표면 깔리다,0.2876513525427017
fruits_nuts_rice,qwen3,1000763360,2,표면 물방울,0.275411909999766
fruits_nuts_rice,qwen3,5035954,2,표면 블루베리,0.2523756788304805
fruits_nuts_rice,qwen3,1001882653,2,표면 사과,0.310662707876898
fruits_nuts_rice,qwen3,5061259,2,표면 사과,0.2282639366825003
fruits_nuts_rice,qwen3,5051038,2,표면 쌀알,0.46961756655376674
fruits_nuts_rice,qwen3,5036748,1,표면 작다,0.2029202552141901
fruits_nuts_rice,qwen3,1002140343,1,표면 잘리다,0.3477491797534774
fruits_nuts_rice,qwen3,5003716,1,표면 접히다,0.43031123142070654
fruits_nuts_rice,qwen3,5048580,2,표면 포도,0.4163473056648868
fruits_nuts_rice,qwen3,1001234463,1,표면 흩어지다,0.28153153255035174
fruits_nuts_rice,qwen3,1001234463,2,표면 흩어지다,0.33064578077337353
fruits_nuts_rice,qwen3,5048547,2,표면 흩어지다,0.42901477308781716
fruits_nuts_rice,qwen3,5045631,1,표시 개별,0.15610651063787906
fruits_nuts_rice,qwen3,5045631,1,표시 매일,0.15610651063787906
fruits_nuts_rice,qwen3,1000048867,1,풍경 그리다,0.41525137211996394
fruits_nuts_rice,qwen3,1000144509,1,프레시 4,0.4178234054876567
fruits_nuts_rice,qwen3,5134096,1,프레시 봉지,0.35451133491403297
fruits_nuts_rice,qwen3,5094562,1,프리미엄 대추,0.23995159422706624
fruits_nuts_rice,qwen3,1000858612,1,플라스틱 용기,0.23496640877149608
fruits_nuts_rice,qwen3,5036748,1,플라스틱 용기,0.17434358622993915
fruits_nuts_rice,qwen3,5036748,2,플라스틱 용기,0.1531851402112723
fruits_nuts_rice,qwen3,5045631,2,플랫 레이,0.25956932078398126
fruits_nuts_rice,qwen3,1000973922,2,피칸 다양,0.26770773391043795
fruits_nuts_rice,qwen3,5031442,1,하늘색 익다,0.2547991779361813
fruits_nuts_rice,qwen3,5048547,1,한국 봉지,0.24645284023650602
fruits_nuts_rice,qwen3,5051031,1,한국 전통,0.23199291602824187
fruits_nuts_rice,qwen3,1000973922,2,한국어 365,0.26770773391043795
fruits_nuts_rice,qwen3,1000066062,1,한국어 되다,0.21919016518555948
fruits_nuts_rice,qwen3,5036748,1,한국어 되다,0.18620397546288195
fruits_nuts_rice,qwen3,1000122762,1,한국어 문구,0.1691632506483742
fruits_nuts_rice,qwen3,1000867511,2,한국어 문구,0.20806071509856283
fruits_nuts_rice,qwen3,1001729429,1,한국어 문구,0.24765030360703746
fruits_nuts_rice,qwen3,5121007,1,한국어 문구,0.298896103158501
fruits_nuts_rice,qwen3,1000867511,2,함께 포장,0.25565412769250384
fruits_nuts_rice,qwen3,1000867509,1,향미 적히다,0.30567547056803446
fruits_nuts_rice,qwen3,1000867509,2,향미 적히다,0.2417962580580575
fruits_nuts_rice,qwen3,1000867511,1,향미 적히다,0.23882587077173634
fruits_nuts_rice,qwen3,1000867511,2,향미 적히다,0.20806071509856283
fruits_nuts_rice,qwen3,1000066062,2,현미 다양,0.32134482090328953
fruits_nuts_rice,qwen3,1000973922,2,호두 피칸,0.26770773391043795
fruits_nuts_rice,qwen3,1000973922,1,혼합 견과,0.2569837402629625
fruits_nuts_rice,qwen3,5045631,1,혼합 견과,0.2682449701211175
fruits_nuts_rice,qwen3,5052626,1,혼합 견과,0.3244832857158124
fruits_nuts_rice,qwen3,5134096,1,회색 10,0.35451133491403297
fruits_nuts_rice,qwen3,5052626,1,회색 나무,0.3776693629747334
fruits_nuts_rice,qwen3,5159977,1,회색 나뭇잎,0.3085186553670264
fruits_nuts_rice,qwen3,1000338204,1,회색 냉동,0.5145402089809036
fruits_nuts_rice,qwen3,5048547,1,회색 문양,0.24645284023650602
fruits_nuts_rice,qwen3,1000048867,2,회색 배경,0.4129404044001687
fruits_nuts_rice,qwen3,1001502284,1,회색 배경,0.2346369492423063
fruits_nuts_rice,qwen3,5070409,2,회색 배경,0.4666020189823921
fruits_nuts_rice,qwen3,5134096,2,회색 배경,0.3743524044371014
fruits_nuts_rice,qwen3,1000118138,1,회색 봉지,0.3074347207656446
fruits_nuts_rice,qwen3,5038123,1,회색 송이,0.3293257679413915
fruits_nuts_rice,qwen3,5048580,1,회색 송이,0.3759725749507506
fruits_nuts_rice,qwen3,1000144509,1,회색 작다,0.3589825512817022
fruits_nuts_rice,qwen3,5051038,1,회색 작다,0.20653007058506376
fruits_nuts_rice,qwen3,5121007,1,회색 작다,0.3155466330480596
fruits_nuts_rice,qwen3,1000763360,1,회색 잘리다,0.34987501650997194
fruits_nuts_rice,qwen3,5034841,1,회색 잘리다,0.26096397257933895
fruits_nuts_rice,qwen3,5038123,2,회색 전경,0.37015688119876283
fruits_nuts_rice,qwen3,5052626,2,회색 진열,0.23995159422706624
fruits_nuts_rice,qwen3,1000032485,2,회색 표면,0.2590212357145527
fruits_nuts_rice,qwen3,1000973922,2,회색 표면,0.17498592956882925
fruits_nuts_rice,qwen3,1001234463,1,회색 표면,0.21418481634428113
fruits_nuts_rice,qwen3,1001882653,1,회색 표면,0.2526852525326678
fruits_nuts_rice,qwen3,1001882653,2,회색 표면,0.22129305553563602
fruits_nuts_rice,qwen3,1002140343,1,회색 표면,0.22730465267887257
fruits_nuts_rice,qwen3,5035954,2,회색 표면,0.16496420225009434
fruits_nuts_rice,qwen3,5048547,2,회색 표면,0.3263877745785488
fruits_nuts_rice,qwen3,5048580,2,회색 표면,0.272143502322654
fruits_nuts_rice,qwen3,5051038,2,회색 표면,0.3069633634594758
fruits_nuts_rice,qwen3,5070409,1,회색 함께,0.492293408530038
fruits_nuts_rice,qwen3,1000030900,2,회색 희다,0.5361647067133878
fruits_nuts_rice,qwen3,1000144509,2,회색 희다,0.5306103821929282
fruits_nuts_rice,qwen3,1001502284,2,회색 희다,0.28757806757488047
fruits_nuts_rice,qwen3,5121007,2,회색 희다,0.5306103821929282
fruits_nuts_rice,qwen3,1000858612,1,회색 흰색,0.2509508973607191
fruits_nuts_rice,qwen3,1000973922,1,회색 흰색,0.2744660420325059
fruits_nuts_rice,qwen3,1001882653,2,흐르다 드러나다,0.3385521485843782
fruits_nuts_rice,qwen3,5159977,1,흐르다 속살,0.3085186553670264
fruits_nuts_rice,qwen3,5034841,1,흐르다 조각,0.2843917579410888
fruits_nuts_rice,qwen3,1001303421,2,흩뿌리다 사과,0.29286209330230417
fruits_nuts_rice,qwen3,5068728,1,흩뿌리다 선명,0.3657995388160286
fruits_nuts_rice,qwen3,5027321,1,흩뿌리다 흰색,0.33361774260232097
fruits_nuts_rice,qwen3,5056014,1,흩어지다 도마,0.358541839193307
fruits_nuts_rice,qwen3,5027321,2,흩어지다 모습,0.25216101580107364
fruits_nuts_rice,qwen3,5052626,2,흩어지다 모습,0.22018472584993876
fruits_nuts_rice,qwen3,5061259,1,흩어지다 사과,0.4472135954999579
fruits_nuts_rice,qwen3,1000908371,1,흩어지다 선명,0.2773500981126146
fruits_nuts_rice,qwen3,1001729429,2,흩어지다 쌀알,0.36784753997154657
fruits_nuts_rice,qwen3,5048547,1,흩어지다 쌀알,0.2117456039961752
fruits_nuts_rice,qwen3,5048547,2,흩어지다 쌀알,0.42901477308781716
fruits_nuts_rice,qwen3,1000066062,2,희다 검다,0.2948728951845712
fruits_nuts_rice,qwen3,5051031,2,희다 검다,0.3368186736238693
fruits_nuts_rice,qwen3,5049631,2,희다 과육,0.27350476127848555
fruits_nuts_rice,qwen3,1001502284,2,희다 깔다,0.35336089263426657
fruits_nuts_rice,qwen3,5162187,2,희다 껍질,0.30788664941400373
fruits_nuts_rice,qwen3,5053663,2,희다 나무,0.4182231118370808
fruits_nuts_rice,qwen3,1001502284,1,희다 녹색,0.2883096145976212
fruits_nuts_rice,qwen3,1000763360,2,희다 따오다,0.275411909999766
fruits_nuts_rice,qwen3,5038123,1,희다 배경,0.3588906666098417
fruits_nuts_rice,qwen3,1000867509,2,희다 봉지,0.2971065989264748
fruits_nuts_rice,qwen3,1001729429,2,희다 쌀밥,0.3928717757165253
fruits_nuts_rice,qwen3,5053663,2,희다 쌀밥,0.3837704913800847
fruits_nuts_rice,qwen3,1000030900,2,희다 쌀알,0.4574888614403379
fruits_nuts_rice,qwen3,1000048867,2,희다 쌀알,0.35234627174506034
fruits_nuts_rice,qwen3,1000144509,2,희다 쌀알,0.4527495685157599
fruits_nuts_rice,qwen3,5048547,2,희다 쌀알,0.3467458336968205
fruits_nuts_rice,qwen3,5051038,2,희다 쌀알,0.32610984744932753
fruits_nuts_rice,qwen3,5070409,2,희다 쌀알,0.3981336774636446
fruits_nuts_rice,qwen3,5121007,2,희다 쌀알,0.4527495685157599
fruits_nuts_rice,qwen3,5134096,2,희다 쌀알,0.31942060553219565
fruits_nuts_rice,qwen3,1002140343,2,희다 아보카도,0.318755493123646
fruits_nuts_rice,qwen3,5051031,2,희다 에나멜,0.3670562405703576
fruits_nuts_rice,qwen3,5027321,2,희다 주변,0.27479852432916113
fruits_nuts_rice,qwen3,1000858612,2,희다 파인애플,0.7368036305863234
fruits_nuts_rice,qwen3,1001729429,2,희다 흩어지다,0.42814145507189316
fruits_nuts_rice,qwen3,1001729429,2,희다 희다,0.3928717757165253
fruits_nuts_rice,qwen3,5134096,2,희다 희다,0.42209178356176935
fruits_nuts_rice,qwen3,5134096,1,흰색 365,0.35451133491403297
fruits_nuts_rice,qwen3,1000066062,1,흰색 갈색,0.2388677478519277
fruits_nuts_rice,qwen3,5052626,2,흰색 금색,0.23995159422706624
fruits_nuts_rice,qwen3,5049631,1,흰색 깔리다,0.2765636919403367
fruits_nuts_rice,qwen3,5063690,2,흰색 깔리다,0.2181635011938884
fruits_nuts_rice,qwen3,5049631,1,흰색 나무,0.2452838152503763
fruits_nuts_rice,qwen3,5063578,1,흰색 나무,0.30622993376190266
fruits_nuts_rice,qwen3,5063578,2,흰색 나무,0.29584874776679737
fruits_nuts_rice,qwen3,5063690,2,흰색 나무,0.19348879654369505
fruits_nuts_rice,qwen3,5036748,1,흰색 대리석,0.2029202552141901
fruits_nuts_rice,qwen3,5045631,1,흰색 디자인,0.15610651063787906
fruits_nuts_rice,qwen3,1000066062,1,흰색 라벨,0.2388677478519277
fruits_nuts_rice,qwen3,5068728,1,흰색 리넨,0.3657995388160286
fruits_nuts_rice,qwen3,5049631,1,흰색 멜론,0.3013919268479789
fruits_nuts_rice,qwen3,5162187,1,흰색 바구니,0.3089547469460283
fruits_nuts_rice,qwen3,5051031,1,흰색 베이지,0.23199291602824187
fruits_nuts_rice,qwen3,1000030900,1,흰색 봉지,0.35462774632504185
fruits_nuts_rice,qwen3,1000867511,1,흰색 봉지,0.2692821965610543
fruits_nuts_rice,qwen3,1000338204,2,흰색 블루베리,0.3680446413211189
fruits_nuts_rice,qwen3,1000122762,2,흰색 사과,0.2557242523803127
fruits_nuts_rice,qwen3,1000973922,1,흰색 상자,0.2991059624716066
fruits_nuts_rice,qwen3,5036748,2,흰색 얇다,0.17829372688075926
fruits_nuts_rice,qwen3,5035954,2,흰색 요거트,0.2523756788304805
fruits_nuts_rice,qwen3,5051038,1,흰색 원형,0.24038242839201726
fruits_nuts_rice,qwen3,5003716,2,흰색 익다,0.491551178085481
fruits_nuts_rice,qwen3,1000102438,2,흰색 주름,0.3280061845112388
fruits_nuts_rice,qwen3,1000122762,1,흰색 질감,0.19073583429133795
fruits_nuts_rice,qwen3,5035954,2,흰색 질감,0.23158533217285618
fruits_nuts_rice,qwen3,1002140343,1,흰색 타원,0.3191021008016441
fruits_nuts_rice,qwen3,5034841,1,흰색 타원,0.26096397257933895
fruits_nuts_rice,qwen3,5036748,1,흰색 통키위,0.18620397546288195
fruits_nuts_rice,qwen3,5036748,2,흰색 통키위,0.1636061452330023
fruits_nuts_rice,qwen3,1000858612,1,흰색 파인애플,0.2734797686895691
fruits_nuts_rice,qwen3,1000973922,2,흰색 포장지,0.26770773391043795
fruits_nuts_rice,qwen3,5031442,1,흰색 포크,0.2547991779361813
fruits_nuts_rice,qwen3,5061259,2,흰색 표면,0.24875610830898737
fruits_nuts_rice,qwen3,1000867511,2,흰색 한국어,0.2345937071170733
fruits_nuts_rice,qwen3,1000973922,2,흰색 한국어,0.2456543545328493
vegetables,hyperclovax,1000079725,1,1 5,0.4716902774649844
vegetables,hyperclovax,1000952172,1,15 20,0.2886751345948129
vegetables,hyperclovax,1000952172,1,20 크기,0.2886751345948129
vegetables,hyperclovax,1000952172,1,300 용량,0.2886751345948129
vegetables,hyperclovax,1000952172,1,365 커리프레쉬,0.2886751345948129
vegetables,hyperclovax,1000079725,1,5 무게,0.4716902774649844
vegetables,hyperclovax,5054661,1,가지 회색,0.5773502691896257
vegetables,hyperclovax,5026448,1,갈색 감자,0.6397300669720747
vegetables,hyperclovax,5061435,1,갈색 바구니,0.5103927464795524
vegetables,hyperclovax,1002318659,1,갈색 브로콜리,0.7374582222780764
vegetables,hyperclovax,5044050,1,갈색 뿌리채소,0.28507896122240006
vegetables,hyperclovax,5026448,2,감자 모습,0.4223223412649824
vegetables,hyperclovax,1001544134,2,감자 반쪽,0.42669861065994125
vegetables,hyperclovax,5026448,2,감자 반쪽,0.3867791286005593
vegetables,hyperclovax,1000952172,1,개별 포장,0.2886751345948129
vegetables,hyperclovax,5054661,2,검다 가지,0.7071067811865475
vegetables,hyperclovax,1000441195,2,검은색 냄비,0.5935203667639756
vegetables,hyperclovax,5044050,2,고구마 고구마,0.36598129572742305
vegetables,hyperclovax,5044050,2,고구마 껍질,0.36598129572742305
vegetables,hyperclovax,1000079725,1,고구마 담기다,0.3819785221101297
vegetables,hyperclovax,1000079725,2,고구마 담기다,0.6624100201284658
vegetables,hyperclovax,5026450,1,고구마 담기다,1.0
vegetables,hyperclovax,5061435,2,고구마 담기다,0.4331979892682881
vegetables,hyperclovax,5044050,2,고구마 조각,0.36598129572742305
vegetables,hyperclovax,5026450,2,고구마 흰색,0.6397300669720747
vegetables,hyperclovax,5104176,1,과자 패키지,0.3823942066926501
vegetables,hyperclovax,5048049,1,국산 다지다,0.5935203667639756
vegetables,hyperclovax,5048049,2,국산 참깨,0.5
vegetables,hyperclovax,1001544134,2,그대로 감자,0.42669861065994125
vegetables,hyperclovax,5026448,2,그대로 감자,0.3867791286005593
vegetables,hyperclovax,5000070,2,그대로 당근,0.48497328725541244
vegetables,hyperclovax,1001227997,2,그대로 양파,0.494439308809171
vegetables,hyperclovax,5000718,1,금속 바구니,0.5
vegetables,hyperclovax,5030559,1,길다 오이,0.5773502691896257
vegetables,hyperclovax,1001227997,2,껍질 그대로,0.4004008678472315
vegetables,hyperclovax,1001544134,2,껍질 그대로,0.37729780123369155
vegetables,hyperclovax,5000070,2,껍질 그대로,0.3927352086294925
vegetables,hyperclovax,5026448,2,껍질 그대로,0.3419999764198302
vegetables,hyperclovax,1001227997,1,껍질 벗겨지다,0.6444929223085686
vegetables,hyperclovax,1001227997,2,껍질 벗겨지다,0.3816893013561148
vegetables,hyperclovax,1001544134,2,껍질 벗겨지다,0.3596658891634361
vegetables,hyperclovax,5000070,2,껍질 벗겨지다,0.3743818743593052
vegetables,hyperclovax,5026448,2,껍질 벗겨지다,0.32601760521982176
vegetables,hyperclovax,5027318,2,껍질 벗기다,0.5178708019945996
vegetables,hyperclovax,5044050,1,껍질 벗기다,0.24406329552072978
vegetables,hyperclovax,5044050,2,껍질 벗기다,0.313325826469874
vegetables,hyperclovax,5027318,1,나무 담기다,0.7071067811865475
vegetables,hyperclovax,1001985604,2,나무 도마,0.4431096332354547
vegetables,hyperclovax,5044050,1,나무 도마,0.24406329552072978
vegetables,hyperclovax,5044050,2,나무 도마,0.313325826469874
vegetables,hyperclovax,5054657,1,나무 쟁반,0.7071067811865476
vegetables,hyperclovax,5054657,2,나무 쟁반,0.7071067811865476
vegetables,hyperclovax,1000441195,2,냄비 담기다,0.5935203667639756
vegetables,hyperclovax,5030557,1,노란색 빨간색,0.5935203667639756
vegetables,hyperclovax,1000118036,2,노란색 음식,0.4163436186073339
vegetables,hyperclovax,1000952172,2,노란색 음식,0.37901696085843806
vegetables,hyperclovax,1000178619,1,노란색 주황색,0.43885677628937475
vegetables,hyperclovax,1000178619,2,노란색 주황색,0.36799363325269707
vegetables,hyperclovax,5030557,2,노란색 페퍼,0.447213595499958
vegetables,hyperclovax,1000178619,2,노란색 피망,0.4018105457970195
vegetables,hyperclovax,5026449,1,녹색 고구마,1.0
vegetables,hyperclovax,5030559,1,녹색 길다,0.5773502691896257
vegetables,hyperclovax,1002318657,1,녹색 배추,0.7071067811865475
vegetables,hyperclovax,5053496,1,녹색 양배추,1.0
vegetables,hyperclovax,5045384,1,녹색 자주색,0.7071067811865475
vegetables,hyperclovax,1000443684,1,녹색 채소,0.5230153917720402
vegetables,hyperclovax,1000443684,2,녹색 채소,0.5230153917720402
vegetables,hyperclovax,5026451,2,다발 양파,0.5935203667639756
vegetables,hyperclovax,1000443684,1,다양 종류,0.46246355717392595
vegetables,hyperclovax,1000443684,2,다양 종류,0.46246355717392595
vegetables,hyperclovax,1001176677,1,다양 종류,0.5301464024758128
vegetables,hyperclovax,1001176677,2,다양 종류,0.5301464024758128
vegetables,hyperclovax,1000661274,2,다양 채소,0.6235753337295198
vegetables,hyperclovax,1000118036,2,다지다 노란색,0.4546036711370002
vegetables,hyperclovax,1000118036,1,다지다 마늘,0.5435688994715498
vegetables,hyperclovax,5048049,1,다지다 마늘,0.5435688994715498
vegetables,hyperclovax,5104176,2,단호박 조각,0.7374582222780764
vegetables,hyperclovax,5026448,1,담기다 갈색,0.6397300669720747
vegetables,hyperclovax,1000441195,2,담기다 고구마,0.5435688994715498
vegetables,hyperclovax,5026449,2,담기다 고구마,0.8087912444995651
vegetables,hyperclovax,5000718,1,담기다 금속,0.5
vegetables,hyperclovax,1000952172,2,담기다 노란색,0.4138468662154236
vegetables,hyperclovax,1000443684,1,담기다 다양,0.48891436696533835
vegetables,hyperclovax,1000443684,2,담기다 다양,0.48891436696533835
vegetables,hyperclovax,1000661274,2,담기다 다양,0.5338585853648292
vegetables,hyperclovax,5027318,1,담기다 마늘,0.7071067811865475
vegetables,hyperclovax,5061435,2,담기다 바구니,0.5349391861784298
vegetables,hyperclovax,5061435,1,담기다 보라색,0.5103927464795524
vegetables,hyperclovax,1000441195,1,담기다 붉다,0.6397300669720747
vegetables,hyperclovax,5042793,2,담기다 브로콜리,0.6111299444450868
vegetables,hyperclovax,1000079725,1,담기다 상자,0.43199219331092015
vegetables,hyperclovax,1000079725,2,담기다 상자,0.7491414854574572
vegetables,hyperclovax,1000118036,2,담기다 잘다,0.4546036711370002
vegetables,hyperclovax,1000661274,1,담기다 조리,0.5
vegetables,hyperclovax,5063699,1,담기다 청경채,0.474393818533792
vegetables,hyperclovax,1000120872,1,담기다 콩나물,0.7571930713683308
vegetables,hyperclovax,1000120872,2,담기다 콩나물,0.7571930713683308
vegetables,hyperclovax,5071326,1,담기다 콩나물,0.38409514778126613
vegetables,hyperclovax,5071326,2,담기다 콩나물,1.0
vegetables,hyperclovax,5071327,2,담기다 콩나물,0.7571930713683308
vegetables,hyperclovax,5071326,1,담기다 포장지,0.4975558358884642
vegetables,hyperclovax,5058732,1,담기다 표고버섯,0.6049007490661052
vegetables,hyperclovax,5104176,1,담기다 호박,0.3823942066926501
vegetables,hyperclovax,5042793,1,담기다 흰색,0.6753927526961325
vegetables,hyperclovax,5058732,2,담기다 흰색,0.5435688994715498
vegetables,hyperclovax,1000118036,1,담다 포장지,0.5935203667639756
vegetables,hyperclovax,5000070,2,당근 껍질,0.48497328725541244
vegetables,hyperclovax,5000070,1,당근 회색,1.0
vegetables,hyperclovax,5044050,2,도마 고구마,0.36598129572742305
vegetables,hyperclovax,5044050,1,도마 연하다,0.28507896122240006
vegetables,hyperclovax,5000333,2,도마 오이,1.0
vegetables,hyperclovax,5030559,2,도마 오이,0.6753927526961325
vegetables,hyperclovax,1001985604,2,도마 흰색,0.5175757119926001
vegetables,hyperclovax,1000118036,2,도자기 담기다,0.4546036711370002
vegetables,hyperclovax,5027318,2,마늘 나무,0.6049007490661052
vegetables,hyperclovax,1000118036,1,마늘 담다,0.5935203667639756
vegetables,hyperclovax,5000718,2,마늘 바구니,0.7071067811865475
vegetables,hyperclovax,5048049,1,마늘 제품,0.5935203667639756
vegetables,hyperclovax,5044050,1,모습 담기다,0.28507896122240006
vegetables,hyperclovax,1000952172,1,모양 개별,0.2886751345948129
vegetables,hyperclovax,5104176,1,모양 과자,0.3823942066926501
vegetables,hyperclovax,1000079725,1,무게 고구마,0.4716902774649844
vegetables,hyperclovax,5061435,1,바구니 담기다,0.5103927464795524
vegetables,hyperclovax,5000718,1,바구니 마늘,0.5
vegetables,hyperclovax,5061435,2,바구니 모습,0.5349391861784298
vegetables,hyperclovax,5063699,1,바닥 청경채,0.474393818533792
vegetables,hyperclovax,1001544134,2,반쪽 껍질,0.42669861065994125
vegetables,hyperclovax,5026448,2,반쪽 껍질,0.3867791286005593
vegetables,hyperclovax,5036663,1,배경 녹색,0.7071067811865475
vegetables,hyperclovax,1000178619,1,배경 빨간색,0.43885677628937475
vegetables,hyperclovax,1000178619,2,배경 빨간색,0.36799363325269707
vegetables,hyperclovax,1000952172,2,배경 작다,0.4138468662154236
vegetables,hyperclovax,1000258072,1,배열 상추,1.0
vegetables,hyperclovax,5027319,2,배추 조각,0.7071067811865475
vegetables,hyperclovax,1001544134,2,벗겨지다 감자,0.42669861065994125
vegetables,hyperclovax,5026448,2,벗겨지다 감자,0.3867791286005593
vegetables,hyperclovax,5000070,2,벗겨지다 당근,0.48497328725541244
vegetables,hyperclovax,1001227997,1,벗겨지다 양파,0.7646102752998819
vegetables,hyperclovax,1001227997,2,벗겨지다 양파,0.45282663577365156
vegetables,hyperclovax,5027318,2,벗기다 마늘,0.6049007490661052
vegetables,hyperclovax,5044050,1,벗기다 얇다,0.28507896122240006
vegetables,hyperclovax,5044050,2,벗기다 자르다,0.36598129572742305
vegetables,hyperclovax,5054661,1,보라색 가지,0.5773502691896257
vegetables,hyperclovax,5061435,1,보라색 고구마,0.4674374108083113
vegetables,hyperclovax,5061435,2,보라색 고구마,0.4899179893364101
vegetables,hyperclovax,1000120884,1,보이다 루콜라,0.7071067811865476
vegetables,hyperclovax,1000120884,2,보이다 루콜라,0.7071067811865476
vegetables,hyperclovax,1000258072,2,보이다 상추,1.0
vegetables,hyperclovax,5058732,2,보이다 표고버섯,0.5935203667639756
vegetables,hyperclovax,1000441195,1,붉다 고구마,0.6397300669720747
vegetables,hyperclovax,5042793,1,브로콜리 담기다,0.7374582222780764
vegetables,hyperclovax,5001063,2,브로콜리 조각,0.37901696085843806
vegetables,hyperclovax,5042793,2,브로콜리 조각,0.5596964315602455
vegetables,hyperclovax,5001063,2,브로콜리 주변,0.4138468662154236
vegetables,hyperclovax,5026451,1,비닐 담기다,0.5935203667639756
vegetables,hyperclovax,1000178619,1,빨간색 노란색,0.43885677628937475
vegetables,hyperclovax,1000178619,2,빨간색 노란색,0.36799363325269707
vegetables,hyperclovax,5030557,2,빨간색 페퍼,0.447213595499958
vegetables,hyperclovax,5030557,1,빨간색 피망,0.5935203667639756
vegetables,hyperclovax,5044050,1,뿌리채소 아마도,0.28507896122240006
vegetables,hyperclovax,1000952172,1,사각 모양,0.2886751345948129
vegetables,hyperclovax,1001176677,1,상추 담기다,0.5995601687662189
vegetables,hyperclovax,1001176677,2,상추 담기다,0.5995601687662189
vegetables,hyperclovax,5049924,1,시금치 다발,1.0
vegetables,hyperclovax,5049924,2,시금치 다발,1.0
vegetables,hyperclovax,5000718,1,시금치 담기다,0.5
vegetables,hyperclovax,5000718,2,시금치 마늘,0.7071067811865475
vegetables,hyperclovax,5044050,1,썰다 모습,0.28507896122240006
vegetables,hyperclovax,5044050,1,아마도 우엉,0.28507896122240006
vegetables,hyperclovax,1000661274,1,야채 담기다,0.5
vegetables,hyperclovax,5044050,1,얇다 썰다,0.28507896122240006
vegetables,hyperclovax,5031100,1,양상추 잘리다,0.7374582222780764
vegetables,hyperclovax,1001227997,2,양파 껍질,0.494439308809171
vegetables,hyperclovax,5026451,2,양파 다발,0.5935203667639756
vegetables,hyperclovax,5026451,1,양파 비닐,0.5935203667639756
vegetables,hyperclovax,1002030400,1,연두색 오이,1.0
vegetables,hyperclovax,1002318659,1,연하다 갈색,0.6753927526961325
vegetables,hyperclovax,5044050,1,연하다 갈색,0.2610863348448081
vegetables,hyperclovax,1002318657,1,연하다 녹색,0.7071067811865475
vegetables,hyperclovax,5030557,2,오른쪽 빨간색,0.447213595499958
vegetables,hyperclovax,5030559,2,오이 조각,0.7374582222780764
vegetables,hyperclovax,5030559,1,오이 흰색,0.5773502691896257
vegetables,hyperclovax,5030557,2,왼쪽 노란색,0.447213595499958
vegetables,hyperclovax,1000952172,2,용기 담기다,0.4138468662154236
vegetables,hyperclovax,1000952172,1,용량 포장,0.2886751345948129
vegetables,hyperclovax,5044050,1,우엉 껍질,0.28507896122240006
vegetables,hyperclovax,5044050,1,우엉 우엉,0.28507896122240006
vegetables,hyperclovax,5044050,2,자르다 고구마,0.36598129572742305
vegetables,hyperclovax,1000952172,2,작다 용기,0.4138468662154236
vegetables,hyperclovax,1000118036,2,잘다 다지다,0.4546036711370002
vegetables,hyperclovax,5054661,2,잘리다 검다,0.7071067811865475
vegetables,hyperclovax,5026450,2,잘리다 고구마,0.6397300669720747
vegetables,hyperclovax,1001985604,2,잘리다 모습,0.5175757119926001
vegetables,hyperclovax,5027319,2,잘리다 배추,0.7071067811865475
vegetables,hyperclovax,5001063,2,잘리다 브로콜리,0.4138468662154236
vegetables,hyperclovax,5031100,1,잘리다 양상추,0.6753927526961325
vegetables,hyperclovax,5031100,2,잘리다 양상추,1.0
vegetables,hyperclovax,5054657,1,쟁반 오이,0.7071067811865476
vegetables,hyperclovax,5054657,2,쟁반 오이,0.7071067811865476
vegetables,hyperclovax,1000952172,1,제품 300,0.2886751345948129
vegetables,hyperclovax,5104176,1,조각 담기다,0.35021139919681754
vegetables,hyperclovax,5104176,2,조각 담기다,0.6753927526961325
vegetables,hyperclovax,5001063,2,조각 모습,0.4138468662154236
vegetables,hyperclovax,1002318657,2,조각 배추,1.0
vegetables,hyperclovax,1000661274,1,조리 야채,0.5
vegetables,hyperclovax,1000443684,1,종류 녹색,0.5230153917720402
vegetables,hyperclovax,1000443684,2,종류 녹색,0.5230153917720402
vegetables,hyperclovax,1001176677,1,종류 상추,0.5995601687662189
vegetables,hyperclovax,1001176677,2,종류 상추,0.5995601687662189
vegetables,hyperclovax,5001063,2,주변 잘리다,0.4138468662154236
vegetables,hyperclovax,1000178619,2,주황색 노란색,0.4018105457970195
vegetables,hyperclovax,5026451,1,주황색 양파,0.5435688994715498
vegetables,hyperclovax,5026451,2,주황색 양파,0.5435688994715498
vegetables,hyperclovax,1000178619,1,주황색 페퍼,0.4791856838633546
vegetables,hyperclovax,5054661,1,짙다 보라색,0.5773502691896257
vegetables,hyperclovax,5048049,2,참깨 마요네즈,0.5
vegetables,hyperclovax,5063699,1,청경채 다발,0.474393818533792
vegetables,hyperclovax,5063699,1,청경채 바닥,0.474393818533792
vegetables,hyperclovax,1000178619,1,초록색 배경,0.43885677628937475
vegetables,hyperclovax,1000178619,2,초록색 배경,0.36799363325269707
vegetables,hyperclovax,1002030400,2,초록색 오이,1.0
vegetables,hyperclovax,1001985604,1,초록색 흰색,0.7071067811865475
vegetables,hyperclovax,1000952172,1,커리프레쉬 제품,0.2886751345948129
vegetables,hyperclovax,5071326,1,콩나물 담기다,0.4975558358884642
vegetables,hyperclovax,5071326,1,콩나물 콩나물,0.4975558358884642
vegetables,hyperclovax,1000952172,1,크기 사각,0.2886751345948129
vegetables,hyperclovax,5001063,2,크다 브로콜리,0.4138468662154236
vegetables,hyperclovax,5104176,1,패키지 모습,0.3823942066926501
vegetables,hyperclovax,5030557,2,페퍼 오른쪽,0.447213595499958
vegetables,hyperclovax,1000952172,1,포장 15,0.2886751345948129
vegetables,hyperclovax,5071327,1,포장 숙주나물,1.0
vegetables,hyperclovax,1000661274,1,포장 야채,0.5
vegetables,hyperclovax,5058732,1,포장 표고버섯,0.5178708019945996
vegetables,hyperclovax,5071102,1,포장 표고버섯,1.0
vegetables,hyperclovax,5071102,2,포장 표고버섯,1.0
vegetables,hyperclovax,5048049,2,포장 현미,0.5
vegetables,hyperclovax,5027320,1,포장지 담기다,0.7071067811865475
vegetables,hyperclovax,5058732,2,표고버섯 담기다,0.5935203667639756
vegetables,hyperclovax,5058732,1,표고버섯 포장,0.6049007490661052
vegetables,hyperclovax,5027320,1,플라스틱 포장지,0.7071067811865475
vegetables,hyperclovax,1000178619,2,피망 나란히,0.36799363325269707
vegetables,hyperclovax,5030557,1,피망 나란히,0.5435688994715498
vegetables,hyperclovax,5048049,2,현미 국산,0.5
vegetables,hyperclovax,5104176,1,호박 모양,0.3823942066926501
vegetables,hyperclovax,5104176,1,호박 조각,0.3823942066926501
vegetables,hyperclovax,5036663,1,회색 배경,0.7071067811865475
vegetables,hyperclovax,5036663,2,회색 초록색,1.0
vegetables,hyperclovax,1000661274,2,희다 담기다,0.5710944002495397
vegetables,hyperclovax,5042793,2,희다 담기다,0.5596964315602455
vegetables,hyperclovax,5045384,1,흰색 녹색,0.7071067811865475
vegetables,hyperclovax,1000120872,1,흰색 담기다,0.6531911302764251
vegetables,hyperclovax,1000120872,2,흰색 담기다,0.6531911302764251
vegetables,hyperclovax,1000441195,1,흰색 담기다,0.4260174677449383
vegetables,hyperclovax,5026448,1,흰색 담기다,0.4260174677449383
vegetables,hyperclovax,5026449,2,흰색 담기다,0.5880958449273764
vegetables,hyperclovax,5026450,2,흰색 담기다,0.4260174677449383
vegetables,hyperclovax,5063699,1,흰색 담기다,0.31591457666228445
vegetables,hyperclovax,5071326,1,흰색 담기다,0.33133893216898364
vegetables,hyperclovax,5071327,2,흰색 담기다,0.6531911302764251
vegetables,hyperclovax,1000952172,2,흰색 배경,0.4138468662154236
vegetables,hyperclovax,5031391,2,흰색 버섯,1.0
vegetables,hyperclovax,1000120884,1,흰색 보이다,0.7071067811865476
vegetables,hyperclovax,1000120884,2,흰색 보이다,0.7071067811865476
vegetables,hyperclovax,5054660,1,흰색 브로콜리,1.0
vegetables,hyperclovax,5054660,2,흰색 브로콜리,1.0
vegetables,hyperclovax,5000333,1,흰색 오이,1.0
vegetables,hyperclovax,1001985604,2,흰색 잘리다,0.5175757119926001
vegetables,hyperclovax,1001985604,1,흰색 줄기,0.7071067811865475
vegetables,hyperclovax,5031391,1,흰색 표고버섯,1.0
