category,model,product_id,image_order,n_gram_keyword,tfidf_score
bakery,qwen3,1001194675,2,100,0.23640713267616897
bakery,qwen3,1002202568,2,100,0.2564501336872701
bakery,qwen3,5132010,1,12,0.20759519101485904
bakery,qwen3,5003416,2,16,0.3034510265840207
bakery,qwen3,5115048,1,1853,0.19470202322860305
bakery,qwen3,5057085,1,1951,0.22436659230524278
bakery,qwen3,1002202568,1,3,0.2978727677444606
bakery,qwen3,5025646,1,3,0.18625220383111535
bakery,qwen3,5057085,1,3,0.17428669982468764
bakery,qwen3,5122986,1,3,0.3460750139708673
bakery,qwen3,5122986,2,3,0.44312992842731985
bakery,qwen3,5057085,1,4,0.20588359404632936
bakery,qwen3,5097791,1,4,0.5788698715517292
bakery,qwen3,1000634077,1,5,0.3324541621693284
bakery,qwen3,1000352096,1,500,0.4498613726527335
bakery,qwen3,1000220024,2,6,0.2852559268841149
bakery,qwen3,1001385477,1,6,0.23086433921650576
bakery,qwen3,5115048,1,6,0.1584556547148914
bakery,qwen3,5115048,2,6,0.16177706415842752
bakery,qwen3,5115048,1,70,0.19470202322860305
bakery,qwen3,5043336,2,8,0.24779502505979262
bakery,qwen3,5122986,2,8,0.2617330593380889
bakery,qwen3,1000229955,1,9,0.3058422716231236
bakery,qwen3,1000229955,2,9,0.22656151547906328
bakery,qwen3,5122986,1,9,0.19138802910534047
bakery,qwen3,1001194675,2,가다,0.25763035175726334
bakery,qwen3,1000196053,2,가득,0.2829967576577114
bakery,qwen3,1000321559,2,가득,0.1939567203577953
bakery,qwen3,1000635372,2,가득,0.1485632634423931
bakery,qwen3,1001194675,2,가득,0.17338770613879992
bakery,qwen3,1001556191,2,가득,0.3020300466083778
bakery,qwen3,5025646,2,가득,0.2152542786841607
bakery,qwen3,5043336,2,가득,0.18173990988070948
bakery,qwen3,5052041,2,가득,0.2771994964506083
bakery,qwen3,5052044,2,가득,0.37534085291033803
bakery,qwen3,1000831954,1,가루,0.22011590295291697
bakery,qwen3,1000870987,2,가루,0.13721025873516124
bakery,qwen3,1001737665,2,가루,0.1945355473752551
bakery,qwen3,5012764,1,가루,0.3343961829139701
bakery,qwen3,5012764,2,가루,0.18608528227427196
bakery,qwen3,5052044,1,가루,0.21340411135010415
bakery,qwen3,1001385477,1,가지,0.2603053688067792
bakery,qwen3,1001501168,1,가지,0.23722213622301044
bakery,qwen3,1000128336,1,가지다,0.2531384116638109
bakery,qwen3,1000196053,1,가지다,0.32547212551069826
bakery,qwen3,1000894225,2,가지다,0.2693436226455383
bakery,qwen3,5007270,1,가지다,0.19556137017056552
bakery,qwen3,5052041,1,가지다,0.28945818753227487
bakery,qwen3,5128440,1,가지다,0.269501855008726
bakery,qwen3,1000894225,2,가지런히,0.2693436226455383
bakery,qwen3,1002104461,1,가지런히,0.18901273292740914
bakery,qwen3,5057085,1,가지런히,0.16725979001202512
bakery,qwen3,5128440,2,가지런히,0.3021372005369046
bakery,qwen3,5131242,1,가지런히,0.24021148037173576
bakery,qwen3,5132010,1,가지런히,0.15475712181523474
bakery,qwen3,1000831954,2,각각,0.17298583239228232
bakery,qwen3,5043336,2,각각,0.21976893901112904
bakery,qwen3,5063069,1,각각,0.23663605630288215
bakery,qwen3,5115048,2,각각,0.16177706415842752
bakery,qwen3,5003416,1,각기,0.26436603156575705
bakery,qwen3,1000196053,1,갈라지다,0.3391458439359984
bakery,qwen3,1000217187,2,갈라지다,0.4678464386054455
bakery,qwen3,1000659491,2,갈라지다,0.2030383239322408
bakery,qwen3,1001556191,1,갈라지다,0.25369426770967185
bakery,qwen3,5052044,1,갈라지다,0.22236963404985619
bakery,qwen3,1000128336,1,갈색,0.13642987345877844
bakery,qwen3,1000128336,2,갈색,0.12440892099022759
bakery,qwen3,1000196053,1,갈색,0.17541439327966007
bakery,qwen3,1000196053,2,갈색,0.16894485329617065
bakery,qwen3,1000217187,1,갈색,0.19002563611922163
bakery,qwen3,1000217187,2,갈색,0.24198143849733025
bakery,qwen3,1000220024,1,갈색,0.1899391729554915
bakery,qwen3,1000220024,2,갈색,0.14082578468981638
bakery,qwen3,1000321559,2,갈색,0.11578927595448803
bakery,qwen3,1000659491,1,갈색,0.11766989649241309
bakery,qwen3,1000659491,2,갈색,0.10501630800409961
bakery,qwen3,1000794499,1,갈색,0.10166648864773632
bakery,qwen3,1000794499,2,갈색,0.1197606693944608
bakery,qwen3,1000831954,1,갈색,0.11863227152588005
bakery,qwen3,1000894225,1,갈색,0.183244286752357
bakery,qwen3,1000894225,2,갈색,0.1451637312288355
bakery,qwen3,1001556191,2,갈색,0.1803074435821104
bakery,qwen3,1001737663,2,갈색,0.11425904742210007
bakery,qwen3,1002104461,2,갈색,0.10840625340135487
bakery,qwen3,1002202568,2,갈색,0.11228562522920679
bakery,qwen3,5003416,2,갈색,0.12191956147918923
bakery,qwen3,5025646,2,갈색,0.12850360136512193
bakery,qwen3,5040946,2,갈색,0.1320346807695873
bakery,qwen3,5044138,2,갈색,0.12245381236094129
bakery,qwen3,5052041,1,갈색,0.1560045495943249
bakery,qwen3,5052041,2,갈색,0.16548397461946782
bakery,qwen3,5063069,1,갈색,0.23364603623675098
bakery,qwen3,5074339,1,갈색,0.15552979340794426
bakery,qwen3,5097791,1,갈색,0.1267278837389879
bakery,qwen3,5097791,2,갈색,0.09102728496452414
bakery,qwen3,5122986,1,갈색,0.08949916339886767
bakery,qwen3,5122986,2,갈색,0.11459873226959921
bakery,qwen3,5128440,1,갈색,0.14524901114010966
bakery,qwen3,5131242,1,갈색,0.1294628565260406
bakery,qwen3,5131242,2,갈색,0.1337921978109036
bakery,qwen3,5138995,1,갈색,0.12848791361322542
bakery,qwen3,5138995,2,갈색,0.1807757258634463
bakery,qwen3,1000447291,1,감도,0.3475716008693527
bakery,qwen3,5097791,2,감싸이다,0.22656186369531828
bakery,qwen3,5063069,1,감자,0.2907660128249047
bakery,qwen3,1000217187,1,같다,0.3183088318133615
bakery,qwen3,1000528793,1,같다,0.17928967200803272
bakery,qwen3,1000831954,2,같다,0.286104394288593
bakery,qwen3,1000870987,1,같다,0.22872652887498934
bakery,qwen3,1001194675,1,같다,0.4004473624575622
bakery,qwen3,1002104461,2,같다,0.18158954015972412
bakery,qwen3,1002202568,1,같다,0.25807505037195266
bakery,qwen3,5043336,1,같다,0.15289650051266743
bakery,qwen3,5057085,2,같다,0.1607074385990874
bakery,qwen3,1000229955,1,개별,0.24719319731206926
bakery,qwen3,1000229955,2,개별,0.18311551605315515
bakery,qwen3,1000528793,1,개별,0.1849922683210858
bakery,qwen3,1001501168,2,개별,0.20012481688016268
bakery,qwen3,1002104461,1,개별,0.17606672488968342
bakery,qwen3,1002202568,1,개별,0.2662835423294601
bakery,qwen3,5057085,1,개별,0.15580370156577425
bakery,qwen3,5132010,2,개별,0.16780398367254382
bakery,qwen3,5043336,2,건포도,0.27004058103992057
bakery,qwen3,1000831954,1,검다,0.22011590295291697
bakery,qwen3,1000831954,2,검다,0.15845524280818127
bakery,qwen3,1000870987,2,검다,0.13721025873516124
bakery,qwen3,5003416,2,검다,0.2262152955299431
bakery,qwen3,5131242,1,검다,0.24021148037173576
bakery,qwen3,5131242,2,검다,0.24824434405926174
bakery,qwen3,1000229955,1,검은색,0.2765177344675964
bakery,qwen3,5003416,1,검은색,0.20535803799462682
bakery,qwen3,5003416,2,검은색,0.2357190410495293
bakery,qwen3,5043336,1,검은색,0.17647464844242156
bakery,qwen3,5122986,1,검은색,0.17303750698543366
bakery,qwen3,1000196053,1,겉면,0.32547212551069826
bakery,qwen3,1000794499,2,겉면,0.22220958549425326
bakery,qwen3,1000894225,2,겉면,0.2693436226455383
bakery,qwen3,1001556191,1,겉면,0.243465795078206
bakery,qwen3,1001737663,2,겉면,0.21200161701674156
bakery,qwen3,5128440,1,겉면,0.269501855008726
bakery,qwen3,5057085,1,격자,0.18259777012247042
bakery,qwen3,5122986,1,격자,0.18128900802455833
bakery,qwen3,5122986,2,격자,0.23213055524818943
bakery,qwen3,5132010,1,격자,0.16894858801390197
bakery,qwen3,1000635372,2,견과,0.3793156201148557
bakery,qwen3,5003416,1,견과,0.2271361327231777
bakery,qwen3,5003416,2,견과,0.2607169016418385
bakery,qwen3,1002104461,2,겹쳐지다,0.26981715225725883
bakery,qwen3,1000634077,2,곁들이다,0.3366061134208165
bakery,qwen3,1000635372,2,고소하다,0.2207446345026987
bakery,qwen3,5052044,1,공기,0.28626577400407516
bakery,qwen3,1000634077,2,과일,0.24179959476008844
bakery,qwen3,1001385477,1,과일,0.20377605289651776
bakery,qwen3,1001385477,2,과일,0.2037129484550188
bakery,qwen3,1001737665,2,과일,0.1874559307950626
bakery,qwen3,5003416,2,과일,0.21798277669965632
bakery,qwen3,5115048,1,과일,0.2797267692924444
bakery,qwen3,5115048,2,과일,0.1427950791155975
bakery,qwen3,5063069,1,과자,0.2668131254829137
bakery,qwen3,5074339,1,과자,0.3552158722935631
bakery,qwen3,5052041,1,구겨지다,0.35630017215133775
bakery,qwen3,5052041,2,구겨지다,0.37795031490125786
bakery,qwen3,5132010,2,구성,0.24164771191882792
bakery,qwen3,1000400055,2,그리고,0.174890906298592
bakery,qwen3,1000831954,2,그리고,0.16511225643038288
bakery,qwen3,5007270,2,그리고,0.17891794121185456
bakery,qwen3,5012764,2,그리고,0.19390308771281248
bakery,qwen3,5115048,2,그리고,0.15441366343404953
bakery,qwen3,1000229955,1,그리다,0.20558101686106567
bakery,qwen3,1000528793,1,그리다,0.15385091113519514
bakery,qwen3,1000528793,2,그리다,0.2052444712337375
bakery,qwen3,1000634077,1,그리다,0.19199850581228342
bakery,qwen3,1000637683,1,그리다,0.10651964784338021
bakery,qwen3,1000659491,1,그리다,0.16914013192425129
bakery,qwen3,5063069,1,그리다,0.16792281871009584
bakery,qwen3,5071363,1,그리다,0.19964271550507431
bakery,qwen3,5071363,2,그리다,0.21256440043125888
bakery,qwen3,5074339,1,그리다,0.22356040550156658
bakery,qwen3,5115048,2,그리다,0.11480101993145116
bakery,qwen3,5122986,1,그리다,0.12864717957298988
bakery,qwen3,5122986,2,그리다,0.16472560333799324
bakery,qwen3,5132010,1,그리다,0.23978022250398356
bakery,qwen3,5132010,2,그리다,0.13955607990776564
bakery,qwen3,1002202568,2,그린,0.27947269357794946
bakery,qwen3,1000229955,1,그림,0.2897038142548407
bakery,qwen3,1000634077,1,그림,0.27056340276125423
bakery,qwen3,1000637683,1,그림,0.15010699307010764
bakery,qwen3,5074339,1,그림,0.3150402852318443
bakery,qwen3,5052044,2,근접,0.2788525153183358
bakery,qwen3,1000634077,2,글레이즈,0.2892028540904525
bakery,qwen3,5044137,1,글레이즈,0.2105259072236021
bakery,qwen3,5122986,2,글레이즈,0.24506179358685118
bakery,qwen3,5063069,1,글씨,0.2907660128249047
bakery,qwen3,5071363,1,글자,0.34569045959837263
bakery,qwen3,1000128336,1,금빛,0.3395663883261341
bakery,qwen3,5071363,2,금색,0.36806494588812944
bakery,qwen3,1000220024,2,기공,0.24339798493876405
bakery,qwen3,1000659491,2,기공,0.18150623346574427
bakery,qwen3,1000894225,2,기공,0.250895528436888
bakery,qwen3,5128440,1,기공,0.25104292302521297
bakery,qwen3,5131242,1,기공,0.22375872765247423
bakery,qwen3,5131242,2,기공,0.23124139815325545
bakery,qwen3,5138995,1,기공,0.2220736730232228
bakery,qwen3,5138995,2,기공,0.31244595936689334
bakery,qwen3,1001556191,2,기포,0.38557551768846016
bakery,qwen3,5052041,2,기포,0.35387651178132506
bakery,qwen3,5052044,2,기포,0.23958252712880487
bakery,qwen3,5128440,2,깔다,0.4052946263309152
bakery,qwen3,5003416,1,깔리다,0.24258793683720614
bakery,qwen3,5003416,2,깔리다,0.27845316599171144
bakery,qwen3,1000635372,2,깨지다,0.2207446345026987
bakery,qwen3,1000128336,1,껍질,0.20055845496949343
bakery,qwen3,1000128336,2,껍질,0.18288707850895075
bakery,qwen3,1000196053,2,껍질,0.24835703422656463
bakery,qwen3,1000447291,1,껍질,0.20528658211801531
bakery,qwen3,1000635372,2,껍질,0.13037863687540788
bakery,qwen3,1000659491,2,껍질,0.15437900766115137
bakery,qwen3,1000894225,1,껍질,0.26937788697827764
bakery,qwen3,5052041,1,껍질,0.22933416737576193
bakery,qwen3,5052044,1,껍질,0.16907745677632136
bakery,qwen3,5052044,2,껍질,0.16469895596053072
bakery,qwen3,5097791,2,껍질,0.13381447310415343
bakery,qwen3,5128440,2,껍질,0.23937959367844341
bakery,qwen3,5138995,1,껍질,0.3777667864554357
bakery,qwen3,5138995,2,껍질,0.26574898411905423
bakery,qwen3,1000637683,2,꽂히다,0.22158345396355808
bakery,qwen3,1001194675,2,꽂히다,0.19205710659909647
bakery,qwen3,5012764,1,꽂히다,0.3343961829139701
bakery,qwen3,5012764,2,꽂히다,0.18608528227427196
bakery,qwen3,5040946,1,꽂히다,0.18443829922307572
bakery,qwen3,5115048,2,꽂히다,0.1481879968290514
bakery,qwen3,5012764,1,꽃병,0.41161529599404734
bakery,qwen3,5012764,2,꽃병,0.22905628848988982
bakery,qwen3,1000831954,2,나다,0.21255594580870543
bakery,qwen3,5115048,1,나머지,0.19470202322860305
bakery,qwen3,1000196053,1,나무,0.19939011538537302
bakery,qwen3,1000447291,1,나무,0.15873308762660784
bakery,qwen3,1000447291,2,나무,0.2012356160974883
bakery,qwen3,1000528793,1,나무,0.12166262372213102
bakery,qwen3,1000635372,1,나무,0.3388921431226857
bakery,qwen3,1000637683,2,나무,0.13574603473018793
bakery,qwen3,1000659491,2,나무,0.11936998657174201
bakery,qwen3,1000794499,1,나무,0.11556231232393625
bakery,qwen3,1000794499,2,나무,0.13612961423935738
bakery,qwen3,1000894225,1,나무,0.20829020239526405
bakery,qwen3,1000894225,2,나무,0.16500477856080792
bakery,qwen3,1001194675,2,나무,0.1176576598849661
bakery,qwen3,1001385477,1,나무,0.12955159263849925
bakery,qwen3,1001385477,2,나무,0.12951147369035718
bakery,qwen3,5007270,1,나무,0.11980443517873239
bakery,qwen3,5007270,2,나무,0.21037833475251047
bakery,qwen3,5025646,1,나무,0.10950111604397061
bakery,qwen3,5025646,2,나무,0.14606753428025934
bakery,qwen3,5044137,1,나무,0.11190465487437103
bakery,qwen3,5044137,2,나무,0.3399329006253972
bakery,qwen3,5052044,1,나무,0.13073522139275062
bakery,qwen3,5052044,2,나무,0.12734964720424122
bakery,qwen3,5071363,1,나무,0.1578739859006393
bakery,qwen3,5115048,1,나무,0.08891881050385556
bakery,qwen3,5115048,2,나무,0.09078264917497715
bakery,qwen3,5128440,1,나무,0.165101714570625
bakery,qwen3,5128440,2,나무,0.1850947179662143
bakery,qwen3,5138995,2,나무,0.20548423743838046
bakery,qwen3,5044138,1,나폴레옹,0.6338296658541774
bakery,qwen3,1001501168,2,내려다보다,0.26445081948041754
bakery,qwen3,5007270,2,내려다보다,0.211354445365708
bakery,qwen3,1000220024,1,내리다,0.43380375891797857
bakery,qwen3,1000220024,2,내리다,0.321633256586474
bakery,qwen3,1001737663,1,넘치다,0.23124575258730679
bakery,qwen3,1001737663,2,넘치다,0.26095725010716664
bakery,qwen3,1002202568,2,넛츠,0.27947269357794946
bakery,qwen3,5003416,2,넣다,0.3034510265840207
bakery,qwen3,1000352096,2,노란색,0.28861306371039347
bakery,qwen3,1000400055,2,노란색,0.1617315478832109
bakery,qwen3,1000528793,1,노란색,0.19136722862457975
bakery,qwen3,1000794499,1,노란색,0.36354368772103013
bakery,qwen3,1000870987,2,노란색,0.13221684732105013
bakery,qwen3,5040946,2,노란색,0.2360678301793278
bakery,qwen3,5097791,2,노란색,0.16274976789007561
bakery,qwen3,1000352096,2,노릇노릇,0.34519380330496985
bakery,qwen3,5074339,2,노릇노릇,0.4316275480200776
bakery,qwen3,5128440,2,노릇노릇,0.34821816363117614
bakery,qwen3,1000220024,1,녹다,0.40617233258193597
bakery,qwen3,1000220024,2,녹다,0.3011466069116126
bakery,qwen3,1000831954,2,녹다,0.18262231056071962
bakery,qwen3,1000196053,2,녹색,0.26742064968544677
bakery,qwen3,1000400055,2,녹색,0.2863689477922138
bakery,qwen3,1000659491,1,녹색,0.18625817569746372
bakery,qwen3,1000659491,2,녹색,0.16622897215336394
bakery,qwen3,1000794499,1,녹색,0.16092658589459377
bakery,qwen3,1000794499,2,녹색,0.18956763341044988
bakery,qwen3,5007270,1,녹색,0.16683396464324804
bakery,qwen3,5115048,1,녹색,0.12382411106557557
bakery,qwen3,5115048,2,녹색,0.1264196042499032
bakery,qwen3,5122986,1,녹색,0.14166708221925836
bakery,qwen3,5122986,2,녹색,0.18139686908923097
bakery,qwen3,1000794499,2,녹차,0.2735224532436207
bakery,qwen3,5116362,1,녹차,0.33121472336798585
bakery,qwen3,1000321559,2,느끼다,0.2644521526016036
bakery,qwen3,1000635372,2,느끼다,0.2025600079357135
bakery,qwen3,1001556191,1,다공,0.3265912911923202
bakery,qwen3,5043336,1,다르다,0.20846820162373417
bakery,qwen3,5043336,2,다르다,0.24779502505979262
bakery,qwen3,5115048,2,다르보,0.19878319748389014
bakery,qwen3,1000229955,2,다양,0.1594441012778772
bakery,qwen3,1000634077,1,다양,0.2010178694344012
bakery,qwen3,1000634077,2,다양,0.20352834001814601
bakery,qwen3,1000831954,1,다양,0.17853400869366642
bakery,qwen3,1002104461,1,다양,0.15330651012023358
bakery,qwen3,5003416,1,다양,0.15984849180233526
bakery,qwen3,5003416,2,다양,0.18348117058776092
bakery,qwen3,5040946,1,다양,0.14959622851049112
bakery,qwen3,5040946,2,다양,0.198703780524345
bakery,qwen3,5043336,1,다양,0.13736597150196048
bakery,qwen3,5043336,2,다양,0.16327959892956523
bakery,qwen3,5115048,1,다양,0.11772626225701058
bakery,qwen3,5115048,2,다양,0.12019393764490507
bakery,qwen3,5132010,1,다크,0.20759519101485904
bakery,qwen3,5007270,1,단면,0.21349464872981705
bakery,qwen3,5044138,1,단면,0.25791692611926104
bakery,qwen3,5044138,2,단면,0.2480417618297124
bakery,qwen3,5052044,1,단면,0.23297359673054033
bakery,qwen3,5122986,1,닫히다,0.44551690774303154
bakery,qwen3,1000635372,1,달리다,0.2765933153903669
bakery,qwen3,5043336,1,달리다,0.16935952468327306
bakery,qwen3,5071363,1,달리다,0.2577037565508953
bakery,qwen3,5071363,2,달리다,0.27438338715009036
bakery,qwen3,5074339,1,달리다,0.28857730254791497
bakery,qwen3,5115048,1,달리다,0.145145581548201
bakery,qwen3,1000321559,2,담기다,0.11895503860292563
bakery,qwen3,1000352096,1,담기다,0.18568549894386654
bakery,qwen3,1000400055,1,담기다,0.22070971007714132
bakery,qwen3,1000634077,1,담기다,0.13722431115691783
bakery,qwen3,1000635372,1,담기다,0.3062933763903681
bakery,qwen3,1000635372,2,담기다,0.09111490803291578
bakery,qwen3,1000637683,2,담기다,0.24537666129404087
bakery,qwen3,1000794499,1,담기다,0.10444612406479614
bakery,qwen3,1000794499,2,담기다,0.24607002563052324
bakery,qwen3,1000870987,1,담기다,0.1402796099132124
bakery,qwen3,1000870987,2,담기다,0.07597181689672211
bakery,qwen3,1001194675,2,담기다,0.10633991562120533
bakery,qwen3,1001385477,1,담기다,0.11708974531059062
bakery,qwen3,1001385477,2,담기다,0.234106970981331
bakery,qwen3,1001501168,2,담기다,0.23790887788506232
bakery,qwen3,1001556191,1,담기다,0.13480434316502346
bakery,qwen3,1001737663,1,담기다,0.20803647960639715
bakery,qwen3,1001737663,2,담기다,0.11738297251441276
bakery,qwen3,1001737665,1,담기다,0.32592957396136557
bakery,qwen3,1002104461,1,담기다,0.10465427927533227
bakery,qwen3,5007270,1,담기다,0.1082801879657343
bakery,qwen3,5012764,1,담기다,0.18515150261714924
bakery,qwen3,5012764,2,담기다,0.20606676384749145
bakery,qwen3,5025646,1,담기다,0.0989679673378539
bakery,qwen3,5025646,2,담기다,0.13201698287682012
bakery,qwen3,5040946,1,담기다,0.2042429309074342
bakery,qwen3,5040946,2,담기다,0.2712892090981668
bakery,qwen3,5043336,2,담기다,0.1114623816884061
bakery,qwen3,5044137,2,담기다,0.15361701059122987
bakery,qwen3,5044138,1,담기다,0.26162054558173675
bakery,qwen3,5044138,2,담기다,0.12580178826056973
bakery,qwen3,5063069,2,담기다,0.2562745459434688
bakery,qwen3,5097791,1,담기다,0.13019271584497777
bakery,qwen3,5115048,2,담기다,0.08205007020006258
bakery,qwen3,5116362,1,담기다,0.1489859689796194
bakery,qwen3,1000321559,1,담다,0.24581330153180053
bakery,qwen3,1001493094,1,담다,0.27608957423197333
bakery,qwen3,1001501168,1,담다,0.2008157252120211
bakery,qwen3,1001556191,2,담다,0.34860605779427717
bakery,qwen3,5003416,1,담다,0.20535803799462682
bakery,qwen3,1001737663,1,대리석,0.410182841117811
bakery,qwen3,1001737663,2,대리석,0.23144249150875928
bakery,qwen3,1001737665,1,대리석,0.6426311332739916
bakery,qwen3,1001737665,2,대리석,0.21237475640572043
bakery,qwen3,5132010,1,더미,0.19049379675351394
bakery,qwen3,5132010,2,더미,0.22174111979752958
bakery,qwen3,1000128336,2,덩어리,0.19188971428419016
bakery,qwen3,1000196053,1,덩어리,0.27056112648394864
bakery,qwen3,1000637683,2,덩어리,0.18419970318660614
bakery,qwen3,1000894225,1,덩어리,0.28263804194461306
bakery,qwen3,1001556191,1,덩어리,0.2023902344119616
bakery,qwen3,1001556191,2,덩어리,0.2781082221185866
bakery,qwen3,5007270,1,덩어리,0.16256785286011682
bakery,qwen3,5052041,1,덩어리,0.24062316601106318
bakery,qwen3,5052041,2,덩어리,0.25524433742847275
bakery,qwen3,5115048,1,덩어리,0.12065780437028013
bakery,qwen3,5128440,2,덩어리,0.25116307948554134
bakery,qwen3,5138995,2,덩어리,0.27883050595848063
bakery,qwen3,1000128336,1,덩이,0.2531384116638109
bakery,qwen3,1000447291,1,덩이,0.25910610121698097
bakery,qwen3,1000894225,2,덩이,0.2693436226455383
bakery,qwen3,5052044,1,덩이,0.21340411135010415
bakery,qwen3,5128440,1,덩이,0.539003710017452
bakery,qwen3,5138995,1,덩이,0.2384025253814822
bakery,qwen3,1000634077,1,도넛,0.2856356100503134
bakery,qwen3,5122986,1,도넛,0.19138802910534047
bakery,qwen3,5122986,2,도넛,0.24506179358685118
bakery,qwen3,1000196053,1,도마,0.27056112648394864
bakery,qwen3,1000447291,1,도마,0.2153918358265862
bakery,qwen3,1000447291,2,도마,0.27306536672991955
bakery,qwen3,1000659491,2,도마,0.16197833063490766
bakery,qwen3,1000894225,1,도마,0.28263804194461306
bakery,qwen3,1000894225,2,도마,0.22390216624510617
bakery,qwen3,5007270,1,도마,0.16256785286011682
bakery,qwen3,5052044,1,도마,0.17740031246175736
bakery,qwen3,5052044,2,도마,0.17280627948039484
bakery,qwen3,5128440,1,도마,0.22403370293619176
bakery,qwen3,5128440,2,도마,0.25116307948554134
bakery,qwen3,5138995,2,도마,0.27883050595848063
bakery,qwen3,1000894225,1,돋보이다,0.41851324903917425
bakery,qwen3,5128440,2,돋보이다,0.37190703597775804
bakery,qwen3,1000321559,1,되다,0.23590257453797797
bakery,qwen3,1000635372,2,되다,0.1645597093303978
bakery,qwen3,5043336,1,되다,0.16935952468327306
bakery,qwen3,5071363,1,되다,0.2577037565508953
bakery,qwen3,5116362,2,되다,0.2458717352065653
bakery,qwen3,5128440,1,되다,0.269501855008726
bakery,qwen3,5044137,1,두르다,0.24503322288363114
bakery,qwen3,1000217187,1,둥글다,0.3183088318133615
bakery,qwen3,1000229955,2,둥글다,0.17747077275558615
bakery,qwen3,1000831954,1,둥글다,0.1987189756916629
bakery,qwen3,1001737663,1,둥글다,0.1696022033750396
bakery,qwen3,1001737663,2,둥글다,0.19139345959730353
bakery,qwen3,1001737665,2,둥글다,0.17562522376357617
bakery,qwen3,5063069,1,둥글다,0.1956883249312792
bakery,qwen3,5063069,2,둥글다,0.4178567888015115
bakery,qwen3,5132010,1,둥글다,0.13971356142627953
bakery,qwen3,1000196053,2,드러나다,0.23766408785707518
bakery,qwen3,1000217187,2,드러나다,0.3404086998613203
bakery,qwen3,1000220024,1,드러나다,0.2671979608023805
bakery,qwen3,1000400055,2,드러나다,0.12725198081689262
bakery,qwen3,1000659491,2,드러나다,0.14773226034981984
bakery,qwen3,1001556191,1,드러나다,0.18458991820209175
bakery,qwen3,1001737665,2,드러나다,0.14749217961341432
bakery,qwen3,1002104461,2,드러나다,0.15250108440693141
bakery,qwen3,5007270,1,드러나다,0.148269933818334
bakery,qwen3,5044138,1,드러나다,0.17912076857123643
bakery,qwen3,5044138,2,드러나다,0.17226256409460095
bakery,qwen3,5052044,1,드러나다,0.16179787162895815
bakery,qwen3,5097791,2,드러나다,0.1280531263848216
bakery,qwen3,5116362,2,드러나다,0.18641404422090402
bakery,qwen3,5131242,1,드러나다,0.18212257495464199
bakery,qwen3,5131242,2,드러나다,0.18821289926706816
bakery,qwen3,1000196053,2,들다,0.24835703422656463
bakery,qwen3,1000217187,1,들다,0.27934679567214704
bakery,qwen3,1000659491,2,들다,0.15437900766115137
bakery,qwen3,1000870987,1,들다,0.20072965793140474
bakery,qwen3,5003416,1,들다,0.15614278874480672
bakery,qwen3,5003416,2,들다,0.17922760067803187
bakery,qwen3,5043336,1,들다,0.13418147163677152
bakery,qwen3,5044137,1,들다,0.14472423151179814
bakery,qwen3,5057085,2,들다,0.2820726510011271
bakery,qwen3,5097791,1,들다,0.18629606492982947
bakery,qwen3,5115048,1,들다,0.11499706184305435
bakery,qwen3,5115048,2,들다,0.1174075301085869
bakery,qwen3,5122986,2,들다,0.1684656307505692
bakery,qwen3,5132010,2,들다,0.28544928718213414
bakery,qwen3,1000128336,1,들어가다,0.2159531035425557
bakery,qwen3,1000400055,2,들어가다,0.1431844738961069
bakery,qwen3,1000831954,1,들어가다,0.18778150684173728
bakery,qwen3,1000831954,2,들어가다,0.13517862118239704
bakery,qwen3,1001737663,1,들어가다,0.16026731821957493
bakery,qwen3,1002104461,1,들어가다,0.16124730346710003
bakery,qwen3,5012764,2,들어가다,0.1587498869357351
bakery,qwen3,5040946,2,들어가다,0.20899600919191733
bakery,qwen3,5057085,1,들어가다,0.1426898056030459
bakery,qwen3,5063069,2,들어가다,0.39485800071225596
bakery,qwen3,5097791,1,들어가다,0.20059594797677133
bakery,qwen3,1000128336,1,듬뿍,0.311593396002576
bakery,qwen3,1000128336,2,듬뿍,0.2841386362208554
bakery,qwen3,5132010,1,디자인,0.20759519101485904
bakery,qwen3,1000870987,1,디저트,0.31185938185849893
bakery,qwen3,1000870987,2,디저트,0.1688949938678673
bakery,qwen3,5043336,1,딸기,0.17647464844242156
bakery,qwen3,5071363,1,딸기,0.5370607873948802
bakery,qwen3,5071363,2,딸기,0.5718215361823753
bakery,qwen3,5115048,1,딸기,0.15124343035676602
bakery,qwen3,5115048,2,딸기,0.15441366343404953
bakery,qwen3,1000321559,1,땅콩,0.3922060373514906
bakery,qwen3,1000321559,2,땅콩,0.3571893543201015
bakery,qwen3,1000637683,1,땅콩,0.11430062396354447
bakery,qwen3,1000637683,2,땅콩,0.18419970318660614
bakery,qwen3,1001194675,1,땅콩,0.3687305461021
bakery,qwen3,1001194675,2,땅콩,0.6386192000825129
bakery,qwen3,1001493094,1,땅콩,0.44051317479080326
bakery,qwen3,1001493094,2,땅콩,0.23266181199974548
bakery,qwen3,1002202568,1,땅콩,0.23763461363554808
bakery,qwen3,1002202568,2,땅콩,0.5195718210227055
bakery,qwen3,5025646,1,땅콩,0.44576049195084094
bakery,qwen3,5025646,2,땅콩,0.3964107903866421
bakery,qwen3,1000229955,1,뚜껑,0.2152384354801852
bakery,qwen3,1000229955,2,뚜껑,0.1594441012778772
bakery,qwen3,1000234669,1,뚜껑,0.25517797413348303
bakery,qwen3,1000234669,2,뚜껑,0.3304713717669321
bakery,qwen3,1000870987,2,뚜껑,0.11128999403156875
bakery,qwen3,5025646,1,뚜껑,0.2899534312656796
bakery,qwen3,5043336,1,뚜껑,0.13736597150196048
bakery,qwen3,5057085,1,뚜껑,0.13566289579038338
bakery,qwen3,5071363,1,뚜껑,0.20902117518646252
bakery,qwen3,5071363,2,뚜껑,0.22254987199780019
bakery,qwen3,5115048,1,뚜껑,0.23545252451402116
bakery,qwen3,5115048,2,뚜껑,0.24038787528981015
bakery,qwen3,5122986,2,뚜껑,0.17246378915403646
bakery,qwen3,1000870987,2,뜨다,0.1688949938678673
bakery,qwen3,5025646,2,뜨다,0.29349051298517653
bakery,qwen3,1000220024,2,띄다,0.321633256586474
bakery,qwen3,1000321559,2,띄다,0.2644521526016036
bakery,qwen3,1000196053,2,띠다,0.2428433747817566
bakery,qwen3,1000217187,2,띠다,0.34782704541001674
bakery,qwen3,1000229955,2,띠다,0.1522900888964245
bakery,qwen3,1000635372,2,띠다,0.12748416116688618
bakery,qwen3,1000659491,2,띠다,0.15095171084098363
bakery,qwen3,1000794499,2,띠다,0.17214543417246733
bakery,qwen3,1001556191,2,띠다,0.25917609943991915
bakery,qwen3,1001737663,2,띠다,0.1642373362311859
bakery,qwen3,5043336,2,띠다,0.1559534936486619
bakery,qwen3,5044138,2,띠다,0.17601659043434736
bakery,qwen3,5052041,2,띠다,0.23786866592757583
bakery,qwen3,5052044,2,띠다,0.16104255074974297
bakery,qwen3,5063069,1,띠다,0.16792281871009584
bakery,qwen3,5138995,1,띠다,0.18469008053061367
bakery,qwen3,5138995,2,띠다,0.2598492140529506
bakery,qwen3,1000321559,1,라벨,0.23590257453797797
bakery,qwen3,5043336,1,라벨,0.16935952468327306
bakery,qwen3,5071363,1,라벨,0.2577037565508953
bakery,qwen3,5071363,2,라벨,0.27438338715009036
bakery,qwen3,5115048,1,라벨,0.145145581548201
bakery,qwen3,5115048,2,라벨,0.1481879968290514
bakery,qwen3,1001385477,1,라즈베리,0.23086433921650576
bakery,qwen3,1001385477,2,라즈베리,0.23079284619766863
bakery,qwen3,5115048,1,라즈베리,0.1584556547148914
bakery,qwen3,5115048,2,라즈베리,0.16177706415842752
bakery,qwen3,1001501168,1,랑그,0.23722213622301044
bakery,qwen3,1001501168,2,랑그,0.26445081948041754
bakery,qwen3,5007270,2,레드,0.23032858395019826
bakery,qwen3,1001501168,1,레이,0.25851852145028104
bakery,qwen3,1000528793,1,로고,0.1985945625314339
bakery,qwen3,1000794499,1,로고,0.1886367904863647
bakery,qwen3,5057085,1,로고,0.16725979001202512
bakery,qwen3,5122986,1,로고,0.16606096226333109
bakery,qwen3,5122986,2,로고,0.2126318842784654
bakery,qwen3,5138995,1,로고,0.2384025253814822
bakery,qwen3,1001385477,1,로얄,0.2603053688067792
bakery,qwen3,1001385477,2,로얄,0.2602247586237658
bakery,qwen3,5115048,2,로즈,0.19878319748389014
bakery,qwen3,5052041,1,리넨,0.35630017215133775
bakery,qwen3,5052041,2,리넨,0.37795031490125786
bakery,qwen3,5132010,1,리얼,0.19049379675351394
bakery,qwen3,5132010,2,리얼,0.22174111979752958
bakery,qwen3,1000400055,1,마카롱,0.6527557290409922
bakery,qwen3,1000400055,2,마카롱,0.732923155626756
bakery,qwen3,5040946,1,마카롱,0.8054063002445075
bakery,qwen3,5040946,2,마카롱,0.534897431272761
bakery,qwen3,1000128336,2,만들다,0.3096469043414241
bakery,qwen3,1000528793,1,만화,0.21680598949741733
bakery,qwen3,1000528793,2,만화,0.2892295557197074
bakery,qwen3,5063069,1,만화,0.23663605630288215
bakery,qwen3,5132010,2,만화,0.19666177971605286
bakery,qwen3,1000220024,2,많다,0.24339798493876405
bakery,qwen3,1000659491,2,많다,0.18150623346574427
bakery,qwen3,1000894225,2,많다,0.250895528436888
bakery,qwen3,5128440,1,많다,0.25104292302521297
bakery,qwen3,5131242,1,많다,0.22375872765247423
bakery,qwen3,5131242,2,많다,0.23124139815325545
bakery,qwen3,5138995,1,많다,0.2220736730232228
bakery,qwen3,5138995,2,많다,0.31244595936689334
bakery,qwen3,5007270,2,말차,0.211354445365708
bakery,qwen3,5116362,2,말차,0.3026486910876529
bakery,qwen3,1001385477,1,망고,0.2603053688067792
bakery,qwen3,1001385477,2,망고,0.2602247586237658
bakery,qwen3,1000794499,1,모두,0.2530422515882677
bakery,qwen3,1000217187,2,모습,0.40533914571545904
bakery,qwen3,1000220024,1,모습,0.3181639987834404
bakery,qwen3,1001501168,2,모습,0.19395574260885076
bakery,qwen3,1001556191,2,모습,0.3020300466083778
bakery,qwen3,1001737665,2,모습,0.17562522376357617
bakery,qwen3,5007270,2,모습,0.1550133536554354
bakery,qwen3,5025646,2,모습,0.2152542786841607
bakery,qwen3,5097791,2,모습,0.1524783146733998
bakery,qwen3,5122986,1,모습,0.29983716651676606
bakery,qwen3,1000229955,2,모양,0.3354056049495796
bakery,qwen3,1000234669,2,모양,0.17379437288311989
bakery,qwen3,1000870987,1,모양,0.2161374478573643
bakery,qwen3,1000870987,2,모양,0.11705446446068234
bakery,qwen3,5052044,1,모양,0.18205565821437344
bakery,qwen3,5057085,1,모양,0.1426898056030459
bakery,qwen3,5057085,2,모양,0.15186212024178974
bakery,qwen3,5115048,1,모양,0.12382411106557557
bakery,qwen3,5122986,1,모양,0.14166708221925836
bakery,qwen3,5122986,2,모양,0.18139686908923097
bakery,qwen3,5132010,1,모양,0.1320237435782691
bakery,qwen3,1000634077,2,모음,0.3366061134208165
bakery,qwen3,5043336,1,모이다,0.22718323049963007
bakery,qwen3,1000128336,1,무늬,0.23580025744900776
bakery,qwen3,1000128336,2,무늬,0.21502369572535407
bakery,qwen3,1000229955,2,무늬,0.18311551605315515
bakery,qwen3,1001737663,1,무늬,0.17499667417093043
bakery,qwen3,5040946,2,무늬,0.22820377185993035
bakery,qwen3,5044137,1,무늬,0.17015493590027228
bakery,qwen3,5122986,1,무늬,0.1546869848655269
bakery,qwen3,5122986,2,무늬,0.1980681348404687
bakery,qwen3,1001737663,1,무스,0.25200561381981723
bakery,qwen3,1000400055,1,문구,0.19205504904017706
bakery,qwen3,1000794499,1,문구,0.18177184386051506
bakery,qwen3,1001194675,2,문구,0.18506768644135047
bakery,qwen3,1002104461,1,문구,0.18213410485169224
bakery,qwen3,5057085,1,문구,0.16117280386195929
bakery,qwen3,5071363,2,문구,0.2643979155835491
bakery,qwen3,5132010,1,문구,0.1491251378396142
bakery,qwen3,5044137,1,물결,0.24503322288363114
bakery,qwen3,5122986,1,물방울,0.22275845387151577
bakery,qwen3,5003416,1,미니,0.26436603156575705
bakery,qwen3,5132010,1,미니멀,0.19049379675351394
bakery,qwen3,5138995,1,미니멀,0.2934546835897139
bakery,qwen3,1000234669,2,밀봉,0.27327566283249555
bakery,qwen3,1001501168,1,밀크,0.4744442724460209
bakery,qwen3,1001501168,2,밀크,0.26445081948041754
bakery,qwen3,5044138,2,바깥쪽,0.304780747397926
bakery,qwen3,5003416,1,바나나,0.26436603156575705
bakery,qwen3,5012764,2,바닐라,0.2496195927248019
bakery,qwen3,1002202568,2,바르다,0.2564501336872701
bakery,qwen3,5044137,1,바르다,0.22484773722196622
bakery,qwen3,1000321559,1,바삭,0.2575352036116257
bakery,qwen3,1001493094,1,바삭,0.2892552366849026
bakery,qwen3,1001493094,2,바삭,0.3055465822536834
bakery,qwen3,5044138,2,바삭,0.2480417618297124
bakery,qwen3,1002104461,2,바삭바삭,0.2195871044649248
bakery,qwen3,5044138,2,바삭바삭,0.2480417618297124
bakery,qwen3,5097791,1,바삭바삭,0.2566992970616231
bakery,qwen3,5097791,2,바삭바삭,0.18438436257602114
bakery,qwen3,1000128336,2,박히다,0.3096469043414241
bakery,qwen3,5115048,1,반면,0.19470202322860305
bakery,qwen3,1000870987,2,받침대,0.1688949938678673
bakery,qwen3,1001385477,1,받침대,0.2603053688067792
bakery,qwen3,1000217187,1,밝다,0.2673195933264867
bakery,qwen3,1000234669,1,밝다,0.23853036441755654
bakery,qwen3,1000234669,2,밝다,0.15445584009515972
bakery,qwen3,1000400055,1,밝다,0.15111081131738183
bakery,qwen3,1000528793,1,밝다,0.15056962741432378
bakery,qwen3,1001194675,1,밝다,0.3363005213238518
bakery,qwen3,1001385477,1,밝다,0.16033301303005476
bakery,qwen3,1001385477,2,밝다,0.1602833618316078
bakery,qwen3,1001501168,2,밝다,0.16288637026551492
bakery,qwen3,5052041,1,밝다,0.21946024550325538
bakery,qwen3,5052044,1,밝다,0.16179787162895815
bakery,qwen3,5074339,2,밝다,0.28394351708786353
bakery,qwen3,5116362,1,밝다,0.20400906366600552
bakery,qwen3,5122986,1,밝다,0.12590343309171018
bakery,qwen3,5128440,2,밝다,0.22907316863545993
bakery,qwen3,5131242,2,밝다,0.18821289926706816
bakery,qwen3,1000528793,1,배경,0.12969579790210112
bakery,qwen3,1000634077,1,배경,0.16185409123416505
bakery,qwen3,1000659491,1,배경,0.14258455933293548
bakery,qwen3,1000659491,2,배경,0.1272517818565585
bakery,qwen3,1000794499,1,배경,0.12319269341499779
bakery,qwen3,1000831954,1,배경,0.1437507014317241
bakery,qwen3,1000870987,1,배경,0.16545777194846248
bakery,qwen3,1000870987,2,배경,0.17921531949490063
bakery,qwen3,1000894225,1,배경,0.22204324687705926
bakery,qwen3,1001385477,2,배경,0.13806289395921006
bakery,qwen3,1001501168,2,배경,0.14030504107466055
bakery,qwen3,1001556191,1,배경,0.31799954794370955
bakery,qwen3,1001737665,1,배경,0.19221461035257673
bakery,qwen3,1002104461,2,배경,0.1313594923673901
bakery,qwen3,5003416,1,배경,0.1287056342235375
bakery,qwen3,5003416,2,배경,0.1477340208988437
bakery,qwen3,5012764,1,배경,0.21838352070480105
bakery,qwen3,5040946,1,배경,0.12045079218952455
bakery,qwen3,5040946,2,배경,0.15999085012716274
bakery,qwen3,5044138,2,배경,0.29676278121394517
bakery,qwen3,5052044,1,배경,0.13936744362152276
bakery,qwen3,5057085,2,배경,0.11625365390248318
bakery,qwen3,5074339,2,배경,0.4891594890715129
bakery,qwen3,5128440,1,배경,0.17600309734522876
bakery,qwen3,5057085,1,배열,0.19276969808360103
bakery,qwen3,5122986,1,배열,0.19138802910534047
bakery,qwen3,5122986,2,배열,0.24506179358685118
bakery,qwen3,1000870987,2,버전,0.36811475345647016
bakery,qwen3,1000321559,1,버터,0.3826768691259027
bakery,qwen3,1000635372,1,버터,0.2243423247118883
bakery,qwen3,1000637683,1,버터,0.446094152072492
bakery,qwen3,1000637683,2,버터,0.1797243259827732
bakery,qwen3,1001194675,1,버터,0.35977174621353314
bakery,qwen3,1001194675,2,버터,0.31155154788228007
bakery,qwen3,1001493094,1,버터,0.4298103203000464
bakery,qwen3,1001493094,2,버터,0.22700898329474328
bakery,qwen3,1002104461,1,버터,0.15330651012023358
bakery,qwen3,1002202568,1,버터,0.2318609640893879
bakery,qwen3,1002202568,2,버터,0.33796542092632353
bakery,qwen3,5025646,1,버터,0.4349301468985194
bakery,qwen3,5025646,2,버터,0.3867794620839438
bakery,qwen3,1001737665,2,베리,0.26095499607935113
bakery,qwen3,1000528793,1,베이글,0.43361197899483467
bakery,qwen3,1000528793,2,베이글,0.2892295557197074
bakery,qwen3,1000659491,1,베이글,0.7150544652934238
bakery,qwen3,1000659491,2,베이글,0.6381613497195744
bakery,qwen3,1000229955,2,베이지,0.22656151547906328
bakery,qwen3,1000637683,1,베이지,0.15846896550244882
bakery,qwen3,1000637683,2,베이지,0.2553786269718839
bakery,qwen3,1000659491,2,보라색,0.2613797661776142
bakery,qwen3,1000217187,2,보이다,0.3334144976349702
bakery,qwen3,1000220024,2,보이다,0.19403702427747838
bakery,qwen3,1000234669,2,보이다,0.15128231550220297
bakery,qwen3,1000352096,2,보이다,0.22241784185860164
bakery,qwen3,1000400055,1,보이다,0.1480060153078434
bakery,qwen3,1000635372,2,보이다,0.12220173247818662
bakery,qwen3,1000894225,1,보이다,0.2524834226600798
bakery,qwen3,1002104461,2,보이다,0.14936772317229113
bakery,qwen3,5003416,2,보이다,0.16798705551503787
bakery,qwen3,5025646,2,보이다,0.17705888500993147
bakery,qwen3,5040946,2,보이다,0.18192418820450687
bakery,qwen3,5052044,1,보이다,0.15847349409563724
bakery,qwen3,5057085,1,보이다,0.1242068073441325
bakery,qwen3,5097791,2,보이다,0.12542208475158287
bakery,qwen3,5122986,1,보이다,0.12331656009935159
bakery,qwen3,5128440,1,보이다,0.2001315736528699
bakery,qwen3,5131242,2,보이다,0.18434578576609767
bakery,qwen3,1000794499,1,본체,0.2530422515882677
bakery,qwen3,1000217187,1,봉지,0.4063572283269696
bakery,qwen3,1000400055,1,봉지,0.2297062093094498
bakery,qwen3,5057085,2,봉지,0.2051612232956916
bakery,qwen3,1000528793,1,봉투,0.26639986360334894
bakery,qwen3,5116362,1,부러지다,0.33121472336798585
bakery,qwen3,5131242,2,부러지다,0.305569185235255
bakery,qwen3,5003416,1,부서지다,0.24258793683720614
bakery,qwen3,5116362,2,부서지다,0.3026486910876529
bakery,qwen3,5052044,2,부풀다,0.2788525153183358
bakery,qwen3,5115048,2,분량,0.19878319748389014
bakery,qwen3,5012764,2,분위기,0.2496195927248019
bakery,qwen3,1000400055,2,분홍색,0.1617315478832109
bakery,qwen3,1000870987,1,분홍색,0.2441343188009489
bakery,qwen3,1001737663,1,분홍색,0.18102717945208538
bakery,qwen3,5007270,1,분홍색,0.1884444214309399
bakery,qwen3,5007270,2,분홍색,0.16545557564249141
bakery,qwen3,5040946,2,분홍색,0.2360678301793278
bakery,qwen3,5044138,2,분홍색,0.21893797608887358
bakery,qwen3,5071363,1,붙다,0.29700787823393987
bakery,qwen3,5115048,1,붙다,0.16728270393741262
bakery,qwen3,5115048,2,붙다,0.17078913829974382
bakery,qwen3,5132010,2,브라우니,0.24164771191882792
bakery,qwen3,5132010,1,브라우니쿠키,0.20759519101485904
bakery,qwen3,1000229955,2,브랜드,0.1965798145691966
bakery,qwen3,1000659491,1,브랜드,0.21833026699782435
bakery,qwen3,1001737663,1,브랜드,0.18786400246258586
bakery,qwen3,5043336,1,브랜드,0.16935952468327306
bakery,qwen3,5044137,1,브랜드,0.1826662560784822
bakery,qwen3,5057085,1,브랜드,0.16725979001202512
bakery,qwen3,5131242,2,브레드,0.3330013599300969
bakery,qwen3,5131242,2,브레드스틱,0.3330013599300969
bakery,qwen3,1000352096,1,브리오슈,0.4128024376211719
bakery,qwen3,1000352096,2,브리오슈,0.36867693197365026
bakery,qwen3,5043336,1,블랙,0.20846820162373417
bakery,qwen3,5043336,2,블랙,0.24779502505979262
bakery,qwen3,1000659491,2,블루베리,0.1948522030623113
bakery,qwen3,1001385477,1,블루베리,0.2114720287806287
bakery,qwen3,1001385477,2,블루베리,0.21140654108431126
bakery,qwen3,5043336,1,블루베리,0.16935952468327306
bakery,qwen3,5115048,1,블루베리,0.145145581548201
bakery,qwen3,5115048,2,블루베리,0.1481879968290514
bakery,qwen3,1000217187,1,비닐,0.36739519218575517
bakery,qwen3,1000229955,2,비닐,0.2048385157661092
bakery,qwen3,1000447291,1,비닐,0.26999165359649446
bakery,qwen3,5057085,1,비닐,0.17428669982468764
bakery,qwen3,5057085,2,비닐,0.18549011019716777
bakery,qwen3,1000870987,1,빨간색,0.5279968297158633
bakery,qwen3,1000870987,2,빨간색,0.2859494583285496
bakery,qwen3,5115048,2,빨간색,0.15441366343404953
bakery,qwen3,5122986,1,빨간색,0.17303750698543366
bakery,qwen3,5122986,2,빨간색,0.22156496421365993
bakery,qwen3,1000831954,1,뿌리다,0.24030086995091343
bakery,qwen3,5012764,1,뿌리다,0.36506082742999246
bakery,qwen3,5012764,2,뿌리다,0.20314958899236707
bakery,qwen3,5052044,1,뿌리다,0.23297359673054033
bakery,qwen3,1000229955,2,사각,0.2636972287703827
bakery,qwen3,1001385477,1,사과,0.2603053688067792
bakery,qwen3,1001385477,2,사과,0.2602247586237658
bakery,qwen3,5115048,1,사워,0.17866274964795645
bakery,qwen3,5115048,2,사워,0.18240772261819585
bakery,qwen3,5115048,1,살구,0.3573254992959129
bakery,qwen3,5115048,2,살구,0.18240772261819585
bakery,qwen3,1000831954,1,살짝,0.2536872499516017
bakery,qwen3,5012764,2,살짝,0.21446639194772454
bakery,qwen3,5052044,1,살짝,0.24595179816859242
bakery,qwen3,5057085,2,삼각,0.23878921325106964
bakery,qwen3,1000229955,1,상자,0.16256989129432092
bakery,qwen3,1000229955,2,상자,0.2408567053039322
bakery,qwen3,1000400055,1,상자,0.12209990881536599
bakery,qwen3,1000634077,1,상자,0.15182907787477884
bakery,qwen3,1000794499,1,상자,0.34668693697180875
bakery,qwen3,1000870987,1,상자,0.15520955170546694
bakery,qwen3,1001737663,1,상자,0.2301777767850153
bakery,qwen3,1001737665,1,상자,0.18030910940440517
bakery,qwen3,1002104461,1,상자,0.23158524293633878
bakery,qwen3,1002202568,1,상자,0.17512491039676928
bakery,qwen3,5003416,1,상자,0.12073378938056402
bakery,qwen3,5003416,2,상자,0.27716716942734937
bakery,qwen3,5012764,1,상자,0.20485715448296718
bakery,qwen3,5040946,1,상자,0.11299024058010222
bakery,qwen3,5044137,1,상자,0.22380930974874205
bakery,qwen3,5044138,1,상자,0.14473239418687792
bakery,qwen3,5057085,1,상자,0.20493274978618553
bakery,qwen3,5057085,2,상자,0.10905306709888037
bakery,qwen3,5063069,1,상자,0.3983713301990144
bakery,qwen3,5074339,1,상자,0.17678767901350478
bakery,qwen3,5097791,1,상자,0.14404911073047552
bakery,qwen3,5116362,1,상자,0.1648425275065822
bakery,qwen3,5116362,2,상자,0.3012509509127073
bakery,qwen3,5122986,1,상자,0.3051958539435965
bakery,qwen3,5122986,2,상자,0.26052428222151347
bakery,qwen3,5132010,1,상자,0.18961402809552497
bakery,qwen3,5132010,2,상자,0.11035851989874929
bakery,qwen3,5138995,1,상자,0.1460497023190257
bakery,qwen3,1000234669,1,상태,0.38726107186477216
bakery,qwen3,1000528793,2,상태,0.3261136233813653
bakery,qwen3,1000528793,1,새기다,0.22888354611396433
bakery,qwen3,5044137,1,새기다,0.2105259072236021
bakery,qwen3,5138995,1,새기다,0.2747628873434093
bakery,qwen3,1000229955,2,색상,0.18311551605315515
bakery,qwen3,1000234669,2,색상,0.18976693178643234
bakery,qwen3,1000528793,1,색상,0.1849922683210858
bakery,qwen3,1001385477,1,색상,0.19698772107317064
bakery,qwen3,1001501168,2,색상,0.20012481688016268
bakery,qwen3,5040946,1,색상,0.1718056068788863
bakery,qwen3,5043336,2,색상,0.1875204399492452
bakery,qwen3,5052041,1,색상,0.26963239080239254
bakery,qwen3,5040946,2,색조,0.32862699749017477
bakery,qwen3,1001737663,1,생기,0.23124575258730679
bakery,qwen3,1001737663,2,생기,0.26095725010716664
bakery,qwen3,1000128336,2,서다,0.3096469043414241
bakery,qwen3,5043336,1,서로,0.22718323049963007
bakery,qwen3,1002104461,2,선명,0.24759000201997566
bakery,qwen3,5052044,1,선명,0.2626836098853389
bakery,qwen3,1000831954,1,설탕,0.2709452953602383
bakery,qwen3,5012764,2,설탕,0.22905628848988982
bakery,qwen3,1001385477,1,세인트,0.2603053688067792
bakery,qwen3,1001385477,2,세인트,0.2602247586237658
bakery,qwen3,1001385477,2,세트,0.22028814196339633
bakery,qwen3,5043336,1,세트,0.17647464844242156
bakery,qwen3,5043336,2,세트,0.2097659959293731
bakery,qwen3,5115048,1,세트,0.15124343035676602
bakery,qwen3,5115048,2,세트,0.15441366343404953
bakery,qwen3,1000321559,2,소스,0.5763861718253863
bakery,qwen3,1000234669,2,소용돌이,0.27327566283249555
bakery,qwen3,1000128336,1,속살,0.2531384116638109
bakery,qwen3,1000128336,2,속살,0.23083417039003634
bakery,qwen3,1000196053,1,속살,0.32547212551069826
bakery,qwen3,1001556191,1,속살,0.243465795078206
bakery,qwen3,5052044,1,속살,0.21340411135010415
bakery,qwen3,5131242,1,속살,0.24021148037173576
bakery,qwen3,1000635372,1,손잡이,0.3404645304030606
bakery,qwen3,5074339,1,손잡이,0.3552158722935631
bakery,qwen3,1000128336,2,수제,0.23083417039003634
bakery,qwen3,1000196053,2,수제,0.31346823637632293
bakery,qwen3,1001556191,1,수제,0.243465795078206
bakery,qwen3,1001556191,2,수제,0.3345509214543715
bakery,qwen3,5052041,2,수제,0.30704675910766294
bakery,qwen3,5052044,2,수제,0.20787770887484308
bakery,qwen3,1000637683,1,숟가락,0.11730010528861126
bakery,qwen3,1000637683,2,숟가락,0.18903347880945218
bakery,qwen3,1000870987,2,숟가락,0.11705446446068234
bakery,qwen3,1001194675,2,숟가락,0.1638444673602561
bakery,qwen3,1001385477,1,숟가락,0.18040739304419917
bakery,qwen3,1001385477,2,숟가락,0.18035152530302687
bakery,qwen3,5007270,1,숟가락,0.3336679292864961
bakery,qwen3,5025646,1,숟가락,0.15248605191637354
bakery,qwen3,5025646,2,숟가락,0.4068134174379077
bakery,qwen3,5115048,1,숟가락,0.12382411106557557
bakery,qwen3,5115048,2,숟가락,0.3792588127497096
bakery,qwen3,5025646,1,슈퍼넛츠,0.239770288409635
bakery,qwen3,1002202568,2,스무스,0.2564501336872701
bakery,qwen3,5025646,1,스무스,0.4400367114917143
bakery,qwen3,1000634077,1,스타일,0.3324541621693284
bakery,qwen3,5131242,2,스틱,0.3330013599300969
bakery,qwen3,1000234669,2,스프레드,0.2037203021676954
bakery,qwen3,1000635372,1,스프레드,0.2765933153903669
bakery,qwen3,1001385477,1,스프레드,0.2114720287806287
bakery,qwen3,1001385477,2,스프레드,0.4228130821686225
bakery,qwen3,5043336,1,스프레드,0.16935952468327306
bakery,qwen3,5043336,2,스프레드,0.20130862805998478
bakery,qwen3,1000352096,1,슬라이스,0.4128024376211719
bakery,qwen3,5128440,1,슬라이스,0.3317355026414902
bakery,qwen3,1001385477,1,시나몬,0.23086433921650576
bakery,qwen3,1001385477,2,시나몬,0.23079284619766863
bakery,qwen3,5043336,1,시나몬,0.18489005369398
bakery,qwen3,5043336,2,시나몬,0.21976893901112904
bakery,qwen3,1001737663,2,식감,0.23144249150875928
bakery,qwen3,1002104461,2,식감,0.2195871044649248
bakery,qwen3,5044138,2,식감,0.2480417618297124
bakery,qwen3,5138995,1,식감,0.26026440379420895
bakery,qwen3,1001493094,2,식물,0.37543966393889844
bakery,qwen3,5007270,1,식사,0.2623310612105837
bakery,qwen3,5007270,2,식탁,0.23032858395019826
bakery,qwen3,1000128336,1,식탁보,0.2531384116638109
bakery,qwen3,1000128336,2,식탁보,0.23083417039003634
bakery,qwen3,1000447291,1,식탁보,0.25910610121698097
bakery,qwen3,1000447291,2,식탁보,0.32848460703839455
bakery,qwen3,1000635372,2,식탁보,0.1645597093303978
bakery,qwen3,5138995,1,식탁보,0.2384025253814822
bakery,qwen3,1000447291,1,싸이다,0.3475716008693527
bakery,qwen3,1000447291,1,쌓이다,0.24135920333858737
bakery,qwen3,1000447291,2,쌓이다,0.3059857822390016
bakery,qwen3,1001737665,2,쌓이다,0.18121126640784194
bakery,qwen3,5044137,2,쌓이다,0.2584399236173114
bakery,qwen3,5044138,1,쌓이다,0.22007066000255668
bakery,qwen3,5044138,2,쌓이다,0.21164455956962216
bakery,qwen3,5074339,2,쌓이다,0.3488575764128769
bakery,qwen3,5115048,1,쌓이다,0.13520415677611944
bakery,qwen3,1000128336,1,썰다,0.21043096611929968
bakery,qwen3,1000128336,2,썰다,0.19188971428419016
bakery,qwen3,1000528793,2,썰다,0.22023703234146466
bakery,qwen3,1000870987,1,썰다,0.2106105965651114
bakery,qwen3,1000894225,1,썰다,0.28263804194461306
bakery,qwen3,1000894225,2,썰다,0.22390216624510617
bakery,qwen3,1001556191,1,썰다,0.2023902344119616
bakery,qwen3,1001556191,2,썰다,0.2781082221185866
bakery,qwen3,5007270,1,썰다,0.16256785286011682
bakery,qwen3,5044138,1,썰다,0.19639368548554056
bakery,qwen3,5052044,2,썰다,0.17280627948039484
bakery,qwen3,5128440,2,썰다,0.25116307948554134
bakery,qwen3,1000637683,2,씹히다,0.2972377549526688
bakery,qwen3,5132010,1,아래,0.20759519101485904
bakery,qwen3,1001501168,1,아르티제,0.23722213622301044
bakery,qwen3,1001501168,2,아르티제,0.26445081948041754
bakery,qwen3,1000659491,2,아마,0.2613797661776142
bakery,qwen3,1000321559,2,아마도,0.2644521526016036
bakery,qwen3,5131242,1,아마도,0.29568136434086556
bakery,qwen3,1000400055,2,아이싱,0.22514441268818106
bakery,qwen3,5007270,1,아침,0.24072060442289187
bakery,qwen3,5007270,2,아침,0.211354445365708
bakery,qwen3,5074339,1,악기,0.38710502975437044
bakery,qwen3,5044138,2,안쪽,0.2618593617433998
bakery,qwen3,5097791,2,안쪽,0.19465581579269695
bakery,qwen3,5116362,2,안쪽,0.28337127626223324
bakery,qwen3,1000400055,1,알록달록,0.19930835974487277
bakery,qwen3,1000634077,2,알록달록,0.25093159934851006
bakery,qwen3,5007270,1,알록달록,0.19556137017056552
bakery,qwen3,5040946,1,알록달록,0.18443829922307572
bakery,qwen3,5040946,2,알록달록,0.2449833641797685
bakery,qwen3,5043336,1,알록달록,0.16935952468327306
bakery,qwen3,5025646,2,앞쪽,0.319838336694199
bakery,qwen3,5115048,2,야생,0.19878319748389014
bakery,qwen3,1000894225,1,얇다,0.354284144619758
bakery,qwen3,1000894225,2,얇다,0.28065927325594464
bakery,qwen3,1001556191,1,얇다,0.25369426770967185
bakery,qwen3,5044138,1,얇다,0.24617764966190062
bakery,qwen3,5128440,2,얇다,0.314830573278019
bakery,qwen3,1000400055,2,얹다,0.16783963602466292
bakery,qwen3,1000831954,2,얹다,0.15845524280818127
bakery,qwen3,1000870987,2,얹다,0.41163077620548366
bakery,qwen3,1001737663,1,얹다,0.18786400246258586
bakery,qwen3,1001737663,2,얹다,0.21200161701674156
bakery,qwen3,1001737665,2,얹다,0.1945355473752551
bakery,qwen3,1000831954,2,얹히다,0.21255594580870543
bakery,qwen3,1000528793,1,얼굴,0.24445422470690967
bakery,qwen3,1000528793,2,얼굴,0.3261136233813653
bakery,qwen3,5097791,2,에그,0.22656186369531828
bakery,qwen3,1000635372,2,연두색,0.18965781005742785
bakery,qwen3,5116362,2,연두색,0.28337127626223324
bakery,qwen3,5131242,1,연두색,0.27684773814522445
bakery,qwen3,5074339,1,연주,0.38710502975437044
bakery,qwen3,1001501168,1,연출,0.25851852145028104
bakery,qwen3,1000229955,2,연하다,0.17747077275558615
bakery,qwen3,1000321559,2,연하다,0.1939567203577953
bakery,qwen3,1000352096,2,연하다,0.2703981340053936
bakery,qwen3,1000659491,1,연하다,0.19710691702986732
bakery,qwen3,1000659491,2,연하다,0.17591109812764794
bakery,qwen3,1000794499,2,연하다,0.20060913648630055
bakery,qwen3,1002202568,2,연하다,0.18808781239241631
bakery,qwen3,5012764,1,연하다,0.30189034982211166
bakery,qwen3,5025646,2,연하다,0.2152542786841607
bakery,qwen3,1000229955,1,열다,0.3266483618486254
bakery,qwen3,1000234669,2,열다,0.2507636054515786
bakery,qwen3,1000229955,2,열리다,0.18311551605315515
bakery,qwen3,1000234669,1,열리다,0.29306224591787255
bakery,qwen3,1000870987,2,열리다,0.12781234630390706
bakery,qwen3,5025646,1,열리다,0.16650027116733754
bakery,qwen3,5057085,1,열리다,0.15580370156577425
bakery,qwen3,5115048,1,열리다,0.13520415677611944
bakery,qwen3,5122986,1,열리다,0.1546869848655269
bakery,qwen3,5122986,2,열리다,0.1980681348404687
bakery,qwen3,1000321559,1,영어,0.29037744150682715
bakery,qwen3,5043336,1,영어,0.20846820162373417
bakery,qwen3,5052044,2,오르다,0.2788525153183358
bakery,qwen3,5057085,2,오른쪽,0.23878921325106964
bakery,qwen3,1000234669,1,오리지널,0.36259421372887585
bakery,qwen3,1000234669,2,오리지널,0.23479104654826619
bakery,qwen3,1000637683,1,오리지널,0.15846896550244882
bakery,qwen3,1000794499,1,올라가다,0.23219699362234641
bakery,qwen3,1000831954,1,올라가다,0.2709452953602383
bakery,qwen3,5052044,2,올려놓다,0.2788525153183358
bakery,qwen3,1000634077,2,올리다,0.25093159934851006
bakery,qwen3,1001737665,2,올리다,0.1945355473752551
bakery,qwen3,5025646,2,올리다,0.23843163317508326
bakery,qwen3,5057085,2,올리다,0.1780115000863135
bakery,qwen3,5115048,1,올리다,0.145145581548201
bakery,qwen3,5115048,2,올리다,0.1481879968290514
bakery,qwen3,1000196053,2,올리브,0.30206037311659356
bakery,qwen3,1000831954,1,올리브,0.21210535569235117
bakery,qwen3,1000831954,2,올리브,0.15268867531273378
bakery,qwen3,5043336,1,올리브,0.1631961241370049
bakery,qwen3,5043336,2,올리브,0.19398252277908146
bakery,qwen3,5131242,1,올리브,0.23146960670320826
bakery,qwen3,5131242,2,올리브,0.23921013515578135
bakery,qwen3,5007270,2,와인,0.23032858395019826
bakery,qwen3,5012764,2,완성,0.2496195927248019
bakery,qwen3,1000234669,1,용기,0.38726107186477216
bakery,qwen3,1000234669,2,용기,0.2507636054515786
bakery,qwen3,1000447291,1,우유,0.2986241038544016
bakery,qwen3,1000447291,2,우유,0.3785839891306161
bakery,qwen3,5007270,2,우유,0.3957841595926897
bakery,qwen3,1001737665,2,윗면,0.22420546343720685
bakery,qwen3,5044137,1,윗면,0.2105259072236021
bakery,qwen3,5097791,2,윗면,0.19465581579269695
bakery,qwen3,5007270,2,유리,0.211354445365708
bakery,qwen3,5115048,2,유리,0.18240772261819585
bakery,qwen3,1001385477,2,유리병,0.21140654108431126
bakery,qwen3,5025646,2,유리병,0.23843163317508326
bakery,qwen3,5043336,1,유리병,0.16935952468327306
bakery,qwen3,5043336,2,유리병,0.20130862805998478
bakery,qwen3,5071363,1,유리병,0.2577037565508953
bakery,qwen3,5071363,2,유리병,0.27438338715009036
bakery,qwen3,1000196053,1,유사,0.4365966959896908
bakery,qwen3,1000220024,2,유산지,0.3505075675728983
bakery,qwen3,5115048,1,육각,0.17866274964795645
bakery,qwen3,5115048,2,육각,0.18240772261819585
bakery,qwen3,5007270,2,은색,0.23032858395019826
bakery,qwen3,1000659491,1,이름,0.2928738461280731
bakery,qwen3,5057085,1,이삭,0.22436659230524278
bakery,qwen3,5044137,1,인쇄,0.24503322288363114
bakery,qwen3,1001194675,2,일러스트,0.20012580001821254
bakery,qwen3,5071363,1,일러스트,0.2685303936974401
bakery,qwen3,5071363,2,일러스트,0.28591076809118765
bakery,qwen3,5115048,2,일러스트,0.15441366343404953
bakery,qwen3,5132010,1,일러스트,0.16125877016589152
bakery,qwen3,1000894225,2,일렬,0.36130447591608195
bakery,qwen3,1000634077,1,일본화,0.3324541621693284
bakery,qwen3,1000528793,1,일부,0.20693790721752506
bakery,qwen3,1000528793,2,일부,0.5521301243091699
bakery,qwen3,1001501168,2,일부,0.4477312610232036
bakery,qwen3,1002104461,2,일부,0.20959243771477495
bakery,qwen3,5131242,1,일부,0.2503032328988493
bakery,qwen3,1000196053,2,자르다,0.31346823637632293
bakery,qwen3,1000400055,2,자르다,0.16783963602466292
bakery,qwen3,1000447291,2,자르다,0.32848460703839455
bakery,qwen3,1000794499,2,자르다,0.22220958549425326
bakery,qwen3,1001737665,2,자르다,0.1945355473752551
bakery,qwen3,5044138,2,자르다,0.22720656977368542
bakery,qwen3,1000400055,1,작다,0.1280315206842098
bakery,qwen3,1000634077,1,작다,0.15920493236226652
bakery,qwen3,1000634077,2,작다,0.16119320982539515
bakery,qwen3,1000635372,1,작다,0.355355518713278
bakery,qwen3,1000659491,1,작다,0.1402507959570928
bakery,qwen3,1000794499,1,작다,0.12117632784632484
bakery,qwen3,1001385477,1,작다,0.13584520720363505
bakery,qwen3,1001385477,2,작다,0.13580313927755128
bakery,qwen3,1001501168,1,작다,0.12379879215024682
bakery,qwen3,1001737663,1,작다,0.1206799049869044
bakery,qwen3,1001737665,2,작다,0.12496556586723795
bakery,qwen3,5003416,1,작다,0.12659903518630142
bakery,qwen3,5003416,2,작다,0.14531597332796584
bakery,qwen3,5007270,1,작다,0.2512490659405899
bakery,qwen3,5007270,2,작다,0.2205985113232611
bakery,qwen3,5012764,1,작다,0.2148091121931585
bakery,qwen3,5012764,2,작다,0.23907458469903312
bakery,qwen3,5025646,1,작다,0.11482067873553849
bakery,qwen3,5043336,1,작다,0.10879301558304168
bakery,qwen3,5074339,1,작다,0.185376021996525
bakery,qwen3,5115048,1,작다,0.1864769701581794
bakery,qwen3,5131242,1,작다,0.15430682966417678
bakery,qwen3,5131242,2,작다,0.15946697324610887
bakery,qwen3,5132010,1,작다,0.0994127374691102
bakery,qwen3,5138995,1,작다,0.15314479482254786
bakery,qwen3,1000128336,1,잘다,0.311593396002576
bakery,qwen3,1000870987,1,잘다,0.31185938185849893
bakery,qwen3,1000220024,1,잘리다,0.3090096007012325
bakery,qwen3,1000220024,2,잘리다,0.2291076601962205
bakery,qwen3,1000528793,1,잘리다,0.17413104615512104
bakery,qwen3,1001737663,2,잘리다,0.18588657658670477
bakery,qwen3,1002104461,2,잘리다,0.17636474117384426
bakery,qwen3,5052041,1,잘리다,0.2538017978472208
bakery,qwen3,5052041,2,잘리다,0.2692237526568434
bakery,qwen3,5097791,2,잘리다,0.29618224131571036
bakery,qwen3,5131242,1,잘리다,0.21062145832406673
bakery,qwen3,5138995,2,잘리다,0.2941017063322111
bakery,qwen3,5007270,1,장면,0.2623310612105837
bakery,qwen3,1000831954,2,재료,0.5478669316821588
bakery,qwen3,5003416,1,재료,0.2271361327231777
bakery,qwen3,5003416,2,재료,0.2607169016418385
bakery,qwen3,1000229955,1,쟁반,0.26536906286121414
bakery,qwen3,1000528793,1,쟁반,0.1985945625314339
bakery,qwen3,1000635372,1,쟁반,0.2765933153903669
bakery,qwen3,5003416,2,쟁반,0.2262152955299431
bakery,qwen3,5007270,2,쟁반,0.17170430851338936
bakery,qwen3,5132010,1,쟁반,0.15475712181523474
bakery,qwen3,1000400055,1,적히다,0.1450691302270776
bakery,qwen3,1000637683,1,적히다,0.30023944580168493
bakery,qwen3,1000659491,1,적히다,0.15891446789368702
bakery,qwen3,1000794499,1,적히다,0.13730169251161264
bakery,qwen3,1000870987,2,적히다,0.09987023584169644
bakery,qwen3,1001194675,2,적히다,0.13979121319308735
bakery,qwen3,1001737663,1,적히다,0.13673920889776423
bakery,qwen3,1002104461,1,적히다,0.275150654018942
bakery,qwen3,1002202568,2,적히다,0.15164295131813818
bakery,qwen3,5003416,2,적히다,0.1646536864213714
bakery,qwen3,5025646,1,적히다,0.26020054916525853
bakery,qwen3,5043336,1,적히다,0.12327048886922437
bakery,qwen3,5043336,2,적히다,0.14652505101768332
bakery,qwen3,5063069,1,적히다,0.15777074948997843
bakery,qwen3,5097791,1,적히다,0.17114737763853455
bakery,qwen3,5115048,1,적히다,0.10564606170285117
bakery,qwen3,5132010,1,적히다,0.11264194380466545
bakery,qwen3,5138995,1,적히다,0.17352431701962326
bakery,qwen3,1001385477,1,전경,0.24372504077780777
bakery,qwen3,1001737663,2,전경,0.24433540005409743
bakery,qwen3,5003416,1,전경,0.2271361327231777
bakery,qwen3,1000794499,2,전체,0.29807766392222357
bakery,qwen3,1000894225,2,정렬,0.36130447591608195
bakery,qwen3,5116362,1,정사각형,0.36094920116207074
bakery,qwen3,1000128336,2,정성,0.3096469043414241
bakery,qwen3,5115048,2,정원,0.19878319748389014
bakery,qwen3,1000831954,1,제과,0.2952691442108522
bakery,qwen3,1000400055,1,제품,0.20768169244328297
bakery,qwen3,1001194675,1,제품,0.46220029413647934
bakery,qwen3,1001493094,2,제품,0.2916394073596285
bakery,qwen3,1002202568,1,제품,0.5957455354889212
bakery,qwen3,5043336,2,제품,0.2097659959293731
bakery,qwen3,1001737663,1,젤리,0.23124575258730679
bakery,qwen3,1001737663,2,젤리,0.26095725010716664
bakery,qwen3,1000196053,2,조각,0.2047161438639923
bakery,qwen3,1000321559,2,조각,0.14030574836542686
bakery,qwen3,1000352096,1,조각,0.2190133616524767
bakery,qwen3,1000352096,2,조각,0.1956024647058173
bakery,qwen3,1000447291,1,조각,0.3384279217948866
bakery,qwen3,1000447291,2,조각,0.4290457167140156
bakery,qwen3,1000794499,2,조각,0.14511801896696291
bakery,qwen3,1000831954,2,조각,0.4139283349114937
bakery,qwen3,1000894225,2,조각,0.17589976081709843
bakery,qwen3,1001737663,1,조각,0.12268801011412786
bakery,qwen3,1001737663,2,조각,0.1384515191405096
bakery,qwen3,1001737665,1,조각,0.19221461035257673
bakery,qwen3,1001737665,2,조각,0.12704498408994547
bakery,qwen3,5007270,1,조각,0.12771491635922846
bakery,qwen3,5007270,2,조각,0.3364038825435778
bakery,qwen3,5012764,1,조각,0.21838352070480105
bakery,qwen3,5012764,2,조각,0.12152638448285494
bakery,qwen3,5044137,2,조각,0.18118904323681267
bakery,qwen3,5052041,1,조각,0.18903594394913137
bakery,qwen3,5052041,2,조각,0.20052248111989154
bakery,qwen3,5052044,1,조각,0.13936744362152276
bakery,qwen3,5057085,2,조각,0.11625365390248318
bakery,qwen3,5074339,2,조각,0.24457974453575645
bakery,qwen3,5138995,2,조각,0.21905200887121512
bakery,qwen3,1000634077,1,종류,0.2582485127226306
bakery,qwen3,1000637683,2,종류,0.6926778203707112
bakery,qwen3,1000831954,1,종류,0.22936340110098782
bakery,qwen3,1002104461,1,종류,0.1969535262742756
bakery,qwen3,5043336,1,종류,0.17647464844242156
bakery,qwen3,1000528793,1,종이,0.26639986360334894
bakery,qwen3,5052044,1,주머니,0.28626577400407516
bakery,qwen3,1000635372,2,주변,0.2207446345026987
bakery,qwen3,1000635372,2,주재료,0.2207446345026987
bakery,qwen3,5007270,1,주전자,0.2623310612105837
bakery,qwen3,1001737663,1,주황색,0.2050914205589055
bakery,qwen3,1001737663,2,주황색,0.23144249150875928
bakery,qwen3,5057085,1,주황색,0.18259777012247042
bakery,qwen3,5057085,2,주황색,0.19433542855446542
bakery,qwen3,5003416,1,줄무늬,0.24258793683720614
bakery,qwen3,5003416,2,줄무늬,0.27845316599171144
bakery,qwen3,1000831954,1,중성,0.2536872499516017
bakery,qwen3,1001556191,1,중성,0.2805983901303202
bakery,qwen3,5052041,1,중성,0.33360538964213304
bakery,qwen3,1002104461,1,즐기다,0.25354655046604335
bakery,qwen3,1001556191,1,지니다,0.26579198311308755
bakery,qwen3,1001737663,2,지니다,0.23144249150875928
bakery,qwen3,5044138,2,지니다,0.2480417618297124
bakery,qwen3,5138995,1,지니다,0.26026440379420895
bakery,qwen3,1000794499,1,직사각,0.2174070477243914
bakery,qwen3,5044138,2,직사각,0.2618593617433998
bakery,qwen3,5052044,1,직사각,0.24595179816859242
bakery,qwen3,1000794499,1,직사각형,0.1702998705696946
bakery,qwen3,1000794499,2,직사각형,0.20060913648630055
bakery,qwen3,1000831954,1,직사각형,0.1987189756916629
bakery,qwen3,1002104461,2,직사각형,0.18158954015972412
bakery,qwen3,5044137,1,직사각형,0.16490971717346306
bakery,qwen3,5044137,2,직사각형,0.2504732200953685
bakery,qwen3,5044138,1,직사각형,0.21328673251341687
bakery,qwen3,5131242,1,직사각형,0.43372222259706333
bakery,qwen3,5131242,2,직사각형,0.22411312000140746
bakery,qwen3,1000637683,1,진열,0.111523538018123
bakery,qwen3,1000831954,1,진열,0.17853400869366642
bakery,qwen3,1000870987,2,진열,0.11128999403156875
bakery,qwen3,1001194675,1,진열,0.35977174621353314
bakery,qwen3,1001194675,2,진열,0.15577577394114003
bakery,qwen3,1001385477,1,진열,0.1715230408993387
bakery,qwen3,1001385477,2,진열,0.1714699244239418
bakery,qwen3,1001493094,1,진열,0.2149051601500232
bakery,qwen3,1001493094,2,진열,0.22700898329474328
bakery,qwen3,1002202568,1,진열,0.2318609640893879
bakery,qwen3,5025646,1,진열,0.1449767156328398
bakery,qwen3,5040946,1,진열,0.14959622851049112
bakery,qwen3,5043336,2,진열,0.16327959892956523
bakery,qwen3,1000634077,2,진열대,0.30887698430059324
bakery,qwen3,1000870987,2,진열대,0.1688949938678673
bakery,qwen3,1000220024,2,질감,0.2852559268841149
bakery,qwen3,1000321559,2,질감,0.23454211392032476
bakery,qwen3,1001556191,1,질감,0.26579198311308755
bakery,qwen3,5138995,2,질감,0.3661783057194288
bakery,qwen3,5052044,2,짐작,0.2788525153183358
bakery,qwen3,1000659491,2,짙다,0.1877610626198605
bakery,qwen3,1002104461,2,짙다,0.1938220236468574
bakery,qwen3,5052041,1,짙다,0.2789241077130581
bakery,qwen3,5052041,2,짙다,0.29587258885445045
bakery,qwen3,5052044,1,짙다,0.2056378223331097
bakery,qwen3,5052044,2,짙다,0.20031253893927392
bakery,qwen3,5115048,2,짙다,0.1427950791155975
bakery,qwen3,5007270,1,차리다,0.2623310612105837
bakery,qwen3,5012764,2,찻받침,0.2496195927248019
bakery,qwen3,5012764,2,찻잔,0.2496195927248019
bakery,qwen3,1000220024,1,채우다,0.43380375891797857
bakery,qwen3,1000220024,2,채우다,0.321633256586474
bakery,qwen3,5115048,1,체리,0.17866274964795645
bakery,qwen3,5115048,2,체리,0.18240772261819585
bakery,qwen3,1000128336,1,체크,0.291746242096124
bakery,qwen3,1000128336,2,체크,0.2660402319664915
bakery,qwen3,1000229955,2,체크,0.22656151547906328
bakery,qwen3,1000635372,1,초록색,0.2765933153903669
bakery,qwen3,1002104461,1,초록색,0.3780254658548183
bakery,qwen3,1002104461,2,초록색,0.40228413476810804
bakery,qwen3,5040946,2,초록색,0.2449833641797685
bakery,qwen3,5057085,2,초록색,0.1780115000863135
bakery,qwen3,5116362,2,초록색,0.4917434704131306
bakery,qwen3,1000400055,2,초콜릿,0.2863689477922138
bakery,qwen3,1000634077,2,초콜릿,0.2140704656398652
bakery,qwen3,1000870987,2,초콜릿,0.11705446446068234
bakery,qwen3,1001501168,1,초콜릿,0.3288186284020635
bakery,qwen3,1001501168,2,초콜릿,0.18328044154278605
bakery,qwen3,1001737665,1,초콜릿,0.2510898994544916
bakery,qwen3,1001737665,2,초콜릿,0.4978764968411404
bakery,qwen3,5044137,1,초콜릿,0.4674993177057244
bakery,qwen3,5044137,2,초콜릿,0.23668720377257707
bakery,qwen3,5057085,2,초콜릿,0.3037242404835795
bakery,qwen3,5132010,1,초콜릿,0.2640474871565382
bakery,qwen3,5052044,2,촬영,0.2788525153183358
bakery,qwen3,1001737665,2,층층이,0.21237475640572043
bakery,qwen3,5044137,2,층층이,0.3028846766084093
bakery,qwen3,5044138,1,층층이,0.25791692611926104
bakery,qwen3,5044138,2,층층이,0.2480417618297124
bakery,qwen3,1000220024,1,치즈,0.3395965981385323
bakery,qwen3,1000220024,2,치즈,0.25178564625032696
bakery,qwen3,1000234669,1,치즈,0.3031613716874778
bakery,qwen3,1000831954,1,치즈,0.21210535569235117
bakery,qwen3,1000831954,2,치즈,0.15268867531273378
bakery,qwen3,5007270,2,치즈,0.16545557564249141
bakery,qwen3,5043336,1,치즈,0.1631961241370049
bakery,qwen3,1001501168,1,카라멜,0.25851852145028104
bakery,qwen3,1002104461,2,캐러멜,0.23181958795205812
bakery,qwen3,5097791,1,캐러멜,0.27099918010856494
bakery,qwen3,5097791,2,캐러멜,0.19465581579269695
bakery,qwen3,1000528793,1,캐릭터,0.21680598949741733
bakery,qwen3,1000528793,2,캐릭터,0.2892295557197074
bakery,qwen3,5063069,1,캐릭터,0.23663605630288215
bakery,qwen3,5132010,1,캐릭터,0.16894858801390197
bakery,qwen3,5097791,2,커스터드,0.22656186369531828
bakery,qwen3,1002104461,1,커피,0.25354655046604335
bakery,qwen3,1000634077,1,케이크,0.19199850581228342
bakery,qwen3,1000634077,2,케이크,0.19439633542972443
bakery,qwen3,1000794499,1,케이크,0.4384099199899163
bakery,qwen3,1000794499,2,케이크,0.516436302517402
bakery,qwen3,1001737663,1,케이크,0.4366138868046584
bakery,qwen3,1001737663,2,케이크,0.3284746724623718
bakery,qwen3,1001737665,1,케이크,0.4560270018703722
bakery,qwen3,1001737665,2,케이크,0.30141279630583667
bakery,qwen3,5012764,1,케이크,0.2590562237236607
bakery,qwen3,5012764,2,케이크,0.14415999039356983
bakery,qwen3,5044137,1,케이크,0.28302255180708796
bakery,qwen3,5044137,2,케이크,0.42986896785568557
bakery,qwen3,5044138,1,케이크,0.36604850421911256
bakery,qwen3,5044138,2,케이크,0.17601659043434736
bakery,qwen3,5074339,2,케이크,0.2901313469727287
bakery,qwen3,5007270,2,코스터,0.23032858395019826
bakery,qwen3,1000634077,2,코코넛,0.3366061134208165
bakery,qwen3,1000870987,2,코코아,0.18405737672823508
bakery,qwen3,1001501168,2,코팅,0.26445081948041754
bakery,qwen3,5057085,2,코팅,0.21911810015254576
bakery,qwen3,1000229955,1,쿠키,0.4527742141731349
bakery,qwen3,1000229955,2,쿠키,0.3354056049495796
bakery,qwen3,1001501168,1,쿠키,0.16440931420103175
bakery,qwen3,1001501168,2,쿠키,0.18328044154278605
bakery,qwen3,1002104461,1,쿠키,0.4837419104013001
bakery,qwen3,1002104461,2,쿠키,0.34318974681914854
bakery,qwen3,5057085,2,쿠키,0.607448480967159
bakery,qwen3,5116362,1,쿠키,0.6886556169153945
bakery,qwen3,5116362,2,쿠키,0.4195077621152826
bakery,qwen3,5132010,1,쿠키,0.3960712307348073
bakery,qwen3,5132010,2,쿠키,0.6147201271606189
bakery,qwen3,1000635372,1,크다,0.31877840989702266
bakery,qwen3,1001737665,2,크다,0.22420546343720685
bakery,qwen3,1002202568,1,크다,0.32946199315946106
bakery,qwen3,1000637683,1,크런치,0.16924942294767986
bakery,qwen3,5025646,1,크런치,0.22001835574585715
bakery,qwen3,1000234669,2,크리미,0.4074406043353908
bakery,qwen3,1001194675,2,크리미,0.19205710659909647
bakery,qwen3,1001737663,2,크리미,0.21200161701674156
bakery,qwen3,5012764,2,크리미,0.18608528227427196
bakery,qwen3,5043336,2,크리미,0.20130862805998478
bakery,qwen3,5063069,2,크리미,0.4628492274173384
bakery,qwen3,5122986,1,크리스피 크림 도넛,0.20440793175160898
bakery,qwen3,5122986,2,크리스피 크림 도넛,0.2617330593380889
bakery,qwen3,1000234669,1,크림,0.2437285296460798
bakery,qwen3,1000400055,2,크림,0.1300251154807258
bakery,qwen3,1000831954,2,크림,0.24551008012949593
bakery,qwen3,1000870987,1,크림,0.19627335180038158
bakery,qwen3,1000870987,2,크림,0.10629658261745764
bakery,qwen3,1001501168,1,크림,0.14929928841731296
bakery,qwen3,1001501168,2,크림,0.16643606620540946
bakery,qwen3,1001737665,2,크림,0.15070639815291834
bakery,qwen3,1002104461,1,크림,0.14642788204451668
bakery,qwen3,1002104461,2,크림,0.15582445934165673
bakery,qwen3,1002202568,2,크림,0.1614007153111553
bakery,qwen3,5043336,1,크림,0.26240514191138464
bakery,qwen3,5044137,1,크림,0.14151127590354398
bakery,qwen3,5044137,2,크림,0.21493448392784278
bakery,qwen3,5097791,2,크림,0.13084371998745428
bakery,qwen3,5043336,2,크림치즈,0.27004058103992057
bakery,qwen3,1000196053,2,클로즈업,0.3858546463551206
bakery,qwen3,1000794499,2,클로즈업,0.2735224532436207
bakery,qwen3,5003416,1,타르트,0.4851758736744123
bakery,qwen3,5097791,2,타르트,0.6236940663782157
bakery,qwen3,1000196053,1,타원,0.3553184202311959
bakery,qwen3,1000217187,1,타원,0.38491487253081097
bakery,qwen3,1000659491,1,타원,0.23835148843114126
bakery,qwen3,1001556191,1,타원,0.26579198311308755
bakery,qwen3,1000321559,1,타입,0.5437633045881595
bakery,qwen3,1001493094,1,타입,0.6107374105110989
bakery,qwen3,1001493094,2,타입,0.6451351774122296
bakery,qwen3,1000637683,2,탁자,0.2972377549526688
bakery,qwen3,1002104461,1,테두리,0.2178403276588678
bakery,qwen3,1002104461,2,테두리,0.23181958795205812
bakery,qwen3,5044137,1,테두리,0.2105259072236021
bakery,qwen3,1000870987,2,테마,0.18405737672823508
bakery,qwen3,5132010,1,토끼,0.19049379675351394
bakery,qwen3,5132010,2,토끼,0.22174111979752958
bakery,qwen3,5043336,1,토마토,0.20846820162373417
bakery,qwen3,5043336,2,토마토,0.24779502505979262
bakery,qwen3,5007270,2,토스트,0.23032858395019826
bakery,qwen3,1000234669,2,토핑,0.21227898916734925
bakery,qwen3,1000634077,2,토핑,0.26147372497022925
bakery,qwen3,1000794499,1,토핑,0.19656178975847008
bakery,qwen3,1000831954,1,토핑,0.22936340110098782
bakery,qwen3,1002104461,2,토핑,0.20959243771477495
bakery,qwen3,1000528793,2,통째,0.2892295557197074
bakery,qwen3,1000635372,2,통째,0.17965008788766393
bakery,qwen3,1000659491,2,통째,0.21272044990652478
bakery,qwen3,5097791,2,통째,0.18438436257602114
bakery,qwen3,1000217187,1,투명,0.35258251351496755
bakery,qwen3,1000229955,2,투명,0.1965798145691966
bakery,qwen3,5057085,1,투명,0.16725979001202512
bakery,qwen3,5057085,2,투명,0.1780115000863135
bakery,qwen3,5132010,1,투명,0.15475712181523474
bakery,qwen3,5132010,2,투명,0.18014244071346558
bakery,qwen3,1001501168,1,트다,0.25851852145028104
bakery,qwen3,5132010,2,트레이,0.24164771191882792
bakery,qwen3,5057085,1,트리,0.4117671880926587
bakery,qwen3,5097791,1,트리,0.2894349357758646
bakery,qwen3,1000870987,2,티라미수,0.18405737672823508
bakery,qwen3,1000634077,1,파도,0.3324541621693284
bakery,qwen3,1000352096,2,파란색,0.6539577471999399
bakery,qwen3,1000400055,1,파란색,0.43517048602732816
bakery,qwen3,5040946,2,파란색,0.2674487156363805
bakery,qwen3,5044137,1,파란색,0.1994170328334921
bakery,qwen3,1000352096,1,파스키,0.4128024376211719
bakery,qwen3,5040946,1,파스키,0.22702898240580774
bakery,qwen3,1000229955,1,파스텔,0.3559728990041526
bakery,qwen3,5063069,1,판지,0.2907660128249047
bakery,qwen3,1001385477,1,패션프루트,0.2603053688067792
bakery,qwen3,1001385477,2,패션프루트,0.2602247586237658
bakery,qwen3,5057085,1,페이스,0.4117671880926587
bakery,qwen3,5097791,1,페이스,0.2894349357758646
bakery,qwen3,1000634077,2,페이스트리,0.24179959476008844
bakery,qwen3,1000831954,1,페이스트리,0.21210535569235117
bakery,qwen3,5003416,2,페이스트리,0.21798277669965632
bakery,qwen3,5057085,1,페이스트리,0.16117280386195929
bakery,qwen3,5063069,2,페이스트리,0.44600503051469104
bakery,qwen3,5097791,1,페이스트리,0.22657968620901828
bakery,qwen3,5097791,2,페이스트리,0.16274976789007561
bakery,qwen3,5012764,2,평온,0.2496195927248019
bakery,qwen3,5097791,1,포르투갈식,0.3154186740081116
bakery,qwen3,1000229955,1,포장,0.24719319731206926
bakery,qwen3,1000229955,2,포장,0.18311551605315515
bakery,qwen3,1000528793,1,포장,0.1849922683210858
bakery,qwen3,1002104461,1,포장,0.17606672488968342
bakery,qwen3,5057085,1,포장,0.15580370156577425
bakery,qwen3,5116362,2,포장,0.22903129588306095
bakery,qwen3,5128440,1,포장,0.25104292302521297
bakery,qwen3,5132010,2,포장,0.16780398367254382
bakery,qwen3,5063069,1,포장재,0.2907660128249047
bakery,qwen3,1000352096,2,포장지,0.2703981340053936
bakery,qwen3,1000528793,1,포장지,0.17928967200803272
bakery,qwen3,1000528793,2,포장지,0.23918099449292698
bakery,qwen3,1000659491,1,포장지,0.19710691702986732
bakery,qwen3,1000894225,1,포장지,0.30694950451853964
bakery,qwen3,1001501168,1,포장지,0.17398545288984824
bakery,qwen3,1001501168,2,포장지,0.19395574260885076
bakery,qwen3,1002202568,1,포장지,0.25807505037195266
bakery,qwen3,1002202568,2,포장지,0.18808781239241631
bakery,qwen3,1000794499,1,포크,0.19656178975847008
bakery,qwen3,1000794499,2,포크,0.2315450433270353
bakery,qwen3,5003416,1,포크,0.20535803799462682
bakery,qwen3,5040946,1,포크,0.19218691169322313
bakery,qwen3,5044137,2,포크,0.28909866028561787
bakery,qwen3,5043336,2,포함,0.27004058103992057
bakery,qwen3,1000128336,1,폭신폭신,0.2159531035425557
bakery,qwen3,1000128336,2,폭신폭신,0.19692529147099017
bakery,qwen3,1000196053,2,폭신폭신,0.26742064968544677
bakery,qwen3,1000217187,2,폭신폭신,0.3830293272168108
bakery,qwen3,1001556191,1,폭신폭신,0.2077013666476718
bakery,qwen3,1001556191,2,폭신폭신,0.2854063486700067
bakery,qwen3,5052041,2,폭신폭신,0.2619424690475086
bakery,qwen3,5052044,1,폭신폭신,0.18205565821437344
bakery,qwen3,5052044,2,폭신폭신,0.17734106844463562
bakery,qwen3,5063069,1,폭신폭신,0.1849176627397078
bakery,qwen3,5074339,2,폭신폭신,0.31949446169280277
bakery,qwen3,1000234669,2,표면,0.21227898916734925
bakery,qwen3,1000321559,2,표면,0.22386675903907413
bakery,qwen3,5052041,1,표면,0.3016188902222628
bakery,qwen3,5052044,1,표면,0.22236963404985619
bakery,qwen3,5115048,1,표면,0.15124343035676602
bakery,qwen3,1001194675,2,표시,0.23640713267616897
bakery,qwen3,5043336,1,표시,0.20846820162373417
bakery,qwen3,5052044,2,풍미,0.2788525153183358
bakery,qwen3,1000870987,2,풍선,0.18405737672823508
bakery,qwen3,1000234669,2,프레시,0.27327566283249555
bakery,qwen3,5132010,1,플라스틱,0.19049379675351394
bakery,qwen3,5132010,2,플라스틱,0.22174111979752958
bakery,qwen3,1001501168,1,플랫,0.25851852145028104
bakery,qwen3,1001501168,2,플레인,0.28819163311185675
bakery,qwen3,1000637683,1,피넛,0.7377744973279324
bakery,qwen3,5115048,1,피라미드,0.19470202322860305
bakery,qwen3,1000635372,1,피스타치오,0.3019573480119227
bakery,qwen3,1000635372,2,피스타치오,0.5389502636629918
bakery,qwen3,1000870987,1,피스타치오,0.2765874958755567
bakery,qwen3,1000870987,2,피스타치오,0.14979265058963892
bakery,qwen3,1000234669,1,필라델피아,0.38726107186477216
bakery,qwen3,1000234669,2,필라델피아,0.2507636054515786
bakery,qwen3,5012764,2,필링,0.22905628848988982
bakery,qwen3,5044137,1,필링,0.22484773722196622
bakery,qwen3,1000352096,1,하늘색,0.4128024376211719
bakery,qwen3,5040946,1,하늘색,0.22702898240580774
bakery,qwen3,1000635372,2,하다,0.18965781005742785
bakery,qwen3,1000870987,2,하다,0.1581371120246426
bakery,qwen3,5043336,1,하다,0.1951896773183175
bakery,qwen3,1000870987,1,하트,0.31185938185849893
bakery,qwen3,1000870987,2,하트,0.3377899877357346
bakery,qwen3,1002202568,2,한국,0.27947269357794946
bakery,qwen3,1000321559,1,한국어,0.21974495076952133
bakery,qwen3,1000794499,1,한국어,0.17571653179254879
bakery,qwen3,1001194675,2,한국어,0.1789025809371182
bakery,qwen3,5043336,1,한국어,0.15775961956652568
bakery,qwen3,5063069,1,한국어,0.20191250676931977
bakery,qwen3,5071363,1,한국어,0.24005290916094035
bakery,qwen3,5071363,2,한국어,0.25559010544653604
bakery,qwen3,5132010,1,한국어,0.14415737590454644
bakery,qwen3,1000400055,1,함께,0.17475691553409278
bakery,qwen3,1000400055,2,함께,0.14716461032332312
bakery,qwen3,1000528793,1,함께,0.17413104615512104
bakery,qwen3,1000637683,1,함께,0.12056072712331001
bakery,qwen3,1000794499,2,함께,0.1948370947048746
bakery,qwen3,1001493094,2,함께,0.24540441036842037
bakery,qwen3,1001501168,1,함께,0.16897944308874877
bakery,qwen3,5007270,1,함께,0.3429429843522471
bakery,qwen3,5044137,2,함께,0.24326646013995892
bakery,qwen3,5132010,1,함께,0.13569364225355843
bakery,qwen3,5115048,1,함량,0.19470202322860305
bakery,qwen3,1000634077,1,항해,0.3324541621693284
bakery,qwen3,1000831954,2,허브,0.21255594580870543
bakery,qwen3,1000128336,1,호두,0.311593396002576
bakery,qwen3,1000128336,2,호두,0.2841386362208554
bakery,qwen3,1000831954,2,호박,0.21255594580870543
bakery,qwen3,1000229955,2,혼합,0.2636972287703827
bakery,qwen3,1000128336,2,황금빛,0.1295826126781317
bakery,qwen3,1000196053,1,황금빛,0.1827092076806387
bakery,qwen3,1000196053,2,황금빛,0.17597062424776694
bakery,qwen3,1000217187,1,황금빛,0.19792807628390996
bakery,qwen3,1000217187,2,황금빛,0.2520445219725021
bakery,qwen3,1000220024,1,황금빛,0.19783801744755491
bakery,qwen3,1000220024,2,황금빛,0.14668219101416277
bakery,qwen3,1000447291,1,황금빛,0.14545353272355072
bakery,qwen3,1000659491,1,황금빛,0.12256333789961858
bakery,qwen3,1000659491,2,황금빛,0.10938353501234502
bakery,qwen3,1000794499,1,황금빛,0.10589440946779158
bakery,qwen3,1000794499,2,황금빛,0.12474105805833022
bakery,qwen3,1000831954,1,황금빛,0.12356573443372765
bakery,qwen3,1000894225,1,황금빛,0.19086471650675588
bakery,qwen3,1000894225,2,황금빛,0.15120053617550622
bakery,qwen3,1001556191,2,황금빛,0.18780574125001867
bakery,qwen3,1001737663,2,황금빛,0.11901064464849187
bakery,qwen3,1002104461,2,황금빛,0.11291445528651932
bakery,qwen3,5003416,2,황금빛,0.1269897302162635
bakery,qwen3,5044138,2,황금빛,0.1275461985509456
bakery,qwen3,5052041,1,황금빛,0.16249218275669902
bakery,qwen3,5052044,2,황금빛,0.11669562001167627
bakery,qwen3,5063069,1,황금빛,0.12168124108972003
bakery,qwen3,5063069,2,황금빛,0.2598281357714547
bakery,qwen3,5074339,1,황금빛,0.16199768327445419
bakery,qwen3,5097791,1,황금빛,0.1319980122274231
bakery,qwen3,5097791,2,황금빛,0.18962552390638296
bakery,qwen3,5122986,1,황금빛,0.09322109165019835
bakery,qwen3,5122986,2,황금빛,0.11936445569094573
bakery,qwen3,5128440,1,황금빛,0.1512893625524566
bakery,qwen3,5131242,1,황금빛,0.13484672208302675
bakery,qwen3,5131242,2,황금빛,0.13935610413057234
bakery,qwen3,5138995,1,황금빛,0.13383123501948618
bakery,qwen3,5138995,2,황금빛,0.18829349760224318
bakery,qwen3,1000635372,2,황록색,0.2207446345026987
bakery,qwen3,1000234669,1,회색,0.2437285296460798
bakery,qwen3,1000321559,1,회색,0.18275337234402653
bakery,qwen3,1000321559,2,회색,0.16643690522510474
bakery,qwen3,1000400055,1,회색,0.1544038887709043
bakery,qwen3,1001194675,1,회색,0.34362933952504193
bakery,qwen3,1001493094,1,회색,0.20526269508402542
bakery,qwen3,1001493094,2,회색,0.21682343824054745
bakery,qwen3,1002202568,1,회색,0.22145771809548176
bakery,qwen3,5025646,1,회색,0.13847183266540955
bakery,qwen3,5074339,2,회색,0.2901313469727287
bakery,qwen3,5116362,1,회색,0.20845492456778916
bakery,qwen3,5122986,1,회색,0.12864717957298988
bakery,qwen3,5131242,1,회색,0.18609147526119205
bakery,qwen3,5131242,2,회색,0.19231452276862357
bakery,qwen3,5138995,2,회색,0.2598492140529506
bakery,qwen3,5131242,1,흩뿌리다,0.29568136434086556
bakery,qwen3,5131242,2,흩뿌리다,0.305569185235255
bakery,qwen3,1000321559,2,흩어지다,0.2476076923501637
bakery,qwen3,1000635372,2,흩어지다,0.18965781005742785
bakery,qwen3,1000659491,1,흩어지다,0.25162927472679913
bakery,qwen3,1000447291,1,희다,0.3928960453269586
bakery,qwen3,1000447291,2,희다,0.4980982788517489
bakery,qwen3,1000794499,2,희다,0.16847397063283262
bakery,qwen3,1000894225,1,희다,0.2577798933577007
bakery,qwen3,1000894225,2,희다,0.20420986552309967
bakery,qwen3,1001556191,2,희다,0.2536484733137155
bakery,qwen3,5012764,1,희다,0.2535311542689345
bakery,qwen3,5012764,2,희다,0.2821707831491261
bakery,qwen3,5044137,2,희다,0.42070085805428725
bakery,qwen3,5044138,2,희다,0.17226256409460095
bakery,qwen3,5063069,2,희다,0.35092116739200974
bakery,qwen3,5097791,1,희다,0.1782751371661152
bakery,qwen3,5116362,1,희다,0.20400906366600552
bakery,qwen3,5128440,2,희다,0.22907316863545993
bakery,qwen3,5138995,1,희다,0.36150213745798737
bakery,qwen3,5138995,2,희다,0.25430723195052474
bakery,qwen3,1000234669,2,흰색,0.1112764652899076
bakery,qwen3,1000321559,2,흰색,0.11735076438552795
bakery,qwen3,1000352096,1,흰색,0.18318127161563513
bakery,qwen3,1000400055,1,흰색,0.1088665662633974
bakery,qwen3,1000400055,2,흰색,0.18335532819890685
bakery,qwen3,1000634077,1,흰색,0.13537365037806634
bakery,qwen3,1000634077,2,흰색,0.13706430389083374
bakery,qwen3,1000635372,2,흰색,0.08988609671483705
bakery,qwen3,1000637683,2,흰색,0.12103370779166091
bakery,qwen3,1000831954,1,흰색,0.120232099472023
bakery,qwen3,1000870987,2,흰색,0.07494723123370446
bakery,qwen3,1001194675,2,흰색,0.10490577389072508
bakery,qwen3,1001501168,2,흰색,0.11735017281238831
bakery,qwen3,1001556191,1,흰색,0.13298631902184474
bakery,qwen3,1001737663,1,흰색,0.2052308182033121
bakery,qwen3,1001737663,2,흰색,0.3473996993870834
bakery,qwen3,1001737665,1,흰색,0.32153396013672536
bakery,qwen3,1001737665,2,흰색,0.21251910442717203
bakery,qwen3,1002104461,1,흰색,0.20648574139296205
bakery,qwen3,1002104461,2,흰색,0.2197363546140586
bakery,qwen3,1002202568,2,흰색,0.2275997296214823
bakery,qwen3,5007270,1,흰색,0.21363975792573195
bakery,qwen3,5012764,1,흰색,0.1826544769724211
bakery,qwen3,5040946,2,흰색,0.13381524831194586
bakery,qwen3,5043336,2,흰색,0.10995915637527463
bakery,qwen3,5044137,1,흰색,0.0997762868397013
bakery,qwen3,5044138,1,흰색,0.12904611424429643
bakery,qwen3,5074339,1,흰색,0.31525441351441613
bakery,qwen3,5074339,2,흰색,0.20456481868251536
bakery,qwen3,5115048,1,흰색,0.07928167735504668
bakery,qwen3,5115048,2,흰색,0.08094351083356936
bakery,qwen3,5122986,1,흰색,0.0907061137583294
bakery,qwen3,5122986,2,흰색,0.11614416549884884
bakery,qwen3,5132010,1,흰색,0.08453170995134002
bakery,qwen3,5132010,2,흰색,0.09839772392832181
bakery,qwen3,5138995,1,흰색,0.13022065085492274
convenience_meals,hyperclovax,1000165839,1,1,0.7329677288948144
convenience_meals,hyperclovax,1001485256,1,210,0.5626202366794084
convenience_meals,hyperclovax,1000165839,2,6,0.37479339879322865
convenience_meals,hyperclovax,1000185462,1,6,0.36595382301103574
convenience_meals,hyperclovax,1000185462,2,6,0.424034393990159
convenience_meals,hyperclovax,1000202889,2,6,0.3364427049519182
convenience_meals,hyperclovax,1001485256,1,6,0.4194195832661617
convenience_meals,hyperclovax,1001485256,2,6,0.3262698928218916
convenience_meals,hyperclovax,1000308975,1,99,0.37567386913744605
convenience_meals,hyperclovax,1000185462,1,가지,0.4504602590442659
convenience_meals,hyperclovax,1000185462,2,가지,0.5219528556604947
convenience_meals,hyperclovax,5135831,1,각각,0.36397075538450485
convenience_meals,hyperclovax,1001207466,1,갈비,0.4352767759612985
convenience_meals,hyperclovax,1001837821,1,갈색,0.3502680996120415
convenience_meals,hyperclovax,1001837821,2,갈색,0.3670443331840367
convenience_meals,hyperclovax,1001929136,1,갈색,0.3921249871445277
convenience_meals,hyperclovax,5060255,1,갈색,0.38725863528419374
convenience_meals,hyperclovax,1001837821,1,감자,0.3949361220541566
convenience_meals,hyperclovax,1001837821,2,감자,0.41385174878961156
convenience_meals,hyperclovax,1000308975,1,강정,0.7513477382748921
convenience_meals,hyperclovax,1000165839,2,개입,0.43195564411448234
convenience_meals,hyperclovax,1000202889,2,개입,0.3877558297266099
convenience_meals,hyperclovax,1001485256,2,개입,0.376031494051996
convenience_meals,hyperclovax,1000572062,1,검은색,0.4890627532624152
convenience_meals,hyperclovax,1000572062,2,검은색,0.45410457392829473
convenience_meals,hyperclovax,1000811962,1,검은색,0.4728021110714589
convenience_meals,hyperclovax,1000811962,2,검은색,0.4728021110714589
convenience_meals,hyperclovax,1001706193,2,검은색,0.4574100029319205
convenience_meals,hyperclovax,5037794,1,검은색,0.5834195811411623
convenience_meals,hyperclovax,5037794,2,검은색,0.9260675158629907
convenience_meals,hyperclovax,5072582,2,계란,0.38360148201428684
convenience_meals,hyperclovax,1001861172,2,고기,0.3764722711962231
convenience_meals,hyperclovax,1002382999,1,고기,0.47330045738162013
convenience_meals,hyperclovax,1002382999,2,고기,0.4385171889214077
convenience_meals,hyperclovax,5060255,1,고기,0.369632276872962
convenience_meals,hyperclovax,5073094,2,고기,0.45859519037120244
convenience_meals,hyperclovax,1000942597,1,고추,0.4236391786444938
convenience_meals,hyperclovax,1001191650,2,곤약,0.5109228454164765
convenience_meals,hyperclovax,1000202889,2,골든,0.41413440302172855
convenience_meals,hyperclovax,1001485256,2,골든,0.401612474572952
convenience_meals,hyperclovax,1001485256,1,골든콘샌드밥,0.5626202366794084
convenience_meals,hyperclovax,1000165839,1,공기,0.3664838644474072
convenience_meals,hyperclovax,1001191650,1,과자,0.531429156505972
convenience_meals,hyperclovax,5066426,2,구성,0.4566518415545609
convenience_meals,hyperclovax,1000572062,2,국물,0.40202870350743963
convenience_meals,hyperclovax,1001207466,2,국물,0.34857753174633577
convenience_meals,hyperclovax,1001861172,1,국물,0.7642535785067849
convenience_meals,hyperclovax,1001861172,2,국물,0.30822062295035213
convenience_meals,hyperclovax,1002382999,1,국물,0.3874945725838442
convenience_meals,hyperclovax,1002382999,2,국물,0.35901725435004495
convenience_meals,hyperclovax,5088325,2,국물,0.5103415868390099
convenience_meals,hyperclovax,5090388,1,국물,0.22256875978709154
convenience_meals,hyperclovax,5090388,2,국물,0.558668476908086
convenience_meals,hyperclovax,5156742,1,국물,0.7642535785067849
convenience_meals,hyperclovax,5156742,2,국물,0.558668476908086
convenience_meals,hyperclovax,5073094,1,국수,0.8227466382003744
convenience_meals,hyperclovax,5073094,2,국수,0.45859519037120244
convenience_meals,hyperclovax,5088325,1,국수,0.8227466382003744
convenience_meals,hyperclovax,5088325,2,국수,0.6233504249133731
convenience_meals,hyperclovax,5090388,1,국수,0.2718538613422695
convenience_meals,hyperclovax,5063596,1,그라놀라,0.4676691120529338
convenience_meals,hyperclovax,5063596,2,그래놀라,0.6878399578170217
convenience_meals,hyperclovax,1000619042,1,그리다,0.3717944044962832
convenience_meals,hyperclovax,1001401863,1,김치,0.6156422264101954
convenience_meals,hyperclovax,1001401863,2,김치,0.5171769170271157
convenience_meals,hyperclovax,1000308975,2,나다,0.4928996595036682
convenience_meals,hyperclovax,1001929136,1,나다,0.41396899497834827
convenience_meals,hyperclovax,1001929136,2,나다,0.4500093680654077
convenience_meals,hyperclovax,5063596,1,나란히,0.2009043160285214
convenience_meals,hyperclovax,5066426,1,나란히,0.4240593479255815
convenience_meals,hyperclovax,5066426,2,나란히,0.3923428916994616
convenience_meals,hyperclovax,1000832403,2,나무,0.4819026308175549
convenience_meals,hyperclovax,1001946226,1,나물,0.4694960273973605
convenience_meals,hyperclovax,1001946226,2,나물,0.3909937474443753
convenience_meals,hyperclovax,1000170826,2,나오다,0.19666946118949236
convenience_meals,hyperclovax,1002361676,1,나오다,0.5601025959771934
convenience_meals,hyperclovax,1000572062,1,냄비,0.5075331039313223
convenience_meals,hyperclovax,1000572062,2,냄비,0.47125466492348816
convenience_meals,hyperclovax,1001207466,1,냄비,0.324488157512106
convenience_meals,hyperclovax,1001207466,2,냄비,0.4085996509449137
convenience_meals,hyperclovax,1001706193,1,냄비,0.513269879196148
convenience_meals,hyperclovax,1002361676,2,냄비,0.4548823569613897
convenience_meals,hyperclovax,1000185462,1,냉동,0.49089988815697366
convenience_meals,hyperclovax,5082274,1,냉동식품,0.7071067811865476
convenience_meals,hyperclovax,5082274,2,냉동식품,0.7071067811865476
convenience_meals,hyperclovax,1001931649,2,너겟,0.5298473009707348
convenience_meals,hyperclovax,1002382999,2,넣다,0.5645216040268031
convenience_meals,hyperclovax,1000170826,2,노란색,0.21432526968450455
convenience_meals,hyperclovax,5037794,1,노릇노릇,0.8121709132572225
convenience_meals,hyperclovax,1000127954,1,다양,0.3583002921875894
convenience_meals,hyperclovax,1001191650,1,다양,0.32132777673495183
convenience_meals,hyperclovax,1001191650,2,다양,0.30892866902557115
convenience_meals,hyperclovax,1001207466,2,다양,0.33141146393966886
convenience_meals,hyperclovax,1001861172,2,다양,0.2930419736367494
convenience_meals,hyperclovax,1001866269,1,다양,0.6025386230780473
convenience_meals,hyperclovax,1001866269,2,다양,0.3375165794967775
convenience_meals,hyperclovax,5009669,1,다양,0.3468406881025345
convenience_meals,hyperclovax,5009669,2,다양,0.6025386230780473
convenience_meals,hyperclovax,5063596,1,다양,0.14138768468369647
convenience_meals,hyperclovax,5063596,2,다양,0.4159013138232337
convenience_meals,hyperclovax,5066426,1,다양,0.2984344515682992
convenience_meals,hyperclovax,5066426,2,다양,0.27611379464649227
convenience_meals,hyperclovax,5072582,1,달걀,0.7962747274056113
convenience_meals,hyperclovax,5063596,1,달리다,0.2338345560264669
convenience_meals,hyperclovax,1001207466,1,닭갈비,0.4352767759612985
convenience_meals,hyperclovax,1002309661,1,닭고기,0.5770854806889676
convenience_meals,hyperclovax,1002309661,2,닭고기,0.5770854806889676
convenience_meals,hyperclovax,5049405,2,닭고기,0.8227466382003744
convenience_meals,hyperclovax,5050290,1,닭고기,0.44940895301546263
convenience_meals,hyperclovax,5050290,2,닭고기,0.44940895301546263
convenience_meals,hyperclovax,1000169817,1,담기다,0.13033377692610096
convenience_meals,hyperclovax,1000170826,2,담기다,0.0627361264675904
convenience_meals,hyperclovax,1000202889,1,담기다,0.09376146550398523
convenience_meals,hyperclovax,1000308975,2,담기다,0.167927670872527
convenience_meals,hyperclovax,1000572062,1,담기다,0.1992853348445629
convenience_meals,hyperclovax,1000572062,2,담기다,0.18504042981410682
convenience_meals,hyperclovax,1000619042,1,담기다,0.10882963457718514
convenience_meals,hyperclovax,1000765126,1,담기다,0.1661775661296631
convenience_meals,hyperclovax,1000811962,1,담기다,0.19265938039966654
convenience_meals,hyperclovax,1000811962,2,담기다,0.19265938039966654
convenience_meals,hyperclovax,1000832403,2,담기다,0.14105991531721115
convenience_meals,hyperclovax,1000942597,1,담기다,0.12400535469844602
convenience_meals,hyperclovax,1000942597,2,담기다,0.17846408148052875
convenience_meals,hyperclovax,1001150374,1,담기다,0.3526191947240997
convenience_meals,hyperclovax,1001150374,2,담기다,1.0
convenience_meals,hyperclovax,1001191650,1,담기다,0.1555570503664878
convenience_meals,hyperclovax,1001207466,1,담기다,0.25482369769379876
convenience_meals,hyperclovax,1001207466,2,담기다,0.16043863469238295
convenience_meals,hyperclovax,1001401863,1,담기다,0.19638538866817465
convenience_meals,hyperclovax,1001401863,2,담기다,0.16497567175144703
convenience_meals,hyperclovax,1001422945,1,담기다,0.17107250951157796
convenience_meals,hyperclovax,1001502057,1,담기다,0.27823076465806706
convenience_meals,hyperclovax,1001529704,1,담기다,0.23420627420236598
convenience_meals,hyperclovax,1001529704,2,담기다,0.14214272467183112
convenience_meals,hyperclovax,1001706193,1,담기다,0.20153790747622613
convenience_meals,hyperclovax,1001706193,2,담기다,0.18638733984027078
convenience_meals,hyperclovax,1001837821,1,담기다,0.12598174800477394
convenience_meals,hyperclovax,1001837821,2,담기다,0.1320156952374144
convenience_meals,hyperclovax,1001861172,1,담기다,0.35176048232398843
convenience_meals,hyperclovax,1001861172,2,담기다,0.14186369294213716
convenience_meals,hyperclovax,1001866269,1,담기다,0.2916932108711497
convenience_meals,hyperclovax,1001866269,2,담기다,0.16339416433211817
convenience_meals,hyperclovax,1001929136,1,담기다,0.1410365128069996
convenience_meals,hyperclovax,1001929136,2,담기다,0.15331523078376005
convenience_meals,hyperclovax,1001931649,1,담기다,0.21674474855856404
convenience_meals,hyperclovax,1001931649,2,담기다,0.15509401822352967
convenience_meals,hyperclovax,1001946226,2,담기다,0.1247241592026998
convenience_meals,hyperclovax,1002066864,1,담기다,0.23629930861721163
convenience_meals,hyperclovax,1002066864,2,담기다,0.1366268432892176
convenience_meals,hyperclovax,1002309661,1,담기다,0.21745951481020162
convenience_meals,hyperclovax,1002309661,2,담기다,0.21745951481020162
convenience_meals,hyperclovax,1002361676,2,담기다,0.1786117636854702
convenience_meals,hyperclovax,1002382999,1,담기다,0.17835085315051707
convenience_meals,hyperclovax,1002382999,2,담기다,0.1652436914977228
convenience_meals,hyperclovax,5009669,1,담기다,0.1679080312836352
convenience_meals,hyperclovax,5009669,2,담기다,0.2916932108711497
convenience_meals,hyperclovax,5037794,2,담기다,0.37735786206643346
convenience_meals,hyperclovax,5049405,1,담기다,0.5454362399943969
convenience_meals,hyperclovax,5049405,2,담기다,0.31003047337315953
convenience_meals,hyperclovax,5050290,1,담기다,0.16934796688599396
convenience_meals,hyperclovax,5050290,2,담기다,0.16934796688599396
convenience_meals,hyperclovax,5060255,1,담기다,0.13928622063237622
convenience_meals,hyperclovax,5060255,2,담기다,0.2809267147101686
convenience_meals,hyperclovax,5063596,2,담기다,0.20134076885377455
convenience_meals,hyperclovax,5072582,1,담기다,0.1165406022234349
convenience_meals,hyperclovax,5072582,2,담기다,0.22457147609546038
convenience_meals,hyperclovax,5073094,1,담기다,0.31003047337315953
convenience_meals,hyperclovax,5088325,1,담기다,0.31003047337315953
convenience_meals,hyperclovax,5088325,2,담기다,0.4697864891577633
convenience_meals,hyperclovax,5090388,1,담기다,0.10244099143889608
convenience_meals,hyperclovax,5090388,2,담기다,0.25713650341076116
convenience_meals,hyperclovax,5135831,1,담기다,0.10653953858973068
convenience_meals,hyperclovax,5156742,1,담기다,0.35176048232398843
convenience_meals,hyperclovax,5156742,2,담기다,0.25713650341076116
convenience_meals,hyperclovax,5135831,2,도시락,0.6559327168537123
convenience_meals,hyperclovax,1000202889,1,동일,0.32031705672069744
convenience_meals,hyperclovax,1002382999,1,두부,0.559106342179396
convenience_meals,hyperclovax,1002382999,2,두부,0.5180171234927704
convenience_meals,hyperclovax,1000169817,2,들다,0.4954281526025431
convenience_meals,hyperclovax,1000832403,2,들다,0.41403768579776395
convenience_meals,hyperclovax,5009669,1,들다,0.49284201357416024
convenience_meals,hyperclovax,1000619042,2,들어가다,0.5523596531131748
convenience_meals,hyperclovax,1000942597,1,들어가다,0.3158126142262093
convenience_meals,hyperclovax,1001207466,2,들어가다,0.4085996509449137
convenience_meals,hyperclovax,1001401863,1,들어가다,0.5001476197697101
convenience_meals,hyperclovax,1001861172,2,들어가다,0.3612936218826204
convenience_meals,hyperclovax,1002382999,1,들어가다,0.45421787889652643
convenience_meals,hyperclovax,1001422945,1,떡볶이,0.536289697250551
convenience_meals,hyperclovax,1001422945,2,떡볶이,0.6911916350469473
convenience_meals,hyperclovax,1000202889,1,뚜껑,0.2939297967421067
convenience_meals,hyperclovax,5063596,1,뚜껑,0.21457160048792087
convenience_meals,hyperclovax,1001706193,2,뚝배기,0.6367545962162708
convenience_meals,hyperclovax,1000832403,2,뜨다,0.4819026308175549
convenience_meals,hyperclovax,1000619042,1,만두,0.5776155808863532
convenience_meals,hyperclovax,1000619042,2,만두,0.5755653588377891
convenience_meals,hyperclovax,1000765126,1,만두,0.8819909371485499
convenience_meals,hyperclovax,1000765126,2,만두,1.0
convenience_meals,hyperclovax,5090388,1,만두,0.2718538613422695
convenience_meals,hyperclovax,1001207695,2,만들다,0.5225420576591796
convenience_meals,hyperclovax,5050290,1,매콤하다,0.5308834841470511
convenience_meals,hyperclovax,5050290,2,매콤하다,0.5308834841470511
convenience_meals,hyperclovax,1000029142,2,모습,0.38677745191731433
convenience_meals,hyperclovax,1001191650,2,모습,0.3808804464099772
convenience_meals,hyperclovax,1001946226,1,모습,0.3814184773571207
convenience_meals,hyperclovax,5072582,2,모습,0.2859654936628103
convenience_meals,hyperclovax,5090388,1,모습,0.2608932282716008
convenience_meals,hyperclovax,5136646,2,모습,0.7071067811865476
convenience_meals,hyperclovax,1000029142,2,모양,0.5188332405592143
convenience_meals,hyperclovax,1001946226,2,무침,0.4260948286487097
convenience_meals,hyperclovax,1001422945,1,미미네,0.5844345802193446
convenience_meals,hyperclovax,5135831,1,박스,0.36397075538450485
convenience_meals,hyperclovax,1001502057,1,반찬,0.4361083290654762
convenience_meals,hyperclovax,1001946226,1,반찬,0.4694960273973605
convenience_meals,hyperclovax,1000170826,2,배경,0.21432526968450455
convenience_meals,hyperclovax,5066426,1,배열,0.4529076068895331
convenience_meals,hyperclovax,5066426,2,배열,0.4190335174285706
convenience_meals,hyperclovax,1000127954,1,버루카,0.5925762907517179
convenience_meals,hyperclovax,1000942597,2,버무리다,0.43796566925203756
convenience_meals,hyperclovax,1001422945,2,버무리다,0.5410887367809418
convenience_meals,hyperclovax,1002309661,1,버무리다,0.5336636994344681
convenience_meals,hyperclovax,1002309661,2,버무리다,0.5336636994344681
convenience_meals,hyperclovax,5050290,1,버무리다,0.41559396735969184
convenience_meals,hyperclovax,5050290,2,버무리다,0.41559396735969184
convenience_meals,hyperclovax,5060255,1,버무리다,0.3418199467969765
convenience_meals,hyperclovax,1000942597,1,버섯,0.4236391786444938
convenience_meals,hyperclovax,1001207466,2,보이다,0.4257657187515806
convenience_meals,hyperclovax,1001706193,1,보이다,0.5348333473220389
convenience_meals,hyperclovax,5090388,1,보이다,0.2718538613422695
convenience_meals,hyperclovax,5090388,2,보이다,0.6823787076090639
convenience_meals,hyperclovax,5156742,2,보이다,0.6823787076090639
convenience_meals,hyperclovax,1001401863,1,볶음밥,0.5764284748492575
convenience_meals,hyperclovax,1001401863,2,볶음밥,0.48423498051374786
convenience_meals,hyperclovax,1001502057,1,볶음밥,0.4083301115618659
convenience_meals,hyperclovax,1000029142,1,봉지,0.43906291280454407
convenience_meals,hyperclovax,1000942597,1,붉다,0.38874039036748914
convenience_meals,hyperclovax,1001861172,2,붉다,0.4447239194420941
convenience_meals,hyperclovax,1000185462,2,브랜드,0.4418489054386167
convenience_meals,hyperclovax,1000202889,1,브랜드,0.2488204778608795
convenience_meals,hyperclovax,1000832403,1,브랜드,0.448189870476934
convenience_meals,hyperclovax,5063596,1,브랜드,0.18164136048997537
convenience_meals,hyperclovax,5066426,1,브랜드,0.3834000105540755
convenience_meals,hyperclovax,1000029142,1,비닐,0.43906291280454407
convenience_meals,hyperclovax,5082274,1,비비고,0.7071067811865476
convenience_meals,hyperclovax,5082274,2,비비고,0.7071067811865476
convenience_meals,hyperclovax,1002066864,1,빨간색,0.7407670878310368
convenience_meals,hyperclovax,5063596,1,빨간색,0.21457160048792087
convenience_meals,hyperclovax,1001929136,1,뿌리다,0.41396899497834827
convenience_meals,hyperclovax,1001929136,2,뿌리다,0.4500093680654077
convenience_meals,hyperclovax,1001946226,2,뿌리다,0.3660891339912558
convenience_meals,hyperclovax,1000029142,2,삼각,0.5188332405592143
convenience_meals,hyperclovax,5135831,1,상단,0.36397075538450485
convenience_meals,hyperclovax,1000169817,1,상온,0.4085791572753484
convenience_meals,hyperclovax,1000169817,2,상온,0.5291315474557051
convenience_meals,hyperclovax,1000165839,1,상자,0.28468259297105813
convenience_meals,hyperclovax,1000169817,1,상자,0.34587463497770654
convenience_meals,hyperclovax,1000202889,1,상자,0.497640955721759
convenience_meals,hyperclovax,1001207466,1,상자,0.3381205375237673
convenience_meals,hyperclovax,1001485256,1,상자,0.43704021752059863
convenience_meals,hyperclovax,1000832403,1,상품,0.49572013299277967
convenience_meals,hyperclovax,1001485256,2,상품,0.376031494051996
convenience_meals,hyperclovax,5135831,1,상품,0.3127138131655428
convenience_meals,hyperclovax,1000619042,1,새우,0.6051598725774001
convenience_meals,hyperclovax,1000619042,2,새우,0.6030118832316823
convenience_meals,hyperclovax,1001502057,1,새우,0.38678365213147126
convenience_meals,hyperclovax,1001502057,2,새우,0.531906925194524
convenience_meals,hyperclovax,1000029142,1,샌드위치,0.654621259281301
convenience_meals,hyperclovax,1000029142,2,샌드위치,0.38677745191731433
convenience_meals,hyperclovax,1002347378,1,샌드위치,0.8424123493950852
convenience_meals,hyperclovax,1002347378,2,샌드위치,1.0
convenience_meals,hyperclovax,5136646,1,샌드위치,1.0
convenience_meals,hyperclovax,5136646,2,샌드위치,0.7071067811865476
convenience_meals,hyperclovax,5009669,1,샐러드,0.42762245580614017
convenience_meals,hyperclovax,5009669,2,샐러드,0.742874335558101
convenience_meals,hyperclovax,5066426,1,샐러드,0.36794204790375673
convenience_meals,hyperclovax,5066426,2,샐러드,0.34042274450159155
convenience_meals,hyperclovax,5072582,1,샐러드,0.593603273684132
convenience_meals,hyperclovax,5072582,2,샐러드,0.2859654936628103
convenience_meals,hyperclovax,1001401863,2,섞이다,0.5636059688475893
convenience_meals,hyperclovax,1000572062,2,소고기,0.5431288624197017
convenience_meals,hyperclovax,1001837821,1,소고기,0.36978039636104415
convenience_meals,hyperclovax,1001837821,2,소고기,0.3874911793486153
convenience_meals,hyperclovax,1000942597,1,소스,0.2694206451394428
convenience_meals,hyperclovax,1000942597,2,소스,0.3877405784905567
convenience_meals,hyperclovax,1001422945,2,소스,0.47903768387250334
convenience_meals,hyperclovax,1001837821,1,소스,0.2737146626109868
convenience_meals,hyperclovax,1001837821,2,소스,0.2868243380770877
convenience_meals,hyperclovax,1001929136,1,소스,0.30642344728646864
convenience_meals,hyperclovax,1001929136,2,소스,0.3331008446200656
convenience_meals,hyperclovax,1002066864,1,소스,0.5133964765349868
convenience_meals,hyperclovax,1002309661,1,소스,0.47246413603951354
convenience_meals,hyperclovax,1002309661,2,소스,0.47246413603951354
convenience_meals,hyperclovax,5060255,1,소스,0.30262066918856884
convenience_meals,hyperclovax,1000170826,1,소시지,0.510175589893032
convenience_meals,hyperclovax,1000832403,2,숟가락,0.4819026308175549
convenience_meals,hyperclovax,1000127954,1,스낵,0.5925762907517179
convenience_meals,hyperclovax,5072582,2,스크램블,0.38360148201428684
convenience_meals,hyperclovax,1001946226,1,시금치,0.4694960273973605
convenience_meals,hyperclovax,1001946226,2,시금치,0.3909937474443753
convenience_meals,hyperclovax,1001502057,1,식탁,0.4752595277034842
convenience_meals,hyperclovax,1000202889,2,쌀밥,0.41413440302172855
convenience_meals,hyperclovax,1001485256,2,쌀밥,0.401612474572952
convenience_meals,hyperclovax,5063596,1,아래,0.2338345560264669
convenience_meals,hyperclovax,1000308975,2,양념,0.4928996595036682
convenience_meals,hyperclovax,5050290,1,양념,0.4970684984912804
convenience_meals,hyperclovax,5050290,2,양념,0.4970684984912804
convenience_meals,hyperclovax,1001946226,2,양념장,0.4260948286487097
convenience_meals,hyperclovax,5073094,2,얹다,0.5903688589815502
convenience_meals,hyperclovax,5072582,2,에그,0.38360148201428684
convenience_meals,hyperclovax,1001422945,1,엣날떡볶이,0.5844345802193446
convenience_meals,hyperclovax,1000202889,2,연제,0.41413440302172855
convenience_meals,hyperclovax,1001485256,2,연제,0.401612474572952
convenience_meals,hyperclovax,1000170826,2,오른쪽,0.21432526968450455
convenience_meals,hyperclovax,1001502057,2,올리다,0.5615377302228455
convenience_meals,hyperclovax,1001946226,1,올리다,0.4395911576736575
convenience_meals,hyperclovax,5072582,2,올리다,0.3295800016952349
convenience_meals,hyperclovax,1000170826,2,왼쪽,0.21432526968450455
convenience_meals,hyperclovax,1000572062,2,요리,0.28434499542329106
convenience_meals,hyperclovax,1000811962,1,요리,0.2960527636745735
convenience_meals,hyperclovax,1000811962,2,요리,0.2960527636745735
convenience_meals,hyperclovax,1001207466,2,요리,0.24654029875068303
convenience_meals,hyperclovax,1001502057,2,요리,0.29398261513643376
convenience_meals,hyperclovax,1001529704,2,요리,0.21842562966844475
convenience_meals,hyperclovax,1001706193,1,요리,0.3096960779680287
convenience_meals,hyperclovax,1001706193,2,요리,0.28641474377833936
convenience_meals,hyperclovax,1001861172,1,요리,0.5405377237665921
convenience_meals,hyperclovax,1001866269,2,요리,0.251081955202347
convenience_meals,hyperclovax,1001929136,1,요리,0.21672575354970303
convenience_meals,hyperclovax,1001929136,2,요리,0.23559401931418117
convenience_meals,hyperclovax,1002066864,1,요리,0.3631126770230055
convenience_meals,hyperclovax,1002309661,1,요리,0.33416224122250665
convenience_meals,hyperclovax,1002309661,2,요리,0.33416224122250665
convenience_meals,hyperclovax,1002361676,2,요리,0.27446629462930006
convenience_meals,hyperclovax,1002382999,1,요리,0.2740653627629957
convenience_meals,hyperclovax,1002382999,2,요리,0.25392405729845346
convenience_meals,hyperclovax,5049405,1,요리,0.8381523179594356
convenience_meals,hyperclovax,5049405,2,요리,0.4764127148911926
convenience_meals,hyperclovax,5050290,1,요리,0.2602309501632522
convenience_meals,hyperclovax,5050290,2,요리,0.2602309501632522
convenience_meals,hyperclovax,5073094,1,요리,0.4764127148911926
convenience_meals,hyperclovax,5088325,1,요리,0.4764127148911926
convenience_meals,hyperclovax,5088325,2,요리,0.3609520288179324
convenience_meals,hyperclovax,5090388,1,요리,0.15741739938192495
convenience_meals,hyperclovax,5090388,2,요리,0.39513244731946623
convenience_meals,hyperclovax,5156742,1,요리,0.5405377237665921
convenience_meals,hyperclovax,5156742,2,요리,0.39513244731946623
convenience_meals,hyperclovax,5009669,1,용기,0.49284201357416024
convenience_meals,hyperclovax,5066426,2,용기,0.3923428916994616
convenience_meals,hyperclovax,5135831,1,용기,0.3127138131655428
convenience_meals,hyperclovax,1001207695,2,우리,0.5225420576591796
convenience_meals,hyperclovax,1001207695,1,우수,0.7756063445895951
convenience_meals,hyperclovax,5072582,2,우유,0.38360148201428684
convenience_meals,hyperclovax,1000572062,1,육개장,0.6808179838261574
convenience_meals,hyperclovax,1000308975,2,윤기,0.4928996595036682
convenience_meals,hyperclovax,1001929136,1,윤기,0.41396899497834827
convenience_meals,hyperclovax,1001929136,2,윤기,0.4500093680654077
convenience_meals,hyperclovax,1001837821,1,으깨다,0.3949361220541566
convenience_meals,hyperclovax,1001837821,2,으깨다,0.41385174878961156
convenience_meals,hyperclovax,1001861172,2,음식,0.3944248029397529
convenience_meals,hyperclovax,1002066864,2,음식,0.37986474638447626
convenience_meals,hyperclovax,5060255,1,음식,0.38725863528419374
convenience_meals,hyperclovax,5073094,2,음식,0.4804638520030653
convenience_meals,hyperclovax,1002066864,2,이름,0.42830708822281033
convenience_meals,hyperclovax,5063596,1,이름,0.21457160048792087
convenience_meals,hyperclovax,1002361676,1,인도,0.5601025959771934
convenience_meals,hyperclovax,1002361676,2,인도,0.55992426220757
convenience_meals,hyperclovax,1001529704,2,입히다,0.4856018296685665
convenience_meals,hyperclovax,1000165839,1,작다,0.33629344902546293
convenience_meals,hyperclovax,1001502057,1,작다,0.4361083290654762
convenience_meals,hyperclovax,1000165839,2,작은공기,0.5027575228911317
convenience_meals,hyperclovax,1000170826,2,잘리다,0.4286505393690091
convenience_meals,hyperclovax,1001207466,1,재료,0.324488157512106
convenience_meals,hyperclovax,1001207466,2,재료,0.4085996509449137
convenience_meals,hyperclovax,1001866269,1,재료,0.742874335558101
convenience_meals,hyperclovax,1001866269,2,재료,0.41612669317803047
convenience_meals,hyperclovax,5009669,1,재료,0.42762245580614017
convenience_meals,hyperclovax,5066426,2,재료,0.34042274450159155
convenience_meals,hyperclovax,1000202889,1,적히다,0.2939297967421067
convenience_meals,hyperclovax,5063596,1,적히다,0.42914320097584174
convenience_meals,hyperclovax,1001866269,2,전골,0.5582030690633508
convenience_meals,hyperclovax,1000170826,2,전체,0.21432526968450455
convenience_meals,hyperclovax,5090388,1,제공,0.34996889915146057
convenience_meals,hyperclovax,1000169817,1,제품,0.2910414666747347
convenience_meals,hyperclovax,1000169817,2,제품,0.3769140419749746
convenience_meals,hyperclovax,1000185462,1,제품,0.3208744551366623
convenience_meals,hyperclovax,1000185462,2,제품,0.37180047474649275
convenience_meals,hyperclovax,1000202889,1,제품,0.20937377156901485
convenience_meals,hyperclovax,1000202889,2,제품,0.29499861143108225
convenience_meals,hyperclovax,1001191650,1,제품,0.3473662250724784
convenience_meals,hyperclovax,1001191650,2,제품,0.33396236910011623
convenience_meals,hyperclovax,1002347378,1,제품,0.36932064459453956
convenience_meals,hyperclovax,5063596,1,제품,0.45853464769861546
convenience_meals,hyperclovax,1001191650,2,젤리,0.5109228454164765
convenience_meals,hyperclovax,1000029142,2,조각,0.40302672660550437
convenience_meals,hyperclovax,1000308975,1,조각,0.2918213366331325
convenience_meals,hyperclovax,1001837821,1,조각,0.3343253923325717
convenience_meals,hyperclovax,1001837821,2,조각,0.3503380434333496
convenience_meals,hyperclovax,5072582,2,조각,0.29797946147514354
convenience_meals,hyperclovax,1001207466,1,조리,0.37397801438597716
convenience_meals,hyperclovax,1001837821,1,조리,0.36978039636104415
convenience_meals,hyperclovax,1001837821,2,조리,0.3874911793486153
convenience_meals,hyperclovax,1000185462,1,종류,0.3995123516823986
convenience_meals,hyperclovax,1001191650,1,종류,0.43249655824000466
convenience_meals,hyperclovax,5063596,2,종류,0.5597894107499328
convenience_meals,hyperclovax,5135831,1,종류,0.29621276340724073
convenience_meals,hyperclovax,1001931649,2,종이,0.5298473009707348
convenience_meals,hyperclovax,1000185462,1,주먹밥,0.3995123516823986
convenience_meals,hyperclovax,1000185462,2,주먹밥,0.4629190003901682
convenience_meals,hyperclovax,1001207695,1,주먹밥,0.6312169185251343
convenience_meals,hyperclovax,1001207695,2,주먹밥,0.42526391092112686
convenience_meals,hyperclovax,1000165839,2,즉석밥,0.5027575228911317
convenience_meals,hyperclovax,5060255,1,짙다,0.475843162165763
convenience_meals,hyperclovax,5060255,2,짜장면,0.9597292227301154
convenience_meals,hyperclovax,1002066864,2,짬뽕,0.4667579380953896
convenience_meals,hyperclovax,1001946226,2,참기름,0.4260948286487097
convenience_meals,hyperclovax,1001502057,2,채소,0.5615377302228455
convenience_meals,hyperclovax,1001861172,2,채소,0.41639692603246853
convenience_meals,hyperclovax,5090388,1,채소,0.3006837975962826
convenience_meals,hyperclovax,1000170826,1,치즈,0.46814805610179616
convenience_meals,hyperclovax,1000170826,2,치즈,0.19666946118949236
convenience_meals,hyperclovax,1000308975,2,치킨,0.4928996595036682
convenience_meals,hyperclovax,1001529704,1,치킨,0.6874399686969932
convenience_meals,hyperclovax,1001931649,2,치킨,0.4552304475863485
convenience_meals,hyperclovax,1001931649,1,치킨너겟,0.7404645346013277
convenience_meals,hyperclovax,1002361676,2,카레,0.6101909151259033
convenience_meals,hyperclovax,1002361676,1,커리,0.6103852586352475
convenience_meals,hyperclovax,1000170826,2,콘도그,0.6429758090535136
convenience_meals,hyperclovax,1000170826,2,콘도그와,0.21432526968450455
convenience_meals,hyperclovax,1000165839,1,크다,0.3664838644474072
convenience_meals,hyperclovax,1000170826,1,크리미,0.510175589893032
convenience_meals,hyperclovax,1000942597,1,크림,0.38874039036748914
convenience_meals,hyperclovax,1000942597,2,크림,0.559461298022363
convenience_meals,hyperclovax,5066426,1,테스티,0.49356694426103903
convenience_meals,hyperclovax,1000127954,2,토르티야,1.0
convenience_meals,hyperclovax,1001529704,1,튀기다,0.6874399686969932
convenience_meals,hyperclovax,1001931649,1,튀기다,0.636187069162777
convenience_meals,hyperclovax,1001931649,2,튀기다,0.4552304475863485
convenience_meals,hyperclovax,1001529704,2,튀김,0.8344318744806862
convenience_meals,hyperclovax,1001929136,1,튀김,0.41396899497834827
convenience_meals,hyperclovax,1001929136,2,튀김,0.4500093680654077
convenience_meals,hyperclovax,1000942597,1,파스타,0.38874039036748914
convenience_meals,hyperclovax,1000942597,2,파스타,0.559461298022363
convenience_meals,hyperclovax,1001191650,1,패키지,0.531429156505972
convenience_meals,hyperclovax,1000029142,1,포장,0.30489221382001735
convenience_meals,hyperclovax,1000127954,1,포장,0.4114943254726107
convenience_meals,hyperclovax,1000308975,1,포장,0.2608738617981081
convenience_meals,hyperclovax,1001191650,2,포장,0.35479288477184223
convenience_meals,hyperclovax,1001207466,1,포장,0.30226306066155745
convenience_meals,hyperclovax,1002347378,1,포장,0.3923565917159119
convenience_meals,hyperclovax,5135831,1,포장,0.25274703496609513
convenience_meals,hyperclovax,5135831,2,포장,0.4554900273426993
convenience_meals,hyperclovax,1000169817,1,포장재,0.4452589514451025
convenience_meals,hyperclovax,1000169817,1,포장지,0.34587463497770654
convenience_meals,hyperclovax,1000202889,1,포장지,0.2488204778608795
convenience_meals,hyperclovax,1000619042,1,포장지,0.2888077904431766
convenience_meals,hyperclovax,1000765126,1,포장지,0.44099546857427496
convenience_meals,hyperclovax,1001150374,1,포장지,0.9357669066130345
convenience_meals,hyperclovax,1000308975,1,포크,0.37567386913744605
convenience_meals,hyperclovax,1002066864,2,퓨전,0.4667579380953896
convenience_meals,hyperclovax,1000811962,1,프라이팬,0.6039616831599893
convenience_meals,hyperclovax,1000811962,2,프라이팬,0.6039616831599893
convenience_meals,hyperclovax,1002066864,2,피자,0.4667579380953896
convenience_meals,hyperclovax,1001866269,2,한국식,0.5582030690633508
convenience_meals,hyperclovax,5135831,1,한식,0.333987366284781
convenience_meals,hyperclovax,5135831,2,한식,0.6018979198769959
convenience_meals,hyperclovax,1001207695,2,한우,0.5225420576591796
convenience_meals,hyperclovax,5063596,1,함께,0.21457160048792087
convenience_meals,hyperclovax,5090388,1,함께,0.6422779257948951
convenience_meals,hyperclovax,1000170826,1,핫도그,0.510175589893032
convenience_meals,hyperclovax,5135831,1,해당,0.36397075538450485
convenience_meals,hyperclovax,1000811962,1,해산물,0.5356524743764265
convenience_meals,hyperclovax,1000811962,2,해산물,0.5356524743764265
convenience_meals,hyperclovax,1001706193,1,해산물,0.5603375168981634
convenience_meals,hyperclovax,1001706193,2,해산물,0.5182142679519058
convenience_meals,hyperclovax,1000165839,2,햇반,0.40916253016546966
convenience_meals,hyperclovax,1000202889,2,햇반,0.3672950186878492
convenience_meals,hyperclovax,1000832403,1,햇반,0.46956234195086066
convenience_meals,hyperclovax,1001485256,2,햇반,0.3561893440323679
convenience_meals,hyperclovax,1000832403,1,현미밥,0.5769736534445166
convenience_meals,hyperclovax,1000169817,1,형태,0.4452589514451025
convenience_meals,hyperclovax,1000202889,1,홀드큰쌀밥,0.32031705672069744
convenience_meals,hyperclovax,1000170826,2,흐르다,0.21432526968450455
convenience_meals,hyperclovax,1000169817,2,희다,0.5766338145288126
convenience_meals,hyperclovax,1000029142,1,흰색,0.30489221382001735
convenience_meals,hyperclovax,1000169817,1,흰색,0.30919484080795245
convenience_meals,hyperclovax,1000202889,1,흰색,0.4448664357645776
convenience_meals,hyperclovax,1000619042,1,흰색,0.25817990034432625
convenience_meals,hyperclovax,1000832403,2,흰색,0.3346407898976026
convenience_meals,hyperclovax,1001401863,2,흰색,0.3913768768728006
convenience_meals,hyperclovax,1001837821,1,흰색,0.2988703883040993
convenience_meals,hyperclovax,5060255,1,흰색,0.3304329992645544
fruits_nuts_rice,hyperclovax,1000338204,1,1,0.6116084044887966
fruits_nuts_rice,hyperclovax,1000048867,1,10,0.5416981948209166
fruits_nuts_rice,hyperclovax,1001729429,1,10,0.5117930185793252
fruits_nuts_rice,hyperclovax,5048547,1,10,0.5286464727938142
fruits_nuts_rice,hyperclovax,5051038,1,10,0.5286464727938142
fruits_nuts_rice,hyperclovax,5053663,1,10,0.48887461269370724
fruits_nuts_rice,hyperclovax,1000102438,2,12,0.49479756115913437
fruits_nuts_rice,hyperclovax,5094562,2,12,0.3989997857267549
fruits_nuts_rice,hyperclovax,5052626,1,20,0.10133057830268517
fruits_nuts_rice,hyperclovax,1000030900,1,4,0.47750073652231817
fruits_nuts_rice,hyperclovax,1000118138,1,4,0.44760607902923977
fruits_nuts_rice,hyperclovax,1000867509,1,4,0.4536586389729417
fruits_nuts_rice,hyperclovax,1000867509,2,4,0.6359112194857843
fruits_nuts_rice,hyperclovax,5051031,1,4,0.5259911664150617
fruits_nuts_rice,hyperclovax,5070409,1,4,0.5717069839271082
fruits_nuts_rice,hyperclovax,5045631,1,6,0.41700812312330937
fruits_nuts_rice,hyperclovax,5045631,2,6,0.4008727460851427
fruits_nuts_rice,hyperclovax,1000867509,1,7,0.6085493882831937
fruits_nuts_rice,hyperclovax,1000867511,1,8,0.6163804375877455
fruits_nuts_rice,hyperclovax,1000867511,2,8,0.7120899601687976
fruits_nuts_rice,hyperclovax,1000973922,1,가공,0.40777547932393654
fruits_nuts_rice,hyperclovax,1000908371,1,갈색,0.41773824254012326
fruits_nuts_rice,hyperclovax,1000908371,2,갈색,0.4029366486524084
fruits_nuts_rice,hyperclovax,1000338204,2,건조,0.7219528634185253
fruits_nuts_rice,hyperclovax,1000102438,1,검은색,0.4428766751761134
fruits_nuts_rice,hyperclovax,1000102438,2,검은색,0.49479756115913437
fruits_nuts_rice,hyperclovax,1000973922,1,견과,0.6079732311572018
fruits_nuts_rice,hyperclovax,1000973922,2,견과,0.8553407530782551
fruits_nuts_rice,hyperclovax,5045631,1,견과,0.6775546291582427
fruits_nuts_rice,hyperclovax,5045631,2,견과,0.32566893754854886
fruits_nuts_rice,hyperclovax,5052626,1,견과,0.30215784042655186
fruits_nuts_rice,hyperclovax,5052626,2,견과,0.3603187812494351
fruits_nuts_rice,hyperclovax,5061259,2,계피,0.5501061657641546
fruits_nuts_rice,hyperclovax,5051031,1,고시하리,0.705578104472824
fruits_nuts_rice,hyperclovax,1000066062,1,곡물,0.4498220138418153
fruits_nuts_rice,hyperclovax,1000066062,2,곡물,0.6496382945505338
fruits_nuts_rice,hyperclovax,1000908371,1,골판지,0.45524028463004906
fruits_nuts_rice,hyperclovax,5025577,1,과일,0.5328735933421355
fruits_nuts_rice,hyperclovax,5036748,1,과일,0.6203993467322538
fruits_nuts_rice,hyperclovax,5132780,1,과일,0.7233776486144988
fruits_nuts_rice,hyperclovax,5132780,2,과일,0.5605647669911129
fruits_nuts_rice,hyperclovax,5159977,2,그대로,0.3774881640332517
fruits_nuts_rice,hyperclovax,5052626,1,그리다,0.10133057830268517
fruits_nuts_rice,hyperclovax,5052626,1,그림,0.10133057830268517
fruits_nuts_rice,hyperclovax,1001303421,2,껍질,0.6431571894115986
fruits_nuts_rice,hyperclovax,5031442,1,껍질,0.2973274855936672
fruits_nuts_rice,hyperclovax,5159977,2,껍질,0.6486552089878349
fruits_nuts_rice,hyperclovax,5025577,1,나무,0.41641050377552735
fruits_nuts_rice,hyperclovax,5025577,2,나무,0.5243160543259581
fruits_nuts_rice,hyperclovax,5027321,1,나무,0.29685073354228636
fruits_nuts_rice,hyperclovax,5031442,1,나무,0.220084388477921
fruits_nuts_rice,hyperclovax,5031442,2,나무,0.3679580179979182
fruits_nuts_rice,hyperclovax,5052626,1,나무,0.06444292963180377
fruits_nuts_rice,hyperclovax,5056014,1,나무,0.49927516493042373
fruits_nuts_rice,hyperclovax,5056014,2,나무,0.49927516493042373
fruits_nuts_rice,hyperclovax,5061259,2,나무,0.3498495076625986
fruits_nuts_rice,hyperclovax,5063578,1,나무,0.42476503230471097
fruits_nuts_rice,hyperclovax,5063578,2,나무,0.4603127342815215
fruits_nuts_rice,hyperclovax,5045631,2,날짜,0.4368607047287548
fruits_nuts_rice,hyperclovax,1000032485,1,냉동,0.6641854330749519
fruits_nuts_rice,hyperclovax,1000253378,1,냉동,0.4791273329369978
fruits_nuts_rice,hyperclovax,1000338204,1,냉동,0.5254773728447955
fruits_nuts_rice,hyperclovax,5027321,1,노란색,0.4283185870124317
fruits_nuts_rice,hyperclovax,5159977,1,노란색,0.7761520616027761
fruits_nuts_rice,hyperclovax,1000253378,1,녹색,0.5117218021896827
fruits_nuts_rice,hyperclovax,5048580,2,녹색,0.533134715619808
fruits_nuts_rice,hyperclovax,5003716,1,다발,0.6863270315625918
fruits_nuts_rice,hyperclovax,5003716,2,다발,0.41704237848584697
fruits_nuts_rice,hyperclovax,1000066062,1,다양,0.4498220138418153
fruits_nuts_rice,hyperclovax,5045631,1,다양,0.41700812312330937
fruits_nuts_rice,hyperclovax,5049631,2,단면,0.47846800239317383
fruits_nuts_rice,hyperclovax,1000030900,2,담기다,0.5339567622121121
fruits_nuts_rice,hyperclovax,1000032485,2,담기다,0.28254018375504086
fruits_nuts_rice,hyperclovax,1000048867,2,담기다,0.5339567622121121
fruits_nuts_rice,hyperclovax,1000066062,1,담기다,0.19184413936765335
fruits_nuts_rice,hyperclovax,1000066062,2,담기다,0.277063584447302
fruits_nuts_rice,hyperclovax,1000102438,1,담기다,0.1888820288485203
fruits_nuts_rice,hyperclovax,1000102438,2,담기다,0.2110257154181187
fruits_nuts_rice,hyperclovax,1000118138,2,담기다,0.5339567622121121
fruits_nuts_rice,hyperclovax,1000122762,1,담기다,0.255203863187606
fruits_nuts_rice,hyperclovax,1000144509,2,담기다,0.5339567622121121
fruits_nuts_rice,hyperclovax,1000253378,1,담기다,0.21824371799479572
fruits_nuts_rice,hyperclovax,1000253378,2,담기다,0.3060293317658487
fruits_nuts_rice,hyperclovax,1000338204,2,담기다,0.28254018375504086
fruits_nuts_rice,hyperclovax,1000858612,1,담기다,0.18197553845475423
fruits_nuts_rice,hyperclovax,1000908371,1,담기다,0.17816076393550692
fruits_nuts_rice,hyperclovax,1000973922,1,담기다,0.31917030791578
fruits_nuts_rice,hyperclovax,1000973922,2,담기다,0.22451594703707703
fruits_nuts_rice,hyperclovax,1001234463,1,담기다,0.18159399259499331
fruits_nuts_rice,hyperclovax,1001234463,2,담기다,0.30397803562865366
fruits_nuts_rice,hyperclovax,1001729429,2,담기다,0.5339567622121121
fruits_nuts_rice,hyperclovax,5034841,1,담기다,0.42679256630135215
fruits_nuts_rice,hyperclovax,5035954,1,담기다,0.3060293317658487
fruits_nuts_rice,hyperclovax,5035954,2,담기다,0.3060293317658487
fruits_nuts_rice,hyperclovax,5036748,1,담기다,0.2983358430970192
fruits_nuts_rice,hyperclovax,5036748,2,담기다,0.22853884588475898
fruits_nuts_rice,hyperclovax,5048547,2,담기다,0.5339567622121121
fruits_nuts_rice,hyperclovax,5048580,2,담기다,0.22737608995959036
fruits_nuts_rice,hyperclovax,5051038,2,담기다,0.5339567622121121
fruits_nuts_rice,hyperclovax,5053663,2,담기다,0.5339567622121121
fruits_nuts_rice,hyperclovax,5061259,1,담기다,0.5339567622121121
fruits_nuts_rice,hyperclovax,5063578,1,담기다,0.2613878418493732
fruits_nuts_rice,hyperclovax,5063690,2,담기다,0.1792314576922419
fruits_nuts_rice,hyperclovax,5070409,2,담기다,0.5339567622121121
fruits_nuts_rice,hyperclovax,5094562,2,담기다,0.17016901828985526
fruits_nuts_rice,hyperclovax,5121007,2,담기다,0.29005916356319983
fruits_nuts_rice,hyperclovax,5134096,1,담기다,0.3354873664289546
fruits_nuts_rice,hyperclovax,5134096,2,담기다,0.5339567622121121
fruits_nuts_rice,hyperclovax,5162187,1,담기다,0.2687564181170671
fruits_nuts_rice,hyperclovax,5162187,2,담기다,0.37336218506681657
fruits_nuts_rice,hyperclovax,5094562,1,데이츠,0.4685121267022689
fruits_nuts_rice,hyperclovax,5025577,1,도마,0.5328735933421355
fruits_nuts_rice,hyperclovax,5025577,2,도마,0.6709585310226839
fruits_nuts_rice,hyperclovax,5056014,1,도마,0.6389141214996368
fruits_nuts_rice,hyperclovax,5056014,2,도마,0.6389141214996368
fruits_nuts_rice,hyperclovax,1000066062,1,들다,0.34040563128383594
fruits_nuts_rice,hyperclovax,1000144509,1,들다,0.5108466838405199
fruits_nuts_rice,hyperclovax,1000867509,1,들다,0.4225862964086818
fruits_nuts_rice,hyperclovax,1001729429,1,들다,0.45751768098419704
fruits_nuts_rice,hyperclovax,5045631,1,들다,0.3155735135990846
fruits_nuts_rice,hyperclovax,5052626,1,들다,0.07036555228275831
fruits_nuts_rice,hyperclovax,5052626,2,들다,0.33563954527441636
fruits_nuts_rice,hyperclovax,5070409,1,들다,0.532549181727683
fruits_nuts_rice,hyperclovax,5094562,2,들어가다,0.43481960118633406
fruits_nuts_rice,hyperclovax,5052626,1,디자인,0.10133057830268517
fruits_nuts_rice,hyperclovax,5094562,1,디저트,0.4685121267022689
fruits_nuts_rice,hyperclovax,5094562,2,라즈베리,0.43481960118633406
fruits_nuts_rice,hyperclovax,5049631,1,멜론,0.8944271909999157
fruits_nuts_rice,hyperclovax,5049631,2,멜론,0.878104988418746
fruits_nuts_rice,hyperclovax,1000030900,1,모습,0.4601233359549217
fruits_nuts_rice,hyperclovax,1000102438,1,모습,0.3466991910347846
fruits_nuts_rice,hyperclovax,1000122762,2,모습,0.38482274550798556
fruits_nuts_rice,hyperclovax,1000973922,1,모습,0.29292381131046635
fruits_nuts_rice,hyperclovax,5031442,2,모습,0.41562061994250715
fruits_nuts_rice,hyperclovax,5051031,2,모습,1.0
fruits_nuts_rice,hyperclovax,5061259,2,모습,0.3951664650561651
fruits_nuts_rice,hyperclovax,5045631,2,목요일,0.4368607047287548
fruits_nuts_rice,hyperclovax,5052626,1,무늬,0.10133057830268517
fruits_nuts_rice,hyperclovax,5052626,1,문구,0.20266115660537035
fruits_nuts_rice,hyperclovax,5063690,2,바구니,0.42024872643319333
fruits_nuts_rice,hyperclovax,5162187,1,바구니,0.6301602625381821
fruits_nuts_rice,hyperclovax,5003716,1,바나나,0.6087021460772772
fruits_nuts_rice,hyperclovax,5003716,2,바나나,0.7397481932528431
fruits_nuts_rice,hyperclovax,5031442,1,바나나,0.8449149903525706
fruits_nuts_rice,hyperclovax,5031442,2,바나나,0.47086975345679133
fruits_nuts_rice,hyperclovax,1001234463,1,바닥,0.46401294566730417
fruits_nuts_rice,hyperclovax,5094562,2,바클라바,0.43481960118633406
fruits_nuts_rice,hyperclovax,5036748,1,박스,0.349757960252092
fruits_nuts_rice,hyperclovax,5052626,1,박스,0.46491555256513867
fruits_nuts_rice,hyperclovax,5027321,2,반질반질,0.6107354519718975
fruits_nuts_rice,hyperclovax,5049631,1,반쪽,0.44721359549995787
fruits_nuts_rice,hyperclovax,5162187,1,반쪽,0.6301602625381821
fruits_nuts_rice,hyperclovax,1001234463,1,방울토마토,0.7552615415359136
fruits_nuts_rice,hyperclovax,1001234463,2,방울토마토,0.6321324744866191
fruits_nuts_rice,hyperclovax,5063578,2,방울토마토,0.5890545472646497
fruits_nuts_rice,hyperclovax,5063690,1,방울토마토,0.6418161551104666
fruits_nuts_rice,hyperclovax,5003716,2,배경,0.36987409662642157
fruits_nuts_rice,hyperclovax,5027321,1,배경,0.379874944639241
fruits_nuts_rice,hyperclovax,5063690,1,배경,0.6418161551104666
fruits_nuts_rice,hyperclovax,5162187,2,배경,0.7764191298819306
fruits_nuts_rice,hyperclovax,5051038,1,배진주,0.6805488184367651
fruits_nuts_rice,hyperclovax,1000118138,1,백진주,0.600430328411159
fruits_nuts_rice,hyperclovax,5031442,1,벗겨지다,0.31755432493458874
fruits_nuts_rice,hyperclovax,5159977,2,벗겨지다,0.3463912301853868
fruits_nuts_rice,hyperclovax,5053663,1,보라색,0.629348831694932
fruits_nuts_rice,hyperclovax,5027321,1,복숭아,0.3479659331467936
fruits_nuts_rice,hyperclovax,5027321,2,복숭아,0.4552882958205532
fruits_nuts_rice,hyperclovax,5056014,1,복숭아,0.5852461490962974
fruits_nuts_rice,hyperclovax,5056014,2,복숭아,0.5852461490962974
fruits_nuts_rice,hyperclovax,5159977,1,복숭아,0.6305457772991272
fruits_nuts_rice,hyperclovax,5159977,2,복숭아,0.5628163301809992
fruits_nuts_rice,hyperclovax,1000144509,1,봉지,0.735649592993427
fruits_nuts_rice,hyperclovax,5052626,1,봉투,0.4053223132107407
fruits_nuts_rice,hyperclovax,1000102438,2,붉다,0.4388350210622594
fruits_nuts_rice,hyperclovax,1000122762,2,붉다,0.4359778668512076
fruits_nuts_rice,hyperclovax,1001303421,2,붉다,0.6092195495054511
fruits_nuts_rice,hyperclovax,1001502284,1,붉다,0.5922308543446637
fruits_nuts_rice,hyperclovax,1000102438,1,붉은색,0.4428766751761134
fruits_nuts_rice,hyperclovax,5027321,1,붉은색,0.4283185870124317
fruits_nuts_rice,hyperclovax,1000032485,1,블루베리,0.5368195833053889
fruits_nuts_rice,hyperclovax,1000032485,2,블루베리,0.5013354587281295
fruits_nuts_rice,hyperclovax,1000253378,1,블루베리,0.387248684492658
fruits_nuts_rice,hyperclovax,1000253378,2,블루베리,0.5430142834412219
fruits_nuts_rice,hyperclovax,1000338204,1,블루베리,0.4247105255244595
fruits_nuts_rice,hyperclovax,1000338204,2,블루베리,0.5013354587281295
fruits_nuts_rice,hyperclovax,5035954,1,블루베리,0.5430142834412219
fruits_nuts_rice,hyperclovax,5035954,2,블루베리,0.5430142834412219
fruits_nuts_rice,hyperclovax,1000030900,1,비단,0.6405317923037787
fruits_nuts_rice,hyperclovax,1000102438,1,사과,0.29909159765453547
fruits_nuts_rice,hyperclovax,1000102438,2,사과,0.3341557624903229
fruits_nuts_rice,hyperclovax,1000122762,1,사과,0.8082222711574665
fruits_nuts_rice,hyperclovax,1000122762,2,사과,0.6639603018643347
fruits_nuts_rice,hyperclovax,1000908371,1,사과,0.5642293006875521
fruits_nuts_rice,hyperclovax,1000908371,2,사과,0.27211856653116656
fruits_nuts_rice,hyperclovax,1001303421,1,사과,0.8897088779359386
fruits_nuts_rice,hyperclovax,1001303421,2,사과,0.4638969392101527
fruits_nuts_rice,hyperclovax,1001882653,1,사과,0.7586472076889853
fruits_nuts_rice,hyperclovax,1001882653,2,사과,0.7586472076889853
fruits_nuts_rice,hyperclovax,5061259,1,사과,0.8455117835299268
fruits_nuts_rice,hyperclovax,5061259,2,사과,0.34090350490978044
fruits_nuts_rice,hyperclovax,1000102438,1,상자,0.3597929210158999
fruits_nuts_rice,hyperclovax,1000102438,2,상자,0.4019734382493624
fruits_nuts_rice,hyperclovax,1000908371,1,상자,0.3393704634451379
fruits_nuts_rice,hyperclovax,1000908371,2,상자,0.32734565157525497
fruits_nuts_rice,hyperclovax,5094562,1,상자,0.3492642961020614
fruits_nuts_rice,hyperclovax,5094562,2,상자,0.32414734493357683
fruits_nuts_rice,hyperclovax,5061259,2,솔방울,0.5501061657641546
fruits_nuts_rice,hyperclovax,5038123,2,송이,0.40201163654163075
fruits_nuts_rice,hyperclovax,5048580,2,송이,0.533134715619808
fruits_nuts_rice,hyperclovax,1000253378,1,숟가락,0.5576611264118526
fruits_nuts_rice,hyperclovax,1000048867,1,시월미소미쌀,0.6973508486426376
fruits_nuts_rice,hyperclovax,1000973922,1,식품,0.40777547932393654
fruits_nuts_rice,hyperclovax,5121007,2,쌀밥,0.7411655252436226
fruits_nuts_rice,hyperclovax,5038123,2,아래,0.4381018379619045
fruits_nuts_rice,hyperclovax,5052626,1,아몬드,0.09298311051302773
fruits_nuts_rice,hyperclovax,5052626,2,아몬드,0.4435239675997048
fruits_nuts_rice,hyperclovax,1002140343,1,아보카도,1.0
fruits_nuts_rice,hyperclovax,1002140343,2,아보카도,0.8219024820329071
fruits_nuts_rice,hyperclovax,1000032485,2,얼다,0.7219528634185253
fruits_nuts_rice,hyperclovax,1000253378,2,얼음,0.7819728486832291
fruits_nuts_rice,hyperclovax,5048547,1,여주쌀,0.6805488184367651
fruits_nuts_rice,hyperclovax,1000763360,1,연두색,0.7756063445895951
fruits_nuts_rice,hyperclovax,5068728,1,오렌지,0.882774412039695
fruits_nuts_rice,hyperclovax,5035954,2,요거트,0.7819728486832291
fruits_nuts_rice,hyperclovax,1000066062,1,용기,0.4498220138418153
fruits_nuts_rice,hyperclovax,5134096,1,용기,0.7866260772050673
fruits_nuts_rice,hyperclovax,1000118138,1,용량,0.44760607902923977
fruits_nuts_rice,hyperclovax,1000867511,1,용량,0.5007473423805063
fruits_nuts_rice,hyperclovax,1001729429,1,용량,0.49115849289305824
fruits_nuts_rice,hyperclovax,5048547,1,용량,0.5073324477371639
fruits_nuts_rice,hyperclovax,5051038,1,용량,0.5073324477371639
fruits_nuts_rice,hyperclovax,5053663,1,용량,0.46916411374826567
fruits_nuts_rice,hyperclovax,5121007,1,유기농,0.7415464810550333
fruits_nuts_rice,hyperclovax,5035954,1,유리,0.7819728486832291
fruits_nuts_rice,hyperclovax,5027321,1,익다,0.46677046917760107
fruits_nuts_rice,hyperclovax,1000908371,2,일부,0.4391098921300747
fruits_nuts_rice,hyperclovax,5045631,2,일요일,0.4368607047287548
fruits_nuts_rice,hyperclovax,1000122762,2,잘리다,0.3406919866902249
fruits_nuts_rice,hyperclovax,1000908371,2,잘리다,0.27925951231265683
fruits_nuts_rice,hyperclovax,1001303421,1,잘리다,0.4565283260893822
fruits_nuts_rice,hyperclovax,1002140343,2,잘리다,0.5696282208845932
fruits_nuts_rice,hyperclovax,5003716,2,잘리다,0.2890356377836816
fruits_nuts_rice,hyperclovax,5025577,2,잘리다,0.5243160543259581
fruits_nuts_rice,hyperclovax,5031442,1,잘리다,0.220084388477921
fruits_nuts_rice,hyperclovax,5031442,2,잘리다,0.3679580179979182
fruits_nuts_rice,hyperclovax,5034841,1,잘리다,0.6935539041516405
fruits_nuts_rice,hyperclovax,5063690,2,잘리다,0.29125783119069787
fruits_nuts_rice,hyperclovax,5068728,2,잘리다,0.766909106687169
fruits_nuts_rice,hyperclovax,1000908371,2,적갈색,0.4391098921300747
fruits_nuts_rice,hyperclovax,5045631,2,적히다,0.4008727460851427
fruits_nuts_rice,hyperclovax,5052626,1,적히다,0.18596622102605545
fruits_nuts_rice,hyperclovax,1000102438,1,정렬,0.48263549546536605
fruits_nuts_rice,hyperclovax,1001502284,2,젖다,0.6859544200250332
fruits_nuts_rice,hyperclovax,1000032485,1,제품,0.5202715113004625
fruits_nuts_rice,hyperclovax,1000048867,1,제품,0.4693238323643423
fruits_nuts_rice,hyperclovax,1000338204,1,제품,0.4116183422729578
fruits_nuts_rice,hyperclovax,1000867509,2,제품,0.5740958489222902
fruits_nuts_rice,hyperclovax,1000867511,1,제품,0.45207092092506157
fruits_nuts_rice,hyperclovax,1000867511,2,제품,0.5222670033702556
fruits_nuts_rice,hyperclovax,5045631,1,제품,0.30584560241944625
fruits_nuts_rice,hyperclovax,5051031,1,제품,0.47486085471626266
fruits_nuts_rice,hyperclovax,5121007,1,제품,0.4990679183117886
fruits_nuts_rice,hyperclovax,1000858612,1,조각,0.39950499011238255
fruits_nuts_rice,hyperclovax,1000858612,2,조각,0.6293968510524982
fruits_nuts_rice,hyperclovax,1000908371,1,조각,0.3911301202285834
fruits_nuts_rice,hyperclovax,5052626,1,조금,0.10133057830268517
fruits_nuts_rice,hyperclovax,1000066062,2,종류,0.7079589369636395
fruits_nuts_rice,hyperclovax,1000908371,2,종이,0.4391098921300747
fruits_nuts_rice,hyperclovax,5052626,1,중량,0.10133057830268517
fruits_nuts_rice,hyperclovax,1001502284,1,체리,0.6677552344468791
fruits_nuts_rice,hyperclovax,1001502284,2,체리,0.629446478175259
fruits_nuts_rice,hyperclovax,1000763360,2,초록색,0.7481484193474329
fruits_nuts_rice,hyperclovax,5048580,1,초록색,0.7481484193474329
fruits_nuts_rice,hyperclovax,5052626,1,캐슈너트,0.10133057830268517
fruits_nuts_rice,hyperclovax,5052626,2,캐슈넛,0.4833408979331
fruits_nuts_rice,hyperclovax,5025577,1,키위,0.5086194642192651
fruits_nuts_rice,hyperclovax,5036748,1,키위,0.5921614192924392
fruits_nuts_rice,hyperclovax,5036748,2,키위,0.9072452437340209
fruits_nuts_rice,hyperclovax,5132780,1,키위,0.6904525888755569
fruits_nuts_rice,hyperclovax,5132780,2,키위,0.5350502539617447
fruits_nuts_rice,hyperclovax,5094562,1,타무르,0.4685121267022689
fruits_nuts_rice,hyperclovax,5063578,1,테이블,0.6128829674026294
fruits_nuts_rice,hyperclovax,5132780,2,테이블,0.6320509217963942
fruits_nuts_rice,hyperclovax,5063578,1,토마토,0.6128829674026294
fruits_nuts_rice,hyperclovax,5063690,2,토마토,0.8404974528663867
fruits_nuts_rice,hyperclovax,1000066062,1,투명,0.49020434511580846
fruits_nuts_rice,hyperclovax,1001234463,1,파란색,0.4257882243361791
fruits_nuts_rice,hyperclovax,1001234463,2,파란색,0.7127453181570319
fruits_nuts_rice,hyperclovax,1000858612,1,파인애플,0.8533656899551657
fruits_nuts_rice,hyperclovax,1000858612,2,파인애플,0.6722139789830079
fruits_nuts_rice,hyperclovax,1000118138,1,패키지,0.48865224521760636
fruits_nuts_rice,hyperclovax,1000867509,1,패키지,0.4952598342213537
fruits_nuts_rice,hyperclovax,1000973922,1,패키지,0.33186265597809533
fruits_nuts_rice,hyperclovax,1000973922,2,패키지,0.46688840813364396
fruits_nuts_rice,hyperclovax,5038123,2,포도,0.8040232730832615
fruits_nuts_rice,hyperclovax,5048580,2,포도,0.533134715619808
fruits_nuts_rice,hyperclovax,1000763360,1,포도송이,0.6312169185251343
fruits_nuts_rice,hyperclovax,1000763360,2,포도송이,0.6635314179659753
fruits_nuts_rice,hyperclovax,5038123,1,포도송이,1.0
fruits_nuts_rice,hyperclovax,5048580,1,포도송이,0.6635314179659753
fruits_nuts_rice,hyperclovax,1000030900,1,포장,0.38729650834788965
fruits_nuts_rice,hyperclovax,1000122762,2,포장,0.32391425085793274
fruits_nuts_rice,hyperclovax,1000144509,1,포장,0.4448093321163001
fruits_nuts_rice,hyperclovax,1000858612,1,포장,0.28115416676042887
fruits_nuts_rice,hyperclovax,1000867509,2,포장,0.5157818116047691
fruits_nuts_rice,hyperclovax,1000867511,1,포장,0.40615161911774517
fruits_nuts_rice,hyperclovax,1000867511,2,포장,0.4692175037415525
fruits_nuts_rice,hyperclovax,5036748,1,포장,0.23046604530742387
fruits_nuts_rice,hyperclovax,5036748,2,포장,0.3530949782192596
fruits_nuts_rice,hyperclovax,5052626,1,포장,0.5514243269942338
fruits_nuts_rice,hyperclovax,5053663,1,포장,0.38053474937068
fruits_nuts_rice,hyperclovax,5121007,1,포장,0.4483748759094727
fruits_nuts_rice,hyperclovax,5134096,1,포장,0.5183315942787318
fruits_nuts_rice,hyperclovax,1000122762,1,포장지,0.5307049543948016
fruits_nuts_rice,hyperclovax,1001729429,1,포장지,0.5361984824478007
fruits_nuts_rice,hyperclovax,5052626,2,포장지,0.39336056792049573
fruits_nuts_rice,hyperclovax,5070409,1,포장지,0.6241333940514197
fruits_nuts_rice,hyperclovax,5031442,2,포크,0.5785801323414362
fruits_nuts_rice,hyperclovax,5027321,2,표면,0.5604239408887499
fruits_nuts_rice,hyperclovax,5063578,2,표면,0.6641738680534698
fruits_nuts_rice,hyperclovax,5052626,1,표시,0.10133057830268517
fruits_nuts_rice,hyperclovax,5094562,1,프리미엄,0.4685121267022689
fruits_nuts_rice,hyperclovax,5052626,1,함께,0.10133057830268517
fruits_nuts_rice,hyperclovax,5052626,1,호두,0.0870604878620732
fruits_nuts_rice,hyperclovax,5052626,2,호두,0.4152734059412067
fruits_nuts_rice,hyperclovax,5094562,2,호두,0.37358522220405804
fruits_nuts_rice,hyperclovax,5052626,1,회색,0.10133057830268517
fruits_nuts_rice,hyperclovax,5052626,1,흩어지다,0.10133057830268517
fruits_nuts_rice,hyperclovax,1000030900,2,희다,0.8455117835299268
fruits_nuts_rice,hyperclovax,1000048867,2,희다,0.8455117835299268
fruits_nuts_rice,hyperclovax,1000118138,2,희다,0.8455117835299268
fruits_nuts_rice,hyperclovax,1000144509,2,희다,0.8455117835299268
fruits_nuts_rice,hyperclovax,1001502284,1,희다,0.45096071007459526
fruits_nuts_rice,hyperclovax,1001729429,2,희다,0.8455117835299268
fruits_nuts_rice,hyperclovax,5048547,2,희다,0.8455117835299268
fruits_nuts_rice,hyperclovax,5051038,2,희다,0.8455117835299268
fruits_nuts_rice,hyperclovax,5053663,2,희다,0.8455117835299268
fruits_nuts_rice,hyperclovax,5070409,2,희다,0.8455117835299268
fruits_nuts_rice,hyperclovax,5121007,2,희다,0.45930393258339514
fruits_nuts_rice,hyperclovax,5134096,2,희다,0.8455117835299268
fruits_nuts_rice,hyperclovax,1000032485,2,흰색,0.3842107044153195
fruits_nuts_rice,hyperclovax,1000338204,2,흰색,0.3842107044153195
fruits_nuts_rice,hyperclovax,1000858612,2,흰색,0.38985634578012385
fruits_nuts_rice,hyperclovax,1001502284,2,흰색,0.3650529615834989
fruits_nuts_rice,hyperclovax,1001882653,1,흰색,0.6515016609846099
fruits_nuts_rice,hyperclovax,1001882653,2,흰색,0.6515016609846099
fruits_nuts_rice,hyperclovax,5003716,1,흰색,0.3980413334157624
fruits_nuts_rice,hyperclovax,5003716,2,흰색,0.24186735592425618
fruits_nuts_rice,hyperclovax,5027321,1,흰색,0.24840709116909568
fruits_nuts_rice,hyperclovax,5027321,2,흰색,0.3250227405462911
fruits_nuts_rice,hyperclovax,5034841,1,흰색,0.5803715080755798
fruits_nuts_rice,hyperclovax,5034841,2,흰색,1.0
fruits_nuts_rice,hyperclovax,5048580,2,흰색,0.3091961169187732
fruits_nuts_rice,hyperclovax,5063690,1,흰색,0.419695182338843
fruits_nuts_rice,hyperclovax,5068728,1,흰색,0.46979712371189636
fruits_nuts_rice,hyperclovax,5068728,2,흰색,0.6417557339675963
fruits_nuts_rice,hyperclovax,5121007,2,흰색,0.3944353474738161
fruits_nuts_rice,hyperclovax,5162187,1,흰색,0.3654669270351326
fruits_nuts_rice,hyperclovax,5162187,2,흰색,0.5077145000051879
fruits_nuts_rice,qwen3,5132780,2,1,0.3467718673368967
fruits_nuts_rice,qwen3,1000048867,1,10,0.35691987488210236
fruits_nuts_rice,qwen3,1001729429,1,10,0.2946163013092239
fruits_nuts_rice,qwen3,5051038,1,10,0.22357423912102223
fruits_nuts_rice,qwen3,5134096,1,10,0.3625105010222864
fruits_nuts_rice,qwen3,5051031,1,100,0.25447721721737143
fruits_nuts_rice,qwen3,5094562,2,12,0.20578148877980315
fruits_nuts_rice,qwen3,1000102438,1,15,0.28263323468542184
fruits_nuts_rice,qwen3,1000102438,2,15,0.34959500640422736
fruits_nuts_rice,qwen3,5132780,1,2,0.43300705693826336
fruits_nuts_rice,qwen3,1000102438,1,3,0.28263323468542184
fruits_nuts_rice,qwen3,5052626,2,3,0.2520062052279203
fruits_nuts_rice,qwen3,1000144509,1,365,0.3810395645193117
fruits_nuts_rice,qwen3,1000858612,1,365,0.2595338381080745
fruits_nuts_rice,qwen3,1000973922,1,365,0.26803196878219476
fruits_nuts_rice,qwen3,1000973922,2,365,0.25467131230088047
fruits_nuts_rice,qwen3,5134096,1,365,0.34601057193958223
fruits_nuts_rice,qwen3,1000030900,1,4,0.3525491965543845
fruits_nuts_rice,qwen3,1000118138,1,4,0.29392405784518544
fruits_nuts_rice,qwen3,1000144509,1,4,0.3523689131625766
fruits_nuts_rice,qwen3,1000867509,1,4,0.3225952033549118
fruits_nuts_rice,qwen3,1000867509,2,4,0.2753030759673303
fruits_nuts_rice,qwen3,5051031,1,4,0.18280264542286861
fruits_nuts_rice,qwen3,5070409,1,4,0.43632156708968356
fruits_nuts_rice,qwen3,1000102438,1,5,0.30800635685574007
fruits_nuts_rice,qwen3,5132780,1,6,0.3973365562756737
fruits_nuts_rice,qwen3,5132780,2,6,0.3182052979810263
fruits_nuts_rice,qwen3,1000867509,1,7,0.3654783150342329
fruits_nuts_rice,qwen3,1000867509,2,7,0.3118995672653707
fruits_nuts_rice,qwen3,1000867511,1,7,0.30278899081061666
fruits_nuts_rice,qwen3,1000867511,2,7,0.2428440094398841
fruits_nuts_rice,qwen3,1000867511,1,8,0.34140222864681796
fruits_nuts_rice,qwen3,1000867511,2,8,0.2738127493154496
fruits_nuts_rice,qwen3,1000030900,2,가득,0.3642123701249022
fruits_nuts_rice,qwen3,1000032485,2,가득,0.19400707547823792
fruits_nuts_rice,qwen3,1000048867,2,가득,0.2742892483511848
fruits_nuts_rice,qwen3,1000144509,2,가득,0.3927734861931984
fruits_nuts_rice,qwen3,1000253378,1,가득,0.14762661735373403
fruits_nuts_rice,qwen3,1000253378,2,가득,0.16337304728006374
fruits_nuts_rice,qwen3,1000338204,2,가득,0.1803460124100829
fruits_nuts_rice,qwen3,1000763360,2,가득,0.1408477616581292
fruits_nuts_rice,qwen3,1001234463,1,가득,0.1935130176736129
fruits_nuts_rice,qwen3,1001234463,2,가득,0.23031739231336906
fruits_nuts_rice,qwen3,1001729429,2,가득,0.22532563841219821
fruits_nuts_rice,qwen3,5027321,1,가득,0.20670521135567022
fruits_nuts_rice,qwen3,5034841,1,가득,0.18062186961132162
fruits_nuts_rice,qwen3,5034841,2,가득,0.2030014636573499
fruits_nuts_rice,qwen3,5035954,1,가득,0.1688239507327732
fruits_nuts_rice,qwen3,5035954,2,가득,0.12488942006009202
fruits_nuts_rice,qwen3,5048547,2,가득,0.26301181199054924
fruits_nuts_rice,qwen3,5049631,1,가득,0.13978585180526265
fruits_nuts_rice,qwen3,5051038,2,가득,0.26301181199054924
fruits_nuts_rice,qwen3,5053663,2,가득,0.22813729961300155
fruits_nuts_rice,qwen3,5056014,2,가득,0.17098228901382131
fruits_nuts_rice,qwen3,5063690,2,가득,0.10668418483065006
fruits_nuts_rice,qwen3,5068728,1,가득,0.1978766212073423
fruits_nuts_rice,qwen3,5068728,2,가득,0.1634186606324779
fruits_nuts_rice,qwen3,5070409,2,가득,0.3198089048370255
fruits_nuts_rice,qwen3,5121007,2,가득,0.3927734861931984
fruits_nuts_rice,qwen3,5134096,2,가득,0.22852030445124255
fruits_nuts_rice,qwen3,5159977,2,가득,0.15256297584430456
fruits_nuts_rice,qwen3,5162187,2,가득,0.17471216705611037
fruits_nuts_rice,qwen3,5061259,2,가방,0.28363515666235417
fruits_nuts_rice,qwen3,5025577,2,가지다,0.19794972584750445
fruits_nuts_rice,qwen3,5027321,2,가지다,0.291811400351356
fruits_nuts_rice,qwen3,5162187,1,가지다,0.2883077306483204
fruits_nuts_rice,qwen3,1000118138,2,가지런히,0.47678627701195914
fruits_nuts_rice,qwen3,5094562,2,각기,0.20578148877980315
fruits_nuts_rice,qwen3,5045631,1,간식,0.16188546233137618
fruits_nuts_rice,qwen3,1000066062,1,갈색,0.21123096873876937
fruits_nuts_rice,qwen3,5025577,2,갈색,0.18750446203652343
fruits_nuts_rice,qwen3,5094562,2,갈색,0.16747253054748204
fruits_nuts_rice,qwen3,5132780,2,갈색,0.2822156768810669
fruits_nuts_rice,qwen3,1001303421,1,감돌다,0.45151186042179486
fruits_nuts_rice,qwen3,5159977,2,감돌다,0.31123570857831045
fruits_nuts_rice,qwen3,5031442,1,감싸다,0.20329592219159665
fruits_nuts_rice,qwen3,5031442,2,감싸다,0.26426022464963594
fruits_nuts_rice,qwen3,1000032485,1,같다,0.4180007659255043
fruits_nuts_rice,qwen3,5049631,2,같다,0.2772517621600164
fruits_nuts_rice,qwen3,5094562,1,개방,0.2522068577764895
fruits_nuts_rice,qwen3,5045631,1,개별,0.1485495699969972
fruits_nuts_rice,qwen3,5052626,1,개별,0.4178151005527048
fruits_nuts_rice,qwen3,1000066062,2,검다,0.23054638676785452
fruits_nuts_rice,qwen3,1000102438,1,검다,0.20729124238320562
fruits_nuts_rice,qwen3,1000102438,2,검다,0.2564029077796027
fruits_nuts_rice,qwen3,5025577,1,검다,0.17258930082423818
fruits_nuts_rice,qwen3,5025577,2,검다,0.1550585091145343
fruits_nuts_rice,qwen3,5036748,2,검다,0.12075871382139892
fruits_nuts_rice,qwen3,5051031,2,검다,0.27320950177592007
fruits_nuts_rice,qwen3,5132780,1,검다,0.2914179165317292
fruits_nuts_rice,qwen3,5132780,2,검다,0.23338080401203204
fruits_nuts_rice,qwen3,1000066062,1,검은색,0.519099139200504
fruits_nuts_rice,qwen3,1000032485,2,겉면,0.3957836380125205
fruits_nuts_rice,qwen3,1000253378,1,겉면,0.30116530306801687
fruits_nuts_rice,qwen3,1000102438,1,격자,0.28263323468542184
fruits_nuts_rice,qwen3,5094562,1,격자,0.23143041835529876
fruits_nuts_rice,qwen3,1000973922,1,견과,0.5144508543694312
fruits_nuts_rice,qwen3,1000973922,2,견과,0.24440344708103995
fruits_nuts_rice,qwen3,5045631,1,견과,0.3620449215368264
fruits_nuts_rice,qwen3,5045631,2,견과,0.2106503609924112
fruits_nuts_rice,qwen3,5052626,1,견과,0.33943290287895816
fruits_nuts_rice,qwen3,5052626,2,견과,0.20472978997376667
fruits_nuts_rice,qwen3,5094562,2,경험,0.20578148877980315
fruits_nuts_rice,qwen3,5094562,2,고급,0.4115629775596063
fruits_nuts_rice,qwen3,5051031,1,고시하카리,0.25447721721737143
fruits_nuts_rice,qwen3,1001729429,1,고시혜카리,0.36200910623382637
fruits_nuts_rice,qwen3,1000066062,1,곡물,0.259549569600252
fruits_nuts_rice,qwen3,1000908371,2,골판지,0.36852333334076876
fruits_nuts_rice,qwen3,1000122762,1,과육,0.14225363360167306
fruits_nuts_rice,qwen3,1000122762,2,과육,0.18339306438974515
fruits_nuts_rice,qwen3,1000908371,1,과육,0.20880310283187625
fruits_nuts_rice,qwen3,1001303421,1,과육,0.3129250773452006
fruits_nuts_rice,qwen3,1001303421,2,과육,0.22033312078968847
fruits_nuts_rice,qwen3,5025577,1,과육,0.16309000617950062
fruits_nuts_rice,qwen3,5025577,2,과육,0.14652410716598763
fruits_nuts_rice,qwen3,5036748,2,과육,0.11411216853712769
fruits_nuts_rice,qwen3,5049631,2,과육,0.19215227045634517
fruits_nuts_rice,qwen3,5132780,1,과육,0.2753783089739607
fruits_nuts_rice,qwen3,5132780,2,과육,0.2205355522429566
fruits_nuts_rice,qwen3,5045631,2,과일,0.2825718223150859
fruits_nuts_rice,qwen3,1001882653,2,과즙,0.2784071390747176
fruits_nuts_rice,qwen3,5034841,1,과즙,0.2624757966101459
fruits_nuts_rice,qwen3,5034841,2,과즙,0.2949973389221781
fruits_nuts_rice,qwen3,5056014,2,과즙,0.2484677664543225
fruits_nuts_rice,qwen3,5063690,2,과즙,0.15503115131842107
fruits_nuts_rice,qwen3,5068728,1,과즙,0.28755002865204393
fruits_nuts_rice,qwen3,5068728,2,과즙,0.23747646518538812
fruits_nuts_rice,qwen3,5159977,1,과즙,0.23898083574590273
fruits_nuts_rice,qwen3,5159977,2,과즙,0.22170121870689724
fruits_nuts_rice,qwen3,5162187,2,과즙,0.253887944600608
fruits_nuts_rice,qwen3,5045631,1,구분,0.16188546233137618
fruits_nuts_rice,qwen3,5045631,1,구역,0.16188546233137618
fruits_nuts_rice,qwen3,5051031,1,국내,0.25447721721737143
fruits_nuts_rice,qwen3,5045631,2,그레이,0.2825718223150859
fruits_nuts_rice,qwen3,1002140343,2,그리고,0.2586403140442442
fruits_nuts_rice,qwen3,5132780,2,그리고,0.3182052979810263
fruits_nuts_rice,qwen3,1000048867,1,그리다,0.6090921880560389
fruits_nuts_rice,qwen3,1000867511,1,그리다,0.2583582785814856
fruits_nuts_rice,qwen3,1001729429,1,그리다,0.25138483484659935
fruits_nuts_rice,qwen3,5036748,2,그리다,0.12459963889251005
fruits_nuts_rice,qwen3,5045631,1,그리다,0.11241581913675011
fruits_nuts_rice,qwen3,5048547,1,그리다,0.2008713024707264
fruits_nuts_rice,qwen3,5051031,1,그리다,0.17671299456508963
fruits_nuts_rice,qwen3,5051038,1,그리다,0.190767357161281
fruits_nuts_rice,qwen3,1000867511,1,그림,0.34140222864681796
fruits_nuts_rice,qwen3,5036748,2,그림,0.16464962779613465
fruits_nuts_rice,qwen3,5052626,2,글씨,0.27462981578823953
fruits_nuts_rice,qwen3,1000066062,1,글자,0.259549569600252
fruits_nuts_rice,qwen3,1001729429,1,금색,0.33218731497923654
fruits_nuts_rice,qwen3,5052626,2,금색,0.2520062052279203
fruits_nuts_rice,qwen3,1001502284,2,깔다,0.4231516539129058
fruits_nuts_rice,qwen3,5049631,1,깔리다,0.2670056863857941
fruits_nuts_rice,qwen3,5063690,2,깔리다,0.20377801922972746
fruits_nuts_rice,qwen3,5068728,2,깔리다,0.3121468380877956
fruits_nuts_rice,qwen3,5051038,1,껍데기,0.27471633484448704
fruits_nuts_rice,qwen3,1000908371,1,껍질,0.2209649896513075
fruits_nuts_rice,qwen3,5003716,2,껍질,0.4028782254377823
fruits_nuts_rice,qwen3,5025577,2,껍질,0.1550585091145343
fruits_nuts_rice,qwen3,5027321,2,껍질,0.22858248723195285
fruits_nuts_rice,qwen3,5031442,1,껍질,0.29820600772191647
fruits_nuts_rice,qwen3,5031442,2,껍질,0.3876319098923969
fruits_nuts_rice,qwen3,5132780,2,껍질,0.23338080401203204
fruits_nuts_rice,qwen3,5162187,1,껍질,0.22583798330169233
fruits_nuts_rice,qwen3,5162187,2,껍질,0.26140936564342754
fruits_nuts_rice,qwen3,5031442,2,꽂히다,0.26426022464963594
fruits_nuts_rice,qwen3,5053663,2,꽂히다,0.46541091444530563
fruits_nuts_rice,qwen3,1000763360,2,나다,0.3131314345744594
fruits_nuts_rice,qwen3,5025577,1,나무,0.14196451450528993
fruits_nuts_rice,qwen3,5025577,2,나무,0.12754444140645996
fruits_nuts_rice,qwen3,5027321,1,나무,0.25439897129187466
fruits_nuts_rice,qwen3,5031442,1,나무,0.12264569966569215
fruits_nuts_rice,qwen3,5031442,2,나무,0.1594246446095577
fruits_nuts_rice,qwen3,5049631,1,나무,0.1720390921311997
fruits_nuts_rice,qwen3,5052626,1,나무,0.2520622390540806
fruits_nuts_rice,qwen3,5053663,1,나무,0.22423387595169972
fruits_nuts_rice,qwen3,5053663,2,나무,0.2807761543805012
fruits_nuts_rice,qwen3,5056014,1,나무,0.20912015851793928
fruits_nuts_rice,qwen3,5056014,2,나무,0.2104335838896736
fruits_nuts_rice,qwen3,5061259,2,나무,0.1570172140942244
fruits_nuts_rice,qwen3,5063578,1,나무,0.23719694839424543
fruits_nuts_rice,qwen3,5063578,2,나무,0.18608548286731033
fruits_nuts_rice,qwen3,5063690,1,나무,0.1878601304231151
fruits_nuts_rice,qwen3,5063690,2,나무,0.13129977079934466
fruits_nuts_rice,qwen3,5094562,2,나무,0.11391830427717614
fruits_nuts_rice,qwen3,5159977,1,나뭇잎,0.3656123560517098
fruits_nuts_rice,qwen3,5051031,1,나오다,0.23351374883985623
fruits_nuts_rice,qwen3,5063690,1,나오다,0.31139451739035645
fruits_nuts_rice,qwen3,5063578,2,남다,0.3361439405872176
fruits_nuts_rice,qwen3,1000032485,2,내리다,0.3705739292123216
fruits_nuts_rice,qwen3,1000253378,1,내리다,0.2819823736543755
fruits_nuts_rice,qwen3,5038123,1,내리다,0.3420579953813099
fruits_nuts_rice,qwen3,5045631,1,내용물,0.16188546233137618
fruits_nuts_rice,qwen3,5051031,2,냄비,0.4059518498365211
fruits_nuts_rice,qwen3,1000032485,1,냉동,0.37072408863382467
fruits_nuts_rice,qwen3,1000032485,2,냉동,0.35101975991240336
fruits_nuts_rice,qwen3,1000253378,1,냉동,0.2671029376245645
fruits_nuts_rice,qwen3,1000338204,1,냉동,0.4517444152239569
fruits_nuts_rice,qwen3,5159977,1,넘치다,0.3656123560517098
fruits_nuts_rice,qwen3,1000122762,1,노란색,0.13861606553333017
fruits_nuts_rice,qwen3,1000122762,2,노란색,0.17870351982002497
fruits_nuts_rice,qwen3,1001303421,1,노란색,0.30492326930476793
fruits_nuts_rice,qwen3,1001303421,2,노란색,0.21469898193298176
fruits_nuts_rice,qwen3,1001882653,1,노란색,0.3518477766801027
fruits_nuts_rice,qwen3,1001882653,2,노란색,0.2639508774660735
fruits_nuts_rice,qwen3,5027321,1,노란색,0.2847823685258836
fruits_nuts_rice,qwen3,5027321,2,노란색,0.2104779635184799
fruits_nuts_rice,qwen3,5036748,1,노란색,0.13235103319097868
fruits_nuts_rice,qwen3,5036748,2,노란색,0.11119420595177594
fruits_nuts_rice,qwen3,5159977,1,노란색,0.22657178081837087
fruits_nuts_rice,qwen3,5159977,2,노란색,0.21018940608875172
fruits_nuts_rice,qwen3,1000253378,2,녹색,0.21961399836756162
fruits_nuts_rice,qwen3,1000867509,1,녹색,0.27153588202571655
fruits_nuts_rice,qwen3,1000867509,2,녹색,0.2317289990047946
fruits_nuts_rice,qwen3,1000867511,1,녹색,0.22496020230293648
fruits_nuts_rice,qwen3,1000867511,2,녹색,0.18042346039530133
fruits_nuts_rice,qwen3,1001502284,1,녹색,0.20295451085671604
fruits_nuts_rice,qwen3,1001502284,2,녹색,0.2558579605747014
fruits_nuts_rice,qwen3,5027321,1,녹색,0.27786320145826277
fruits_nuts_rice,qwen3,5036748,1,녹색,0.12913538850426284
fruits_nuts_rice,qwen3,5036748,2,녹색,0.10849259457072638
fruits_nuts_rice,qwen3,5052626,2,녹색,0.16605447226976286
fruits_nuts_rice,qwen3,5132780,1,녹색,0.2618170140142721
fruits_nuts_rice,qwen3,5132780,2,녹색,0.20967504661995434
fruits_nuts_rice,qwen3,5051031,1,농부,0.25447721721737143
fruits_nuts_rice,qwen3,1001303421,2,느끼다,0.29766351557450854
fruits_nuts_rice,qwen3,5035954,2,느끼다,0.23855193422524335
fruits_nuts_rice,qwen3,5162187,1,느끼다,0.2883077306483204
fruits_nuts_rice,qwen3,5003716,1,다발,0.5030117927715808
fruits_nuts_rice,qwen3,1000066062,1,다양,0.21123096873876937
fruits_nuts_rice,qwen3,1000066062,2,다양,0.27878815856174666
fruits_nuts_rice,qwen3,1000973922,2,다양,0.26681561924736724
fruits_nuts_rice,qwen3,5094562,1,다양,0.20525520027923477
fruits_nuts_rice,qwen3,1000066062,1,달리다,0.22299795907895528
fruits_nuts_rice,qwen3,1001502284,1,달리다,0.2883874736317356
fruits_nuts_rice,qwen3,5063690,1,달리다,0.29156003119277135
fruits_nuts_rice,qwen3,1000032485,1,담기다,0.198924560644775
fruits_nuts_rice,qwen3,1000102438,1,담기다,0.1345038014677444
fruits_nuts_rice,qwen3,1000102438,2,담기다,0.16637058761983736
fruits_nuts_rice,qwen3,1000118138,1,담기다,0.17868020599925982
fruits_nuts_rice,qwen3,1000118138,2,담기다,0.20820858179819224
fruits_nuts_rice,qwen3,1000144509,2,담기다,0.38132366684845115
fruits_nuts_rice,qwen3,1000253378,1,담기다,0.14332312396990374
fruits_nuts_rice,qwen3,1000253378,2,담기다,0.15861052653232297
fruits_nuts_rice,qwen3,1000858612,1,담기다,0.14590252699280934
fruits_nuts_rice,qwen3,1000867509,1,담기다,0.1961097632239053
fruits_nuts_rice,qwen3,1000867509,2,담기다,0.16736027219650818
fruits_nuts_rice,qwen3,1000867511,2,담기다,0.13030617476481127
fruits_nuts_rice,qwen3,1000973922,1,담기다,0.1506799338585489
fruits_nuts_rice,qwen3,1000973922,2,담기다,0.14316895356743609
fruits_nuts_rice,qwen3,1001234463,1,담기다,0.187871880552331
fruits_nuts_rice,qwen3,1001234463,2,담기다,0.2236033634223145
fruits_nuts_rice,qwen3,1001729429,2,담기다,0.2187571251488297
fruits_nuts_rice,qwen3,1001882653,1,담기다,0.2479389379036437
fruits_nuts_rice,qwen3,1002140343,2,담기다,0.12308568555457448
fruits_nuts_rice,qwen3,5035954,2,담기다,0.24249748662752524
fruits_nuts_rice,qwen3,5036748,1,담기다,0.09326469221846548
fruits_nuts_rice,qwen3,5036748,2,담기다,0.07835596855224186
fruits_nuts_rice,qwen3,5045631,1,담기다,0.07069402822790359
fruits_nuts_rice,qwen3,5045631,2,담기다,0.12339675283665742
fruits_nuts_rice,qwen3,5051031,2,담기다,0.1772757795432411
fruits_nuts_rice,qwen3,5053663,2,담기다,0.2214868230452363
fruits_nuts_rice,qwen3,5063690,1,담기다,0.14819115802794489
fruits_nuts_rice,qwen3,5094562,2,담기다,0.08986305605873957
fruits_nuts_rice,qwen3,5121007,2,담기다,0.38132366684845115
fruits_nuts_rice,qwen3,5132780,1,담기다,0.18909056233483734
fruits_nuts_rice,qwen3,5132780,2,담기다,0.15143237586075725
fruits_nuts_rice,qwen3,5134096,1,담다,0.44543394880826936
fruits_nuts_rice,qwen3,5035954,1,대리석,0.32247151096924204
fruits_nuts_rice,qwen3,5036748,1,대리석,0.18349446035958691
fruits_nuts_rice,qwen3,5061259,1,대리석,0.4096149901996721
fruits_nuts_rice,qwen3,5094562,1,대추,0.23143041835529876
fruits_nuts_rice,qwen3,5094562,2,대추,0.18882950470875554
fruits_nuts_rice,qwen3,5094562,1,대추야자,0.2522068577764895
fruits_nuts_rice,qwen3,1000032485,2,덮이다,0.3957836380125205
fruits_nuts_rice,qwen3,5061259,1,덮이다,0.43748061648665676
fruits_nuts_rice,qwen3,5162187,1,도다,0.33556427023487856
fruits_nuts_rice,qwen3,5025577,1,도마,0.41740713475330493
fruits_nuts_rice,qwen3,5025577,2,도마,0.18750446203652343
fruits_nuts_rice,qwen3,5056014,1,도마,0.6148596111521756
fruits_nuts_rice,qwen3,5056014,2,도마,0.6187213728257767
fruits_nuts_rice,qwen3,1000118138,2,도자기,0.47678627701195914
fruits_nuts_rice,qwen3,1000253378,1,돋보이다,0.30116530306801687
fruits_nuts_rice,qwen3,1000338204,2,돋보이다,0.3679144212486228
fruits_nuts_rice,qwen3,1000066062,1,되다,0.1934878364154539
fruits_nuts_rice,qwen3,5025577,1,되다,0.19117273354853362
fruits_nuts_rice,qwen3,5025577,2,되다,0.17175432605508723
fruits_nuts_rice,qwen3,5034841,1,되다,0.29935078869534815
fruits_nuts_rice,qwen3,5036748,1,되다,0.15921197788463665
fruits_nuts_rice,qwen3,5063690,2,되다,0.17681134039359764
fruits_nuts_rice,qwen3,5049631,1,둥글다,0.28516976936942584
fruits_nuts_rice,qwen3,5162187,2,둥글다,0.3564211094469854
fruits_nuts_rice,qwen3,1000122762,1,드러나다,0.11903898942595069
fruits_nuts_rice,qwen3,1000122762,2,드러나다,0.15346479734790278
fruits_nuts_rice,qwen3,1001303421,1,드러나다,0.2618582318783879
fruits_nuts_rice,qwen3,1001303421,2,드러나다,0.18437653486808347
fruits_nuts_rice,qwen3,1001882653,2,드러나다,0.22667246823636977
fruits_nuts_rice,qwen3,5025577,1,드러나다,0.13647503427182386
fruits_nuts_rice,qwen3,5034841,1,드러나다,0.21370154827086488
fruits_nuts_rice,qwen3,5034841,2,드러나다,0.24017981420622034
fruits_nuts_rice,qwen3,5036748,2,드러나다,0.09548998419189544
fruits_nuts_rice,qwen3,5049631,2,드러나다,0.16079457172302608
fruits_nuts_rice,qwen3,5056014,2,드러나다,0.2022965434239962
fruits_nuts_rice,qwen3,5063690,2,드러나다,0.12622267460405023
fruits_nuts_rice,qwen3,5068728,1,드러나다,0.23411639138501053
fruits_nuts_rice,qwen3,5068728,2,드러나다,0.1933476874570152
fruits_nuts_rice,qwen3,5132780,1,드러나다,0.2304387928808727
fruits_nuts_rice,qwen3,5132780,2,드러나다,0.1845459311429972
fruits_nuts_rice,qwen3,5159977,1,드러나다,0.19457251017250765
fruits_nuts_rice,qwen3,5159977,2,드러나다,0.18050385712924127
fruits_nuts_rice,qwen3,5162187,2,드러나다,0.20670952350339583
fruits_nuts_rice,qwen3,1002140343,2,드러내다,0.2586403140442442
fruits_nuts_rice,qwen3,5025577,2,드러내다,0.2114160130099659
fruits_nuts_rice,qwen3,1000102438,1,들다,0.20729124238320562
fruits_nuts_rice,qwen3,1000102438,2,들다,0.2564029077796027
fruits_nuts_rice,qwen3,1000122762,1,들다,0.15053929874770014
fruits_nuts_rice,qwen3,1000122762,2,들다,0.19407492525448825
fruits_nuts_rice,qwen3,1000858612,1,들다,0.2248584482903376
fruits_nuts_rice,qwen3,5045631,1,들다,0.10895047411689554
fruits_nuts_rice,qwen3,5051038,1,들다,0.18488673719012297
fruits_nuts_rice,qwen3,5061259,2,들다,0.19088919010730748
fruits_nuts_rice,qwen3,5063690,2,들다,0.15962394348763273
fruits_nuts_rice,qwen3,1000867511,2,디자인,0.25637205947115144
fruits_nuts_rice,qwen3,5045631,1,디자인,0.13908760380550803
fruits_nuts_rice,qwen3,5094562,2,디자인,0.17680188059953725
fruits_nuts_rice,qwen3,5094562,1,디저트,0.2522068577764895
fruits_nuts_rice,qwen3,5068728,2,따다,0.36331084738350267
fruits_nuts_rice,qwen3,1000763360,2,따오다,0.3131314345744594
fruits_nuts_rice,qwen3,1000066062,1,뚜껑,0.22299795907895528
fruits_nuts_rice,qwen3,5094562,1,뚜껑,0.21668929999188447
fruits_nuts_rice,qwen3,5094562,2,뚜껑,0.17680188059953725
fruits_nuts_rice,qwen3,1000066062,1,라벨,0.20161663758303183
fruits_nuts_rice,qwen3,1000858612,1,라벨,0.2595338381080745
fruits_nuts_rice,qwen3,5036748,1,라벨,0.33180156684496015
fruits_nuts_rice,qwen3,5036748,2,라벨,0.13938089816663118
fruits_nuts_rice,qwen3,5121007,1,라벨,0.3550313895471361
fruits_nuts_rice,qwen3,5045631,2,레이,0.2825718223150859
fruits_nuts_rice,qwen3,5068728,1,리넨,0.4399174650556175
fruits_nuts_rice,qwen3,1001729429,1,마크,0.33218731497923654
fruits_nuts_rice,qwen3,5051031,1,마크,0.23351374883985623
fruits_nuts_rice,qwen3,5094562,2,만들다,0.20578148877980315
fruits_nuts_rice,qwen3,1000867511,2,말리다,0.2738127493154496
fruits_nuts_rice,qwen3,5045631,2,말리다,0.25929396064144455
fruits_nuts_rice,qwen3,5045631,1,매일,0.16188546233137618
fruits_nuts_rice,qwen3,1000763360,2,맺히다,0.28733611584814495
fruits_nuts_rice,qwen3,1001502284,2,맺히다,0.3882930272244538
fruits_nuts_rice,qwen3,5049631,1,멜론,0.6215412129194935
fruits_nuts_rice,qwen3,5048547,1,모서리,0.2892666167385393
fruits_nuts_rice,qwen3,5027321,2,모습,0.291811400351356
fruits_nuts_rice,qwen3,5045631,1,모습,0.13908760380550803
fruits_nuts_rice,qwen3,5052626,2,모습,0.23595449808423574
fruits_nuts_rice,qwen3,1000102438,1,모양,0.28263323468542184
fruits_nuts_rice,qwen3,5094562,1,모양,0.23143041835529876
fruits_nuts_rice,qwen3,1000118138,2,무늬,0.43750930695441675
fruits_nuts_rice,qwen3,5051038,1,무늬,0.25208559696833366
fruits_nuts_rice,qwen3,1001303421,2,무더기,0.2691231677148585
fruits_nuts_rice,qwen3,1001502284,1,무더기,0.26073652420338633
fruits_nuts_rice,qwen3,1001502284,2,무더기,0.32870181129953996
fruits_nuts_rice,qwen3,5034841,2,무더기,0.3505758065503885
fruits_nuts_rice,qwen3,5068728,2,무더기,0.2822178112632583
fruits_nuts_rice,qwen3,1000122762,1,문구,0.16068013331601358
fruits_nuts_rice,qwen3,1000867511,2,문구,0.21435009790237136
fruits_nuts_rice,qwen3,1001729429,1,문구,0.2600477284777316
fruits_nuts_rice,qwen3,5036748,1,문구,0.15341787097921308
fruits_nuts_rice,qwen3,5051031,1,문구,0.18280264542286861
fruits_nuts_rice,qwen3,5094562,2,문구,0.14782227241927134
fruits_nuts_rice,qwen3,5121007,1,문구,0.3283176775386623
fruits_nuts_rice,qwen3,5048547,1,문양,0.2892666167385393
fruits_nuts_rice,qwen3,1000763360,2,물방울,0.2690340459478152
fruits_nuts_rice,qwen3,1001502284,2,물방울,0.363560437987992
fruits_nuts_rice,qwen3,5027321,2,물방울,0.291811400351356
fruits_nuts_rice,qwen3,1000867511,2,미니멀,0.29839402103993146
fruits_nuts_rice,qwen3,5035954,1,민트,0.34440886880003796
fruits_nuts_rice,qwen3,5035954,2,민트,0.2547803418963533
fruits_nuts_rice,qwen3,1000122762,1,밀봉,0.20525425224517196
fruits_nuts_rice,qwen3,1000122762,2,밀봉,0.2646133202029161
fruits_nuts_rice,qwen3,5063690,1,바구니,0.5523504169161424
fruits_nuts_rice,qwen3,5063690,2,바구니,0.1930252123712152
fruits_nuts_rice,qwen3,5162187,1,바구니,0.546189045776501
fruits_nuts_rice,qwen3,5162187,2,바구니,0.31610920778345925
fruits_nuts_rice,qwen3,5003716,1,바나나,0.4093694643293408
fruits_nuts_rice,qwen3,5003716,2,바나나,0.4871803898948991
fruits_nuts_rice,qwen3,5031442,1,바나나,0.7212110753967794
fruits_nuts_rice,qwen3,5031442,2,바나나,0.46874378676552836
fruits_nuts_rice,qwen3,5061259,2,반사,0.28363515666235417
fruits_nuts_rice,qwen3,1000118138,2,반점,0.43750930695441675
fruits_nuts_rice,qwen3,1001303421,2,반점,0.3179132146400286
fruits_nuts_rice,qwen3,5027321,2,반짝이다,0.33964222667537836
fruits_nuts_rice,qwen3,5049631,1,받침대,0.2529165290434888
fruits_nuts_rice,qwen3,5063578,2,받침대,0.2735662799027672
fruits_nuts_rice,qwen3,5063690,1,받침대,0.2761752084580712
fruits_nuts_rice,qwen3,5063690,2,받침대,0.1930252123712152
fruits_nuts_rice,qwen3,1000030900,2,밝다,0.35359514165189593
fruits_nuts_rice,qwen3,1000032485,1,밝다,0.198924560644775
fruits_nuts_rice,qwen3,1000048867,2,밝다,0.2662933869903118
fruits_nuts_rice,qwen3,1000118138,2,밝다,0.20820858179819224
fruits_nuts_rice,qwen3,1000144509,1,밝다,0.21420958343187835
fruits_nuts_rice,qwen3,1000144509,2,밝다,0.38132366684845115
fruits_nuts_rice,qwen3,1000338204,1,밝다,0.2423987598251725
fruits_nuts_rice,qwen3,1000763360,1,밝다,0.38292242494804263
fruits_nuts_rice,qwen3,1000908371,1,밝다,0.14337620228277226
fruits_nuts_rice,qwen3,1000973922,1,밝다,0.1506799338585489
fruits_nuts_rice,qwen3,1001234463,1,밝다,0.375743761104662
fruits_nuts_rice,qwen3,1001234463,2,밝다,0.447206726844629
fruits_nuts_rice,qwen3,1001303421,1,밝다,0.21487232986629884
fruits_nuts_rice,qwen3,1001303421,2,밝다,0.15129337479899846
fruits_nuts_rice,qwen3,5003716,1,밝다,0.21966104531592892
fruits_nuts_rice,qwen3,5003716,2,밝다,0.26141313172210945
fruits_nuts_rice,qwen3,5034841,1,밝다,0.17535652495477605
fruits_nuts_rice,qwen3,5038123,2,밝다,0.17183203866736071
fruits_nuts_rice,qwen3,5048547,1,밝다,0.12632031360076626
fruits_nuts_rice,qwen3,5048580,1,밝다,0.23455383779324213
fruits_nuts_rice,qwen3,5049631,2,밝다,0.13194278449121333
fruits_nuts_rice,qwen3,5051038,1,밝다,0.11996632712088996
fruits_nuts_rice,qwen3,5052626,1,밝다,0.19883620338392333
fruits_nuts_rice,qwen3,5068728,2,밝다,0.3173096204013488
fruits_nuts_rice,qwen3,5070409,1,밝다,0.26524547892084555
fruits_nuts_rice,qwen3,5070409,2,밝다,0.3104860907623905
fruits_nuts_rice,qwen3,5121007,1,밝다,0.19958852870324062
fruits_nuts_rice,qwen3,5121007,2,밝다,0.38132366684845115
fruits_nuts_rice,qwen3,5134096,1,밝다,0.1945172821402577
fruits_nuts_rice,qwen3,5134096,2,밝다,0.22185866283196495
fruits_nuts_rice,qwen3,5159977,1,밝다,0.15965985979817285
fruits_nuts_rice,qwen3,1000030900,1,밥그릇,0.33029913361462765
fruits_nuts_rice,qwen3,1000048867,1,밥그릇,0.29515811555345667
fruits_nuts_rice,qwen3,1000144509,1,밥그릇,0.3301302282570173
fruits_nuts_rice,qwen3,1001729429,1,밥그릇,0.2436356124311765
fruits_nuts_rice,qwen3,5048547,1,밥그릇,0.19467921693513232
fruits_nuts_rice,qwen3,5051038,1,밥그릇,0.18488673719012297
fruits_nuts_rice,qwen3,5053663,1,밥그릇,0.27260592554747715
fruits_nuts_rice,qwen3,5070409,1,밥그릇,0.4087844675171953
fruits_nuts_rice,qwen3,5121007,1,밥그릇,0.30759691271813283
fruits_nuts_rice,qwen3,5045631,2,방식,0.2825718223150859
fruits_nuts_rice,qwen3,1000763360,2,방울,0.28733611584814495
fruits_nuts_rice,qwen3,1001234463,1,방울,0.3947757366521142
fruits_nuts_rice,qwen3,1000032485,1,배경,0.30657363484613076
fruits_nuts_rice,qwen3,1000048867,2,배경,0.4103994565602755
fruits_nuts_rice,qwen3,1000908371,2,배경,0.24801974996635373
fruits_nuts_rice,qwen3,1001502284,1,배경,0.45180089557782777
fruits_nuts_rice,qwen3,5038123,1,배경,0.26794178454883083
fruits_nuts_rice,qwen3,5048580,1,배경,0.36148388306757206
fruits_nuts_rice,qwen3,5061259,2,배경,0.19088919010730748
fruits_nuts_rice,qwen3,5070409,2,배경,0.47850727484661615
fruits_nuts_rice,qwen3,5134096,2,배경,0.3419186472803412
fruits_nuts_rice,qwen3,1000102438,1,배열,0.30800635685574007
fruits_nuts_rice,qwen3,1001729429,1,백미,0.36200910623382637
fruits_nuts_rice,qwen3,5003716,2,벗기다,0.5143196250934597
fruits_nuts_rice,qwen3,5031442,1,벗기다,0.19034684975279131
fruits_nuts_rice,qwen3,5031442,2,벗기다,0.24742798938001695
fruits_nuts_rice,qwen3,1000253378,1,베리,0.3282021235491995
fruits_nuts_rice,qwen3,1000908371,2,베이지,0.31662526481756553
fruits_nuts_rice,qwen3,5049631,1,베이지,0.2670056863857941
fruits_nuts_rice,qwen3,5051031,1,베이지,0.21863993132012002
fruits_nuts_rice,qwen3,1000048867,1,보라색,0.34067440721384223
fruits_nuts_rice,qwen3,1000338204,2,보라색,0.3114507039492572
fruits_nuts_rice,qwen3,5038123,1,보라색,0.30926104961684486
fruits_nuts_rice,qwen3,5038123,2,보라색,0.3056576841021614
fruits_nuts_rice,qwen3,5053663,1,보라색,0.3146444471456444
fruits_nuts_rice,qwen3,5025577,2,보송보송,0.2114160130099659
fruits_nuts_rice,qwen3,5132780,2,보송보송,0.3182052979810263
fruits_nuts_rice,qwen3,1000118138,1,보이다,0.2841326519996172
fruits_nuts_rice,qwen3,1000763360,2,보이다,0.21744340849518634
fruits_nuts_rice,qwen3,1000908371,2,보이다,0.2559084169257038
fruits_nuts_rice,qwen3,5045631,1,보이다,0.11241581913675011
fruits_nuts_rice,qwen3,5048547,1,보이다,0.4017426049414528
fruits_nuts_rice,qwen3,5048580,1,보이다,0.3729814592286623
fruits_nuts_rice,qwen3,5052626,2,보이다,0.19070727696359718
fruits_nuts_rice,qwen3,5061259,2,보이다,0.19696072774534193
fruits_nuts_rice,qwen3,5027321,1,복숭아,0.34257960112976243
fruits_nuts_rice,qwen3,5027321,2,복숭아,0.25319494729257414
fruits_nuts_rice,qwen3,5056014,1,복숭아,0.2816060934895631
fruits_nuts_rice,qwen3,5056014,2,복숭아,0.28337478279548883
fruits_nuts_rice,qwen3,5159977,1,복숭아,0.27255504159823973
fruits_nuts_rice,qwen3,5159977,2,복숭아,0.5056956529458853
fruits_nuts_rice,qwen3,1000030900,1,봉지,0.27168982040706685
fruits_nuts_rice,qwen3,1000032485,1,봉지,0.25217424848007003
fruits_nuts_rice,qwen3,1000048867,1,봉지,0.24278433469937374
fruits_nuts_rice,qwen3,1000118138,1,봉지,0.45302145215330875
fruits_nuts_rice,qwen3,1000122762,1,봉지,0.12382713388733256
fruits_nuts_rice,qwen3,1000122762,2,봉지,0.15963766241490293
fruits_nuts_rice,qwen3,1000144509,1,봉지,0.2715508861453486
fruits_nuts_rice,qwen3,1000338204,1,봉지,0.3072859625442106
fruits_nuts_rice,qwen3,1000867509,2,봉지,0.21216058353869713
fruits_nuts_rice,qwen3,1000867511,1,봉지,0.20596337963116498
fruits_nuts_rice,qwen3,1001729429,1,봉지,0.200404145968552
fruits_nuts_rice,qwen3,5048547,1,봉지,0.16013472668628315
fruits_nuts_rice,qwen3,5051031,1,봉지,0.14087570866783822
fruits_nuts_rice,qwen3,5053663,1,봉지,0.22423387595169972
fruits_nuts_rice,qwen3,5070409,1,봉지,0.33624847074084707
fruits_nuts_rice,qwen3,5121007,1,봉지,0.2530159527201881
fruits_nuts_rice,qwen3,5134096,1,봉지,0.2465871950708951
fruits_nuts_rice,qwen3,1000908371,1,붉다,0.22799313645522884
fruits_nuts_rice,qwen3,1000908371,2,붉다,0.2559084169257038
fruits_nuts_rice,qwen3,1001234463,2,붉다,0.35556829750621394
fruits_nuts_rice,qwen3,1001303421,1,붉다,0.3416844332858053
fruits_nuts_rice,qwen3,1001502284,2,붉다,0.293843184611088
fruits_nuts_rice,qwen3,5063578,1,붉다,0.29753733591700093
fruits_nuts_rice,qwen3,5063578,2,붉다,0.23342365574257737
fruits_nuts_rice,qwen3,5159977,2,붉다,0.23552957524646395
fruits_nuts_rice,qwen3,5027321,2,붉은색,0.3116629868973189
fruits_nuts_rice,qwen3,5048547,1,붉은색,0.2654372474968545
fruits_nuts_rice,qwen3,1000122762,1,붙다,0.155327443209082
fruits_nuts_rice,qwen3,1000122762,2,붙다,0.2002477903214884
fruits_nuts_rice,qwen3,1000858612,1,붙다,0.2320104328068906
fruits_nuts_rice,qwen3,1001729429,1,붙다,0.25138483484659935
fruits_nuts_rice,qwen3,5025577,2,붙다,0.1599903943284491
fruits_nuts_rice,qwen3,5036748,1,붙다,0.14830710648537324
fruits_nuts_rice,qwen3,5036748,2,붙다,0.12459963889251005
fruits_nuts_rice,qwen3,5051031,1,붙다,0.17671299456508963
fruits_nuts_rice,qwen3,1000118138,1,브랜드,0.3178393178838827
fruits_nuts_rice,qwen3,5045631,2,브랜드,0.21950019327183742
fruits_nuts_rice,qwen3,5048547,1,브랜드,0.22470067171241123
fruits_nuts_rice,qwen3,5053663,1,브랜드,0.3146444471456444
fruits_nuts_rice,qwen3,5094562,1,브랜드,0.19591286057069374
fruits_nuts_rice,qwen3,1000032485,1,블루베리,0.632649404535528
fruits_nuts_rice,qwen3,1000032485,2,블루베리,0.29951175132314317
fruits_nuts_rice,qwen3,1000253378,1,블루베리,0.22790873269201034
fruits_nuts_rice,qwen3,1000253378,2,블루베리,0.5044367313844629
fruits_nuts_rice,qwen3,1000338204,1,블루베리,0.7709125035464738
fruits_nuts_rice,qwen3,1000338204,2,블루베리,0.556843093355616
fruits_nuts_rice,qwen3,5035954,1,블루베리,0.521267144763871
fruits_nuts_rice,qwen3,5035954,2,블루베리,0.38561324458628543
fruits_nuts_rice,qwen3,1000122762,1,비닐,0.20525425224517196
fruits_nuts_rice,qwen3,1000122762,2,비닐,0.2646133202029161
fruits_nuts_rice,qwen3,1000867511,1,비다,0.37205127976182983
fruits_nuts_rice,qwen3,1000030900,1,비단,0.49077921308985845
fruits_nuts_rice,qwen3,1000122762,1,빨간색,0.16068013331601358
fruits_nuts_rice,qwen3,1000122762,2,빨간색,0.20714846636458742
fruits_nuts_rice,qwen3,1001234463,1,빨간색,0.30904411139516963
fruits_nuts_rice,qwen3,1001502284,1,빨간색,0.24111786336738453
fruits_nuts_rice,qwen3,1001882653,1,빨간색,0.40785277988075685
fruits_nuts_rice,qwen3,1001882653,2,빨간색,0.305964983329653
fruits_nuts_rice,qwen3,5027321,1,빨간색,0.33011230527089513
fruits_nuts_rice,qwen3,1000908371,1,뽐내다,0.32832366998577805
fruits_nuts_rice,qwen3,1000102438,1,사과,0.381746117827121
fruits_nuts_rice,qwen3,1000102438,2,사과,0.47218982104175367
fruits_nuts_rice,qwen3,1000122762,1,사과,0.5544642621333207
fruits_nuts_rice,qwen3,1000122762,2,사과,0.5361105594600749
fruits_nuts_rice,qwen3,1000908371,1,사과,0.6103913942912238
fruits_nuts_rice,qwen3,1000908371,2,사과,0.22837572780590276
fruits_nuts_rice,qwen3,1001303421,1,사과,0.30492326930476793
fruits_nuts_rice,qwen3,1001303421,2,사과,0.4293979638659635
fruits_nuts_rice,qwen3,1001882653,1,사과,0.3518477766801027
fruits_nuts_rice,qwen3,1001882653,2,사과,0.527901754932147
fruits_nuts_rice,qwen3,5061259,1,사과,0.5908948646972796
fruits_nuts_rice,qwen3,5061259,2,사과,0.5273103177502964
fruits_nuts_rice,qwen3,5051031,1,삽화,0.25447721721737143
fruits_nuts_rice,qwen3,5048547,1,상단,0.2892666167385393
fruits_nuts_rice,qwen3,1000102438,1,상자,0.20729124238320562
fruits_nuts_rice,qwen3,1000102438,2,상자,0.2564029077796027
fruits_nuts_rice,qwen3,1000908371,1,상자,0.2209649896513075
fruits_nuts_rice,qwen3,1000908371,2,상자,0.24801974996635373
fruits_nuts_rice,qwen3,1000973922,1,상자,0.46444234811085666
fruits_nuts_rice,qwen3,5045631,1,상자,0.21790094823379108
fruits_nuts_rice,qwen3,5052626,1,상자,0.30643746258798155
fruits_nuts_rice,qwen3,5094562,1,상자,0.33947528498925944
fruits_nuts_rice,qwen3,5094562,2,상자,0.2769858447344323
fruits_nuts_rice,qwen3,1000066062,2,상태,0.3425603120432374
fruits_nuts_rice,qwen3,5035954,1,상판,0.34440886880003796
fruits_nuts_rice,qwen3,5063578,1,상판,0.3931745874195511
fruits_nuts_rice,qwen3,5045631,1,색상,0.1485495699969972
fruits_nuts_rice,qwen3,5045631,2,색상,0.25929396064144455
fruits_nuts_rice,qwen3,5159977,1,생기,0.3656123560517098
fruits_nuts_rice,qwen3,1000032485,2,서리,0.3705739292123216
fruits_nuts_rice,qwen3,1000253378,1,서리,0.2819823736543755
fruits_nuts_rice,qwen3,5038123,1,서리,0.3420579953813099
fruits_nuts_rice,qwen3,1000066062,1,섞이다,0.20161663758303183
fruits_nuts_rice,qwen3,1000066062,2,섞이다,0.5321978255631414
fruits_nuts_rice,qwen3,1000973922,2,섞이다,0.25467131230088047
fruits_nuts_rice,qwen3,5045631,2,섞이다,0.21950019327183742
fruits_nuts_rice,qwen3,5052626,2,섞이다,0.21333088752391646
fruits_nuts_rice,qwen3,1000908371,1,선명,0.24475724096699875
fruits_nuts_rice,qwen3,1001234463,1,선명,0.32071572832275597
fruits_nuts_rice,qwen3,5034841,2,선명,0.33644125366936567
fruits_nuts_rice,qwen3,5068728,1,선명,0.32794767737846336
fruits_nuts_rice,qwen3,5068728,2,선명,0.2708393233507055
fruits_nuts_rice,qwen3,5132780,2,선명,0.2585099194889892
fruits_nuts_rice,qwen3,5094562,2,선물,0.20578148877980315
fruits_nuts_rice,qwen3,5094562,2,선사,0.20578148877980315
fruits_nuts_rice,qwen3,5094562,2,소재,0.20578148877980315
fruits_nuts_rice,qwen3,5159977,1,속살,0.3354937342421514
fruits_nuts_rice,qwen3,5159977,2,속살,0.31123570857831045
fruits_nuts_rice,qwen3,1000763360,1,송이,0.32684306998811163
fruits_nuts_rice,qwen3,1000763360,2,송이,0.23343180219020707
fruits_nuts_rice,qwen3,5038123,1,송이,0.5935844590533105
fruits_nuts_rice,qwen3,5038123,2,송이,0.29333414488836224
fruits_nuts_rice,qwen3,5048580,1,송이,0.4004064083331701
fruits_nuts_rice,qwen3,5048580,2,송이,0.34768128486070027
fruits_nuts_rice,qwen3,5051031,1,수확,0.23351374883985623
fruits_nuts_rice,qwen3,5159977,2,수확,0.31123570857831045
fruits_nuts_rice,qwen3,1000253378,1,숟가락,0.244666631080518
fruits_nuts_rice,qwen3,1000253378,2,숟가락,0.2707637267850759
fruits_nuts_rice,qwen3,1002140343,2,숟가락,0.21011933862952586
fruits_nuts_rice,qwen3,5035954,2,숟가락,0.20698349804009444
fruits_nuts_rice,qwen3,5053663,1,숟가락,0.30195857865785103
fruits_nuts_rice,qwen3,5053663,2,숟가락,0.3780997324240866
fruits_nuts_rice,qwen3,5045631,1,스낵,0.13908760380550803
fruits_nuts_rice,qwen3,5045631,2,스낵,0.24277805494547877
fruits_nuts_rice,qwen3,5052626,2,스낵,0.23595449808423574
fruits_nuts_rice,qwen3,5052626,2,스낵바,0.27462981578823953
fruits_nuts_rice,qwen3,5061259,2,스타,0.28363515666235417
fruits_nuts_rice,qwen3,1000122762,1,스티커,0.19218044263776302
fruits_nuts_rice,qwen3,1000122762,2,스티커,0.2477585942711729
fruits_nuts_rice,qwen3,5025577,2,스티커,0.19794972584750445
fruits_nuts_rice,qwen3,5094562,1,슬로건,0.2522068577764895
fruits_nuts_rice,qwen3,5025577,1,식탁,0.2564440309585399
fruits_nuts_rice,qwen3,5068728,1,식탁보,0.4399174650556175
fruits_nuts_rice,qwen3,5094562,2,심플,0.20578148877980315
fruits_nuts_rice,qwen3,1001729429,2,쌀밥,0.4596749922055138
fruits_nuts_rice,qwen3,5053663,2,쌀밥,0.46541091444530563
fruits_nuts_rice,qwen3,1000030900,2,쌀알,0.4676247452391533
fruits_nuts_rice,qwen3,1000048867,2,쌀알,0.35216936711423313
fruits_nuts_rice,qwen3,1000066062,2,쌀알,0.19783499666156096
fruits_nuts_rice,qwen3,1000118138,2,쌀알,0.27535300560163395
fruits_nuts_rice,qwen3,1000144509,2,쌀알,0.5042953410802629
fruits_nuts_rice,qwen3,1000867509,2,쌀알,0.22133167408191923
fruits_nuts_rice,qwen3,1000867511,1,쌀알,0.21486658291086802
fruits_nuts_rice,qwen3,1001729429,2,쌀알,0.2893033101050883
fruits_nuts_rice,qwen3,5048547,1,쌀알,0.16705688938520952
fruits_nuts_rice,qwen3,5048547,2,쌀알,0.6753797600822314
fruits_nuts_rice,qwen3,5051038,1,쌀알,0.15865382905178924
fruits_nuts_rice,qwen3,5051038,2,쌀알,0.6753797600822314
fruits_nuts_rice,qwen3,5070409,2,쌀알,0.41061361424473347
fruits_nuts_rice,qwen3,5121007,2,쌀알,0.5042953410802629
fruits_nuts_rice,qwen3,5134096,2,쌀알,0.2934050513285398
fruits_nuts_rice,qwen3,1000066062,2,쌓이다,0.3143406845754629
fruits_nuts_rice,qwen3,5068728,2,쌓이다,0.33338182055896537
fruits_nuts_rice,qwen3,5036748,1,썬글드키위,0.21357104973996072
fruits_nuts_rice,qwen3,1000908371,1,썰다,0.22799313645522884
fruits_nuts_rice,qwen3,5025577,1,썰다,0.3561575621154085
fruits_nuts_rice,qwen3,5025577,2,썰다,0.1599903943284491
fruits_nuts_rice,qwen3,5031442,1,썰다,0.3076909293078575
fruits_nuts_rice,qwen3,5031442,2,썰다,0.19998058304612343
fruits_nuts_rice,qwen3,5036748,1,썰다,0.29661421297074647
fruits_nuts_rice,qwen3,5036748,2,썰다,0.3737989166775301
fruits_nuts_rice,qwen3,5049631,2,썰다,0.41962402113928277
fruits_nuts_rice,qwen3,5049631,2,씨방,0.3021417678985558
fruits_nuts_rice,qwen3,1000066062,1,씨앗,0.17467935821747266
fruits_nuts_rice,qwen3,1000122762,1,씨앗,0.15053929874770014
fruits_nuts_rice,qwen3,1000122762,2,씨앗,0.19407492525448825
fruits_nuts_rice,qwen3,1001303421,1,씨앗,0.3311516234166851
fruits_nuts_rice,qwen3,1001303421,2,씨앗,0.23316658179325353
fruits_nuts_rice,qwen3,5045631,1,씨앗,0.32685142235068665
fruits_nuts_rice,qwen3,5052626,2,씨앗,0.1848285090326185
fruits_nuts_rice,qwen3,5132780,1,씨앗,0.2914179165317292
fruits_nuts_rice,qwen3,5132780,2,씨앗,0.23338080401203204
fruits_nuts_rice,qwen3,5061259,2,아니스,0.28363515666235417
fruits_nuts_rice,qwen3,5063690,2,아래,0.23717928811330993
fruits_nuts_rice,qwen3,1000973922,2,아몬드,0.32784908175052263
fruits_nuts_rice,qwen3,1002140343,1,아보카도,0.7282027683003808
fruits_nuts_rice,qwen3,1002140343,2,아보카도,0.7759209421327327
fruits_nuts_rice,qwen3,1000908371,1,아삭아삭,0.32832366998577805
fruits_nuts_rice,qwen3,5038123,2,알갱이,0.39348598064509394
fruits_nuts_rice,qwen3,1000973922,1,앞쪽,0.29645659566030785
fruits_nuts_rice,qwen3,5025577,1,앞쪽,0.2203297644061256
fruits_nuts_rice,qwen3,5162187,1,앞쪽,0.2883077306483204
fruits_nuts_rice,qwen3,5094562,1,야자,0.23143041835529876
fruits_nuts_rice,qwen3,5094562,2,야자,0.18882950470875554
fruits_nuts_rice,qwen3,5053663,1,야채혼배남,0.40505501833958907
fruits_nuts_rice,qwen3,5031442,1,얇다,0.19034684975279131
fruits_nuts_rice,qwen3,5031442,2,얇다,0.24742798938001695
fruits_nuts_rice,qwen3,5036748,2,얇다,0.462486472322257
fruits_nuts_rice,qwen3,1000253378,2,얹다,0.3332887671560628
fruits_nuts_rice,qwen3,5094562,2,얹다,0.18882950470875554
fruits_nuts_rice,qwen3,1000253378,2,얼리다,0.3332887671560628
fruits_nuts_rice,qwen3,1000338204,2,얼리다,0.3679144212486228
fruits_nuts_rice,qwen3,5051031,2,에나멜,0.4059518498365211
fruits_nuts_rice,qwen3,5048547,1,여주대왕일포,0.2892666167385393
fruits_nuts_rice,qwen3,5063690,2,엮다,0.23717928811330993
fruits_nuts_rice,qwen3,1000253378,1,연두색,0.3282021235491995
fruits_nuts_rice,qwen3,1000122762,1,연하다,0.15053929874770014
fruits_nuts_rice,qwen3,1000122762,2,연하다,0.19407492525448825
fruits_nuts_rice,qwen3,1000253378,2,연하다,0.2444434487438951
fruits_nuts_rice,qwen3,1000867509,1,연하다,0.3022355949687296
fruits_nuts_rice,qwen3,1000867509,2,연하다,0.2579281653799597
fruits_nuts_rice,qwen3,1000867511,1,연하다,0.25039409186029604
fruits_nuts_rice,qwen3,1000867511,2,연하다,0.20082204787110405
fruits_nuts_rice,qwen3,1001303421,1,연하다,0.3311516234166851
fruits_nuts_rice,qwen3,1001303421,2,연하다,0.23316658179325353
fruits_nuts_rice,qwen3,5045631,1,열리다,0.16188546233137618
fruits_nuts_rice,qwen3,5031442,2,옅다,0.2879839278165827
fruits_nuts_rice,qwen3,1000102438,1,예쁘다,0.30800635685574007
fruits_nuts_rice,qwen3,5048547,1,오른쪽,0.2892666167385393
fruits_nuts_rice,qwen3,5049631,2,오이,0.6042835357971116
fruits_nuts_rice,qwen3,5053663,1,오크라이스,0.40505501833958907
fruits_nuts_rice,qwen3,5035954,2,올리다,0.2776529978624036
fruits_nuts_rice,qwen3,5051031,1,완전미,0.25447721721737143
fruits_nuts_rice,qwen3,1000867509,2,왼쪽,0.38324587973815233
fruits_nuts_rice,qwen3,5035954,2,요거트,0.2776529978624036
fruits_nuts_rice,qwen3,5045631,2,요일,0.2825718223150859
fruits_nuts_rice,qwen3,1000066062,1,용기,0.21123096873876937
fruits_nuts_rice,qwen3,1000858612,1,용기,0.27191002042915396
fruits_nuts_rice,qwen3,5036748,1,용기,0.3476239224793074
fruits_nuts_rice,qwen3,5036748,2,용기,0.1460274434509024
fruits_nuts_rice,qwen3,1000066062,1,원통,0.259549569600252
fruits_nuts_rice,qwen3,5051038,1,원형,0.27471633484448704
fruits_nuts_rice,qwen3,5045631,1,월요일,0.16188546233137618
fruits_nuts_rice,qwen3,1000118138,1,위쪽,0.40916790969111105
fruits_nuts_rice,qwen3,5121007,1,유기농,0.45704682637408406
fruits_nuts_rice,qwen3,5035954,1,유리,0.32247151096924204
fruits_nuts_rice,qwen3,5035954,2,유리,0.4771038684504867
fruits_nuts_rice,qwen3,5051031,2,유리,0.3487828322632011
fruits_nuts_rice,qwen3,5061259,2,육두구,0.28363515666235417
fruits_nuts_rice,qwen3,1000763360,2,윤기,0.3131314345744594
fruits_nuts_rice,qwen3,1002140343,2,으깨다,0.281859495234023
fruits_nuts_rice,qwen3,1000253378,1,은색,0.30116530306801687
fruits_nuts_rice,qwen3,1000253378,2,은색,0.3332887671560628
fruits_nuts_rice,qwen3,1000867509,1,이삭,0.4120860238039935
fruits_nuts_rice,qwen3,1000867509,2,이삭,0.35167463352383577
fruits_nuts_rice,qwen3,5003716,1,익다,0.3749829507509124
fruits_nuts_rice,qwen3,5003716,2,익다,0.446257857678897
fruits_nuts_rice,qwen3,5027321,2,익다,0.25319494729257414
fruits_nuts_rice,qwen3,5031442,1,익다,0.16515756592249797
fruits_nuts_rice,qwen3,5031442,2,익다,0.2146849528645904
fruits_nuts_rice,qwen3,5063690,2,익다,0.17681134039359764
fruits_nuts_rice,qwen3,5052626,2,인쇄,0.27462981578823953
fruits_nuts_rice,qwen3,5051031,1,인증,0.25447721721737143
fruits_nuts_rice,qwen3,5051038,1,일러스트,0.27471633484448704
fruits_nuts_rice,qwen3,1000122762,1,일부,0.310654886418164
fruits_nuts_rice,qwen3,1000122762,2,일부,0.2002477903214884
fruits_nuts_rice,qwen3,1000908371,2,일부,0.5118168338514076
fruits_nuts_rice,qwen3,1001303421,2,일부,0.24058281985520852
fruits_nuts_rice,qwen3,5056014,1,일부,0.26231810853043047
fruits_nuts_rice,qwen3,5056014,2,일부,0.26396565538411965
fruits_nuts_rice,qwen3,5068728,2,일부,0.25228878443872105
fruits_nuts_rice,qwen3,5162187,2,일부,0.5394478217193366
fruits_nuts_rice,qwen3,5045631,1,일요일,0.16188546233137618
fruits_nuts_rice,qwen3,5045631,1,일정,0.16188546233137618
fruits_nuts_rice,qwen3,5027321,1,잎사귀,0.34257960112976243
fruits_nuts_rice,qwen3,5027321,2,잎사귀,0.25319494729257414
fruits_nuts_rice,qwen3,5048580,1,잎사귀,0.4004064083331701
fruits_nuts_rice,qwen3,5056014,1,잎사귀,0.2816060934895631
fruits_nuts_rice,qwen3,5056014,2,잎사귀,0.28337478279548883
fruits_nuts_rice,qwen3,5159977,2,잎사귀,0.2528478264729426
fruits_nuts_rice,qwen3,5094562,2,자랑,0.20578148877980315
fruits_nuts_rice,qwen3,5056014,1,자루,0.3777536702880134
fruits_nuts_rice,qwen3,1002140343,2,자르다,0.2189468616243821
fruits_nuts_rice,qwen3,5063578,2,자르다,0.26111471172726397
fruits_nuts_rice,qwen3,5063690,2,자르다,0.1842395294563273
fruits_nuts_rice,qwen3,5132780,1,자르다,0.3363574326248172
fruits_nuts_rice,qwen3,5132780,2,자르다,0.26937042511199144
fruits_nuts_rice,qwen3,1000066062,2,자연,0.3143406845754629
fruits_nuts_rice,qwen3,5094562,2,자연,0.18882950470875554
fruits_nuts_rice,qwen3,1000030900,1,작다,0.24300450021298867
fruits_nuts_rice,qwen3,1000032485,1,작다,0.2255494045624225
fruits_nuts_rice,qwen3,1000048867,1,작다,0.21715088855655082
fruits_nuts_rice,qwen3,1000102438,1,작다,0.15250631814442508
fruits_nuts_rice,qwen3,1000102438,2,작다,0.18863828002296656
fruits_nuts_rice,qwen3,1000118138,1,작다,0.20259546603795708
fruits_nuts_rice,qwen3,1000144509,1,작다,0.24288023478861345
fruits_nuts_rice,qwen3,1000867509,1,작다,0.22235786360748372
fruits_nuts_rice,qwen3,1000867509,2,작다,0.18976042786760264
fruits_nuts_rice,qwen3,1000867511,1,작다,0.18421753179585618
fruits_nuts_rice,qwen3,1000867511,2,작다,0.1477468646091094
fruits_nuts_rice,qwen3,1000973922,1,작다,0.17084752758102215
fruits_nuts_rice,qwen3,1001729429,1,작다,0.17924524834509442
fruits_nuts_rice,qwen3,5034841,1,작다,0.19882693047799974
fruits_nuts_rice,qwen3,5036748,1,작다,0.10574760466173244
fruits_nuts_rice,qwen3,5036748,2,작다,0.08884343890762421
fruits_nuts_rice,qwen3,5045631,1,작다,0.08015599441939276
fruits_nuts_rice,qwen3,5048547,1,작다,0.1432275201435247
fruits_nuts_rice,qwen3,5051038,1,작다,0.27204618235127165
fruits_nuts_rice,qwen3,5053663,1,작다,0.20055900833834392
fruits_nuts_rice,qwen3,5070409,1,작다,0.3007469748308463
fruits_nuts_rice,qwen3,5121007,1,작다,0.22630224071171437
fruits_nuts_rice,qwen3,5134096,1,작다,0.22055223860557638
fruits_nuts_rice,qwen3,1000122762,1,잘리다,0.22537492085873606
fruits_nuts_rice,qwen3,1000122762,2,잘리다,0.1452764204555046
fruits_nuts_rice,qwen3,1000763360,1,잘리다,0.22087822484335107
fruits_nuts_rice,qwen3,1000763360,2,잘리다,0.1577515536481548
fruits_nuts_rice,qwen3,1000908371,2,잘리다,0.18565727349956998
fruits_nuts_rice,qwen3,1001303421,1,잘리다,0.24788633778898073
fruits_nuts_rice,qwen3,1001303421,2,잘리다,0.17453880931991303
fruits_nuts_rice,qwen3,1001882653,1,잘리다,0.2860334569391356
fruits_nuts_rice,qwen3,1001882653,2,잘리다,0.21457797078076213
fruits_nuts_rice,qwen3,1002140343,1,잘리다,0.19989676155256272
fruits_nuts_rice,qwen3,5025577,1,잘리다,0.12919317526355062
fruits_nuts_rice,qwen3,5025577,2,잘리다,0.1160703534255558
fruits_nuts_rice,qwen3,5034841,1,잘리다,0.40459827289524963
fruits_nuts_rice,qwen3,5034841,2,잘리다,0.4547292183815558
fruits_nuts_rice,qwen3,5056014,1,잘리다,0.19030739748377687
fruits_nuts_rice,qwen3,5056014,2,잘리다,0.1915026651521613
fruits_nuts_rice,qwen3,5068728,1,잘리다,0.22162471067075018
fruits_nuts_rice,qwen3,5068728,2,잘리다,0.1830312907098019
fruits_nuts_rice,qwen3,5159977,1,잘리다,0.1841907609132255
fruits_nuts_rice,qwen3,5159977,2,잘리다,0.17087276492928133
fruits_nuts_rice,qwen3,5162187,1,잘리다,0.16905292517278003
fruits_nuts_rice,qwen3,5162187,2,잘리다,0.1956801831273309
fruits_nuts_rice,qwen3,5094562,2,쟁반,0.20578148877980315
fruits_nuts_rice,qwen3,1000030900,1,적히다,0.2611841253468906
fruits_nuts_rice,qwen3,1000066062,1,적히다,0.13812774769617595
fruits_nuts_rice,qwen3,1000118138,1,적히다,0.2177520150861025
fruits_nuts_rice,qwen3,1000122762,1,적히다,0.11903898942595069
fruits_nuts_rice,qwen3,1000858612,1,적히다,0.17780687615152124
fruits_nuts_rice,qwen3,1000867509,1,적히다,0.23899287490322635
fruits_nuts_rice,qwen3,1000867509,2,적히다,0.20395676349454864
fruits_nuts_rice,qwen3,1000867511,1,적히다,0.19799919290997545
fruits_nuts_rice,qwen3,1000867511,2,적히다,0.317600172604648
fruits_nuts_rice,qwen3,1000973922,2,적히다,0.174475555155824
fruits_nuts_rice,qwen3,1001729429,1,적히다,0.19265492355312913
fruits_nuts_rice,qwen3,5036748,1,적히다,0.11365878247890607
fruits_nuts_rice,qwen3,5045631,1,적히다,0.0861526155910274
fruits_nuts_rice,qwen3,5048547,1,적히다,0.15394264115068904
fruits_nuts_rice,qwen3,5051038,1,적히다,0.14619923525922368
fruits_nuts_rice,qwen3,5053663,1,적히다,0.2155632061438269
fruits_nuts_rice,qwen3,5094562,1,적히다,0.13422008471002467
fruits_nuts_rice,qwen3,5094562,2,적히다,0.10951331418695025
fruits_nuts_rice,qwen3,5121007,1,적히다,0.24323233830042196
fruits_nuts_rice,qwen3,1000253378,2,전경,0.3332887671560628
fruits_nuts_rice,qwen3,5038123,2,전경,0.3610711695965947
fruits_nuts_rice,qwen3,5051031,1,전통,0.25447721721737143
fruits_nuts_rice,qwen3,5003716,1,접히다,0.5030117927715808
fruits_nuts_rice,qwen3,5094562,1,정렬,0.2522068577764895
fruits_nuts_rice,qwen3,1000122762,1,정물,0.22368075195951248
fruits_nuts_rice,qwen3,1000030900,1,정미소,0.49077921308985845
fruits_nuts_rice,qwen3,5036748,1,제스프리,0.19597737280285388
fruits_nuts_rice,qwen3,5036748,2,제스프리,0.16464962779613465
fruits_nuts_rice,qwen3,1000763360,1,조각,0.24271305268803425
fruits_nuts_rice,qwen3,1000858612,1,조각,0.36991772133614853
fruits_nuts_rice,qwen3,1000858612,2,조각,0.47030819791592177
fruits_nuts_rice,qwen3,1000908371,2,조각,0.2040103484025006
fruits_nuts_rice,qwen3,1001882653,1,조각,0.31430917897789695
fruits_nuts_rice,qwen3,1001882653,2,조각,0.23578998955075287
fruits_nuts_rice,qwen3,1002140343,1,조각,0.21965747530470098
fruits_nuts_rice,qwen3,5025577,1,조각,0.14196451450528993
fruits_nuts_rice,qwen3,5031442,1,조각,0.12264569966569215
fruits_nuts_rice,qwen3,5031442,2,조각,0.1594246446095577
fruits_nuts_rice,qwen3,5034841,1,조각,0.22229733600122345
fruits_nuts_rice,qwen3,5034841,2,조각,0.24984064594440153
fruits_nuts_rice,qwen3,5036748,1,조각,0.11823051710499943
fruits_nuts_rice,qwen3,5049631,1,조각,0.1720390921311997
fruits_nuts_rice,qwen3,5049631,2,조각,0.33452452943561156
fruits_nuts_rice,qwen3,5063690,2,조각,0.13129977079934466
fruits_nuts_rice,qwen3,5162187,2,조각,0.21502406871963656
fruits_nuts_rice,qwen3,5051038,1,조개,0.27471633484448704
fruits_nuts_rice,qwen3,5061259,1,조리,0.4767550108855212
fruits_nuts_rice,qwen3,1000066062,2,종류,0.29431854024934523
fruits_nuts_rice,qwen3,5053663,1,종류,0.3480122989359388
fruits_nuts_rice,qwen3,5094562,1,종류,0.21668929999188447
fruits_nuts_rice,qwen3,1000102438,1,종이컵,0.28263323468542184
fruits_nuts_rice,qwen3,1000102438,2,종이컵,0.34959500640422736
fruits_nuts_rice,qwen3,5045631,1,주간,0.32377092466275237
fruits_nuts_rice,qwen3,1000102438,2,주름,0.34959500640422736
fruits_nuts_rice,qwen3,1001502284,1,주름,0.30800613446773745
fruits_nuts_rice,qwen3,5027321,2,주변,0.25319494729257414
fruits_nuts_rice,qwen3,5048580,2,주변,0.34768128486070027
fruits_nuts_rice,qwen3,5056014,1,주변,0.2816060934895631
fruits_nuts_rice,qwen3,5056014,2,주변,0.28337478279548883
fruits_nuts_rice,qwen3,5061259,2,주변,0.2114430506607318
fruits_nuts_rice,qwen3,5159977,2,주변,0.2528478264729426
fruits_nuts_rice,qwen3,1000908371,1,주위,0.23584993613427516
fruits_nuts_rice,qwen3,5027321,1,주위,0.33011230527089513
fruits_nuts_rice,qwen3,5031442,1,주위,0.1591470847645547
fruits_nuts_rice,qwen3,5031442,2,주위,0.20687205094345118
fruits_nuts_rice,qwen3,5035954,1,주위,0.2696151838447929
fruits_nuts_rice,qwen3,5052626,2,주위,0.19727918038023193
fruits_nuts_rice,qwen3,5063578,1,주위,0.30779067635383484
fruits_nuts_rice,qwen3,5034841,1,주황색,0.28845669332030993
fruits_nuts_rice,qwen3,5034841,2,주황색,0.32419734704214237
fruits_nuts_rice,qwen3,5068728,1,주황색,0.3160128724262065
fruits_nuts_rice,qwen3,5068728,2,주황색,0.2609828287920885
fruits_nuts_rice,qwen3,5094562,1,주황색,0.1811717422072794
fruits_nuts_rice,qwen3,5162187,1,주황색,0.24105119106176223
fruits_nuts_rice,qwen3,5162187,2,주황색,0.2790187816142074
fruits_nuts_rice,qwen3,1000867511,1,줄기,0.2773551012532571
fruits_nuts_rice,qwen3,1000867511,2,줄기,0.22244542196408137
fruits_nuts_rice,qwen3,1001502284,1,줄기,0.2502241211210671
fruits_nuts_rice,qwen3,1001502284,2,줄기,0.3154491764996153
fruits_nuts_rice,qwen3,5035954,2,줄기,0.20698349804009444
fruits_nuts_rice,qwen3,5063690,1,줄기,0.252976842719613
fruits_nuts_rice,qwen3,5049631,1,줄무늬,0.28516976936942584
fruits_nuts_rice,qwen3,5049631,2,줄무늬,0.2772517621600164
fruits_nuts_rice,qwen3,1001502284,1,중성,0.33565708389608667
fruits_nuts_rice,qwen3,1000102438,2,지다,0.34959500640422736
fruits_nuts_rice,qwen3,1001502284,1,지다,0.30800613446773745
fruits_nuts_rice,qwen3,5052626,1,진열,0.4178151005527048
fruits_nuts_rice,qwen3,5052626,2,진열,0.2520062052279203
fruits_nuts_rice,qwen3,1000118138,1,진주,0.3754612438068455
fruits_nuts_rice,qwen3,5051038,1,진주,0.25208559696833366
fruits_nuts_rice,qwen3,1000122762,1,질감,0.1737539429234225
fruits_nuts_rice,qwen3,1000338204,2,질감,0.3114507039492572
fruits_nuts_rice,qwen3,1001303421,2,질감,0.2691231677148585
fruits_nuts_rice,qwen3,5035954,2,질감,0.21567927825919303
fruits_nuts_rice,qwen3,5162187,1,질감,0.260664427076339
fruits_nuts_rice,qwen3,1000253378,1,짙다,0.2549455531731929
fruits_nuts_rice,qwen3,1000338204,2,짙다,0.3114507039492572
fruits_nuts_rice,qwen3,1001502284,1,짙다,0.26073652420338633
fruits_nuts_rice,qwen3,5038123,1,짙다,0.30926104961684486
fruits_nuts_rice,qwen3,5038123,2,짙다,0.3056576841021614
fruits_nuts_rice,qwen3,1000030900,2,차다,0.5149513067557665
fruits_nuts_rice,qwen3,1000032485,2,차다,0.27430204252294427
fruits_nuts_rice,qwen3,1000048867,2,차다,0.3878111191529851
fruits_nuts_rice,qwen3,1000338204,2,차다,0.2549869866498917
fruits_nuts_rice,qwen3,5027321,1,차다,0.29225563828138484
fruits_nuts_rice,qwen3,5034841,1,차다,0.2553770146607667
fruits_nuts_rice,qwen3,5035954,1,차다,0.23869621455113957
fruits_nuts_rice,qwen3,5048547,2,차다,0.3718662170378463
fruits_nuts_rice,qwen3,5051038,2,차다,0.3718662170378463
fruits_nuts_rice,qwen3,5070409,2,차다,0.4521702911998288
fruits_nuts_rice,qwen3,5134096,2,차다,0.3230994854925908
fruits_nuts_rice,qwen3,1001234463,2,체리,0.39774937637459834
fruits_nuts_rice,qwen3,1001502284,1,체리,0.26073652420338633
fruits_nuts_rice,qwen3,1001502284,2,체리,0.32870181129953996
fruits_nuts_rice,qwen3,5063578,1,체리,0.3328341998967956
fruits_nuts_rice,qwen3,5063578,2,체리,0.26111471172726397
fruits_nuts_rice,qwen3,5162187,1,초록,0.33556427023487856
fruits_nuts_rice,qwen3,1000763360,1,초록색,0.3149484643562404
fruits_nuts_rice,qwen3,1000763360,2,초록색,0.22493665732117105
fruits_nuts_rice,qwen3,5027321,2,초록색,0.24398057402733364
fruits_nuts_rice,qwen3,5048580,2,초록색,0.3350283264572967
fruits_nuts_rice,qwen3,5063690,1,초록색,0.24377040680449585
fruits_nuts_rice,qwen3,5121007,1,초록색,0.3283176775386623
fruits_nuts_rice,qwen3,5162187,2,초록색,0.2790187816142074
fruits_nuts_rice,qwen3,5045631,2,촬영,0.2825718223150859
fruits_nuts_rice,qwen3,1000973922,2,캐슈넛,0.32784908175052263
fruits_nuts_rice,qwen3,1000144509,1,컬리,0.45011922938466087
fruits_nuts_rice,qwen3,5134096,1,컬리,0.40873973860658513
fruits_nuts_rice,qwen3,1000122762,2,클로즈업,0.20714846636458742
fruits_nuts_rice,qwen3,1000253378,2,클로즈업,0.26090998336735144
fruits_nuts_rice,qwen3,1000908371,2,클로즈업,0.2647271962943623
fruits_nuts_rice,qwen3,5027321,2,클로즈업,0.24398057402733364
fruits_nuts_rice,qwen3,5048580,1,클로즈업,0.3858346558411552
fruits_nuts_rice,qwen3,5061259,2,클로즈업,0.2037481293601191
fruits_nuts_rice,qwen3,5159977,2,클로즈업,0.2436460857694275
fruits_nuts_rice,qwen3,5025577,1,키위,0.6261107021299573
fruits_nuts_rice,qwen3,5025577,2,키위,0.7500178481460937
fruits_nuts_rice,qwen3,5036748,1,키위,0.5214358837189611
fruits_nuts_rice,qwen3,5036748,2,키위,0.5841097738036096
fruits_nuts_rice,qwen3,5036748,2,키프루트,0.1794308870702558
fruits_nuts_rice,qwen3,5094562,1,타무르,0.2522068577764895
fruits_nuts_rice,qwen3,1001234463,1,타원,0.33418962123069484
fruits_nuts_rice,qwen3,1001882653,1,타원,0.4410379004178835
fruits_nuts_rice,qwen3,1001882653,2,타원,0.3308599585579769
fruits_nuts_rice,qwen3,1002140343,1,타원,0.30822285252538256
fruits_nuts_rice,qwen3,5034841,1,타원,0.31192709884353365
fruits_nuts_rice,qwen3,5034841,2,탁자,0.45131096715637553
fruits_nuts_rice,qwen3,1002140343,1,테두리,0.3409096981212564
fruits_nuts_rice,qwen3,1002140343,2,테두리,0.24216604281416088
fruits_nuts_rice,qwen3,5051031,2,테두리,0.3487828322632011
fruits_nuts_rice,qwen3,1001234463,1,토마토,0.32071572832275597
fruits_nuts_rice,qwen3,1001234463,2,토마토,0.3817128744577082
fruits_nuts_rice,qwen3,5063578,1,토마토,0.6388299100224608
fruits_nuts_rice,qwen3,5063578,2,토마토,0.7517611825196698
fruits_nuts_rice,qwen3,5063690,1,토마토,0.505953685439226
fruits_nuts_rice,qwen3,5063690,2,토마토,0.7072453615743906
fruits_nuts_rice,qwen3,5094562,2,토핑,0.20578148877980315
fruits_nuts_rice,qwen3,1000122762,1,통째,0.13524820353876213
fruits_nuts_rice,qwen3,1000122762,2,통째,0.17436167971381678
fruits_nuts_rice,qwen3,1000908371,2,통째,0.22282703522687142
fruits_nuts_rice,qwen3,1001303421,2,통째,0.20948258411688103
fruits_nuts_rice,qwen3,5025577,1,통째,0.1550584669961193
fruits_nuts_rice,qwen3,5025577,2,통째,0.13930837313309807
fruits_nuts_rice,qwen3,5034841,1,통째,0.2428007045125812
fruits_nuts_rice,qwen3,5056014,1,통째,0.22840814347707195
fruits_nuts_rice,qwen3,5056014,2,통째,0.22984271130104278
fruits_nuts_rice,qwen3,5063690,2,통째,0.14341007151001514
fruits_nuts_rice,qwen3,5068728,2,통째,0.21967531405499843
fruits_nuts_rice,qwen3,5132780,2,통째,0.20967504661995434
fruits_nuts_rice,qwen3,5159977,1,통째,0.2210669175348555
fruits_nuts_rice,qwen3,5036748,1,통키위,0.18349446035958691
fruits_nuts_rice,qwen3,5036748,2,통키위,0.15416215744075232
fruits_nuts_rice,qwen3,5132780,1,통키위,0.37202793328740685
fruits_nuts_rice,qwen3,1000066062,1,투명,0.20161663758303183
fruits_nuts_rice,qwen3,1000122762,1,투명,0.1737539429234225
fruits_nuts_rice,qwen3,1000122762,2,투명,0.22400319229633064
fruits_nuts_rice,qwen3,5035954,1,투명,0.29155254167558875
fruits_nuts_rice,qwen3,5035954,2,투명,0.21567927825919303
fruits_nuts_rice,qwen3,1000118138,1,파란색,0.2674507231494002
fruits_nuts_rice,qwen3,1000253378,1,파란색,0.21452780925236162
fruits_nuts_rice,qwen3,1000763360,1,파란색,0.28658149034958064
fruits_nuts_rice,qwen3,1001234463,1,파란색,0.28120893432016086
fruits_nuts_rice,qwen3,1001234463,2,파란색,0.3346922559860038
fruits_nuts_rice,qwen3,1002140343,1,파란색,0.2593588022649877
fruits_nuts_rice,qwen3,5031442,2,파란색,0.18823937050218523
fruits_nuts_rice,qwen3,5045631,1,파란색,0.10581568823563618
fruits_nuts_rice,qwen3,5051038,1,파란색,0.1795670693495419
fruits_nuts_rice,qwen3,5061259,2,파란색,0.1853968162293252
fruits_nuts_rice,qwen3,1000858612,1,파인애플,0.6131708204937817
fruits_nuts_rice,qwen3,1000858612,2,파인애플,0.7795767733414536
fruits_nuts_rice,qwen3,1000867509,1,포대,0.38583792342041506
fruits_nuts_rice,qwen3,1000867511,2,포대,0.25637205947115144
fruits_nuts_rice,qwen3,5051038,1,포대,0.47205766582717557
fruits_nuts_rice,qwen3,1000763360,1,포도,0.6536861399762233
fruits_nuts_rice,qwen3,1000763360,2,포도,0.46686360438041413
fruits_nuts_rice,qwen3,5038123,1,포도,0.29679222952665524
fruits_nuts_rice,qwen3,5038123,2,포도,0.5866682897767245
fruits_nuts_rice,qwen3,5048580,1,포도,0.4004064083331701
fruits_nuts_rice,qwen3,5048580,2,포도,0.6953625697214005
fruits_nuts_rice,qwen3,1000867511,2,포장,0.25637205947115144
fruits_nuts_rice,qwen3,1000973922,1,포장,0.29645659566030785
fruits_nuts_rice,qwen3,5052626,1,포장,0.3912020827176262
fruits_nuts_rice,qwen3,1000122762,1,포장지,0.1820396080694496
fruits_nuts_rice,qwen3,1000973922,2,포장지,0.26681561924736724
fruits_nuts_rice,qwen3,5045631,1,포장지,0.1317483326427637
fruits_nuts_rice,qwen3,5052626,2,포장지,0.4470076534732446
fruits_nuts_rice,qwen3,5031442,1,포크,0.20329592219159665
fruits_nuts_rice,qwen3,5031442,2,포크,0.26426022464963594
fruits_nuts_rice,qwen3,5045631,2,표기,0.25929396064144455
fruits_nuts_rice,qwen3,5051031,1,표기,0.23351374883985623
fruits_nuts_rice,qwen3,1000032485,2,표면,0.23877095357835507
fruits_nuts_rice,qwen3,1000763360,2,표면,0.17334601986854217
fruits_nuts_rice,qwen3,1000973922,2,표면,0.18149354285123837
fruits_nuts_rice,qwen3,1001234463,1,표면,0.23816290022338155
fruits_nuts_rice,qwen3,1001234463,2,표면,0.2834592668993245
fruits_nuts_rice,qwen3,1001882653,1,표면,0.31430917897789695
fruits_nuts_rice,qwen3,1001882653,2,표면,0.23578998955075287
fruits_nuts_rice,qwen3,1002140343,1,표면,0.21965747530470098
fruits_nuts_rice,qwen3,5003716,1,표면,0.27846163813732144
fruits_nuts_rice,qwen3,5035954,2,표면,0.15370555865598245
fruits_nuts_rice,qwen3,5036748,1,표면,0.11823051710499943
fruits_nuts_rice,qwen3,5045631,2,표면,0.156428564228589
fruits_nuts_rice,qwen3,5048547,2,표면,0.3236973754516433
fruits_nuts_rice,qwen3,5048580,2,표면,0.2581874720920594
fruits_nuts_rice,qwen3,5051038,2,표면,0.3236973754516433
fruits_nuts_rice,qwen3,5061259,2,표면,0.1570172140942244
fruits_nuts_rice,qwen3,5068728,2,표면,0.20112477514301397
fruits_nuts_rice,qwen3,5045631,1,표시,0.32377092466275237
fruits_nuts_rice,qwen3,5051031,2,푸다,0.4059518498365211
fruits_nuts_rice,qwen3,1000048867,1,풍경,0.43856447972831075
fruits_nuts_rice,qwen3,1000144509,1,프레시,0.45011922938466087
fruits_nuts_rice,qwen3,5134096,1,프레시,0.40873973860658513
fruits_nuts_rice,qwen3,5094562,1,프리미엄,0.2522068577764895
fruits_nuts_rice,qwen3,1000858612,1,플라스틱,0.28705724340925837
fruits_nuts_rice,qwen3,5036748,1,플라스틱,0.18349446035958691
fruits_nuts_rice,qwen3,5036748,2,플라스틱,0.15416215744075232
fruits_nuts_rice,qwen3,5045631,2,플랫,0.2825718223150859
fruits_nuts_rice,qwen3,1000973922,2,피칸,0.32784908175052263
fruits_nuts_rice,qwen3,5031442,1,하늘색,0.22154661474102794
fruits_nuts_rice,qwen3,5048547,1,한국,0.2654372474968545
fruits_nuts_rice,qwen3,5051031,1,한국,0.23351374883985623
fruits_nuts_rice,qwen3,1000066062,1,한국어,0.18644634855765857
fruits_nuts_rice,qwen3,1000122762,1,한국어,0.16068013331601358
fruits_nuts_rice,qwen3,1000867511,2,한국어,0.21435009790237136
fruits_nuts_rice,qwen3,1000973922,2,한국어,0.23550901765897933
fruits_nuts_rice,qwen3,1001729429,1,한국어,0.2600477284777316
fruits_nuts_rice,qwen3,5036748,1,한국어,0.15341787097921308
fruits_nuts_rice,qwen3,5121007,1,한국어,0.3283176775386623
fruits_nuts_rice,qwen3,1000867511,2,함께,0.2738127493154496
fruits_nuts_rice,qwen3,5070409,1,함께,0.5573611070841032
fruits_nuts_rice,qwen3,1000867509,1,향미,0.3654783150342329
fruits_nuts_rice,qwen3,1000867509,2,향미,0.3118995672653707
fruits_nuts_rice,qwen3,1000867511,1,향미,0.30278899081061666
fruits_nuts_rice,qwen3,1000867511,2,향미,0.2428440094398841
fruits_nuts_rice,qwen3,1000066062,2,현미,0.3425603120432374
fruits_nuts_rice,qwen3,1000973922,2,호두,0.32784908175052263
fruits_nuts_rice,qwen3,1000973922,1,혼합,0.29645659566030785
fruits_nuts_rice,qwen3,5045631,1,혼합,0.27817520761101605
fruits_nuts_rice,qwen3,5052626,1,혼합,0.3912020827176262
fruits_nuts_rice,qwen3,1000030900,1,회색,0.19459360330261574
fruits_nuts_rice,qwen3,1000030900,2,회색,0.3210508397721101
fruits_nuts_rice,qwen3,1000032485,2,회색,0.1710159775261317
fruits_nuts_rice,qwen3,1000048867,2,회색,0.2417841917159743
fruits_nuts_rice,qwen3,1000118138,1,회색,0.16223478048573015
fruits_nuts_rice,qwen3,1000144509,1,회색,0.19449409380104724
fruits_nuts_rice,qwen3,1000144509,2,회색,0.3462272781654865
fruits_nuts_rice,qwen3,1000253378,1,회색,0.13013190479466283
fruits_nuts_rice,qwen3,1000338204,1,회색,0.22008878583010472
fruits_nuts_rice,qwen3,1000763360,1,회색,0.17383944462982798
fruits_nuts_rice,qwen3,1000858612,1,회색,0.132473903903434
fruits_nuts_rice,qwen3,1000973922,1,회색,0.1368116062796977
fruits_nuts_rice,qwen3,1000973922,2,회색,0.12999192397663176
fruits_nuts_rice,qwen3,1001234463,1,회색,0.17058046877881367
fruits_nuts_rice,qwen3,1001502284,1,회색,0.13308779118448288
fruits_nuts_rice,qwen3,1001502284,2,회색,0.16777932496358064
fruits_nuts_rice,qwen3,1001882653,1,회색,0.2251190552401162
fruits_nuts_rice,qwen3,1001882653,2,회색,0.16888090845884948
fruits_nuts_rice,qwen3,1002140343,1,회색,0.15732624633434847
fruits_nuts_rice,qwen3,5034841,1,회색,0.15921700545216744
fruits_nuts_rice,qwen3,5035954,2,회색,0.11008921299184311
fruits_nuts_rice,qwen3,5038123,1,회색,0.15785617346342645
fruits_nuts_rice,qwen3,5038123,2,회색,0.15601690695235845
fruits_nuts_rice,qwen3,5048547,1,회색,0.11469400448303602
fruits_nuts_rice,qwen3,5048547,2,회색,0.23184320477800477
fruits_nuts_rice,qwen3,5048580,1,회색,0.2129658972221569
fruits_nuts_rice,qwen3,5048580,2,회색,0.18492275657112017
fruits_nuts_rice,qwen3,5051038,1,회색,0.1089248282275738
fruits_nuts_rice,qwen3,5051038,2,회색,0.23184320477800477
fruits_nuts_rice,qwen3,5052626,1,회색,0.18053565378551456
fruits_nuts_rice,qwen3,5052626,2,회색,0.10889052348429923
fruits_nuts_rice,qwen3,5070409,1,회색,0.24083273134201558
fruits_nuts_rice,qwen3,5070409,2,회색,0.281909473391348
fruits_nuts_rice,qwen3,5121007,1,회색,0.18121873634830163
fruits_nuts_rice,qwen3,5121007,2,회색,0.3462272781654865
fruits_nuts_rice,qwen3,5134096,1,회색,0.1766142387861153
fruits_nuts_rice,qwen3,5134096,2,회색,0.20143916480346208
fruits_nuts_rice,qwen3,5159977,1,회색,0.14496503494542828
fruits_nuts_rice,qwen3,1001882653,2,흐르다,0.36594745544742696
fruits_nuts_rice,qwen3,5034841,1,흐르다,0.3450067775030769
fruits_nuts_rice,qwen3,5159977,1,흐르다,0.31412423198832556
fruits_nuts_rice,qwen3,1001303421,2,흩뿌리다,0.29766351557450854
fruits_nuts_rice,qwen3,5027321,1,흩뿌리다,0.39482870494239475
fruits_nuts_rice,qwen3,5068728,1,흩뿌리다,0.377965168740912
fruits_nuts_rice,qwen3,1000908371,1,흩어지다,0.17472812272555605
fruits_nuts_rice,qwen3,1001234463,1,흩어지다,0.22895362325950697
fruits_nuts_rice,qwen3,1001234463,2,흩어지다,0.2724984711817535
fruits_nuts_rice,qwen3,1001729429,2,흩어지다,0.2665925111805485
fruits_nuts_rice,qwen3,5027321,2,흩어지다,0.1807516609079305
fruits_nuts_rice,qwen3,5035954,1,흩어지다,0.19974292002642652
fruits_nuts_rice,qwen3,5038123,2,흩어지다,0.20940636634550264
fruits_nuts_rice,qwen3,5048547,1,흩어지다,0.15394264115068904
fruits_nuts_rice,qwen3,5048547,2,흩어지다,0.3111806535767523
fruits_nuts_rice,qwen3,5048580,2,흩어지다,0.24820388549285247
fruits_nuts_rice,qwen3,5051038,2,흩어지다,0.3111806535767523
fruits_nuts_rice,qwen3,5052626,2,흩어지다,0.1461531913286147
fruits_nuts_rice,qwen3,5056014,1,흩어지다,0.2010339055511055
fruits_nuts_rice,qwen3,5056014,2,흩어지다,0.2022965434239962
fruits_nuts_rice,qwen3,5061259,1,흩어지다,0.25372068987788043
fruits_nuts_rice,qwen3,5061259,2,흩어지다,0.15094567645618995
fruits_nuts_rice,qwen3,5063578,1,흩어지다,0.2280250228311135
fruits_nuts_rice,qwen3,5159977,1,흩어지다,0.19457251017250765
fruits_nuts_rice,qwen3,5159977,2,흩어지다,0.18050385712924127
fruits_nuts_rice,qwen3,1000030900,2,희다,0.3942060791519395
fruits_nuts_rice,qwen3,1000048867,2,희다,0.5937551715169503
fruits_nuts_rice,qwen3,1000066062,2,희다,0.1667742332863638
fruits_nuts_rice,qwen3,1000144509,2,희다,0.4251192674591499
fruits_nuts_rice,qwen3,1000763360,2,희다,0.1524468920743605
fruits_nuts_rice,qwen3,1000858612,2,희다,0.41360639917632547
fruits_nuts_rice,qwen3,1000867509,2,희다,0.37316370581435615
fruits_nuts_rice,qwen3,1001502284,1,희다,0.16341342194609215
fruits_nuts_rice,qwen3,1001502284,2,희다,0.2060098329087063
fruits_nuts_rice,qwen3,1001729429,2,희다,0.731645136768026
fruits_nuts_rice,qwen3,1002140343,2,희다,0.13722226294037987
fruits_nuts_rice,qwen3,5003716,1,희다,0.24488944902318785
fruits_nuts_rice,qwen3,5027321,2,희다,0.16535357411254967
fruits_nuts_rice,qwen3,5038123,1,희다,0.1938255737163518
fruits_nuts_rice,qwen3,5048547,2,희다,0.28467142711238885
fruits_nuts_rice,qwen3,5049631,2,희다,0.14709661310300318
fruits_nuts_rice,qwen3,5051031,2,희다,0.39527234257727806
fruits_nuts_rice,qwen3,5051038,2,희다,0.28467142711238885
fruits_nuts_rice,qwen3,5053663,2,희다,0.49384984017929523
fruits_nuts_rice,qwen3,5068728,2,희다,0.17687655541764893
fruits_nuts_rice,qwen3,5070409,2,희다,0.3461458884838129
fruits_nuts_rice,qwen3,5121007,2,희다,0.4251192674591499
fruits_nuts_rice,qwen3,5134096,2,희다,0.7420183987169788
fruits_nuts_rice,qwen3,5162187,2,희다,0.18910010753261597
fruits_nuts_rice,qwen3,1000030900,1,흰색,0.2143191800189105
fruits_nuts_rice,qwen3,1000066062,1,흰색,0.2266862550301303
fruits_nuts_rice,qwen3,1000102438,2,흰색,0.16637058761983736
fruits_nuts_rice,qwen3,1000122762,1,흰색,0.09767951467251465
fruits_nuts_rice,qwen3,1000122762,2,흰색,0.12592821055141648
fruits_nuts_rice,qwen3,1000338204,2,흰색,0.17508870932261
fruits_nuts_rice,qwen3,1000858612,1,흰색,0.14590252699280934
fruits_nuts_rice,qwen3,1000867511,1,흰색,0.16247168396054743
fruits_nuts_rice,qwen3,1000867511,2,흰색,0.13030617476481127
fruits_nuts_rice,qwen3,1000973922,1,흰색,0.3013598677170978
fruits_nuts_rice,qwen3,1000973922,2,흰색,0.28633790713487217
fruits_nuts_rice,qwen3,1002140343,1,흰색,0.17327410324683293
fruits_nuts_rice,qwen3,5003716,2,흰색,0.26141313172210945
fruits_nuts_rice,qwen3,5027321,1,흰색,0.20067950592789582
fruits_nuts_rice,qwen3,5031442,1,흰색,0.09674755478808145
fruits_nuts_rice,qwen3,5034841,1,흰색,0.17535652495477605
fruits_nuts_rice,qwen3,5035954,2,흰색,0.24249748662752524
fruits_nuts_rice,qwen3,5036748,1,흰색,0.18652938443693096
fruits_nuts_rice,qwen3,5036748,2,흰색,0.15671193710448372
fruits_nuts_rice,qwen3,5045631,1,흰색,0.07069402822790359
fruits_nuts_rice,qwen3,5049631,1,흰색,0.4071327784918084
fruits_nuts_rice,qwen3,5051031,1,흰색,0.11112807362836581
fruits_nuts_rice,qwen3,5051038,1,흰색,0.11996632712088996
fruits_nuts_rice,qwen3,5052626,2,흰색,0.1199285449722243
fruits_nuts_rice,qwen3,5061259,2,흰색,0.12386110205788402
fruits_nuts_rice,qwen3,5063578,1,흰색,0.18710990130832386
fruits_nuts_rice,qwen3,5063578,2,흰색,0.1467912490861495
fruits_nuts_rice,qwen3,5063690,2,흰색,0.20714842515795998
fruits_nuts_rice,qwen3,5068728,1,흰색,0.19210827979679554
fruits_nuts_rice,qwen3,5134096,1,흰색,0.1945172821402577
fruits_nuts_rice,qwen3,5162187,1,흰색,0.1465381118886459
vegetables,hyperclovax,1000079725,1,1,0.47594062796394554
vegetables,hyperclovax,1000952172,1,15,0.2816190722224692
vegetables,hyperclovax,1000952172,1,20,0.2816190722224692
vegetables,hyperclovax,1000952172,1,300,0.2816190722224692
vegetables,hyperclovax,1000952172,1,365,0.2816190722224692
vegetables,hyperclovax,1000079725,1,5,0.47594062796394554
vegetables,hyperclovax,5054661,1,가지,0.5096083253756606
vegetables,hyperclovax,5054661,2,가지,0.5976016039126476
vegetables,hyperclovax,1002318659,1,갈색,0.5931567557665323
vegetables,hyperclovax,5026448,1,갈색,0.6186706098642507
vegetables,hyperclovax,5044050,1,갈색,0.23044355459969085
vegetables,hyperclovax,5061435,1,갈색,0.501216862415568
vegetables,hyperclovax,1001544134,1,감자,1.0
vegetables,hyperclovax,1001544134,2,감자,0.6295479982761317
vegetables,hyperclovax,5026448,1,감자,0.6186706098642507
vegetables,hyperclovax,5026448,2,감자,0.604915810039283
vegetables,hyperclovax,1000952172,1,개별,0.2816190722224692
vegetables,hyperclovax,5054661,2,검다,0.6513691587642456
vegetables,hyperclovax,1000441195,2,검은색,0.6234301935992307
vegetables,hyperclovax,1000079725,1,고구마,0.3023316839499677
vegetables,hyperclovax,1000079725,2,고구마,0.5340836058107858
vegetables,hyperclovax,1000441195,1,고구마,0.472303967338642
vegetables,hyperclovax,1000441195,2,고구마,0.3960214555803546
vegetables,hyperclovax,5026449,1,고구마,0.6752909579504494
vegetables,hyperclovax,5026449,2,고구마,0.7062833521803292
vegetables,hyperclovax,5026450,1,고구마,0.8392440356496398
vegetables,hyperclovax,5026450,2,고구마,0.5520361575997246
vegetables,hyperclovax,5044050,2,고구마,0.6995698059550218
vegetables,hyperclovax,5061435,1,고구마,0.39139977167010825
vegetables,hyperclovax,5061435,2,고구마,0.3995805685486119
vegetables,hyperclovax,5104176,1,과자,0.353153440875831
vegetables,hyperclovax,5048049,1,국산,0.5318153665382973
vegetables,hyperclovax,5048049,2,국산,0.44125342292636244
vegetables,hyperclovax,1001227997,2,그대로,0.33670696263340144
vegetables,hyperclovax,1001544134,2,그대로,0.31477399913806586
vegetables,hyperclovax,5000070,2,그대로,0.3176817807987936
vegetables,hyperclovax,5026448,2,그대로,0.3024579050196415
vegetables,hyperclovax,5000718,1,금속,0.5728059165808337
vegetables,hyperclovax,5030559,1,길다,0.6743966693467336
vegetables,hyperclovax,1001227997,1,껍질,0.5250948961077008
vegetables,hyperclovax,1001227997,2,껍질,0.5743523019816285
vegetables,hyperclovax,1001544134,2,껍질,0.5369392114583398
vegetables,hyperclovax,5000070,2,껍질,0.5418992843877414
vegetables,hyperclovax,5026448,2,껍질,0.5159305071743088
vegetables,hyperclovax,5027318,2,껍질,0.4585530556193023
vegetables,hyperclovax,5044050,1,껍질,0.19654447449794402
vegetables,hyperclovax,5044050,2,껍질,0.25468958209143777
vegetables,hyperclovax,1000178619,2,나란히,0.3601001427268852
vegetables,hyperclovax,5030557,1,나란히,0.5387360272929058
vegetables,hyperclovax,1001985604,2,나무,0.46101463785627095
vegetables,hyperclovax,5027318,1,나무,0.6446961117847542
vegetables,hyperclovax,5027318,2,나무,0.47440124602563843
vegetables,hyperclovax,5044050,1,나무,0.2033373073380826
vegetables,hyperclovax,5044050,2,나무,0.26349198552552666
vegetables,hyperclovax,5054657,1,나무,0.5293987121375741
vegetables,hyperclovax,5054657,2,나무,0.5293987121375741
vegetables,hyperclovax,1000441195,2,냄비,0.6234301935992307
vegetables,hyperclovax,1000118036,2,노란색,0.35909427036579594
vegetables,hyperclovax,1000178619,1,노란색,0.373201620482501
vegetables,hyperclovax,1000178619,2,노란색,0.5847922479184867
vegetables,hyperclovax,1000952172,2,노란색,0.3525983712407727
vegetables,hyperclovax,5030557,1,노란색,0.43744588664914735
vegetables,hyperclovax,5030557,2,노란색,0.29033677345755926
vegetables,hyperclovax,1000443684,1,녹색,0.4259663861419405
vegetables,hyperclovax,1000443684,2,녹색,0.4259663861419405
vegetables,hyperclovax,1002318657,1,녹색,0.5059012523025663
vegetables,hyperclovax,5026449,1,녹색,0.7375514369251573
vegetables,hyperclovax,5030559,1,녹색,0.4678942189908009
vegetables,hyperclovax,5036663,1,녹색,0.5164393052236228
vegetables,hyperclovax,5045384,1,녹색,0.5294211787510449
vegetables,hyperclovax,5053496,1,녹색,0.6031700036641637
vegetables,hyperclovax,5026451,2,다발,0.40824829046386296
vegetables,hyperclovax,5049924,1,다발,0.7071067811865476
vegetables,hyperclovax,5049924,2,다발,0.7071067811865476
vegetables,hyperclovax,5063699,1,다발,0.3489601705156799
vegetables,hyperclovax,1000443684,1,다양,0.4766463343104235
vegetables,hyperclovax,1000443684,2,다양,0.4766463343104235
vegetables,hyperclovax,1000661274,2,다양,0.5062672280401764
vegetables,hyperclovax,1001176677,1,다양,0.5362978613527183
vegetables,hyperclovax,1001176677,2,다양,0.5362978613527183
vegetables,hyperclovax,1000118036,1,다지다,0.493390279241394
vegetables,hyperclovax,1000118036,2,다지다,0.4140110625657547
vegetables,hyperclovax,5048049,1,다지다,0.4978662305694851
vegetables,hyperclovax,5104176,2,단호박,0.7853246795000721
vegetables,hyperclovax,1000079725,1,담기다,0.19588384728882147
vegetables,hyperclovax,1000079725,2,담기다,0.3460383315214035
vegetables,hyperclovax,1000118036,2,담기다,0.19839075997318475
vegetables,hyperclovax,1000120872,1,담기다,0.40991378871517176
vegetables,hyperclovax,1000120872,2,담기다,0.40991378871517176
vegetables,hyperclovax,1000441195,1,담기다,0.30601066022368173
vegetables,hyperclovax,1000441195,2,담기다,0.2565864262537452
vegetables,hyperclovax,1000443684,1,담기다,0.2526904988636843
vegetables,hyperclovax,1000443684,2,담기다,0.2526904988636843
vegetables,hyperclovax,1000661274,1,담기다,0.17313823001682296
vegetables,hyperclovax,1000661274,2,담기다,0.2683937947343807
vegetables,hyperclovax,1000952172,2,담기다,0.1948019353372201
vegetables,hyperclovax,1001176677,1,담기다,0.28431431098867427
vegetables,hyperclovax,1001176677,2,담기다,0.28431431098867427
vegetables,hyperclovax,5000718,1,담기다,0.23575089012605438
vegetables,hyperclovax,5026448,1,담기다,0.31301802138284174
vegetables,hyperclovax,5026449,2,담기다,0.45760834092408176
vegetables,hyperclovax,5026450,1,담기다,0.5437549527374498
vegetables,hyperclovax,5026450,2,담기다,0.35766997682937957
vegetables,hyperclovax,5026451,1,담기다,0.2606753631694018
vegetables,hyperclovax,5027318,1,담기다,0.36966846577167084
vegetables,hyperclovax,5027320,1,담기다,0.2980310047870075
vegetables,hyperclovax,5042793,1,담기다,0.4370632891978828
vegetables,hyperclovax,5042793,2,담기다,0.2951479255702591
vegetables,hyperclovax,5044050,1,담기다,0.11659352222510065
vegetables,hyperclovax,5058732,1,담기다,0.23521956697602603
vegetables,hyperclovax,5058732,2,담기다,0.3185008213721337
vegetables,hyperclovax,5061435,1,담기다,0.2535919891062257
vegetables,hyperclovax,5061435,2,담기다,0.2588924126196107
vegetables,hyperclovax,5063699,1,담기다,0.17655731559675142
vegetables,hyperclovax,5071326,1,담기다,0.4084143637526073
vegetables,hyperclovax,5071326,2,담기다,0.4683919540152909
vegetables,hyperclovax,5071327,2,담기다,0.40991378871517176
vegetables,hyperclovax,5104176,1,담기다,0.14534807624635812
vegetables,hyperclovax,5104176,2,담기다,0.32321766739986785
vegetables,hyperclovax,1000118036,1,담다,0.5744526511073733
vegetables,hyperclovax,5000070,1,당근,0.7482411704457158
vegetables,hyperclovax,5000070,2,당근,0.7165902218068786
vegetables,hyperclovax,1001985604,2,도마,0.49863115910024214
vegetables,hyperclovax,5000333,2,도마,0.7456350301302288
vegetables,hyperclovax,5030559,2,도마,0.6263855894553155
vegetables,hyperclovax,5044050,1,도마,0.21992862898622417
vegetables,hyperclovax,5044050,2,도마,0.2849916322986238
vegetables,hyperclovax,1000118036,2,도자기,0.48203169475562135
vegetables,hyperclovax,1000120884,1,루콜라,0.6956309215429816
vegetables,hyperclovax,1000120884,2,루콜라,0.6956309215429816
vegetables,hyperclovax,1000118036,1,마늘,0.4279441743217317
vegetables,hyperclovax,5000718,1,마늘,0.4267174231770923
vegetables,hyperclovax,5000718,2,마늘,0.5435494269307423
vegetables,hyperclovax,5027318,1,마늘,0.6691129567297579
vegetables,hyperclovax,5027318,2,마늘,0.49236844243676237
vegetables,hyperclovax,5048049,1,마늘,0.4318264098987059
vegetables,hyperclovax,5048049,2,마요네즈,0.48095398173563314
vegetables,hyperclovax,1001985604,2,모습,0.4784748376684762
vegetables,hyperclovax,5001063,2,모습,0.3191750652401385
vegetables,hyperclovax,5026448,2,모습,0.2769885590228419
vegetables,hyperclovax,5044050,1,모습,0.21103838605416794
vegetables,hyperclovax,5061435,2,모습,0.4686043948087372
vegetables,hyperclovax,5104176,1,모습,0.26308514265388544
vegetables,hyperclovax,1000952172,1,모양,0.2583727015442741
vegetables,hyperclovax,5104176,1,모양,0.3240022341479203
vegetables,hyperclovax,1000079725,1,무게,0.47594062796394554
vegetables,hyperclovax,5000718,1,바구니,0.465954472288799
vegetables,hyperclovax,5000718,2,바구니,0.593529283390155
vegetables,hyperclovax,5061435,1,바구니,0.501216862415568
vegetables,hyperclovax,5061435,2,바구니,0.5116929884644065
vegetables,hyperclovax,5063699,1,바닥,0.42898279168903064
vegetables,hyperclovax,1001544134,2,반쪽,0.3550155902775042
vegetables,hyperclovax,5026448,2,반쪽,0.34112497213452375
vegetables,hyperclovax,1000178619,1,배경,0.4075178436224295
vegetables,hyperclovax,1000178619,2,배경,0.31928220934671575
vegetables,hyperclovax,1000952172,2,배경,0.38502010716632995
vegetables,hyperclovax,5036663,1,배경,0.6055123632181847
vegetables,hyperclovax,1000258072,1,배열,0.7757495475960378
vegetables,hyperclovax,1002318657,1,배추,0.5931567557665323
vegetables,hyperclovax,1002318657,2,배추,0.770794757638583
vegetables,hyperclovax,5027319,1,배추,1.0
vegetables,hyperclovax,5027319,2,배추,0.6373523973567313
vegetables,hyperclovax,5031391,2,버섯,0.8994754397401169
vegetables,hyperclovax,1001227997,1,벗겨지다,0.5875687977676446
vegetables,hyperclovax,1001227997,2,벗겨지다,0.32134333629211925
vegetables,hyperclovax,1001544134,2,벗겨지다,0.3004111535738245
vegetables,hyperclovax,5000070,2,벗겨지다,0.3031862558549277
vegetables,hyperclovax,5026448,2,벗겨지다,0.2886570314043603
vegetables,hyperclovax,5027318,2,벗기다,0.5676670413578009
vegetables,hyperclovax,5044050,1,벗기다,0.2433127834745043
vegetables,hyperclovax,5044050,2,벗기다,0.3152936825058098
vegetables,hyperclovax,5054661,1,보라색,0.4770768051948288
vegetables,hyperclovax,5061435,1,보라색,0.5292075542339908
vegetables,hyperclovax,5061435,2,보라색,0.5402687244776131
vegetables,hyperclovax,1000120884,1,보이다,0.6167800319051437
vegetables,hyperclovax,1000120884,2,보이다,0.6167800319051437
vegetables,hyperclovax,1000258072,2,보이다,0.7071067811865476
vegetables,hyperclovax,5058732,2,보이다,0.6295071974771737
vegetables,hyperclovax,1000441195,1,붉다,0.7435166697322269
vegetables,hyperclovax,1002318659,1,브로콜리,0.5059012523025663
vegetables,hyperclovax,1002318659,2,브로콜리,1.0
vegetables,hyperclovax,5001063,1,브로콜리,1.0
vegetables,hyperclovax,5001063,2,브로콜리,0.5945088629929947
vegetables,hyperclovax,5042793,1,브로콜리,0.7367679855480638
vegetables,hyperclovax,5042793,2,브로콜리,0.49753788052108733
vegetables,hyperclovax,5054660,1,브로콜리,0.8191492032865929
vegetables,hyperclovax,5054660,2,브로콜리,0.8191492032865929
vegetables,hyperclovax,5026451,1,비닐,0.6333651179448463
vegetables,hyperclovax,1000178619,1,빨간색,0.4075178436224295
vegetables,hyperclovax,1000178619,2,빨간색,0.31928220934671575
vegetables,hyperclovax,5030557,1,빨간색,0.47766942758256586
vegetables,hyperclovax,5030557,2,빨간색,0.3170334997226148
vegetables,hyperclovax,5044050,1,뿌리채소,0.283288259610926
vegetables,hyperclovax,1000952172,1,사각,0.2816190722224692
vegetables,hyperclovax,1000079725,1,상자,0.4366538986556311
vegetables,hyperclovax,1000079725,2,상자,0.77137032294614
vegetables,hyperclovax,1000258072,1,상추,0.6310409173774254
vegetables,hyperclovax,1000258072,2,상추,0.7071067811865476
vegetables,hyperclovax,1001176677,1,상추,0.5619385982807801
vegetables,hyperclovax,1001176677,2,상추,0.5619385982807801
vegetables,hyperclovax,5071327,1,숙주나물,0.8216192056044231
vegetables,hyperclovax,5000718,1,시금치,0.465954472288799
vegetables,hyperclovax,5000718,2,시금치,0.593529283390155
vegetables,hyperclovax,5049924,1,시금치,0.7071067811865476
vegetables,hyperclovax,5049924,2,시금치,0.7071067811865476
vegetables,hyperclovax,5044050,1,썰다,0.283288259610926
vegetables,hyperclovax,5044050,1,아마도,0.283288259610926
vegetables,hyperclovax,1000661274,1,야채,0.8413508215128394
vegetables,hyperclovax,5044050,1,얇다,0.283288259610926
vegetables,hyperclovax,5053496,1,양배추,0.7976126545383873
vegetables,hyperclovax,5053496,2,양배추,1.0
vegetables,hyperclovax,5031100,1,양상추,0.9312828422691991
vegetables,hyperclovax,5031100,2,양상추,0.7876019229428681
vegetables,hyperclovax,1001227997,1,양파,0.6156608303047447
vegetables,hyperclovax,1001227997,2,양파,0.6734139252668029
vegetables,hyperclovax,5026451,1,양파,0.5152169360605354
vegetables,hyperclovax,5026451,2,양파,0.8164965809277259
vegetables,hyperclovax,1002030400,1,연두색,0.8216192056044231
vegetables,hyperclovax,1002318657,1,연하다,0.6262818742445111
vegetables,hyperclovax,1002318659,1,연하다,0.6262818742445111
vegetables,hyperclovax,5044050,1,연하다,0.2433127834745043
vegetables,hyperclovax,5030557,2,오른쪽,0.38973478139058804
vegetables,hyperclovax,1002030400,1,오이,0.5700367365196357
vegetables,hyperclovax,1002030400,2,오이,0.6663545616582008
vegetables,hyperclovax,5000333,1,오이,0.8191492032865929
vegetables,hyperclovax,5000333,2,오이,0.6663545616582008
vegetables,hyperclovax,5030559,1,오이,0.4678942189908009
vegetables,hyperclovax,5030559,2,오이,0.5597844495283577
vegetables,hyperclovax,5054657,1,오이,0.5117132366859097
vegetables,hyperclovax,5054657,2,오이,0.5117132366859097
vegetables,hyperclovax,5030557,2,왼쪽,0.38973478139058804
vegetables,hyperclovax,1000952172,2,용기,0.4733118974138067
vegetables,hyperclovax,1000952172,1,용량,0.2816190722224692
vegetables,hyperclovax,5044050,1,우엉,0.566576519221852
vegetables,hyperclovax,1000118036,2,음식,0.442242175649203
vegetables,hyperclovax,1000952172,2,음식,0.43424215782958786
vegetables,hyperclovax,5044050,2,자르다,0.36709537948609294
vegetables,hyperclovax,5045384,1,자주색,0.7630782025933642
vegetables,hyperclovax,1000952172,2,작다,0.4733118974138067
vegetables,hyperclovax,1000118036,2,잘다,0.48203169475562135
vegetables,hyperclovax,1001985604,2,잘리다,0.46101463785627095
vegetables,hyperclovax,5001063,2,잘리다,0.3075279315239288
vegetables,hyperclovax,5026450,2,잘리다,0.6237709318340106
vegetables,hyperclovax,5027319,2,잘리다,0.5623829250903393
vegetables,hyperclovax,5031100,1,잘리다,0.36429694988429717
vegetables,hyperclovax,5031100,2,잘리다,0.6161843968948716
vegetables,hyperclovax,5054661,2,잘리다,0.46753667450991476
vegetables,hyperclovax,5054657,1,쟁반,0.6766731611254493
vegetables,hyperclovax,5054657,2,쟁반,0.6766731611254493
vegetables,hyperclovax,1000952172,1,제품,0.2583727015442741
vegetables,hyperclovax,5048049,1,제품,0.5318153665382973
vegetables,hyperclovax,1002318657,2,조각,0.6370835436556798
vegetables,hyperclovax,5001063,2,조각,0.2880644725650712
vegetables,hyperclovax,5027319,2,조각,0.5267896801859933
vegetables,hyperclovax,5030559,2,조각,0.542478076413186
vegetables,hyperclovax,5031395,2,조각,1.0
vegetables,hyperclovax,5042793,2,조각,0.48215593090372233
vegetables,hyperclovax,5044050,2,조각,0.24681556390473167
vegetables,hyperclovax,5104176,1,조각,0.23744174000960605
vegetables,hyperclovax,5104176,2,조각,0.5280108779643631
vegetables,hyperclovax,1000661274,1,조리,0.4206754107564197
vegetables,hyperclovax,1000443684,1,종류,0.49943509433820327
vegetables,hyperclovax,1000443684,2,종류,0.49943509433820327
vegetables,hyperclovax,1001176677,1,종류,0.5619385982807801
vegetables,hyperclovax,1001176677,2,종류,0.5619385982807801
vegetables,hyperclovax,5001063,2,주변,0.4284459829022506
vegetables,hyperclovax,1000178619,1,주황색,0.4075178436224295
vegetables,hyperclovax,1000178619,2,주황색,0.31928220934671575
vegetables,hyperclovax,5026451,1,주황색,0.5152169360605354
vegetables,hyperclovax,5026451,2,주황색,0.40824829046386296
vegetables,hyperclovax,1001985604,1,줄기,0.7374672408018463
vegetables,hyperclovax,5054661,1,짙다,0.5554589278641237
vegetables,hyperclovax,5048049,2,참깨,0.48095398173563314
vegetables,hyperclovax,1000443684,1,채소,0.5273262824789064
vegetables,hyperclovax,1000443684,2,채소,0.5273262824789064
vegetables,hyperclovax,1000661274,2,채소,0.5600966504642411
vegetables,hyperclovax,5063699,1,청경채,0.7871444354247551
vegetables,hyperclovax,5063699,2,청경채,1.0
vegetables,hyperclovax,1000178619,1,초록색,0.38892318247300484
vegetables,hyperclovax,1000178619,2,초록색,0.30471365833292874
vegetables,hyperclovax,1001985604,1,초록색,0.5725269356893189
vegetables,hyperclovax,1002030400,2,초록색,0.7456350301302288
vegetables,hyperclovax,5036663,2,초록색,0.6904096812223386
vegetables,hyperclovax,1000952172,1,커리프레쉬,0.2816190722224692
vegetables,hyperclovax,1000120872,1,콩나물,0.7732142904185145
vegetables,hyperclovax,1000120872,2,콩나물,0.7732142904185145
vegetables,hyperclovax,5071326,1,콩나물,0.7703859473854611
vegetables,hyperclovax,5071326,2,콩나물,0.8835207849358936
vegetables,hyperclovax,5071327,2,콩나물,0.7732142904185145
vegetables,hyperclovax,1000952172,1,크기,0.2816190722224692
vegetables,hyperclovax,5001063,2,크다,0.4284459829022506
vegetables,hyperclovax,5104176,1,패키지,0.353153440875831
vegetables,hyperclovax,1000178619,1,페퍼,0.4596160680310039
vegetables,hyperclovax,5030557,2,페퍼,0.7151279035114948
vegetables,hyperclovax,1000661274,1,포장,0.29186323377779105
vegetables,hyperclovax,1000952172,1,포장,0.3907727954175264
vegetables,hyperclovax,5027320,2,포장,1.0
vegetables,hyperclovax,5048049,2,포장,0.33368431055968106
vegetables,hyperclovax,5058732,1,포장,0.3965152205770159
vegetables,hyperclovax,5071102,1,포장,0.6663545616582008
vegetables,hyperclovax,5071102,2,포장,0.6663545616582008
vegetables,hyperclovax,5071327,1,포장,0.5700367365196357
vegetables,hyperclovax,1000118036,1,포장지,0.493390279241394
vegetables,hyperclovax,5027320,1,포장지,0.6219449584551525
vegetables,hyperclovax,5071326,1,포장지,0.42614904224165534
vegetables,hyperclovax,5031391,1,표고버섯,0.8477071764974201
vegetables,hyperclovax,5058732,1,표고버섯,0.8873823500399202
vegetables,hyperclovax,5058732,2,표고버섯,0.6007833680512964
vegetables,hyperclovax,5071102,1,표고버섯,0.7456350301302288
vegetables,hyperclovax,5071102,2,표고버섯,0.7456350301302288
vegetables,hyperclovax,5027320,1,플라스틱,0.7241284339382521
vegetables,hyperclovax,1000178619,2,피망,0.3601001427268852
vegetables,hyperclovax,5030557,1,피망,0.5387360272929058
vegetables,hyperclovax,5048049,2,현미,0.48095398173563314
vegetables,hyperclovax,5104176,1,호박,0.706306881751662
vegetables,hyperclovax,5000070,1,회색,0.663426824035647
vegetables,hyperclovax,5036663,1,회색,0.6055123632181847
vegetables,hyperclovax,5036663,2,회색,0.7234186008629228
vegetables,hyperclovax,5054661,1,회색,0.45184339777067517
vegetables,hyperclovax,1000661274,2,희다,0.5982892334810421
vegetables,hyperclovax,5042793,2,희다,0.6579281250809408
vegetables,hyperclovax,1000120872,1,흰색,0.483849508539346
vegetables,hyperclovax,1000120872,2,흰색,0.483849508539346
vegetables,hyperclovax,1000120884,1,흰색,0.36834767983028216
vegetables,hyperclovax,1000120884,2,흰색,0.36834767983028216
vegetables,hyperclovax,1000441195,1,흰색,0.3612054818187897
vegetables,hyperclovax,1000952172,2,흰색,0.22993815594947034
vegetables,hyperclovax,1001985604,1,흰색,0.3582666278825174
vegetables,hyperclovax,1001985604,2,흰색,0.3120253263069795
vegetables,hyperclovax,5000333,1,흰색,0.5735804937015728
vegetables,hyperclovax,5026448,1,흰색,0.36947675335528635
vegetables,hyperclovax,5026449,2,흰색,0.540146677069874
vegetables,hyperclovax,5026450,2,흰색,0.4221825351389291
vegetables,hyperclovax,5030559,1,흰색,0.3276265130358187
vegetables,hyperclovax,5031391,1,흰색,0.5304644596151299
vegetables,hyperclovax,5031391,2,흰색,0.43697131862894995
vegetables,hyperclovax,5042793,1,흰색,0.5158959359279504
vegetables,hyperclovax,5045384,1,흰색,0.37070860823122903
vegetables,hyperclovax,5045384,2,흰색,1.0
vegetables,hyperclovax,5054660,1,흰색,0.5735804937015728
vegetables,hyperclovax,5054660,2,흰색,0.5735804937015728
vegetables,hyperclovax,5058732,2,흰색,0.3759484802238884
vegetables,hyperclovax,5063699,1,흰색,0.20840277329600487
vegetables,hyperclovax,5071326,1,흰색,0.2410398169350417
vegetables,hyperclovax,5071327,2,흰색,0.483849508539346
