category,model,product_id,ngram,candidate_keywords,generated_alt_en,candidate_keywords_kor,generated_alt_kor
bakery,qwen3,1000128336,1gram,loaf; checkered; walnut; crumb; partially,"A partially sliced loaf of bread with a golden-brown crust and visible walnut pieces, resting on a checkered cloth.",빵 한 덩어리; 체크무늬; 호두; 부스러기; 부분적으로,"체크무늬 식탁보 위에 놓인, 겉면이 황금빛 갈색을 띠고 호두 조각이 선명하게 보이는, 반쯤 잘린 빵 한 덩어리."
bakery,qwen3,1000128336,2gram,checkered cloth; color checkered; crumb light; piece loaf; reveal airy,"A sliced loaf of bread with a golden-brown crust and a visible airy crumb, resting on a checkered cloth.",체크 무늬 천; 색상: 체크무늬; 크럼브 라이트; 조각 빵; 산뜻한 느낌을 드러내다,"체크무늬 식탁보 위에 놓인, 겉은 황금빛 갈색을 띠고 속은 공기가 가득 차 보송보송한 식감이 드러나는 얇게 썬 빵 한 덩어리."
bakery,qwen3,1000128336,3gram,airy crumb light; color checkered cloth; crumb light color; light color checkered; piece loaf partially,"A sliced loaf of bread with a golden-brown crust and a light, airy crumb, resting on a light-colored checkered cloth.",가볍고 폭신한 식감; 색상 체크 무늬 천; 부스러기 같은 밝은 색상; 밝은 색상의 체크무늬; 조각 빵 일부,"옅은 색의 체크무늬 식탁보 위에 놓인, 겉은 황금빛 갈색으로 구워지고 속은 가볍고 폭신폭신한 빵 한 덩어리가 얇게 썰려 있다."
bakery,qwen3,1000128336,1gram,bread; walnut; checker; cloth; piece,"A sliced loaf of bread with walnut pieces, resting on a checkered cloth.",빵; 호두; 체커; 천; 작품,"체크무늬 식탁보 위에 놓인, 호두 조각이 곁들여진 얇게 썬 빵 한 덩어리."
bakery,qwen3,1000128336,2gram,blue checker; checker cloth; piece bread; slice white; visible walnut,"A sliced loaf of bread with visible walnuts, resting on a blue checker cloth.",파란색 체크무늬; 체커 무늬 천; 빵 한 조각; 흰색 조각; 눈에 띄는 호두나무,"파란색 체크무늬 식탁보 위에 놓인, 호두가 듬뿍 들어간 얇게 썬 빵 한 덩어리."
bakery,qwen3,1000128336,3gram,blue checker cloth; bread slice white; piece bread slice; slice white blue; walnut piece bread,"A sliced loaf of walnut bread with a golden-brown crust, resting on a blue and white checkered cloth.",파란색 체크 무늬 천; 흰 빵 한 조각; 빵 한 조각; 슬라이스 화이트 블루; 호두 조각 빵,"노릇노릇한 겉껍질을 가진 호두 빵 한 덩어리를 얇게 썰어, 파란색과 흰색의 체크무늬 식탁보 위에 올려놓았다."
bakery,qwen3,1000196053,1gram,bread; board; loaf; distinctive; middle,"A distinctive, artisanal loaf of bread with a golden-brown crust and a visible filling of capers, presented on a wooden board.",빵; 게시판; 빵 한 덩어리; 독특한; 중간,황금빛 갈색 껍질과 눈에 띄는 케이퍼 속재료가 어우러진 독특하고 정성스럽게 만든 빵 한 덩어리를 나무 접시 위에 담아낸 모습입니다.
bakery,qwen3,1000196053,2gram,board bread; bread distinctive; dark crack; distinctive elongate; elongate oval,"A dark, elongate oval bread with a distinctive crack pattern, resting on a wooden board.",판빵; 빵의 독특한 특징; 어두운 균열; 독특한 길쭉한; 길쭉한 타원형,독특한 갈라짐 무늬가 있는 짙은 색의 길쭉한 타원형 빵이 나무 판 위에 놓여 있다.
bakery,qwen3,1000196053,3gram,appearance slightly rough; artisanal bread golden; board bread distinctive; board bread rustic; bread distinctive elongate,"A rustic, elongated artisanal bread with a golden, slightly rough crust, resting on a wooden board.","겉모습이 약간 거칠다; 수제 빵, 황금빛; 판 모양 빵, 독특한; 통나무 빵, 소박한 스타일; 빵, 독특한 길쭉한 모양","나무 판 위에 놓인, 황금빛을 띠고 겉면이 약간 거친, 소박하고 길쭉한 수제 빵."
bakery,qwen3,1000196053,1gram,caper; bread; loaf; ciabatta; focaccia,"A sliced loaf of ciabatta bread with capers inside, served on parchment paper.",카퍼; 빵; 빵 한 덩어리; 치아바타; 포카치아,내부에 케이퍼가 들어간 얇게 썬 치아바타 빵 한 덩어리를 유산지에 담아 낸 요리.
bakery,qwen3,1000196053,2gram,board crust; caper inside; caper loaf; ciabatta focaccia; crust rustic,"A rustic ciabatta focaccia loaf with a golden-brown crust and visible capers inside, sliced to reveal its airy interior.",빵 껍질; 내부에서의 소동; 케이퍼 로프; 치아바타 포카치아; 소박한 크러스트,"황금빛 갈색 겉면과 속이 훤히 보이는 케이퍼가 들어간 소박한 치아바타 포카치아 빵으로, 썰어 보면 속이 포슬포슬한 것이 드러납니다."
bakery,qwen3,1000196053,3gram,appearance slightly crack; board crust rustic; bread present way; bread slice half; caper loaf arrange,"A rustic caper loaf with a golden-brown crust, sliced in half to reveal green capers inside, arranged on a wooden board.","표면에 미세한 균열이 있음; 빵 껍질, 소박한; 빵 선물하는 방법; 빵 한 조각의 절반; 케이퍼 로프 담기","황금빛 갈색 껍질을 가진 소박한 케이퍼 빵을 반으로 잘라 내부의 초록색 케이퍼가 드러나게 한 뒤, 나무 접시 위에 올려놓은 모습."
bakery,qwen3,1000217187,1gram,bun; 미모모방; neatly; shiny; size,"A package of neatly packaged, golden-brown buns with a shiny surface, displayed on a white plate.",번; 미모모방; 깔끔하게; 반짝이는; 크기,"흰 접시 위에 가지런히 담겨 있는, 표면이 반짝이는 황금빛 빵 한 팩."
bakery,qwen3,1000217187,2gram,bag bun; baked arrange; brand 미모모방; brown soft; bun golden,"A white plate holds a collection of golden-brown, soft buns, with a clear plastic bag of the same buns displayed beside it. The brand name ""미모모방"" is visible on the packaging.","백 번; 구운 요리; 브랜드 미모모방; 갈색, 부드러운; 번 골든","하얀 접시 위에는 황금빛 갈색의 부드러운 빵들이 놓여 있고, 그 옆에는 같은 빵이 들어 있는 투명한 비닐봉지가 진열되어 있다. 포장지에는 “미모모방”이라는 브랜드명이 적혀 있다."
bakery,qwen3,1000217187,3gram,bag bun visible; baked arrange white; brand 미모모방 print; bread roll bun; brown soft slightly,"A white plate holds a group of golden-brown, soft-looking bread rolls, with a clear plastic bag of the same product displayed beside it. The brand name ""미모모방"" is visible on the packaging.","가방 묶음머리가 보인다; 구운, 배열, 흰색; 미모모방 브랜드 프린트; 식빵 롤, 번; 갈색, 부드러운, 약간","하얀 접시 위에는 황금빛 갈색을 띠고 부드러워 보이는 빵 롤들이 놓여 있으며, 그 옆에는 같은 제품이 들어 있는 투명한 비닐봉지가 진열되어 있다. 포장지에는 “미모모방”이라는 브랜드명이 적혀 있다."
bakery,qwen3,1000217187,1gram,bun; pile; casual; shiny; break,"A pile of golden-brown, soft-looking buns with a broken one showing a fluffy interior.",번; 더미; 캐주얼; 반짝이는; 중단,"황금빛 갈색을 띠고 부드러워 보이는 빵들이 한 무더기 쌓여 있는데, 그중 하나는 찢어져 있어 속이 폭신폭신한 모습이 드러나 있다."
bakery,qwen3,1000217187,2gram,bun break; bun bun; bun smooth; casual pile; interior bun,"A casual pile of golden-brown buns, one of which is broken to reveal a soft, airy interior.",빵 휴식; 붐 붐; 부드러운 번; 무심하게 쌓아둔 것들; 안쪽 뭉치,"황금빛 갈색 빵들이 무심하게 쌓여 있는데, 그중 하나는 반으로 갈라져 부드럽고 폭신폭신한 속이 드러나 있다."
bakery,qwen3,1000217187,3gram,arrange casual pile; brown bun bun; bun break half; bun bun break; bun smooth slightly,"A pile of golden-brown buns on a white plate, with one broken in half to show a soft, fluffy interior.",캐주얼한 더미를 정리하다; 갈색 빵 빵; 번 휴식 반; 번번 휴식; 부드럽고 약간 푹신한,"하얀 접시 위에 황금빛 갈색의 빵들이 쌓여 있고, 그중 하나는 반으로 갈라져 부드럽고 폭신폭신한 속이 드러나 있다."
bakery,qwen3,1000220024,1gram,bun; melted; ham; cheese; parchment,"A plate of golden-brown buns, some with a melted cheese and ham filling visible.",번; 녹은; 햄; 치즈; 양피지,노릇노릇하게 구워진 빵 한 접시. 그중 일부는 녹아내린 치즈와 햄이 속을 채우고 있는 것이 보인다.
bakery,qwen3,1000220024,2gram,bun cut; cheese slice; arrange piece; brown bun; bun arrange,"A plate of golden-brown buns, with one cut open to reveal a slice of cheese and ham inside, arranged on a white plate.",번컷; 치즈 한 조각; 곡 편곡; 갈색 빵; 번 스타일링,"흰 접시 위에 황금빛으로 노릇노릇하게 구워진 빵들이 놓여 있는데, 그중 하나는 반으로 갈라져 안쪽에 치즈와 햄 한 조각이 드러나 있다."
bakery,qwen3,1000220024,3gram,brown bun cut; bun arrange piece; bun cut half; cheese slice ham; melted cheese slice,"A plate of golden-brown buns, with one cut in half to reveal a melted cheese slice and a slice of ham inside.","브라운 번 컷; 번 스타일링; 반으로 자른 번; 치즈, 슬라이스 햄; 녹은 치즈 슬라이스","노릇노릇하게 구워진 번 한 접시. 그중 하나는 반으로 잘려 있어, 안쪽에 녹아내린 치즈 한 장과 햄 한 장이 드러나 있다."
bakery,qwen3,1000220024,1gram,bun; melted; ham; cheese; parchment,"A plate of golden-brown buns, some sliced to reveal melted cheese and ham inside, served on parchment paper.",번; 녹은; 햄; 치즈; 양피지,"황금빛으로 노릇하게 구워진 빵 한 접시가 양피지 위에 담겨 있는데, 그중 몇 개는 반으로 잘려 안쪽에 녹아내린 치즈와 햄이 드러나 있다."
bakery,qwen3,1000220024,2gram,arrange parchment; brown round; bun slice; cheese ham; several golden,"A plate of several golden brown round buns, with one sliced to reveal a layer of cheese and ham inside.",양피지를 정리하다; 갈색 원형; 번 한 조각; 치즈 햄; 몇 개의 황금색,"노릇노릇하게 구워진 둥근 빵 몇 개가 담긴 접시인데, 그중 하나는 반으로 잘려 안쪽에 치즈와 햄이 한 겹 들어 있는 것이 보인다."
bakery,qwen3,1000220024,3gram,arrange parchment paper; brown round bun; bun arrange parchment; bun slice half; cheese ham bun,"A plate of golden-brown round buns, with one sliced in half to reveal a layer of cheese and ham inside, arranged on parchment paper.",유산지를 깔아주세요; 갈색 둥근 빵; 빵을 유산지에 올려놓다; 번 한 조각을 반으로 자른 것; 치즈 햄 번,"황금빛 갈색의 둥근 빵들이 한 접시에 담겨 있고, 그중 하나는 반으로 잘려 안쪽에 치즈와 햄이 층을 이루고 있는 모습이 보인다. 이 빵들은 유산지 위에 정갈하게 놓여 있다."
bakery,qwen3,1000229955,1gram,box; cooky; gift; gradient; grains,"A gift box from Grains featuring the ""Charmant"" collection, containing nine assorted cookies in a black tray with a pastel gradient design on the lid.",상자; cooky; 선물; 그라디언트; 곡물,"Grains의 “Charmant” 컬렉션이 담긴 선물 상자로, 뚜껑에 파스텔 톤 그라데이션 디자인이 적용된 검은색 트레이에 9가지 종류의 쿠키가 들어 있습니다."
bakery,qwen3,1000229955,2gram,box light; 9 individual; beige surface; box product; brand grains,"A box of nine individual cookies in a light-colored box with a pastel mountain design, featuring the brand name ""Grains"" on the lid.",박스 조명; 9명; 베이지색 표면; 박스 제품; 브랜드 곡물,"파스텔 톤의 산이 그려진 밝은 색상의 상자에 개별 포장된 쿠키 9개가 들어 있으며, 뚜껑에는 “Grains”라는 브랜드명이 적혀 있습니다."
bakery,qwen3,1000229955,3gram,3x3 grid packaging; 9 individual cooky; blue pink gradient; box cooky box; box light beige,"A box of nine individual cookies in a 3x3 grid packaging, with a blue and pink gradient design on the lid, from the brand Grains.",3x3 격자형 포장; 개별 포장된 쿠키 9개; 파란색과 분홍색 그라데이션; 쿠키 상자; 박스 라이트 베이지,"Grains 브랜드의 제품으로, 뚜껑에 파란색과 분홍색 그라데이션 디자인이 들어간 3x3 격자 모양의 포장에 개별 포장된 쿠키 9개가 들어 있는 상자입니다."
bakery,qwen3,1000229955,1gram,cooky; box; charmant; vary; 9,"A box of nine different types of cookies from the brand Charmant, neatly arranged in a black tray with clear packaging.",cooky; 상자; 매력적인; 다양하다; 9,"‘샤르망(Charmant)’ 브랜드의 9가지 종류 쿠키가 들어 있는 상자로, 투명한 포장에 담겨 검은색 쟁반 위에 가지런히 놓여 있습니다."
bakery,qwen3,1000229955,2gram,9 assorted; assorted cooky; black tray; box 9; brand charmant,"A box of nine assorted cookies in a black tray, with the brand name ""CHARMANT"" visible on the packaging.",9종 모음; 다양한 쿠키; 검은색 쟁반; 9번 칸; 브랜드 샤르망,"검은색 쟁반에 담긴 9개입의 다양한 쿠키가 들어 있는 상자로, 포장지에는 “CHARMANT”라는 브랜드명이 표시되어 있습니다."
bakery,qwen3,1000229955,3gram,3x3 grid individually; 9 assorted cooky; assorted cooky present; black tray clear; blue pink box,"A 3x3 grid of individually wrapped, assorted cookies in a black tray, with a blue and pink box labeled ""CHARMANT"" in the background.","3x3 격자 각각; 9종 모듬 쿠키; 다양한 쿠키 선물 세트; 검은색 쟁반, 투명; 파란색과 분홍색 상자","검은색 쟁반 위에 개별 포장된 다양한 종류의 쿠키가 3x3 격자 모양으로 놓여 있고, 배경에는 “CHARMANT”라고 적힌 파란색과 분홍색 상자가 보인다."
bakery,qwen3,1000234669,1gram,container; philadelphia; cheese; original; label,"A container of Philadelphia Original Fresh Creamy Cheese with a silver lid, one open to reveal the creamy white spread.",컨테이너; 필라델피아; 치즈; 원본; 라벨,은색 뚜껑이 달린 ‘필라델피아 오리지널 프레시 크리미 치즈’ 용기 하나. 뚜껑이 열린 용기 안에는 크림처럼 하얀 스프레드가 드러나 있다.
bakery,qwen3,1000234669,2gram,text label; 190g 430kcal; 2 container; blue letter; cheese container,"Two containers of Philadelphia Original Fresh Creamy Cheese, with one open to reveal the creamy texture, are displayed on a light surface.",텍스트 레이블; 190g 430kcal; 2개의 컨테이너; 파란색 글자; 치즈 용기,"밝은 색상의 배경 위에 ‘필라델피아 오리지널 프레시 크리미 치즈’ 두 통이 놓여 있으며, 그중 한 통은 뚜껑이 열려 있어 크리미한 질감이 드러나 있습니다."
bakery,qwen3,1000234669,3gram,2 container philadelphia; blue letter original; blue text label; brand philadelphia large; cheese container left,"Two containers of Philadelphia Original Cream Cheese, one open to reveal the creamy spread.",필라델피아 2통; 파란 글자 원본; 파란색 텍스트 레이블; 브랜드 필라델피아 라지; 남은 치즈 용기,필라델피아 오리지널 크림 치즈 두 통. 그중 한 통은 뚜껑이 열려 있어 크리미한 스프레드가 드러나 있다.
bakery,qwen3,1000234669,1gram,philadelphia; blue; lettering; tub; creamy,"A tub of Philadelphia Original Creamy spread, with a creamy texture and a blue and white label.",필라델피아; 파란색; 레터링; 욕조; 크리미한,크리미한 식감을 자랑하며 파란색과 흰색 라벨이 붙은 필라델피아 오리지널 크리미 스프레드 한 통.
bakery,qwen3,1000234669,2gram,blue circular; blue lettering; cream pale; creamy lid; fresh creamy,"A container of Philadelphia Original Fresh Creamy spread, with a creamy pale texture and a blue circular logo on the lid.",파란색 원형; 파란색 글씨; 옅은 크림색; 크리미한 뚜껑; 상큼하고 크리미한,"크리미하고 연한 색상의 질감을 지닌 ‘필라델피아 오리지널 프레시 크리미’ 스프레드 용기로, 뚜껑에는 파란색 원형 로고가 그려져 있습니다."
bakery,qwen3,1000234669,3gram,blue circular logo; blue lettering blue; brand philadelphia clearly; circular logo brand; color smooth creamy,"A container of Philadelphia Original Fresh Creamy Topping, with a smooth, creamy texture, displayed on a light surface.","파란색 원형 로고; 파란색 글씨 파란색; 브랜드 필라델피아, 확실히; 원형 로고 브랜드; 색상: 부드럽고 크리미한",부드럽고 크리미한 식감을 자랑하는 ‘필라델피아 오리지널 프레시 크리미 토핑’ 한 통이 밝은 색상의 배경 위에 진열되어 있다.
bakery,qwen3,1000321559,1gram,jar; label; product; 2; butter,"Two jars of OLHGOK peanut butter, one smooth and one crunchy, with a bowl of the smooth variety and a bowl of the crunchy variety, on a light gray surface.",jar; 라벨; 제품; 2; 버터,"밝은 회색 바탕 위에 OLHGOK 땅콩버터 두 병(하나는 부드러운 타입, 다른 하나는 바삭한 타입)이 놓여 있고, 부드러운 타입과 바삭한 타입 각각 한 그릇씩이 곁들여져 있다."
bakery,qwen3,1000321559,2gram,peanut butter; 100 percent korean origin 100percent; 100percent peanut; blue lid; clean white,"Two jars of OLHGOK peanut butter, one smooth and one crunchy, with blue lids, are displayed on a light gray surface, accompanied by two bowls of the spread.",땅콩버터; 100% 한국산 100percent; 100% 땅콩; 파란색 뚜껑; 깔끔한 흰색,"파란색 뚜껑이 달린 OLHGOK 땅콩버터 두 병(하나는 부드러운 타입, 다른 하나는 바삭한 타입)이 연회색 표면 위에 진열되어 있으며, 그 옆에는 이 땅콩버터를 담은 그릇 두 개가 놓여 있다."
bakery,qwen3,1000321559,3gram,100 percent korean origin 100percent peanut; 100percent peanut butter; 2 type smooth type; blue lid label; blue text jar,"Two jars of OLHGOK peanut butter, one smooth type and one crunchy type, with blue lids and labels, are displayed on a light gray surface, accompanied by two bowls of the spread.","100% 한국산, 100% 땅콩; 100% 땅콩버터; 2종 매끄러운 타입; 파란색 뚜껑 라벨; 파란색 글씨가 적힌 병","파란색 뚜껑과 라벨이 달린 OLHGOK 땅콩버터 두 병(하나는 부드러운 타입, 다른 하나는 바삭한 타입)이 밝은 회색 바탕 위에 진열되어 있으며, 그 옆에는 이 스프레드가 담긴 그릇 두 개가 놓여 있습니다."
bakery,qwen3,1000321559,1gram,bowl; sauce; brim; composition; chunk,"Two white bowls contain a smooth, light brown sauce with visible chunks, likely a peanut butter or similar spread.",그릇; 소스; 테두리; 작품; 청크,"두 개의 흰색 그릇에는 덩어리가 눈에 띄는 부드럽고 연한 갈색 소스가 담겨 있는데, 아마도 땅콩버터나 그와 비슷한 스프레드일 것이다."
bakery,qwen3,1000321559,2gram,brown sauce; light brown; arrange simple; bowl fill; brim arrange,"Two white bowls filled with a light brown sauce, one with visible chunks, the other smooth, arranged on a textured grey surface.",브라운 소스; 밝은 갈색; 간단하게 정리하기; 그릇 채우기; 테두리 배치,"옅은 갈색 소스가 가득 담긴 두 개의 흰색 그릇이, 하나는 덩어리가 눈에 띄고 다른 하나는 매끄러운 상태로, 질감이 느껴지는 회색 표면 위에 놓여 있다."
bakery,qwen3,1000321559,3gram,light brown sauce; arrange simple clean; bowl creamy light; bowl fill brim; bowl light gray,"Two white bowls contain a creamy, light brown sauce with visible chunks, arranged on a light gray surface.","밝은 갈색 소스; 간단하고 깔끔하게 정리하기; 크리미 라이트 보울; 그릇을 가장자리가 넘칠 때까지 채우다; 그릇, 연회색","밝은 회색 바탕 위에, 눈에 띄는 덩어리가 흩어져 있는 크림빛의 연한 갈색 소스가 담긴 흰색 그릇 두 개가 놓여 있다."
bakery,qwen3,1000352096,1gram,bread; french; pasquier; packaging; blue,"A package of Pasquier Sliced Brioche bread, 500g, with two slices on a plate.",빵; 프랑스어; 파스키에; 포장; 파란색,500g짜리 파스키에 슬라이스 브리오슈 빵 한 팩과 접시에 담긴 빵 두 조각.
bakery,qwen3,1000352096,2gram,500g bag; blue product; bread bread; bread packaging; french bread,"A package of Pasquier Sliced Brioche bread, 500g, with two slices on a plate.",500g 봉지; 블루 제품; 빵 빵; 빵 포장; 프랑스 빵,500g짜리 파스키에 슬라이스 브리오슈 빵 한 팩과 접시에 담긴 빵 두 조각.
bakery,qwen3,1000352096,3gram,2 slice visible; 500g bag packaging; bag packaging slice; blue product 500g; brand pasquier prominently,"A package of Pasquier Sliced Brioche bread, 500g, with two slices on a plate.",2조각이 보입니다; 500g 봉지 포장; 봉지 포장 슬라이스; 블루 제품 500g; 브랜드 ‘파스키에’를 눈에 띄게,500g짜리 파스키에 슬라이스 브리오슈 빵 한 팩과 접시에 담긴 빵 두 조각.
bakery,qwen3,1000352096,1gram,brioche; pasquier; bread; slice; text,"Two slices of Pasquier Sliced Brioche on a white plate, next to the product packaging.",브리오슈; 파스키에; 빵; 슬라이스; 텍스트,흰색 접시 위에 파스키에 슬라이스 브리오슈 두 조각이 제품 포장지 옆에 놓여 있다.
bakery,qwen3,1000352096,2gram,bottom right; bread 2; brioche text; brown outside; label sliced brioche,Two slices of French brioche on a white plate next to a package of Pasquier Sliced Brioche.,오른쪽 아래; 빵 2; 브리오슈 설명; 겉은 갈색; 라벨: 얇게 썬 브리오슈,흰 접시 위에 놓인 프렌치 브리오슈 두 조각과 그 옆에 있는 파스키에 슬라이스 브리오슈 한 팩.
bakery,qwen3,1000352096,3gram,2 slice bread; bottom right corner; brand pasquier white; bread 2 slice; bread slice golden,Two slices of white bread on a plate next to a package of Pasquier Sliced Brioche.,빵 2쪽; 오른쪽 아래 모서리; 브랜드 파스키에 화이트; 빵 2쪽; 노릇노릇한 빵 한 조각,"접시 위에 흰 빵 두 조각이 놓여 있고, 그 옆에는 파스키에 슬라이스 브리오슈 한 팩이 있다."
bakery,qwen3,1000400055,1gram,macaroon; product; packaging; blue; 4.5cm,"A blue box and packaging for Nudam macaroon, featuring the text ""WHAT'S THE BETTER?"" and images of various macaroon flavors, with a 4.5cm height measurement.",마카롱; 제품; 포장; 파란색; 4.5cm,"“WHAT'S THE BETTER?”라는 문구와 다양한 마카롱 맛의 이미지가 인쇄된 누담(Nudam) 마카롱의 파란색 상자와 포장재로, 높이는 4.5cm입니다."
bakery,qwen3,1000400055,2gram,2 different; blue plate; box small; chocolate macaroon; clear indication,"A blue box of Nudam macarons, featuring the text ""WHAT'S THE BETTER?"" and images of various flavors, is displayed with a small blue plate holding colorful macarons and a white plate with three macarons.",2가지 다른; 파란 접시; 작은 상자; 초콜릿 마카롱; 명확한 징후,"“WHAT'S THE BETTER?”라는 문구와 다양한 맛의 이미지가 그려진 파란색 누담(Nudam) 마카롱 상자 한 개가, 알록달록한 마카롱이 담긴 작은 파란색 접시와 마카롱 세 개가 담긴 흰색 접시와 함께 진열되어 있다."
bakery,qwen3,1000400055,3gram,2 different form; blue plate packaging; blue text what s the better; box small individual; chocolate macaroon arrange,"A blue box and packaging for Nudam's ""What's the Better?"" macarons, featuring a variety of colorful macarons on a light blue plate and a white plate with three macarons.",2가지 다른 양식; 파란 접시 포장; 파란색 글씨: 어느 쪽이 더 나을까요?; 작은 개별 포장 상자; 초콜릿 마카롱 진열,"누담(Nudam)의 “What's the Better?” 마카롱을 담은 파란색 상자와 포장지로, 연한 파란색 접시 위에 알록달록한 마카롱들이 담겨 있고, 흰색 접시에는 마카롱 세 개가 놓여 있습니다."
bakery,qwen3,1000400055,1gram,macaron; green; pink; chocolate; half,"A close-up of a white plate featuring a yellow macaron that has been cut in half, revealing a green filling with chocolate pieces inside, alongside other colorful macarons including pink and green ones.",마카롱; 초록색; 분홍색; 초콜릿; 반,"반으로 잘린 노란색 마카롱이 담긴 흰색 접시의 클로즈업 사진으로, 잘린 면을 통해 초콜릿 조각이 들어간 초록색 속이 드러나 있으며, 그 옆에는 분홍색과 초록색을 비롯한 다채로운 색상의 마카롱들이 놓여 있다."
bakery,qwen3,1000400055,2gram,bead top; chocolate bead; chocolate piece; close several; drizzle small,"A close-up of several colorful macarons on a white plate, with one cut in half to reveal a chocolate filling.",비드 장식 상단; 초콜릿 구슬; 초콜릿 조각; 몇 개 닫기; 가랑비 (약한 비),"흰 접시 위에 놓인 여러 개의 알록달록한 마카롱을 클로즈업한 사진으로, 그중 하나는 반으로 잘려 초콜릿 속이 드러나 있다."
bakery,qwen3,1000400055,3gram,bead top green; chocolate bead top; chocolate piece pink; close several macaron; color include yellow,"A close-up of several colorful macarons on a white plate, with one cut in half to reveal a yellow cake-like filling and a green filling with a chocolate piece.","비드 장식 상단, 녹색; 초콜릿 비즈 상의; 분홍색 초콜릿 조각; 마카롱 몇 개를 닫다; 색상: 노란색 포함","흰 접시 위에 놓인 여러 개의 알록달록한 마카롱을 클로즈업한 사진으로, 그중 하나는 반으로 잘려 노란색 케이크 같은 속과 초콜릿 조각이 들어간 초록색 속이 드러나 있다."
bakery,qwen3,1000447291,1gram,bread; stack; cutting; board; loaf,"A stack of sliced white bread on a wooden board, with a loaf in its packaging in the background.",빵; 스택; 절단; 게시판; 빵 한 덩어리,"나무 도마 위에 얇게 썬 흰 빵이 쌓여 있고, 그 뒤쪽에는 포장된 빵 한 덩이가 놓여 있다."
bakery,qwen3,1000447291,2gram,cutting board; bread package; bread rectangular; cloth light; crust white,"A loaf of white bread with a golden crust, sliced and stacked on a wooden cutting board, with a package of the same bread in the background.",도마; 빵 포장지; 직사각형 빵; 천 조명; 흰 빵 껍질,"노릇노릇한 겉면이 돋보이는 흰 빵 한 덩어리가 얇게 썰려 나무 도마 위에 쌓여 있고, 그 뒤쪽에는 같은 빵 한 봉지가 놓여 있다."
bakery,qwen3,1000447291,3gram,bag packaging korean; board bread white; bread arrange wooden; bread package clear; bread rectangular loaf,"A stack of white rectangular bread slices arranged on a wooden board, with a single slice placed in front, next to a cup of milk, and a packaged loaf of bread in the background.","봉지 포장 (한국어); 빵, 흰색; 빵을 나무 접시에 담다; 투명한 빵 포장지; 직사각형 모양의 빵","나무 판 위에 하얀 직사각형 빵 조각들이 쌓여 있고, 그 앞쪽에는 빵 한 조각이 우유 한 잔 옆에 놓여 있으며, 배경에는 포장된 빵 한 덩이가 보인다."
bakery,qwen3,1000447291,1gram,cutting; board; stack; cloth; white,"A stack of white bread slices on a wooden cutting board, with a cup of milk on a white cloth.",절단; 게시판; 스택; 천; 흰색,"나무 도마 위에 흰 빵 조각들이 쌓여 있고, 흰 식탁보 위에는 우유 한 잔이 놓여 있다."
bakery,qwen3,1000447291,2gram,cutting board; white cloth; board cutting; board wooden; cloth left,"A stack of white bread slices on a wooden cutting board, with one slice placed in front, next to a mug of milk on a white cloth.",도마; 흰 천; 판재 절단; 나무 판자; 남은 천,"나무 도마 위에 흰 빵 조각들이 쌓여 있고, 그중 한 조각은 흰 식탁보 위에 놓인 우유 머그잔 옆, 가장 앞쪽에 놓여 있다."
bakery,qwen3,1000447291,3gram,board cutting board; board wooden handle; bread slice arrange; cloth left cutting; crust soft white,"A stack of white bread slices arranged on a wooden cutting board, with one slice placed in front, next to a cup of milk on a white cloth.",도마; 나무 손잡이가 달린 판자; 빵 조각 배열하기; 남은 천 조각; 겉은 바삭하고 속은 부드러운 흰 빵,"나무 도마 위에 흰 빵 조각들이 쌓여 있고, 그 앞쪽에는 흰 식탁보 위에 놓인 우유 한 잔 옆에 빵 한 조각이 놓여 있다."
bakery,qwen3,1000528793,1gram,bagel; face; logo; hoophoop; eat,"A wooden bowl holds several individually wrapped bagels, each with a cartoon face logo, alongside a yellow paper bag with the same logo, all set on a white cloth.",베이글; 얼굴; 로고; 후프후프; 먹다,"흰색 식탁보 위에 나무 그릇이 놓여 있고, 그 안에는 각각 만화 캐릭터 얼굴 로고가 그려진 개별 포장된 베이글 몇 개와 같은 로고가 새겨진 노란색 종이 봉지가 함께 놓여 있다."
bakery,qwen3,1000528793,2gram,bag brand; bagel present; bagel specifically; black outline; bowl clear,"A wooden bowl holds several individually wrapped bagels, each with a black outline design on the packaging, alongside a yellow paper bag with a smiling face logo, all set on a white cloth.",가방 브랜드; 베이글 선물; 특히 베이글; 검은색 테두리; 그릇 비우기,"나무 그릇에는 개별 포장된 베이글 여러 개가 담겨 있는데, 각 포장지에는 검은색 윤곽선이 그려져 있으며, 웃는 얼굴 로고가 있는 노란색 종이 봉투도 곁에 놓여 있고, 이 모든 것이 흰색 식탁보 위에 차려져 있다."
bakery,qwen3,1000528793,3gram,bag brand logo; bagel arrange way; bagel bagel present; bagel present wooden; bagel specifically bagel,"A wooden tray holds several individually wrapped bagels, each with a cartoon face logo, alongside a yellow paper bag with the same logo, all arranged on a white cloth.","가방 브랜드 로고; 베이글 배열 방법; 베이글 베이글 선물; 베이글 모양의 나무 선물; 베이글, 특히 베이글","나무 쟁반 위에는 각각 만화 캐릭터 얼굴 로고가 그려진 개별 포장된 베이글 몇 개와, 같은 로고가 새겨진 노란색 종이 봉지가 흰색 식탁보 위에 가지런히 놓여 있다."
bakery,qwen3,1000528793,1gram,bagel; face; plate; dish; transparent,"A plate with three golden-brown bagels, one of which is sliced to show the interior, sits on a white cloth. A transparent plastic bag with a cartoon face design is visible in the upper left corner.",베이글; 얼굴; 판; 요리; 투명한,"흰색 식탁보 위에는 황금빛 갈색 베이글 세 개가 담긴 접시가 놓여 있는데, 그중 하나는 속이 보이도록 반으로 잘려 있다. 왼쪽 상단 모서리에는 만화 캐릭터 얼굴이 그려진 투명한 비닐봉지가 보인다."
bakery,qwen3,1000528793,2gram,3 bagel; bag cartoon; bagel packaging; bagel whole; ceramic dish,"A plate with three whole bagels and two sliced bagels, served on a ceramic dish, with a bagel packaging featuring a cartoon face in the background.",베이글 3개; 가방 만화; 베이글 포장; 베이글 통째로; 도자기 접시,"세 개의 통 베이글과 두 개의 썰어 놓은 베이글이 담긴 접시가 도자기 그릇 위에 놓여 있으며, 배경에는 만화 캐릭터 얼굴이 그려진 베이글 포장지가 보인다."
bakery,qwen3,1000528793,3gram,2 slice half; 3 bagel whole; bag cartoon face; bagel bagel packaging; bagel packaging simple,"A plate with three whole bagels and two halves, alongside a bagel packaging featuring a cartoon face.","2조각 반; 베이글 3개 (통곡물); 가방 만화 캐릭터 얼굴; 베이글 베이글 포장; 베이글 포장, 간단하게","통 베이글 3개와 반으로 자른 베이글 2개가 담긴 접시와, 만화 캐릭터 얼굴이 그려진 베이글 포장지가 나란히 놓여 있다."
bakery,qwen3,1000634077,1gram,donut; topping; pastry; white; boat,"A white rectangular tray holds five assorted donuts, each with a different topping, accompanied by a small white pedestal with a green donut and a blue circular base with a yellow donut. A white box with a boat illustration on the lid is positioned behind the donuts.",도넛; 토핑; 패스트리; 흰색; 보트,"흰색 직사각형 쟁반 위에는 각각 다른 토핑이 얹힌 다섯 개의 다양한 도넛이 놓여 있으며, 그 옆에는 초록색 도넛이 올려진 작은 흰색 받침대와 노란색 도넛이 올려진 파란색 원형 받침대가 함께 놓여 있습니다. 도넛 뒤쪽에는 뚜껑에 배 그림이 그려진 흰색 상자가 놓여 있습니다."
bakery,qwen3,1000634077,2gram,donut yellow; 5 small; berry brown; boat wave; box japanese,"A box of five small donuts, each with a different topping, displayed on a white plate and a small stand, with a Japanese-themed box featuring a boat and wave design.",노란 도넛; 작은 것 5개; 베리 브라운; 보트 파도; 박스 일본어,"각기 다른 토핑이 얹어진 작은 도넛 5개가 들어 있는 상자가 흰색 접시와 작은 받침대 위에 진열되어 있으며, 배와 파도 문양이 그려진 일본풍 디자인의 상자에 담겨 있습니다."
bakery,qwen3,1000634077,3gram,5 small pastry; berry brown donut; boat wave box; box japanese style; box text read,"A box with a Japanese-style boat wave design is shown with five small pastries, including a berry brown donut, arranged on plates.",작은 페이스트리 5개; 베리 브라운 도넛; 보트 웨이브 박스; 일본식 상자; 상자 안의 글은 다음과 같다,"일본식 배와 파도 문양이 그려진 상자 안에, 베리 브라운 도넛을 포함한 다섯 개의 작은 페이스트리가 접시에 담겨 있는 모습이 보인다."
bakery,qwen3,1000634077,1gram,cake; topping; decoration; detail; flake,"A collection of small, individually decorated cakes with various toppings and fillings, displayed on white plates and a stand.",케이크; 토핑; 장식; 상세 정보; 플레이크,각기 다른 장식이 더해진 다양한 토핑과 속재료를 넣은 작은 케이크들이 흰 접시와 스탠드 위에 진열되어 있는 모음.
bakery,qwen3,1000634077,2gram,plate cake; 3 white; arrange visually; brown interior; cake unique,"A collection of uniquely decorated cakes arranged on two white plates, featuring a variety of flavors and toppings.",플레이트 케이크; 흰색 3개; 시각적으로 배치하다; 갈색 인테리어; 독특한 케이크,"두 개의 흰색 접시에 정성스럽게 장식된 개성 넘치는 케이크들이 담겨 있으며, 다양한 맛과 토핑을 자랑합니다."
bakery,qwen3,1000634077,3gram,3 white plate; appeal manner small; arrange visually appeal; brown interior topping; cake arrange visually,"A collection of small, individually decorated cakes arranged on two white plates, showcasing a variety of toppings and fillings.","흰색 접시 3개; 호소하는 태도, 소박한; 시각적으로 매력적으로 배치하기; 갈색 내부 토핑; 케이크를 시각적으로 배치하기","두 개의 흰색 접시에 담겨 있는, 각각 개성 있게 장식된 작은 케이크 모음으로, 다양한 토핑과 속재료를 뽐내고 있다."
bakery,qwen3,1000635372,1gram,pistachio butter original; oh nutty; label; jar; spread,"A jar and a smaller jar of Oh Nutty Pistachio Butter Original, with a spoon and a bowl of the spread on a green cloth.","피스타치오 버터 오리지널; 오, 이런; 라벨; jar; 확산","‘Oh Nutty 피스타치오 버터 오리지널’이 담긴 큰 병과 작은 병, 그리고 숟가락 하나와 스프레드가 담긴 그릇이 초록색 식탁보 위에 놓여 있다."
bakery,qwen3,1000635372,2gram,label pistachio butter original; pistachio butter original weight; jar label; 230g small; 80g product,"A jar of OH NUTTY Pistachio Butter Original, 230g, with a smaller 80g jar, both in glass jars with white lids, displayed on a wooden tray with a green cloth.",라벨: 피스타치오 버터 오리지널; 피스타치오 버터 원중량; 병 라벨; 230g 소형; 80g 제품,"‘OH NUTTY 피스타치오 버터 오리지널’ 230g 용기와 80g 용기 1개가 함께 놓여 있는데, 두 용기 모두 흰색 뚜껑이 달린 유리 용기이며, 녹색 천이 깔린 나무 쟁반 위에 진열되어 있습니다."
bakery,qwen3,1000635372,3gram,jar label pistachio butter original; label pistachio butter original weight; 2 jar nut; 230g small jar; 80g product present,"A wooden tray holds two jars of OH NUTTY Pistachio Butter Original, with the larger jar labeled 230g and the smaller one 80g, alongside a bowl of the spread on a green cloth.",병 라벨 피스타치오 버터 오리지널; 라벨 피스타치오 버터 원중량; 견과류 2병; 230g 소형 병; 80g 제품 포함,"나무 쟁반 위에는 ‘OH NUTTY 피스타치오 버터 오리지널’ 병 두 개가 놓여 있는데, 큰 병에는 230g, 작은 병에는 80g이라고 적혀 있으며, 그 옆에는 초록색 천 위에 이 스프레드가 담긴 그릇이 놓여 있다."
bakery,qwen3,1000635372,1gram,dip; bowl; pistachio; appetizing; shell,"A creamy yellow dip in a white bowl, surrounded by pistachio shells on a light green cloth.",dip; 그릇; 피스타치오; 식욕을 돋우는; 쉘,"하얀 그릇에 담긴 크림빛 노란색 딥 소스, 연한 녹색 식탁보 위에는 피스타치오 껍질이 둘러져 있다."
bakery,qwen3,1000635372,2gram,base bowl; basket overall; bowl set; bowl several; center surround,"A white bowl filled with a smooth, yellowish-green spread, with a swirl in the center, sits on a light green cloth with several pistachios scattered around it.",기본 그릇; 바스켓 종합; 그릇 세트; 그릇 몇 개; 센터 서라운드,"가볍게 녹색을 띤 식탁보 위에, 중앙에 소용돌이 무늬가 있는 부드럽고 노란빛이 도는 녹색 스프레드가 가득 담긴 흰색 그릇이 놓여 있고, 그 주위에는 피스타치오 몇 알이 흩어져 있다."
bakery,qwen3,1000635372,3gram,base bowl set; basket overall presentation; bowl creamy yellowish; bowl light green; bowl set wooden,"A creamy yellowish dip in a light green bowl, presented in a wooden basket with scattered pistachios.","기본 그릇 세트; 바구니의 전반적인 구성; 크림색을 띤 노란색 그릇; 그릇, 연한 초록색; 나무 그릇 세트","연두색 그릇에 담긴 크림빛이 도는 노란색 딥 소스가, 피스타치오가 흩뿌려진 나무 바구니에 담겨 있다."
bakery,qwen3,1000637683,1gram,peanut; butter; jar; bowl; label,"Two jars of peanut butter, one labeled ""Peanut Butter Original"" and the other ""Peanut Butter Crunchy,"" are displayed on a cloth with bowls of the spread.",땅콩; 버터; jar; 그릇; 라벨,"“피넛 버터 오리지널”이라고 적힌 병 하나와 “피넛 버터 크런치”라고 적힌 병 하나, 총 두 개의 피넛 버터 병이 천 위에 놓여 있으며, 그 옆에는 피넛 버터가 담긴 그릇들이 놓여 있다."
bakery,qwen3,1000637683,2gram,peanut butter; bowl peanut; 230g peanut; arrange beige; beige cloth,"Two jars of OH NUTTY peanut butter, one original and one crunchy, are displayed on a beige cloth with bowls of the spread.",땅콩버터; 그릇에 담긴 땅콩; 땅콩 230g; 베이지색 배치하기; 베이지색 천,"베이지색 천 위에는 ‘OH NUTTY’ 땅콩버터 두 병(오리지널 맛 하나, 크런치 맛 하나)과 이 땅콩버터를 담은 그릇들이 진열되어 있다."
bakery,qwen3,1000637683,3gram,bowl peanut butter; 230g peanut butter; arrange beige cloth; beige cloth jar; butter arrange beige,"Two jars of Oh Nutty peanut butter, one original and one crunchy, arranged on a beige cloth with bowls of the spread.","그릇에 담긴 땅콩버터; 땅콩버터 230g; 베이지색 천을 정리하다; 베이지색 천 항아리; 버터, 베이지색으로 배치",베이지색 천 위에 오 너티(Oh Nutty) 땅콩버터 두 병—오리지널 맛 하나와 크런치 맛 하나—가 스프레드가 담긴 그릇들과 함께 놓여 있다.
bakery,qwen3,1000637683,1gram,bowl; butter; peanut; cashew; fold,"Two white bowls contain a smooth, creamy peanut butter, with one bowl showing a spoon resting in it.",그릇; 버터; 땅콩; 캐슈; 접기,"두 개의 하얀 그릇에는 부드럽고 크리미한 땅콩버터가 담겨 있으며, 그중 한 그릇에는 숟가락이 놓여 있다."
bakery,qwen3,1000637683,2gram,peanut butter; light brown; bowl fold; bowl left; bowl present,"Two white bowls containing peanut butter, one with chunks and the other smooth, placed on a folded cloth.",땅콩버터; 밝은 갈색; 볼 접기; 그릇 왼쪽; 그릇 선물,땅콩버터가 담긴 흰색 그릇 두 개—하나는 덩어리가 씹히는 종류이고 다른 하나는 부드러운 종류—가 접은 천 위에 놓여 있다.
bakery,qwen3,1000637683,3gram,bowl fold light; bowl left hold; bowl present light; bowl right smooth; brown cloth napkin,"Two white bowls containing a smooth, light brown spread, with one bowl showing a spoon resting in it, placed on a folded brown cloth napkin.",볼 폴드 조명; 볼 왼쪽 잡기; 그릇 모양의 조명; 그릇을 오른쪽으로 부드럽게; 갈색 천 냅킨,"부드럽고 연한 갈색의 스프레드가 담긴 두 개의 흰색 그릇이 접힌 갈색 냅킨 위에 놓여 있으며, 그중 한 그릇에는 숟가락이 꽂혀 있다."
bakery,qwen3,1000659491,1gram,bagel; bag; i am bagel; plain bagel; ring,"A white plate holds four golden-brown plain bagels, with three more scattered around, next to a packaged bagel from the brand ""i am bagel"".",베이글; 가방; 나는 베이글이야; 일반 베이글; 반지,"흰색 접시 위에는 황금빛 갈색의 평범한 베이글 네 개가 놓여 있고, 그 주변에 세 개가 더 흩어져 있으며, 바로 옆에는 “i am bagel” 브랜드의 포장된 베이글이 놓여 있다."
bakery,qwen3,1000659491,2gram,bag white; bagel package; bagel round; i am bagel english; label bagel,"A white plate holds four golden-brown bagels, with three more scattered around, next to a packaged bagel from the brand ""i am bagel"" on a light green background.","가방, 흰색; 베이글 패키지; 베이글 (둥근 모양); 나는 베이글 영어; 라벨 베이글","하얀 접시 위에는 황금빛 갈색의 베이글 네 개가 놓여 있고, 그 주변에 세 개가 더 흩어져 있으며, 연한 녹색 배경 위에 ‘i am bagel’ 브랜드의 포장된 베이글 하나가 놓여 있다."
bakery,qwen3,1000659491,3gram,bag label read; bag white label; bagel arrange white; bagel bagel arrange; bagel package clear,"A white plate holds four golden-brown bagels, with three more arranged beside the package. The product is in a clear bag with a white label that reads ""Plain Bagel"" and ""I am bagel"" in English, and Korean text below.",가방 라벨에는 다음과 같이 적혀 있었다; 백 라벨 가방; 베이글을 흰색으로 배열하기; 베이글 베이글 정렬; 베이글 포장지 투명,"하얀 접시 위에는 황금빛 갈색의 베이글 네 개가 놓여 있고, 포장지 옆에는 세 개가 더 놓여 있다. 이 제품은 투명한 봉지에 들어 있으며, 흰색 라벨에는 영어로 “Plain Bagel”과 “I am bagel”이라고 적혀 있고, 그 아래에는 한국어 문구가 적혀 있다."
bakery,qwen3,1000659491,1gram,bagel; blueberry; plain; break; half,"A stack of golden-brown bagels, some broken to reveal a soft, porous interior, with a blueberry-filled bagel in the foreground.",베이글; 블루베리; 일반; 중단; 반,"황금빛 갈색의 베이글들이 쌓여 있고, 그중 일부는 반으로 갈라져 부드럽고 기공이 많은 속이 드러나 있으며, 전경에는 블루베리가 들어간 베이글이 놓여 있다."
bakery,qwen3,1000659491,2gram,bagel break; blueberry bagel; bagel arrange; break half; appearance suggest,"A stack of golden-brown bagels, some broken to reveal a soft, porous interior, with a blueberry bagel cut in half to show its purple filling, arranged on a wooden board.",베이글 타임; 블루베리 베이글; 베이글 배열; 반으로 나누기; 겉모습으로 보아,"금빛 갈색의 베이글들이 나무 판 위에 놓여 있는데, 그중 일부는 반으로 갈라져 부드럽고 기공이 많은 속이 드러나 있고, 블루베리 베이글 하나는 반으로 잘려 보라색 속이 드러나 있다."
bakery,qwen3,1000659491,3gram,bagel break half; 2 type plain; airy interior bagel; appeal manner stack; appearance suggest fresh,"A stack of golden-brown bagels, some broken to reveal a soft, airy interior, displayed on a wooden board.",베이글 휴식 반; 2종 일반; 속이 푹신한 베이글; 호출 방식 스택; 겉모습만 봐도 신선해 보인다,"나무 판 위에 황금빛 갈색 베이글들이 쌓여 있는데, 그중 몇 개는 갈라져 있어 부드럽고 폭신한 속이 드러나 있다."
bakery,qwen3,1000794499,1gram,cake; box; yellow; green; text,"Two rectangular cakes with a golden-yellow cake body and a brown top, presented on small plates with a wooden fork, accompanied by two boxes—one green and one yellow—each with text on the packaging.",케이크; 상자; 노란색; 초록색; 텍스트,"황금빛 노란색 케이크 본체와 갈색 윗면이 특징인 직사각형 케이크 두 개가 작은 접시에 나무 포크와 함께 담겨 있으며, 녹색 상자와 노란색 상자 각 하나씩, 포장지에 문구가 적힌 상자 두 개가 곁들여져 있다."
bakery,qwen3,1000794499,2gram,yellow box; box korean; green box; text yellow; 2 box,"Two rectangular cakes with a golden-yellow cake body and a brown topping, presented on small plates with a wooden fork, alongside two boxes, one green and one yellow, both with Korean text.",노란색 상자; 박스 한국어; 초록색 상자; 노란색 텍스트; 2박스,"황금빛 노란색 케이크 본체와 갈색 토핑이 올라간 직사각형 케이크 두 개가 작은 접시에 담겨 나무 포크와 함께 놓여 있으며, 그 옆에는 녹색 상자와 노란색 상자 두 개가 놓여 있는데, 두 상자 모두 한국어로 된 글씨가 적혀 있다."
bakery,qwen3,1000794499,3gram,text yellow box; 2 box green; 2 rectangular cake; 250g packaging logo; beige plate wooden,"Two rectangular cakes in beige and green packaging, each on a matching plate, with a wooden fork beside them.",노란색 상자 내 텍스트; 녹색 상자 2개; 직사각형 케이크 2개; 250g 포장 로고; 베이지색 나무 접시,"베이지색과 초록색 포장지에 담긴 두 개의 직사각형 케이크가 각각 어울리는 접시 위에 놓여 있고, 그 옆에는 나무 포크가 하나씩 놓여 있다."
bakery,qwen3,1000794499,1gram,cake; tray; greenish; distinct; separate,"A greenish cake with a distinct texture, served on a white plate with a wooden fork, and presented on a tray.",케이크; 트레이; 초록빛이 도는; 뚜렷한; 별도의,"특유의 식감을 지닌 녹색을 띤 케이크로, 흰 접시에 담겨 나무 포크와 함께 쟁반에 올려져 있다."
bakery,qwen3,1000794499,2gram,2 separate; arrange large; cake distinct; cake texture; clean simple,"A rectangular loaf of green cake with a golden-brown top, sliced into portions and arranged on two plates, with a slice on a small white plate and a wooden fork.",2개; 크게 배치하기; 케이크 디스팅트; 케이크의 식감; 깔끔하고 심플한,"윗면이 황금빛 갈색을 띤 직사각형 모양의 초록색 케이크 한 덩어리를 적당한 크기로 잘라 두 개의 접시에 담아 놓았는데, 작은 흰색 접시 하나에는 케이크 한 조각이 담겨 있고 나무 포크가 꽂혀 있다."
bakery,qwen3,1000794499,3gram,2 separate serve; arrange 2 separate; arrange large light; brown crust top; cake cut rectangular,"A rectangular slice of green cake with a brown crust on top, served on a white plate with a wooden fork, alongside a larger loaf of the same cake on a tray.",2인분; 2개를 따로 배치하세요; 대형 조명 설치하기; 윗면이 갈색으로 바삭한; 직사각형 모양의 케이크,"윗면에 갈색 껍질이 덮인 직사각형 모양의 초록색 케이크 한 조각이 흰 접시에 담겨 나무 포크와 함께 놓여 있고, 그 옆에는 쟁반 위에 같은 케이크로 만든 더 큰 덩어리가 놓여 있다."
bakery,qwen3,1000831954,1gram,round; plate; pastry; top; floury,"Three white plates display various types of pastries, including a round one with a flaky crust and a visible filling, a rectangular one with a dusting of flour and black olives, and a golden-brown pastry with a cheesy topping.",둥근; 판; 패스트리; 맨 위; 가루가 많은,"세 개의 흰 접시 위에는 다양한 종류의 페이스트리가 진열되어 있는데, 그중에는 바삭한 껍질에 속이 훤히 보이는 둥근 페이스트리, 밀가루를 살짝 뿌리고 검은 올리브를 얹은 직사각형 페이스트리, 그리고 치즈 토핑이 올라간 황금빛 갈색 페이스트리가 있다."
bakery,qwen3,1000831954,2gram,brown pastry; reveal yellow; round golden; 3 different; arrange separate,"Three different pastries arranged on separate white plates, each with a slice cut to reveal a different filling.",갈색 페이스트리; 노란색 표시; 둥근 황금색; 3가지 다른; 별도로 준비하다,"각기 다른 세 가지 페이스트리가 흰 접시 위에 따로 담겨 있으며, 각각 한 조각이 잘려 나와 각기 다른 속이 드러나 있다."
bakery,qwen3,1000831954,3gram,golden brown pastry; round golden brown; 3 different type; arrange separate white; baked good arrange,Three different types of golden brown baked goods arranged on separate white plates.,황금빛 갈색의 페이스트리; 둥글고 황금빛 갈색; 3가지 유형; 별도의 흰색을 배치하세요; 베이커리 제품 진열,각기 다른 세 종류의 황금빛 갈색 빵류가 흰색 접시 위에 따로 담겨 있다.
bakery,qwen3,1000831954,1gram,fill; slice; bread; herb; tow,"A sliced bread roll with a filling of black olives and cheese, served on a white plate.",채우기; 슬라이스; 빵; 허브; 견인,"흰 접시에 담긴, 검은 올리브와 치즈를 속재료로 넣은 얇게 썬 빵 롤."
bakery,qwen3,1000831954,2gram,2 filling; 4 slice; artisanal loaf; bread fill; cheese yellow,"A sliced artisanal loaf with two different fillings, one containing black olives and the other with a yellow cheese and other ingredients.",2. 속 재료; 4조각; 수제 빵; 빵 속 재료; 노란색 치즈,"두 가지 다른 속재료를 넣은 수제 빵 한 덩어리를 썰어낸 것으로, 한 쪽에는 검은 올리브가 들어 있고 다른 쪽에는 노란 치즈와 다른 재료들이 들어 있습니다."
bakery,qwen3,1000831954,3gram,2 filling visible; 2 slice 2; 4 slice type; artisanal loaf golden; black olive creamy,"A sliced artisanal loaf with two fillings, one containing black olives and cream, the other with a golden, creamy filling, served on a white plate.","2개의 속이 보입니다; 2 슬라이스 2; 4 슬라이스 타입; 수제 빵, 황금빛; 크리미한 블랙 올리브","두 가지 속재료를 넣은 수제 빵 한 덩어리를 얇게 썰어, 하나는 검은 올리브와 크림을, 다른 하나는 황금빛 크림 속재료를 넣은 뒤, 흰 접시에 담아낸 요리."
bakery,qwen3,1000870987,1gram,dessert; red; tin; heart; pudding,"A red heart-shaped tin of dessert, featuring a creamy pudding with chopped pistachios, presented in a heart-shaped container with a pink lid.",디저트; 빨강; 주석; 마음; 푸딩,"잘게 썬 피스타치오가 들어간 크리미한 푸딩이 담긴, 분홍색 뚜껑이 달린 하트 모양 용기에 담긴 디저트입니다."
bakery,qwen3,1000870987,2gram,heart shape; tin open; present red; red heart; product present,"A heart-shaped dessert in a red tin, with a white creamy filling and a sprinkle of pistachios, presented in a red heart-shaped container with a pink lid, set against a red background.",하트 모양; 깡통 열기; 현재 빨간색; 빨간 하트; 제품 제공,"빨간색 깡통에 담긴 하트 모양 디저트로, 속은 하얗고 크림 같은 필링이 들어 있고 피스타치오가 살짝 뿌려져 있으며, 분홍색 뚜껑이 달린 빨간색 하트 모양 용기에 담겨 빨간색 배경 위에 놓여 있다."
bakery,qwen3,1000870987,3gram,product present red; red heart shape; arrange heart shape; base red spoon; brand hart tiramisu,"A red heart-shaped dessert in a red tin, with a white creamy filling and green pistachios on top, presented in a heart-shaped container with a red lid, and a red spoon beside it.",제품: 레드; 빨간 하트 모양; 하트 모양으로 배열하기; 기본 빨간 숟가락; 브랜드 하트 티라미수,"빨간색 깡통에 담긴 빨간색 하트 모양 디저트로, 속은 하얀 크림으로 채워져 있고 위에는 초록색 피스타치오가 올려져 있으며, 빨간색 뚜껑이 달린 하트 모양 용기에 담겨 있고 그 옆에는 빨간색 숟가락이 놓여 있다."
bakery,qwen3,1000870987,1gram,dessert; container; red; heart; tiramisu,"A red heart-shaped container of Hart Tiramisu dessert, with a heart-shaped lid and a spoon, displayed on a red background.",디저트; 컨테이너; 빨강; 마음; 티라미수,"빨간색 배경 위에, 하트 모양의 뚜껑과 숟가락이 함께 놓인 하트 모양의 빨간 용기에 담긴 ‘하트 티라미수’ 디저트가 전시되어 있다."
bakery,qwen3,1000870987,2gram,heart shape; open reveal; arrange red; balloon text; black sesame,"A heart-shaped dessert in a red tin, with a spoon and a heart-shaped balloon in the background, arranged on a red surface.",하트 모양; 열기 및 공개; 빨간색 배열하기; 풍선 텍스트; 검은깨,"빨간색 깡통에 담긴 하트 모양 디저트와, 그 뒤편에 숟가락과 하트 모양 풍선이 놓여 있으며, 이 모든 것이 빨간색 바탕 위에 배치되어 있다."
bakery,qwen3,1000870987,3gram,arrange red surface; balloon text have a harty time; black sesame seed; brand hart tiramisu tagline; chocolate flavor tiramisu,"A red heart-shaped tin of Hart Tiramisu dessert, with a chocolate flavor and black sesame seeds, displayed on a red surface with a red balloon that reads ""HAVE A HARTY TIME!""",빨간색 표면 정리하기; 풍선 문구: 즐거운 시간 보내세요; 검은 참깨; 브랜드 하트 티라미수 슬로건; 초콜릿 맛 티라미수,"초콜릿 맛에 검은깨가 들어간 ‘하트 티라미수’ 디저트가 담긴 빨간 하트 모양 깡통이, “HAVE A HARTY TIME!”이라고 적힌 빨간 풍선과 함께 빨간 배경 위에 진열되어 있다."
bakery,qwen3,1000894225,1gram,loaf; 소화가 잘하는 우유로 만든 쌀식빵; bread; rice; label,"A loaf of rice bread, sliced and displayed on a wooden board, with the packaging labeled ""소화가 잘하는 우유로 만든 쌀식빵"" (Rice bread made with milk that aids digestion) in Korean.",빵 한 덩어리; 소화가 잘하는 우유로 만든 쌀식빵; 빵; 쌀; 라벨,나무 판 위에 얇게 썰어 진열된 쌀식빵 한 덩어리. 포장지에는 한국어로 “소화가 잘하는 우유로 만든 쌀식빵”이라고 적혀 있다.
bakery,qwen3,1000894225,2gram,blue logo; brand rice; brown paper; crust loaf; gold letter,"A loaf of white rice bread with a golden crust, sliced and displayed on a wooden board, with the packaging labeled ""RICE"" in gold lettering.",파란색 로고; 브랜드 쌀; 갈색 종이; 크러스트 빵; 금색 글자,"황금빛 껍질이 감도는 흰 쌀빵 한 덩어리가 얇게 썰려 나무 판 위에 진열되어 있으며, 포장지에는 금색 글씨로 “RICE”라고 적혀 있다."
bakery,qwen3,1000894225,3gram,bag brown paper; brand rice large; bread soft porous; brown crust loaf; brown paper label,"A loaf of white bread with a soft, porous interior and a golden-brown crust, presented on a wooden board with a bag of the same bread in the background.",갈색 종이 봉투; 브랜드 쌀 (대용량); 부드럽고 기공이 많은 빵; 갈색 껍질이 있는 빵; 갈색 종이 라벨,"속은 부드럽고 기공이 많은 흰 빵 한 덩어리와 황금빛 갈색의 겉껍질이 돋보이며, 나무 판 위에 놓여 있고 배경에는 같은 빵이 든 봉지가 보인다."
bakery,qwen3,1000894225,1gram,cutting; board; loaf; neat; bread,"A sliced loaf of bread on a wooden board, with a neat cut and a golden-brown crust.",절단; 게시판; 빵 한 덩어리; 깔끔한; 빵,나무 도마 위에 놓인 얇게 썬 빵 한 덩어리. 자른 면이 깔끔하고 겉면은 황금빛 갈색을 띠고 있다.
bakery,qwen3,1000894225,2gram,cutting board; arrange neat; cloth neutral; fan slightly; neat row,"A loaf of sliced white bread arranged neatly on a wooden cutting board, with a light-colored cloth underneath.",도마; 깔끔하게 정리하다; 무지 천; 살짝 부채질하다; 깔끔한 줄,나무 도마 위에 깔끔하게 놓인 얇게 썬 흰 빵 한 덩어리. 그 아래에는 밝은 색의 천이 깔려 있다.
bakery,qwen3,1000894225,3gram,arrange neat row; bread slice portion; cloth neutral gray; colored cloth neutral; fan slightly cutting,"A loaf of white bread with a golden-brown crust, sliced into neat portions, resting on a wooden cutting board.","정돈된 줄을 만들다; 빵 한 조각 분량; 천, 중성 회색; 무늬가 있는 천, 무채색; 팬을 약간 깎아내기",노릇노릇한 겉면이 돋보이는 흰 빵 한 덩어리가 깔끔하게 썰려 나무 도마 위에 놓여 있다.
bakery,qwen3,1001194675,1gram,jar; style; butter; peanut; bowl,"Two jars of peanut butter, each with a 100% label, are displayed on a light gray surface, with two bowls of the spread nearby.",jar; 스타일; 버터; 땅콩; 그릇,"‘100%’ 라벨이 붙은 땅콩버터 두 병이 연회색 표면 위에 놓여 있고, 그 옆에는 땅콩버터가 담긴 그릇 두 개가 놓여 있다."
bakery,qwen3,1001194675,2gram,peanut butter; 100 percent 땅콩 label; color lid; color product; figure peanut,"Two jars of 100% peanut butter with a gold lid, displayed on a light gray surface, with two bowls of the product beside them.",땅콩버터; 100% 땅콩 라벨; 컬러 뚜껑; 컬러 제품; 땅콩 그림,"밝은 회색 바탕 위에 금색 뚜껑이 달린 100% 땅콩버터 병 두 개가 진열되어 있고, 그 옆에는 같은 제품이 담긴 그릇 두 개가 놓여 있다."
bakery,qwen3,1001194675,3gram,100 percent 땅콩 label include; brown color product; color lid label; color product present; figure peanut butter,"Two jars of peanut butter with a 100% label and a brown color, featuring a color lid and a figure of a peanut butter jar.",‘100% 땅콩’ 라벨에는 다음이 포함됩니다.; 갈색 제품; 컬러 뚜껑 라벨; 컬러 제품 있음; 그림: 땅콩버터,"‘100%’ 라벨이 붙어 있고 갈색을 띠는 땅콩버터 병 두 개로, 각각 색깔이 있는 뚜껑과 땅콩버터 병 모양의 그림이 그려져 있다."
bakery,qwen3,1001194675,1gram,peanut; jar; butter; bowl; product,"Two white bowls filled with creamy peanut butter, with jars of the same product in the background.",땅콩; jar; 버터; 그릇; 제품,"크리미한 땅콩버터로 가득 찬 흰색 그릇 두 개와, 그 뒤편에 같은 제품의 병들이 놓여 있다."
bakery,qwen3,1001194675,2gram,peanut butter; jar peanut; 100 percent peanut sugar free; 100 percent 땅콩 마이노멀 무가당 땅콩버터; butter text,"Two bowls of peanut butter are displayed, with jars in the background. The product is labeled ""My Normal"" and is described as ""100% peanut"" and ""100% 땅콩 마이노멀 무가당 땅콩버터"" (100% peanut, 100% peanut butter).","땅콩버터; 땅콩 통조림; 100% 땅콩, 무설탕; 100%땅콩 마이노멀 무가당 땅콩버터; 버터 텍스트","땅콩버터 두 그릇이 진열되어 있고, 배경에는 병들이 놓여 있다. 이 제품의 라벨에는 “My Normal”이라고 적혀 있으며, “100% 땅콩”과 “100% 땅콩 마이노멀 무가당 땅콩버터”라고 설명되어 있다."
bakery,qwen3,1001194675,3gram,jar peanut butter; 100 percent peanut sugar free weight; 100 percent 땅콩 마이노멀 무가당 땅콩버터 peanut; brown color bowl; butter text jar,"Two white bowls filled with creamy peanut butter, with jars of the same product in the background.","땅콩버터 병; 100% 땅콩, 무설탕, 저칼로리; 100% 땅콩 마이노멀 무가당 땅콩버터; 갈색 그릇; 버터 텍스트 항아리","크리미한 땅콩버터로 가득 찬 흰색 그릇 두 개와, 그 뒤편에 같은 제품의 병들이 놓여 있다."
bakery,qwen3,1001385477,1gram,jar; fruit; spread; bowl; label,"A collection of St. Dalfour fruit spreads in various flavors, including Blueberry, Apple & Cinnamon, Raspberry, Mango & Passion Fruit, and Fig Royale, displayed on a light surface with a small bowl of spread and a wooden spoon.",jar; 과일; 확산; 그릇; 라벨,"블루베리, 사과 & 시나몬, 라즈베리, 망고 & 패션프루트, 피그 로얄 등 다양한 맛의 세인트 달푸르 과일 스프레드 제품들이 밝은 색상의 받침대 위에 진열되어 있으며, 그 옆에는 스프레드가 담긴 작은 그릇과 나무 숟가락이 놓여 있습니다."
bakery,qwen3,1001385477,2gram,bowl spread; 5 jar; board 2; bowl texture; cinnamon raspberry,"A collection of five jars of St. Dalfour fruit spreads, including blueberry, apple & cinnamon, raspberry, mango & passion fruit, and fig royale, displayed on a wooden board with a small bowl of spread and a wooden spoon.",볼 스프레드; 5병; 2번 판; 그릇의 질감; 시나몬 라즈베리,"블루베리, 사과 & 시나몬, 라즈베리, 망고 & 패션프루트, 피그 로얄 등 5가지 맛의 세인트 달푸르 과일 스프레드가 담긴 병들이 나무 판 위에 진열되어 있으며, 그 옆에는 스프레드가 담긴 작은 그릇과 나무 숟가락이 놓여 있습니다."
bakery,qwen3,1001385477,3gram,2 small white; 5 jar st; apple cinnamon raspberry; board 2 small; bowl spread visible,"A collection of five jars of St. Dalfour fruit spreads, including blueberry, apple & cinnamon, raspberry, mango & passion fruit, and fig royale, displayed on a light-colored wooden board with two small white bowls containing the spreads and a wooden spoon.","작은 흰색 2개; 5 자르 스트리트; 사과, 계피, 라즈베리; 보드 2개 (소형); 볼 스프레드가 눈에 띈다","블루베리, 사과 & 시나몬, 라즈베리, 망고 & 패션프루트, 피그 로얄 등 5가지 맛의 세인트 달푸르 과일 스프레드가 담긴 병들이, 스프레드가 담긴 작은 흰색 그릇 두 개와 나무 숟가락과 함께 밝은 색상의 나무 판 위에 진열되어 있습니다."
bakery,qwen3,1001385477,1gram,jar; fruit; spread; dark; 10oz,"A collection of St Dalfour fruit spreads in various flavors, including Blueberry, Apple & Cinnamon, Fig Royale, Mango & Passion Fruit, and Raspberry, displayed on a light surface with a wooden spoon and bowls of spread.",jar; 과일; 확산; 어두운; 10온스,"블루베리, 사과 & 시나몬, 피그 로얄, 망고 & 패션프루트, 라즈베리 등 다양한 맛의 세인트 달푸르 과일 스프레드 제품들이 밝은 색상의 받침대 위에 나무 숟가락과 스프레드가 담긴 그릇들과 함께 진열되어 있습니다."
bakery,qwen3,1001385477,2gram,fruit spread; 10oz 284g; 284g fruit; blue label; cinnamon fig,"A selection of St Dalfour fruit spreads in various flavors, including Blueberry, Apple & Cinnamon, Fig Royale, Mango & Passion Fruit, and Raspberry, displayed on a light surface with a wooden spoon and bowls of spread.",과일 잼; 10온스 284g; 과일 284g; 블루 라벨; 계피 무화과,"블루베리, 사과 & 시나몬, 피그 로얄, 망고 & 패션프루트, 라즈베리 등 다양한 맛의 세인트 달푸르 과일 스프레드 제품들이 밝은 색상의 배경 위에 나무 숟가락과 스프레드가 담긴 그릇과 함께 진열되어 있습니다."
bakery,qwen3,1001385477,3gram,10oz 284g fruit; 284g fruit spread; apple cinnamon fig; black lid brand; blue label white,"A selection of St Dalfour fruit spreads in various flavors, including Blueberry, Apple & Cinnamon, Fig Royale, Mango & Passion Fruit, and Raspberry, displayed on a light surface with a wooden spoon and bowls of spread.","10온스(284g) 과일; 284g 과일 잼; 사과, 계피, 무화과; 블랙 리드 브랜드; 블루 라벨 화이트","블루베리, 사과 & 시나몬, 피그 로얄, 망고 & 패션프루트, 라즈베리 등 다양한 맛의 세인트 달푸르 과일 스프레드 제품들이 밝은 색상의 배경 위에 나무 숟가락과 스프레드가 담긴 그릇과 함께 진열되어 있습니다."
bakery,qwen3,1001493094,1gram,jar; label; product; butter; peanut,"A jar of NUTS GREEN peanut butter, with a smooth, creamy texture, displayed in two jars and two bowls, one of which is open.",jar; 라벨; 제품; 버터; 땅콩,"부드럽고 크리미한 식감의 ‘NUTS GREEN’ 땅콩버터 한 병이 두 개의 병과 두 개의 그릇에 담겨 진열되어 있으며, 그중 하나는 뚜껑이 열려 있다."
bakery,qwen3,1001493094,2gram,white label; peanut butter; 100 percent peanut butter crunchy include; black text; include korean,"A jar of NUTS GREEN 100% peanut butter crunchy include, with two open jars and bowls of the smooth and crunchy peanut butter, on a gray background.",화이트 라벨; 땅콩버터; 100% 땅콩버터 크런치 구성품:; 검은색 텍스트; 한국어 포함,"회색 배경 위에 ‘NUTS GREEN 100% 크런치 땅콩버터’ 한 병과, 뚜껑이 열린 두 병, 그리고 부드러운 땅콩버터와 크런치 땅콩버터가 담긴 그릇들이 놓여 있다."
bakery,qwen3,1001493094,3gram,100 percent peanut butter crunchy include korean; black text label; glass jar white; include korean text; indicate product 100 percent peanut butter crunchy,"A glass jar of NUTS GREEN 100% peanut butter crunchy, with a white label featuring Korean text, is shown alongside two bowls of the smooth peanut butter.",100% 땅콩버터 크런치 (한국산 포함); 검은색 텍스트 레이블; 흰색 유리병; 한국어 텍스트 포함; 제품명: 100% 땅콩버터 크런치,"한국어로 된 흰색 라벨이 붙은 ‘NUTS GREEN 100% 크런치 땅콩버터’ 유리병이, 부드러운 땅콩버터가 담긴 두 개의 그릇과 나란히 놓여 있다."
bakery,qwen3,1001493094,1gram,jar; 100 percent peanut butter crunchy; bowl; nuts green; product,Two jars of Nuts Green 100% peanut butter crunchy are displayed with two bowls of the product on a light gray surface.,jar; 100% 땅콩버터 크런치; 그릇; 녹색 견과류; 제품,밝은 회색 바탕 위에 ‘Nuts Green 100% 땅콩버터 크런치’ 병 두 개와 이 제품이 담긴 그릇 두 개가 진열되어 있다.
bakery,qwen3,1001493094,2gram,100 percent peanut butter crunchy 100percent; 100 percent peanut butter crunchy english; 100percent product; bowl center; bowl packaging,"Two jars of NUTS GREEN 100% peanut butter crunchy, with a bowl of the product in the center.",100퍼센트 땅콩버터 크런치 100퍼센트; 100% 땅콩버터 크런치 (영문); 100퍼센트 제품; 볼 센터; 볼 포장,"NUTS GREEN 100% 크런치 땅콩버터 두 병과, 그 중앙에 이 제품이 담긴 그릇 하나."
bakery,qwen3,1001493094,3gram,100 percent peanut butter crunchy 100percent product; 100 percent peanut butter crunchy english korean; 100percent product present; bowl packaging clear; brown color visible,"Two jars of NUTS GREEN peanut butter, one with a smooth texture and one with a chunky texture, are displayed with two white bowls filled with the product on a light gray surface.",100퍼센트 땅콩버터 크런치 100퍼센트 제품; 100% 땅콩버터 크런치 영어 한국어; 제품 100% 포함; 투명한 그릇 포장; 갈색이 보인다,"밝은 회색 바탕 위에, 질감이 부드러운 것과 덩어리가 씹히는 질감의 ‘NUTS GREEN’ 땅콩버터 두 병이, 각각 그 제품이 담긴 흰색 그릇 두 개와 함께 진열되어 있다."
bakery,qwen3,1001501168,1gram,box; orange; label; cooky; milk chocolate,"A collection of Artisée Langue de Chat cookies in three different flavors, presented in boxes with distinct colors and labels, including milk cream, salt caramel chocolate, and milk chocolate.",상자; 오렌지; 라벨; cooky; 밀크 초콜릿,"밀크 크림, 솔트 카라멜 초콜릿, 밀크 초콜릿 등 세 가지 맛의 아르티제 랑그 드 샤 쿠키가 각기 다른 색상과 라벨이 적용된 상자에 담겨 제공됩니다."
bakery,qwen3,1001501168,2gram,box label; brown box; 3 box; box arrange; box artisée,"A collection of three Artisée Langue de Chat cookie boxes, featuring different flavors in a clean, minimalist arrangement.",상자 라벨; 갈색 상자; 3박스; 상자 정렬; 아티제 박스,"세 가지 맛의 ‘아르티제 랑그 드 샤’ 쿠키 상자 세트로, 깔끔하고 미니멀한 디자인으로 구성되어 있습니다."
bakery,qwen3,1001501168,3gram,3 box artisée; box arrange light; box artisée langue; box label milk chocolate; box label milk cream,"A collection of three Artisée Langue de Chat cookie boxes, featuring milk cream, salt caramel chocolate, and milk chocolate flavors, arranged on a light surface with the cookies displayed on small plates.",3 박스 아르티세; 박스 배치 조명; 박스 아티제 랑그; 상자 라벨 밀크 초콜릿; 상자 라벨 우유 크림,"밀크 크림, 솔트 카라멜 초콜릿, 밀크 초콜릿 맛으로 구성된 아티제(Artisée) 랑그 드 샤(Langue de Chat) 쿠키 상자 3개를, 밝은 색상의 받침대 위에 작은 접시에 담아 진열한 세트입니다."
bakery,qwen3,1001501168,1gram,cooky; artisée; chocolate; milk; colored,"A collection of Artisée Langue de Chat cookies, featuring a salt-caramel chocolate, milk chocolate, and milk cream varieties, displayed on a white plate with some cookies broken open to reveal the cream filling.",cooky; 아르티제; 초콜릿; 우유; 색깔이 있는,"솔트 카라멜 초콜릿, 밀크 초콜릿, 밀크 크림 맛으로 구성된 아르티제 랑그 드 샤 쿠키 세트가 흰색 접시 위에 진열되어 있으며, 일부 쿠키는 반으로 갈라져 크림 속이 드러나 있습니다."
bakery,qwen3,1001501168,2gram,chocolate milk; light colored; artisée langue de chat; base chocolate; biscuit base,"A collection of Artisée Langue de Chat cookies, featuring a light-colored biscuit base with a chocolate or milk chocolate coating, displayed on a white plate and in individual wrappers.",초콜릿 우유; 밝은 색의; 아르티제 랑그 드 샤; 기본 초콜릿; 비스킷 베이스,"밝은 색상의 비스킷 바탕에 초콜릿 또는 밀크 초콜릿을 입힌 아르티제 랑그 드 샤 쿠키 모음으로, 흰색 접시에 담겨 개별 포장되어 있습니다."
bakery,qwen3,1001501168,3gram,artisée langue de chat clean; base chocolate coating; biscuit base chocolate; caramel chocolate milk; chat cooky arrange,"A collection of Artisée Langue de Chat cookies, featuring biscuit bases with chocolate and milk cream coatings, arranged on a white plate.","아르티제 랑그 드 샤 클린; 기본 초콜릿 코팅; 비스킷 베이스 초콜릿; 캐러멜 초콜릿 우유; 채팅, 쿠키, 정렬",초콜릿과 밀크 크림으로 코팅된 비스킷을 베이스로 한 아르티제 랑그 드 샤 쿠키 모음이 흰색 접시에 담겨 있습니다.
bakery,qwen3,1001556191,1gram,bread; shape; loaf; texture; elongate,"A sliced, elongated loaf of bread with a rustic, cracked crust and a porous, airy interior, presented on a white plate.",빵; 모양; 빵 한 덩어리; 질감; 늘리다,"흰 접시 위에 올려진, 길쭉하게 썰린 빵 한 덩어리로, 겉면은 소박하고 갈라진 껍질을 띠고 있으며 속은 기포가 가득해 폭신폭신하다."
bakery,qwen3,1001556191,2gram,bread plain; crack slightly; crumb large; crust crack; large open,"A loaf of artisanal bread with a thick, rustic crust and a large, open crumb, sliced to reveal its airy interior, presented on a white plate.",플레인 빵; 살짝 금이 가다; 크럼브 (대); 껍질 균열; 넓게 열려 있는,두툼하고 소박한 겉껍질과 큼직하고 텅 빈 속살을 가진 수제 빵 한 덩어리가 얇게 썰려 속이 푹신한 모습이 드러나도록 흰 접시에 담겨 있다.
bakery,qwen3,1001556191,3gram,airy crumb large; bread plain light; brown crust crack; crack slightly rough; crumb large open,"A loaf of artisanal bread with a brown crust and a large, airy crumb, sliced to reveal its open texture, presented on a white plate.","통기성 좋은 빵 부스러기 (대); 플레인 라이트 빵; 갈색 껍질의 균열; 균열이 약간 거칠다; 부스러기, 크게 펼치기","갈색 껍질과 크고 폭신폭신한 속살을 가진 수제 빵 한 덩어리가, 얇게 썰려 속의 푹신한 질감이 드러나도록 흰 접시에 담겨 있다."
bakery,qwen3,1001556191,1gram,loaf; bread; shape; finish; irregular,"A sliced loaf of bread with a rustic, irregular shape and a textured, flour-dusted finish, presented on a white plate.",빵 한 덩어리; 빵; 모양; 완료; 불규칙한,"흰 접시 위에 올려진, 투박하고 불규칙한 모양에 밀가루가 살짝 뿌려져 질감이 살아 있는 얇게 썬 빵 한 덩어리."
bakery,qwen3,1001556191,2gram,crust slightly; arrange plate; crack dusting; finish bread; flour single,"A loaf of bread with a crust slightly dusted with flour, sliced to reveal a porous interior, arranged on a white plate.",겉면이 살짝; 접시 차리기; 균열 분진 처리; 완성된 빵; 밀가루 1봉지,"겉면에 밀가루가 살짝 묻은 빵 한 덩어리가, 얇게 썰려 다공성인 속이 드러난 채 흰 접시 위에 놓여 있다."
bakery,qwen3,1001556191,3gram,airy interior network; arrange plate slice; bread arrange plate; brown crust slightly; crack dusting flour,"A sliced loaf of bread with a brown crust and a porous, airy interior, presented on a white plate.","통풍이 잘 되는 실내 네트워크; 접시 배열, 조각; 빵을 접시에 담기; 갈색 껍질이 살짝; 균열에 밀가루를 뿌리기",갈색 껍질이 있고 속은 기포가 많아 폭신폭신한 빵 한 덩어리를 얇게 썰어 흰 접시에 담아낸 모습.
bakery,qwen3,1001737663,1gram,cake; white; marbled; jelly; vibrant,"A round, white cake with a vibrant orange jelly topping, served on a marble board with a slice on a plate and a marbled pink box in the background.",케이크; 흰색; 마블 무늬가 있는; 젤리; 생동감 넘치는,"생기 넘치는 주황색 젤리가 얹어진 둥근 흰색 케이크가 대리석 판 위에 놓여 있으며, 접시에는 케이크 한 조각이 담겨 있고, 배경에는 대리석 무늬가 들어간 분홍색 상자가 보인다."
bakery,qwen3,1001737663,2gram,cake white; base golden; brand josun deli; cream base; crust vibrant,"A round, white cake with a golden crust and a vibrant orange topping, served with a slice on a plate, presented in a pink and white box with the brand name Josun Deli.",케이크 화이트; 베이스는 황금색; 브랜드: 조선 델리; 크림 베이스; 생기 넘치는 껍질,"황금빛 겉면과 선명한 주황색 토핑이 올라간 둥근 흰색 케이크 한 조각이 접시에 담겨 있으며, ‘Josun Deli’라는 브랜드명이 적힌 분홍색과 흰색 상자에 담겨 제공됩니다."
bakery,qwen3,1001737663,3gram,base golden brown; board slice cake; box brand josun deli; brand josun deli print; brown crust vibrant,"A round, white-frosted cake with a golden brown base and a vibrant orange glaze on top, served on a white marble board with a slice on a small plate, next to a pink and white box with the brand name ""JOSUN DELI"" printed on it.","바닥이 노릇노릇해질 때까지; 보드 모양 케이크; 박스 브랜드 조선 델리; 브랜드 조선 델리 프린트; 갈색 껍질, 생동감 넘치는","바닥은 황금빛 갈색을 띠고 위에는 선명한 주황색 글레이즈가 얹힌 둥근 흰색 프로스팅 케이크가 흰색 대리석 판 위에 놓여 있으며, 작은 접시에는 케이크 한 조각이 담겨 있고, 그 옆에는 “JOSUN DELI”라는 브랜드명이 인쇄된 분홍색과 흰색 상자가 놓여 있다."
bakery,qwen3,1001737663,1gram,cake; jelly; layer; layered; orange,"A round, layered cake with a white cream base, a golden sponge layer, and a vibrant orange jelly topping, served with a slice on a white plate.",케이크; 젤리; 레이어; 계층적; 오렌지,"흰색 크림 베이스에 황금빛 스펀지 층이 겹쳐져 있고, 그 위에 선명한 주황색 젤리가 얹혀 있는 둥근 레이어드 케이크 한 조각이 흰 접시에 담겨 제공됩니다."
bakery,qwen3,1001737663,2gram,orange jelly; white cream; base white; board single; cake base,"A slice and the full cake of a white cream cake with an orange jelly topping, served on a white plate.",오렌지 젤리; 흰색 크림; 기본 흰색; 보드 싱글; 케이크 바닥,오렌지 젤리가 얹어진 화이트 크림 케이크 한 조각과 통째로 한 개가 흰 접시에 담겨 있습니다.
bakery,qwen3,1001737663,3gram,base white cream; board single slice; cake base white; cake top small; cream filling vibrant,"A round cake with a white cream filling and a vibrant orange jelly topping, served with a single slice on a white plate.",베이직 화이트 크림; 보드 단일 슬라이스; 흰색 케이크 베이스; 작은 케이크 장식; 생동감 넘치는 크림 필링,"흰 크림이 들어 있고 선명한 주황색 젤리가 얹어진 둥근 케이크로, 흰 접시에 한 조각이 담겨 나옵니다."
bakery,qwen3,1001737665,1gram,cake; chocolate; marble; white; shaving,"A chocolate cake with a white marble base, topped with chocolate shavings and fresh berries, presented in a white box.",케이크; 초콜릿; 대리석; 흰색; 면도,"흰색 마블 무늬 바탕의 초콜릿 케이크로, 위에 초콜릿 조각과 신선한 베리를 얹어 흰색 상자에 담아낸 제품입니다."
bakery,qwen3,1001737665,2gram,cake white; white marble; plate cake; box cake; cake round,"A round chocolate cake with a white chocolate glaze, topped with fresh berries and chocolate shavings, served on a white marble plate. A slice is displayed on a separate plate, revealing layers of chocolate and cream. The cake is presented in a white box with a marble design.",케이크 화이트; 흰 대리석; 플레이트 케이크; 박스 케이크; 원형 케이크,"화이트 초콜릿 글레이즈를 입힌 둥근 초콜릿 케이크로, 신선한 베리와 초콜릿 가루를 얹어 흰색 대리석 무늬 접시에 담겨 있습니다. 별도의 접시에 한 조각이 담겨 있어 초콜릿과 크림이 층을 이루고 있는 모습이 드러납니다. 케이크는 대리석 무늬가 들어간 흰색 상자에 담겨 제공됩니다."
bakery,qwen3,1001737665,3gram,cake white marble; box cake round; cake round chocolate; cake small label; cake white plate,"A round chocolate cake with a white marble box, featuring a slice on a white plate, topped with chocolate shavings and fresh berries.",케이크 화이트 마블; 원형 박스 케이크; 원형 초콜릿 케이크; 케이크 소형 라벨; 케이크용 흰색 접시,"흰색 마블 무늬 상자에 담긴 둥근 초콜릿 케이크로, 흰색 접시 위에 한 조각이 담겨 있으며, 그 위에는 초콜릿 가루와 신선한 베리가 얹혀 있습니다."
bakery,qwen3,1001737665,1gram,cake; chocolate; layered; multi; plaque,"A large, round chocolate cake with a chocolate shavings topping and a slice served on a white plate, with a plaque reading ""JOSUN DELI"" on the cake.",케이크; 초콜릿; 계층적; multi; 플라크,"초콜릿 부스러기가 얹어진 크고 둥근 초콜릿 케이크 한 조각이 흰 접시에 담겨 있으며, 케이크 위에는 “JOSUN DELI”라고 적힌 명판이 놓여 있다."
bakery,qwen3,1001737665,2gram,berry include; blueberry small; cake cover; cake single; chocolate plaque,"A large chocolate cake with a chocolate shavings topping and a slice served on a white plate, with a small chocolate plaque on the cake.",베리 포함; 블루베리 (소); 케이크 덮개; 케이크 싱글; 초콜릿 플라크,"초콜릿 부스러기가 얹어진 커다란 초콜릿 케이크 한 조각이 하얀 접시에 담겨 있고, 케이크 위에는 작은 초콜릿 명판이 놓여 있다."
bakery,qwen3,1001737665,3gram,berry include red; blueberry small rectangular; cake cover chocolate; cake serve separate; cake single slice,"A large chocolate cake with a chocolate shavings topping and a slice served separately, featuring a red and blueberry topping and a white cream filling.","베리에는 빨간색이 포함됩니다; 블루베리, 작은 직사각형; 케이크 커버 초콜릿; 케이크는 따로 제공; 케이크 한 조각","초콜릿 부스러기가 얹어진 커다란 초콜릿 케이크로, 한 조각은 따로 제공되며, 상단에는 빨간색과 블루베리 토핑이 얹혀 있고 속에는 흰색 크림이 들어 있습니다."
bakery,qwen3,1002104461,1gram,butter shelter; cooky; enjoy your coffee and bread; group; brand,"A box and individual packages of Butter & Shelter cookies, with a plate of the cookies and a box that says ""Enjoy your coffee and bread.""",버터 쉼터; cooky; 커피와 빵을 맛있게 드세요; 그룹; 브랜드,"‘버터 앤 쉘터’ 쿠키가 들어 있는 상자와 개별 포장된 쿠키들, 그리고 쿠키가 담긴 접시와 “커피와 빵을 즐기세요”라고 적힌 상자."
bakery,qwen3,1002104461,2gram,brand butter shelter; brand text; butter shelter cooky; butter shelter print; enjoy your coffee and bread cooky,"A box and individual packages of Butter & Shelter cookies, with the text ""Enjoy your coffee and bread."" on the packaging, displayed on a green surface.","브랜드 버터 쉘터; 브랜드 텍스트; 버터 쉘터 쿠키; 버터 쉘터 프린트; 커피와 빵, 쿠키를 맛있게 드세요",포장에 “커피와 빵을 즐기세요.”라는 문구가 적힌 ‘버터 앤 쉘터(Butter & Shelter)’ 쿠키의 상자와 개별 포장 제품들이 녹색 바탕 위에 진열되어 있다.
bakery,qwen3,1002104461,3gram,box brand text; brand butter shelter print; brand text enjoy your coffee and bread; brown color textured; butter shelter cooky cooky,"A box of Butter & Shelter cookies, with the text ""Enjoy your coffee and bread,"" is displayed on a green surface, alongside a plate of the cookies and their individual packaging.","박스 브랜드 텍스트; 브랜드 버터 쉘터 프린트; 브랜드 문구: 커피와 빵을 즐기세요; 갈색, 질감이 있는; 버터 쉼터 쿠키 쿠키","“커피와 빵을 즐기세요”라는 문구가 적힌 ‘버터 앤 쉘터(Butter & Shelter)’ 쿠키 한 상자가 녹색 바탕 위에 놓여 있으며, 그 옆에는 쿠키가 담긴 접시와 개별 포장된 쿠키들이 함께 진열되어 있다."
bakery,qwen3,1002104461,1gram,cooky; plate; dark; filled; separately,"A white plate with a dark green rim holds several golden-brown, rectangular cookies with a creamy filling and a caramel drizzle.",cooky; 판; 어두운; 채워진; 별도로,"짙은 녹색 테두리가 있는 흰색 접시 위에는 크림이 샌드된 황금빛 갈색의 직사각형 쿠키 몇 개가 놓여 있고, 그 위에는 캐러멜 시럽이 뿌려져 있다."
bakery,qwen3,1002104461,2gram,dark green; cooky arrange; caramel color; color spread; cooky cut,"A plate of golden-brown, rectangular cookies with a caramel-colored spread and a white cream filling, arranged on a white plate with a dark green rim.",짙은 녹색; 쿠키 배열; 캐러멜 색소; 컬러 스프레드; 쿠키 컷,"짙은 녹색 테두리가 있는 흰색 접시 위에, 카라멜색 스프레드와 흰색 크림 필링이 들어간 황금빛 갈색의 직사각형 쿠키 한 접시가 놓여 있다."
bakery,qwen3,1002104461,3gram,arrange way filled; caramel color spread; color slightly texture; color spread cooky; cooky arrange way,"A plate of rectangular cookies with a caramel-colored spread and a white filling, arranged on a white plate with a green rim.","정렬 방식: 채움; 캐러멜 색상의 스프레드; 색상, 약간의 질감; 컬러 스프레드 쿠키; 쿠키 배열 방법","카라멜색 스프레드와 흰색 필링이 들어간 직사각형 쿠키 한 접시가, 가장자리가 초록색인 흰색 접시 위에 담겨 있다."
bakery,qwen3,1002202568,1gram,product; packet; box; peanut; 280g,"A white box and three individual packets of NUTS GREEN peanut smoothie, each containing 280g of 100% peanut powder.",제품; 패킷; 상자; 땅콩; 280g,흰색 상자 1개와 NUTS GREEN 땅콩 스무디 개별 포장 3개(각각 280g의 100% 땅콩 가루가 들어 있음).
bakery,qwen3,1002202568,2gram,100percent vegan; 20g packaging; 280g and1680 kcal; 3 individual; and1680 kcal product,"Three individual packets of Nuts Green smooth peanut butter, each 20g, in a 280g box, with 100% vegan and 1680 kcal per serving.","100% 비건; 20g 포장; 280g, 1680 kcal; 3명; 1680 kcal 제품","280g 상자에 들어 있는 ‘Nuts Green’ 스무스 땅콩버터 개별 포장 3개(각 20g), 100% 비건 제품이며 1회 제공량당 1680kcal입니다."
bakery,qwen3,1002202568,3gram,100percent vegan 280g; 20g packaging arrange; 280g and1680 kcal product; 3 individual packet; and1680 kcal product 20g,"Three individual packets of Nuts Green smooth peanut butter, each 20g, arranged above a larger box of the same product, with the box indicating 280g and 1680 kcal.","100% 비건 280g; 20g 포장 구성; 280g, 1680 kcal 제품; 개별 포장 3개; 20g당 1680 kcal인 제품","각 20g짜리 ‘Nuts Green’ 스무디 땅콩버터 개별 포장 3개가, 같은 제품의 더 큰 상자 위에 놓여 있으며, 상자에는 280g과 1680 kcal라고 표시되어 있다."
bakery,qwen3,1002202568,1gram,packet; peanut; product; butter; top,"A packet of Nuts Green Smooth Peanut Butter, 100% peanut, 20g (120 kcal), displayed next to a white plate with the smooth, creamy peanut butter.",패킷; 땅콩; 제품; 버터; 맨 위,"100% 땅콩으로 만든 ‘Nuts Green Smooth’ 땅콩버터 1봉지(20g, 120kcal)가, 부드럽고 크리미한 땅콩버터가 담긴 흰 접시 옆에 진열되어 있다."
bakery,qwen3,1002202568,2gram,peanut butter; 100 percent korean peanuts packet; 120kcal weight; 20g 120kcal; bottom illustration,"A packet of Nuts Green peanut butter, 100% Korean peanuts, 20g (120 kcal), with a smooth, creamy texture shown in a white bowl.",땅콩버터; 100% 한국산 땅콩 봉지; 120kcal 무게; 20g 120kcal; 하단 삽화,"흰색 그릇에 담긴, 100% 한국산 땅콩으로 만든 ‘넛츠 그린’ 땅콩버터 1봉지(20g, 120kcal)로, 부드럽고 크리미한 질감을 띠고 있다."
bakery,qwen3,1002202568,3gram,100 percent korean peanuts packet 20g; 120kcal weight packet; 20g 120kcal weight; bottom illustration peanut; brand nuts green visible,"A white packet of Nuts Green smooth peanut butter, 20g (120 kcal), with a bottom illustration of peanuts, is shown next to a white plate with a swirl of the creamy, light brown spread.","100% 한국산 땅콩 20g 봉지; 120kcal 분량 포장; 20g, 120kcal; 하단 삽화: 땅콩; 브랜드 견과류, 녹색, 눈에 띄는","바닥에 땅콩 그림이 그려진 흰색 ‘Nuts Green’ 스무스 땅콩버터 포장지(20g, 120kcal)가, 크림처럼 부드럽고 연한 갈색의 스프레드가 소용돌이 모양으로 펴진 흰색 접시 옆에 놓여 있다."
bakery,qwen3,5003416,1gram,tart; compartment; black; box; 16,"A black box containing a dozen compartments, each holding a different type of tart, is displayed on a dark surface with a striped cloth nearby.",타르트; 구획; 검정; 상자; 16,"각기 다른 종류의 타르트가 들어 있는 12개의 칸으로 나뉜 검은색 상자가, 줄무늬 천이 곁에 놓인 어두운 바탕 위에 전시되어 있다."
bakery,qwen3,5003416,2gram,16 compartment; arrange neatly; black plate; black square; blueberry nut,"A black square box with 16 compartments, each containing a different pastry, is arranged neatly on a dark surface, with a blue and white striped cloth nearby. A black plate holds a few pastries, one of which is partially eaten, and a black box with a pastry image on it is visible.",16칸; 깔끔하게 정리하다; 검은색 판; 검은 사각형; 블루베리 너트,"각 칸마다 다른 과자가 들어 있는 16칸짜리 검은색 사각 상자가 어두운 표면 위에 가지런히 놓여 있고, 그 옆에는 파란색과 흰색 줄무늬 천이 펼쳐져 있다. 검은색 접시 위에는 과자 몇 개가 놓여 있는데, 그중 하나는 반쯤 먹은 상태이며, 과자 그림이 그려진 검은색 상자도 보인다."
bakery,qwen3,5003416,3gram,16 compartment compartment; arrange neatly black; assorted mini tart; black plate fork; black square shape,"A black square-shaped box containing 16 compartments, each holding a different mini tart, arranged neatly. A black plate with a fork and a few tarts is placed in front, with a striped cloth and a black box with a tart image on it nearby.",16개의 칸; 검은색을 깔끔하게 정리하세요; 모듬 미니 타르트; 검은색 플레이트 포크; 검은색 정사각형,"16개의 칸으로 나뉘어 있고, 각 칸마다 서로 다른 미니 타르트가 가지런히 담겨 있는 검은색 사각형 상자. 그 앞에는 포크와 타르트 몇 개가 놓인 검은색 접시가 놓여 있으며, 근처에는 줄무늬 식탁보와 타르트 그림이 그려진 검은색 상자가 놓여 있다."
bakery,qwen3,5003416,1gram,pastry; box; black; 4x4; divide,"A 4x4 box of assorted pastries, each in a paper liner, with a black box and a blue and white striped cloth.",패스트리; 상자; 검정; 4x4; 나누다,"각각 종이 라이너에 담겨 있는 다양한 종류의 페이스트리가 4x4로 배열된 상자로, 검은색 상자와 파란색과 흰색 줄무늬 천이 함께 들어 있습니다."
bakery,qwen3,5003416,2gram,4x4 grid; accompany black; arrange 4x4; black divide; cloth visible,"A 4x4 grid of assorted pastries in a black box, with a black cloth visible in the background.",4x4 격자; 블랙과 함께; 4x4 배열; 인종 간 격차; 천이 보인다,"검은색 상자 안에 4x4 격자로 진열된 다양한 페이스트리들, 배경에는 검은색 천이 보인다."
bakery,qwen3,5003416,3gram,4x4 grid paper; accompany black box; arrange 4x4 grid; assorted mini pastry; black box text,"A 4x4 grid of assorted mini pastries in a black box, with a black box text ""LE CHAUX DE MA VIE"" visible on the lid, arranged on a dark surface with a blue and white striped cloth.",4x4 격자 종이; 블랙박스 동봉; 4x4 격자 배열하기; 다양한 미니 페이스트리; 블랙박스 텍스트,"검은색 상자 안에 4x4 격자로 배열된 다양한 미니 페이스트리들이 들어 있으며, 뚜껑에는 “LE CHAUX DE MA VIE”라는 검은색 글자가 적혀 있고, 파란색과 흰색 줄무늬 천이 깔린 어두운 바탕 위에 놓여 있다."
bakery,qwen3,5007270,1gram,bread; slice; small; multicolore; nearby,"A multicolored, square-shaped bread loaf with a cross-section revealing different colored layers, displayed with a slice on a plate, a small jar of jam, and a white pitcher, all arranged on a light-colored surface.",빵; 슬라이스; 작은; 다색; 근처,"단면이 다양한 색상의 층으로 이루어진 알록달록한 사각형 모양의 빵 한 덩어리가, 한 조각이 접시에 담겨 있고 작은 잼 병과 흰색 주전자와 함께 밝은 색상의 표면 위에 진열되어 있다."
bakery,qwen3,5007270,2gram,small white; appeal breakfast; bread colorful; bread specialty; breakfast snack,"A colorful, specialty bread loaf with a cross-section revealing multiple layers, served with a slice on a plate and a small jar of jam.",작은 흰색; 호소 아침 식사; 알록달록한 빵; 빵 전문점; 아침 간식,"단면이 여러 겹으로 드러나는 알록달록한 특제 빵 한 덩어리로, 접시에 한 조각을 담고 작은 잼 병을 곁들여 제공됩니다."
bakery,qwen3,5007270,3gram,appeal breakfast snack; bread arrange light; bread colorful interior; bread cut slice; bread present clean,"A loaf of colorful, sliced bread with a visible multi-colored interior, presented on a wooden board with a knife and a small jar of jam on a plate.","매력적인 아침 간식; 빵을 가볍게 배열하다; 빵, 다채로운 인테리어; 빵 한 조각; 빵 선물 깨끗한","내부가 여러 가지 색으로 드러나는 알록달록한 슬라이스 빵 한 덩어리가, 나무 판 위에 놓여 있고, 접시 위에는 칼과 작은 잼 병이 함께 놓여 있다."
bakery,qwen3,5007270,1gram,swirl; beverage; glass; focus; slice,"A close-up of a slice of toast with a pink and green swirl, served on a clear glass plate with a gold fork and knife, alongside a small glass of beverage and a silver tray with more toast and a glass of red wine.",소용돌이; 음료; 유리; 초점; 슬라이스,"분홍색과 초록색이 소용돌이치는 무늬가 있는 토스트 한 조각의 클로즈업 사진으로, 투명한 유리 접시 위에 금색 포크와 나이프와 함께 담겨 있으며, 그 옆에는 작은 유리잔에 담긴 음료와, 토스트 몇 조각과 레드 와인 한 잔이 담긴 은색 쟁반이 놓여 있다."
bakery,qwen3,5007270,2gram,white swirl; green white; beverage main; beverage possibly; bowl white,"A slice of toast with pink ham and white cheese, served on a clear glass plate with a gold fork and knife, accompanied by a small glass of milk on a wooden coaster and a glass of red wine.","하얀 소용돌이; 초록색, 흰색; 음료 메인; 음료일 수도 있다; 흰색 그릇","분홍색 햄과 흰 치즈를 얹은 토스트 한 조각이 투명한 유리 접시에 담겨 있고, 금색 포크와 나이프가 곁들여져 있으며, 나무 코스터 위에 놓인 작은 우유 잔과 레드 와인 한 잔이 함께 제공된다."
bakery,qwen3,5007270,3gram,green white swirl; 2 slice colorful; beverage main focus; beverage possibly coffee; board slice green,"A close-up of a colorful, two-slice bread with a green and white swirl, served on a wooden board, accompanied by a glass of coffee and a small bowl of milk on a silver tray.","초록색과 흰색이 어우러진 소용돌이 무늬; 2조각, 알록달록한; 음료에 중점을 둠; 음료, 아마도 커피; 보드 슬라이스 그린","녹색과 흰색이 소용돌이치듯 어우러진 알록달록한 빵 두 조각을 나무 접시에 담아 클로즈업한 사진으로, 은색 쟁반 위에는 커피 한 잔과 우유가 담긴 작은 그릇이 곁들여져 있다."
bakery,qwen3,5012764,1gram,roll; white; cake; arrangement; curtain,"Two rolls of cake with a white cream filling, presented on plates with a white floral arrangement in the background.",롤; 흰색; 케이크; 배치; 커튼,"흰색 크림이 들어간 케이크 두 개가 접시에 담겨 있고, 배경에는 흰색 꽃꽂이가 놓여 있다."
bakery,qwen3,5012764,2gram,2 roll; arrangement white; exterior white; fill roll; filling roll,"Two white roll cakes with a creamy filling, presented on plates with a white floral arrangement in the background.",2롤; 화이트 어레인지먼트; 외부 색상: 흰색; 롤 채우기; 충전 롤,"크림이 듬뿍 들어간 흰색 롤케이크 두 개가 접시에 담겨 있고, 배경에는 흰색 꽃꽂이가 놓여 있다."
bakery,qwen3,5012764,3gram,2 roll cake; 2 white box; arrangement white vase; box text product; brown exterior white,"Two rolls of cake with a white cream filling, served on plates with a white lace doily and a white vase with flowers in the background.","2단 롤케이크; 흰색 상자 2개; 화백 꽃꽂이; 상자 내 텍스트 제품; 갈색 외관, 흰색","흰색 크림이 들어간 케이크 두 개가, 흰색 레이스 도일리가 깔린 접시 위에 담겨 있고, 배경에는 꽃이 꽂힌 흰색 꽃병이 놓여 있다."
bakery,qwen3,5012764,1gram,cake; gold; white; rim; small,"A white cake roll with a golden rim, dusted with powdered sugar, served on a white plate with a slice cut and placed on a smaller plate with a fork.",케이크; 금; 흰색; 림; 작은,"가장자리가 황금빛을 띠는 흰색 케이크 롤에 가루 설탕을 살짝 뿌려, 흰색 접시에 담아낸 모습이다. 케이크 한 조각은 잘라내어 작은 접시에 포크와 함께 올려져 있다."
bakery,qwen3,5012764,2gram,gold rim; plate gold; small white; accompany fork; cake dust,"A golden-rimmed plate holds a rolled cake with a white cream filling, dusted with powdered sugar, accompanied by a slice on a small white plate with a fork.",금테; 금박; 작은 흰색; 동반 포크; 케이크 가루,"금테가 두른 접시 위에는 흰 크림이 들어간 롤케이크가 놓여 있고, 그 위에는 가루 설탕이 살짝 뿌려져 있으며, 작은 흰 접시에는 포크와 함께 케이크 한 조각이 곁들여져 있다."
bakery,qwen3,5012764,3gram,plate gold rim; white plate gold; accompany fork cake; arrange white tablecloth; brown exterior slice,"A golden-rimmed white plate holds a rolled cake with a brown exterior and a white cream filling, accompanied by a slice on a smaller plate with a fork, set on a white tablecloth with a teacup and flowers in the background.","금 테두리가 있는 접시; 흰색 접시, 금색; 포크 케이크 곁들임; 흰색 식탁보를 깔다; 갈색 겉면 조각","금색 테두리가 있는 흰색 접시 위에는 겉은 갈색이고 속은 흰 크림으로 채워진 롤케이크가 놓여 있으며, 그 옆에는 작은 접시에 포크와 함께 케이크 한 조각이 담겨 있다. 이 모든 것은 흰색 식탁보 위에 놓여 있고, 배경에는 찻잔과 꽃들이 보인다."
bakery,qwen3,5025646,1gram,jar; butter; peanut; label; crunchy,"Three jars of SuperNuts peanut butter, one smooth and one crunchy, with a small bowl of the smooth variety in the foreground.",jar; 버터; 땅콩; 라벨; 바삭바삭한,"슈퍼넛츠(SuperNuts) 땅콩버터 3병(한 병은 부드러운 타입, 한 병은 바삭한 타입)과, 전경에 부드러운 타입이 담긴 작은 그릇이 놓여 있다."
bakery,qwen3,5025646,2gram,butter jar; peanut butter; 2 jar; 3 jar; bowl portion,"Three jars of SuperNuts peanut butter, one with a bowl portion in front, on a light gray surface.",버터 통; 땅콩버터; 2병; 3병; 그릇 부분,"밝은 회색 바탕 위에 슈퍼넛츠 땅콩버터 병 세 개가 놓여 있으며, 그중 하나 앞쪽에는 한 그릇 분량이 담겨 있다."
bakery,qwen3,5025646,3gram,peanut butter jar; 2 jar glass; 2 jar label; 3 jar peanut; bowl portion smooth,"Three jars of SuperNuts peanut butter, one smooth and one crunchy, with a small bowl of smooth peanut butter in the foreground.",땅콩버터 병; 유리병 2개; 2. 병 라벨; 땅콩 3병; 그릇 부분이 매끄럽다,"슈퍼넛츠(SuperNuts) 땅콩버터 3병(하나은 부드러운 타입, 하나는 바삭한 타입)과, 전경에 놓인 부드러운 땅콩버터가 담긴 작은 그릇."
bakery,qwen3,5025646,1gram,jar; thick; glass; butter; peanut,"Three glass jars filled with thick peanut butter, one with a wooden spoon lifting a portion.",jar; 두꺼운; 유리; 버터; 땅콩,"진한 땅콩버터로 가득 찬 유리병 세 개, 그중 하나에는 나무 숟가락이 땅콩버터를 한 숟가락 떠 올리고 있다."
bakery,qwen3,5025646,2gram,peanut butter; 3 glass; appearance brown; brown peanut; brown rim,"Three glass jars of brown peanut butter, with one jar showing a spoonful of the spread.",땅콩버터; 유리 3개; 외관: 갈색; 갈색 땅콩; 갈색 테두리,갈색 땅콩버터가 든 유리병 세 개. 그중 한 병에는 숟가락 한 숟가락 분량의 땅콩버터가 덜어져 있다.
bakery,qwen3,5025646,3gram,2 jar position; 3 glass jar; appearance brown rim; brown peanut butter; butter arrange light,"Three glass jars of brown peanut butter, with one jar showing a spoonful of the spread.",2번 항아리 위치; 유리병 3개; 외관: 갈색 테두리; 갈색 땅콩버터; 버터를 가볍게 펴 바르세요,갈색 땅콩버터가 든 유리병 세 개. 그중 한 병에는 숟가락 한 숟가락 분량의 땅콩버터가 덜어져 있다.
bakery,qwen3,5040946,1gram,macaron; pasquier; blue; plate; box,"A box of Pasquier macarons, featuring a blue and white patterned plate with a selection of colorful macarons and a fork.",마카롱; 파스키에; 파란색; 판; 상자,파스키에 마카롱 한 상자. 파란색과 흰색 무늬가 들어간 접시 위에 알록달록한 마카롱 여러 개와 포크가 담겨 있습니다.
bakery,qwen3,5040946,2gram,blue white; 2 plate; plate blue; 12 macaron; 4 macaron,"A box of Pasquier macarons, featuring 12 varieties, is displayed next to two plates with colorful macarons.","파란색, 흰색; 2판; 블루 플레이트; 마카롱 12개; 마카롱 4개","12가지 맛이 들어 있는 파스키에 마카롱 한 상자가, 알록달록한 마카롱이 담긴 접시 두 개 옆에 진열되어 있다."
bakery,qwen3,5040946,3gram,plate blue white; 12 macaron list; 2 plate macaron; 2 plate top; 4 macaron beige,"A box of Pasquier macarons, featuring a variety of flavors, is displayed next to two plates with the macarons arranged on them.",접시 파란색 흰색; 12가지 마카롱 목록; 2개들이 마카롱; 2단 상판; 베이지색 마카롱 4개,"다양한 맛이 들어 있는 파스키에 마카롱 한 상자가, 마카롱이 담겨 있는 접시 두 개 옆에 진열되어 있다."
bakery,qwen3,5040946,1gram,macaron; blue; plate; cluster; dome,A cluster of colorful macarons on a blue and white patterned plate.,마카롱; 파란색; 판; 클러스터; 돔,파란색과 흰색 무늬가 들어간 접시 위에 알록달록한 마카롱들이 한 무더기 놓여 있다.
bakery,qwen3,5040946,2gram,2 half; arrange cluster; blue surface; blue weave; cluster color,"A cluster of colorful macarons arranged on a blue and white woven plate, with a blue surface in the background.",2/2; 클러스터 구성; 파란색 표면; 파란색 직조; 클러스터 색상,"파란색과 흰색으로 엮인 접시 위에 알록달록한 마카롱들이 한데 모여 놓여 있고, 배경에는 파란색 바탕이 펼쳐져 있다."
bakery,qwen3,5040946,3gram,2 half plate; arrange cluster color; blue weave pattern; brown light tan; cluster color include,A cluster of colorful macarons arranged on a blue and white woven-patterned plate.,"반 접시 2개; 클러스터 색상 정렬; 파란색 직조 무늬; 갈색, 연한 황갈색; 클러스터 색상 포함",파란색과 흰색의 직조 무늬가 들어간 접시 위에 알록달록한 마카롱들이 한데 모여 놓여 있다.
bakery,qwen3,5043336,1gram,jar; spread; flavor; lid; central,"A collection of small glass jars of spread, each with a different colored lid and labeled with the brand ""FOURB SPREAD"" and various flavor names such as ""Black Olive,"" ""Tomato,"" ""Blueberry,"" and ""Cinnamon.""",jar; 확산; 풍미; 뚜껑; 중앙,"각기 다른 색상의 뚜껑이 달린 작은 유리 병에 담긴 스프레드 모음으로, 병에는 “FOURB SPREAD”라는 브랜드명과 “블랙 올리브”, “토마토”, “블루베리”, “시나몬” 등 다양한 맛의 이름이 적혀 있습니다."
bakery,qwen3,5043336,2gram,arrange pyramid; beige dark; blueberry jar; brand fourb spread; central logo,"A pyramid arrangement of glass jars containing various flavors of cream cheese spread, with labels in Korean and English, including a ""Blueberry"" jar and a ""Tomato"" jar, and a ""Black Olive"" jar, all with a central logo.",피라미드 배열하기; 짙은 베이지; 블루베리 병; 브랜드 포브 스프레드; 중앙 로고,"다양한 맛의 크림치즈 스프레드가 들어 있는 유리병들이 피라미드 모양으로 쌓여 있으며, 병에는 한국어와 영어로 된 라벨이 붙어 있습니다. 여기에는 “블루베리”, “토마토”, “블랙 올리브” 맛이 포함되어 있으며, 모든 병 중앙에는 로고가 있습니다."
bakery,qwen3,5043336,3gram,arrange pyramid formation; arrange way showcase; beige dark brown; black lid circular; blueberry jar arrange,"A pyramid arrangement of glass jars with black lids, each containing a different flavored spread, including a blueberry jar, a tomato jar, and a black olive jar, displayed on a light surface.","피라미드 대형을 갖추다; 전시 방식 구성; 베이지, 짙은 갈색; 검은색 뚜껑이 달린 원형; 블루베리 병 장식","밝은 색상의 표면 위에, 검은색 뚜껑이 달린 유리병들이 피라미드 모양으로 쌓여 있는데, 각 병에는 블루베리, 토마토, 블랙 올리브 등 서로 다른 맛의 스프레드가 담겨 있다."
bakery,qwen3,5043336,1gram,jar; spread; flavor; black olive; tomato,"A collection of glass jars containing various flavors of spread, including black olive and tomato, with labels indicating the product name ""FOURB SPREAD"".",jar; 확산; 풍미; 검은 올리브; 토마토,"블랙 올리브와 토마토 등 다양한 맛의 스프레드가 들어 있는 유리병 모음으로, 제품명 “FOURB SPREAD”가 적힌 라벨이 붙어 있습니다."
bakery,qwen3,5043336,2gram,arrange scatter; black olive tomato; brown pink; creamy color; flavor black olive,"A collection of open jars of Fourb Spread cream cheese in various flavors, including black olive, tomato, and others, arranged in a scattered display.",흩뿌리기 정렬; 검은 올리브 토마토; 갈색 분홍색; 크림색; 블랙 올리브 맛,"블랙 올리브, 토마토 등 다양한 맛의 ‘Fourb Spread’ 크림치즈가 담긴 뚜껑이 열린 병들이 흩어져 진열된 모습."
bakery,qwen3,5043336,3gram,arrange scatter manner; black olive tomato spread; brown pink jar; creamy color texture; different flavor jar,"A collection of open jars of Fourb Spread cream cheese in various flavors, including black olive, tomato, and others, arranged in a scattered manner with their lids visible.",흩뿌리기 방식으로 배열하기; 블랙 올리브 토마토 스프레드; 갈색과 분홍색이 섞인 항아리; 크리미한 색감과 질감; 다른 맛의 병,"블랙 올리브, 토마토 등 다양한 맛의 ‘Fourb Spread’ 크림치즈가 담긴 뚜껑이 열린 병들이 뚜껑이 보이도록 흩어져 놓여 있는 모습."
bakery,qwen3,5044137,1gram,cake; chocolate; rectangular; delicate; know,"A rectangular chocolate cake with delicate layers and a smooth chocolate glaze, presented in a white box with the brand name ""NAPOLION"" on the packaging.",케이크; 초콜릿; 직사각형; 섬세한; 알다,"섬세한 층이 돋보이는 직사각형 초콜릿 케이크로, 매끄러운 초콜릿 글레이즈가 입혀져 있으며, 포장지에 “NAPOLION”이라는 브랜드명이 적힌 흰색 상자에 담겨 있습니다."
bakery,qwen3,5044137,2gram,border logo; brand napolion; cake know; delicate wavy; interior reveal,"A rectangular chocolate cake with a delicate wavy chocolate glaze, displayed on a wooden board next to its white box, which features the brand name Napolion.",테두리 로고; 브랜드 나폴리온; 케이크에 대해; 섬세한 웨이브; 인테리어 공개,"섬세한 물결무늬 초콜릿 글레이즈가 입혀진 직사각형 초콜릿 케이크가, ‘나폴리온(Napolion)’이라는 브랜드명이 적힌 흰색 상자 옆에 나무 판 위에 진열되어 있다."
bakery,qwen3,5044137,3gram,blue border logo; border logo brand; brand napolion print; cake know napoleon; cake present wooden,"A rectangular chocolate cake with a white cream filling and a chocolate glaze, presented on a wooden board next to its white box. The box has a blue border and the brand name ""NAPOLION"" is visible on it.","파란색 테두리가 있는 로고; 경계 로고 브랜드; 나폴레옹 브랜드 프린트; 케이크, 나폴레옹을 아나요?; 케이크 선물용 나무 상자","흰색 크림이 들어 있고 초콜릿 글레이즈가 뿌려진 직사각형 초콜릿 케이크가, 흰색 상자 옆에 나무 접시 위에 놓여 있다. 상자에는 파란색 테두리가 있으며, 그 위에 “NAPOLION”이라는 브랜드명이 보인다."
bakery,qwen3,5044137,1gram,cake; chocolate; wooden; board; underneath,"A rectangular chocolate cake with multiple layers of chocolate sponge and white cream, presented on a wooden board with a slice served on a white plate.",케이크; 초콜릿; 나무로 된; 게시판; 아래쪽,"초콜릿 스펀지와 화이트 크림이 여러 겹으로 쌓인 직사각형 초콜릿 케이크로, 나무 접시 위에 올려져 있으며, 한 조각은 흰색 접시에 담겨 제공됩니다."
bakery,qwen3,5044137,2gram,wooden board; board piece; cake multiple; decorative pattern; filling present,"A rectangular chocolate cake with a decorative pattern on top, featuring multiple layers of chocolate cake and white cream filling, served on a wooden board and a white plate with a slice on a wooden fork.",나무 판자; 판 조각; 케이크 여러 개; 장식 문양; 선물 포장,"윗면에 장식 무늬가 새겨진 직사각형 초콜릿 케이크로, 여러 겹의 초콜릿 케이크와 흰색 크림 필링이 들어 있으며, 나무 판과 흰색 접시 위에 나무 포크에 꽂힌 한 조각과 함께 담겨 제공됩니다."
bakery,qwen3,5044137,3gram,board piece parchment; cake arrange light; cake multiple layer; cake smooth chocolate; chocolate cake multiple,"A rectangular chocolate cake with multiple layers of chocolate sponge and white cream, presented on a wooden board with a slice served on a white plate.",판지 조각 양피지; 케이크 장식 조명; 다층 케이크; 부드러운 초콜릿 케이크; 초콜릿 케이크 여러 개,"초콜릿 스펀지와 화이트 크림이 여러 겹으로 쌓인 직사각형 초콜릿 케이크로, 나무 접시 위에 올려져 있으며, 한 조각은 흰색 접시에 담겨 제공됩니다."
bakery,qwen3,5044138,1gram,napoleon; cake; roll; rectangular; border,"A rectangular, golden-brown Napoleon roll with a visible layered interior, served on a white plate with its original packaging beside it.",나폴레옹; 케이크; 롤; 직사각형; 경계,"층층이 쌓인 속이 훤히 보이는 직사각형의 황금빛 갈색 나폴레옹 롤이 흰 접시 위에 담겨 있고, 그 옆에는 원래 포장지가 놓여 있다."
bakery,qwen3,5044138,2gram,border decorative; box write; brand napoleon; brown roll; decorative emblem,"A brown roll cake with a decorative emblem on the box, presented on a white plate with a slice cut to show the layers.",테두리 장식; 박스 쓰기; 브랜드 나폴레옹; 갈색 롤; 장식용 엠블럼,"상자에 장식용 문양이 그려진 갈색 롤케이크가, 층이 보이도록 한 조각이 잘려진 채 흰 접시 위에 담겨 있다."
bakery,qwen3,5044138,3gram,airy texture cake; blue border decorative; border decorative emblem; box write korean; brand napoleon english,"A rectangular box of Napoleon cake with a blue border and decorative emblem, next to a white plate displaying a sliced roll with a golden-brown crust and visible layers.","가벼운 식감의 케이크; 파란색 테두리 장식; 테두리 장식 문양; 상자, 한국어로 쓰기; 브랜드 나폴레옹 영어","파란색 테두리와 장식용 문양이 새겨진 직사각형 상자 안에 나폴레옹 케이크가 들어 있고, 그 옆에는 황금빛 갈색 껍질과 뚜렷한 층이 보이는 얇게 썬 롤 케이크가 담긴 흰색 접시가 놓여 있다."
bakery,qwen3,5044138,1gram,cake; roll; internal; long; main,"A long, layered cake roll with a textured exterior and visible internal layers, presented on a white plate.",케이크; 롤; 내부; 긴; 메인,표면이 거칠고 내부 층이 뚜렷하게 드러나는 길고 층이 여러 겹인 롤케이크가 흰 접시 위에 담겨 있다.
bakery,qwen3,5044138,2gram,2 piece; brown textured; cake creamy; cut front; exterior cross,"A sliced, brown, textured cake with a creamy filling, presented on a white plate.",2개 세트; 갈색 질감의; 크리미한 케이크; 앞면 절개; 외부 십자형,"흰 접시 위에 올려진, 얇게 썰어 갈색을 띠고 표면이 울퉁불퉁한 케이크에 크림 필링이 들어 있습니다."
bakery,qwen3,5044138,3gram,2 piece cut; brown cake creamy; brown textured exterior; cake creamy white; cake slice 2,"A sliced brown cake with a textured exterior and a creamy white filling, presented on a white plate.","2피스 컷; 브라운 케이크, 크리미한; 갈색의 질감이 느껴지는 외관; 크림색 케이크; 케이크 한 조각 2",겉면은 거친 질감을 띠고 속은 크림처럼 부드러운 흰색 필링이 들어간 갈색 케이크 한 조각이 흰 접시 위에 담겨 있다.
bakery,qwen3,5052041,1gram,bread; cloth; loaf; run; strip,"A dark, rustic loaf of bread with a golden-brown crust and a large, airy crumb, sliced and resting on a striped cloth.",빵; 천; 빵 한 덩어리; 실행; 스트립,"황금빛 갈색 겉껍질과 크고 폭신폭신한 속살을 가진 짙은 색의 소박한 빵 한 덩어리가, 얇게 썰려 줄무늬 천 위에 놓여 있다."
bakery,qwen3,5052041,2gram,bread cloth; center 2; cloth strip; crack run; crumb numerous,"A loaf of dark, artisanal bread with a cracked crust, sliced to reveal a crumb with numerous holes, resting on a textured cloth.",빵 닦는 천; center 2; 천 조각; 크랙 런; 부스러기 다수,"겉껍질이 갈라진 짙은 색의 수제 빵 한 덩어리가, 얇게 썰려 수많은 구멍이 뚫린 속살이 드러난 채, 질감이 느껴지는 천 위에 놓여 있다."
bakery,qwen3,5052041,3gram,2 slice cut; airy crumb numerous; bread cloth strip; bread present texture; center 2 slice,"A loaf of bread with two slices cut, showcasing an airy crumb, resting on a striped bread cloth.","2조각으로 자른 것; 가볍고 폭신하며, 빵 부스러기가 풍부하다; 빵을 닦는 천 조각; 빵의 현재 식감; 중앙 2조각","줄무늬가 있는 빵 보자기 위에 놓인, 두 조각이 잘려 나와 속이 푹신한 빵 한 덩어리."
bakery,qwen3,5052041,1gram,crumb; bread; slice; airy; overlap,"A sliced loaf of bread with an airy crumb, resting on a cloth.",부스러기; 빵; 슬라이스; 산뜻한; 중복,푹신한 속살을 가진 얇게 썬 빵 한 덩이가 천 위에 놓여 있다.
bakery,qwen3,5052041,2gram,bake golden; crumb slice; hole indicate; indicate risen; interior numerous,"A sliced loaf of bread with a golden crust and a crumb that has numerous holes, resting on a linen cloth.","노릇노릇하게 굽다; 크럼브 슬라이스; 구멍 표시; 상승했음을 나타내다; 내부, 다수","황금빛 겉껍질과 구멍이 숭숭 뚫린 속살을 가진, 얇게 썬 빵 한 덩이가 리넨 천 위에 놓여 있다."
bakery,qwen3,5052041,3gram,airy crumb slice; airy interior numerous; artisanal bread slice; bake golden brown; bread slice several,"A sliced artisanal bread with a golden brown crust and an airy, crumbly interior, served on a linen cloth.","가볍고 폭신한 빵 한 조각; 통풍이 잘 되는 실내, 다수; 수제 빵 한 조각; 노릇노릇하게 굽다; 빵 조각 몇 개",황금빛 갈색 겉면과 속은 폭신하고 바스락거리는 식감의 수제 빵을 얇게 썰어 리넨 식탁보 위에 담아낸 요리입니다.
bakery,qwen3,5052044,1gram,bread; artisanal; shape; score; emphasize,"A rectangular artisanal bread with a scored top crust, resting on a light surface with a slice cut and placed on a wooden board in the background.",빵; 수제; 모양; 점수; 강조하다,"표면에 칼집을 낸 직사각형 수제 빵이 밝은 색의 받침대 위에 놓여 있고, 한 조각이 잘려져 뒤쪽의 나무 판 위에 올려져 있다."
bakery,qwen3,5052044,2gram,artisanal quality; board hold; bread reveal; bread way; crack uneven,"A rectangular artisanal loaf of bread with a dark, rustic crust and a cross-shaped crack, dusted with flour, displayed on a light surface with a wooden board holding a slice in the background.",장인 정신이 깃든 품질; 보드 고정; 빵 공개; 빵의 길; 균열이 고르지 않음,"짙고 투박한 겉껍질과 십자 모양의 갈라짐이 있는 직사각형의 수제 빵 한 덩어리에 밀가루를 살짝 뿌려, 밝은 색의 배경 위에 진열되어 있으며, 배경 뒤쪽에는 나무 판 위에 빵 한 조각이 놓여 있다."
bakery,qwen3,5052044,3gram,airy interior bread; artisanal quality homemade; board hold slice; bread present light; bread reveal soft,"A rectangular loaf of artisanal bread with a dark, crusty exterior and a visible airy interior, presented on a wooden board with a slice cut to reveal the soft, porous crumb.",속이 푹신한 빵; 장인 정신이 깃든 수제; 보드 홀드 슬라이스; 빵 선물 빛; 빵의 부드러운 식감,"겉은 짙은 색에 바삭한 껍질을 띠고, 속은 공기가 가득 차 있어 푹신한 질감이 눈에 띄는 직사각형 모양의 수제 빵 한 덩어리가 나무 판 위에 올려져 있으며, 한 조각이 잘려 나와 부드럽고 기공이 많은 빵 속이 드러나 있다."
bakery,qwen3,5052044,1gram,bread; artisanal; piece; sourdough; ciabatta,"A sliced piece of artisanal sourdough bread with a golden-brown crust and a porous, airy interior, displayed on a wooden cutting board.",빵; 수제; 작품; 사워도우; 치아바타,황금빛 갈색 껍질과 구멍이 숭숭 뚫린 폭신폭신한 속을 가진 수제 사워도우 빵 한 조각이 나무 도마 위에 놓여 있다.
bakery,qwen3,5052044,2gram,artisanal surface; brown hue; ciabatta sourdough; crumb structure; crust golden,"A slice of artisanal ciabatta sourdough with a golden crust and a porous crumb structure, resting on a wooden board.",수제 마감; 갈색 빛깔; 치아바타 사워도우; 부스러기 구조; 겉면이 노릇노릇하게,황금빛 겉면과 기공이 많은 속살을 가진 수제 치아바타 사워도우 한 조각이 나무 판 위에 놓여 있다.
bakery,qwen3,5052044,3gram,airy crumb structure; brown hue visible; ciabatta sourdough arrange; colored surface bread; crumb structure numerous,"A slice of ciabatta sourdough bread with an airy crumb structure and a brown hue visible, arranged on a wooden board.",가벼운 빵 부스러기 질감; 갈색 빛이 보인다; 치아바타 사워도우 배열; 색을 입힌 표면의 빵; 부스러기 구조가 다수,통기성이 좋은 속살과 갈색빛이 도는 치아바타 사워도우 빵 한 조각이 나무 판 위에 올려져 있다.
bakery,qwen3,5057085,1gram,pastry; pnb; box; wrap; grid,"A box of PNB pastries, featuring a 3x4 grid of individually wrapped treats in a bright orange box.",패스트리; pnb; 상자; wrap; 그리드,밝은 주황색 상자 안에 3x4 격자 모양으로 개별 포장된 간식이 들어 있는 PNB 페이스트리 한 상자.
bakery,qwen3,5057085,2gram,12 individually; 3x4 grid; arrange 3x4; black logo; box black,"A box of 12 individually wrapped pastries arranged in a 3x4 grid, with the brand name PNB on the orange packaging.",12개씩; 3x4 격자; 3x4로 배열하기; 검은색 로고; 검은색 상자,"3×4 격자 모양으로 배열된 개별 포장된 페이스트리 12개가 들어 있는 상자로, 주황색 포장지에는 ‘PNB’라는 브랜드명이 적혀 있습니다."
bakery,qwen3,5057085,3gram,12 individually wrap; 3x4 grid different; arrange 3x4 grid; bake good packaging; black logo wheat,"A box of 12 individually wrapped baked goods arranged in a 3x4 grid, with a bright orange outer packaging featuring a black wheat logo and the brand name ""PNB"" in the center.","12개 개별 포장; 3x4 격자, 서로 다름; 3x4 격자 배치하기; 멋진 포장 만들기; 검은색 로고가 있는 밀","개별 포장된 베이커리 제품 12개가 3×4 격자 모양으로 배열된 상자로, 밝은 주황색 외부 포장지 중앙에는 검은색 밀 로고와 브랜드명 “PNB”가 인쇄되어 있습니다."
bakery,qwen3,5057085,1gram,cookie; chocolate; cooky; sandwich; exterior,"A close-up of two chocolate-coated cookies with a triangular slice of green matcha filling, served on a white plate. The cookies are from the brand PHB, as indicated on the packaging in the background.",쿠키; 초콜릿; cooky; 샌드위치; 외관,"흰색 접시 위에 놓인, 초콜릿으로 코팅된 쿠키 두 개와 그 사이에 삼각형 모양으로 얹힌 초록색 말차 필링의 클로즈업 사진이다. 배경의 포장지에 표시된 대로, 이 쿠키는 PHB 브랜드 제품이다."
bakery,qwen3,5057085,2gram,chocolate exterior; dark chocolate; 2 cooky; appealing focus; arrange brown,"Two chocolate-coated cookies with a brown and green filling, presented on a white plate, with a box of the same product in the background.",초콜릿 겉면; 다크 초콜릿; 쿠키 2개; 매력적인 초점; 갈색으로 배열하기,"갈색과 초록색 속이 들어간 초콜릿 코팅 쿠키 두 개가 흰색 접시 위에 놓여 있고, 배경에는 같은 제품의 상자가 하나 놓여 있다."
bakery,qwen3,5057085,3gram,dark chocolate exterior; 2 cooky prominently; appealing focus product; arrange brown cardboard; bag brown white,"Two chocolate-coated cookies with a brown and green filling, presented on a white plate, with a box of the same product in the background.",다크 초콜릿 색상의 겉면; 2. 쿠키를 눈에 띄게; 눈길을 끄는 주력 상품; 갈색 골판지를 정리하다; 가방 갈색 흰색,"갈색과 초록색 속이 들어간 초콜릿 코팅 쿠키 두 개가 흰색 접시 위에 놓여 있고, 배경에는 같은 제품의 상자가 하나 놓여 있다."
bakery,qwen3,5063069,1gram,potato; product; korean; 1.575kcal; 27.08percent,"A plate of three round, golden-brown potato snacks, with one cut in half to reveal a creamy interior, is presented in front of a korean-style cardboard box featuring a cartoon potato character. The box indicates the product contains 600g (1.575 kcal) and has 27.08% fat.",감자; 제품; 한국어; 1.575kcal; 27.08퍼센트,"만화 속 감자 캐릭터가 그려진 한국식 골판지 상자 앞에는 둥글고 황금빛을 띤 감자 스낵 세 개가 담긴 접시가 놓여 있는데, 그중 하나는 반으로 잘려 크림처럼 부드러운 속이 드러나 있다. 상자에는 이 제품의 내용량이 600g(1,575kcal)이며 지방 함량이 27.08%라고 표시되어 있다."
bakery,qwen3,5063069,2gram,1.575kcal 27.08percent; 27.08percent fat; 3 piece; 600g 1.575kcal; box cartoon,"A box of 3 pieces of potato-flavored snack, each with a cartoon potato character on the packaging, with a white plate showing the snacks.",1.575kcal 27.08%; 지방 함량 27.08퍼센트; 3점 세트; 600g 1.575kcal; 박스 만화,"감자 맛 스낵 3개가 들어 있는 상자로, 각 제품 포장지에는 만화 속 감자 캐릭터가 그려져 있으며, 흰색 접시 위에 스낵이 담겨 있는 모습이 보인다."
bakery,qwen3,5063069,3gram,1.575kcal 27.08percent fat; 3 piece potato; 600g 1.575kcal 27.08percent; box cartoon illustration; box text korean,"A box of 3-piece potato snacks with a cartoon illustration on the packaging, featuring a 600g (1.575 kcal, 27.08% fat) serving size.","1.575kcal, 지방 27.08%; 감자 3조각; 600g 1.575kcal 27.08%; 박스 만화 일러스트; 박스 텍스트 (한국어)","포장에 만화 일러스트가 그려진 3개입 감자 스낵 상자로, 1회 제공량은 600g(1,575 kcal, 지방 27.08%)입니다."
bakery,qwen3,5063069,1gram,item; food; outer; speckled; plain,"A white plate holds three round, speckled food items, with two cut in half to reveal a textured, pale yellow interior.",항목; 음식; 외부; 반점이 있는; 일반,"흰 접시 위에는 반점이 찍힌 둥근 음식 세 개가 놓여 있는데, 그중 두 개는 반으로 잘려 있어 질감이 느껴지는 옅은 노란색 속살이 드러나 있다."
bakery,qwen3,5063069,2gram,food item; 2 item; 3 round; arrange plain; brown food,"Three round, brown food items arranged on a white plate, with one cut in half to reveal a yellow interior.",식품 품목; 2개; 3라운드; 무지 배열; 갈색 음식,"흰 접시 위에 둥근 갈색 음식 세 개가 놓여 있는데, 그중 하나는 반으로 잘려 노란 속이 드러나 있다."
bakery,qwen3,5063069,3gram,2 item cut; 3 round golden; arrange plain white; brown food item; food item arrange,"Three round, golden-brown food items arranged on a plain white plate, with two cut to reveal a textured, yellow interior.",2개 항목 삭제; 3 라운드 골든; 단색 흰색으로 배치하기; 갈색 식품; 식품 품목 정리,"무늬 없는 흰 접시 위에 둥근 황금빛 갈색 음식 세 개가 놓여 있으며, 그중 두 개는 잘려져 질감이 느껴지는 노란색 속이 드러나 있다."
bakery,qwen3,5071363,1gram,strawberry; jam; jar; 딸기잼; 복음자리,A jar of strawberry jam from 복음자리 (Vineyard).,딸기; 잼; jar; 딸기잼; 복음자리,복음자리(Vineyard)의 딸기잼 한 병.
bakery,qwen3,5071363,2gram,brand 복음자리; product 딸기잼; smooth texture; strawberry label; text include,"A jar of strawberry jam with a light brown lid, featuring a label with the brand name 복음자리 and the product name 딸기잼.",브랜드 ‘복음자리’; 제품: 딸기잼; 부드러운 질감; 딸기 라벨; 텍스트 포함,"밝은 갈색 뚜껑이 달린 딸기잼 병으로, 라벨에는 브랜드명 ‘복음자리’과 제품명 ‘딸기잼’이 적혀 있다."
bakery,qwen3,5071363,3gram,brand 복음자리 product; color smooth texture; illustration strawberry label; include brand 복음자리; korean text include,"A jar of strawberry jam with a light brown lid, featuring a label with illustrations of strawberries and Korean text, including the brand name 복음자리.",복음자리 브랜드 제품; 색감이 부드럽고 질감이 매끄러운; 일러스트레이션: 딸기 라벨; 브랜드 ‘복음자리’ 포함; 한국어 텍스트 포함,"밝은 갈색 뚜껑이 달린 딸기잼 병으로, 라벨에는 딸기 일러스트와 ‘복음자리’라는 브랜드명을 포함한 한국어 문구가 적혀 있다."
bakery,qwen3,5071363,1gram,strawberry; jam; label; jar; korean,A jar of strawberry jam with a korean label.,딸기; 잼; 라벨; jar; 한국어,한국어 라벨이 붙은 딸기잼 한 병.
bakery,qwen3,5071363,2gram,english jam; label prominently; mention 국산; product 복음자리; smooth thick,"A jar of strawberry jam with a label that includes the brand name 복음자리 (Fuyunzari) and the text ""국산"" (domestic) is shown.",영어 잼; 눈에 잘 띄게 표기; 국산이라고 언급; 제품명: 복음자리; 부드럽고 진한,‘복음자리(Fuyunzari)’라는 브랜드명과 “국산”이라는 문구가 적힌 라벨이 붙은 딸기잼 한 병이 보여진다.
bakery,qwen3,5071363,3gram,color smooth thick; english jam jar; illustration strawberry mention; include illustration strawberry; korean english jam,"A jar of strawberry jam with a gold lid, featuring a label with Korean text and an illustration of strawberries.","색상, 매끄러움, 농도; 영문 잼 병; 일러스트, 딸기, 언급; 딸기 일러스트 포함; 한국어-영어 잼","금색 뚜껑이 달린 딸기 잼 병으로, 라벨에는 한국어 문구와 딸기 일러스트가 그려져 있다."
bakery,qwen3,5074339,1gram,packet; bear; 봉주르 카스테라; good; castella,"A white box with a handle and illustrations of bears, featuring the brand name Castella and the product name 봉주르 카스테라, is shown with a single, golden-brown baked good on a small plate.",패킷; 곰; 봉주르 카스테라; 좋아요; 카스테라,"손잡이가 달리고 곰 그림이 그려진 흰색 상자에는 ‘카스테라(Castella)’라는 브랜드명과 ‘봉주르 카스테라’라는 제품명이 적혀 있으며, 작은 접시 위에 황금빛 갈색의 구운 과자 하나가 놓여 있다."
bakery,qwen3,5074339,2gram,4 bear; bear face; bear play; box handle; brand castella,"A white box with a handle and illustrations of bears playing musical instruments, featuring the brand name CASTELLA, is shown with a single bear-shaped pastry on a small plate.",곰 4마리; 곰 얼굴; 베어 플레이; 상자 손잡이; 브랜드 카스테라,"손잡이가 달리고 악기를 연주하는 곰들이 그려진 ‘CASTELLA’라는 브랜드명이 적힌 흰색 상자 한 개와, 작은 접시 위에 놓인 곰 모양의 과자 한 개가 함께 보여진다."
bakery,qwen3,5074339,3gram,4 bear play; bake good likely; baked good texture; bear face packet; bear play musical,"A white box with a handle and illustrations of bears playing musical instruments, next to a single baked good in a paper cup, with a bear face packet.",4 베어 플레이; 잘 구워질 것 같다; 구운 빵의 식감; 곰 얼굴 모양 포장지; 곰이 악기 연주하기,"손잡이가 달린 흰색 상자에는 악기를 연주하는 곰들의 그림이 그려져 있고, 그 옆에는 종이 컵에 담긴 빵 한 개와 곰 얼굴 모양의 포장지가 놓여 있다."
bakery,qwen3,5074339,1gram,slice; cake; top; yellowish; bottom,"A slice of yellowish cake, with a golden-brown top, is stacked on a white plate.",슬라이스; 케이크; 맨 위; 노란빛이 도는; 하단,윗면이 황금빛 갈색을 띤 노란빛 케이크 한 조각이 하얀 접시 위에 놓여 있다.
bakery,qwen3,5074339,2gram,arrange top; bottom slice; cake porous; color golden; golden crust,"A golden-brown, porous cake slice stacked on a white plate, with the top slice slightly offset.",맨 위로 이동; 하단 슬라이스; 케이크가 헐거워요; 색상: 황금색; 황금빛 껍질,흰 접시 위에 쌓여 있는 황금빛 갈색의 푹신한 케이크 조각들. 맨 위쪽 조각은 약간 비스듬히 놓여 있다.
bakery,qwen3,5074339,3gram,2 slice light; airy texture soft; arrange top slice; bottom slice plain; brown cake present,"Two slices of light, airy cake stacked on a white plate.","2조각 라이트; 가벼운 질감, 부드러움; 상단 슬라이스 정렬; 하단 슬라이스, 무가당; 갈색 케이크 선물",하얀 접시 위에 가볍고 폭신한 케이크 두 조각이 쌓여 있다.
bakery,qwen3,5097791,1gram,pastel; portuguese; flaky; 4; casc,"A box of four Portuguese Pastel de Nata Original, featuring a flaky, golden-brown pastry with a creamy filling, presented on a light blue plate.",파스텔; 포르투갈어; 부서지기 쉬운; 4; casc,"크리미한 속이 가득 들어간 바삭하고 황금빛을 띤 포르투갈식 파스테이 드 나타 오리지널 4개가 한 상자에 담겨 있으며, 연한 파란색 접시에 담겨 제공됩니다."
bakery,qwen3,5097791,2gram,4 pastel; 4 unit; blue square; box include; brand casc,"A box of four original Portuguese pastries, each in a blue square plate.",4 파스텔; 4개 단위; 파란색 사각형; 상자 내용물; 브랜드 캐스크,"포르투갈 전통 페이스트리 4개가 들어 있는 상자로, 각 페이스트리는 파란색 사각 접시에 담겨 있습니다."
bakery,qwen3,5097791,3gram,4 pastel arrange; 4 unit packaging; arrange light blue; blue square plate; box include brand,"A box of four original Portuguese pastries, presented on a light blue square plate.",파스텔 톤 4종 세트; 4개입 포장; 하늘색을 배치하다; 파란색 사각 접시; 상자에 브랜드 포함,"하늘색 사각 접시에 담겨 있는, 정통 포르투갈식 페이스트리 4개가 들어 있는 상자."
bakery,qwen3,5097791,1gram,tart; foil; caramelize; custard; egg,"A close-up of three egg tarts on a white plate, with one cut in half to reveal the creamy custard filling and a caramelized top.",타르트; 포일; 캐러멜화하다; 커스터드; 달걀,"흰 접시 위에 놓인 에그 타르트 세 개를 클로즈업한 사진으로, 그중 하나는 반으로 잘려 있어 크림 같은 커스터드 속과 캐러멜로 코팅된 윗면이 드러나 있다."
bakery,qwen3,5097791,2gram,2 tart; 3 egg; caramelize top; colored foil; cup plate,"A plate with three egg tarts, two whole and one cut in half to show the creamy filling and caramelized top.",타르트 2개; 달걀 3개; 윗면을 캐러멜화하다; 색상 호일; 컵 받침,"계란 타르트 세 개가 담긴 접시. 두 개는 통째로 있고, 하나는 반으로 잘라 크림 같은 속과 캐러멜화된 윗면이 보이도록 되어 있다."
bakery,qwen3,5097791,3gram,2 tart whole; 3 egg tart; brown flaky crust; caramelize top tart; colored foil cup,"A close-up of three egg tarts on a white plate, with one cut in half to show the creamy filling and golden-brown, caramelized top.",통타르트 2개; 에그 타르트 3개; 갈색의 바삭바삭한 껍질; 타르트 윗면을 캐러멜화하기; 색상 입힌 호일 컵,"흰 접시 위에 놓인 에그 타르트 세 개를 클로즈업한 사진으로, 그중 하나는 반으로 잘려 있어 크림 같은 속과 황금빛으로 캐러멜화된 윗면이 드러나 있다."
bakery,qwen3,5115048,1gram,jar; jam; d arbo; respective; 70 percent rich in fruit,"A collection of six small hexagonal jars of jam, including raspberry, apricot, blueberry, and strawberry, with a spoonful of apricot jam in the foreground.",jar; 잼; d arbo; 각각의; 과일 함량이 70%에 달합니다,"라즈베리, 살구, 블루베리, 딸기 등 6가지 맛의 작은 육각형 잼 병 세트로, 전경에는 살구 잼 한 숟가락이 놓여 있다."
bakery,qwen3,5115048,2gram,label jar; 70 percent rich in fruit label; apricot packaging; blueberry strawberry; brand d arbo,"A collection of six small hexagonal jars of jam, including raspberry, apricot, blueberry, and strawberry, with labels indicating they are 70% rich in fruit, arranged on a light surface.","라벨 병; 과일 함량 70% 라벨; 살구 포장; 블루베리, 딸기; 브랜드 다르보","라즈베리, 살구, 블루베리, 딸기 등 6가지 맛의 작은 육각형 잼 병 세트로, 과일 함량이 70%라는 내용이 적힌 라벨이 붙어 있으며, 밝은 색상의 받침대 위에 정갈하게 진열되어 있다."
bakery,qwen3,5115048,3gram,70 percent rich in fruit label jar; apricot packaging illustration; blueberry strawberry apricot; brand d arbo clearly; cherry blueberry strawberry,"A collection of Darbo jam jars in various flavors, including apricot, raspberry, blueberry, strawberry, and cherry, displayed on a light surface with a spoon and a dollop of jam in the foreground.","과일 함량 70% 라벨이 붙은 병; 살구 포장 일러스트레이션; 블루베리, 딸기, 살구; 브랜드 d arbo를 명확히; 체리, 블루베리, 딸기","살구, 라즈베리, 블루베리, 딸기, 체리 등 다양한 맛의 다르보 잼 병들이 밝은 색상의 표면 위에 진열되어 있으며, 전경에는 숟가락과 잼 한 덩어리가 놓여 있다."
bakery,qwen3,5115048,1gram,jam; jar; rose; apricot; raspberry,"A collection of six hexagonal glass jars of Darbo jam, featuring flavors such as Raspberry, Rose Apricot, Wild Blueberry, Garden Strawberry, and Sour Cherry, each with a label indicating ""70% Rich in Fruit"" and the brand name ""Darbo Since 1879"".",잼; jar; 장미; 살구; 라즈베리,"라즈베리, 로즈 살구, 야생 블루베리, 정원 딸기, 사워 체리 등의 맛이 들어 있는 다르보(Darbo) 잼 6개의 육각형 유리병 세트로, 각 병에는 “과일 함량 70%”라는 문구와 “Darbo Since 1879”라는 브랜드명이 적힌 라벨이 붙어 있습니다."
bakery,qwen3,5115048,2gram,rose apricot; spoon jar; wooden spoon; 70 percent rich in fruit visible; apricot jam,"A collection of six hexagonal jars of Darbo jam, featuring varieties such as Raspberry, Rose Apricot, Wild Blueberry, Garden Strawberry, and Sour Cherry, with a wooden spoon resting in one jar.",장미 살구; 숟가락이 들어 있는 병; 나무 숟가락; 과일 함량이 70%로 풍부하게 드러남; 살구 잼,"라즈베리, 로즈 살구, 야생 블루베리, 정원 딸기, 사워 체리 등 다양한 맛이 들어 있는 다르보 잼 육각형 병 6개로 구성된 세트로, 병 하나에는 나무 숟가락이 꽂혀 있습니다."
bakery,qwen3,5115048,3gram,wooden spoon jar; 70 percent rich in fruit visible flavor; apricot jam jar; apricot wild blueberry; blueberry garden strawberry,"A collection of six hexagonal glass jars of Darbo jam, featuring flavors such as Raspberry, Rose Apricot, Wild Blueberry, Garden Strawberry, and Sour Cherry, with a wooden spoon resting in one jar.","나무 숟가락이 들어 있는 병; 과일의 풍미가 70%나 풍부하게 느껴집니다; 살구 잼 병; 살구, 야생 블루베리; 블루베리 정원 딸기","라즈베리, 로즈 살구, 야생 블루베리, 정원 딸기, 사워 체리 등 다양한 맛의 다르보 잼이 들어 있는 육각형 유리병 6개로 구성된 세트로, 병 하나에는 나무 숟가락이 꽂혀 있습니다."
bakery,qwen3,5116362,1gram,cooky; osulloc; box; green; shape,"A box of Osulloc Green Tea Longue Chat cookies, featuring a light green, square-shaped biscuit, displayed with a plate of the same cookies and the product's packaging.",cooky; 오술록; 상자; 초록색; 모양,"연두색의 사각형 비스킷이 들어 있는 ‘오술록 녹차 롱샹’ 쿠키 한 상자와, 같은 쿠키가 담긴 접시, 그리고 제품 포장지가 함께 전시되어 있다."
bakery,qwen3,5116362,2gram,brand osulloc; light green; box minimalist; box showcase; color overall,"A box of Osulloc Green Tea Longue Chai cookies, presented in a minimalist white and light green box with a teal-colored packaging box, featuring a single square cookie on a plate and a few cookies displayed outside the box.",브랜드 오술록; 연두색; 박스 미니멀리스트; 박스 쇼케이스; 전체 색상,"오술록 ‘그린 티 롱그 차이’ 쿠키 한 상자로, 미니멀한 흰색과 연두색 상자에 티얼 색상의 포장 상자가 더해져 있으며, 접시 위에 정사각형 쿠키 한 개가 놓여 있고 상자 밖에도 몇 개의 쿠키가 진열되어 있는 모습이 특징입니다."
bakery,qwen3,5116362,3gram,box green tea; box minimalist design; box showcase shape; brand osulloc modern; brand osulloc packaging,"A box of green tea cookies with a minimalist design, featuring the brand name OSULLOC.",박스 녹차; 박스형 미니멀리스트 디자인; 박스 쇼케이스 형태; 브랜드 오술록 모던; 브랜드 오술록 포장,"브랜드명 ‘오술록’이 새겨진, 미니멀한 디자인의 녹차 쿠키 한 상자."
bakery,qwen3,5116362,1gram,cooky; box; green; matcha; 오설록,"A box of green matcha cookies, with one broken open to reveal the creamy filling, displayed on a light surface.",cooky; 상자; 초록색; 말차; 오설록,밝은 색상의 배경 위에 놓인 초록색 말차 쿠키 한 상자. 그중 하나는 깨져서 크림 같은 속이 드러나 있다.
bakery,qwen3,5116362,2gram,light green; box matcha; color porous; cookie break; filling packaging,"A light green matcha cookie with a visible filling, displayed with a broken cookie showing the creamy green filling, next to a teal box containing individual matcha cookies in packaging.",연두색; 박스 말차; 다공성 색상; 쿠키 타임; 충진 및 포장,"속이 훤히 보이는 연한 녹색 말차 쿠키로, 크림 같은 녹색 속이 드러나도록 반으로 갈라진 쿠키 한 개가 진열되어 있고, 그 옆에는 개별 포장된 말차 쿠키가 들어 있는 청록색 상자가 놓여 있다."
bakery,qwen3,5116362,3gram,box brand osulloc; box matcha flavor; box partially open; brand osulloc korean; color porous texture,"A box of Osulloc matcha-flavored cookies, partially open, with a few cookies broken in half to reveal the green filling, displayed on a light surface.",박스 브랜드 오술록; 박스 말차 맛; 상자가 반쯤 열려 있다; 브랜드 오술록 한국; 다공성 질감의 색상,"밝은 색상의 배경 위에, 부분적으로 개봉된 오술록 말차 맛 쿠키 한 상자가 놓여 있으며, 쿠키 몇 개는 반으로 부러져 초록색 속이 드러나 있다."
bakery,qwen3,5122986,1gram,doughnut; box; polka; since 1937; dot,"A white box with a polka dot pattern contains eight golden-brown doughnuts, with the Krispy Kreme logo visible on the box.",도넛; 상자; 폴카; 1937년부터; 점,"폴카 도트 무늬가 그려진 흰색 상자 안에는 황금빛 갈색 도넛 8개가 들어 있으며, 상자에는 크리스피 크림 로고가 선명하게 보입니다."
bakery,qwen3,5122986,2gram,black polka; brown smooth; dot pattern; doughnut doughnut; doughnut golden,"A box of Krispy Kreme doughnuts with a white and black polka dot pattern on the lid, containing eight golden-brown doughnuts.","검은색 폴카; 갈색, 매끄러운; 점 무늬; 도넛 도넛; 황금빛 도넛","뚜껑에 흰색과 검은색 물방울 무늬가 그려진 크리스피 크림 도넛 한 상자로, 황금빛 갈색 도넛 8개가 들어 있다."
bakery,qwen3,5122986,3gram,3x3 grid box; black polka dot; box light gray; box text doughnut; brand krispy kreme clearly,"A white box with a black polka dot pattern contains nine golden-brown doughnuts arranged in a 3x3 grid. The box is open, revealing the doughnuts, and the brand name ""Krispy Kreme"" is visible on the box.","3x3 격자 상자; 검은색 폴카 도트; 상자, 밝은 회색; 상자 텍스트 도넛; 크리스피 크림 브랜드는 분명히","검은색 물방울 무늬가 있는 흰색 상자 안에는 3×3 격자 모양으로 배열된 황금빛 갈색 도넛 9개가 들어 있습니다. 상자는 열려 있어 도넛이 보이며, 상자에는 “크리스피 크림(Krispy Kreme)”이라는 브랜드명이 적혀 있습니다."
bakery,qwen3,5122986,1gram,doughnuts; doughnut; box; sugary; dot,"A box of Krispy Kreme doughnuts, featuring a white box with a green and red logo and a white box with a white background and green dots, with eight golden-brown doughnuts arranged in a grid inside the box.",도넛; 도넛; 상자; 달콤한; 점,"크리스피 크림 도넛 한 상자. 흰색 상자에는 녹색과 빨간색 로고가, 또 다른 흰색 상자에는 흰색 바탕에 녹색 점이 그려져 있으며, 상자 안에는 황금빛 갈색 도넛 8개가 격자 모양으로 배열되어 있다."
bakery,qwen3,5122986,2gram,9 golden; black dot; brown doughnut; coating present; dot brand,"A box of Krispy Kreme doughnuts with a white and black polka dot design, containing nine golden-brown doughnuts with a glossy coating.",9개의 황금; 검은 점; 갈색 도넛; 코팅이 되어 있음; 닷 브랜드,"흰색과 검은색 물방울 무늬가 들어간 크리스피 크림 도넛 한 상자로, 윤기 나는 코팅이 된 황금빛 갈색 도넛 9개가 들어 있습니다."
bakery,qwen3,5122986,3gram,3x3 grid doughnut; 9 golden brown; black dot brand; brand krispy kreme prominently; brown doughnut arrange,"A box of nine golden brown Krispy Kreme doughnuts, with the brand name prominently displayed on the packaging.",3x3 격자 도넛; 9 황금빛 갈색; 블랙 닷 브랜드; 크리스피 크림 브랜드를 눈에 띄게; 갈색 도넛 배열,"포장에 브랜드 이름이 눈에 띄게 표시된, 황금빛 갈색의 크리스피 크림 도넛 9개가 들어 있는 상자."
bakery,qwen3,5128440,1gram,illustration; loaf; person; bread; stalk,"A loaf of bread with a sliced portion on a wooden board, with a packaged loaf in the background.",삽화; 빵 한 덩어리; 사람; 빵; 줄기,"나무 도마 위에 한 조각이 잘려 있는 빵 한 덩어리와, 그 뒤편에 포장된 빵 한 덩어리가 놓여 있다."
bakery,qwen3,5128440,2gram,illustration person; illustration wheat; label yellow; loaf original; original packaging,"A loaf of bread with a sliced portion on a wooden board, with the original packaging in the background.",일러스트 모델; 밀 일러스트; 라벨: 노란색; 로프 오리지널; 원래 포장,"나무 도마 위에 한 조각이 잘려 있는 빵 한 덩어리가 놓여 있고, 배경에는 원래 포장지가 보인다."
bakery,qwen3,5128440,3gram,bag label yellow; cut arrange row; illustration person face; illustration wheat stalk; interior loaf original,"A loaf of bread with a sliced arrangement on a wooden cutting board, with a packaged loaf in the background.","노란색 가방 라벨; 자르기, 정렬, 행; 일러스트: 사람의 얼굴; 밀 줄기 삽화; 인테리어 로프 오리지널","나무 도마 위에 얇게 썰어 진열된 빵 한 덩어리와, 그 뒤편에 포장된 빵 한 덩어리가 놓여 있다."
bakery,qwen3,5128440,1gram,cutting; board; loaf; grain; bread,"A sliced loaf of whole grain bread on a wooden board, with a light-colored cloth underneath.",절단; 게시판; 빵 한 덩어리; 곡물; 빵,"나무 도마 위에 얇게 썬 통곡물 빵 한 덩어리가 놓여 있고, 그 아래에는 밝은 색의 천이 깔려 있다."
bakery,qwen3,5128440,2gram,cutting board; cloth cutting; grain loaf; interior small; likely seed,"A sliced loaf of grain bread on a wooden cutting board, with a light-colored cloth underneath.",도마; 원단 재단; 곡물 빵; 실내 소형; 유력한 시드,"나무 도마 위에 놓인 곡물 빵 한 덩어리가 썰려 있고, 그 아래에는 밝은 색의 천이 깔려 있다."
bakery,qwen3,5128440,3gram,board light neutral; board slice arrange; cloth cutting board; colored cloth cutting; dark speck likely,A loaf of sliced bread arranged on a light-colored cloth cutting board.,보드 라이트 뉴트럴; 보드 슬라이스 배열; 천 도마; 색천 자르기; 어두운 점일 가능성이 높음,밝은 색의 천 도마 위에 놓인 슬라이스 빵 한 덩어리.
bakery,qwen3,5131242,1gram,roll; rectangular; speckle; seed; baked,"A rectangular, baked bread roll with a speckle of seeds, served on a light green plate with a few slices cut.",롤; 직사각형; 반점; 씨앗; 구운,"씨앗이 흩뿌려진 직사각형의 구운 빵 롤로, 연한 녹색 접시에 몇 조각으로 잘라 담겨 있다."
bakery,qwen3,5131242,2gram,baked bread; collection rectangular; crust speckle; dark seed; gray textured,"A collection of rectangular baked breads with a dark seed speckle, arranged on a gray textured plate with a few slices cut.",구운 빵; 컬렉션 직사각형; 껍질의 반점; 어둠의 씨앗; 회색 무늬,"짙은 색 씨앗이 흩뿌려진 직사각형 모양의 구운 빵들이, 회색 질감의 접시 위에 몇 조각이 잘려진 채로 놓여 있는 모습."
bakery,qwen3,5131242,3gram,arrange light green; baked bread roll; black olive roll; bread roll arrange; brown crust speckle,"A light green plate holds several baked bread rolls with a brown crust and black speckles, arranged neatly. Some rolls are sliced, revealing a soft interior.",연두색을 배치하세요; 구운 빵 롤; 블랙 올리브 롤; 롤빵 배열; 갈색 껍질의 반점,연두색 접시 위에는 갈색 껍질에 검은 반점이 흩뿌려진 구운 빵 롤이 몇 개 가지런히 놓여 있다. 일부 빵 롤은 잘려 있어 속이 부드럽게 드러나 있다.
bakery,qwen3,5131242,1gram,breadstick; dark; flatbread; focaccia; speck,"A plate of golden-brown, rectangular breadsticks with dark specks, some of which are broken to reveal a soft, airy interior.",브레드스틱; 어두운; 플랫브레드; 포카치아; 반점,짙은 반점이 흩뿌려진 황금빛 갈색의 직사각형 브레드스틱 한 접시. 그중 일부는 부러져 있어 부드럽고 폭신폭신한 속살이 드러나 있다.
bakery,qwen3,5131242,2gram,bake present; baked breadstick; breadstick arrange; breadstick break; breadstick freshly,"A plate of freshly baked breadsticks, with one broken to reveal the soft, airy interior.",구운 선물; 구운 브레드스틱; 브레드스틱 배열; 브레드스틱 휴식 시간; 갓 구운 브레드스틱,갓 구워낸 브레드스틱 한 접시. 그중 하나가 부러져 부드럽고 폭신폭신한 속이 드러나 있다.
bakery,qwen3,5131242,3gram,airy interior visible; bake present simple; baked breadstick likely; breadstick arrange light; breadstick break half,"A light-colored, rectangular baked breadstick with a visible airy interior, arranged on a plate and a few placed on the surface.",통풍이 잘 되는 실내 모습이 보인다; 현재 단순형 굽기; 아마 구운 브레드스틱일 것; 브레드스틱 조명을 배치하다; 브레드스틱을 반으로 쪼개기,"속이 푹신푹신해 보이는 밝은 색의 직사각형 모양 구운 브레드스틱이 접시에 담겨 있고, 그 표면 위에도 몇 개가 놓여 있다."
bakery,qwen3,5132010,1gram,cooky; box; clear; 10.6oz; brownie,"A clear plastic box containing a pack of Real Brownie Cookies, with a white box featuring illustrations of the cookies and a small rabbit character, and the brand name ""breadco"" is visible.",cooky; 상자; 지우기; 10.6온스; 브라우니,"‘리얼 브라우니 쿠키’ 한 팩이 들어 있는 투명한 플라스틱 상자에는, 쿠키와 작은 토끼 캐릭터가 그려진 흰색 상자와 브랜드명 “breadco”가 보입니다."
bakery,qwen3,5132010,2gram,box cooky; 10.6oz brand; 480g 10.6oz; arrange clear; base suggest,"A box of Real Brownie Cookie (리얼 브라우니쿠키) with a clear plastic tray containing 30 individual cookies, each with a chocolate chip design, presented on a light beige background.",박스 쿠키; 10.6온스 브랜드; 480g 10.6oz; 정리하기; 기본 제안,"리얼 브라우니쿠키 한 상자로, 투명한 플라스틱 트레이에 30개의 개별 쿠키가 담겨 있으며, 각 쿠키에는 초콜릿 칩 무늬가 들어 있고, 연한 베이지색 배경 위에 진열되어 있습니다."
bakery,qwen3,5132010,3gram,10.6oz brand bread co; 2 small cartoon; 480g 10.6oz brand; arrange clear plastic; base suggest chocolate,"A box of Real Brownie Cookie (리얼 브라우니쿠키) with a clear plastic packaging, featuring a stack of cookies and two small cartoon bunnies on the front.",10.6온스 브랜드 빵 회사; 작은 만화 2편; 480g 10.6oz 브랜드; 투명한 플라스틱을 준비하세요; 기본으로 초콜릿을 추천합니다,"투명한 플라스틱 포장으로 된 ‘리얼 브라우니쿠키’ 한 상자로, 앞면에는 쿠키가 쌓여 있고 두 마리의 작은 만화 토끼가 그려져 있습니다."
bakery,qwen3,5132010,1gram,cooky; tray; product; hold; plastic,"A box of Real Brownie Cookie (리얼 브라우니쿠키) from bread&co., featuring a stack of cookies and illustrated bunnies, with a clear plastic tray containing individual cookies.",cooky; 트레이; 제품; 보류; 플라스틱,"bread&co.의 ‘리얼 브라우니쿠키’ 한 상자로, 쿠키가 쌓여 있고 토끼 일러스트가 그려져 있으며, 개별 쿠키가 담긴 투명 플라스틱 트레이가 함께 들어 있습니다."
bakery,qwen3,5132010,2gram,tray cooky; 2040kcal cooky; 20g calorie; 24 cokie; 480g 20g,"A box of Real Brownie Cookie (리얼 브라우니쿠키) from bread&co., containing 20g x 24 pieces, with a net weight of 480g, featuring a cartoon illustration of a rabbit holding a cookie and a stack of cookies.","트레이 쿠키; 2040kcal 쿠키; 20g, 칼로리; 24 코키; 480g 20g","bread&co.의 ‘리얼 브라우니쿠키’ 한 상자로, 20g짜리 24개가 들어 있으며, 순중량은 480g입니다. 쿠키 한 개와 쿠키 더미를 들고 있는 토끼의 만화 일러스트가 그려져 있습니다."
bakery,qwen3,5132010,3gram,2 small rabbit; 2040kcal cooky individually; 20g calorie count; 24 cokie product; 480g 20g calorie,"A box of Real Brownie Cookie (리얼 브라우니쿠키) from bread&co., containing 20g per pack, with 480g total, featuring two small rabbits and a stack of cookies.","작은 토끼 2마리; 2040kcal 쿠키 1개당; 20g 당 칼로리; 24가지 쿠키 제품; 480g, 20g, 칼로리","bread&co.의 ‘리얼 브라우니쿠키’ 한 상자로, 1팩당 20g, 총 480g이며, 두 마리의 작은 토끼와 쿠키 더미가 그려져 있습니다."
bakery,qwen3,5138995,1gram,loaf; artisan bakery; takumiya; bread; box,"A loaf of bread from Takumiya, presented in a white box.",빵 한 덩어리; 수제 베이커리; 타쿠미야; 빵; 상자,타쿠미야의 빵 한 덩어리가 흰색 상자에 담겨 있습니다.
bakery,qwen3,5138995,2gram,artisan bakery bread; box box; cloth white; loaf rectangular; rectangular slightly,"A rectangular loaf of artisan bakery bread, presented on a white cloth, with a white box featuring the brand name ""TAKUMIYA"" in the background.",수제 베이커리 빵; 상자 상자; 흰색 천; 직사각형 빵; 약간 직사각형 모양의,"흰색 천 위에 놓인 직사각형 모양의 수제 빵 한 덩어리와, 그 뒤로 브랜드명 “TAKUMIYA”가 적힌 흰색 상자가 보인다."
bakery,qwen3,5138995,3gram,artisan bakery bread golden; box box text; box text takumiya; clean minimalist design; cloth white box,"A loaf of golden-brown artisan bakery bread, presented on a white cloth with its original packaging, which features the brand name ""TAKUMIYA"" in a clean, minimalist design.","수제 베이커리 빵, 황금빛; 상자 상자 텍스트; 박스 텍스트 타쿠미야; 깔끔하고 미니멀한 디자인; 흰색 천 상자","황금빛 갈색의 수제 빵 한 덩어리가 흰색 천 위에 놓여 있으며, 깔끔하고 미니멀한 디자인으로 브랜드명 “TAKUMIYA”가 새겨진 원래 포장지에 담겨 있습니다."
bakery,qwen3,5138995,1gram,loaf; bread; slice; board; diagonal,"A loaf of bread with several slices cut from it, resting on a wooden board.",빵 한 덩어리; 빵; 슬라이스; 게시판; 대각선,몇 조각이 잘려 나간 빵 한 덩어리가 나무 판 위에 놓여 있다.
bakery,qwen3,5138995,2gram,arrange diagonal; board set; bread light; diagonal line; gray single,"A loaf of light-colored bread, sliced and arranged diagonally on a wooden board.",대각선 배열; 보드 세트; 빵 조명; 대각선; 회색 싱글,밝은 색의 빵 한 덩어리를 썰어 나무 판 위에 대각선으로 늘어놓은 모습.
bakery,qwen3,5138995,3gram,arrange diagonal line; board set neutral; bread light golden; cut loaf arrange; diagonal line bread,"A loaf of light golden bread, sliced and arranged diagonally on a wooden board.","대각선을 그어 보기; 보드 설정: 중립; 빵은 연한 황금색; 빵 썰기, 배열하기; 대각선 줄무늬 빵",옅은 황금빛 빵 한 덩어리를 썰어 나무 판 위에 대각선으로 늘어놓은 모습.
convenience_meals,hyperclovax,1000029142,1gram,sandwich; bread; filling; character; chinese,"Three triangular sandwich bags with Chinese text and images of sandwiches, accompanied by a white plate featuring a neatly arranged sandwich cut into quarters, showcasing layers of bread and filling.",샌드위치; 빵; 채우기; 문자; 중국어,"중국어 문구와 샌드위치 이미지가 그려진 삼각형 샌드위치 봉지 3개와, 4등분된 샌드위치가 가지런히 놓여 있어 빵과 속 재료의 층이 잘 드러나는 흰색 접시가 함께 있습니다."
convenience_meals,hyperclovax,1000029142,2gram,bread visible; character sandwich; cheese bread; chinese character; color smooth,Three triangular sandwich bags with Chinese characters and a white plate holding three triangular sandwiches with visible layers of bread and filling.,빵이 보인다; 캐릭터 샌드위치; 치즈 빵; 한자; 색상 부드럽게,"한자 문구가 적힌 삼각형 샌드위치 봉지 세 개와, 빵과 속 재료의 층이 뚜렷이 보이는 삼각형 샌드위치 세 개가 담긴 흰색 접시."
convenience_meals,hyperclovax,1000029142,3gram,arrange neatly white; bread visible filling; brown color smooth; character sandwich present; cheese bread light,"A neatly arranged plate of three triangular sandwiches, each featuring light brown bread with visible fillings of cheese and possibly other ingredients, presented on a white plate.","하얀색을 깔끔하게 정리하다; 빵 속의 속이 보이는; 갈색, 매끄러운; 캐릭터 샌드위치 선물; 가벼운 치즈 빵","하얀 접시 위에 깔끔하게 정돈된 세 개의 삼각형 샌드위치가 놓여 있는데, 각각 연한 갈색 빵으로 만들어졌으며 치즈와 아마도 다른 재료들로 채워진 속이 훤히 드러나 있다."
convenience_meals,hyperclovax,1000029142,1gram,sandwich; ham; bread; cheese; yellow,"Three triangular sandwich halves on a white plate, featuring layers of yellow cheese, pink ham, and light brown bread.",샌드위치; 햄; 빵; 치즈; 노란색,"흰 접시 위에 놓인 세 조각의 삼각형 샌드위치 반쪽에는 노란 치즈, 분홍색 햄, 연한 갈색 빵이 층층이 쌓여 있다."
convenience_meals,hyperclovax,1000029142,2gram,3 triangular; alternate layer; arrange alternate; arrange layered; bread cut,"Three triangular sandwich halves arranged on a white plate, showcasing layers of bread, cheese, and ham.",3개의 삼각형; 교대층; 교대로 배열하다; 겹쳐서 배열하다; 빵 자르기,"흰 접시 위에 놓인 세 개의 삼각형 샌드위치 반쪽이 빵, 치즈, 햄이 층층이 쌓인 모습을 보여주고 있다."
convenience_meals,hyperclovax,1000029142,3gram,3 triangular piece; alternate layer cheese; arrange alternate layer; arrange layered manner; bread cut wedge,"A neatly arranged sandwich on a white plate, featuring triangular pieces of bread with alternating layers of yellow cheese and pink ham, presented in a layered manner.",삼각형 조각 3개; 교대로 층을 이룬 치즈; 교대로 층을 배열하다; 겹겹이 배열하다; 쐐기 모양으로 자른 빵,"하얀 접시 위에 깔끔하게 담겨 있는 샌드위치로, 삼각형 모양의 빵 사이에 노란 치즈와 분홍색 햄이 번갈아 가며 층층이 쌓여 있다."
convenience_meals,hyperclovax,1000127954,1gram,wrapper; wrap; flavor; variety; available,"A selection of six different burrito wraps, each with unique flavor profiles such as sweet potato cheese, bacon chicken, and hot chili, presented in various packaging colors including black, white, and purple.",래퍼; wrap; 풍미; 다양성; 이용 가능,"고구마 치즈, 베이컨 치킨, 핫 칠리 등 각기 다른 맛을 자랑하는 6가지 부리토를 엄선하여, 검정, 흰색, 보라색 등 다양한 색상의 포장으로 선보입니다."
convenience_meals,hyperclovax,1000127954,2gram,carbonara burrito morning egg bacon burrito; color wrapper; colored label; combination pizza burrito carbonara burrito; different colored,"A selection of burrito wraps in various flavors and colors, including sweet potato cheese, bacon, and chicken, presented in different packaging styles.","카르보나라 부리토, 아침용 계란 베이컨 부리토; 컬러 래퍼; 색상 라벨; 콤비네이션 피자 부리토, 카르보나라 부리토; 색이 다른","고구마 치즈, 베이컨, 치킨 등 다양한 맛과 색상의 부리토 랩을 엄선하여, 각기 다른 포장 스타일로 선보입니다."
convenience_meals,hyperclovax,1000127954,3gram,black purple text; burrito wrap wrap; carbonara burrito morning egg bacon burrito hot chicken burrito; color wrapper range; colored label wrapper,"A selection of burrito wraps in various flavors, including sweet potato cheese, carbonara, and hot chicken, presented in different colored wrappers such as black, purple, and white.","검은색과 보라색 텍스트; 부리토 랩 랩; 카르보나라 부리토, 모닝 에그 베이컨 부리토, 핫 치킨 부리토; 컬러 래퍼 범위; 색상 라벨 포장지","고구마 치즈, 카르보나라, 핫 치킨 등 다양한 맛의 부리토를 엄선하여, 검정, 보라, 흰색 등 색상이 각기 다른 랩에 담아 제공합니다."
convenience_meals,hyperclovax,1000127954,1gram,burritos; elongate; tortilla; corn; ground,"Elongated tortillas filled with a mixture of ground meat and corn, served on a white plate.",부리토; 늘리다; 토르티야; 옥수수; 지면,다진 고기와 옥수수를 섞어 속을 채운 길쭉한 토르티야를 흰 접시에 담아 낸 요리.
convenience_meals,hyperclovax,1000127954,2gram,burrito burritos; burritos arrange; burritos elongate; content focus; corn possibly,"A plate of burritos showcasing a variety of fillings, including what appears to be corn and meat, with one burrito cut open to reveal its colorful contents.",부리토 부리토들; 부리토 배열하기; 부리토가 길어진다; 콘텐츠 중점; 아마도 옥수수일 수도,"옥수수와 고기로 보이는 재료를 비롯해 다양한 속재료가 들어간 부리토 한 접시로, 그중 하나는 반으로 잘려 있어 알록달록한 속이 드러나 있다."
convenience_meals,hyperclovax,1000127954,3gram,brown color suggest; burrito burritos elongate; burritos arrange white; burritos elongate cylindrical; color suggest tortilla,"A plate of elongated burritos with a brown color suggesting a savory filling, arranged on a white plate.","갈색은 ~을 암시한다; 부리토, 부리토들이 길어진다; 부리토를 흰색 순서대로 배열하세요; 부리토는 길쭉한 원통형이다; 색상: 토르티야","흰 접시 위에, 풍미 가득한 속재료가 들어 있을 것 같은 갈색을 띤 길쭉한 부리토들이 한 접시 가득 담겨 있다."
convenience_meals,hyperclovax,1000165839,1gram,product; english; packaging; boxed; cooked white rice,"A package of six boxes of cooked white rice, labeled ""햇반 작은공기"" (Hattban Small Rice), is displayed on a plain background.",제품; 영어; 포장; 박스 포장된; 지은 흰쌀밥,“햇반 작은공기”라고 적힌 조리된 백미 6개입 패키지가 단색 배경 위에 진열되어 있다.
convenience_meals,hyperclovax,1000165839,2gram,arrangement neat; bowl front; box stack; boxed product; branding design,"A boxed product of ""햇반 작은공기"" rice, with a 6-pack arrangement, presented in a neat box design.",정돈된 배열; 볼 프론트; 박스 스택; 박스 포장 제품; 브랜딩 디자인,"“햇반 작은공기” 밥의 박스 제품으로, 6개들이 세트로 구성되어 있으며 깔끔한 박스 디자인으로 포장되어 있습니다."
convenience_meals,hyperclovax,1000165839,3gram,accent clear rice; arrangement neat organize; bowl front text; box stack small; boxed product label,"A package of six small containers of rice, labeled ""햇반 작은공기"" (Hattban Small Rice), is neatly arranged in a box with a clear image of the rice inside.","아센트 클리어 라이스; 정리, 정돈, 체계화; 볼 프론트 텍스트; 작은 상자 더미; 박스 포장 제품 라벨","“햇반 작은공기”라고 적힌 작은 밥 용기 6개가 들어 있는 한 세트가, 안에 들어 있는 밥의 모습이 선명하게 보이는 상자 안에 가지런히 정리되어 있습니다."
convenience_meals,hyperclovax,1000165839,1gram,product; packaging; 작은공기; accent; lid,"A package of HEBAN COOKED WHITE RICE in a compact, white container with a red label, featuring a bowl of rice on the packaging.",제품; 포장; 작은공기; 악센트; 뚜껑,"빨간색 라벨이 붙은 흰색의 콤팩트한 용기에 담긴 ‘HEBAN COOKED WHITE RICE’ 한 팩으로, 포장지에는 밥 한 그릇이 그려져 있습니다."
convenience_meals,hyperclovax,1000165839,2gram,appeal nutritional; clear cook; cook white; lid packaging; nutritional content,"A package of six containers of cooked white rice, labeled ""햇반 작은공기"" (Hateban Small Bowl), with a total weight of 130g each.",영양 보충; 클리어 쿡; 화이트 쿡; 뚜껑이 있는 포장; 영양 성분,"“햇반 작은공기”라고 표시된 조리된 백미 6개입 패키지로, 각 용기의 총 중량은 130g입니다."
convenience_meals,hyperclovax,1000165839,3gram,accent clear cook; appeal nutritional content; bowl product cylindrical; brand 햇반 prominently; clear cook white,"A package of six cylindrical containers of cooked white rice, branded ""햇반"" (Hateban), with a total weight of 130g each, presented in a red and white design.","악센트, 명확, 요리; 영양 성분 정보; 그릇형 원통형 제품; '햇반' 브랜드를 눈에 띄게; 투명, 쿡, 화이트","“햇반”이라는 브랜드가 붙은, 각각 총 중량 130g인 원통형 조리된 백미 용기 6개가 들어 있는 한 세트로, 빨간색과 흰색으로 디자인되어 있습니다."
convenience_meals,hyperclovax,1000169817,1gram,product; rice; ottogi cooked rice; sticker; 흰밥,"Ottogi cooked rice in yellow packaging with a white rice cup and a yellow lid, featuring the brand name ""Ottogi"" and the product name ""흰밥"" (white rice).",제품; 쌀; 오토기 지은 밥; 스티커; 흰밥,"노란색 포장에 흰색 밥그릇 모양 용기와 노란색 뚜껑이 달린 오토기 즉석밥으로, 브랜드명 “오토기”와 제품명 “흰밥”이 표기되어 있습니다."
convenience_meals,hyperclovax,1000169817,2gram,rice packaging; 210g red; arrange stack; brand 오뚜기; container partially,"A stack of white rice containers with yellow labels, featuring the brand name ""오뚜기"" and the product name ""현밥"" in Korean, along with the quantity ""210g"" and a red banner indicating ""12"" packs.",쌀 포장; 210g 빨간색; 스택 정렬; 브랜드 오뚜기; 컨테이너의 일부,"노란색 라벨이 붙은 흰 쌀밥 용기 더미로, 라벨에는 한국어로 브랜드명 “오뚜기”과 제품명 “현밥”이 적혀 있으며, 용량은 “210g”이고 “12”팩임을 나타내는 빨간색 배너가 붙어 있다."
convenience_meals,hyperclovax,1000169817,3gram,210g red white; arrange stack container; brand 오뚜기 clearly; clearly visible product; container partially open,"A stack of white rice containers with yellow lids, labeled ""오뚜기 현밥"" (Ottogi Brown Rice), is shown on a plain surface with a box of the same product in the background.",210g 빨강·흰색; 스택 컨테이너 정렬; 오뚜기라는 브랜드가 확실히; 한눈에 잘 보이는 제품; 용기가 부분적으로 열려 있습니다,"“오뚜기 현밥”이라고 적힌 노란색 뚜껑이 달린 흰 쌀밥 용기들이 평범한 표면 위에 쌓여 있고, 배경에는 같은 제품의 상자가 하나 놓여 있다."
convenience_meals,hyperclovax,1000169817,1gram,box; product; rice; yellow; barcode,"Ottogi Cooked Rice in yellow packaging, with a box in the background displaying the same product.",상자; 제품; 쌀; 노란색; 바코드,"노란색 포장의 오토기 즉석밥과, 배경에 같은 제품이 진열된 상자가 보인다."
convenience_meals,hyperclovax,1000169817,2gram,210g package; accent cover; barcode quantity; box include; box yellow,"Ottogi Cooked Rice, 210g, packaged in yellow and white containers, with a box that includes 12 individual servings, featuring a smiling rice image and the text ""Ottogi Cooked Rice"" prominently displayed.",210g 포장; 악센트 커버; 바코드 수량; 상자 내용물; 노란색 상자,"오토기 즉석밥, 210g, 노란색과 흰색 용기에 담겨 있으며, 12인분이 들어 있는 상자에는 웃는 쌀 그림과 “오토기 즉석밥”이라는 문구가 눈에 띄게 표시되어 있습니다."
convenience_meals,hyperclovax,1000169817,3gram,210g package overall; accent cover print; barcode quantity 210g; box include nutritional; box yellow label,"Ottogi Cooked Rice, 210g, packaged in yellow and white, with a box that includes nutritional information and a barcode quantity of 210g.",총 210g 포장; 악센트 커버 프린트; 바코드 수량 210g; 상자에는 영양 성분이 포함되어 있습니다; 노란색 라벨이 붙은 상자,"오토기 즉석밥, 210g, 노란색과 흰색으로 포장되어 있으며, 상자에는 영양 정보와 바코드가 기재되어 있고 용량은 210g입니다."
convenience_meals,hyperclovax,1000170826,1gram,99핫도그; snack; kurly; manufacturer; hotdog,"A plate of crispy, golden-brown hotdogs with a filling, presented in a simple, clean layout with packaging and a plain background.",99핫도그; 간식; kurly; 제조업체; 핫도그,"속이 꽉 찬 바삭하고 노릇노릇한 핫도그 한 접시가, 심플하고 깔끔한 구도로 포장지와 무늬 없는 배경과 함께 담겨 있다."
convenience_meals,hyperclovax,1000170826,2gram,99핫도그 hotdog; 99핫도그 prominently; beige brown; brand kurly; brown exterior,"A plate of crispy, golden-brown hotdogs with a brown exterior, each on a stick, accompanied by packaging that reads ""99핫도그 by kurly"" and ""크리스피 핫도그"" in Korean, suggesting a savory, fried snack product.",99 핫도그 핫도그; 99 핫도그가 눈에 띄게; 베이지 갈색; 브랜드: Kurly; 갈색 외관,"겉면이 갈색으로 바삭하고 노릇노릇한 핫도그 한 접시로, 각각 꼬치에 꽂혀 있으며, 포장지에는 한국어로 “kurly의 99핫도그”와 “크리스피 핫도그”라고 적혀 있어, 고소한 튀김 간식 제품임을 암시한다."
convenience_meals,hyperclovax,1000170826,3gram,99핫도그 hotdog present; 99핫도그 prominently brand; arrange neatly plate; beige brown white; brand kurly visible,"A plate of crispy, golden-brown hot dogs with a filling, presented in a neat arrangement, accompanied by packaging that reads ""99핫도그 by kurly"" and ""크리스피 치즈 핫도그"" (crispy cheese hot dog).","99 핫도그 핫도그 선물; 99 핫도그의 브랜드 로고가 눈에 띄게 표시되어 있다; 접시에 가지런히 담다; 베이지색, 갈색, 흰색; 브랜드 Kurly 표시됨","속이 꽉 찬 바삭하고 노릇노릇한 핫도그가 깔끔하게 정렬되어 담긴 접시와, “99핫도그 by kurly” 및 “크리스피 치즈 핫도그”라고 적힌 포장지가 함께 제공됩니다."
convenience_meals,hyperclovax,1000170826,1gram,hotdog; sausage; cut; food; stick,"A pair of golden-brown, crispy fried food items on white plates, each skewered on a stick, with one cut to reveal a sausage inside.",핫도그; 소시지; 잘라내기; 음식; 막대기,"흰 접시 위에 놓인 황금빛 갈색의 바삭하게 튀겨진 음식 두 개는 각각 꼬치에 꽂혀 있으며, 그중 하나는 잘려 있어 안쪽에 소시지가 드러나 있다."
convenience_meals,hyperclovax,1000170826,2gram,hotdog hotdog; appearance hotdog; batter deep; characterize golden; color highlight,"Golden-brown fried hotdog on a stick, served on a white plate.",핫도그 핫도그; 외관: 핫도그; 타석 깊숙이; '골든'의 특징을 설명하다; 색상 강조 표시,금빛 갈색으로 노릇노릇하게 튀겨진 꼬치에 꽂힌 핫도그가 하얀 접시에 담겨 있다.
convenience_meals,hyperclovax,1000170826,3gram,batter deep fry; characterize golden brown; coating likely batter; color highlight food; crispy coating likely,"Golden brown, crispy fried food on a white plate, likely a type of breaded and deep-fried snack with a soft, white interior and a sausage filling.",반죽을 입혀 튀기기; 황금빛 갈색을 묘사하다; 코팅이 묻은 반죽; 음식 색상 강조; 바삭한 겉면이 될 가능성이 높음,"하얀 접시 위에 놓인 황금빛을 띠고 바삭하게 튀겨진 음식으로, 아마도 빵가루를 입혀 튀긴 간식류일 것이며, 속은 부드럽고 하얗고 소시지가 들어 있을 것으로 보인다."
convenience_meals,hyperclovax,1000185462,1gram,riceballs; package; product; 500g; create,"A collection of six frozen food packages featuring various types of chicken products, including chicken cutlets, chicken kimbap, chicken riceballs, chicken kimbap, chicken riceballs, and chicken kimbap, each with a weight of 500 grams.",주먹밥; 패키지; 제품; 500g; 만들기,"치킨 커틀릿, 치킨 김밥, 치킨 주먹밥 등 다양한 종류의 치킨 제품이 포함된 6종 냉동 식품 세트로, 각 제품의 중량은 500그램입니다."
convenience_meals,hyperclovax,1000185462,2gram,500g product; clear weight; create visually; flavor package; front packaging,"A collection of six frozen food packages featuring various types of chicken products, including chicken cutlets, chicken kimbap, chicken wraps, chicken nuggets, and chicken wraps with a spicy sauce, each labeled with the brand name ""햇반"" and the weight ""500g.""",500g 제품; 순중량; 시각적으로 표현하다; 맛 패키지; 전면 포장,"치킨 커틀릿, 치킨 김밥, 치킨 랩, 치킨 너겟, 매운 소스를 곁들인 치킨 랩 등 다양한 종류의 치킨 제품이 들어 있는 냉동 식품 6종 세트로, 각 제품에는 브랜드명 “햇반”과 중량 “500g”이 표기되어 있습니다."
convenience_meals,hyperclovax,1000185462,3gram,500g product arrange; clear weight label; color text indicate; cooked riceballs front; create visually appeal,"A collection of six frozen food packages featuring various types of chicken products, including chicken cutlets, chicken kimbap, chicken riceballs, chicken dumplings, and chicken wraps, each with a weight of 500 grams. The packaging highlights the food items with images of the cooked products and text indicating the brand and product type.",500g 제품 진열; 순중량 라벨; 색상이 있는 텍스트는 다음을 나타냅니다.; 조리된 주먹밥 (정면); 시각적 매력을 창출하다,"치킨 커틀릿, 치킨 김밥, 치킨 주먹밥, 치킨 만두, 치킨 랩 등 다양한 종류의 치킨 제품이 포함된 6종 냉동 식품 세트로, 각 제품의 중량은 500그램입니다. 포장에는 조리된 제품의 이미지와 브랜드 및 제품명을 나타내는 문구가 표시되어 있어 제품들이 잘 드러나도록 되어 있습니다."
convenience_meals,hyperclovax,1000185462,1gram,riceballs; product; package; balls; butter,"A collection of six packaged frozen food items from the brand ""햇반"" (Hattaban), featuring various types of breaded and fried food products, including chicken, fish, and vegetable-based options, each with a distinct color and flavor, such as spicy, cheese, and garlic.",주먹밥; 제품; 패키지; 공; 버터,"“햇반” 브랜드의 포장 냉동 식품 6종 세트로, 닭고기, 생선, 채소 등을 주재료로 한 다양한 종류의 빵가루를 입혀 튀긴 음식으로 구성되어 있으며, 각 제품은 매운맛, 치즈맛, 마늘맛 등 고유한 색상과 맛을 지니고 있습니다."
convenience_meals,hyperclovax,1000185462,2gram,balls 스팸김치주먹밥; butter marinated; garnish package; green garnish; logo brand,"A collection of six packaged frozen food items from the brand ""햇반"" (Hattban), featuring various types of chicken and vegetable-based products, including chicken nuggets, spicy chicken, and butter garlic chicken. Each package showcases a different flavor with images of the cooked food items and text indicating the product name and weight. The packaging is predominantly white with color accents to highlight each product's unique characteristics.",; 버터에 재운; 가니쉬 패키지; 초록색 장식; 로고 브랜드,"“햇반” 브랜드의 냉동 식품 6종 세트로, 치킨 너겟, 매운 치킨, 버터 갈릭 치킨 등 다양한 종류의 닭고기 및 채소 기반 제품이 포함되어 있습니다. 각 패키지에는 조리된 음식의 이미지와 제품명, 중량을 나타내는 문구가 함께 표시되어 있으며, 제품마다 다른 맛을 선보입니다. 포장은 주로 흰색을 기본으로 하며, 각 제품의 독특한 특징을 강조하기 위해 색상을 포인트로 사용했습니다."
convenience_meals,hyperclovax,1000185462,3gram,balls 스팸김치주먹밥 버터장조림주먹밥; brand 햇반 white; butter marinated stuffed; circular logo brand; color scheme cooked,"A selection of frozen chicken nuggets and stuffed rice balls from the brand (햇반), including varieties such as (햇반) 김치치즈주먹밥, (햇반) 참치마요주먹밥, (햇반) 치즈닭갈비주먹밥, (햇반) 불고기주먹밥, and (햇반) 스팸김치주먹밥, presented in a variety of packaging colors.",; 브랜드 햇반 화이트; 버터에 재운 속을 채운; 원형 로고 브랜드; 색상 구성 완성,"이 브랜드(햇반)의 냉동 치킨 너겟과 주먹밥 제품들로, (햇반) 김치치즈주먹밥, (햇반) 참치마요주먹밥, (햇반) 치즈닭갈비주먹밥, (햇반) 불고기주먹밥, (햇반) 스팸김치주먹밥 등 다양한 종류가 있으며, 각기 다른 색상의 포장으로 제공됩니다."
convenience_meals,hyperclovax,1000202889,1gram,product; box; logo; packaging; rice,"A package of instant rice, specifically ""햇반"" brand instant rice, is displayed with a box and a bowl of cooked rice, highlighting its convenience and quick preparation.",제품; 상자; 로고; 포장; 쌀,"인스턴트 밥, 특히 ‘햇반’ 브랜드의 인스턴트 밥 한 팩이 상자와 밥 한 그릇과 함께 진열되어 있어, 이 제품의 편리함과 빠른 조리 방법을 강조하고 있다."
convenience_meals,hyperclovax,1000202889,2gram,logo text; 6개입 rice; benefit overall; bowl packaging; box plastic,"A package of instant rice, specifically ""햇반"" brand instant rice, is displayed with a bowl of cooked rice in front of it. The packaging is predominantly white with a red circular logo and text indicating the product name and quantity. The rice is shown in a bowl, and the packaging includes a box with the same branding and a clear image of the rice. The text on the packaging highlights the product's convenience and quick preparation, with the brand name ""햇반"" prominently displayed.",로고 텍스트; 6. 개입 쌀; 전반적인 이점; 볼 포장; 플라스틱 상자,"인스턴트 밥, 특히 ‘햇반’ 브랜드의 인스턴트 밥 한 팩이, 그 앞에 밥 한 그릇과 함께 진열되어 있습니다. 포장은 주로 흰색 바탕에 빨간색 원형 로고와 제품명 및 용량을 나타내는 문구가 인쇄되어 있다. 밥은 그릇에 담겨 있는 모습이 보여지며, 포장에는 동일한 브랜드 로고와 밥의 선명한 이미지가 담긴 상자가 포함되어 있다. 포장지의 문구는 제품의 편리함과 빠른 조리 방법을 강조하고 있으며, 브랜드명인 “햇반”이 눈에 띄게 표시되어 있다."
convenience_meals,hyperclovax,1000202889,3gram,6개입 rice bowl; benefit overall presentation; bowl packaging include; bowl product logo; box plastic window,"A package of instant rice, specifically ""햇반"" brand instant rice, is displayed with a box and a bowl of rice, featuring a light purple background and a design that highlights the product's convenience and packaging.",6가지 개입이 들어간 덮밥; 전체적인 프레젠테이션의 장점; 그릇 포장에는 다음이 포함됩니다.; 그릇 제품 로고; 플라스틱 창문 상자,"인스턴트 밥 한 팩, 특히 ‘햇반’ 브랜드의 인스턴트 밥이 상자와 밥 한 그릇과 함께 진열되어 있으며, 연보라색 배경을 바탕으로 제품의 편리함과 포장을 강조하는 디자인이 돋보입니다."
convenience_meals,hyperclovax,1000202889,1gram,rice; product; packaging; state; 햇반 언제나 향긋한 골든퀸쌀밥,"A container of 햇반 언제나 향긋한 골든퀸쌀밥, a single serving of rice, packaged in a white lid with a purple label.",쌀; 제품; 포장; 상태; 햇반 언제나 향긋한 골든퀸쌀밥,"햇반 언제나 향긋한 골든퀸쌀밥 한 끼 분량의 밥이 들어 있는 용기로, 흰색 뚜껑에 보라색 라벨이 붙어 있습니다."
convenience_meals,hyperclovax,1000202889,2gram,product packaging; rice product; 210 g 6개입 indicate; bowl smooth; brand rice,"A container of rice product labeled ""햇반"" (Hattban) with ""연제나 향긋한 골든퀸쌀밥"" (Yeonjeona Hwanggeot han golden quinn rice) in a white bowl, accompanied by a box of the same product, is displayed on a light purple background.",제품 포장; 쌀 제품; 210g 6개 개입은 다음을 나타냅니다.; 그릇을 매끄럽게 닦다; 브랜드 쌀,"밝은 보라색 배경 위에, 흰 그릇에 담긴 “햇반”이라고 표시된 쌀 제품과 “연제나 향긋한 골든퀸쌀밥”이라고 적힌 같은 제품의 상자가 함께 진열되어 있다."
convenience_meals,hyperclovax,1000202889,3gram,rice product packaging; 210 g 6개입 indicate weight; bowl smooth white; box label 햇반 언제나 향긋한 골든퀸쌀밥; brand rice bowl,"A package of rice product labeled ""햇반 언제나 향긋한 골든퀸쌀밥"" (Hattban Anywhere Golden Queen Rice) with a weight of 210g per box, containing six individual rice bowls.","쌀 제품 포장; 210g, 6개 개입은 중량을 나타냅니다; 매끄러운 흰색 그릇; 상자 라벨: ‘햇반 언제나 향긋한 골든퀸쌀밥’; 브랜드 밥그릇","“햇반 언제나 향긋한 골든퀸쌀밥”이라고 표시된 쌀 제품 한 팩으로, 1박스당 무게는 210g이며, 개별 포장된 밥 그릇 6개가 들어 있습니다."
convenience_meals,hyperclovax,1000308975,1gram,bag; snack; small; 99닭강정; 99닭강정 by curly,"A package of 99닭강정 by Curly, featuring a bag of seasoned fried chicken pieces with a side of chicken pieces on a fork, presented against a plain yellow background.",가방; 간식; 작은; 99닭강정; curly의 99 닭강정,"Curly의 99개입 닭강정 패키지로, 양념된 튀긴 닭고기 조각이 든 봉지와 포크에 꽂힌 닭고기 조각이 함께 담겨 있으며, 심플한 노란색 배경 위에 배치되어 있습니다."
convenience_meals,hyperclovax,1000308975,2gram,99닭강정 packaging; 99닭강정 by curly large; bag 99닭강정; bag print; bag prominently,"A large brown bag of 99닭강정, featuring a prominent print of the product and a fork with a piece of the chicken on it, set against a plain yellow background.",99 닭강정 포장; curly large의 99 닭강정; 99봉지 닭강정; 가방 프린트; 가방을 눈에 띄게,"단순한 노란색 배경 위에 제품 이미지와 닭고기 한 조각이 꽂힌 포크가 선명하게 인쇄된, 99 닭강정이 들어 있는 커다란 갈색 봉지."
convenience_meals,hyperclovax,1000308975,3gram,99닭강정 packaging brown; 99닭강정 by curly large bold; bag 99닭강정 packaging; bag print product; bag prominently text,"A large brown bag of 99닭강정, featuring a prominent print of the product and a fork with a piece of the chicken, set against a plain yellow background.","99 닭강정 갈색 포장지; 99 닭강정 (글꼴: curly, 크기: large, 굵기: bold); 99번 닭강정 포장용 봉투; 가방 프린트 제품; 가방에 눈에 띄게 적힌 문구","단순한 노란색 배경 위에 제품 이미지와 닭고기 한 조각이 꽂힌 포크가 눈에 띄게 인쇄된, 99닭강정이 들어 있는 커다란 갈색 봉지."
convenience_meals,hyperclovax,1000308975,1gram,dakgangjeong; sauce; pile; glossy; shiny,"A plate of glossy, brown sauce-coated fried chicken pieces with a smaller plate of cut pieces on the side, accompanied by a fork.",닭강정; 소스; 더미; 광택 있는; 반짝이는,"윤기 나는 갈색 소스가 듬뿍 묻은 프라이드 치킨 조각들이 담긴 접시와, 그 옆에 작은 접시에 담긴 잘게 썬 치킨 조각들, 그리고 포크가 곁들여져 있다."
convenience_meals,hyperclovax,1000308975,2gram,appearance arrange; arrange pile; brown interior; dakgangjeong coat; dakgangjeong dakgangjeong,"A plate of crispy, glazed chicken wings with a rich, brown sauce, accompanied by a smaller plate of half-eaten wings, all set against a plain, light-colored background.",외관 정리; 더미 정리하기; 갈색 인테리어; 다강정 코트; 닭강정 닭강정,"바삭하고 글레이즈가 입혀진 치킨 윙 한 접시에 진한 갈색 소스가 곁들여져 있고, 그 옆에는 반쯤 먹은 윙이 담긴 작은 접시가 놓여 있으며, 이 모든 것이 심플하고 밝은 색상의 배경 위에 배치되어 있다."
convenience_meals,hyperclovax,1000308975,3gram,appearance arrange pile; appetizing manner emphasize; arrange pile white; brown interior sauce; brown sauce shiny,"A plate of crispy, glazed chicken wings with a rich, brown sauce, served on a white plate with a fork resting beside it.","외관 정리 더미; 식욕을 돋우는 방식으로 강조하다; 정렬된 더미, 흰색; 갈색 소스; 갈색 소스가 반짝반짝하다","바삭하고 글레이즈가 입혀진 닭날개 한 접시에 진한 갈색 소스가 곁들여져 있으며, 흰 접시에 담겨 있고 그 옆에는 포크가 놓여 있다."
convenience_meals,hyperclovax,1000572062,1gram,soup; beef; mushroom; pot; onion,A pot of beef and mushroom soup with noodles and vegetables.,수프; 소고기; 버섯; 냄비; 양파,면과 채소가 들어간 소고기와 버섯 수프 한 그릇.
convenience_meals,hyperclovax,1000572062,2gram,light brown; green onion; allow content; beef soup; broth sliced,"A pot of beef soup with noodles, mushrooms, and vegetables, ready to be cooked.","밝은 갈색; 파; 콘텐츠 허용; 소고기 국; 국물, 얇게 썬","면, 버섯, 채소가 들어간 소고기 국 한 냄비. 이제 끓이기만 하면 됩니다."
convenience_meals,hyperclovax,1000572062,3gram,2 handle broth; allow content clearly; beef mushroom green; beef soup soup; broth clear light,"A pot of beef and mushroom soup with clear noodles and garnished with green onions, ready to be served.","2 숟가락 분량의 육수; 콘텐츠를 명확하게 허용; 소고기, 버섯, 채소; 소고기 국물 국; 맑고 투명한 국물","투명한 면이 들어간 소고기와 버섯 수프 한 그릇에 파를 얹어, 이제 바로 먹을 수 있게 준비되었습니다."
convenience_meals,hyperclovax,1000572062,1gram,stew; broth; beef; flat; flavorful,"A hearty beef stew with noodles, mushrooms, and vegetables in a black pot.",스튜; 육수; 소고기; 평평한; 풍미가 풍부한,"검은 냄비에 면, 버섯, 채소가 듬뿍 들어간 푸짐한 소고기 스튜."
convenience_meals,hyperclovax,1000572062,2gram,beef variety; black round; bowl 2; bowl beef; broth stew,"A hearty beef stew in a black round bowl, featuring tender beef slices, mushrooms, and noodles in a rich broth.",소고기 종류; 검은색 원형; 그릇 2; 볼 비프; 육수 스튜,"검은색 둥근 그릇에 담긴 푸짐한 소고기 스튜로, 부드러운 소고기 슬라이스, 버섯, 면이 진한 육수에 듬뿍 들어 있습니다."
convenience_meals,hyperclovax,1000572062,3gram,beef variety vegetable; black round shallow; bowl 2 handle; bowl beef stew; broth stew serve,"A bowl of beef stew with noodles, mushrooms, and vegetables in a black round shallow pot with two handles.","소고기, 각종 채소; 검은색 둥근 얕은 그릇; 그릇 2개, 손잡이; 소고기 스튜 한 그릇; 육수, 스튜, 제공","손잡이가 두 개 달린 검은색 둥근 얕은 냄비에 면, 버섯, 채소가 들어간 소고기 스튜 한 그릇."
convenience_meals,hyperclovax,1000619042,1gram,dumpling; bibigo 통새우 만두; 통새우 만두; bibigo; end,"Bibigo Whole Shrimp Dumplings, a package of six dumplings featuring a golden-brown, crispy exterior and a visible shrimp filling, presented in a green and black packaging with the brand name ""bibigo"" prominently displayed.",만두; 비비고통새우 만두; 통새우 만두; 비비고; 끝,"‘비비고 통새우 만두’는 바삭하고 노릇노릇한 겉면과 속의 새우가 훤히 보이는 만두 6개가 들어 있는 제품으로, 브랜드명 ‘bibigo’가 눈에 띄게 표시된 녹색과 검은색의 포장에 담겨 있습니다."
convenience_meals,hyperclovax,1000619042,2gram,bibigo product; bibigo 통새우 만두 dumpling; dumpling white; end packaging; english packaging,"Bibigo 통새우 만두, a package of cooked dumplings with shrimp filling, presented in a green and black design with images of the product.",비비고 제품; 비비고통새우 만두; 흰 만두; 포장 완료; 영어 포장,"비비고 ‘통새우 만두’는 새우 소가 들어간 조리용 만두 한 팩으로, 제품 이미지가 담긴 녹색과 검은색 디자인의 포장으로 제공됩니다."
convenience_meals,hyperclovax,1000619042,3gram,bibigo product 통새우 만두; bibigo 통새우 만두 dumpling white; brand bibigo product; crispy exterior fill; dumpling inside brand,"Bibigo 통새우 만두, a package of dumplings with a crispy exterior and a filling of whole shrimp, presented in a green and black packaging design.","비비고 제품 ‘통새우 만두’; 비비고 통새우 만두, 흰색; 브랜드 비비고 제품; 바삭한 겉면과 속재료; 만두 브랜드","비비고 ‘통새우 만두’는 겉은 바삭하고 속에는 통새우가 가득 들어간 만두 한 팩으로, 녹색과 검은색을 조합한 패키지 디자인으로 선보입니다."
convenience_meals,hyperclovax,1000619042,1gram,dumpling; open; filling; charred; chive,Charred dumplings with shrimp and green chives on a white plate.,만두; 열기; 채우기; 그을린; chive,하얀 접시 위에 새우와 쪽파를 얹은 그을린 만두.
convenience_meals,hyperclovax,1000619042,2gram,appearance dumpling; arrange semi; bake filling; charred texture; chive cilantro,"Charred dumplings with a filling of shrimp and green herbs, presented on a white plate.","겉모양이 만두 같은; 세미 배열; 속재료를 굽다; 그을린 질감; 부추, 고수","흰 접시에 담긴, 새우와 신선한 허브를 속재료로 한 그을린 만두."
convenience_meals,hyperclovax,1000619042,3gram,appetizing appearance dumpling; arrange semi circle; bake filling visible; charred texture edge; chive cilantro dumpling,"Charred dumplings with a visible filling of shrimp and green herbs, arranged in a semi-circle on a white plate.",먹음직스러운 만두; 반원 모양으로 배치하기; 속이 보이게 굽기; 그을린 질감의 가장자리; 부추와 고수 만두,새우와 푸른 허브로 만든 속이 훤히 드러나는 그을린 만두가 흰 접시 위에 반원 모양으로 담겨 있다.
convenience_meals,hyperclovax,1000765126,1gram,dumpling; baked; pleated; recipe; common,"A plate of pleated dumplings with a golden-brown crust, likely baked, presented on a light purple surface.",만두; 구운; 주름진; 레시피; 일반적인,"옅은 보라색 접시 위에, 아마도 오븐에 구워진 듯한 황금빛 갈색 껍질을 띤 주름진 만두 한 접시가 담겨 있다."
convenience_meals,hyperclovax,1000765126,2gram,baked arrange; common dumple; dumple recipe; dumpling pleated; edge common,"A plate of golden-brown dumplings with a pleated edge, likely baked, arranged neatly on a light gray plate, accompanied by a pair of purple chopsticks and a napkin.",구운 요리; 일반 만두; 만두 레시피; 주름 잡힌 만두; edge common,"가장자리가 주름진 황금빛 만두 한 접시가, 아마도 오븐에 구운 것으로 보이며, 연회색 접시 위에 가지런히 놓여 있고, 보라색 젓가락 한 쌍과 냅킨이 곁들여져 있다."
convenience_meals,hyperclovax,1000765126,3gram,baked arrange circular; circular pattern light; common dumple recipe; crispy texture indicate; dumple recipe overall,"A plate of golden-brown dumplings with a crispy texture, arranged in a circular pattern, accompanied by a package of dumpling recipe and a pair of purple chopsticks.",구운 후 원형으로 배열; 원형 패턴 조명; 일반적인 만두 레시피; 바삭한 식감이 나타남; 덤플 레시피 총정리,"바삭한 식감의 황금빛 만두가 원형으로 정갈하게 담겨 있는 접시와, 만두 레시피가 담긴 봉지, 그리고 보라색 젓가락 한 쌍이 함께 놓여 있다."
convenience_meals,hyperclovax,1000765126,1gram,dumpling; filling; golden; deep; dumple,"Golden-brown dumplings with a savory filling, served on a white plate against a purple background.",만두; 채우기; 황금색; 깊은; 덤플,"보라색 배경을 배경으로 흰 접시 위에 올려진, 고소한 속이 든 황금빛 만두."
convenience_meals,hyperclovax,1000765126,2gram,brown ingredient; contrast purple; dumple dumpling; dumpling present; emphasize appetizing,"A plate of golden brown dumplings with a savory filling, featuring a crispy exterior and a soft, fluffy interior, served on a purple background.",갈색 재료; 보라색 대비; 덤플 덤플링; 만두 선물; 식욕을 돋우는 점을 강조하다,"보라색 배경 위에, 겉은 바삭하고 속은 부드럽고 폭신하며, 풍미 가득한 속재료가 들어간 황금빛 만두 한 접시가 담겨 있다."
convenience_meals,hyperclovax,1000765126,3gram,brown ingredient dumpling; contrast purple highlight; crispy exterior slightly; deep fry filling; dumple dumpling golden,"Crispy golden brown dumplings with a savory filling, served on a white plate against a purple background.",갈색 재료가 들어간 만두; 대비되는 보라색 하이라이트; 겉은 바삭하고 속은 살짝; 튀김용 속재료; 덤플 덤플링 골든,"바삭하고 노릇노릇한 만두에 고소한 속이 들어 있으며, 보라색 배경을 배경으로 흰 접시에 담겨 있다."
convenience_meals,hyperclovax,1000811962,1gram,stew; seafood; pot; broth; homemade,"A rich, spicy seafood stew in a black cast iron pot, featuring shrimp, squid, and green onions in a flavorful broth, garnished with a dark leafy vegetable.",스튜; 해산물; 냄비; 육수; 집에서 만든,"검은 주철 냄비에 담긴 진하고 매콤한 해산물 스튜로, 풍미 가득한 육수에 새우, 오징어, 대파가 들어 있으며, 짙은 색의 잎채소가 곁들여져 있습니다."
convenience_meals,hyperclovax,1000811962,2gram,black 2; consistency ingredient; dish surface; freshly prepare; garnish top,"A rich, spicy seafood stew in a black cast iron pan, featuring shrimp, squid, and green onions, garnished with a dark leafy vegetable on top.",블랙 2; 점도 조절 성분; 접시 표면; 갓 만들어; 윗부분을 장식하다,"검은 주철 팬에 담긴 풍미 가득하고 매콤한 해산물 스튜로, 새우, 오징어, 쪽파가 들어 있으며, 위에 짙은 색의 잎채소가 곁들여져 있습니다."
convenience_meals,hyperclovax,1000811962,3gram,black 2 handle; color texture seafood; consistency ingredient overall; dark green leafy; dish surface texture,"A rich, spicy seafood stew in a black cast iron pot, featuring shrimp, squid, and green leafy vegetables, served on a gray surface with a white tray of raw seafood ingredients in the background.","검정색 2개 손잡이; 색상, 식감, 해산물; 전반적인 일관성 요소; 짙은 녹색 잎이 무성한; 접시 표면의 질감","검은 주철 냄비에 담긴 풍미 가득하고 매콤한 해산물 스튜로, 새우, 오징어, 녹색 잎채소가 들어 있으며, 회색 바탕 위에 담겨 있고 배경에는 흰색 쟁반에 담긴 생해산물 재료들이 놓여 있다."
convenience_meals,hyperclovax,1000811962,1gram,stew; seafood; heat; pan; dark,"Spicy seafood stew in a black pan with a rich, red-orange broth, featuring shrimp, squid, and green onions.",스튜; 해산물; 열; 팬; 어두운,"검은 냄비에 담긴 매콤한 해산물 스튜로, 진한 붉은 주황색 국물에 새우, 오징어, 파가 들어 있습니다."
convenience_meals,hyperclovax,1000811962,2gram,color texture; ability retain; add contrast; add stew; black cast,"Spicy seafood stew in a black cast iron pan, featuring shrimp, octopus, and green onions in a rich, red sauce.","색상, 질감; 유지 능력; 명암 대비 추가; 스튜 추가하기; 검은색 주조","검은 주철 팬에 담긴 매콤한 해산물 스튜로, 새우, 문어, 파가 진한 붉은 소스에 듬뿍 들어 있습니다."
convenience_meals,hyperclovax,1000811962,3gram,ability retain heat; add contrast color; add stew overall; black cast iron; cast iron pan,"A rich, spicy seafood stew in a black cast iron pan, featuring shrimp, octopus, and green onions in a vibrant red sauce.",보온성; 대비 색상 추가; 스튜를 전체적으로 추가하세요; 검은색 주철; 주철 팬,"검은 주철 팬에 담긴 진하고 매콤한 해산물 스튜로, 새우, 문어, 파가 선명한 붉은 소스에 어우러져 있습니다."
convenience_meals,hyperclovax,1000832403,1gram,box; product; 6g; specify; 언제나 향긋한 골든퀸현미밥,"A box of 6 pre-cooked rice bowls labeled ""언제나 향긋한 골든퀸현미밥"" ( 언제나 fragrant golden quinoa rice bowls) is shown alongside a bowl of rice.",상자; 제품; 6g; 지정하다; 언제나 향긋한 골든퀸현미밥,“언제나 향긋한 골든퀸현미밥”이라고 적힌 미리 조리된 덮밥 6개가 들어 있는 상자가 밥 한 그릇과 나란히 놓여 있다.
convenience_meals,hyperclovax,1000832403,2gram,200g 6g; 6g specify; 6개입 200g; accent box; blue red,"A container of rice with a label reading ""햇반"" (Hattban) and ""연제나"" (Yeonja) along with ""곧은쌀쿠키현미밥"" (Straight Rice Cookie Brown Rice), accompanied by a box of rice, both featuring the same branding and product name, presented on a purple background.",200g 6g; 6g 명시; 6 개입 200g; 악센트 상자; 파랑 빨강,"보라색 배경 위에 “햇반”과 “연제나”, 그리고 “곧은쌀쿠키현미밥”이라는 라벨이 붙은 밥 용기와, 동일한 브랜드 및 제품명을 가진 밥 상자가 함께 배치되어 있다."
convenience_meals,hyperclovax,1000832403,3gram,200g 6g specify; 6g specify quantity; 6개입 200g 6g; accent box label; beige color text,"A container of rice with a label reading ""햇반"" (Hattban) and ""연제나 쌀쿠키현미밥"" (Yeonjeona Rice Cookie Brown Rice), featuring a beige color text and a 200g quantity, presented in a white bowl.","200g 6g 명시; 6g, 수량 지정; 6 개입 200g 6g; 악센트 박스 라벨; 베이지색 텍스트","“햇반”이라는 라벨이 붙어 있고, “연제나 쌀쿠키현미밥”이라고 적힌 베이지색 글씨의 200g 용량의 쌀 용기가 흰색 그릇에 담겨 있다."
convenience_meals,hyperclovax,1000832403,1gram,rice; variation; pale; grain; shape,A bowl of cooked white rice with a wooden spoon holding a portion of it.,쌀; 변형; 창백한; 곡물; 모양,한 그릇의 흰밥 위에 나무 숟가락으로 밥 한 숟가락을 떠 올린 모습.
convenience_meals,hyperclovax,1000832403,2gram,pale yellow; backdrop contrast; bowl additional; bowl pale; bowl partially,"A bowl of pale yellow rice with a wooden spoon filled with rice, set against a plain purple background.",옅은 노란색; 배경 대비; 그릇 추가; 옅은 색 그릇; 그릇에 반 정도,"옅은 노란색 밥 한 그릇과 밥이 가득 담긴 나무 숟가락이, 단조로운 보라색 배경 앞에 놓여 있다."
convenience_meals,hyperclovax,1000832403,3gram,additional context item; backdrop contrast white; bowl additional context; bowl pale yellow; bowl partially fill,"A bowl of white rice with a wooden spoon filled with rice, set against a plain purple background.",추가 컨텍스트 항목; 배경 대비 흰색; bowl에 대한 추가 설명; 옅은 노란색 그릇; 그릇에 물을 반 정도 채우세요,"단조로운 보라색 배경 위에, 나무 숟가락으로 밥을 가득 떠 올린 흰 쌀밥 한 그릇이 놓여 있다."
convenience_meals,hyperclovax,1000942597,1gram,creamy; pasta; purple; bowl; garnish,"A creamy pasta dish served in a white bowl with a handle, garnished with slices of meat and red pepper flakes, accompanied by purple chopsticks on a purple napkin.",크리미한; 파스타; 보라색; 그릇; 장식,"손잡이가 달린 흰색 그릇에 담긴 크리미한 파스타 요리로, 얇게 썬 고기와 붉은 고춧가루가 곁들여져 있으며, 보라색 냅킨 위에 놓인 보라색 젓가락이 함께 제공된다."
convenience_meals,hyperclovax,1000942597,2gram,bowl purple; brand playful; chopstick text; coat light; dish plain,"A white bowl of creamy pasta with chicken and red pepper flakes, accompanied by purple chopsticks and a purple napkin, presented on a textured gray surface.",보라색 그릇; 브랜드의 유쾌한 매력; 젓가락 텍스트; 코트 라이트; 간단한 요리,"크림 소스를 곁들인 파스타에 닭고기와 붉은 고춧가루가 들어간 하얀 그릇이, 보라색 젓가락과 보라색 냅킨과 함께 질감이 느껴지는 회색 바탕 위에 놓여 있다."
convenience_meals,hyperclovax,1000942597,3gram,bowl purple napkin; brand playful dish; chopstick text bowl; coat light creamy; creamy pasta pasta,"A white bowl of creamy pasta with a light sauce and pieces of meat, served on a purple napkin with chopsticks beside it.","보울, 보라색 냅킨; 브랜드의 유쾌한 접시; 젓가락 글자 그릇; 코트, 연한 크림색; 크리미한 파스타 파스타","가벼운 소스와 고기 조각이 들어간 크리미한 파스타가 담긴 흰색 그릇이, 젓가락이 곁에 놓인 보라색 냅킨 위에 차려져 있다."
convenience_meals,hyperclovax,1000942597,1gram,pasta; dish; creamy; likely; type,"A creamy pasta dish with a light sauce and pieces of cut chicken, served in a white bowl with a handle, accompanied by purple napkins.",파스타; 요리; 크리미한; 아마도; 유형,"가벼운 소스와 썰어 놓은 닭고기 조각이 들어간 크리미한 파스타 요리로, 손잡이가 달린 흰색 그릇에 담겨 나오며 보라색 냅킨이 곁들여집니다."
convenience_meals,hyperclovax,1000942597,2gram,pasta dish; add hint; brand serve; brand 니뽕내뽕; center bowl,"A creamy pasta dish featuring noodles and slices of white meat in a light sauce, served in a white bowl with a handle, branded with ""니뽕내뽕"" (Nippon Nabe Nabe).",파스타 요리; 힌트 추가; 브랜드 서비스; 브랜드니뽕내뽕; 중앙 그릇,"가벼운 소스에 면과 흰살고기 조각을 곁들인 크리미한 파스타 요리로, “니뽕내뽕”(Nippon Nabe Nabe) 로고가 새겨진 손잡이가 달린 흰색 그릇에 담겨 제공됩니다."
convenience_meals,hyperclovax,1000942597,3gram,add hint color; appetizing emphasize creamy; bowl suggest restaurant; brand serve dish; brand 니뽕내뽕 visible,"A creamy pasta dish served in a white bowl with a handle, featuring noodles and chunks of white meat in a light sauce, garnished with red pepper flakes, and accompanied by purple napkins and wooden chopsticks.","힌트 색상 추가; 식욕을 돋우는, 크리미한 맛을 강조하다; 그릇 모양의 레스토랑 추천; 브랜드 서브 접시; 브랜드 ‘니뽕내뽕’ 표시됨","손잡이가 달린 흰색 그릇에 담긴 크리미한 파스타 요리로, 가벼운 소스에 면과 흰살고기 조각이 들어 있으며, 붉은 고춧가루가 뿌려져 있고, 보라색 냅킨과 나무 젓가락이 곁들여져 있다."
convenience_meals,hyperclovax,1001150374,1gram,wrap; 비비드키친; package; plastic; indication,"Vivid Kitchen wraps in various flavors, including chicken and vegetable, presented on a white plate and packaged in plastic.",wrap; 비비드키친; 패키지; 플라스틱; 표시,‘비비드 키친’은 닭고기와 야채 등 다양한 맛의 음식을 흰 접시에 담아 비닐 포장합니다.
convenience_meals,hyperclovax,1001150374,2gram,125g package; brand 비비드키친; brown fill; content packaging; green black,"A plate of rolled wraps with various fillings, including brown and yellow fillings, and several packaged wraps labeled ""Vivid Kitchen"" and ""저탄수화물"" (low-carb) with nutritional information such as protein and fiber content.","125g 포장; 브랜드 비비드키친; 갈색 채우기; 콘텐츠 패키징; 초록색, 검은색","갈색과 노란색 속재료를 비롯해 다양한 속재료를 넣은 말아 만든 랩 한 접시와, ‘Vivid Kitchen’ 및 ‘저탄수화물’이라고 표시된 포장된 랩 여러 개가 놓여 있으며, 이 포장된 랩들에는 단백질 및 식이섬유 함량과 같은 영양 정보가 기재되어 있다."
convenience_meals,hyperclovax,1001150374,3gram,bag white orange; brand 비비드키친 green; brown fill mixture; clear plastic bag; color scheme package,"Vivid Kitchen wraps in various flavors, including chicken and vegetable mixtures, presented in clear plastic packaging with a color scheme of white, orange, and brown.",가방 흰색 주황색; 브랜드 비비드키친 그린; 갈색 충전재 혼합물; 투명한 비닐봉지; 색상 구성 패키지,"‘Vivid Kitchen’ 제품은 닭고기와 채소가 혼합된 것을 비롯해 다양한 맛으로 구성되어 있으며, 흰색, 주황색, 갈색을 주조색으로 한 투명한 플라스틱 포장지에 담겨 제공됩니다."
convenience_meals,hyperclovax,1001150374,1gram,burritos; wrap; carrot; filling; grainy,"Two different types of burritos on a white plate, showcasing a colorful filling with visible ingredients like carrots and greens.",부리토; wrap; 당근; 채우기; 거친,"흰 접시 위에 놓인 두 가지 종류의 부리토로, 당근과 채소 같은 재료가 선명하게 드러나는 알록달록한 속재료가 돋보입니다."
convenience_meals,hyperclovax,1001150374,2gram,carrot green; appearance filling; arrange triangular; brown flatbread; burritos additional,"Three burritos arranged on a white plate, showcasing a variety of fillings including a colorful mixture of vegetables and a creamy chicken mixture.",당근 잎; 외관 충전; 삼각형으로 배열하다; 갈색 플랫브레드; 부리토 추가,흰 접시 위에 놓인 세 개의 부리토는 알록달록한 야채와 크리미한 닭고기 소스를 비롯한 다양한 속재료를 뽐내고 있다.
convenience_meals,hyperclovax,1001150374,3gram,appearance filling burritos; arrange triangular formation; brown flatbread material; burrito wrap focus; burritos additional context,"Three burritos arranged in a triangular formation on a white plate, showcasing different fillings: one with a reddish-orange mixture of rice and vegetables, another with a creamy chicken and vegetable filling, and the third with a brown, flatbread material.",부리토 속재료; 삼각형 대형을 취하다; 갈색 플랫브레드 재료; 부리토 랩 집중 조명; 부리토에 대한 추가 설명,"흰 접시 위에 삼각형 모양으로 놓인 세 개의 부리토는 각기 다른 속재료를 자랑한다. 하나는 붉은빛이 도는 주황색의 쌀과 채소 혼합물이 들어 있고, 다른 하나는 크림 같은 닭고기와 채소 속재료가 들어 있으며, 세 번째는 갈색의 납작한 빵이 들어 있다."
convenience_meals,hyperclovax,1001191650,1gram,snack; product; packaging; flavor; triangle,"Brown Rice Konjack Balls in various packaging styles, including individual packets and a larger package, with a purple background.",간식; 제품; 포장; 풍미; 삼각형,보라색 배경에 개별 포장 및 대용량 포장 등 다양한 포장 형태로 제공되는 현미 곤약 볼.
convenience_meals,hyperclovax,1001191650,2gram,appeal packaging; brand 제일맞게컬리; crunchy possibly; flavor brand; fork packaging,"Brown Rice Konjack Balls in various packaging styles, including a large yellow package and smaller brown packages, with a fork on a plate, showcasing the product's crunchy texture and flavor profile.",매력적인 포장; 브랜드 ‘제일맞게컬리’; 아마도 바삭바삭할지도; 맛 브랜드; 포크 패키징,큰 노란색 포장지와 작은 갈색 포장지 등 다양한 형태의 포장으로 제공되는 현미 곤약 볼. 접시 위에 포크가 놓여 있어 제품의 바삭한 식감과 풍미를 잘 보여주고 있다.
convenience_meals,hyperclovax,1001191650,3gram,appeal packaging design; brand 제일맞게컬리 overall; clean organize showcase; clear product text; crunchy possibly savory,"Brown Rice Konjack Balls in various packaging designs, including a yellow package and a brown package, with a white plate displaying the product on a purple background.","매력적인 패키지 디자인; 브랜드 ‘제일맞게컬리’ 전체; 정리, 정리, 전시; 제품 설명 지우기; 바삭바삭하고, 아마도 짭짤할 수도 있는","노란색 포장지와 갈색 포장지 등 다양한 디자인의 현미 곤약 볼로, 보라색 배경 위에 흰색 접시에 제품이 진열되어 있는 모습입니다."
convenience_meals,hyperclovax,1001191650,1gram,현미곤약 주먹밥; product; bag; packaging; yellow,"Brown Rice Konjak Balls in various flavors, including Brown Rice & Black Pepper, packaged in yellow and orange bags, with a white plate showcasing the product.",현미곤약 주먹밥; 제품; 가방; 포장; 노란색,"현미와 후추를 포함한 다양한 맛의 현미 곤약 볼로, 노란색과 주황색 봉지에 포장되어 있으며, 흰색 접시 위에 제품이 진열되어 있습니다."
convenience_meals,hyperclovax,1001191650,2gram,brown yellow; 125g solid; ball visible; black pepper; brand 현미곤약 주먹밥,"Brown Rice Konjak Balls in various packaging colors, including yellow and orange, with visible textures and ingredients like brown rice, black pepper, and cashew nuts, presented on white plates and in small packets.","갈색, 노란색; 125g 고체; 공이 보인다; 검은 후추; 브랜드현미곤약 주먹밥","노란색과 주황색을 비롯한 다양한 색상의 포장으로 된 현미 곤약 볼로, 현미, 후추, 캐슈넛 등의 식감과 재료가 눈에 띄며, 흰색 접시 위에 담겨 있거나 작은 봉지에 포장되어 있습니다."
convenience_meals,hyperclovax,1001191650,3gram,125g solid light; appearance packaging primarily; bag text packaging; bag white plate; ball visible black,"Brown Rice Konjak Balls in various packaging colors, including yellow and orange, with a white plate showcasing the product and a wooden fork, featuring a savory, rice-based snack with visible ingredients like black pepper.","125g 솔리드 라이트; 주로 외관 및 포장; 가방 텍스트 포장; 가방, 흰색 접시; 검은색 공이 보인다","노란색과 주황색을 비롯한 다양한 색상의 포장에 담긴 현미 곤약 볼로, 흰색 접시 위에 제품이 진열되어 있고 나무 포크가 곁들여져 있으며, 후추와 같은 재료가 눈에 띄는 고소한 쌀 기반 스낵입니다."
convenience_meals,hyperclovax,1001207466,1gram,pot; meal; stew; packaging; 2인분,"A large pot of spicy Korean stew with noodles, beans, and various meats, served on a white tablecloth, accompanied by a side of sliced ham and a plastic container of the same dish.",냄비; 식사; 스튜; 포장; 2인분,"면, 콩, 다양한 고기가 들어간 매콤한 한국식 찌개가 담긴 커다란 냄비가 흰 식탁보 위에 놓여 있고, 곁들임으로 얇게 썬 햄과 같은 요리가 담긴 플라스틱 용기가 함께 제공된다."
convenience_meals,hyperclovax,1001207466,2gram,2인분 indicate; arrange pot; banner text; cheese piece; container white,"A large pot of Korean spicy stew with noodles, beans, and various meats, served on a white tablecloth, accompanied by a side of sliced ham on a plate.",2인분을 나타냄; 화분 배치하기; 배너 문구; 치즈 한 조각; 흰색 용기,"면과 콩, 다양한 고기가 들어간 큰 냄비에 담긴 한국식 매운 찌개가 흰 식탁보 위에 차려져 있고, 그 옆에는 접시에 담긴 얇게 썬 햄이 곁들여져 있다."
convenience_meals,hyperclovax,1001207466,3gram,2인분 indicate meal; arrange pot packaging; banner text 2인분; bean sprout cheese; black pot handle,"A black pot filled with a hearty stew of bean sprouts, cheese, and various meats, served in a 2인분 portion, accompanied by a side of sliced ham on a plate.",2인인분은 한 끼 식사를 의미합니다; 화분 포장 준비하기; 배너 문구 2인분; 콩나물 치즈; 검은색 냄비 손잡이,"콩나물, 치즈, 다양한 고기가 듬뿍 들어간 푸짐한 스튜가 담긴 검은 냄비로, 2인분이 제공되며, 접시에 담긴 얇게 썬 햄이 곁들여집니다."
convenience_meals,hyperclovax,1001207466,1gram,bean; curd; stew; meat; pot,"A hearty stew with a mix of bean curd, meat, and vegetables in a pot, served on a white tablecloth.",콩; 커드; 스튜; 고기; 냄비,"흰 식탁보 위에, 냄비에 두부, 고기, 채소를 섞어 끓인 푸짐한 스튜가 담겨 나온다."
convenience_meals,hyperclovax,1001207466,2gram,bean curd; appetizing colorful; broth noodle; chair suggest; colorful focus,"A vibrant and appetizing bowl of spicy stew featuring a mix of bean curd, noodles, vegetables, and meat, served in a black pot on a white tablecloth.",두부; 식욕을 돋우는 알록달록한; 국물 국수; 의장 제안; 다채로운 초점,"흰 식탁보 위에 놓인 검은 냄비에 담긴, 두부, 면, 채소, 고기가 어우러진 매콤하고 식욕을 돋우는 풍성한 스튜 한 그릇."
convenience_meals,hyperclovax,1001207466,3gram,2 handle white; appetizing colorful focus; bean curd piece; bean curd yellow; bean sprout bean,"A hearty stew with a variety of ingredients including noodles, bean curd, and sausages, served in a black pot with handles, on a white tablecloth.","손잡이 2개, 흰색; 입맛을 돋우는 다채로운 초점; 두부 한 조각; 두부색; 콩나물 콩","면, 두부, 소시지 등 다양한 재료가 들어간 푸짐한 스튜로, 손잡이가 달린 검은 냄비에 담아 흰 식탁보 위에 올려져 나온다."
convenience_meals,hyperclovax,1001207695,1gram,한우 소보로 주먹밥; dark; cake; right; product,"A package of traditional Korean rice cakes shaped like a fist, with a light brown color and a dark brown filling, accompanied by a smaller image of the product on a black background.",한우 소보로 주먹밥; 어두운; 케이크; 맞아요; 제품,"주먹 모양의 한국 전통 떡 한 팩으로, 겉은 연한 갈색이고 속은 짙은 갈색이며, 검은 배경 위에 제품의 축소된 이미지가 함께 표시되어 있다."
convenience_meals,hyperclovax,1001207695,2gram,rice cake; bag product; cake triangular; color arrange; contrast food,"A package of triangular-shaped rice cakes with a dark brown filling, presented on a dark brown surface with a greenish package labeled ""한우소보로주먹밥"" (Hanwoo S보로 Jukkeumbap) in Korean, indicating a savory snack with a filling of rice cakes and a dark brown substance.",떡; 가방 제품; 삼각형 케이크; 색상 배열; 대조 식품,"짙은 갈색 속재료가 들어간 삼각형 모양의 떡 한 팩으로, 짙은 갈색 바탕 위에 놓여 있으며, 녹색을 띤 포장지에는 한국어로 “한우소보로주먹밥”이라고 적혀 있어, 떡과 짙은 갈색 물질로 속을 채운 짭짤한 간식임을 나타냅니다."
convenience_meals,hyperclovax,1001207695,3gram,bag product 한우 소보로 주먹밥; bottom right corner; brown color arrange; brown surface contrast; cake specifically label,"A package of green-colored, rectangular-shaped rice cakes with a brown filling, labeled ""한우 소보로 주먹밥"" (Hanwoo S보로 Jukkeumbap), is displayed on a brown surface with a plate of similar rice cakes beside it.",가방 제품: 한우 소보로 주먹밥; 오른쪽 아래 모서리; 갈색 배열; 갈색 표면의 명암 대비; 케이크에 명확히 표시,"“한우 소보로 주먹밥”이라고 적힌, 갈색 속이 들어간 녹색의 직사각형 모양 떡 한 팩이 갈색 바탕 위에 진열되어 있고, 그 옆에는 비슷한 모양의 떡이 담긴 접시가 놓여 있다."
convenience_meals,hyperclovax,1001207695,1gram,한우 소보로 주먹밥; ball; text; plate; product,"A plate of brown rice balls with a dark filling, accompanied by a package of ""한우 소보로 주먹밥"" (Hanwoo S보로 Jukkeumbap) in a light green wrapper, displayed on a brown textured surface.",한우 소보로 주먹밥; 공; 텍스트; 판; 제품,"짙은 색 속재료가 들어간 현미 주먹밥 한 접시와 연한 녹색 포장지에 싸인 “한우 소보로 주먹밥” 한 팩이, 질감이 느껴지는 갈색 바탕 위에 진열되어 있다."
convenience_meals,hyperclovax,1001207695,2gram,rice ball; 5봉 한우가 아낌없이 들어간; ball specifically; ball triangular; brand 도산회관,"Triangular rice balls with a filling of beef, packaged in a light green box labeled ""한우보로주먹밥"" (Hanwoo Broil Rice Balls) and ""5봉"" (5 packs), with a smaller black package beside it.",주먹밥; 5봉 한우가 아낌없이 들어간; 특히 공; 공 삼각형; 브랜드도산회관,"소고기가 들어간 삼각 모양의 주먹밥으로, “한우보로주먹밥”과 “5봉”이라고 적힌 연두색 상자에 포장되어 있으며, 그 옆에는 더 작은 검은색 포장지가 놓여 있다."
convenience_meals,hyperclovax,1001207695,3gram,5봉 한우가 아낌없이 들어간 suggest; ball specifically 한우 소보로 주먹밥; ball triangular shape; black white design; brand 도산회관 green,"Triangular-shaped rice cakes with a filling of beef, packaged in a light green bag labeled ""한우 소보로 주먹밥"" and ""5봉"" with a logo indicating a brand name.",5봉 한우가 아낌없이 들어간 추천; ; 공의 삼각형 모양; 흑백 디자인; 브랜드 ‘도산회관’ 그린,"소고기가 들어간 삼각형 모양의 주먹밥으로, “한우 소보로 주먹밥”과 “5봉”이라고 적힌 연두색 봉지에 포장되어 있으며, 브랜드명을 나타내는 로고가 붙어 있다."
convenience_meals,hyperclovax,1001401863,1gram,kimchi; rice; booklet; paste; possibly,"A bowl of vibrant kimchi fried rice with a wooden spoon resting on a beige cloth, accompanied by a booklet that highlights the dish's recipe and ingredients.",김치; 쌀; 소책자; 붙여넣기; 아마도,"베이지색 식탁보 위에 나무 숟가락이 놓인, 색감이 선명한 김치 볶음밥 한 그릇과, 이 요리의 조리법과 재료를 소개하는 소책자가 함께 놓여 있다."
convenience_meals,hyperclovax,1001401863,2gram,booklet text; bowl 김치볶음밥; color kimchi; contrast rich; cook meal,"A bowl of vibrant orange kimchi fried rice with green onions, served on a white plate with a wooden spoon resting on a beige napkin, accompanied by a booklet that reads ""국내산 김치볶음밥"" (Korean Kimchi Fried Rice).",소책자 본문; 김치볶음밥 한 그릇; 색깔 김치; 명암 대비가 뚜렷한; 밥 짓기,"생기 넘치는 주황색 김치 볶음밥 한 그릇에 파가 곁들여져 있으며, 흰 접시 위에 담겨 있고, 베이지색 냅킨 위에 나무 숟가락이 놓여 있다. 또한 “국내산 김치볶음밥”이라고 적힌 소책자가 함께 제공된다."
convenience_meals,hyperclovax,1001401863,3gram,add fresh contrast; booklet text korean; bowl 김치볶음밥 kimchi; clean simple emphasize; color kimchi rice,"A bowl of vibrant kimchi fried rice with a rich, orange hue, garnished with green onions, placed on a light-colored cloth with a wooden spoon beside it, accompanied by a booklet that highlights the dish's recipe and ingredients.","새로운 대비를 더하다; 소책자 본문 (한국어); 그릇 김치볶음밥 김치볶음밥; 깔끔함, 단순함, 강조; 색깔 있는 김치밥","생기 넘치는 김치 볶음밥 한 그릇. 진한 주황빛을 띠고 파가 곁들여져 있으며, 밝은 색의 식탁보 위에 놓여 있고 그 옆에는 나무 숟가락이 놓여 있다. 또한 이 요리의 조리법과 재료가 소개된 소책자가 함께 제공된다."
convenience_meals,hyperclovax,1001401863,1gram,rice; kimchi; condiment; significant; characterize,"A bowl of spicy, orange-colored rice mixed with kimchi and green onions, served on a white plate with a wooden spoon resting beside it.",쌀; 김치; 양념; 상당한; 특징을 나타내다,"김치와 파가 섞인 매콤한 주황색 밥 한 그릇이 흰 접시에 담겨 있고, 그 옆에는 나무 숟가락이 놓여 있다."
convenience_meals,hyperclovax,1001401863,2gram,add vibrant; characterize orange; color typical; condiment rice; cook significant,"A plate of vibrant, seasoned rice with a characteristic orange hue, likely a type of fried rice with added condiments, accompanied by a wooden spoon resting on a beige napkin.","생동감 넘치는; 오렌지를 묘사하다; 전형적인 색상; 양념밥; 요리, 중요","특유의 주황빛을 띠는 선명하고 양념이 잘 배어 있는 밥 한 접시인데, 아마도 양념을 곁들인 볶음밥의 일종으로 보이며, 베이지색 냅킨 위에 나무 숟가락이 놓여 있다."
convenience_meals,hyperclovax,1001401863,3gram,add vibrant appearance; appearance dish serve; bowl suggest rice; characterize orange yellow; color typical rice,"A bowl of vibrant, orange-colored rice dish, likely a type of fried rice, garnished with green onions and seasoned to a rich, spicy flavor.","생동감 넘치는 느낌을 더하다; 외관, 요리, 서빙; 그릇에 밥을 담으세요; 주황색과 노란색을 묘사하다; 일반적인 쌀의 색깔","생기 넘치는 주황색의 밥 요리 한 그릇으로, 아마도 볶음밥의 일종일 것이며, 파를 얹고 진하고 매콤한 맛으로 양념되어 있다."
convenience_meals,hyperclovax,1001422945,1gram,cake; rice; spicy; product; 미미네 옛날 떡볶이,"A red packet of 미미네 (Mimine) spicy Korean rice cake with red sauce, featuring the product name and brand clearly visible.",케이크; 쌀; 매운; 제품; 미미네 옛날 떡볶이,"미미네(미미네)의 매콤한 한국식 떡에 빨간 소스가 곁들여진 빨간 포장지 제품으로, 제품명과 브랜드명이 선명하게 표시되어 있습니다."
convenience_meals,hyperclovax,1001422945,2gram,rice cake; accompany small; cake packaging; cake smooth; coat red,A red packet of Minime Classic Tteokbokki with a plate of spicy rice cakes and sauce.,떡; 동행하다 (소규모); 케이크 포장; 케이크 표면이 매끄럽다; 빨간 코트,붉은 색 포장지에 담긴 ‘미니메 클래식 떡볶이’ 한 봉지와 매콤한 떡볶이와 소스가 담긴 접시.
convenience_meals,hyperclovax,1001422945,3gram,accompany small piece; cake coat red; cake packaging red; cake smooth cylindrical; cake specifically know,A red packet of Minime Classic Tteokbokki with a plate of spicy rice cakes and meatballs in a red sauce.,"작은 조각을 곁들이다; 케이크 코트 레드; 케이크 포장지, 빨간색; 케이크, 매끄러운 원통형; 케이크에 대해 구체적으로 알고 있다",빨간 봉지에 담긴 ‘미니메 클래식 떡볶이’와 빨간 소스에 버무린 매콤한 떡과 미트볼이 담긴 접시.
convenience_meals,hyperclovax,1001422945,1gram,cake; rice; sauce; dish; spicy,Stir-fried rice noodles in a spicy red sauce with pieces of meat.,케이크; 쌀; 소스; 요리; 매운,고기가 큼직하게 들어간 매콤한 빨간 소스를 곁들인 볶음 쌀국수.
convenience_meals,hyperclovax,1001422945,2gram,rice cake; food dish; allow rice; angle neutral; bowl round,Stir-fried rice cake in a red sauce served in a round metal bowl.,떡; 음식 요리; 쌀 허용; 각도 중립; 조별 예선,"둥근 금속 그릇에 담긴, 빨간 소스를 곁들인 떡 볶이."
convenience_meals,hyperclovax,1001422945,3gram,allow rice cake; angle neutral light; bowl round shallow; cake coat sauce; cake cylindrical glossy,"A plate of spicy, glossy rice cake in a round, shallow bowl, covered in a thick, orange sauce with pieces of cake and possibly meat.",떡 허용; 각도 중립 조명; 얕은 그릇; 케이크 코팅 소스; 원통형 광택 케이크,"둥글고 얕은 그릇에 담긴 매콤하고 윤기 나는 떡 한 접시로, 두꺼운 주황색 소스가 듬뿍 뿌려져 있고, 그 안에는 떡 조각과 아마도 고기 조각도 들어 있다."
convenience_meals,hyperclovax,1001485256,1gram,box; product; 210 g x 6개; utilitarian; ensure,"A beige box labeled ""햇반"" (Hattban) with ""Kurly Only"" branding, containing 210 g of ""골드콘샌드밥"" (Gold Sand Rice) in a 6-pack, is displayed against a plain background.",상자; 제품; 210g × 6개; 공리주의적; 확보하다,"“햇반”이라는 라벨이 붙어 있고 “Kurly Only” 브랜드가 표시된 베이지색 상자가, 6개들이 팩에 담긴 210g짜리 “골드콘샌드밥”을 담고 있는 모습이 단색 배경 앞에 전시되어 있다."
convenience_meals,hyperclovax,1001485256,2gram,210 g x 6개 packaging; bottom center; box flat; box primarily; box 햇반,"A beige box labeled ""햇반"" (Hateban) with ""Kurly Only"" and ""골드콘샐러드밥"" (Gold Salad Rice) on it, featuring a red label at the bottom center with ""210 g x 6개"" (210 grams x 6 pieces) and a barcode, indicating a product packaging for rice salad.",210g x 6개 포장; 하단 중앙; 박스형 평면; 주로 상자; 박스형 햇반,"“햇반” (Hateban)에 “Kurly Only”와 “골드콘샐러드밥” (Gold Salad Rice)라고 적혀 있으며, 하단 중앙에는 “210 g x 6개” (210그램 x 6개)와 바코드가 표시된 빨간색 라벨이 붙어 있어, 쌀 샐러드 제품 포장임을 나타냅니다."
convenience_meals,hyperclovax,1001485256,3gram,210 g x 6개 packaging simple; beige color red; bottom center text; box flat surface; box primarily korean,"A beige-colored box with red accents, labeled ""햇반"" (Hateonban) and ""Kurly Only"" (Kurly Only), containing 210 g of instant rice, packaged in a simple design with a flat surface, and featuring Korean text and a barcode.","210g x 6개, 심플한 포장; 베이지색, 빨간색; 하단 중앙의 텍스트; 상자 평평한 면; 주로 한국어인 상자","빨간색 포인트가 들어간 베이지색 상자로, “햇반”과 “Kurly Only”라고 표기되어 있으며, 210g의 즉석밥이 들어 있습니다. 표면이 평평한 심플한 디자인으로 포장되어 있으며, 한국어 문구와 바코드가 인쇄되어 있습니다."
convenience_meals,hyperclovax,1001485256,1gram,product; rice; english; read; 언제나 향긋한 골든퀸쌀밥,"A container of rice, specifically ""언제나 향긋한 골든퀸쌀밥"" by 햇반, is shown in a white bowl on a light purple background, with a box of the same product in the background.",제품; 쌀; 영어; 읽기; 언제나 향긋한 골든퀸쌀밥,"연보라색 배경 위에 흰 그릇에 담긴 쌀 한 용기, 구체적으로는 ‘언제나 향긋한 골든퀸쌀밥’이라는 햇반 제품이 보여지며, 배경에는 같은 제품의 상자가 하나 놓여 있다."
convenience_meals,hyperclovax,1001485256,2gram,product rice; rice product; 210 g 6개입 suggest; flavor type; indicate rice,"A container of rice product labeled ""Kurly Only"" and a box of rice products from ""Hattban"" with the text ""언제나 향긋한 골든퀸쌀밥"" (Always fragrant Golden Queen Rice) and ""210g 6개입"" (210g, 6 packs) on a light purple background.","제품: 쌀; 쌀 제품; 210g, 6개 개입 권장; 맛 종류; 쌀을 표시하다","“Kurly Only”라고 표시된 쌀 제품 용기와, 연보라색 배경에 “언제나 향긋한 골든퀸쌀밥” 및 “210g 6개입”이라는 문구가 적힌 “Hattban” 브랜드의 쌀 제품 상자."
convenience_meals,hyperclovax,1001485256,3gram,210 g 6개입 suggest weight; bowl white cook; brand product label; flavor type packaging; include text korean,"A container of rice with a label reading ""흫반"" (Hritban) and ""Kurly Only"" is shown alongside a box of rice, both featuring the same branding and product name. The rice is white and appears to be cooked, with the packaging indicating a total weight of 210g and containing six individual servings. The product is a pre-cooked, ready-to-eat rice, likely intended for convenience and quick meal preparation.","210g, 6개 개입 권장 중량; 그릇, 흰색, 요리; 브랜드 제품 라벨; 맛 종류별 포장; 텍스트 포함 (한국어)","“흫반”(Hritban)과 “Kurly Only”라고 적힌 라벨이 붙은 쌀 용기와, 동일한 브랜드 및 제품명이 표기된 쌀 상자가 나란히 놓여 있습니다. 이 쌀은 흰색이며 이미 조리된 것으로 보이며, 포장에는 총 중량이 210g이고 1인분 6개가 들어 있다고 표시되어 있습니다. 이 제품은 미리 조리되어 바로 먹을 수 있는 밥으로, 편의성과 빠른 식사 준비를 목적으로 한 것으로 보인다."
convenience_meals,hyperclovax,1001502057,1gram,shrimp; product; shrimp fried rice ready to cook; 대파 풍미를 더한 새우볶음밥; rice,"A bowl of shrimp fried rice with visible shrimp pieces and vegetables, accompanied by a small side dish of fried shallots, presented on a textured tablecloth.",새우; 제품; 조리 준비가 된 새우 볶음밥; 대파 풍미를 더한 새우볶음밥; 쌀,"새우와 채소가 듬뿍 들어간 새우 볶음밥 한 그릇에, 튀긴 샬롯을 곁들인 작은 반찬이 함께 제공되며, 질감이 느껴지는 식탁보 위에 차려져 있다."
convenience_meals,hyperclovax,1001502057,2gram,appetizing dish; bowl shrimp; ceramic wooden; colorful appetizing; create colorful,"A bowl of shrimp fried rice with a wooden spoon, accompanied by a small bowl of seasoned shrimp, presented on a textured white tablecloth.","입맛을 돋우는 요리; 그릇 새우; 세라믹, 목재; 다채롭고 식욕을 돋우는; 다채롭게 만들기","질감이 느껴지는 흰색 식탁보 위에, 나무 숟가락이 곁들여진 새우 볶음밥 한 그릇과 양념된 새우가 담긴 작은 그릇이 놓여 있다."
convenience_meals,hyperclovax,1001502057,3gram,appetizing dish bowl; bowl shrimp fry; brown ceramic wooden; ceramic wooden spoon; clean simple focus,"A bowl of shrimp fried rice garnished with shrimp and vegetables, served on a wooden spoon, accompanied by a small bowl of fried shallots, presented on a white tablecloth.","식욕을 돋우는 요리 그릇; 그릇에 담긴 새우 치어; 갈색 세라믹, 나무; 세라믹 나무 숟가락; 깔끔함, 단순함, 집중","새우와 채소가 곁들여진 새우 볶음밥 한 그릇을 나무 숟가락 위에 담아, 흰 식탁보 위에 올려놓고, 볶은 샬롯이 담긴 작은 그릇을 곁들여 내놓는다."
convenience_meals,hyperclovax,1001502057,1gram,rice; fried; color; bowl; pink,"A bowl of fried rice garnished with shrimp and vegetables, featuring a light brown color and a mix of green herbs, orange carrots, and pink shrimp, served on a white tablecloth.",쌀; 튀긴; 색상; 그릇; 분홍색,"새우와 채소가 곁들여진 볶음밥 한 그릇으로, 연한 갈색을 띠며 초록색 허브, 주황색 당근, 분홍색 새우가 어우러져 있고, 흰색 식탁보 위에 담겨 있다."
convenience_meals,hyperclovax,1001502057,2gram,fried rice; color texture; add color; appetizing focus; bowl fried,"A bowl of appetizing fried rice garnished with shrimp and vegetables, served on a textured white tablecloth.","볶음밥; 색상, 질감; 색상 추가; 식욕을 돋우는 초점; 그릇에 볶은","새우와 채소가 곁들여진 식욕을 돋우는 볶음밥 한 그릇이, 질감이 느껴지는 흰색 식탁보 위에 담겨 있다."
convenience_meals,hyperclovax,1001502057,3gram,add color texture; appetizing focus vibrant; bowl fried rice; brown color white; color white tablecloth,"A bowl of fried rice garnished with shrimp and vegetables, presented on a white tablecloth, with a wooden spoon resting on the side.","색상과 질감 추가; 식욕을 돋우는, 집중력 있는, 생동감 넘치는; 그릇에 담긴 볶음밥; 갈색, 흰색; 흰색 식탁보","새우와 채소가 곁들여진 볶음밥 한 그릇이 하얀 식탁보 위에 놓여 있고, 옆에는 나무 숟가락이 놓여 있다."
convenience_meals,hyperclovax,1001529704,1gram,tender; bag; packaging; product; chicken,"Tender, pre-baked chicken strips in a white packaging bag, served on a brown plate with a side of dipping sauce and garnished with fresh herbs.",입찰; 가방; 포장; 제품; 닭,"흰색 포장 봉지에 담긴 부드럽고 미리 구워진 치킨 스트립을 갈색 접시에 담아, 곁들임 소스와 함께 제공하며 신선한 허브로 장식합니다."
convenience_meals,hyperclovax,1001529704,2gram,chicken tender; bag pre; batter arrange; clear legible; coat seasoned,"A plate of golden-brown, crispy chicken tenders served on a white tablecloth, accompanied by a small bowl of dipping sauce and a fresh garnish of parsley.",치킨 텐더; 가방 (사전); 반죽을 고르게 펴기; 선명하고 읽기 쉬운; 오랜 세월을 거친 코트,하얀 식탁보 위에 놓인 노릇노릇하고 바삭한 치킨 텐더 한 접시. 곁들여진 작은 그릇의 디핑 소스와 신선한 파슬리 장식이 함께 제공된다.
convenience_meals,hyperclovax,1001529704,3gram,bag pre cook; batter arrange brown; brown crispy coat; brown plate white; chicken tender chicken,"A plate of golden brown, crispy chicken tenders served on a brown plate with a garnish of fresh green herbs, accompanied by a small bowl of creamy sauce.","봉지 미리 조리; 반죽을 펴서 갈색이 나도록 굽는다; 갈색의 바삭한 겉면; 갈색 접시, 흰색; 치킨 텐더 치킨","갈색 접시에 담긴 노릇노릇하고 바삭한 치킨 텐더 한 접시에 신선한 녹색 허브가 곁들여져 있으며, 크리미한 소스가 담긴 작은 그릇이 함께 제공됩니다."
convenience_meals,hyperclovax,1001529704,1gram,tender; plate; chicken; golden; sprig,Golden-brown fried chicken tenders on a plate with a sprig of parsley.,입찰; 판; 닭; 황금색; 가지,접시 위에 파슬리 한 줄기가 곁들여진 황금빛 갈색의 프라이드 치킨 텐더.
convenience_meals,hyperclovax,1001529704,2gram,brand focus; chicken plain; coating indicate; contrast golden; deep fried,Golden-brown fried chicken pieces served on a plate with a garnish of fresh green herbs.,브랜드 집중 조명; 닭고기 (간단한 조리법); 코팅 표시; 골든 대비; 튀긴,황금빛 갈색으로 노릇노릇하게 튀겨진 치킨 조각을 신선한 녹색 허브를 곁들여 접시에 담아낸 요리.
convenience_meals,hyperclovax,1001529704,3gram,add touch color; brand focus solely; chicken plain light; chicken tender tender; circular pattern brown,A plate of golden-brown fried chicken tenders garnished with a sprig of green herb.,"터치 색상 추가; 오로지 브랜드에만 집중; 치킨 플레인 라이트; 치킨 텐더 텐더; 원형 무늬, 갈색","푸른 허브 한 줄기가 곁들여진, 노릇노릇하게 튀겨진 치킨 텐더 한 접시."
convenience_meals,hyperclovax,1001706193,1gram,magazine; pot; soup; advertisement; brochure,"A bowl of spicy seafood soup with shrimp, squid, and green onions, served in a black pot on a wooden stand, accompanied by a small white bowl of sliced red chili peppers and a magazine featuring a similar dish.",잡지; 냄비; 수프; 광고; 브로셔,"새우, 오징어, 파가 들어간 매콤한 해물 수프 한 그릇이 나무 받침대 위에 놓인 검은 냄비에 담겨 나오며, 얇게 썬 붉은 고추가 담긴 작은 흰 그릇과 비슷한 요리가 실린 잡지가 곁들여져 있다."
convenience_meals,hyperclovax,1001706193,2gram,advertisement text; black glossy; bowl sliced; brochure text; content magazine,"A bowl of spicy seafood stew with shrimp, squid, and green onions, served in a black glossy pot on a wooden stand, accompanied by a small white bowl of sliced red chili peppers and a magazine featuring a similar dish.",광고 문구; 검은색 광택; 샐러드 그릇에 썰어 담기; 브로셔 내용; 콘텐츠 매거진,"새우, 오징어, 파가 들어간 매콤한 해물 스튜 한 그릇이, 나무 받침대 위에 놓인 윤기 나는 검은 냄비에 담겨 나왔고, 얇게 썬 붉은 고추가 담긴 작은 흰 그릇과 비슷한 요리가 실린 잡지가 곁들여져 있었다."
convenience_meals,hyperclovax,1001706193,3gram,advertisement text magazine; black glossy finish; bowl sliced red; brochure text korean; broth visible ingredient,"A bowl of spicy seafood stew with shrimp, squid, and green onions, served in a black ceramic pot on a wooden stand, accompanied by a small white bowl of sliced red chili peppers and a magazine featuring a similar dish.",광고 문구 잡지; 검은색 광택 마감; 얇게 썬 빨간색 그릇; 브로셔 본문 (한국어); 국물에 보이는 재료,"새우, 오징어, 파가 들어간 매콤한 해산물 스튜 한 그릇이 나무 받침대 위에 놓인 검은 도자기 냄비에 담겨 나오며, 얇게 썬 붉은 고추가 담긴 작은 흰 그릇과 비슷한 요리가 실린 잡지가 곁들여져 있다."
convenience_meals,hyperclovax,1001706193,1gram,soup; squid; seafood; pot; shrimp,"A bowl of spicy seafood soup featuring shrimp, squid, and a rich broth, served on a wooden stand with a wooden spoon beside it.",수프; 오징어; 해산물; 냄비; 새우,"새우와 오징어가 들어간 매콤한 해물 수프 한 그릇으로, 진한 육수가 특징이며, 나무 받침대 위에 담겨 있고 옆에는 나무 숟가락이 놓여 있습니다."
convenience_meals,hyperclovax,1001706193,2gram,appearance soup; black ceramic; bowl slice; brown appearance; brownish substance,"A rich, spicy soup featuring shrimp and squid in a black ceramic bowl, accompanied by a side of sliced green and red chili peppers, served on a wooden plate with a wooden spoon.",외모 수프; 검은색 세라믹; 볼 슬라이스; 갈색을 띠는 외관; 갈색을 띤 물질,"검은 도자기 그릇에 담긴 새우와 오징어가 들어간 진하고 매콤한 수프로, 얇게 썬 초록색과 빨간색 고추가 곁들여져 있으며, 나무 접시에 나무 숟가락과 함께 제공됩니다."
convenience_meals,hyperclovax,1001706193,3gram,appearance soup garnish; black ceramic pot; bowl slice red; bowl small white; bowl spicy seafood,"A bowl of spicy seafood soup garnished with shrimp, squid, and herbs, served in a black ceramic pot on a wooden stand, accompanied by a small white bowl of sliced red and green chili peppers.","수프 장식; 검은색 도자기 화분; 그릇, 조각, 빨간색; 작은 흰색 그릇; 매콤한 해산물 샐러드","새우, 오징어, 허브가 곁들여진 매콤한 해물 수프 한 그릇으로, 나무 받침대 위에 놓인 검은 도자기 냄비에 담겨 나오며, 얇게 썬 빨간 고추와 초록 고추가 담긴 작은 흰 그릇이 곁들여져 있다."
convenience_meals,hyperclovax,1001837821,1gram,beef; mashed; potato; stew; wine,A plate of beef stew with a portion of mashed potatoes.,소고기; 으깬; 감자; 스튜; 와인,소고기 스튜 한 접시와 으깬 감자 한 그릇.
convenience_meals,hyperclovax,1001837821,2gram,mashed potato; beef portion; beef rich; consist cube; consistency mashed,"A plate of beef in a rich, brown sauce with a portion of creamy mashed potato.",으깬 감자; 소고기 분량; 소고기 풍미 가득; 컨시스트 큐브; 걸쭉한 으깬,진한 갈색 소스를 곁들인 소고기 한 접시와 크리미한 으깬 감자 한 그릇.
convenience_meals,hyperclovax,1001837821,3gram,beef portion creamy; beef rich dark; brown surface sauce; consist cube cook; consistency mashed potato,"A plate of beef in a rich, dark sauce, accompanied by a portion of creamy mashed potatoes, presented on a blue and white checkered cloth.",크리미한 소고기 요리; 진한 쇠고기 맛; 갈색 표면 소스; 구성 큐브 요리; 걸쭉한 으깬 감자,진하고 짙은 소스가 곁들여진 소고기 한 접시와 크리미한 으깬 감자 한 그릇이 파란색과 흰색의 체크무늬 식탁보 위에 담겨 있다.
convenience_meals,hyperclovax,1001837821,1gram,potato; beef; mashed; plate; blue,"A plate of beef in a rich, dark sauce with a serving of creamy mashed potato.",감자; 소고기; 으깬; 판; 파란색,진하고 짙은 소스를 곁들인 소고기 한 접시와 크리미한 으깬 감자 한 그릇.
convenience_meals,hyperclovax,1001837821,2gram,mashed potato; smooth creamy; blue white; appetizing color; beef mashed,"A plate of savory beef cutlets covered in rich, brown gravy, accompanied by a serving of smooth, creamy mashed potato, presented on a white plate with a blue and white checkered cloth.","으깬 감자; 부드럽고 크리미한; 파란색, 흰색; 식욕을 돋우는 색깔; 소고기 으깬 것","진한 갈색 그레이비가 듬뿍 뿌려진 고소한 소고기 커틀릿 한 접시에, 부드럽고 크리미한 매시드 포테이토가 곁들여져 있으며, 파란색과 흰색 체크무늬 식탁보가 깔린 흰색 접시에 담겨 있다."
convenience_meals,hyperclovax,1001837821,3gram,appearance suggest glaze; appetizing color beef; beef brown cover; beef mashed potato; beef surround smooth,"A plate of savory beef in a rich, brown sauce, accompanied by a serving of creamy mashed potato, presented on a white plate with a blue and white checkered cloth.","겉모습으로 보아 유약이 칠해진 것 같다; 식욕을 돋우는 색깔의 소고기; 갈색 소고기 표지; 소고기 으깬 감자; 소고기, 가장자리가 매끄럽게","진한 갈색 소스에 푹 배인 고소한 소고기 요리가, 크리미한 으깬 감자와 함께 파란색과 흰색 체크무늬 식탁보가 깔린 흰 접시에 담겨 있다."
convenience_meals,hyperclovax,1001861172,1gram,floral; noodle; chunky; outer; grey,"Two bowls of spicy, chunky noodle soup garnished with mushrooms and vegetables, served in traditional blue and red patterned bowls.",꽃무늬; 면; 통통한; 외부; 회색,"버섯과 채소가 듬뿍 들어간 매콤한 큼직한 면이 담긴 국물 요리 두 그릇으로, 전통적인 파란색과 빨간색 무늬가 있는 그릇에 담겨 나옵니다."
convenience_meals,hyperclovax,1001861172,2gram,broth plain; chunky texture; design outer; edge noodle; floral design,"Two bowls of spicy, chunky noodle soup with a rich broth, garnished with mushrooms and green onions, served in traditional blue and red patterned bowls.",국물만; 씹는 맛이 쫀득한 식감; 디자인 외관; 엣지 면; 플로럴 디자인,"풍미가 진한 육수에 버섯과 파를 곁들인, 매콤하고 큼직한 면이 든 국수 두 그릇이 전통적인 파란색과 빨간색 무늬가 들어간 그릇에 담겨 나옵니다."
convenience_meals,hyperclovax,1001861172,3gram,blue floral design; bowl jjamppong bowl; bowl white red; broth plain light; chunky texture likely,"Two bowls of spicy, noodle-based soup with a chunky texture, featuring a mix of mushrooms and possibly meat, served in traditional white bowls with red floral patterns.","파란색 꽃무늬; 짬뽕 그릇 짬뽕 그릇; 그릇 흰색 빨간색; 국물, 담백한 맛; 거친 질감일 가능성이 높음","버섯과 아마도 고기가 섞여 큼직한 식감을 자랑하는 매콤한 국수 수프 두 그릇으로, 빨간 꽃무늬가 그려진 전통적인 흰색 그릇에 담겨 나온다."
convenience_meals,hyperclovax,1001861172,1gram,noodle; ingredient; wheat; jjamppong; sauce,"A bowl of spicy jjamppong noodle soup garnished with meat and vegetables in a red broth, served in a decorative blue and white bowl with chopsticks resting beside it.",면; 재료; 밀; 짬뽕; 소스,"붉은 국물에 고기와 채소가 듬뿍 들어간 매콤한 짬뽕 한 그릇으로, 파란색과 흰색이 어우러진 예쁜 그릇에 담겨 있고, 그 옆에는 젓가락이 놓여 있다."
convenience_meals,hyperclovax,1001861172,2gram,arrange way; base sauce; broth glossy; chili tomato; dish include,"A bowl of spicy, red-colored noodle soup garnished with various ingredients such as mushrooms, vegetables, and meat, served in a white and blue patterned bowl with a glossy broth, accompanied by wooden chopsticks.",방법을 마련하다; 기본 소스; 윤기 나는 육수; 칠리 토마토; 요리 구성,"버섯, 채소, 고기 등 다양한 재료가 곁들여진 매콤하고 붉은 색의 국수 수프 한 그릇으로, 흰색과 파란색 무늬가 있는 그릇에 담겨 있으며, 국물은 윤기가 흐르고, 나무 젓가락이 함께 제공된다."
convenience_meals,hyperclovax,1001861172,3gram,appetizing manner focus; arrange way showcase; base sauce dish; beef vegetable carrot; bowl jjamppong noodle,"A bowl of spicy jjamppong noodle with beef, vegetables, and a rich red sauce, served in a decorative blue and white bowl.","식욕을 돋우는 방식에 초점을 맞추다; 전시 방식 구성; 기본 소스 요리; 소고기, 채소, 당근; 그릇에 담긴 짬뽕","소고기와 채소, 진한 붉은 소스가 들어간 매콤한 짬뽕 한 그릇으로, 파란색과 흰색이 어우러진 예쁜 그릇에 담겨 나옵니다."
convenience_meals,hyperclovax,1001866269,1gram,mushroom; pot; ingredient; shabu; cabbage,"A green pot filled with a variety of ingredients including sliced meat, mushrooms, cabbage, and noodles, accompanied by two small bowls of dipping sauces, ready for a shabu-shabu meal.",버섯; 냄비; 재료; 샤부; 양배추,"얇게 썬 고기, 버섯, 양배추, 면 등 다양한 재료가 가득 담긴 초록색 냄비와 함께, 찍어 먹을 소스가 담긴 작은 그릇 두 개가 곁들여져 있어 샤브샤브를 즐길 준비가 되어 있다."
convenience_meals,hyperclovax,1001866269,2gram,bag overall; beef red; brown smooth; brownish sauce; cabbage green,"A green pot filled with a variety of ingredients including sliced beef, mushrooms, cabbage, and noodles, accompanied by two small bowls of dipping sauces, ready for a stir-fry meal.","가방 전체; 소고기 붉은색; 갈색, 매끄러운; 갈색을 띤 소스; 양배추 잎","얇게 썬 소고기, 버섯, 양배추, 면 등 다양한 재료가 가득 담긴 초록색 냄비와 함께, 볶음 요리를 즐길 수 있도록 준비된 두 개의 작은 소스 그릇."
convenience_meals,hyperclovax,1001866269,3gram,bag overall presentation; beef mushroom cabbage; beef red thinly; bowl reddish sauce; brown smooth texture,"A green bowl filled with a variety of ingredients including beef, mushrooms, cabbage, and noodles, accompanied by two small bowls of sauces, ready for a hot pot meal.","가방 전반적 인상; 소고기, 버섯, 양배추; 얇게 썬 붉은 소고기; 붉은빛이 도는 소스를 그릇에 담다; 갈색의 매끄러운 질감","소고기, 버섯, 양배추, 면 등 다양한 재료가 가득 담긴 초록색 그릇과 소스가 담긴 작은 그릇 두 개가 곁들여져 있어, 바로 전골 요리를 즐길 준비가 되어 있다."
convenience_meals,hyperclovax,1001866269,1gram,pot; shabu; leafy; mushroom; fresh,"A pot of shabu contains a variety of ingredients including leafy greens, mushrooms, and noodles, with a rich broth.",냄비; 샤부; 잎이 무성한; 버섯; 신선한,"샤브샤브 냄비에는 잎채소, 버섯, 면 등 다양한 재료가 들어 있으며, 진한 육수가 곁들여져 있습니다."
convenience_meals,hyperclovax,1001866269,2gram,leafy vegetable; green leafy; add pot; beef yellow; cabbage white,"A bowl of beef and vegetable stew with noodles, featuring a mix of leafy greens, mushrooms, and a rich broth, accompanied by two small bowls of dipping sauces.",잎채소; 푸른 잎이 무성한; 냄비 추가; 소고기 노란색; 배추흰나비,"잎채소와 버섯이 어우러진 진한 육수가 특징인 소고기와 야채 스튜에 면이 들어간 한 그릇으로, 곁들여 먹을 소스가 담긴 작은 그릇 두 개가 함께 제공됩니다."
convenience_meals,hyperclovax,1001866269,3gram,green leafy vegetable; add pot mushroom; appearance suggest fresh; asian dish pot; beef yellow cabbage,"A bowl of Asian-inspired pot dish featuring a variety of ingredients including beef, yellow cabbage, green leafy vegetables, and mushrooms, served in a green ceramic pot with a handle, accompanied by dipping sauces.",녹색 잎채소; 냄비 버섯 추가; 겉모습만 봐도 신선해 보인다; 아시아식 냄비; 소고기 노란 양배추,"소고기, 노란 양배추, 잎채소, 버섯 등 다양한 재료가 들어간 아시아풍 냄비 요리로, 손잡이가 달린 녹색 도자기 냄비에 담겨 제공되며, 곁들일 소스가 함께 나옵니다."
convenience_meals,hyperclovax,1001929136,1gram,piece; chicken; caramelize; glistening; pool,"A plate of glazed chicken pieces with a glossy, caramelized coating, accompanied by a pair of wooden chopsticks.",작품; 닭; 캐러멜화하다; 반짝이는; 수영장,광택이 나고 캐러멜처럼 갈색으로 구워진 글레이즈드 치킨 조각이 담긴 접시와 나무 젓가락 한 쌍이 곁들여져 있다.
convenience_meals,hyperclovax,1001929136,2gram,chicken piece; caramelize sauce; color subtle; crispy sauce; glistening pool,"A plate of golden-brown fried chicken pieces drizzled with a glossy caramel sauce, accompanied by a pair of light-colored wooden chopsticks.",닭고기 조각; 소스를 캐러멜화하다; 은은한 색감; 바삭바삭한 소스; 반짝이는 연못,"윤기 나는 캐러멜 소스가 뿌려진 황금빛으로 노릇노릇하게 튀겨진 치킨 조각 한 접시와, 밝은 색의 나무 젓가락 한 쌍이 곁들여져 있다."
convenience_meals,hyperclovax,1001929136,3gram,beige color subtle; brown crispy sauce; caramelize sauce chicken; chicken piece golden; color subtle texture,"Beige-colored, crispy chicken pieces glazed with a caramelized sauce, served on a round plate with a light beige background.","베이지색, 은은한; 갈색 바삭한 소스; 소스를 얹은 닭고기 캐러멜화; 노릇노릇하게 구운 닭고기 조각; 은은한 색감, 섬세한 질감","베이지색의 바삭한 치킨 조각에 캐러멜 소스를 입혀, 연한 베이지색 바탕의 둥근 접시에 담아낸 요리."
convenience_meals,hyperclovax,1001929136,1gram,colored; chicken; amber; honey; syrup,A plate of golden-brown fried chicken pieces drizzled with amber-colored syrup.,색깔이 있는; 닭; 앰버; 여보; 시럽,황금빛으로 노릇노릇하게 튀겨진 치킨 조각 위에 호박색 시럽이 뿌려진 한 접시.
convenience_meals,hyperclovax,1001929136,2gram,amber colored; appearance additional; chicken golden; color chicken; exterior sauce,"Golden-brown, amber-colored fried chicken pieces glazed with a shiny, sugary sauce, served on a light-colored plate with a pair of wooden chopsticks to the right.",호박색; 외관 추가; 황금빛 치킨; 컬러 치킨; 겉소스,"황금빛 갈색과 호박색을 띤 프라이드 치킨 조각들이 반짝이는 달콤한 소스로 코팅되어 있으며, 밝은 색의 접시에 담겨 있고 오른쪽에는 나무 젓가락 한 쌍이 놓여 있다."
convenience_meals,hyperclovax,1001929136,3gram,amber colored sauce; appearance additional context; beige color chicken; chicken golden brown; clear view texture,"Golden-brown fried chicken pieces glazed with amber-colored sauce, served on a beige plate with a pair of wooden chopsticks to the side.",호박색 소스; 외관 관련 추가 정보; 베이지색 닭; 닭고기가 노릇노릇해질 때까지; 선명한 뷰 텍스처,"호박색 소스가 듬뿍 발라진 황금빛 갈색의 튀긴 닭고기 조각들이 베이지색 접시에 담겨 있고, 옆에는 나무 젓가락 한 쌍이 놓여 있다."
convenience_meals,hyperclovax,1001931649,1gram,nugget; product; fry; breaded; fully,Breaded chicken nuggets in a brown plate with a side of ketchup.,너겟; 제품; 튀기다; 빵가루를 입힌; 완전히,갈색 접시에 담긴 빵가루를 입힌 치킨 너겟과 케첩이 곁들여져 있다.
convenience_meals,hyperclovax,1001931649,2gram,breaded fry; fry crispy; fully legible; ketchup left; legible include,Breaded chicken nuggets served on a plate with a side of ketchup.,빵가루를 입힌 튀김; 바삭하게 튀기다; 완전히 읽을 수 있는; 케첩이 남았다; 읽기 쉬운 포함,케첩을 곁들여 접시에 담긴 빵가루를 입힌 치킨 너겟.
convenience_meals,hyperclovax,1001931649,3gram,bag text product; breaded fry chicken; brown indicate fry; brown plate small; color tablecloth focus,"A plate of golden-brown breaded chicken nuggets accompanied by a small bowl of red sauce, with a white packaging bag featuring the product name and an image of the nuggets in the background.",가방 설명 제품; 빵가루를 입힌 프라이드 치킨; 갈색은 치어를 나타냅니다; 갈색 접시 (소형); 색상 식탁보에 주목,"황금빛 갈색의 빵가루를 입힌 치킨 너겟 한 접시와 작은 그릇에 담긴 빨간 소스가 함께 놓여 있으며, 제품명과 너겟 이미지가 배경으로 그려진 흰색 포장 봉지가 있습니다."
convenience_meals,hyperclovax,1001931649,1gram,nugget; brown; fry; plate; golden,Golden-brown fried chicken nuggets served on a plate with a side of ketchup.,너겟; 갈색; 튀기다; 판; 황금색,황금빛 갈색으로 노릇노릇하게 튀겨진 치킨 너겟이 케첩과 함께 접시에 담겨 나옵니다.
convenience_meals,hyperclovax,1001931649,2gram,beige handle; brown fry; brown napkin; brown parchment; cook arrange,A plate of golden-brown fried chicken tenders accompanied by a small bowl of ketchup and a fork resting on a brown napkin.,"베이지색 손잡이; 갈색 치어; 갈색 냅킨; 갈색 양피지; 요리하기, 준비하기","노릇노릇하게 튀겨진 치킨 텐더 한 접시, 그 옆에는 작은 케첩 그릇이 놓여 있고, 갈색 냅킨 위에는 포크가 놓여 있다."
convenience_meals,hyperclovax,1001931649,3gram,beige handle brown; brown fry chicken; brown napkin plain; brown parchment paper; color indicate cook,A plate of golden-brown fried chicken nuggets accompanied by a small bowl of red sauce and a fork resting on a brown napkin.,"베이지색 손잡이, 갈색; 갈색 튀김 치킨; 갈색 무지 냅킨; 갈색 양피지; 색상으로 조리 상태 표시","노릇노릇하게 튀겨진 치킨 너겟 한 접시, 그 옆에는 빨간 소스가 담긴 작은 그릇과 갈색 냅킨 위에 놓인 포크가 있다."
convenience_meals,hyperclovax,1001946226,1gram,rice; fleck; origin; 국산 생곤드레로 만든 곤드레나물밥; kale,"A bowl of cooked rice with green flecks, likely from a product called ""곤드레나물밥"" (Korean: gondwala-bap), made with Korean green leafy vegetables, served on a wooden plate with a wooden spoon.",쌀; 반점; 출처; 국산 생곤드레로 만든 곤드레나물밥; 케일,한국산 녹색 잎채소로 만든 ‘곤드레나물밥’이라는 음식에서 비롯된 것으로 보이는 녹색 반점이 흩뿌려진 밥 한 그릇이 나무 접시에 담겨 나무 숟가락과 함께 제공되고 있다.
convenience_meals,hyperclovax,1001946226,2gram,beige cloth; bowl beige; bowl cooked; cloth napkin; fleck suggest,"A bowl of cooked green rice with a mix of green vegetables, served on a beige cloth napkin with a wooden spoon beside it, accompanied by a small bowl of soy sauce with sesame seeds.",베이지색 천; 베이지색 그릇; 그릇에 담긴 요리; 천 냅킨; 플렉의 제안,"채소를 섞어 지은 초록색 밥 한 그릇이 베이지색 천 냅킨 위에 담겨 있고, 그 옆에는 나무 숟가락이 놓여 있으며, 참깨가 들어간 간장 한 작은 그릇이 곁들여져 있다."
convenience_meals,hyperclovax,1001946226,3gram,beige cloth napkin; bowl beige cloth; bowl cooked rice; ceramic bowl beige; cloth napkin white,"A bowl of cooked rice garnished with green herbs, accompanied by a small bowl of brown sauce and a wooden spoon, set on a beige cloth napkin.",베이지색 천 냅킨; 베이지색 그릇용 천; 밥 한 그릇; 베이지색 세라믹 그릇; 흰색 천 냅킨,"베이지색 천 냅킨 위에, 푸른 허브를 곁들인 밥 한 그릇과 갈색 소스가 담긴 작은 그릇, 그리고 나무 숟가락이 놓여 있다."
convenience_meals,hyperclovax,1001946226,1gram,rice; bowl; ceramic; sauce; dipping,"A bowl of seasoned rice with green herbs, accompanied by a small bowl of dipping sauce, placed on a textured beige cloth.",쌀; 그릇; 세라믹; 소스; 담그기,"질감이 느껴지는 베이지색 천 위에, 푸른 허브가 곁들여진 양념밥 한 그릇과 함께 작은 그릇에 담긴 찍어 먹는 소스가 놓여 있다."
convenience_meals,hyperclovax,1001946226,2gram,asian style; bowl cook; bowl surface; dipping sauce; food emphasize,"A bowl of seasoned rice with green herbs, accompanied by a small bowl of dipping sauce, placed on a textured beige cloth.",아시아풍; 그릇 요리; 그릇 표면; 찍어 먹는 소스; 음식 강조,"질감이 느껴지는 베이지색 천 위에, 푸른 허브가 곁들여진 양념밥 한 그릇과 함께 작은 그릇에 담긴 찍어 먹는 소스가 놓여 있다."
convenience_meals,hyperclovax,1001946226,3gram,asian style dipping; bowl cook rice; bowl reddish brown; bowl small bowl; bowl surface texture,"A bowl of cooked rice with green herbs, likely a type of Asian-style rice dish, accompanied by a small bowl of reddish-brown dipping sauce garnished with sesame seeds.","아시아식 찍어 먹는 요리; 그릇에 밥을 짓다; 붉은 갈색 그릇; 그릇, 작은 그릇; 그릇 표면의 질감","초록색 허브가 곁들여진 밥 한 그릇으로, 아마도 아시아식 밥 요리 중 하나일 것이며, 그 옆에는 참깨가 뿌려진 적갈색 양념장이 담긴 작은 그릇이 곁들여져 있다."
convenience_meals,hyperclovax,1002066864,1gram,noodle; napkin; bowl; dish; orange,"A white bowl filled with a creamy orange-colored noodle dish, garnished with pieces of chicken, accompanied by a pair of black chopsticks resting on a red napkin.",면; 냅킨; 그릇; 요리; 오렌지,"크림빛이 도는 주황색 국수가 가득 담긴 흰 그릇 위에 닭고기 조각이 얹혀 있고, 빨간 냅킨 위에 검은 젓가락 한 쌍이 놓여 있다."
convenience_meals,hyperclovax,1002066864,2gram,red napkin; piece chicken; black chopstick; chicken bowl; chicken noodle,A bowl of creamy chicken noodle soup with a red napkin and black chopsticks beside it.,빨간 냅킨; 닭 한 마리; 검은 젓가락; 치킨 덮밥; 치킨 누들,크리미한 치킨 누들 수프 한 그릇과 그 옆에 빨간 냅킨과 검은 젓가락이 놓여 있다.
convenience_meals,hyperclovax,1002066864,3gram,black chopstick lay; bowl noodle bowl; chicken bowl red; chicken noodle coat; chopstick lay right,A white bowl of creamy chicken noodle soup with a red napkin underneath and black chopsticks to the side.,"검은 젓가락이 놓여 있다; 그릇, 국수, 그릇; 치킨 보울 레드; 치킨 누들 코트; 젓가락을 오른쪽에 놓는다","크림 같은 치킨 누들 수프가 담긴 하얀 그릇 아래에는 빨간 냅킨이 깔려 있고, 옆에는 검은 젓가락이 놓여 있다."
convenience_meals,hyperclovax,1002066864,1gram,creamy; pasta; chunk; dish; noodle,"A creamy pasta dish featuring noodles and chunks of chicken in a rich, orange sauce, served in a white bowl with the brand name ""FUSION JJAMPONG & PIZZA"" visible.",크리미한; 파스타; 청크; 요리; 면,"면과 닭고기 토막이 들어간 크리미한 파스타 요리로, 진한 오렌지색 소스에 버무려져 있으며, “FUSION JJAMPONG & PIZZA”라는 브랜드명이 적힌 흰색 그릇에 담겨 제공됩니다."
convenience_meals,hyperclovax,1002066864,2gram,dish serve; add spice; additional garnish; base possibly; brand restaurant,"A bowl of creamy pasta with a light orange sauce, featuring pieces of chicken and noodles, served in a white bowl with the text ""FUSION JJAMPONG & PIZZA"" indicating the brand.",요리 제공; 흥미를 더하다; 추가 장식; 아마도 기초; 브랜드 레스토랑,"가벼운 오렌지 소스가 곁들여진 크리미한 파스타 한 그릇으로, 닭고기 조각과 면이 들어 있으며, 브랜드명을 나타내는 “FUSION JJAMPONG & PIZZA”라는 문구가 적힌 흰색 그릇에 담겨 제공됩니다."
convenience_meals,hyperclovax,1002066864,3gram,add spice herb; additional garnish decoration; base possibly add; brand restaurant dish; cheesy base possibly,"A bowl of creamy pasta with a light orange sauce, featuring pieces of chicken and noodles, served in a white bowl with the text ""FUSION JJAMPONG & PIZZA"" indicating a fusion restaurant dish.",향신료·허브 추가하기; 추가 장식; 기본값에 추가할 수도 있음; 브랜드 레스토랑의 요리; 아마도 치즈가 들어간 베이스일 수도,"가벼운 오렌지 소스가 곁들여진 크리미한 파스타 한 그릇으로, 닭고기 조각과 면이 들어 있으며, 퓨전 레스토랑의 요리임을 나타내는 “FUSION JJAMPONG & PIZZA”라는 문구가 적힌 흰색 그릇에 담겨 제공됩니다."
convenience_meals,hyperclovax,1002309661,1gram,dish; monkfish; serve; braised; kale,"A rich, red braised dish featuring chunks of meat and greens, likely a type of stew or curry, presented in a round, metallic bowl.",요리; 아귀; 제공하다; 조림; 케일,"육각과 채소가 큼직하게 썰려 들어간 진하고 붉은 색의 조림 요리로, 아마도 스튜나 카레의 일종일 것이며, 둥근 금속 그릇에 담겨 있다."
convenience_meals,hyperclovax,1002309661,2gram,braised spicy; chunk green; color glossy; dish braised; dish large,"A large, glossy, braised dish with chunks of green vegetables and a rich, reddish sauce, likely a spicy braised chicken or pork dish.",매콤하게 조린; 청록색 덩어리; 컬러 광택지; 조림 요리; 큰 접시,"푸른 채소 덩어리와 진하고 붉은빛이 도는 소스가 듬뿍 들어간, 크고 윤기 나는 조림 요리로, 아마도 매콤한 닭고기나 돼지고기 조림일 것이다."
convenience_meals,hyperclovax,1002309661,3gram,2 handle suggest; braised spicy monkfish; chunk green vegetable; color glossy sheen; dish braised spicy,"A plate of braised spicy monkfish with a glossy sheen, garnished with green vegetables, presented in a rich, reddish sauce.","2개의 손잡이를 추천합니다; 매콤하게 조린 아귀; 채소를 덩어리째 썰기; 색상, 광택, 윤기; 매콤한 조림 요리","윤기가 흐르는 매콤한 아귀 조림 한 접시로, 푸른 채소가 곁들여져 있으며 진한 붉은빛 소스에 담겨 있다."
convenience_meals,hyperclovax,1002309661,1gram,dish; pan; stew; vegetable; spicy,"A rich, spicy stew served in a metal pan, featuring tender chunks of meat and vibrant green vegetables in a thick, reddish sauce.",요리; 팬; 스튜; 채소; 매운,"금속 팬에 담겨 나오는 진하고 매콤한 스튜로, 부드럽게 익은 고기 조각과 선명한 녹색 채소가 짙고 붉은빛이 도는 소스에 어우러져 있습니다."
convenience_meals,hyperclovax,1002309661,2gram,braise dish; braised dish; chunk coat; coat rich; color ingredient,"A richly colored braised dish featuring tender chunks of meat in a glossy sauce, accompanied by green leafy vegetables, served in a metallic bowl.",찜 요리; 조림 요리; 청크 코트; 코트 리치; 색소 성분,"윤기 나는 소스에 푹 익혀 부드러워진 고기 조각과 푸른 잎채소가 곁들여진, 색감이 풍부한 조림 요리로, 금속 그릇에 담겨 제공됩니다."
convenience_meals,hyperclovax,1002309661,3gram,appearance dish present; braise dish cuisine; braised dish meat; brown sauce suggest; chunk coat rich,"A rich, brown sauce-covered braised dish featuring chunks of meat and green vegetables, served in a metal pan.","외관, 요리, 선물; 찜 요리; 조림용 고기; 브라운 소스 추천; 청크 코트 리치","육조각과 녹색 채소가 듬뿍 들어간, 진한 갈색 소스로 버무린 조림 요리로, 금속 팬에 담겨 제공됩니다."
convenience_meals,hyperclovax,1002347378,1gram,sandwich; english; product; 3개; basil tomato cheese ciabatta sandwich,"A plate of ciabatta sandwiches with a creamy tomato and basil filling, accompanied by a package of frozen sandwiches labeled ""vechia & nuovo"" in red and white packaging.",샌드위치; 영어; 제품; 3개; 바질 토마토 치즈 치아바타 샌드위치,"크리미한 토마토와 바질 속재료가 들어간 치아바타 샌드위치 한 접시와, 빨간색과 흰색 포장에 “vechia & nuovo”라고 적힌 냉동 샌드위치 한 팩이 함께 놓여 있다."
convenience_meals,hyperclovax,1002347378,2gram,bake packaging; basil tomato cheese ciabatta sandwich english; brand 베키아에누보; consist rectangular; english identify,"Rectangular ciabatta sandwiches with basil, tomato, and cheese, packaged in a white and red design by 베키아에누보.",베이킹 포장재; 바질 토마토 치즈 치아바타 샌드위치 (영어); 브랜드베키아에누보; 직사각형으로 이루어진; 영어 식별,"베키아에누보의 흰색과 빨간색 디자인으로 포장된, 바질, 토마토, 치즈가 들어간 직사각형 치아바타 샌드위치."
convenience_meals,hyperclovax,1002347378,3gram,bake packaging predominantly; basil tomato cheese ciabatta sandwich english identify; brand 베키아에누보 english; brown indicate bake; cheese green herb,"A plate of ciabatta sandwiches with a creamy tomato and basil filling, accompanied by a package of frozen sandwiches from the brand ""vechia & nuovo,"" showcasing a product that combines Italian-style ingredients in a convenient, pre-packaged form.",주로 베이킹 용 포장재; 바질 토마토 치즈 치아바타 샌드위치 영어 식별; 브랜드 베키아에누보 영어; 갈색은 구워졌음을 나타냅니다; 치즈와 녹색 허브,"크리미한 토마토와 바질 속재료를 넣은 치아바타 샌드위치 한 접시와 함께, “vechia & nuovo” 브랜드의 냉동 샌드위치 한 팩이 제공되는데, 이는 이탈리아식 재료를 편리하게 미리 포장된 형태로 결합한 제품을 선보이는 것입니다."
convenience_meals,hyperclovax,1002347378,1gram,sandwich; cheese; pesto; melt; bread,"A plate of cheesy, pesto-topped sandwiches with melted cheese and bread.",샌드위치; 치즈; 페스토; 녹다; 빵,치즈가 듬뿍 들어간 샌드위치 한 접시. 녹아내린 치즈와 빵 위에 페스토가 얹혀 있습니다.
convenience_meals,hyperclovax,1002347378,2gram,pesto sauce; add green; arrangement sandwich; bake cheese; basil tomato,"A plate of sandwiches featuring a combination of pesto sauce, melted cheese, and a mix of green and red ingredients, likely basil and tomato, arranged in a layered fashion.",페스토 소스; 초록색 추가; 어레인지 샌드위치; 치즈 굽기; 바질 토마토,"페스토 소스와 녹아내린 치즈, 그리고 아마도 바질과 토마토로 보이는 녹색과 빨간색 재료들이 층층이 쌓여 있는 샌드위치 한 접시."
convenience_meals,hyperclovax,1002347378,3gram,add green contrast; arrangement sandwich white; bake cheese melt; basil tomato cheese; bread fill mixture,"A plate of sandwiches featuring a combination of green pesto, melted cheese, and tomato filling, with a golden-brown crust, presented on a white plate.","초록색 대비 추가; 어레인지 샌드위치 화이트; 치즈 구워 녹이기; 바질, 토마토, 치즈; 빵 속 재료","흰 접시에 담긴, 녹색 페스토와 녹은 치즈, 토마토 속재료를 곁들인 샌드위치 한 접시로, 겉면은 노릇노릇하게 구워져 있다."
convenience_meals,hyperclovax,1002361676,1gram,curry; flatbread; basket; colored; brass,"A rich, orange-colored curry with chunks of meat served in a brass pot, accompanied by two pieces of flatbread in a wicker basket.",카레; 플랫브레드; 바구니; 색깔이 있는; 황동,"황금빛이 도는 진한 오렌지색 카레에 고기 덩어리가 듬뿍 들어 있으며, 황동 냄비에 담겨 나오고, 고리버들 바구니에 담긴 플랫브레드 두 장이 곁들여집니다."
convenience_meals,hyperclovax,1002361676,2gram,2 piece; basket 2; basket neutral; brass handle; consistency garnish,"A rich, orange-colored curry with chunks of meat served in a brass-handled pot, accompanied by two pieces of flatbread in a wicker basket.",2개 세트; 바구니 2; 바스켓 중립; 황동 손잡이; 일관성 있는 장식,"황금빛이 도는 진한 오렌지색 카레에 고기 덩어리가 듬뿍 들어 있으며, 황동 손잡이가 달린 냄비에 담겨 나오고, 고리버들 바구니에 담긴 플랫브레드 두 조각이 곁들여집니다."
convenience_meals,hyperclovax,1002361676,3gram,2 piece flatbread; additional context decoration; basket 2 piece; basket neutral light; brass handle curry,"A bowl of rich, orange-colored curry with chunks of meat, served in a brass pot on a small burner, accompanied by two pieces of flatbread in a wicker basket.",플랫브레드 2개; 추가적인 맥락 표현; 바구니 2개 세트; 바스켓 중성 조명; 황동 손잡이 카레,"고기가 큼직하게 썰려 들어간 진하고 주황빛을 띤 카레 한 그릇이 작은 버너 위에 올려진 황동 냄비에 담겨 나오며, 고리버들 바구니에는 플랫브레드 두 조각이 곁들여져 있다."
convenience_meals,hyperclovax,1002361676,1gram,naan; curry; bread; serve; char,"A bowl of rich, orange-colored curry with chunks of meat, served alongside a piece of naan bread.",난; 카레; 빵; 제공하다; char,"고기가 큼직하게 썰려 들어간 진하고 주황빛을 띤 카레 한 그릇에, 난 빵 한 조각이 곁들여져 나온다."
convenience_meals,hyperclovax,1002361676,2gram,naan bread; piece naan; accompany curry; additional piece; appetizing curry,"A bowl of rich, orange-colored curry with chunks of meat, served alongside a piece of naan bread, ready to be enjoyed.",난 빵; 나안 한 조각; 카레와 함께; 추가 부품; 입맛을 돋우는 카레,"고기가 큼직하게 썰어 들어간 진하고 오렌지색을 띤 카레 한 그릇에 난 빵 한 조각이 곁들여져, 이제 맛있게 드실 준비가 되었습니다."
convenience_meals,hyperclovax,1002361676,3gram,piece naan bread; accompany curry piece; additional piece naan; appetizing curry naan; arrange highlight texture,"A bowl of rich, orange-colored curry with chunks of meat, served alongside a piece of naan bread, presented on a light-colored surface.",나안 빵 한 조각; 카레 조각을 곁들여; 나안 한 장 더; 식욕을 돋우는 카레 난; 하이라이트 텍스처 배치,"고기가 큼직하게 썰려 들어간 진하고 주황빛을 띤 카레 한 그릇에 난 빵 한 조각이 곁들여져, 밝은 색의 접시 위에 담겨 있다."
convenience_meals,hyperclovax,1002382999,1gram,soup; tofu; bowl; broth; matching,"A bowl of light-colored soup containing tofu cubes, thinly sliced green onions, and pieces of meat, served on a white plate with a wooden spoon beside it.",수프; 두부; 그릇; 육수; 일치,"흰 접시에 담긴 연한 색의 수프 한 그릇으로, 그 안에는 깍둑썰기한 두부, 얇게 썬 파, 그리고 고기 조각이 들어 있으며, 옆에는 나무 숟가락이 놓여 있다."
convenience_meals,hyperclovax,1002382999,2gram,bowl soup; soup light; base tofu; bowl overall; broth base,"A bowl of light soup featuring tofu cubes, thinly sliced green onions, and a wooden spoon resting on a white plate.",그릇에 담긴 수프; 가벼운 수프; 기본 두부; 볼 전체; 육수 베이스,흰 접시 위에 얇게 썬 파와 깍둑썰기한 두부가 들어간 맑은 국 한 그릇과 그 위에 놓인 나무 숟가락.
convenience_meals,hyperclovax,1002382999,3gram,base tofu ingredient; bowl overall presentation; bowl soup light; bowl white smooth; broth base tofu,"A bowl of light-colored soup featuring tofu cubes, thinly sliced green onions, and a wooden spoon resting on a white plate.",기본 두부 재료; 그릇의 전반적인 인상; 가벼운 그릇 수프; 흰색 매끄러운 그릇; 육수 베이스 두부,"흰 접시 위에 놓인 나무 숟가락과 함께, 깍둑썰기한 두부와 얇게 썬 파가 들어간 연한 색의 수프 한 그릇."
convenience_meals,hyperclovax,1002382999,1gram,soup; asian; onion; tofu; green,"A bowl of light-colored soup featuring tofu cubes, thinly sliced green onions, and pieces of meat, served on a white plate.",수프; 아시아; 양파; 두부; 초록색,"흰 접시에 담긴, 깍둑썰기한 두부, 얇게 썬 파, 그리고 고기 조각이 들어간 연한 색의 수프 한 그릇."
convenience_meals,hyperclovax,1002382999,2gram,green onion; add flavor; appeal overall; asian cuisine; beef thinly,"A bowl of light-colored soup featuring tofu cubes, thinly sliced green onions, and pieces of what appears to be dried or cooked meat, likely beef, in a broth that suggests an Asian cuisine influence.",파; 맛을 더하다; 전반적인 매력; 아시아 요리; 얇게 썬 소고기,"아시아 요리의 영향을 받은 듯한 육수에 두부 깍둑썰기, 얇게 썬 파, 그리고 말린 고기나 조리된 고기(아마도 소고기)로 보이는 조각들이 들어간 연한 색의 수프 한 그릇."
convenience_meals,hyperclovax,1002382999,3gram,add flavor visual; add fresh green; appeal overall presentation; asian cuisine add; asian dish ingredient,"A bowl of light-colored soup featuring tofu cubes, thinly sliced green onions, and pieces of meat, likely from an Asian cuisine, with a visually appealing presentation of fresh ingredients.",맛을 더하는 시각적 요소; 신선한 채소를 넣으세요; 전체적인 표현력을 높이기; 아시아 요리 추가; 아시아 요리 재료,"두부 깍둑썰기, 얇게 썬 파, 그리고 아마도 아시아 요리에서 나온 것으로 보이는 고기 조각이 들어간 연한 색의 수프 한 그릇으로, 신선한 재료들이 시각적으로도 매력적으로 담겨 있다."
convenience_meals,hyperclovax,5009669,1gram,salad; jar; label; product; black,"A collection of transparent salad jars with black lids, each containing a fresh mix of greens and vegetables, neatly arranged on a light gray surface. The jars are adorned with labels featuring a combination of black, white, and orange colors, with text that reads ""신선한 샐러드"" (fresh salad) and ""샐러드 믹스"" (salad mix), indicating the product's contents. The brand name is not visible in the image.",샐러드; jar; 라벨; 제품; 검정,"검은색 뚜껑이 달린 투명한 샐러드 용기들이 한데 모여 있으며, 각 용기에는 신선한 채소와 야채가 섞여 들어 있고, 밝은 회색 바탕 위에 가지런히 놓여 있습니다. 병에는 검은색, 흰색, 주황색이 조화를 이룬 라벨이 붙어 있으며, “신선한 샐러드”와 “샐러드 믹스”라는 문구가 적혀 있어 제품의 내용물을 나타내고 있습니다. 이미지에서는 브랜드명이 보이지 않습니다."
convenience_meals,hyperclovax,5009669,2gram,salad mix; arrange staggered; black lid; brand salad; color label,"A collection of transparent salad containers filled with fresh greens and various vegetables, each adorned with a label featuring a color-coded design and text indicating the brand and product name.",샐러드 채소 모둠; 엇갈리게 배치하다; 검은색 뚜껑; 브랜드 샐러드; 색상 라벨,"신선한 잎채소와 다양한 채소가 가득 담긴 투명한 샐러드 용기 모음으로, 각 용기에는 색상별로 구분된 디자인과 브랜드명 및 제품명이 적힌 라벨이 붙어 있습니다."
convenience_meals,hyperclovax,5009669,3gram,appearance packaging sleek; arrange staggered formation; black lid label; black white red; brand salad layer,"Six transparent salad jars with black lids and colorful labels, arranged in a staggered formation, showcasing fresh salad ingredients in a modern, clean design.","세련된 외관과 디자인; 엇갈린 대형을 취하다; 검은색 뚜껑 라벨; 검정, 흰색, 빨강; 브랜드 샐러드 레이어","검은색 뚜껑과 알록달록한 라벨이 달린 투명한 샐러드 용기 6개가 엇갈리게 배열되어 있으며, 현대적이고 깔끔한 디자인으로 신선한 샐러드 재료를 돋보이게 하고 있다."
convenience_meals,hyperclovax,5009669,1gram,salad; variety; mozzarella; topping; cherry,"A selection of diverse salads featuring fresh greens, various toppings including mozzarella balls, cherry tomatoes, and a creamy dressing, served on white plates with a side of dipping sauce.",샐러드; 다양성; 모짜렐라; 토핑; 체리,"신선한 채소와 모짜렐라 볼, 체리 토마토 등 다양한 토핑, 그리고 크리미한 드레싱이 어우러진 다채로운 샐러드 모음으로, 흰 접시에 담겨 디핑 소스와 함께 제공됩니다."
convenience_meals,hyperclovax,5009669,2gram,plate salad; accompany plate; arrange light; ball vegetable; base topping,"A plate of mixed salad featuring various greens, cherry tomatoes, mozzarella balls, and a creamy topping, served with a dipping sauce, accompanied by a fork and a small bowl of dressing.",플레이트 샐러드; 곁들임 접시; 조명 배치; 공 모양의 채소; 베이스 토핑,"다양한 채소, 체리 토마토, 모짜렐라 볼, 크리미한 토핑이 어우러진 샐러드 한 접시로, 딥핑 소스와 함께 제공되며, 포크와 드레싱이 담긴 작은 그릇이 곁들여집니다."
convenience_meals,hyperclovax,5009669,3gram,accompany plate salad; arrange light gray; ball vegetable salad; base topping include; bowl sauce accompany,"A plate of mixed salad with various ingredients including greens, cherry tomatoes, mozzarella balls, and a creamy topping, served with a fork and a small bowl of dark sauce.",곁들임 샐러드; 밝은 회색으로 배열하기; 볼 채소 샐러드; 베이스 토핑에는 다음이 포함됩니다.; 그릇에 담긴 소스 곁들임,"채소, 방울토마토, 모짜렐라 볼, 크림 소스 등 다양한 재료가 들어간 샐러드 한 접시로, 포크와 짙은 색 소스가 담긴 작은 그릇이 함께 제공됩니다."
convenience_meals,hyperclovax,5037794,1gram,patty; plate; round; crispy; golden,"A plate of crispy, golden brown patties garnished with green herbs, accompanied by wooden chopsticks.",패티; 판; 둥근; 바삭바삭한; 황금색,"바삭하고 노릇노릇한 패티 한 접시에 푸른 허브가 곁들여져 있으며, 나무 젓가락이 함께 제공됩니다."
convenience_meals,hyperclovax,5037794,2gram,golden brown; brand patty; color golden; consistency vegetable; crispy consistency,"A plate of crispy, golden brown patties garnished with green herbs, likely a vegetable-based dish, accompanied by wooden chopsticks.",황금빛 갈색; 브랜드 패티; 색상: 황금색; 일관성 있는 채소; 바삭바삭한 식감,"바삭하고 노릇노릇한 패티 한 접시에 초록색 허브가 곁들여져 있는데, 아마도 채소 위주의 요리일 것이며, 나무 젓가락이 함께 놓여 있다."
convenience_meals,hyperclovax,5037794,3gram,brand patty slightly; color golden brown; colored surface visible; consistency vegetable add; crispy consistency vegetable,"Golden brown patty slices on a dark plate, accompanied by wooden chopsticks, showcasing a crispy consistency with visible green vegetable bits.",패티에 살짝; 색상: 황금빛 갈색; 색이 입혀진 표면이 보인다; 일관성 채소 추가; 바삭한 식감의 채소,"짙은 색 접시 위에 놓인 황금빛 갈색 패티 조각들. 나무 젓가락이 곁들여져 있으며, 바삭한 식감이 돋보이고 녹색 채소 조각들이 눈에 띈다."
convenience_meals,hyperclovax,5037794,1gram,patty; spice; golden; fry; round,"Golden-brown, round patties with visible seasoning, likely spicy, served on a dark plate.",패티; 향신료; 황금색; 튀기다; 둥근,"양념이 선명하게 드러나는 황금빛 갈색의 둥근 패티로, 아마도 매콤할 것이며, 짙은 색의 접시에 담겨 나온다."
convenience_meals,hyperclovax,5037794,2gram,vegetable spice; golden brown; bake vegetable; color indicative; contrast light,"Golden brown, crispy vegetable patties on a dark plate.",채소용 양념; 황금빛 갈색; 채소 굽기; 색상 표시; 대비 조명,짙은 색 접시 위에 놓인 황금빛 갈색의 바삭바삭한 야채 패티.
convenience_meals,hyperclovax,5037794,3gram,bake vegetable spice; brown color indicative; brown patty likely; color indicative fry; contrast light visible,"A plate of golden brown, round, crispy patty-like food items, likely a type of vegetable or meat-filled snack, garnished with green herbs.","야채 스파이스 굽기; 갈색을 나타내는; 갈색 패티일 가능성이 높다; 색상으로 구분되는 치어; 명암 대비, 가시광선","노릇노릇하고 둥글며 바삭바삭한 패티 모양의 음식들이 한 접시에 담겨 있는데, 아마도 채소나 고기가 들어간 간식류일 것으로 보이며, 녹색 허브가 곁들여져 있다."
convenience_meals,hyperclovax,5049405,1gram,chicken; dish; vegetable; bell; original,"A plate of glazed chicken and vegetables, featuring a rich brown sauce and garnished with sesame seeds, served on a white plate with a wooden spoon.",닭; 요리; 채소; 벨; 원본,"진한 갈색 소스가 듬뿍 뿌려지고 참깨가 곁들여진 글레이즈드 치킨과 야채 한 접시로, 흰 접시에 담겨 나무 숟가락과 함께 제공됩니다."
convenience_meals,hyperclovax,5049405,2gram,color texture; bell pepper; chicken sliced; coat ingredient; dish glossy,"A plate of glossy, browned chicken and vegetables in a rich sauce, accompanied by a wooden spoon on a white plate.","색상, 질감; 피망; 얇게 썬 닭고기; 코트 성분; 광택 있는 접시","풍미 가득한 소스에 버무려 윤기 나고 노릇노릇하게 구워진 닭고기와 야채가 담긴 접시, 흰 접시 위에는 나무 숟가락이 놓여 있다."
convenience_meals,hyperclovax,5049405,3gram,bell pepper possibly; brown sauce coat; carrot green bell; chicken sliced carrot; clean focus vibrant,"A plate of stir-fried chicken and vegetables in a rich brown sauce, garnished with sesame seeds, served on a white plate with a wooden spoon.","피망일 수도 있다; 브라운 소스 코팅; 당근, 초록 피망; 닭고기, 얇게 썬 당근; 깔끔함, 선명함, 생동감","진한 갈색 소스에 닭고기와 채소를 볶아 참깨를 뿌린 요리로, 흰 접시에 담겨 나무 숟가락과 함께 제공됩니다."
convenience_meals,hyperclovax,5049405,1gram,vegetable; chicken; dish; texture; braise,"A plate of braised chicken and vegetables in a rich, dark sauce, garnished with sesame seeds, served on a gray surface with a wooden spoon on a small plate.",채소; 닭; 요리; 질감; 찜,"진하고 짙은 소스에 닭고기와 채소를 푹 조린 요리가 한 접시에 담겨 있으며, 겉에는 참깨가 뿌려져 있고, 회색 접시 위에 작은 접시에 담긴 나무 숟가락이 곁들여져 있다."
convenience_meals,hyperclovax,5049405,2gram,color texture; base glossy; braise chicken; dish braise; dish piece,"A glossy, braised chicken dish with a rich brown sauce, featuring tender pieces of chicken and a variety of vegetables, served on a white plate with a wooden spoon.","색상, 질감; 베이스 광택; 닭고기를 뭉근히 찜; 요리: 찜; 접시 조각","풍미 가득한 갈색 소스가 곁들여진 윤기 나는 닭고기 조림 요리로, 부드러운 닭고기와 다양한 채소가 들어 있으며, 흰 접시에 나무 숟가락과 함께 제공됩니다."
convenience_meals,hyperclovax,5049405,3gram,base glossy texture; braise chicken vegetable; clean emphasize food; cook rich dark; crispy exterior vegetable,"A glossy, richly cooked dish featuring braised chicken and vegetables in a dark sauce, served on a white plate with a wooden spoon.","기본 광택 질감; 닭고기와 채소 찜; 깨끗함, 강조, 음식; 진하고 짙은 맛; 겉은 바삭한 채소","짙은 소스에 닭고기와 채소를 푹 졸여 윤기가 흐르고 풍미가 풍부한 요리로, 흰 접시에 담아 나무 숟가락과 함께 제공됩니다."
convenience_meals,hyperclovax,5050290,1gram,cake; chicken; soft; rice; stew,A plate of spicy Korean chicken and rice cake stew garnished with sesame seeds.,케이크; 닭; 부드러운; 쌀; 스튜,참깨를 뿌린 매콤한 한국식 닭고기와 떡 찌개 한 그릇.
convenience_meals,hyperclovax,5050290,2gram,rice cake; chicken rice; add soft; bowl add; bowl indicate,"A bowl of spicy chicken rice cake stew with a rich, reddish-brown sauce, garnished with sesame seeds, accompanied by wooden chopsticks.",떡; 치킨 라이스; 부드럽게 추가; 그릇에 담기; 그릇은 ~을 나타낸다,"진한 적갈색 소스가 듬뿍 얹혀 있고, 참깨가 뿌려진 매콤한 닭고기 떡국 한 그릇에 나무 젓가락이 곁들여져 있다."
convenience_meals,hyperclovax,5050290,3gram,chicken rice cake; add soft contrast; bowl add soft; bowl indicate dish; bowl wooden chopstick,"A bowl of spicy, red-colored rice cake with chicken pieces in a rich, savory sauce, garnished with sesame seeds, accompanied by wooden chopsticks.","닭고기 떡; 은은한 대비 추가하기; 그릇에 부드럽게 넣으세요; 그릇은 접시를 뜻합니다; 그릇, 나무 젓가락","매콤하고 붉은 색을 띤 떡 한 그릇에 닭고기 조각이 듬뿍 들어 있고, 진하고 감칠맛 나는 소스가 곁들여져 있으며, 참깨가 뿌려져 있고, 나무 젓가락이 함께 제공됩니다."
convenience_meals,hyperclovax,5050290,1gram,sauce; dish; chicken; nutty; gochujang,"A plate of spicy, red-colored chicken and dumpling dish with a rich, glossy sauce, likely featuring gochujang, served with wooden chopsticks.",소스; 요리; 닭; 고소한; 고추장,"매콤하고 붉은 색을 띤 닭고기와 만두 요리가 담긴 접시로, 고추장이 들어간 듯한 진하고 윤기 나는 소스가 곁들여져 있으며, 나무 젓가락이 함께 제공된다."
convenience_meals,hyperclovax,5050290,2gram,red sauce; white bowl; add subtle; appearance appetizing; brown chicken,"A white bowl filled with a rich, red sauce featuring brown chicken and white rice cakes, garnished with sesame seeds, presented in an appetizing appearance.",붉은 소스; 흰색 그릇; 은은하게 더하기; 보기만 해도 군침 도는; 갈색 닭,"진한 붉은 소스가 가득 담긴 흰 그릇에 갈색 닭고기와 흰 떡이 들어 있고, 참깨가 뿌려져 있어 식욕을 돋우는 모습을 하고 있다."
convenience_meals,hyperclovax,5050290,3gram,add subtle nutty; appearance appetizing vibrant; appetizing vibrant red; brown chicken piece; chicken piece stand,"A plate of spicy, red-colored chicken and dumpling dish with a glossy, rich sauce, garnished with sesame seeds, presented in a white bowl with wooden chopsticks resting on the side.",은은한 견과류 풍미를 더하다; 외관이 식욕을 돋우고 생동감 넘치는; 입맛을 돋우는 선명한 빨간색; 갈색 닭고기 조각; 닭고기 조각 진열대,"매콤하고 붉은 빛이 도는 닭고기와 만두 요리가 윤기 나고 진한 소스와 함께 담겨 있으며, 곁들여진 참깨로 장식되어 있고, 흰 그릇에 담겨 있으며 그 옆에는 나무 젓가락이 놓여 있다."
convenience_meals,hyperclovax,5060255,1gram,beef; noodle; yellow; jajangmyeon; sticky,"A bowl of jajangmyeon featuring yellow noodles and a rich, dark brown sauce with pieces of beef, served with a pair of wooden chopsticks resting on a dark cloth.",소고기; 면; 노란색; 짜장면; 고정,"노란 면과 쇠고기 조각이 들어간 진하고 짙은 갈색 소스가 곁들여진 자장면 한 그릇으로, 어두운 색 천 위에 나무 젓가락 한 쌍이 놓여 있다."
convenience_meals,hyperclovax,5060255,2gram,beef piece; beef serve; cook sauce; dish color; emphasize dish,"A bowl of spicy beef stew with noodles, featuring a rich, dark sauce and tender beef pieces, accompanied by a pair of wooden chopsticks resting on a dark cloth.",소고기 한 조각; 소고기 1인분; 소스 만들기; 접시 색상; 요리 강조하기,진하고 짙은 소스와 부드러운 소고기 조각이 들어간 매콤한 소고기 국수 한 그릇. 짙은 색 천 위에 나무 젓가락 한 쌍이 놓여 있다.
convenience_meals,hyperclovax,5060255,3gram,appearance suggest cook; beef piece brown; beef serve yellow; bowl jajangmyeon soup; brown sauce chunk,"A bowl of jajangmyeon, featuring yellow noodles topped with a rich, dark brown sauce and pieces of beef, accompanied by a pair of wooden chopsticks resting on a dark cloth.","겉모습만 봐도 요리사 같네요; 갈색으로 구운 쇠고기 조각; 소고기, 노란색으로 제공; 그릇에 담긴 자장면 국물; 갈색 소스 덩어리","노란 면 위에 진한 짙은 갈색 소스와 얇게 썬 소고기 조각이 얹혀 있는 자장면 한 그릇과, 어두운 색 천 위에 놓인 나무 젓가락 한 쌍이 함께 있다."
convenience_meals,hyperclovax,5060255,1gram,noodle; bowl; stew; element; dark,A bowl of spicy black bean sauce with yellow noodles.,면; 그릇; 스튜; 요소; 어두운,노란 면이 들어간 매콤한 검은콩 소스 한 그릇.
convenience_meals,hyperclovax,5060255,2gram,central element; chopstick dark; cloth right; dark cloth; dark glossy,"A bowl of spicy black bean sauce with yellow noodles, likely a popular Asian dish, accompanied by a pair of wooden chopsticks resting on a dark cloth.",핵심 요소; 젓가락 다크; 천 오른쪽; 검은 천; 짙고 윤기 나는,노란 면이 들어간 매콤한 검은콩 소스 한 그릇—아마도 인기 있는 아시아 요리일 텐데—어두운 천 위에 놓인 나무 젓가락 한 쌍이 곁들여져 있다.
convenience_meals,hyperclovax,5060255,3gram,beef vegetable serve; bowl jajangmyeon stew; bowl noodle light; central element sauce; ceramic bowl noodle,"A bowl of jajangmyeon stew featuring yellow noodles and a rich, dark brown sauce with chunks of beef, served in a ceramic bowl.",소고기 야채 요리; 그릇에 담긴 짜장면 탕; 볼 누들 라이트; 센트럴 엘리먼트 소스; 세라믹 그릇에 담긴 국수,"노란 면과 짙은 갈색의 진한 소스, 그리고 큼직한 소고기 조각이 들어간 자장면 한 그릇으로, 도자기 그릇에 담겨 제공됩니다."
convenience_meals,hyperclovax,5063596,1gram,granola; jar; red; label; 300g,"Six transparent jars of granola from the brand ""Granola House,"" each with a red lid and a label featuring a woman in a red apron, showcasing different flavors such as almond, blueberry, apple cinnamon, and maple pecan. The granola is in a clear glass jar with a red label and a white background, and each jar contains 300g of granola.",그라놀라; jar; 빨강; 라벨; 300g,"“그라놀라 하우스(Granola House)” 브랜드의 투명한 그라놀라 병 6개로, 각 병에는 빨간 뚜껑과 빨간 앞치마를 두른 여성이 그려진 라벨이 붙어 있으며, 아몬드, 블루베리, 사과 시나몬, 메이플 피칸 등 다양한 맛이 들어 있습니다. 이 그래놀라는 흰색 바탕에 빨간색 라벨이 붙은 투명한 유리병에 담겨 있으며, 각 병에는 300g의 그래놀라가 들어 있습니다."
convenience_meals,hyperclovax,5063596,2gram,2 row; 3 jar; 300g plain; apron text; arrange 2,"Six transparent glass jars of granola, each with a red lid, arranged in two rows of three, featuring a consistent label design with a woman in an apron and the text ""Granola House"" prominently displayed. The granola varieties include almond, blueberry, apple cinnamon, maple pecan, and another unspecified flavor. The labels also indicate the net weight of each jar.",2행; 3병; 300g 무가당; 앞치마 문구; 정렬 2,"빨간 뚜껑이 달린 투명한 유리 그라놀라 병 6개가 3개씩 두 줄로 나란히 놓여 있으며, 앞치마를 두른 여성이 그려진 통일된 라벨 디자인과 “Granola House”라는 문구가 눈에 띄게 표시되어 있습니다. 그라놀라 종류로는 아몬드, 블루베리, 사과 시나몬, 메이플 피칸, 그리고 명시되지 않은 또 다른 맛이 있습니다. 라벨에는 각 병의 순중량도 표시되어 있습니다."
convenience_meals,hyperclovax,5063596,3gram,2 row 3; 3 jar label; 300g plain light; apron text granola house; arrange 2 row,"Six transparent jars of granola from the brand ""Granola House,"" each with a red lid and a label featuring a woman in an apron, showcasing different flavors such as almond, blueberry, apple cinnamon, and maple pecan. The granola appears to be a mix of nuts and seeds, with visible textures and colors indicating a crunchy and nutritious product.",2행 3; 3번 병 라벨; 300g 무가당 저지방; 에이프런 텍스트 그라놀라 하우스; 2열로 배열하기,"“그라놀라 하우스(Granola House)” 브랜드의 투명한 그라놀라 병 6개로, 각 병에는 빨간 뚜껑과 앞치마를 두른 여성이 그려진 라벨이 붙어 있으며, 아몬드, 블루베리, 사과 시나몬, 메이플 피칸 등 다양한 맛이 담겨 있습니다. 이 그래놀라는 견과류와 씨앗이 섞인 것으로 보이며, 식감과 색상이 뚜렷하게 드러나 바삭하고 영양가 높은 제품임을 알 수 있습니다."
convenience_meals,hyperclovax,5063596,1gram,granola; nut; bowl; bottom; seed,"A variety of granola bowls featuring different textures and ingredients, including nuts and dried fruit, presented in white bowls on a plain background.",그라놀라; 너트; 그릇; 하단; 씨앗,"단조로운 배경 위에 흰색 그릇에 담겨 있는, 견과류와 말린 과일 등 다양한 식감과 재료를 담은 여러 종류의 그라놀라 보울."
convenience_meals,hyperclovax,5063596,2gram,bowl mix; granola top; nut seed; right bowl; apple slice,"A variety of granola bowls presented in white bowls, showcasing different textures and ingredients such as nuts, seeds, and apple slices, ideal for a nutritious breakfast or snack.",볼 믹스; 그라놀라 토핑; 견과류 씨앗; 오른쪽 그릇; 사과 조각,"흰색 그릇에 담겨 제공되는 다양한 그라놀라 보울로, 견과류, 씨앗, 사과 조각 등 각기 다른 식감과 재료를 자랑하며, 영양가 높은 아침 식사나 간식으로 안성맞춤입니다."
convenience_meals,hyperclovax,5063596,3gram,add fresh fruity; apple slice pecan; bottom leave bowl; bottom right bowl; bowl darker brown,"A variety of granola bowls featuring different textures and ingredients, including apple slices and pecans, presented in white bowls on a plain background.",상큼한 과일 향을 더하다; 사과 슬라이스 피칸; 바닥에 그릇을 놓아두세요; 오른쪽 아래 그릇; 그릇이 더 짙은 갈색,"단조로운 배경 위에 흰색 그릇에 담겨 있는, 사과 조각과 피칸 등 다양한 식감과 재료를 담은 여러 종류의 그라놀라 보울."
convenience_meals,hyperclovax,5066426,1gram,salad; dressing; orange; control; convenient,"A collection of pre-packaged salads in transparent containers, each with a variety of ingredients such as vegetables, grains, and protein, presented in a visually appealing manner.",샐러드; 드레싱; 오렌지; 제어; 편리한,"투명한 용기에 담겨 있는 미리 포장된 샐러드 모음으로, 각 샐러드에는 채소, 곡물, 단백질 등 다양한 재료가 들어 있으며 시각적으로도 매력적으로 담겨 있습니다."
convenience_meals,hyperclovax,5066426,2gram,appealing green; carrot type; clear labeling; compartment designate; container orange,"A collection of pre-packaged salads in transparent containers, featuring a variety of ingredients such as vegetables, grains, and protein, with a focus on fresh and colorful presentation.",매력적인 녹색; 당근 종류; 명확한 라벨 표시; 구획 지정; 오렌지색 용기,"투명한 용기에 담겨 있는 미리 포장된 샐러드 모음으로, 채소, 곡물, 단백질 등 다양한 재료가 들어 있으며, 신선하고 다채로운 비주얼을 강조한 제품입니다."
convenience_meals,hyperclovax,5066426,3gram,appealing green orange; carrot type salad; cherry tomato cucumber; clear labeling include; color scheme clear,"A collection of pre-packaged salads in transparent containers, featuring a variety of ingredients such as vegetables, grains, and proteins, with a color scheme of green and orange, and clear labeling for easy identification.",매력적인 녹색과 주황색; 당근 샐러드; 방울토마토 오이; 명확한 라벨 표기에는 다음이 포함됩니다.; 색상 구성 명확,"투명한 용기에 담겨 있는 미리 포장된 샐러드 세트로, 채소, 곡물, 단백질 등 다양한 재료가 들어 있으며, 녹색과 주황색을 주된 색상으로 하고, 쉽게 구분할 수 있도록 라벨이 명확하게 표시되어 있습니다."
convenience_meals,hyperclovax,5066426,1gram,salad; container; variety; assortment; diverse,"A collection of neatly arranged salads in transparent containers, each featuring a mix of fresh greens, vegetables, and protein options, with sauces and dressings on the side, showcasing a diverse and healthy meal selection.",샐러드; 컨테이너; 다양성; 품목 구성; 다양한,"투명한 용기에 깔끔하게 담겨 있는 샐러드 모음으로, 각 샐러드에는 신선한 잎채소, 다양한 채소, 단백질 재료가 조화롭게 어우러져 있으며, 소스와 드레싱이 따로 제공되어 다양하고 건강한 식사 메뉴를 선보입니다."
convenience_meals,hyperclovax,5066426,2gram,allow vibrant; assortment ingredient; carrot tomato; collection pre; colorful diverse,"A collection of pre-packaged salads in clear plastic containers, featuring a variety of colorful ingredients such as leafy greens, cherry tomatoes, shredded carrots, chickpeas, and various protein options, with sauces and dressings on the side.",생동감 넘치는; 혼합 재료; 당근 토마토; 컬렉션 프리; 다채롭고 다양한,"투명한 플라스틱 용기에 담겨 있는 미리 포장된 샐러드 세트로, 잎채소, 방울토마토, 채 썬 당근, 병아리콩 등 다채로운 색상의 재료와 다양한 단백질 재료가 들어 있으며, 소스와 드레싱이 따로 제공됩니다."
convenience_meals,hyperclovax,5066426,3gram,allow vibrant color; assortment ingredient packaging; carrot tomato corn; clear plastic container; collection pre package,"A collection of pre-packaged salads in clear plastic containers, featuring a variety of colorful ingredients such as carrots, tomatoes, corn, and leafy greens, with sauces and dressings in separate compartments.","생동감 넘치는 색상을 표현할 수 있게 해주세요; 다양한 종류의 원료 포장; 당근, 토마토, 옥수수; 투명한 플라스틱 용기; 컬렉션 사전 패키지","투명한 플라스틱 용기에 담겨 있는 미리 포장된 샐러드 세트로, 당근, 토마토, 옥수수, 잎채소 등 다채로운 재료가 들어 있으며, 소스와 드레싱은 별도의 칸에 분리되어 있습니다."
convenience_meals,hyperclovax,5072582,1gram,spread; pouch; yellow; cap; chunkiness,"A pouch of egg salad spread with a spoonful of the creamy, chunky mixture in a bowl.",확산; 파우치; 노란색; cap; 덩어리짐,"계란 샐러드가 담긴 파우치와, 그릇에 담긴 크림 같으면서도 큼직한 덩어리가 듬뿍 들어간 혼합물 한 숟가락."
convenience_meals,hyperclovax,5072582,2gram,brand kurly s; cap text; center pouch; chunkiness packaging; clean layout,"A pouch of Kurly's egg salad spread with a clean, minimalist design, featuring a yellow color and a white spoon resting on a white plate with a creamy egg salad.",브랜드 커리 s; 캡션 텍스트; 중앙 파우치; 청크니스 포장; 깔끔한 레이아웃,"깔끔하고 미니멀한 디자인의 ‘Kurly’s’ 에그 샐러드 스프레드 파우치로, 노란색을 주조색으로 하고, 크림 같은 에그 샐러드가 담긴 흰 접시 위에 흰색 숟가락이 놓여 있는 모습이 특징입니다."
convenience_meals,hyperclovax,5072582,3gram,bit egg possibly; bowl creamy yellow; brand kurly s prominently; cap text english; chunkiness packaging design,A packet of Kurly's egg salad spread with a spoonful of creamy yellow egg salad in a white bowl.,아마도 반숙 달걀일 수도; 크림색의 노란색 그릇; 'kurly' 브랜드를 눈에 띄게; 캡션 텍스트 (영어); 청크니스 패키지 디자인,"흰색 그릇에 담긴 커리의 에그 샐러드 스프레드 한 봉지와, 그 위에 크림처럼 부드러운 노란색 에그 샐러드가 한 숟가락 올려져 있다."
convenience_meals,hyperclovax,5072582,1gram,bread; egg; salad; whole; grain,"A slice of whole grain bread topped with creamy egg salad, served on a yellow patterned placemat with a white spoon resting on the plate.",빵; 달걀; 샐러드; 전체; 곡물,"크리미한 달걀 샐러드를 얹은 통곡물 빵 한 조각이, 노란 무늬가 있는 식탁 매트 위에 놓여 있고, 접시 위에는 흰색 숟가락이 놓여 있다."
convenience_meals,hyperclovax,5072582,2gram,egg salad; whole grain; bread bread; bread brown; bread overall,"A slice of whole grain bread topped with egg salad, served on a yellow patterned placemat with a white spoon resting on the plate.",계란 샐러드; 통곡물; 빵 빵; 빵 갈색; 빵 전반,"계란 샐러드를 얹은 통곡물 빵 한 조각이, 노란 무늬가 있는 식탁 매트 위에 놓여 있고, 접시 위에는 흰색 숟가락이 놓여 있다."
convenience_meals,hyperclovax,5072582,3gram,bit egg herb; bread bread brown; bread brown crust; bread overall presentation; bread top creamy,"A slice of brown bread topped with creamy egg mixture, served on a yellow patterned napkin with a white spoon resting on the plate.","비트, 달걀, 허브; 빵 빵 갈색; 빵의 갈색 껍질; 빵의 전반적인 외관; 크리미한 빵 윗면","크리미한 달걀 소스를 얹은 호밀빵 한 조각이, 노란 무늬가 있는 냅킨 위에 놓여 있고, 접시 위에는 흰색 숟가락이 놓여 있다."
convenience_meals,hyperclovax,5073094,1gram,soup; embellishment; flower; motif; pho,"A bowl of pho features a light broth with noodles, sliced beef, and green herbs, served on a decorative plate with a floral pattern.",수프; 장식; 꽃; 모티프; pho,"한 그릇의 포는 맑은 육수에 면, 얇게 썬 소고기, 그리고 푸른 허브가 들어 있으며, 꽃무늬가 그려진 예쁜 접시에 담겨 나옵니다."
convenience_meals,hyperclovax,5073094,2gram,beef bean; central design; context embellishment; design flower; flower motif,"A bowl of beef noodle soup garnished with green onions, served on a decorative plate with a blue floral pattern.",소고기 콩; 중앙 디자인; 문맥 보강; 꽃 디자인; 꽃 문양,파가 곁들여진 소고기 국수 한 그릇이 파란 꽃무늬가 그려진 예쁜 접시에 담겨 있다.
convenience_meals,hyperclovax,5073094,3gram,additional context embellishment; bean sprout garnish; beef bean sprout; broth visible slice; central design flower,"A bowl of beef noodle soup garnished with bean sprouts and herbs, served on a decorative plate with a floral design.",추가적인 맥락 보강; 콩나물 고명; 소고기 콩나물; 국물이 보이는 조각; 중앙 디자인 꽃,"콩나물과 향신료가 곁들여진 소고기 국수 한 그릇으로, 꽃무늬가 그려진 예쁜 접시에 담겨 나옵니다."
convenience_meals,hyperclovax,5073094,1gram,soup; pho; onion; noodle; beef,"A bowl of pho features a rich broth with thinly sliced beef and fresh green onions, served in a decorative ceramic bowl.",수프; pho; 양파; 면; 소고기,"포 한 그릇에는 진한 육수에 얇게 썬 소고기와 신선한 파가 곁들여져 있으며, 장식용 도자기 그릇에 담겨 나옵니다."
convenience_meals,hyperclovax,5073094,2gram,bowl pho; green onion; appealing highlight; backdrop emphasize; beef chop,"A bowl of pho featuring thinly sliced beef, fresh green onions, and a light broth, served in a decorative ceramic bowl with a floral pattern.",그릇에 담긴 쌀국수; 파; 눈길을 끄는 하이라이트; 배경 강조; 소고기 찹,"얇게 썬 소고기와 신선한 파, 담백한 육수가 들어간 한 그릇의 포로, 꽃무늬가 그려진 예쁜 도자기 그릇에 담겨 나옵니다."
convenience_meals,hyperclovax,5073094,3gram,appealing highlight freshness; backdrop emphasize bowl; beef chop green; beef cook top; bowl pho soup,"A bowl of pho soup featuring thinly sliced beef, fresh green herbs, and a light broth, served in a decorative ceramic bowl with a floral pattern.","매력적인 하이라이트와 신선함; 배경, 볼 강조; 소고기 채 썬 것; 소고기 전용 조리대; 그릇에 담긴 쌀국수","얇게 썬 소고기와 신선한 녹색 허브, 담백한 육수가 들어간 포 한 그릇으로, 꽃무늬가 그려진 예쁜 도자기 그릇에 담겨 나옵니다."
convenience_meals,hyperclovax,5082274,1gram,product; dumpling; frozen; text; packaging,"A package of frozen dumplings by the brand abigo, featuring a green and white design with the product name ""왕교자"" prominently displayed, showcasing a close-up image of the dumplings inside.",제품; 만두; 얼어붙은; 텍스트; 포장,"‘abigo’ 브랜드의 냉동 만두 한 팩으로, 녹색과 흰색으로 디자인되어 있으며 제품명인 “왕교자”가 눈에 띄게 표시되어 있고, 내부에 들어 있는 만두의 클로즈업 이미지가 담겨 있습니다."
convenience_meals,hyperclovax,5082274,2gram,1.05kg frozen; brand 비비고; close front; design packaging; green additional,"Frozen dumplings in a green and white packaging with the brand name ""비비고"" prominently displayed.",1.05kg 냉동; 브랜드 비비고; 앞면 닫기; 패키지 디자인; 녹색 추가,“비비고”라는 브랜드명이 눈에 띄게 표시된 초록색과 흰색 포장지에 담긴 냉동 만두.
convenience_meals,hyperclovax,5082274,3gram,1.05kg frozen food; brand 비비고 green; close front package; color scheme brand; design packaging clean,"A package of frozen food featuring a green and white color scheme with the brand name ""비비고"" prominently displayed, showcasing a close-up of dumplings with a savory filling.","1.05kg 냉동 식품; 브랜드 비비고 그린; 앞면 포장 닫기; 색상 체계 브랜드; 디자인, 포장, 깔끔함","녹색과 흰색을 주조색으로 한 냉동 식품 포장지로, 브랜드명 ‘비비고’가 눈에 띄게 표시되어 있으며, 고소한 속이 들어간 만두의 클로즈업 사진이 담겨 있다."
convenience_meals,hyperclovax,5082274,1gram,dumpling; frozen; product; commercial; consumer,"Frozen dumplings in a green and white packaging labeled ""bibigo 왕교자"" (bibigo King Dumplings).",만두; 얼어붙은; 제품; 상업용; 소비자,“bibigo 왕교자”라고 적힌 초록색과 흰색 포장지에 담긴 냉동 만두.
convenience_meals,hyperclovax,5082274,2gram,bibigo prominently; clear window; clearly potential; close wooden; commercial promotional,"Bibigo 왕교자 냉동 식품 패키지, 1.05kg, 상온 보관이 가능한 냉동 만두 제품입니다.",비비고를 눈에 띄게; 투명한 창; 분명히 잠재력이 있다; 닫기 나무; 상업적 홍보용,"비비고 ‘왕교자 냉동 식품 패키지’, 1.05kg, 상온 보관이 가능한 냉동 만두 제품입니다."
convenience_meals,hyperclovax,5082274,3gram,bibigo prominently green; brand bibigo prominently; clear window dumpling; clearly potential consumer; close wooden surface,"Bibigo dumplings in a clear window package, featuring prominently green branding and a wooden surface showcasing the dumplings.","비비고, 녹색이 두드러지게; '비비고'를 눈에 띄게; 투명한 창문 만두; 분명히 잠재 고객; 나무 표면을 밀착시키다","투명한 창이 있는 포장지에 담긴 비비고 만두로, 녹색 브랜드 로고가 눈에 띄게 강조되어 있으며, 만두가 진열된 나무 받침대가 돋보입니다."
convenience_meals,hyperclovax,5088325,1gram,noodle; bowl; occasion; curly; position,"A bowl of soup noodle garnished with black seaweed, red chili flakes, and a brown seasoning, accompanied by wooden chopsticks.",면; 그릇; 행사; 곱슬; 직위,"검은 김, 붉은 고춧가루, 갈색 양념이 곁들여진 국수 한 그릇과 나무 젓가락이 함께 제공된다."
convenience_meals,hyperclovax,5088325,2gram,base top; black seaweed; chopstick position; clear white; dry fish,"A bowl of ramen with noodles, broth, and toppings including black seaweed and red chili flakes, accompanied by a pair of wooden chopsticks.",베이스 상단; 검은 해초; 젓가락 잡는 자세; 맑은 흰색; 건어물,"면과 국물, 검은 김과 붉은 고춧가루를 포함한 토핑이 들어간 라면 한 그릇과 나무 젓가락 한 쌍이 곁들여져 있다."
convenience_meals,hyperclovax,5088325,3gram,base top noodle; black seaweed small; bowl noodle noodle; broth clear white; brown broth clear,"A bowl of clear broth noodle soup garnished with black seaweed, red chili flakes, and brown seasoning, accompanied by a pair of wooden chopsticks.","베이스 탑 누들; 작은 검은 해초; 그릇에 담긴 국수 국수; 맑고 하얀 국물; 갈색 국물, 맑은 국물","검은 해초, 붉은 고춧가루, 갈색 양념이 곁들여진 맑은 국물의 국수 한 그릇과 나무 젓가락 한 쌍이 함께 제공된다."
convenience_meals,hyperclovax,5088325,1gram,noodle; seasoning; top; light; blend,"A bowl of light-colored noodles topped with a mixture of seasoning, including red chili flakes and dark flakes, served in a clear broth.",면; 양념; 맨 위; 빛; 블렌드,맑은 육수에 담긴 연한 색의 면 위에 붉은 고춧가루와 검은 가루 등이 섞인 양념을 얹은 요리.
convenience_meals,hyperclovax,5088325,2gram,blend bowl; bowl simple; chicken pork; dish noodle; freshly prepared,"A bowl of noodle soup with a rich broth, garnished with seaweed, red chili flakes, and a seasoning powder, ready to be enjoyed.","믹싱 볼; 그릇, 심플한 디자인; 닭고기, 돼지고기; 라면; 갓 만든","진한 육수가 담긴 국수 한 그릇에 김, 붉은 고춧가루, 양념 가루가 곁들여져, 바로 맛볼 준비가 되어 있습니다."
convenience_meals,hyperclovax,5088325,3gram,appearance suggest freshly; beige color noodle; blend bowl simple; bowl noodle dish; bowl simple round,"A bowl of light brown noodle soup garnished with black seaweed, red chili flakes, and a brown seasoning powder, served in a simple round bowl.",겉모습만 봐도 갓 만든 듯한; 베이지색 면; 간단한 믹싱 볼; 그릇에 담긴 국수 요리; 심플한 둥근 그릇,"검은 해초, 붉은 고춧가루, 갈색 양념 가루가 곁들여진 연한 갈색 국수 수프 한 그릇으로, 소박한 둥근 그릇에 담겨 나온다."
convenience_meals,hyperclovax,5090388,1gram,soup; noodle; kimchi; soft; type,"A bowl of spicy soup with noodles, kimchi, and soft tofu, accompanied by a side of white noodles and a plate of fresh vegetables.",수프; 면; 김치; 부드러운; 유형,"매콤한 국물에 면, 김치, 부드러운 두부가 들어간 한 그릇의 국과, 흰 면 한 그릇, 그리고 신선한 채소 한 접시가 곁들여진 요리."
convenience_meals,hyperclovax,5090388,2gram,soft slightly; noodle soup; 200g suggest; bag label; brown chunk,"A bowl of spicy noodle soup featuring a variety of ingredients including tofu, vegetables, and a red sauce, served with a side of white noodles.",부드럽고 약간; 국수; 200g 권장; 가방 라벨; 갈색 덩어리,"두부, 채소, 붉은 소스 등 다양한 재료가 들어간 매콤한 국수 한 그릇으로, 흰 면이 곁들여져 나옵니다."
convenience_meals,hyperclovax,5090388,3gram,200g suggest quantity; add fresh touch; bag label 200g; brown chunk kimchi; chunk kimchi red,"A bowl of spicy kimchi noodle soup with various ingredients including chunky kimchi, brown tofu, and a clear noodle base, served in a white bowl on a gray surface.",권장 사용량: 200g; 새로운 느낌을 더하다; 봉지 라벨 200g; 갈색 덩어리 김치; 덩어리 김치 (빨간색),"통통한 김치, 갈색 두부, 맑은 국물 등 다양한 재료가 들어간 매콤한 김치 국수 한 그릇으로, 회색 바탕 위에 놓인 흰 그릇에 담겨 있다."
convenience_meals,hyperclovax,5090388,1gram,soup; korean; dish; spicy; broth,"A bowl of spicy Korean soup featuring a rich broth with tofu, vegetables, and kimchi, served in a white bowl with wooden chopsticks resting beside it.",수프; 한국어; 요리; 매운; 육수,"두부, 채소, 김치가 들어간 진한 육수가 특징인 매콤한 한국식 국 한 그릇으로, 흰 그릇에 담겨 있고 그 옆에는 나무 젓가락이 놓여 있다."
convenience_meals,hyperclovax,5090388,2gram,broth dish; broth indicative; cabbage korean; dish fermented; fermented vegetable,"A bowl of spicy Korean stew with tofu, vegetables, and a rich broth, garnished with a side of wooden chopsticks.",국 그릇; 육수 지시형; 양배추 (한국식); 발효된 요리; 발효 채소,"두부와 채소가 들어간 매콤한 한국식 찌개 한 그릇에 진한 육수가 곁들여져 있고, 나무 젓가락이 함께 제공됩니다."
convenience_meals,hyperclovax,5090388,3gram,bowl suggest meal; broth dish serve; broth indicative spicy; cabbage korean radish; dish fermented vegetable,"A bowl of spicy, broth-based Korean radish kimchi stew with tofu and noodles.","그릇에 담긴 식사 제안; 국 요리 제공; 육수, 매운맛이 느껴지는; 양배추, 무; 발효 채소 요리","두부와 면이 들어간, 매콤한 육수 기반의 한국식 무김치 찌개 한 그릇."
convenience_meals,hyperclovax,5135831,1gram,meal; rice; 온더고; compartment; vegetable,"A set of four pre-packaged meals featuring rice, meat, vegetables, and an egg, presented in black containers with the brand name ""온더고"" visible on the packaging.",식사; 쌀; 온더고; 구획; 채소,"밥, 고기, 채소, 달걀로 구성된 미리 포장된 식사 4개 세트로, 검은색 용기에 담겨 있으며 포장지에 “온더고”라는 브랜드명이 표시되어 있다."
convenience_meals,hyperclovax,5135831,2gram,brand 온더고; meat vegetable; 4 compartment; colorful indicate; compartment portion,"A set of four pre-packaged meal containers featuring a variety of dishes including rice, meat, vegetables, and a fried egg, with a brand name (on the packaging) and product name (on the packaging) clearly visible.","브랜드 ‘온더고’; 고기, 채소; 4칸; 다채로운 표시; 구획 부분","밥, 고기, 채소, 계란 후라이 등 다양한 요리가 들어 있는 미리 포장된 식사 용기 4개 세트로, 포장지에 브랜드명(포장지 상)과 제품명(포장지 상)이 명확하게 표시되어 있습니다."
convenience_meals,hyperclovax,5135831,3gram,4 compartment portion; black white text; brand 온더고 product; chicken rice compartment; clear plastic window,"A set of four pre-packaged meal containers featuring a variety of Asian-inspired dishes, including rice, stir-fried noodles, a fried egg, and a spicy meat dish, all presented in a 4-compartment layout with a clear plastic window on the front.",4구획 부분; 검은색 흰색 텍스트; 브랜드 ‘온더고’ 제품; 치킨 라이스 칸; 투명한 플라스틱 창,"밥, 볶음면, 계란 후라이, 매콤한 고기 요리 등 다양한 아시아풍 요리가 담긴 4개 세트의 미리 포장된 식사 용기로, 앞면에 투명한 플라스틱 창이 있는 4구 구성으로 되어 있습니다."
convenience_meals,hyperclovax,5135831,1gram,container; top; dish; rice; bottom,"A neatly arranged meal box featuring a variety of dishes including a rice and meat dish with a creamy topping, a fried egg, and a side salad, all presented in a black plastic container with the brand name ""ONTHEGO"" visible on the packaging.",컨테이너; 맨 위; 요리; 쌀; 하단,"크리미한 소스가 얹어진 밥과 고기 요리, 계란 후라이, 샐러드 등 다양한 메뉴가 알차게 담긴 도시락으로, 모든 음식은 검은색 플라스틱 용기에 담겨 있으며, 포장지에는 “ONTHEGO”라는 브랜드명이 선명하게 표시되어 있다."
convenience_meals,hyperclovax,5135831,2gram,rice dish; container rice; dish top; left container; right container,"A set of four pre-packaged meals from the brand ONTHEGO, featuring a variety of rice dishes with different protein options, including gimbap, a fried egg, and a spicy chicken dish, all in black containers with a purple label.",밥 요리; 용기에 담긴 밥; 조리대 상판; 왼쪽 컨테이너; 올바른 용기,"ONTHEGO 브랜드의 미리 포장된 식사 4종 세트로, 김밥, 계란말이, 매운 닭고기 요리 등 다양한 단백질 옵션이 포함된 여러 종류의 밥 요리가 들어 있으며, 모든 제품은 보라색 라벨이 붙은 검은색 용기에 담겨 있습니다."
convenience_meals,hyperclovax,5135831,3gram,container rice dish; left container rice; rice dish top; 2x2 grid different; 4 individual container,"A 2x2 grid of individual containers, each holding a different rice dish with a variety of side items, including a fried egg, pickled radish, and a colorful salad. The containers are labeled with the brand name ""ONTHEGO"" and the product name ""보이는 맛 그대로"" (As it is). The dishes feature a mix of rice, meat, vegetables, and sauces, with a focus on convenience and variety.","용기에 담긴 밥 요리; 남은 밥; 밥 요리 상단; 2x2 격자, 다름; 4개의 개별 용기","2x2 격자로 배열된 개별 용기들에는 각각 다른 종류의 밥 요리가 담겨 있으며, 계란 후라이, 무절임, 알록달록한 샐러드 등 다양한 반찬이 곁들여져 있습니다. 용기에는 브랜드명 ‘ONTHEGO’와 제품명 ‘보이는 맛 그대로’가 표기되어 있습니다. 이 요리들은 편의성과 다양성에 중점을 두어 밥, 고기, 채소, 소스가 조화롭게 어우러져 있습니다."
convenience_meals,hyperclovax,5136646,1gram,sandwich; layer; filling; plate; variety,"Four different sandwiches arranged on a white plate, each with a variety of fillings including greens, vegetables, and protein, accompanied by a small bowl of dipping sauce.",샌드위치; 레이어; 채우기; 판; 다양성,"흰 접시 위에 네 가지 다른 샌드위치가 놓여 있는데, 각 샌드위치에는 샐러드 채소, 각종 야채, 단백질 등 다양한 속재료가 들어 있으며, 곁들여진 작은 그릇에는 찍어 먹을 소스가 담겨 있다."
convenience_meals,hyperclovax,5136646,2gram,base patty; bread lettuce; combination ingredient; different combination; filling layer,"A plate of four different sandwiches, each featuring a base patty, bread, lettuce, and various fillings such as meat and vegetables, accompanied by a dipping sauce.",기본 패티; 양상추; 복합 성분; 다른 조합; 충진층,"네 가지 종류의 샌드위치가 한 접시에 담겨 있으며, 각 샌드위치는 패티, 빵, 양상추를 기본으로 하고 고기나 채소 등 다양한 속재료를 넣은 것으로, 곁들여 먹을 디핑 소스가 함께 제공됩니다."
convenience_meals,hyperclovax,5136646,3gram,base patty sandwich; bread lettuce tomato; combination ingredient visible; different combination ingredient; dip sauce right,"A plate of four different patty sandwiches featuring a variety of ingredients such as lettuce, tomato, and a base patty, accompanied by a dipping sauce.","기본 패티 샌드위치; 빵, 상추, 토마토; 혼합 성분 표시됨; 서로 다른 조합의 재료; 소스 그릇","양상추, 토마토, 기본 패티 등 다양한 재료를 곁들인 4종류의 패티 샌드위치 한 접시와 곁들일 디핑 소스가 함께 제공됩니다."
convenience_meals,hyperclovax,5136646,1gram,sandwich; different; sauce; plate; establishment,"A plate of three different sandwiches, each with unique sauces and fillings, presented on a white plate with a small bowl of dipping sauce.",샌드위치; 다른; 소스; 판; 설립,"각기 다른 소스와 속재료를 넣은 세 가지 샌드위치가 흰 접시에 담겨 나오고, 곁들여 먹을 소스가 담긴 작은 그릇이 함께 제공됩니다."
convenience_meals,hyperclovax,5136646,2gram,cheese meat; collection sandwich; combination sandwich; different sauce; drizzle top,"A selection of three different sandwiches, each with unique fillings and sauces drizzled on top, presented on a white plate with a small bowl of dipping sauce.",치즈 고기; 컬렉션 샌드위치; 혼합 샌드위치; 다른 소스; 드리즐 탑,"각기 다른 속재료를 넣고 위에 소스를 뿌린 세 가지 샌드위치를 엄선하여, 흰 접시에 담아 작은 디핑 소스 그릇과 함께 제공합니다."
convenience_meals,hyperclovax,5136646,3gram,bowl sauce left; cheese meat different; circular pattern plate; collection sandwich sandwich; color texture suggest,"A plate of three different sandwiches, each with unique fillings and sauces, presented on a white plate with a small bowl of sauce in the foreground.","그릇에 남은 소스; 치즈, 고기, 그 외; 원형 패턴 판; 컬렉션 샌드위치 샌드위치; 색상, 질감 제안","각기 다른 속재료와 소스가 들어간 세 가지 종류의 샌드위치가 담긴 접시로, 흰색 접시 위에 놓여 있으며, 앞쪽에는 소스가 담긴 작은 그릇이 놓여 있다."
convenience_meals,hyperclovax,5156742,1gram,soup; red; spicy; noodle; broth,"A bowl of spicy red noodle soup garnished with vegetables and meat, accompanied by a pair of wooden chopsticks.",수프; 빨강; 매운; 면; 육수,채소와 고기가 곁들여진 매콤한 붉은 국물 국수 한 그릇과 나무 젓가락 한 쌍.
convenience_meals,hyperclovax,5156742,2gram,broth mix; broth rich; clean manner; meat broth; mushroom piece,"Two bowls of spicy, red-colored noodle soup garnished with vegetables and meat, accompanied by a pair of wooden chopsticks.",육수 믹스; 진한 육수; 깔끔한 태도; 고기 육수; 버섯 조각,채소와 고기가 곁들여진 매콤한 붉은색 국수 수프 두 그릇과 나무 젓가락 한 쌍.
convenience_meals,hyperclovax,5156742,3gram,bowl spicy red; broth mix ingredient; broth rich vibrant; carrot mushroom piece; clean manner focus,"Two bowls of spicy red noodle soup with visible ingredients such as carrots and mushrooms, accompanied by wooden chopsticks.","매콤한 빨간 그릇; 육수 믹스 재료; 풍부하고 생동감 넘치는 육수; 당근 버섯 조각; 깔끔함, 태도, 집중력",당근과 버섯 같은 재료가 듬뿍 들어간 매콤한 붉은 국물 국수 두 그릇과 나무 젓가락이 곁들여져 있다.
convenience_meals,hyperclovax,5156742,1gram,broth; korean; dish; spicy; noodle,"A bowl of spicy Korean noodle dish with a rich broth, topped with meat and vegetables.",육수; 한국어; 요리; 매운; 면,진한 육수에 고기와 채소가 듬뿍 얹어진 매콤한 한국식 국수 한 그릇.
convenience_meals,hyperclovax,5156742,2gram,add colorful; bowl textured; broth add; coat broth; colorful presentation,"A bowl of spicy, red-colored soup with a variety of ingredients including sliced meat, mushrooms, and vegetables, served in a white bowl.",화사하게 꾸미기; 그릇 무늬; 육수 넣기; 육수; 다채로운 발표,"흰 그릇에 담긴, 얇게 썬 고기, 버섯, 채소 등 다양한 재료가 들어간 매콤하고 붉은 색의 국 한 그릇."
convenience_meals,hyperclovax,5156742,3gram,add colorful presentation; bowl spicy korean; bowl textured rim; broth add colorful; broth likely spicy,"A bowl of spicy Korean noodle soup garnished with meat and vegetables, featuring a textured rim and a rich broth.",다채로운 프레젠테이션 추가하기; 매콤한 한국식 국물 요리; 그릇의 질감이 있는 테두리; 육수에 알록달록한 색을 더하다; 국물이 매울 것 같다,"고기와 채소가 곁들여진 매콤한 한국식 국수 한 그릇으로, 가장자리에 독특한 질감이 살아 있고 진한 육수가 특징입니다."
fruits_nuts_rice,hyperclovax,1000030900,1gram,bag; english; graphic; jungso fine rice; simplicity,"A 4kg package of rice labeled ""정소 비단쌀"" (Jungso Fine Rice) is displayed on a plain, light gray background, accompanied by a bowl of rice.",가방; 영어; 그래픽; 정소 고급 쌀; 단순함,"“정소 비단쌀”이라고 적힌 4kg짜리 쌀 한 포장이 옅은 회색의 단조로운 배경 위에 놓여 있으며, 그 옆에는 밥 한 그릇이 함께 놓여 있다."
fruits_nuts_rice,hyperclovax,1000030900,2gram,4kg plain; bag indicate; bowl graphic; design bowl; english rice,"A 4kg bag of plain rice with a bowl graphic on the packaging, featuring the brand name ""정소"" (Jeongso) in Korean script.",4kg 일반; 가방 표시; 그릇 그래픽; 디자인 그릇; 영국식 쌀,"포장에 그릇 그림이 그려져 있고, 한국어로 ‘정소’라는 브랜드명이 적힌 4kg짜리 백미 봉지."
fruits_nuts_rice,hyperclovax,1000030900,3gram,4kg plain light; bag indicate weight; bag read 정소 비단쌀; bowl graphic text; design bowl graphic,"A 4kg bag of plain light rice labeled ""정소 비단쌀"" with a design bowl graphic on the front.",4kg 무가당 라이트; 가방에 무게 표시; 봉투에 ‘정소 비단쌀’이라고 적혀 있다; 그릇 그래픽 텍스트; 디자인 그릇 그래픽,"앞면에 그릇 모양의 디자인이 그려져 있고, “정소 비단쌀”이라고 표기된 4kg짜리 일반 백미 봉지."
fruits_nuts_rice,hyperclovax,1000030900,1gram,rice; cook; maintain; white; distraction,"A bowl of white rice, likely uncooked, presented against a neutral background.",쌀; 요리하다; 유지하다; 흰색; 주의 산만,"중립적인 배경 앞에 놓인, 아마도 덜 익은 듯한 흰 쌀밥 한 그릇."
fruits_nuts_rice,hyperclovax,1000030900,2gram,cook maintain; freshly cook; maintain plain; plain focus; bowl light,White uncooked rice in a white bowl.,요리 및 관리; 갓 조리한; 간결한 스타일 유지; 단순 초점; 볼 조명,하얀 그릇에 담긴 하얀 생쌀.
fruits_nuts_rice,hyperclovax,1000030900,3gram,cook maintain plain; freshly cook maintain; likely freshly cook; maintain plain focus; plain focus solely,White uncooked rice in a white bowl.,"요리, 유지, 기본; 갓 조리한 음식 보관하기; 아마 갓 조리한 것 같네요; 단순한 집중력을 유지하라; 오로지 ~에만 집중하다",하얀 그릇에 담긴 하얀 생쌀.
fruits_nuts_rice,hyperclovax,1000032485,1gram,blueberry; frozen; bag; plastic; quality,"Frozen blueberries in a 1.5kg bag labeled ""냉동 블루베리"" (Frozen Blueberry) with a USDA A Grade seal.",블루베리; 얼어붙은; 가방; 플라스틱; 품질,"“냉동 블루베리”라고 표시된 1.5kg 봉지에 들어 있는 냉동 블루베리로, USDA A등급 인증 마크가 부착되어 있습니다."
fruits_nuts_rice,hyperclovax,1000032485,2gram,plastic bag; 1.5kg clearly; bag bowl; bag visible; blueberry bag,"A 1.5kg bag of frozen blueberries with a label that reads ""냉동 블루베리"" (frozen blueberries) and ""USDA A Grade"" (USDA A Grade), featuring a design with blueberries on a light background.","비닐봉지; 1.5kg, 분명히; 가방 그릇; 가방이 보인다; 블루베리 가방","“냉동 블루베리”와 “USDA A Grade”라고 적힌 라벨이 붙어 있고, 밝은 배경에 블루베리가 그려진 디자인의 1.5kg짜리 냉동 블루베리 봉지."
fruits_nuts_rice,hyperclovax,1000032485,3gram,1.5kg clearly mark; arrangement product clear; bag bowl blueberry; bag visible frozen; bag white blue,"A 1.5kg bag of frozen blueberries with a label that reads ""냉동 블루베리"" (frozen blueberries) and ""USDA A Grade"" (USDA A Grade), featuring a design with blueberries and a small American flag.","1.5kg, 명확히 표시; 배치 제품 명확; 가방 그릇 블루베리; 가방 안의 얼음이 보입니다; 가방 흰색 파란색","“냉동 블루베리”와 “USDA A Grade”라고 적힌 라벨이 붙어 있고, 블루베리와 작은 미국 국기가 그려진 디자인의 1.5kg짜리 냉동 블루베리 봉지."
fruits_nuts_rice,hyperclovax,1000032485,1gram,blueberry; variation; coating; dust; lightly,Frozen blueberries in a white bowl with a dusting of sugar.,블루베리; 변형; 코팅; 먼지; 살짝,흰 그릇에 담긴 냉동 블루베리에 설탕을 살짝 뿌린 모습.
fruits_nuts_rice,hyperclovax,1000032485,2gram,blueberry whole; coating white; dust white; indicate natural; intensity indicate,Frozen whole blueberries in a white bowl.,통 블루베리; 흰색 코팅; 먼지처럼 하얀; 자연스러운 것을 나타내다; 강도 표시,흰색 그릇에 담긴 냉동 통 블루베리.
fruits_nuts_rice,hyperclovax,1000032485,3gram,blueberry whole uniformly; coating white bowl; color intensity indicate; colored surface blueberry; dust white powdery,"A bowl of frozen blueberries with a white powdery coating, showcasing their dark purple color and uniform size.",블루베리를 통째로 고르게; 흰색 그릇에 코팅하기; 색상 농도 표시; 표면이 파란색인 블루베리; 먼지처럼 하얗고 가루 같은,"하얀 가루가 살짝 묻은 냉동 블루베리 한 그릇으로, 짙은 보라색과 균일한 크기가 돋보입니다."
fruits_nuts_rice,hyperclovax,1000048867,1gram,bag; packaging; weight; 시월미소; logo,A 10kg bag of 시월미소 rice with a purple mountain landscape design on the packaging.,가방; 포장; 무게; 시월미소; 로고,포장에 보라색 산 풍경이 그려진 10kg짜리 ‘시월미소’ 쌀 한 봉지.
fruits_nuts_rice,hyperclovax,1000048867,2gram,10kg rice; arrangement straightforward; bag packaging; bag weight; bottom center,"A 10kg bag of white rice with a purple mountain design and the brand name ""서울미소"" (Seoul Rice) prominently displayed.",쌀 10kg; 절차가 간단하다; 봉지 포장; 가방 무게; 하단 중앙,보라색 산이 그려져 있고 브랜드명 ‘서울미소’가 눈에 띄게 표시된 10kg짜리 백미 봉지.
fruits_nuts_rice,hyperclovax,1000048867,3gram,10kg rice bag; arrangement straightforward product; bag packaging include; bag weight product; bottom center bag,"A 10kg bag of SIRUMSIO rice with a purple mountain landscape design and the text ""SIRUMSIO rice"" prominently displayed on the packaging.",10kg 쌀 자루; 구성이 간단한 제품; 봉지 포장에는 다음이 포함됩니다.; 가방 무게 제품; 가방 하단 중앙,"보라색 산 풍경 디자인이 그려져 있고, 포장지에 “SIRUMSIO 쌀”이라는 문구가 눈에 띄게 표시된 10kg짜리 SIRUMSIO 쌀 봉지."
fruits_nuts_rice,hyperclovax,1000048867,1gram,rice; white; distraction; object; bowl,A bowl filled with white rice grains.,쌀; 흰색; 주의 산만; 객체; 그릇,흰 쌀알로 가득 찬 그릇.
fruits_nuts_rice,hyperclovax,1000048867,2gram,wash focus; bowl light; bowl object; object distraction; freshly wash,"A bowl of white rice with a smooth and even surface, suggesting it is freshly washed and ready for cooking.",초점 세척; 볼 조명; 그릇 모양의 물체; 사물에 의한 주의 산만; 갓 씻은,"표면이 매끄럽고 고른 흰 쌀밥 한 그릇으로, 방금 씻어내어 곧 지을 준비가 된 것 같다."
fruits_nuts_rice,hyperclovax,1000048867,3gram,freshly wash focus; wash focus solely; bowl light gray; bowl object distraction; rice bowl object,"A bowl of white rice with a smooth, even surface, likely freshly washed and ready for cooking.","갓 씻은 듯한 느낌에 집중; 오로지 세척에만 집중하다; 그릇, 연회색; 그릇 물체로 인한 주의 산만; 밥그릇 모양의 물건","표면이 매끄럽고 고른 흰 쌀밥 한 그릇으로, 아마도 방금 씻어 놓아 곧 지을 준비가 된 것 같다."
fruits_nuts_rice,hyperclovax,1000066062,1gram,seed; container; label; possibly; product,"A transparent container filled with a variety of seeds, including black, brown, and beige colors, with a label displaying product information and a green logo.",씨앗; 컨테이너; 라벨; 아마도; 제품,"검은색, 갈색, 베이지색 등 다양한 색상의 씨앗이 들어 있는 투명한 용기로, 제품 정보가 적힌 라벨과 녹색 로고가 붙어 있습니다."
fruits_nuts_rice,hyperclovax,1000066062,2gram,allow seed; black text; body allow; bottom plain; container cylindrical,"A cylindrical container filled with a mix of seeds and grains, featuring a label with black text and a green logo, likely a brand name, against a plain background.",시드 허용; 검은색 텍스트; 본문 허용; 하단 여백; 원통형 용기,"씨앗과 곡물이 섞여 들어 있는 원통형 용기로, 무지 배경 위에 검은색 글자와 녹색 로고(아마도 브랜드 이름일 것으로 추정됨)가 적힌 라벨이 붙어 있다."
fruits_nuts_rice,hyperclovax,1000066062,3gram,allow seed inside; black text green; body allow seed; bottom plain light; brand product possibly,"A transparent container filled with a mix of seeds and grains, featuring a label with black text on a white background, likely a brand name or product name, and a green logo or symbol.","내부에 씨앗을 넣을 수 있도록 하십시오; 검은색 텍스트, 녹색; 본문에서 'seed' 허용; 하단 무지 밝은 색; 해당 브랜드 제품일 가능성이 있습니다","씨앗과 곡물이 섞여 들어 있는 투명한 용기로, 흰색 바탕에 검은색 글씨가 적힌 라벨이 붙어 있으며, 이는 아마도 브랜드명이나 제품명일 것으로 보이고, 녹색 로고나 심볼이 그려져 있다."
fruits_nuts_rice,hyperclovax,1000066062,1gram,grain; bowl; mixture; uneven; loose,"A bowl filled with a diverse mixture of grains, including various shades of brown, beige, and black, suggesting a blend of different types of seeds or grains.",곡물; 그릇; 혼합물; 고르지 않은; 헐렁한,"갈색, 베이지색, 검은색 등 다양한 색조를 띤 곡물들이 알차게 담긴 그릇으로, 여러 종류의 씨앗이나 곡물이 섞여 있음을 암시한다."
fruits_nuts_rice,hyperclovax,1000066062,2gram,arrangement grain; beige brown; black light; bowl slightly; brown black,"A bowl filled with a mix of beige, brown, and black grains, likely a blend of different types of seeds or grains, presented in a neutral setting.","배열 입자; 베이지 갈색; 자외선 램프; 그릇을 살짝 기울이다; 갈색, 검은색","베이지색, 갈색, 검은색 알갱이들이 섞여 있는 그릇으로, 아마도 여러 종류의 씨앗이나 곡물이 혼합된 것으로 보이며, 중립적인 배경에 놓여 있다."
fruits_nuts_rice,hyperclovax,1000066062,3gram,arrangement grain loose; beige brown black; black light colored; bowl grain natural; bowl slightly texture,"A bowl of mixed grains, including beige, brown, and black seeds, presented in a natural arrangement.","배열: 알갱이 흩어져 있음; 베이지, 갈색, 검정; 검은색을 띤; 그릇 곡물 천연; 그릇에 은은한 질감","베이지색, 갈색, 검은색 씨앗이 섞인 곡물 한 그릇이 자연스러운 배열로 담겨 있다."
fruits_nuts_rice,hyperclovax,1000102438,1gram,apple; box; red; variety; exact,"A neatly arranged box of red apples, each encased in a protective plastic sleeve, presented in a grid pattern.",사과; 상자; 빨강; 다양성; 정확한,각각 보호용 비닐 커버로 감싸인 빨간 사과들이 격자무늬로 가지런히 배열된 상자.
fruits_nuts_rice,hyperclovax,1000102438,2gram,box apple; red apple; apple exact; apple focal; apple similar,"A neatly arranged box of red apples, each encased in a protective plastic sleeve, presented against a plain beige background.",산사나무; 빨간 사과; apple exact; 애플 포컬; 사과와 비슷한,"단정한 베이지색 배경 앞에, 각각 보호용 비닐 커버로 감싸인 빨간 사과들이 가지런히 담긴 상자가 놓여 있다."
fruits_nuts_rice,hyperclovax,1000102438,3gram,apple encase protective; apple exact variety; apple focal point; apple similar variety; apple smooth surface,A neatly arranged box of red apples with a smooth surface and protective encase.,애플 인케이스 보호 케이스; 애플의 정확한 품종; 애플의 핵심; 사과와 비슷한 품종; 매끄러운 표면의 사과,"표면이 매끄럽고 보호용 포장지가 씌워진, 가지런히 정리된 빨간 사과 한 상자."
fruits_nuts_rice,hyperclovax,1000102438,1gram,apple; box; circumference; evenly; flat,"A neatly arranged box of red apples with a textured surface, likely fresh and ready for consumption.",사과; 상자; 둘레; 고르게; 평평한,"표면이 울퉁불퉁한 빨간 사과들이 가지런히 담겨 있는 상자로, 아마도 갓 수확한 것으로 먹기 좋은 상태일 것이다."
fruits_nuts_rice,hyperclovax,1000102438,2gram,box apple; apple evenly; apple product; bottom apple; circumference box,"A neatly arranged box of evenly spaced apples with a red and yellow hue, presented in a grid pattern.",산사나무; 사과를 고르게; 애플 제품; 맨 아래 사과; 원주 상자,빨간색과 노란색을 띤 사과들이 균일한 간격으로 정갈하게 배열되어 격자 무늬를 이루는 상자.
fruits_nuts_rice,hyperclovax,1000102438,3gram,apple encase white; apple evenly spaced; apple product stand; bottom apple evenly; box rectangular flat,"A neatly arranged box of red apples, each encased in a white protective sleeve, presented in a rectangular, flat box with even spacing.",애플 인케이스 화이트; 사과를 균일한 간격으로; 애플 제품 전시대; 사과 밑부분을 고르게; 직사각형 평평한 상자,"흰색 보호 슬리브에 하나하나 개별 포장된 빨간 사과들이, 간격을 균일하게 맞추어 직사각형의 납작한 상자에 가지런히 담겨 있다."
fruits_nuts_rice,hyperclovax,1000118138,1gram,백진주; bag; rice; write; white,"A 4kg bag of rice labeled ""백진주"" (white rice) with a design featuring a shell and the text ""Lgrow"" and ""진 백진주"" (white rice) on a dark blue background.",백진주; 가방; 쌀; 쓰기; 흰색,"“백진주”(백미)라고 표시된 4kg짜리 쌀 봉지로, 짙은 파란색 배경에 조개 모양의 디자인과 “Lgrow”, “진 백진주”(백미)라는 문구가 인쇄되어 있다."
fruits_nuts_rice,hyperclovax,1000118138,2gram,rice bowl; 4kg bottom; bag product; bag rectangular; beige design,"A 4kg bag of rice labeled ""백진주"" (white rice) with a beige design and a rice bowl on top, featuring a dark blue background and white text.",밥그릇; 4kg 바닥; 가방 제품; 직사각형 가방; 베이지색 디자인,"베이지색 디자인에 그릇이 그려져 있고, 진한 파란색 바탕에 흰색 글씨가 적힌 “백진주”(백미)라고 표기된 4kg짜리 쌀 봉지."
fruits_nuts_rice,hyperclovax,1000118138,3gram,4kg bottom surface; bag product 백진주; bag rectangular rounded; bag white beige; beige design text,"A 4kg bag of rice labeled ""백진주"" (white rice) with a design featuring a shell and a circular pattern, presented against a plain background.","4kg 바닥면; 가방 제품 백진주; 가방, 직사각형, 모서리가 둥근; 가방 화이트 베이지; 베이지색 디자인 텍스트",무지 배경 위에 조개와 원형 무늬가 그려진 “백진주”(백미)라고 표기된 4kg짜리 쌀 봉지.
fruits_nuts_rice,hyperclovax,1000118138,1gram,rice; grain; bowl; artisanal; handcrafted,"A bowl of white rice, likely a handcrafted or artisanal variety, presented against a neutral background.",쌀; 곡물; 그릇; 수제; 수제,"중성적인 배경 앞에 놓인 흰 쌀밥 한 그릇으로, 아마도 수제나 장인이 만든 품종일 것으로 보인다."
fruits_nuts_rice,hyperclovax,1000118138,2gram,rice grain; rice bowl; artisanal style; contrast rice; finish light,"A bowl of white rice with a smooth, slightly shiny finish, likely of an artisanal style.",쌀알; 밥그릇; 수제 스타일; 대조용 쌀; 마감 조명,"표면이 매끄럽고 은은한 광택이 도는 흰 쌀밥 한 그릇으로, 아마도 수제 스타일일 것이다."
fruits_nuts_rice,hyperclovax,1000118138,3gram,artisanal style plain; beige color surface; bowl smooth matte; contrast rice grain; dark rim suggest,"A bowl of white rice with a smooth, matte finish and a dark rim, showcasing the contrast between the beige color of the bowl and the rice grains.","수제 스타일의 무지; 베이지색 표면; 볼, 매끄러운 무광; 대조용 쌀알; 어두운 테두리가 암시하는 바는","매끄럽고 무광택인 표면과 어두운 테두리를 가진 흰 쌀밥 한 그릇으로, 그릇의 베이지색과 쌀알 사이의 대비가 돋보인다."
fruits_nuts_rice,hyperclovax,1000122762,1gram,apple; packaging; cloth; overlap; 안동애 가족,"Several red apples, including whole and sliced ones, are displayed on a white cloth with red packaging, featuring the text ""안동애 가족"" (Andongae Family) on the packaging.",사과; 포장; 천; 중복; 안동애 가족,"흰색 천 위에 통사과와 썰어 놓은 사과 등 여러 개의 빨간 사과가 진열되어 있으며, 빨간색 포장지에는 “안동애 가족”이라는 문구가 적혀 있다."
fruits_nuts_rice,hyperclovax,1000122762,2gram,product apple; blush indicate; brand clearly; circle cloth; cloth apple,"Several red apples, including whole and sliced ones, packaged in clear plastic bags with red labels, are displayed on a white cloth.",제품: 애플; 홍조를 나타내다; 브랜드를 명확하게; 원형 천; 천으로 만든 사과,붉은 라벨이 붙은 투명한 비닐 봉지에 담겨 있는 통사과와 썰어 놓은 사과 등 여러 개의 붉은 사과가 흰 천 위에 진열되어 있다.
fruits_nuts_rice,hyperclovax,1000122762,3gram,accent text packaging; apple arrange semi; blush indicate ripeness; brand clearly visible; circle cloth overlap,"A selection of fresh apples, including whole and sliced varieties, packaged in red and clear plastic bags with the brand name ""기죽"" visible on the packaging.","악센트 텍스트 처리; 애플, 세미 대회 개최; 홍조 현상은 익은 정도를 나타낸다; 브랜드가 선명하게 보임; 원형 천 겹치기","통사과와 썰어 놓은 사과 등 다양한 신선한 사과를 엄선하여, 포장지에 “기죽”이라는 브랜드명이 표시된 빨간색 및 투명 비닐봉지에 담아 포장한 제품입니다."
fruits_nuts_rice,hyperclovax,1000122762,1gram,apple; 가족이 껍질째 믿고 먹는 세척 사과; 오존수세척; red; reddish,"Red apples with a fresh appearance, packaged in clear plastic bags with red stripes, and some are sliced to show their juicy, yellow flesh.",사과; 가족이 껍질째 믿고 먹는 세척 사과; 오존수세척; 빨강; 붉은빛이 도는,"신선해 보이는 빨간 사과들이 빨간 줄무늬가 있는 투명한 비닐봉지에 담겨 있으며, 일부는 즙이 가득한 노란 과육이 보이도록 썰려 있다."
fruits_nuts_rice,hyperclovax,1000122762,2gram,apple prominently; bag red; core seed; half inside; hue small,"Whole red apples with a glossy skin and visible core seeds, presented in a clear plastic bag with the text ""가물이 맺혀 맛과 향이 좋은"" (A water-dappled apple with good taste and aroma) and ""오윤수석"" (O Yoon Su Seok), indicating a brand or producer name.",애플을 눈에 띄게; 빨간 가방; 핵심 종자; 반쯤 들어간; hue small,"겉껍질이 윤기 나고 씨앗이 선명하게 보이는 통째로 된 붉은 사과로, “가물이 맺혀 맛과 향이 좋은”이라는 문구와 브랜드 또는 생산자 이름인 “오윤수석”이 적힌 투명한 비닐 봉지에 담겨 있다."
fruits_nuts_rice,hyperclovax,1000122762,3gram,apple apple prominently; apple arrange white; apple package clear; apple prominently cut; arrange white texture,"Red apples, prominently cut and arranged on a white textured surface, with one apple packaged in a clear plastic bag.","apple apple를 눈에 띄게; 사과 배열, 흰색; 애플 패키지 투명; 사과가 눈에 띄게 잘려 있다; 흰색 질감 배치하기","흰색 질감의 표면 위에 눈에 띄게 잘라 놓인 빨간 사과들이 놓여 있으며, 그중 한 개는 투명한 비닐 봉지에 담겨 있습니다."
fruits_nuts_rice,hyperclovax,1000144509,1gram,bag; rice; centrally; 밥상의 진짜 쌀; kf365 kurly fresh,"A 4kg bag of rice labeled ""Kf365 kurly fresh"" with a bowl of rice next to it, highlighting its freshness and suitability for everyday cooking.",가방; 쌀; 중앙에서; 밥상의 진짜 쌀; kf365 컬리 프레시,"“Kf365 커리 프레시”라고 적힌 4kg짜리 쌀 봉지 옆에 밥 한 그릇이 놓여 있어, 이 제품의 신선함과 일상적인 요리에 적합함을 강조하고 있다."
fruits_nuts_rice,hyperclovax,1000144509,2gram,4kg 밥상의 진짜 쌀; arrangement simple; bag centrally; bag include; bag rounded,"A 4kg bag of rice labeled ""Kf365 Curly Fresh"" with a small bowl of rice beside it, highlighting its brand and product details.",4kg ‘밥상의 진짜 쌀’; 간단한 배열; 가방을 가운데에 두세요; 가방 내용물; 둥근 가방,“Kf365 Curly Fresh”라고 적힌 4kg짜리 쌀 한 봉지와 그 옆에 놓인 작은 밥그릇이 브랜드와 제품 정보를 강조하고 있다.
fruits_nuts_rice,hyperclovax,1000144509,3gram,4kg 밥상의 진짜 쌀 surface; arrangement simple rice; bag centrally bowl; bag include additional; bag rounded corner,"A 4kg bag of rice labeled ""Kf365 Curly Fresh"" with a small bowl of rice beside it, highlighting its brand and product details.",4kg ‘밥상의 진짜 쌀’ 표면; 간단한 밥 요리; 가방 중앙에 그릇; 가방에는 추가로 다음이 포함됩니다; 모서리가 둥근 가방,“Kf365 Curly Fresh”라고 적힌 4kg짜리 쌀 한 봉지와 그 옆에 놓인 작은 밥그릇이 브랜드와 제품 정보를 강조하고 있다.
fruits_nuts_rice,hyperclovax,1000144509,1gram,rice; white; grain; bowl; observable,"A bowl of white rice with a smooth, glossy appearance.",쌀; 흰색; 곡물; 그릇; 관측 가능한,매끄럽고 윤기 나는 흰 쌀밥 한 그릇.
fruits_nuts_rice,hyperclovax,1000144509,2gram,rice grain; white rice; bowl assumption; bowl bowl; clearly description,A bowl of white rice with individual grains clearly visible.,쌀알; 흰쌀; 볼 가정; 그릇 그릇; 명확한 설명,쌀알 하나하나가 선명하게 보이는 흰밥 한 그릇.
fruits_nuts_rice,hyperclovax,1000144509,3gram,bowl assumption taste; bowl bowl plain; clearly description focus; color smooth surface; contrast white rice,"A bowl of white rice with a smooth, contrasting surface, showcasing the grains' uniform color and shape.","그릇, 가정, 맛; 그릇 그릇 무지; 명확한 설명에 중점을 둠; 색상이 고르고 표면이 매끄러운; 흰 쌀밥과 대조되는","쌀알 하나하나의 균일한 색상과 모양이 돋보이는, 표면이 매끄럽고 대비가 뚜렷한 흰 쌀밥 한 그릇."
fruits_nuts_rice,hyperclovax,1000253378,1gram,blueberry; plate; recipe; side; assumption,"A plate filled with fresh blueberries, accompanied by a spoon, set against a plain gray background.",블루베리; 판; 레시피; 측면; 가정,"단순한 회색 배경 위에, 숟가락이 곁들여진 신선한 블루베리가 가득 담긴 접시가 놓여 있다."
fruits_nuts_rice,hyperclovax,1000253378,2gram,blueberry round; deep blue; description assumption; detailed description; distract blueberry,"A plate of fresh, round blueberries with a slight dusting of frost, accompanied by a spoon.",블루베리 라운드; 짙은 파란색; 설명 가정; 상세한 설명; 블루베리의 주의를 돌리다,서리가 살짝 내려앉은 신선하고 둥근 블루베리 한 접시와 숟가락이 곁들여져 있다.
fruits_nuts_rice,hyperclovax,1000253378,3gram,blueberry blueberry round; blueberry round deep; circular pattern light; clear detailed description; color slightly shiny,"A plate of fresh, round blueberries with a slight sheen, suggesting they are slightly moist or have a natural gloss.",블루베리 블루베리 둥근; 블루베리 라운드 딥; 원형 패턴 조명; 명확하고 상세한 설명; 약간 윤기가 나는 색상,"신선하고 둥근 블루베리가 담긴 접시. 블루베리 표면에 은은한 광택이 나는데, 이는 블루베리가 약간 촉촉하거나 자연스러운 윤기가 도는 것을 암시한다."
fruits_nuts_rice,hyperclovax,1000253378,1gram,blueberry; fresh; distinct; indentation; appetizing,"A plate of fresh, frozen blueberries with a metal spoon resting on them.",블루베리; 신선한; 뚜렷한; 들여쓰기; 식욕을 돋우는,신선한 냉동 블루베리가 담긴 접시 위에 금속 숟가락이 놓여 있다.
fruits_nuts_rice,hyperclovax,1000253378,2gram,berry partially; blueberry distinct; bowl berry; center characteristic; characteristic blueberry,"A plate of fresh, frozen blueberries with a metal spoon resting on them.",베리 일부; 블루베리 디스팅트; 볼 베리; 중심 특성; 특징적인 블루베리,신선한 냉동 블루베리가 담긴 접시 위에 금속 숟가락이 놓여 있다.
fruits_nuts_rice,hyperclovax,1000253378,3gram,arrange bowl berry; berry partially cover; blue color smooth; blueberry dark blue; blueberry distinct round,"A plate of fresh, frozen blueberries with a metal spoon resting on them, showcasing their distinct round shape and dark blue color.","그릇에 베리 담기; 베리가 부분적으로 가리다; 파란색, 매끄러운; 블루베리 진한 파란색; 블루베리, 뚜렷한 둥근 모양","신선한 냉동 블루베리가 담긴 접시 위에 금속 숟가락이 놓여 있어, 블루베리의 뚜렷한 둥근 모양과 짙은 파란색을 잘 보여주고 있다."
fruits_nuts_rice,hyperclovax,1000338204,1gram,blueberry; frozen; content; 1kg; delicious fruits,"A package of frozen blueberries labeled ""Blueberry Delicious Fruits"" with a 1kg weight, presented in a purple and green design with images of blueberries and a small white bowl of fresh blueberries above it.",블루베리; 얼어붙은; 내용; 1kg; 맛있는 과일,"“Blueberry Delicious Fruits”라고 표시된 1kg 용량의 냉동 블루베리 한 팩으로, 보라색과 녹색을 바탕으로 한 디자인에 블루베리 이미지와 그 위에 신선한 블루베리가 담긴 작은 흰색 그릇이 그려져 있다."
fruits_nuts_rice,hyperclovax,1000338204,2gram,frozen blueberry; 1kg specify; blueberry package; blueberry prominently; blueberry small,"A package of frozen blueberries, labeled ""Blueberry Delicious Fruits,"" with a net weight of 1 kg, presented in a purple and green design with images of blueberries and a white bowl of fresh blueberries above it.",냉동 블루베리; 1kg으로 지정; 블루베리 포장; 블루베리가 눈에 띄게; 블루베리 (소),"“Blueberry Delicious Fruits”라고 표기된 냉동 블루베리 1kg(순중량) 포장지로, 보라색과 녹색을 주색상으로 한 디자인에 블루베리 이미지와 그 위에 신선한 블루베리가 담긴 흰색 그릇이 그려져 있다."
fruits_nuts_rice,hyperclovax,1000338204,3gram,1kg specify weight; blue color typical; blueberry package fresh; blueberry packaging predominantly; blueberry prominently large,"A package of frozen blueberries, labeled ""Blueberry Delicious Fruits,"" weighing 1 kg, with a predominantly green and purple color scheme and a clear image of the blueberries on the front.","1kg (정확한 중량); 전형적인 파란색; 블루베리 포장, 신선한; 주로 블루베리 포장; 블루베리가 유난히 크다","“Blueberry Delicious Fruits”라고 표시된 1kg짜리 냉동 블루베리 한 팩으로, 주로 녹색과 보라색을 주된 색상으로 하고 있으며, 앞면에는 블루베리가 선명하게 그려져 있다."
fruits_nuts_rice,hyperclovax,1000338204,1gram,blueberry; dry; dark; coat; glaze,"A bowl of dried blueberries with a dark, glossy coating.",블루베리; 건조한; 어두운; 코트; 유약,짙고 윤기 나는 코팅이 입혀진 말린 블루베리 한 그릇.
fruits_nuts_rice,hyperclovax,1000338204,2gram,black color; blueberry arrange; blueberry glossy; bowl dry; ceramic dish,"A bowl of glossy, dark purple blueberries with a slightly shiny surface, likely dried or preserved, presented in a ceramic dish.",검은색; 블루베리 장식; 블루베리 글로시; 그릇을 말리다; 도자기 접시,"표면이 약간 윤기 나는, 광택이 도는 짙은 보라색 블루베리 한 그릇이 도자기 접시에 담겨 있다. 아마도 말리거나 절인 것일 것이다."
fruits_nuts_rice,hyperclovax,1000338204,3gram,arrange dense pile; black color slight; blueberry arrange dense; blueberry glossy suggest; bowl dry blueberry,"A bowl filled with glossy, dark purple blueberries arranged in a dense pile.","촘촘하게 쌓기; 검은색, 약간; 블루베리를 빽빽하게 배열하다; 블루베리 글로시 추천; 그릇에 담은 말린 블루베리",윤기 나는 짙은 보라색 블루베리가 빽빽하게 쌓여 있는 그릇.
fruits_nuts_rice,hyperclovax,1000763360,1gram,grape; green; tightly; rich; stand,A bunch of green grapes on a light blue plate.,포도; 초록색; 단단히; 부유한; 스탠드,하늘색 접시 위에 놓인 푸른 포도 한 송이.
fruits_nuts_rice,hyperclovax,1000763360,2gram,green color; blue plate; cluster rich; grape arrange; grape stand,A bunch of green grapes arranged on a light blue plate.,초록색; 파란 접시; 클러스터가 풍부한; 포도 장식; 포도 가판대,하늘색 접시 위에 놓인 푸른 포도 한 송이.
fruits_nuts_rice,hyperclovax,1000763360,3gram,arrange light blue; blue plate contrast; cluster rich green; color grape stand; color suggest ripe,"A cluster of green grapes on a light blue plate, showcasing their fresh and ripe appearance.",하늘색을 배치하다; 파란 접시의 대비; 짙은 녹색의 군락; 컬러 포도 판매대; 색깔로 보아 잘 익은 것 같다,"하늘색 접시 위에 놓인 푸른 포도 한 송이가, 싱싱하고 잘 익은 모습을 뽐내고 있다."
fruits_nuts_rice,hyperclovax,1000763360,1gram,grape; bunch; green; wet; dense,"A bunch of fresh, green grapes with a glossy surface, likely wet, presented on a white plate.",포도; 한 묶음; 초록색; 젖은; 조밀하다,"흰 접시 위에 놓인, 표면이 윤기 나고 아마도 젖어 있을 법한 싱싱한 녹색 포도 한 송이."
fruits_nuts_rice,hyperclovax,1000763360,2gram,green color; dense cluster; grape visible; juicy slight; suggest wet,"A cluster of green grapes with a fresh, juicy appearance, suggesting they are slightly wet.",초록색; 조밀한 성단; 포도 보임; 즙이 풍부한 미묘함; ‘젖은’을 제안합니다,"신선하고 즙이 가득해 보이는 녹색 포도 송이로, 마치 살짝 젖어 있는 듯한 느낌을 준다."
fruits_nuts_rice,hyperclovax,1000763360,3gram,arrange dense cluster; bright green color; bunch grape fresh; color arrange dense; dense cluster individual,Bright green bunch of grapes with individual grapes and a few cut ones on a white plate.,"조밀하게 뭉치게 배열하다; 선명한 녹색; 송이 포도 (신선한); 색상 정렬, 밀집; 고밀도 성단의 개별 천체","흰 접시 위에 선명한 녹색 포도 한 송이가 놓여 있으며, 포도 알갱이들이 하나하나 흩어져 있고 몇 개는 잘려 있다."
fruits_nuts_rice,hyperclovax,1000858612,1gram,slice; pineapple; container; identification; kfl365,"Slice of pineapple on a white plate, labeled ""KFL365 Curly Fresh,"" with a 1kg net weight.",슬라이스; 파인애플; 컨테이너; 식별; kfl365,"흰색 접시 위에 놓인 파인애플 한 조각. “KFL365 Curly Fresh”라고 표기되어 있으며, 순중량은 1kg입니다."
fruits_nuts_rice,hyperclovax,1000858612,2gram,pineapple slice; arrange clear; container packaging; container textured; fresh pineapple,"Clear plastic container with pineapple slices, labeled ""Kf365"" and ""Kurly Fresh,"" arranged in a textured container packaging.",파인애플 조각; 정리하기; 용기 포장; 텍스처가 적용된 용기; 신선한 파인애플,"파인애플 슬라이스가 들어 있는 투명한 플라스틱 용기로, “Kf365”와 “Kurly Fresh”라고 표시되어 있으며, 질감이 느껴지는 용기 포장 안에 정갈하게 담겨 있다."
fruits_nuts_rice,hyperclovax,1000858612,3gram,arrange clear plastic; clear plastic container; clearly visible readable; container packaging product; container textured surface,"Clear plastic container with pineapple slices, labeled ""Kf365 Curly Fresh,"" on a white plate.",투명한 플라스틱을 준비하세요; 투명한 플라스틱 용기; 선명하게 보이고 읽기 쉬운; 용기 포장 제품; 컨테이너의 질감이 있는 표면,"흰색 접시 위에 “Kf365 Curly Fresh”라고 적힌, 파인애플 조각이 담긴 투명한 플라스틱 용기."
fruits_nuts_rice,hyperclovax,1000858612,1gram,pineapple; piece; shape; yellow; fibrous,Three pieces of fresh pineapple on a white plate.,파인애플; 작품; 모양; 노란색; 섬유질의,하얀 접시 위에 놓인 신선한 파인애플 세 조각.
fruits_nuts_rice,hyperclovax,1000858612,2gram,pineapple piece; arrange plain; characteristic pineapple; cut rectangular; distract food,Three rectangular pieces of fresh pineapple arranged on a plain white plate.,파인애플 조각; 무지 배열; 특징적인 파인애플; 직사각형으로 자르기; 주의를 분산시키는 음식,무늬 없는 흰 접시 위에 신선한 파인애플 세 조각이 직사각형 모양으로 놓여 있다.
fruits_nuts_rice,hyperclovax,1000858612,3gram,arrange plain white; characteristic pineapple piece; color texture assumption; cut rectangular shape; description focus visual,Three rectangular pieces of fresh pineapple arranged on a plain white plate.,"단색 흰색으로 배치하기; 특징적인 파인애플 조각; 색상, 질감, 가정; 직사각형 모양으로 자르기; 설명, 초점, 시각적 요소",무늬 없는 흰 접시 위에 신선한 파인애플 세 조각이 직사각형 모양으로 놓여 있다.
fruits_nuts_rice,hyperclovax,1000867509,1gram,rice; bag; texture; fine; process,"A 4kg bag of 7일향미 unprocessed rice, accompanied by a bowl of rice, set against a textured green background.",쌀; 가방; 질감; 좋아요; 프로세스,"질감이 느껴지는 녹색 배경을 배경으로, 7일향미 생쌀 4kg 봉지와 밥 한 그릇이 놓여 있다."
fruits_nuts_rice,hyperclovax,1000867509,2gram,texture rice; 4kg indicate; clean presentation; fine process; include white,"A package of 7kg of uncooked white rice, presented in a clean and fine presentation, with a clean presentation of the product in a white bowl beside it.",식감이 있는 쌀; 4kg을 나타냅니다; 깔끔한 발표; 정밀 공정; 흰색 포함,"7kg짜리 생백미 한 봉지로, 깔끔하고 세련된 포장으로 담겨 있으며, 그 옆의 흰 그릇에 담긴 제품도 깔끔하게 진열되어 있다."
fruits_nuts_rice,hyperclovax,1000867509,3gram,4kg indicate weight; 7일향미 4kg indicate; bag read 7일향미; bag texture green; clean presentation product,"A 4kg bag of 7일향미 rice, presented in a clean and natural setting with a bowl of rice in front, highlighting its clean presentation and product details.","4kg은 무게를 나타냅니다; 7일일향미 4kg 표기; 가방에 적힌 문구: 7일향미; 가방 질감, 녹색; 깔끔한 프레젠테이션 자료","4kg짜리 ‘7일향미’ 쌀 한 봉지가 깔끔하고 자연스러운 배경 속에 놓여 있으며, 그 앞에는 밥 한 그릇이 놓여 있어 제품의 깔끔한 비주얼과 세부 사항을 돋보이게 하고 있다."
fruits_nuts_rice,hyperclovax,1000867509,1gram,fabric; packed; rice; 7일향미; consist,"7일향미 4kg uncooked rice, presented in a minimalist design with a natural green background, accompanied by a small bowl of rice and a decorative grain stalk.",원단; 꽉 찬; 쌀; 7일향미; ~로 구성되다,"자연스러운 녹색 배경을 바탕으로 미니멀한 디자인으로 꾸며진 ‘7일향미 4kg’ 생쌀 제품으로, 작은 밥그릇과 장식용 벼 이삭이 함께 담겨 있습니다."
fruits_nuts_rice,hyperclovax,1000867509,2gram,4kg prominently; clean simple; fabric light; packaging light; packed smooth,"A 4kg bag of clean, simple, light-colored rice with a natural, unprocessed appearance, accompanied by a small bowl of rice and some rice stalks.",4kg이 눈에 띄게; 깔끔하고 심플한; 패브릭 조명; 포장용 조명; 단단하고 매끄럽게 채워진,"자연 그대로의 가공되지 않은 모습을 지닌 깨끗하고 담백하며 옅은 색의 쌀 4kg 봉지와, 작은 그릇에 담긴 밥 한 그릇, 그리고 벼 이삭 몇 개가 함께 제공됩니다."
fruits_nuts_rice,hyperclovax,1000867509,3gram,4kg prominently rice; 7일향미 4kg prominently; backdrop highlight product; bowl white packed; clean simple backdrop,"A 4kg bag of rice with a clean, simple design and a 7일향미 label, accompanied by a bowl of rice and some rice stalks on a textured white background.","4kg의 쌀이 눈에 띄게; 7일일향미 4kg, 눈에 띄게; 배경에 돋보이는 제품; 흰색 그릇, 포장된; 깔끔하고 심플한 배경","깔끔하고 심플한 디자인에 ‘7일향미’ 라벨이 붙은 4kg 쌀 한 봉지와, 질감이 느껴지는 흰색 배경 위에 밥 한 그릇과 벼 이삭 몇 개가 함께 그려져 있다."
fruits_nuts_rice,hyperclovax,1000867511,1gram,bag; rice; right; 8kg; enhance,"A 7kg bag of white rice with a natural, unprocessed appearance, accompanied by a small bowl of rice grains, set against a green textured background.",가방; 쌀; 맞아요; 8kg; 향상시키다,"자연스럽고 가공되지 않은 느낌의 7kg짜리 백미 봉지와 작은 그릇에 담긴 쌀알들이, 질감이 살아 있는 녹색 배경 위에 놓여 있다."
fruits_nuts_rice,hyperclovax,1000867511,2gram,right bag; 7일향미 8kg; 8kg prominently; bag enhance; beige colored,"A beige-colored bag of 7일향미 rice, featuring an 8kg quantity, is displayed with a small bowl of rice in the foreground, emphasizing its natural and unprocessed appearance.",맞는 가방; 7일일향미 8kg; 8kg이 눈에 띄게; 가방 꾸미기; 베이지색,"8kg 용량의 베이지색 ‘7일향미’ 쌀 봉지가 전경에 놓인 작은 밥그릇과 함께 진열되어 있어, 이 쌀이 자연 그대로의 가공되지 않은 모습임을 강조하고 있다."
fruits_nuts_rice,hyperclovax,1000867511,3gram,7일향미 8kg prominently; 8kg prominently surface; bag enhance natural; beige colored bag; bowl right bag,"A beige-colored bag of 7일향미 rice, featuring a 8kg quantity, is displayed on a textured green background with a small bowl of rice to the right, highlighting its natural and clean presentation.","7일일향미 8kg, 눈에 띄게; 8kg이 눈에 띄게 드러남; 가방, 자연스러운 매력을 더하다; 베이지색 가방; 오른쪽 가방","8kg 용량의 ‘7일향미’ 쌀이 담긴 베이지색 봉지가 질감이 느껴지는 녹색 배경 위에 진열되어 있으며, 오른쪽에는 작은 밥그릇이 놓여 있어 자연스럽고 깔끔한 느낌을 강조하고 있다."
fruits_nuts_rice,hyperclovax,1000867511,1gram,rice; bag; natural; 7일 향미; profile,"A 8kg bag of rice with a label that reads ""7일 향미"" (7-day flavor) and a smaller bowl of rice next to it, set against a textured green background.",쌀; 가방; 자연스러운; 7일 향미; 프로필,"“7일 향미”(7일 동안의 풍미)라고 적힌 라벨이 붙은 8kg짜리 쌀 한 포대와 그 옆에 놓인 작은 밥그릇이, 질감이 느껴지는 녹색 배경을 배경으로 놓여 있다."
fruits_nuts_rice,hyperclovax,1000867511,2gram,product natural; 7일 향미 indicate; 8kg clearly; complement product; flavor profile,"7일 향미 쌀 8kg package on a textured green and white background, featuring a bowl of rice and a clear label with text about the product's flavor profile and nutritional benefits.","천연 제품; 7일일 향미는 다음과 같이 나타냅니다.; 8kg, 확실히; 보완 제품; 풍미 프로파일","질감이 느껴지는 녹색과 흰색 배경에 7일일 향미 쌀 8kg 포장지가 그려져 있으며, 밥 한 그릇과 제품의 풍미 및 영양적 이점에 대한 설명이 적힌 선명한 라벨이 특징입니다."
fruits_nuts_rice,hyperclovax,1000867511,3gram,7일 향미 indicate product; 8kg clearly visible; bag read 7일 향미; bowl white uncooke; complement product natural,"A 7일 향미 rice product in a 8kg bag, accompanied by a bowl of rice, set against a textured green and white background.","7일일 향미는 제품을 나타냅니다; 8kg이 선명하게 표시됨; 봉투에 ‘7일 향미’라고 적혀 있다; 흰색 그릇, 미조리; 보완 제품, 천연","8kg 봉지에 담긴 7일 향미 쌀 제품과 밥 한 그릇이, 질감이 느껴지는 녹색과 흰색 배경 앞에 놓여 있다."
fruits_nuts_rice,hyperclovax,1000908371,1gram,apple; box; fuji; functional; gala,"A box of red apples with some cut open to reveal their fresh, juicy interiors.",사과; 상자; 후지; 기능적인; 갈라,빨간 사과 한 상자. 그중 몇 개는 잘려 있어 신선하고 즙이 풍부한 속이 드러나 있다.
fruits_nuts_rice,hyperclovax,1000908371,2gram,apple apple; apple light; arrange cardboard; fuji smooth; functional apple,"A box of red apples with some cut open, showcasing their fresh and juicy appearance.",사과 사과; 애플 라이트; 골판지를 정리하다; 후지 스무스; 기능성 사과,"붉은 사과 한 상자. 그중 몇 개는 반으로 잘려 있어, 신선하고 즙이 풍부한 모습이 잘 드러나 있다."
fruits_nuts_rice,hyperclovax,1000908371,3gram,apple arrange cardboard; apple light colored; arrange cardboard box; box partially cut; fuji smooth shiny,"A box of red apples arranged on a light-colored cloth, with some apples cut in half to display their fresh, shiny skin and juicy interiors.","사과를 골판지 상자에 담다; 밝은 색상의 사과; 골판지 상자 정리하기; 상자가 부분적으로 잘려 있다; 후지, 매끄럽고 윤기 나는","밝은 색의 천 위에 놓인 빨간 사과 한 상자. 그중 몇 개는 반으로 잘라져 있어, 신선하고 윤기 나는 껍질과 즙이 풍부한 속살이 드러나 있다."
fruits_nuts_rice,hyperclovax,1000908371,1gram,apple; sale; purchase; speckle; sliced,"A selection of fresh, sliced apples with a reddish hue and speckled skin, presented on a textured beige cloth.",사과; 세일; 구매; 반점; 얇게 썬,붉은빛을 띠고 껍질에 점점이 흩어진 신선한 사과 조각들을 질감이 느껴지는 베이지색 천 위에 담아낸 모습.
fruits_nuts_rice,hyperclovax,1000908371,2gram,appeal presentation; appearance cardboard; apple recently; apple variety; arrange beige,"A selection of fresh, red apples with a few slices on a beige cloth, accompanied by a cardboard box in the background.",항소 발표; 외관 골판지; 애플은 최근; 사과 품종; 베이지색 배치하기,"베이지색 천 위에 몇 조각이 놓인 싱싱한 빨간 사과들이 담겨 있고, 배경에는 골판지 상자가 함께 놓여 있다."
fruits_nuts_rice,hyperclovax,1000908371,3gram,appearance cardboard box; apple arrange beige; apple fresh ready; apple recently purchase; apple variety apple,"A selection of fresh, red apples arranged on a beige cloth, with one apple cut in half to display its juicy interior.","외관 골판지 상자; 사과 배열 베이지; 사과, 갓 수확한 신선한; 애플이 최근에 인수한; 사과 품종 사과","베이지색 천 위에 신선한 빨간 사과들이 정갈하게 놓여 있으며, 그중 한 개는 반으로 잘라 과즙이 가득한 속을 드러내고 있다."
fruits_nuts_rice,hyperclovax,1000973922,1gram,packet; nut; box; kf365 curly fresh; front,"A white box labeled ""KF365 curly fresh"" with a smaller packet of the same product in front, showcasing a variety of nuts on a white plate.",패킷; 너트; 상자; kf365 컬리 프레시; 앞면,"“KF365 컬리 프레시”라고 적힌 흰색 상자 앞에 같은 제품의 작은 포장지가 놓여 있으며, 흰색 접시 위에 다양한 견과류가 담겨 있는 모습."
fruits_nuts_rice,hyperclovax,1000973922,2gram,text packet; purple text; black purple; small white; bowl overall,"A white box labeled ""KF365 Curly Fresh"" with a small white packet of the same product in front of it, containing a mix of nuts, and a white bowl with the same nuts.","텍스트 패킷; 보라색 텍스트; 검은색, 보라색; 작은 흰색; 볼 전체","“KF365 Curly Fresh”라고 적힌 흰색 상자, 그 앞에는 같은 제품의 작은 흰색 봉지가 놓여 있는데, 그 안에는 견과류가 섞여 있으며, 같은 견과류가 담긴 흰색 그릇도 있다."
fruits_nuts_rice,hyperclovax,1000973922,3gram,black purple text; almond walnut visible; bowl overall presentation; bowl variety nut; box kf365 curly fresh nut,"A white box labeled ""KF365 Curly Fresh"" with a smaller packet of the same product in front, showcasing a variety of nuts in a bowl.","검은색과 보라색 텍스트; 아몬드, 호두가 눈에 띈다; 그릇의 전반적인 인상; 그릇에 담긴 다양한 견과류; 박스 KF365 컬리 프레시 너트","“KF365 Curly Fresh”라고 적힌 흰색 상자 앞에 같은 제품의 작은 포장지가 놓여 있으며, 그 안에는 그릇에 담긴 다양한 견과류가 담겨 있다."
fruits_nuts_rice,hyperclovax,1000973922,1gram,pecan; brown; almond; walnut; nut,"A white plate filled with a variety of nuts including almonds, walnuts, and pecans, alongside a package of ""KF365 Curly Fresh"" nuts, which are a blend of natural brown and white nuts, highlighting their health benefits and convenience.",피칸; 갈색; 아몬드; 호두; 너트,"아몬드, 호두, 피칸 등 다양한 견과류가 가득 담긴 흰색 접시와, 천연 갈색 및 흰색 견과류가 혼합된 “KF365 컬리 프레시” 견과류 한 팩이 함께 놓여 있어, 이 제품의 건강상의 이점과 편리함을 강조하고 있다."
fruits_nuts_rice,hyperclovax,1000973922,2gram,brown color; almond light; bag text; clean design; content nuts,"A white plate filled with a variety of nuts, including almonds, walnuts, and pecans, alongside a white packet labeled ""KF365 Curly Fresh"" with text indicating its contents and benefits.",갈색; 아몬드 라이트; 가방 설명; 깔끔한 디자인; 콘텐츠 매니아,"아몬드, 호두, 피칸 등 다양한 견과류가 가득 담긴 흰색 접시와, 내용물 및 효능이 기재된 “KF365 Curly Fresh”라고 적힌 흰색 포장지."
fruits_nuts_rice,hyperclovax,1000973922,3gram,almond light brown; almond walnut pecan; bag text kf365 kurly fresh; brand product packaging; brown color slightly,"A white plate filled with a variety of nuts including almonds, walnuts, and pecans, alongside a white packet labeled ""KF365 kurly fresh"" with text indicating the product's freshness and health benefits.","아몬드 연한 갈색; 아몬드, 호두, 피칸; 가방 문구 kf365 kurly fresh; 브랜드 제품 포장; 약간 갈색을 띠는","아몬드, 호두, 피칸 등 다양한 견과류가 가득 담긴 흰색 접시와, 제품의 신선도와 건강 효능을 설명하는 문구가 적힌 “KF365 kurly fresh”라고 표기된 흰색 포장지."
fruits_nuts_rice,hyperclovax,1001234463,1gram,tomato; harvest; scatter; bowl; cherry,"A bowl filled with fresh, ripe cherry tomatoes, with a few scattered on the surface around it.",토마토; 수확; 흩어지다; 그릇; 체리,"신선하고 잘 익은 방울토마토로 가득 찬 그릇과, 그 주변 표면에 몇 개가 흩어져 있다."
fruits_nuts_rice,hyperclovax,1001234463,2gram,bowl contrast; bowl surface; fresh smooth; harvest tomato; likely recently,"A bowl filled with fresh, ripe cherry tomatoes, likely recently harvested, with a few tomatoes scattered around the bowl.",그릇의 대비; 그릇 표면; 상큼하고 부드러운; 토마토 수확; 아마도 최근에,"갓 수확한 듯 신선하고 잘 익은 방울토마토로 가득 찬 그릇에, 토마토 몇 개가 그릇 주변에 흩어져 있다."
fruits_nuts_rice,hyperclovax,1001234463,3gram,attach indicate likely; blue bowl contrast; bowl contrast vibrant; color fresh smooth; color tomato scatter,"A collection of ripe, small red cherry tomatoes in a blue bowl, with a few scattered on the surface.","첨부, 시사, 가능성이 높음; 파란 그릇의 대비; 그릇의 선명한 대비; 선명한 색감, 산뜻함, 부드러움; 색깔별 토마토 흩뿌리기","파란 그릇에 잘 익은 작은 빨간 체리 토마토들이 담겨 있고, 표면에는 몇 개가 흩어져 있다."
fruits_nuts_rice,hyperclovax,1001234463,1gram,tomato; cherry; attach; stem; blue,"A bowl of fresh, ripe cherry tomatoes with a few scattered on the surface.",토마토; 체리; 첨부; 줄기; 파란색,"신선하고 잘 익은 방울토마토 한 그릇에, 표면 여기저기에 몇 개가 흩어져 있다."
fruits_nuts_rice,hyperclovax,1001234463,2gram,attach arrange; food cherry; fresh green; ripe juicy; round vibrant,"A bowl of fresh, ripe cherry tomatoes with a few scattered on the surface.","첨부 및 정렬; 체리; 싱그러운 초록; 잘 익은, 즙이 풍부한; 둥글고 생동감 넘치는","신선하고 잘 익은 방울토마토 한 그릇에, 표면 여기저기에 몇 개가 흩어져 있다."
fruits_nuts_rice,hyperclovax,1001234463,3gram,attach arrange blue; blue bowl plain; color fresh green; colored surface tomato; food cherry tomato,"A bowl filled with fresh, ripe cherry tomatoes, featuring a vibrant red color and green stems, placed on a plain surface.","첨부, 정렬, 파란색; 파란색 그릇, 무늬 없음; 선명한 초록색; 겉면이 색이 든 토마토; 식품 체리 토마토","생생한 붉은 빛깔과 초록색 줄기가 돋보이는, 신선하고 잘 익은 체리 토마토로 가득 찬 그릇이 단정한 표면 위에 놓여 있다."
fruits_nuts_rice,hyperclovax,1001303421,1gram,apple; casual; tint; wrinkle; light,"Four fresh red apples with a slight blush, placed on a light beige cloth, with one apple cut in half to reveal its juicy interior.",사과; 캐주얼; 색조; 주름; 빛,"살짝 붉은 기운이 도는 싱싱한 빨간 사과 네 개가 연한 베이지색 천 위에 놓여 있으며, 그중 한 개는 반으로 잘려 과즙이 가득한 속이 드러나 있다."
fruits_nuts_rice,hyperclovax,1001303421,2gram,apple apple; casual presentation; core plain; distract apple; food variety,"Four red apples with a mix of red and yellow hues, placed on a beige cloth, with one apple cut in half to reveal its white flesh and core.",사과 사과; 간편한 발표; 코어 플레인; 애플의 주의를 돌리다; 음식 종류,"베이지색 천 위에 붉은색과 노란색이 어우러진 네 개의 빨간 사과가 놓여 있으며, 그중 한 개는 반으로 잘려 하얀 과육과 씨앗이 드러나 있다."
fruits_nuts_rice,hyperclovax,1001303421,3gram,apple arrange light; casual presentation apple; central core plain; colored cloth slightly; core plain light,"Four fresh red apples with a slight blush, arranged on a light-colored cloth, with one apple cut in half to reveal its core.",애플 어레인지 라이트; 애플의 캐주얼한 프레젠테이션; 중앙 코어 평원; 약간 색이 든 천; 코어 플레인 라이트,"살짝 붉게 물든 신선한 빨간 사과 네 개가 밝은 색의 천 위에 놓여 있으며, 그중 한 개는 반으로 잘려 속이 드러나 있다."
fruits_nuts_rice,hyperclovax,1001303421,1gram,apple; condition; speckle; appealing; common,"A selection of fresh, red apples with a speckled pattern, some of which are cut in half to reveal their juicy, yellow interiors.",사과; 조건; 반점; 매력적인; 일반적인,"반점 무늬가 있는 싱싱한 빨간 사과들이 놓여 있으며, 그중 일부는 반으로 잘려 있어 과즙이 풍부한 노란 속살이 드러나 있다."
fruits_nuts_rice,hyperclovax,1001303421,2gram,apple provide; color focal; common variety; condition apple; food apple,"Several red apples with a mix of yellow and green hues, some cut in half to reveal their fresh, juicy interiors, placed on a textured beige cloth.",애플은 다음과 같이 제공합니다; 컬러 포컬; 일반적인 종류; 상태: 애플; 음식: 사과,"노란색과 녹색이 어우러진 붉은 사과 몇 개가 질감이 느껴지는 베이지색 천 위에 놓여 있는데, 그중 일부는 반으로 잘려 신선하고 즙이 풍부한 속이 드러나 있다."
fruits_nuts_rice,hyperclovax,1001303421,3gram,apple provide clear; color focal point; common variety arrange; condition apple smooth; food apple apple,"Several red apples with a smooth, shiny skin and a common variety, arranged on a textured beige cloth.",애플은 명확하게 설명합니다; 색상적 초점; 일반적인 종류 정렬; 상태: 애플 스무스; 음식 사과 사과,매끄럽고 윤기 나는 껍질을 가진 흔한 품종의 붉은 사과 몇 개가 질감이 느껴지는 베이지색 천 위에 놓여 있다.
fruits_nuts_rice,hyperclovax,1001502284,1gram,cherry; variation; cloth; manner; somewhat,"A pile of fresh, ripe cherries resting on a white cloth.",체리; 변형; 천; 방식; 다소,하얀 천 위에 놓인 신선하고 잘 익은 체리 한 무더기.
fruits_nuts_rice,hyperclovax,1001502284,2gram,add fresh; arrange somewhat; cherry add; cherry cloth; cherry smooth,"A pile of fresh, ripe cherries resting on a white cloth.",신선한 것을 추가하세요; 어느 정도 정리하다; 체리 추가; 체리 무늬 천; 체리처럼 부드럽다,하얀 천 위에 놓인 신선하고 잘 익은 체리 한 무더기.
fruits_nuts_rice,hyperclovax,1001502284,3gram,add fresh appearance; arrange somewhat scatter; attach cherry add; cherry add fresh; cherry cloth additional,"A pile of fresh, ripe cherries resting on a white cloth.","산뜻한 느낌을 더하다; 다소 흩어져 있는 것을 정리하다; 체리 추가; 체리, 신선한 것을 넣으세요; 체리 무늬 천 추가",하얀 천 위에 놓인 신선하고 잘 익은 체리 한 무더기.
fruits_nuts_rice,hyperclovax,1001502284,1gram,cherry; fresh; relation; describe; red,"A collection of fresh, ripe cherries with green stems resting on a white cloth.",체리; 신선한; 관계; 설명하다; 빨강,"흰 천 위에 놓인, 줄기가 초록색인 신선하고 잘 익은 체리들이 한 무더기 놓여 있다."
fruits_nuts_rice,hyperclovax,1001502284,2gram,fresh cherry; central focus; cherry central; cherry green; cherry stem,"A collection of fresh, ripe cherries with visible stems resting on a white cloth.",신선한 체리; 핵심; 체리 센트럴; 체리 그린; 체리 줄기,흰 천 위에 줄기가 선명하게 보이는 신선하고 잘 익은 체리들이 담겨 있다.
fruits_nuts_rice,hyperclovax,1001502284,3gram,arrange loose pile; attach cherry green; central focus object; cherry central focus; cherry green fresh,"A pile of fresh, ripe cherries with green stems resting on a white cloth.",흩어져 있는 더미를 정리하다; 체리 그린 색상 첨부; 중심 피사체; 체리 중심 초점; 체리 그린 프레시,"흰 천 위에, 푸른 줄기가 달린 신선하고 잘 익은 체리가 한 무더기 놓여 있다."
fruits_nuts_rice,hyperclovax,1001729429,1gram,고시히카리; package; rice; weight; product,"A 10kg bag of rice labeled ""고시히카리"" (Goshihikari) with a small bowl of rice next to it, featuring a clean design with a white and purple color scheme.",고시히카리; 패키지; 쌀; 무게; 제품,"“고시히카리”(고시히카리)라고 적힌 10kg짜리 쌀 포대 옆에 작은 밥그릇이 놓여 있으며, 흰색과 보라색을 주조색으로 한 깔끔한 디자인이 특징입니다."
fruits_nuts_rice,hyperclovax,1001729429,2gram,product weight; 10kg bag; bag label; center product; colored text,"A 10kg bag of rice labeled ""고시히카리"" (Goshihikari) with a purple stripe, accompanied by a small bowl of rice, is displayed on a white surface.",제품 무게; 10kg 봉지; 가방 라벨; 주요 제품; 색상이 지정된 텍스트,보라색 줄무늬가 있는 “고시히카리”(고시히카리)라고 적힌 10kg짜리 쌀 한 포대와 작은 밥그릇 하나가 하얀 바탕 위에 진열되어 있다.
fruits_nuts_rice,hyperclovax,1001729429,3gram,10kg bag label; bag label 고시히카리; center product 고시히카리; colored text rice; content packaging include,"A 10kg bag of rice labeled ""고시히카리"" (Koshihikari) with a purple stripe, accompanied by a small bowl of rice, is displayed on a white surface.",10kg 봉지 라벨; 가방 라벨 ‘고시히카리’; 센터 제품 고시히카리; 색깔 있는 글자 밥; 콘텐츠 패키징에는 다음이 포함됩니다.,보라색 줄무늬가 있는 ‘고시히카리’라고 적힌 10kg짜리 쌀 한 포대와 작은 밥 한 그릇이 하얀 바탕 위에 진열되어 있다.
fruits_nuts_rice,hyperclovax,1001729429,1gram,rice; white; grain; polished; spill,"Polished white rice in a white bowl, with some grains spilled on a white cloth.",쌀; 흰색; 곡물; 광택 처리된; 유출,"하얀 그릇에 담긴 빳빳하게 씻은 백미와, 하얀 천 위에 몇 알이 쏟아져 있는 모습."
fruits_nuts_rice,hyperclovax,1001729429,2gram,bowl provide; brand origin; cloth rice; indicate polished; origin rice,White uncooked rice in a white bowl on a white cloth background.,그릇 제공; 브랜드의 기원; 찹쌀; 광택 처리된 것을 나타냄; 오리진 쌀,흰색 천을 배경으로 한 흰색 그릇에 담긴 흰색 생쌀.
fruits_nuts_rice,hyperclovax,1001729429,3gram,bowl provide information; brand origin rice; cloth rice grain; glossy indicate polished; highlight rice bowl,"Polished white rice in a white bowl, with some grains spilled on a white cloth background.",bowl에서 정보를 제공합니다; 브랜드 원산지 쌀; 천으로 만든 쌀알; ‘glossy’는 광택이 난다는 뜻입니다.; 하이라이트 덮밥,"하얀 그릇에 담긴 빳빳하게 씻은 백미와, 하얀 천 배경 위로 몇 알이 쏟아져 있는 모습."
fruits_nuts_rice,hyperclovax,1001882653,1gram,apple; shallow; vary; appealing; grey,"A white plate filled with five red and yellow apples, some of which are sliced, set against a grey background.",사과; 얕은; 다양하다; 매력적인; 회색,"회색 배경 위에, 빨간색과 노란색 사과 다섯 개가 담긴 흰색 접시가 놓여 있는데, 그중 일부는 썰려 있다."
fruits_nuts_rice,hyperclovax,1001882653,2gram,apple predominantly; apple vary; collection apple; indicate mix; mix variety,"A plate of fresh, sliced apples with a mix of red and yellow hues, showcasing their crisp texture and natural sweetness.",주로 애플; 애플의 다양성; 애플 컬렉션; 혼합 표시; 다양한 조합,"빨간색과 노란색이 어우러진 갓 썰어낸 사과 한 접시로, 아삭한 식감과 자연스러운 단맛이 돋보입니다."
fruits_nuts_rice,hyperclovax,1001882653,3gram,apple apple predominantly; apple predominantly red; apple vary size; arrange white shallow; collection apple apple,"A white shallow plate containing several red and yellow apples, some of which are cut in half, arranged on a plain gray surface.",사과 사과가 주를 이룬다; 주로 붉은색인 사과; 사과의 크기는 제각각입니다; 흰색 얕은 그릇을 정렬하세요; 컬렉션 애플 애플,"무늬 없는 회색 바탕 위에, 빨간색과 노란색 사과 몇 개가 담긴 흰색 얕은 접시가 놓여 있는데, 그중 일부는 반으로 잘려 있다."
fruits_nuts_rice,hyperclovax,1001882653,1gram,apple; fresh; appearance; plate; 4,"A plate of fresh, sliced apples with a mix of red and yellow hues, placed on a neutral gray surface.",사과; 신선한; 외관; 판; 4,"중성적인 회색 바탕 위에, 붉은색과 노란색이 어우러진 신선한 사과 조각들이 담긴 접시."
fruits_nuts_rice,hyperclovax,1001882653,2gram,apple apple; 2 apple; 4 whole; appearance provide; apple 2,"Whole and sliced apples on a white plate, featuring a mix of red and yellow hues.",사과 사과; 사과 2개; 4개; 외관 제공; 애플 2,흰 접시 위에 놓인 통사과와 썰어 놓은 사과들이 붉은색과 노란색이 어우러진 모습을 띠고 있다.
fruits_nuts_rice,hyperclovax,1001882653,3gram,2 apple slice; 4 whole apple; appealing appearance provide; appearance provide information; appearance visible blemish,"A plate of fresh, sliced apples with a mix of whole and cut pieces, showcasing a vibrant red and yellow coloration.",사과 2조각; 사과 4개 통째로; 매력적인 외관을 선사합니다; 외관을 통해 정보를 제공하다; 겉으로 드러나는 결점,"통째로 된 사과와 썰어 놓은 사과가 섞여 있는 신선한 사과 한 접시로, 선명한 빨간색과 노란색을 뽐내고 있다."
fruits_nuts_rice,hyperclovax,1002140343,1gram,avocado; cut; formation; triangular; rough,"Three whole avocados on a white plate with a blue rim, one of which is cut to reveal its green flesh and brown seed.",아보카도; 잘라내기; 형성; 삼각형; 거친,"파란 테두리가 있는 흰 접시 위에 아보카도 세 개가 놓여 있는데, 그중 하나는 잘려 있어 녹색 과육과 갈색 씨앗이 드러나 있다."
fruits_nuts_rice,hyperclovax,1002140343,2gram,avocado avocado; arrange triangular; avocado arrange; avocado dark; avocado immediate,"Three ripe avocados on a white plate with a blue rim, one of which is cut open to reveal its green flesh and brown seed.",아보카도 아보카도; 삼각형으로 배열하다; 아보카도 담기; 아보카도 다크; 아보카도 즉시,"파란 테두리가 있는 흰 접시 위에 잘 익은 아보카도 세 개가 놓여 있는데, 그중 하나는 반으로 갈라져 녹색 과육과 갈색 씨앗이 드러나 있다."
fruits_nuts_rice,hyperclovax,1002140343,3gram,arrange triangular formation; avocado arrange triangular; avocado avocado arrange; avocado avocado ripe; avocado dark green,"Three ripe avocados arranged in a triangular formation on a white plate with a blue rim, accompanied by a halved avocado showing its dark green flesh and seed.",삼각형 대형을 취하다; 아보카도를 삼각형 모양으로 배열하기; 아보카도 아보카도 배열; 아보카도 아보카도 잘 익은; 아보카도 짙은 녹색,"파란 테두리가 있는 흰 접시 위에 삼각형 모양으로 놓인 잘 익은 아보카도 세 개와, 짙은 녹색 과육과 씨앗이 드러난 반으로 자른 아보카도 한 개가 곁들여져 있다."
fruits_nuts_rice,hyperclovax,1002140343,1gram,avocado; halve; flesh; green; middle,"A plate of halved avocados with one half cut open to reveal the creamy green flesh inside, accompanied by a spoonful of the avocado flesh.",아보카도; 반으로 나누다; 살; 초록색; 중간,"반으로 자른 아보카도 한 접시에, 그중 한 쪽은 잘라 열어 속의 크림처럼 부드러운 녹색 과육이 드러나도록 한 모습과, 숟가락 한 숟가락 분량의 아보카도 과육이 곁들여져 있다."
fruits_nuts_rice,hyperclovax,1002140343,2gram,avocado center; avocado exhibit; avocado left; avocado right; avocado white,"A white plate with a blue rim holds three avocados: one whole, one halved with a brown pit, and one cut into a spoonful of creamy flesh.","아보카도 중심부; 아보카도 전시회; 남은 아보카도; 아보카도, 맞아요; 아보카도 화이트","파란 테두리가 있는 흰 접시 위에는 아보카도 세 개가 놓여 있다. 하나는 통째로, 하나는 갈색 씨를 드러낸 채 반으로 잘려 있고, 또 하나는 숟가락 한 숟가락 분량의 크림처럼 부드러운 과육이 드러나도록 잘려 있다."
fruits_nuts_rice,hyperclovax,1002140343,3gram,avocado avocado left; avocado center halve; avocado exhibit smooth; avocado left whole; avocado right halve,"A halved avocado with a smooth, green flesh and a brown seed, placed on a white plate with a blue rim, alongside a whole avocado and a spoonful of its creamy flesh.",아보카도 아보카도 왼쪽; 아보카도 심을 제거하고 반으로 자르기; 아보카도 표면이 매끄럽다; 통째로 둔 아보카도; 아보카도를 오른쪽 반으로 자르세요,"부드러운 녹색 과육과 갈색 씨를 가진 반으로 자른 아보카도가 파란 테두리가 있는 흰 접시 위에 놓여 있고, 그 옆에는 통째로 된 아보카도와 크림처럼 부드러운 과육 한 숟가락이 함께 놓여 있다."
fruits_nuts_rice,hyperclovax,5003716,1gram,banana; fold; curved; peel; eat,A bunch of ripe bananas resting on a white cloth.,바나나; 접기; 곡선형; 껍질; 먹다,흰 천 위에 놓인 잘 익은 바나나 한 다발.
fruits_nuts_rice,hyperclovax,5003716,2gram,arrange slightly; cloth neatly; curved cluster; emphasize banana; fold plain,"A neatly folded white cloth supports a bunch of ripe bananas with a mix of yellow and green hues, arranged slightly in a curved cluster.",살짝 정리하다; 옷을 깔끔하게; 곡선형 클러스터; 바나나를 강조하다; 접기/펼치기,깔끔하게 접힌 흰 천 위에는 노란색과 초록색이 어우러진 잘 익은 바나나 한 다발이 살짝 휘어진 모양으로 놓여 있다.
fruits_nuts_rice,hyperclovax,5003716,3gram,arrange slightly curved; backdrop emphasize banana; cloth neatly fold; cluster white cloth; curved cluster white,"A neatly folded white cloth supports a bunch of ripe bananas with a slight curve, displaying their yellow hue and small brown spots.",약간 휘어지게 배치하다; 배경에 바나나를 강조; 천을 가지런히 접다; 흰색 천 뭉치; 곡선형 클러스터 화이트,"깔끔하게 접힌 흰 천 위에 살짝 휘어진 잘 익은 바나나 한 다발이 놓여 있으며, 노란 빛깔과 작은 갈색 반점들이 눈에 띈다."
fruits_nuts_rice,hyperclovax,5003716,1gram,banana; peel; bunch; minor; imperfection,"A bunch of ripe bananas with one peeled, placed on a white cloth.",바나나; 껍질; 한 묶음; 사소한; 불완전함,흰 천 위에 껍질을 벗긴 바나나 한 개를 곁들인 잘 익은 바나나 한 다발.
fruits_nuts_rice,hyperclovax,5003716,2gram,bunch banana; banana texture; banana white; cluster banana; element banana,"A bunch of ripe bananas with one peeled, placed on a white cloth.",바나나 한 다발; 바나나의 식감; 바나나 화이트; 클러스터 바나나; 요소 바나나,흰 천 위에 껍질을 벗긴 바나나 한 개를 곁들인 잘 익은 바나나 한 다발.
fruits_nuts_rice,hyperclovax,5003716,3gram,arrange cluster banana; banana texture smooth; banana white cloth; brand element banana; bunch banana white,"A bunch of ripe bananas with one peeled, placed on a white cloth.","바나나를 묶음으로 배열하기; 바나나의 식감이 부드럽다; 바나나색 흰 천; 브랜드 요소 바나나; 바나나 한 다발, 흰색",흰 천 위에 껍질을 벗긴 바나나 한 개를 곁들인 잘 익은 바나나 한 다발.
fruits_nuts_rice,hyperclovax,5025577,1gram,kiwis; slice; neat; separately; source,"A selection of fresh kiwis, including whole and sliced fruit, presented on a wooden cutting board with visible stickers indicating their brand or origin.",키위; 슬라이스; 깔끔한; 별도로; 출처,"통째로 된 것과 썰어 놓은 것을 포함한 신선한 키위들이 나무 도마 위에 담겨 있으며, 브랜드나 원산지를 표시하는 스티커가 붙어 있습니다."
fruits_nuts_rice,hyperclovax,5025577,2gram,arrangement kiwis; board neat; characteristic green; color visible; commercial source,"A selection of fresh kiwis arranged neatly on a wooden board, with one cut open to reveal its juicy interior.",꽃꽂이용 키위; 보드가 깔끔해; 특유의 녹색; 색상 표시; 상업적 출처,나무 판 위에 가지런히 놓인 신선한 키위 몇 개 중 하나는 반으로 잘려 있어 과즙이 가득한 속이 드러나 있다.
fruits_nuts_rice,hyperclovax,5025577,3gram,arrangement kiwis wooden; board neat slice; characteristic green flesh; color kiwis focal; color visible sticker,"A selection of fresh kiwis arranged on a wooden board, with one cut open to reveal their characteristic green flesh and black seeds.",키위 나무 장식; 보드 깔끔한 슬라이스; 특징적인 녹색 과육; 컬러 키위 포컬; 색상이 보이는 스티커,"나무 판 위에 정갈하게 진열된 신선한 키위들 중 하나는 반으로 잘려 있어, 특유의 녹색 과육과 검은 씨앗이 드러나 있다."
fruits_nuts_rice,hyperclovax,5025577,1gram,fruit; kiwi; kiwis; skin; brand,A selection of whole and sliced kiwis with a visible brand label on one of the fruits.,과일; 키위; 키위; 피부; 브랜드,"통키위와 썰어 놓은 키위가 섞여 있으며, 과일 중 하나에는 브랜드 라벨이 선명하게 붙어 있습니다."
fruits_nuts_rice,hyperclovax,5025577,2gram,fruit kiwis; kiwi fruit; appearance natural; arrange wooden; attach kiwi,"A selection of whole and sliced kiwis on a wooden board, featuring a visible brand label.",키위 과일; 키위; 자연스러운 외모; 나무로 정리하다; 키위 첨부,"나무 판 위에 통키위와 썰어 놓은 키위가 담겨 있으며, 브랜드 라벨이 선명하게 보이는 사진."
fruits_nuts_rice,hyperclovax,5025577,3gram,appearance natural coloration; arrange wooden cutting; attach kiwi skin; black seed brand; board plain light,"A selection of fresh kiwis with a natural green and yellow coloration, arranged on a plain wooden cutting board, showcasing their black seeds and the Zespri brand label.",외관 및 자연스러운 색상; 나무 자르기 준비하기; 키위 껍질 붙이기; 블랙 시드 브랜드; 무늬 없는 밝은 색상,"자연스러운 녹색과 노란색을 띤 신선한 키위 몇 개가 심플한 나무 도마 위에 정갈하게 놓여 있으며, 검은 씨와 제스프리(Zespri) 브랜드 라벨이 잘 드러나 있습니다."
fruits_nuts_rice,hyperclovax,5027321,1gram,peach; peak; ripe; imperfection; translucent,"A selection of ripe peaches with a mix of yellow and red hues, resting on a white cloth with green leaves, showcasing their natural imperfections and translucent skin.",복숭아; 정점; 익은; 불완전함; 반투명한,"노란색과 붉은색이 어우러진 잘 익은 복숭아 몇 개가 초록 잎이 흩뿌려진 흰 천 위에 놓여 있으며, 자연스러운 결점과 반투명한 껍질이 돋보입니다."
fruits_nuts_rice,hyperclovax,5027321,2gram,common ripe; contrast peach; crumple slightly; highlight peach; imperfection small,"A collection of ripe peaches with a mix of yellow and red hues, resting on a white cloth with green leaves, showcasing their natural imperfections and vibrant colors.",일반적인 익은; 대비되는 복숭아색; 살짝 구겨지다; 복숭아색 강조; 사소한 결점,"노란색과 붉은색이 어우러진 잘 익은 복숭아들이 녹색 잎사귀가 흩뿌려진 흰 천 위에 놓여 있어, 자연스러운 결점과 생동감 넘치는 색감을 뽐내고 있다."
fruits_nuts_rice,hyperclovax,5027321,3gram,add soft texture; backdrop highlight peach; brown spot common; cloth crumple slightly; common ripe peach,"A collection of ripe peaches with a soft, textured surface and a brown spot, arranged on a white cloth with green leaves, showcasing their natural beauty.","부드러운 질감 더하기; 배경 하이라이트: 복숭아색; 갈색 반점, 흔히 볼 수 있는 현상; 천이 약간 구겨진다; 흔히 볼 수 있는 잘 익은 복숭아","표면이 부드럽고 질감이 살아 있으며 갈색 반점이 있는 잘 익은 복숭아들이, 녹색 잎사귀와 함께 흰 천 위에 정갈하게 놓여 있어 그 자연스러운 아름다움을 뽐내고 있다."
fruits_nuts_rice,hyperclovax,5027321,1gram,peach; natural; beauty; leaf; rounded,"A selection of fresh, ripe peaches with a vibrant mix of red and yellow hues, resting on a white cloth adorned with green leaves, showcasing their natural beauty and freshness.",복숭아; 자연스러운; 아름다움; 잎; 둥근,"생기 넘치는 빨간색과 노란색이 조화를 이룬 신선하고 잘 익은 복숭아들이, 초록 잎사귀로 장식된 흰색 천 위에 놓여 있어 그 자연스러운 아름다움과 신선함을 뽐내고 있다."
fruits_nuts_rice,hyperclovax,5027321,2gram,cloth green; context provide; focus natural; fresh presentation; freshness peach,"A selection of fresh, ripe peaches with a vibrant mix of red and yellow hues, resting on a white cloth with green leaves, showcasing their juicy and appetizing appearance.",초록색 천; 컨텍스트 제공; 포커스 내추럴; 새롭고 신선한 발표; 신선한 복숭아,"생기 넘치는 빨간색과 노란색이 어우러진 신선하고 잘 익은 복숭아들이, 초록 잎사귀가 흩뿌려진 흰 천 위에 놓여 있어, 과즙이 가득하고 식욕을 돋우는 모습을 뽐내고 있다."
fruits_nuts_rice,hyperclovax,5027321,3gram,additional context provide; beauty freshness peach; cloth green leaf; focus natural beauty; fresh presentation peach,"A selection of fresh peaches with a vibrant mix of red and yellow hues, resting on a white cloth adorned with green leaves, showcasing their juicy and ripe appearance.","추가적인 맥락 제공; 아름다움, 상큼함, 복숭아; 천, 녹색 잎; 자연의 아름다움에 집중하다; 신선한 복숭아","생기 넘치는 빨간색과 노란색이 어우러진 신선한 복숭아들이, 초록 잎사귀로 장식된 흰색 천 위에 놓여 있어, 과즙이 가득하고 잘 익은 모습을 뽐내고 있다."
fruits_nuts_rice,hyperclovax,5031442,1gram,banana; yellow; circle; semi; peel,"A wooden plate with sliced bananas arranged in a semi-circle, accompanied by a white plastic fork.",바나나; 노란색; 원; semi; 껍질,"반원 모양으로 배열된 얇게 썬 바나나가 담긴 나무 접시와, 흰색 플라스틱 포크가 곁들여져 있다."
fruits_nuts_rice,hyperclovax,5031442,2gram,blue surface; circle wooden; color brown; cut small; peel cut,A wooden plate with sliced bananas and a white plastic fork on a light blue surface.,"파란색 표면; 원형 나무; 색상: 갈색; 작게 자르기; 껍질 벗기기, 자르기",하늘색 바탕 위에 얇게 썬 바나나가 올려진 나무 접시와 흰색 플라스틱 포크가 놓여 있다.
fruits_nuts_rice,hyperclovax,5031442,3gram,banana ripe bright; blue surface contrast; bright yellow color; circle wooden plate; color brown spot,"A wooden plate with a peeled banana and several banana slices arranged in a semi-circle, accompanied by a white plastic fork.","잘 익은 바나나, 선명한 색; 파란색 표면 대비; 선명한 노란색; 원형 나무 접시; 갈색 반점","껍질을 벗긴 바나나 하나와 반원 모양으로 배열된 바나나 조각 몇 개가 담긴 나무 접시, 그리고 흰색 플라스틱 포크가 곁들여져 있다."
fruits_nuts_rice,hyperclovax,5031442,1gram,banana; plate; fork; yellow; position,A wooden plate with sliced bananas and a white plastic fork on a light blue surface.,바나나; 판; 포크; 노란색; 직위,하늘색 바탕 위에 얇게 썬 바나나가 올려진 나무 접시와 흰색 플라스틱 포크가 놓여 있다.
fruits_nuts_rice,hyperclovax,5031442,2gram,banana plate; banana wooden; banana yellow; eat plain; fork position,A wooden plate with sliced bananas and a white plastic fork on a light blue surface.,바나나 접시; 바나나 나무; 바나나 노란색; 간단하게 먹기; 포크 위치,하늘색 바탕 위에 얇게 썬 바나나가 올려진 나무 접시와 흰색 플라스틱 포크가 놓여 있다.
fruits_nuts_rice,hyperclovax,5031442,3gram,backdrop highlight banana; banana banana yellow; banana wooden plate; banana yellow brown; creamy yellow interior,"A wooden plate with sliced bananas and a white plastic fork, featuring a creamy yellow interior and a brown exterior.","배경에 바나나를 강조; 바나나 바나나 노란색; 바나나 모양 나무 접시; 바나나색, 노란색, 갈색; 크림빛 노란색 인테리어",얇게 썬 바나나가 담긴 나무 접시와 흰색 플라스틱 포크. 접시 안쪽은 크림색을 띠는 노란색이고 바깥쪽은 갈색이다.
fruits_nuts_rice,hyperclovax,5034841,1gram,mandarin; plate; segment; circular; focal,"A plate of mandarins, featuring a mix of whole and halved fruits, set against a plain background.",만다린; 판; 세그먼트; 원형; 초점,단순한 배경 위에 통째로 된 귤과 반으로 자른 귤이 섞여 담긴 귤 한 접시.
fruits_nuts_rice,hyperclovax,5034841,2gram,plate mandarin; color mandarin; interior surface; mandarin cut; mandarin focal,"A white plate filled with whole mandarins and a few cut ones, showcasing their vibrant orange color and textured skin.",접시에 담긴 만다린; 컬러 만다린; 내부 표면; 만다린 컷; 만다린 중심,통 귤과 몇 조각으로 썬 귤이 가득 담긴 흰 접시. 귤의 선명한 주황색과 울퉁불퉁한 껍질이 돋보인다.
fruits_nuts_rice,hyperclovax,5034841,3gram,color arrange circular; color mandarin focal; food product plate; interior surface texture; mandarin cut half,"A plate of mandarins, featuring a mix of whole and halved fruits, arranged in a circular pattern on a plain background.",색상 배열: 원형; 컬러 만다린 포컬; 식품 제품 접시; 내부 표면 질감; 만다린 반으로 자른 것,무늬 없는 배경 위에 통째로 된 귤과 반으로 자른 귤이 섞여 원형으로 배열된 귤 한 접시.
fruits_nuts_rice,hyperclovax,5034841,1gram,orange; blood; bump; noticeable; characterize,"A plate of fresh, whole oranges with one cut open to reveal its juicy interior.",오렌지; 피; 다시 올리기; 눈에 띄는; 특징을 나타내다,신선한 통오렌지 한 접시. 그중 하나는 반으로 잘려 과즙이 가득한 속이 드러나 있다.
fruits_nuts_rice,hyperclovax,5034841,2gram,blood orange; bump small; color orange; especially noticeable; flesh surface,"A plate of fresh, whole oranges with one cut open to reveal its juicy, orange-colored flesh.",블러드 오렌지; bump small; 색상: 주황색; 특히 눈에 띄는; 피부 표면,"신선한 통오렌지 한 접시. 그중 하나는 반으로 잘려 있어, 과즙이 가득한 주황색 과육이 드러나 있다."
fruits_nuts_rice,hyperclovax,5034841,3gram,arrange white plate; blood orange texture; bump small greenish; color orange stand; color slightly reddish,"A plate of fresh, whole oranges with one cut open to reveal its juicy, segmented interior.",흰색 접시 배치하기; 블러드 오렌지의 식감; 작고 녹색을 띤 혹; 주황색 스탠드; 약간 붉은빛이 도는 색,신선한 통오렌지 한 접시. 그중 하나는 반으로 잘려 있어 과즙이 가득한 껍질 조각들이 드러나 있다.
fruits_nuts_rice,hyperclovax,5035954,1gram,blueberry; bowl; freshness; brim; marble,"Two clear glass bowls filled with fresh blueberries, placed on a marble surface, with a few mint leaves scattered around.",블루베리; 그릇; 신선함; 테두리; 대리석,"신선한 블루베리로 가득 찬 투명한 유리 그릇 두 개가 대리석 상판 위에 놓여 있고, 그 주위에는 민트 잎 몇 장이 흩어져 있다."
fruits_nuts_rice,hyperclovax,5035954,2gram,2 transparent; appeal arrangement; blue berry; bowl add; bowl fill,"Two transparent glass bowls filled with fresh blueberries, garnished with mint leaves, arranged on a marble surface.",2 투명; 항소 절차; 블루베리; 그릇에 담기; 그릇 채우기,신선한 블루베리로 가득 채워진 투명한 유리 그릇 두 개에 민트 잎을 곁들여 대리석 위에 차려 놓았다.
fruits_nuts_rice,hyperclovax,5035954,3gram,2 transparent glass; add touch green; arrange 2 transparent; blue berry focus; blueberry highlight freshness,"Two transparent glass bowls filled with fresh blueberries, accompanied by mint leaves, arranged on a marble surface.",투명한 유리 2개; 터치 그린 추가; 투명한 것 2개를 배치하세요; 블루베리 포커스; 블루베리의 신선함을 돋보이게 하다,신선한 블루베리로 가득 채워진 투명한 유리 그릇 두 개와 민트 잎이 함께 대리석 위에 놓여 있다.
fruits_nuts_rice,hyperclovax,5035954,1gram,yogurt; blueberry; bowl; dark; scalloped,"A bowl of yogurt topped with fresh blueberries and mint leaves, served on a white plate.",요구르트; 블루베리; 그릇; 어두운; 스캘럽 무늬,흰 접시에 담긴 요거트 한 그릇 위에 신선한 블루베리와 민트 잎을 얹은 요리.
fruits_nuts_rice,hyperclovax,5035954,2gram,yogurt blueberry; blueberry bowl; blueberry glass; bowl dark; bowl yogurt,"A glass bowl filled with creamy white yogurt topped with fresh blueberries and mint leaves, accompanied by a clear glass bowl filled with additional blueberries, all set against a textured gray surface.",블루베리 요거트; 블루베리 그릇; 블루베리 유리; 어두운 그릇; 그릇에 담긴 요거트,"크리미한 흰색 요거트가 가득 담긴 유리 그릇 위에 신선한 블루베리와 민트 잎이 올려져 있고, 그 옆에는 블루베리가 더 담긴 투명한 유리 그릇이 놓여 있으며, 이 모든 것이 질감이 느껴지는 회색 바탕 위에 배치되어 있다."
fruits_nuts_rice,hyperclovax,5035954,3gram,backdrop emphasize food; blue blueberry mint; blueberry blueberry glass; blueberry bowl white; blueberry glass bowl,"A glass bowl filled with creamy white yogurt topped with fresh blueberries and mint leaves, accompanied by a clear glass bowl of additional blueberries, set against a textured gray surface.","배경으로 음식을 돋보이게 하다; 블루 블루베리 민트; 블루베리 블루베리 유리잔; 블루베리 그릇, 흰색; 블루베리 유리 그릇","크리미한 흰색 요거트가 가득 담긴 유리 그릇 위에 신선한 블루베리와 민트 잎이 올려져 있고, 그 옆에는 블루베리가 더 담긴 투명한 유리 그릇이 놓여 있으며, 이 모든 것이 질감이 느껴지는 회색 바탕 위에 배치되어 있다."
fruits_nuts_rice,hyperclovax,5036748,1gram,kiwi; kiwis; fruit; package; available,"A package of kiwi fruit with a clear plastic container and a green and yellow label, featuring an image of a sliced kiwi and the text ""Kiwifruit"" and ""Zestri"" on the label.",키위; 키위; 과일; 패키지; 이용 가능,"투명한 플라스틱 용기에 담긴 키위 한 팩으로, 용기에는 녹색과 노란색 라벨이 붙어 있으며, 라벨에는 썰어 놓은 키위 그림과 “Kiwifruit”, “Zestri”라는 문구가 적혀 있습니다."
fruits_nuts_rice,hyperclovax,5036748,2gram,kiwi fruit; available kiwi; brown fuzzy; commercially available; eat kiwis,"A package of kiwi fruit with a clear plastic container and a green and yellow label, featuring an image of a sliced kiwi and the text ""Kiwifruit"" and ""Zestri"" on the label.",키위; 구입 가능한 키위; 갈색이고 보송보송한; 시중에서 구할 수 있는; 키위를 먹다,"투명한 플라스틱 용기에 담긴 키위 한 팩으로, 용기에는 녹색과 노란색 라벨이 붙어 있으며, 라벨에는 썰어 놓은 키위 그림과 “Kiwifruit”, “Zestri”라는 문구가 적혀 있습니다."
fruits_nuts_rice,hyperclovax,5036748,3gram,available kiwi fruit; brown fuzzy surface; commercially available kiwi; cut half yellow; eat kiwis plate,"A package of kiwi fruit with a green and yellow label, featuring an image of a sliced kiwi and the text ""Kiwifruit"" and ""Zestri"", is displayed alongside a plate with three whole kiwis and one cut half, highlighting the product's fresh and appealing presentation.",구입 가능한 키위; 갈색이고 보송보송한 표면; 시중에서 판매되는 키위; 노란색을 반으로 자르세요; 키위 한 접시,"녹색과 노란색 라벨이 붙은 키위 한 팩에는 썰어 놓은 키위 이미지와 “Kiwifruit”, “Zestri”라는 문구가 적혀 있으며, 이 제품은 통키위 3개와 반으로 자른 키위 1개가 담긴 접시 옆에 진열되어 있어 제품의 신선하고 매력적인 모습을 돋보이게 하고 있다."
fruits_nuts_rice,hyperclovax,5036748,1gram,kiwis; kiwi; sliced; container; label,"A package of kiwis with a yellow and green label and a clear plastic container holding several kiwis, accompanied by a plate of sliced kiwis.",키위; 키위; 얇게 썬; 컨테이너; 라벨,"노란색과 녹색 라벨이 붙은 키위 한 팩과, 키위 몇 개가 들어 있는 투명한 플라스틱 용기, 그리고 얇게 썬 키위가 담긴 접시가 함께 놓여 있다."
fruits_nuts_rice,hyperclovax,5036748,2gram,sliced kiwi; appeal color; arrange neatly; bright appeal; container whole,"A package of sliced kiwi fruit by Zespri, arranged neatly in a transparent container with a bright yellow and green label, and a plate with whole and sliced kiwi on it.",얇게 썬 키위; 매력적인 색상; 깔끔하게 정리하다; 눈에 띄는 매력; 컨테이너 전체,"Zespri 브랜드의 얇게 썬 키위 한 팩이 밝은 노란색과 초록색 라벨이 붙은 투명한 용기에 가지런히 담겨 있고, 그 옆에는 통키위와 얇게 썬 키위가 담긴 접시가 놓여 있다."
fruits_nuts_rice,hyperclovax,5036748,3gram,appeal color scheme; arrange neatly container; brand zespri product; bright appeal color; container whole kiwis,Zespri brand whole kiwis in a clear plastic container with a bright yellow and green color scheme.,매력적인 색상 조합; 용기를 깔끔하게 정리하다; 제스프리 브랜드 제품; 화사한 색감; 통째로 들어 있는 키위,Zespri 브랜드의 통키위가 밝은 노란색과 녹색을 주조색으로 한 투명한 플라스틱 용기에 담겨 있습니다.
fruits_nuts_rice,hyperclovax,5038123,1gram,grape; bunch; dark; separate; moisture,"A bunch of dark purple grapes with a fresh, moist appearance, presented on a white plate.",포도; 한 묶음; 어두운; 별도의; 수분,"흰 접시 위에 담겨 있는, 싱싱하고 촉촉해 보이는 짙은 보라색 포도 한 송이."
fruits_nuts_rice,hyperclovax,5038123,2gram,bunch grape; grape dark; grape slightly; grape smooth; indicate moisture,"A bunch of dark purple grapes with a slight sheen, suggesting moisture, resting on a white plate.",송이 포도; 짙은 포도색; 포도를 살짝; 포도 스무디; 습기를 나타내다,수분이 가득한 듯한 은은한 광택을 띤 짙은 보라색 포도 한 송이가 흰 접시 위에 놓여 있다.
fruits_nuts_rice,hyperclovax,5038123,3gram,arrange loose cluster; bunch grape grape; bunch grape smooth; glossy surface suggest; grape dark purple,"A bunch of dark purple grapes with a glossy surface, presented on a white plate.","흩어진 클러스터 정리하기; 송이 포도 포도; 송이 포도, 부드러운; 광택 있는 표면은 ~를 암시한다; 포도, 짙은 보라색",광택이 나는 표면의 짙은 보라색 포도 한 송이가 흰 접시 위에 담겨 있다.
fruits_nuts_rice,hyperclovax,5038123,1gram,grape; dark; bunch; lie; rich,A cluster of dark purple grapes with a few individual grapes scattered on a light gray surface.,포도; 어두운; 한 묶음; 거짓말; 부유한,"밝은 회색 바탕 위에 짙은 보라색 포도 송이가 놓여 있고, 그 주변에 포도 알갱이 몇 개가 흩어져 있다."
fruits_nuts_rice,hyperclovax,5038123,2gram,dark color; bunch dark; bunch plain; front bunch; grape lie,A bunch of dark purple grapes with a few individual grapes scattered on a light gray surface.,어두운 색; 어두운 무리; 무늬 없는 한 묶음; 선두 그룹; 포도 거짓말,밝은 회색 바탕 위에 짙은 보라색 포도 한 송이와 흩어져 있는 몇 알의 포도가 있다.
fruits_nuts_rice,hyperclovax,5038123,3gram,arrange cluster individual; bunch dark purple; bunch plain light; dark purple grape; focal point grape,"A cluster of dark purple grapes with individual grapes scattered below, highlighting their glossy texture and rich color.",클러스터 개별 배열; 짙은 보라색 한 다발; 무지 밝은 묶음; 짙은 보라색 포도; 주요 품종 포도,"짙은 보라색 포도송이와 그 아래 흩어져 있는 개별 포도알들이, 윤기 나는 질감과 진한 색감을 돋보이게 한다."
fruits_nuts_rice,hyperclovax,5045631,1gram,flavor; box; day; hbaf; week,"A box of HBAF 6-weeks monthly snack packs, featuring a variety of nuts and dried fruits arranged by day of the week, with a focus on health and convenience.",풍미; 상자; 날; hbaf; 주,"건강과 편의성을 중점으로, 요일별로 다양한 견과류와 말린 과일이 구성되어 있는 HBAF 6주 분량 월간 간식 팩 한 상자입니다."
fruits_nuts_rice,hyperclovax,5045631,2gram,day week; 6weeks mon to sun; arrangement organize; bar packaging; blue white,"A box of HBAF 6-weeks Mon to Sun snack bars, featuring a variety of nuts and dried fruits arranged in a colorful, weekly pattern on the packaging.","일, 주; 6주, 월요일부터 일요일까지; 준비, 조직; 바 포장; 파란색, 흰색",다양한 견과류와 말린 과일이 포장지에 알록달록한 주간 패턴으로 배열된 HBAF 6주분(월~일) 스낵바 한 상자입니다.
fruits_nuts_rice,hyperclovax,5045631,3gram,6weeks mon to sun indicate; arrangement organize grid; bar packaging large; blue white color; box blue white,"A box of HBAF 6-weeks Mon to Sun snack bars arranged in a grid pattern, featuring a blue and white color scheme with various nuts and dried fruits, and each day of the week is labeled on the packaging.","6주 동안 월요일부터 일요일까지 표시; 배치, 정리, 격자; 바 포장 (대용량); 파란색과 흰색; 상자 파란색 흰색","HBAF 6주분(월~일) 스낵바가 격자 모양으로 배열된 상자로, 파란색과 흰색을 주색상으로 하며 다양한 견과류와 말린 과일이 들어 있고, 포장지에는 요일별로 날짜가 표기되어 있습니다."
fruits_nuts_rice,hyperclovax,5045631,1gram,bar; nutritional; snack; text; variety,"A selection of pre-packaged snack bars from the brand HBAF, each labeled with the days of the week and featuring a variety of nuts and dried fruits, presented in a visually appealing arrangement on a textured gray surface.",바; 영양; 간식; 텍스트; 다양성,"HBAF 브랜드의 미리 포장된 스낵바 모음으로, 각 제품에는 요일이 표기되어 있으며 다양한 견과류와 말린 과일이 들어 있습니다. 이 제품들은 질감이 느껴지는 회색 바탕 위에 시각적으로 매력적인 배열로 진열되어 있습니다."
fruits_nuts_rice,hyperclovax,5045631,2gram,snack bar; 120kcal bar; 20g protein; 6weeks indicate; bar brand,"A selection of snack bars from the brand HBAF, each labeled with 'THU', 'TUE', and 'WED', showcasing a variety of nuts and dried fruits, with a total of 6 weeks' worth of options.",스낵바; 120kcal 바; 단백질 20g; 6주는 다음을 의미합니다; 바 브랜드,"HBAF 브랜드의 스낵바 모음으로, 각 제품에는 ‘THU’, ‘TUE’, ‘WED’라고 표시되어 있으며, 다양한 견과류와 말린 과일이 들어 있어 총 6주 분량의 선택지를 제공합니다."
fruits_nuts_rice,hyperclovax,5045631,3gram,120kcal bar brand; 20g protein 120kcal; 6weeks indicate weekly; bar brand hbaf; bar individually package,"A selection of pre-packaged energy bars from the brand HBAF, each labeled with the day of the week and containing a total of 120kcal per bar, with a variety of nuts and dried fruits. The bars are individually packaged in white and green boxes, and the packaging also features a blue box with the text ""6 weeks"" and ""Mon to Sun,"" indicating a weekly schedule.","120kcal 바 브랜드; 단백질 20g, 120kcal; 6weeks는 매주임을 나타냅니다; 바 브랜드 hbaf; 바를 개별 포장","HBAF 브랜드의 미리 포장된 에너지 바 세트로, 각 바에는 요일이 표기되어 있으며, 한 개당 총 120kcal를 함유하고 있고 다양한 견과류와 말린 과일이 들어 있습니다. 이 바들은 흰색과 녹색 상자에 개별 포장되어 있으며, 포장지에는 “6주”와 “월~일”이라는 문구가 적힌 파란색 상자가 함께 표시되어 있어 주간 일정을 나타냅니다."
fruits_nuts_rice,hyperclovax,5048547,1gram,rice; type; package; attire; person,"A large red package of rice labeled ""여주쌀"" (Yeoju Rice) with a 10kg weight, featuring a decorative design and a person illustration, is displayed on a plain background.",쌀; 유형; 패키지; 복장; 사람,"‘여주쌀’이라고 적힌 10kg짜리 커다란 빨간 쌀 포장지가, 장식적인 디자인과 사람 일러스트가 그려진 채로 단색 배경 위에 놓여 있다."
fruits_nuts_rice,hyperclovax,5048547,2gram,rice visible; 10kg clearly; accent large; attire text; brand type,"A large red package of rice labeled ""여주쌀"" (Yeoju Rice) with a 10kg weight, featuring a decorative design and a small illustration of a person in traditional attire, is displayed on a plain background.","쌀이 보인다; 10kg, 확실히; 큰 글씨체; 의상 설명; 브랜드 유형","‘여주쌀’이라고 적힌 10kg짜리 커다란 빨간 쌀 포장지가, 장식적인 디자인과 전통 의상을 입은 사람의 작은 일러스트가 그려진 채, 단색 배경 위에 놓여 있다."
fruits_nuts_rice,hyperclovax,5048547,3gram,10kg clearly mark; accent large illustration; attire text package; bottom package plain; brand type rice,A large red package of 10kg rice with a decorative illustration and text indicating it is a premium product from the brand '여주쌀' (Yeoju Rice).,"10kg, 명확히 표시; 강조된 대형 삽화; 의상 텍스트 패키지; 하단 패키지 무지; 브랜드별 쌀","‘여주쌀’ 브랜드의 프리미엄 제품임을 나타내는 장식용 일러스트와 문구가 인쇄된, 10kg짜리 커다란 빨간 쌀 포장지."
fruits_nuts_rice,hyperclovax,5048547,1gram,rice; grain; white; ceramic; spill,A bowl of white rice with grains spilled on the surface.,쌀; 곡물; 흰색; 세라믹; 유출,표면에 쌀알이 흩뿌려진 흰 쌀밥 한 그릇.
fruits_nuts_rice,hyperclovax,5048547,2gram,ceramic bowl; context object; green ceramic; bowl indicate; freshly pour,"A bowl of white rice with a few grains spilled on the surface, presented in a clean, minimalist setting.",도자기 그릇; 컨텍스트 객체; 녹색 도자기; 그릇은 ~을 나타낸다; 갓 따라낸,"표면에 쌀알 몇 알이 흩뿌려진 흰 쌀밥 한 그릇이, 깔끔하고 미니멀한 분위기 속에서 담겨 있다."
fruits_nuts_rice,hyperclovax,5048547,3gram,additional context object; arrange light green; ceramic bowl grain; green ceramic bowl; light green ceramic,"Light green ceramic bowl filled with white rice grains, with a few grains spilled on the surface.",추가 컨텍스트 객체; 연두색을 배치하세요; 세라믹 그릇 곡물; 초록색 도자기 그릇; 연두색 도자기,"연두색 도자기 그릇에 흰 쌀알이 가득 담겨 있고, 표면에는 쌀알 몇 알이 쏟아져 있다."
fruits_nuts_rice,hyperclovax,5048580,1gram,grape; pack; pick; tightly; green,"A close-up of a bunch of green grapes, fresh and tightly packed, with a natural, unprocessed appearance.",포도; 팩; 선택; 단단히; 초록색,"신선하고 빽빽하게 뭉쳐 있는 녹색 포도 한 송이의 클로즈업 사진으로, 가공되지 않은 자연스러운 모습을 담고 있다."
fruits_nuts_rice,hyperclovax,5048580,2gram,attach top; cluster leaf; pack cluster; pick neutral; tightly pack,"A close-up of a fresh green grape cluster with a smooth, round texture, set against a neutral background.",맨 위에 첨부; 클러스터 리프; 팩 클러스터; 중립을 선택하세요; 꽉 채우다,"중성적인 배경을 배경으로, 매끄럽고 둥근 질감을 지닌 싱싱한 녹색 포도 송이의 클로즈업 사진."
fruits_nuts_rice,hyperclovax,5048580,3gram,attach top suggest; cluster leaf attach; freshly pick neutral; freshness tightly pack; grey surface contrast,"A close-up of a fresh, green bunch of grapes with a grey surface background, showcasing their vibrant color and tightly packed arrangement.",상단에 첨부하기 제안하기; 클러스터 리프 부착; 갓 따온 중성; 신선함을 그대로 담아 꽉 채워 포장; 회색 표면의 명암 대비,"회색 배경 위에 놓인 싱싱하고 푸른 포도 송이의 클로즈업 사진으로, 포도의 생생한 색감과 빽빽하게 뭉쳐 있는 모습이 잘 드러나 있습니다."
fruits_nuts_rice,hyperclovax,5048580,1gram,grape; green; plate; reflect; seedless,"A plate of green, seedless grapes with a smooth, shiny surface.",포도; 초록색; 판; 반영하다; 씨 없는,"표면이 매끄럽고 윤기 나는, 씨 없는 초록색 포도 한 접시."
fruits_nuts_rice,hyperclovax,5048580,2gram,2 cluster; grape neutral; grape scatter; grape vibrant; green seedless,"A plate of green seedless grapes, likely a variety such as 'neutral' or 'vibrant,' displayed in a cluster with a few individual grapes scattered around.",2개 클러스터; 포도 중성; 포도 흩뿌리기; 생기 넘치는 포도; 녹색 씨 없는,"‘뉴트럴’이나 ‘바이브런트’와 같은 품종으로 보이는 씨 없는 녹색 포도 한 접시가, 송이 모양으로 진열되어 있고 그 주위에 몇 알의 포도가 흩어져 있다."
fruits_nuts_rice,hyperclovax,5048580,3gram,2 cluster white; arrange 2 cluster; cluster white plate; color grape vibrant; food product green,"A plate of green grapes with a vibrant color, showcasing a fresh and appealing bunch.","2 클러스터 화이트; 2개의 클러스터 구성; 클러스터 화이트 접시; 생동감 넘치는 포도색; 식품, 친환경","생기 넘치는 색감을 띤 녹색 포도 한 접시로, 신선하고 매력적인 포도 송이가 돋보입니다."
fruits_nuts_rice,hyperclovax,5049631,1gram,melon; korean; pattern; plate; rind,"A plate of halved cantaloupe melons and slices, featuring a striped pattern on the rind, presented on a white surface.",멜론; 한국어; 패턴; 판; 껍질,껍질에 줄무늬가 있는 캔탈루프 멜론을 반으로 자른 것과 얇게 썬 조각들이 담긴 접시가 흰색 바탕 위에 놓여 있다.
fruits_nuts_rice,hyperclovax,5049631,2gram,korean melon; beige plate; cantaloupe round; color korean; color strip,"A beige plate featuring sliced cantaloupe and whole cantaloupes, highlighting their vibrant orange and yellow striped patterns.",한국 멜론; 베이지색 접시; 둥근 멜론; 색상 (한국어); 색상 스트립,"얇게 썬 캔탈루프와 통째로 놓인 캔탈루프가 담긴 베이지색 접시로, 과일의 선명한 주황색과 노란색 줄무늬가 돋보입니다."
fruits_nuts_rice,hyperclovax,5049631,3gram,add soft contrast; arrange light beige; beige plate cut; cantaloupe round yellow; color korean melon,"A plate of sliced cantaloupe on a light beige background, featuring round, yellow-orange fruits with visible seeds and a soft, contrasting texture.",은은한 대비 추가하기; 밝은 베이지색 배열하기; 베이지색 접시 자르기; 둥근 노란색 멜론; 색깔: 한국 멜론,"밝은 베이지색 배경 위에 얇게 썬 캔탈루프 한 접시가 놓여 있으며, 씨앗이 선명하게 드러난 둥근 노란색과 주황색의 과육이 부드러운 질감과 대비를 이루고 있다."
fruits_nuts_rice,hyperclovax,5049631,1gram,melon; korean; pattern; orange; cantaloupe,Three halved cantaloupes with visible seeds and a plate of sliced cantaloupe pieces on a white surface.,멜론; 한국어; 패턴; 오렌지; 캔탈루프,하얀 바탕 위에 씨가 보이는 반으로 자른 멜론 세 개와 얇게 썬 멜론 조각이 담긴 접시가 놓여 있다.
fruits_nuts_rice,hyperclovax,5049631,2gram,korean melon; color cantaloupe; color oval; countertop provide; dark orange,"Three slices of a light yellow cantaloupe on a white plate, with two whole cantaloupes beside them.",한국 멜론; 색상: 캔탈루프; 색상 타원형; 조리대 제공; 짙은 주황색,"하얀 접시 위에 연한 노란색 칸탈루프 3조각이 놓여 있고, 그 옆에는 통째로 된 칸탈루프 두 개가 놓여 있다."
fruits_nuts_rice,hyperclovax,5049631,3gram,arrange light color; backdrop highlight vibrant; color oval plate; countertop provide neutral; dark orange smooth,Three yellow striped melons and slices of a white melon on a light-colored oval plate.,"밝은 색상 배치; 배경, 생동감 넘치는 하이라이트; 색상 타원형 접시; 조리대는 중성적인 색상을 연출합니다; 짙은 주황색, 매끄러운",밝은 색의 타원형 접시 위에 노란 줄무늬가 있는 멜론 세 개와 흰색 멜론 조각들이 놓여 있다.
fruits_nuts_rice,hyperclovax,5051031,1gram,domestic; label; origin; brand; 100percent,"A 4kg bag of domestic, 100% whole grain rice with a label indicating it is a product of Korea.",국내; 라벨; 출처; 브랜드; 100퍼센트,"한국산 100% 현미 4kg 봉지로, 제품 라벨에 ‘한국산’이라고 표시되어 있습니다."
fruits_nuts_rice,hyperclovax,5051031,2gram,100percent domestic; 4kg brand; agricultural origin; bag rice; base partial,"A 4kg bag of domestic rice labeled ""Lion"" with the text ""Sesame Flower Rice"" and ""100% domestic"" printed on it.",100% 국산; 4kg 브랜드; 농업적 기원; 봉지밥; 기본 부분,"“Lion”이라는 상표가 붙어 있고, “참깨꽃밥” 및 “100% 국산”이라는 문구가 인쇄된 4kg짜리 국산 쌀 봉지."
fruits_nuts_rice,hyperclovax,5051031,3gram,100percent domestic weight; 4kg brand fully; agricultural origin text; bag rice packaging; base partial text,"A 4kg bag of domestic rice labeled ""Lion"" with the text ""삶아온 완전화 고시하리"" (cooked white rice) and an illustration of rice workers.",100% 국내산; 4kg 브랜드 제품 전체; 농업 관련 원문; 봉지 쌀 포장; 기본 부분 텍스트,"“Lion”이라는 상표가 붙어 있고, “삶아온 완전화 고시하리”라는 문구와 쌀 농부들의 일러스트가 그려진 4kg짜리 국산 쌀 봉지."
fruits_nuts_rice,hyperclovax,5051031,1gram,pot; rice; glass; pour; action,A clear glass bowl is being used to pour white rice into a pot.,냄비; 쌀; 유리; 붓다; 액션,투명한 유리 그릇을 이용해 흰 쌀을 냄비에 담고 있다.
fruits_nuts_rice,hyperclovax,5051031,2gram,rice pot; glass bowl; rice rice; action pour; bowl hold,"A hand pours white rice from a glass bowl into a pot, filling it with uncooked rice.",밥솥; 유리 그릇; 쌀 쌀; action pour; 볼 홀드,"한 손이 유리 그릇에서 흰 쌀을 냄비로 퍼 넣으며, 냄비를 생쌀로 채우고 있다."
fruits_nuts_rice,hyperclovax,5051031,3gram,action pour rice; additional context information; beige color white; bowl hold pot; bowl pot create,"A hand pours white rice from a clear glass bowl into a beige pot, filling it to the brim.","라이스용 액션; 추가적인 배경 정보; 베이지색, 흰색; 그릇 모양의 화분; 그릇 만들기","한 손이 투명한 유리 그릇에서 흰 쌀을 베이지색 냄비로 퍼 넣으며, 냄비를 가장자리에 닿을 정도로 가득 채운다."
fruits_nuts_rice,hyperclovax,5051038,1gram,bag; rice; white; 백진주 쌀; uncooke,"A 10kg bag of white rice labeled ""백진주"" (Baek Jinju) with a design featuring an oyster shell and a circular motif, accompanied by a small bowl of rice.",가방; 쌀; 흰색; 백진주 쌀; uncooke,"“백진주”라고 적힌 10kg짜리 백미 봉지로, 봉지에는 굴 껍데기와 원형 문양이 그려져 있으며, 그 옆에는 작은 밥그릇이 놓여 있다."
fruits_nuts_rice,hyperclovax,5051038,2gram,white red; bag white; 4kg rice; beige label; bottom additional,"A 10kg bag of rice labeled ""백진주"" (white rice) with a design featuring an oyster shell and a red seal, accompanied by a small bowl of rice.","흰색 빨간색; 가방, 흰색; 쌀 4kg; 베이지 라벨; 하단 추가","굴 껍데기와 빨간 도장이 그려진 “백진주”(백미)라고 적힌 10kg짜리 쌀 한 포대와, 그 옆에 작은 밥그릇이 놓여 있다."
fruits_nuts_rice,hyperclovax,5051038,3gram,4kg rice bag; additional text white; bag texture surface; bag white circular; bag white uncooke,"A 10kg bag of rice labeled ""백진주"" (white rice) with a design featuring an oyster shell and a circular white pattern, accompanied by a small bowl of rice on a textured gray surface.",4kg 쌀 봉지; 추가 텍스트 흰색; 가방의 질감 표면; 흰색 원형 가방; 백색 미조리 가방,"“백진주”(백미)라고 적힌 10kg짜리 쌀 포대로, 굴 껍데기와 둥근 흰 무늬가 그려져 있으며, 질감이 느껴지는 회색 바탕 위에 작은 밥그릇이 놓여 있다."
fruits_nuts_rice,hyperclovax,5051038,1gram,rice; grain; white; spill; pour,A bowl of white rice with some grains spilled on the surface.,쌀; 곡물; 흰색; 유출; 붓다,표면에 쌀알 몇 알이 흩뿌려진 흰 쌀밥 한 그릇.
fruits_nuts_rice,hyperclovax,5051038,2gram,spill surface; bowl indicate; freshly pour; pour plain; rice freshly,"A bowl of white rice with some grains spilled on the surface, showcasing its fresh and clean appearance.",유출 면적; 그릇은 ~을 나타낸다; 갓 따라낸; 일반으로 붓기; 갓 지은 밥,"표면에 쌀알 몇 알이 흩어져 있는 흰 쌀밥 한 그릇으로, 신선하고 깔끔한 모습을 뽐내고 있다."
fruits_nuts_rice,hyperclovax,5051038,3gram,grain spill surface; spill surface bowl; bowl indicate rice; emphasize rice focus; freshly pour plain,A bowl of white rice with some grains spilled on a plain surface.,곡물 유출 면적; 유출 방지 표면 그릇; 그릇은 밥을 나타냅니다; 쌀에 중점을 두다; 갓 따라낸 순수한,"평평한 표면 위에 흰 쌀밥 한 그릇이 놓여 있고, 쌀알 몇 알이 쏟아져 있다."
fruits_nuts_rice,hyperclovax,5052626,1gram,nut; hazelnut; seed; almond; walnut,"A pair of packaged nuts, specifically hazelnuts and almonds, with the text ""It's Real Seven"" on the packaging, indicating a brand name.",너트; 헤이즐넛; 씨앗; 아몬드; 호두,"포장된 견과류 한 쌍으로, 구체적으로는 헤이즐넛과 아몬드이며, 포장지에 브랜드명을 나타내는 “It's Real Seven”이라는 문구가 적혀 있다."
fruits_nuts_rice,hyperclovax,5052626,2gram,nut seed; walnut hazelnut; almond walnut; include almond; 2 small,"A package of ""It's Real Seven"" nut seed snacks, featuring almonds and walnuts, is displayed with two open packets on a light gray surface.","견과류 씨앗; 호두, 헤이즐넛; 아몬드, 호두; 아몬드 포함; 작은 것 2개",아몬드와 호두가 들어간 “It's Real Seven” 견과류 스낵 한 팩이 밝은 회색 바탕 위에 개봉된 두 봉지와 함께 진열되어 있다.
fruits_nuts_rice,hyperclovax,5052626,3gram,almond walnut hazelnut; include almond walnut; 2 small resealable; appeal natural earthy; box nut seed,"A pair of resealable snack bags labeled ""It's Real Seven"" containing a mix of almonds and walnuts, presented in a natural, earthy packaging design.","아몬드, 호두, 헤이즐넛; 아몬드와 호두 포함; 재밀봉 가능한 작은 봉지 2개; 매력적이고 자연스러운, 소박한; 상자, 견과류, 씨앗","“It's Real Seven”이라는 라벨이 붙은 재밀봉 가능한 스낵 봉지 2개로, 아몬드와 호두가 섞여 있으며, 자연스럽고 소박한 느낌의 포장 디자인으로 제작되었습니다."
fruits_nuts_rice,hyperclovax,5052626,1gram,yogurt; packaging; content; text; gray,"A package of ""It's Real Seven"" nut and yogurt bars, featuring almonds and pecans, with a light gray background and visible text indicating the product's contents and brand.",요구르트; 포장; 내용; 텍스트; 회색,"아몬드와 피칸이 들어간 “It's Real Seven” 견과류 요거트 바 한 팩으로, 연회색 배경 위에 제품 내용물과 브랜드명이 선명하게 표시되어 있다."
fruits_nuts_rice,hyperclovax,5052626,2gram,text packaging; light gray; 20g serve; bold letter; content include,"A package of ""It's Real Seven"" nut and yogurt bars, featuring almonds and walnuts, with a light gray background and a 20g serving size, prominently displayed on a textured surface.",텍스트 배열; 밝은 회색; 1회 제공량 20g; 굵은 글씨; 내용에는 다음이 포함됩니다.,"아몬드와 호두가 들어간 “It's Real Seven” 견과류 요거트 바 한 팩으로, 연회색 배경에 20g 분량이 질감이 느껴지는 표면에 눈에 띄게 표시되어 있다."
fruits_nuts_rice,hyperclovax,5052626,3gram,20g serve size; almond walnut white; arrange light gray; bold letter follow; clear window reveal,"A package of ""It's Real Seven"" nut and yogurt bars, featuring almonds and walnuts, with a 20g serving size, presented on a light gray background.","1회 제공량 20g; 아몬드, 호두, 화이트; 밝은 회색으로 배열하기; 굵은 글씨로 표시된 다음 내용; 투명한 창문 테두리","아몬드와 호두가 들어간 “It's Real Seven” 견과류 요거트 바 한 팩으로, 1회 제공량 20g이며, 밝은 회색 배경 위에 배치되어 있다."
fruits_nuts_rice,hyperclovax,5053663,1gram,rice; green; product; white; cooking,"A large package of purple rice labeled ""OKRICE"" with a small bowl of rice in the background, featuring the text ""쌀을 여는 맛"" (The Taste That Opens Rice) and ""10kg"" indicating the weight.",쌀; 초록색; 제품; 흰색; 요리,"배경에 작은 밥그릇이 놓여 있고, “OKRICE”라고 적힌 보라색 쌀 대용량 포장지에 “쌀을 여는 맛”이라는 문구와 중량을 나타내는 “10kg”이 표기되어 있다."
fruits_nuts_rice,hyperclovax,5053663,2gram,white green; 10kg bottom; bowl text; brand ok라이스센터; design large,"A large purple package of rice labeled ""ok라이스센터"" with a 10kg weight, accompanied by a wooden spoon filled with rice in a small bowl.","흰색, 초록색; 10kg 바닥; 그릇 속 글; 브랜드 오크라이스센터; 디자인 (대형)","“오크라이스센터”라고 적힌 10kg짜리 커다란 보라색 쌀 포장지와, 작은 그릇에 담긴 쌀이 가득한 나무 숟가락이 함께 놓여 있다."
fruits_nuts_rice,hyperclovax,5053663,3gram,10kg bottom package; arrangement product prominently; bottom package surface; bowl rice left; bowl text packaging,"A 10kg package of purple rice with a wooden spoon and a bowl of rice on a light gray surface, labeled ""OKRICE"" and ""10kg"" with a website link.",10kg 하단 포장; 해당 상품을 눈에 띄게 배치; 패키지 하단면; 밥 그릇에 남은 밥; 그릇 텍스트 포장,"밝은 회색 바탕 위에 나무 숟가락과 밥 한 그릇이 놓인 10kg짜리 보라색 쌀 포장지로, “OKRICE”와 “10kg”이라는 문구와 웹사이트 링크가 표시되어 있다."
fruits_nuts_rice,hyperclovax,5053663,1gram,rice; variety; commonly; cuisine; measure,"A bowl of white rice with a wooden scoop resting on it, ready for cooking or serving.",쌀; 다양성; 일반적으로; 요리; 측정,"솥에 얹혀 있는 나무 국자가 놓인 흰 쌀밥 한 그릇으로, 요리하거나 내어놓을 준비가 되어 있다."
fruits_nuts_rice,hyperclovax,5053663,2gram,rice rice; white rice; bowl uncooked; commonly cuisine; cuisine world,A bowl of uncooked white rice with a wooden scoop resting on it.,쌀 쌀; 흰쌀; 생으로 담은 그릇; 일반적인 요리; 요리의 세계,생쌀 한 그릇 위에 나무 국자가 놓여 있다.
fruits_nuts_rice,hyperclovax,5053663,3gram,bowl uncooked smooth; commonly cuisine world; distract rice rice; freshly wash grain; measure rice plain,"A bowl of uncooked white rice with a wooden measuring scoop resting on it, ready for cooking or serving.",그릇에 담긴 익히지 않은 부드러운; 세계 각국의 대표적인 요리; 주의를 분산시키다 쌀 쌀; 갓 씻은 곡물; 쌀을 계량해 주세요 (물 없이),"생흰쌀 한 그릇 위에 나무 계량 스쿱이 놓여 있어, 곧 조리하거나 담을 준비가 되어 있다."
fruits_nuts_rice,hyperclovax,5056014,1gram,peach; natural; brownish; composition; hint,"A selection of ripe peaches arranged on a rustic wooden board, showcasing their vibrant yellow and reddish hues, with a few leaves adding a touch of freshness.",복숭아; 자연스러운; 갈색을 띤; 작품; 힌트,"소박한 나무 판 위에 정성스럽게 진열된 잘 익은 복숭아들이 선명한 노란색과 붉은빛을 뽐내고 있으며, 몇 장의 잎사귀가 싱그러움을 더해주고 있다."
fruits_nuts_rice,hyperclovax,5056014,2gram,brownish pit; colored flesh; composition focus; contrast composition; freshness additional,"A selection of ripe peaches arranged on a rustic wooden board, showcasing their vibrant yellow and reddish hues, with a few leaves adding a touch of greenery.",갈색을 띤 구멍; 색이 든 과육; 작문 중점; 대비 구도; 신선함 추가,"소박한 나무 판 위에 잘 익은 복숭아 몇 개가 정갈하게 놓여 있어, 선명한 노란색과 붉은빛을 뽐내고 있으며, 몇 장의 잎사귀가 은은한 녹색을 더해주고 있다."
fruits_nuts_rice,hyperclovax,5056014,3gram,add touch natural; beauty freshness additional; brownish pit inside; color contrast composition; colored flesh small,"A selection of ripe peaches arranged on a rustic wooden board, showcasing their vibrant yellow and reddish hues, with a few leaves adding a touch of freshness to the composition.","자연스러운 느낌을 더하다; 아름다움, 신선함, 그 외; 안쪽에 갈색을 띤 구멍; 색상 대비 구성; 색이 든 살, 작은","소박한 나무 판 위에 잘 익은 복숭아 몇 개가 정갈하게 놓여 있어, 선명한 노란색과 붉은빛을 뽐내고 있으며, 몇 장의 잎사귀가 구도에 싱그러움을 더해주고 있다."
fruits_nuts_rice,hyperclovax,5056014,1gram,peach; yellow; pit; gradient; range,"A selection of ripe peaches with a gradient of yellow and red hues, displayed on a rustic wooden board, accompanied by a knife, on a light-colored surface.",복숭아; 노란색; 구덩이; 그라디언트; 범위,"노란색과 빨간색의 그라데이션이 돋보이는 잘 익은 복숭아 몇 개가 소박한 나무 판 위에 놓여 있고, 그 옆에는 칼이 함께 놓여 있으며, 배경은 밝은 색상의 표면이다."
fruits_nuts_rice,hyperclovax,5056014,2gram,center neutral; juicy yellow; pit center; small pit; appeal appearance,"Juicy yellow peaches with a small pit, arranged on a rustic wooden board, ideal for snacking or baking.",중앙 중립; 즙이 풍부한 노란색; 피트 센터; 작은 구덩이; 항소 심리에 출석,"씨앗이 작고 과즙이 풍부한 노란 복숭아들이 소박한 나무 판 위에 예쁘게 담겨 있어, 간식이나 베이킹에 안성맞춤입니다."
fruits_nuts_rice,hyperclovax,5056014,3gram,center neutral light; color peach highlight; flesh small pit; indicate ripeness peach; juicy yellow flesh,"A selection of ripe peaches with a vibrant yellow and red coloration, showcasing their juicy, yellow flesh and small pit, presented on a rustic wooden surface.",중앙 중성 조명; 색상: 복숭아색 하이라이트; 살에 난 작은 구멍; 익은 복숭아를 나타내다; 즙이 풍부한 노란 과육,"생기 넘치는 노란색과 빨간색을 띤 잘 익은 복숭아 몇 개가 소박한 나무 받침 위에 놓여 있으며, 과즙이 풍부한 노란 과육과 작은 씨를 뽐내고 있다."
fruits_nuts_rice,hyperclovax,5061259,1gram,apple; natural; droplet; line; moisture,"A close-up of fresh, red apples in a metal basket, with visible moisture droplets on their surfaces.",사과; 자연스러운; 물방울; 줄; 수분,"금속 바구니에 담긴 싱싱한 붉은 사과를 클로즈업한 사진으로, 사과 표면에 물방울이 선명하게 보인다."
fruits_nuts_rice,hyperclovax,5061259,2gram,arrange metal; basket line; droplet suggest; emphasize freshness; food fresh,"A close-up of fresh, red apples in a metal basket lined with a blue cloth, highlighting their glossy skin and vibrant color.",금속 배열하기; 바스켓 라인; 물방울을 연상시키는; 신선함을 강조하다; 신선한 음식,"파란 천이 깔린 금속 바구니에 담긴 싱싱한 빨간 사과를 클로즈업한 사진으로, 사과 표면의 윤기와 선명한 색감이 돋보인다."
fruits_nuts_rice,hyperclovax,5061259,3gram,apple arrange metal; apple package present; arrange metal basket; basket line blue; blue cloth partially,"A close-up of fresh, red apples arranged in a metal basket lined with a blue cloth, showcasing their glossy skin and vibrant color.","애플, 금속 배열; 사과 모양 선물 포장; 금속 바구니 정리하기; 바스켓 라인 블루; 파란 천의 일부가","파란 천이 깔린 금속 바구니에 담겨 있는 싱싱한 붉은 사과들의 클로즈업 사진으로, 윤기 나는 껍질과 선명한 색감이 돋보인다."
fruits_nuts_rice,hyperclovax,5061259,1gram,apple; basket; partially; cloth; anise,"A close-up of fresh red apples in a blue cloth basket, with a wooden brush and dried anise nearby, on a reflective surface.",사과; 바구니; 부분적으로; 천; 아니스,"반사되는 표면 위에 놓인 파란 천 바구니에 담긴 갓 수확한 빨간 사과를 클로즈업한 사진으로, 그 옆에는 나무 붓과 말린 아니스가 놓여 있다."
fruits_nuts_rice,hyperclovax,5061259,2gram,cloth basket; apple apple; anise overall; appearance apple; apple blue,"A close-up of fresh red apples in a blue cloth basket, accompanied by a wooden brush and dried star anise on a reflective surface.",천 바구니; 사과 사과; 아니스 전반; 외관 애플; 애플 블루,"반사되는 표면 위에 놓인 파란 천 바구니 속의 싱싱한 빨간 사과를 클로즈업한 사진으로, 나무 붓과 말린 스타아니스가 함께 놓여 있다."
fruits_nuts_rice,hyperclovax,5061259,3gram,anise overall setting; appeal appearance apple; appearance apple partially; apple apple blue; apple blue cloth,"A close-up of fresh red apples placed on a marble surface, accompanied by a blue cloth and a wooden brush, highlighting their vibrant color and glossy texture.","아니스 전체 설정; 항소, 출석, 애플; 외관: 애플, 부분적으로; 사과 사과 파랑; 사과 무늬 파란 천","대리석 표면 위에 놓인 갓 수확한 빨간 사과를 파란 천과 나무 붓과 함께 클로즈업한 사진으로, 사과의 생생한 색감과 윤기 나는 질감을 잘 드러내고 있다."
fruits_nuts_rice,hyperclovax,5063578,1gram,tomato; cherry; fleshy; red; item,"A bowl of fresh, ripe cherry tomatoes with a few cut ones on a white wooden surface.",토마토; 체리; 살이 찐; 빨강; 항목,하얀 나무 받침대 위에 신선하고 잘 익은 체리 토마토 한 그릇과 잘라 놓은 토마토 몇 개가 놓여 있다.
fruits_nuts_rice,hyperclovax,5063578,2gram,cherry tomato; bowl tomato; juicy fleshy; solely fresh; tomato additional,"A bowl filled with fresh, ripe cherry tomatoes, some of which are whole and others halved, set against a plain white wooden background.",방울토마토; 볼 토마토; 즙이 많고 살이 통통한; 오직 신선한 것; 토마토 추가,"흰색의 심플한 나무 배경 앞에, 신선하고 잘 익은 체리 토마토로 가득 찬 그릇이 놓여 있는데, 그중 일부는 통째로 있고 일부는 반으로 잘려 있다."
fruits_nuts_rice,hyperclovax,5063578,3gram,arrange bowl tomato; bowl tomato cut; cherry tomato additional; color tomato focal; focus solely fresh,"A bowl of fresh, ripe cherry tomatoes with a few cut open ones, showcasing their vibrant red color and green stems.","그릇에 토마토를 담다; 그릇에 담은 토마토 조각; 체리 토마토 추가; 색상: 토마토, 포인트; 오로지 신선함에만 집중","신선하고 잘 익은 방울토마토 한 그릇에, 몇 개는 반으로 잘라 놓아 선명한 붉은 색과 초록색 줄기가 돋보이도록 한 모습이다."
fruits_nuts_rice,hyperclovax,5063578,1gram,tomato; wooden; whole; halve; red,"Whole, halved, and whole red tomatoes on a white wooden surface.",토마토; 나무로 된; 전체; 반으로 나누다; 빨강,"흰색 나무 받침대 위에 통째로 놓인 토마토, 반으로 자른 토마토, 그리고 통째로 놓인 빨간 토마토."
fruits_nuts_rice,hyperclovax,5063578,2gram,wooden surface; red color; bowl whole; emphasize vibrant; fill interior,"Whole, ripe cherry tomatoes with green stems, displayed on a white wooden surface and in a bowl.",나무 표면; 빨간색; 그릇 통째로; 생동감을 강조하다; 내부 채우기,푸른 줄기가 달린 통째로 잘 익은 체리 토마토들이 흰색 나무 받침대와 그릇 위에 진열되어 있다.
fruits_nuts_rice,hyperclovax,5063578,3gram,arrange bowl whole; backdrop emphasize vibrant; bowl whole tomato; color tomato focus; emphasize vibrant red,"Whole, ripe tomatoes in a bowl with one cut in half, showcasing their vibrant red color and fresh green stems.","그릇을 통째로 정리하다; 배경으로 생동감을 강조하다; 통토마토를 그릇에 담다; 색상: 토마토, 초점; 생기 넘치는 빨간색을 강조하다","그릇에 담긴 통째로 잘 익은 토마토들과 반으로 자른 토마토 한 개가, 선명한 붉은 색과 싱그러운 초록색 줄기를 뽐내고 있다."
fruits_nuts_rice,hyperclovax,5063690,1gram,tomato; complement; exhibit; harvest; color,"Six ripe tomatoes with green stems, displayed in a wicker basket lined with a white cloth, against a light wooden background.",토마토; 보완; 전시물; 수확; 색상,"흰 천으로 안을 깐 고리버들 바구니에 담긴, 줄기가 초록색인 잘 익은 토마토 여섯 개가 밝은 색의 나무 배경 앞에 놓여 있다."
fruits_nuts_rice,hyperclovax,5063690,2gram,tomato tomato; circle woven; cloth presentation; complement vibrant; cover white,"Six ripe tomatoes with green stems, presented in a woven basket with a white cloth, on a light wooden surface.","토마토, 토마토; 원형 직조; 천 전시; 생동감 넘치는; 흰색 표지","녹색 줄기가 달린 잘 익은 토마토 여섯 개가, 흰 천을 깐 엮은 바구니에 담겨 밝은 색의 나무 받침대 위에 놓여 있다."
fruits_nuts_rice,hyperclovax,5063690,3gram,attach indicate recently; basket partially cover; circle woven basket; cloth presentation fresh; color suggest ripeness,"Six ripe tomatoes in a woven basket with a white cloth, showcasing their vibrant orange color and green stems.","첨부, 표시, 최근; 바구니가 부분적으로 가려짐; 원형 엮은 바구니; 천 소재, 산뜻한 느낌; 색깔은 익은 정도를 나타냅니다",흰 천이 깔린 엮은 바구니에 담긴 잘 익은 토마토 여섯 개가 선명한 주황색과 초록색 줄기를 뽐내고 있다.
fruits_nuts_rice,hyperclovax,5063690,1gram,tomato; produce; underneath; central; core,"A fresh, whole tomato with a vibrant red color and green stem, placed on a white textured surface, alongside a cut half revealing its juicy interior with seeds.",토마토; 생산하다; 아래쪽; 중앙; 핵심,"생기 넘치는 붉은 색과 초록색 꼭지가 돋보이는 싱싱한 통토마토 하나가 질감이 느껴지는 흰색 바탕 위에 놓여 있고, 그 옆에는 과육과 씨앗이 훤히 드러난 반으로 잘린 토마토가 놓여 있다."
fruits_nuts_rice,hyperclovax,5063690,2gram,arrange basket; center cut; cloth underneath; core tomato; fresh produce,"Fresh, ripe tomatoes with one cut in half to reveal juicy, red flesh and seeds, placed on a white textured surface with a woven basket and cloth in the background.",바구니 꾸미기; 중심부 절단; 아래에 깔린 천; 코어 토마토; 신선한 농산물,"신선하고 잘 익은 토마토 중 하나는 반으로 잘라 즙이 가득한 붉은 과육과 씨앗이 드러나도록 놓여 있으며, 흰색의 질감이 느껴지는 표면 위에 놓여 있고, 배경에는 엮은 바구니와 천이 보인다."
fruits_nuts_rice,hyperclovax,5063690,3gram,arrange basket white; basket white cloth; bright red smooth; center cut half; central core tomato,"Bright red, smooth tomatoes arranged in a wicker basket with a white cloth underneath, showcasing their fresh, juicy texture and vibrant color.","화이트 바구니 장식; 흰색 천 바구니; 선명한 빨간색, 매끄러운; 중앙 부분의 절반; 중앙 심이 있는 토마토","하얀 천을 깔아 놓은 고리버들 바구니에 선명한 빨간색의 매끄러운 토마토들이 가지런히 담겨 있어, 신선하고 즙이 풍부한 식감과 생동감 넘치는 색감을 뽐내고 있다."
fruits_nuts_rice,hyperclovax,5068728,1gram,orange; juicy; group; sized; create,"A group of fresh, whole oranges and one cut in half, placed on a white cloth, highlighting their vibrant color and juicy texture.",오렌지; 즙이 풍부한; 그룹; 크기; 만들기,"흰 천 위에 놓인 갓 따온 통오렌지 몇 개와 반으로 자른 오렌지 한 개가, 그 생생한 색감과 즙이 풍부한 질감을 돋보이게 하고 있다."
fruits_nuts_rice,hyperclovax,5068728,2gram,appearance slight; backdrop orange; clean emphasize; core overall; cover orange,"A collection of fresh, whole oranges and a sliced one resting on a white cloth, highlighting their vibrant orange color and natural texture.",외모가 가냘프다; 배경색: 주황색; 깔끔하게 강조하기; 전반적인 핵심; 표지: 주황색,"흰색 천 위에 놓인 갓 따온 통오렌지들과 얇게 썬 오렌지 한 조각이 어우러진 모습으로, 오렌지의 선명한 주황색과 자연스러운 질감이 돋보입니다."
fruits_nuts_rice,hyperclovax,5068728,3gram,appearance slight sheen; backdrop orange fresh; beauty freshness orange; central core overall; clean emphasize natural,"A collection of fresh, whole oranges with one cut in half, resting on a white cloth against a plain background.","외관: 은은한 광택; 배경: 오렌지, 상큼한; 아름다움, 상쾌함, 오렌지; 중앙 코어 전체; 깔끔함, 강조, 자연스러움","단조로운 배경을 배경으로 흰 천 위에 놓인, 갓 따온 통오렌지 여러 개와 반으로 잘린 오렌지 한 개가 담겨 있다."
fruits_nuts_rice,hyperclovax,5068728,1gram,orange; blood; halved; segment; color,"A selection of fresh, whole oranges and one halved orange placed on a white cloth, showcasing their vibrant color and textured skin.",오렌지; 피; 반으로 줄었다; 세그먼트; 색상,"흰색 천 위에 신선한 통오렌지 몇 개와 반으로 자른 오렌지 한 개가 놓여 있어, 오렌지의 선명한 색감과 질감 있는 껍질이 돋보입니다."
fruits_nuts_rice,hyperclovax,5068728,2gram,blood orange; orange color; orange blood; vibrant color; bumpy texture,Several whole and halved oranges with a vibrant orange color and a bumpy texture are arranged on a white cloth.,블러드 오렌지; 주황색; 주황색 피; 생동감 넘치는 색상; 울퉁불퉁한 질감,생기 넘치는 주황색을 띠고 표면이 울퉁불퉁한 오렌지 몇 개가 통째로 또는 반으로 잘린 채 흰색 천 위에 놓여 있다.
fruits_nuts_rice,hyperclovax,5068728,3gram,orange blood orange; blood orange bright; blood orange citrus; blood orange juicy; bumpy texture orange,"A selection of blood oranges, including one cut in half to reveal their juicy, bright orange flesh and bumpy texture, placed on a white cloth.","오렌지 블러드 오렌지; 밝은 블러드 오렌지; 블러드 오렌지 감귤류; 혈귤, 과즙이 풍부한; 울퉁불퉁한 질감의 오렌지","흰 천 위에 놓인 여러 개의 블러드 오렌지들. 그중 하나는 반으로 잘려 있어, 과즙이 풍부하고 선명한 주황색을 띤 과육과 울퉁불퉁한 표면이 드러나 있다."
fruits_nuts_rice,hyperclovax,5070409,1gram,rice; package; granular; prominent; 달보드레쌀,"A package of 4 kg of fine, white rice labeled ""달보드레쌀"" (Dalborese rice), accompanied by a bowl of rice on a plain background.",쌀; 패키지; 세분화된; 저명한; 달보드레쌀,"“달보드레쌀”이라고 적힌 4kg짜리 고운 백미 한 봉지와, 무지 배경 위에 놓인 밥 한 그릇이 함께 그려져 있다."
fruits_nuts_rice,hyperclovax,5070409,2gram,4kg additional; additional korean; characteristic rice; color granular; design prominent,"A package of 4kg of rice labeled ""달보드레쌀"" (Dalborese rice) with a purple design and a bowl of rice next to it, highlighting its soft and sweet qualities.",4kg 추가; 추가 한국어; 특색 있는 쌀; 색상 입자형; 디자인을 돋보이게,보라색 디자인과 그 옆에 밥 한 그릇이 그려져 있어 부드럽고 달콤한 맛을 강조하는 “달보드레쌀”이라고 표기된 4kg짜리 쌀 한 봉지.
fruits_nuts_rice,hyperclovax,5070409,3gram,4kg additional korean; additional korean text; bag clear window; characteristic rice small; clear window rice,"A package of 4kg of rice labeled ""달보드레쌀"" (Dalboreseal), featuring a clear window on the front to show the rice inside, with a bowl of rice placed next to it.",4kg 추가 한국산; 추가 한국어 텍스트; 투명 창이 있는 가방; 특징적인 작은 쌀; 투명한 창문 쌀,"“달보드레쌀”이라고 적힌 4kg짜리 쌀 한 봉지로, 앞면에 투명한 창이 있어 안의 쌀을 볼 수 있으며, 그 옆에는 밥 한 그릇이 놓여 있다."
fruits_nuts_rice,hyperclovax,5070409,1gram,rice; bowl; subtle; side; ceramic,"A bowl of white rice with a smooth and glossy texture, likely uncooked and ready for preparation.",쌀; 그릇; 미묘한; 측면; 세라믹,"매끄럽고 윤기 나는 질감의 흰 쌀밥 한 그릇으로, 아마도 아직 조리되지 않은 상태이며 조리할 준비가 되어 있는 것 같다."
fruits_nuts_rice,hyperclovax,5070409,2gram,rice bowl; bowl focus; ceramic container; color bowl; color subtle,"A bowl of white rice with a smooth, glossy texture, presented against a plain, light-colored background.",밥그릇; 볼 포커스; 세라믹 용기; 색깔 그릇; 은은한 색감,"매끄럽고 윤기 나는 질감의 흰 쌀밥 한 그릇이, 심플하고 밝은 색상의 배경 위에 담겨 있다."
fruits_nuts_rice,hyperclovax,5070409,3gram,beige color subtle; bowl focus solely; bowl smooth glossy; ceramic container light; color bowl simple,"A bowl of white rice with a smooth, glossy finish, showcasing its clean and simple design.","베이지색, 은은한; 오로지 그릇에만 집중하다; 그릇, 매끄럽고 광택이 나는; 세라믹 용기 조명; 단색 그릇, 심플한 디자인","매끄럽고 윤기 나는 흰 쌀밥 한 그릇으로, 깔끔하고 단순한 디자인이 돋보입니다."
fruits_nuts_rice,hyperclovax,5094562,1gram,date; box; dates; lid; grid,"A premium box of TAMUR dates dessert, featuring an elegant orange packaging with a grid of beautifully arranged dates inside.",날짜; 상자; 날짜; 뚜껑; 그리드,"TAMUR 대추야자 디저트의 프리미엄 박스로, 우아한 오렌지색 포장 안에 대추야자가 아름답게 배열된 격자 무늬가 특징입니다."
fruits_nuts_rice,hyperclovax,5094562,2gram,7x2 grid; ajar showcase; arrange 7x2; box dates; box individually,"A premium box of TAMUR dates, featuring a 7x2 grid of individually packaged dates, presented in an elegant, open box design.",7x2 격자; 아자르 쇼케이스; 7x2로 배열하기; 박스 날짜; 개별 포장,"TAMUR 대추야자 프리미엄 박스로, 개별 포장된 대추야자가 7x2 격자 형태로 배열되어 있으며, 우아한 오픈 박스 디자인으로 제공됩니다."
fruits_nuts_rice,hyperclovax,5094562,3gram,7x2 grid text; ajar showcase date; arrange 7x2 grid; box dates dates; box individually dark,"A premium box of TAMUR date chocolates arranged in a 7x2 grid, showcasing a luxurious presentation.",7x2 격자 텍스트; 아자르 쇼케이스 일정; 7x2 격자 배열하기; 박스 날짜 날짜; 상자마다 어둡게,"TAMUR 대추야자 초콜릿이 7x2 격자 모양으로 정갈하게 배열된 프리미엄 박스로, 고급스러운 분위기를 자아냅니다."
fruits_nuts_rice,hyperclovax,5094562,1gram,date; box; adorn; t amur; topping,"A luxurious box of date-filled chocolates with a rich, dark brown color and a glossy finish, presented in an elegant orange box with the text ""T'AMUR"" and ""gives you a piece of luxurious experience"" on the lid.",날짜; 상자; 꾸미다; t 아무르; 토핑,"진한 짙은 갈색을 띠고 광택이 나는 대추야자 필링이 들어간 고급스러운 초콜릿 상자로, 뚜껑에는 “T’AMUR”와 “고급스러운 경험을 선사합니다”라는 문구가 적힌 우아한 오렌지색 상자에 담겨 있습니다."
fruits_nuts_rice,hyperclovax,5094562,2gram,date box; add visual; adorn topping; appeal packaging; box arrange,"A luxurious box of date-filled chocolates, featuring a rich brown color and a decorative arrangement of chocolates in a grid pattern, with the text ""T'AMUR"" indicating a premium product experience.",날짜 입력란; 이미지 추가; 아도른 토핑; 매력적인 포장; 상자 정렬,"대추야자가 들어간 고급스러운 초콜릿 상자로, 진한 갈색을 띠며 초콜릿이 격자 무늬로 정교하게 배열되어 있고, “T'AMUR”라는 문구가 프리미엄 제품 경험을 상징합니다."
fruits_nuts_rice,hyperclovax,5094562,3gram,add visual appeal; adorn topping nut; appeal packaging elegant; box arrange grid; box date box,"A luxurious box of dates, each meticulously arranged in a grid pattern, showcasing a variety of nuts and chocolates, with the text ""T'AMUR"" indicating a premium quality experience.",시각적 매력을 더하다; 아도른 토핑 너트; 매력적이고 우아한 포장; 상자 배열 그리드; 박스 날짜 박스,"각 대추야자가 정교하게 격자 무늬로 배열된 고급스러운 상자로, 다양한 견과류와 초콜릿이 어우러져 있으며, “T'AMUR”라는 문구가 프리미엄급 품질을 상징합니다."
fruits_nuts_rice,hyperclovax,5121007,1gram,organic; nutritional; detail; information; rice,"A package of organic rice with a bowl of rice above it, labeled ""organic rice"" and ""organic"" in both English and Korean, highlighting its health benefits and natural ingredients.",유기농; 영양; 상세 정보; 정보; 쌀,"유기농 쌀 한 봉지 위에 밥 한 그릇이 올려져 있으며, 봉지에는 영어와 한국어로 “유기농 쌀”과 “유기농”이라고 표기되어 있어 건강상의 이점과 천연 성분을 강조하고 있다."
fruits_nuts_rice,hyperclovax,5121007,2gram,product organic; nutritional information; bag green; black rice; bowl package,"A package of organic rice with a green and white design, labeled ""유기농 답음 신동진쌀"" (organic rice) and ""Organic Rice"" on the front, featuring a bowl of rice above it.","유기농 제품; 영양 정보; 가방, 녹색; 검은 쌀; 볼 패키지","녹색과 흰색으로 디자인된 유기농 쌀 포장지로, 앞면에는 “유기농 답음 신동진쌀”과 “Organic Rice”라는 문구가 적혀 있으며, 그 위에는 밥 한 그릇이 그려져 있다."
fruits_nuts_rice,hyperclovax,5121007,3gram,accent text 유기농 담음 신동진 쌀; bag green low; black rice bowl; bowl package packaging; certification nutritional information,"A package of organic rice with a green and white design, labeled ""유기농 담음 신동진쌀"" (organic rice), featuring a bowl of rice above it, and highlighting its organic certification and nutritional information.","강조된 텍스트: 유기농 담음 신동진 쌀; 가방, 녹색, 로우; 검은 쌀밥 그릇; 볼 패키지 포장; 인증 영양 정보","초록색과 흰색으로 디자인된 유기농 쌀 포장지로, 상단에 밥 한 그릇이 그려져 있으며, ‘유기농 담음 신동진쌀’이라는 라벨이 붙어 있고, 유기농 인증 마크와 영양 성분 정보가 강조되어 있다."
fruits_nuts_rice,hyperclovax,5121007,1gram,rice; medium; translucent; uniform; white,"A bowl of white, medium-grain rice with a uniform and translucent appearance.",쌀; 중간; 반투명한; 제복; 흰색,외관이 균일하고 반투명한 흰색 중립미 한 그릇.
fruits_nuts_rice,hyperclovax,5121007,2gram,appearance indicate; bowl uniform; freshness bowl; medium size; neutral highlight,White uncooked rice in a white bowl.,외관상 알 수 있다; 볼 유니폼; 프레시니스 볼; 중형; 중립적인 하이라이트,하얀 그릇에 담긴 하얀 생쌀.
fruits_nuts_rice,hyperclovax,5121007,3gram,appearance indicate freshness; bowl uniform white; freshness bowl plain; grain small medium; indicate freshness bowl,"A bowl of uniformly white rice, likely uncooked and fresh, presented against a plain, light-colored background.","겉모습이 신선함을 나타낸다; 흰색 볼 유니폼; 프레시니스 볼 (플레인); 입자 크기: 소, 중; 신선도 표시 그릇","단조롭고 밝은 색의 배경 위에, 아마도 갓 지은 신선한 백미 한 그릇이 고르게 담겨 있다."
fruits_nuts_rice,hyperclovax,5132780,1gram,kiwis; kiwi; metallic; thin; look,"A plate of whole and halved kiwis with a smooth, brownish-green skin and a yellow flesh inside.",키위; 키위; 메탈릭; 얇은; 보기,"겉껍질은 매끄럽고 갈색을 띤 녹색이며, 속은 노란색인 키위를 통째로 또는 반으로 자른 것이 한 접시에 담겨 있다."
fruits_nuts_rice,hyperclovax,5132780,2gram,kiwi cut; kiwis immediate; look focus; metallic rim; ripe natural,"A plate of whole and halved kiwis with a metallic rim, showcasing their ripe, natural texture and vibrant green flesh.",키위 컷; 키위 즉시; 보기 집중; 메탈 림; 잘 익은 천연,"금색 테두리가 둘러진 접시에 통째로 또는 반으로 자른 키위가 담겨 있어, 잘 익은 자연스러운 질감과 선명한 녹색 과육이 돋보입니다."
fruits_nuts_rice,hyperclovax,5132780,3gram,focus solely kiwis; fresh ripe natural; kiwi cut half; kiwis brown smooth; kiwis immediate surrounding,"A plate of fresh, ripe kiwis, some cut in half to reveal their smooth, brown interiors.","오로지 키위에만 집중; 신선하고 잘 익은 천연; 반으로 자른 키위; 키위, 갈색, 매끄러운; 키위 주변 지역",신선하고 잘 익은 키위 한 접시. 그중 몇 개는 반으로 잘라 매끄럽고 갈색을 띤 속살이 드러나 있다.
fruits_nuts_rice,hyperclovax,5132780,1gram,kiwis; round; golden; moist; thin,"A plate of fresh kiwis, featuring a mix of whole and halved fruits with a golden hue and a moist texture.",키위; 둥근; 황금색; 촉촉한; 얇은,황금빛을 띠고 촉촉한 식감을 자랑하는 통키위와 반으로 자른 키위가 어우러진 신선한 키위 한 접시.
fruits_nuts_rice,hyperclovax,5132780,2gram,center kiwis; emphasize kiwis; glossy sheen; golden brown; kiwis cut,A plate of whole and halved golden brown kiwis with a glossy sheen.,중앙에 키위; 키위를 강조하다; 윤기 나는 광택; 황금빛 갈색; 키위 썰기,윤기가 흐르는 황금빛 키위들이 통째로 또는 반으로 잘려 한 접시에 담겨 있다.
fruits_nuts_rice,hyperclovax,5132780,3gram,black seed center; bright yellow flesh; brown color kiwis; center kiwis arrange; color kiwis cut,A plate of brown kiwis with one cut open to reveal bright yellow flesh and black seeds.,블랙 시드 센터; 선명한 노란색 과육; 갈색 키위; 중앙에 키위를 배치하다; 색깔별 키위 썰기,갈색 키위 한 접시. 그중 하나는 반으로 잘려 있어 밝은 노란색 과육과 검은 씨앗이 드러나 있다.
fruits_nuts_rice,hyperclovax,5134096,1gram,bag; product; purple; 1년 365일 최선의 가격에; confirm,"A large white bag of rice labeled ""Kf365 Curly Fresh"" with a 10 kg weight, accompanied by a bowl of rice on a plate, highlighting its freshness and affordability.",가방; 제품; 보라색; 1년 365일 최선의 가격에; 확인,"“Kf365 Curly Fresh”라고 적힌 10kg짜리 커다란 흰색 쌀 포대와 접시 위에 담긴 밥 한 그릇이 함께 놓여 있어, 이 쌀의 신선함과 합리적인 가격을 강조하고 있다."
fruits_nuts_rice,hyperclovax,5134096,2gram,10kg additional; 1년 365일 최선의 가격에 안전성까지 한 번 더 확인; bag confirm; bottom edge; brand kf365,"A large bag of rice labeled ""KF365 Curly Fresh"" with a 10kg weight, accompanied by a bowl of rice on a white plate, highlighting its freshness and quality.",10kg 추가; 1년 365일 최선의 가격에 안전성까지 한 번 더 확인; 가방 확인; 하단 가장자리; 브랜드 kf365,"“KF365 컬리 프레시”라고 적힌 10kg짜리 대형 쌀 봉지와 흰 접시에 담긴 밥 한 그릇이 함께 있어, 쌀의 신선함과 품질을 돋보이게 한다."
fruits_nuts_rice,hyperclovax,5134096,3gram,10kg additional text; 1년 365일 최선의 가격에 안전성까지 한 번 더 확인 rice; bag clear legible; bag confirm product; bottom edge text,"A large white bag of rice labeled ""KF365 Curly Fresh"" with a 10kg weight, accompanied by a bowl of rice on a plate, highlighting its freshness and quality.","10kg 추가 설명; 1년년 365일 최선의 가격에 안전성까지 한 번 더 확인된 쌀; 비어 있음, 선명하고 읽기 쉬움; 가방 제품 확인; 하단 가장자리 텍스트","“KF365 컬리 프레시”라고 적힌 10kg짜리 커다란 흰색 쌀 봉지와, 그 신선함과 품질을 강조하는 접시 위에 담긴 밥 한 그릇이 함께 놓여 있다."
fruits_nuts_rice,hyperclovax,5134096,1gram,rice; white; shape; matching; embellishment,White rice in a bowl.,쌀; 흰색; 모양; 일치; 장식,그릇에 담긴 흰 쌀밥.
fruits_nuts_rice,hyperclovax,5134096,2gram,bowl matching; matching white; plate plain; rice provide; texture additional,"A bowl filled with white rice, placed on a matching white plate, showcasing the clean and simple presentation of the staple food item.",그릇 매칭; 화이트 매칭; 무늬 없는 접시; 쌀 공급; 텍스처 추가,"하얀 밥이 가득 담긴 그릇이 같은 흰색 접시 위에 놓여 있어, 이 주식의 깔끔하고 소박한 모습을 잘 보여주고 있다."
fruits_nuts_rice,hyperclovax,5134096,3gram,bowl matching white; clear view shape; color texture additional; distract rice focus; matching white plate,"A bowl filled with white rice, placed on a matching white plate, showcasing the clean and simple presentation of the uncooked grains.","흰색 그릇 세트; 선명한 뷰 모양; 색상, 질감, 기타; 쌀에 대한 집중력을 흐트러뜨리다; 어울리는 흰색 접시","하얀 밥이 가득 담긴 그릇이 같은 색의 하얀 접시 위에 놓여 있어, 씻은 쌀알의 깔끔하고 단순한 모습을 잘 보여주고 있다."
fruits_nuts_rice,hyperclovax,5159977,1gram,peach; cloth; sweet; yellow; fleshy,"A selection of ripe peaches with a mix of yellow and red hues, resting on a yellow cloth with green leaves, accompanied by a knife.",복숭아; 천; 달콤한; 노란색; 살이 찐,"노란색과 붉은색이 어우러진 잘 익은 복숭아 몇 개가, 녹색 잎사귀가 곁들여진 노란색 천 위에 놓여 있고, 그 옆에는 칼이 함께 놓여 있다."
fruits_nuts_rice,hyperclovax,5159977,2gram,cloth fruit; crumple add; fruit stand; fuzzy skin; juicy peach,"A selection of fresh peaches with a vibrant fuzzy skin, arranged on a yellow cloth, accompanied by a knife, ideal for a healthy snack or dessert.",천으로 만든 과일; 구겨 넣기; 과일 가판대; 거칠거칠한 피부; 즙이 풍부한 복숭아,"생기 넘치는 보송보송한 껍질을 가진 신선한 복숭아 몇 개를 노란색 천 위에 정갈하게 담아 놓고, 칼을 곁들인 모습으로, 건강한 간식이나 디저트로 안성맞춤입니다."
fruits_nuts_rice,hyperclovax,5159977,3gram,cloth crumple add; cloth fruit stand; color peach cloth; crumple add rustic; fruit stand prominently,"A selection of ripe peaches with a hint of blush on their skin, resting on a crumpled yellow cloth, accompanied by a knife, suggesting they are ready to be sliced and enjoyed.",천 주름 추가; 천으로 만든 과일 가판대; 복숭아색 천; 구겨서 소박한 느낌을 더하다; 과일 가판대가 눈에 띄게 자리 잡고 있다,"껍질에 은은한 붉은 빛이 감도는 잘 익은 복숭아 몇 개가 구겨진 노란 천 위에 놓여 있고, 그 옆에는 칼이 함께 놓여 있어, 이제 썰어 먹기 딱 좋은 상태임을 암시한다."
fruits_nuts_rice,hyperclovax,5159977,1gram,peach; yellow; fibrous; hint; gradient,"A close-up of ripe peaches with a gradient of yellow and red hues, resting on a yellow cloth with green leaves, showcasing their juicy, fibrous interiors.",복숭아; 노란색; 섬유질의; 힌트; 그라디언트,"노란색과 빨간색의 그라데이션이 돋보이는 잘 익은 복숭아의 클로즈업 사진으로, 녹색 잎사귀가 곁들여진 노란색 천 위에 놓여 있어 과즙이 풍부하고 섬유질이 촘촘한 속살이 잘 드러나 있다."
fruits_nuts_rice,hyperclovax,5159977,2gram,clear fibrous; contrast light; flesh clear; red skin; skin cut,"A close-up of ripe peaches with a soft, yellow-orange hue and a hint of red blush on their skin, resting on a textured yellow cloth with green leaves.",투명한 섬유질; 대비 조명; 투명한 살결; 붉은 피부; 피부 절개,"부드러운 노란색과 주황색이 어우러진 색조를 띠고 겉면에 은은한 붉은 빛이 감도는 잘 익은 복숭아의 클로즈업 사진으로, 질감이 느껴지는 노란 천 위에 녹색 잎사귀와 함께 놓여 있다."
fruits_nuts_rice,hyperclovax,5159977,3gram,appearance visible packaging; clear fibrous texture; cloth contrast light; color fresh appearance; contrast light gray,"A close-up of ripe peaches with a fresh, vibrant yellow and red coloration, resting on a textured yellow cloth, showcasing their juicy, fibrous texture.","외관이 보이는 포장; 투명한 섬유질 질감; 천, 대비, 빛; 생기 넘치는 외관; 대비되는 밝은 회색","신선하고 생동감 넘치는 노란색과 빨간색을 띠는 잘 익은 복숭아의 클로즈업 사진으로, 질감이 느껴지는 노란색 천 위에 놓여 있어 과즙이 풍부하고 섬유질이 느껴지는 식감을 잘 보여주고 있다."
fruits_nuts_rice,hyperclovax,5162187,1gram,mandarin; basket; skin; fruit; pick,"A basket filled with fresh mandarins, some of which are partially peeled to reveal their juicy, orange-colored flesh.",만다린; 바구니; 피부; 과일; 선택,"신선한 귤로 가득 찬 바구니. 그중 일부는 껍질이 부분적으로 벗겨져 있어, 과즙이 풍부한 주황색 과육이 드러나 있다."
fruits_nuts_rice,hyperclovax,5162187,2gram,basket inside; basket suggest; collection mandarin; fresh vibrant; fruit bright,"A collection of fresh mandarins in a woven basket, with one mandarin partially peeled to reveal its juicy, vibrant orange interior.","바구니 안쪽; 장바구니에 담기; 컬렉션 만다린; 상큼하고 생기 넘치는; 과일, 화사함","엮은 바구니에 담긴 갓 수확한 귤들이 모여 있는데, 그중 한 개는 껍질이 부분적으로 벗겨져 과즙이 가득하고 선명한 주황색 과육이 드러나 있다."
fruits_nuts_rice,hyperclovax,5162187,3gram,basket inside basket; basket suggest freshly; bumpy typical skin; citrus fruit bright; collection mandarin small,"A collection of small, bright citrus fruits, likely mandarins, in a woven basket with a few pieces cut open to display their juicy, orange-colored flesh.",바구니 안에 바구니; 바구니에 담기: 신선한 제품 추천; 울퉁불퉁한 일반적인 피부; 상큼한 감귤류; 컬렉션 만다린 스몰,"작고 밝은 색의 감귤류 과일들(아마도 만다린일 것)이 엮은 바구니에 담겨 있는데, 그중 몇 개는 잘라 열어 과즙이 가득한 주황색 과육이 드러나도록 되어 있다."
fruits_nuts_rice,hyperclovax,5162187,1gram,tangerine; orange; patch; unpeeled; especially,"A selection of fresh, unpeeled tangerines, both whole and partially peeled, arranged on a white textured surface with a woven basket in the background.",탠저린; 오렌지; 패치; 껍질을 벗기지 않은; 특히,"껍질을 벗기지 않은 신선한 귤을 통째로 또는 껍질을 일부 벗긴 상태로 엄선하여, 질감이 느껴지는 흰색 표면 위에 진열해 놓았으며, 배경에는 엮은 바구니가 놓여 있다."
fruits_nuts_rice,hyperclovax,5162187,2gram,orange color; color tangerine; especially unpeeled; fruit peel; interior vibrant,"A close-up of fresh, unpeeled mandarins with vibrant orange interiors, displayed in a woven basket on a white cloth.",주황색; 색상: 탠저린; 특히 껍질을 벗기지 않은; 과일 껍질; 생동감 넘치는 인테리어,"흰 천 위에 놓인 엮은 바구니에 담겨 있는, 껍질을 벗기지 않은 신선한 귤의 클로즈업 사진으로, 과육은 선명한 주황색을 띠고 있다."
fruits_nuts_rice,hyperclovax,5162187,3gram,basket white texture; bumpy typical type; citrus fruit peel; color tangerine arrange; especially unpeeled surface,"A basket filled with fresh, unpeeled tangerines, some of which are cut open to reveal their juicy, orange-colored flesh.","바구니, 흰색 질감; 울퉁불퉁한 전형적인 유형; 감귤류 껍질; 색상: 탠저린, 배열; 특히 껍질을 벗기지 않은 표면","껍질을 벗기지 않은 신선한 귤로 가득 찬 바구니. 그중 일부는 잘려 있어, 과즙이 풍부한 주황색 과육이 드러나 있다."
fruits_nuts_rice,qwen3,1000030900,1gram,rice; bag; mark; showcase; 정미소 비단쌀,"A 4kg bag of rice, labeled ""정미소 비단쌀"" in Korean, with a small bowl of rice above it.",쌀; 가방; 마크; 쇼케이스; 정미소 비단쌀,"한국어로 “정미소 비단쌀”이라고 적힌 4kg짜리 쌀 한 봉지와, 그 위에 작은 밥그릇 하나가 놓여 있다."
fruits_nuts_rice,qwen3,1000030900,2gram,appearance rice; bag gold; bag mark; fine texture; gold text,"A 4kg bag of white rice with a fine texture, featuring a minimalist design with gold text and a bowl graphic on the packaging.",겉모습 쌀; 골드 가방; 가방 자국; 고운 질감; 금색 텍스트,"4kg짜리 백미 봉지로, 입자가 고운 것이 특징이며, 포장지에는 금색 글자와 그릇 그림이 들어간 미니멀한 디자인이 적용되어 있습니다."
fruits_nuts_rice,qwen3,1000030900,3gram,appearance rice grain; bag gold text; bag mark 4kg; fill rice showcase; fine texture light,"A white bag of 4kg rice with a gold text design, featuring a bowl-shaped window showing the rice grains, with a small bowl of rice above the bag.","외관: 쌀알; 가방 금색 글자; 4kg용 가방; 쌀 진열대 채우기; 섬세한 질감, 밝은","금색 글자 디자인이 들어간 4kg짜리 흰색 쌀 봉지로, 쌀알이 보이는 그릇 모양의 창이 있고, 봉지 위쪽에는 작은 밥그릇이 그려져 있다."
fruits_nuts_rice,qwen3,1000030900,1gram,bowl; speckle; uniform; rice; translucent,"A white bowl filled with uniform, translucent rice grains.",그릇; 반점; 제복; 쌀; 반투명한,고르고 반투명한 쌀알로 가득 찬 하얀 그릇.
fruits_nuts_rice,qwen3,1000030900,2gram,bowl small; dark speckle; grain uniform; speckle rice; uniform shape,"A white bowl with dark speckles contains a pile of uniform, white rice grains.",작은 그릇; 어두운 반점; 입자 균일성; 반점 쌀; 일정한 모양,짙은 반점이 흩뿌려진 흰 그릇 안에는 모양이 고른 하얀 쌀알들이 한 줌 담겨 있다.
fruits_nuts_rice,qwen3,1000030900,3gram,bowl small dark; ceramic bowl small; dark speckle rice; grain uniform shape; rice grain uniform,A white ceramic bowl with small dark speckles contains a pile of uniform rice grains.,"작은 그릇, 어두운 색; 작은 세라믹 그릇; 검은 반점이 있는 쌀; 알갱이의 균일한 모양; 쌀알 모양이 균일함","작은 검은 반점이 흩뿌려진 흰색 도자기 그릇 안에, 모양이 고른 쌀알들이 한 줌 담겨 있다."
fruits_nuts_rice,qwen3,1000032485,1gram,blueberry; frozen; package; bag; 1.5kg,"A 1.5 kg bag of frozen blueberries, USDA A Grade, with a purple label and a bowl of the product above.",블루베리; 얼어붙은; 패키지; 가방; 1.5kg,"보라색 라벨이 붙은 USDA A등급 냉동 블루베리 1.5kg 봉지와, 그 제품이 담긴 그릇 한 개."
fruits_nuts_rice,qwen3,1000032485,2gram,frozen blueberry; 1.5kg frozen; bag pattern; bag predominantly; black text,"A bag of 1.5kg frozen blueberries, featuring a white and blue pattern with the product name ""Frozen Blueberry"" and ""USDA A Grade"" on the label.",냉동 블루베리; 1.5kg 냉동; 가방 도안; 주로 가방; 검은색 텍스트,"1.5kg짜리 냉동 블루베리 한 봉지로, 라벨에는 흰색과 파란색 무늬가 들어 있으며 제품명 “Frozen Blueberry”와 “USDA A Grade”가 표기되어 있습니다."
fruits_nuts_rice,qwen3,1000032485,3gram,1.5kg frozen blueberry; bag pattern blueberry; bag predominantly black; black text usda a grade; blueberry label bag,"A 1.5 kg bag of frozen blueberries with a black label featuring ""USDA A Grade"" and a blueberry pattern on the packaging.","1.5kg 냉동 블루베리; 가방 도안 블루베리; 주로 검은색인 가방; 검은색 글씨, USDA A등급; 블루베리 라벨이 붙은 가방",포장에 “USDA A 등급”이라는 문구와 블루베리 무늬가 그려진 검은색 라벨이 붙은 1.5kg짜리 냉동 블루베리 봉지.
fruits_nuts_rice,qwen3,1000032485,1gram,berry; icy; dense; coating; frosty,A bowl of frozen blueberries with a frosty coating.,베리; 얼음처럼 차가운; 조밀하다; 코팅; 서리가 내린,서리가 내린 듯한 코팅이 된 냉동 블루베리 한 그릇.
fruits_nuts_rice,qwen3,1000032485,2gram,berry dark; blueberry berry; cluster bowl; dense cluster; frosty icy,"A white bowl filled with frozen blueberries, showing a dense cluster of dark berries with a frosty, icy appearance.","베리 다크; 블루베리 베리; 클러스터 그릇; 조밀한 성단; 서리가 내린, 얼음처럼 차가운",얼린 블루베리로 가득 찬 흰색 그릇. 서리가 내린 듯 차가운 느낌을 주는 짙은 색의 베리들이 빽빽하게 모여 있는 모습이 보인다.
fruits_nuts_rice,qwen3,1000032485,3gram,arrange dense cluster; berry dark purple; blueberry berry dark; bowl pile frozen; cluster bowl light,"A white bowl filled with frozen blueberries, showing a dense cluster of dark purple berries.",조밀하게 뭉치게 배열하다; 짙은 보라색 베리; 블루베리 베리 다크; 그릇 더미가 얼어붙었다; 클러스터 볼 조명,"얼린 블루베리로 가득 찬 흰색 그릇에, 짙은 보라색 열매들이 빽빽하게 모여 있는 모습이 보인다."
fruits_nuts_rice,qwen3,1000048867,1gram,bag; landscape; mountain; 시월미소米; rice,"A 10kg bag of rice with a purple landscape design, featuring the brand name 시월미소米.",가방; 풍경; 산; 시월미소米; 쌀,"보라색 풍경 그림이 그려진 10kg짜리 쌀 포대로, 브랜드명은 ‘시월미소米’입니다."
fruits_nuts_rice,qwen3,1000048867,2gram,design mountain; front rice; landscape korean; mountain landscape; purple white,"A 10kg bag of purple and white rice with a mountain landscape design, featuring the brand name (시월미소米) in Korean.","디자인 마운틴; 앞쪽 쌀; 풍경 (한국어); 산 풍경; 보라색, 흰색","산 풍경이 그려진 보라색과 흰색의 쌀 10kg 봉지로, 한국어로 된 브랜드명(시월미소米)이 표기되어 있습니다."
fruits_nuts_rice,qwen3,1000048867,3gram,10kg bag rice; design mountain landscape; front rice small; korean text 시월미소米; landscape korean text,"A 10kg bag of Korean rice with a purple mountain landscape design, featuring the brand name (시월미소米) on the front.","10kg짜리 쌀 한 자루; 산악 풍경 디자인; 앞쪽 쌀, 소; 한국어 텍스트 시월미소米; 풍경 한국어 텍스트","보라색 산 풍경이 그려진 10kg짜리 한국산 쌀 봉지로, 앞면에 브랜드명(시월미소米)이 표기되어 있습니다."
fruits_nuts_rice,qwen3,1000048867,1gram,grain; rice; uncooked; bowl; shape,A white bowl filled with uncooked rice grains.,곡물; 쌀; 익히지 않은; 그릇; 모양,생쌀알이 가득 담긴 하얀 그릇.
fruits_nuts_rice,qwen3,1000048867,2gram,rice grain; uncooked white; fill uncooked; grain rice; shape smooth,A bowl of uncooked white rice grains.,쌀알; 익히지 않은 흰색; 익히지 않은 상태로 채우기; 쌀알; 모양 매끄럽게,생 백미 한 그릇.
fruits_nuts_rice,qwen3,1000048867,3gram,fill uncooked white; uncooked white rice; bowl fill uncooked; grain rice grain; rice grain rice,A white bowl filled with uncooked white rice grains.,생 흰색을 채우세요; 생 백미; 그릇에 생식 재료를 채우세요; 쌀알 쌀알; 쌀알 쌀,생쌀알이 가득 담긴 하얀 그릇.
fruits_nuts_rice,qwen3,1000066062,1gram,container; label; bean; cylindrical; dmz,"A cylindrical container with a black lid, filled with a mix of beans, featuring a white label with text and a green logo.",컨테이너; 라벨; 콩; 원통형; DMZ,"검은색 뚜껑이 달린 원통형 용기로, 다양한 종류의 콩이 담겨 있으며, 흰색 라벨에는 문구와 녹색 로고가 인쇄되어 있다."
fruits_nuts_rice,qwen3,1000066062,2gram,bean possibly; black lid; brand dmz; container black; container white,"A clear container with a black lid filled with a mix of various beans, labeled with the brand DMZ.",아마도 콩일 수도; 검은색 뚜껑; 브랜드 DMZ; 검은색 용기; 흰색 용기,"검은색 뚜껑이 달린 투명한 용기에 다양한 종류의 콩이 섞여 들어 있으며, ‘DMZ’라는 브랜드명이 표시되어 있다."
fruits_nuts_rice,qwen3,1000066062,3gram,bean possibly seed; black lid hold; brand dmz visible; colored surface plain; container black lid,"A clear container with a black lid holds a mix of various colored seeds, with a label that reads ""DMZ"" in the center.","콩, 아마도 씨앗; 검은색 뚜껑 고정; 브랜드 DMZ 표시됨; 무늬 없는 유색 표면; 검은색 뚜껑이 달린 용기","검은색 뚜껑이 달린 투명한 용기 안에는 여러 가지 색깔의 씨앗이 섞여 들어 있으며, 용기 중앙에는 “DMZ”라고 적힌 라벨이 붙어 있다."
fruits_nuts_rice,qwen3,1000066062,1gram,include; bowl; millet; mixture; grain,A bowl of mixed grain mixture.,포함; 그릇; 기장; 혼합물; 곡물,여러 가지 곡물이 섞인 한 그릇.
fruits_nuts_rice,qwen3,1000066062,2gram,arrange loose; black light; brown arrange; color include; different color,"A bowl of mixed rice grains with various colors, including black, white, and brown, arranged loosely.",헐렁하게 정리하다; 자외선 램프; 갈색 배열; 색상 포함; 다른 색상,"검은색, 흰색, 갈색 등 다양한 색깔의 곡물이 듬성듬성 담겨 있는 한 그릇의 잡곡밥."
fruits_nuts_rice,qwen3,1000066062,3gram,arrange loose pile; black light brown; bowl fill mixture; bowl grain different; brown arrange loose,"A bowl filled with a mix of different grains, including black, white, and brown varieties, arranged in a loose pile.","흩어져 있는 더미를 정리하다; 검은색, 연한 갈색; 그릇에 혼합물 채우기; 그릇, 곡물, 다름; 갈색, 헐렁하게 정리","검은색, 흰색, 갈색 등 다양한 종류의 곡물이 섞여 있는 그릇에, 곡물들이 흩어져 쌓여 있다."
fruits_nuts_rice,qwen3,1000102438,1gram,box; apple; decorative; 15; 3x5,"A black box containing 15 red apples, each individually wrapped in a decorative paper.",상자; 사과; 장식용; 15; 3x5,장식용 종이로 하나하나 개별 포장된 빨간 사과 15개가 들어 있는 검은 상자.
fruits_nuts_rice,qwen3,1000102438,2gram,15 round; box set; color paper; decorative light; grid box,"A black box set containing 15 round, red apples in a grid box with decorative light edges.",15 라운드; 박스 세트; 색종이; 장식용 조명; 격자 상자,가장자리에 장식용 얇은 테두리가 있는 격자무늬 상자에 둥근 빨간 사과 15개가 들어 있는 블랙 박스 세트.
fruits_nuts_rice,qwen3,1000102438,3gram,15 round red; 3x5 grid box; box 15 round; box set plain; color paper cup,"A black box containing 15 round red apples, neatly arranged in a 3x5 grid.","15발, 빨간색; 3x5 격자 상자; 박스 15 라운드; 박스 세트 (무지); 색종이 컵",3×5 격자 모양으로 가지런히 배열된 둥근 빨간 사과 15개가 들어 있는 검은 상자.
fruits_nuts_rice,qwen3,1000102438,1gram,apple; finish; fluted; red; 15,"A box of 15 red apples, each individually wrapped in a fluted paper.",사과; 완료; 홈이 파인; 빨강; 15,"빨간 사과 15개가 들어 있는 상자로, 각 사과는 주름진 종이로 개별 포장되어 있습니다."
fruits_nuts_rice,qwen3,1000102438,2gram,15 red; elegant matte; fluted paper; grid skin; hue packaging,"A box of 15 red apples with a fluted paper wrapper, arranged in a grid pattern.",빨간색 15개; 우아한 무광; 홈이 파인 종이; 그리드 스킨; hue 포장,주름 장식이 있는 종이 포장지에 싸인 빨간 사과 15개가 격자무늬로 배열된 상자.
fruits_nuts_rice,qwen3,1000102438,3gram,15 red apple; 3x5 grid skin; box 15 red; elegant matte finish; fluted paper cup,"A black box containing 15 red apples arranged in a 3x5 grid, each nestled in a fluted paper cup.","빨간 사과 15개; 3x5 격자 스킨; 15번 상자, 빨간색; 우아한 무광 마감; 홈이 파인 종이컵",3×5 격자로 배열된 15개의 빨간 사과가 들어 있는 검은 상자. 각 사과는 주름진 종이컵에 담겨 있다.
fruits_nuts_rice,qwen3,1000118138,1gram,character; text; bag; additional; band,"A blue bag of Lgrow rice, labeled with Korean text and a 4 kg weight, is shown with a small bowl of rice above it.",문자; 텍스트; 가방; 추가; 밴드,한국어 문구가 적혀 있고 4kg이라고 표시된 파란색 ‘Lgrow’ 쌀 봉지 위에 작은 밥그릇이 놓여 있는 모습이 보인다.
fruits_nuts_rice,qwen3,1000118138,2gram,4kg packaging; additional text; bag dark; band bottom; beige band,"A dark blue bag of Lgrow rice with a beige band at the bottom, containing 4kg of rice, shown with a small bowl of rice above it.","4kg 포장; 추가 텍스트; 가방, 어두운 색; 밴드 하단; 베이지색 띠","바닥 부분에 베이지색 띠가 달린 짙은 파란색 Lgrow 쌀 봉지. 봉지 안에는 쌀 4kg이 들어 있으며, 그 위에는 작은 그릇에 담긴 밥이 놓여 있다."
fruits_nuts_rice,qwen3,1000118138,3gram,4kg packaging beige; bag dark blue; band bottom additional; beige band bottom; blue white text,"A dark blue bag of Lgrow rice, featuring a white circular design with Korean text and a small illustration of a rice grain, with a 4kg weight indication on the beige band at the bottom.","4kg 포장, 베이지색; 가방, 진한 파란색; 밴드 하단 추가; 베이지색 밴드 밑단; 파란색 흰색 글씨","Lgrow 쌀이 들어 있는 진한 파란색 봉지로, 흰색 원형 디자인에 한국어 문구와 작은 쌀알 일러스트가 그려져 있으며, 하단의 베이지색 띠에는 4kg이라는 중량이 표시되어 있다."
fruits_nuts_rice,qwen3,1000118138,1gram,bowl; speckled; material; ceramic; rim,A speckled ceramic bowl filled with white rice grains.,그릇; 반점이 있는; 자료; 세라믹; 림,흰 쌀알로 가득 찬 얼룩무늬 도자기 그릇.
fruits_nuts_rice,qwen3,1000118138,2gram,bowl light; brown rim; ceramic material; material speckled; rim bowl,"A light-colored ceramic bowl with a speckled texture and a brown rim, filled with white rice grains.",볼 조명; 갈색 테두리; 세라믹 소재; 무늬가 흩뿌려진 소재; 림 보울,"반점 무늬가 있는 밝은 색의 도자기 그릇으로, 가장자리는 갈색이며, 그 안에는 흰 쌀알이 가득 담겨 있다."
fruits_nuts_rice,qwen3,1000118138,3gram,brown rim bowl; ceramic material speckled; colored ceramic material; material speckled texture; rim bowl light,"A bowl of white rice with a speckled, light-colored ceramic rim.",테두리가 갈색인 그릇; 반점이 있는 세라믹 소재; 유색 세라믹 소재; 얼룩무늬 질감의 소재; 림 보울 조명,가장자리에 얼룩덜룩한 연한 색의 도자기 무늬가 있는 흰 쌀밥 한 그릇.
fruits_nuts_rice,qwen3,1000122762,1gram,apple; 가족; red; brand; allow,"A red apple with a sliced half, packaged in clear plastic with a red seal, and a whole apple in a similar package, all on a white cloth.",사과; 가족; 빨강; 브랜드; 허용하다,"반으로 잘린 빨간 사과 하나와, 빨간 밀봉 스티커가 붙은 투명한 비닐 포장지에 담긴 사과 하나, 그리고 비슷한 포장지에 담긴 통사과 하나가 모두 흰색 천 위에 놓여 있다."
fruits_nuts_rice,qwen3,1000122762,2gram,allow apple; brand apple; brand 가족; highlight smooth; inside brand,"A package of red apples with a clear plastic wrapper, one of which is sliced in half to show the inside, placed on a white cloth.","애플 허용; 브랜드 애플; 브랜드가족; 강조 표시, 부드럽게; 브랜드 내부","투명한 비닐 포장지에 싸인 빨간 사과 한 팩이 흰 천 위에 놓여 있는데, 그중 하나는 속이 보이도록 반으로 잘려 있다."
fruits_nuts_rice,qwen3,1000122762,3gram,allow apple inside; apple inside brand; apple package clear; brand apple shiny; brand 가족 clearly,"A package of red apples with the brand name ""가족"" (Gakjuk) visible on the packaging, displayed on a white cloth with some apples whole and one cut in half.",애플 제품을 반입할 수 있도록 허용; 애플 인사이드 브랜드; 애플 패키지 투명; 반짝이는 브랜드 사과; 브랜드가족을 명확히,"포장에 “가족”(Gakjuk)이라는 브랜드명이 적힌 빨간 사과 한 팩이 흰 천 위에 진열되어 있으며, 사과 중 일부는 통째로 있고 하나는 반으로 잘려 있다."
fruits_nuts_rice,qwen3,1000122762,1gram,apple; red; way; wrap; cut,"A red apple with a cut section, displayed on a white cloth, with a clear plastic wrap containing the same apple.",사과; 빨강; 방법; wrap; 잘라내기,"흰 천 위에 썰린 단면이 보이는 빨간 사과가 놓여 있고, 그와 똑같은 사과가 들어 있는 투명한 비닐 랩이 함께 놓여 있다."
fruits_nuts_rice,qwen3,1000122762,2gram,apple partially; apple reveal; arrange way; cut apple; fresh appearance,"A fresh red apple with a cut revealing its juicy interior, arranged on a white cloth with other whole apples and a packaged apple in the background.",애플 일부; 애플 공개; 방법을 마련하다; 썰어 놓은 사과; 산뜻한 외관,"즙이 가득한 속이 드러나도록 반으로 잘린 싱싱한 빨간 사과 한 개가, 흰 천 위에 다른 통사과들과 함께 놓여 있고, 배경에는 포장된 사과가 보인다."
fruits_nuts_rice,qwen3,1000122762,3gram,apple arrange way; apple partially wrap; apple reveal pale; arrange way highlight; cloth apple shiny,"A red apple with a partially wrapped, clear plastic bag, arranged on a white cloth with two halves cut in half to reveal the pale flesh.","사과 배열 방법; 사과를 반쯤 감싸기; 애플, ‘페일’ 공개; 배치 방식 강조 표시; 천으로 만든 반짝이는 사과","투명한 비닐봉지에 반쯤 싸인 빨간 사과 하나가, 흰 천 위에 놓여 있으며, 두 조각은 반으로 잘려 연한 속살이 드러나 있다."
fruits_nuts_rice,qwen3,1000144509,1gram,bag; rice; product; 100percent; 365,"A 4 kg bag of KF365 Kurly Fresh rice, featuring a clear window to show the grains, with a small bowl of rice beside it.",가방; 쌀; 제품; 100퍼센트; 365,쌀알이 보이도록 투명한 창이 있는 4kg짜리 KF365 컬리 프레시 쌀 봉지와 그 옆에 놓인 작은 밥그릇.
fruits_nuts_rice,qwen3,1000144509,2gram,bag rice; 100percent natural; 365 day; 4kg bag; bag clear,"A 4kg bag of KF365 Kurly Fresh rice, featuring a clear window to show the rice inside, with a small bowl of rice beside it.",봉지밥; 100% 천연; 365일; 4kg 봉지; 가방 비우기,내부의 쌀을 볼 수 있도록 투명한 창이 있는 4kg짜리 KF365 컬리 프레시 쌀 봉지와 그 옆에 놓인 작은 밥그릇.
fruits_nuts_rice,qwen3,1000144509,3gram,100percent natural product; 365 day shelf; 4kg bag rice; bag clear window; bag indicate product,"A 4kg bag of KF365 Kurly Fresh rice, featuring a clear window to show the grains, with a 365-day shelf life and a 100% natural product label.",100% 천연 제품; 365일 보관 가능; 4kg짜리 쌀 한 봉지; 투명 창이 있는 가방; 가방에 제품 표시,"KF365 컬리 프레시 쌀 4kg 포장지로, 쌀알을 볼 수 있는 투명 창이 있으며, 유통기한은 365일이고 100% 천연 제품 라벨이 부착되어 있습니다."
fruits_nuts_rice,qwen3,1000144509,1gram,grain; rice; bowl; pile; textured,A white bowl filled with a pile of white rice grains.,곡물; 쌀; 그릇; 더미; 질감이 있는,하얀 쌀알이 한 무더기 담긴 하얀 그릇.
fruits_nuts_rice,qwen3,1000144509,2gram,rice grain; pile white; bowl pile; grain rice; gray textured,A white bowl filled with a pile of white rice grains on a gray textured surface.,쌀알; 흰색 더미; 그릇 더미; 쌀알; 회색 무늬,회색 질감의 표면 위에 하얀 쌀알이 산더미처럼 쌓여 있는 하얀 그릇.
fruits_nuts_rice,qwen3,1000144509,3gram,bowl pile white; pile white rice; white bowl pile; grain rice grain; rice grain rice,A white bowl filled with a pile of white rice grains.,"그릇 더미, 흰색; 흰 쌀밥을 한 줌; 하얀 그릇 더미; 쌀알 쌀알; 쌀알 쌀",하얀 쌀알이 한 무더기 담긴 하얀 그릇.
fruits_nuts_rice,qwen3,1000253378,1gram,blueberry; frozen; silver; coating; frosty,"A bowl of frozen blueberries with a silver spoon, showing a frosty coating.",블루베리; 얼어붙은; 은; 코팅; 서리가 내린,"서리가 내린 듯한 겉면이 보이는, 은색 숟가락이 꽂힌 냉동 블루베리 한 그릇."
fruits_nuts_rice,qwen3,1000253378,2gram,blueberry present; coating indicate; frosty coating; frozen silver; green plate,"A bowl of frozen blueberries with a frosty coating, served on a green plate with a silver spoon.",블루베리 선물; 코팅 표시; 서리가 내린 듯한 코팅; 얼어붙은 은; 초록색 접시,"서리가 내린 듯한 코팅이 된 냉동 블루베리 한 그릇이, 은색 숟가락과 함께 초록색 접시에 담겨 있다."
fruits_nuts_rice,qwen3,1000253378,3gram,blue frosty coating; blueberry present light; bowl blueberry light; coating indicate frozen; frosty coating indicate,"A light green bowl filled with blueberries that have a frosty coating, with a spoon resting in the bowl.",푸른 서리 같은 코팅; 블루베리 선물용 조명; 블루베리 라이트 볼; 코팅이 얼어붙은 것을 나타냄; 서리가 낀 듯한 코팅은 다음을 나타냅니다,"서리가 내린 듯한 겉면을 가진 블루베리가 가득 담긴 연한 녹색 그릇과, 그 안에 놓인 숟가락."
fruits_nuts_rice,qwen3,1000253378,1gram,blueberry; bowl; metal; coating; frosty,A bowl of frosty blueberries with a metal spoon.,블루베리; 그릇; 금속; 코팅; 서리가 내린,금빛 숟가락이 꽂힌 서리가 내린 듯한 블루베리 한 그릇.
fruits_nuts_rice,qwen3,1000253378,2gram,blueberry bowl; color light; frosty white; metal spoon; surface metal,"A light-colored bowl filled with frosty blueberries, with a metal spoon holding a few berries.",블루베리 그릇; 컬러 조명; 서리가 내린 듯한 하얀색; 금속 숟가락; 표면 금속,"서리가 내린 듯한 블루베리로 가득 찬 밝은 색의 그릇과, 그 안에 블루베리 몇 알을 얹은 금속 숟가락."
fruits_nuts_rice,qwen3,1000253378,3gram,blue frosty white; blueberry bowl light; bowl blueberry bowl; bowl light green; coating surface metal,"A light green bowl filled with frosty blueberries, with a spoon holding a few berries.","푸른색, 서리가 내린 듯한 흰색; 블루베리 보울 조명; 블루베리 볼; 그릇, 연한 초록색; 금속 표면 코팅","서리가 내린 듯한 블루베리로 가득 찬 연한 녹색 그릇과, 그 안에 블루베리 몇 알을 얹은 숟가락."
fruits_nuts_rice,qwen3,1000338204,1gram,blueberry; bag; frozen; brand; chile,"A bag of frozen blueberries, with a small bowl of the same fruit above it, labeled ""Blueberry Delicious Fruits"" and ""1 kg"".",블루베리; 가방; 얼어붙은; 브랜드; 칠레,"냉동 블루베리 한 봉지와 그 위에 같은 과일이 담긴 작은 그릇이 놓여 있으며, 봉지에는 “블루베리 딜리셔스 프루츠”와 “1kg”이라고 적혀 있다."
fruits_nuts_rice,qwen3,1000338204,2gram,frozen blueberry; 1kg blueberry; bag frozen; blueberry bag; blueberry front,"A 1 kg bag of frozen blueberries, featuring a purple and green packaging with the brand name ""Blueberry Delicious Fruits"" and a logo indicating ""Fresh Blueberry"" and ""Chile"" origin.",냉동 블루베리; 블루베리 1kg; 봉지에 얼린; 블루베리 가방; 블루베리 프론트,"1kg짜리 냉동 블루베리 봉지로, 보라색과 녹색의 포장에 “Blueberry Delicious Fruits”라는 브랜드명과 “Fresh Blueberry” 및 원산지 “칠레”를 나타내는 로고가 표시되어 있다."
fruits_nuts_rice,qwen3,1000338204,3gram,1kg blueberry front; bag frozen blueberry; bag indicate weight; blueberry front small; blueberry large white,"A 1 kg bag of frozen blueberries, with a purple and green packaging featuring the brand name ""Blueberry Delicious Fruits"" and a small flag indicating a Chilean origin.","1kg 블루베리 전면; 냉동 블루베리 봉지; 가방에 무게 표시; 블루베리 전면 소형; 블루베리, 큼, 흰색","1kg짜리 냉동 블루베리 봉지로, 보라색과 녹색의 포장지에 “Blueberry Delicious Fruits”라는 브랜드명이 적혀 있으며, 칠레산임을 나타내는 작은 깃발이 붙어 있다."
fruits_nuts_rice,qwen3,1000338204,1gram,blueberry; crystal; ice; texture; frozen,A bowl of frozen blueberries with a crystalline texture.,블루베리; 크리스탈; 얼음; 질감; 얼어붙은,결이 선명한 식감을 지닌 냉동 블루베리 한 그릇.
fruits_nuts_rice,qwen3,1000338204,2gram,texture surface; blueberry white; crystal blueberry; ice crystal; purple slightly,"A bowl of frozen blueberries with a crystalline texture, presented in a white bowl.",질감 표면; 블루베리 화이트; 크리스탈 블루베리; 얼음 결정; 약간 보라색,"흰색 그릇에 담긴, 수정처럼 투명한 식감을 지닌 냉동 블루베리 한 그릇."
fruits_nuts_rice,qwen3,1000338204,3gram,blueberry white bowl; crystal blueberry white; dark purple slightly; ice crystal blueberry; purple slightly texture,"A white bowl filled with dark purple, frozen blueberries that have a slightly textured surface.","블루베리 흰색 그릇; 크리스탈 블루베리 화이트; 짙은 보라색, 약간; 얼음 결정 블루베리; 보라색, 약간 질감이 느껴지는",표면에 약간의 질감이 느껴지는 짙은 보라색의 얼린 블루베리가 가득 담긴 흰색 그릇.
fruits_nuts_rice,qwen3,1000763360,1gram,grape; neutral; bunch; interior; juicy,"A bunch of fresh green grapes on a light blue plate, with two halves cut open to show the juicy interior.",포도; 중립; 한 묶음; 인테리어; 즙이 풍부한,하늘색 접시 위에 놓인 싱싱한 녹색 포도 한 송이. 그중 두 알은 반으로 잘려 있어 과즙이 가득한 속이 드러나 있다.
fruits_nuts_rice,qwen3,1000763360,2gram,blue plate; grape light; interior light; neutral color; grape cut,"A bunch of fresh green grapes on a light blue plate, with a few cut halves placed nearby.",파란 접시; 포도빛; 실내등; 중성색; 포도 썰기,"하늘색 접시 위에 싱싱한 녹색 포도 한 송이가 놓여 있고, 그 옆에는 반으로 잘린 포도 몇 개가 놓여 있다."
fruits_nuts_rice,qwen3,1000763360,3gram,blue plate grape; glossy surface grape; grape light blue; green grape light; interior light neutral,"A bunch of green grapes on a light blue plate, with a few cut in half to show the interior.","블루 플레이트 포도; 광택이 나는 표면의 포도; 포도색 연한 파란색; 초록 포도 빛; 실내 조명, 중성색",하늘색 접시 위에 놓인 푸른 포도 한 송이. 그중 몇 알은 반으로 잘라 속이 보이게 되어 있다.
fruits_nuts_rice,qwen3,1000763360,1gram,grape; plate; sheen; slight; green,"A bunch of fresh green grapes on a white plate, with a few cut in half to show the inside.",포도; 판; 광택; 약간의; 초록색,흰 접시 위에 놓인 싱싱한 녹색 포도 한 송이. 그중 몇 알은 반으로 잘라 속이 보이게 되어 있다.
fruits_nuts_rice,qwen3,1000763360,2gram,cluster scatter; color slight; droplet grape; grape white; interior grape,"A cluster of fresh, light green grapes with a few scattered on a white plate, showing their juicy interior.",클러스터 산포도; 색상: 약간; 물방울 포도; 화이트 그레이프; 실내 포도,"흰 접시 위에 뭉쳐진 싱싱하고 연한 녹색의 포도송이와 그 사이사이에 흩어져 있는 몇 알의 포도가, 과즙이 가득한 속을 드러내고 있다."
fruits_nuts_rice,qwen3,1000763360,3gram,arrange cluster scatter; cluster scatter plate; color slight sheen; droplet grape cut; grape arrange cluster,"A bunch of fresh green grapes with a slight sheen, arranged on a white plate with a few cut grapes scattered around.",클러스터 산포도 정리하기; 클러스터 산란판; 색상: 은은한 광택; 물방울 모양 포도 썰기; 포도 송이 배열,"은은한 광택이 도는 싱싱한 녹색 포도 한 송이가 하얀 접시 위에 담겨 있고, 그 주위에는 잘라 놓은 포도 몇 알이 흩어져 있다."
fruits_nuts_rice,qwen3,1000858612,1gram,pineapple; container; rectangular; slice; product,"A packaged container of pineapple slices, with a label indicating the product name ""KF365"" and a weight of 1 kg.",파인애플; 컨테이너; 직사각형; 슬라이스; 제품,"파인애플 슬라이스가 들어 있는 포장 용기로, 제품명 “KF365”와 중량 1kg이 표기된 라벨이 붙어 있다."
fruits_nuts_rice,qwen3,1000858612,2gram,pineapple slice; black letter; 1kg net; 2 pineapple; 600kcal pineapple,"A packaged container of KF365 pineapple slices, with a label indicating a 1kg net weight, is shown with two slices on a white plate.",파인애플 조각; 블랙 레터; 순중량 1kg; 파인애플 2개; 600kcal 파인애플,순중량 1kg이라고 표시된 라벨이 붙은 KF365 파인애플 슬라이스 포장 용기가 흰 접시 위에 슬라이스 두 조각과 함께 놓여 있다.
fruits_nuts_rice,qwen3,1000858612,3gram,1kg net weight; 2 pineapple slice; 600kcal pineapple piece; arrange single row; black letter kurly fresh,"A packaged container of KURLY FRESH pineapple slices, with a label indicating a 1kg net weight and 600kcal per piece, arranged in a single row.",순중량 1kg; 파인애플 2조각; 600kcal 파인애플 조각; 한 줄로 정렬; 블랙 레터 컬리 프레시,"‘KURLY FRESH’ 파인애플 슬라이스가 들어 있는 포장 용기로, 라벨에는 순중량 1kg, 1개당 600kcal라고 표시되어 있으며, 제품들이 한 줄로 정렬되어 있다."
fruits_nuts_rice,qwen3,1000858612,1gram,pineapple; piece; plate; chunk; fibrous,Three chunks of pineapple on a white plate.,파인애플; 작품; 판; 청크; 섬유질의,하얀 접시 위에 파인애플 조각 세 개가 놓여 있다.
fruits_nuts_rice,qwen3,1000858612,2gram,3 piece; chunk reveal; cut rectangular; fibrous juicy; flesh fibrous,Three cut rectangular chunks of pineapple on a white plate.,3점 세트; 청크 공개; 직사각형으로 자르기; 섬유질이 풍부하고 과즙이 풍부한; 섬유질의 살,흰 접시 위에 파인애플을 직사각형 모양으로 썰어 세 조각이 놓여 있다.
fruits_nuts_rice,qwen3,1000858612,3gram,3 piece pineapple; bright yellow flesh; chunk reveal bright; cut rectangular chunk; fibrous juicy texture,"Three pieces of pineapple with bright yellow flesh and a chunk reveal bright, cut into rectangular chunks.",파인애플 3조각; 선명한 노란색 과육; 청크가 밝게 드러남; 직사각형 모양의 덩어리를 잘라내다; 섬유질이 풍부하고 즙이 많은 식감,"선명한 노란색 과육을 가진 파인애플 세 조각이, 직사각형 모양으로 큼직하게 썰려 있습니다."
fruits_nuts_rice,qwen3,1000867509,1gram,rice; package; pouch; fine; light,"A 4kg package of light, fine rice, presented in a minimalist white pouch with a small bowl of the rice beside it.",쌀; 패키지; 파우치; 좋아요; 빛,"4kg짜리 가볍고 고운 쌀 한 봉지가 미니멀한 흰색 파우치에 담겨 있고, 그 옆에는 그 쌀을 담은 작은 그릇이 놓여 있다."
fruits_nuts_rice,qwen3,1000867509,2gram,colored pouch; front packaging; green surface; label package; pouch white,"A white pouch of 4kg rice with a minimalist label, displayed on a green surface with a small bowl of rice and wheat stalks beside it.",색상별 파우치; 전면 포장; 녹색 표면; 라벨 패키지; 파우치 화이트,"미니멀한 라벨이 붙은 4kg짜리 흰색 쌀 봉지가 녹색 바탕 위에 놓여 있고, 그 옆에는 작은 그릇에 담긴 쌀과 밀 이삭이 놓여 있다."
fruits_nuts_rice,qwen3,1000867509,3gram,clearly visible front; colored pouch white; front packaging simple; green surface rice; label package small,"A 4kg package of white rice with a simple front packaging, displayed on a green surface with a small bowl of rice and a stalk of rice.","앞면이 선명하게 보임; 컬러 파우치, 흰색; 전면 포장, 심플한 디자인; 녹색 표면 쌀; 라벨 패키지 소형","전면 포장이 심플한 4kg짜리 백미 한 봉지가, 작은 밥그릇과 벼 한 줄기가 놓인 녹색 바탕 위에 진열되어 있다."
fruits_nuts_rice,qwen3,1000867509,1gram,rice; bag; matte; color; fine,"A 4kg bag of rice with a matte finish, featuring a minimalist design and a small bowl of rice beside it.",쌀; 가방; 무광; 색상; 좋아요,"무광 마감 처리된 4kg 쌀 한 봉지와 미니멀한 디자인, 그리고 그 옆에 놓인 작은 밥그릇이 그려져 있습니다."
fruits_nuts_rice,qwen3,1000867509,2gram,cloth rice; color matte; design bag; matte plastic; 4kg clearly,"A 4kg bag of rice with a minimalist design, featuring a white and light pink color scheme, is displayed on a soft green surface with a bowl of rice and rice stalks nearby.","찹쌀; 무광 색상; 디자인 가방; 무광 플라스틱; 4kg, 확실히","흰색과 연분홍색을 주조색으로 한 미니멀한 디자인의 4kg 쌀 한 포대가 은은한 녹색 바탕 위에 놓여 있으며, 그 옆에는 밥 한 그릇과 벼 이삭이 놓여 있다."
fruits_nuts_rice,qwen3,1000867509,3gram,cloth rice light; color matte plastic; design bag small; light color matte; matte plastic bag,"A light-colored matte plastic bag of 4kg rice, with the Korean text ""7일향미"" (Seven-day fragrance) on the front, displayed next to a bowl of rice and a stalk of rice.","천, 쌀, 빛; 무광 플라스틱; 소형 디자인 가방; 밝은 색상, 무광; 무광 플라스틱 봉투","앞면에 “7일향미”라는 한국어 문구가 적힌 밝은 색상의 무광 플라스틱 봉지에 담긴 4kg짜리 쌀이, 밥 한 그릇과 벼 이삭 한 줄기 옆에 진열되어 있다."
fruits_nuts_rice,qwen3,1000867511,1gram,bag; rice; soft; 8kg; 7일향미,"A white bag of 8kg rice labeled ""7일향미"" with a small bowl of rice and rice stalks beside it.",가방; 쌀; 부드러운; 8kg; 7일향미,“7일향미”라고 적힌 8kg짜리 흰 쌀 봉지와 그 옆에 작은 그릇에 담긴 밥 한 그릇과 벼 이삭이 놓여 있다.
fruits_nuts_rice,qwen3,1000867511,2gram,7일향미 front; 8kg small; bag soft; color slightly; design right,"A white bag of 8kg rice with a minimalist design, featuring the Korean text ""7일향미"" (7-day fragrance) and a small image of the rice grains, is displayed on a light green background with a stalk of rice and a bowl of rice beside it.",7일일향미 전면; 8kg 소형; 부드러운 가방; 약간 색이 들다; 디자인권,"미니멀한 디자인의 8kg짜리 흰색 쌀 포장에 “7일향미”라는 한국어 문구와 작은 쌀알 이미지가 새겨져 있으며, 연한 녹색 배경 위에 이 포장이 놓여 있고 그 옆에는 벼 이삭 한 줄기와 밥 한 그릇이 놓여 있다."
fruits_nuts_rice,qwen3,1000867511,3gram,7일향미 front bag; 8kg small rice; bag label 8kg; bag rice text; bag soft light,"A white bag of 8kg rice with the Korean text ""7일향미"" on the front, displayed next to a bowl of rice and stalks of rice.",7일일향미 앞주머니; 8kg짜리 작은 쌀; 8kg 봉지 라벨; 봉지 쌀 텍스트; 부드러운 빛을 내는 가방,"앞면에 “7일향미”라는 한국어 문구가 적힌 8kg짜리 흰 쌀 봉지가, 밥 한 그릇과 벼 이삭 옆에 진열되어 있다."
fruits_nuts_rice,qwen3,1000867511,1gram,bag; rice; right; crumple; vertically,"A 8kg bag of rice, displayed with a bowl of rice and dried rice stalks on a light green and beige background.",가방; 쌀; 맞아요; 구겨지다; 수직으로,연두색과 베이지색 배경 위에 밥 한 그릇과 마른 벼 이삭과 함께 진열된 8kg짜리 쌀 한 포대.
fruits_nuts_rice,qwen3,1000867511,2gram,7일향미 print; 8kg circular; bag korean; beige surface; circular rice,"A 8kg bag of 7일향미 rice, displayed on a beige surface with a bowl of rice and rice stalks.",7일 일향미 프린트; 8kg 원형; 가방 (한국어); 베이지색 표면; 동그란 쌀,"베이지색 바탕 위에 밥 한 그릇과 벼 이삭이 놓여 있는 가운데, 8kg짜리 ‘7일향미’ 쌀 한 봉지가 진열되어 있다."
fruits_nuts_rice,qwen3,1000867511,3gram,7일향미 print vertically; 8kg circular rice; bag korean text; bag rice light; beige surface packaging,"A 8kg bag of rice with a light beige packaging, featuring vertical Korean text ""7일향미"" and a circular image of the rice, displayed on a soft beige surface with a bowl of rice and dried rice stalks nearby.",7일일향미를 세로로 인쇄; 8kg 원형 쌀; 가방 (한국어); 가벼운 쌀 봉지; 베이지색 표면 포장,"밝은 베이지색 포장에 담긴 8kg짜리 쌀 한 봉지로, 포장지에는 세로로 “7일향미”라는 한국어 문구와 쌀을 형상화한 원형 이미지가 그려져 있으며, 부드러운 베이지색 배경 위에 밥 한 그릇과 말린 벼 이삭이 옆에 놓여 있다."
fruits_nuts_rice,qwen3,1000908371,1gram,apple; box; branding; fuji; gala,"A box of fresh red apples, with some cut in half to show the interior, arranged on a light-colored cloth.",사과; 상자; 브랜딩; 후지; 갈라,"밝은 색의 천 위에, 속이 보이도록 반으로 잘린 사과 몇 개가 곁들여진 신선한 빨간 사과 한 상자."
fruits_nuts_rice,qwen3,1000908371,2gram,box apple; apple possibly; apple several; box brown; branding text,A box of red apples with a few cut in half on a cloth.,산사나무; 애플일 수도 있다; 애플 여러 개; 갈색 상자; 브랜딩 문구,"천 위에 놓인 빨간 사과 한 상자와, 그중 몇 개는 반으로 잘려 있다."
fruits_nuts_rice,qwen3,1000908371,3gram,apple cut slice; apple fresh likely; apple inside apple; apple possibly variety; apple red shiny,"A box of fresh, red, shiny apples with a few cut slices displayed on a cloth.","사과를 썰다; 아마도 신선한 사과일 것; 사과 속의 사과; 사과, 아마도 품종일 가능성이 있음; 사과처럼 붉고 반짝이는","천 위에 몇 조각 잘라 놓은 사과와 함께, 싱싱하고 붉으며 윤기 나는 사과 한 상자가 놓여 있다."
fruits_nuts_rice,qwen3,1000908371,1gram,apple; store; standard; cardboard; tone,"A box of fresh red apples, with one cut in half to reveal the crisp, pale flesh, resting on a textured cloth.",사과; 상점; 표준; 골판지; 어조,"신선한 빨간 사과 한 상자. 그중 하나는 반으로 잘려 바삭하고 연한 과육이 드러나 있으며, 질감이 느껴지는 천 위에 놓여 있다."
fruits_nuts_rice,qwen3,1000908371,2gram,apple cardboard; apple standard; box partially; cardboard box; core slice,"A box of fresh red apples with a core slice and a few pieces cut in half, resting on a cloth.",애플 카드보드; 애플 표준; 상자 일부; 골판지 상자; 코어 슬라이스,"천 위에 놓인 신선한 빨간 사과 한 상자. 사과 한 개는 심이 잘려 있고, 몇 개는 반으로 잘려 있다."
fruits_nuts_rice,qwen3,1000908371,3gram,apple cardboard box; apple main apple; apple package store; apple standard round; box partially visible,"A close-up of several red apples, with one cut in half to reveal the pale flesh and a small piece of apple on the cloth. A cardboard box is partially visible in the background.",애플 골판지 상자; 애플 메인 애플; 애플 패키지 스토어; 애플 스탠다드 라운드; 상자가 부분적으로 보입니다,"붉은 사과 여러 개를 클로즈업한 사진으로, 그중 하나는 반으로 잘려 연한 속살이 드러나 있고, 천 위에는 사과 조각 하나가 놓여 있다. 배경에는 골판지 상자가 일부 보인다."
fruits_nuts_rice,qwen3,1000973922,1gram,packet; box; product; print; mix,"A white box and packet of KF365 Kurly Fresh mix nuts, with a small white dish containing the nuts.",패킷; 상자; 제품; 인쇄; mix,"흰색 상자와 KF365 커리 프레시 혼합 견과류 한 봉지, 그리고 견과류가 담긴 작은 흰색 접시."
fruits_nuts_rice,qwen3,1000973922,2gram,product print; small white; almond pecan; box packaging; box packet,"A white box packaging with the brand name ""KF365 KURLY FRESH"" and a small white packet labeled ""KF365 KURLY FRESH"" with a small bowl of mixed nuts, including almonds and pecans, on a light gray surface.",제품 인쇄; 작은 흰색; 아몬드 피칸; 박스 포장; 박스 패키지,"브랜드명 “KF365 KURLY FRESH”가 적힌 흰색 상자 포장지와, “KF365 KURLY FRESH”라고 표시된 작은 흰색 봉지, 그리고 밝은 회색 바탕 위에 아몬드와 피칸 등이 섞인 견과류가 담긴 작은 그릇이 놓여 있다."
fruits_nuts_rice,qwen3,1000973922,3gram,almond pecan front; black letter small; box packaging simple; box packet snack; box rectangular product,"A white box packaging simple with the brand name KF365 in black letter small, featuring a small white packet of KF365 Kurly Fresh snack with a small bowl of mixed nuts including almonds and pecans.",아몬드 피칸 앞면; 블랙 레터 소문자; 박스 포장 (간단); 박스 포장 간식; 직사각형 상자 제품,"검은색 작은 글씨로 ‘KF365’라는 브랜드명이 적힌 심플한 흰색 상자 포장 안에, KF365 Kurly Fresh 스낵이 들어 있는 작은 흰색 봉지와 아몬드, 피칸 등이 섞인 견과류가 담긴 작은 그릇이 들어 있습니다."
fruits_nuts_rice,qwen3,1000973922,1gram,nut; product; hazelnut; cashew; casual,"A white bowl contains a mix of nuts including cashews, walnuts, almonds, and hazelnuts, next to a white package labeled ""KF365 KURLY FRESH"".",너트; 제품; 헤이즐넛; 캐슈; 캐주얼,"흰색 그릇에는 캐슈넛, 호두, 아몬드, 헤이즐넛 등이 섞인 견과류가 담겨 있으며, 그 옆에는 “KF365 KURLY FRESH”라고 적힌 흰색 포장지가 놓여 있다."
fruits_nuts_rice,qwen3,1000973922,2gram,black purple; cashew pecan; casual natural; hazelnut overall; include almond,"A white bowl contains a mix of nuts including almonds, cashews, walnuts, and pecans, next to a white package labeled ""KF365 KURLY FRESH"".","검은색, 보라색; 캐슈, 피칸; 캐주얼하고 자연스러운; 헤이즐넛 전체; 아몬드 포함","흰색 그릇에는 아몬드, 캐슈넛, 호두, 피칸 등이 섞여 들어 있으며, 그 옆에는 “KF365 KURLY FRESH”라고 적힌 흰색 포장지가 놓여 있다."
fruits_nuts_rice,qwen3,1000973922,3gram,almond walnut cashew; arrange casual natural; black purple text; bowl white packet; cashew pecan hazelnut,"A white bowl contains a mix of almonds, walnuts, cashews, and pecans, with a white packet labeled ""KF365 KURLY FRESH"" next to it.","아몬드, 호두, 캐슈넛; 캐주얼하고 자연스러운 스타일 연출하기; 검은색과 보라색 텍스트; 흰색 그릇 모양의 봉지; 캐슈넛, 피칸, 헤이즐넛","흰색 그릇에는 아몬드, 호두, 캐슈넛, 피칸이 섞여 들어 있고, 그 옆에는 “KF365 KURLY FRESH”라고 적힌 흰색 봉지가 놓여 있다."
fruits_nuts_rice,qwen3,1001234463,1gram,tomato; uniformly; red; surround; cherry,"A bowl of uniformly red cherry tomatoes, with a few scattered on the surface.",토마토; 일률적으로; 빨강; 주변; 체리,"고르게 붉은 체리 토마토가 한 그릇 가득 담겨 있고, 표면에는 몇 개가 흩어져 있다."
fruits_nuts_rice,qwen3,1001234463,2gram,blue surround; red fresh; surround loose; tomato uniformly; uniformly red,"A bowl of uniformly red, fresh cherry tomatoes with their stems still attached, set on a light-colored surface.","파란색 테두리; 붉은색, 신선한; 주변이 헐거움; 토마토를 골고루; 전체가 붉은색","줄기가 그대로 붙어 있는, 붉은빛이 고르게 도는 신선한 체리 토마토 한 그릇이 밝은 색의 받침대 위에 놓여 있다."
fruits_nuts_rice,qwen3,1001234463,3gram,blue surround loose; light blue surround; scatter surface tomato; surface tomato uniformly; surround loose tomato,"A light blue bowl filled with fresh, red cherry tomatoes, with a few scattered on the surface.",파란색 테두리가 헐거움; 하늘색 테두리; 표면에 토마토를 흩뿌리다; 토마토 표면을 고르게 바르세요; 주변에 흩어진 토마토,"신선한 붉은 체리 토마토로 가득 찬 연한 파란색 그릇 위에, 몇 개가 흩어져 있다."
fruits_nuts_rice,qwen3,1001234463,1gram,tomato; bowl; fill; dense; brim,"A light blue bowl filled with fresh, red cherry tomatoes, with a few scattered on the surface.",토마토; 그릇; 채우기; 조밀하다; 테두리,"신선한 붉은 체리 토마토로 가득 찬 연한 파란색 그릇 위에, 몇 개가 흩어져 있다."
fruits_nuts_rice,qwen3,1001234463,2gram,blue fill; brim tomato; dense pile; pile tomato; arrange dense,"A blue bowl filled with a dense pile of fresh, red cherry tomatoes, with a few scattered on the surface.",파란색 채우기; 가장자리가 두툼한 토마토; 촘촘한 털; 토마토 더미; 조밀하게 배열하다,"파란 그릇에 꽉 찬 신선한 붉은 체리 토마토 더미와, 그 표면에 몇 개가 흩어져 있다."
fruits_nuts_rice,qwen3,1001234463,3gram,arrange dense pile; blue fill brim; brim tomato arrange; dense pile tomato; fill brim tomato,"A blue bowl filled with a dense pile of fresh, red cherry tomatoes, with a few scattered on the surface.",촘촘하게 쌓기; 파란색 테두리; 테두리 토마토 배열; 알이 꽉 찬 토마토; 토마토를 가득 채우다,"파란 그릇에 꽉 찬 신선한 붉은 체리 토마토 더미와, 그 표면에 몇 개가 흩어져 있다."
fruits_nuts_rice,qwen3,1001303421,1gram,apple; tone; neutral; yellowish; predominantly,"A group of four red apples with a yellowish hue, one of which is cut in half to show the interior, resting on a neutral, textured cloth.",사과; 어조; 중립; 노란빛이 도는; 주로,"노란빛이 도는 붉은 사과 네 개가 중성적인 색상의 질감이 느껴지는 천 위에 놓여 있으며, 그중 하나는 반으로 잘려 속이 드러나 있다."
fruits_nuts_rice,qwen3,1001303421,2gram,apple neutral; seed apple; color textured; tone smooth; yellowish tone,"A group of four red apples with a yellowish tone, resting on a light-colored cloth, with two of them cut in half to reveal the seeds and pale flesh.",애플 중립; 씨사과; 색상 및 질감; 톤이 부드럽다; 노란빛이 도는 색조,"노란빛이 도는 붉은 사과 네 개가 밝은 색 천 위에 놓여 있으며, 그중 두 개는 반으로 잘려 씨와 옅은 색의 과육이 드러나 있다."
fruits_nuts_rice,qwen3,1001303421,3gram,apple neutral light; cloth apple predominantly; dark seed apple; glossy surface apple; seed apple neutral,"A group of four red apples with a glossy surface, one of which is cut in half to reveal the light-colored flesh and a dark seed, resting on a neutral light-colored cloth.",애플 뉴트럴 라이트; 주로 천으로 만든 사과; 검은 씨 사과; 광택이 나는 표면의 사과; 씨사과 중성,"광택이 나는 표면의 붉은 사과 네 개가 중성적인 밝은 색의 천 위에 놓여 있는데, 그중 하나는 반으로 잘려 있어 밝은 색의 과육과 어두운 색의 씨앗이 드러나 있다."
fruits_nuts_rice,qwen3,1001303421,1gram,apple; fabric; appeal; frayed; patch,"A group of fresh red apples, with one cut in half to reveal the juicy interior, resting on a light-colored, frayed fabric.",사과; 원단; 항소; 닳아 해진; 패치,"밝은 색의 끝이 풀린 천 위에, 붉고 싱싱한 사과들이 놓여 있는데, 그중 하나는 반으로 잘려 과즙이 가득한 속이 드러나 있다."
fruits_nuts_rice,qwen3,1001303421,2gram,2 apple; appeal manner; apple light; casual appeal; edge apple,"A fresh, red apple with a yellowish blush, cut in half to reveal its crisp, pale flesh and a small seed, resting on a light-colored cloth.",사과 2개; 항소 방식; 애플 라이트; 캐주얼한 매력; 엣지 애플,"노란빛이 감도는 싱싱한 빨간 사과가 반으로 잘려, 바삭하고 연한 과육과 작은 씨앗이 드러난 채 밝은 색의 천 위에 놓여 있다."
fruits_nuts_rice,qwen3,1001303421,3gram,2 apple cut; apple fresh arrange; apple light gray; arrange casual appeal; casual appeal manner,"A fresh arrangement of five red apples, with two cut in half to reveal their juicy interiors, placed on a light gray surface.","사과 2개, 썰어 놓은 것; 사과를 신선하게 담기; 애플 라이트 그레이; 캐주얼한 매력을 연출하다; 캐주얼한 매력과 스타일","밝은 회색 바탕 위에, 즙이 가득한 속이 드러나도록 반으로 잘린 사과 두 개를 포함해 총 다섯 개의 빨간 사과가 신선하게 배열되어 있다."
fruits_nuts_rice,qwen3,1001502284,1gram,cherry; long; wrinkle; cloth; thin,A pile of fresh cherries on a white cloth.,체리; 긴; 주름; 천; 얇은,흰 천 위에 쌓여 있는 갓 따온 체리들.
fruits_nuts_rice,qwen3,1001502284,2gram,cherry dark; cherry scatter; cloth slightly; fabric neutral; fresh cherry,"A pile of fresh, dark cherries scattered on a slightly crumpled, neutral-colored cloth.",짙은 체리색; 체리 스캐터; 천을 살짝; 무지 원단; 신선한 체리,약간 구겨진 무채색 천 위에 갓 따온 짙은 색의 체리가 한 무더기 흩어져 있다.
fruits_nuts_rice,qwen3,1001502284,3gram,cherry dark red; cherry scatter white; cloth cherry dark; cloth slightly wrinkle; dark red glossy,"A pile of dark red, glossy cherries scattered on a white cloth with slight wrinkles.","체리색, 짙은 빨강; 체리 스캐터 화이트; 천 체리 다크; 천에 약간의 주름이 생김; 짙은 빨간색에 광택이 나는",약간 주름진 흰 천 위에 짙은 빨간색의 윤기 나는 체리들이 한 무더기 흩어져 있다.
fruits_nuts_rice,qwen3,1001502284,1gram,cherry; recently; wash; fresh; lie,"A pile of fresh, recently washed cherries on a white cloth.",체리; 최근에; 세척; 신선한; 거짓말,흰 천 위에 갓 씻은 신선한 체리가 한 무더기 놓여 있다.
fruits_nuts_rice,qwen3,1001502284,2gram,cherry arrange; cherry glossy; cherry green; cluster lie; droplet visible,"A cluster of fresh, glossy cherries with visible droplets, arranged on a light-colored cloth.",체리 장식; 체리 광택; 체리 그린; 클러스터 거짓말; 물방울이 보인다,"밝은 색의 천 위에, 갓 따온 듯 윤기 나는 체리들이 물방울이 맺힌 채 한 무더기로 놓여 있다."
fruits_nuts_rice,qwen3,1001502284,3gram,arrange natural loose; cherry arrange natural; cherry glossy water; cherry green stem; cloth cherry glossy,"A pile of fresh, glossy cherries with green stems, arranged on a white cloth.",자연스러운 헐렁한 스타일 연출; 체리 자연스러운 배열; 체리 글로시 워터; 체리 녹색 줄기; 천 체리 광택,"흰색 식탁보 위에, 푸른 줄기가 달린 싱싱하고 윤기 나는 체리들이 한 무더기 놓여 있다."
fruits_nuts_rice,qwen3,1001729429,1gram,rice; packaging; bag; quality; signify,"A 10kg bag of premium rice, packaged in a white and purple bag with Korean text, is shown with a small bowl of rice beside it.",쌀; 포장; 가방; 품질; 의미하다,"한국어 문구가 적힌 흰색과 보라색 봉지에 포장된 10kg짜리 프리미엄 쌀 한 봉지가, 그 옆에 작은 밥그릇이 놓여 있는 모습이 보인다."
fruits_nuts_rice,qwen3,1001729429,2gram,10kg packaging; brand 쌀명당; character 특; emblem character; gold emblem,"A 10kg bag of premium rice, featuring a gold emblem and the brand name 쌀명당, is displayed with a small bowl of the rice grains beside it.",10kg 포장; 브랜드 ‘쌀명당’; 특성; 상징 캐릭터; 금색 엠블럼,"금색 엠블럼과 ‘쌀명당’이라는 브랜드명이 새겨진 10kg짜리 프리미엄 쌀 한 포대가, 그 옆에 작은 그릇에 담긴 쌀알들과 함께 진열되어 있다."
fruits_nuts_rice,qwen3,1001729429,3gram,10kg packaging primarily; bag grain rice; brand 쌀명당 visible; character 특 likely; emblem character 특,"A 10kg bag of premium rice with a purple and white design, featuring the brand 쌀명당 and a gold emblem with the character 특.",주로 10kg 단위 포장; 포장된 쌀; 브랜드 ‘쌀명당’ 표시됨; 특이라는 성격일 가능성이 높다; 엠블럼 캐릭터특,"보라색과 흰색 디자인이 돋보이는 10kg짜리 프리미엄 쌀 봉지로, ‘쌀명당’ 브랜드와 ‘특’이라는 한자가 새겨진 금색 엠블럼이 특징입니다."
fruits_nuts_rice,qwen3,1001729429,1gram,grain; bowl; rice; white; translucent,"A white bowl filled with white, translucent rice grains, with a few scattered around the base.",곡물; 그릇; 쌀; 흰색; 반투명한,"하얗고 반투명한 쌀알로 가득 찬 하얀 그릇으로, 바닥 쪽에 쌀알 몇 알이 흩어져 있다."
fruits_nuts_rice,qwen3,1001729429,2gram,rice grain; appearance bowl; ceramic simple; clean design; cloth surface,"A white ceramic bowl filled with white rice grains, with a few grains scattered on a white cloth surface.",쌀알; 장식용 그릇; 세라믹 심플; 깔끔한 디자인; 천 표면,"흰 쌀알로 가득 찬 흰 도자기 그릇과, 흰 천 위에 몇 알이 흩어져 있는 모습."
fruits_nuts_rice,qwen3,1001729429,3gram,appearance bowl white; bowl white ceramic; ceramic simple clean; cloth surface bowl; grain grain scatter,"A white ceramic bowl filled with white rice grains, with a few scattered around the base, set on a white cloth surface.","외관: 흰색 그릇; 흰색 도자기 그릇; 세라믹, 심플하고 깔끔한; 천 소재 그릇; 곡물, 곡물 흩뿌리기","흰색 천 위에 놓인 흰 도자기 그릇에는 흰 쌀알이 가득 담겨 있고, 그릇 바닥 주변에는 쌀알 몇 알이 흩어져 있다."
fruits_nuts_rice,qwen3,1001882653,1gram,apple; striped; yellow; set; bowl,"A white bowl contains several fresh apples, some whole and one cut in half, with a few slices placed beside the bowl on a grey surface.",사과; 줄무늬; 노란색; set; 그릇,"하얀 그릇 안에는 신선한 사과 몇 개가 들어 있는데, 그중 일부는 통째로 있고 하나는 반으로 잘려 있으며, 그릇 옆의 회색 표면 위에는 사과 조각 몇 개가 놓여 있다."
fruits_nuts_rice,qwen3,1001882653,2gram,bowl set; bowl several; flesh bowl; skin pale; slice surface,"A white bowl holds several fresh apples, with one cut in half to reveal its pale flesh and a few slices placed beside it on a neutral surface.",그릇 세트; 그릇 몇 개; 살 그릇; 피부가 창백하다; 단면,"하얀 그릇에는 갓 따온 사과 몇 개가 담겨 있는데, 그중 하나는 반으로 잘려 연한 과육이 드러나 있고, 그 옆에는 무채색 바탕 위에 사과 조각 몇 개가 놓여 있다."
fruits_nuts_rice,qwen3,1001882653,3gram,2 slice surface; bowl set light; bowl several apple; flesh bowl set; oval bowl several,"A white oval bowl contains several fresh apples, with one cut in half to reveal its light-colored flesh and a small seed. Two additional apple slices are placed on the surface beside the bowl.",2조각 표면; 그릇 세트 조명; 사과 몇 개를 썰어; 고기 그릇 세트; 타원형 그릇 여러 개,"하얀 타원형 그릇에는 신선한 사과 몇 개가 담겨 있는데, 그중 하나는 반으로 잘려 있어 연한 색의 과육과 작은 씨앗이 드러나 있다. 그릇 옆 표면에는 사과 조각 두 개가 더 놓여 있다."
fruits_nuts_rice,qwen3,1001882653,1gram,grey; apple; plate; yellow; stripe,"A white plate holds several fresh apples, one of which is cut in half to reveal its juicy interior, with two slices placed beside the plate on a grey surface.",회색; 사과; 판; 노란색; 줄무늬,"하얀 접시 위에는 갓 따온 사과 몇 개가 놓여 있는데, 그중 하나는 반으로 잘려 과즙이 가득한 속이 드러나 있으며, 두 조각은 접시 옆의 회색 표면 위에 놓여 있다."
fruits_nuts_rice,qwen3,1001882653,2gram,flesh pale; grey surface; plain grey; plate set; skin stripe,"A white plate holds several red apples with yellowish skin stripes, one of which is cut in half to reveal pale flesh. Two apple slices are placed on the grey surface beside the plate.",창백한 살결; 회색 표면; 무지 회색; 식기 세트; 피부 줄무늬,"흰색 접시 위에는 노란빛이 도는 줄무늬가 있는 붉은 사과 몇 개가 놓여 있는데, 그중 하나는 반으로 잘려 연한 색의 과육이 드러나 있다. 접시 옆의 회색 표면 위에는 사과 조각 두 개가 놓여 있다."
fruits_nuts_rice,qwen3,1001882653,3gram,2 slice grey; flesh pale yellow; grey surface apple; oval plate hold; pale yellow visible,"A white oval plate holds several red and yellow striped apples, with one cut in half to reveal pale yellow flesh and a small seed. Two slices are placed on the grey surface beside the plate.",회색 2장; 옅은 노란색의 살; 표면이 회색인 사과; 타원형 접시 거치대; 옅은 노란색이 보인다,"하얀 타원형 접시 위에는 빨간색과 노란색 줄무늬가 있는 사과 몇 개가 놓여 있는데, 그중 하나는 반으로 잘려 연한 노란색 과육과 작은 씨앗이 드러나 있다. 접시 옆의 회색 표면 위에는 사과 조각 두 개가 놓여 있다."
fruits_nuts_rice,qwen3,1002140343,1gram,avocado; plate; bumpy; 3; rim,"Three bumpy avocados on a white plate with a blue rim, with two halves cut open to reveal the pit.",아보카도; 판; 울퉁불퉁한; 3; 림,"파란 테두리가 있는 흰 접시 위에 울퉁불퉁한 아보카도 세 개가 놓여 있고, 그중 두 개는 반으로 잘려 씨앗이 드러나 있다."
fruits_nuts_rice,qwen3,1002140343,2gram,2 half; avocado arrange; avocado dark; avocado green; brown seed,"Three dark avocados arranged on a white plate with a blue rim, next to two halves of an avocado with a brown seed.",2/2; 아보카도 담기; 아보카도 다크; 아보카도 그린; 갈색 씨앗,"파란 테두리가 있는 흰 접시 위에 검은색 아보카도 세 개가 놓여 있고, 그 옆에는 갈색 씨앗이 박힌 아보카도 반쪽 두 개가 놓여 있다."
fruits_nuts_rice,qwen3,1002140343,3gram,2 half avocado; 3 whole avocado; arrange white oval; avocado arrange white; avocado dark bumpy,"Three dark, bumpy avocados arranged on a white oval plate, with two halves cut open to reveal the pit.","아보카도 반 개 2개; 아보카도 3개; 흰색 타원형 배치; 아보카도, 흰색으로 배열; 아보카도, 색이 어둡고 표면이 울퉁불퉁한","흰색 타원형 접시 위에 짙은 색에 표면이 울퉁불퉁한 아보카도 세 개가 놓여 있으며, 그중 두 개는 반으로 잘려 씨앗이 드러나 있다."
fruits_nuts_rice,qwen3,1002140343,1gram,avocado; pit; flesh; scoop; half,"A halved avocado with its pit exposed, served on a white plate with a scoop of the flesh.",아보카도; 구덩이; 살; 특종; 반,"씨앗이 드러난 반으로 자른 아보카도 한 쪽이, 과육 한 숟가락과 함께 흰 접시에 담겨 있다."
fruits_nuts_rice,qwen3,1002140343,2gram,avocado flesh; avocado pale; avocado present; avocado whole; brown spoon,"A whole avocado, a halved avocado with its pit exposed, and a spoonful of avocado flesh on a white plate with a blue rim.",아보카도 과육; 아보카도 페일; 아보카도 선물; 아보카도 통째로; 갈색 숟가락,"파란 테두리가 있는 흰 접시 위에 통 아보카도 하나, 씨앗이 드러난 반으로 자른 아보카도 하나, 그리고 숟가락 한 숟가락 분량의 아보카도 과육이 놓여 있다."
fruits_nuts_rice,qwen3,1002140343,3gram,avocado pale green; avocado present white; avocado whole cut; blue rim avocado; brown spoon hold,"A whole and a halved avocado with the pit removed, served on a white plate with a blue rim and a spoon holding a scoop of the creamy, pale green flesh.",아보카도 연한 녹색; 아보카도 선물 화이트; 통 아보카도 썰기; 파란 테두리가 있는 아보카도; 갈색 숟가락 잡기,"씨를 제거한 아보카도 한 개와 반으로 자른 아보카도 한 조각이, 파란 테두리가 있는 흰 접시 위에 담겨 있고, 크림처럼 부드럽고 연한 녹색의 과육 한 숟가락이 숟가락에 얹혀 있다."
fruits_nuts_rice,qwen3,5003716,1gram,banana; curved; flat; fold; formation,"A bunch of ripe bananas, curved and resting on a folded white cloth.",바나나; 곡선형; 평평한; 접기; 형성,잘 익은 바나나 한 다발이 휘어져 접힌 흰 천 위에 놓여 있다.
fruits_nuts_rice,qwen3,5003716,2gram,cloth banana; color flat; curved formation; flat surface; fold white,"A bunch of ripe bananas with a curved formation, resting on a folded white cloth on a flat surface.",천으로 만든 바나나; 단색; 곡선형 배열; 평평한 표면; 흰색 접기,"평평한 표면 위에 접힌 흰 천을 깔고, 그 위에 휘어진 모양을 띤 잘 익은 바나나 한 다발이 놓여 있다."
fruits_nuts_rice,qwen3,5003716,3gram,arrange natural slightly; banana arrange natural; banana yellow peel; cloth banana arrange; cloth light color,A bunch of ripe yellow bananas arranged on a folded white cloth.,자연스럽게 살짝 정리하다; 바나나를 자연스럽게 배열하기; 바나나 노란 껍질; 천으로 만든 바나나 장식; 밝은 색상의 천,접힌 흰 천 위에 잘 익은 노란 바나나들이 한 무더기 놓여 있다.
fruits_nuts_rice,qwen3,5003716,1gram,banana; peel; back; end; cloth,A bunch of ripe bananas with a peeled one on a white cloth.,바나나; 껍질; 뒤로; 끝; 천,흰 천 위에 껍질을 벗긴 바나나 한 개와 잘 익은 바나나 한 다발이 놓여 있다.
fruits_nuts_rice,qwen3,5003716,2gram,banana peel; white cloth; colored surface; back reveal; banana white,"A bunch of ripe yellow bananas resting on a white cloth, with one banana peeled and placed beside it on a light-colored surface.",바나나 껍질; 흰 천; 유색 표면; 등 부분 노출; 바나나 화이트,"하얀 천 위에 잘 익은 노란 바나나들이 놓여 있고, 그중 하나는 껍질을 벗겨서 밝은 색의 표면 위에 그 옆에 놓여 있다."
fruits_nuts_rice,qwen3,5003716,3gram,light colored surface; back reveal white; banana peel back; banana peel white; banana white cloth,"A bunch of ripe yellow bananas resting on a white cloth, with one banana peeled and placed beside it on a light-colored surface.","밝은 색상의 표면; 뒷면 노출, 흰색; 바나나 껍질 뒤쪽; 바나나 껍질색; 바나나색 흰 천","하얀 천 위에 잘 익은 노란 바나나들이 놓여 있고, 그중 하나는 껍질을 벗겨서 밝은 색의 표면 위에 그 옆에 놓여 있다."
fruits_nuts_rice,qwen3,5025577,1gram,kiwis; board; kiwi; brownish; sticker,"A wooden board holds several brownish kiwis, one of which is sliced in half to reveal its dark seeds, with two slices placed on the surface.",키위; 게시판; 키위; 갈색을 띤; 스티커,"나무 판자 위에는 갈색을 띤 키위 몇 개가 놓여 있는데, 그중 하나는 반으로 잘려 어두운 색의 씨앗이 드러나 있고, 두 조각은 판자 위에 올려져 있다."
fruits_nuts_rice,qwen3,5025577,2gram,board kiwi; brownish green; front board; green skin; kiwi surface,"A wooden cutting board holds several whole and sliced kiwis, with one cut in half to reveal the dark seeds inside.",보드 키위; 갈색을 띤 녹색; 앞판; 초록색 피부; 키위 껍질,"나무 도마 위에는 통째로 된 키위와 썰어 놓은 키위가 몇 개 놓여 있으며, 그중 하나는 반으로 잘려 안쪽의 검은 씨앗이 드러나 있다."
fruits_nuts_rice,qwen3,5025577,3gram,board kiwi cut; board kiwis brownish; brownish green skin; cutting board kiwi; dark seed 2,"A wooden cutting board holds several brownish green kiwis, with one cut in half to reveal dark seeds, and two slices placed on the surface.","보드 키위 컷; 보드 키위, 갈색을 띤; 갈색을 띤 녹색 껍질; 도마 키위; 다크 시드 2","나무 도마 위에는 갈색을 띤 녹색 키위가 몇 개 놓여 있는데, 그중 하나는 반으로 잘려 어두운 씨앗이 드러나 있고, 두 조각은 도마 위에 놓여 있다."
fruits_nuts_rice,qwen3,5025577,1gram,kiwis; kiwi; zespri; board; cutting,"A wooden cutting board holds several whole and sliced kiwis, with one half cut to reveal the fruit's yellow flesh and dark seeds. The kiwis are branded with a Zespri sticker.",키위; 키위; 제스프리; 게시판; 절단,"나무 도마 위에는 통째로 놓인 키위와 썰어 놓은 키위가 여러 개 놓여 있으며, 그중 하나는 반으로 잘려 과육의 노란 속살과 검은 씨가 드러나 있습니다. 키위들에는 제스프리(Zespri) 스티커가 붙어 있습니다."
fruits_nuts_rice,qwen3,5025577,2gram,brown color; color fuzzy; front main; fuzzy textured; kiwi front,"A wooden cutting board holds several whole and sliced kiwis, with one half cut to reveal the fruit's yellow flesh and dark seeds. The kiwis have a brown, fuzzy textured skin and a label with the brand name ""Zespri"" on them.",갈색; 색상 불분명; 메인 화면; 보송보송한 질감의; 키위 프론트,"나무 도마 위에는 통째로 된 키위와 썰어 놓은 키위가 여러 개 놓여 있으며, 그중 하나는 반으로 잘려 과육의 노란색과 검은 씨앗이 드러나 있다. 키위들은 갈색의 보송보송한 껍질을 가지고 있으며, ‘Zespri’라는 브랜드명이 적힌 라벨이 붙어 있다."
fruits_nuts_rice,qwen3,5025577,3gram,blue white label; board kiwis light; brand zespri visible; brown color fuzzy; color fuzzy textured,"A wooden board with several brown, fuzzy kiwis, one of which is sliced in half to reveal a yellow flesh with dark seeds, and two slices placed in front. The kiwis have a Zespri brand label on them.",블루 화이트 라벨; 보드 키위 라이트; 브랜드 제스프리 눈에 띄게; 갈색이고 보송보송한; 색상이 흐릿하고 질감이 있는,"갈색이고 털이 보송보송한 키위 몇 개가 올려진 나무 판 위에, 그중 하나는 반으로 잘려 노란 과육과 검은 씨가 드러나 있고, 앞쪽에는 두 조각이 놓여 있다. 키위에는 ‘제스프리(Zespri)’ 브랜드 라벨이 붙어 있다."
fruits_nuts_rice,qwen3,5027321,1gram,peach; style; cloth; red; yellow,"A bowl of fresh peaches with red and yellow skin, arranged on a white cloth with green leaves.",복숭아; 스타일; 천; 빨강; 노란색,"빨간색과 노란색 껍질을 가진 신선한 복숭아 한 그릇이, 초록색 잎사귀와 함께 흰색 식탁보 위에 예쁘게 담겨 있다."
fruits_nuts_rice,qwen3,5027321,2gram,cloth peach; red yellow; bowl cloth; bowl line; coloration mix,"A wooden bowl lined with a white cloth holds several peaches with a mix of red and yellow coloration, surrounded by fresh green leaves on a white wooden surface.",천 복숭아; 빨강 노랑; 그릇 닦는 천; 볼 라인; 색상 혼합,"흰 천으로 안을 감싼 나무 그릇에는 붉은색과 노란색이 어우러진 복숭아 몇 개가 담겨 있고, 하얀 나무 받침대 위에는 싱그러운 녹색 잎사귀들이 그 주위를 둘러싸고 있다."
fruits_nuts_rice,qwen3,5027321,3gram,arrange natural rustic; bowl cloth peach; bowl line white; cloth peach fresh; coloration mix red,"A wooden bowl lined with a white cloth holds several fresh peaches with a mix of red and yellow coloration, arranged naturally on a white surface with a few green leaves.","자연스럽고 소박한 분위기를 연출하다; 그릇용 천, 복숭아색; 그릇 라인 화이트; 천, 복숭아, 신선한; 색상 혼합: 빨강","흰 천으로 안을 감싼 나무 그릇에는 붉은색과 노란색이 어우러진 싱싱한 복숭아 몇 개가 담겨 있으며, 흰 바탕 위에 몇 장의 푸른 잎과 함께 자연스럽게 놓여 있다."
fruits_nuts_rice,qwen3,5027321,1gram,peach; wooden; freshness; coloration; accompany,"A close-up of fresh peaches with a vibrant red and yellow coloration, resting on a white cloth with green leaves.",복숭아; 나무로 된; 신선함; 색상; 동행하다,"생기 넘치는 빨간색과 노란색을 띤 신선한 복숭아들이, 녹색 잎사귀가 흩뿌려진 흰 천 위에 놓여 있는 모습을 클로즈업한 사진."
fruits_nuts_rice,qwen3,5027321,2gram,bowl container; color wooden; coloration smooth; droplet indicate; freshness peach,"A close-up of fresh peaches with a smooth, vibrant red and yellow coloration, resting on a white cloth with a few green leaves.",그릇 용기; 컬러 목재; 색상 균일함; 물방울은 ~을 나타냅니다; 신선한 복숭아,"매끄럽고 선명한 빨간색과 노란색을 띠는 신선한 복숭아의 클로즈업 사진으로, 흰 천 위에 몇 장의 녹색 잎과 함께 놓여 있다."
fruits_nuts_rice,qwen3,5027321,3gram,arrange white cloth; bowl container light; color wooden surface; coloration smooth slightly; container light color,"A close-up of several fresh peaches with a smooth, slightly speckled skin, resting on a white cloth with a wooden bowl container in the background.",흰 천을 깔다; 그릇형 용기 조명; 색상이 입혀진 목재 표면; 색상이 부드럽고 약간; 컨테이너의 밝은 색상,"표면이 매끄럽고 약간 얼룩덜룩한 껍질을 가진 신선한 복숭아 몇 개가 흰 천 위에 놓여 있는 근접 촬영 사진으로, 배경에는 나무 그릇이 보인다."
fruits_nuts_rice,qwen3,5031442,1gram,banana; plate; fork; wood; sliced,"A wooden plate holds a peeled banana with slices cut into it, accompanied by a white fork, with a bunch of whole bananas in the background.",바나나; 판; 포크; 나무; 얇게 썬,"나무 접시 위에는 껍질을 벗기고 칼집을 낸 바나나가 놓여 있고, 흰색 포크가 곁들여져 있으며, 배경에는 통바나나 한 다발이 보인다."
fruits_nuts_rice,qwen3,5031442,2gram,fork hold; grain light; hold piece; piece plate; plate natural,"A wooden plate holds a peeled banana with a piece cut from it, accompanied by a white fork, with a bunch of bananas in the background.",포크 잡기; 미세한 빛; 고정 부품; 조각 판; 플레이트 내추럴,"나무 접시 위에는 껍질을 벗기고 한 조각을 잘라낸 바나나가 놓여 있으며, 흰색 포크가 곁들여져 있고, 배경에는 바나나 한 다발이 보인다."
fruits_nuts_rice,qwen3,5031442,3gram,fork hold piece; grain light blue; hold piece plate; piece plate natural; plate natural wood,"A wooden plate holds a peeled banana with a piece cut from it, accompanied by a white fork, with a bunch of bananas in the background.","포크 고정 부품; 옅은 하늘색; 고정판; 조각 접시, 천연; 천연 목재 접시","나무 접시 위에는 껍질을 벗기고 한 조각을 잘라낸 바나나가 놓여 있으며, 흰색 포크가 곁들여져 있고, 배경에는 바나나 한 다발이 보인다."
fruits_nuts_rice,qwen3,5031442,1gram,banana; plate; fork; sliced; peel,"A bunch of ripe bananas on a wooden plate, with one peeled and sliced, accompanied by a white fork.",바나나; 판; 포크; 얇게 썬; 껍질,"나무 접시 위에 잘 익은 바나나 한 묶음이 놓여 있고, 그중 하나는 껍질을 벗겨 썰어 놓았으며, 흰색 포크가 곁에 놓여 있다."
fruits_nuts_rice,qwen3,5031442,2gram,fork plate; plate plate; arrange banana; banana plate; blue surface,"A bunch of ripe bananas on a wooden plate, with one peeled and sliced, accompanied by a white fork on a light blue surface.",포크 플레이트; 접시 접시; 바나나를 정리하다; 바나나 접시; 파란색 표면,"나무 접시 위에 잘 익은 바나나 한 다발이 놓여 있고, 그중 하나는 껍질을 벗겨 썰어 놓았으며, 연한 파란색 바탕 위에 흰색 포크 하나가 곁들여져 있다."
fruits_nuts_rice,qwen3,5031442,3gram,fork plate plate; plate light blue; plate plate light; white fork plate; arrange banana peel,"A bunch of ripe yellow bananas, with one peeled and sliced, resting on a light blue plate with a white fork.","포크 플레이트 플레이트; 접시, 연하늘색; 플레이트 플레이트 조명; 흰색 포크 접시; 바나나 껍질을 정리하다","잘 익은 노란 바나나 한 다발과, 그중 하나는 껍질을 벗겨 썰어 놓은 채, 흰색 포크가 놓인 연한 파란색 접시 위에 놓여 있다."
fruits_nuts_rice,qwen3,5034841,1gram,fruit; interior; kumquat; cut; citrus,"A white oval bowl contains several fresh kumquats, with one cut in half to reveal its juicy interior, set against a light background.",과일; 인테리어; 금귤; 잘라내기; 감귤류,"밝은 색의 배경 위에, 흰색 타원형 그릇에 신선한 금귤 몇 개가 담겨 있으며, 그중 하나는 반으로 잘려 과즙이 가득한 속이 드러나 있다."
fruits_nuts_rice,qwen3,5034841,2gram,colored citrus; cut juicy; fruit partially; interior bowl; kumquat fruit,"A white bowl contains several kumquats, with one cut in half to reveal its juicy interior, set against a light background.",색깔이 있는 감귤류; 즙이 풍부한; 과일 일부; 내부 그릇; 금귤,"밝은 배경 위에 흰 그릇에 금귤 몇 개가 담겨 있는데, 그중 하나는 반으로 잘려 과즙이 가득한 속이 드러나 있다."
fruits_nuts_rice,qwen3,5034841,3gram,bowl pile small; colored citrus fruit; cut juicy interior; fruit likely kumquat; fruit partially cut,"A white bowl contains a pile of small, colorful citrus fruits with a cut, juicy interior, likely kumquats.","작은 그릇 더미; 색깔이 있는 감귤류 과일; 즙이 풍부한 속살을 잘라내다; 과일, 아마도 금귤; 일부만 잘린 과일","하얀 그릇에는 작고 알록달록한 감귤류 과일들이 한 무더기 담겨 있는데, 과육이 잘려 있고 과즙이 가득한 것으로 보아 금귤인 것 같다."
fruits_nuts_rice,qwen3,5034841,1gram,fruit; orange; plate; round; clementine,"A pile of round, bright orange clementines on a white plate, with one cut in half to reveal the juicy segments.",과일; 오렌지; 판; 둥근; 클레멘타인,"하얀 접시 위에 둥글고 선명한 주황색의 클레멘타인이 한 무더기 놓여 있고, 그중 하나는 반으로 잘려 과즙이 가득한 과육이 드러나 있다."
fruits_nuts_rice,qwen3,5034841,2gram,clementine arrange; cloth fruit; collection small; flesh fruit; fruit bright,"A white plate holds a collection of small, bright clementines, with one cut in half to reveal its juicy flesh.","클레멘타인 배열; 천으로 만든 과일; 소형 컬렉션; 육질 과일; 과일, 화사함","하얀 접시 위에는 작고 선명한 색의 클레멘타인이 여러 개 놓여 있는데, 그중 하나는 반으로 잘려 있어 과즙이 가득한 과육이 드러나 있다."
fruits_nuts_rice,qwen3,5034841,3gram,bright orange color; clementine arrange white; cloth fruit bright; collection small round; color texture pebbled,"A collection of small, round, bright orange clementines with a pebbled texture, some of which are sliced to reveal their juicy interior, arranged on a white plate.","선명한 주황색; 클레멘타인, 흰색 배열; 천으로 만든 과일, 밝은 색상; 컬렉션 소형 원형; 색상, 질감, 자갈 무늬","작고 둥글며 선명한 주황색을 띠고 표면이 자갈처럼 울퉁불퉁한 클레멘타인들이 흰 접시 위에 담겨 있는데, 그중 일부는 얇게 썰려 과즙이 가득한 속살이 드러나 있다."
fruits_nuts_rice,qwen3,5035954,1gram,blueberry; leave; square; wet; marble,"Two square glass bowls filled with fresh blueberries, with a few leaves and a few berries scattered around on a marble surface.",블루베리; 떠나다; 정사각형; 젖은; 대리석,"신선한 블루베리로 가득 찬 두 개의 정사각형 유리 그릇과, 대리석 표면 위에 흩어져 있는 몇 장의 잎과 몇 알의 블루베리."
fruits_nuts_rice,qwen3,5035954,2gram,2 clear; blueberry blueberry; blueberry mint; clear square; colored marble,"Two clear square bowls filled with fresh blueberries, with a few scattered on a white marble surface and a sprig of mint.",2개 삭제; 블루베리 블루베리; 블루베리 민트; 빈 사각형; 유색 대리석,"신선한 블루베리로 가득 찬 투명한 사각 그릇 두 개와, 흰 대리석 표면 위에 흩어져 있는 블루베리 몇 알, 그리고 민트 한 줄기가 놓여 있다."
fruits_nuts_rice,qwen3,5035954,3gram,2 clear square; blueberry blueberry dark; blueberry mint leave; bowl fill fresh; clear square shape,"Two clear square bowls filled with fresh blueberries, each garnished with a mint leaf, are presented on a marble surface.",2개의 투명한 정사각형; 블루베리 블루베리 다크; 블루베리 민트 잎; 그릇에 신선한 것을 채우세요; 뚜렷한 정사각형 모양,"신선한 블루베리로 가득 채워진 투명한 사각 그릇 두 개가, 각각 민트 잎 한 장씩을 곁들여 대리석 상판 위에 놓여 있습니다."
fruits_nuts_rice,qwen3,5035954,1gram,yogurt; glass; blueberry; clear; generous,"A bowl of white yogurt topped with fresh blueberries and a sprig of mint, served in a clear glass bowl on a white plate.",요구르트; 유리; 블루베리; 지우기; 넉넉한,"흰색 요거트 한 그릇에 신선한 블루베리와 민트 한 줄기를 얹어, 흰색 접시 위에 놓인 투명한 유리 그릇에 담아낸 요리."
fruits_nuts_rice,qwen3,5035954,2gram,clear glass; blueberry entire; blueberry sprig; bowl scalloped; bowl yogurt,"A clear glass bowl with a scalloped edge contains yogurt topped with fresh blueberries and a sprig of mint, with a spoon resting in the bowl.",투명한 유리; 블루베리 통째로; 블루베리 가지; 그릇 모양의 스칼로프; 그릇에 담긴 요거트,"가장자리가 물결 모양으로 처리된 투명한 유리 그릇에는 요거트가 담겨 있고, 그 위에 신선한 블루베리와 민트 한 줄기가 올려져 있으며, 그릇 안에는 숟가락 하나가 놓여 있다."
fruits_nuts_rice,qwen3,5035954,3gram,blueberry entire setup; blueberry sprig mint; bowl scalloped edge; bowl yogurt present; clear glass container,"A bowl of yogurt topped with blueberries and a sprig of mint, served in a scalloped-edge glass bowl on a white plate, with a clear glass container of blueberries in the background.",블루베리 전체 구성; 블루베리 가지 민트; 그릇의 물결 모양 가장자리; 그릇에 담긴 요거트 선물; 투명한 유리 용기,"블루베리와 민트 한 줄기를 얹은 요거트 한 그릇이, 흰 접시 위에 놓인 물결 모양 가장자리의 유리 그릇에 담겨 있으며, 배경에는 블루베리가 담긴 투명한 유리 용기가 놓여 있다."
fruits_nuts_rice,qwen3,5036748,1gram,kiwi; zespi; brand; label; circle,"A clear plastic container of Zespi kiwi fruit with a yellow label featuring images of sliced kiwi, displayed next to a small plate with two whole and one sliced kiwi on a white marble surface.",키위; zespi; 브랜드; 라벨; 원,"흰색 대리석 표면 위에, 얇게 썬 키위 그림이 그려진 노란색 라벨이 붙은 ‘제스피(Zespi)’ 키위가 담긴 투명한 플라스틱 용기가, 통키위 두 개와 얇게 썬 키위 한 개가 담긴 작은 접시 옆에 놓여 있다."
fruits_nuts_rice,qwen3,5036748,2gram,brand type; brand zespi; circle label; fruit specifically; green circle,"A plastic container of Zespi kiwi fruit with a yellow and green label, featuring images of sliced kiwi, is displayed on a white marble surface, with two whole and one sliced kiwi on a small white plate.",브랜드 유형; 브랜드 제스피; 원형 라벨; 특히 과일; 초록색 원,"노란색과 녹색 라벨이 붙은 ‘제스피(Zespi)’ 키위 플라스틱 용기가 흰색 대리석 표면 위에 놓여 있으며, 작은 흰색 접시 위에는 통키위 두 개와 썰어 놓은 키위 한 조각이 담겨 있다."
fruits_nuts_rice,qwen3,5036748,3gram,brand type kiwi; brand zespi green; circle label include; fruit specifically zespi; green circle label,"A clear plastic container of Zespi kiwi fruit, with a yellow and green label featuring images of sliced kiwi, is displayed on a white marble surface, with two whole and one sliced kiwi on a small white plate.","브랜드: 키위; 브랜드 제스피 그린; 원형 라벨 포함; 과일, 특히 제스피; 초록색 원형 라벨","얇게 썬 키위 그림이 그려진 노란색과 녹색 라벨이 붙은 ‘제스피(Zespi)’ 키위가 담긴 투명한 플라스틱 용기가 흰색 대리석 상판 위에 놓여 있으며, 작은 흰색 접시 위에는 통키위 두 개와 썰어 놓은 키위 한 조각이 담겨 있다."
fruits_nuts_rice,qwen3,5036748,1gram,kiwi; fruit; container; label; whole,"A packaged container of Zespri Kiefruit kiwi, with a yellow and green label showing a sliced fruit, and a plate with two whole and one halved kiwi.",키위; 과일; 컨테이너; 라벨; 전체,"Zespri Kiefruit 키위가 들어 있는 포장 용기로, 노란색과 녹색 라벨에는 썰어 놓은 과일 그림이 그려져 있으며, 접시 위에는 통째로 된 키위 두 개와 반으로 자른 키위 한 개가 놓여 있다."
fruits_nuts_rice,qwen3,5036748,2gram,kiwi fruit; container small; container whole; english kiwi fruit; fruit brand,"A packaged container of Zespri Kiefruit kiwi fruit, with one fruit cut in half on a small plate.",키위; 소형 용기; 컨테이너 전체; 영어 키위; 과일 브랜드,"제스프리 키프루트 키위가 포장된 용기와, 작은 접시 위에 반으로 잘린 키위 한 개가 놓여 있다."
fruits_nuts_rice,qwen3,5036748,3gram,3 whole kiwi; brand zespri red; container small white; container whole uniform; dark seed plain,"A pack of Zespri Kiefruit kiwi with a yellow and green label, featuring images of the fruit, is shown with three whole kiwis and one cut in half on a small white plate.",키위 3개; 브랜드 제스프리 레드; 작은 흰색 용기; 컨테이너 전체 균일; 어둠의 씨앗 평원,"과일 이미지가 그려진 노란색과 녹색 라벨이 붙은 제스프리 키프루트 키위 한 팩이, 작은 흰색 접시 위에 통키위 세 개와 반으로 자른 키위 한 개와 함께 놓여 있다."
fruits_nuts_rice,qwen3,5038123,1gram,grape; bunch; plate; second; focus,"A bunch of dark purple grapes on a white plate, with a second bunch in the background.",포도; 한 묶음; 판; 두 번째; 초점,"흰 접시 위에 놓인 짙은 보라색 포도 한 송이와, 그 뒤편에 또 다른 송이가 하나 더 보인다."
fruits_nuts_rice,qwen3,5038123,2gram,appearance surface; bunch dark; bunch grape; cluster frosty; focus plate,"A bunch of dark grapes with a frosty appearance, presented on a white plate with a blue rim.",외관 표면; 어두운 무리; 송이 포도; 클러스터 프로스티; 초점판,"서리가 내린 듯한 모습을 한 검은 포도 한 송이가, 파란 테두리가 있는 흰 접시 위에 담겨 있다."
fruits_nuts_rice,qwen3,5038123,3gram,appearance surface second; blue rim grape; bunch dark purple; bunch grape visible; cluster frosty appearance,"A bunch of dark purple grapes with a frosty appearance, presented on a white plate with a blue rim, set against a light gray background.","외관, 표면, 두 번째; 파란 테두리 포도; 짙은 보라색 한 다발; 송이째 달린 포도가 보인다; 군집이 서리가 내린 듯한 모습","서리가 내린 듯한 어두운 보라색 포도 한 송이가, 파란 테두리가 있는 흰 접시 위에 담겨 있으며, 배경은 밝은 회색이다."
fruits_nuts_rice,qwen3,5038123,1gram,grape; natural; deep; imperfection; rich,"A cluster of dark purple grapes with a natural, deep color and a few imperfections, resting on a light gray surface.",포도; 자연스러운; 깊은; 불완전함; 부유한,"밝은 회색 바탕 위에 놓인, 자연스럽고 짙은 색을 띠며 약간의 흠이 있는 짙은 보라색 포도 송이."
fruits_nuts_rice,qwen3,5038123,2gram,appearance fruit; arrangement suggest; cluster dark; color arrangement; deep rich,"A cluster of dark, ripe grapes with a deep rich color, arranged on a light surface.",겉모습이 과일 같은; 배치 제안; 클러스터 다크; 색상 배열; 깊고 진한,"밝은 배경 위에, 짙고 풍부한 색감을 띤 검고 잘 익은 포도 송이가 놓여 있다."
fruits_nuts_rice,qwen3,5038123,3gram,arrangement suggest fresh; cluster dark purple; color arrangement suggest; deep rich color; focus natural appearance,"A cluster of dark purple grapes with a natural appearance, some scattered on a light surface.",이 배치는 신선한 느낌을 준다; 짙은 보라색 덩어리; 색상 배합 제안; 깊고 진한 색감; 자연스러운 느낌에 중점을 둠,"자연스러운 느낌을 주는 짙은 보라색 포도 송이가 한 무더기 있으며, 일부는 밝은 배경 위에 흩어져 있다."
fruits_nuts_rice,qwen3,5045631,1gram,day; nut; week; mix; section,"A blue and white box labeled ""HBAF MON TO SUN"" with a ""6 WEEKS"" section, featuring images of various nuts and mixed ingredients, with individual packages for each day of the week.",날; 너트; 주; mix; 섹션,"“HBAF MON TO SUN”이라고 적힌 파란색과 흰색 상자로, “6 WEEKS” 섹션이 있으며, 다양한 견과류와 혼합 재료의 이미지가 담겨 있고, 요일별로 개별 포장된 제품들이 들어 있습니다."
fruits_nuts_rice,qwen3,5045631,2gram,nut mix; meal plan; mix packaging; section different; day week,"A blue and white meal plan box for HBAF, featuring a weekly nut mix assortment with packaging for each day of the week.","견과류 모듬; 식사 계획; 혼합 포장; 다른 섹션; 일, 주","HBAF용 파란색과 흰색의 식사 계획 상자로, 요일별로 포장된 주간 견과류 모듬 세트가 들어 있습니다."
fruits_nuts_rice,qwen3,5045631,3gram,6 week meal; appealing informative clear; blue box divide; blue white brand; bowl mix packaging,"A blue box divided into sections for each day of the week, featuring a mix of nuts and seeds, with a bowl of the mix and individual packages labeled with the days of the week.",6주 식단; 매력적이고 유익하며 명확한; 파란 상자 구분선; 블루 화이트 브랜드; 볼 믹스 포장,"요일별로 구획이 나뉜 파란색 상자 안에 견과류와 씨앗이 섞여 들어 있으며, 이 혼합물을 담은 그릇과 요일명이 적힌 개별 포장지가 함께 놓여 있다."
fruits_nuts_rice,qwen3,5045631,1gram,bar; dry; day; nut; week,"A collection of six-day nut bars, each labeled for a different day of the week (Mon to Sun), displayed with their packaging and a mix of nuts and dried fruits.",바; 건조한; 날; 너트; 주,"6일 분량의 견과류 바 모음으로, 각 바에는 요일(월~일)이 표시되어 있으며, 포장 상태 그대로 견과류와 말린 과일이 섞여 진열되어 있습니다."
fruits_nuts_rice,qwen3,5045631,2gram,dry fruit; nut dry; blue box; day week; mix nut,"A mix of nuts and dried fruits in a blue box, with individual packages labeled for each day of the week.","건과일; 견과류 건조; 파란 상자; 일, 주; 혼합 견과류","파란색 상자에 담긴 견과류와 말린 과일 혼합 제품으로, 요일별로 라벨이 붙은 개별 포장지가 들어 있습니다."
fruits_nuts_rice,qwen3,5045631,3gram,nut dry fruit; mix nut dry; 6 day meal; 6먼투썬 bar mix; bar arrange light,"A box of HBAF 6먼투썬 (6-day meal) mix nuts and dry fruit bars, with individual packages labeled for Monday through Sunday, displayed with scattered nuts and dried fruits.",견과류 및 말린 과일; 혼합 견과류(건조); 6일간의 식사; 6 먼투썬 바 믹스; 바 조명 배치,"HBAF 6-먼투썬(6일분 식사) 믹스 견과류 및 말린 과일 바 한 상자로, 월요일부터 일요일까지 날짜가 표시된 개별 포장들이 흩어져 있는 견과류와 말린 과일들과 함께 진열되어 있다."
fruits_nuts_rice,qwen3,5048547,1gram,character; write; rice; large; bag,"A large red bag of rice with a character illustration on the front, labeled ""여주대왕일포"" (Yeoju Daewang Ilpo), and a small bowl of rice beside it.",문자; 쓰기; 쌀; 큰; 가방,"앞면에 캐릭터 일러스트가 그려져 있고, ‘여주대왕일포’라고 적힌 커다란 빨간 쌀 자루와 그 옆에 놓인 작은 밥그릇."
fruits_nuts_rice,qwen3,5048547,2gram,attire brand; black korean; brand 여주대왕님표; cartoon character; center small,A red bag of 10kg Korean rice with a traditional dragon design and a cartoon character on the front.,"의류 브랜드; 흑인 한국인; 브랜드여주대왕님표; 만화 캐릭터; 중앙 정렬, 소문자",전통적인 용 문양과 앞면에 만화 캐릭터가 그려진 10kg짜리 붉은색 한국산 쌀 봉지.
fruits_nuts_rice,qwen3,5048547,3gram,10kg small circular; attire brand 여주대왕님표; bag rice large; black korean character; brand 여주대왕님표 write,"A red bag of 10kg rice with the brand name 여주대왕님표, featuring a large black Korean character and a traditional figure in attire on the front.",10kg 소형 원형; 의류 브랜드 ‘여주대왕님표’; 대용량 쌀 봉지; 흑인 한국인 캐릭터; 브랜드 ‘여주대왕님표’ 작성,"‘여주대왕님표’라는 브랜드명이 적힌 10kg짜리 빨간 쌀 포대로, 앞면에는 커다란 검은색 한자와 전통 의상을 입은 인물이 그려져 있다."
fruits_nuts_rice,qwen3,5048547,1gram,grain; bowl; unadorned; rice; ceramic,"A white ceramic bowl filled with unadorned rice grains, with a few scattered around the bowl on a light surface.",곡물; 그릇; 꾸밈없는; 쌀; 세라믹,"장식 없이 흰 쌀알로 가득 찬 흰 도자기 그릇으로, 밝은 색의 그릇 바닥에 쌀알 몇 알이 흩어져 있다."
fruits_nuts_rice,qwen3,5048547,2gram,white rice; rice grain; bowl round; round simple; texture bowl,"A white rice bowl with a round simple texture, filled with rice grains.",흰쌀; 쌀알; 조별 예선; 둥글고 심플한; 질감 그릇,둥글고 심플한 모양의 흰 쌀밥 그릇에 쌀알이 가득 담겨 있다.
fruits_nuts_rice,qwen3,5048547,3gram,white rice grain; bowl round simple; glossy texture bowl; grain scatter surface; round simple unadorned,"A white rice grain in a round, simple, unadorned bowl with a few grains scattered on the surface.","흰 쌀알; 그릇 모양, 심플한 디자인; 광택이 나는 질감의 그릇; 입자 분산 표면; 둥글고, 단순하며, 꾸밈없는","둥글고 심플하며 장식 없는 그릇 안에 흰 쌀알 한 알이 들어 있고, 표면에는 쌀알 몇 알이 흩어져 있다."
fruits_nuts_rice,qwen3,5048580,1gram,grape; prominent; green; cluster; leaf,"A cluster of green grapes with a prominent leaf, displayed on a light surface.",포도; 저명한; 초록색; 클러스터; 잎,"밝은 색 바탕 위에, 잎사귀가 뚜렷하게 드러난 푸른 포도 한 송이가 놓여 있다."
fruits_nuts_rice,qwen3,5048580,2gram,2 bunch; bunch green; cluster prominent; fresh package; grape fresh,"Two bunches of fresh green grapes with a prominent cluster, displayed on a light surface.",2 다발; 푸른 묶음; 클러스터가 두드러짐; 새로운 패키지; 포도처럼 상큼한,"밝은 색의 배경 위에, 송이가 뚜렷하게 드러나는 신선한 녹색 포도 두 다발이 놓여 있다."
fruits_nuts_rice,qwen3,5048580,3gram,2 bunch green; arrange cluster prominent; bunch green grape; cluster prominent light; glossy surface arrange,Two bunches of green grapes with a prominent cluster arrangement and a glossy surface.,파 2단; 클러스터 강조 표시; 푸른 포도 한 송이; 군집을 이루는 뚜렷한 빛; 광택 있는 표면 배치,송이 모양이 뚜렷하고 표면이 윤기 나는 녹색 포도 두 송이.
fruits_nuts_rice,qwen3,5048580,1gram,grape; plate; area; fresh; size,"A bunch of fresh green grapes on a white plate, with a few loose grapes on the surface.",포도; 판; 지역; 신선한; 크기,"흰 접시 위에 싱싱한 녹색 포도 한 송이가 놓여 있고, 표면에는 포도알 몇 개가 흩어져 있다."
fruits_nuts_rice,qwen3,5048580,2gram,area grape; color grape; fresh color; grape main; grape plate,"A white plate holds two bunches of fresh, green grapes, with a few loose grapes scattered on the surface.",지역산 포도; 포도색; 생기 넘치는 색감; 포도 메인; 포도 접시,"하얀 접시 위에는 싱싱한 초록 포도 두 송이가 놓여 있고, 표면에는 포도알 몇 개가 흩어져 있다."
fruits_nuts_rice,qwen3,5048580,3gram,area grape round; color grape vibrant; food product grape; fresh color grape; glossy surface indicate,"A bunch of fresh, vibrant green grapes with a glossy surface, displayed on a white plate with a few loose grapes on the table.",지역 포도 대회; 생동감 넘치는 포도색; 식품: 포도; 상큼한 색감의 포도; 광택이 나는 표면은 다음을 나타냅니다.,"표면이 윤기 나는 싱싱하고 생기 넘치는 녹색 포도 한 송이가 하얀 접시 위에 담겨 있고, 테이블 위에는 포도 알 몇 개가 흩어져 있다."
fruits_nuts_rice,qwen3,5049631,1gram,melon; korean; plate; intricate; vertical,"A plate holds three whole, yellow melons with vertical stripes and a few slices showing their white, seed-filled interior.",멜론; 한국어; 판; 정교한; 수직,"접시 위에는 세 개의 통째로 된 노란 멜론이 놓여 있는데, 멜론 표면에는 세로 줄무늬가 있고, 몇 조각은 흰색의 씨가 가득한 속이 드러나 있다."
fruits_nuts_rice,qwen3,5049631,2gram,korean melon; colored plate; distinct thin; flesh korean; intricate seed,"Three yellow melons with distinct thin stripes are displayed on a beige plate, accompanied by several slices revealing their white flesh and intricate seed pattern.",한국 멜론; 색판; 뚜렷하고 가늘다; flesh 한국어; 정교한 씨앗,"베이지색 접시 위에는 뚜렷한 가느다란 줄무늬가 있는 노란 멜론 세 개가 놓여 있으며, 흰 과육과 정교한 씨 무늬가 드러난 멜론 조각 몇 개가 곁들여져 있다."
fruits_nuts_rice,qwen3,5049631,3gram,bright yellow orange; cloth visible partially; colored plate white; distinct thin vertical; flesh korean melon,"A plate with three bright yellow-orange Korean melons, one of which is sliced to reveal its white flesh and distinct thin vertical stripes.","밝은 노란색과 주황색; 천이 부분적으로 보인다; 색상 있는 접시, 흰색; 뚜렷하고 가느다란 수직선; 육질 한국 멜론",밝은 노란색과 주황색을 띤 한국산 멜론 세 개가 담긴 접시. 그중 하나는 썰려 있어 하얀 과육과 뚜렷한 가느다란 세로 줄무늬가 드러나 있다.
fruits_nuts_rice,qwen3,5049631,1gram,melon; korean; cavity; 5; distinct,"Three whole and five sliced yellow melons with distinct stripes, arranged on a light plate.",멜론; 한국어; 구멍; 5; 뚜렷한,"뚜렷한 줄무늬가 있는 노란 멜론 3개는 통째로, 5개는 얇게 썰어 밝은 색 접시에 담겨 있다."
fruits_nuts_rice,qwen3,5049631,2gram,korean melon; cavity korean; central seed; color round; distinct white,"Three yellow melons with distinct white stripes are displayed on a plate, accompanied by several slices showing a central seed cavity.",한국 멜론; cavity 한국어; 중심 씨앗; 컬러 라운드; 선명한 흰색,"흰색 줄무늬가 뚜렷한 노란색 멜론 세 개가 접시 위에 놓여 있으며, 그 옆에는 가운데에 씨방 구멍이 보이는 멜론 조각 몇 개가 곁들여져 있다."
fruits_nuts_rice,qwen3,5049631,3gram,cavity korean melon; central seed cavity; cloth visible left; color round plate; distinct white stripe,"Three yellow melons with distinct white stripes are displayed on a round, light-colored plate, with several slices showing their white interior and central seed cavity.",속이 빈 한국 멜론; 중앙 씨방; 왼쪽에 천이 보인다; 컬러 원형 접시; 뚜렷한 흰색 줄무늬,"흰색 줄무늬가 뚜렷한 노란색 멜론 세 개가 둥글고 밝은 색의 접시 위에 놓여 있으며, 그중 몇 조각은 흰 속살과 가운데 씨방까지 드러나 있다."
fruits_nuts_rice,qwen3,5051031,1gram,bag; rice; 100 percent 국내산; field; people,"A 4 kg bag of rice, featuring a traditional Korean design with an illustration of farmers in a field, and labeled as 100% domestic (국내산).",가방; 쌀; 100%국내산; 필드; 사람들,"논에서 일하는 농부들의 일러스트가 그려진 한국 전통 문양이 특징인 4kg짜리 쌀 한 포대로, ‘100% 국내산’이라고 표시되어 있습니다."
fruits_nuts_rice,qwen3,5051031,2gram,bag rice; 100 percent 국내산 weight; bag 4kg; beige bag; circular seal,"A beige bag of 4 kg rice with a circular seal indicating 100% domestic (국내산) rice, featuring an illustration of farmers in a field.",봉지밥; 100%국내산 원단; 4kg 봉지; 베이지색 가방; 원형 인장,"‘100% 국내산’ 쌀임을 나타내는 원형 라벨이 부착된 4kg짜리 베이지색 쌀 봉지로, 밭에서 일하는 농부들의 일러스트가 그려져 있다."
fruits_nuts_rice,qwen3,5051031,3gram,100 percent 국내산 weight bag; bag rice field; beige bag rice; circular seal indicate; field people work,"A 4 kg bag of rice with a beige bag and a circular seal indicating 100% domestic rice, featuring an illustration of people working in a rice field.",100% 국내산 웨이트 백; 가마니 논; 베이지색 봉지 쌀; 원형 인장은 다음을 나타냅니다.; 현장 직원들의 업무,"베이지색 봉지에 100% 국산 쌀임을 나타내는 원형 라벨이 붙어 있으며, 논에서 일하는 사람들의 일러스트가 그려진 4kg짜리 쌀 한 봉지."
fruits_nuts_rice,qwen3,5051031,1gram,pot; enamel; hand; pour; rice,A hand pours white rice into a white enamel pot.,냄비; 에나멜; 손; 붓다; 쌀,한 손이 흰 에나멜 냄비에 흰 쌀을 부어 넣고 있다.
fruits_nuts_rice,qwen3,5051031,2gram,2 handle; black rim; enamel pot; hand pour; handle light,A hand pours white rice from a glass bowl into a white enamel pot with a black rim and two handles.,손잡이 2개; 검은 테; 에나멜 냄비; 수작업 주입; 핸들 조명,"한 손이 유리 그릇에 담긴 흰 쌀을, 검은 테두리와 손잡이 두 개가 달린 흰 에나멜 냄비에 퍼 붓고 있다."
fruits_nuts_rice,qwen3,5051031,3gram,2 handle light; black rim rice; bowl white enamel; enamel pot black; glass bowl white,A hand pours white rice from a glass bowl into a white enamel pot with a black rim.,"손잡이 2개 달린 조명; 검은 테두리 밥; 흰색 에나멜 그릇; 에나멜 냄비, 검정색; 흰색 유리 그릇",한 손이 유리 그릇에 담긴 흰 쌀을 검은 테두리가 있는 흰 에나멜 냄비에 퍼 붓고 있다.
fruits_nuts_rice,qwen3,5051038,1gram,rice; bag; graphic; outline; shell,"A blue bag of rice with a graphic of a shell, labeled ""L'grow"" and ""10 kg"", is shown with a small bowl of rice beside it.",쌀; 가방; 그래픽; 개요; 쉘,"조개 그림이 그려진 파란색 쌀 봉지에 “L’grow”와 “10kg”이라고 적혀 있으며, 그 옆에는 작은 그릇에 담긴 밥이 놓여 있다."
fruits_nuts_rice,qwen3,5051038,2gram,bag rice; 10kg indicate; blue bag; circular outline; design white,"A blue bag of rice with a circular outline design, labeled ""L'grow"" and ""백진주"" (Baekjinju), containing 10 kg of rice, shown with a small bowl of rice beside it.",봉지밥; 10kg 표시; 파란 가방; 원형 윤곽; 화이트 디자인,"원형 윤곽 디자인이 들어간 파란색 쌀 봉지에 “L’grow”와 “백진주”라고 적혀 있으며, 10kg의 쌀이 들어 있고, 그 옆에는 작은 그릇에 담긴 밥이 놓여 있다."
fruits_nuts_rice,qwen3,5051038,3gram,10kg indicate weight; bag rice grain; blue bag rice; circular outline graphic; design white circular,"A blue bag of rice with a white circular design, labeled ""L'grow"" and ""백진주"" (Baekjinju), containing 10 kg of rice, with a small bowl of rice beside it.",10kg은 무게를 나타냅니다; 쌀알; 파란 봉지 쌀; 원형 윤곽 그래픽; 흰색 원형 디자인,"흰색 원형 무늬가 그려진 파란색 쌀 봉지에 “L’grow”와 “백진주”라고 적혀 있으며, 10kg의 쌀이 들어 있고, 그 옆에는 작은 밥그릇이 놓여 있다."
fruits_nuts_rice,qwen3,5051038,1gram,grain; rice; bowl; uncooke; brim,"A white bowl filled with uncooked rice grains, with a few scattered on the light gray surface.",곡물; 쌀; 그릇; uncooke; 테두리,"생쌀알로 가득 찬 하얀 그릇으로, 연회색 표면 위에 쌀알 몇 알이 흩어져 있다."
fruits_nuts_rice,qwen3,5051038,2gram,rice grain; grain smooth; rice surface; surface grain; uncooke bowl,"A white bowl filled with uncooked rice grains, with a few scattered on the light gray surface.",쌀알; 입자가 고르고 매끄러운; 쌀 표면; 표면 결; 언쿡 보울,"생쌀알로 가득 찬 하얀 그릇으로, 연회색 표면 위에 쌀알 몇 알이 흩어져 있다."
fruits_nuts_rice,qwen3,5051038,3gram,brim rice surface; grain smooth slightly; gray surface rice; rice surface grain; round uncooke bowl,"A white bowl filled with uncooked rice grains, with a few scattered on the light gray surface.",쌀 표면 가장자리; 입자가 고르고 약간 매끄러운; 회색 표면의 쌀; 쌀 표면 알갱이; 둥근 생반죽 그릇,"생쌀알로 가득 찬 하얀 그릇으로, 연회색 표면 위에 쌀알 몇 알이 흩어져 있다."
fruits_nuts_rice,qwen3,5052626,1gram,it s real seven; product; packaging; nut; box,"A box of It's Real Seven mixed nuts with individual packages, featuring a light wood grain design and a clear view of the nuts inside.",진짜 7이야; 제품; 포장; 너트; 상자,"개별 포장된 ‘It's Real Seven’ 혼합 견과류 한 상자로, 은은한 나뭇결 무늬 디자인이 돋보이며 내부의 견과류가 선명하게 보입니다."
fruits_nuts_rice,qwen3,5052626,2gram,text it s real seven; visible packaging; light color; 2 individual; 20g visible,"A light-colored box and two individual packages of ""It's Real Seven"" mixed nuts, with visible packaging and a 20g weight indication.",text 진짜 7; 투명 포장; 밝은 색상; 2명; 20g (눈에 보이는 양),"밝은 색상의 상자와 “It's Real Seven” 혼합 견과류 개별 포장 2개. 포장이 선명하게 보이며, 무게는 20g으로 표시되어 있다."
fruits_nuts_rice,qwen3,5052626,3gram,2 individual package; 20g visible packaging; bold dark font; box it s real seven mixed; box light color,"A light-colored box containing two individual packages of ""It's Real Seven"" mixed nuts, with the packaging showing a mix of nuts and seeds.","개별 포장 2개; 20g 투명 포장; 굵고 어두운 글꼴; 박스, 진짜 7종 혼합; 박스 조명 색상","“It's Real Seven” 혼합 견과류가 두 개의 개별 포장 단위로 들어 있는 밝은 색상의 상자로, 포장지에는 다양한 견과류와 씨앗이 섞여 있는 모습이 그려져 있습니다."
fruits_nuts_rice,qwen3,5052626,1gram,ball; package; product; nut; type,"Three packages of ""IT'S REAL SEVEN"" berry and yogurt mixed nuts are displayed on a light surface, with scattered nuts and small white balls around them.",공; 패키지; 제품; 너트; 유형,"밝은 색상의 표면 위에 “IT’S REAL SEVEN” 베리와 요거트 혼합 견과류 3봉지가 진열되어 있으며, 그 주위에는 견과류와 작은 흰색 알갱이들이 흩어져 있다."
fruits_nuts_rice,qwen3,5052626,2gram,white ball; 20g package; 3 package; ball possibly; ball scatter,"Three 20g packages of ""IT'S REAL SEVEN"" berry and yogurt mixed nuts, with scattered nuts and white balls on a light surface.",하얀 공; 20g 포장; 3개입; 아마도 공일 수도; 공 흩어짐,“IT’S REAL SEVEN” 베리 및 요거트 맛 혼합 견과류 20g 포장 3개. 밝은 색상의 배경 위에 견과류와 흰색 알갱이들이 흩어져 있다.
fruits_nuts_rice,qwen3,5052626,3gram,3 package food; almond walnut pecan; ball possibly sweetener; ball scatter weight; berry yogurt 하루건강건과 korean,"Three packages of ""IT'S REAL SEVEN"" berry and yogurt snack mix, featuring almonds, walnuts, and pecans, with scattered nuts and small white balls on a light background.","3팩 분량의 식품; 아몬드, 호두, 피칸; 공, 아마도 감미료; 공 흩어짐 무게; 베리 요거트, 하루건강건과, 한국어","아몬드, 호두, 피칸이 들어간 “IT’S REAL SEVEN” 베리 및 요거트 스낵 믹스 3봉지. 밝은 배경 위에 견과류와 작은 흰색 알갱이들이 흩뿌려져 있다."
fruits_nuts_rice,qwen3,5053663,1gram,rice; bag; large; korean; oval,"A large purple bag of Korean rice with an oval-shaped design, featuring the brand name OKRICE, is shown with a small bowl of rice and a wooden spoon.",쌀; 가방; 큰; 한국어; 타원형,"‘OKRICE’라는 브랜드명이 적힌 타원형 무늬가 들어간 커다란 보라색 한국산 쌀 봉지와 작은 밥그릇, 나무 숟가락이 함께 보여진다."
fruits_nuts_rice,qwen3,5053663,2gram,bag large; bowl wooden; brand okrice; character 쌀; grain korean,"A large purple bag of Okrice brand Korean rice, with a wooden spoon and a bowl of rice shown beside it.",대형 가방; 나무 그릇; 브랜드 오크라이스; ; 곡물 (한국어),"‘오크라이스’ 브랜드의 한국산 쌀이 든 커다란 보라색 봉지, 그 옆에는 나무 숟가락과 밥 한 그릇이 놓여 있다."
fruits_nuts_rice,qwen3,5053663,3gram,10kg small bowl; bag large white; bowl wooden spoon; brand okrice visible; character 쌀 mean,"A large purple bag of Okrice brand rice, weighing 10 kg, with a small wooden spoon and a bowl of rice shown next to it.","10kg용 작은 그릇; 대형 흰색 가방; 그릇, 나무 숟가락; 브랜드 okrice 표시됨; '쌀'이라는 글자의 뜻은","10kg짜리 오크라이스(Okrice) 브랜드 쌀이 든 커다란 보라색 봉지와, 그 옆에 놓인 작은 나무 숟가락과 밥 한 그릇이 보인다."
fruits_nuts_rice,qwen3,5053663,1gram,spoon; grain; wooden; bowl; rope,"A white bowl filled with white rice, with a wooden spoon resting in the rice and a rope tied to the handle.",숟가락; 곡물; 나무로 된; 그릇; 밧줄,"흰 쌀밥이 가득 담긴 흰 그릇 위에, 나무 숟가락이 밥 속에 꽂혀 있고, 숟가락 손잡이에는 밧줄이 묶여 있다."
fruits_nuts_rice,qwen3,5053663,2gram,wooden spoon; rice grain; grain rope; grain wooden; handle bowl,"A white bowl filled with white rice grains, with a wooden spoon resting in the bowl.",나무 숟가락; 쌀알; 곡물용 로프; 나무 결이 있는; 손잡이 달린 그릇,흰 쌀알로 가득 찬 하얀 그릇 안에 나무 숟가락 하나가 놓여 있다.
fruits_nuts_rice,qwen3,5053663,3gram,grain rope handle; grain wooden spoon; handle bowl light; resting bowl rice; rice grain wooden,"A white bowl filled with white rice grains, with a wooden spoon resting in the bowl.",곡물 로프 손잡이; 나무 숟가락; 손잡이 달린 그릇 조명; 밥 그릇에 담긴 밥; 쌀알 모양의 나무,흰 쌀알로 가득 찬 하얀 그릇 안에 나무 숟가락 하나가 놓여 있다.
fruits_nuts_rice,qwen3,5056014,1gram,board; peach; wooden; scatter; reddish,"A wooden cutting board with several fresh peaches, some whole and one cut in half, arranged on a light-colored surface with scattered leaves.",게시판; 복숭아; 나무로 된; 흩어지다; 붉은빛이 도는,"밝은 색상의 표면 위에 나뭇잎이 흩어져 있고, 그 위에 통째로 있는 복숭아 몇 개와 반으로 자른 복숭아 한 개가 놓인 나무 도마."
fruits_nuts_rice,qwen3,5056014,2gram,board peach; arrange scatter; blush several; manner green; peach rustic,"A rustic wooden board holds several fresh peaches, some whole and one cut in half, with a few green leaves scattered around.",보드 복숭아; 흩뿌리기 정렬; 얼굴이 몇 번이나 붉어지다; 매너 그린; 복숭아 색의 소박한,"소박한 나무 판자 위에는 신선한 복숭아 몇 개가 놓여 있는데, 그중 일부는 통째로 있고 하나는 반으로 잘려 있으며, 주변에는 푸른 잎사귀 몇 장이 흩어져 있다."
fruits_nuts_rice,qwen3,5056014,3gram,arrange scatter natural; blush several whole; board peach arrange; collection fresh peach; fresh peach rustic,"A rustic wooden board holds several fresh peaches, some whole and one cut in half, with a few leaves scattered around, arranged in a natural, scattered pattern.","정렬, 흩어짐, 자연스러운; 몇 개나 통째로 붉어지다; 보드 위에 복숭아 배치하기; 신선한 복숭아 컬렉션; 신선한 복숭아, 소박한 느낌","소박한 나무 판자 위에는 신선한 복숭아 몇 개가 놓여 있는데, 그중 일부는 통째로 있고 하나는 반으로 잘려 있으며, 주변에는 잎사귀 몇 장이 흩어져 있어 자연스럽고 산뜻한 느낌을 자아내고 있다."
fruits_nuts_rice,qwen3,5056014,1gram,peach; board; wooden; blush; knife,"A wooden board holds several fresh peaches, some whole and one cut in half to reveal the juicy interior, with a knife resting beside them.",복숭아; 게시판; 나무로 된; 홍조; 칼,"나무 판자 위에는 갓 따온 복숭아 몇 개가 놓여 있는데, 그중 일부는 통째로 있고 하나는 반으로 잘려 과즙이 가득한 속이 드러나 있으며, 그 옆에는 칼 한 자루가 놓여 있다."
fruits_nuts_rice,qwen3,5056014,2gram,board peach; blush cut; colored fabric; interior knife; peach light,"A wooden cutting board holds several fresh peaches, one of which is cut in half to reveal its juicy interior, with a knife resting beside it on a light-colored fabric.",보드 복숭아; 블러시 컷; 무늬가 있는 천; 내부용 칼; 복숭아빛,"나무 도마 위에는 신선한 복숭아 몇 개가 놓여 있는데, 그중 하나는 반으로 잘려 과즙이 가득한 속이 드러나 있으며, 그 옆의 밝은 색 천 위에는 칼이 놓여 있다."
fruits_nuts_rice,qwen3,5056014,3gram,arrange rustic wooden; blush cut half; board peach peach; colored fabric surface; fabric surface green,"A rustic wooden board holds several fresh peaches, with one cut in half to reveal its juicy interior, set on a textured fabric surface.",소박한 느낌의 나무 장식을 배치하다; 블러시 컷 하프; 보드 복숭아 복숭아; 무늬가 있는 원단 표면; 직물 표면이 초록색,"질감 있는 천 위에 놓인 소박한 나무 판자 위에는 갓 따온 복숭아 몇 개가 놓여 있는데, 그중 하나는 반으로 잘려 과즙이 가득한 속살이 드러나 있다."
fruits_nuts_rice,qwen3,5061259,1gram,apple; bowl; cover; red; marble,"A bowl of red apples, with a blue cloth cover, resting on a marble surface.",사과; 그릇; 표지; 빨강; 대리석,"대리석 표면 위에 놓인, 파란 천으로 덮인 빨간 사과 한 그릇."
fruits_nuts_rice,qwen3,5061259,2gram,apple cover; apple resting; blue cloth; bowl apple; bowl fresh,"A bowl of fresh red apples, with a blue cloth draped over the bowl.",애플 커버; 사과가 쉬고 있다; 파란 천; 사과 한 그릇; 갓 씻은 그릇,신선한 빨간 사과가 담긴 그릇 위에 파란 천이 덮여 있다.
fruits_nuts_rice,qwen3,5061259,3gram,apple cover blue; apple resting marble; blue cloth bowl; bowl apple cover; bowl fresh red,"A blue cloth bowl filled with fresh, red apples, with a few apples resting on the marble surface beside it.",파란색 애플 커버; 사과가 놓인 대리석; 파란 천 그릇; 사과 그릇 덮개; 그릇에 담긴 갓 딴 붉은,"신선한 붉은 사과로 가득 찬 파란 천 그릇과, 그 옆 대리석 표면 위에 놓인 몇 개의 사과."
fruits_nuts_rice,qwen3,5061259,1gram,apple; container; anise; brush; nutmeg,"A close-up of fresh red apples on a reflective countertop, with a blue cloth-lined container holding more apples in the background, a wooden brush, and scattered anise and nutmeg.",사과; 컨테이너; 아니스; 붓; 육두구,"반사되는 조리대 위에 놓인 갓 수확한 붉은 사과들의 클로즈업 샷으로, 배경에는 파란 천으로 안을 감싼 용기에 담긴 사과들이 더 있고, 나무 붓과 흩어져 있는 아니스와 육두구가 보인다."
fruits_nuts_rice,qwen3,5061259,2gram,surface apple; anise pod; apple cloth; apple smooth; apple wooden,"A close-up of fresh red apples on a reflective surface, with a blue cloth and anise pods nearby.",표면 애플; 아니스 열매; 사과 천; 사과 스무디; 사과 나무,"반사되는 표면 위에 놓인 갓 수확한 붉은 사과를 클로즈업한 사진으로, 근처에는 파란색 천과 아니스 열매가 놓여 있다."
fruits_nuts_rice,qwen3,5061259,3gram,anise pod small; apple cloth line; apple main food; apple package visible; apple smooth glossy,"A close-up of fresh red apples on a reflective surface, with a blue cloth-lined basket in the background and a few anise pods and a wooden brush nearby.",작은 아니스 열매; 애플 빨래줄; 사과를 주된 음식으로; 보이는 애플 패키지; 사과처럼 매끄럽고 윤기 나는,"반사되는 표면 위에 놓인 싱싱한 빨간 사과를 클로즈업한 사진으로, 배경에는 파란 천으로 안감이 깐 바구니가 있고, 그 옆에는 아니스 열매 몇 개와 나무 붓이 놓여 있다."
fruits_nuts_rice,qwen3,5063578,1gram,tomato; bowl; centrally; frame; composition,"A bowl of fresh, red cherry tomatoes is presented on a light-colored wooden surface, with a few scattered around the bowl.",토마토; 그릇; 중앙에서; 프레임; 작품,"밝은 색의 나무 받침대 위에 신선한 붉은 체리 토마토 한 그릇이 놓여 있고, 그릇 주변에도 몇 개가 흩어져 있다."
fruits_nuts_rice,qwen3,5063578,2gram,bowl overall; brown earthy; centrally frame; clean simple; earthy material,"A bowl of fresh, red cherry tomatoes with green stems, arranged on a clean white wooden surface.",볼 전체; 갈색의 흙빛; 중앙에 배치; 깔끔하고 심플한; 흙 같은 물질,푸른 줄기가 달린 싱싱한 붉은 체리 토마토 한 그릇이 깨끗한 흰색 나무 받침 위에 정갈하게 놓여 있다.
fruits_nuts_rice,qwen3,5063578,3gram,bowl light brown; bowl overall composition; brown earthy material; centrally frame loose; color texture wooden,"A bowl of fresh, red cherry tomatoes with green stems, arranged on a light-colored wooden surface.","옅은 갈색 그릇; 그릇의 전체적인 구성; 갈색의 흙 같은 물질; 중앙 프레임이 헐거워짐; 색상, 질감, 목재",초록색 줄기가 달린 싱싱한 붉은 체리 토마토 한 그릇이 밝은 색의 나무 받침 위에 예쁘게 담겨 있다.
fruits_nuts_rice,qwen3,5063578,1gram,tomato; whole; bowl; rustic; cherry,"A bowl of fresh, whole cherry tomatoes on a rustic white wooden surface, with two halved tomatoes displayed nearby.",토마토; 전체; 그릇; 소박한; 체리,"소박한 흰색 나무 받침대 위에 신선한 통체리토마토 한 그릇이 놓여 있고, 그 옆에는 반으로 자른 토마토 두 개가 놓여 있다."
fruits_nuts_rice,qwen3,5063578,2gram,color bowl; reveal seed; rustic light; seed tomato; whole tomato,"A bowl of fresh, whole and halved seed tomatoes on a rustic light wooden surface.",색깔 그릇; 씨앗 드러내기; 소박한 조명; 토마토 씨앗; 통토마토,소박한 느낌의 밝은 색 나무 받침대 위에 신선하고 통째로 또는 반으로 자른 씨 토마토 한 그릇이 놓여 있다.
fruits_nuts_rice,qwen3,5063578,3gram,arrange rustic light; bowl white wooden; color bowl white; half reveal seed; light color bowl,"A bowl of fresh, red cherry tomatoes with a few halved to reveal the seeds, set on a light-colored wooden surface.",소박한 느낌의 조명 배치하기; 흰색 나무 그릇; 흰색 그릇; 반쯤 드러난 씨앗; 밝은 색상의 그릇,"밝은 색의 나무 받침대 위에, 씨앗이 보이도록 반으로 자른 것들이 몇 개 섞인 신선한 붉은 체리 토마토 한 그릇이 놓여 있다."
fruits_nuts_rice,qwen3,5063690,1gram,tomato; basket; wicker; fresh; ripe,"A basket of fresh, ripe tomatoes on a white wooden surface.",토마토; 바구니; 위커; 신선한; 익은,하얀 나무 받침대 위에 놓인 신선하고 잘 익은 토마토 한 바구니.
fruits_nuts_rice,qwen3,5063690,2gram,arrange wicker; basket fresh; basket white; cloth tomato; fresh ripe,"A basket of fresh, ripe tomatoes arranged on a white cloth, with one tomato placed outside the basket on a white wooden surface.",고리버들 엮기; 바스켓 프레시; 흰색 바구니; 천 토마토; 갓 익은,"흰색 천 위에 신선하고 잘 익은 토마토들이 담긴 바구니가 놓여 있고, 바구니 밖의 흰색 나무 표면 위에는 토마토 한 개가 놓여 있다."
fruits_nuts_rice,qwen3,5063690,3gram,arrange wicker basket; basket fresh red; basket white cloth; cloth tomato round; fresh red tomato,"A basket of fresh red tomatoes arranged on a white cloth, with one tomato placed outside the basket on a white wooden surface.",고리버들 바구니 정리하기; 바구니에 담긴 갓 수확한 빨간; 흰색 천 바구니; 천으로 만든 둥근 토마토; 갓 따온 빨간 토마토,"흰색 천 위에 신선한 빨간 토마토 한 바구니가 놓여 있고, 바구니 밖의 흰색 나무 표면 위에는 토마토 한 개가 놓여 있다."
fruits_nuts_rice,qwen3,5063690,1gram,tomato; attach; internal; pulp; structure,"A fresh, red tomato with a visible internal structure and pulp, cut in half and placed on a white wooden surface.",토마토; 첨부; 내부; 펄프; 구조,속의 조직과 과육이 선명하게 드러나는 싱싱한 빨간 토마토가 반으로 잘려 흰색 나무 받침대 위에 놓여 있다.
fruits_nuts_rice,qwen3,5063690,2gram,attach green; cloth woven; fresh tomato; internal structure; pulp slice,"A fresh tomato with a visible internal structure, cut in half and a slice, displayed on a white wooden surface with a woven cloth in the background.",초록색 첨부; 직조된 천; 신선한 토마토; 내부 구조; 펄프 조각,"속이 훤히 보이는 신선한 토마토 한 개가 반으로 잘린 상태와 한 조각으로 나뉘어, 흰색 나무 받침대 위에 놓여 있고, 배경에는 짠 천이 깔려 있다."
fruits_nuts_rice,qwen3,5063690,3gram,arrange white wooden; attach green stem; cloth woven basket; fresh tomato tomato; green stem arrange,"A fresh tomato with a green stem, cut in half and placed on a white wooden surface, with more whole tomatoes in a woven basket behind it.",흰색 나무로 된 것을 정리하다; 초록색 줄기를 붙이다; 천으로 엮은 바구니; 신선한 토마토 토마토; 초록 줄기 꽃꽂이,"줄기가 초록색인 신선한 토마토 하나를 반으로 잘라 하얀 나무 받침대 위에 올려놓았고, 그 뒤쪽의 엮은 바구니에는 통째로 된 토마토들이 더 들어 있다."
fruits_nuts_rice,qwen3,5068728,1gram,tangerine; whole; pith; cloth; half,A collection of whole and half tangerines arranged on a white cloth.,탠저린; 전체; 속; 천; 반,흰색 천 위에 정렬된 통 귤과 반으로 자른 귤들이 모여 있는 모습.
fruits_nuts_rice,qwen3,5068728,2gram,cloth tangerine; cloth whole; color smooth; fresh whole; half plain,"A white cloth with several fresh whole tangerines and one cut in half, showing the inside.",천 탠저린; 천 전체; 색상 부드럽게; 신선한 통째로; 반은 일반,흰 천 위에 갓 깎은 귤 몇 개와 속이 드러나도록 반으로 자른 귤 한 개가 놓여 있다.
fruits_nuts_rice,qwen3,5068728,3gram,arrange white slightly; cloth tangerine vibrant; cloth whole cut; collection fresh whole; color smooth glossy,"A collection of fresh, whole tangerines arranged on a white cloth, with one cut in half to reveal the juicy interior.","흰색을 약간 조정하세요; 천, 귤색, 선명한; 원단 통컷; 신선한 통째로 모음; 색상이 고르고 매끄러우며 광택이 난다","흰색 천 위에 신선하고 통째인 귤들이 놓여 있으며, 그중 하나는 반으로 잘려 과즙이 가득한 속이 드러나 있다."
fruits_nuts_rice,qwen3,5068728,1gram,mandarin; orange; fruit; lit; rough,"A pile of fresh, whole and halved mandarins resting on a white cloth.",만다린; 오렌지; 과일; lit; 거친,흰 천 위에 쌓여 있는 갓 따온 통귤과 반으로 자른 귤들.
fruits_nuts_rice,qwen3,5068728,2gram,clean lit; cloth mandarin; core mandarin; flesh visible; fruit vibrant,"A pile of fresh, vibrant, whole and halved mandarins resting on a white cloth.",clean lit; 천으로 만든 만다린; 핵심 중국어; 살이 드러난; 생기 넘치는 과일,"흰 천 위에 쌓여 있는, 싱싱하고 생기가 넘치며 통째로 있거나 반으로 자른 귤들."
fruits_nuts_rice,qwen3,5068728,3gram,bright orange flesh; central core mandarin; citrus fruit arrange; cloth mandarin cut; colored surface overall,"A pile of bright orange flesh central core mandarins, some whole and one cut in half to reveal the juicy interior, arranged on a white cloth.",선명한 주황색 과육; 중앙 코어 만다린; 감귤류 과일 장식; 천 소재의 만다린 컷; 전체적으로 색이 입혀진 표면,"흰 천 위에, 선명한 주황색 과육을 가진 센트럴 코어 만다린이 한 무더기 놓여 있는데, 일부는 통째로 있고 하나는 반으로 잘려 과즙이 가득한 속이 드러나 있다."
fruits_nuts_rice,qwen3,5070409,1gram,bag; rice; our sweet soft rice; 달보드레쌀; english,A 4 kg bag of 달보드레쌀 (Our Sweet & Soft Rice) with a sample of rice in a bowl.,가방; 쌀; 우리의 달콤하고 부드러운 쌀; 달보드레쌀; 영어,4kg짜리 ‘달보드레쌀’ 한 봉지와 그릇에 담긴 쌀 시식용.
fruits_nuts_rice,qwen3,5070409,2gram,bag read; beige purple; english 4kg; korean our sweet soft rice; logo top,"A 4kg bag of Dalbo Duree (Our Sweet & Soft Rice) in a beige and purple package, with a bowl of rice beside it.","가방 내용물 확인; 베이지, 보라색; 영어 4kg; 한국식 달콤하고 부드러운 쌀; 상단 로고",베이지색과 보라색 포장에 담긴 4kg짜리 ‘달보 두리(달콤하고 부드러운 쌀)’ 한 봉지와 그 옆에 놓인 밥 한 그릇.
fruits_nuts_rice,qwen3,5070409,3gram,bag primarily beige; bag read 달보드레쌀; beige purple clear; bowl rice bag; english 4kg indicate,"A 4kg bag of 달보드레쌀 (Dalbo Dure Ssall), a sweet and soft rice, with a clear window showing the rice inside, displayed next to a small bowl of rice.","주로 베이지색 가방; 봉지에 ‘달보드레쌀’이라고 적혀 있다; 베이지, 보라, 투명; 밥그릇, 쌀 봉지; 영어 4kg 표시","달콤하고 부드러운 쌀인 ‘달보드레쌀’ 4kg 봉지가, 안의 쌀이 훤히 보이는 투명 창이 달린 채 작은 밥그릇 옆에 진열되어 있다."
fruits_nuts_rice,qwen3,5070409,1gram,bowl; high; ridge; fill; unadorned,"A white bowl filled with unadorned, white rice grains.",그릇; 높은; 능선; 채우기; 꾸밈없는,단순한 흰 쌀알로 가득 찬 하얀 그릇.
fruits_nuts_rice,qwen3,5070409,2gram,bowl light; brim bowl; ceramic texture; design rice; high bowl,"A white ceramic bowl with a ribbed design, filled with white rice grains.",볼 조명; 테두리가 있는 그릇; 세라믹 질감; 디자인 라이스; 높은 그릇,늑골 무늬가 있는 흰색 도자기 그릇에 흰 쌀알이 가득 담겨 있다.
fruits_nuts_rice,qwen3,5070409,3gram,brim bowl light; ceramic texture ridge; colored ceramic texture; design rice pile; fill brim bowl,A white ceramic bowl with a ridged texture is filled with a pile of white rice grains.,테두리가 있는 그릇 모양의 조명; 세라믹 질감의 능선; 색상이 입혀진 세라믹 질감; 디자인된 쌀 더미; 그릇을 가득 채우다,홈이 파인 질감의 흰 도자기 그릇에 하얀 쌀알들이 한 줌 가득 담겨 있다.
fruits_nuts_rice,qwen3,5094562,1gram,box; tamur; lid; date; selection,"A luxury box of Tamur premium dates, featuring a selection of dates in a wooden tray.",상자; 타무르; 뚜껑; 날짜; 선택,나무 쟁반에 엄선된 타무르 프리미엄 대추야자가 담긴 고급스러운 선물 상자입니다.
fruits_nuts_rice,qwen3,5094562,2gram,lid box; box brand; box selection; box text; box warm,"A luxury box of premium dates, presented in a warm, earthy-toned box with the brand name TAMUR on the lid.",뚜껑이 있는 상자; 박스 브랜드; 상자 선택; 상자 내 텍스트; 상자 온기,"고급 대추야자 세트로, 뚜껑에 브랜드명 ‘TAMUR’가 새겨진 따뜻하고 자연스러운 색조의 상자에 담겨 있습니다."
fruits_nuts_rice,qwen3,5094562,3gram,box brand tamur; box light colored; box selection premium; box text tamur; box warm earthy,"A light-colored, warm earthy box with the brand name TAMUR, containing a selection of premium dates in a neatly arranged compartmentalized design.","박스 브랜드 타무르; 밝은 색상의 상자; 박스 선택 프리미엄; 박스 텍스트 타무르; 상자, 따뜻하고 흙내음 나는","‘TAMUR’이라는 브랜드명이 적힌 밝은 색상의 따뜻하고 자연스러운 느낌의 상자로, 깔끔하게 구획된 칸에 엄선된 프리미엄 대추야자가 담겨 있습니다."
fruits_nuts_rice,qwen3,5094562,1gram,compartment; date; font; piece; box,"A wooden box containing twelve compartments, each with a date fruit and a nut, with the text ""TAMUR gives you a piece of luxurious experience"" on the lid.",구획; 날짜; 글꼴; 작품; 상자,"12개의 칸으로 나뉜 나무 상자로, 각 칸에는 대추야자와 견과류 하나씩이 들어 있으며, 뚜껑에는 “TAMUR가 여러분께 호화로운 경험을 선사합니다”라는 문구가 적혀 있습니다."
fruits_nuts_rice,qwen3,5094562,2gram,14 compartment; box collection; box texture; candy fruit; collection date,"A luxurious date collection in a 14-compartment box, featuring various types of dates with nuts and candied fruits, presented in a warm, textured box.",14칸; 박스 모음; 상자 질감; 과일 사탕; 수집일,"14개의 칸으로 나뉜 상자에 담긴 고급스러운 대추 컬렉션으로, 견과류와 설탕에 절인 과일이 어우러진 다양한 종류의 대추가 따뜻하고 질감이 살아있는 상자에 담겨 있습니다."
fruits_nuts_rice,qwen3,5094562,3gram,14 compartment compartment; box collection date; box texture warm; candy fruit piece; collection date box,"A warm, wooden box containing a collection of 14 compartments with dates and nuts, with the text ""TAMUR gives you a piece of luxurious experience"" on the lid.","14개의 칸; 박스 수거일; 상자 질감, 따뜻한 느낌; 과일 맛 사탕 조각; 수집 날짜 입력란","날짜와 견과류가 들어 있는 14개의 칸으로 구성된 세트가 담긴 따스한 느낌의 나무 상자로, 뚜껑에는 “TAMUR가 여러분께 고급스러운 경험을 선사합니다”라는 문구가 적혀 있습니다."
fruits_nuts_rice,qwen3,5121007,1gram,bag; rice; low; organic rice; 유기농,"A bag of organic rice, with a small bowl of the rice grains above it, on a light gray surface.",가방; 쌀; 낮음; 유기농 쌀; 유기농,"밝은 회색 바탕 위에 유기농 쌀 한 봉지가 놓여 있고, 그 위에는 쌀알이 담긴 작은 그릇이 놓여 있다."
fruits_nuts_rice,qwen3,5121007,2gram,4kg rice; bag organic; brand 유기농 담음 신동진쌀; green low; include text,"A bag of organic rice, 4kg, with the brand name (유기농 담음 신동진쌀) and a green label, shown with a bowl of rice above it.",쌀 4kg; 유기농 가방; 브랜드 ‘유기농 담음 신동진쌀’; 녹색 저점; 텍스트 포함,브랜드명(유기농 담음 신동진쌀)과 녹색 라벨이 붙은 4kg짜리 유기농 쌀 한 봉지 위에 밥 한 그릇이 놓여 있는 모습.
fruits_nuts_rice,qwen3,5121007,3gram,4kg rice small; bag grain packaging; bag organic rice; bag primarily white; brand 유기농 담음 신동진쌀 prominently,"A white bag of organic rice with a green lower section, featuring the brand name (유기농 담음 신동진쌀) and the text ""Organic Rice"" in English, with a small bowl of rice above it.",4kg 쌀 (소); 곡물 포장용 자루; 유기농 쌀 봉지; 주로 흰색인 가방; '유기농 담음 신동진쌀' 브랜드를 눈에 띄게,"하단 부분이 초록색인 흰색 유기농 쌀 봉지로, 브랜드명(유기농 담음 신동진쌀)과 영어로 된 “Organic Rice”라는 문구가 적혀 있으며, 그 위에는 작은 밥그릇이 그려져 있다."
fruits_nuts_rice,qwen3,5121007,1gram,bowl; elongate; rounded; grain; rice,A white bowl filled with white rice grains.,그릇; 늘리다; 둥근; 곡물; 쌀,흰 쌀알로 가득 찬 하얀 그릇.
fruits_nuts_rice,qwen3,5121007,2gram,rice grain; design bowl; elongate smooth; rounded design; simple rounded,A white bowl filled with white rice grains.,쌀알; 디자인 그릇; 길게 늘리고 매끄럽게; 둥근 디자인; 심플하고 둥근,흰 쌀알로 가득 찬 하얀 그릇.
fruits_nuts_rice,qwen3,5121007,3gram,bowl white simple; design bowl light; elongate smooth slightly; grain small elongate; rounded design bowl,"A white bowl filled with small, elongated rice grains.","흰색 심플한 그릇; 디자인 볼 조명; 길게, 매끄럽게, 약간; 알갱이가 작고 길쭉한; 둥근 디자인의 그릇",작고 길쭉한 쌀알로 가득 찬 하얀 그릇.
fruits_nuts_rice,qwen3,5132780,1gram,kiwi; fruit; shape; plate; silver,"A plate of six whole and two sliced kiwis, showcasing their vibrant green flesh and dark seeds.",키위; 과일; 모양; 판; 은,"통키위 6개와 얇게 썬 키위 2개가 담긴 접시로, 선명한 녹색 과육과 짙은 색의 씨앗이 돋보입니다."
fruits_nuts_rice,qwen3,5132780,2gram,cut kiwi; kiwi fruit; 2 cut; center plate; pattern center,"A plate with six whole and two cut kiwi fruits, showcasing their green flesh and dark seeds.",키위를 썰다; 키위; 2컷; 중앙 플레이트; 패턴 중심,"통째로 6개와 반으로 자른 키위 2개가 담긴 접시로, 녹색 과육과 검은 씨앗이 잘 드러나 있다."
fruits_nuts_rice,qwen3,5132780,3gram,2 cut kiwi; center plate round; cut kiwi fruit; pattern center plate; plate round silver,"A round silver plate holds several whole and two cut kiwi fruits, showcasing their green flesh and dark seeds.","키위 2개 (썰어 놓은 것); 중앙 판, 원형; 썰어 놓은 키위; 패턴 센터 플레이트; 둥근 은 접시","둥근 은쟁반 위에 통째로 된 키위 몇 개와 반으로 자른 키위 두 개가 담겨 있어, 푸른 과육과 검은 씨앗이 눈에 띕니다."
fruits_nuts_rice,qwen3,5132780,1gram,kiwi; fruit; shape; dark; plate,"A plate of six whole and one halved kiwi fruits, showcasing their brown, textured skin and vibrant green flesh with dark seeds.",키위; 과일; 모양; 어두운; 판,"통째로 6개와 반으로 자른 키위 1개가 담긴 접시로, 갈색의 울퉁불퉁한 껍질과 짙은 녹색 과육, 그리고 검은 씨앗이 돋보입니다."
fruits_nuts_rice,qwen3,5132780,2gram,kiwi fruit; 6 whole; color dark; dark rim; halved kiwi,"A plate with six whole and one halved kiwi fruit, showcasing their brown skin and vibrant green flesh with dark seeds.",키위; 6개 통째로; 색상: 어두운 색; 어두운 테두리; 반으로 자른 키위,"키위 6개는 통째로, 1개는 반으로 자른 채 담긴 접시로, 갈색 껍질과 선명한 녹색 과육, 그리고 검은 씨앗이 돋보입니다."
fruits_nuts_rice,qwen3,5132780,3gram,6 whole halved; color dark rim; halved kiwi fruit; hold 6 whole; light color dark,Six whole and one halved kiwi fruit on a light-colored plate.,"6개, 반으로 자른 것; 짙은 색 테두리; 반으로 자른 키위; 6개를 통째로 담으세요; 밝은 색, 어두운 색",밝은 색 접시 위에 통째로 놓인 키위 6개와 반으로 자른 키위 1개가 있다.
fruits_nuts_rice,qwen3,5134096,1gram,bag; rice; accent; white; kf365 kurly fresh,"A white bag of KF365 Kurly Fresh rice, weighing 10 kg, with a small sample visible through a circular window.",가방; 쌀; 악센트; 흰색; kf365 컬리 프레시,"KF365 컬리 프레시 쌀이 들어 있는 흰색 봉지(10kg)로, 둥근 창을 통해 작은 시식용 샘플이 보입니다."
fruits_nuts_rice,qwen3,5134096,2gram,accent label; bag circular; circular window; inside small; kf365 kurly fresh 10kg,"A white bag of KF365 Kurly Fresh rice, 10 kg, with a circular window showing the rice inside, displayed on a light surface with a small bowl of rice beside it.",악센트 라벨; 원형 가방; 원형 창문; 안쪽 작은; kf365 컬리 프레시 10kg,"KF365 ‘커리 프레시’ 쌀 10kg이 들어 있는 흰색 봉지. 봉지 앞면에는 안에 든 쌀이 보이는 둥근 창이 뚫려 있으며, 밝은 색의 배경 위에 놓여 있고 그 옆에는 작은 그릇에 담긴 쌀이 놓여 있다."
fruits_nuts_rice,qwen3,5134096,3gram,10kg bag circular; accent label kf365 kurly fresh; bag circular window; circular window reveal; fill rice white,"A 10kg bag of KF365 Kurly Fresh rice, featuring a circular window reveal showing the white rice inside.",10kg 원형 봉지; 액센트 라벨 kf365 컬리 프레시; 가방의 둥근 창; 원형 창문 주변의 창틀; 흰 쌀을 채우세요,"KF365 컬리 프레시 쌀 10kg 봉지로, 원형 창을 통해 안의 흰 쌀알이 보이도록 되어 있습니다."
fruits_nuts_rice,qwen3,5134096,1gram,rice; bowl; arrangement; entire; white,"A white bowl filled with whole, uncooked rice, presented on a white plate.",쌀; 그릇; 배치; 전체; 흰색,"흰 접시 위에, 씻지 않은 통쌀이 가득 담긴 흰 그릇이 놓여 있다."
fruits_nuts_rice,qwen3,5134096,2gram,bowl white; arrangement set; entire arrangement; plate rice; rice entire,"A white bowl filled with whole, uncooked rice, presented on a matching white plate.",흰색 그릇; 배치 세트; 전체 구성; 밥 한 그릇; 쌀 전체,"생쌀이 가득 담긴 흰 그릇이, 같은 흰색 접시 위에 놓여 있다."
fruits_nuts_rice,qwen3,5134096,3gram,arrangement set light; bowl white plate; brim rice entire; ceramic bowl white; entire arrangement set,"A white ceramic bowl filled with whole, uncooked rice, placed on a white plate.","조명 세트; 그릇, 흰색 접시; 쌀알 전체; 흰색 세라믹 그릇; 전체 편곡 세트","흰색 접시 위에, 씻지 않은 통쌀이 가득 담긴 흰색 도자기 그릇이 놓여 있다."
fruits_nuts_rice,qwen3,5159977,1gram,peach; reddish; accompany; blush; knife,"A fresh peach with a reddish blush, displayed on a yellow cloth with a knife and a cut half, ready to be enjoyed.",복숭아; 붉은빛이 도는; 동행하다; 홍조; 칼,"붉은빛이 감도는 싱싱한 복숭아가 노란 천 위에 놓여 있고, 칼과 반으로 잘린 복숭아 한 쪽이 곁들여져 있어 곧바로 맛볼 수 있는 모습이다."
fruits_nuts_rice,qwen3,5159977,2gram,arrange yellow; blush skin; handle peach; hue reddish; orange hue,"A collection of fresh peaches with a blush skin and an orange hue, arranged on a yellow cloth with a knife and leaves.",노란색으로 배열하기; 홍조 도는 피부; 복숭아 손잡이; 붉은빛이 도는 색조; 주황빛,분홍빛을 띤 껍질과 주황빛을 띤 신선한 복숭아들이 노란 천 위에 칼과 나뭇잎과 함께 정갈하게 놓여 있다.
fruits_nuts_rice,qwen3,5159977,3gram,arrange yellow cloth; blush skin peach; cloth peach round; flesh pit knife; half reveal flesh,"A collection of blush skin peaches, some whole and some halved to reveal the flesh and pit, arranged on a yellow cloth with a knife nearby.","노란 천을 정리하다; 블러시, 스킨, 피치; 천으로 만든 복숭아 모양의 둥근 것; 육류 절단용 칼; 살이 반쯤 드러나다","살갗이 분홍빛을 띤 복숭아들이 한데 모여 있는데, 어떤 것은 통째로 있고 어떤 것은 반으로 갈라져 과육과 씨앗이 드러나 있으며, 노란 천 위에 놓여 있고 그 옆에는 칼이 놓여 있다."
fruits_nuts_rice,qwen3,5159977,1gram,peach; yellow; pinkish; center; focus,"A close-up of several fresh peaches, with one cut in half to reveal its juicy interior, resting on a yellow cloth.",복숭아; 노란색; 분홍빛이 도는; 중앙; 초점,"노란색 천 위에 놓인 갓 수확한 복숭아 몇 개를 클로즈업한 사진으로, 그중 하나는 반으로 잘려 과즙이 가득한 속이 드러나 있다."
fruits_nuts_rice,qwen3,5159977,2gram,arrange texture; center peach; cloth green; hue yellow; juicy yellow,"A close-up of several fresh peaches, one of which is sliced to reveal its juicy, yellow flesh, resting on a yellow cloth with green leaves.",텍스처 배열; 중앙 복숭아; 초록색 천; 노란색; 즙이 풍부한 노란색,"신선한 복숭아 몇 개를 클로즈업한 장면으로, 그중 하나는 썰려 있어 과즙이 가득한 노란 과육이 드러나 있으며, 녹색 잎사귀가 흩뿌려진 노란 천 위에 놓여 있다."
fruits_nuts_rice,qwen3,5159977,3gram,arrange texture light; center peach smooth; cloth green leaf; colored surface peach; flesh pit center,"A close-up of several fresh peaches with a smooth, yellowish-orange skin and a soft, juicy flesh, one of which is cut in half to reveal the pit center, resting on a textured yellow cloth with green leaves.","텍스처 조명 배치; 중앙 복숭아색 매끄러운; 천, 녹색 잎; 복숭아색 표면; 플레시 핏 센터","매끄럽고 노란빛이 도는 주황색 껍질과 부드럽고 과즙이 풍부한 과육을 가진 신선한 복숭아 여러 개를 클로즈업한 사진으로, 그중 하나는 반으로 잘려 씨앗이 드러나 있으며, 질감이 느껴지는 노란색 천 위에 녹색 잎사귀와 함께 놓여 있다."
fruits_nuts_rice,qwen3,5162187,1gram,fruit; basket; ripeness; sign; mandarin,"A basket of ripe mandarins, with one cut in half to show the juicy interior, resting on a white textured cloth.",과일; 바구니; 숙성; 표시; 만다린,"흰색 질감이 살아 있는 천 위에, 잘 익은 귤 한 바구니가 놓여 있고, 그중 하나는 과즙이 가득한 속을 보여주기 위해 반으로 잘려 있다."
fruits_nuts_rice,qwen3,5162187,2gram,basket fruit; 2 fruit; fruit mix; fruit white; interior basket,"A basket of fresh, orange-colored mandarins with a few cut in half, displayed on a white textured cloth.",바스켓 과일; 과일 2개; 과일 모둠; 과일 화이트; 내부 바구니,"흰색 질감이 느껴지는 천 위에, 신선한 주황색 귤 한 바구니가 놓여 있고, 그중 몇 개는 반으로 잘려 있다."
fruits_nuts_rice,qwen3,5162187,3gram,2 fruit cut; basket fruit mix; basket fruit white; fruit likely mandarin; fruit mix green,"A basket of fresh, ripe mandarins with a few cut in half, revealing their juicy interior, arranged on a white textured cloth.","과일 2개 썰기; 바구니에 담긴 과일 모듬; 바스켓 과일 화이트; 과일, 아마도 귤일 것; 과일 믹스 그린","흰색의 질감이 느껴지는 천 위에, 신선하고 잘 익은 귤 한 바구니가 놓여 있으며, 그중 몇 개는 반으로 잘려 과즙이 가득한 속살이 드러나 있다."
fruits_nuts_rice,qwen3,5162187,1gram,mandarin; fruit; table; unprocessed; unripe,"A basket of fresh, unripe mandarins with a few cut in half to show their juicy interior, arranged on a white tablecloth.",만다린; 과일; 표; 가공되지 않은; 익지 않은,"흰 식탁보 위에, 신선하고 아직 덜 익은 귤 한 바구니가 놓여 있는데, 그중 몇 개는 과육이 즙이 가득한 모습을 보여주기 위해 반으로 잘라져 있다."
fruits_nuts_rice,qwen3,5162187,2gram,basket hold; fresh present; fruit fresh; fruit fruit; hold pile,"A basket of fresh, ripe tangerines, some whole and one cut in half to reveal the juicy segments, arranged on a white cloth.",바스켓 홀드; 신선한 선물; 신선한 과일; 과일 과일; 지반 지지 말뚝,"흰 천 위에 갓 따온 잘 익은 귤 한 바구니가 놓여 있는데, 그중 몇 개는 통째로 있고, 하나는 반으로 잘려 과즙이 가득한 귤 조각이 드러나 있다."
fruits_nuts_rice,qwen3,5162187,3gram,basket hold pile; citrus fruit fruit; fresh present natural; fruit fresh present; fruit fruit arrange,"A basket of fresh, ripe citrus fruit arranged on a white cloth, with one fruit cut in half to reveal its juicy interior.","바구니 쌓기 더미; 감귤류 과일 과일; 신선한, 현재, 자연스러운; 신선한 과일 선물; 과일 과일 배열","흰 천 위에 신선하고 잘 익은 감귤류 과일 한 바구니가 놓여 있으며, 그중 한 개는 반으로 잘려 과즙이 가득한 속이 드러나 있다."
vegetables,hyperclovax,1000079725,1gram,sweet; potato; box; 1 5 kg; available,"A box of sweet potatoes with a weight of 1.5 kg, labeled ""탑마루"" (TAPMARU), is presented in an orange and green box.",달콤한; 감자; 상자; 1 5 kg; 이용 가능,“탑마루”(TAPMARU)라고 표시된 1.5kg짜리 고구마 한 상자가 주황색과 초록색 상자에 담겨 있습니다.
vegetables,hyperclovax,1000079725,2gram,sweet potato; 1 5 kg korean; 2 section; available overall; box divide,"A box of sweet potatoes labeled ""탑마루"" (TAPMARU) with a weight of 1.5 kg, featuring a mix of green and orange colors, and a design that includes a cityscape and leaf patterns.",고구마; 1 5kg 한국산; 2절; 전체적으로 이용 가능; 상자 나누기,"“탑마루”(TAPMARU)라고 표시된 1.5kg짜리 고구마 한 상자로, 녹색과 주황색이 어우러져 있으며, 도시 풍경과 잎사귀 무늬가 그려진 디자인이 특징입니다."
vegetables,hyperclovax,1000079725,3gram,1 5 kg korean english; 2 section green; available overall arrangement; box divide 2; box flat surface,"A box of sweet potatoes labeled ""고구마"" (sweet potato) with a weight of 1.5 kg, featuring a green and orange color scheme and a design that includes the text ""탐마루"" (Tamburu).",1 5 kg 한국어 영어; 2단 녹색; 이용 가능한 전체 구성; 상자 나누기 2; 상자 평평한 면,"무게 1.5kg의 “고구마”라고 표시된 고구마 한 상자로, 녹색과 주황색을 주조색으로 하고 “탐마루”라는 문구가 포함된 디자인이 특징입니다."
vegetables,hyperclovax,1000079725,1gram,box; sweet; orange; potato; side,"A box of sweet potatoes with a label indicating they are 1.5kg, featuring a mix of green and orange packaging with the brand name ""탑마루"" visible.",상자; 달콤한; 오렌지; 감자; 측면,"1.5kg이라고 표시된 라벨이 붙은 고구마 한 상자로, 녹색과 주황색이 섞인 포장지에 ‘탑마루’라는 브랜드명이 선명하게 표시되어 있다."
vegetables,hyperclovax,1000079725,2gram,orange side; side box; sweet potato; green orange; 1.5kg orange,"A box of sweet potatoes with a green and orange design, labeled ""탑마루"" and weighing 1.5kg, showcasing a mix of whole and partially peeled potatoes.",주황색 쪽; 사이드 박스; 고구마; 초록색 주황색; 1.5kg 오렌지,"초록색과 주황색 무늬가 들어간 고구마 한 상자로, ‘탑마루’라는 라벨이 붙어 있으며 무게는 1.5kg이고, 껍질이 통째로 붙어 있는 고구마와 부분적으로 껍질이 벗겨진 고구마가 섞여 있습니다."
vegetables,hyperclovax,1000079725,3gram,orange side box; 1.5kg orange side; appearance suggest sweet; arrange cardboard box; box cut open,"A cardboard box filled with sweet potatoes, labeled ""탑마루"" and ""고구마 1.5kg"", showcasing a mix of red and white varieties, with one potato cut open to reveal its yellow flesh.",주황색 측면 상자; 1.5kg 오렌지 쪽; 겉모습만 보면 달콤해 보인다; 골판지 상자 정리하기; 상자를 뜯다,"“탑마루”과 “고구마 1.5kg”이라고 적힌, 고구마로 가득 찬 골판지 상자. 붉은색과 흰색 품종이 섞여 있으며, 그중 하나는 잘라져 노란 속살이 드러나 있다."
vegetables,hyperclovax,1000118036,1gram,garlic; packaging; korean; product; text,"A package of Korean garlic rice, featuring a beige color and a texture that suggests it is a pre-cooked or pre-prepared rice product.",마늘; 포장; 한국어; 제품; 텍스트,"베이지색을 띠고 있으며, 미리 조리되거나 가공된 쌀 제품임을 암시하는 식감을 가진 한국식 마늘밥 한 팩."
vegetables,hyperclovax,1000118036,2gram,black color; bulb additional; color diced; describe product; dice small,"A package of finely diced yellowish-brown food product labeled ""참좋은 다진마늘"" (Champoon Joo's Diced Garlic) with a garlic illustration, featuring a net weight of 500g and a 3% oil content.",검은색; 전구 추가; 색상별 깍둑썰기; 제품 설명; 작게 썰기,"“참좋은 다진마늘”이라는 라벨이 붙어 있고 마늘 그림이 그려진, 노란빛이 도는 갈색의 잘게 다진 식품 한 팩으로, 순중량은 500g이며 유분 함량은 3%입니다."
vegetables,hyperclovax,1000118036,3gram,bag white yellowish; black color packaging; brown color diced; bulb additional text; color diced garlic,"A package of yellowish diced food product labeled ""참좋은 다진마늘"" (Good Garlic Diced), featuring a garlic illustration and a net weight of 500g, with a white and yellow color scheme.","가방, 흰색에 노란빛이 도는; 검은색 포장; 갈색, 깍둑썰기; 전구 관련 추가 설명; 다진 마늘 (색상)","“참좋은 다진마늘”이라는 라벨이 붙은 노란빛을 띤 다진 식품 한 팩으로, 마늘 일러스트가 그려져 있으며 순중량은 500g이고, 흰색과 노란색을 주된 색상으로 한 제품입니다."
vegetables,hyperclovax,1000118036,1gram,garlic; finely; bowl; ceramic; chop,Finely minced garlic in a ceramic bowl.,마늘; 세밀하게; 그릇; 세라믹; 썰다,도자기 그릇에 잘게 다진 마늘.
vegetables,hyperclovax,1000118036,2gram,bowl additional; broad setting; ceramic bowl; chop garlic; dark rim,A bowl of finely minced garlic placed on a light gray surface.,그릇 추가; 광범위한 설정; 도자기 그릇; 마늘을 다진다; 어두운 테두리,밝은 회색 바탕 위에 잘게 다진 마늘 한 그릇이 놓여 있다.
vegetables,hyperclovax,1000118036,3gram,beige color slightly; bowl additional context; bowl light beige; broad setting use; ceramic bowl light,"A bowl of finely minced, pale yellowish-white food, likely garlic or ginger, presented on a light beige ceramic bowl.","베이지색을 약간; bowl에 대한 추가 설명; 그릇, 연베이지색; 광범위한 설정 활용; 세라믹 그릇 모양의 조명","옅은 베이지색 도자기 그릇에 담겨 있는, 잘게 다진 연한 황백색의 음식 한 그릇. 아마도 마늘이나 생강일 것이다."
vegetables,hyperclovax,1000120872,1gram,sprout; tip; mass; tangle; garnish,Sprouted bean sprouts in a white bowl.,새싹; 팁; 질량; 얽힘; 장식,흰 그릇에 담긴 싹이 난 콩나물.
vegetables,hyperclovax,1000120872,2gram,brand sprout; culinary use; dense tangle; detail brand; end stem,"A plate of fresh sprouts, likely for culinary use, with a dense tangle of white and yellow sprouts.",브랜드 스프라우트; 요리 용도; 촘촘하게 얽힌 엉킴; 브랜드 상세 정보; 줄기 끝,"요리에 사용할 것으로 보이는 신선한 새싹 한 접시로, 흰색과 노란색 새싹이 빽빽하게 얽혀 있다."
vegetables,hyperclovax,1000120872,3gram,arrange dense tangle; brand sprout fresh; culinary use salad; dense tangle mass; detail brand sprout,"A plate of fresh sprouts, likely for culinary use in salads, featuring a dense tangle of white and yellow sprouts.",촘촘하게 얽힌 것을 정리하다; 브랜드 스프라우트 프레시; 요리용 샐러드; 촘촘하게 얽힌 덩어리; 브랜드 스프라우트 상세 정보,"샐러드 등에 요리용으로 쓰일 것으로 보이는 신선한 새싹 한 접시로, 흰색과 노란색 새싹들이 빽빽하게 얽혀 있다."
vegetables,hyperclovax,1000120872,1gram,sprout; bean; seed; clearly; focal,Sprouted bean sprouts in a white bowl.,새싹; 콩; 씨앗; 분명히; 초점,흰 그릇에 담긴 싹이 난 콩나물.
vegetables,hyperclovax,1000120872,2gram,fresh sprout; point natural; seed slightly; surface sprout; bowl light,"A bowl of fresh sprouts with small yellow seeds, likely mung bean sprouts, presented on a light-colored surface.",갓 싹튼 새싹; 포인트 내추럴; 약간 뿌리기; 표면 싹; 볼 조명,"밝은 색의 접시 위에, 작은 노란색 씨앗이 흩뿌려진 신선한 새싹 한 그릇이 담겨 있다. 아마도 녹두 새싹일 것이다."
vegetables,hyperclovax,1000120872,3gram,bowl light gray; focal point natural; fresh sprout focal; gray surface sprout; pile white bowl,"A bowl of fresh sprouts with a light gray background, showcasing their natural, fresh appearance.","그릇, 연회색; 초점: 자연; 신선한 새싹을 중심으로; 회색 표면의 새싹; 흰색 그릇 더미","밝은 회색 배경 위에 놓인 신선한 새싹 한 그릇으로, 새싹의 자연스럽고 싱그러운 모습이 돋보입니다."
vegetables,hyperclovax,1000120884,1gram,arugula; leaf; bunch; thin; green,A bunch of fresh green arugula leaves on a white cloth.,루꼴라; 잎; 한 묶음; 얇은; 초록색,흰 천 위에 놓인 싱싱한 녹색 루콜라 잎 한 줌.
vegetables,hyperclovax,1000120884,2gram,arugula arugula; arugula vibrant; arugula white; bunch fresh; cluster arugula,A bunch of fresh arugula leaves resting on a white cloth.,루꼴라 루꼴라; 생기 넘치는 아루굴라; 루꼴라 흰색; 신선한 한 묶음; 루콜라 한 묶음,흰 천 위에 놓인 싱싱한 루콜라 잎 한 묶음.
vegetables,hyperclovax,1000120884,3gram,arugula arugula vibrant; arugula vibrant green; arugula white cloth; bunch fresh arugula; cloth serve contrast,A bunch of fresh arugula leaves resting on a white cloth.,아루굴라 아루굴라 생동감 넘치는; 생기 넘치는 초록색 루꼴라; 루꼴라 흰 천; 신선한 루콜라 한 묶음; 천의 대비 효과,흰 천 위에 놓인 싱싱한 루콜라 잎 한 묶음.
vegetables,hyperclovax,1000120884,1gram,arugula; leaf; edge; prominent; towel,Arugula leaves spread out on a white cloth.,루꼴라; 잎; 가장자리; 저명한; 수건,흰 천 위에 루꼴라 잎이 펼쳐져 있다.
vegetables,hyperclovax,1000120884,2gram,arugula leaf; fresh arugula; additional embellishment; cloth paper; edge focus,Fresh arugula leaves spread on a white cloth paper.,"루꼴라 잎; 신선한 루꼴라; 추가 장식; 천, 종이; 가장자리 초점",흰색 크로파퍼 위에 갓 딴 루콜라 잎을 펼쳐 놓았다.
vegetables,hyperclovax,1000120884,3gram,fresh arugula leaf; additional embellishment distraction; arugula leaf arugula; arugula leaf green; arugula leaf highlight,Fresh green arugula leaves spread out on a white cloth.,"신선한 루콜라 잎; 불필요한 장식적 요소로 인한 주의 산만; 루꼴라 잎 루꼴라; 루꼴라 잎, 녹색; 루꼴라 잎 하이라이트",하얀 천 위에 싱그러운 녹색 루콜라 잎들이 펼쳐져 있다.
vegetables,hyperclovax,1000178619,1gram,pepper; bell; corner; yellow; bottom,"A vibrant collection of four bell peppers: one red, one yellow, and two orange, arranged in a square pattern on a green background.",후추; 벨; 모서리; 노란색; 하단,"빨간색 1개, 노란색 1개, 주황색 2개 등 총 4개의 피망으로 구성된 생동감 넘치는 컬렉션으로, 녹색 배경 위에 정사각형 모양으로 배열되어 있습니다."
vegetables,hyperclovax,1000178619,2gram,bell pepper; corner yellow; left corner; pepper bottom; right corner,"A vibrant collection of four bell peppers: a red one in the upper left, a yellow one in the upper right, a yellow one in the bottom left, and a red one in the bottom right, all set against a solid green background.",피망; 노란색 모서리; 왼쪽 모서리; 페퍼 바텀; 오른쪽 모서리,"생동감 넘치는 네 개의 피망 모음: 왼쪽 위에는 빨간 피망 하나, 오른쪽 위에는 노란 피망 하나, 왼쪽 아래에는 노란 피망 하나, 오른쪽 아래에는 빨간 피망 하나가 있으며, 모두 단색의 녹색 배경 위에 배치되어 있습니다."
vegetables,hyperclovax,1000178619,3gram,bell pepper bottom; left corner yellow; backdrop highlight color; bell pepper smooth; bell pepper total,"A vibrant collection of bell peppers in red, yellow, and orange hues, arranged in a square formation against a solid green background.",피망 밑부분; 왼쪽 모서리 노란색; 배경 하이라이트 색상; 파프리카 퓨레; 피망 총량,"단색의 녹색 배경 위에 빨강, 노랑, 주황색의 생동감 넘치는 피망들이 정사각형 모양으로 배열되어 있다."
vegetables,hyperclovax,1000178619,1gram,pepper; bell; stem; curved; green,"A trio of bell peppers in red, orange, and yellow, arranged side by side on a green background.",후추; 벨; 줄기; 곡선형; 초록색,"초록색 배경 위에 빨간색, 주황색, 노란색 파프리카 세 개가 나란히 놓여 있다."
vegetables,hyperclovax,1000178619,2gram,bell pepper; brown stem; curved shape; slightly curved; small brown,"A trio of bell peppers arranged side by side on a green background, showcasing a gradient of colors from yellow to red, with a small brown stem on each.",피망; 갈색 줄기; 곡선형; 약간 휘어진; 작은 갈색,"초록색 배경 위에 나란히 놓인 세 개의 피망이 노란색에서 빨간색으로 이어지는 색상 그라데이션을 뽐내고 있으며, 각 피망에는 작은 갈색 줄기가 달려 있다."
vegetables,hyperclovax,1000178619,3gram,slightly curved shape; small brown stem; bell pepper yellow; smooth glossy surface; arrange row solid,"A row of four bell peppers arranged on a solid green background, featuring a slightly curved shape, small brown stem, smooth glossy surface, and varying shades of yellow and red.","약간 휘어진 모양; 작은 갈색 줄기; 노란 파프리카; 매끄럽고 광택이 나는 표면; 행 정렬, 채움","짙은 녹색 배경 위에 나란히 놓인 네 개의 피망으로, 약간 휘어진 모양과 작은 갈색 꼭지, 매끄럽고 윤기 나는 표면, 그리고 노란색과 빨간색의 다양한 색조를 띠고 있다."
vegetables,hyperclovax,1000258072,1gram,layer; lettuce; 3; blue; leaf,Layer of fresh green lettuce leaves arranged in three distinct rows against a plain light background.,레이어; 양상추; 3; 파란색; 잎,단순하고 밝은 배경 위에 싱싱한 녹색 상추 잎들이 세 줄로 가지런히 놓여 있다.
vegetables,hyperclovax,1000258072,2gram,3 distinct; arrange 3; blue showcase; bottom layer; curve edge,Three distinct layers of fresh green lettuce leaves arranged in a curved edge pattern.,3가지 뚜렷한; 정렬 3; 파란 쇼케이스; 최하층; 곡선 모서리,신선한 녹색 상추 잎 세 겹이 물결 모양으로 배열되어 있다.
vegetables,hyperclovax,1000258072,3gram,3 distinct layer; arrange 3 distinct; blue showcase natural; bottom layer large; crinkle texture leaf,"Layered green leafy vegetables with crinkle texture and a natural blue-green color, arranged in three distinct layers.","3개의 별개의 층; 서로 다른 3개를 배열하고; 블루 쇼케이스 내추럴; 맨 아래 레이어, 대; 주름진 질감의 잎",주름진 질감과 자연스러운 청록색을 띠는 잎채소가 세 개의 뚜렷한 층으로 나뉘어 배열되어 있습니다.
vegetables,hyperclovax,1000258072,1gram,leaf; lettuce; green; overlap; crisp,"Several fresh green lettuce leaves with visible veins and crisp edges, suitable for salads or garnishes.",잎; 양상추; 초록색; 중복; 바삭한,"맥이 선명하고 가장자리가 아삭한 신선한 녹색 상추 잎 몇 장으로, 샐러드나 장식용으로 적합합니다."
vegetables,hyperclovax,1000258072,2gram,lettuce leaf; center dark; fresh crisp; fresh lettuce; green center,"Fresh, crisp green lettuce leaves with visible veins and a slightly darker center.","상추 잎; 중앙, 어두운; 상큼하고 아삭아삭한; 신선한 상추; 그린 센터","맥이 선명하게 드러나고 중앙 부분이 약간 더 어두운, 싱싱하고 아삭아삭한 녹색 상추 잎."
vegetables,hyperclovax,1000258072,3gram,center dark green; crinkle texture slightly; dark green edge; fresh lettuce leaf; glossy surface leaf,"Fresh, dark green lettuce leaves with crinkle texture and glossy surface, ideal for salads.",중앙의 짙은 녹색; 살짝 주름진 질감; 짙은 녹색 테두리; 신선한 상추 잎; 광택이 나는 표면의 잎,"주름진 질감과 윤기 나는 표면을 가진 싱싱하고 짙은 녹색 상추 잎으로, 샐러드에 안성맞춤입니다."
vegetables,hyperclovax,1000441195,1gram,sweet; potato; tuberous; natural; nature,"A collection of fresh, reddish-brown sweet potatoes arranged in a white bowl.",달콤한; 감자; 결절성; 자연스러운; 자연,하얀 그릇에 담겨 있는 싱싱하고 붉은빛이 도는 갈색 고구마들.
vegetables,hyperclovax,1000441195,2gram,color natural; sweet potato; exhibit reddish; indicate organic; nature sweet,A collection of reddish sweet potatoes in a white bowl.,색상: 내추럴; 고구마; 붉은빛을 띠는; 유기농임을 나타냄; 자연의 달콤함,하얀 그릇에 담긴 붉은빛이 도는 고구마들.
vegetables,hyperclovax,1000441195,3gram,color natural curve; exhibit reddish brown; gray highlight vibrant; indicate organic nature; nature sweet potato,"A collection of freshly harvested sweet potatoes with a reddish-brown skin, arranged in a white bowl on a gray surface.","자연스러운 곡선; 붉은 갈색을 띠다; 회색 하이라이트, 생동감 넘치는; 유기적 성격을 나타내다; 자연산 고구마","회색 바탕 위에 놓인 흰 그릇에, 갓 수확한 붉은 갈색 껍질을 가진 고구마들이 담겨 있다."
vegetables,hyperclovax,1000441195,1gram,sweet; potato; pot; way; compact,"A bowl of roasted sweet potatoes with one cut open to reveal their soft, yellow flesh.",달콤한; 감자; 냄비; 방법; 컴팩트,구운 고구마 한 그릇. 그중 하나는 반으로 갈라져 부드럽고 노란 속살이 드러나 있다.
vegetables,hyperclovax,1000441195,2gram,sweet potato; black pot; bright yellow; center partially; color pot,"A close-up of a black pot filled with several sweet potatoes, one of which is partially peeled to reveal its bright yellow flesh.",고구마; 검은 냄비; 선명한 노란색; 가운데에 부분적으로; 색상 통,"감자 몇 개가 담긴 검은 냄비의 클로즈업 사진으로, 그중 하나는 껍질이 부분적으로 벗겨져 밝은 노란색 속살이 드러나 있다."
vegetables,hyperclovax,1000441195,3gram,black pot red; bright yellow flesh; center partially peel; color natural imperfection; color pot vibrant,"A black pot filled with several sweet potatoes, one of which has a partially peeled section revealing bright yellow flesh.","검은 냄비, 빨간색; 선명한 노란색 과육; 가운데 부분을 부분적으로 벗겨내다; 자연스러운 색상의 결점; 화사한 컬러 팟","검은 냄비 안에 고구마 몇 개가 들어 있는데, 그중 하나는 껍질이 부분적으로 벗겨져 있어 밝은 노란색 속살이 드러나 있다."
vegetables,hyperclovax,1000443684,1gram,salad; green; leaf; side; bowl,Two bowls of fresh green leafy salad on a gray surface.,샐러드; 초록색; 잎; 측면; 그릇,회색 바탕 위에 놓인 신선한 녹색 잎채소 샐러드 두 그릇.
vegetables,hyperclovax,1000443684,2gram,salad green; bowl side; bowl slightly; fresh wilt; overlap texture,"Two bowls of fresh, mixed green salad with varying textures and leaf types, presented on a plain gray surface.",샐러드용 채소; 그릇 쪽; 그릇을 살짝 기울이다; 신선한 시들음; 중첩 텍스처,"질감과 잎의 종류가 다양한 신선한 믹스 그린 샐러드 두 그릇이, 심플한 회색 접시 위에 담겨 있다."
vegetables,hyperclovax,1000443684,3gram,bowl side side; bowl slightly overlap; gray surface bowl; overlap texture leaf; side light gray,Two bowls of fresh green salad greens on a gray surface.,그릇 옆면; 그릇을 살짝 겹치게 놓는다; 회색 표면의 그릇; 겹쳐진 질감의 잎; 측면 밝은 회색,회색 바탕 위에 놓인 신선한 녹색 샐러드 채소 두 그릇.
vegetables,hyperclovax,1000443684,1gram,salad; green; possibly; leaf; fresh,"Two bowls of fresh green salad with various leafy greens, including some darker leaves, presented on a plain gray surface.",샐러드; 초록색; 아마도; 잎; 신선한,"짙은 색 잎채소를 포함해 다양한 잎채소로 만든 신선한 그린 샐러드 두 그릇이, 무늬 없는 회색 접시 위에 담겨 있다."
vegetables,hyperclovax,1000443684,2gram,salad green; bowl large; large small; ruffle edge; slightly ruffle,"Two bowls filled with fresh green salad leaves, one larger than the other, placed on a gray surface.",샐러드용 채소; 큰 그릇; 크게 작게; 주름 장식 가장자리; 살짝 주름지다,"신선한 녹색 샐러드 잎으로 가득 찬 두 개의 그릇이 회색 바탕 위에 놓여 있는데, 그중 하나는 다른 것보다 더 크다."
vegetables,hyperclovax,1000443684,3gram,bowl large small; gray surface texture; large small plain; possibly recently wash; ruffle edge suggest,"Two bowls filled with fresh green leafy vegetables, likely a mix of lettuce and other greens, placed on a gray textured surface.","그릇 (대, 소); 회색 표면 질감; 크게 작게 기본; 아마도 최근에 세탁했을 수도 있다; 러플 가장자리 제안",신선한 녹색 잎채소—아마도 상추와 다른 채소들이 섞인 것—로 가득 찬 그릇 두 개가 회색의 질감이 느껴지는 표면 위에 놓여 있다.
vegetables,hyperclovax,1000661274,1gram,nutritional; packaging; vegetable; content; label,"A package of frozen mixed vegetables, including broccoli, cauliflower, and carrots, with a green label reading ""바로 대위되는 야채찜"" (directly above the rice, vegetable stew) and ""1kg"" (1 kilogram), featuring a nutritional label indicating it is a low-calorie option.",영양; 포장; 채소; 내용; 라벨,"브로콜리, 콜리플라워, 당근 등이 들어 있는 냉동 혼합 야채 한 팩으로, 녹색 라벨에는 “바로 대위되는 야채찜”과 “1kg”이라고 적혀 있으며, 저칼로리 제품임을 나타내는 영양 성분 표기가 되어 있다."
vegetables,hyperclovax,1000661274,2gram,1kg indicate; 4분 조리 label; brand mixmeal; calorie protein; carbohydrate 4분 조리,"A package of frozen mixed vegetables, including broccoli, cauliflower, carrots, and other vegetables, with a green label reading ""바로 대위되는 야채찜"" (Immediately cooked vegetable stew) and ""1kg"" (1 kilogram), featuring a 4-minute cooking label and nutritional information.",1kg을 나타냅니다; 4분 조리 라벨; 브랜드 믹스밀; 칼로리 단백질; 탄수화물 4분 조리,"브로콜리, 콜리플라워, 당근 및 기타 채소가 들어 있는 냉동 혼합 채소 한 팩으로, 녹색 라벨에 “바로 대위되는 야채찜”과 “1kg”이라고 적혀 있으며, 4분 조리 안내와 영양 성분 정보가 표기되어 있습니다."
vegetables,hyperclovax,1000661274,3gram,1kg indicate weight; 4분 조리 label overall; brand mixmeal visible; broccoli cauliflower carrot; calorie protein carbohydrate,"A package of frozen mixed vegetables, including broccoli, cauliflower, and carrots, with a 1kg weight label and a 4-minute cooking time indication.","1kg은 무게를 나타냅니다; 4분 조리 라벨 전체; 브랜드 믹스밀 표시됨; 브로콜리, 콜리플라워, 당근; 칼로리, 단백질, 탄수화물","브로콜리, 콜리플라워, 당근 등이 들어 있는 냉동 혼합 채소 한 팩으로, 중량 1kg이라고 표시되어 있으며 조리 시간은 4분으로 명시되어 있습니다."
vegetables,hyperclovax,1000661274,1gram,cauliflower; pumpkin; carrot; broccoli; plate,"A plate of fresh vegetables including broccoli, cauliflower, pumpkin, and carrots.",콜리플라워; 호박; 당근; 브로콜리; 판,"브로콜리, 콜리플라워, 호박, 당근 등이 들어간 신선한 채소 한 접시."
vegetables,hyperclovax,1000661274,2gram,pumpkin piece; broccoli cauliflower; plate broccoli; smooth texture; assorted vegetable,"A plate of assorted vegetables including broccoli, cauliflower, pumpkin pieces, and carrots, presented on a white plate.","호박 조각; 브로콜리, 콜리플라워; 브로콜리 볶음; 부드러운 질감; 모듬 채소","흰 접시에 담긴 브로콜리, 콜리플라워, 호박 조각, 당근 등이 섞인 야채 모둠 한 접시."
vegetables,hyperclovax,1000661274,3gram,plate broccoli cauliflower; assorted vegetable plate; broccoli cauliflower center; broccoli cauliflower pumpkin; broccoli green slightly,"A plate of assorted vegetables including broccoli, cauliflower, pumpkin, and carrots, presented on a white plate.","브로콜리, 콜리플라워; 모듬 야채 플래터; 브로콜리·콜리플라워 코너; 브로콜리, 콜리플라워, 호박; 브로콜리 잎이 살짝","흰 접시에 담긴 브로콜리, 콜리플라워, 호박, 당근 등이 섞인 야채 모둠 한 접시."
vegetables,hyperclovax,1000952172,1gram,date; packaging; container; product; 1,"Kf365 Curly Fresh (Kurly Fresh) is a packaged food product containing 15g of processed meat, specifically a type of processed meat product. The packaging is transparent with a white background, and the product is in small, clear plastic containers. The brand name ""Kf365"" is prominently displayed in black text on a purple background, and the product name ""Curly Fresh"" is written in black text on a white background. The packaging also includes text indicating the product's weight and the number of containers, along with a note about the product's freshness and expiration date. The product is presented in a way that highlights its packaging and contents, making it easily identifiable for online shoppers.",날짜; 포장; 컨테이너; 제품; 1,"Kf365 Curly Fresh(Kurly Fresh)는 15g의 가공육을 함유한 포장 식품으로, 구체적으로는 일종의 가공육 제품입니다. 포장은 흰색 바탕의 투명 포장이며, 제품은 작고 투명한 플라스틱 용기에 담겨 있습니다. 브랜드명 “Kf365”는 보라색 배경에 검은색 글씨로 눈에 띄게 표시되어 있으며, 제품명 “Curly Fresh”는 흰색 배경에 검은색 글씨로 표기되어 있습니다. 또한 포장에는 제품의 중량과 용기 수를 나타내는 문구와 함께, 제품의 신선도 및 유통기한에 대한 안내문이 포함되어 있습니다. 이 제품은 포장 및 내용물을 돋보이게 하는 방식으로 구성되어 있어, 온라인 쇼핑객들이 쉽게 식별할 수 있습니다."
vegetables,hyperclovax,1000952172,2gram,1 year; 300g expiration; arrange grid; black purple; brown crumbly,"Kf365 Curly Fresh (Kurly Fresh) is a 300g package of pre-prepared, crumbly food items, likely a type of processed meat or fish product, with a clear packaging design and visible contents inside.","1년; 300g 유통기한; 격자 정렬; 검은색, 보라색; 갈색이고 부서지기 쉬운","Kf365 Curly Fresh(Kurly Fresh)는 300g 용량의 미리 조리된 바스락거리는 식재료로, 가공육이나 가공어류 제품으로 추정되며, 투명한 포장 디자인으로 내부의 내용물이 훤히 보입니다."
vegetables,hyperclovax,1000952172,3gram,1 year date; 300g expiration date; appearance suggest fresh; arrange grid pattern; black purple text,"Kf365 Curly Fresh food product in a clear plastic packaging, featuring a grid pattern of individual containers with a yellowish substance inside, and a white background with black and purple text detailing product information.",1년 전 날짜; 300g 유통기한; 겉모습만 봐도 신선해 보인다; 격자 패턴 정렬; 검은색과 보라색 텍스트,"투명한 플라스틱 포장에 담긴 Kf365 Curly Fresh 식품 제품으로, 개별 용기들이 격자무늬를 이루고 있으며 용기 안에는 노란빛을 띤 물질이 들어 있고, 흰색 바탕에 검은색과 보라색 글씨로 제품 정보가 기재되어 있습니다."
vegetables,hyperclovax,1000952172,1gram,container; side; potato; creamy; crush,"Two containers of mashed potato, one with a partially open lid, placed on a white surface.",컨테이너; 측면; 감자; 크리미한; 호감,"흰색 표면 위에 으깬 감자가 담긴 용기 두 개가 놓여 있는데, 그중 하나는 뚜껑이 반쯤 열려 있다."
vegetables,hyperclovax,1000952172,2gram,appearance simplicity; container transparent; content container; creamy texture; crush garlic,"A pair of white, square-shaped containers filled with a creamy, mashed food product, likely garlic, with a smooth and uniform texture.",단순한 외관; 투명한 용기; 콘텐츠 컨테이너; 크리미한 식감; 마늘을 으깨다,"크림처럼 부드러운 으깬 음식(아마도 마늘일 것으로 추정됨)이 가득 담긴 흰색 사각형 용기 두 개로, 질감이 매끄럽고 균일하다."
vegetables,hyperclovax,1000952172,3gram,appearance simplicity packaging; color suggest ingredient; consist small white; container arrange side; container transparent lid,"A pair of small, white, square containers filled with a light yellow, mashed food product, likely a puree or paste, with a transparent lid.","외관, 단순함, 포장; 색상으로 원재료를 추측해 보세요; 작은 흰색으로 이루어져 있다; 컨테이너 배치 방향; 투명한 용기 뚜껑","투명한 뚜껑이 달린, 연한 노란색의 으깬 음식물(아마도 퓨레나 페이스트일 것)이 담긴 작고 하얀 사각형 용기 두 개."
vegetables,hyperclovax,1001176677,1gram,salad; green; complement; scalloped; leaf,"A plate of fresh green salad with various leafy greens, including a mix of green and red lettuce, arranged in a scalloped pattern.",샐러드; 초록색; 보완; 스캘럽 무늬; 잎,"초록색과 빨간색 상추를 섞은 것을 비롯해 다양한 잎채소가 들어간 신선한 그린 샐러드 한 접시로, 물결 모양으로 예쁘게 담겨 있습니다."
vegetables,hyperclovax,1001176677,2gram,salad green; light green; appearance salad; complement fresh; different texture,"A plate of fresh green salad greens, including various types of lettuce and leafy greens, presented on a light green surface.",샐러드용 채소; 연두색; 겉모습 샐러드; 신선함을 더하다; 다른 질감,다양한 종류의 상추와 잎채소가 들어간 신선한 그린 샐러드 한 접시가 연한 녹색 접시 위에 담겨 있다.
vegetables,hyperclovax,1001176677,3gram,appearance salad green; arrange loose natural; complement fresh appearance; consist type include; dark green leaf,"A plate of fresh green salad with various leafy greens, including dark green and lighter green varieties, arranged in a loose, natural style.",겉모습: 샐러드용 채소; 흩어진 자연스러운 스타일 연출; 산뜻한 분위기를 더해줍니다; 구성 유형 포함; 짙은 녹색 잎,"짙은 녹색과 연한 녹색 품종을 포함한 다양한 잎채소로 만든 신선한 그린 샐러드 한 접시로, 느슨하고 자연스러운 스타일로 담겨 있습니다."
vegetables,hyperclovax,1001176677,1gram,lettuce; romaine; green; leaf; red,"A plate of fresh green and red leafy lettuce, likely romaine, with a smooth white plate.",양상추; 로메인; 초록색; 잎; 빨강,"매끄러운 흰색 접시 위에, 아마도 로메인일 것으로 보이는 싱싱한 녹색과 빨간색 잎채소 한 접시."
vegetables,hyperclovax,1001176677,2gram,red leaf; leaf lettuce; romaine lettuce; arrangement white; central stalk,"A plate of fresh green leaf lettuce and red leaf lettuce, likely romaine, arranged in a decorative pattern on a white plate.",붉은 잎; 잎상추; 로메인 상추; 화이트 어레인지먼트; 중앙 줄기,흰 접시 위에 신선한 녹색 상추와 붉은 상추(아마도 로메인 상추일 것)를 장식적인 모양으로 담아낸 접시.
vegetables,hyperclovax,1001176677,3gram,red leaf lettuce; arrangement white scallop; brown color smooth; central stalk red; color slightly crinkle,A plate of fresh green and red leaf lettuce with a scalloped edge design.,"붉은잎 상추; 화이트 스캘럽 꽃꽂이; 갈색, 매끄러운; 중앙 줄기 빨간색; 색상이 약간 주름진 느낌",가장자리가 물결 모양으로 처리된 신선한 녹색과 빨간색 잎상추 한 접시.
vegetables,hyperclovax,1001227997,1gram,onion; casually; structured; uneven; mark,"A selection of fresh onions with varying degrees of skin removal, placed on a textured beige cloth, showcasing their natural color variations and minor imperfections.",양파; 무심코; 구조화된; 고르지 않은; 마크,"껍질을 각기 다른 정도로 벗겨낸 신선한 양파들을 질감이 느껴지는 베이지색 천 위에 올려놓아, 양파 본연의 색상 변화와 미세한 결점을 잘 보여주고 있다."
vegetables,hyperclovax,1001227997,2gram,onion onion; attach surface; casually structured; fresh onion; fresh unpeeled,"A selection of fresh, unpeeled onions with varying sizes and some cut in half, placed on a textured beige cloth.","양파 양파; 표면 부착; 캐주얼하면서도 구조적인; 생양파; 갓 수확한, 껍질을 벗기지 않은","크기가 제각각이고 일부는 반으로 잘린, 껍질을 벗기지 않은 신선한 양파들이 질감이 느껴지는 베이지색 천 위에 놓여 있다."
vegetables,hyperclovax,1001227997,3gram,attach surface texture; brown color green; casually structured manner; color green top; fresh onion onion,"A selection of fresh onions with varying degrees of brown spots, placed on a light-colored cloth, showcasing their natural texture and color variations.","표면 질감 적용; 갈색, 초록색; 자연스럽고 구조화된 방식; 초록색 상의; 신선한 양파 양파","갈색 반점이 각기 다른 정도로 나타난 신선한 양파들을 밝은 색 천 위에 올려놓은 모습으로, 양파의 자연스러운 질감과 색감의 변화를 잘 보여주고 있다."
vegetables,hyperclovax,1001227997,1gram,onion; patch; uneven; growth; soft,"A selection of fresh onions with varying sizes and some cut in half, placed on a textured beige cloth.",양파; 패치; 고르지 않은; 성장; 부드러운,"크기가 제각각인 신선한 양파들이, 그중 일부는 반으로 잘린 채, 질감이 느껴지는 베이지색 천 위에 놓여 있다."
vegetables,hyperclovax,1001227997,2gram,color patch; dark possibly; moisture natural; patch green; pattern onion,"A selection of fresh onions with visible patches of green and brown, placed on a light-colored cloth, ideal for cooking.",색상 패치; 어두울 수도 있다; 자연스러운 촉촉함; 패치 그린; 양파 무늬,"초록색과 갈색 반점이 선명하게 보이는 신선한 양파를 엄선하여 밝은 색의 천 위에 올려놓은 것으로, 요리에 안성맞춤입니다."
vegetables,hyperclovax,1001227997,3gram,color patch green; dark possibly moisture; green top surface; growth pattern onion; indicate soft texture,"A selection of fresh onions with varying degrees of skin blemishes, some cut open to reveal their white, layered interiors, placed on a textured beige cloth.","녹색 색상 패치; 어두운 곳, 습기가 있을 수 있음; 초록색 윗면; 양파의 생장 양상; 부드러운 질감을 나타내다","껍질에 다양한 정도의 흠이 있는 신선한 양파들이 골라져 있으며, 그중 일부는 잘려져 흰색의 층층이 쌓인 속살이 드러나 있고, 질감이 느껴지는 베이지색 천 위에 놓여 있다."
vegetables,hyperclovax,1001544134,1gram,potato; colored; 6; plate; light,Six brown potatoes arranged on a light-colored plate.,감자; 색깔이 있는; 6; 판; 빛,밝은 색 접시 위에 갈색 감자 여섯 개가 놓여 있다.
vegetables,hyperclovax,1001544134,2gram,light colored; 6 potato; fabric 6; plate potato; plate texture,Six light-colored potatoes arranged on a textured beige plate.,밝은 색의; 감자 6개; 패브릭 6; 감자 튀김; 판의 질감,질감이 느껴지는 베이지색 접시 위에 밝은 색의 감자 여섯 개가 놓여 있다.
vegetables,hyperclovax,1001544134,3gram,6 potato visible; brown color slightly; circular pattern plain; color slightly rough; colored fabric 6,"Six brown potatoes arranged on a plain, light-colored plate.","감자 6개가 보입니다; 약간 갈색을 띠는; 원형 무늬, 무지; 색상이 약간 거칠다; 무늬가 있는 천 6",무늬 없는 연한 색 접시 위에 갈색 감자 여섯 개가 놓여 있다.
vegetables,hyperclovax,1001544134,1gram,potato; whole; half; cut; blemish,"Whole, unpeeled potatoes with one cut half showing their pale flesh on a textured, light-colored fabric background.",감자; 전체; 반; 잘라내기; 결점,"질감이 느껴지는 밝은 색상의 천 배경 위에, 껍질을 벗기지 않은 통감자 한 개가 반으로 잘려 연한 속살이 드러나 있는 모습."
vegetables,hyperclovax,1001544134,2gram,whole potato; cut half; blemish damage; brownish yellow; create layered,Cut half of a brownish yellow potato on a textured white surface.,통감자; 반으로 자르다; 결함으로 인한 손상; 갈색을 띤 노란색; 레이어 생성,갈색을 띤 노란색 감자 반 개를 표면이 울퉁불퉁한 흰색 작업대 위에서 썰어주세요.
vegetables,hyperclovax,1001544134,3gram,arrange light gray; brownish yellow color; context element potato; create layered effect; cut half position,"Light gray textured background with brownish yellow potatoes, some cut in half to reveal their smooth, pale interior.",밝은 회색으로 배열하기; 갈색을 띤 노란색; 컨텍스트 요소: 감자; 레이어 효과를 만들기; 반 위치 절단,"밝은 회색의 질감이 느껴지는 배경 위에 갈색을 띤 노란색 감자들이 놓여 있으며, 그중 일부는 반으로 잘려 매끄럽고 옅은 색의 속살이 드러나 있다."
vegetables,hyperclovax,1001985604,1gram,root; green; onion; top; fibrous,"A collection of fresh green onions with white bases, arranged in a neat row on a solid green background.",root; 초록색; 양파; 맨 위; 섬유질의,흰 뿌리가 달린 싱싱한 파들이 짙은 녹색 배경 위에 가지런히 줄지어 놓여 있는 모습.
vegetables,hyperclovax,1001985604,2gram,green onion; green top; arrange somewhat; fibrous texture; flat solid,"A collection of fresh green onions with white bases, arranged in a somewhat flat and solid manner, showcasing their fibrous texture.",파; 초록색 상의; 어느 정도 정리하다; 섬유질 질감; 평평한 고체,"흰 뿌리가 달린 싱싱한 쪽파를 모아, 다소 납작하고 단단하게 배열하여 섬유질이 돋보이도록 한 모습입니다."
vegetables,hyperclovax,1001985604,3gram,arrange somewhat scatter; fibrous texture visible; flat solid green; glossy root fibrous; green provide uniform,"Fresh green onions with white roots, arranged in a somewhat scattered manner, showcasing their fibrous texture and glossy appearance.","다소 흩어져 있는 것을 정리하다; 섬유질 질감이 눈에 띈다; 단색의 평평한 녹색; 광택이 나는 뿌리, 섬유질; 그린은 제복을 제공합니다","흰 뿌리가 달린 싱싱한 쪽파가 다소 흩어진 듯이 배열되어 있어, 섬유질 같은 질감과 윤기 나는 모습을 잘 드러내고 있다."
vegetables,hyperclovax,1001985604,1gram,onion; green; stalk; purpose; segment,Cut green onions on a wooden cutting board.,양파; 초록색; 줄기; 목적; 세그먼트,나무 도마 위에서 파를 썰어주세요.
vegetables,hyperclovax,1001985604,2gram,green onion; onion green; board piece; contrast highlight; culinary purpose,"Cut green onions on a wooden cutting board, with some pieces sliced into smaller pieces.",파; 파의 잎; 판 조각; 대비 강조; 요리 용도,"나무 도마 위에서 파를 썰되, 일부는 더 작게 썰어주세요."
vegetables,hyperclovax,1001985604,3gram,green onion green; onion green onion; arrange wooden cutting; board piece cut; color provide contrast,Cut green onions on a wooden cutting board with white onion slices.,"파, 초록색; 양파, 쪽파; 나무 자르기 준비하기; 판자 자르기; 색상은 대비를 만들어 줍니다",나무 도마 위에 흰 양파 슬라이스와 함께 파를 썰어주세요.
vegetables,hyperclovax,1002030400,1gram,zucchini; top; shape; intact; bottom,"A single, whole zucchini with a green, elongated shape and a slightly curved top, placed against a plain beige background.",주키니; 맨 위; 모양; 온전한; 하단,"초록색의 길쭉한 모양에 윗부분이 살짝 휘어진 통째로 된 주키니 하나가, 무늬 없는 베이지색 배경에 놓여 있다."
vegetables,hyperclovax,1002030400,2gram,bottom zucchini; dark bottom; end zucchini; fresh focus; intact attach,"A fresh, whole zucchini with a green, smooth surface and a slightly curved stem, placed against a plain beige background.",아랫부분이 둥근 주키니; 어두운 바닥; 주키니 끝; 새로운 초점; 손상되지 않은 첨부 파일,"표면이 매끄럽고 초록색을 띠며, 줄기가 약간 휘어진 신선한 통 주키니가 무늬 없는 베이지색 배경 위에 놓여 있다."
vegetables,hyperclovax,1002030400,3gram,attach top indicate; bottom zucchini stem; color light top; dark bottom zucchini; end zucchini smooth,"A single zucchini with a smooth, green surface and a slightly curved stem, positioned vertically against a plain beige background.",상단 첨부 표시; 호박 밑동; 컬러 라이트 탑; 밑부분이 검은 호박; 주키니 퓨레 완성,"표면이 매끄럽고 초록색이며 줄기가 약간 휘어진 주키니 한 개가, 무지 베이지색 배경에 수직으로 놓여 있다."
vegetables,hyperclovax,1002030400,1gram,zucchini; scratch; indentation; minor; slightly,Green zucchini on a plain beige background.,주키니; 스크래치; 들여쓰기; 사소한; 약간,무지한 베이지색 배경 위에 놓인 초록색 주키니.
vegetables,hyperclovax,1002030400,2gram,bumpy small; color vary; end smooth; green zucchini; indentation minor,Green zucchini with minor indentations and a smooth end.,"울퉁불퉁한 작은; 색상 다양; 끝, 부드럽게; 초록색 주키니; 들여쓰기 사소한 오류",표면에 약간의 움푹 들어간 자국이 있고 끝부분이 매끄러운 녹색 주키니.
vegetables,hyperclovax,1002030400,3gram,bumpy small indentation; color vary slightly; dark green zucchini; end smooth glossy; green color vary,"A smooth, glossy green zucchini with a slightly bumpy surface and a small indentation at one end.",울퉁불퉁한 작은 움푹 들어간 곳; 색상이 약간 다를 수 있습니다; 짙은 녹색 주키니; 끝부분이 매끄럽고 광택이 나는; 녹색의 색상 차이가 있음,"표면이 약간 울퉁불퉁하고 한쪽 끝이 살짝 오목하게 패인, 매끄럽고 윤기 나는 녹색 주키니."
vegetables,hyperclovax,1002318657,1gram,cabbage; layer; wrinkle; frayed; blemish,"A whole, fresh cabbage with green leaves resting on a textured beige fabric.",양배추; 레이어; 주름; 닳아 해진; 결점,"질감이 느껴지는 베이지색 천 위에, 푸른 잎이 달린 통째로 신선한 양배추가 놓여 있다."
vegetables,hyperclovax,1002318657,2gram,slightly wrinkle; blemish cabbage; cabbage beige; cabbage central; cabbage leaf,"A whole, fresh cabbage with a smooth, green outer layer and slightly wrinkled texture, placed on a beige textured surface.",살짝 주름지다; 반점 배추; 양배추 베이지; 양배추의 메카; 양배추 잎,겉잎이 매끄럽고 푸르며 표면이 약간 주름진 통째로 신선한 양배추가 베이지색의 질감이 느껴지는 표면 위에 놓여 있다.
vegetables,hyperclovax,1002318657,3gram,beige cloth frayed; blemish cabbage central; bumpy typical fresh; cabbage beige cloth; cabbage central focus,"A fresh, bumpy cabbage with a central focus, resting on a beige cloth with frayed edges.","베이지색 천의 끝이 풀린; 블레미시 양배추 센터; 울퉁불퉁한, 전형적인, 신선한; 양배추 베이지색 천; 양배추를 중심으로","가장자리가 해진 베이지색 천 위에 놓여 있는, 싱싱하고 울퉁불퉁한 양배추 한 통이 중앙에 자리 잡고 있다."
vegetables,hyperclovax,1002318657,1gram,cabbage; layer; green; ruffle; section,"Three fresh cabbage leaves with visible ruffled edges, laid on a textured beige fabric.",양배추; 레이어; 초록색; 러플; 섹션,가장자리가 주름진 것이 눈에 띄는 신선한 양배추 잎 세 장이 질감이 느껴지는 베이지색 천 위에 놓여 있다.
vegetables,hyperclovax,1002318657,2gram,cabbage texture; cut section; food cabbage; green cabbage; layer ruffle,"Three fresh green cabbage leaves, cut into sections, displaying their layered texture on a beige fabric background.",양배추의 식감; 단면도; 식용 양배추; 녹색 양배추; 레이어드 러플,"베이지색 천을 배경으로, 얇게 썬 싱싱한 녹색 양배추 잎 세 장이 층층이 쌓인 질감을 드러내고 있다."
vegetables,hyperclovax,1002318657,3gram,cabbage cut section; cabbage highlight fresh; cabbage texture beige; contrast green cabbage; cut section reveal,"Three fresh cabbage cut sections placed on a beige textured fabric, showcasing their crisp white and green layers.",양배추 단면; 양배추 하이라이트: 신선한; 양배추 질감의 베이지색; 대조용 녹색 양배추; 단면도 공개,"베이지색의 질감이 살아 있는 천 위에 놓인 세 조각의 갓 자른 양배추가, 선명한 흰색과 녹색의 층을 드러내고 있다."
vegetables,hyperclovax,1002318659,1gram,broccoli; fabric; floret; side; stalk,"Two fresh broccoli florets with green stalks and dense clusters of small, tightly packed green florets, placed on a textured beige fabric background.",브로콜리; 원단; 꽃송이; 측면; 줄기,"푸른 줄기가 달린 신선한 브로콜리 꽃송이 두 개와, 작고 빽빽하게 모여 있는 녹색 꽃송이들이 질감이 느껴지는 베이지색 천 배경 위에 놓여 있다."
vegetables,hyperclovax,1002318659,2gram,texture broccoli; additional element; allow broccoli; beige texture; broccoli additional,"Two fresh broccoli florets with a rich green color and dense texture, placed on a beige textured surface.",브로콜리의 식감; 추가 요소; 브로콜리 허용; 베이지색 질감; 브로콜리 추가,짙은 녹색을 띠고 질감이 촘촘한 신선한 브로콜리 꽃봉오리 두 개가 베이지색의 질감이 느껴지는 표면 위에 놓여 있다.
vegetables,hyperclovax,1002318659,3gram,additional element distraction; allow broccoli focal; beige texture fabric; broccoli additional element; broccoli arrange side,"Two fresh broccoli florets with a rich green color and dense clusters of small buds, placed on a textured beige fabric background.",추가 요소로 인한 주의 산만; 브로콜리 포컬 허용; 베이지색 질감 원단; 브로콜리의 추가 성분; 브로콜리 곁들임 요리,"짙은 녹색을 띠고 작은 꽃봉오리가 빽빽하게 모여 있는 신선한 브로콜리 꽃송이 두 개가, 질감이 느껴지는 베이지색 천 배경 위에 놓여 있다."
vegetables,hyperclovax,1002318659,1gram,broccoli; tree; green; firm; packed,"A close-up of fresh broccoli florets on a textured beige fabric background, showcasing their vibrant green color and firm texture.",브로콜리; 나무; 초록색; 회사; 꽉 찬,"질감이 느껴지는 베이지색 천을 배경으로 한 신선한 브로콜리 꽃송이의 클로즈업 사진으로, 생생한 녹색과 탄탄한 식감이 돋보입니다."
vegetables,hyperclovax,1002318659,2gram,arrange texture; dense tree; floret tightly; packed stem; stem firm,Fresh green broccoli florets on a textured beige fabric background.,텍스처 배열; 울창한 나무; 꽃송이를 꽉; 꽉 찬 줄기; 줄기 회사,질감이 느껴지는 베이지색 천을 배경으로 한 싱그러운 녹색 브로콜리 꽃봉오리.
vegetables,hyperclovax,1002318659,3gram,arrange texture beige; broccoli arrange texture; color dense tree; color vegetable focus; dense tree structure,Fresh green broccoli florets arranged on a textured beige fabric background.,베이지색 무늬 배열; 브로콜리의 식감 배열; 색채가 짙은 나무; 색채와 채소에 초점을 맞추다; 조밀한 트리 구조,질감이 느껴지는 베이지색 천을 배경으로 싱싱한 녹색 브로콜리 꽃송이들이 정갈하게 배열되어 있다.
vegetables,hyperclovax,5000070,1gram,carrot; formation; triangular; plate; gray,Three carrots on a gray plate.,당근; 형성; 삼각형; 판; 회색,회색 접시 위에 당근 세 개.
vegetables,hyperclovax,5000070,2gram,arrange triangular; attach arrange; formation plate; gray round; orange rough,Three fresh carrots on a dark gray plate.,삼각형으로 배열하다; 첨부 및 정렬; 형성판; 회색 원형; 오렌지 러프,짙은 회색 접시 위에 놓인 신선한 당근 세 개.
vegetables,hyperclovax,5000070,3gram,arrange triangular formation; attach arrange triangular; carrot carrot orange; carrot orange rough; dark gray round,"Three carrots arranged on a dark gray round plate, exhibiting a natural orange color with rough, textured surfaces.","삼각형 대형을 취하다; 부착, 배열, 삼각형; 당근 당근 오렌지; 당근 오렌지 러프; 짙은 회색 원형","짙은 회색의 둥근 접시 위에 놓인 당근 세 개는 거친 질감의 표면을 지니고 있으며, 자연스러운 주황색을 띠고 있다."
vegetables,hyperclovax,5000070,1gram,carrot; orange; outer; skin; core,"A close-up of fresh carrots, showcasing their orange outer skin and core, with one carrot cut to reveal its inner texture.",당근; 오렌지; 외부; 피부; 핵심,"신선한 당근의 클로즈업 사진으로, 주황색 겉껍질과 심이 잘 드러나 있으며, 그중 한 개는 잘라내어 속의 질감을 보여주고 있다."
vegetables,hyperclovax,5000070,2gram,orange color; outer skin; carrot characterize; carrot dark; carrot highlight,"A close-up of fresh carrots with one cut to reveal their orange interior, showcasing the natural texture and color variations.",주황색; 외피; 당근의 특징; 짙은 당근색; 당근 하이라이트,"갓 수확한 당근을 클로즈업한 사진으로, 한쪽을 잘라내어 주황색 속살을 드러내어 자연스러운 질감과 색감의 변화를 잘 보여주고 있다."
vegetables,hyperclovax,5000070,3gram,additional context embellishment; carrot carrot characterize; carrot characterize orange; carrot dark gray; carrot highlight natural,"A close-up of fresh carrots, showcasing their orange color and natural texture, with one cut in half to reveal the inner flesh.",추가적인 맥락 보강; 당근 당근의 특징; 당근은 주황색을 띠는 것이 특징이다; 당근 짙은 회색; 당근 하이라이트 내추럴,"신선한 당근의 클로즈업 사진으로, 당근의 주황색과 자연스러운 질감이 잘 드러나 있으며, 그중 하나는 반으로 잘라 속살이 보이도록 되어 있다."
vegetables,hyperclovax,5000333,1gram,cucumber; side; oval; pair; bump,Two fresh green cucumbers placed on a white plate.,오이; 측면; 타원형; 쌍; 다시 올리기,하얀 접시 위에 놓인 싱싱한 초록 오이 두 개.
vegetables,hyperclovax,5000333,2gram,appearance visible; bump characteristic; characteristic fruit; coloration side; cucumber fresh,"Two fresh cucumbers with a green coloration and visible bumps, placed on a white plate.","외관이 보임; 범프 특성; 특징적인 과일; 색상 측면; 오이, 신선한","흰 접시 위에 놓인, 녹색을 띠고 표면에 울퉁불퉁한 돌기가 선명하게 보이는 신선한 오이 두 개."
vegetables,hyperclovax,5000333,3gram,appearance visible ridge; bump characteristic fruit; characteristic fruit natural; coloration side side; cucumber cucumber elongate,"Two fresh cucumbers with a smooth, green surface and visible ridges, placed on a white plate.","겉으로 드러나는 융기; 돌기가 있는 특징적인 과일; 특징적인 과일, 천연; 색상 측면 측면; 오이 오이 길쭉한",표면이 매끄럽고 초록색이며 줄무늬가 선명하게 보이는 신선한 오이 두 개가 흰 접시 위에 놓여 있다.
vegetables,hyperclovax,5000333,1gram,cucumber; slice; grain; several; board,Several slices of fresh cucumber on a wooden cutting board.,오이; 슬라이스; 곡물; 몇 가지; 게시판,나무 도마 위에 놓인 신선한 오이 몇 조각.
vegetables,hyperclovax,5000333,2gram,board smooth; cucumber slice; food cucumber; interior visible; light wooden,Light wooden board with fresh cucumber slices and a whole cucumber.,보드가 매끄럽다; 오이 조각; 음식 오이; 내부 모습; 밝은 색상의 목재,가벼운 나무 접시 위에 갓 썬 오이 조각과 통오이 한 개가 올려져 있다.
vegetables,hyperclovax,5000333,3gram,arrange light wooden; board smooth surface; bumpy surface texture; cucumber green slightly; cucumber slice several,"Several slices of fresh cucumber on a smooth, light wooden cutting board.",밝은 색상의 나무를 배치하다; 판의 매끄러운 표면; 울퉁불퉁한 표면 질감; 오이색이 살짝; 오이 몇 조각,매끄럽고 밝은 색의 나무 도마 위에 얇게 썬 신선한 오이 몇 조각이 놓여 있다.
vegetables,hyperclovax,5000718,1gram,spinach; wire; basket; clove; garlic,"A wire basket filled with fresh green spinach leaves, accompanied by a small pot of garlic cloves, set against a gray surface.",시금치; 와이어; 바구니; 정향; 마늘,"회색 바탕 위에, 싱싱한 시금치 잎으로 가득 찬 철망 바구니와 마늘 쪽이 담긴 작은 그릇이 놓여 있다."
vegetables,hyperclovax,5000718,2gram,wire basket; garlic clove; basket surface; clove suggest; clove whole,"A wire basket filled with fresh spinach leaves, accompanied by a small pot of garlic cloves, set against a gray surface.",철망 바구니; 마늘 한 쪽; 바구니 표면; clove 제안; 통 정향,"회색 바탕 위에, 신선한 시금치 잎으로 가득 찬 철망 바구니와 마늘 쪽이 담긴 작은 그릇이 놓여 있다."
vegetables,hyperclovax,5000718,3gram,basket surface texture; brown color wire; clove suggest cook; clove whole unpeeled; color wire basket,"A wire basket filled with fresh spinach leaves, accompanied by a small pot of garlic cloves, set against a gray surface.",바구니 표면 질감; 갈색 전선; 클로브 요리법 추천; 껍질째 통정향; 컬러 와이어 바구니,"회색 바탕 위에, 신선한 시금치 잎으로 가득 찬 철망 바구니와 마늘 쪽이 담긴 작은 그릇이 놓여 있다."
vegetables,hyperclovax,5000718,1gram,spinach; garlic; leaf; wire; basket,A wire basket filled with fresh green spinach leaves and a few garlic cloves placed on a gray surface.,시금치; 마늘; 잎; 와이어; 바구니,회색 바탕 위에 신선한 시금치 잎과 마늘 몇 쪽이 담긴 철망 바구니가 놓여 있다.
vegetables,hyperclovax,5000718,2gram,spinach leaf; wire basket; garlic clove; back reveal; basket gray,"A wire basket filled with fresh green spinach leaves, accompanied by a few garlic cloves and a dark cloth, set against a gray textured background.",시금치 잎; 철망 바구니; 마늘 한 쪽; 등 부분 노출; 회색 바구니,"회색의 질감이 느껴지는 배경 앞에, 신선한 녹색 시금치 잎으로 가득 찬 철망 바구니가 놓여 있고, 그 옆에는 마늘 몇 쪽과 짙은 색 천이 함께 놓여 있다."
vegetables,hyperclovax,5000718,3gram,back reveal white; basket gray texture; brown garlic food; brown smooth texture; bulbous interior garlic,"A wire basket filled with fresh spinach leaves, accompanied by a few garlic cloves and a dark cloth, set against a gray textured background.","뒷면 노출, 흰색; 바구니 회색 질감; 갈색 마늘 요리; 갈색의 매끄러운 질감; 알이 굵은 실내 마늘","회색의 질감이 느껴지는 배경 앞에, 신선한 시금치 잎으로 가득 찬 철망 바구니와 마늘 몇 쪽, 그리고 검은색 천이 놓여 있다."
vegetables,hyperclovax,5001063,1gram,broccoli; plate; stalk; finish; matte,"A single piece of broccoli on a plain, light-colored plate.",브로콜리; 판; 줄기; 완료; 무광,무늬 없는 연한 색 접시 위에 브로콜리 한 송이가 놓여 있다.
vegetables,hyperclovax,5001063,2gram,broccoli texture; bump vein; distract main; finish plain; green head,A single piece of broccoli on a plain white plate.,브로콜리의 식감; 돌출된 정맥; distract main; 무지 마감; 초록 머리,무늬 없는 흰 접시 위에 놓인 브로콜리 한 송이.
vegetables,hyperclovax,5001063,3gram,broccoli green head; broccoli plate provide; broccoli texture small; bump vein visible; clear view detail,"A single piece of broccoli on a white plate, showcasing its green head and visible texture with a clear view of the stem and vein details.",브로콜리 녹색 꽃봉오리; 브로콜리 요리 제공; 브로콜리의 식감 (작은 것); 돌출된 정맥이 보인다; 상세 정보 보기,"흰 접시 위에 놓인 브로콜리 한 송이가, 푸른 꽃봉오리와 뚜렷한 식감을 드러내며, 줄기와 잎맥의 세부적인 부분까지 선명하게 드러나 있다."
vegetables,hyperclovax,5001063,1gram,broccoli; floret; unadorned; plate; rich,"A single head of broccoli on a white plate, with a few florets cut off and placed beside it.",브로콜리; 꽃송이; 꾸밈없는; 판; 부유한,"하얀 접시 위에 브로콜리 한 송이가 놓여 있고, 그 옆에는 꽃송이 몇 개가 잘려 나와 놓여 있다."
vegetables,hyperclovax,5001063,2gram,broccoli smooth; broccoli surface; bumpy texture; clean highlight; floret center,"A single head of fresh broccoli with a vibrant green color and a bumpy texture, placed on a white plate, accompanied by smaller florets.",브로콜리 스무디; 브로콜리 표면; 울퉁불퉁한 질감; 하이라이트 지우기; 꽃송이 중심부,"생기 넘치는 녹색을 띠고 표면이 울퉁불퉁한 신선한 브로콜리 한 송이가 흰 접시 위에 놓여 있으며, 그 옆에는 더 작은 꽃송이들이 곁들여져 있다."
vegetables,hyperclovax,5001063,3gram,broccoli smooth natural; broccoli surface broccoli; bumpy texture typical; center small floret; clean highlight broccoli,"A single head of fresh broccoli with a vibrant green color and a bumpy texture, placed on a white plate, accompanied by smaller florets.",브로콜리 스무디 내추럴; 브로콜리 표면 브로콜리; 전형적인 울퉁불퉁한 질감; 중앙의 작은 꽃송이; 브로콜리를 깨끗이 씻어 겉면을 돋보이게 하세요,"생기 넘치는 녹색을 띠고 표면이 울퉁불퉁한 신선한 브로콜리 한 송이가 흰 접시 위에 놓여 있으며, 그 옆에는 더 작은 꽃송이들이 곁들여져 있다."
vegetables,hyperclovax,5026448,1gram,potato; bowl; unpeeled; flat; typical,"A bowl of unpeeled, typical potatoes.",감자; 그릇; 껍질을 벗기지 않은; 평평한; 전형적인,껍질을 벗기지 않은 평범한 감자 한 그릇.
vegetables,hyperclovax,5026448,2gram,bowl flat; bowl potato; potato light; product bowl; surface typical,A white bowl filled with several light brown potatoes.,볼형 평면; 그릇에 담긴 감자; 감자 라이트; 제품 용기; 표면 전형적,밝은 갈색 감자가 몇 개 담긴 하얀 그릇.
vegetables,hyperclovax,5026448,3gram,bowl flat light; bowl potato potato; brown color rough; food product bowl; potato light brown,"A white bowl filled with light brown potatoes, showcasing their natural rough texture and earthy color.","볼 플랫 라이트; 그릇 감자 감자; 갈색, 거친 질감; 식품용 그릇; 감자 연한 갈색",밝은 갈색 감자가 가득 담긴 흰색 그릇. 감자의 자연스러운 거친 질감과 흙빛이 잘 드러나 있다.
vegetables,hyperclovax,5026448,1gram,potato; indentation; light; bumpy; unpeeled,"A selection of unpeeled, light-skinned potatoes with one cut open to reveal their smooth, pale interior.",감자; 들여쓰기; 빛; 울퉁불퉁한; 껍질을 벗기지 않은,"껍질을 벗기지 않은 옅은 색의 감자 몇 개가 놓여 있으며, 그중 하나는 반으로 갈라져 매끄럽고 연한 속살이 드러나 있다."
vegetables,hyperclovax,5026448,2gram,bowl piece; brown typical; color potato; contrast potato; include shape,"A bowl of whole and halved brown potatoes with a smooth, light yellow flesh.","그릇 조각; 갈색, 전형적인; 컬러 감자; 대조용 감자; 모양 포함",살이 부드럽고 연한 노란색을 띠는 통감자와 반으로 자른 갈색 감자가 담긴 그릇.
vegetables,hyperclovax,5026448,3gram,bowl piece cut; brown typical unpeeled; bumpy surface color; color light brown; color potato arrange,"Cut brown potatoes in a white bowl, with one piece cut open to reveal a light brown interior.","그릇 조각 자르기; 갈색, 껍질 벗기지 않은 일반적인 것; 울퉁불퉁한 표면의 색상; 색상: 연한 갈색; 컬러 감자 배열","흰색 그릇에 갈색 감자를 썰어 놓고, 그중 한 조각은 반으로 갈라 연한 갈색 속이 보이게 한다."
vegetables,hyperclovax,5026449,1gram,sweet; orange; potato; range; brown,A plate of sweet potatoes with one cut open to reveal its orange flesh.,달콤한; 오렌지; 감자; 범위; 갈색,고구마 한 접시. 그중 하나는 반으로 갈라져 주황색 속살이 드러나 있다.
vegetables,hyperclovax,5026449,2gram,sweet potato; arrange plain; brown flesh; brown reddish; color skin,A plate of brown-skinned sweet potatoes with one cut open to reveal a yellow flesh.,고구마; 무지 배열; 갈색 과육; 갈색을 띤 붉은색; 피부색,껍질이 갈색인 고구마 한 접시. 그중 하나는 반으로 갈라져 노란 속살이 드러나 있다.
vegetables,hyperclovax,5026449,3gram,arrange plain light; bright orange interior; brown flesh inside; brown reddish brown; color skin range,"A plate of sweet potatoes with a mix of brown and reddish-brown skin, some cut open to reveal bright orange flesh inside.","단순한 조명을 배치하다; 밝은 주황색 인테리어; 속이 갈색인; 갈색, 적갈색; 피부색 범위",갈색과 적갈색 껍질이 섞인 고구마 한 접시. 그중 일부는 반으로 잘려 있어 안쪽의 선명한 주황색 속살이 드러나 있다.
vegetables,hyperclovax,5026449,1gram,sweet; potato; bowl; marking; rounder,A bowl of sweet potatoes with one cut open to reveal their orange flesh.,달콤한; 감자; 그릇; 표기; 라운더,고구마 한 그릇. 그중 하나는 반으로 갈라져 주황색 속살이 드러나 있다.
vegetables,hyperclovax,5026449,2gram,sweet potato; bowl hold; distinctive orange; elongate form; flesh reddish,"A bowl of sweet potatoes, featuring a mix of whole and cut pieces with a distinctive orange flesh and reddish skin, presented on a plain background.",고구마; 볼 홀드; 독특한 주황색; 길쭉한 형태; 붉은빛을 띤 살색,"특유의 주황색 과육과 붉은빛이 도는 껍질을 가진 고구마가 통째로 있는 것과 잘라진 것이 섞여 담긴 한 그릇이, 심플한 배경 위에 놓여 있다."
vegetables,hyperclovax,5026449,3gram,bowl hold sweet; bowl showcase distinctive; brown skin sweet; distinctive orange flesh; elongate form rounder,"A bowl of sweet potatoes with distinctive orange flesh and brown skin, showcasing their elongate form and rounder shape.","그릇에 담긴 달콤함; 독특한 그릇 전시; 갈색 피부, 달콤해; 특유의 주황색 과육; 길쭉한 형태를 더 둥글게 만들기","특유의 주황색 과육과 갈색 껍질을 가진 고구마 한 그릇으로, 길쭉하면서도 둥근 모양이 돋보입니다."
vegetables,hyperclovax,5026450,1gram,sweet; potato; plate; somewhat; peel,"A plate of roasted sweet potatoes with one cut open to reveal a soft, yellow interior.",달콤한; 감자; 판; 다소; 껍질,구운 고구마 한 접시. 그중 하나는 반으로 갈라져 속이 부드럽고 노란색인 것이 드러나 있다.
vegetables,hyperclovax,5026450,2gram,sweet potato; inside arrangement; plate reddish; plate somewhat; potato plate,"A plate of roasted sweet potatoes with one cut open to reveal a soft, yellow interior.",고구마; 내부 배치; 접시가 붉은빛을 띤다; 접시를 약간; 감자 요리 모음,구운 고구마 한 접시. 그중 하나는 반으로 갈라져 속이 부드럽고 노란색인 것이 드러나 있다.
vegetables,hyperclovax,5026450,3gram,color texture partially; colored plate reddish; flesh inside arrangement; inside arrangement sweet; orange flesh inside,A plate of roasted sweet potatoes with a partially peeled one revealing its orange flesh.,"색상, 질감, 부분적으로; 붉은빛을 띤 유색 판; 내부 구조; 내부 장식, 사랑스러워; 속이 주황색인",껍질을 일부 벗겨내어 주황색 속살이 드러난 구운 고구마 한 접시.
vegetables,hyperclovax,5026450,1gram,sweet; potato; assumption; description; expose,A bowl of sweet potatoes with one cut open to reveal their yellow flesh.,달콤한; 감자; 가정; 설명; 폭로하다,고구마 한 그릇. 그중 하나는 반으로 갈라져 노란 속살이 드러나 있다.
vegetables,hyperclovax,5026450,2gram,sweet potato; potato sweet; assumption taste; characteristic sweet; characterize reddish,A bowl of freshly cut sweet potatoes with a reddish skin and yellow flesh.,"고구마; 감자 과자; 가정, 취향; 특유의 달콤함; 붉은빛을 띠는 것으로 특징지을 수 있다","껍질은 붉은빛을 띠고 속은 노란색인, 갓 썰어낸 고구마 한 그릇."
vegetables,hyperclovax,5026450,3gram,sweet potato sweet; potato sweet potato; assumption taste freshness; bowl contrast vibrant; characteristic sweet potato,"A bowl of vibrant purple sweet potatoes, some of which are cut to reveal their yellow flesh.","고구마 달콤함; 감자 고구마; 가정, 맛, 신선함; 그릇의 선명한 대비; 특색 있는 고구마",생기 넘치는 보라색 고구마가 담긴 그릇. 그중 일부는 잘라내어 노란 속살이 드러나 있다.
vegetables,hyperclovax,5026451,1gram,onion; bag; fully; irregular; legible,"A package of fresh, irregularly shaped onions in a mesh bag.",양파; 가방; 완전히; 불규칙한; 읽기 쉬운,"메쉬 봉지에 담긴, 모양이 제각각인 신선한 양파 한 묶음."
vegetables,hyperclovax,5026451,2gram,bag transparent; common variety; context location; cooking plain; fully legible,"A package of onions in a mesh bag, featuring a label with a red and blue design, is displayed on a plain surface.",투명한 가방; 일반적인 종류; 문맥 위치; 간단한 요리; 완전히 읽을 수 있는,빨간색과 파란색 디자인이 들어간 라벨이 붙은 망사 봉지에 담긴 양파 한 묶음이 무늬 없는 표면 위에 진열되어 있다.
vegetables,hyperclovax,5026451,3gram,additional context location; arrange loose slightly; bag transparent plastic; brown skin arrange; common variety cooking,"A package of fresh red onions, likely a common variety used in cooking, presented in a transparent plastic bag with a purple label.",추가적인 맥락 및 위치 정보; 살짝 헐겁게 정리하세요; 투명한 비닐 봉지; 갈색 피부 배열; 일반적인 요리법,"요리에 흔히 쓰이는 품종으로 보이는 신선한 적양파 한 묶음이, 보라색 라벨이 붙은 투명한 비닐봉지에 담겨 있다."
vegetables,hyperclovax,5026451,1gram,onion; bag; mesh; partially; red,A bag of onions with a partially visible red mesh bag and one loose onion on a gray surface.,양파; 가방; 메쉬; 부분적으로; 빨강,"회색 바탕 위에 붉은색 망사 주머니가 부분적으로 드러난 양파 한 봉지와, 그 위에 놓인 양파 한 알."
vegetables,hyperclovax,5026451,2gram,mesh bag; red mesh; bag partially; bulb inside; highlight onion,A bundle of onions in a red mesh bag with a single onion placed beside it.,메쉬 가방; 빨간색 메쉬; 가방 일부; 내부의 전구; 양파 강조 표시,빨간 망사 주머니에 담긴 양파 한 묶음과 그 옆에 놓인 양파 한 개.
vegetables,hyperclovax,5026451,3gram,red mesh bag; backdrop highlight onion; bag partially open; bag white label; bulb inside onion,"A cluster of fresh onions in a red mesh bag with a partially open white label, accompanied by a single whole onion on the same grey surface.",빨간색 메쉬 가방; 배경 하이라이트 양파; 가방이 반쯤 열려 있다; 백 라벨 가방; 양파 속의 알갱이,"부분적으로 열린 흰색 라벨이 붙은 빨간색 망사 주머니에 담긴 신선한 양파 한 묶음과, 같은 회색 바탕 위에 놓인 통양파 한 개가 함께 있다."
vegetables,hyperclovax,5027318,1gram,clove; garlic; wooden; shiny; bowl,"A wooden bowl filled with whole, unpeeled garlic cloves.",정향; 마늘; 나무로 된; 반짝이는; 그릇,껍질을 벗기지 않은 통마늘이 가득 담긴 나무 그릇.
vegetables,hyperclovax,5027318,2gram,garlic clove; bowl plain; clove garlic; wooden bowl; clove light,"A wooden bowl filled with whole, unpeeled garlic cloves.",마늘 한 쪽; 그릇 (무늬 없음); 마늘 한 쪽; 나무 그릇; 정향 빛,껍질을 벗기지 않은 통마늘이 가득 담긴 나무 그릇.
vegetables,hyperclovax,5027318,3gram,arrange wooden bowl; bowl plain light; clove garlic clove; clove light yellow; garlic clove garlic,A wooden bowl filled with light yellow garlic cloves.,"나무 그릇을 정리하다; 볼, 무지, 밝은 색상; 마늘 한 쪽; 정향 연노란색; 마늘 한 쪽 마늘",연노란색 마늘 알이 가득 담긴 나무 그릇.
vegetables,hyperclovax,5027318,1gram,garlic; clove; cloves; consistent; maintain,"A bowl of whole garlic cloves placed on a light gray surface, with a few cloves scattered around the bowl.",마늘; 정향; 정향; 일관된; 유지하다,"밝은 회색 바탕 위에 마늘 통알이 담긴 그릇이 놓여 있고, 그릇 주변에는 마늘 몇 쪽이 흩어져 있다."
vegetables,hyperclovax,5027318,2gram,garlic clove; arrange bowl; bowl scatter; clove arrange; clove white,"A wooden bowl filled with whole garlic cloves placed on a light gray surface, with several garlic cloves scattered around the bowl.",마늘 한 쪽; 그릇 정리하기; 볼 스캐터; 정향 배열; 클로브 화이트,"밝은 회색 바탕 위에 통마늘이 가득 담긴 나무 그릇이 놓여 있고, 그릇 주변에는 마늘 몇 쪽이 흩어져 있다."
vegetables,hyperclovax,5027318,3gram,arrange bowl scatter; bowl scatter flat; clove arrange bowl; clove white smooth; cloves vary slightly,"A bowl of whole garlic cloves placed on a flat surface with a few cloves scattered around, exhibiting a smooth, white skin.","그릇을 정리하고 흩어 놓기; 그릇, 흩뿌림, 평평한; 정향 장식 그릇; 정향, 흰색, 매끄러운; 정향의 크기는 약간씩 다릅니다","평평한 표면 위에 마늘 통알 한 그릇이 놓여 있고, 그 주위에 마늘 몇 쪽이 흩어져 있으며, 매끄럽고 하얀 껍질을 띠고 있다."
vegetables,hyperclovax,5027319,1gram,cabbage; leaf; layer; condiment; curled,"A single head of cabbage with layered, curly leaves on a white plate.",양배추; 잎; 레이어; 양념; 말린,하얀 접시 위에 겹겹이 쌓인 곱슬거리는 잎을 가진 양배추 한 통.
vegetables,hyperclovax,5027319,2gram,leaf slightly; additional ingredient; cabbage surface; cabbage whole; color distinct,"A whole, fresh cabbage with a distinct yellow-green color, placed on a white plate.",잎을 살짝; 추가 재료; 양배추 표면; 통양배추; 색상 구분,"흰 접시 위에 놓인, 선명한 황록색을 띠는 통째로 신선한 양배추."
vegetables,hyperclovax,5027319,3gram,additional ingredient condiment; cabbage cabbage position; cabbage highlight color; cabbage position centrally; cabbage surface smooth,"A whole head of cabbage with a smooth, slightly wrinkled surface, placed centrally on a white plate, showcasing its vibrant yellow-green color.","추가 재료, 양념; 양배추 양배추 위치; 양배추 강조색; 양배추를 가운데에 놓으세요; 양배추 표면이 매끄럽다","표면이 매끄럽고 약간 주름진 통배추 한 통이 흰 접시 중앙에 놓여 있어, 선명한 황록색을 뽐내고 있다."
vegetables,hyperclovax,5027319,1gram,cabbage; leaf; darker; napa; half,"Two halves of a fresh, yellow cabbage with tightly packed, layered leaves.",양배추; 잎; 더 어두운; 나파; 반,잎이 빽빽하게 겹겹이 쌓여 있는 신선한 노란 양배추 두 쪽.
vegetables,hyperclovax,5027319,2gram,cabbage detail; cabbage plain; cabbage smooth; color cabbage; darker inner,"Two slices of fresh, yellow cabbage with tightly packed layers, showcasing the inner darker color.",양배추 클로즈업; 양배추 (무가공); 양배추 퓨레; 색 양배추; 더 어두운 내부,"층이 촘촘하게 쌓여 있고, 속이 더 짙은 색을 띠는 신선한 노란 양배추 두 조각."
vegetables,hyperclovax,5027319,3gram,cabbage cut half; cabbage detail stand; cabbage plain light; cabbage slightly darker; cabbage smooth slight,"Two halves of a fresh, light green cabbage with tightly packed, smooth layers.","양배추 반 개; 양배추 디테일 스탠드; 양배추, 소금만 뿌린 것; 양배추가 약간 더 어두운 색; 양배추, 매끄럽고, 약간","층이 빽빽하고 매끄러운, 싱싱하고 연한 녹색 양배추 두 쪽."
vegetables,hyperclovax,5027320,1gram,onion; green; bag; capital; grey,"A package of green onions labeled ""I AM GROUND"" in black text, with a clear plastic bag containing several stalks of green and white onions.",양파; 초록색; 가방; 자본; 회색,"검은색 글씨로 “I AM GROUND”라고 적힌 파 한 묶음으로, 투명한 비닐 봉지 안에 초록색과 흰색 파 몇 줄기가 들어 있다."
vegetables,hyperclovax,5027320,2gram,green onion; onion green; black capital; grey surface; i am ground print,"A package of green onions with the text ""I AM GROUND"" printed on it, placed on a grey surface.",파; 파의 잎; 검은 자본; 회색 표면; 나는 그라운드 프린트입니다,"회색 바탕 위에 놓인, “I AM GROUND”라는 문구가 인쇄된 파 묶음."
vegetables,hyperclovax,5027320,3gram,green onion green; onion green onion; bag label text; bag packaging transparent; black capital letter,"A package of green onions labeled ""I AM GROUND"" in black capital letters, with a transparent bag packaging.","파, 초록색; 양파, 쪽파; 가방 라벨 문구; 투명한 봉지 포장; 검은색 대문자","투명한 비닐 봉지에 포장된, 검은색 대문자로 “I AM GROUND”라고 적힌 파 한 묶음."
vegetables,hyperclovax,5027320,1gram,onion; green; basis; unpeele; packaging,"A package of green onions labeled ""I AM GROUND"" is displayed on a gray surface, with a few loose green onions beside it.",양파; 초록색; 기준; unpeele; 포장,"“I AM GROUND”라고 적힌 파 한 묶음이 회색 바탕 위에 놓여 있고, 그 옆에는 흩어져 있는 파 몇 줄기가 놓여 있다."
vegetables,hyperclovax,5027320,2gram,green onion; bag black; basis arrange; black white; bold capital,"A package of green onions labeled ""I AM GROUND"" in bold capital letters, with a clear plastic bag containing several green and white stalks of green onions.","파; 가방, 검정색; 기본 설정; 검정 흰색; 굵은 대문자","굵은 대문자로 “I AM GROUND”라고 적힌 파 한 묶음으로, 투명한 비닐 봉지 안에 초록색과 흰색 줄기의 파가 여러 개 들어 있다."
vegetables,hyperclovax,5027320,3gram,bag black white; basis arrange clear; black white label; bold capital letter; capital letter packaging,"A package of fresh green and white spring onions labeled ""I AM GROUND"" in bold black capital letters, with a clear plastic bag and a black and white label design.",가방 검정색 흰색; 기준 정렬 지우기; 블랙 화이트 라벨; 굵은 대문자; 대문자 표기,"검은색 굵은 대문자로 “I AM GROUND”라고 적힌 신선한 녹색과 흰색 쪽파 한 묶음으로, 투명한 비닐 봉지에 담겨 있으며 흑백 라벨 디자인이 적용되어 있다."
vegetables,hyperclovax,5030557,1gram,pepper; bell; attach; red; top,"Two bell peppers, one yellow and one red, placed side by side on a white surface.",후추; 벨; 첨부; 빨강; 맨 위,노란색과 빨간색 피망 두 개가 하얀 바탕 위에 나란히 놓여 있다.
vegetables,hyperclovax,5030557,2gram,bell pepper; stem attach; attach red; color pepper; color rounded,"A pair of bell peppers, one yellow and one red, with green stems attached, displayed against a plain white background.","피망; 스템 부착; 빨간색 첨부; 색깔 고추; 색상, 둥근 모서리","노란색과 빨간색 피망 각 하나씩, 녹색 줄기가 붙어 있는 채로, 흰색 바탕 위에 진열되어 있다."
vegetables,hyperclovax,5030557,3gram,attach red bell; attach top plain; backdrop highlight pepper; color pepper green; color rounded shape,"Two bell peppers, one yellow and one red, with green stems, placed against a plain white background.",빨간 종 달기; 상단 무지 첨부; 배경 하이라이트 페퍼; 색상: 녹색 고추; 색상이 있는 둥근 모양,녹색 줄기가 달린 노란색과 빨간색 피망 두 개가 흰색 바탕 위에 놓여 있다.
vegetables,hyperclovax,5030557,1gram,pepper; bell; rounded; red; glossy,"A pair of bell peppers, one yellow and one red, with a glossy surface and green stems.",후추; 벨; 둥근; 빨강; 광택 있는,"노란색과 빨간색 각 하나씩, 표면이 윤기 나고 줄기가 초록색인 피망 두 개."
vegetables,hyperclovax,5030557,2gram,bell pepper; surface rounded; green stem; rounded shape; color green,"A pair of bell peppers, one yellow and one red, with a green stem on the red one, both displaying a smooth, rounded surface.",피망; 표면이 둥글게 처리됨; 초록색 줄기; 둥근 모양; 색상: 녹색,"노란색과 빨간색 피망 한 쌍으로, 빨간색 피망에는 녹색 줄기가 달려 있으며, 둘 다 표면이 매끄럽고 둥글다."
vegetables,hyperclovax,5030557,3gram,color green stem; glossy surface rounded; surface rounded shape; smooth glossy surface; bell pepper left,"A glossy, rounded yellow bell pepper with a green stem on the left and a glossy, rounded red bell pepper with a green stem on the right.","초록색 줄기; 광택이 나는 표면, 둥근 모양; 표면이 둥근 모양; 매끄럽고 광택이 나는 표면; 남은 피망","왼쪽에는 녹색 줄기가 달린 윤기 나는 둥근 노란색 피망이, 오른쪽에는 녹색 줄기가 달린 윤기 나는 둥근 빨간색 피망이 있다."
vegetables,hyperclovax,5030559,1gram,zucchini; cloth; distinguishing; upwards; intact,"A whole, green zucchini lies on a white cloth, showcasing its smooth, elongated shape and vibrant color.",주키니; 천; 구분하는; 위쪽으로; 온전한,흰 천 위에 통째로 놓인 초록색 주키니가 매끄럽고 길쭉한 모양과 선명한 색감을 뽐내고 있다.
vegetables,hyperclovax,5030559,2gram,brand distinguishing; cloth zucchini; cylindrical vegetable; distinguishing mark; fabric provide,"A long, green zucchini rests on a white cloth, showcasing its smooth, elongated form and fresh appearance.",브랜드 차별화; 천으로 감싼 주키니; 원통형 채소; 구별점; 원단 공급,"길고 푸른 주키니가 흰 식탁보 위에 놓여 있어, 매끄럽고 길쭉한 모양과 싱그러운 모습을 뽐내고 있다."
vegetables,hyperclovax,5030559,3gram,brand distinguishing mark; cloth zucchini stem; color texture visible; colored fabric provide; cylindrical vegetable smooth,"A long, green zucchini rests on a white cloth, showcasing its smooth, cylindrical shape and vibrant color against a neutral background.","브랜드 식별 표시; 천으로 만든 주키니 줄기; 색상, 질감, 가시성; 색상 있는 원단 제공; 원통형 채소 스무디","길고 푸른 주키니가 흰색 천 위에 놓여 있으며, 중성적인 배경을 배경으로 매끄러운 원통형 모양과 선명한 색감을 뽐내고 있다."
vegetables,hyperclovax,5030559,1gram,zucchini; seed; slice; flesh; numerous,"A wooden cutting board with several slices of fresh green zucchini, showcasing its vibrant yellow flesh and green rind.",주키니; 씨앗; 슬라이스; 살; 수많은,"신선한 녹색 주키니 몇 조각이 올려진 나무 도마로, 주키니의 선명한 노란 속살과 녹색 껍질이 돋보입니다."
vegetables,hyperclovax,5030559,2gram,board texture; brand element; color wooden; element zucchini; flesh small,"A wooden board with several slices of zucchini, showcasing its green rind and pale yellow flesh.",보드 질감; 브랜드 요소; 컬러 목재; 재료: 주키니; 살이 적은,"녹색 껍질과 연한 노란색 과육이 돋보이는, 호박 몇 조각이 올려진 나무 판."
vegetables,hyperclovax,5030559,3gram,arrange light color; beige fabric surface; board texture beige; brand element zucchini; color glossy sheen,"A wooden cutting board with several slices of green zucchini, showcasing its fresh, glossy texture and vibrant color.","밝은 색상 배치; 베이지색 원단 표면; 보드 질감 베이지색; 브랜드 요소: 주키니; 색상, 광택, 윤기","신선하고 윤기 나는 질감과 생생한 색감을 자랑하는, 녹색 주키니 몇 조각이 올려진 나무 도마."
vegetables,hyperclovax,5031100,1gram,lettuce; romaine; gradient; leaf; create,A whole head of romaine lettuce on a white plate.,양상추; 로메인; 그라디언트; 잎; 만들기,하얀 접시 위에 놓인 로메인 상추 한 통.
vegetables,hyperclovax,5031100,2gram,romaine lettuce; create gradient; crisp texture; cut reveal; effect surface,"A whole head of romaine lettuce on a white plate, with a cut piece revealing its crisp texture.",로메인 상추; 그라데이션 만들기; 바삭바삭한 식감; 컷 공개; 영향 면,흰 접시 위에 놓인 로메인 상추 한 통. 잘라낸 부분에서 아삭한 식감이 드러나고 있다.
vegetables,hyperclovax,5031100,3gram,contrast green lettuce; create gradient effect; crisp texture green; cut reveal layered; dark green inner,"A whole head of green lettuce with crisp texture, placed on a white plate, with a partially cut section revealing its layered structure.","대조용 녹색 상추; 그라데이션 효과 만들기; 바삭한 식감의 녹색; 자르기, 드러내기, 레이어링; 짙은 녹색 안쪽","아삭아삭한 식감의 녹색 상추 한 통이 흰 접시 위에 놓여 있으며, 일부가 잘려 층층이 쌓인 구조가 드러나 있다."
vegetables,hyperclovax,5031100,1gram,lettuce; inner; head; transition; leaf,"Whole head of lettuce with a cut section revealing its layered, crisp texture.",양상추; 내부; 머리; 전환; 잎,"상추 한 통 전체와, 잘라낸 단면을 통해 층층이 쌓인 아삭아삭한 식감이 드러나 있다."
vegetables,hyperclovax,5031100,2gram,color moisture; color transition; cut right; head whole; include green,"Whole head of green lettuce with a cut section revealing its layered, crisp texture.","색상, 수분; 색상 전환; 오른쪽으로 자르기; 머리 전체; 녹색 포함","층층이 쌓인 아삭아삭한 식감이 드러나는, 잘린 단면을 가진 통째의 녹색 상추."
vegetables,hyperclovax,5031100,3gram,color moisture content; color transition white; cut right reveal; green lettuce head; head whole left,"Whole green lettuce with a cut section revealing its layered, crisp texture.","색상 수분 함량; 색상 전환: 흰색; 오른쪽으로 자르기, 숨김 부분 드러내기; 녹색 상추 한 통; 머리 전체 왼쪽","층층이 쌓인 아삭아삭한 식감이 드러나는, 한쪽이 잘려 있는 통째의 녹색 상추."
vegetables,hyperclovax,5031391,1gram,mushroom; type; edible; gill; identify,"Two fresh edible mushrooms with white caps and stems, placed on a white cloth.",버섯; 유형; 식용; 아가미; 식별하다,흰색 갓과 줄기를 가진 신선한 식용 버섯 두 개가 흰 천 위에 놓여 있다.
vegetables,hyperclovax,5031391,2gram,attach base; base typical; cap white; cloth contrast; cluster slender,"Two fresh white mushrooms with slender stems and a brownish base, resting on a white cloth.",베이스 부착; 기본 일반형; 흰색 모자; 원단의 대비; 가늘고 뭉쳐 있는,가느다란 줄기와 갈색을 띤 밑동을 가진 신선한 흰 버섯 두 개가 흰 천 위에 놓여 있다.
vegetables,hyperclovax,5031391,3gram,attach base typical; base typical presentation; cap white texture; cloth contrast mushroom; cluster slender white,"Two fresh white mushrooms with slender stems and a base, resting on a white cloth.",베이스 부착 (일반형); 기본적인 전형적인 증상; 흰색 캡 질감; 천 소재의 대비를 이룬 버섯; 가늘고 하얀 군락,가느다란 줄기와 밑동이 있는 신선한 흰 버섯 두 개가 흰 천 위에 놓여 있다.
vegetables,hyperclovax,5031391,1gram,mushroom; decay; lay; shape; provide,Freshly harvested white mushrooms laid on a textured white cloth.,버섯; 부패; lay; 모양; 제공하다,질감이 느껴지는 흰 천 위에 갓 수확한 흰 버섯이 놓여 있다.
vegetables,hyperclovax,5031391,2gram,appearance light; attach broad; base mushroom; broad flat; damage decay,Freshly harvested white mushrooms laid on a textured white cloth.,외관 조명; 광범위하게 적용하다; 기본 버섯; 넓고 평평한; 피해 감쇠,질감이 느껴지는 흰 천 위에 갓 수확한 흰 버섯이 놓여 있다.
vegetables,hyperclovax,5031391,3gram,appearance light beige; attach broad flat; base mushroom lay; broad flat base; cap stem long,"A close-up of fresh, light beige mushrooms with broad, flat stems and caps, neatly arranged on a textured white cloth.",색상: 연한 베이지색; 넓고 평평한 부착; 기본 버섯 배양; 넓고 평평한 밑면; 꽃받침 줄기가 길다,"질감이 느껴지는 흰색 천 위에, 넓고 납작한 줄기와 갓을 가진 싱싱하고 연한 베이지색 버섯들이 가지런히 놓여 있는 근접 촬영 사진."
vegetables,hyperclovax,5031395,1gram,radish; daikon; commonly; contexts; cream,A whole daikon radish placed on a white plate.,무; 무; 일반적으로; 맥락; 크림,흰 접시 위에 올려진 통무 한 개.
vegetables,hyperclovax,5031395,2gram,daikon radish; plain white; brownish spot; color brownish; color focal,Plain white plate with a brownish spot on a daikon radish.,무; 단순한 흰색; 갈색 반점; 갈색을 띤; 컬러 포컬,무 위에 갈색 반점이 찍힌 평범한 흰 접시.
vegetables,hyperclovax,5031395,3gram,brownish spot indicate; color brownish spot; color focal point; color texture radish; coloration typical daikon,"A whole daikon radish with a green top and a brownish spot on its surface, placed on a white plate.","갈색 반점은 다음을 나타냅니다; 갈색을 띤 반점; 색상적 초점; 색상, 질감, 무; 무 특유의 색깔","흰 접시 위에 놓인, 잎이 달린 통무 한 개로, 표면에 갈색 반점이 하나 있다."
vegetables,hyperclovax,5031395,1gram,radish; daikon; slice; vegetable; present,Slice of daikon radish on a white plate.,무; 무; 슬라이스; 채소; 현재,흰 접시 위에 올려진 무 한 조각.
vegetables,hyperclovax,5031395,2gram,daikon radish; brown spot; food root; fresh daikon; growth mark,"A white plate with several slices of daikon radish, showcasing its fresh and clean appearance with a few brown spots.",무; 갈색 반점; 식용 뿌리; 갓 딴 무; 성장 흔적,"흰 접시 위에 무 몇 조각이 담겨 있으며, 갈색 반점이 몇 개 보이지만 신선하고 깔끔한 모습을 뽐내고 있다."
vegetables,hyperclovax,5031395,3gram,brown spot indicate; clean simple manner; color vegetable stand; daikon radish cut; daikon radish slice,Cut slices of daikon radish on a white plate.,갈색 반점은 다음을 나타냅니다; 깔끔하고 간결한 방식; 색색의 채소 가판대; 무 썰기; 무 얇게 썬 것,흰 접시 위에 무를 얇게 썰어 올립니다.
vegetables,hyperclovax,5036663,1gram,spring; onion; green; neat; stack,A neat stack of fresh green spring onions.,봄; 양파; 초록색; 깔끔한; 스택,싱싱한 초록색 쪽파가 가지런히 쌓여 있다.
vegetables,hyperclovax,5036663,2gram,spring onion; arrange upright; base surface; brand plain; bulb base,"A bundle of fresh spring onions arranged upright on a plain, textured surface.",쪽파; 똑바로 세우다; 기저면; 브랜드 일반; 전구 소켓,무늬가 있는 평범한 표면 위에 꼿꼿이 세워진 신선한 쪽파 한 묶음.
vegetables,hyperclovax,5036663,3gram,arrange upright neat; base surface texture; brand plain light; bulb base surface; color spring onion,"Spring onion bunches arranged upright on a plain, light-colored textured surface.","똑바로, 가지런히 정리하다; 기판 표면 질감; 브랜드 플레인 라이트; 전구 소켓 바닥면; 색깔 파",무늬가 있는 옅은 색의 평평한 표면 위에 파 다발들이 똑바로 세워져 있다.
vegetables,hyperclovax,5036663,1gram,chive; green; bundle; unprocessed; quantity,A bundle of unprocessed green chives.,chive; 초록색; 번들; 가공되지 않은; 수량,가공되지 않은 파 한 묶음.
vegetables,hyperclovax,5036663,2gram,bundle packaging; chive arrange; chive characterize; chive chive; chive focal,A bundle of fresh green chives arranged on a textured gray surface.,묶음 포장; 차이브 배열; chive의 특징; 부추 부추; chive focal,질감이 느껴지는 회색 바탕 위에 갓 딴 싱싱한 쪽파 한 묶음이 놓여 있다.
vegetables,hyperclovax,5036663,3gram,arrange loose bundle; bundle packaging visible; chive arrange loose; chive characterize long; chive chive characterize,Loose bundle of green chives on a textured gray surface.,흩어진 묶음을 정리하다; 번들 포장 상태 표시; 부추를 흩뜨려 놓다; chive는 긴 특징을 띤다; chive chive 특징,질감이 느껴지는 회색 표면 위에 푸른 부추가 느슨하게 묶여 있다.
vegetables,hyperclovax,5042793,1gram,broccoli; frozen; organic; packaging; product,Organic frozen broccoli in a white and green packaging.,브로콜리; 얼어붙은; 유기농; 포장; 제품,흰색과 녹색 포장지에 담긴 유기농 냉동 브로콜리.
vegetables,hyperclovax,5042793,2gram,appearance packaging; bag text; brand quick cooking; clear visual; design easily,"Organic broccoli in a white plate and a package labeled ""Quick & Cooking"" and ""Organic Broccoli"" with the text ""냉동유기농 브로콜리"" (frozen organic broccoli) on it.",외관 및 포장; 가방 설명; 브랜드 속조리; 명확한 시각 자료; 간편하게 디자인하기,"흰 접시에 담긴 유기농 브로콜리와, “Quick & Cooking” 및 “Organic Broccoli”라고 적혀 있으며 “냉동유기농 브로콜리”라는 문구가 표기된 포장지."
vegetables,hyperclovax,5042793,3gram,appearance packaging green; bag text organic broccoli; brand quick cooking word; broccoli floret reinforce; clear visual representation,"Organic broccoli in a white plate and a green and white packaging bag labeled ""Quick & Cooking"" and ""Organic Broccoli"".","외관, 포장, 친환경; 봉지 문구: 유기농 브로콜리; 브랜드, 빠른 조리, 단어; 브로콜리 꽃송이 보강; 명확한 시각적 표현","흰색 접시에 담긴 유기농 브로콜리와, “Quick & Cooking” 및 “유기농 브로콜리”라고 적힌 초록색과 흰색 포장 봉지."
vegetables,hyperclovax,5042793,1gram,broccoli; floret; plate; blanched; prepare,"A plate of steamed broccoli florets, presented on a white plate against a neutral gray background.",브로콜리; 꽃송이; 판; 데친; 준비하다,중성적인 회색 배경을 배경으로 흰 접시에 담긴 찐 브로콜리 꽃송이 한 접시.
vegetables,hyperclovax,5042793,2gram,blanched slight; broccoli cut; color broccoli; cut floret; element broccoli,"A plate of lightly cooked broccoli florets, likely blanched or steamed, presented in a simple white dish.",살짝 데친; 브로콜리 썰기; 브로콜리 색상; 잘라낸 꽃송이; 브로콜리,"가볍게 익힌 브로콜리 꽃송이 한 접시. 아마도 데치거나 찐 것으로 보이며, 심플한 흰색 접시에 담겨 있다."
vegetables,hyperclovax,5042793,3gram,blanched slight sheen; broccoli broccoli cut; broccoli cut floret; broccoli fresh prepare; broccoli plate additional,"A plate of fresh, lightly blanched broccoli florets, presented in a simple white dish.","살짝 데친 듯한 은은한 광택; 브로콜리, 브로콜리 썰기; 브로콜리 꽃송이 조각; 신선한 브로콜리 손질하기; 브로콜리 한 접시 추가","간단한 흰색 접시에 담긴, 신선하고 살짝 데친 브로콜리 꽃송이 한 접시."
vegetables,hyperclovax,5044050,1gram,root; lotus; board; slice; tone,"Two slices of lotus root on a wooden board, with one whole root and several sliced pieces.",root; 연꽃; 게시판; 슬라이스; 어조,"나무 도마 위에 연근 두 조각이 놓여 있고, 그 옆에는 통째로 된 연근 하나와 썰어 놓은 연근 몇 조각이 있습니다."
vegetables,hyperclovax,5044050,2gram,lotus root; board light; contrast natural; hole slice; interior pattern,"Lotus root slices on a wooden board, showcasing their natural interior pattern and contrast with the dark background.","연근; 보드 조명; 대조, 자연스러운; 홀 슬라이스; 인테리어 패턴","나무 도마 위에 놓인 연근 조각들이 자연스러운 내부 무늬를 드러내며, 어두운 배경과 대비를 이루고 있다."
vegetables,hyperclovax,5044050,3gram,arrange neatly board; beige color rough; board light beige; board showcase uniform; contrast natural tone,"Two whole, beige-colored root vegetables, likely sweet potatoes, arranged neatly on a dark wooden board, alongside a separate section showcasing sliced pieces of the same root vegetables, arranged in a uniform pattern on a lighter wooden board.","보드를 깔끔하게 정리하다; 베이지색, 거친 질감; 보드 라이트 베이지; 보드 쇼케이스 유니폼; 자연스러운 톤의 대비","베이지색의 뿌리채소 두 개(아마도 고구마로 보이는)가 짙은 색 나무 판 위에 가지런히 놓여 있고, 그 옆에는 같은 뿌리채소를 얇게 썬 조각들이 더 밝은 색 나무 판 위에 일정한 패턴으로 배열되어 있는 모습이 보인다."
vegetables,hyperclovax,5044050,1gram,lotus; root; board; cutting; wooden,Lotus root slices on a wooden board.,연꽃; root; 게시판; 절단; 나무로 된,나무 도마 위에 놓인 연근 썰기.
vegetables,hyperclovax,5044050,2gram,lotus root; cutting board; wooden cutting; root piece; 2 form,"Lotus root slices on a wooden cutting board, with a few whole pieces beside them.",연근; 도마; 나무 자르기; 뿌리 조각; 2형,나무 도마 위에 연근 썰어 놓은 것과 그 옆에 통째로 남은 연근 몇 조각이 놓여 있다.
vegetables,hyperclovax,5044050,3gram,wooden cutting board; lotus root piece; 2 form whole; arrange neatly wooden; beige rough textured,"Two whole lotus root pieces arranged neatly on a wooden cutting board, with a smaller wooden board below displaying sliced lotus root pieces.","나무 도마; 연근 조각; 2가 합쳐져 하나를 이룬다; 나무로 된 것을 가지런히 정리하다; 베이지색, 거친 질감","나무 도마 위에 연근 두 조각이 가지런히 놓여 있고, 그 아래에는 더 작은 나무 도마 위에 얇게 썬 연근 조각들이 담겨 있다."
vegetables,hyperclovax,5045384,1gram,herb; dry; purple; countable; identifiable,"A collection of dried green and purple leaves, likely herbs, laid on a white cloth.",허브; 건조한; 보라색; 가산형; 식별 가능한,"흰 천 위에 놓인, 아마도 허브로 보이는 말린 초록색과 보라색 잎들의 모음."
vegetables,hyperclovax,5045384,2gram,dry herb; herb herb; clearly countable; collection dry; color shape,"A collection of dried green and purple leaves, likely herbs, laid on a white cloth.","건조 허브; 허브 허브; 명확히 셀 수 있는; 건조된 컬렉션; 색상, 모양","흰 천 위에 놓인, 아마도 허브로 보이는 말린 초록색과 보라색 잎들의 모음."
vegetables,hyperclovax,5045384,3gram,dry herb herb; arrange white cloth; broad slightly wrinkle; clearly countable identifiable; cloth serve leaf,A collection of dried green and purple leaves arranged on a white cloth.,건조 허브 허브; 흰 천을 깔다; 넓고 약간 주름진; 명확히 셀 수 있고 식별 가능한; 천 접시 받침,흰 천 위에 말린 초록색과 보라색 잎들이 정갈하게 놓여 있는 모음.
vegetables,hyperclovax,5045384,1gram,leaf; serrate; purple; specie; herb,"A collection of green and purple leaves with serrated edges, likely herbs, displayed on a white cloth.",잎; 톱니 모양의; 보라색; 현금; 허브,"흰 천 위에 놓인, 가장자리가 톱니 모양인 녹색과 보라색 잎들의 모음으로, 아마도 허브로 보인다."
vegetables,hyperclovax,5045384,2gram,purple leaf; characterize serrate; collection fresh; distinctive additional; edge glossy,"A collection of fresh, serrated green and purple leaves with a glossy edge, ideal for culinary use.",보라색 잎; 톱니 모양을 특징짓다; 신상 컬렉션; 독특한 추가; 가장자리 광택,"가장자리가 윤기 나는, 톱니 모양의 싱싱한 녹색과 보라색 잎들이 어우러진 믹스로, 요리에 사용하기에 이상적입니다."
vegetables,hyperclovax,5045384,3gram,arrange loose cluster; characterize serrate edge; clear view distinctive; cloth serve neutral; cluster white cloth,"A close-up of fresh green and purple leaves with serrated edges, arranged on a white cloth background.","흩어진 클러스터 정리하기; 톱니 모양의 가장자리를 특징짓다; 선명한 시야, 독보적인; 천 소재, 중성색; 흰색 천 뭉치","흰색 천 배경 위에 놓인, 가장자리가 톱니 모양인 싱싱한 녹색과 보라색 잎들의 클로즈업 사진."
vegetables,hyperclovax,5048049,1gram,container; label; product; lid; green,"A green-lidded container of ""국산 다진마늘"" with a tube of the same product labeled ""Pulmuneo"" and ""국산 다진마늘"" on a plain, light background.",컨테이너; 라벨; 제품; 뚜껑; 초록색,"밝고 단색의 배경 위에, 녹색 뚜껑이 달린 “국산 다진마늘” 용기와, 같은 제품의 “Pulmuneo” 및 “국산 다진마늘”이라고 표시된 튜브가 놓여 있다."
vegetables,hyperclovax,5048049,2gram,label product; 150g small; appearance clean; base label; brand quality,"A green container with a green lid labeled ""국산 다진마늘"" (Korean minced garlic) and a tube of the same product with a green and white label, featuring an image of minced garlic and the text ""Pulmuneo"" and ""No.1"" indicating quality.",라벨 제품; 150g (소); 겉모습이 깔끔하다; 기본 라벨; 브랜드 품질,"“국산 다진마늘”이라고 적힌 녹색 뚜껑이 달린 녹색 용기와, 다진 마늘 이미지와 품질을 나타내는 “풀무네오” 및 “No.1”이라는 문구가 적힌 녹색과 흰색 라벨이 붙은 같은 제품의 튜브."
vegetables,hyperclovax,5048049,3gram,150g small mince; appearance clean straightforward; base label product; brand quality mark; colored surface product,"A green container of ""국산 다진마늘"" with a green lid and a tube of the same product labeled ""Pulmuneo"" and ""국산 다진마늘"" with a 150g weight indication.",150g의 작은 다진 고기; 외관이 깔끔하고 단정하다; 기본 라벨 제품; 브랜드 품질 인증 마크; 유색 표면 제품,"녹색 뚜껑이 달린 “국산 다진마늘”이 들어 있는 녹색 용기와, “Pulmuneo” 및 “국산 다진마늘”이라고 표시되어 있으며 중량이 150g으로 표기된 같은 제품의 튜브."
vegetables,hyperclovax,5048049,1gram,garlic; container; cook; possibly; product,A container of cooked rice with a green lid and a tube of garlic paste on a gray surface.,마늘; 컨테이너; 요리하다; 아마도; 제품,회색 바탕 위에 녹색 뚜껑이 달린 밥통과 마늘 페이스트 튜브가 놓여 있다.
vegetables,hyperclovax,5048049,2gram,brand garlic; clear label; container flat; container garlic; container green,"A container of garlic paste with a green lid and a flat, open lid revealing the paste inside, alongside a tube of garlic paste labeled ""국산 마늘"" (Korean garlic) with a white cap.",브랜드 마늘; 라벨 지우기; 컨테이너형 아파트; 마늘 통; 녹색 용기,"초록색 뚜껑이 달린 마늘 페이스트 용기와, 안의 페이스트가 보이도록 평평하고 열린 뚜껑이 있는 용기, 그리고 흰색 뚜껑이 달린 “국산 마늘”이라고 적힌 마늘 페이스트 튜브가 나란히 놓여 있다."
vegetables,hyperclovax,5048049,3gram,additional context decoration; brand garlic semi; clear label include; color suggest likely; container flat light,"A container of garlic paste with a green lid and a small plate of minced garlic, alongside a tube of garlic paste labeled ""국내산"" (Korean garlic), is shown on a plain surface.",추가적인 맥락 표현; 브랜드 마늘 세미; 명확한 라벨 포함; 색상이 암시하는 바는 아마도; 컨테이너형 플랫 조명,"초록색 뚜껑이 달린 마늘 페이스트 용기와 다진 마늘이 담긴 작은 접시, 그리고 “국내산”이라고 적힌 마늘 페이스트 튜브가 평범한 표면 위에 놓여 있다."
vegetables,hyperclovax,5049924,1gram,spinach; leaf; freshness; radiate; plate,A plate of fresh spinach leaves with a light gray background.,시금치; 잎; 신선함; 발산하다; 판,밝은 회색 배경 위에 신선한 시금치 잎이 담긴 접시.
vegetables,hyperclovax,5049924,2gram,spinach leaf; center plate; freshness vibrant; leaf radiate; leave highlight,"A plate of fresh, vibrant green spinach leaves arranged in a circular pattern.",시금치 잎; 중앙 플레이트; 생기 넘치고 화사한; 잎이 방사형으로 뻗어 있다; 하이라이트 제거,신선하고 생기 넘치는 녹색 시금치 잎들이 원형으로 배열된 한 접시.
vegetables,hyperclovax,5049924,3gram,center plate leaf; crinkle texture plain; freshness arrange circular; freshness vibrant color; highlight freshness vibrant,"A plate of fresh spinach leaves arranged in a circular pattern, showcasing their vibrant green color and crinkled texture.","중앙 플레이트 리프; 주름 질감, 무지; 신선도 순서대로 원형 배열; 신선함, 생동감 넘치는 색감; 신선함, 생동감, 화사함","신선한 시금치 잎을 원형으로 배열한 접시로, 싱그러운 녹색과 주름진 질감이 돋보입니다."
vegetables,hyperclovax,5049924,1gram,spinach; leaf; maintain; process; natural,Fresh spinach leaves on a white plate.,시금치; 잎; 유지하다; 프로세스; 자연스러운,하얀 접시 위에 올려진 싱싱한 시금치 잎.
vegetables,hyperclovax,5049924,2gram,spinach leaf; cut process; exhibit rich; fresh plain; highlight product,"A plate of fresh spinach leaves with visible water droplets, showcasing their rich green color and healthy appearance.",시금치 잎; 절단 공정; 풍부한 전시; 신선한 플레인; 주요 제품,"물방울이 선명하게 맺혀 있는 신선한 시금치 잎 한 접시로, 짙은 녹색과 싱그러운 모습을 뽐내고 있다."
vegetables,hyperclovax,5049924,3gram,cluster white plate; crisp fresh plain; cut process maintain; dense cluster white; exhibit rich green,Fresh spinach leaves arranged on a white plate.,클러스터 화이트 접시; 바삭하고 신선한 플레인; 절단 공정 유지 관리; 조밀하게 뭉친 흰색; 짙은 녹색을 띠는,흰 접시 위에 가지런히 놓인 신선한 시금치 잎.
vegetables,hyperclovax,5053496,1gram,cabbage; layer; leaf; inner; outer,A fresh green cabbage resting on a white cloth.,양배추; 레이어; 잎; 내부; 외부,하얀 천 위에 놓인 싱싱한 녹색 양배추.
vegetables,hyperclovax,5053496,2gram,cabbage cabbage; cabbage sole; cabbage white; compact dome; dome shape,"A fresh green cabbage with a compact dome shape, resting on a white cloth.",양배추 양배추; 양배추 넙치; 배추흰나비; 소형 돔; 돔 모양,"하얀 천 위에 놓인, 꽉 찬 돔 모양의 싱싱한 녹색 양배추."
vegetables,hyperclovax,5053496,3gram,backdrop emphasize cabbage; cabbage cabbage sole; cabbage fresh unblemished; cabbage sole focus; cabbage white cloth,"A whole, unblemished cabbage resting on a white cloth.",배경에서 양배추를 돋보이게 하다; 양배추 양배추 넙치; 흠집 하나 없는 신선한 양배추; 양배추에만 집중; 양배추 흰색 천,흰 천 위에 놓인 흠 하나 없는 통배추 한 통.
vegetables,hyperclovax,5053496,1gram,cabbage; head; packed; tightly; interior,"Three heads of cabbage, with one cut open to reveal its white, tightly packed interior.",양배추; 머리; 꽉 찬; 단단히; 인테리어,양배추 세 통. 그중 하나는 잘라 열어 흰색의 빽빽하게 채워진 속이 드러나 있다.
vegetables,hyperclovax,5053496,2gram,cut head; tightly packed; texture cabbage; 2 whole; cabbage green,"Three heads of cabbage, with one cut open to reveal its tightly packed, layered texture.",머리 자르기; 빽빽하게 채워진; 양배추의 식감; 2개; 양배추 잎,"양배추 세 통. 그중 하나는 잘라 열어, 빽빽하게 층을 이룬 질감을 드러내고 있다."
vegetables,hyperclovax,5053496,3gram,2 whole head; cabbage cabbage green; cabbage green white; cabbage head round; cabbage interior tightly,"Whole heads of green and white cabbage, with one head cut open to reveal its tightly packed interior.","통마늘 2개; 양배추 양배추 초록색; 양배추, 녹색, 흰색; 둥근 양배추; 양배추 속을 꽉 채워서","푸른 양배추와 흰 양배추 통째로, 그중 하나는 잘라 열어 빽빽하게 채워진 속을 보여주고 있다."
vegetables,hyperclovax,5054657,1gram,cucumber; tray; wooden; raise; detailed,Three fresh cucumbers placed in a wooden tray.,오이; 트레이; 나무로 된; 올리다; 상세한,나무 쟁반 위에 놓인 신선한 오이 세 개.
vegetables,hyperclovax,5054657,2gram,wooden tray; color simple; cucumber focus; cucumber immediate; distract cucumber,"Three fresh cucumbers placed in a wooden tray, exhibiting a vibrant green color with visible bumpy texture.",나무 쟁반; 단색 심플; 오이 특집; 오이 즉시; 오이를 산만하게 하다,"나무 쟁반 위에 놓인 신선한 오이 세 개는 선명한 녹색을 띠고 있으며, 표면의 울퉁불퉁한 질감이 눈에 띕니다."
vegetables,hyperclovax,5054657,3gram,brown color simple; color simple rectangular; color variation shade; cucumber elongate slight; cucumber focus solely,Three fresh cucumbers in a wooden rectangular tray.,"갈색, 심플한 디자인; 단색의 단순한 직사각형; 색상 변형, 색조; 오이, 길쭉하고 약간 가늘다; 오이만을 집중적으로",직사각형 나무 쟁반 위에 놓인 신선한 오이 세 개.
vegetables,hyperclovax,5054657,1gram,cucumber; distribute; tray; corner; grain,Three fresh cucumbers in a wooden tray.,오이; 배포하다; 트레이; 모서리; 곡물,나무 쟁반 위에 놓인 신선한 오이 세 개.
vegetables,hyperclovax,5054657,2gram,corner cucumber; cucumber whole; dark seed; distract product; distribute length,"Three fresh cucumbers with dark seeds, placed in a wooden tray.",모서리 오이; 오이 통째로; 어둠의 씨앗; 주의를 분산시키는 제품; 길이 분배,검은 씨가 박힌 신선한 오이 세 개가 나무 쟁반 위에 놓여 있다.
vegetables,hyperclovax,5054657,3gram,appearance suggest likely; corner cucumber whole; cucumber whole uncut; dark seed distribute; distract product cucumber,"Three whole cucumbers with dark seeds, placed in a wooden tray.",겉모습으로 미루어 볼 때 아마도; 모서리가 있는 오이 통째로; 오이 통째로 (자르지 않은 것); 다크 시드 배포; 주의를 분산시키는 제품: 오이,검은 씨가 박힌 오이 세 개가 나무 쟁반 위에 놓여 있다.
vegetables,hyperclovax,5054660,1gram,broccoli; green; cloth; stem; fold,"A fresh, green broccoli floret resting on a neatly folded white cloth.",브로콜리; 초록색; 천; 줄기; 접기,깔끔하게 접힌 흰 천 위에 놓인 싱싱하고 푸른 브로콜리 꽃송이.
vegetables,hyperclovax,5054660,2gram,green slightly; broad green; broccoli cloth; broccoli position; cloth neatly,A single head of broccoli resting on a neatly folded white cloth.,약간 초록빛이 도는; 넓은 초록색; 브로콜리 천; 브로콜리 자세; 옷을 깔끔하게,깔끔하게 접힌 흰 천 위에 놓인 브로콜리 한 송이.
vegetables,hyperclovax,5054660,3gram,attach stem broad; broad green slightly; broccoli broccoli position; broccoli cloth provide; broccoli position centrally,"A fresh broccoli floret resting on a white cloth, showcasing its green color and textured surface.","줄기를 넓게 부착; 넓고, 녹색이며, 약간; 브로콜리 브로콜리 위치; 브로콜리 천 제공; 브로콜리를 가운데에 놓으세요","흰 천 위에 놓인 신선한 브로콜리 꽃송이가, 그 푸른 색과 울퉁불퉁한 표면을 뽐내고 있다."
vegetables,hyperclovax,5054660,1gram,broccoli; green; stem; bud; curl,"A fresh, green broccoli floret resting on a white cloth.",브로콜리; 초록색; 줄기; 새싹; curl,하얀 천 위에 놓인 싱싱하고 푸른 브로콜리 꽃송이.
vegetables,hyperclovax,5054660,2gram,green slightly; broccoli dense; broccoli head; broccoli vibrant; bud top,"A fresh, green broccoli head resting on a white cloth.",약간 초록빛이 도는; 브로콜리가 빽빽하게; 브로콜리 한 송이; 생기 넘치는 브로콜리; 새싹 끝,하얀 천 위에 놓인 싱싱하고 푸른 브로콜리 한 송이.
vegetables,hyperclovax,5054660,3gram,attach stem dark; backdrop emphasize broccoli; broccoli dense cluster; broccoli floret broccoli; broccoli head stem,"A fresh, green broccoli floret with a dense cluster of small buds, resting on a white cloth.","줄기 부착, 어두운 색; 배경으로 브로콜리를 돋보이게 하다; 브로콜리의 빽빽한 꽃송이; 브로콜리 꽃봉오리 브로콜리; 브로콜리 머리 줄기","흰 천 위에 놓인, 작고 빽빽하게 모여 있는 꽃봉오리가 돋보이는 싱싱하고 푸른 브로콜리 꽃송이."
vegetables,hyperclovax,5054661,1gram,eggplant; side; stem; dark; checker,Two dark purple eggplants with stems resting on a checkered cloth.,가지; 측면; 줄기; 어두운; 체커,줄기가 달린 짙은 보라색 가지 두 개가 체크무늬 천 위에 놓여 있다.
vegetables,hyperclovax,5054661,2gram,checker pattern; cloth subtle; dark skin; eggplant smooth; freshness position,"Two dark purple eggplants with a glossy surface, resting on a textured gray cloth.",체커 무늬; 은은한 천; 어두운 피부; 가지 퓨레; 신선도 등급,"광택이 나는 표면의 짙은 보라색 가지 두 개가, 질감이 느껴지는 회색 천 위에 놓여 있다."
vegetables,hyperclovax,5054661,3gram,attach stem light; checker pattern eggplant; cloth subtle checker; color contrast dark; contrast dark skin,Two dark purple eggplants with a subtle checker pattern on a cloth background.,스템 조명 부착; 체커 무늬 가지; 은은한 체크 무늬 원단; 색상 대비: 어두움; 어두운 피부와의 대비,천 배경 위에 은은한 바둑판 무늬가 있는 짙은 보라색 가지 두 개.
vegetables,hyperclovax,5054661,1gram,eggplant; slice; interior; purple; dark,"A dark purple eggplant sliced into thin pieces, displaying its light green interior.",가지; 슬라이스; 인테리어; 보라색; 어두운,"짙은 보라색 가지가 얇게 썰려 있어, 연한 녹색 속살이 드러나 있다."
vegetables,hyperclovax,5054661,2gram,dark purple; green interior; light green; checkered cloth; cloth plain,"A pair of dark purple eggplants with a green interior, placed on a checkered cloth, with several slices cut from one of them.",짙은 보라색; 초록색 인테리어; 연두색; 체크 무늬 천; 무지 천,"속이 초록색인 짙은 보라색 가지 두 개가 체크무늬 천 위에 놓여 있으며, 그중 하나에서 몇 조각이 잘려 나간 상태이다."
vegetables,hyperclovax,5054661,3gram,light green interior; arrange neatly checkered; checkered cloth plain; cloth plain light; color glossy surface,"A pair of dark purple eggplants with a glossy surface, arranged neatly on a checkered cloth, showcasing their light green interior.","연두색 인테리어; 체크무늬를 가지런히 배열하다; 체크 무늬 천, 무지; 무지 원단, 밝은 색상; 광택이 나는 표면","광택이 나는 표면의 짙은 보라색 가지 두 개가 체크무늬 식탁보 위에 가지런히 놓여 있어, 연한 녹색 속살이 잘 드러나 있다."
vegetables,hyperclovax,5058732,1gram,mushroom; dried; 참타버섯; packaging; cooking,"Freshly packaged dried mushrooms, specifically KF365 brand, presented in a clear plastic container with a white label.",버섯; 말린; 참타버섯; 포장; 요리,"갓 포장된 말린 버섯으로, 특히 KF365 브랜드 제품이며, 흰색 라벨이 붙은 투명한 플라스틱 용기에 담겨 있습니다."
vegetables,hyperclovax,5058732,2gram,brown light; consumption dried; cooking consumption; dried form; dry mushroom,"Freshly harvested, whole brown mushrooms in their natural form, packaged in a clear plastic tray labeled ""KF365 Curly Fresh"".",갈색 빛; 건조된 소비량; 요리용 소비; 건조 형태; 말린 버섯,"갓 수확한 통 갈색 버섯을 자연 그대로의 형태로, “KF365 Curly Fresh”라고 표시된 투명한 플라스틱 트레이에 포장한 제품입니다."
vegetables,hyperclovax,5058732,3gram,allow mushroom visible; brown light white; cap stem arrange; clear plastic packaging; consumption dried form,"A plate of fresh, dark brown mushrooms with a clear plastic packaging in the background, labeled ""Kf365 Curly Fresh"".","버섯이 보이도록 허용; 갈색, 연한 색, 흰색; 캡 스템 배치; 투명한 플라스틱 포장; 건조 형태의 소비량","배경에 “Kf365 Curly Fresh”라고 적힌 투명한 플라스틱 포장지가 놓여 있고, 그 위에 신선하고 짙은 갈색의 버섯 한 접시가 담겨 있다."
vegetables,hyperclovax,5058732,1gram,mushroom; include; curly fresh; unorganized; packaging,"Curly fresh mushrooms in a clear plastic packaging labeled ""KF365"" and ""찰타리버섯"".",버섯; 포함; 곱슬곱슬하고 산뜻한; 정리되지 않은; 포장,“KF365”와 “찰타리버섯”이라고 표시된 투명한 플라스틱 포장지에 들어 있는 곱슬곱슬한 신선한 버섯.
vegetables,hyperclovax,5058732,2gram,allow clear; arrange natural; barcode text; brand curly fresh; brown cap,"Curly fresh mushrooms in a clear plastic packaging, labeled ""KF365"" and ""chulry fresh"" with a barcode, presented on a white plate.","허용, 지우기; 자연스럽게 배치하기; 바코드 텍스트; 브랜드 컬리 프레시; 갈색 모자","투명한 플라스틱 포장지에 담긴 곱슬곱슬한 신선한 버섯으로, 포장지에는 “KF365”와 “chulry fresh”라는 문구와 바코드가 표시되어 있으며, 흰색 접시 위에 담겨 있다."
vegetables,hyperclovax,5058732,3gram,allow clear view; arrange natural unorganized; barcode text korean; brand curly fresh english; brown cap light,"Curly fresh mushrooms in a clear plastic packaging, labeled ""KF365"" and ""찰타리버섯,"" presented on a white plate.","시야가 잘 트이도록 하십시오; 정리된, 자연스러운, 무질서한; 바코드 텍스트 (한국어); 브랜드 컬리 프레시 잉글리시; 갈색 모자 불빛","투명한 플라스틱 포장지에 담긴 곱슬곱슬한 신선한 버섯으로, 포장지에는 “KF365”와 “찰타리버섯”이라고 적혀 있으며, 흰색 접시 위에 담겨 있다."
vegetables,hyperclovax,5061435,1gram,sweet; potato; basket; bamboo; material,A collection of sweet potatoes in a woven bamboo basket.,달콤한; 감자; 바구니; 대나무; 자료,대나무로 엮은 바구니에 담긴 고구마들.
vegetables,hyperclovax,5061435,2gram,sweet potato; bamboo plain; basket reddish; imperfection slightly; likely wicker,A collection of reddish sweet potatoes in a woven basket.,"고구마; 대나무 무지; 바구니, 붉은빛이 도는; 약간의 불완전함; 아마도 고리버들",엮은 바구니에 담긴 붉은빛이 도는 고구마들.
vegetables,hyperclovax,5061435,3gram,bamboo plain light; basket natural material; basket reddish purple; circular pattern woven; colored surface focus,"A collection of reddish-purple sweet potatoes arranged in a woven basket, set against a plain light-colored background.","대나무 무지 라이트; 천연 소재 바구니; 바구니, 붉은빛이 도는 보라색; 원형 무늬로 짜여진; 색상 표면 초점","무늬 없는 밝은 색 배경 앞에, 엮은 바구니에 담겨 진열된 붉은빛이 도는 보라색 고구마들."
vegetables,hyperclovax,5061435,1gram,sweet; potato; method; rustic; common,"A selection of purple sweet potatoes in a woven basket, showcasing their rich, reddish-purple skin and bright yellow flesh.",달콤한; 감자; 메서드; 소박한; 일반적인,엮은 바구니에 담긴 보라색 고구마들. 붉은빛이 도는 진한 보라색 껍질과 선명한 노란색 속살이 돋보입니다.
vegetables,hyperclovax,5061435,2gram,sweet potato; arrange woven; characterize deep; common highlight; deep purple,"A basket filled with freshly harvested sweet potatoes, displaying their deep purple skin and light yellow flesh, arranged in a woven pattern.","고구마; 배열, 직조; 'deep'의 특성을 설명하다; 일반 하이라이트; 딥 퍼플","갓 수확한 고구마로 가득 찬 바구니. 짙은 보라색 껍질과 연한 노란색 속살을 뽐내며, 엮은 무늬를 따라 정갈하게 담겨 있다."
vegetables,hyperclovax,5061435,3gram,arrange woven basket; basket natural rustic; bright orange flesh; characterize deep purple; common highlight freshness,"A selection of sweet potatoes with a deep purple skin and bright orange flesh, arranged in a natural, woven basket.","짠 바구니 정리하기; 바구니, 내추럴, 러스틱; 선명한 주황색 과육; 짙은 보라색을 묘사하다; 일반적인 하이라이트, 신선함","짙은 보라색 껍질과 선명한 주황색 속살을 가진 고구마들을 엄선하여, 자연스러운 느낌의 엮은 바구니에 담아 놓았습니다."
vegetables,hyperclovax,5063699,1gram,bok; choy; stalk; high; leaf,"Bok choy in a white bowl, fresh and green.",bok; choy; 줄기; 높은; 잎,"하얀 그릇에 담긴 청경채, 싱싱하고 푸르르다."
vegetables,hyperclovax,5063699,2gram,bok choy; choy fresh; choy high; choy provide; crinkle visible,"Bok choy vegetables in a white bowl, fresh and green with crinkled leaves.",청경채; 초이 프레시; choy high; choy 제공; 주름이 보임,"하얀 그릇에 담긴 청경채, 싱싱하고 푸르며 잎이 주름진 채소."
vegetables,hyperclovax,5063699,3gram,bok choy fresh; bok choy high; bok choy provide; broad slightly crinkle; choy fresh vibrant,"Bok choy fresh and vibrant, a healthy green vegetable with broad, slightly crinkle leaves.","신선한 청경채; 청경채 키가 크다; 청경채는; 넓고 약간 주름진; 초이, 신선하고 생기 넘치는",신선하고 생기 넘치는 청경채는 잎이 넓고 약간 주름진 건강한 녹색 채소입니다.
vegetables,hyperclovax,5063699,1gram,bok; choy; leaf; bowl; droplet,"Bok choy leaves on a gray surface, with one leaf partially cut and placed next to a bowl of whole leaves.",bok; choy; 잎; 그릇; 물방울,"회색 바탕 위에 놓인 청경채 잎들. 그중 한 장은 부분적으로 잘려져 있고, 온전한 잎들이 담긴 그릇 옆에 놓여 있다."
vegetables,hyperclovax,5063699,2gram,bok choy; bowl leaf; characterize green; choy characterize; droplet surface,"Bok choy leaves on a gray surface, with one leaf partially cut and placed beside another whole leaf, and a bowl of bok choy leaves in the background.",청경채; 그릇 모양의 잎; 'green'의 특징을 설명하다; choy의 특징; 액적 표면,"회색 바탕 위에 놓인 청경채 잎들. 그중 한 장은 부분적으로 잘려 다른 온전한 잎 옆에 놓여 있고, 배경에는 청경채 잎이 담긴 그릇이 보인다."
vegetables,hyperclovax,5063699,3gram,bok choy characterize; bowl leaf spread; bowl showcase natural; characterize green leaf; choy characterize green,"Bok choy leaves, fresh and green, spread out on a gray surface with a bowl of more leaves in the background.",청경채의 특징; 그릇 모양의 잎이 퍼진 모습; 보울 쇼케이스 내추럴; 녹색 잎의 특징을 설명하라; choy는 녹색을 특징짓는다,"싱그럽고 푸른 청경채 잎들이 회색 바탕 위에 펼쳐져 있고, 배경에는 잎이 담긴 그릇이 하나 더 놓여 있다."
vegetables,hyperclovax,5071102,1gram,mushroom; label; identification; 친환경 표고버섯; kf365,"A clear plastic bag containing fresh, brown mushrooms with a label reading ""Kf365 친환경 표고버섯"" (Kf365 친환경 표고버섯) is displayed against a plain background.",버섯; 라벨; 식별; 친환경 표고버섯; kf365,"“Kf365 친환경 표고버섯”이라고 적힌 라벨이 붙은, 신선한 갈색 표고버섯이 들어 있는 투명한 비닐봉지가 단색 배경 앞에 진열되어 있다."
vegetables,hyperclovax,5071102,2gram,barcode product; brand type; kf365 친환경 표고버섯; mushroom packaging; product identification,"A clear plastic bag containing fresh, brown mushrooms with a label reading ""Kf365 친환경 표고버섯"" (Kf365 친환경 표고버섯) and a barcode.",바코드 제품; 브랜드 유형; kf365 친환경 표고버섯; 버섯 포장; 제품 식별,"“Kf365 친환경 표고버섯”이라는 라벨과 바코드가 붙어 있는, 신선한 갈색 표고버섯이 들어 있는 투명한 비닐봉지."
vegetables,hyperclovax,5071102,3gram,additional text barcode; bag label read; barcode product identification; brand type mushroom; clearly visible label,"A clear plastic bag containing fresh mushrooms with a label reading ""Kf365"" and ""신선한 표고버섯"" (fresh shiitake mushrooms), along with a barcode and additional text on the label.",추가 텍스트 바코드; 가방 라벨에는 다음과 같이 적혀 있었다; 바코드를 이용한 제품 식별; 특정 품종의 버섯; 한눈에 알아볼 수 있는 라벨,"“Kf365”와 “신선한 표고버섯”이라고 적힌 라벨이 붙어 있고, 바코드와 추가 문구가 기재된, 신선한 표고버섯이 들어 있는 투명한 비닐봉지."
vegetables,hyperclovax,5071102,1gram,mushroom; clearly; label; text; immediately,"A package of fresh, brown mushrooms labeled ""Kf365 Curly Fresh"" with a visible barcode and environmental certification sticker, placed on a plain, light-colored surface.",버섯; 분명히; 라벨; 텍스트; 즉시,"“Kf365 Curly Fresh”라고 표시된, 바코드와 환경 인증 스티커가 선명하게 보이는 신선한 갈색 버섯 한 팩이, 무늬 없는 밝은 색의 표면 위에 놓여 있다."
vegetables,hyperclovax,5071102,2gram,additional information; brand clearly; clearly text; immediately product; kf365 curly fresh additional,"Curly fresh mushrooms in a transparent plastic bag labeled ""KF365"" with a green recycling symbol, showcasing their natural brown color and texture.",추가 정보; 브랜드를 명확하게; 텍스트를 선명하게; 즉시 출시되는 제품; kf365 컬리 프레시 추가,"“KF365”라고 적혀 있고 녹색 재활용 마크가 붙어 있는 투명한 비닐 봉지에 담긴 곱슬곱슬한 신선한 버섯으로, 버섯 본연의 갈색과 질감이 잘 드러나 있습니다."
vegetables,hyperclovax,5071102,3gram,additional information product; bag packaging include; brand clearly readable; clearly readable parenthesis; clearly text label,"Kurly Fresh fresh mushrooms in a clear plastic bag labeled ""Kf365"" with a green recycling symbol, showcasing their natural brown color and fresh appearance.",추가 정보 제품; 봉지 포장에는 다음이 포함됩니다.; 브랜드명이 선명하게 읽혀야 함; 한눈에 알아보기 쉬운 괄호; 텍스트 레이블을 명확하게 표시,"“Kf365”라고 적혀 있고 녹색 재활용 마크가 표시된 투명한 비닐 봉지에 담긴 Kurly Fresh 신선한 버섯으로, 자연스러운 갈색과 신선한 모습이 돋보입니다."
vegetables,hyperclovax,5071326,1gram,sprout; packaging; yellow; product; brand,"Sprout product in green packaging with white and yellow elements, featuring the brand name ""Pulmuneo"" and highlighting its 100% Korean sprouts.",새싹; 포장; 노란색; 제품; 브랜드,"흰색과 노란색 요소가 어우러진 녹색 포장에 담긴 새싹 제품으로, 브랜드명 “Pulmuneo”가 표기되어 있으며 100% 한국산 새싹임을 강조하고 있습니다."
vegetables,hyperclovax,5071326,2gram,sprout sprout; 100 percent 국내산 무농약 콩나물 suggest; arrange pile; barcode nutritional; brand brand,"A plate of fresh sprouts, likely from a product called ""Pulmuneo"" brand, is displayed with a green and yellow packaging bag in the background. The sprouts appear to be a mix of white and yellow, suggesting a blend of bean sprouts and possibly mung bean sprouts. The packaging highlights that the sprouts are 100% domestic and free from pesticides.",싹 싹; 100%국내산 무농약 콩나물을 추천합니다; 더미 정리하기; 바코드 영양 정보; 브랜드 브랜드,"“Pulmuneo”라는 브랜드 제품으로 보이는 신선한 새싹 한 접시가, 배경에 초록색과 노란색 포장 봉지가 함께 비쳐진 채 진열되어 있습니다. 새싹은 흰색과 노란색이 섞여 있는 것으로 보아, 콩나물과 아마도 녹두나물이 혼합된 것으로 추정됩니다. 포장지에는 이 새싹이 100% 국내산이며 농약이 전혀 사용되지 않았다는 점이 강조되어 있다."
vegetables,hyperclovax,5071326,3gram,100 percent 국내산 무농약 콩나물 suggest product; additional text 100 percent 국내산 무농약 콩나물; arrange pile white; barcode nutritional information; brand brand pulmuneo,"A plate of fresh, yellow and white sprouted bean sprouts from the brand Pulmuneo, highlighted as 100% domestic and organic.","100%국내산 무농약 콩나물 추천 상품; 추가 문구: 100% 국내산 무농약 콩나물; 정렬된 더미, 흰색; 바코드 영양 정보; 브랜드 브랜드 풀무네오","‘Pulmuneo’ 브랜드의 신선하고 노란색과 흰색을 띤 발아 콩나물 한 접시로, 100% 국내산 유기농 제품임을 강조하고 있다."
vegetables,hyperclovax,5071326,1gram,sprout; soybean; tip; specifically; pile,"A pile of fresh sprouts on a white plate, likely soybean sprouts, with visible yellow tips.",새싹; 대두; 팁; 구체적으로; 더미,"흰 접시 위에 쌓인 갓 뜬 새싹들, 아마도 콩나물인 듯하며, 끝부분에 노란색이 선명하게 보인다."
vegetables,hyperclovax,5071326,2gram,fresh slightly; highlight sprout; specifically soybean; sprout vibrant; tip fresh,"Sprouts, specifically soybean sprouts, presented in a white bowl on a gray surface.",약간 상큼한; 새싹 강조 표시; 특히 대두; 생기 넘치는 새싹; 신선한 팁,"회색 바탕 위에 흰 그릇에 담긴 새싹, 특히 콩나물."
vegetables,hyperclovax,5071326,3gram,fresh slightly wrinkle; gray highlight sprout; highlight sprout vibrant; plate contrast gray; specifically soybean sprout,"A plate of fresh, slightly wrinkled soybean sprouts with vibrant yellow seeds, presented against a gray background.","신선하고 약간 주름진; 회색으로 강조된 새싹; 강조, 싹, 생동감 넘치는; 판 대비 회색; 특히 콩나물","회색 배경 위에, 싱싱하고 살짝 주름진 콩나물 한 접시가 놓여 있으며, 그 안에는 선명한 노란색 씨앗이 보인다."
vegetables,hyperclovax,5071327,1gram,packaging; product; 2회 잔류농약 검사; pulmune; write,"A package of cooked soybean sprouts labeled ""Pulmune"" with a green and white design, featuring the text ""요리만든"" (cooked), ""아숙주"" (soybean sprouts), and ""2회 잔류농약 검사"" (2 times pesticide residue inspection).",포장; 제품; 2회 잔류농약 검사; pulmune; 쓰기,"초록색과 흰색 디자인의 “Pulmune” 라벨이 붙은 조리된 숙주 한 팩으로, “요리만든”, “아숙주”, “2회 잔류농약 검사”이라는 문구가 적혀 있다."
vegetables,hyperclovax,5071327,2gram,2회 잔류농약 검사 overall; bag brand; bold letter; bowl fresh; brand pulmune,"A package of cooked bean sprouts labeled ""Pulmune"" with a green and white design, accompanied by a plate of fresh bean sprouts.",제2회 잔류농약 검사 전반; 가방 브랜드; 굵은 글씨; 갓 씻은 그릇; 브랜드 펄무네,"초록색과 흰색 디자인이 들어간 “풀무네”라고 적힌 삶은 콩나물 한 봉지와, 그 옆에 신선한 콩나물이 담긴 접시가 놓여 있다."
vegetables,hyperclovax,5071327,3gram,2회 잔류농약 검사 overall presentation; bag brand pulmune; bean sprout white; bold letter center; bowl fresh greenish,"A package of cooked bean sprouts labeled ""Pulmune"" with a green and white design, accompanied by a plate of fresh bean sprouts.",제2회 잔류농약 검사 종합 발표; 가방 브랜드 풀무네; 흰 콩나물; 굵은 글자 중앙 정렬; 그릇에 담긴 싱그러운 연두색,"초록색과 흰색 디자인이 들어간 “풀무네”라고 적힌 삶은 콩나물 한 봉지와, 그 옆에 신선한 콩나물이 담긴 접시가 놓여 있다."
vegetables,hyperclovax,5071327,1gram,sprout; mung; tip; bean; extend,Sprouted mung bean sprouts on a white plate.,새싹; mung; 팁; 콩; 확장,흰 접시 위에 담긴 발아된 녹두 새싹.
vegetables,hyperclovax,5071327,2gram,green tip; mung bean; bean sprout; white plate; consumption likely,"Mung bean sprouts on a white plate, likely for consumption.",녹색 팁; 녹두; 콩나물; 흰색 접시; 소비 가능성이 높다,흰 접시 위에 놓인 녹두 새싹. 아마도 먹으려고 준비한 것 같다.
vegetables,hyperclovax,5071327,3gram,mung bean sprout; bean sprout neutral; color contrast white; consumption likely intend; contrast white plate,"Mung bean sprouts on a white plate, with a neutral color contrast and a simple presentation.",녹두 새싹; 콩나물 중립; 색상 대비: 흰색; 소비의 의도는 아마도; 대비되는 흰색 접시,"흰 접시 위에 올려진 녹두 새싹. 색상 대비가 중립적이며, 심플하게 담겨 있다."
vegetables,hyperclovax,5104176,1gram,nut; fruit; dry; quantity; package,"A package of dried pumpkin slices with a clear window to display the contents, accompanied by a smaller yellow packet and a plate of sliced pumpkin.",너트; 과일; 건조한; 수량; 패키지,"내용물이 보이도록 투명한 창이 있는 말린 호박 슬라이스 한 팩과, 그 옆에 작은 노란색 봉지 하나, 그리고 호박 슬라이스가 담긴 접시가 함께 놓여 있다."
vegetables,hyperclovax,5104176,2gram,fruit nut; dry fruit; nut packaging; product package; better me orange,"A package of dried orange slices with a clear window to display the product inside, accompanied by a smaller yellow packet and a plate of sliced orange fruit.",과일 견과류; 건과일; 견과류 포장; 제품 포장; 베터 미 오렌지,"내부의 제품을 볼 수 있도록 투명한 창이 뚫린 말린 오렌지 슬라이스 한 팩과, 그 옆에 더 작은 노란색 봉지 하나, 그리고 얇게 썬 오렌지 과일이 담긴 접시가 함께 놓여 있다."
vegetables,hyperclovax,5104176,3gram,dry fruit nut; fruit nut packaging; arrange clear organized; better me orange text; brand partially visible,"A package of dried fruit nuts, featuring a clear window to display the contents, arranged in a yellow and transparent packaging with a white plate of orange-colored nuts in the background.",건과일·견과류; 과일·견과류 포장; 정리하고 체계적으로 구성하다; 'better me' 주황색 글씨; 브랜드가 부분적으로 보임,"내용물을 볼 수 있는 투명한 창이 있는 말린 과일과 견과류 패키지. 노란색과 투명한 포장지에 담겨 있으며, 배경에는 흰색 접시 위에 주황색 견과류가 담겨 있다."
vegetables,hyperclovax,5104176,1gram,pumpkin; slice; roasted; packaging; edge,"Roasted pumpkin slices on a white plate with parchment paper, accompanied by a yellow packaging bag.",호박; 슬라이스; 구운; 포장; 가장자리,"흰색 접시 위에 유산지를 깔고 그 위에 구운 호박 조각을 올린 모습, 그 옆에는 노란색 포장 봉지가 놓여 있다."
vegetables,hyperclovax,5104176,2gram,pumpkin slice; roasted pumpkin; charred texture; clean focus; edge indicate,"Roasted pumpkin slices on a white plate with a paper liner, featuring a golden-brown, charred texture.",호박 조각; 구운 호박; 그을린 질감; 선명한 초점; 가장자리 표시,"종이 받침이 깔린 흰 접시 위에 놓인 구운 호박 조각으로, 황금빛 갈색을 띠며 그을린 듯한 질감이 돋보인다."
vegetables,hyperclovax,5104176,3gram,charred texture edge; clean focus food; edge indicate roast; edge yellow packaging; focus food item,"Roasted pumpkin slices on a white plate with a clean focus, showcasing their charred texture and vibrant orange color.",그을린 질감의 가장자리; 클린 포커스 푸드; 가장자리가 익은 정도를 나타냅니다; 가장자리가 노란색인 포장; 주요 식품,"흰 접시 위에 놓인 구운 호박 조각들이 선명한 초점 속에 담겨, 그을린 질감과 선명한 주황색을 돋보이게 하고 있다."
