category,model,product_id,image_order,n_gram_keyword,ngram_count
bakery,qwen3,1000128336,1,loaf,2
bakery,qwen3,1000128336,1,bread,1
bakery,qwen3,1000128336,1,golden,1
bakery,qwen3,1000128336,1,brown,1
bakery,qwen3,1000128336,1,crust,1
bakery,qwen3,1000128336,1,soft,1
bakery,qwen3,1000128336,1,porous,1
bakery,qwen3,1000128336,1,interior,1
bakery,qwen3,1000128336,1,visible,1
bakery,qwen3,1000128336,1,walnut,1
bakery,qwen3,1000128336,1,piece,1
bakery,qwen3,1000128336,1,partially,1
bakery,qwen3,1000128336,1,slice,1
bakery,qwen3,1000128336,1,reveal,1
bakery,qwen3,1000128336,1,airy,1
bakery,qwen3,1000128336,1,crumb,1
bakery,qwen3,1000128336,1,light,1
bakery,qwen3,1000128336,1,color,1
bakery,qwen3,1000128336,1,checkered,1
bakery,qwen3,1000128336,1,cloth,1
bakery,qwen3,1000128336,2,loaf,1
bakery,qwen3,1000128336,2,bread,2
bakery,qwen3,1000128336,2,golden,1
bakery,qwen3,1000128336,2,brown,1
bakery,qwen3,1000128336,2,crust,1
bakery,qwen3,1000128336,2,soft,1
bakery,qwen3,1000128336,2,porous,1
bakery,qwen3,1000128336,2,interior,1
bakery,qwen3,1000128336,2,visible,1
bakery,qwen3,1000128336,2,walnut,1
bakery,qwen3,1000128336,2,piece,1
bakery,qwen3,1000128336,2,slice,1
bakery,qwen3,1000128336,2,white,1
bakery,qwen3,1000128336,2,blue,1
bakery,qwen3,1000128336,2,checker,1
bakery,qwen3,1000128336,2,cloth,1
bakery,qwen3,1000196053,1,loaf,2
bakery,qwen3,1000196053,1,artisanal,1
bakery,qwen3,1000196053,1,bread,3
bakery,qwen3,1000196053,1,golden,1
bakery,qwen3,1000196053,1,brown,1
bakery,qwen3,1000196053,1,crust,2
bakery,qwen3,1000196053,1,dark,1
bakery,qwen3,1000196053,1,crack,1
bakery,qwen3,1000196053,1,surface,1
bakery,qwen3,1000196053,1,wooden,2
bakery,qwen3,1000196053,1,cutting,1
bakery,qwen3,1000196053,1,board,2
bakery,qwen3,1000196053,1,distinctive,1
bakery,qwen3,1000196053,1,elongate,1
bakery,qwen3,1000196053,1,oval,1
bakery,qwen3,1000196053,1,shape,1
bakery,qwen3,1000196053,1,split,1
bakery,qwen3,1000196053,1,middle,1
bakery,qwen3,1000196053,1,reveal,1
bakery,qwen3,1000196053,1,filling,1
bakery,qwen3,1000196053,1,green,1
bakery,qwen3,1000196053,1,olive,1
bakery,qwen3,1000196053,1,parchment,1
bakery,qwen3,1000196053,1,paper,1
bakery,qwen3,1000196053,1,rustic,1
bakery,qwen3,1000196053,1,appearance,1
bakery,qwen3,1000196053,1,slightly,1
bakery,qwen3,1000196053,1,rough,1
bakery,qwen3,1000196053,1,texture,1
bakery,qwen3,1000196053,2,loaf,2
bakery,qwen3,1000196053,2,artisanal,1
bakery,qwen3,1000196053,2,bread,3
bakery,qwen3,1000196053,2,likely,1
bakery,qwen3,1000196053,2,type,1
bakery,qwen3,1000196053,2,ciabatta,1
bakery,qwen3,1000196053,2,focaccia,1
bakery,qwen3,1000196053,2,golden,1
bakery,qwen3,1000196053,2,brown,1
bakery,qwen3,1000196053,2,crust,2
bakery,qwen3,1000196053,2,soft,1
bakery,qwen3,1000196053,2,porous,1
bakery,qwen3,1000196053,2,interior,1
bakery,qwen3,1000196053,2,slice,1
bakery,qwen3,1000196053,2,half,1
bakery,qwen3,1000196053,2,reveal,1
bakery,qwen3,1000196053,2,filling,1
bakery,qwen3,1000196053,2,green,1
bakery,qwen3,1000196053,2,caper,2
bakery,qwen3,1000196053,2,arrange,1
bakery,qwen3,1000196053,2,piece,1
bakery,qwen3,1000196053,2,parchment,1
bakery,qwen3,1000196053,2,paper,1
bakery,qwen3,1000196053,2,wooden,1
bakery,qwen3,1000196053,2,board,1
bakery,qwen3,1000196053,2,rustic,1
bakery,qwen3,1000196053,2,appearance,1
bakery,qwen3,1000196053,2,slightly,1
bakery,qwen3,1000196053,2,crack,1
bakery,qwen3,1000196053,2,surface,1
bakery,qwen3,1000196053,2,dusting,1
bakery,qwen3,1000196053,2,flour,1
bakery,qwen3,1000196053,2,present,1
bakery,qwen3,1000196053,2,way,1
bakery,qwen3,1000196053,2,highlight,1
bakery,qwen3,1000196053,2,texture,1
bakery,qwen3,1000196053,2,visible,1
bakery,qwen3,1000196053,2,inside,1
bakery,qwen3,1000217187,1,product,1
bakery,qwen3,1000217187,1,small,1
bakery,qwen3,1000217187,1,round,1
bakery,qwen3,1000217187,1,bun,4
bakery,qwen3,1000217187,1,likely,1
bakery,qwen3,1000217187,1,type,1
bakery,qwen3,1000217187,1,bread,1
bakery,qwen3,1000217187,1,roll,1
bakery,qwen3,1000217187,1,golden,1
bakery,qwen3,1000217187,1,brown,1
bakery,qwen3,1000217187,1,soft,1
bakery,qwen3,1000217187,1,slightly,1
bakery,qwen3,1000217187,1,shiny,1
bakery,qwen3,1000217187,1,surface,1
bakery,qwen3,1000217187,1,indicate,1
bakery,qwen3,1000217187,1,freshly,1
bakery,qwen3,1000217187,1,baked,1
bakery,qwen3,1000217187,1,arrange,1
bakery,qwen3,1000217187,1,white,1
bakery,qwen3,1000217187,1,oval,1
bakery,qwen3,1000217187,1,plate,1
bakery,qwen3,1000217187,1,clear,1
bakery,qwen3,1000217187,1,plastic,1
bakery,qwen3,1000217187,1,bag,1
bakery,qwen3,1000217187,1,visible,1
bakery,qwen3,1000217187,1,brand,1
bakery,qwen3,1000217187,1,미모모방,1
bakery,qwen3,1000217187,1,print,1
bakery,qwen3,1000217187,1,neatly,1
bakery,qwen3,1000217187,1,package,1
bakery,qwen3,1000217187,1,single,1
bakery,qwen3,1000217187,1,serve,1
bakery,qwen3,1000217187,1,size,1
bakery,qwen3,1000217187,2,white,1
bakery,qwen3,1000217187,2,oval,1
bakery,qwen3,1000217187,2,plate,2
bakery,qwen3,1000217187,2,hold,1
bakery,qwen3,1000217187,2,several,1
bakery,qwen3,1000217187,2,round,1
bakery,qwen3,1000217187,2,golden,1
bakery,qwen3,1000217187,2,brown,1
bakery,qwen3,1000217187,2,bun,3
bakery,qwen3,1000217187,2,break,1
bakery,qwen3,1000217187,2,half,1
bakery,qwen3,1000217187,2,reveal,1
bakery,qwen3,1000217187,2,soft,1
bakery,qwen3,1000217187,2,porous,1
bakery,qwen3,1000217187,2,interior,1
bakery,qwen3,1000217187,2,smooth,1
bakery,qwen3,1000217187,2,slightly,1
bakery,qwen3,1000217187,2,shiny,1
bakery,qwen3,1000217187,2,surface,1
bakery,qwen3,1000217187,2,arrange,1
bakery,qwen3,1000217187,2,casual,1
bakery,qwen3,1000217187,2,pile,1
bakery,qwen3,1000220024,1,white,1
bakery,qwen3,1000220024,1,plate,2
bakery,qwen3,1000220024,1,hold,1
bakery,qwen3,1000220024,1,several,1
bakery,qwen3,1000220024,1,round,1
bakery,qwen3,1000220024,1,golden,1
bakery,qwen3,1000220024,1,brown,1
bakery,qwen3,1000220024,1,bun,2
bakery,qwen3,1000220024,1,cut,1
bakery,qwen3,1000220024,1,half,1
bakery,qwen3,1000220024,1,reveal,1
bakery,qwen3,1000220024,1,filling,1
bakery,qwen3,1000220024,1,melted,1
bakery,qwen3,1000220024,1,cheese,1
bakery,qwen3,1000220024,1,slice,1
bakery,qwen3,1000220024,1,ham,1
bakery,qwen3,1000220024,1,arrange,1
bakery,qwen3,1000220024,1,piece,1
bakery,qwen3,1000220024,1,parchment,1
bakery,qwen3,1000220024,1,paper,1
bakery,qwen3,1000220024,1,set,1
bakery,qwen3,1000220024,1,light,1
bakery,qwen3,1000220024,1,gray,1
bakery,qwen3,1000220024,2,white,1
bakery,qwen3,1000220024,2,plate,2
bakery,qwen3,1000220024,2,hold,1
bakery,qwen3,1000220024,2,several,1
bakery,qwen3,1000220024,2,golden,1
bakery,qwen3,1000220024,2,brown,1
bakery,qwen3,1000220024,2,round,1
bakery,qwen3,1000220024,2,bun,2
bakery,qwen3,1000220024,2,slice,1
bakery,qwen3,1000220024,2,half,1
bakery,qwen3,1000220024,2,reveal,1
bakery,qwen3,1000220024,2,filling,1
bakery,qwen3,1000220024,2,melted,1
bakery,qwen3,1000220024,2,cheese,1
bakery,qwen3,1000220024,2,ham,1
bakery,qwen3,1000220024,2,arrange,1
bakery,qwen3,1000220024,2,parchment,1
bakery,qwen3,1000220024,2,paper,1
bakery,qwen3,1000220024,2,set,1
bakery,qwen3,1000220024,2,light,1
bakery,qwen3,1000220024,2,gray,1
bakery,qwen3,1000229955,1,gift,1
bakery,qwen3,1000229955,1,box,5
bakery,qwen3,1000229955,1,cooky,3
bakery,qwen3,1000229955,1,open,1
bakery,qwen3,1000229955,1,reveal,1
bakery,qwen3,1000229955,1,collection,1
bakery,qwen3,1000229955,1,9,1
bakery,qwen3,1000229955,1,individual,1
bakery,qwen3,1000229955,1,arrange,1
bakery,qwen3,1000229955,1,3x3,1
bakery,qwen3,1000229955,1,grid,1
bakery,qwen3,1000229955,1,packaging,1
bakery,qwen3,1000229955,1,rectangular,1
bakery,qwen3,1000229955,1,light,2
bakery,qwen3,1000229955,1,blue,1
bakery,qwen3,1000229955,1,pink,1
bakery,qwen3,1000229955,1,gradient,1
bakery,qwen3,1000229955,1,design,1
bakery,qwen3,1000229955,1,stylize,1
bakery,qwen3,1000229955,1,mountain,1
bakery,qwen3,1000229955,1,range,1
bakery,qwen3,1000229955,1,brand,1
bakery,qwen3,1000229955,1,grains,1
bakery,qwen3,1000229955,1,visible,1
bakery,qwen3,1000229955,1,top,1
bakery,qwen3,1000229955,1,product,1
bakery,qwen3,1000229955,1,charmant,1
bakery,qwen3,1000229955,1,prominently,1
bakery,qwen3,1000229955,1,center,1
bakery,qwen3,1000229955,1,individually,1
bakery,qwen3,1000229955,1,wrap,1
bakery,qwen3,1000229955,1,clear,1
bakery,qwen3,1000229955,1,plastic,1
bakery,qwen3,1000229955,1,come,1
bakery,qwen3,1000229955,1,shape,1
bakery,qwen3,1000229955,1,color,1
bakery,qwen3,1000229955,1,include,1
bakery,qwen3,1000229955,1,round,1
bakery,qwen3,1000229955,1,square,1
bakery,qwen3,1000229955,1,checkered,1
bakery,qwen3,1000229955,1,pattern,1
bakery,qwen3,1000229955,1,beige,1
bakery,qwen3,1000229955,1,surface,1
bakery,qwen3,1000229955,2,box,3
bakery,qwen3,1000229955,2,9,1
bakery,qwen3,1000229955,2,assorted,1
bakery,qwen3,1000229955,2,cooky,4
bakery,qwen3,1000229955,2,present,1
bakery,qwen3,1000229955,2,black,1
bakery,qwen3,1000229955,2,tray,1
bakery,qwen3,1000229955,2,clear,1
bakery,qwen3,1000229955,2,plastic,1
bakery,qwen3,1000229955,2,packaging,2
bakery,qwen3,1000229955,2,arrange,1
bakery,qwen3,1000229955,2,3x3,1
bakery,qwen3,1000229955,2,grid,1
bakery,qwen3,1000229955,2,individually,1
bakery,qwen3,1000229955,2,wrap,1
bakery,qwen3,1000229955,2,vary,1
bakery,qwen3,1000229955,2,shape,1
bakery,qwen3,1000229955,2,color,1
bakery,qwen3,1000229955,2,include,1
bakery,qwen3,1000229955,2,round,1
bakery,qwen3,1000229955,2,rectangular,1
bakery,qwen3,1000229955,2,checker,1
bakery,qwen3,1000229955,2,pattern,1
bakery,qwen3,1000229955,2,blue,1
bakery,qwen3,1000229955,2,pink,1
bakery,qwen3,1000229955,2,brand,1
bakery,qwen3,1000229955,2,charmant,1
bakery,qwen3,1000229955,2,print,1
bakery,qwen3,1000229955,2,open,1
bakery,qwen3,1000229955,2,reveal,1
bakery,qwen3,1000229955,2,inside,1
bakery,qwen3,1000234669,1,2,1
bakery,qwen3,1000234669,1,container,4
bakery,qwen3,1000234669,1,philadelphia,2
bakery,qwen3,1000234669,1,original,2
bakery,qwen3,1000234669,1,cream,1
bakery,qwen3,1000234669,1,cheese,2
bakery,qwen3,1000234669,1,left,1
bakery,qwen3,1000234669,1,open,1
bakery,qwen3,1000234669,1,reveal,1
bakery,qwen3,1000234669,1,creamy,1
bakery,qwen3,1000234669,1,pale,1
bakery,qwen3,1000234669,1,yellow,1
bakery,qwen3,1000234669,1,inside,1
bakery,qwen3,1000234669,1,right,1
bakery,qwen3,1000234669,1,closed,1
bakery,qwen3,1000234669,1,silver,1
bakery,qwen3,1000234669,1,lid,1
bakery,qwen3,1000234669,1,white,1
bakery,qwen3,1000234669,1,label,3
bakery,qwen3,1000234669,1,blue,2
bakery,qwen3,1000234669,1,text,2
bakery,qwen3,1000234669,1,clearly,1
bakery,qwen3,1000234669,1,brand,1
bakery,qwen3,1000234669,1,large,1
bakery,qwen3,1000234669,1,letter,1
bakery,qwen3,1000234669,1,write,1
bakery,qwen3,1000234669,1,include,1
bakery,qwen3,1000234669,1,fresh_creamy_taste,1
bakery,qwen3,1000234669,1,필라델피아_크림치즈,1
bakery,qwen3,1000234669,1,korean,1
bakery,qwen3,1000234669,1,packaging,1
bakery,qwen3,1000234669,1,indicate,1
bakery,qwen3,1000234669,1,weight,1
bakery,qwen3,1000234669,1,190g,1
bakery,qwen3,1000234669,1,430kcal,1
bakery,qwen3,1000234669,2,container,1
bakery,qwen3,1000234669,2,philadelphia,2
bakery,qwen3,1000234669,2,original,1
bakery,qwen3,1000234669,2,fresh,1
bakery,qwen3,1000234669,2,creamy,2
bakery,qwen3,1000234669,2,lid,1
bakery,qwen3,1000234669,2,open,1
bakery,qwen3,1000234669,2,tub,1
bakery,qwen3,1000234669,2,cream,1
bakery,qwen3,1000234669,2,pale,1
bakery,qwen3,1000234669,2,yellow,1
bakery,qwen3,1000234669,2,color,1
bakery,qwen3,1000234669,2,smooth,1
bakery,qwen3,1000234669,2,texture,1
bakery,qwen3,1000234669,2,swirl,1
bakery,qwen3,1000234669,2,pattern,1
bakery,qwen3,1000234669,2,top,1
bakery,qwen3,1000234669,2,packaging,1
bakery,qwen3,1000234669,2,white,1
bakery,qwen3,1000234669,2,blue,2
bakery,qwen3,1000234669,2,lettering,1
bakery,qwen3,1000234669,2,circular,1
bakery,qwen3,1000234669,2,logo,1
bakery,qwen3,1000234669,2,brand,1
bakery,qwen3,1000234669,2,clearly,1
bakery,qwen3,1000234669,2,visible,1
bakery,qwen3,1000234669,2,label,1
bakery,qwen3,1000321559,1,2,3
bakery,qwen3,1000321559,1,jar,5
bakery,qwen3,1000321559,1,peanut,2
bakery,qwen3,1000321559,1,butter,2
bakery,qwen3,1000321559,1,bowl,2
bakery,qwen3,1000321559,1,product,3
bakery,qwen3,1000321559,1,arrange,1
bakery,qwen3,1000321559,1,light,2
bakery,qwen3,1000321559,1,gray,1
bakery,qwen3,1000321559,1,surface,1
bakery,qwen3,1000321559,1,label,4
bakery,qwen3,1000321559,1,olhgok,1
bakery,qwen3,1000321559,1,blue,2
bakery,qwen3,1000321559,1,lid,1
bakery,qwen3,1000321559,1,indicate,1
bakery,qwen3,1000321559,1,peanut_butter,1
bakery,qwen3,1000321559,1,type,1
bakery,qwen3,1000321559,1,smooth_type,1
bakery,qwen3,1000321559,1,crunchy_type,1
bakery,qwen3,1000321559,1,text,2
bakery,qwen3,1000321559,1,state,1
bakery,qwen3,1000321559,1,100_percent_korean_origin,1
bakery,qwen3,1000321559,1,100percent,1
bakery,qwen3,1000321559,1,smooth,1
bakery,qwen3,1000321559,1,creamy,1
bakery,qwen3,1000321559,1,brown,1
bakery,qwen3,1000321559,1,color,1
bakery,qwen3,1000321559,1,packaging,1
bakery,qwen3,1000321559,1,simple,1
bakery,qwen3,1000321559,1,clean,1
bakery,qwen3,1000321559,1,white,1
bakery,qwen3,1000321559,1,position,1
bakery,qwen3,1000321559,1,way,1
bakery,qwen3,1000321559,1,suggest,1
bakery,qwen3,1000321559,1,presentation,1
bakery,qwen3,1000321559,1,slightly,1
bakery,qwen3,1000321559,1,tilt,1
bakery,qwen3,1000321559,1,stand,1
bakery,qwen3,1000321559,1,upright,1
bakery,qwen3,1000321559,2,2,1
bakery,qwen3,1000321559,2,white,1
bakery,qwen3,1000321559,2,bowl,4
bakery,qwen3,1000321559,2,light,3
bakery,qwen3,1000321559,2,gray,1
bakery,qwen3,1000321559,2,surface,1
bakery,qwen3,1000321559,2,creamy,1
bakery,qwen3,1000321559,2,brown,2
bakery,qwen3,1000321559,2,sauce,2
bakery,qwen3,1000321559,2,visible,1
bakery,qwen3,1000321559,2,chunk,1
bakery,qwen3,1000321559,2,peanut,1
bakery,qwen3,1000321559,2,smooth,1
bakery,qwen3,1000321559,2,similar,1
bakery,qwen3,1000321559,2,texture,1
bakery,qwen3,1000321559,2,fill,1
bakery,qwen3,1000321559,2,brim,1
bakery,qwen3,1000321559,2,arrange,1
bakery,qwen3,1000321559,2,simple,1
bakery,qwen3,1000321559,2,clean,1
bakery,qwen3,1000321559,2,composition,1
bakery,qwen3,1000352096,1,package,1
bakery,qwen3,1000352096,1,pasquier,2
bakery,qwen3,1000352096,1,sliced,1
bakery,qwen3,1000352096,1,brioche,1
bakery,qwen3,1000352096,1,bread,5
bakery,qwen3,1000352096,1,type,1
bakery,qwen3,1000352096,1,french,2
bakery,qwen3,1000352096,1,packaging,3
bakery,qwen3,1000352096,1,predominantly,1
bakery,qwen3,1000352096,1,blue,2
bakery,qwen3,1000352096,1,yellow,1
bakery,qwen3,1000352096,1,brand,1
bakery,qwen3,1000352096,1,prominently,1
bakery,qwen3,1000352096,1,white,2
bakery,qwen3,1000352096,1,text,2
bakery,qwen3,1000352096,1,product,1
bakery,qwen3,1000352096,1,500g,1
bakery,qwen3,1000352096,1,bag,1
bakery,qwen3,1000352096,1,slice,2
bakery,qwen3,1000352096,1,plate,1
bakery,qwen3,1000352096,1,2,1
bakery,qwen3,1000352096,1,visible,1
bakery,qwen3,1000352096,1,golden,1
bakery,qwen3,1000352096,1,brown,1
bakery,qwen3,1000352096,1,crust,1
bakery,qwen3,1000352096,1,soft,1
bakery,qwen3,1000352096,1,porous,1
bakery,qwen3,1000352096,1,interior,1
bakery,qwen3,1000352096,1,include,1
bakery,qwen3,1000352096,1,small,1
bakery,qwen3,1000352096,1,flag,1
bakery,qwen3,1000352096,1,french_family_bakery_since_1936,1
bakery,qwen3,1000352096,2,package,1
bakery,qwen3,1000352096,2,pasquier,2
bakery,qwen3,1000352096,2,sliced,1
bakery,qwen3,1000352096,2,brioche,2
bakery,qwen3,1000352096,2,bread,3
bakery,qwen3,1000352096,2,2,1
bakery,qwen3,1000352096,2,slice,3
bakery,qwen3,1000352096,2,white,2
bakery,qwen3,1000352096,2,plate,1
bakery,qwen3,1000352096,2,packaging,2
bakery,qwen3,1000352096,2,predominantly,1
bakery,qwen3,1000352096,2,blue,1
bakery,qwen3,1000352096,2,yellow,2
bakery,qwen3,1000352096,2,brand,1
bakery,qwen3,1000352096,2,text,3
bakery,qwen3,1000352096,2,product,1
bakery,qwen3,1000352096,2,label,1
bakery,qwen3,1000352096,2,sliced_brioche,1
bakery,qwen3,1000352096,2,small,1
bakery,qwen3,1000352096,2,french,1
bakery,qwen3,1000352096,2,flag,1
bakery,qwen3,1000352096,2,made_in_france,1
bakery,qwen3,1000352096,2,golden,1
bakery,qwen3,1000352096,2,brown,1
bakery,qwen3,1000352096,2,outside,1
bakery,qwen3,1000352096,2,light,1
bakery,qwen3,1000352096,2,porous,1
bakery,qwen3,1000352096,2,interior,1
bakery,qwen3,1000352096,2,no_1,1
bakery,qwen3,1000352096,2,bottom,1
bakery,qwen3,1000352096,2,right,1
bakery,qwen3,1000352096,2,corner,1
bakery,qwen3,1000400055,1,product,3
bakery,qwen3,1000400055,1,nudam,1
bakery,qwen3,1000400055,1,type,1
bakery,qwen3,1000400055,1,macaroon,5
bakery,qwen3,1000400055,1,packaging,3
bakery,qwen3,1000400055,1,blue,2
bakery,qwen3,1000400055,1,text,1
bakery,qwen3,1000400055,1,what_s_the_better,1
bakery,qwen3,1000400055,1,prominently,1
bakery,qwen3,1000400055,1,2,1
bakery,qwen3,1000400055,1,different,1
bakery,qwen3,1000400055,1,form,1
bakery,qwen3,1000400055,1,large,1
bakery,qwen3,1000400055,1,box,1
bakery,qwen3,1000400055,1,small,2
bakery,qwen3,1000400055,1,individual,1
bakery,qwen3,1000400055,1,packet,1
bakery,qwen3,1000400055,1,round,1
bakery,qwen3,1000400055,1,sandwich,1
bakery,qwen3,1000400055,1,cookie,1
bakery,qwen3,1000400055,1,smooth,1
bakery,qwen3,1000400055,1,slightly,1
bakery,qwen3,1000400055,1,glossy,1
bakery,qwen3,1000400055,1,surface,1
bakery,qwen3,1000400055,1,color,1
bakery,qwen3,1000400055,1,design,1
bakery,qwen3,1000400055,1,include,1
bakery,qwen3,1000400055,1,pink,1
bakery,qwen3,1000400055,1,green,1
bakery,qwen3,1000400055,1,yellow,1
bakery,qwen3,1000400055,1,chocolate,1
bakery,qwen3,1000400055,1,arrange,1
bakery,qwen3,1000400055,1,white,1
bakery,qwen3,1000400055,1,plate,2
bakery,qwen3,1000400055,1,piece,1
bakery,qwen3,1000400055,1,light,1
bakery,qwen3,1000400055,1,clear,1
bakery,qwen3,1000400055,1,indication,1
bakery,qwen3,1000400055,1,size,1
bakery,qwen3,1000400055,1,4.5cm,1
bakery,qwen3,1000400055,2,close,1
bakery,qwen3,1000400055,2,several,1
bakery,qwen3,1000400055,2,macaron,5
bakery,qwen3,1000400055,2,arrange,1
bakery,qwen3,1000400055,2,white,2
bakery,qwen3,1000400055,2,plate,2
bakery,qwen3,1000400055,2,color,1
bakery,qwen3,1000400055,2,include,1
bakery,qwen3,1000400055,2,yellow,2
bakery,qwen3,1000400055,2,pink,2
bakery,qwen3,1000400055,2,green,3
bakery,qwen3,1000400055,2,cut,1
bakery,qwen3,1000400055,2,half,2
bakery,qwen3,1000400055,2,reveal,1
bakery,qwen3,1000400055,2,filling,2
bakery,qwen3,1000400055,2,split,1
bakery,qwen3,1000400055,2,light,1
bakery,qwen3,1000400055,2,dark,1
bakery,qwen3,1000400055,2,chocolate,2
bakery,qwen3,1000400055,2,piece,1
bakery,qwen3,1000400055,2,drizzle,1
bakery,qwen3,1000400055,2,small,1
bakery,qwen3,1000400055,2,bead,1
bakery,qwen3,1000400055,2,top,1
bakery,qwen3,1000400055,2,partially,1
bakery,qwen3,1000400055,2,visible,1
bakery,qwen3,1000400055,2,right,1
bakery,qwen3,1000400055,2,side,1
bakery,qwen3,1000447291,1,loaf,2
bakery,qwen3,1000447291,1,bread,4
bakery,qwen3,1000447291,1,package,1
bakery,qwen3,1000447291,1,clear,1
bakery,qwen3,1000447291,1,plastic,1
bakery,qwen3,1000447291,1,bag,1
bakery,qwen3,1000447291,1,packaging,1
bakery,qwen3,1000447291,1,korean,1
bakery,qwen3,1000447291,1,text,1
bakery,qwen3,1000447291,1,word,1
bakery,qwen3,1000447291,1,meal,1
bakery,qwen3,1000447291,1,prominently,1
bakery,qwen3,1000447291,1,purple,1
bakery,qwen3,1000447291,1,rectangular,1
bakery,qwen3,1000447291,1,golden,1
bakery,qwen3,1000447291,1,brown,1
bakery,qwen3,1000447291,1,crust,1
bakery,qwen3,1000447291,1,white,2
bakery,qwen3,1000447291,1,interior,1
bakery,qwen3,1000447291,1,stack,2
bakery,qwen3,1000447291,1,sliced,1
bakery,qwen3,1000447291,1,arrange,1
bakery,qwen3,1000447291,1,wooden,1
bakery,qwen3,1000447291,1,cutting,2
bakery,qwen3,1000447291,1,board,2
bakery,qwen3,1000447291,1,slice,1
bakery,qwen3,1000447291,1,front,1
bakery,qwen3,1000447291,1,small,1
bakery,qwen3,1000447291,1,cup,1
bakery,qwen3,1000447291,1,milk,1
bakery,qwen3,1000447291,1,visible,1
bakery,qwen3,1000447291,1,right,1
bakery,qwen3,1000447291,1,side,1
bakery,qwen3,1000447291,1,cloth,1
bakery,qwen3,1000447291,1,light,1
bakery,qwen3,1000447291,1,neutral,1
bakery,qwen3,1000447291,1,color,1
bakery,qwen3,1000447291,2,stack,2
bakery,qwen3,1000447291,2,white,4
bakery,qwen3,1000447291,2,bread,2
bakery,qwen3,1000447291,2,slice,2
bakery,qwen3,1000447291,2,arrange,1
bakery,qwen3,1000447291,2,wooden,2
bakery,qwen3,1000447291,2,cutting,3
bakery,qwen3,1000447291,2,board,3
bakery,qwen3,1000447291,2,front,1
bakery,qwen3,1000447291,2,golden,1
bakery,qwen3,1000447291,2,brown,1
bakery,qwen3,1000447291,2,crust,1
bakery,qwen3,1000447291,2,soft,1
bakery,qwen3,1000447291,2,interior,1
bakery,qwen3,1000447291,2,cup,1
bakery,qwen3,1000447291,2,milk,1
bakery,qwen3,1000447291,2,cloth,2
bakery,qwen3,1000447291,2,left,1
bakery,qwen3,1000447291,2,handle,1
bakery,qwen3,1000528793,1,food,1
bakery,qwen3,1000528793,1,product,2
bakery,qwen3,1000528793,1,brand,2
bakery,qwen3,1000528793,1,hoophoop,1
bakery,qwen3,1000528793,1,type,1
bakery,qwen3,1000528793,1,bagel,5
bakery,qwen3,1000528793,1,specifically,1
bakery,qwen3,1000528793,1,present,1
bakery,qwen3,1000528793,1,wooden,1
bakery,qwen3,1000528793,1,bowl,1
bakery,qwen3,1000528793,1,clear,1
bakery,qwen3,1000528793,1,plastic,1
bakery,qwen3,1000528793,1,packaging,2
bakery,qwen3,1000528793,1,cartoon,1
bakery,qwen3,1000528793,1,face,2
bakery,qwen3,1000528793,1,logo,2
bakery,qwen3,1000528793,1,plate,1
bakery,qwen3,1000528793,1,golden,1
bakery,qwen3,1000528793,1,brown,1
bakery,qwen3,1000528793,1,crust,1
bakery,qwen3,1000528793,1,soft,1
bakery,qwen3,1000528793,1,porous,1
bakery,qwen3,1000528793,1,interior,1
bakery,qwen3,1000528793,1,yellow,1
bakery,qwen3,1000528793,1,paper,1
bakery,qwen3,1000528793,1,bag,1
bakery,qwen3,1000528793,1,include,1
bakery,qwen3,1000528793,1,smile,1
bakery,qwen3,1000528793,1,black,1
bakery,qwen3,1000528793,1,outline,1
bakery,qwen3,1000528793,1,arrange,1
bakery,qwen3,1000528793,1,way,1
bakery,qwen3,1000528793,1,suggest,1
bakery,qwen3,1000528793,1,ready,1
bakery,qwen3,1000528793,1,eat,1
bakery,qwen3,1000528793,2,plate,3
bakery,qwen3,1000528793,2,3,1
bakery,qwen3,1000528793,2,bagel,4
bakery,qwen3,1000528793,2,whole,1
bakery,qwen3,1000528793,2,2,1
bakery,qwen3,1000528793,2,slice,1
bakery,qwen3,1000528793,2,half,1
bakery,qwen3,1000528793,2,golden,1
bakery,qwen3,1000528793,2,brown,1
bakery,qwen3,1000528793,2,crust,1
bakery,qwen3,1000528793,2,soft,1
bakery,qwen3,1000528793,2,porous,1
bakery,qwen3,1000528793,2,interior,1
bakery,qwen3,1000528793,2,light,1
bakery,qwen3,1000528793,2,color,1
bakery,qwen3,1000528793,2,speckled,1
bakery,qwen3,1000528793,2,ceramic,1
bakery,qwen3,1000528793,2,dish,1
bakery,qwen3,1000528793,2,left,1
bakery,qwen3,1000528793,2,transparent,1
bakery,qwen3,1000528793,2,plastic,1
bakery,qwen3,1000528793,2,bag,1
bakery,qwen3,1000528793,2,cartoon,1
bakery,qwen3,1000528793,2,face,2
bakery,qwen3,1000528793,2,print,1
bakery,qwen3,1000528793,2,packaging,2
bakery,qwen3,1000528793,2,simple,1
bakery,qwen3,1000528793,2,smile,1
bakery,qwen3,1000528793,2,design,1
bakery,qwen3,1000528793,2,white,1
bakery,qwen3,1000528793,2,textured,1
bakery,qwen3,1000528793,2,cloth,1
bakery,qwen3,1000634077,1,collection,1
bakery,qwen3,1000634077,1,5,1
bakery,qwen3,1000634077,1,small,2
bakery,qwen3,1000634077,1,pastry,3
bakery,qwen3,1000634077,1,likely,1
bakery,qwen3,1000634077,1,donut,6
bakery,qwen3,1000634077,1,arrange,1
bakery,qwen3,1000634077,1,white,4
bakery,qwen3,1000634077,1,plate,1
bakery,qwen3,1000634077,1,pedestal,1
bakery,qwen3,1000634077,1,present,1
bakery,qwen3,1000634077,1,variety,1
bakery,qwen3,1000634077,1,color,1
bakery,qwen3,1000634077,1,topping,5
bakery,qwen3,1000634077,1,include,1
bakery,qwen3,1000634077,1,green,1
bakery,qwen3,1000634077,1,yellow,2
bakery,qwen3,1000634077,1,square,1
bakery,qwen3,1000634077,1,pink,1
bakery,qwen3,1000634077,1,red,1
bakery,qwen3,1000634077,1,berry,1
bakery,qwen3,1000634077,1,brown,1
bakery,qwen3,1000634077,1,chocolate,1
bakery,qwen3,1000634077,1,coconut,1
bakery,qwen3,1000634077,1,front,1
bakery,qwen3,1000634077,1,box,2
bakery,qwen3,1000634077,1,japanese,1
bakery,qwen3,1000634077,1,style,1
bakery,qwen3,1000634077,1,illustration,1
bakery,qwen3,1000634077,1,boat,1
bakery,qwen3,1000634077,1,wave,1
bakery,qwen3,1000634077,1,text,1
bakery,qwen3,1000634077,1,read,1
bakery,qwen3,1000634077,1,taste_the_happiness_in_every_bite,1
bakery,qwen3,1000634077,1,logo,1
bakery,qwen3,1000634077,1,kodak,1
bakery,qwen3,1000634077,2,collection,1
bakery,qwen3,1000634077,2,small,2
bakery,qwen3,1000634077,2,individual,1
bakery,qwen3,1000634077,2,cake,3
bakery,qwen3,1000634077,2,unique,1
bakery,qwen3,1000634077,2,topping,2
bakery,qwen3,1000634077,2,decoration,1
bakery,qwen3,1000634077,2,3,1
bakery,qwen3,1000634077,2,white,2
bakery,qwen3,1000634077,2,plate,2
bakery,qwen3,1000634077,2,arrange,1
bakery,qwen3,1000634077,2,visually,1
bakery,qwen3,1000634077,2,appeal,1
bakery,qwen3,1000634077,2,manner,1
bakery,qwen3,1000634077,2,pedestal,1
bakery,qwen3,1000634077,2,large,1
bakery,qwen3,1000634077,2,cut,1
bakery,qwen3,1000634077,2,half,1
bakery,qwen3,1000634077,2,reveal,1
bakery,qwen3,1000634077,2,moist,1
bakery,qwen3,1000634077,2,golden,1
bakery,qwen3,1000634077,2,brown,1
bakery,qwen3,1000634077,2,interior,1
bakery,qwen3,1000634077,2,vary,1
bakery,qwen3,1000634077,2,include,1
bakery,qwen3,1000634077,2,chocolate,1
bakery,qwen3,1000634077,2,coconut,1
bakery,qwen3,1000634077,2,flake,1
bakery,qwen3,1000634077,2,colorful,1
bakery,qwen3,1000634077,2,glaze,1
bakery,qwen3,1000634077,2,overall,1
bakery,qwen3,1000634077,2,presentation,1
bakery,qwen3,1000634077,2,clean,1
bakery,qwen3,1000634077,2,elegant,1
bakery,qwen3,1000634077,2,highlight,1
bakery,qwen3,1000634077,2,intricate,1
bakery,qwen3,1000634077,2,detail,1
bakery,qwen3,1000634077,2,dessert,1
bakery,qwen3,1000635372,1,2,1
bakery,qwen3,1000635372,1,jar,3
bakery,qwen3,1000635372,1,nut,1
bakery,qwen3,1000635372,1,butter,1
bakery,qwen3,1000635372,1,product,3
bakery,qwen3,1000635372,1,label,4
bakery,qwen3,1000635372,1,oh_nutty,2
bakery,qwen3,1000635372,1,pistachio,1
bakery,qwen3,1000635372,1,primary,1
bakery,qwen3,1000635372,1,ingredient,1
bakery,qwen3,1000635372,1,large,1
bakery,qwen3,1000635372,1,pistachio_butter_original,2
bakery,qwen3,1000635372,1,weight,2
bakery,qwen3,1000635372,1,230g,1
bakery,qwen3,1000635372,1,small,2
bakery,qwen3,1000635372,1,80g,1
bakery,qwen3,1000635372,1,present,1
bakery,qwen3,1000635372,1,wooden,1
bakery,qwen3,1000635372,1,tray,1
bakery,qwen3,1000635372,1,light,2
bakery,qwen3,1000635372,1,green,1
bakery,qwen3,1000635372,1,cloth,2
bakery,qwen3,1000635372,1,bowl,1
bakery,qwen3,1000635372,1,spread,2
bakery,qwen3,1000635372,1,smooth,1
bakery,qwen3,1000635372,1,creamy,1
bakery,qwen3,1000635372,1,texture,1
bakery,qwen3,1000635372,1,brownish,1
bakery,qwen3,1000635372,1,yellow,1
bakery,qwen3,1000635372,1,color,1
bakery,qwen3,1000635372,1,packaging,1
bakery,qwen3,1000635372,1,clear,1
bakery,qwen3,1000635372,1,inside,1
bakery,qwen3,1000635372,1,brand,1
bakery,qwen3,1000635372,1,prominently,1
bakery,qwen3,1000635372,2,bowl,4
bakery,qwen3,1000635372,2,creamy,1
bakery,qwen3,1000635372,2,yellowish,1
bakery,qwen3,1000635372,2,green,2
bakery,qwen3,1000635372,2,dip,3
bakery,qwen3,1000635372,2,present,1
bakery,qwen3,1000635372,2,white,1
bakery,qwen3,1000635372,2,ceramic,1
bakery,qwen3,1000635372,2,light,1
bakery,qwen3,1000635372,2,cloth,1
bakery,qwen3,1000635372,2,smooth,1
bakery,qwen3,1000635372,2,slightly,1
bakery,qwen3,1000635372,2,texture,1
bakery,qwen3,1000635372,2,surface,1
bakery,qwen3,1000635372,2,spiral,1
bakery,qwen3,1000635372,2,pattern,1
bakery,qwen3,1000635372,2,center,1
bakery,qwen3,1000635372,2,surround,1
bakery,qwen3,1000635372,2,several,1
bakery,qwen3,1000635372,2,open,1
bakery,qwen3,1000635372,2,pistachio,2
bakery,qwen3,1000635372,2,shell,1
bakery,qwen3,1000635372,2,indicate,1
bakery,qwen3,1000635372,2,likely,1
bakery,qwen3,1000635372,2,base,1
bakery,qwen3,1000635372,2,set,1
bakery,qwen3,1000635372,2,wooden,1
bakery,qwen3,1000635372,2,basket,1
bakery,qwen3,1000635372,2,overall,1
bakery,qwen3,1000635372,2,presentation,1
bakery,qwen3,1000635372,2,clean,1
bakery,qwen3,1000635372,2,appetizing,1
bakery,qwen3,1000637683,1,2,1
bakery,qwen3,1000637683,1,jar,4
bakery,qwen3,1000637683,1,peanut,5
bakery,qwen3,1000637683,1,butter,4
bakery,qwen3,1000637683,1,bowl,3
bakery,qwen3,1000637683,1,arrange,1
bakery,qwen3,1000637683,1,beige,1
bakery,qwen3,1000637683,1,cloth,1
bakery,qwen3,1000637683,1,label,3
bakery,qwen3,1000637683,1,oh_nutty,1
bakery,qwen3,1000637683,1,text,1
bakery,qwen3,1000637683,1,peanut_butter_original,1
bakery,qwen3,1000637683,1,peanut_butter_crunchy,1
bakery,qwen3,1000637683,1,indicate,1
bakery,qwen3,1000637683,1,weight,1
bakery,qwen3,1000637683,1,230g,1
bakery,qwen3,1000637683,1,smooth,1
bakery,qwen3,1000637683,1,creamy,1
bakery,qwen3,1000637683,1,texture,1
bakery,qwen3,1000637683,1,visible,1
bakery,qwen3,1000637683,1,seal,1
bakery,qwen3,1000637683,1,white,1
bakery,qwen3,1000637683,1,lid,1
bakery,qwen3,1000637683,1,small,1
bakery,qwen3,1000637683,1,spoon,1
bakery,qwen3,1000637683,1,wooden,1
bakery,qwen3,1000637683,1,handle,1
bakery,qwen3,1000637683,2,2,1
bakery,qwen3,1000637683,2,white,1
bakery,qwen3,1000637683,2,bowl,4
bakery,qwen3,1000637683,2,present,1
bakery,qwen3,1000637683,2,light,3
bakery,qwen3,1000637683,2,yellow,1
bakery,qwen3,1000637683,2,surface,1
bakery,qwen3,1000637683,2,creamy,1
bakery,qwen3,1000637683,2,brown,2
bakery,qwen3,1000637683,2,substance,1
bakery,qwen3,1000637683,2,left,1
bakery,qwen3,1000637683,2,hold,1
bakery,qwen3,1000637683,2,mixture,1
bakery,qwen3,1000637683,2,peanut,2
bakery,qwen3,1000637683,2,butter,2
bakery,qwen3,1000637683,2,small,1
bakery,qwen3,1000637683,2,irregularly,1
bakery,qwen3,1000637683,2,shape,1
bakery,qwen3,1000637683,2,piece,1
bakery,qwen3,1000637683,2,nut,1
bakery,qwen3,1000637683,2,possibly,1
bakery,qwen3,1000637683,2,cashew,1
bakery,qwen3,1000637683,2,right,1
bakery,qwen3,1000637683,2,smooth,1
bakery,qwen3,1000637683,2,spreadable,1
bakery,qwen3,1000637683,2,wooden,1
bakery,qwen3,1000637683,2,handle,1
bakery,qwen3,1000637683,2,knife,1
bakery,qwen3,1000637683,2,fold,1
bakery,qwen3,1000637683,2,cloth,1
bakery,qwen3,1000637683,2,napkin,1
bakery,qwen3,1000659491,1,product,1
bakery,qwen3,1000659491,1,plain,1
bakery,qwen3,1000659491,1,bagel,5
bakery,qwen3,1000659491,1,arrange,1
bakery,qwen3,1000659491,1,white,3
bakery,qwen3,1000659491,1,oval,1
bakery,qwen3,1000659491,1,plate,2
bakery,qwen3,1000659491,1,golden,2
bakery,qwen3,1000659491,1,brown,2
bakery,qwen3,1000659491,1,color,1
bakery,qwen3,1000659491,1,slightly,1
bakery,qwen3,1000659491,1,glossy,1
bakery,qwen3,1000659491,1,surface,1
bakery,qwen3,1000659491,1,packaging,1
bakery,qwen3,1000659491,1,bag,2
bakery,qwen3,1000659491,1,label,2
bakery,qwen3,1000659491,1,read,1
bakery,qwen3,1000659491,1,plain_bagel,1
bakery,qwen3,1000659491,1,i_am_bagel,1
bakery,qwen3,1000659491,1,english,1
bakery,qwen3,1000659491,1,korean,1
bakery,qwen3,1000659491,1,text,1
bakery,qwen3,1000659491,1,package,1
bakery,qwen3,1000659491,1,clear,1
bakery,qwen3,1000659491,1,plastic,1
bakery,qwen3,1000659491,1,round,1
bakery,qwen3,1000659491,1,ring,1
bakery,qwen3,1000659491,1,shape,1
bakery,qwen3,1000659491,1,pastry,1
bakery,qwen3,1000659491,1,soft,1
bakery,qwen3,1000659491,1,crust,1
bakery,qwen3,1000659491,2,several,1
bakery,qwen3,1000659491,2,bagel,8
bakery,qwen3,1000659491,2,arrange,2
bakery,qwen3,1000659491,2,light,1
bakery,qwen3,1000659491,2,color,1
bakery,qwen3,1000659491,2,wooden,1
bakery,qwen3,1000659491,2,cutting,1
bakery,qwen3,1000659491,2,board,2
bakery,qwen3,1000659491,2,solid,1
bakery,qwen3,1000659491,2,green,1
bakery,qwen3,1000659491,2,2,1
bakery,qwen3,1000659491,2,type,1
bakery,qwen3,1000659491,2,plain,2
bakery,qwen3,1000659491,2,golden,1
bakery,qwen3,1000659491,2,brown,1
bakery,qwen3,1000659491,2,soft,2
bakery,qwen3,1000659491,2,porous,1
bakery,qwen3,1000659491,2,interior,2
bakery,qwen3,1000659491,2,blueberry,3
bakery,qwen3,1000659491,2,darker,1
bakery,qwen3,1000659491,2,purple,1
bakery,qwen3,1000659491,2,hue,1
bakery,qwen3,1000659491,2,visible,1
bakery,qwen3,1000659491,2,filling,1
bakery,qwen3,1000659491,2,break,2
bakery,qwen3,1000659491,2,half,2
bakery,qwen3,1000659491,2,reveal,1
bakery,qwen3,1000659491,2,fruit,1
bakery,qwen3,1000659491,2,inside,1
bakery,qwen3,1000659491,2,airy,1
bakery,qwen3,1000659491,2,casual,1
bakery,qwen3,1000659491,2,appeal,1
bakery,qwen3,1000659491,2,manner,1
bakery,qwen3,1000659491,2,stack,1
bakery,qwen3,1000659491,2,top,1
bakery,qwen3,1000659491,2,surface,1
bakery,qwen3,1000659491,2,slightly,1
bakery,qwen3,1000659491,2,rough,1
bakery,qwen3,1000659491,2,texture,1
bakery,qwen3,1000659491,2,overall,1
bakery,qwen3,1000659491,2,appearance,1
bakery,qwen3,1000659491,2,suggest,1
bakery,qwen3,1000659491,2,fresh,1
bakery,qwen3,1000659491,2,homemade,1
bakery,qwen3,1000659491,2,quality,1
bakery,qwen3,1000794499,1,2,2
bakery,qwen3,1000794499,1,rectangular,2
bakery,qwen3,1000794499,1,cake,6
bakery,qwen3,1000794499,1,golden,1
bakery,qwen3,1000794499,1,yellow,4
bakery,qwen3,1000794499,1,body,1
bakery,qwen3,1000794499,1,brown,1
bakery,qwen3,1000794499,1,texture,1
bakery,qwen3,1000794499,1,top,1
bakery,qwen3,1000794499,1,present,1
bakery,qwen3,1000794499,1,small,1
bakery,qwen3,1000794499,1,plate,3
bakery,qwen3,1000794499,1,light,1
bakery,qwen3,1000794499,1,green,3
bakery,qwen3,1000794499,1,beige,1
bakery,qwen3,1000794499,1,wooden,1
bakery,qwen3,1000794499,1,fork,1
bakery,qwen3,1000794499,1,table,1
bakery,qwen3,1000794499,1,package,1
bakery,qwen3,1000794499,1,box,6
bakery,qwen3,1000794499,1,left,1
bakery,qwen3,1000794499,1,right,1
bakery,qwen3,1000794499,1,korean,2
bakery,qwen3,1000794499,1,text,3
bakery,qwen3,1000794499,1,english,1
bakery,qwen3,1000794499,1,read,1
bakery,qwen3,1000794499,1,korean_style_cake,1
bakery,qwen3,1000794499,1,250g,1
bakery,qwen3,1000794499,1,packaging,1
bakery,qwen3,1000794499,1,logo,1
bakery,qwen3,1000794499,1,house,1
bakery,qwen3,1000794499,1,roof,1
bakery,qwen3,1000794499,1,arrange,1
bakery,qwen3,1000794499,1,way,1
bakery,qwen3,1000794499,1,suggest,1
bakery,qwen3,1000794499,1,ready,1
bakery,qwen3,1000794499,1,serve,1
bakery,qwen3,1000794499,2,loaf,1
bakery,qwen3,1000794499,2,cake,5
bakery,qwen3,1000794499,2,likely,1
bakery,qwen3,1000794499,2,type,1
bakery,qwen3,1000794499,2,sponge,1
bakery,qwen3,1000794499,2,distinct,1
bakery,qwen3,1000794499,2,greenish,1
bakery,qwen3,1000794499,2,yellow,1
bakery,qwen3,1000794499,2,hue,1
bakery,qwen3,1000794499,2,cut,1
bakery,qwen3,1000794499,2,rectangular,1
bakery,qwen3,1000794499,2,slice,2
bakery,qwen3,1000794499,2,arrange,2
bakery,qwen3,1000794499,2,2,1
bakery,qwen3,1000794499,2,separate,1
bakery,qwen3,1000794499,2,serve,1
bakery,qwen3,1000794499,2,tray,2
bakery,qwen3,1000794499,2,golden,1
bakery,qwen3,1000794499,2,brown,1
bakery,qwen3,1000794499,2,crust,1
bakery,qwen3,1000794499,2,top,1
bakery,qwen3,1000794499,2,light,2
bakery,qwen3,1000794499,2,porous,1
bakery,qwen3,1000794499,2,interior,1
bakery,qwen3,1000794499,2,small,1
bakery,qwen3,1000794499,2,white,1
bakery,qwen3,1000794499,2,plate,1
bakery,qwen3,1000794499,2,wooden,1
bakery,qwen3,1000794499,2,fork,1
bakery,qwen3,1000794499,2,large,1
bakery,qwen3,1000794499,2,colored,1
bakery,qwen3,1000794499,2,overall,1
bakery,qwen3,1000794499,2,presentation,1
bakery,qwen3,1000794499,2,clean,1
bakery,qwen3,1000794499,2,simple,1
bakery,qwen3,1000794499,2,highlight,1
bakery,qwen3,1000794499,2,texture,1
bakery,qwen3,1000794499,2,color,1
bakery,qwen3,1000831954,1,3,1
bakery,qwen3,1000831954,1,different,1
bakery,qwen3,1000831954,1,type,1
bakery,qwen3,1000831954,1,baked,1
bakery,qwen3,1000831954,1,good,1
bakery,qwen3,1000831954,1,arrange,1
bakery,qwen3,1000831954,1,separate,1
bakery,qwen3,1000831954,1,white,2
bakery,qwen3,1000831954,1,plate,4
bakery,qwen3,1000831954,1,neutral,1
bakery,qwen3,1000831954,1,top,2
bakery,qwen3,1000831954,1,left,1
bakery,qwen3,1000831954,1,round,3
bakery,qwen3,1000831954,1,golden,2
bakery,qwen3,1000831954,1,brown,3
bakery,qwen3,1000831954,1,pastry,2
bakery,qwen3,1000831954,1,dusting,1
bakery,qwen3,1000831954,1,powdered,1
bakery,qwen3,1000831954,1,sugar,1
bakery,qwen3,1000831954,1,cross,1
bakery,qwen3,1000831954,1,section,1
bakery,qwen3,1000831954,1,reveal,2
bakery,qwen3,1000831954,1,yellow,2
bakery,qwen3,1000831954,1,possibly,1
bakery,qwen3,1000831954,1,egg,1
bakery,qwen3,1000831954,1,base,1
bakery,qwen3,1000831954,1,fill,1
bakery,qwen3,1000831954,1,right,1
bakery,qwen3,1000831954,1,hold,1
bakery,qwen3,1000831954,1,rectangular,1
bakery,qwen3,1000831954,1,elongate,1
bakery,qwen3,1000831954,1,loaf,1
bakery,qwen3,1000831954,1,floury,1
bakery,qwen3,1000831954,1,coating,1
bakery,qwen3,1000831954,1,dark,1
bakery,qwen3,1000831954,1,olive,1
bakery,qwen3,1000831954,1,scatter,1
bakery,qwen3,1000831954,1,surface,1
bakery,qwen3,1000831954,1,bottom,1
bakery,qwen3,1000831954,1,present,2
bakery,qwen3,1000831954,1,texture,2
bakery,qwen3,1000831954,1,reddish,1
bakery,qwen3,1000831954,1,topping,1
bakery,qwen3,1000831954,1,half,1
bakery,qwen3,1000831954,1,break,1
bakery,qwen3,1000831954,1,creamy,1
bakery,qwen3,1000831954,1,filling,1
bakery,qwen3,1000831954,1,item,1
bakery,qwen3,1000831954,1,clean,1
bakery,qwen3,1000831954,1,minimalist,1
bakery,qwen3,1000831954,1,style,1
bakery,qwen3,1000831954,1,emphasize,1
bakery,qwen3,1000831954,1,color,1
bakery,qwen3,1000831954,2,plate,2
bakery,qwen3,1000831954,2,4,1
bakery,qwen3,1000831954,2,slice,5
bakery,qwen3,1000831954,2,type,1
bakery,qwen3,1000831954,2,bread,4
bakery,qwen3,1000831954,2,fill,3
bakery,qwen3,1000831954,2,different,1
bakery,qwen3,1000831954,2,savory,1
bakery,qwen3,1000831954,2,mixture,1
bakery,qwen3,1000831954,2,soft,1
bakery,qwen3,1000831954,2,artisanal,1
bakery,qwen3,1000831954,2,loaf,1
bakery,qwen3,1000831954,2,golden,1
bakery,qwen3,1000831954,2,brown,1
bakery,qwen3,1000831954,2,crust,1
bakery,qwen3,1000831954,2,porous,1
bakery,qwen3,1000831954,2,interior,2
bakery,qwen3,1000831954,2,arrange,1
bakery,qwen3,1000831954,2,white,3
bakery,qwen3,1000831954,2,2,2
bakery,qwen3,1000831954,2,filling,2
bakery,qwen3,1000831954,2,visible,1
bakery,qwen3,1000831954,2,tow,1
bakery,qwen3,1000831954,2,black,1
bakery,qwen3,1000831954,2,olive,1
bakery,qwen3,1000831954,2,creamy,2
bakery,qwen3,1000831954,2,cheese,1
bakery,qwen3,1000831954,2,yellow,1
bakery,qwen3,1000831954,2,orange,1
bakery,qwen3,1000831954,2,green,1
bakery,qwen3,1000831954,2,herb,1
bakery,qwen3,1000831954,2,yellowish,1
bakery,qwen3,1000831954,2,hue,1
bakery,qwen3,1000831954,2,cut,1
bakery,qwen3,1000831954,2,triangular,1
bakery,qwen3,1000831954,2,shape,1
bakery,qwen3,1000831954,2,spread,1
bakery,qwen3,1000831954,2,present,1
bakery,qwen3,1000831954,2,simple,1
bakery,qwen3,1000831954,2,clean,1
bakery,qwen3,1000831954,2,manner,1
bakery,qwen3,1000831954,2,highlight,1
bakery,qwen3,1000831954,2,texture,1
bakery,qwen3,1000831954,2,ingredient,1
bakery,qwen3,1000870987,1,valentine,1
bakery,qwen3,1000870987,1,day,1
bakery,qwen3,1000870987,1,theme,1
bakery,qwen3,1000870987,1,dessert,5
bakery,qwen3,1000870987,1,product,4
bakery,qwen3,1000870987,1,brand,2
bakery,qwen3,1000870987,1,hart,1
bakery,qwen3,1000870987,1,tiramisu,1
bakery,qwen3,1000870987,1,present,2
bakery,qwen3,1000870987,1,red,6
bakery,qwen3,1000870987,1,round,1
bakery,qwen3,1000870987,1,cylindrical,1
bakery,qwen3,1000870987,1,tin,3
bakery,qwen3,1000870987,1,white,4
bakery,qwen3,1000870987,1,heart,3
bakery,qwen3,1000870987,1,shape,3
bakery,qwen3,1000870987,1,lid,2
bakery,qwen3,1000870987,1,hart_tiramisu,1
bakery,qwen3,1000870987,1,emblem,1
bakery,qwen3,1000870987,1,outline,1
bakery,qwen3,1000870987,1,text,1
bakery,qwen3,1000870987,1,telling_to_love_at_that_time,1
bakery,qwen3,1000870987,1,arrange,1
bakery,qwen3,1000870987,1,container,1
bakery,qwen3,1000870987,1,open,2
bakery,qwen3,1000870987,1,reveal,1
bakery,qwen3,1000870987,1,fluffy,1
bakery,qwen3,1000870987,1,possibly,2
bakery,qwen3,1000870987,1,rice,1
bakery,qwen3,1000870987,1,pudding,2
bakery,qwen3,1000870987,1,similar,1
bakery,qwen3,1000870987,1,creamy,2
bakery,qwen3,1000870987,1,top,2
bakery,qwen3,1000870987,1,small,1
bakery,qwen3,1000870987,1,strawberry,1
bakery,qwen3,1000870987,1,inside,1
bakery,qwen3,1000870987,1,light,1
bakery,qwen3,1000870987,1,yellow,1
bakery,qwen3,1000870987,1,substance,1
bakery,qwen3,1000870987,1,custard,1
bakery,qwen3,1000870987,1,chop,1
bakery,qwen3,1000870987,1,green,1
bakery,qwen3,1000870987,1,pistachio,1
bakery,qwen3,1000870987,1,circular,1
bakery,qwen3,1000870987,1,base,1
bakery,qwen3,1000870987,1,spoon,1
bakery,qwen3,1000870987,2,valentine,1
bakery,qwen3,1000870987,2,day,1
bakery,qwen3,1000870987,2,theme,1
bakery,qwen3,1000870987,2,dessert,3
bakery,qwen3,1000870987,2,product,2
bakery,qwen3,1000870987,2,hart,1
bakery,qwen3,1000870987,2,tiramisu,2
bakery,qwen3,1000870987,2,present,1
bakery,qwen3,1000870987,2,red,3
bakery,qwen3,1000870987,2,heart,2
bakery,qwen3,1000870987,2,shape,2
bakery,qwen3,1000870987,2,round,1
bakery,qwen3,1000870987,2,metal,1
bakery,qwen3,1000870987,2,container,3
bakery,qwen3,1000870987,2,arrange,1
bakery,qwen3,1000870987,2,surface,1
bakery,qwen3,1000870987,2,open,2
bakery,qwen3,1000870987,2,reveal,2
bakery,qwen3,1000870987,2,inside,2
bakery,qwen3,1000870987,2,creamy,1
bakery,qwen3,1000870987,2,light,1
bakery,qwen3,1000870987,2,color,1
bakery,qwen3,1000870987,2,panna,1
bakery,qwen3,1000870987,2,cotta,1
bakery,qwen3,1000870987,2,top,1
bakery,qwen3,1000870987,2,sprinkle,1
bakery,qwen3,1000870987,2,black,1
bakery,qwen3,1000870987,2,sesame,1
bakery,qwen3,1000870987,2,seed,1
bakery,qwen3,1000870987,2,chocolate,1
bakery,qwen3,1000870987,2,flavor,1
bakery,qwen3,1000870987,2,spoon,1
bakery,qwen3,1000870987,2,resting,1
bakery,qwen3,1000870987,2,packaging,1
bakery,qwen3,1000870987,2,design,1
bakery,qwen3,1000870987,2,brand,1
bakery,qwen3,1000870987,2,hart_tiramisu,1
bakery,qwen3,1000870987,2,tagline,1
bakery,qwen3,1000870987,2,loving_to_love_at_that_time,1
bakery,qwen3,1000870987,2,write,1
bakery,qwen3,1000870987,2,balloon,1
bakery,qwen3,1000870987,2,text,1
bakery,qwen3,1000870987,2,have_a_harty_time,1
bakery,qwen3,1000870987,2,visible,1
bakery,qwen3,1000894225,1,loaf,2
bakery,qwen3,1000894225,1,white,1
bakery,qwen3,1000894225,1,bread,2
bakery,qwen3,1000894225,1,wooden,1
bakery,qwen3,1000894225,1,cutting,1
bakery,qwen3,1000894225,1,board,1
bakery,qwen3,1000894225,1,several,1
bakery,qwen3,1000894225,1,slice,1
bakery,qwen3,1000894225,1,cut,1
bakery,qwen3,1000894225,1,arrange,1
bakery,qwen3,1000894225,1,fan,1
bakery,qwen3,1000894225,1,pattern,1
bakery,qwen3,1000894225,1,soft,1
bakery,qwen3,1000894225,1,porous,1
bakery,qwen3,1000894225,1,interior,1
bakery,qwen3,1000894225,1,golden,1
bakery,qwen3,1000894225,1,brown,2
bakery,qwen3,1000894225,1,crust,1
bakery,qwen3,1000894225,1,packaging,2
bakery,qwen3,1000894225,1,clear,1
bakery,qwen3,1000894225,1,plastic,1
bakery,qwen3,1000894225,1,bag,1
bakery,qwen3,1000894225,1,paper,1
bakery,qwen3,1000894225,1,label,2
bakery,qwen3,1000894225,1,brand,1
bakery,qwen3,1000894225,1,rice,1
bakery,qwen3,1000894225,1,large,1
bakery,qwen3,1000894225,1,gold,1
bakery,qwen3,1000894225,1,letter,1
bakery,qwen3,1000894225,1,korean,1
bakery,qwen3,1000894225,1,text,1
bakery,qwen3,1000894225,1,소화가_잘하는_우유로_만든_쌀식빵,1
bakery,qwen3,1000894225,1,visible,1
bakery,qwen3,1000894225,1,small,1
bakery,qwen3,1000894225,1,blue,1
bakery,qwen3,1000894225,1,logo,1
bakery,qwen3,1000894225,2,loaf,2
bakery,qwen3,1000894225,2,white,1
bakery,qwen3,1000894225,2,bread,2
bakery,qwen3,1000894225,2,slice,2
bakery,qwen3,1000894225,2,portion,1
bakery,qwen3,1000894225,2,present,1
bakery,qwen3,1000894225,2,wooden,1
bakery,qwen3,1000894225,2,cutting,2
bakery,qwen3,1000894225,2,board,2
bakery,qwen3,1000894225,2,golden,1
bakery,qwen3,1000894225,2,brown,1
bakery,qwen3,1000894225,2,crust,1
bakery,qwen3,1000894225,2,soft,1
bakery,qwen3,1000894225,2,porous,1
bakery,qwen3,1000894225,2,interior,1
bakery,qwen3,1000894225,2,arrange,1
bakery,qwen3,1000894225,2,neat,1
bakery,qwen3,1000894225,2,row,1
bakery,qwen3,1000894225,2,fan,1
bakery,qwen3,1000894225,2,slightly,1
bakery,qwen3,1000894225,2,light,1
bakery,qwen3,1000894225,2,colored,1
bakery,qwen3,1000894225,2,cloth,1
bakery,qwen3,1000894225,2,neutral,1
bakery,qwen3,1000894225,2,gray,1
bakery,qwen3,1000894225,2,surface,1
bakery,qwen3,1001194675,1,2,2
bakery,qwen3,1001194675,1,jar,3
bakery,qwen3,1001194675,1,peanut,2
bakery,qwen3,1001194675,1,butter,2
bakery,qwen3,1001194675,1,bowl,2
bakery,qwen3,1001194675,1,product,2
bakery,qwen3,1001194675,1,arrange,1
bakery,qwen3,1001194675,1,light,2
bakery,qwen3,1001194675,1,gray,1
bakery,qwen3,1001194675,1,surface,1
bakery,qwen3,1001194675,1,glass,1
bakery,qwen3,1001194675,1,gold,1
bakery,qwen3,1001194675,1,color,2
bakery,qwen3,1001194675,1,lid,1
bakery,qwen3,1001194675,1,label,2
bakery,qwen3,1001194675,1,read,1
bakery,qwen3,1001194675,1,마이노멀_무가당_땅콩버터,1
bakery,qwen3,1001194675,1,100_percent_땅콩,1
bakery,qwen3,1001194675,1,include,1
bakery,qwen3,1001194675,1,illustration,1
bakery,qwen3,1001194675,1,traditional,1
bakery,qwen3,1001194675,1,korean,1
bakery,qwen3,1001194675,1,style,2
bakery,qwen3,1001194675,1,table,1
bakery,qwen3,1001194675,1,set,1
bakery,qwen3,1001194675,1,food,1
bakery,qwen3,1001194675,1,small,1
bakery,qwen3,1001194675,1,figure,1
bakery,qwen3,1001194675,1,smooth,1
bakery,qwen3,1001194675,1,creamy,1
bakery,qwen3,1001194675,1,texture,1
bakery,qwen3,1001194675,1,brown,1
bakery,qwen3,1001194675,1,present,1
bakery,qwen3,1001194675,1,clean,1
bakery,qwen3,1001194675,1,minimalist,1
bakery,qwen3,1001194675,2,2,2
bakery,qwen3,1001194675,2,jar,4
bakery,qwen3,1001194675,2,peanut,4
bakery,qwen3,1001194675,2,butter,3
bakery,qwen3,1001194675,2,bowl,3
bakery,qwen3,1001194675,2,product,3
bakery,qwen3,1001194675,2,arrange,1
bakery,qwen3,1001194675,2,light,2
bakery,qwen3,1001194675,2,gray,1
bakery,qwen3,1001194675,2,surface,1
bakery,qwen3,1001194675,2,label,1
bakery,qwen3,1001194675,2,my_normal,1
bakery,qwen3,1001194675,2,illustration,1
bakery,qwen3,1001194675,2,text,2
bakery,qwen3,1001194675,2,indicate,1
bakery,qwen3,1001194675,2,100_percent_땅콩,1
bakery,qwen3,1001194675,2,마이노멀_무가당_땅콩버터,1
bakery,qwen3,1001194675,2,smooth,1
bakery,qwen3,1001194675,2,creamy,1
bakery,qwen3,1001194675,2,brown,1
bakery,qwen3,1001194675,2,color,1
bakery,qwen3,1001194675,2,wooden,1
bakery,qwen3,1001194675,2,spoon,1
bakery,qwen3,1001194675,2,empty,1
bakery,qwen3,1001194675,2,packaging,1
bakery,qwen3,1001194675,2,white,1
bakery,qwen3,1001194675,2,yellow,1
bakery,qwen3,1001194675,2,green,1
bakery,qwen3,1001194675,2,design,1
bakery,qwen3,1001194675,2,korean,1
bakery,qwen3,1001194675,2,describe,1
bakery,qwen3,1001194675,2,100_percent_peanut,1
bakery,qwen3,1001194675,2,sugar_free,1
bakery,qwen3,1001194675,2,weight,1
bakery,qwen3,1001194675,2,list,1
bakery,qwen3,1001194675,2,250g,1
bakery,qwen3,1001385477,1,collection,1
bakery,qwen3,1001385477,1,5,1
bakery,qwen3,1001385477,1,jar,4
bakery,qwen3,1001385477,1,st,1
bakery,qwen3,1001385477,1,dalfour,1
bakery,qwen3,1001385477,1,fruit,3
bakery,qwen3,1001385477,1,spread,3
bakery,qwen3,1001385477,1,arrange,1
bakery,qwen3,1001385477,1,light,1
bakery,qwen3,1001385477,1,colored,1
bakery,qwen3,1001385477,1,surface,1
bakery,qwen3,1001385477,1,cylindrical,1
bakery,qwen3,1001385477,1,black,1
bakery,qwen3,1001385477,1,lid,1
bakery,qwen3,1001385477,1,label,3
bakery,qwen3,1001385477,1,identify,1
bakery,qwen3,1001385477,1,specific,1
bakery,qwen3,1001385477,1,flavor,2
bakery,qwen3,1001385477,1,visible,2
bakery,qwen3,1001385477,1,include,1
bakery,qwen3,1001385477,1,blueberry,1
bakery,qwen3,1001385477,1,apple,1
bakery,qwen3,1001385477,1,cinnamon,1
bakery,qwen3,1001385477,1,raspberry,1
bakery,qwen3,1001385477,1,mango,1
bakery,qwen3,1001385477,1,passion,1
bakery,qwen3,1001385477,1,fig,1
bakery,qwen3,1001385477,1,royale,1
bakery,qwen3,1001385477,1,brand,1
bakery,qwen3,1001385477,1,st_dalfour,1
bakery,qwen3,1001385477,1,text,1
bakery,qwen3,1001385477,1,france,1
bakery,qwen3,1001385477,1,packaging,1
bakery,qwen3,1001385477,1,consistent,1
bakery,qwen3,1001385477,1,design,1
bakery,qwen3,1001385477,1,illustration,1
bakery,qwen3,1001385477,1,wooden,2
bakery,qwen3,1001385477,1,cutting,1
bakery,qwen3,1001385477,1,board,1
bakery,qwen3,1001385477,1,2,1
bakery,qwen3,1001385477,1,small,1
bakery,qwen3,1001385477,1,white,1
bakery,qwen3,1001385477,1,bowl,3
bakery,qwen3,1001385477,1,spoon,1
bakery,qwen3,1001385477,1,texture,1
bakery,qwen3,1001385477,1,color,1
bakery,qwen3,1001385477,2,collection,1
bakery,qwen3,1001385477,2,st,1
bakery,qwen3,1001385477,2,dalfour,1
bakery,qwen3,1001385477,2,fruit,3
bakery,qwen3,1001385477,2,spread,2
bakery,qwen3,1001385477,2,glass,1
bakery,qwen3,1001385477,2,jar,4
bakery,qwen3,1001385477,2,arrange,1
bakery,qwen3,1001385477,2,light,1
bakery,qwen3,1001385477,2,colored,1
bakery,qwen3,1001385477,2,surface,1
bakery,qwen3,1001385477,2,packaging,1
bakery,qwen3,1001385477,2,consistent,1
bakery,qwen3,1001385477,2,dark,2
bakery,qwen3,1001385477,2,blue,1
bakery,qwen3,1001385477,2,label,2
bakery,qwen3,1001385477,2,white,2
bakery,qwen3,1001385477,2,gold,1
bakery,qwen3,1001385477,2,text,2
bakery,qwen3,1001385477,2,visible,1
bakery,qwen3,1001385477,2,product,1
bakery,qwen3,1001385477,2,type,1
bakery,qwen3,1001385477,2,include,2
bakery,qwen3,1001385477,2,blueberry,1
bakery,qwen3,1001385477,2,apple,1
bakery,qwen3,1001385477,2,cinnamon,1
bakery,qwen3,1001385477,2,fig,1
bakery,qwen3,1001385477,2,royale,1
bakery,qwen3,1001385477,2,mango,1
bakery,qwen3,1001385477,2,passion,1
bakery,qwen3,1001385477,2,raspberry,1
bakery,qwen3,1001385477,2,black,1
bakery,qwen3,1001385477,2,lid,1
bakery,qwen3,1001385477,2,brand,1
bakery,qwen3,1001385477,2,st_dalfour,1
bakery,qwen3,1001385477,2,france,1
bakery,qwen3,1001385477,2,print,1
bakery,qwen3,1001385477,2,recipe_from_france,1
bakery,qwen3,1001385477,2,net,1
bakery,qwen3,1001385477,2,weight,1
bakery,qwen3,1001385477,2,10oz,1
bakery,qwen3,1001385477,2,284g,1
bakery,qwen3,1001385477,2,present,1
bakery,qwen3,1001385477,2,color,1
bakery,qwen3,1001385477,2,purple,1
bakery,qwen3,1001385477,2,bright,1
bakery,qwen3,1001385477,2,orange,1
bakery,qwen3,1001385477,2,red,1
bakery,qwen3,1001385477,2,small,1
bakery,qwen3,1001385477,2,bowl,1
bakery,qwen3,1001385477,2,wooden,1
bakery,qwen3,1001385477,2,spoon,1
bakery,qwen3,1001493094,1,2,2
bakery,qwen3,1001493094,1,jar,5
bakery,qwen3,1001493094,1,peanut,2
bakery,qwen3,1001493094,1,butter,2
bakery,qwen3,1001493094,1,bowl,2
bakery,qwen3,1001493094,1,product,3
bakery,qwen3,1001493094,1,arrange,1
bakery,qwen3,1001493094,1,light,2
bakery,qwen3,1001493094,1,gray,1
bakery,qwen3,1001493094,1,surface,1
bakery,qwen3,1001493094,1,label,4
bakery,qwen3,1001493094,1,nuts_green,1
bakery,qwen3,1001493094,1,white,2
bakery,qwen3,1001493094,1,red,1
bakery,qwen3,1001493094,1,black,1
bakery,qwen3,1001493094,1,text,2
bakery,qwen3,1001493094,1,indicate,1
bakery,qwen3,1001493094,1,100_percent_peanut_butter_crunchy,1
bakery,qwen3,1001493094,1,include,1
bakery,qwen3,1001493094,1,korean,1
bakery,qwen3,1001493094,1,seal,1
bakery,qwen3,1001493094,1,silver,1
bakery,qwen3,1001493094,1,lid,1
bakery,qwen3,1001493094,1,smooth,1
bakery,qwen3,1001493094,1,creamy,1
bakery,qwen3,1001493094,1,texture,1
bakery,qwen3,1001493094,1,brown,1
bakery,qwen3,1001493094,1,color,1
bakery,qwen3,1001493094,1,packaging,1
bakery,qwen3,1001493094,1,clear,1
bakery,qwen3,1001493094,1,glass,1
bakery,qwen3,1001493094,1,present,1
bakery,qwen3,1001493094,1,clean,1
bakery,qwen3,1001493094,1,minimalist,1
bakery,qwen3,1001493094,1,style,1
bakery,qwen3,1001493094,2,2,2
bakery,qwen3,1001493094,2,jar,4
bakery,qwen3,1001493094,2,peanut,2
bakery,qwen3,1001493094,2,butter,1
bakery,qwen3,1001493094,2,bowl,3
bakery,qwen3,1001493094,2,product,3
bakery,qwen3,1001493094,2,arrange,1
bakery,qwen3,1001493094,2,light,2
bakery,qwen3,1001493094,2,gray,1
bakery,qwen3,1001493094,2,surface,1
bakery,qwen3,1001493094,2,label,3
bakery,qwen3,1001493094,2,nuts_green,2
bakery,qwen3,1001493094,2,green,2
bakery,qwen3,1001493094,2,lid,2
bakery,qwen3,1001493094,2,text,2
bakery,qwen3,1001493094,2,green_can_be_tasty,1
bakery,qwen3,1001493094,2,plant_based_food,1
bakery,qwen3,1001493094,2,include,1
bakery,qwen3,1001493094,2,100_percent_peanut_butter_crunchy,2
bakery,qwen3,1001493094,2,100percent,1
bakery,qwen3,1001493094,2,present,1
bakery,qwen3,1001493094,2,creamy,1
bakery,qwen3,1001493094,2,brown,1
bakery,qwen3,1001493094,2,color,1
bakery,qwen3,1001493094,2,visible,1
bakery,qwen3,1001493094,2,chunk,1
bakery,qwen3,1001493094,2,packaging,1
bakery,qwen3,1001493094,2,clear,1
bakery,qwen3,1001493094,2,glass,1
bakery,qwen3,1001493094,2,silver,1
bakery,qwen3,1001493094,2,circular,1
bakery,qwen3,1001493094,2,logo,1
bakery,qwen3,1001493094,2,white,1
bakery,qwen3,1001493094,2,nut,1
bakery,qwen3,1001493094,2,icon,1
bakery,qwen3,1001493094,2,describe,1
bakery,qwen3,1001493094,2,english,1
bakery,qwen3,1001493094,2,korean,1
bakery,qwen3,1001493094,2,position,1
bakery,qwen3,1001493094,2,right,1
bakery,qwen3,1001493094,2,left,1
bakery,qwen3,1001493094,2,side,1
bakery,qwen3,1001493094,2,center,1
bakery,qwen3,1001501168,1,3,1
bakery,qwen3,1001501168,1,box,6
bakery,qwen3,1001501168,1,artisée,1
bakery,qwen3,1001501168,1,langue,1
bakery,qwen3,1001501168,1,de,1
bakery,qwen3,1001501168,1,chat,1
bakery,qwen3,1001501168,1,cooky,2
bakery,qwen3,1001501168,1,different,1
bakery,qwen3,1001501168,1,flavor,1
bakery,qwen3,1001501168,1,color,1
bakery,qwen3,1001501168,1,arrange,1
bakery,qwen3,1001501168,1,light,1
bakery,qwen3,1001501168,1,colored,1
bakery,qwen3,1001501168,1,surface,1
bakery,qwen3,1001501168,1,packaging,2
bakery,qwen3,1001501168,1,white,3
bakery,qwen3,1001501168,1,orange,2
bakery,qwen3,1001501168,1,brown,2
bakery,qwen3,1001501168,1,square,1
bakery,qwen3,1001501168,1,shape,1
bakery,qwen3,1001501168,1,cookie,1
bakery,qwen3,1001501168,1,visible,1
bakery,qwen3,1001501168,1,chocolate,1
bakery,qwen3,1001501168,1,coating,1
bakery,qwen3,1001501168,1,label,3
bakery,qwen3,1001501168,1,milk_cream,1
bakery,qwen3,1001501168,1,salt_caramel_chocolate,1
bakery,qwen3,1001501168,1,milk_chocolate,1
bakery,qwen3,1001501168,1,form,1
bakery,qwen3,1001501168,1,include,1
bakery,qwen3,1001501168,1,whole,1
bakery,qwen3,1001501168,1,partially,1
bakery,qwen3,1001501168,1,eat,1
bakery,qwen3,1001501168,1,small,1
bakery,qwen3,1001501168,1,plate,1
bakery,qwen3,1001501168,1,simple,1
bakery,qwen3,1001501168,1,elegant,1
bakery,qwen3,1001501168,1,minimalist,1
bakery,qwen3,1001501168,1,design,1
bakery,qwen3,1001501168,2,collection,1
bakery,qwen3,1001501168,2,artisée,2
bakery,qwen3,1001501168,2,langue,1
bakery,qwen3,1001501168,2,de,1
bakery,qwen3,1001501168,2,chat,1
bakery,qwen3,1001501168,2,cooky,3
bakery,qwen3,1001501168,2,arrange,1
bakery,qwen3,1001501168,2,light,2
bakery,qwen3,1001501168,2,colored,2
bakery,qwen3,1001501168,2,surface,1
bakery,qwen3,1001501168,2,square,1
bakery,qwen3,1001501168,2,shape,1
bakery,qwen3,1001501168,2,biscuit,1
bakery,qwen3,1001501168,2,base,1
bakery,qwen3,1001501168,2,chocolate,3
bakery,qwen3,1001501168,2,coating,1
bakery,qwen3,1001501168,2,side,1
bakery,qwen3,1001501168,2,packaging,2
bakery,qwen3,1001501168,2,clear,1
bakery,qwen3,1001501168,2,seal,1
bakery,qwen3,1001501168,2,wrapper,1
bakery,qwen3,1001501168,2,label,1
bakery,qwen3,1001501168,2,read,1
bakery,qwen3,1001501168,2,langue_de_chat,1
bakery,qwen3,1001501168,2,clean,1
bakery,qwen3,1001501168,2,modern,1
bakery,qwen3,1001501168,2,font,1
bakery,qwen3,1001501168,2,present,1
bakery,qwen3,1001501168,2,way,1
bakery,qwen3,1001501168,2,whole,1
bakery,qwen3,1001501168,2,break,1
bakery,qwen3,1001501168,2,half,1
bakery,qwen3,1001501168,2,reveal,1
bakery,qwen3,1001501168,2,creamy,1
bakery,qwen3,1001501168,2,filling,1
bakery,qwen3,1001501168,2,white,1
bakery,qwen3,1001501168,2,plate,1
bakery,qwen3,1001501168,2,indicate,1
bakery,qwen3,1001501168,2,different,1
bakery,qwen3,1001501168,2,flavor,1
bakery,qwen3,1001501168,2,include,1
bakery,qwen3,1001501168,2,salt,1
bakery,qwen3,1001501168,2,caramel,1
bakery,qwen3,1001501168,2,milk,2
bakery,qwen3,1001501168,2,cream,1
bakery,qwen3,1001556191,1,loaf,2
bakery,qwen3,1001556191,1,artisanal,1
bakery,qwen3,1001556191,1,bread,3
bakery,qwen3,1001556191,1,present,1
bakery,qwen3,1001556191,1,white,1
bakery,qwen3,1001556191,1,oval,1
bakery,qwen3,1001556191,1,shape,2
bakery,qwen3,1001556191,1,plate,1
bakery,qwen3,1001556191,1,texture,2
bakery,qwen3,1001556191,1,rim,1
bakery,qwen3,1001556191,1,rustic,1
bakery,qwen3,1001556191,1,elongate,1
bakery,qwen3,1001556191,1,golden,1
bakery,qwen3,1001556191,1,brown,1
bakery,qwen3,1001556191,1,crust,1
bakery,qwen3,1001556191,1,crack,1
bakery,qwen3,1001556191,1,slightly,1
bakery,qwen3,1001556191,1,rough,1
bakery,qwen3,1001556191,1,single,1
bakery,qwen3,1001556191,1,slice,1
bakery,qwen3,1001556191,1,cut,1
bakery,qwen3,1001556191,1,reveal,1
bakery,qwen3,1001556191,1,light,2
bakery,qwen3,1001556191,1,airy,1
bakery,qwen3,1001556191,1,crumb,1
bakery,qwen3,1001556191,1,large,1
bakery,qwen3,1001556191,1,open,1
bakery,qwen3,1001556191,1,hole,1
bakery,qwen3,1001556191,1,plain,1
bakery,qwen3,1001556191,1,beige,1
bakery,qwen3,1001556191,2,loaf,3
bakery,qwen3,1001556191,2,artisanal,1
bakery,qwen3,1001556191,2,bread,3
bakery,qwen3,1001556191,2,present,1
bakery,qwen3,1001556191,2,white,1
bakery,qwen3,1001556191,2,oval,1
bakery,qwen3,1001556191,2,shape,2
bakery,qwen3,1001556191,2,plate,2
bakery,qwen3,1001556191,2,texture,1
bakery,qwen3,1001556191,2,rim,1
bakery,qwen3,1001556191,2,rustic,1
bakery,qwen3,1001556191,2,elongate,1
bakery,qwen3,1001556191,2,golden,1
bakery,qwen3,1001556191,2,brown,1
bakery,qwen3,1001556191,2,crust,2
bakery,qwen3,1001556191,2,slightly,2
bakery,qwen3,1001556191,2,crack,1
bakery,qwen3,1001556191,2,dusting,1
bakery,qwen3,1001556191,2,flour,1
bakery,qwen3,1001556191,2,single,1
bakery,qwen3,1001556191,2,slice,2
bakery,qwen3,1001556191,2,cut,1
bakery,qwen3,1001556191,2,reveal,1
bakery,qwen3,1001556191,2,light,1
bakery,qwen3,1001556191,2,airy,1
bakery,qwen3,1001556191,2,interior,1
bakery,qwen3,1001556191,2,network,1
bakery,qwen3,1001556191,2,small,1
bakery,qwen3,1001556191,2,irregular,1
bakery,qwen3,1001556191,2,hole,1
bakery,qwen3,1001556191,2,rough,1
bakery,qwen3,1001556191,2,matte,1
bakery,qwen3,1001556191,2,finish,1
bakery,qwen3,1001556191,2,arrange,1
bakery,qwen3,1001737663,1,round,1
bakery,qwen3,1001737663,1,layered,1
bakery,qwen3,1001737663,1,cake,4
bakery,qwen3,1001737663,1,white,4
bakery,qwen3,1001737663,1,cream,1
bakery,qwen3,1001737663,1,base,1
bakery,qwen3,1001737663,1,golden,1
bakery,qwen3,1001737663,1,brown,1
bakery,qwen3,1001737663,1,crust,1
bakery,qwen3,1001737663,1,vibrant,1
bakery,qwen3,1001737663,1,orange,1
bakery,qwen3,1001737663,1,jelly,1
bakery,qwen3,1001737663,1,topping,1
bakery,qwen3,1001737663,1,present,1
bakery,qwen3,1001737663,1,marble,1
bakery,qwen3,1001737663,1,board,1
bakery,qwen3,1001737663,1,slice,1
bakery,qwen3,1001737663,1,serve,1
bakery,qwen3,1001737663,1,plate,1
bakery,qwen3,1001737663,1,reveal,1
bakery,qwen3,1001737663,1,layer,1
bakery,qwen3,1001737663,1,pink,1
bakery,qwen3,1001737663,1,marbled,1
bakery,qwen3,1001737663,1,box,1
bakery,qwen3,1001737663,1,brand,1
bakery,qwen3,1001737663,1,josun_deli,1
bakery,qwen3,1001737663,1,print,1
bakery,qwen3,1001737663,2,round,1
bakery,qwen3,1001737663,2,layered,2
bakery,qwen3,1001737663,2,cake,4
bakery,qwen3,1001737663,2,white,5
bakery,qwen3,1001737663,2,cream,2
bakery,qwen3,1001737663,2,filling,1
bakery,qwen3,1001737663,2,vibrant,1
bakery,qwen3,1001737663,2,orange,2
bakery,qwen3,1001737663,2,jelly,2
bakery,qwen3,1001737663,2,topping,1
bakery,qwen3,1001737663,2,present,1
bakery,qwen3,1001737663,2,marble,1
bakery,qwen3,1001737663,2,board,1
bakery,qwen3,1001737663,2,single,1
bakery,qwen3,1001737663,2,slice,1
bakery,qwen3,1001737663,2,serve,1
bakery,qwen3,1001737663,2,plate,1
bakery,qwen3,1001737663,2,reveal,1
bakery,qwen3,1001737663,2,structure,1
bakery,qwen3,1001737663,2,yellow,1
bakery,qwen3,1001737663,2,sponge,1
bakery,qwen3,1001737663,2,base,1
bakery,qwen3,1001737663,2,layer,2
bakery,qwen3,1001737663,2,thick,1
bakery,qwen3,1001737663,2,top,1
bakery,qwen3,1001737663,2,small,1
bakery,qwen3,1001737663,2,label,1
bakery,qwen3,1001737663,2,read,1
bakery,qwen3,1001737663,2,josun_deli,1
bakery,qwen3,1001737665,1,chocolate,3
bakery,qwen3,1001737665,1,cake,6
bakery,qwen3,1001737665,1,white,4
bakery,qwen3,1001737665,1,marble,2
bakery,qwen3,1001737665,1,box,1
bakery,qwen3,1001737665,1,round,1
bakery,qwen3,1001737665,1,shaving,1
bakery,qwen3,1001737665,1,top,1
bakery,qwen3,1001737665,1,small,2
bakery,qwen3,1001737665,1,piece,1
bakery,qwen3,1001737665,1,plate,2
bakery,qwen3,1001737665,1,cream,1
bakery,qwen3,1001737665,1,filling,1
bakery,qwen3,1001737665,1,layer,1
bakery,qwen3,1001737665,1,label,1
bakery,qwen3,1001737665,1,text,1
bakery,qwen3,1001737665,1,josun_deli,1
bakery,qwen3,1001737665,2,round,1
bakery,qwen3,1001737665,2,multi,1
bakery,qwen3,1001737665,2,layered,2
bakery,qwen3,1001737665,2,chocolate,4
bakery,qwen3,1001737665,2,cake,4
bakery,qwen3,1001737665,2,present,1
bakery,qwen3,1001737665,2,white,2
bakery,qwen3,1001737665,2,marble,1
bakery,qwen3,1001737665,2,plate,2
bakery,qwen3,1001737665,2,cover,1
bakery,qwen3,1001737665,2,shaving,1
bakery,qwen3,1001737665,2,top,1
bakery,qwen3,1001737665,2,fresh,1
bakery,qwen3,1001737665,2,berry,1
bakery,qwen3,1001737665,2,include,1
bakery,qwen3,1001737665,2,red,1
bakery,qwen3,1001737665,2,raspberry,1
bakery,qwen3,1001737665,2,dark,1
bakery,qwen3,1001737665,2,blueberry,1
bakery,qwen3,1001737665,2,small,1
bakery,qwen3,1001737665,2,rectangular,1
bakery,qwen3,1001737665,2,plaque,1
bakery,qwen3,1001737665,2,text,1
bakery,qwen3,1001737665,2,josun_deli,1
bakery,qwen3,1001737665,2,sweet_gifts_pastries,1
bakery,qwen3,1001737665,2,single,1
bakery,qwen3,1001737665,2,slice,1
bakery,qwen3,1001737665,2,serve,1
bakery,qwen3,1001737665,2,separate,1
bakery,qwen3,1001737665,2,reveal,1
bakery,qwen3,1001737665,2,structure,1
bakery,qwen3,1001737665,2,sponge,1
bakery,qwen3,1001737665,2,cream,1
bakery,qwen3,1001737665,2,fruit,1
bakery,qwen3,1001737665,2,filling,1
bakery,qwen3,1002104461,1,product,1
bakery,qwen3,1002104461,1,butter_shelter,2
bakery,qwen3,1002104461,1,cooky,3
bakery,qwen3,1002104461,1,rectangular,1
bakery,qwen3,1002104461,1,golden,1
bakery,qwen3,1002104461,1,brown,1
bakery,qwen3,1002104461,1,color,1
bakery,qwen3,1002104461,1,textured,1
bakery,qwen3,1002104461,1,surface,1
bakery,qwen3,1002104461,1,arrange,1
bakery,qwen3,1002104461,1,white,2
bakery,qwen3,1002104461,1,plate,2
bakery,qwen3,1002104461,1,green,1
bakery,qwen3,1002104461,1,rim,1
bakery,qwen3,1002104461,1,wrap,1
bakery,qwen3,1002104461,1,paper,1
bakery,qwen3,1002104461,1,brand,2
bakery,qwen3,1002104461,1,print,1
bakery,qwen3,1002104461,1,packaging,1
bakery,qwen3,1002104461,1,box,1
bakery,qwen3,1002104461,1,text,1
bakery,qwen3,1002104461,1,enjoy_your_coffee_and_bread,1
bakery,qwen3,1002104461,1,individually,1
bakery,qwen3,1002104461,1,group,1
bakery,qwen3,1002104461,2,plate,3
bakery,qwen3,1002104461,2,cooky,4
bakery,qwen3,1002104461,2,arrange,2
bakery,qwen3,1002104461,2,white,2
bakery,qwen3,1002104461,2,dark,2
bakery,qwen3,1002104461,2,green,2
bakery,qwen3,1002104461,2,rim,1
bakery,qwen3,1002104461,2,rectangular,1
bakery,qwen3,1002104461,2,golden,1
bakery,qwen3,1002104461,2,brown,1
bakery,qwen3,1002104461,2,color,2
bakery,qwen3,1002104461,2,slightly,1
bakery,qwen3,1002104461,2,texture,1
bakery,qwen3,1002104461,2,surface,1
bakery,qwen3,1002104461,2,cut,1
bakery,qwen3,1002104461,2,half,1
bakery,qwen3,1002104461,2,reveal,1
bakery,qwen3,1002104461,2,creamy,1
bakery,qwen3,1002104461,2,filling,1
bakery,qwen3,1002104461,2,caramel,1
bakery,qwen3,1002104461,2,spread,1
bakery,qwen3,1002104461,2,way,1
bakery,qwen3,1002104461,2,filled,1
bakery,qwen3,1002104461,2,unfilled,1
bakery,qwen3,1002104461,2,portion,1
bakery,qwen3,1002104461,2,stack,1
bakery,qwen3,1002104461,2,separately,1
bakery,qwen3,1002104461,2,set,1
bakery,qwen3,1002202568,1,product,4
bakery,qwen3,1002202568,1,nuts_green,1
bakery,qwen3,1002202568,1,box,3
bakery,qwen3,1002202568,1,3,1
bakery,qwen3,1002202568,1,individual,1
bakery,qwen3,1002202568,1,packet,2
bakery,qwen3,1002202568,1,smooth,2
bakery,qwen3,1002202568,1,peanut,2
bakery,qwen3,1002202568,1,butter,1
bakery,qwen3,1002202568,1,indicate,1
bakery,qwen3,1002202568,1,text,1
bakery,qwen3,1002202568,1,땅콩버터_스틱,1
bakery,qwen3,1002202568,1,packaging,2
bakery,qwen3,1002202568,1,white,1
bakery,qwen3,1002202568,1,illustration,1
bakery,qwen3,1002202568,1,green,1
bakery,qwen3,1002202568,1,leaf,1
bakery,qwen3,1002202568,1,logo,1
bakery,qwen3,1002202568,1,specify,1
bakery,qwen3,1002202568,1,100percent,1
bakery,qwen3,1002202568,1,vegan,1
bakery,qwen3,1002202568,1,280g,1
bakery,qwen3,1002202568,1,and1680_kcal,1
bakery,qwen3,1002202568,1,20g,1
bakery,qwen3,1002202568,1,arrange,1
bakery,qwen3,1002202568,1,gray,1
bakery,qwen3,1002202568,1,surface,1
bakery,qwen3,1002202568,2,food,1
bakery,qwen3,1002202568,2,product,3
bakery,qwen3,1002202568,2,specifically,1
bakery,qwen3,1002202568,2,packet,3
bakery,qwen3,1002202568,2,peanut,3
bakery,qwen3,1002202568,2,butter,2
bakery,qwen3,1002202568,2,packaging,2
bakery,qwen3,1002202568,2,white,2
bakery,qwen3,1002202568,2,gold,1
bakery,qwen3,1002202568,2,color,1
bakery,qwen3,1002202568,2,top,2
bakery,qwen3,1002202568,2,bottom,1
bakery,qwen3,1002202568,2,illustration,1
bakery,qwen3,1002202568,2,pink,1
bakery,qwen3,1002202568,2,sunglass,1
bakery,qwen3,1002202568,2,text,1
bakery,qwen3,1002202568,2,korean,1
bakery,qwen3,1002202568,2,brand,1
bakery,qwen3,1002202568,2,nuts_green,1
bakery,qwen3,1002202568,2,visible,1
bakery,qwen3,1002202568,2,label,1
bakery,qwen3,1002202568,2,smooth,2
bakery,qwen3,1002202568,2,100_percent_korean_peanuts,1
bakery,qwen3,1002202568,2,20g,1
bakery,qwen3,1002202568,2,120kcal,1
bakery,qwen3,1002202568,2,weight,1
bakery,qwen3,1002202568,2,bowl,1
bakery,qwen3,1002202568,2,light,1
bakery,qwen3,1002202568,2,brown,1
bakery,qwen3,1002202568,2,spread,1
bakery,qwen3,1002202568,2,mark,1
bakery,qwen3,1002202568,2,vegan,1
bakery,qwen3,5003416,1,box,3
bakery,qwen3,5003416,1,assorted,1
bakery,qwen3,5003416,1,mini,1
bakery,qwen3,5003416,1,tart,4
bakery,qwen3,5003416,1,present,1
bakery,qwen3,5003416,1,black,3
bakery,qwen3,5003416,1,square,1
bakery,qwen3,5003416,1,shape,1
bakery,qwen3,5003416,1,container,1
bakery,qwen3,5003416,1,grid,1
bakery,qwen3,5003416,1,16,1
bakery,qwen3,5003416,1,compartment,2
bakery,qwen3,5003416,1,hold,1
bakery,qwen3,5003416,1,small,1
bakery,qwen3,5003416,1,golden,1
bakery,qwen3,5003416,1,brown,1
bakery,qwen3,5003416,1,visible,1
bakery,qwen3,5003416,1,filling,1
bakery,qwen3,5003416,1,include,1
bakery,qwen3,5003416,1,red,1
bakery,qwen3,5003416,1,jam,1
bakery,qwen3,5003416,1,blueberry,1
bakery,qwen3,5003416,1,nut,1
bakery,qwen3,5003416,1,arrange,1
bakery,qwen3,5003416,1,neatly,1
bakery,qwen3,5003416,1,plate,1
bakery,qwen3,5003416,1,fork,1
bakery,qwen3,5003416,1,white,2
bakery,qwen3,5003416,1,illustration,1
bakery,qwen3,5003416,1,text,1
bakery,qwen3,5003416,1,side,1
bakery,qwen3,5003416,1,blue,1
bakery,qwen3,5003416,1,striped,1
bakery,qwen3,5003416,1,cloth,1
bakery,qwen3,5003416,2,box,4
bakery,qwen3,5003416,2,assorted,1
bakery,qwen3,5003416,2,mini,1
bakery,qwen3,5003416,2,pastry,4
bakery,qwen3,5003416,2,golden,1
bakery,qwen3,5003416,2,brown,1
bakery,qwen3,5003416,2,crust,1
bakery,qwen3,5003416,2,filling,1
bakery,qwen3,5003416,2,ingredient,1
bakery,qwen3,5003416,2,fruit,1
bakery,qwen3,5003416,2,nut,1
bakery,qwen3,5003416,2,possibly,1
bakery,qwen3,5003416,2,jam,1
bakery,qwen3,5003416,2,present,1
bakery,qwen3,5003416,2,black,2
bakery,qwen3,5003416,2,divide,1
bakery,qwen3,5003416,2,tray,1
bakery,qwen3,5003416,2,arrange,1
bakery,qwen3,5003416,2,4x4,1
bakery,qwen3,5003416,2,grid,1
bakery,qwen3,5003416,2,paper,1
bakery,qwen3,5003416,2,liner,1
bakery,qwen3,5003416,2,open,1
bakery,qwen3,5003416,2,reveal,1
bakery,qwen3,5003416,2,accompany,1
bakery,qwen3,5003416,2,text,1
bakery,qwen3,5003416,2,le_chaux_de_ma_vie,1
bakery,qwen3,5003416,2,small,1
bakery,qwen3,5003416,2,plate,1
bakery,qwen3,5003416,2,fork,1
bakery,qwen3,5003416,2,blue,1
bakery,qwen3,5003416,2,white,1
bakery,qwen3,5003416,2,striped,1
bakery,qwen3,5003416,2,cloth,1
bakery,qwen3,5003416,2,visible,1
bakery,qwen3,5007270,1,loaf,1
bakery,qwen3,5007270,1,multicolore,1
bakery,qwen3,5007270,1,bread,7
bakery,qwen3,5007270,1,type,1
bakery,qwen3,5007270,1,sandwich,1
bakery,qwen3,5007270,1,specialty,1
bakery,qwen3,5007270,1,colorful,1
bakery,qwen3,5007270,1,interior,2
bakery,qwen3,5007270,1,cut,1
bakery,qwen3,5007270,1,slice,3
bakery,qwen3,5007270,1,small,3
bakery,qwen3,5007270,1,white,2
bakery,qwen3,5007270,1,plate,1
bakery,qwen3,5007270,1,wooden,1
bakery,qwen3,5007270,1,cutting,1
bakery,qwen3,5007270,1,board,1
bakery,qwen3,5007270,1,golden,1
bakery,qwen3,5007270,1,brown,1
bakery,qwen3,5007270,1,crust,1
bakery,qwen3,5007270,1,soft,1
bakery,qwen3,5007270,1,porous,1
bakery,qwen3,5007270,1,visible,1
bakery,qwen3,5007270,1,layer,1
bakery,qwen3,5007270,1,different,1
bakery,qwen3,5007270,1,color,1
bakery,qwen3,5007270,1,include,1
bakery,qwen3,5007270,1,green,1
bakery,qwen3,5007270,1,pink,1
bakery,qwen3,5007270,1,yellow,1
bakery,qwen3,5007270,1,arrange,1
bakery,qwen3,5007270,1,light,1
bakery,qwen3,5007270,1,colored,1
bakery,qwen3,5007270,1,surface,1
bakery,qwen3,5007270,1,pitcher,1
bakery,qwen3,5007270,1,jar,1
bakery,qwen3,5007270,1,jam,1
bakery,qwen3,5007270,1,spoon,1
bakery,qwen3,5007270,1,saucer,1
bakery,qwen3,5007270,1,nearby,1
bakery,qwen3,5007270,1,present,1
bakery,qwen3,5007270,1,clean,1
bakery,qwen3,5007270,1,minimalist,1
bakery,qwen3,5007270,1,style,1
bakery,qwen3,5007270,1,suggest,1
bakery,qwen3,5007270,1,fresh,1
bakery,qwen3,5007270,1,appeal,1
bakery,qwen3,5007270,1,breakfast,1
bakery,qwen3,5007270,1,snack,1
bakery,qwen3,5007270,2,breakfast,1
bakery,qwen3,5007270,2,set,1
bakery,qwen3,5007270,2,variety,1
bakery,qwen3,5007270,2,bread,3
bakery,qwen3,5007270,2,beverage,2
bakery,qwen3,5007270,2,main,1
bakery,qwen3,5007270,2,focus,2
bakery,qwen3,5007270,2,slice,4
bakery,qwen3,5007270,2,toast,1
bakery,qwen3,5007270,2,top,1
bakery,qwen3,5007270,2,thinly,1
bakery,qwen3,5007270,2,ham,1
bakery,qwen3,5007270,2,serve,1
bakery,qwen3,5007270,2,clear,1
bakery,qwen3,5007270,2,textured,1
bakery,qwen3,5007270,2,glass,3
bakery,qwen3,5007270,2,plate,1
bakery,qwen3,5007270,2,gold,1
bakery,qwen3,5007270,2,fork,1
bakery,qwen3,5007270,2,knife,1
bakery,qwen3,5007270,2,right,1
bakery,qwen3,5007270,2,2,1
bakery,qwen3,5007270,2,colorful,1
bakery,qwen3,5007270,2,layered,1
bakery,qwen3,5007270,2,present,1
bakery,qwen3,5007270,2,dark,1
bakery,qwen3,5007270,2,wooden,2
bakery,qwen3,5007270,2,board,1
bakery,qwen3,5007270,2,green,2
bakery,qwen3,5007270,2,white,4
bakery,qwen3,5007270,2,swirl,3
bakery,qwen3,5007270,2,pink,1
bakery,qwen3,5007270,2,silver,1
bakery,qwen3,5007270,2,tray,1
bakery,qwen3,5007270,2,hold,1
bakery,qwen3,5007270,2,small,3
bakery,qwen3,5007270,2,portion,1
bakery,qwen3,5007270,2,piece,1
bakery,qwen3,5007270,2,bowl,1
bakery,qwen3,5007270,2,liquid,1
bakery,qwen3,5007270,2,possibly,2
bakery,qwen3,5007270,2,milk,1
bakery,qwen3,5007270,2,cream,1
bakery,qwen3,5007270,2,red,1
bakery,qwen3,5007270,2,wine,1
bakery,qwen3,5007270,2,visible,1
bakery,qwen3,5007270,2,upper,1
bakery,qwen3,5007270,2,left,1
bakery,qwen3,5007270,2,corner,1
bakery,qwen3,5007270,2,light,1
bakery,qwen3,5007270,2,colored,1
bakery,qwen3,5007270,2,coffee,1
bakery,qwen3,5007270,2,tea,1
bakery,qwen3,5007270,2,coaster,1
bakery,qwen3,5007270,2,overall,1
bakery,qwen3,5007270,2,presentation,1
bakery,qwen3,5007270,2,elegant,1
bakery,qwen3,5007270,2,minimalist,1
bakery,qwen3,5007270,2,texture,1
bakery,qwen3,5007270,2,color,1
bakery,qwen3,5007270,2,food,1
bakery,qwen3,5012764,1,2,2
bakery,qwen3,5012764,1,roll,3
bakery,qwen3,5012764,1,cake,2
bakery,qwen3,5012764,1,likely,1
bakery,qwen3,5012764,1,vanilla,1
bakery,qwen3,5012764,1,cream,1
bakery,qwen3,5012764,1,fill,1
bakery,qwen3,5012764,1,present,1
bakery,qwen3,5012764,1,white,7
bakery,qwen3,5012764,1,plate,1
bakery,qwen3,5012764,1,gold,1
bakery,qwen3,5012764,1,trim,1
bakery,qwen3,5012764,1,golden,1
bakery,qwen3,5012764,1,brown,1
bakery,qwen3,5012764,1,exterior,1
bakery,qwen3,5012764,1,creamy,1
bakery,qwen3,5012764,1,filling,1
bakery,qwen3,5012764,1,dust,1
bakery,qwen3,5012764,1,powdered,1
bakery,qwen3,5012764,1,sugar,1
bakery,qwen3,5012764,1,small,1
bakery,qwen3,5012764,1,floral,1
bakery,qwen3,5012764,1,arrangement,1
bakery,qwen3,5012764,1,vase,1
bakery,qwen3,5012764,1,box,1
bakery,qwen3,5012764,1,text,1
bakery,qwen3,5012764,1,product,1
bakery,qwen3,5012764,1,packaging,1
bakery,qwen3,5012764,1,setting,1
bakery,qwen3,5012764,1,clean,1
bakery,qwen3,5012764,1,minimalist,1
bakery,qwen3,5012764,1,table,1
bakery,qwen3,5012764,1,tablecloth,1
bakery,qwen3,5012764,1,curtain,1
bakery,qwen3,5012764,2,roll,1
bakery,qwen3,5012764,2,cake,4
bakery,qwen3,5012764,2,likely,1
bakery,qwen3,5012764,2,vanilla,1
bakery,qwen3,5012764,2,cream,1
bakery,qwen3,5012764,2,fill,1
bakery,qwen3,5012764,2,sponge,1
bakery,qwen3,5012764,2,present,1
bakery,qwen3,5012764,2,white,6
bakery,qwen3,5012764,2,plate,2
bakery,qwen3,5012764,2,gold,3
bakery,qwen3,5012764,2,rim,2
bakery,qwen3,5012764,2,dust,1
bakery,qwen3,5012764,2,powdered,1
bakery,qwen3,5012764,2,sugar,1
bakery,qwen3,5012764,2,golden,1
bakery,qwen3,5012764,2,brown,1
bakery,qwen3,5012764,2,exterior,1
bakery,qwen3,5012764,2,slice,1
bakery,qwen3,5012764,2,cut,1
bakery,qwen3,5012764,2,serve,1
bakery,qwen3,5012764,2,small,3
bakery,qwen3,5012764,2,accompany,1
bakery,qwen3,5012764,2,fork,1
bakery,qwen3,5012764,2,arrange,1
bakery,qwen3,5012764,2,tablecloth,1
bakery,qwen3,5012764,2,napkin,1
bakery,qwen3,5012764,2,cup,1
bakery,qwen3,5012764,2,tea,1
bakery,qwen3,5012764,2,green,1
bakery,qwen3,5012764,2,pattern,1
bakery,qwen3,5012764,2,mug,1
bakery,qwen3,5012764,2,saucer,1
bakery,qwen3,5012764,2,vase,1
bakery,qwen3,5012764,2,flower,1
bakery,qwen3,5012764,2,wire,1
bakery,qwen3,5012764,2,basket,1
bakery,qwen3,5025646,1,3,1
bakery,qwen3,5025646,1,jar,7
bakery,qwen3,5025646,1,peanut,3
bakery,qwen3,5025646,1,butter,3
bakery,qwen3,5025646,1,2,2
bakery,qwen3,5025646,1,glass,1
bakery,qwen3,5025646,1,black,1
bakery,qwen3,5025646,1,lid,1
bakery,qwen3,5025646,1,label,3
bakery,qwen3,5025646,1,read,1
bakery,qwen3,5025646,1,supernuts,1
bakery,qwen3,5025646,1,since_2016,1
bakery,qwen3,5025646,1,front,1
bakery,qwen3,5025646,1,indicate,1
bakery,qwen3,5025646,1,smooth,2
bakery,qwen3,5025646,1,with_almond,1
bakery,qwen3,5025646,1,crunchy,1
bakery,qwen3,5025646,1,light,2
bakery,qwen3,5025646,1,brown,1
bakery,qwen3,5025646,1,color,1
bakery,qwen3,5025646,1,small,1
bakery,qwen3,5025646,1,bowl,1
bakery,qwen3,5025646,1,portion,1
bakery,qwen3,5025646,1,arrange,1
bakery,qwen3,5025646,1,gray,1
bakery,qwen3,5025646,1,surface,1
bakery,qwen3,5025646,2,3,1
bakery,qwen3,5025646,2,glass,2
bakery,qwen3,5025646,2,jar,4
bakery,qwen3,5025646,2,fill,1
bakery,qwen3,5025646,2,thick,2
bakery,qwen3,5025646,2,light,2
bakery,qwen3,5025646,2,brown,2
bakery,qwen3,5025646,2,peanut,2
bakery,qwen3,5025646,2,butter,2
bakery,qwen3,5025646,2,arrange,1
bakery,qwen3,5025646,2,gray,1
bakery,qwen3,5025646,2,texture,2
bakery,qwen3,5025646,2,surface,2
bakery,qwen3,5025646,2,wooden,1
bakery,qwen3,5025646,2,spoon,1
bakery,qwen3,5025646,2,visibly,1
bakery,qwen3,5025646,2,2,1
bakery,qwen3,5025646,2,position,1
bakery,qwen3,5025646,2,slightly,1
bakery,qwen3,5025646,2,side,1
bakery,qwen3,5025646,2,right,1
bakery,qwen3,5025646,2,showing,1
bakery,qwen3,5025646,2,smooth,1
bakery,qwen3,5025646,2,small,1
bakery,qwen3,5025646,2,swirl,1
bakery,qwen3,5025646,2,center,1
bakery,qwen3,5025646,2,clear,1
bakery,qwen3,5025646,2,appearance,1
bakery,qwen3,5025646,2,rim,1
bakery,qwen3,5040946,1,box,3
bakery,qwen3,5040946,1,pasquier,2
bakery,qwen3,5040946,1,macaron,7
bakery,qwen3,5040946,1,2,2
bakery,qwen3,5040946,1,plate,4
bakery,qwen3,5040946,1,rectangular,1
bakery,qwen3,5040946,1,blue,3
bakery,qwen3,5040946,1,white,3
bakery,qwen3,5040946,1,design,2
bakery,qwen3,5040946,1,brand,1
bakery,qwen3,5040946,1,stylize,1
bakery,qwen3,5040946,1,font,1
bakery,qwen3,5040946,1,product,1
bakery,qwen3,5040946,1,prominently,1
bakery,qwen3,5040946,1,large,1
bakery,qwen3,5040946,1,bold,1
bakery,qwen3,5040946,1,letter,1
bakery,qwen3,5040946,1,indicate,1
bakery,qwen3,5040946,1,12,1
bakery,qwen3,5040946,1,list,1
bakery,qwen3,5040946,1,flavor,1
bakery,qwen3,5040946,1,vanilla,1
bakery,qwen3,5040946,1,pistachio,1
bakery,qwen3,5040946,1,coffee,1
bakery,qwen3,5040946,1,raspberry,1
bakery,qwen3,5040946,1,chocolate,1
bakery,qwen3,5040946,1,packaging,1
bakery,qwen3,5040946,1,french,1
bakery,qwen3,5040946,1,flag,1
bakery,qwen3,5040946,1,certification,1
bakery,qwen3,5040946,1,mark,1
bakery,qwen3,5040946,1,arrange,1
bakery,qwen3,5040946,1,top,1
bakery,qwen3,5040946,1,pattern,2
bakery,qwen3,5040946,1,gold,1
bakery,qwen3,5040946,1,fork,1
bakery,qwen3,5040946,1,4,1
bakery,qwen3,5040946,1,beige,1
bakery,qwen3,5040946,1,green,2
bakery,qwen3,5040946,1,light,1
bakery,qwen3,5040946,1,tan,1
bakery,qwen3,5040946,1,yellow,2
bakery,qwen3,5040946,1,bottom,1
bakery,qwen3,5040946,1,checker,1
bakery,qwen3,5040946,1,hold,1
bakery,qwen3,5040946,1,collection,1
bakery,qwen3,5040946,1,color,1
bakery,qwen3,5040946,1,include,1
bakery,qwen3,5040946,1,pink,1
bakery,qwen3,5040946,1,brown,1
bakery,qwen3,5040946,1,orange,1
bakery,qwen3,5040946,2,collection,1
bakery,qwen3,5040946,2,colorful,1
bakery,qwen3,5040946,2,macaron,4
bakery,qwen3,5040946,2,present,1
bakery,qwen3,5040946,2,white,1
bakery,qwen3,5040946,2,plate,3
bakery,qwen3,5040946,2,blue,2
bakery,qwen3,5040946,2,weave,1
bakery,qwen3,5040946,2,pattern,1
bakery,qwen3,5040946,2,arrange,1
bakery,qwen3,5040946,2,cluster,1
bakery,qwen3,5040946,2,color,1
bakery,qwen3,5040946,2,include,1
bakery,qwen3,5040946,2,pink,1
bakery,qwen3,5040946,2,yellow,1
bakery,qwen3,5040946,2,green,1
bakery,qwen3,5040946,2,brown,1
bakery,qwen3,5040946,2,light,2
bakery,qwen3,5040946,2,tan,1
bakery,qwen3,5040946,2,smooth,1
bakery,qwen3,5040946,2,slightly,1
bakery,qwen3,5040946,2,dome,1
bakery,qwen3,5040946,2,top,1
bakery,qwen3,5040946,2,visible,2
bakery,qwen3,5040946,2,filling,1
bakery,qwen3,5040946,2,2,1
bakery,qwen3,5040946,2,half,1
bakery,qwen3,5040946,2,partially,1
bakery,qwen3,5040946,2,set,1
bakery,qwen3,5040946,2,surface,1
bakery,qwen3,5043336,1,collection,1
bakery,qwen3,5043336,1,small,1
bakery,qwen3,5043336,1,glass,1
bakery,qwen3,5043336,1,jar,4
bakery,qwen3,5043336,1,creamy,2
bakery,qwen3,5043336,1,spread,2
bakery,qwen3,5043336,1,arrange,2
bakery,qwen3,5043336,1,pyramid,1
bakery,qwen3,5043336,1,formation,1
bakery,qwen3,5043336,1,light,3
bakery,qwen3,5043336,1,grey,1
bakery,qwen3,5043336,1,surface,1
bakery,qwen3,5043336,1,black,1
bakery,qwen3,5043336,1,lid,2
bakery,qwen3,5043336,1,circular,1
bakery,qwen3,5043336,1,label,2
bakery,qwen3,5043336,1,brand,1
bakery,qwen3,5043336,1,fourb_spread,1
bakery,qwen3,5043336,1,white,2
bakery,qwen3,5043336,1,text,1
bakery,qwen3,5043336,1,central,1
bakery,qwen3,5043336,1,logo,1
bakery,qwen3,5043336,1,include,2
bakery,qwen3,5043336,1,product,1
bakery,qwen3,5043336,1,korean,1
bakery,qwen3,5043336,1,specific,1
bakery,qwen3,5043336,1,flavor,2
bakery,qwen3,5043336,1,indicate,1
bakery,qwen3,5043336,1,color,1
bakery,qwen3,5043336,1,texture,1
bakery,qwen3,5043336,1,beige,1
bakery,qwen3,5043336,1,dark,1
bakery,qwen3,5043336,1,brown,1
bakery,qwen3,5043336,1,purple,1
bakery,qwen3,5043336,1,blueberry,1
bakery,qwen3,5043336,1,way,1
bakery,qwen3,5043336,1,showcase,1
bakery,qwen3,5043336,1,different,1
bakery,qwen3,5043336,1,packaging,1
bakery,qwen3,5043336,1,design,1
bakery,qwen3,5043336,2,several,1
bakery,qwen3,5043336,2,jar,4
bakery,qwen3,5043336,2,spread,2
bakery,qwen3,5043336,2,different,1
bakery,qwen3,5043336,2,flavor,2
bakery,qwen3,5043336,2,glass,1
bakery,qwen3,5043336,2,label,2
bakery,qwen3,5043336,2,read,1
bakery,qwen3,5043336,2,fourb_spread,1
bakery,qwen3,5043336,2,english,1
bakery,qwen3,5043336,2,korean,1
bakery,qwen3,5043336,2,indicate,1
bakery,qwen3,5043336,2,specific,1
bakery,qwen3,5043336,2,black_olive,1
bakery,qwen3,5043336,2,tomato,1
bakery,qwen3,5043336,2,creamy,1
bakery,qwen3,5043336,2,color,1
bakery,qwen3,5043336,2,texture,1
bakery,qwen3,5043336,2,include,1
bakery,qwen3,5043336,2,white,2
bakery,qwen3,5043336,2,light,1
bakery,qwen3,5043336,2,brown,1
bakery,qwen3,5043336,2,pink,1
bakery,qwen3,5043336,2,arrange,1
bakery,qwen3,5043336,2,scatter,1
bakery,qwen3,5043336,2,manner,1
bakery,qwen3,5043336,2,surface,1
bakery,qwen3,5044137,1,rectangular,2
bakery,qwen3,5044137,1,layered,1
bakery,qwen3,5044137,1,chocolate,3
bakery,qwen3,5044137,1,cake,4
bakery,qwen3,5044137,1,know,1
bakery,qwen3,5044137,1,napoleon,1
bakery,qwen3,5044137,1,present,1
bakery,qwen3,5044137,1,wooden,1
bakery,qwen3,5044137,1,board,1
bakery,qwen3,5044137,1,smooth,1
bakery,qwen3,5044137,1,dark,1
bakery,qwen3,5044137,1,glaze,1
bakery,qwen3,5044137,1,top,1
bakery,qwen3,5044137,1,delicate,1
bakery,qwen3,5044137,1,wavy,1
bakery,qwen3,5044137,1,pattern,1
bakery,qwen3,5044137,1,interior,1
bakery,qwen3,5044137,1,reveal,1
bakery,qwen3,5044137,1,multiple,1
bakery,qwen3,5044137,1,layer,1
bakery,qwen3,5044137,1,sponge,1
bakery,qwen3,5044137,1,creamy,1
bakery,qwen3,5044137,1,white,2
bakery,qwen3,5044137,1,filling,1
bakery,qwen3,5044137,1,accompany,1
bakery,qwen3,5044137,1,box,1
bakery,qwen3,5044137,1,blue,1
bakery,qwen3,5044137,1,border,1
bakery,qwen3,5044137,1,logo,1
bakery,qwen3,5044137,1,brand,1
bakery,qwen3,5044137,1,napolion,1
bakery,qwen3,5044137,1,print,1
bakery,qwen3,5044137,2,rectangular,1
bakery,qwen3,5044137,2,chocolate,3
bakery,qwen3,5044137,2,cake,4
bakery,qwen3,5044137,2,multiple,1
bakery,qwen3,5044137,2,layer,1
bakery,qwen3,5044137,2,sponge,1
bakery,qwen3,5044137,2,white,3
bakery,qwen3,5044137,2,cream,1
bakery,qwen3,5044137,2,filling,1
bakery,qwen3,5044137,2,present,1
bakery,qwen3,5044137,2,wooden,3
bakery,qwen3,5044137,2,board,2
bakery,qwen3,5044137,2,smooth,1
bakery,qwen3,5044137,2,glaze,1
bakery,qwen3,5044137,2,top,1
bakery,qwen3,5044137,2,decorative,1
bakery,qwen3,5044137,2,pattern,1
bakery,qwen3,5044137,2,line,1
bakery,qwen3,5044137,2,slice,1
bakery,qwen3,5044137,2,serve,1
bakery,qwen3,5044137,2,plate,1
bakery,qwen3,5044137,2,fork,1
bakery,qwen3,5044137,2,arrange,1
bakery,qwen3,5044137,2,light,1
bakery,qwen3,5044137,2,color,1
bakery,qwen3,5044137,2,piece,1
bakery,qwen3,5044137,2,parchment,1
bakery,qwen3,5044137,2,paper,1
bakery,qwen3,5044137,2,underneath,1
bakery,qwen3,5044138,1,rectangular,2
bakery,qwen3,5044138,1,golden,1
bakery,qwen3,5044138,1,brown,1
bakery,qwen3,5044138,1,roll,2
bakery,qwen3,5044138,1,cake,3
bakery,qwen3,5044138,1,likely,1
bakery,qwen3,5044138,1,napoleon,2
bakery,qwen3,5044138,1,present,1
bakery,qwen3,5044138,1,white,2
bakery,qwen3,5044138,1,oval,1
bakery,qwen3,5044138,1,plate,1
bakery,qwen3,5044138,1,slice,1
bakery,qwen3,5044138,1,reveal,1
bakery,qwen3,5044138,1,layered,1
bakery,qwen3,5044138,1,interior,1
bakery,qwen3,5044138,1,light,1
bakery,qwen3,5044138,1,airy,1
bakery,qwen3,5044138,1,texture,1
bakery,qwen3,5044138,1,accompany,1
bakery,qwen3,5044138,1,box,2
bakery,qwen3,5044138,1,blue,1
bakery,qwen3,5044138,1,border,1
bakery,qwen3,5044138,1,decorative,1
bakery,qwen3,5044138,1,emblem,1
bakery,qwen3,5044138,1,text,2
bakery,qwen3,5044138,1,write,1
bakery,qwen3,5044138,1,korean,1
bakery,qwen3,5044138,1,include,1
bakery,qwen3,5044138,1,brand,1
bakery,qwen3,5044138,1,english,1
bakery,qwen3,5044138,1,packaging,1
bakery,qwen3,5044138,1,small,1
bakery,qwen3,5044138,1,logo,1
bakery,qwen3,5044138,1,nutritional,1
bakery,qwen3,5044138,1,information,1
bakery,qwen3,5044138,1,overall,1
bakery,qwen3,5044138,1,presentation,1
bakery,qwen3,5044138,1,clean,1
bakery,qwen3,5044138,1,elegant,1
bakery,qwen3,5044138,1,soft,1
bakery,qwen3,5044138,1,pink,1
bakery,qwen3,5044138,2,long,1
bakery,qwen3,5044138,2,rectangular,1
bakery,qwen3,5044138,2,roll,2
bakery,qwen3,5044138,2,layered,1
bakery,qwen3,5044138,2,cake,4
bakery,qwen3,5044138,2,present,1
bakery,qwen3,5044138,2,white,2
bakery,qwen3,5044138,2,plate,1
bakery,qwen3,5044138,2,golden,1
bakery,qwen3,5044138,2,brown,2
bakery,qwen3,5044138,2,textured,1
bakery,qwen3,5044138,2,exterior,1
bakery,qwen3,5044138,2,cross,1
bakery,qwen3,5044138,2,section,1
bakery,qwen3,5044138,2,reveal,1
bakery,qwen3,5044138,2,multiple,1
bakery,qwen3,5044138,2,layer,1
bakery,qwen3,5044138,2,light,1
bakery,qwen3,5044138,2,creamy,1
bakery,qwen3,5044138,2,filling,1
bakery,qwen3,5044138,2,slice,1
bakery,qwen3,5044138,2,2,1
bakery,qwen3,5044138,2,piece,1
bakery,qwen3,5044138,2,cut,1
bakery,qwen3,5044138,2,front,1
bakery,qwen3,5044138,2,main,1
bakery,qwen3,5044138,2,showcase,1
bakery,qwen3,5044138,2,internal,1
bakery,qwen3,5044138,2,structure,1
bakery,qwen3,5044138,2,soft,1
bakery,qwen3,5044138,2,neutral,1
bakery,qwen3,5044138,2,pink,1
bakery,qwen3,5044138,2,color,1
bakery,qwen3,5052041,1,loaf,2
bakery,qwen3,5052041,1,artisanal,1
bakery,qwen3,5052041,1,bread,3
bakery,qwen3,5052041,1,present,1
bakery,qwen3,5052041,1,texture,1
bakery,qwen3,5052041,1,light,1
bakery,qwen3,5052041,1,colored,1
bakery,qwen3,5052041,1,cloth,2
bakery,qwen3,5052041,1,dark,1
bakery,qwen3,5052041,1,rustic,1
bakery,qwen3,5052041,1,crust,1
bakery,qwen3,5052041,1,prominent,1
bakery,qwen3,5052041,1,crack,1
bakery,qwen3,5052041,1,run,1
bakery,qwen3,5052041,1,center,1
bakery,qwen3,5052041,1,2,1
bakery,qwen3,5052041,1,slice,1
bakery,qwen3,5052041,1,cut,1
bakery,qwen3,5052041,1,reveal,1
bakery,qwen3,5052041,1,large,1
bakery,qwen3,5052041,1,airy,1
bakery,qwen3,5052041,1,crumb,1
bakery,qwen3,5052041,1,numerous,1
bakery,qwen3,5052041,1,hole,1
bakery,qwen3,5052041,1,strip,1
bakery,qwen3,5052041,1,pattern,1
bakery,qwen3,5052041,1,gray,1
bakery,qwen3,5052041,1,white,1
bakery,qwen3,5052041,2,loaf,1
bakery,qwen3,5052041,2,artisanal,1
bakery,qwen3,5052041,2,bread,3
bakery,qwen3,5052041,2,slice,3
bakery,qwen3,5052041,2,several,1
bakery,qwen3,5052041,2,piece,1
bakery,qwen3,5052041,2,light,2
bakery,qwen3,5052041,2,color,1
bakery,qwen3,5052041,2,textured,1
bakery,qwen3,5052041,2,cloth,1
bakery,qwen3,5052041,2,dark,1
bakery,qwen3,5052041,2,rustic,1
bakery,qwen3,5052041,2,crust,2
bakery,qwen3,5052041,2,airy,2
bakery,qwen3,5052041,2,interior,1
bakery,qwen3,5052041,2,numerous,1
bakery,qwen3,5052041,2,small,1
bakery,qwen3,5052041,2,hole,1
bakery,qwen3,5052041,2,indicate,1
bakery,qwen3,5052041,2,risen,1
bakery,qwen3,5052041,2,crumb,2
bakery,qwen3,5052041,2,arrange,1
bakery,qwen3,5052041,2,fan,1
bakery,qwen3,5052041,2,pattern,1
bakery,qwen3,5052041,2,slightly,1
bakery,qwen3,5052041,2,overlap,1
bakery,qwen3,5052041,2,freshly,1
bakery,qwen3,5052041,2,bake,1
bakery,qwen3,5052041,2,golden,1
bakery,qwen3,5052041,2,brown,1
bakery,qwen3,5052041,2,soft,1
bakery,qwen3,5052041,2,porous,1
bakery,qwen3,5052044,1,loaf,1
bakery,qwen3,5052044,1,artisanal,2
bakery,qwen3,5052044,1,bread,4
bakery,qwen3,5052044,1,present,1
bakery,qwen3,5052044,1,light,1
bakery,qwen3,5052044,1,color,1
bakery,qwen3,5052044,1,texture,1
bakery,qwen3,5052044,1,surface,2
bakery,qwen3,5052044,1,rustic,1
bakery,qwen3,5052044,1,rectangular,1
bakery,qwen3,5052044,1,shape,2
bakery,qwen3,5052044,1,dark,1
bakery,qwen3,5052044,1,golden,1
bakery,qwen3,5052044,1,brown,1
bakery,qwen3,5052044,1,crust,2
bakery,qwen3,5052044,1,dust,1
bakery,qwen3,5052044,1,flour,1
bakery,qwen3,5052044,1,prominent,1
bakery,qwen3,5052044,1,cross,1
bakery,qwen3,5052044,1,score,1
bakery,qwen3,5052044,1,slightly,1
bakery,qwen3,5052044,1,crack,1
bakery,qwen3,5052044,1,uneven,1
bakery,qwen3,5052044,1,wooden,1
bakery,qwen3,5052044,1,cutting,1
bakery,qwen3,5052044,1,board,1
bakery,qwen3,5052044,1,hold,1
bakery,qwen3,5052044,1,slice,1
bakery,qwen3,5052044,1,reveal,1
bakery,qwen3,5052044,1,soft,1
bakery,qwen3,5052044,1,airy,1
bakery,qwen3,5052044,1,interior,1
bakery,qwen3,5052044,1,way,1
bakery,qwen3,5052044,1,emphasize,1
bakery,qwen3,5052044,1,quality,1
bakery,qwen3,5052044,1,homemade,1
bakery,qwen3,5052044,1,appearance,1
bakery,qwen3,5052044,2,several,1
bakery,qwen3,5052044,2,piece,2
bakery,qwen3,5052044,2,artisanal,2
bakery,qwen3,5052044,2,bread,3
bakery,qwen3,5052044,2,likely,1
bakery,qwen3,5052044,2,type,1
bakery,qwen3,5052044,2,ciabatta,1
bakery,qwen3,5052044,2,sourdough,1
bakery,qwen3,5052044,2,arrange,1
bakery,qwen3,5052044,2,wooden,1
bakery,qwen3,5052044,2,cutting,1
bakery,qwen3,5052044,2,board,1
bakery,qwen3,5052044,2,light,1
bakery,qwen3,5052044,2,colored,1
bakery,qwen3,5052044,2,surface,2
bakery,qwen3,5052044,2,dark,1
bakery,qwen3,5052044,2,rustic,1
bakery,qwen3,5052044,2,crust,1
bakery,qwen3,5052044,2,golden,1
bakery,qwen3,5052044,2,brown,1
bakery,qwen3,5052044,2,hue,1
bakery,qwen3,5052044,2,visible,1
bakery,qwen3,5052044,2,airy,1
bakery,qwen3,5052044,2,crumb,1
bakery,qwen3,5052044,2,structure,1
bakery,qwen3,5052044,2,numerous,1
bakery,qwen3,5052044,2,hole,1
bakery,qwen3,5052044,2,prominently,1
bakery,qwen3,5052044,2,stack,1
bakery,qwen3,5052044,2,freshly,1
bakery,qwen3,5052044,2,bake,1
bakery,qwen3,5052044,2,slightly,1
bakery,qwen3,5052044,2,uneven,1
bakery,qwen3,5057085,1,box,4
bakery,qwen3,5057085,1,pnb,2
bakery,qwen3,5057085,1,bake,1
bakery,qwen3,5057085,1,good,1
bakery,qwen3,5057085,1,packaging,2
bakery,qwen3,5057085,1,bright,1
bakery,qwen3,5057085,1,orange,1
bakery,qwen3,5057085,1,black,1
bakery,qwen3,5057085,1,logo,1
bakery,qwen3,5057085,1,wheat,1
bakery,qwen3,5057085,1,stalk,1
bakery,qwen3,5057085,1,text,2
bakery,qwen3,5057085,1,korean,1
bakery,qwen3,5057085,1,indicate,1
bakery,qwen3,5057085,1,since_1951,1
bakery,qwen3,5057085,1,open,1
bakery,qwen3,5057085,1,reveal,1
bakery,qwen3,5057085,1,grid,2
bakery,qwen3,5057085,1,12,1
bakery,qwen3,5057085,1,individually,1
bakery,qwen3,5057085,1,wrap,2
bakery,qwen3,5057085,1,pastry,3
bakery,qwen3,5057085,1,clear,1
bakery,qwen3,5057085,1,plastic,1
bakery,qwen3,5057085,1,distinct,1
bakery,qwen3,5057085,1,color,2
bakery,qwen3,5057085,1,shape,1
bakery,qwen3,5057085,1,suggest,1
bakery,qwen3,5057085,1,variety,1
bakery,qwen3,5057085,1,flavor,1
bakery,qwen3,5057085,1,type,1
bakery,qwen3,5057085,1,arrange,1
bakery,qwen3,5057085,1,3x4,1
bakery,qwen3,5057085,1,different,1
bakery,qwen3,5057085,1,design,1
bakery,qwen3,5057085,1,set,1
bakery,qwen3,5057085,1,neutral,1
bakery,qwen3,5057085,1,beige,1
bakery,qwen3,5057085,2,product,3
bakery,qwen3,5057085,2,brand,2
bakery,qwen3,5057085,2,pnb,1
bakery,qwen3,5057085,2,type,1
bakery,qwen3,5057085,2,chocolate,4
bakery,qwen3,5057085,2,sandwich,2
bakery,qwen3,5057085,2,cookie,3
bakery,qwen3,5057085,2,cooky,3
bakery,qwen3,5057085,2,present,1
bakery,qwen3,5057085,2,white,2
bakery,qwen3,5057085,2,oval,1
bakery,qwen3,5057085,2,shape,1
bakery,qwen3,5057085,2,plate,1
bakery,qwen3,5057085,2,2,1
bakery,qwen3,5057085,2,prominently,1
bakery,qwen3,5057085,2,round,1
bakery,qwen3,5057085,2,cover,1
bakery,qwen3,5057085,2,triangular,1
bakery,qwen3,5057085,2,cutout,1
bakery,qwen3,5057085,2,reveal,1
bakery,qwen3,5057085,2,different,1
bakery,qwen3,5057085,2,filling,3
bakery,qwen3,5057085,2,dark,2
bakery,qwen3,5057085,2,exterior,2
bakery,qwen3,5057085,2,brown,3
bakery,qwen3,5057085,2,texture,1
bakery,qwen3,5057085,2,green,1
bakery,qwen3,5057085,2,speckled,1
bakery,qwen3,5057085,2,package,2
bakery,qwen3,5057085,2,clear,1
bakery,qwen3,5057085,2,plastic,1
bakery,qwen3,5057085,2,bag,1
bakery,qwen3,5057085,2,label,1
bakery,qwen3,5057085,2,include,1
bakery,qwen3,5057085,2,phb,1
bakery,qwen3,5057085,2,korean,1
bakery,qwen3,5057085,2,text,1
bakery,qwen3,5057085,2,packaging,1
bakery,qwen3,5057085,2,arrange,1
bakery,qwen3,5057085,2,cardboard,1
bakery,qwen3,5057085,2,box,2
bakery,qwen3,5057085,2,partially,1
bakery,qwen3,5057085,2,visible,1
bakery,qwen3,5057085,2,multiple,1
bakery,qwen3,5057085,2,individual,1
bakery,qwen3,5057085,2,overall,1
bakery,qwen3,5057085,2,presentation,1
bakery,qwen3,5057085,2,clean,1
bakery,qwen3,5057085,2,appealing,1
bakery,qwen3,5057085,2,focus,1
bakery,qwen3,5057085,2,visual,1
bakery,qwen3,5057085,2,appeal,1
bakery,qwen3,5063069,1,food,1
bakery,qwen3,5063069,1,product,4
bakery,qwen3,5063069,1,specifically,1
bakery,qwen3,5063069,1,type,1
bakery,qwen3,5063069,1,korean,2
bakery,qwen3,5063069,1,snack,1
bakery,qwen3,5063069,1,감자빵,1
bakery,qwen3,5063069,1,present,1
bakery,qwen3,5063069,1,light,1
bakery,qwen3,5063069,1,brown,2
bakery,qwen3,5063069,1,cardboard,1
bakery,qwen3,5063069,1,box,2
bakery,qwen3,5063069,1,cartoon,1
bakery,qwen3,5063069,1,illustration,1
bakery,qwen3,5063069,1,smile,1
bakery,qwen3,5063069,1,potato,2
bakery,qwen3,5063069,1,front,1
bakery,qwen3,5063069,1,text,1
bakery,qwen3,5063069,1,include,1
bakery,qwen3,5063069,1,nutritional,1
bakery,qwen3,5063069,1,information,1
bakery,qwen3,5063069,1,3,1
bakery,qwen3,5063069,1,piece,1
bakery,qwen3,5063069,1,bread,2
bakery,qwen3,5063069,1,arrange,1
bakery,qwen3,5063069,1,white,1
bakery,qwen3,5063069,1,plate,1
bakery,qwen3,5063069,1,golden,1
bakery,qwen3,5063069,1,slightly,1
bakery,qwen3,5063069,1,texture,1
bakery,qwen3,5063069,1,surface,1
bakery,qwen3,5063069,1,soft,1
bakery,qwen3,5063069,1,fluffy,1
bakery,qwen3,5063069,1,possibly,1
bakery,qwen3,5063069,1,sweet,1
bakery,qwen3,5063069,1,savory,1
bakery,qwen3,5063069,1,pastry,1
bakery,qwen3,5063069,1,packaging,1
bakery,qwen3,5063069,1,indicate,1
bakery,qwen3,5063069,1,600g,1
bakery,qwen3,5063069,1,1.575kcal,1
bakery,qwen3,5063069,1,27.08percent,1
bakery,qwen3,5063069,1,fat,1
bakery,qwen3,5063069,2,3,1
bakery,qwen3,5063069,2,round,1
bakery,qwen3,5063069,2,golden,1
bakery,qwen3,5063069,2,brown,1
bakery,qwen3,5063069,2,food,3
bakery,qwen3,5063069,2,item,4
bakery,qwen3,5063069,2,white,2
bakery,qwen3,5063069,2,plate,2
bakery,qwen3,5063069,2,2,1
bakery,qwen3,5063069,2,cut,1
bakery,qwen3,5063069,2,half,1
bakery,qwen3,5063069,2,reveal,1
bakery,qwen3,5063069,2,light,2
bakery,qwen3,5063069,2,yellow,1
bakery,qwen3,5063069,2,textured,1
bakery,qwen3,5063069,2,interior,1
bakery,qwen3,5063069,2,outer,1
bakery,qwen3,5063069,2,surface,1
bakery,qwen3,5063069,2,slightly,1
bakery,qwen3,5063069,2,rough,1
bakery,qwen3,5063069,2,speckled,1
bakery,qwen3,5063069,2,texture,1
bakery,qwen3,5063069,2,arrange,1
bakery,qwen3,5063069,2,plain,1
bakery,qwen3,5063069,2,colored,1
bakery,qwen3,5071363,1,glass,1
bakery,qwen3,5071363,1,jar,2
bakery,qwen3,5071363,1,strawberry,2
bakery,qwen3,5071363,1,jam,2
bakery,qwen3,5071363,1,light,1
bakery,qwen3,5071363,1,brown,1
bakery,qwen3,5071363,1,lid,1
bakery,qwen3,5071363,1,label,2
bakery,qwen3,5071363,1,illustration,1
bakery,qwen3,5071363,1,korean,1
bakery,qwen3,5071363,1,text,1
bakery,qwen3,5071363,1,include,1
bakery,qwen3,5071363,1,brand,1
bakery,qwen3,5071363,1,복음자리,1
bakery,qwen3,5071363,1,product,1
bakery,qwen3,5071363,1,딸기잼,1
bakery,qwen3,5071363,1,deep,1
bakery,qwen3,5071363,1,red,1
bakery,qwen3,5071363,1,color,1
bakery,qwen3,5071363,1,smooth,1
bakery,qwen3,5071363,1,texture,1
bakery,qwen3,5071363,2,glass,1
bakery,qwen3,5071363,2,jar,2
bakery,qwen3,5071363,2,strawberry,2
bakery,qwen3,5071363,2,jam,2
bakery,qwen3,5071363,2,light,1
bakery,qwen3,5071363,2,brown,1
bakery,qwen3,5071363,2,lid,1
bakery,qwen3,5071363,2,label,3
bakery,qwen3,5071363,2,korean,2
bakery,qwen3,5071363,2,text,1
bakery,qwen3,5071363,2,prominently,1
bakery,qwen3,5071363,2,product,2
bakery,qwen3,5071363,2,복음자리,1
bakery,qwen3,5071363,2,딸기잼,1
bakery,qwen3,5071363,2,english,1
bakery,qwen3,5071363,2,deep,1
bakery,qwen3,5071363,2,red,1
bakery,qwen3,5071363,2,color,1
bakery,qwen3,5071363,2,smooth,1
bakery,qwen3,5071363,2,thick,1
bakery,qwen3,5071363,2,include,1
bakery,qwen3,5071363,2,illustration,1
bakery,qwen3,5071363,2,mention,1
bakery,qwen3,5071363,2,국산,1
bakery,qwen3,5074339,1,single,1
bakery,qwen3,5074339,1,round,1
bakery,qwen3,5074339,1,golden,1
bakery,qwen3,5074339,1,brown,1
bakery,qwen3,5074339,1,bake,1
bakery,qwen3,5074339,1,good,2
bakery,qwen3,5074339,1,likely,1
bakery,qwen3,5074339,1,muffin,1
bakery,qwen3,5074339,1,small,2
bakery,qwen3,5074339,1,cake,1
bakery,qwen3,5074339,1,present,1
bakery,qwen3,5074339,1,white,3
bakery,qwen3,5074339,1,plate,2
bakery,qwen3,5074339,1,baked,1
bakery,qwen3,5074339,1,texture,1
bakery,qwen3,5074339,1,slightly,1
bakery,qwen3,5074339,1,crumbly,1
bakery,qwen3,5074339,1,surface,1
bakery,qwen3,5074339,1,paper,1
bakery,qwen3,5074339,1,liner,1
bakery,qwen3,5074339,1,seal,1
bakery,qwen3,5074339,1,packet,3
bakery,qwen3,5074339,1,cartoon,1
bakery,qwen3,5074339,1,bear,2
bakery,qwen3,5074339,1,face,1
bakery,qwen3,5074339,1,text,2
bakery,qwen3,5074339,1,read,1
bakery,qwen3,5074339,1,봉주르_카스테라,2
bakery,qwen3,5074339,1,rectangular,1
bakery,qwen3,5074339,1,box,2
bakery,qwen3,5074339,1,handle,1
bakery,qwen3,5074339,1,top,1
bakery,qwen3,5074339,1,brand,1
bakery,qwen3,5074339,1,castella,1
bakery,qwen3,5074339,1,illustration,1
bakery,qwen3,5074339,1,4,1
bakery,qwen3,5074339,1,play,1
bakery,qwen3,5074339,1,musical,1
bakery,qwen3,5074339,1,instrument,1
bakery,qwen3,5074339,1,bread_co,1
bakery,qwen3,5074339,1,write,1
bakery,qwen3,5074339,2,stack,1
bakery,qwen3,5074339,2,2,1
bakery,qwen3,5074339,2,slice,4
bakery,qwen3,5074339,2,light,2
bakery,qwen3,5074339,2,color,1
bakery,qwen3,5074339,2,golden,2
bakery,qwen3,5074339,2,brown,1
bakery,qwen3,5074339,2,cake,2
bakery,qwen3,5074339,2,present,1
bakery,qwen3,5074339,2,small,1
bakery,qwen3,5074339,2,round,1
bakery,qwen3,5074339,2,white,1
bakery,qwen3,5074339,2,plate,1
bakery,qwen3,5074339,2,porous,1
bakery,qwen3,5074339,2,airy,1
bakery,qwen3,5074339,2,texture,1
bakery,qwen3,5074339,2,soft,1
bakery,qwen3,5074339,2,yellowish,1
bakery,qwen3,5074339,2,interior,1
bakery,qwen3,5074339,2,slightly,1
bakery,qwen3,5074339,2,crust,1
bakery,qwen3,5074339,2,top,2
bakery,qwen3,5074339,2,side,1
bakery,qwen3,5074339,2,arrange,1
bakery,qwen3,5074339,2,bottom,1
bakery,qwen3,5074339,2,plain,1
bakery,qwen3,5074339,2,colored,1
bakery,qwen3,5074339,2,surface,1
bakery,qwen3,5097791,1,package,1
bakery,qwen3,5097791,1,portuguese,2
bakery,qwen3,5097791,1,pastel,3
bakery,qwen3,5097791,1,de,1
bakery,qwen3,5097791,1,nata,1
bakery,qwen3,5097791,1,original,1
bakery,qwen3,5097791,1,traditional,1
bakery,qwen3,5097791,1,dessert,1
bakery,qwen3,5097791,1,product,1
bakery,qwen3,5097791,1,present,1
bakery,qwen3,5097791,1,black,1
bakery,qwen3,5097791,1,box,2
bakery,qwen3,5097791,1,white,1
bakery,qwen3,5097791,1,text,2
bakery,qwen3,5097791,1,indicate,1
bakery,qwen3,5097791,1,4,2
bakery,qwen3,5097791,1,unit,1
bakery,qwen3,5097791,1,packaging,2
bakery,qwen3,5097791,1,clear,1
bakery,qwen3,5097791,1,golden,2
bakery,qwen3,5097791,1,brown,2
bakery,qwen3,5097791,1,flaky,2
bakery,qwen3,5097791,1,pastry,1
bakery,qwen3,5097791,1,creamy,1
bakery,qwen3,5097791,1,slightly,2
bakery,qwen3,5097791,1,caramelize,1
bakery,qwen3,5097791,1,filling,1
bakery,qwen3,5097791,1,include,1
bakery,qwen3,5097791,1,brand,1
bakery,qwen3,5097791,1,casc,1
bakery,qwen3,5097791,1,portugal_s_original_pastel,1
bakery,qwen3,5097791,1,small,1
bakery,qwen3,5097791,1,crown,1
bakery,qwen3,5097791,1,logo,1
bakery,qwen3,5097791,1,arrange,1
bakery,qwen3,5097791,1,light,1
bakery,qwen3,5097791,1,blue,1
bakery,qwen3,5097791,1,square,1
bakery,qwen3,5097791,1,plate,1
bakery,qwen3,5097791,1,showcase,1
bakery,qwen3,5097791,1,crack,1
bakery,qwen3,5097791,1,surface,1
bakery,qwen3,5097791,1,texture,1
bakery,qwen3,5097791,2,3,1
bakery,qwen3,5097791,2,egg,1
bakery,qwen3,5097791,2,tart,3
bakery,qwen3,5097791,2,white,1
bakery,qwen3,5097791,2,plate,2
bakery,qwen3,5097791,2,2,1
bakery,qwen3,5097791,2,whole,1
bakery,qwen3,5097791,2,cut,1
bakery,qwen3,5097791,2,half,1
bakery,qwen3,5097791,2,reveal,1
bakery,qwen3,5097791,2,creamy,1
bakery,qwen3,5097791,2,pale,1
bakery,qwen3,5097791,2,yellow,1
bakery,qwen3,5097791,2,custard,1
bakery,qwen3,5097791,2,filling,1
bakery,qwen3,5097791,2,pastry,1
bakery,qwen3,5097791,2,golden,1
bakery,qwen3,5097791,2,brown,1
bakery,qwen3,5097791,2,flaky,1
bakery,qwen3,5097791,2,crust,1
bakery,qwen3,5097791,2,dark,1
bakery,qwen3,5097791,2,caramelize,1
bakery,qwen3,5097791,2,top,1
bakery,qwen3,5097791,2,serve,1
bakery,qwen3,5097791,2,small,1
bakery,qwen3,5097791,2,silver,1
bakery,qwen3,5097791,2,colored,1
bakery,qwen3,5097791,2,foil,1
bakery,qwen3,5097791,2,cup,1
bakery,qwen3,5097791,2,set,1
bakery,qwen3,5097791,2,light,1
bakery,qwen3,5097791,2,gray,1
bakery,qwen3,5097791,2,surface,1
bakery,qwen3,5115048,1,several,1
bakery,qwen3,5115048,1,jar,4
bakery,qwen3,5115048,1,jam,2
bakery,qwen3,5115048,1,brand,1
bakery,qwen3,5115048,1,d_arbo,1
bakery,qwen3,5115048,1,clearly,1
bakery,qwen3,5115048,1,visible,1
bakery,qwen3,5115048,1,label,2
bakery,qwen3,5115048,1,hexagonal,1
bakery,qwen3,5115048,1,come,1
bakery,qwen3,5115048,1,different,1
bakery,qwen3,5115048,1,flavor,1
bakery,qwen3,5115048,1,include,1
bakery,qwen3,5115048,1,raspberry,1
bakery,qwen3,5115048,1,sour,1
bakery,qwen3,5115048,1,cherry,1
bakery,qwen3,5115048,1,blueberry,1
bakery,qwen3,5115048,1,strawberry,1
bakery,qwen3,5115048,1,apricot,1
bakery,qwen3,5115048,1,packaging,1
bakery,qwen3,5115048,1,illustration,1
bakery,qwen3,5115048,1,respective,1
bakery,qwen3,5115048,1,fruit,1
bakery,qwen3,5115048,1,text,1
bakery,qwen3,5115048,1,70_percent_rich_in_fruit,1
bakery,qwen3,5115048,1,open,1
bakery,qwen3,5115048,1,wooden,1
bakery,qwen3,5115048,1,spoon,1
bakery,qwen3,5115048,1,inside,1
bakery,qwen3,5115048,1,small,1
bakery,qwen3,5115048,1,knife,1
bakery,qwen3,5115048,1,arrange,1
bakery,qwen3,5115048,1,light,1
bakery,qwen3,5115048,1,colored,1
bakery,qwen3,5115048,1,surface,1
bakery,qwen3,5115048,2,several,1
bakery,qwen3,5115048,2,jar,5
bakery,qwen3,5115048,2,jam,6
bakery,qwen3,5115048,2,distinct,1
bakery,qwen3,5115048,2,flavor,2
bakery,qwen3,5115048,2,packaging,1
bakery,qwen3,5115048,2,hexagonal,1
bakery,qwen3,5115048,2,green,1
bakery,qwen3,5115048,2,lid,1
bakery,qwen3,5115048,2,white,1
bakery,qwen3,5115048,2,label,2
bakery,qwen3,5115048,2,illustration,1
bakery,qwen3,5115048,2,fruit,1
bakery,qwen3,5115048,2,text,1
bakery,qwen3,5115048,2,d_arbo_since_1879,1
bakery,qwen3,5115048,2,70_percent_rich_in_fruit,1
bakery,qwen3,5115048,2,visible,1
bakery,qwen3,5115048,2,include,1
bakery,qwen3,5115048,2,raspberry,2
bakery,qwen3,5115048,2,rose,2
bakery,qwen3,5115048,2,apricot,2
bakery,qwen3,5115048,2,wild,1
bakery,qwen3,5115048,2,blueberry,1
bakery,qwen3,5115048,2,garden,1
bakery,qwen3,5115048,2,strawberry,1
bakery,qwen3,5115048,2,sour,1
bakery,qwen3,5115048,2,cherry,1
bakery,qwen3,5115048,2,golden,1
bakery,qwen3,5115048,2,orange,1
bakery,qwen3,5115048,2,color,1
bakery,qwen3,5115048,2,deep,1
bakery,qwen3,5115048,2,red,1
bakery,qwen3,5115048,2,wooden,2
bakery,qwen3,5115048,2,spoon,2
bakery,qwen3,5115048,2,arrange,1
bakery,qwen3,5115048,2,light,1
bakery,qwen3,5115048,2,colored,1
bakery,qwen3,5115048,2,surface,1
bakery,qwen3,5116362,1,box,4
bakery,qwen3,5116362,1,green,4
bakery,qwen3,5116362,1,tea,1
bakery,qwen3,5116362,1,cooky,4
bakery,qwen3,5116362,1,specifically,1
bakery,qwen3,5116362,1,green_tea_longue_de_chat,1
bakery,qwen3,5116362,1,brand,2
bakery,qwen3,5116362,1,osulloc,2
bakery,qwen3,5116362,1,packaging,1
bakery,qwen3,5116362,1,white,2
bakery,qwen3,5116362,1,minimalist,1
bakery,qwen3,5116362,1,design,1
bakery,qwen3,5116362,1,light,3
bakery,qwen3,5116362,1,diamond,1
bakery,qwen3,5116362,1,shape,3
bakery,qwen3,5116362,1,graphic,1
bakery,qwen3,5116362,1,modern,1
bakery,qwen3,5116362,1,font,1
bakery,qwen3,5116362,1,open,1
bakery,qwen3,5116362,1,reveal,1
bakery,qwen3,5116362,1,individual,1
bakery,qwen3,5116362,1,packet,1
bakery,qwen3,5116362,1,wrapper,1
bakery,qwen3,5116362,1,square,1
bakery,qwen3,5116362,1,vibrant,1
bakery,qwen3,5116362,1,color,2
bakery,qwen3,5116362,1,smooth,1
bakery,qwen3,5116362,1,slightly,1
bakery,qwen3,5116362,1,matte,1
bakery,qwen3,5116362,1,surface,1
bakery,qwen3,5116362,1,small,1
bakery,qwen3,5116362,1,plate,1
bakery,qwen3,5116362,1,showcase,1
bakery,qwen3,5116362,1,overall,1
bakery,qwen3,5116362,1,presentation,1
bakery,qwen3,5116362,1,clean,1
bakery,qwen3,5116362,1,elegant,1
bakery,qwen3,5116362,1,neutral,1
bakery,qwen3,5116362,2,box,3
bakery,qwen3,5116362,2,matcha,1
bakery,qwen3,5116362,2,flavor,1
bakery,qwen3,5116362,2,cooky,3
bakery,qwen3,5116362,2,square,1
bakery,qwen3,5116362,2,shape,1
bakery,qwen3,5116362,2,light,2
bakery,qwen3,5116362,2,green,3
bakery,qwen3,5116362,2,color,1
bakery,qwen3,5116362,2,porous,1
bakery,qwen3,5116362,2,texture,1
bakery,qwen3,5116362,2,visible,1
bakery,qwen3,5116362,2,surface,1
bakery,qwen3,5116362,2,cookie,1
bakery,qwen3,5116362,2,break,1
bakery,qwen3,5116362,2,half,1
bakery,qwen3,5116362,2,reveal,1
bakery,qwen3,5116362,2,filling,1
bakery,qwen3,5116362,2,packaging,1
bakery,qwen3,5116362,2,brand,1
bakery,qwen3,5116362,2,osulloc,1
bakery,qwen3,5116362,2,korean,1
bakery,qwen3,5116362,2,text,1
bakery,qwen3,5116362,2,오설록,1
bakery,qwen3,5116362,2,print,1
bakery,qwen3,5116362,2,partially,1
bakery,qwen3,5116362,2,open,1
bakery,qwen3,5116362,2,individual,1
bakery,qwen3,5116362,2,packet,1
bakery,qwen3,5116362,2,inside,1
bakery,qwen3,5122986,1,box,4
bakery,qwen3,5122986,1,krispy,1
bakery,qwen3,5122986,1,kreme,1
bakery,qwen3,5122986,1,doughnut,4
bakery,qwen3,5122986,1,golden,1
bakery,qwen3,5122986,1,brown,1
bakery,qwen3,5122986,1,smooth,1
bakery,qwen3,5122986,1,glossy,1
bakery,qwen3,5122986,1,surface,2
bakery,qwen3,5122986,1,arrange,1
bakery,qwen3,5122986,1,3x3,1
bakery,qwen3,5122986,1,grid,1
bakery,qwen3,5122986,1,open,1
bakery,qwen3,5122986,1,reveal,1
bakery,qwen3,5122986,1,packaging,1
bakery,qwen3,5122986,1,white,1
bakery,qwen3,5122986,1,black,1
bakery,qwen3,5122986,1,polka,1
bakery,qwen3,5122986,1,dot,1
bakery,qwen3,5122986,1,pattern,1
bakery,qwen3,5122986,1,brand,1
bakery,qwen3,5122986,1,krispy_kreme,1
bakery,qwen3,5122986,1,clearly,1
bakery,qwen3,5122986,1,visible,1
bakery,qwen3,5122986,1,text,1
bakery,qwen3,5122986,1,since_1937,1
bakery,qwen3,5122986,1,light,1
bakery,qwen3,5122986,1,gray,1
bakery,qwen3,5122986,2,box,3
bakery,qwen3,5122986,2,krispy,1
bakery,qwen3,5122986,2,kreme,1
bakery,qwen3,5122986,2,doughnuts,2
bakery,qwen3,5122986,2,packaging,1
bakery,qwen3,5122986,2,white,2
bakery,qwen3,5122986,2,pattern,1
bakery,qwen3,5122986,2,small,1
bakery,qwen3,5122986,2,black,1
bakery,qwen3,5122986,2,dot,1
bakery,qwen3,5122986,2,brand,1
bakery,qwen3,5122986,2,krispy_kreme,1
bakery,qwen3,5122986,2,prominently,1
bakery,qwen3,5122986,2,red,1
bakery,qwen3,5122986,2,green,1
bakery,qwen3,5122986,2,text,1
bakery,qwen3,5122986,2,write,1
bakery,qwen3,5122986,2,open,1
bakery,qwen3,5122986,2,reveal,1
bakery,qwen3,5122986,2,9,1
bakery,qwen3,5122986,2,golden,1
bakery,qwen3,5122986,2,brown,1
bakery,qwen3,5122986,2,doughnut,2
bakery,qwen3,5122986,2,arrange,1
bakery,qwen3,5122986,2,3x3,1
bakery,qwen3,5122986,2,grid,1
bakery,qwen3,5122986,2,glossy,1
bakery,qwen3,5122986,2,sugary,1
bakery,qwen3,5122986,2,coating,1
bakery,qwen3,5122986,2,present,1
bakery,qwen3,5128440,1,loaf,2
bakery,qwen3,5128440,1,bread,2
bakery,qwen3,5128440,1,wooden,1
bakery,qwen3,5128440,1,cutting,1
bakery,qwen3,5128440,1,board,1
bakery,qwen3,5128440,1,several,1
bakery,qwen3,5128440,1,slice,1
bakery,qwen3,5128440,1,cut,1
bakery,qwen3,5128440,1,arrange,1
bakery,qwen3,5128440,1,row,1
bakery,qwen3,5128440,1,golden,1
bakery,qwen3,5128440,1,brown,1
bakery,qwen3,5128440,1,crust,1
bakery,qwen3,5128440,1,light,1
bakery,qwen3,5128440,1,porous,1
bakery,qwen3,5128440,1,interior,1
bakery,qwen3,5128440,1,original,1
bakery,qwen3,5128440,1,packaging,2
bakery,qwen3,5128440,1,clear,1
bakery,qwen3,5128440,1,plastic,1
bakery,qwen3,5128440,1,bag,1
bakery,qwen3,5128440,1,label,1
bakery,qwen3,5128440,1,yellow,1
bakery,qwen3,5128440,1,illustration,2
bakery,qwen3,5128440,1,wheat,1
bakery,qwen3,5128440,1,stalk,1
bakery,qwen3,5128440,1,korean,1
bakery,qwen3,5128440,1,text,1
bakery,qwen3,5128440,1,small,1
bakery,qwen3,5128440,1,person,1
bakery,qwen3,5128440,1,face,1
bakery,qwen3,5128440,2,loaf,2
bakery,qwen3,5128440,2,slice,2
bakery,qwen3,5128440,2,bread,2
bakery,qwen3,5128440,2,present,1
bakery,qwen3,5128440,2,wooden,1
bakery,qwen3,5128440,2,cutting,2
bakery,qwen3,5128440,2,board,2
bakery,qwen3,5128440,2,arrange,1
bakery,qwen3,5128440,2,row,1
bakery,qwen3,5128440,2,golden,1
bakery,qwen3,5128440,2,brown,1
bakery,qwen3,5128440,2,crust,1
bakery,qwen3,5128440,2,light,3
bakery,qwen3,5128440,2,porous,1
bakery,qwen3,5128440,2,interior,1
bakery,qwen3,5128440,2,small,1
bakery,qwen3,5128440,2,dark,1
bakery,qwen3,5128440,2,speck,1
bakery,qwen3,5128440,2,likely,1
bakery,qwen3,5128440,2,seed,1
bakery,qwen3,5128440,2,grain,1
bakery,qwen3,5128440,2,colored,1
bakery,qwen3,5128440,2,cloth,1
bakery,qwen3,5128440,2,neutral,1
bakery,qwen3,5128440,2,surface,1
bakery,qwen3,5131242,1,collection,1
bakery,qwen3,5131242,1,rectangular,2
bakery,qwen3,5131242,1,baked,1
bakery,qwen3,5131242,1,bread,1
bakery,qwen3,5131242,1,roll,3
bakery,qwen3,5131242,1,arrange,1
bakery,qwen3,5131242,1,light,2
bakery,qwen3,5131242,1,green,1
bakery,qwen3,5131242,1,plate,2
bakery,qwen3,5131242,1,golden,1
bakery,qwen3,5131242,1,brown,1
bakery,qwen3,5131242,1,crust,1
bakery,qwen3,5131242,1,speckle,1
bakery,qwen3,5131242,1,small,1
bakery,qwen3,5131242,1,dark,1
bakery,qwen3,5131242,1,seed,1
bakery,qwen3,5131242,1,likely,1
bakery,qwen3,5131242,1,black,1
bakery,qwen3,5131242,1,olive,1
bakery,qwen3,5131242,1,whole,1
bakery,qwen3,5131242,1,slice,1
bakery,qwen3,5131242,1,piece,1
bakery,qwen3,5131242,1,reveal,1
bakery,qwen3,5131242,1,soft,1
bakery,qwen3,5131242,1,porous,1
bakery,qwen3,5131242,1,interior,1
bakery,qwen3,5131242,1,set,1
bakery,qwen3,5131242,1,gray,1
bakery,qwen3,5131242,1,textured,1
bakery,qwen3,5131242,1,surface,1
bakery,qwen3,5131242,2,several,1
bakery,qwen3,5131242,2,rectangular,1
bakery,qwen3,5131242,2,baked,1
bakery,qwen3,5131242,2,breadstick,5
bakery,qwen3,5131242,2,likely,1
bakery,qwen3,5131242,2,type,1
bakery,qwen3,5131242,2,focaccia,1
bakery,qwen3,5131242,2,similar,1
bakery,qwen3,5131242,2,flatbread,1
bakery,qwen3,5131242,2,golden,1
bakery,qwen3,5131242,2,brown,1
bakery,qwen3,5131242,2,crust,1
bakery,qwen3,5131242,2,speckle,1
bakery,qwen3,5131242,2,small,1
bakery,qwen3,5131242,2,dark,2
bakery,qwen3,5131242,2,round,1
bakery,qwen3,5131242,2,piece,1
bakery,qwen3,5131242,2,possibly,1
bakery,qwen3,5131242,2,olive,1
bakery,qwen3,5131242,2,seed,1
bakery,qwen3,5131242,2,break,1
bakery,qwen3,5131242,2,half,1
bakery,qwen3,5131242,2,reveal,1
bakery,qwen3,5131242,2,porous,1
bakery,qwen3,5131242,2,airy,1
bakery,qwen3,5131242,2,interior,1
bakery,qwen3,5131242,2,visible,1
bakery,qwen3,5131242,2,speck,1
bakery,qwen3,5131242,2,arrange,1
bakery,qwen3,5131242,2,light,2
bakery,qwen3,5131242,2,color,1
bakery,qwen3,5131242,2,matte,1
bakery,qwen3,5131242,2,surface,2
bakery,qwen3,5131242,2,green,1
bakery,qwen3,5131242,2,plate,1
bakery,qwen3,5131242,2,scatter,1
bakery,qwen3,5131242,2,freshly,1
bakery,qwen3,5131242,2,bake,1
bakery,qwen3,5131242,2,present,1
bakery,qwen3,5131242,2,simple,1
bakery,qwen3,5131242,2,clean,1
bakery,qwen3,5131242,2,manner,1
bakery,qwen3,5132010,1,package,1
bakery,qwen3,5132010,1,food,1
bakery,qwen3,5132010,1,product,2
bakery,qwen3,5132010,1,specifically,1
bakery,qwen3,5132010,1,box,4
bakery,qwen3,5132010,1,cooky,4
bakery,qwen3,5132010,1,label,1
bakery,qwen3,5132010,1,real_brownie_cookie,1
bakery,qwen3,5132010,1,english,1
bakery,qwen3,5132010,1,korean,1
bakery,qwen3,5132010,1,text,1
bakery,qwen3,5132010,1,리얼_브라우니쿠키,1
bakery,qwen3,5132010,1,directly,1
bakery,qwen3,5132010,1,packaging,1
bakery,qwen3,5132010,1,white,1
bakery,qwen3,5132010,1,rectangular,1
bakery,qwen3,5132010,1,clear,2
bakery,qwen3,5132010,1,illustration,1
bakery,qwen3,5132010,1,stack,1
bakery,qwen3,5132010,1,2,1
bakery,qwen3,5132010,1,small,1
bakery,qwen3,5132010,1,cartoon,1
bakery,qwen3,5132010,1,rabbit,1
bakery,qwen3,5132010,1,arrange,1
bakery,qwen3,5132010,1,plastic,1
bakery,qwen3,5132010,1,tray,1
bakery,qwen3,5132010,1,visible,1
bakery,qwen3,5132010,1,round,1
bakery,qwen3,5132010,1,dark,1
bakery,qwen3,5132010,1,crumbly,1
bakery,qwen3,5132010,1,texture,1
bakery,qwen3,5132010,1,light,1
bakery,qwen3,5132010,1,colored,1
bakery,qwen3,5132010,1,base,1
bakery,qwen3,5132010,1,suggest,1
bakery,qwen3,5132010,1,chocolate,1
bakery,qwen3,5132010,1,brownie,1
bakery,qwen3,5132010,1,flavor,1
bakery,qwen3,5132010,1,indicate,1
bakery,qwen3,5132010,1,weight,1
bakery,qwen3,5132010,1,480g,1
bakery,qwen3,5132010,1,10.6oz,1
bakery,qwen3,5132010,1,brand,1
bakery,qwen3,5132010,1,bread_co,1
bakery,qwen3,5132010,2,package,1
bakery,qwen3,5132010,2,food,1
bakery,qwen3,5132010,2,product,3
bakery,qwen3,5132010,2,specifically,1
bakery,qwen3,5132010,2,box,2
bakery,qwen3,5132010,2,cooky,4
bakery,qwen3,5132010,2,label,1
bakery,qwen3,5132010,2,real_brownie_cookie,1
bakery,qwen3,5132010,2,english,1
bakery,qwen3,5132010,2,리얼_브라우니쿠키,1
bakery,qwen3,5132010,2,korean,1
bakery,qwen3,5132010,2,packaging,1
bakery,qwen3,5132010,2,white,1
bakery,qwen3,5132010,2,illustration,1
bakery,qwen3,5132010,2,2,1
bakery,qwen3,5132010,2,small,1
bakery,qwen3,5132010,2,rabbit,1
bakery,qwen3,5132010,2,hold,2
bakery,qwen3,5132010,2,cookie,1
bakery,qwen3,5132010,2,tray,2
bakery,qwen3,5132010,2,indicate,1
bakery,qwen3,5132010,2,24,1
bakery,qwen3,5132010,2,cokie,1
bakery,qwen3,5132010,2,weight,1
bakery,qwen3,5132010,2,480g,1
bakery,qwen3,5132010,2,20g,1
bakery,qwen3,5132010,2,calorie,1
bakery,qwen3,5132010,2,count,1
bakery,qwen3,5132010,2,2040kcal,1
bakery,qwen3,5132010,2,individually,1
bakery,qwen3,5132010,2,wrap,1
bakery,qwen3,5132010,2,clear,1
bakery,qwen3,5132010,2,plastic,2
bakery,qwen3,5132010,2,arrange,1
bakery,qwen3,5132010,2,round,1
bakery,qwen3,5132010,2,light,1
bakery,qwen3,5132010,2,colored,1
bakery,qwen3,5132010,2,base,1
bakery,qwen3,5132010,2,dark,1
bakery,qwen3,5132010,2,chocolate,1
bakery,qwen3,5132010,2,chip,1
bakery,qwen3,5132010,2,piece,1
bakery,qwen3,5132010,2,visible,1
bakery,qwen3,5132010,2,surface,1
bakery,qwen3,5138995,1,loaf,2
bakery,qwen3,5138995,1,white,3
bakery,qwen3,5138995,1,bread,2
bakery,qwen3,5138995,1,cloth,1
bakery,qwen3,5138995,1,box,2
bakery,qwen3,5138995,1,text,1
bakery,qwen3,5138995,1,takumiya,1
bakery,qwen3,5138995,1,artisan_bakery,1
bakery,qwen3,5138995,1,golden,1
bakery,qwen3,5138995,1,brown,1
bakery,qwen3,5138995,1,crust,1
bakery,qwen3,5138995,1,soft,1
bakery,qwen3,5138995,1,porous,1
bakery,qwen3,5138995,1,interior,1
bakery,qwen3,5138995,1,rectangular,1
bakery,qwen3,5138995,1,slightly,1
bakery,qwen3,5138995,1,uneven,1
bakery,qwen3,5138995,1,surface,1
bakery,qwen3,5138995,1,packaging,1
bakery,qwen3,5138995,1,simple,1
bakery,qwen3,5138995,1,clean,1
bakery,qwen3,5138995,1,minimalist,1
bakery,qwen3,5138995,1,design,1
bakery,qwen3,5138995,2,loaf,4
bakery,qwen3,5138995,2,white,1
bakery,qwen3,5138995,2,bread,3
bakery,qwen3,5138995,2,present,1
bakery,qwen3,5138995,2,wooden,2
bakery,qwen3,5138995,2,cutting,1
bakery,qwen3,5138995,2,board,2
bakery,qwen3,5138995,2,several,1
bakery,qwen3,5138995,2,slice,3
bakery,qwen3,5138995,2,cut,1
bakery,qwen3,5138995,2,arrange,1
bakery,qwen3,5138995,2,diagonal,1
bakery,qwen3,5138995,2,line,1
bakery,qwen3,5138995,2,light,2
bakery,qwen3,5138995,2,golden,1
bakery,qwen3,5138995,2,brown,1
bakery,qwen3,5138995,2,crust,1
bakery,qwen3,5138995,2,soft,1
bakery,qwen3,5138995,2,porous,1
bakery,qwen3,5138995,2,interior,1
bakery,qwen3,5138995,2,color,1
bakery,qwen3,5138995,2,set,1
bakery,qwen3,5138995,2,neutral,1
bakery,qwen3,5138995,2,gray,1
bakery,qwen3,5138995,2,single,1
bakery,qwen3,5138995,2,partially,1
bakery,qwen3,5138995,2,reveal,1
bakery,qwen3,5138995,2,texture,1
bakery,qwen3,5138995,2,freshly,1
bakery,qwen3,5138995,2,bake,1
bakery,qwen3,5138995,2,slightly,1
bakery,qwen3,5138995,2,uneven,1
bakery,qwen3,5138995,2,surface,1
fruits_nuts_rice,qwen3,1000030900,1,package,1
fruits_nuts_rice,qwen3,1000030900,1,rice,5
fruits_nuts_rice,qwen3,1000030900,1,specifically,1
fruits_nuts_rice,qwen3,1000030900,1,label,1
fruits_nuts_rice,qwen3,1000030900,1,정미소_비단쌀,1
fruits_nuts_rice,qwen3,1000030900,1,type,1
fruits_nuts_rice,qwen3,1000030900,1,packaging,1
fruits_nuts_rice,qwen3,1000030900,1,white,3
fruits_nuts_rice,qwen3,1000030900,1,plastic,1
fruits_nuts_rice,qwen3,1000030900,1,bag,3
fruits_nuts_rice,qwen3,1000030900,1,gold,1
fruits_nuts_rice,qwen3,1000030900,1,text,1
fruits_nuts_rice,qwen3,1000030900,1,small,2
fruits_nuts_rice,qwen3,1000030900,1,window,1
fruits_nuts_rice,qwen3,1000030900,1,inside,1
fruits_nuts_rice,qwen3,1000030900,1,mark,1
fruits_nuts_rice,qwen3,1000030900,1,4kg,1
fruits_nuts_rice,qwen3,1000030900,1,indicate,1
fruits_nuts_rice,qwen3,1000030900,1,weight,1
fruits_nuts_rice,qwen3,1000030900,1,bowl,1
fruits_nuts_rice,qwen3,1000030900,1,fill,1
fruits_nuts_rice,qwen3,1000030900,1,showcase,1
fruits_nuts_rice,qwen3,1000030900,1,appearance,1
fruits_nuts_rice,qwen3,1000030900,1,grain,1
fruits_nuts_rice,qwen3,1000030900,1,fine,1
fruits_nuts_rice,qwen3,1000030900,1,texture,1
fruits_nuts_rice,qwen3,1000030900,1,light,1
fruits_nuts_rice,qwen3,1000030900,1,gray,1
fruits_nuts_rice,qwen3,1000030900,1,textured,1
fruits_nuts_rice,qwen3,1000030900,1,surface,1
fruits_nuts_rice,qwen3,1000030900,2,bowl,3
fruits_nuts_rice,qwen3,1000030900,2,white,1
fruits_nuts_rice,qwen3,1000030900,2,rice,2
fruits_nuts_rice,qwen3,1000030900,2,present,1
fruits_nuts_rice,qwen3,1000030900,2,light,2
fruits_nuts_rice,qwen3,1000030900,2,colored,1
fruits_nuts_rice,qwen3,1000030900,2,ceramic,1
fruits_nuts_rice,qwen3,1000030900,2,small,1
fruits_nuts_rice,qwen3,1000030900,2,dark,1
fruits_nuts_rice,qwen3,1000030900,2,speckle,1
fruits_nuts_rice,qwen3,1000030900,2,grain,1
fruits_nuts_rice,qwen3,1000030900,2,uniform,1
fruits_nuts_rice,qwen3,1000030900,2,shape,1
fruits_nuts_rice,qwen3,1000030900,2,translucent,1
fruits_nuts_rice,qwen3,1000030900,2,smooth,1
fruits_nuts_rice,qwen3,1000030900,2,slightly,1
fruits_nuts_rice,qwen3,1000030900,2,glossy,1
fruits_nuts_rice,qwen3,1000030900,2,surface,2
fruits_nuts_rice,qwen3,1000030900,2,gray,1
fruits_nuts_rice,qwen3,1000030900,2,textured,1
fruits_nuts_rice,qwen3,1000032485,1,package,3
fruits_nuts_rice,qwen3,1000032485,1,frozen,3
fruits_nuts_rice,qwen3,1000032485,1,blueberry,4
fruits_nuts_rice,qwen3,1000032485,1,packaging,1
fruits_nuts_rice,qwen3,1000032485,1,white,3
fruits_nuts_rice,qwen3,1000032485,1,plastic,1
fruits_nuts_rice,qwen3,1000032485,1,bag,2
fruits_nuts_rice,qwen3,1000032485,1,pattern,1
fruits_nuts_rice,qwen3,1000032485,1,label,1
fruits_nuts_rice,qwen3,1000032485,1,predominantly,1
fruits_nuts_rice,qwen3,1000032485,1,black,1
fruits_nuts_rice,qwen3,1000032485,1,text,1
fruits_nuts_rice,qwen3,1000032485,1,usda_a_grade,1
fruits_nuts_rice,qwen3,1000032485,1,냉동_블루베리,1
fruits_nuts_rice,qwen3,1000032485,1,large,1
fruits_nuts_rice,qwen3,1000032485,1,purple,1
fruits_nuts_rice,qwen3,1000032485,1,letter,1
fruits_nuts_rice,qwen3,1000032485,1,read,1
fruits_nuts_rice,qwen3,1000032485,1,frozen_blueberry,1
fruits_nuts_rice,qwen3,1000032485,1,블루베리_100_percent,1
fruits_nuts_rice,qwen3,1000032485,1,1.5kg,1
fruits_nuts_rice,qwen3,1000032485,1,small,1
fruits_nuts_rice,qwen3,1000032485,1,bowl,1
fruits_nuts_rice,qwen3,1000032485,1,fill,1
fruits_nuts_rice,qwen3,1000032485,2,white,1
fruits_nuts_rice,qwen3,1000032485,2,bowl,2
fruits_nuts_rice,qwen3,1000032485,2,pile,1
fruits_nuts_rice,qwen3,1000032485,2,frozen,1
fruits_nuts_rice,qwen3,1000032485,2,blueberry,1
fruits_nuts_rice,qwen3,1000032485,2,berry,1
fruits_nuts_rice,qwen3,1000032485,2,dark,1
fruits_nuts_rice,qwen3,1000032485,2,purple,1
fruits_nuts_rice,qwen3,1000032485,2,frosty,1
fruits_nuts_rice,qwen3,1000032485,2,icy,1
fruits_nuts_rice,qwen3,1000032485,2,coating,1
fruits_nuts_rice,qwen3,1000032485,2,surface,2
fruits_nuts_rice,qwen3,1000032485,2,arrange,1
fruits_nuts_rice,qwen3,1000032485,2,dense,1
fruits_nuts_rice,qwen3,1000032485,2,cluster,1
fruits_nuts_rice,qwen3,1000032485,2,light,1
fruits_nuts_rice,qwen3,1000032485,2,color,1
fruits_nuts_rice,qwen3,1000032485,2,texture,1
fruits_nuts_rice,qwen3,1000048867,1,10kg,1
fruits_nuts_rice,qwen3,1000048867,1,bag,2
fruits_nuts_rice,qwen3,1000048867,1,rice,2
fruits_nuts_rice,qwen3,1000048867,1,purple,1
fruits_nuts_rice,qwen3,1000048867,1,white,2
fruits_nuts_rice,qwen3,1000048867,1,design,1
fruits_nuts_rice,qwen3,1000048867,1,mountain,1
fruits_nuts_rice,qwen3,1000048867,1,landscape,1
fruits_nuts_rice,qwen3,1000048867,1,korean,1
fruits_nuts_rice,qwen3,1000048867,1,text,1
fruits_nuts_rice,qwen3,1000048867,1,시월미소米,1
fruits_nuts_rice,qwen3,1000048867,1,front,1
fruits_nuts_rice,qwen3,1000048867,1,small,1
fruits_nuts_rice,qwen3,1000048867,1,bowl,1
fruits_nuts_rice,qwen3,1000048867,2,white,2
fruits_nuts_rice,qwen3,1000048867,2,bowl,2
fruits_nuts_rice,qwen3,1000048867,2,fill,1
fruits_nuts_rice,qwen3,1000048867,2,uncooked,1
fruits_nuts_rice,qwen3,1000048867,2,rice,2
fruits_nuts_rice,qwen3,1000048867,2,grain,2
fruits_nuts_rice,qwen3,1000048867,2,small,1
fruits_nuts_rice,qwen3,1000048867,2,oval,1
fruits_nuts_rice,qwen3,1000048867,2,shape,1
fruits_nuts_rice,qwen3,1000048867,2,smooth,1
fruits_nuts_rice,qwen3,1000048867,2,slightly,1
fruits_nuts_rice,qwen3,1000048867,2,glossy,1
fruits_nuts_rice,qwen3,1000048867,2,surface,2
fruits_nuts_rice,qwen3,1000048867,2,light,1
fruits_nuts_rice,qwen3,1000048867,2,gray,1
fruits_nuts_rice,qwen3,1000066062,1,cylindrical,1
fruits_nuts_rice,qwen3,1000066062,1,container,3
fruits_nuts_rice,qwen3,1000066062,1,black,1
fruits_nuts_rice,qwen3,1000066062,1,lid,1
fruits_nuts_rice,qwen3,1000066062,1,hold,1
fruits_nuts_rice,qwen3,1000066062,1,mix,1
fruits_nuts_rice,qwen3,1000066062,1,grain,2
fruits_nuts_rice,qwen3,1000066062,1,include,1
fruits_nuts_rice,qwen3,1000066062,1,rice,1
fruits_nuts_rice,qwen3,1000066062,1,bean,1
fruits_nuts_rice,qwen3,1000066062,1,possibly,1
fruits_nuts_rice,qwen3,1000066062,1,seed,1
fruits_nuts_rice,qwen3,1000066062,1,white,1
fruits_nuts_rice,qwen3,1000066062,1,label,2
fruits_nuts_rice,qwen3,1000066062,1,text,1
fruits_nuts_rice,qwen3,1000066062,1,brand,1
fruits_nuts_rice,qwen3,1000066062,1,dmz,1
fruits_nuts_rice,qwen3,1000066062,1,visible,1
fruits_nuts_rice,qwen3,1000066062,1,mixed,1
fruits_nuts_rice,qwen3,1000066062,1,loose,1
fruits_nuts_rice,qwen3,1000066062,1,granular,1
fruits_nuts_rice,qwen3,1000066062,1,form,1
fruits_nuts_rice,qwen3,1000066062,1,light,2
fruits_nuts_rice,qwen3,1000066062,1,colored,2
fruits_nuts_rice,qwen3,1000066062,1,surface,1
fruits_nuts_rice,qwen3,1000066062,1,plain,1
fruits_nuts_rice,qwen3,1000066062,2,bowl,3
fruits_nuts_rice,qwen3,1000066062,2,fill,1
fruits_nuts_rice,qwen3,1000066062,2,mixture,1
fruits_nuts_rice,qwen3,1000066062,2,grain,2
fruits_nuts_rice,qwen3,1000066062,2,include,2
fruits_nuts_rice,qwen3,1000066062,2,rice,1
fruits_nuts_rice,qwen3,1000066062,2,millet,1
fruits_nuts_rice,qwen3,1000066062,2,possibly,1
fruits_nuts_rice,qwen3,1000066062,2,type,1
fruits_nuts_rice,qwen3,1000066062,2,seed,1
fruits_nuts_rice,qwen3,1000066062,2,present,1
fruits_nuts_rice,qwen3,1000066062,2,light,3
fruits_nuts_rice,qwen3,1000066062,2,colored,1
fruits_nuts_rice,qwen3,1000066062,2,ceramic,1
fruits_nuts_rice,qwen3,1000066062,2,different,1
fruits_nuts_rice,qwen3,1000066062,2,color,1
fruits_nuts_rice,qwen3,1000066062,2,white,1
fruits_nuts_rice,qwen3,1000066062,2,black,1
fruits_nuts_rice,qwen3,1000066062,2,brown,1
fruits_nuts_rice,qwen3,1000066062,2,arrange,1
fruits_nuts_rice,qwen3,1000066062,2,loose,1
fruits_nuts_rice,qwen3,1000066062,2,pile,1
fruits_nuts_rice,qwen3,1000066062,2,texture,1
fruits_nuts_rice,qwen3,1000066062,2,surface,1
fruits_nuts_rice,qwen3,1000102438,1,black,1
fruits_nuts_rice,qwen3,1000102438,1,rectangular,1
fruits_nuts_rice,qwen3,1000102438,1,box,2
fruits_nuts_rice,qwen3,1000102438,1,15,1
fruits_nuts_rice,qwen3,1000102438,1,round,1
fruits_nuts_rice,qwen3,1000102438,1,red,1
fruits_nuts_rice,qwen3,1000102438,1,apple,2
fruits_nuts_rice,qwen3,1000102438,1,nestle,1
fruits_nuts_rice,qwen3,1000102438,1,small,1
fruits_nuts_rice,qwen3,1000102438,1,decorative,1
fruits_nuts_rice,qwen3,1000102438,1,light,2
fruits_nuts_rice,qwen3,1000102438,1,color,1
fruits_nuts_rice,qwen3,1000102438,1,paper,1
fruits_nuts_rice,qwen3,1000102438,1,cup,1
fruits_nuts_rice,qwen3,1000102438,1,arrange,1
fruits_nuts_rice,qwen3,1000102438,1,3x5,1
fruits_nuts_rice,qwen3,1000102438,1,grid,1
fruits_nuts_rice,qwen3,1000102438,1,set,1
fruits_nuts_rice,qwen3,1000102438,1,plain,1
fruits_nuts_rice,qwen3,1000102438,1,beige,1
fruits_nuts_rice,qwen3,1000102438,2,black,1
fruits_nuts_rice,qwen3,1000102438,2,rectangular,1
fruits_nuts_rice,qwen3,1000102438,2,box,1
fruits_nuts_rice,qwen3,1000102438,2,15,1
fruits_nuts_rice,qwen3,1000102438,2,red,2
fruits_nuts_rice,qwen3,1000102438,2,apple,2
fruits_nuts_rice,qwen3,1000102438,2,nestle,1
fruits_nuts_rice,qwen3,1000102438,2,small,1
fruits_nuts_rice,qwen3,1000102438,2,white,1
fruits_nuts_rice,qwen3,1000102438,2,fluted,1
fruits_nuts_rice,qwen3,1000102438,2,paper,1
fruits_nuts_rice,qwen3,1000102438,2,cup,1
fruits_nuts_rice,qwen3,1000102438,2,arrange,1
fruits_nuts_rice,qwen3,1000102438,2,3x5,1
fruits_nuts_rice,qwen3,1000102438,2,grid,1
fruits_nuts_rice,qwen3,1000102438,2,skin,1
fruits_nuts_rice,qwen3,1000102438,2,smooth,1
fruits_nuts_rice,qwen3,1000102438,2,slightly,1
fruits_nuts_rice,qwen3,1000102438,2,glossy,1
fruits_nuts_rice,qwen3,1000102438,2,texture,1
fruits_nuts_rice,qwen3,1000102438,2,mix,1
fruits_nuts_rice,qwen3,1000102438,2,yellow,1
fruits_nuts_rice,qwen3,1000102438,2,hue,1
fruits_nuts_rice,qwen3,1000102438,2,packaging,1
fruits_nuts_rice,qwen3,1000102438,2,simple,1
fruits_nuts_rice,qwen3,1000102438,2,elegant,1
fruits_nuts_rice,qwen3,1000102438,2,matte,1
fruits_nuts_rice,qwen3,1000102438,2,finish,1
fruits_nuts_rice,qwen3,1000118138,1,bag,2
fruits_nuts_rice,qwen3,1000118138,1,rice,2
fruits_nuts_rice,qwen3,1000118138,1,small,1
fruits_nuts_rice,qwen3,1000118138,1,bowl,1
fruits_nuts_rice,qwen3,1000118138,1,grain,1
fruits_nuts_rice,qwen3,1000118138,1,dark,1
fruits_nuts_rice,qwen3,1000118138,1,blue,1
fruits_nuts_rice,qwen3,1000118138,1,white,2
fruits_nuts_rice,qwen3,1000118138,1,text,3
fruits_nuts_rice,qwen3,1000118138,1,circular,1
fruits_nuts_rice,qwen3,1000118138,1,design,1
fruits_nuts_rice,qwen3,1000118138,1,brand,1
fruits_nuts_rice,qwen3,1000118138,1,l_grow,1
fruits_nuts_rice,qwen3,1000118138,1,visible,1
fruits_nuts_rice,qwen3,1000118138,1,top,1
fruits_nuts_rice,qwen3,1000118138,1,product,1
fruits_nuts_rice,qwen3,1000118138,1,백진주,1
fruits_nuts_rice,qwen3,1000118138,1,large,1
fruits_nuts_rice,qwen3,1000118138,1,character,2
fruits_nuts_rice,qwen3,1000118138,1,red,1
fruits_nuts_rice,qwen3,1000118138,1,seal,1
fruits_nuts_rice,qwen3,1000118138,1,korean,1
fruits_nuts_rice,qwen3,1000118138,1,경기미,1
fruits_nuts_rice,qwen3,1000118138,1,main,1
fruits_nuts_rice,qwen3,1000118138,1,weight,1
fruits_nuts_rice,qwen3,1000118138,1,indicate,1
fruits_nuts_rice,qwen3,1000118138,1,4kg,1
fruits_nuts_rice,qwen3,1000118138,1,packaging,1
fruits_nuts_rice,qwen3,1000118138,1,beige,1
fruits_nuts_rice,qwen3,1000118138,1,band,1
fruits_nuts_rice,qwen3,1000118138,1,bottom,1
fruits_nuts_rice,qwen3,1000118138,1,additional,1
fruits_nuts_rice,qwen3,1000118138,2,bowl,3
fruits_nuts_rice,qwen3,1000118138,2,fill,1
fruits_nuts_rice,qwen3,1000118138,2,white,1
fruits_nuts_rice,qwen3,1000118138,2,rice,1
fruits_nuts_rice,qwen3,1000118138,2,grain,1
fruits_nuts_rice,qwen3,1000118138,2,small,1
fruits_nuts_rice,qwen3,1000118138,2,oval,1
fruits_nuts_rice,qwen3,1000118138,2,shape,1
fruits_nuts_rice,qwen3,1000118138,2,smooth,1
fruits_nuts_rice,qwen3,1000118138,2,slightly,1
fruits_nuts_rice,qwen3,1000118138,2,glossy,1
fruits_nuts_rice,qwen3,1000118138,2,surface,2
fruits_nuts_rice,qwen3,1000118138,2,light,2
fruits_nuts_rice,qwen3,1000118138,2,colored,1
fruits_nuts_rice,qwen3,1000118138,2,ceramic,1
fruits_nuts_rice,qwen3,1000118138,2,material,1
fruits_nuts_rice,qwen3,1000118138,2,speckled,1
fruits_nuts_rice,qwen3,1000118138,2,texture,1
fruits_nuts_rice,qwen3,1000118138,2,brown,1
fruits_nuts_rice,qwen3,1000118138,2,rim,1
fruits_nuts_rice,qwen3,1000118138,2,gray,1
fruits_nuts_rice,qwen3,1000122762,1,several,1
fruits_nuts_rice,qwen3,1000122762,1,red,3
fruits_nuts_rice,qwen3,1000122762,1,apple,5
fruits_nuts_rice,qwen3,1000122762,1,whole,1
fruits_nuts_rice,qwen3,1000122762,1,cut,2
fruits_nuts_rice,qwen3,1000122762,1,half,2
fruits_nuts_rice,qwen3,1000122762,1,arrange,1
fruits_nuts_rice,qwen3,1000122762,1,white,1
fruits_nuts_rice,qwen3,1000122762,1,texture,2
fruits_nuts_rice,qwen3,1000122762,1,cloth,1
fruits_nuts_rice,qwen3,1000122762,1,package,1
fruits_nuts_rice,qwen3,1000122762,1,clear,1
fruits_nuts_rice,qwen3,1000122762,1,plastic,1
fruits_nuts_rice,qwen3,1000122762,1,bag,1
fruits_nuts_rice,qwen3,1000122762,1,seal,1
fruits_nuts_rice,qwen3,1000122762,1,label,1
fruits_nuts_rice,qwen3,1000122762,1,include,1
fruits_nuts_rice,qwen3,1000122762,1,korean,1
fruits_nuts_rice,qwen3,1000122762,1,text,1
fruits_nuts_rice,qwen3,1000122762,1,가족,2
fruits_nuts_rice,qwen3,1000122762,1,likely,1
fruits_nuts_rice,qwen3,1000122762,1,brand,2
fruits_nuts_rice,qwen3,1000122762,1,shiny,1
fruits_nuts_rice,qwen3,1000122762,1,skin,1
fruits_nuts_rice,qwen3,1000122762,1,yellowish,1
fruits_nuts_rice,qwen3,1000122762,1,highlight,1
fruits_nuts_rice,qwen3,1000122762,1,smooth,1
fruits_nuts_rice,qwen3,1000122762,1,reveal,1
fruits_nuts_rice,qwen3,1000122762,1,pale,1
fruits_nuts_rice,qwen3,1000122762,1,yellow,1
fruits_nuts_rice,qwen3,1000122762,1,flesh,1
fruits_nuts_rice,qwen3,1000122762,1,small,1
fruits_nuts_rice,qwen3,1000122762,1,seed,1
fruits_nuts_rice,qwen3,1000122762,1,packaging,2
fruits_nuts_rice,qwen3,1000122762,1,transparent,1
fruits_nuts_rice,qwen3,1000122762,1,allow,1
fruits_nuts_rice,qwen3,1000122762,1,inside,1
fruits_nuts_rice,qwen3,1000122762,1,clearly,1
fruits_nuts_rice,qwen3,1000122762,1,visible,1
fruits_nuts_rice,qwen3,1000122762,2,several,1
fruits_nuts_rice,qwen3,1000122762,2,red,3
fruits_nuts_rice,qwen3,1000122762,2,apple,5
fruits_nuts_rice,qwen3,1000122762,2,whole,1
fruits_nuts_rice,qwen3,1000122762,2,cut,2
fruits_nuts_rice,qwen3,1000122762,2,half,1
fruits_nuts_rice,qwen3,1000122762,2,white,1
fruits_nuts_rice,qwen3,1000122762,2,texture,2
fruits_nuts_rice,qwen3,1000122762,2,cloth,1
fruits_nuts_rice,qwen3,1000122762,2,shiny,1
fruits_nuts_rice,qwen3,1000122762,2,skin,1
fruits_nuts_rice,qwen3,1000122762,2,smooth,1
fruits_nuts_rice,qwen3,1000122762,2,partially,1
fruits_nuts_rice,qwen3,1000122762,2,wrap,1
fruits_nuts_rice,qwen3,1000122762,2,clear,1
fruits_nuts_rice,qwen3,1000122762,2,plastic,1
fruits_nuts_rice,qwen3,1000122762,2,bag,1
fruits_nuts_rice,qwen3,1000122762,2,seal,1
fruits_nuts_rice,qwen3,1000122762,2,packaging,1
fruits_nuts_rice,qwen3,1000122762,2,korean,1
fruits_nuts_rice,qwen3,1000122762,2,text,1
fruits_nuts_rice,qwen3,1000122762,2,reveal,1
fruits_nuts_rice,qwen3,1000122762,2,pale,1
fruits_nuts_rice,qwen3,1000122762,2,yellow,1
fruits_nuts_rice,qwen3,1000122762,2,flesh,1
fruits_nuts_rice,qwen3,1000122762,2,central,1
fruits_nuts_rice,qwen3,1000122762,2,core,1
fruits_nuts_rice,qwen3,1000122762,2,arrange,1
fruits_nuts_rice,qwen3,1000122762,2,way,1
fruits_nuts_rice,qwen3,1000122762,2,highlight,1
fruits_nuts_rice,qwen3,1000122762,2,fresh,1
fruits_nuts_rice,qwen3,1000122762,2,appearance,1
fruits_nuts_rice,qwen3,1000144509,1,package,1
fruits_nuts_rice,qwen3,1000144509,1,kf365,1
fruits_nuts_rice,qwen3,1000144509,1,kurly,1
fruits_nuts_rice,qwen3,1000144509,1,fresh,1
fruits_nuts_rice,qwen3,1000144509,1,rice,4
fruits_nuts_rice,qwen3,1000144509,1,packaging,2
fruits_nuts_rice,qwen3,1000144509,1,white,3
fruits_nuts_rice,qwen3,1000144509,1,resealable,1
fruits_nuts_rice,qwen3,1000144509,1,plastic,1
fruits_nuts_rice,qwen3,1000144509,1,bag,4
fruits_nuts_rice,qwen3,1000144509,1,clear,1
fruits_nuts_rice,qwen3,1000144509,1,window,1
fruits_nuts_rice,qwen3,1000144509,1,inside,1
fruits_nuts_rice,qwen3,1000144509,1,text,1
fruits_nuts_rice,qwen3,1000144509,1,indicate,1
fruits_nuts_rice,qwen3,1000144509,1,product,3
fruits_nuts_rice,qwen3,1000144509,1,kf365_kurly_fresh,1
fruits_nuts_rice,qwen3,1000144509,1,specifie,1
fruits_nuts_rice,qwen3,1000144509,1,4kg,1
fruits_nuts_rice,qwen3,1000144509,1,small,1
fruits_nuts_rice,qwen3,1000144509,1,bowl,1
fruits_nuts_rice,qwen3,1000144509,1,slightly,1
fruits_nuts_rice,qwen3,1000144509,1,granular,1
fruits_nuts_rice,qwen3,1000144509,1,texture,1
fruits_nuts_rice,qwen3,1000144509,1,include,1
fruits_nuts_rice,qwen3,1000144509,1,several,1
fruits_nuts_rice,qwen3,1000144509,1,checkmark,1
fruits_nuts_rice,qwen3,1000144509,1,highlight,1
fruits_nuts_rice,qwen3,1000144509,1,100percent,1
fruits_nuts_rice,qwen3,1000144509,1,natural,1
fruits_nuts_rice,qwen3,1000144509,1,365,1
fruits_nuts_rice,qwen3,1000144509,1,day,1
fruits_nuts_rice,qwen3,1000144509,1,shelf,1
fruits_nuts_rice,qwen3,1000144509,1,life,1
fruits_nuts_rice,qwen3,1000144509,1,non_gmo,1
fruits_nuts_rice,qwen3,1000144509,2,white,2
fruits_nuts_rice,qwen3,1000144509,2,bowl,2
fruits_nuts_rice,qwen3,1000144509,2,pile,1
fruits_nuts_rice,qwen3,1000144509,2,rice,2
fruits_nuts_rice,qwen3,1000144509,2,grain,2
fruits_nuts_rice,qwen3,1000144509,2,small,1
fruits_nuts_rice,qwen3,1000144509,2,oval,1
fruits_nuts_rice,qwen3,1000144509,2,shape,1
fruits_nuts_rice,qwen3,1000144509,2,smooth,1
fruits_nuts_rice,qwen3,1000144509,2,slightly,1
fruits_nuts_rice,qwen3,1000144509,2,glossy,1
fruits_nuts_rice,qwen3,1000144509,2,surface,2
fruits_nuts_rice,qwen3,1000144509,2,light,1
fruits_nuts_rice,qwen3,1000144509,2,gray,1
fruits_nuts_rice,qwen3,1000144509,2,textured,1
fruits_nuts_rice,qwen3,1000253378,1,bowl,2
fruits_nuts_rice,qwen3,1000253378,1,frozen,2
fruits_nuts_rice,qwen3,1000253378,1,blueberry,3
fruits_nuts_rice,qwen3,1000253378,1,present,1
fruits_nuts_rice,qwen3,1000253378,1,light,2
fruits_nuts_rice,qwen3,1000253378,1,green,1
fruits_nuts_rice,qwen3,1000253378,1,plate,1
fruits_nuts_rice,qwen3,1000253378,1,dark,1
fruits_nuts_rice,qwen3,1000253378,1,blue,1
fruits_nuts_rice,qwen3,1000253378,1,frosty,1
fruits_nuts_rice,qwen3,1000253378,1,coating,1
fruits_nuts_rice,qwen3,1000253378,1,indicate,1
fruits_nuts_rice,qwen3,1000253378,1,silver,1
fruits_nuts_rice,qwen3,1000253378,1,spoon,1
fruits_nuts_rice,qwen3,1000253378,1,gray,1
fruits_nuts_rice,qwen3,1000253378,1,surface,1
fruits_nuts_rice,qwen3,1000253378,2,bowl,3
fruits_nuts_rice,qwen3,1000253378,2,fill,1
fruits_nuts_rice,qwen3,1000253378,2,frozen,1
fruits_nuts_rice,qwen3,1000253378,2,blueberry,2
fruits_nuts_rice,qwen3,1000253378,2,dark,1
fruits_nuts_rice,qwen3,1000253378,2,blue,1
fruits_nuts_rice,qwen3,1000253378,2,frosty,1
fruits_nuts_rice,qwen3,1000253378,2,white,1
fruits_nuts_rice,qwen3,1000253378,2,coating,1
fruits_nuts_rice,qwen3,1000253378,2,surface,2
fruits_nuts_rice,qwen3,1000253378,2,metal,1
fruits_nuts_rice,qwen3,1000253378,2,spoon,1
fruits_nuts_rice,qwen3,1000253378,2,light,2
fruits_nuts_rice,qwen3,1000253378,2,green,1
fruits_nuts_rice,qwen3,1000253378,2,color,1
fruits_nuts_rice,qwen3,1000253378,2,gray,1
fruits_nuts_rice,qwen3,1000338204,1,bag,3
fruits_nuts_rice,qwen3,1000338204,1,frozen,2
fruits_nuts_rice,qwen3,1000338204,1,blueberry,4
fruits_nuts_rice,qwen3,1000338204,1,light,1
fruits_nuts_rice,qwen3,1000338204,1,gray,1
fruits_nuts_rice,qwen3,1000338204,1,surface,1
fruits_nuts_rice,qwen3,1000338204,1,packaging,2
fruits_nuts_rice,qwen3,1000338204,1,predominantly,1
fruits_nuts_rice,qwen3,1000338204,1,purple,1
fruits_nuts_rice,qwen3,1000338204,1,green,1
fruits_nuts_rice,qwen3,1000338204,1,brand,2
fruits_nuts_rice,qwen3,1000338204,1,large,1
fruits_nuts_rice,qwen3,1000338204,1,white,1
fruits_nuts_rice,qwen3,1000338204,1,letter,1
fruits_nuts_rice,qwen3,1000338204,1,text,2
fruits_nuts_rice,qwen3,1000338204,1,delicious_fruits,1
fruits_nuts_rice,qwen3,1000338204,1,visible,1
fruits_nuts_rice,qwen3,1000338204,1,korean,1
fruits_nuts_rice,qwen3,1000338204,1,냉동블루베리,1
fruits_nuts_rice,qwen3,1000338204,1,indicate,1
fruits_nuts_rice,qwen3,1000338204,1,weight,1
fruits_nuts_rice,qwen3,1000338204,1,1kg,1
fruits_nuts_rice,qwen3,1000338204,1,front,1
fruits_nuts_rice,qwen3,1000338204,1,small,3
fruits_nuts_rice,qwen3,1000338204,1,circular,1
fruits_nuts_rice,qwen3,1000338204,1,emblem,1
fruits_nuts_rice,qwen3,1000338204,1,state,1
fruits_nuts_rice,qwen3,1000338204,1,fresh_blueberry,1
fruits_nuts_rice,qwen3,1000338204,1,include,1
fruits_nuts_rice,qwen3,1000338204,1,flag,1
fruits_nuts_rice,qwen3,1000338204,1,chile,1
fruits_nuts_rice,qwen3,1000338204,1,bowl,1
fruits_nuts_rice,qwen3,1000338204,2,bowl,2
fruits_nuts_rice,qwen3,1000338204,2,frozen,1
fruits_nuts_rice,qwen3,1000338204,2,blueberry,2
fruits_nuts_rice,qwen3,1000338204,2,dark,1
fruits_nuts_rice,qwen3,1000338204,2,purple,1
fruits_nuts_rice,qwen3,1000338204,2,slightly,1
fruits_nuts_rice,qwen3,1000338204,2,texture,2
fruits_nuts_rice,qwen3,1000338204,2,surface,2
fruits_nuts_rice,qwen3,1000338204,2,visible,1
fruits_nuts_rice,qwen3,1000338204,2,ice,1
fruits_nuts_rice,qwen3,1000338204,2,crystal,1
fruits_nuts_rice,qwen3,1000338204,2,white,1
fruits_nuts_rice,qwen3,1000338204,2,light,1
fruits_nuts_rice,qwen3,1000338204,2,color,1
fruits_nuts_rice,qwen3,1000763360,1,bunch,1
fruits_nuts_rice,qwen3,1000763360,1,fresh,1
fruits_nuts_rice,qwen3,1000763360,1,green,1
fruits_nuts_rice,qwen3,1000763360,1,grape,3
fruits_nuts_rice,qwen3,1000763360,1,light,2
fruits_nuts_rice,qwen3,1000763360,1,blue,1
fruits_nuts_rice,qwen3,1000763360,1,plate,1
fruits_nuts_rice,qwen3,1000763360,1,round,1
fruits_nuts_rice,qwen3,1000763360,1,smooth,1
fruits_nuts_rice,qwen3,1000763360,1,glossy,1
fruits_nuts_rice,qwen3,1000763360,1,surface,1
fruits_nuts_rice,qwen3,1000763360,1,cut,1
fruits_nuts_rice,qwen3,1000763360,1,half,1
fruits_nuts_rice,qwen3,1000763360,1,reveal,1
fruits_nuts_rice,qwen3,1000763360,1,juicy,1
fruits_nuts_rice,qwen3,1000763360,1,interior,1
fruits_nuts_rice,qwen3,1000763360,1,neutral,1
fruits_nuts_rice,qwen3,1000763360,1,color,1
fruits_nuts_rice,qwen3,1000763360,2,bunch,1
fruits_nuts_rice,qwen3,1000763360,2,fresh,1
fruits_nuts_rice,qwen3,1000763360,2,green,2
fruits_nuts_rice,qwen3,1000763360,2,grape,4
fruits_nuts_rice,qwen3,1000763360,2,white,1
fruits_nuts_rice,qwen3,1000763360,2,plate,2
fruits_nuts_rice,qwen3,1000763360,2,round,1
fruits_nuts_rice,qwen3,1000763360,2,vibrant,1
fruits_nuts_rice,qwen3,1000763360,2,color,1
fruits_nuts_rice,qwen3,1000763360,2,slight,1
fruits_nuts_rice,qwen3,1000763360,2,sheen,1
fruits_nuts_rice,qwen3,1000763360,2,water,1
fruits_nuts_rice,qwen3,1000763360,2,droplet,1
fruits_nuts_rice,qwen3,1000763360,2,cut,1
fruits_nuts_rice,qwen3,1000763360,2,half,1
fruits_nuts_rice,qwen3,1000763360,2,reveal,1
fruits_nuts_rice,qwen3,1000763360,2,juicy,1
fruits_nuts_rice,qwen3,1000763360,2,interior,1
fruits_nuts_rice,qwen3,1000763360,2,arrange,1
fruits_nuts_rice,qwen3,1000763360,2,cluster,1
fruits_nuts_rice,qwen3,1000763360,2,scatter,1
fruits_nuts_rice,qwen3,1000858612,1,package,1
fruits_nuts_rice,qwen3,1000858612,1,food,1
fruits_nuts_rice,qwen3,1000858612,1,product,3
fruits_nuts_rice,qwen3,1000858612,1,specifically,1
fruits_nuts_rice,qwen3,1000858612,1,container,4
fruits_nuts_rice,qwen3,1000858612,1,pineapple,4
fruits_nuts_rice,qwen3,1000858612,1,clear,1
fruits_nuts_rice,qwen3,1000858612,1,plastic,1
fruits_nuts_rice,qwen3,1000858612,1,rectangular,3
fruits_nuts_rice,qwen3,1000858612,1,box,1
fruits_nuts_rice,qwen3,1000858612,1,white,2
fruits_nuts_rice,qwen3,1000858612,1,label,3
fruits_nuts_rice,qwen3,1000858612,1,front,1
fruits_nuts_rice,qwen3,1000858612,1,kf365,1
fruits_nuts_rice,qwen3,1000858612,1,large,1
fruits_nuts_rice,qwen3,1000858612,1,black,2
fruits_nuts_rice,qwen3,1000858612,1,letter,2
fruits_nuts_rice,qwen3,1000858612,1,kurly_fresh,1
fruits_nuts_rice,qwen3,1000858612,1,write,1
fruits_nuts_rice,qwen3,1000858612,1,underneath,1
fruits_nuts_rice,qwen3,1000858612,1,small,1
fruits_nuts_rice,qwen3,1000858612,1,indicate,1
fruits_nuts_rice,qwen3,1000858612,1,weight,2
fruits_nuts_rice,qwen3,1000858612,1,1kg,1
fruits_nuts_rice,qwen3,1000858612,1,net,1
fruits_nuts_rice,qwen3,1000858612,1,600kcal,1
fruits_nuts_rice,qwen3,1000858612,1,piece,1
fruits_nuts_rice,qwen3,1000858612,1,cut,1
fruits_nuts_rice,qwen3,1000858612,1,thick,1
fruits_nuts_rice,qwen3,1000858612,1,slice,3
fruits_nuts_rice,qwen3,1000858612,1,arrange,1
fruits_nuts_rice,qwen3,1000858612,1,single,1
fruits_nuts_rice,qwen3,1000858612,1,row,1
fruits_nuts_rice,qwen3,1000858612,1,bright,1
fruits_nuts_rice,qwen3,1000858612,1,yellow,1
fruits_nuts_rice,qwen3,1000858612,1,color,1
fruits_nuts_rice,qwen3,1000858612,1,fibrous,1
fruits_nuts_rice,qwen3,1000858612,1,texture,1
fruits_nuts_rice,qwen3,1000858612,1,light,1
fruits_nuts_rice,qwen3,1000858612,1,gray,1
fruits_nuts_rice,qwen3,1000858612,1,surface,1
fruits_nuts_rice,qwen3,1000858612,1,2,1
fruits_nuts_rice,qwen3,1000858612,1,plate,1
fruits_nuts_rice,qwen3,1000858612,2,3,1
fruits_nuts_rice,qwen3,1000858612,2,piece,2
fruits_nuts_rice,qwen3,1000858612,2,pineapple,2
fruits_nuts_rice,qwen3,1000858612,2,arrange,1
fruits_nuts_rice,qwen3,1000858612,2,white,1
fruits_nuts_rice,qwen3,1000858612,2,plate,2
fruits_nuts_rice,qwen3,1000858612,2,cut,1
fruits_nuts_rice,qwen3,1000858612,2,rectangular,1
fruits_nuts_rice,qwen3,1000858612,2,chunk,1
fruits_nuts_rice,qwen3,1000858612,2,reveal,1
fruits_nuts_rice,qwen3,1000858612,2,bright,1
fruits_nuts_rice,qwen3,1000858612,2,yellow,1
fruits_nuts_rice,qwen3,1000858612,2,flesh,1
fruits_nuts_rice,qwen3,1000858612,2,fibrous,1
fruits_nuts_rice,qwen3,1000858612,2,juicy,1
fruits_nuts_rice,qwen3,1000858612,2,texture,1
fruits_nuts_rice,qwen3,1000858612,2,light,1
fruits_nuts_rice,qwen3,1000858612,2,gray,1
fruits_nuts_rice,qwen3,1000858612,2,surface,1
fruits_nuts_rice,qwen3,1000867509,1,package,2
fruits_nuts_rice,qwen3,1000867509,1,rice,4
fruits_nuts_rice,qwen3,1000867509,1,text,1
fruits_nuts_rice,qwen3,1000867509,1,7일향미,1
fruits_nuts_rice,qwen3,1000867509,1,4kg,1
fruits_nuts_rice,qwen3,1000867509,1,clearly,1
fruits_nuts_rice,qwen3,1000867509,1,visible,1
fruits_nuts_rice,qwen3,1000867509,1,front,1
fruits_nuts_rice,qwen3,1000867509,1,packaging,1
fruits_nuts_rice,qwen3,1000867509,1,simple,1
fruits_nuts_rice,qwen3,1000867509,1,light,3
fruits_nuts_rice,qwen3,1000867509,1,colored,1
fruits_nuts_rice,qwen3,1000867509,1,pouch,1
fruits_nuts_rice,qwen3,1000867509,1,white,1
fruits_nuts_rice,qwen3,1000867509,1,label,1
fruits_nuts_rice,qwen3,1000867509,1,small,1
fruits_nuts_rice,qwen3,1000867509,1,bowl,1
fruits_nuts_rice,qwen3,1000867509,1,fill,1
fruits_nuts_rice,qwen3,1000867509,1,stalk,1
fruits_nuts_rice,qwen3,1000867509,1,texture,2
fruits_nuts_rice,qwen3,1000867509,1,green,1
fruits_nuts_rice,qwen3,1000867509,1,surface,1
fruits_nuts_rice,qwen3,1000867509,1,beige,1
fruits_nuts_rice,qwen3,1000867509,1,color,1
fruits_nuts_rice,qwen3,1000867509,1,fine,1
fruits_nuts_rice,qwen3,1000867509,1,granular,1
fruits_nuts_rice,qwen3,1000867509,2,package,1
fruits_nuts_rice,qwen3,1000867509,2,rice,4
fruits_nuts_rice,qwen3,1000867509,2,text,1
fruits_nuts_rice,qwen3,1000867509,2,7일향미,1
fruits_nuts_rice,qwen3,1000867509,2,4kg,1
fruits_nuts_rice,qwen3,1000867509,2,clearly,1
fruits_nuts_rice,qwen3,1000867509,2,visible,1
fruits_nuts_rice,qwen3,1000867509,2,packaging,1
fruits_nuts_rice,qwen3,1000867509,2,light,2
fruits_nuts_rice,qwen3,1000867509,2,color,2
fruits_nuts_rice,qwen3,1000867509,2,matte,1
fruits_nuts_rice,qwen3,1000867509,2,plastic,1
fruits_nuts_rice,qwen3,1000867509,2,bag,2
fruits_nuts_rice,qwen3,1000867509,2,minimalist,1
fruits_nuts_rice,qwen3,1000867509,2,design,1
fruits_nuts_rice,qwen3,1000867509,2,small,1
fruits_nuts_rice,qwen3,1000867509,2,white,2
fruits_nuts_rice,qwen3,1000867509,2,bowl,1
fruits_nuts_rice,qwen3,1000867509,2,fill,1
fruits_nuts_rice,qwen3,1000867509,2,stalk,1
fruits_nuts_rice,qwen3,1000867509,2,cloth,1
fruits_nuts_rice,qwen3,1000867509,2,beige,1
fruits_nuts_rice,qwen3,1000867509,2,fine,1
fruits_nuts_rice,qwen3,1000867509,2,granular,1
fruits_nuts_rice,qwen3,1000867509,2,texture,1
fruits_nuts_rice,qwen3,1000867511,1,bag,5
fruits_nuts_rice,qwen3,1000867511,1,rice,4
fruits_nuts_rice,qwen3,1000867511,1,text,1
fruits_nuts_rice,qwen3,1000867511,1,7일향미,1
fruits_nuts_rice,qwen3,1000867511,1,front,1
fruits_nuts_rice,qwen3,1000867511,1,label,1
fruits_nuts_rice,qwen3,1000867511,1,8kg,1
fruits_nuts_rice,qwen3,1000867511,1,small,2
fruits_nuts_rice,qwen3,1000867511,1,grain,1
fruits_nuts_rice,qwen3,1000867511,1,packaging,1
fruits_nuts_rice,qwen3,1000867511,1,light,2
fruits_nuts_rice,qwen3,1000867511,1,color,1
fruits_nuts_rice,qwen3,1000867511,1,slightly,1
fruits_nuts_rice,qwen3,1000867511,1,translucent,1
fruits_nuts_rice,qwen3,1000867511,1,plastic,1
fruits_nuts_rice,qwen3,1000867511,1,minimalist,1
fruits_nuts_rice,qwen3,1000867511,1,design,1
fruits_nuts_rice,qwen3,1000867511,1,right,1
fruits_nuts_rice,qwen3,1000867511,1,bowl,1
fruits_nuts_rice,qwen3,1000867511,1,fill,1
fruits_nuts_rice,qwen3,1000867511,1,stalk,1
fruits_nuts_rice,qwen3,1000867511,1,soft,1
fruits_nuts_rice,qwen3,1000867511,1,green,1
fruits_nuts_rice,qwen3,1000867511,1,fabric,1
fruits_nuts_rice,qwen3,1000867511,2,bag,4
fruits_nuts_rice,qwen3,1000867511,2,rice,4
fruits_nuts_rice,qwen3,1000867511,2,light,1
fruits_nuts_rice,qwen3,1000867511,2,green,1
fruits_nuts_rice,qwen3,1000867511,2,beige,1
fruits_nuts_rice,qwen3,1000867511,2,surface,1
fruits_nuts_rice,qwen3,1000867511,2,packaging,1
fruits_nuts_rice,qwen3,1000867511,2,white,2
fruits_nuts_rice,qwen3,1000867511,2,slightly,1
fruits_nuts_rice,qwen3,1000867511,2,crumple,1
fruits_nuts_rice,qwen3,1000867511,2,plastic,1
fruits_nuts_rice,qwen3,1000867511,2,korean,1
fruits_nuts_rice,qwen3,1000867511,2,text,1
fruits_nuts_rice,qwen3,1000867511,2,7일향미,1
fruits_nuts_rice,qwen3,1000867511,2,print,1
fruits_nuts_rice,qwen3,1000867511,2,vertically,1
fruits_nuts_rice,qwen3,1000867511,2,right,2
fruits_nuts_rice,qwen3,1000867511,2,side,1
fruits_nuts_rice,qwen3,1000867511,2,weight,1
fruits_nuts_rice,qwen3,1000867511,2,indicate,1
fruits_nuts_rice,qwen3,1000867511,2,8kg,1
fruits_nuts_rice,qwen3,1000867511,2,circular,1
fruits_nuts_rice,qwen3,1000867511,2,visible,1
fruits_nuts_rice,qwen3,1000867511,2,label,1
fruits_nuts_rice,qwen3,1000867511,2,left,1
fruits_nuts_rice,qwen3,1000867511,2,small,1
fruits_nuts_rice,qwen3,1000867511,2,bowl,1
fruits_nuts_rice,qwen3,1000867511,2,fill,1
fruits_nuts_rice,qwen3,1000867511,2,piece,1
fruits_nuts_rice,qwen3,1000867511,2,textured,1
fruits_nuts_rice,qwen3,1000867511,2,paper,1
fruits_nuts_rice,qwen3,1000867511,2,stalk,1
fruits_nuts_rice,qwen3,1000867511,2,dry,1
fruits_nuts_rice,qwen3,1000908371,1,box,3
fruits_nuts_rice,qwen3,1000908371,1,apple,7
fruits_nuts_rice,qwen3,1000908371,1,several,1
fruits_nuts_rice,qwen3,1000908371,1,whole,1
fruits_nuts_rice,qwen3,1000908371,1,cut,2
fruits_nuts_rice,qwen3,1000908371,1,slice,1
fruits_nuts_rice,qwen3,1000908371,1,red,2
fruits_nuts_rice,qwen3,1000908371,1,shiny,1
fruits_nuts_rice,qwen3,1000908371,1,smooth,1
fruits_nuts_rice,qwen3,1000908371,1,skin,1
fruits_nuts_rice,qwen3,1000908371,1,brown,1
fruits_nuts_rice,qwen3,1000908371,1,cardboard,1
fruits_nuts_rice,qwen3,1000908371,1,partially,1
fruits_nuts_rice,qwen3,1000908371,1,open,1
fruits_nuts_rice,qwen3,1000908371,1,reveal,1
fruits_nuts_rice,qwen3,1000908371,1,inside,1
fruits_nuts_rice,qwen3,1000908371,1,arrange,1
fruits_nuts_rice,qwen3,1000908371,1,light,1
fruits_nuts_rice,qwen3,1000908371,1,colored,1
fruits_nuts_rice,qwen3,1000908371,1,cloth,1
fruits_nuts_rice,qwen3,1000908371,1,piece,1
fruits_nuts_rice,qwen3,1000908371,1,front,1
fruits_nuts_rice,qwen3,1000908371,1,fresh,1
fruits_nuts_rice,qwen3,1000908371,1,likely,1
fruits_nuts_rice,qwen3,1000908371,1,type,1
fruits_nuts_rice,qwen3,1000908371,1,possibly,1
fruits_nuts_rice,qwen3,1000908371,1,variety,1
fruits_nuts_rice,qwen3,1000908371,1,fuji,1
fruits_nuts_rice,qwen3,1000908371,1,gala,1
fruits_nuts_rice,qwen3,1000908371,1,packaging,1
fruits_nuts_rice,qwen3,1000908371,1,simple,1
fruits_nuts_rice,qwen3,1000908371,1,natural,1
fruits_nuts_rice,qwen3,1000908371,1,visible,1
fruits_nuts_rice,qwen3,1000908371,1,branding,1
fruits_nuts_rice,qwen3,1000908371,1,text,1
fruits_nuts_rice,qwen3,1000908371,2,collection,1
fruits_nuts_rice,qwen3,1000908371,2,fresh,1
fruits_nuts_rice,qwen3,1000908371,2,apple,7
fruits_nuts_rice,qwen3,1000908371,2,arrange,1
fruits_nuts_rice,qwen3,1000908371,2,light,1
fruits_nuts_rice,qwen3,1000908371,2,color,1
fruits_nuts_rice,qwen3,1000908371,2,texture,1
fruits_nuts_rice,qwen3,1000908371,2,fabric,1
fruits_nuts_rice,qwen3,1000908371,2,predominantly,1
fruits_nuts_rice,qwen3,1000908371,2,red,1
fruits_nuts_rice,qwen3,1000908371,2,yellowish,1
fruits_nuts_rice,qwen3,1000908371,2,tone,1
fruits_nuts_rice,qwen3,1000908371,2,smooth,1
fruits_nuts_rice,qwen3,1000908371,2,slightly,1
fruits_nuts_rice,qwen3,1000908371,2,glossy,1
fruits_nuts_rice,qwen3,1000908371,2,skin,1
fruits_nuts_rice,qwen3,1000908371,2,cut,1
fruits_nuts_rice,qwen3,1000908371,2,half,1
fruits_nuts_rice,qwen3,1000908371,2,reveal,1
fruits_nuts_rice,qwen3,1000908371,2,pale,1
fruits_nuts_rice,qwen3,1000908371,2,yellow,1
fruits_nuts_rice,qwen3,1000908371,2,flesh,1
fruits_nuts_rice,qwen3,1000908371,2,central,1
fruits_nuts_rice,qwen3,1000908371,2,core,1
fruits_nuts_rice,qwen3,1000908371,2,slice,1
fruits_nuts_rice,qwen3,1000908371,2,main,1
fruits_nuts_rice,qwen3,1000908371,2,cardboard,1
fruits_nuts_rice,qwen3,1000908371,2,box,1
fruits_nuts_rice,qwen3,1000908371,2,partially,1
fruits_nuts_rice,qwen3,1000908371,2,visible,1
fruits_nuts_rice,qwen3,1000908371,2,suggest,1
fruits_nuts_rice,qwen3,1000908371,2,package,1
fruits_nuts_rice,qwen3,1000908371,2,store,1
fruits_nuts_rice,qwen3,1000908371,2,standard,1
fruits_nuts_rice,qwen3,1000908371,2,round,1
fruits_nuts_rice,qwen3,1000908371,2,shape,1
fruits_nuts_rice,qwen3,1000973922,1,food,1
fruits_nuts_rice,qwen3,1000973922,1,product,4
fruits_nuts_rice,qwen3,1000973922,1,specifically,1
fruits_nuts_rice,qwen3,1000973922,1,box,4
fruits_nuts_rice,qwen3,1000973922,1,packet,4
fruits_nuts_rice,qwen3,1000973922,1,snack,1
fruits_nuts_rice,qwen3,1000973922,1,mix,2
fruits_nuts_rice,qwen3,1000973922,1,kf365_kurly_fresh,1
fruits_nuts_rice,qwen3,1000973922,1,present,1
fruits_nuts_rice,qwen3,1000973922,1,white,4
fruits_nuts_rice,qwen3,1000973922,1,rectangular,1
fruits_nuts_rice,qwen3,1000973922,1,print,2
fruits_nuts_rice,qwen3,1000973922,1,large,1
fruits_nuts_rice,qwen3,1000973922,1,black,1
fruits_nuts_rice,qwen3,1000973922,1,letter,1
fruits_nuts_rice,qwen3,1000973922,1,small,3
fruits_nuts_rice,qwen3,1000973922,1,text,2
fruits_nuts_rice,qwen3,1000973922,1,korean,2
fruits_nuts_rice,qwen3,1000973922,1,pouch,1
fruits_nuts_rice,qwen3,1000973922,1,bowl,1
fruits_nuts_rice,qwen3,1000973922,1,nut,1
fruits_nuts_rice,qwen3,1000973922,1,include,1
fruits_nuts_rice,qwen3,1000973922,1,cashew,1
fruits_nuts_rice,qwen3,1000973922,1,almond,1
fruits_nuts_rice,qwen3,1000973922,1,pecan,1
fruits_nuts_rice,qwen3,1000973922,1,front,1
fruits_nuts_rice,qwen3,1000973922,1,packaging,2
fruits_nuts_rice,qwen3,1000973922,1,simple,1
fruits_nuts_rice,qwen3,1000973922,1,clean,1
fruits_nuts_rice,qwen3,1000973922,1,minimalist,1
fruits_nuts_rice,qwen3,1000973922,1,design,1
fruits_nuts_rice,qwen3,1000973922,1,weight,1
fruits_nuts_rice,qwen3,1000973922,1,indicate,1
fruits_nuts_rice,qwen3,1000973922,1,20g,1
fruits_nuts_rice,qwen3,1000973922,2,mix,1
fruits_nuts_rice,qwen3,1000973922,2,nut,3
fruits_nuts_rice,qwen3,1000973922,2,small,1
fruits_nuts_rice,qwen3,1000973922,2,white,2
fruits_nuts_rice,qwen3,1000973922,2,bowl,2
fruits_nuts_rice,qwen3,1000973922,2,packet,1
fruits_nuts_rice,qwen3,1000973922,2,product,2
fruits_nuts_rice,qwen3,1000973922,2,label,1
fruits_nuts_rice,qwen3,1000973922,2,kf365_kurly_fresh,1
fruits_nuts_rice,qwen3,1000973922,2,large,1
fruits_nuts_rice,qwen3,1000973922,2,black,1
fruits_nuts_rice,qwen3,1000973922,2,purple,1
fruits_nuts_rice,qwen3,1000973922,2,text,1
fruits_nuts_rice,qwen3,1000973922,2,packaging,1
fruits_nuts_rice,qwen3,1000973922,2,visible,1
fruits_nuts_rice,qwen3,1000973922,2,include,1
fruits_nuts_rice,qwen3,1000973922,2,almond,1
fruits_nuts_rice,qwen3,1000973922,2,walnut,1
fruits_nuts_rice,qwen3,1000973922,2,cashew,1
fruits_nuts_rice,qwen3,1000973922,2,pecan,1
fruits_nuts_rice,qwen3,1000973922,2,hazelnut,1
fruits_nuts_rice,qwen3,1000973922,2,overall,1
fruits_nuts_rice,qwen3,1000973922,2,presentation,1
fruits_nuts_rice,qwen3,1000973922,2,clean,1
fruits_nuts_rice,qwen3,1000973922,2,minimalist,1
fruits_nuts_rice,qwen3,1000973922,2,arrange,1
fruits_nuts_rice,qwen3,1000973922,2,casual,1
fruits_nuts_rice,qwen3,1000973922,2,natural,1
fruits_nuts_rice,qwen3,1000973922,2,manner,1
fruits_nuts_rice,qwen3,1001234463,1,bowl,2
fruits_nuts_rice,qwen3,1001234463,1,fill,1
fruits_nuts_rice,qwen3,1001234463,1,small,1
fruits_nuts_rice,qwen3,1001234463,1,red,2
fruits_nuts_rice,qwen3,1001234463,1,cherry,1
fruits_nuts_rice,qwen3,1001234463,1,tomato,3
fruits_nuts_rice,qwen3,1001234463,1,green,1
fruits_nuts_rice,qwen3,1001234463,1,stem,1
fruits_nuts_rice,qwen3,1001234463,1,present,1
fruits_nuts_rice,qwen3,1001234463,1,light,2
fruits_nuts_rice,qwen3,1001234463,1,colored,1
fruits_nuts_rice,qwen3,1001234463,1,surface,2
fruits_nuts_rice,qwen3,1001234463,1,blue,1
fruits_nuts_rice,qwen3,1001234463,1,surround,1
fruits_nuts_rice,qwen3,1001234463,1,loose,1
fruits_nuts_rice,qwen3,1001234463,1,scatter,1
fruits_nuts_rice,qwen3,1001234463,1,uniformly,1
fruits_nuts_rice,qwen3,1001234463,1,fresh,1
fruits_nuts_rice,qwen3,1001234463,2,bowl,3
fruits_nuts_rice,qwen3,1001234463,2,fill,2
fruits_nuts_rice,qwen3,1001234463,2,small,1
fruits_nuts_rice,qwen3,1001234463,2,red,1
fruits_nuts_rice,qwen3,1001234463,2,cherry,1
fruits_nuts_rice,qwen3,1001234463,2,tomato,3
fruits_nuts_rice,qwen3,1001234463,2,green,1
fruits_nuts_rice,qwen3,1001234463,2,stem,1
fruits_nuts_rice,qwen3,1001234463,2,present,1
fruits_nuts_rice,qwen3,1001234463,2,light,2
fruits_nuts_rice,qwen3,1001234463,2,colored,1
fruits_nuts_rice,qwen3,1001234463,2,surface,2
fruits_nuts_rice,qwen3,1001234463,2,blue,1
fruits_nuts_rice,qwen3,1001234463,2,brim,1
fruits_nuts_rice,qwen3,1001234463,2,arrange,1
fruits_nuts_rice,qwen3,1001234463,2,dense,1
fruits_nuts_rice,qwen3,1001234463,2,pile,1
fruits_nuts_rice,qwen3,1001234463,2,scatter,1
fruits_nuts_rice,qwen3,1001234463,2,left,1
fruits_nuts_rice,qwen3,1001303421,1,several,1
fruits_nuts_rice,qwen3,1001303421,1,apple,4
fruits_nuts_rice,qwen3,1001303421,1,arrange,1
fruits_nuts_rice,qwen3,1001303421,1,light,2
fruits_nuts_rice,qwen3,1001303421,1,color,1
fruits_nuts_rice,qwen3,1001303421,1,textured,1
fruits_nuts_rice,qwen3,1001303421,1,cloth,1
fruits_nuts_rice,qwen3,1001303421,1,predominantly,1
fruits_nuts_rice,qwen3,1001303421,1,red,1
fruits_nuts_rice,qwen3,1001303421,1,yellowish,1
fruits_nuts_rice,qwen3,1001303421,1,tone,1
fruits_nuts_rice,qwen3,1001303421,1,smooth,1
fruits_nuts_rice,qwen3,1001303421,1,glossy,1
fruits_nuts_rice,qwen3,1001303421,1,surface,1
fruits_nuts_rice,qwen3,1001303421,1,cut,1
fruits_nuts_rice,qwen3,1001303421,1,half,1
fruits_nuts_rice,qwen3,1001303421,1,reveal,1
fruits_nuts_rice,qwen3,1001303421,1,pale,1
fruits_nuts_rice,qwen3,1001303421,1,yellow,1
fruits_nuts_rice,qwen3,1001303421,1,flesh,1
fruits_nuts_rice,qwen3,1001303421,1,small,1
fruits_nuts_rice,qwen3,1001303421,1,dark,1
fruits_nuts_rice,qwen3,1001303421,1,seed,1
fruits_nuts_rice,qwen3,1001303421,1,neutral,1
fruits_nuts_rice,qwen3,1001303421,1,gray,1
fruits_nuts_rice,qwen3,1001303421,2,several,1
fruits_nuts_rice,qwen3,1001303421,2,apple,5
fruits_nuts_rice,qwen3,1001303421,2,arrange,2
fruits_nuts_rice,qwen3,1001303421,2,light,2
fruits_nuts_rice,qwen3,1001303421,2,color,1
fruits_nuts_rice,qwen3,1001303421,2,texture,1
fruits_nuts_rice,qwen3,1001303421,2,fabric,2
fruits_nuts_rice,qwen3,1001303421,2,predominantly,1
fruits_nuts_rice,qwen3,1001303421,2,red,1
fruits_nuts_rice,qwen3,1001303421,2,yellowish,1
fruits_nuts_rice,qwen3,1001303421,2,patch,1
fruits_nuts_rice,qwen3,1001303421,2,smooth,1
fruits_nuts_rice,qwen3,1001303421,2,slightly,2
fruits_nuts_rice,qwen3,1001303421,2,glossy,1
fruits_nuts_rice,qwen3,1001303421,2,surface,2
fruits_nuts_rice,qwen3,1001303421,2,2,1
fruits_nuts_rice,qwen3,1001303421,2,cut,1
fruits_nuts_rice,qwen3,1001303421,2,half,1
fruits_nuts_rice,qwen3,1001303421,2,reveal,1
fruits_nuts_rice,qwen3,1001303421,2,pale,1
fruits_nuts_rice,qwen3,1001303421,2,yellow,1
fruits_nuts_rice,qwen3,1001303421,2,flesh,1
fruits_nuts_rice,qwen3,1001303421,2,central,1
fruits_nuts_rice,qwen3,1001303421,2,core,1
fruits_nuts_rice,qwen3,1001303421,2,gray,1
fruits_nuts_rice,qwen3,1001303421,2,natural,1
fruits_nuts_rice,qwen3,1001303421,2,frayed,1
fruits_nuts_rice,qwen3,1001303421,2,edge,1
fruits_nuts_rice,qwen3,1001303421,2,fresh,1
fruits_nuts_rice,qwen3,1001303421,2,casual,1
fruits_nuts_rice,qwen3,1001303421,2,appeal,1
fruits_nuts_rice,qwen3,1001303421,2,manner,1
fruits_nuts_rice,qwen3,1001502284,1,pile,1
fruits_nuts_rice,qwen3,1001502284,1,fresh,1
fruits_nuts_rice,qwen3,1001502284,1,cherry,2
fruits_nuts_rice,qwen3,1001502284,1,scatter,1
fruits_nuts_rice,qwen3,1001502284,1,white,1
fruits_nuts_rice,qwen3,1001502284,1,textured,1
fruits_nuts_rice,qwen3,1001502284,1,cloth,2
fruits_nuts_rice,qwen3,1001502284,1,dark,1
fruits_nuts_rice,qwen3,1001502284,1,red,1
fruits_nuts_rice,qwen3,1001502284,1,glossy,1
fruits_nuts_rice,qwen3,1001502284,1,surface,2
fruits_nuts_rice,qwen3,1001502284,1,long,1
fruits_nuts_rice,qwen3,1001502284,1,thin,1
fruits_nuts_rice,qwen3,1001502284,1,stem,1
fruits_nuts_rice,qwen3,1001502284,1,slightly,1
fruits_nuts_rice,qwen3,1001502284,1,wrinkle,1
fruits_nuts_rice,qwen3,1001502284,1,natural,1
fruits_nuts_rice,qwen3,1001502284,1,fabric,1
fruits_nuts_rice,qwen3,1001502284,1,neutral,1
fruits_nuts_rice,qwen3,1001502284,1,light,1
fruits_nuts_rice,qwen3,1001502284,1,gray,1
fruits_nuts_rice,qwen3,1001502284,2,pile,1
fruits_nuts_rice,qwen3,1001502284,2,fresh,2
fruits_nuts_rice,qwen3,1001502284,2,dark,1
fruits_nuts_rice,qwen3,1001502284,2,red,1
fruits_nuts_rice,qwen3,1001502284,2,cherry,3
fruits_nuts_rice,qwen3,1001502284,2,green,1
fruits_nuts_rice,qwen3,1001502284,2,stem,1
fruits_nuts_rice,qwen3,1001502284,2,scatter,1
fruits_nuts_rice,qwen3,1001502284,2,light,2
fruits_nuts_rice,qwen3,1001502284,2,color,1
fruits_nuts_rice,qwen3,1001502284,2,textured,1
fruits_nuts_rice,qwen3,1001502284,2,cloth,1
fruits_nuts_rice,qwen3,1001502284,2,glossy,1
fruits_nuts_rice,qwen3,1001502284,2,water,1
fruits_nuts_rice,qwen3,1001502284,2,droplet,1
fruits_nuts_rice,qwen3,1001502284,2,visible,1
fruits_nuts_rice,qwen3,1001502284,2,surface,2
fruits_nuts_rice,qwen3,1001502284,2,indicate,1
fruits_nuts_rice,qwen3,1001502284,2,possibly,1
fruits_nuts_rice,qwen3,1001502284,2,recently,1
fruits_nuts_rice,qwen3,1001502284,2,wash,1
fruits_nuts_rice,qwen3,1001502284,2,arrange,1
fruits_nuts_rice,qwen3,1001502284,2,natural,1
fruits_nuts_rice,qwen3,1001502284,2,loose,1
fruits_nuts_rice,qwen3,1001502284,2,cluster,1
fruits_nuts_rice,qwen3,1001502284,2,lie,1
fruits_nuts_rice,qwen3,1001502284,2,side,1
fruits_nuts_rice,qwen3,1001502284,2,stand,1
fruits_nuts_rice,qwen3,1001502284,2,upright,1
fruits_nuts_rice,qwen3,1001502284,2,neutral,1
fruits_nuts_rice,qwen3,1001502284,2,gray,1
fruits_nuts_rice,qwen3,1001729429,1,bag,2
fruits_nuts_rice,qwen3,1001729429,1,rice,4
fruits_nuts_rice,qwen3,1001729429,1,brand,1
fruits_nuts_rice,qwen3,1001729429,1,쌀명당,1
fruits_nuts_rice,qwen3,1001729429,1,visible,2
fruits_nuts_rice,qwen3,1001729429,1,packaging,3
fruits_nuts_rice,qwen3,1001729429,1,product,1
fruits_nuts_rice,qwen3,1001729429,1,label,1
fruits_nuts_rice,qwen3,1001729429,1,고시히카리,1
fruits_nuts_rice,qwen3,1001729429,1,type,1
fruits_nuts_rice,qwen3,1001729429,1,weight,1
fruits_nuts_rice,qwen3,1001729429,1,indicate,1
fruits_nuts_rice,qwen3,1001729429,1,10kg,1
fruits_nuts_rice,qwen3,1001729429,1,primarily,1
fruits_nuts_rice,qwen3,1001729429,1,white,2
fruits_nuts_rice,qwen3,1001729429,1,purple,1
fruits_nuts_rice,qwen3,1001729429,1,section,1
fruits_nuts_rice,qwen3,1001729429,1,right,1
fruits_nuts_rice,qwen3,1001729429,1,side,1
fruits_nuts_rice,qwen3,1001729429,1,small,1
fruits_nuts_rice,qwen3,1001729429,1,bowl,1
fruits_nuts_rice,qwen3,1001729429,1,grain,1
fruits_nuts_rice,qwen3,1001729429,1,smooth,1
fruits_nuts_rice,qwen3,1001729429,1,texture,1
fruits_nuts_rice,qwen3,1001729429,1,include,1
fruits_nuts_rice,qwen3,1001729429,1,gold,1
fruits_nuts_rice,qwen3,1001729429,1,emblem,1
fruits_nuts_rice,qwen3,1001729429,1,character,1
fruits_nuts_rice,qwen3,1001729429,1,특,1
fruits_nuts_rice,qwen3,1001729429,1,likely,1
fruits_nuts_rice,qwen3,1001729429,1,signify,1
fruits_nuts_rice,qwen3,1001729429,1,special,1
fruits_nuts_rice,qwen3,1001729429,1,premium,1
fruits_nuts_rice,qwen3,1001729429,1,quality,1
fruits_nuts_rice,qwen3,1001729429,2,white,3
fruits_nuts_rice,qwen3,1001729429,2,bowl,3
fruits_nuts_rice,qwen3,1001729429,2,fill,1
fruits_nuts_rice,qwen3,1001729429,2,uncooked,1
fruits_nuts_rice,qwen3,1001729429,2,rice,2
fruits_nuts_rice,qwen3,1001729429,2,grain,3
fruits_nuts_rice,qwen3,1001729429,2,scatter,1
fruits_nuts_rice,qwen3,1001729429,2,cloth,1
fruits_nuts_rice,qwen3,1001729429,2,surface,1
fruits_nuts_rice,qwen3,1001729429,2,small,1
fruits_nuts_rice,qwen3,1001729429,2,oval,1
fruits_nuts_rice,qwen3,1001729429,2,shape,1
fruits_nuts_rice,qwen3,1001729429,2,translucent,1
fruits_nuts_rice,qwen3,1001729429,2,appearance,1
fruits_nuts_rice,qwen3,1001729429,2,ceramic,1
fruits_nuts_rice,qwen3,1001729429,2,simple,1
fruits_nuts_rice,qwen3,1001729429,2,clean,1
fruits_nuts_rice,qwen3,1001729429,2,design,1
fruits_nuts_rice,qwen3,1001882653,1,white,1
fruits_nuts_rice,qwen3,1001882653,1,oval,1
fruits_nuts_rice,qwen3,1001882653,1,bowl,2
fruits_nuts_rice,qwen3,1001882653,1,several,1
fruits_nuts_rice,qwen3,1001882653,1,apple,2
fruits_nuts_rice,qwen3,1001882653,1,cut,1
fruits_nuts_rice,qwen3,1001882653,1,half,1
fruits_nuts_rice,qwen3,1001882653,1,2,1
fruits_nuts_rice,qwen3,1001882653,1,slice,1
fruits_nuts_rice,qwen3,1001882653,1,surface,2
fruits_nuts_rice,qwen3,1001882653,1,red,1
fruits_nuts_rice,qwen3,1001882653,1,yellow,2
fruits_nuts_rice,qwen3,1001882653,1,striped,1
fruits_nuts_rice,qwen3,1001882653,1,skin,1
fruits_nuts_rice,qwen3,1001882653,1,pale,1
fruits_nuts_rice,qwen3,1001882653,1,flesh,1
fruits_nuts_rice,qwen3,1001882653,1,set,1
fruits_nuts_rice,qwen3,1001882653,1,light,1
fruits_nuts_rice,qwen3,1001882653,1,gray,1
fruits_nuts_rice,qwen3,1001882653,2,white,1
fruits_nuts_rice,qwen3,1001882653,2,oval,1
fruits_nuts_rice,qwen3,1001882653,2,plate,2
fruits_nuts_rice,qwen3,1001882653,2,hold,1
fruits_nuts_rice,qwen3,1001882653,2,several,1
fruits_nuts_rice,qwen3,1001882653,2,whole,1
fruits_nuts_rice,qwen3,1001882653,2,apple,2
fruits_nuts_rice,qwen3,1001882653,2,cut,1
fruits_nuts_rice,qwen3,1001882653,2,half,1
fruits_nuts_rice,qwen3,1001882653,2,2,1
fruits_nuts_rice,qwen3,1001882653,2,slice,1
fruits_nuts_rice,qwen3,1001882653,2,grey,2
fruits_nuts_rice,qwen3,1001882653,2,surface,1
fruits_nuts_rice,qwen3,1001882653,2,red,1
fruits_nuts_rice,qwen3,1001882653,2,yellow,2
fruits_nuts_rice,qwen3,1001882653,2,skin,1
fruits_nuts_rice,qwen3,1001882653,2,stripe,1
fruits_nuts_rice,qwen3,1001882653,2,flesh,1
fruits_nuts_rice,qwen3,1001882653,2,pale,1
fruits_nuts_rice,qwen3,1001882653,2,visible,1
fruits_nuts_rice,qwen3,1001882653,2,seed,1
fruits_nuts_rice,qwen3,1001882653,2,set,1
fruits_nuts_rice,qwen3,1001882653,2,plain,1
fruits_nuts_rice,qwen3,1002140343,1,3,1
fruits_nuts_rice,qwen3,1002140343,1,whole,1
fruits_nuts_rice,qwen3,1002140343,1,avocado,3
fruits_nuts_rice,qwen3,1002140343,1,arrange,1
fruits_nuts_rice,qwen3,1002140343,1,white,1
fruits_nuts_rice,qwen3,1002140343,1,oval,1
fruits_nuts_rice,qwen3,1002140343,1,plate,3
fruits_nuts_rice,qwen3,1002140343,1,blue,1
fruits_nuts_rice,qwen3,1002140343,1,rim,1
fruits_nuts_rice,qwen3,1002140343,1,right,1
fruits_nuts_rice,qwen3,1002140343,1,2,1
fruits_nuts_rice,qwen3,1002140343,1,half,1
fruits_nuts_rice,qwen3,1002140343,1,green,1
fruits_nuts_rice,qwen3,1002140343,1,flesh,1
fruits_nuts_rice,qwen3,1002140343,1,brown,1
fruits_nuts_rice,qwen3,1002140343,1,seed,1
fruits_nuts_rice,qwen3,1002140343,1,dark,1
fruits_nuts_rice,qwen3,1002140343,1,bumpy,1
fruits_nuts_rice,qwen3,1002140343,1,skin,1
fruits_nuts_rice,qwen3,1002140343,1,light,1
fruits_nuts_rice,qwen3,1002140343,1,gray,1
fruits_nuts_rice,qwen3,1002140343,1,surface,1
fruits_nuts_rice,qwen3,1002140343,2,avocado,4
fruits_nuts_rice,qwen3,1002140343,2,present,1
fruits_nuts_rice,qwen3,1002140343,2,white,1
fruits_nuts_rice,qwen3,1002140343,2,plate,1
fruits_nuts_rice,qwen3,1002140343,2,blue,1
fruits_nuts_rice,qwen3,1002140343,2,rim,1
fruits_nuts_rice,qwen3,1002140343,2,whole,1
fruits_nuts_rice,qwen3,1002140343,2,cut,1
fruits_nuts_rice,qwen3,1002140343,2,half,2
fruits_nuts_rice,qwen3,1002140343,2,pit,2
fruits_nuts_rice,qwen3,1002140343,2,inside,1
fruits_nuts_rice,qwen3,1002140343,2,flesh,2
fruits_nuts_rice,qwen3,1002140343,2,pale,1
fruits_nuts_rice,qwen3,1002140343,2,green,1
fruits_nuts_rice,qwen3,1002140343,2,brown,1
fruits_nuts_rice,qwen3,1002140343,2,spoon,1
fruits_nuts_rice,qwen3,1002140343,2,hold,1
fruits_nuts_rice,qwen3,1002140343,2,scoop,1
fruits_nuts_rice,qwen3,5003716,1,bunch,1
fruits_nuts_rice,qwen3,5003716,1,ripe,1
fruits_nuts_rice,qwen3,5003716,1,banana,2
fruits_nuts_rice,qwen3,5003716,1,yellow,1
fruits_nuts_rice,qwen3,5003716,1,peel,1
fruits_nuts_rice,qwen3,5003716,1,green,1
fruits_nuts_rice,qwen3,5003716,1,stem,1
fruits_nuts_rice,qwen3,5003716,1,fold,1
fruits_nuts_rice,qwen3,5003716,1,white,1
fruits_nuts_rice,qwen3,5003716,1,cloth,2
fruits_nuts_rice,qwen3,5003716,1,arrange,1
fruits_nuts_rice,qwen3,5003716,1,natural,1
fruits_nuts_rice,qwen3,5003716,1,slightly,1
fruits_nuts_rice,qwen3,5003716,1,curved,1
fruits_nuts_rice,qwen3,5003716,1,formation,1
fruits_nuts_rice,qwen3,5003716,1,light,1
fruits_nuts_rice,qwen3,5003716,1,color,1
fruits_nuts_rice,qwen3,5003716,1,flat,1
fruits_nuts_rice,qwen3,5003716,1,surface,1
fruits_nuts_rice,qwen3,5003716,2,bunch,1
fruits_nuts_rice,qwen3,5003716,2,ripe,1
fruits_nuts_rice,qwen3,5003716,2,banana,4
fruits_nuts_rice,qwen3,5003716,2,peel,3
fruits_nuts_rice,qwen3,5003716,2,white,3
fruits_nuts_rice,qwen3,5003716,2,cloth,2
fruits_nuts_rice,qwen3,5003716,2,arrange,1
fruits_nuts_rice,qwen3,5003716,2,light,2
fruits_nuts_rice,qwen3,5003716,2,colored,2
fruits_nuts_rice,qwen3,5003716,2,surface,2
fruits_nuts_rice,qwen3,5003716,2,yellow,1
fruits_nuts_rice,qwen3,5003716,2,green,1
fruits_nuts_rice,qwen3,5003716,2,end,1
fruits_nuts_rice,qwen3,5003716,2,indicate,1
fruits_nuts_rice,qwen3,5003716,2,fresh,1
fruits_nuts_rice,qwen3,5003716,2,back,1
fruits_nuts_rice,qwen3,5003716,2,reveal,1
fruits_nuts_rice,qwen3,5003716,2,flesh,1
fruits_nuts_rice,qwen3,5003716,2,inside,1
fruits_nuts_rice,qwen3,5025577,1,several,1
fruits_nuts_rice,qwen3,5025577,1,kiwis,2
fruits_nuts_rice,qwen3,5025577,1,arrange,1
fruits_nuts_rice,qwen3,5025577,1,wooden,1
fruits_nuts_rice,qwen3,5025577,1,cutting,1
fruits_nuts_rice,qwen3,5025577,1,board,2
fruits_nuts_rice,qwen3,5025577,1,kiwi,2
fruits_nuts_rice,qwen3,5025577,1,cut,1
fruits_nuts_rice,qwen3,5025577,1,half,1
fruits_nuts_rice,qwen3,5025577,1,reveal,1
fruits_nuts_rice,qwen3,5025577,1,pale,1
fruits_nuts_rice,qwen3,5025577,1,yellow,1
fruits_nuts_rice,qwen3,5025577,1,flesh,1
fruits_nuts_rice,qwen3,5025577,1,dark,1
fruits_nuts_rice,qwen3,5025577,1,seed,1
fruits_nuts_rice,qwen3,5025577,1,2,1
fruits_nuts_rice,qwen3,5025577,1,slice,1
fruits_nuts_rice,qwen3,5025577,1,surface,1
fruits_nuts_rice,qwen3,5025577,1,front,1
fruits_nuts_rice,qwen3,5025577,1,brownish,1
fruits_nuts_rice,qwen3,5025577,1,green,1
fruits_nuts_rice,qwen3,5025577,1,skin,1
fruits_nuts_rice,qwen3,5025577,1,label,1
fruits_nuts_rice,qwen3,5025577,1,sticker,1
fruits_nuts_rice,qwen3,5025577,1,read,1
fruits_nuts_rice,qwen3,5025577,1,zespri,1
fruits_nuts_rice,qwen3,5025577,2,several,1
fruits_nuts_rice,qwen3,5025577,2,kiwis,3
fruits_nuts_rice,qwen3,5025577,2,arrange,1
fruits_nuts_rice,qwen3,5025577,2,wooden,1
fruits_nuts_rice,qwen3,5025577,2,cutting,1
fruits_nuts_rice,qwen3,5025577,2,board,1
fruits_nuts_rice,qwen3,5025577,2,light,1
fruits_nuts_rice,qwen3,5025577,2,brown,1
fruits_nuts_rice,qwen3,5025577,2,color,1
fruits_nuts_rice,qwen3,5025577,2,fuzzy,1
fruits_nuts_rice,qwen3,5025577,2,textured,1
fruits_nuts_rice,qwen3,5025577,2,skin,1
fruits_nuts_rice,qwen3,5025577,2,kiwi,2
fruits_nuts_rice,qwen3,5025577,2,cut,1
fruits_nuts_rice,qwen3,5025577,2,half,1
fruits_nuts_rice,qwen3,5025577,2,reveal,1
fruits_nuts_rice,qwen3,5025577,2,pale,1
fruits_nuts_rice,qwen3,5025577,2,yellow,1
fruits_nuts_rice,qwen3,5025577,2,flesh,1
fruits_nuts_rice,qwen3,5025577,2,small,1
fruits_nuts_rice,qwen3,5025577,2,dark,1
fruits_nuts_rice,qwen3,5025577,2,seed,1
fruits_nuts_rice,qwen3,5025577,2,packaging,1
fruits_nuts_rice,qwen3,5025577,2,blue,1
fruits_nuts_rice,qwen3,5025577,2,white,1
fruits_nuts_rice,qwen3,5025577,2,label,1
fruits_nuts_rice,qwen3,5025577,2,brand,1
fruits_nuts_rice,qwen3,5025577,2,zespri,1
fruits_nuts_rice,qwen3,5025577,2,visible,1
fruits_nuts_rice,qwen3,5025577,2,2,1
fruits_nuts_rice,qwen3,5025577,2,slice,1
fruits_nuts_rice,qwen3,5025577,2,front,1
fruits_nuts_rice,qwen3,5025577,2,main,1
fruits_nuts_rice,qwen3,5025577,2,fruit,1
fruits_nuts_rice,qwen3,5027321,1,several,1
fruits_nuts_rice,qwen3,5027321,1,peach,5
fruits_nuts_rice,qwen3,5027321,1,arrange,2
fruits_nuts_rice,qwen3,5027321,1,white,2
fruits_nuts_rice,qwen3,5027321,1,texture,1
fruits_nuts_rice,qwen3,5027321,1,surface,1
fruits_nuts_rice,qwen3,5027321,1,wooden,1
fruits_nuts_rice,qwen3,5027321,1,bowl,2
fruits_nuts_rice,qwen3,5027321,1,line,1
fruits_nuts_rice,qwen3,5027321,1,cloth,2
fruits_nuts_rice,qwen3,5027321,1,vibrant,1
fruits_nuts_rice,qwen3,5027321,1,red,2
fruits_nuts_rice,qwen3,5027321,1,yellow,2
fruits_nuts_rice,qwen3,5027321,1,coloration,1
fruits_nuts_rice,qwen3,5027321,1,mix,1
fruits_nuts_rice,qwen3,5027321,1,hue,1
fruits_nuts_rice,qwen3,5027321,1,accompany,1
fruits_nuts_rice,qwen3,5027321,1,green,1
fruits_nuts_rice,qwen3,5027321,1,leaf,1
fruits_nuts_rice,qwen3,5027321,1,scatter,1
fruits_nuts_rice,qwen3,5027321,1,fresh,1
fruits_nuts_rice,qwen3,5027321,1,natural,1
fruits_nuts_rice,qwen3,5027321,1,rustic,1
fruits_nuts_rice,qwen3,5027321,1,style,1
fruits_nuts_rice,qwen3,5027321,2,several,1
fruits_nuts_rice,qwen3,5027321,2,fresh,1
fruits_nuts_rice,qwen3,5027321,2,peach,5
fruits_nuts_rice,qwen3,5027321,2,arrange,1
fruits_nuts_rice,qwen3,5027321,2,white,1
fruits_nuts_rice,qwen3,5027321,2,cloth,1
fruits_nuts_rice,qwen3,5027321,2,vibrant,1
fruits_nuts_rice,qwen3,5027321,2,red,1
fruits_nuts_rice,qwen3,5027321,2,yellow,1
fruits_nuts_rice,qwen3,5027321,2,coloration,1
fruits_nuts_rice,qwen3,5027321,2,smooth,1
fruits_nuts_rice,qwen3,5027321,2,slightly,1
fruits_nuts_rice,qwen3,5027321,2,glossy,1
fruits_nuts_rice,qwen3,5027321,2,surface,2
fruits_nuts_rice,qwen3,5027321,2,small,1
fruits_nuts_rice,qwen3,5027321,2,water,1
fruits_nuts_rice,qwen3,5027321,2,droplet,1
fruits_nuts_rice,qwen3,5027321,2,indicate,1
fruits_nuts_rice,qwen3,5027321,2,freshness,1
fruits_nuts_rice,qwen3,5027321,2,accompany,1
fruits_nuts_rice,qwen3,5027321,2,green,1
fruits_nuts_rice,qwen3,5027321,2,leaf,1
fruits_nuts_rice,qwen3,5027321,2,wooden,2
fruits_nuts_rice,qwen3,5027321,2,bowl,1
fruits_nuts_rice,qwen3,5027321,2,container,1
fruits_nuts_rice,qwen3,5027321,2,light,1
fruits_nuts_rice,qwen3,5027321,2,color,1
fruits_nuts_rice,qwen3,5031442,1,bunch,1
fruits_nuts_rice,qwen3,5031442,1,ripe,1
fruits_nuts_rice,qwen3,5031442,1,yellow,1
fruits_nuts_rice,qwen3,5031442,1,banana,3
fruits_nuts_rice,qwen3,5031442,1,arrange,1
fruits_nuts_rice,qwen3,5031442,1,peel,1
fruits_nuts_rice,qwen3,5031442,1,slice,1
fruits_nuts_rice,qwen3,5031442,1,wooden,1
fruits_nuts_rice,qwen3,5031442,1,plate,3
fruits_nuts_rice,qwen3,5031442,1,sliced,1
fruits_nuts_rice,qwen3,5031442,1,white,1
fruits_nuts_rice,qwen3,5031442,1,fork,1
fruits_nuts_rice,qwen3,5031442,1,hold,1
fruits_nuts_rice,qwen3,5031442,1,piece,1
fruits_nuts_rice,qwen3,5031442,1,natural,1
fruits_nuts_rice,qwen3,5031442,1,wood,1
fruits_nuts_rice,qwen3,5031442,1,grain,1
fruits_nuts_rice,qwen3,5031442,1,light,1
fruits_nuts_rice,qwen3,5031442,1,blue,1
fruits_nuts_rice,qwen3,5031442,1,surface,1
fruits_nuts_rice,qwen3,5031442,2,bunch,1
fruits_nuts_rice,qwen3,5031442,2,ripe,1
fruits_nuts_rice,qwen3,5031442,2,yellow,1
fruits_nuts_rice,qwen3,5031442,2,banana,3
fruits_nuts_rice,qwen3,5031442,2,arrange,1
fruits_nuts_rice,qwen3,5031442,2,peel,1
fruits_nuts_rice,qwen3,5031442,2,slice,1
fruits_nuts_rice,qwen3,5031442,2,wooden,1
fruits_nuts_rice,qwen3,5031442,2,plate,4
fruits_nuts_rice,qwen3,5031442,2,sliced,1
fruits_nuts_rice,qwen3,5031442,2,white,1
fruits_nuts_rice,qwen3,5031442,2,fork,1
fruits_nuts_rice,qwen3,5031442,2,light,1
fruits_nuts_rice,qwen3,5031442,2,blue,1
fruits_nuts_rice,qwen3,5031442,2,surface,1
fruits_nuts_rice,qwen3,5034841,1,white,1
fruits_nuts_rice,qwen3,5034841,1,oval,1
fruits_nuts_rice,qwen3,5034841,1,bowl,2
fruits_nuts_rice,qwen3,5034841,1,pile,1
fruits_nuts_rice,qwen3,5034841,1,small,1
fruits_nuts_rice,qwen3,5034841,1,round,1
fruits_nuts_rice,qwen3,5034841,1,orange,1
fruits_nuts_rice,qwen3,5034841,1,colored,1
fruits_nuts_rice,qwen3,5034841,1,citrus,1
fruits_nuts_rice,qwen3,5034841,1,fruit,3
fruits_nuts_rice,qwen3,5034841,1,likely,1
fruits_nuts_rice,qwen3,5034841,1,kumquat,1
fruits_nuts_rice,qwen3,5034841,1,cut,2
fruits_nuts_rice,qwen3,5034841,1,half,1
fruits_nuts_rice,qwen3,5034841,1,reveal,1
fruits_nuts_rice,qwen3,5034841,1,segment,1
fruits_nuts_rice,qwen3,5034841,1,interior,2
fruits_nuts_rice,qwen3,5034841,1,partially,1
fruits_nuts_rice,qwen3,5034841,1,juicy,1
fruits_nuts_rice,qwen3,5034841,1,light,1
fruits_nuts_rice,qwen3,5034841,1,color,1
fruits_nuts_rice,qwen3,5034841,1,texture,1
fruits_nuts_rice,qwen3,5034841,1,surface,1
fruits_nuts_rice,qwen3,5034841,2,collection,1
fruits_nuts_rice,qwen3,5034841,2,small,1
fruits_nuts_rice,qwen3,5034841,2,round,2
fruits_nuts_rice,qwen3,5034841,2,citrus,1
fruits_nuts_rice,qwen3,5034841,2,fruit,4
fruits_nuts_rice,qwen3,5034841,2,likely,1
fruits_nuts_rice,qwen3,5034841,2,tangerine,1
fruits_nuts_rice,qwen3,5034841,2,clementine,1
fruits_nuts_rice,qwen3,5034841,2,arrange,1
fruits_nuts_rice,qwen3,5034841,2,white,2
fruits_nuts_rice,qwen3,5034841,2,plate,2
fruits_nuts_rice,qwen3,5034841,2,surface,3
fruits_nuts_rice,qwen3,5034841,2,light,2
fruits_nuts_rice,qwen3,5034841,2,colored,2
fruits_nuts_rice,qwen3,5034841,2,cloth,1
fruits_nuts_rice,qwen3,5034841,2,bright,1
fruits_nuts_rice,qwen3,5034841,2,orange,2
fruits_nuts_rice,qwen3,5034841,2,color,1
fruits_nuts_rice,qwen3,5034841,2,texture,1
fruits_nuts_rice,qwen3,5034841,2,pebbled,1
fruits_nuts_rice,qwen3,5034841,2,skin,1
fruits_nuts_rice,qwen3,5034841,2,cut,2
fruits_nuts_rice,qwen3,5034841,2,half,2
fruits_nuts_rice,qwen3,5034841,2,reveal,1
fruits_nuts_rice,qwen3,5034841,2,segment,1
fruits_nuts_rice,qwen3,5034841,2,juicy,1
fruits_nuts_rice,qwen3,5034841,2,interior,1
fruits_nuts_rice,qwen3,5034841,2,pale,1
fruits_nuts_rice,qwen3,5034841,2,flesh,1
fruits_nuts_rice,qwen3,5034841,2,separately,1
fruits_nuts_rice,qwen3,5034841,2,plain,1
fruits_nuts_rice,qwen3,5035954,1,2,1
fruits_nuts_rice,qwen3,5035954,1,clear,1
fruits_nuts_rice,qwen3,5035954,1,square,1
fruits_nuts_rice,qwen3,5035954,1,shape,1
fruits_nuts_rice,qwen3,5035954,1,glass,1
fruits_nuts_rice,qwen3,5035954,1,bowl,2
fruits_nuts_rice,qwen3,5035954,1,fill,1
fruits_nuts_rice,qwen3,5035954,1,fresh,1
fruits_nuts_rice,qwen3,5035954,1,blueberry,3
fruits_nuts_rice,qwen3,5035954,1,dark,1
fruits_nuts_rice,qwen3,5035954,1,purple,1
fruits_nuts_rice,qwen3,5035954,1,wet,1
fruits_nuts_rice,qwen3,5035954,1,glossy,1
fruits_nuts_rice,qwen3,5035954,1,surface,2
fruits_nuts_rice,qwen3,5035954,1,light,1
fruits_nuts_rice,qwen3,5035954,1,colored,1
fruits_nuts_rice,qwen3,5035954,1,marble,1
fruits_nuts_rice,qwen3,5035954,1,scatter,1
fruits_nuts_rice,qwen3,5035954,1,mint,1
fruits_nuts_rice,qwen3,5035954,1,leave,1
fruits_nuts_rice,qwen3,5035954,2,bowl,2
fruits_nuts_rice,qwen3,5035954,2,yogurt,2
fruits_nuts_rice,qwen3,5035954,2,present,1
fruits_nuts_rice,qwen3,5035954,2,white,1
fruits_nuts_rice,qwen3,5035954,2,plate,1
fruits_nuts_rice,qwen3,5035954,2,top,1
fruits_nuts_rice,qwen3,5035954,2,fresh,1
fruits_nuts_rice,qwen3,5035954,2,blueberry,2
fruits_nuts_rice,qwen3,5035954,2,sprig,1
fruits_nuts_rice,qwen3,5035954,2,mint,1
fruits_nuts_rice,qwen3,5035954,2,serve,1
fruits_nuts_rice,qwen3,5035954,2,clear,2
fruits_nuts_rice,qwen3,5035954,2,glass,2
fruits_nuts_rice,qwen3,5035954,2,scalloped,1
fruits_nuts_rice,qwen3,5035954,2,edge,1
fruits_nuts_rice,qwen3,5035954,2,spoon,1
fruits_nuts_rice,qwen3,5035954,2,inside,1
fruits_nuts_rice,qwen3,5035954,2,right,1
fruits_nuts_rice,qwen3,5035954,2,container,1
fruits_nuts_rice,qwen3,5035954,2,hold,1
fruits_nuts_rice,qwen3,5035954,2,generous,1
fruits_nuts_rice,qwen3,5035954,2,entire,1
fruits_nuts_rice,qwen3,5035954,2,setup,1
fruits_nuts_rice,qwen3,5035954,2,texture,1
fruits_nuts_rice,qwen3,5035954,2,light,1
fruits_nuts_rice,qwen3,5035954,2,gray,1
fruits_nuts_rice,qwen3,5035954,2,surface,1
fruits_nuts_rice,qwen3,5036748,1,package,1
fruits_nuts_rice,qwen3,5036748,1,kiwi,3
fruits_nuts_rice,qwen3,5036748,1,fruit,1
fruits_nuts_rice,qwen3,5036748,1,specifically,1
fruits_nuts_rice,qwen3,5036748,1,zespi,2
fruits_nuts_rice,qwen3,5036748,1,brand,2
fruits_nuts_rice,qwen3,5036748,1,type,1
fruits_nuts_rice,qwen3,5036748,1,packaging,1
fruits_nuts_rice,qwen3,5036748,1,clear,1
fruits_nuts_rice,qwen3,5036748,1,plastic,1
fruits_nuts_rice,qwen3,5036748,1,container,1
fruits_nuts_rice,qwen3,5036748,1,yellow,1
fruits_nuts_rice,qwen3,5036748,1,green,2
fruits_nuts_rice,qwen3,5036748,1,label,2
fruits_nuts_rice,qwen3,5036748,1,sliced,1
fruits_nuts_rice,qwen3,5036748,1,circle,1
fruits_nuts_rice,qwen3,5036748,1,include,1
fruits_nuts_rice,qwen3,5036748,1,korean,1
fruits_nuts_rice,qwen3,5036748,1,text,1
fruits_nuts_rice,qwen3,5036748,1,read,1
fruits_nuts_rice,qwen3,5036748,1,제스프리_썬골드키위,1
fruits_nuts_rice,qwen3,5036748,1,indicate,1
fruits_nuts_rice,qwen3,5036748,1,product,1
fruits_nuts_rice,qwen3,5036748,2,package,1
fruits_nuts_rice,qwen3,5036748,2,product,2
fruits_nuts_rice,qwen3,5036748,2,kiwi,5
fruits_nuts_rice,qwen3,5036748,2,fruit,5
fruits_nuts_rice,qwen3,5036748,2,packaging,1
fruits_nuts_rice,qwen3,5036748,2,clear,1
fruits_nuts_rice,qwen3,5036748,2,plastic,1
fruits_nuts_rice,qwen3,5036748,2,container,3
fruits_nuts_rice,qwen3,5036748,2,yellow,2
fruits_nuts_rice,qwen3,5036748,2,green,2
fruits_nuts_rice,qwen3,5036748,2,label,3
fruits_nuts_rice,qwen3,5036748,2,sliced,1
fruits_nuts_rice,qwen3,5036748,2,brand,1
fruits_nuts_rice,qwen3,5036748,2,zespri,1
fruits_nuts_rice,qwen3,5036748,2,red,1
fruits_nuts_rice,qwen3,5036748,2,text,1
fruits_nuts_rice,qwen3,5036748,2,korean,1
fruits_nuts_rice,qwen3,5036748,2,제스프리_썬골드키위,1
fruits_nuts_rice,qwen3,5036748,2,english,1
fruits_nuts_rice,qwen3,5036748,2,kiwi_fruit,1
fruits_nuts_rice,qwen3,5036748,2,whole,2
fruits_nuts_rice,qwen3,5036748,2,uniform,1
fruits_nuts_rice,qwen3,5036748,2,size,1
fruits_nuts_rice,qwen3,5036748,2,right,1
fruits_nuts_rice,qwen3,5036748,2,small,1
fruits_nuts_rice,qwen3,5036748,2,white,2
fruits_nuts_rice,qwen3,5036748,2,plate,1
fruits_nuts_rice,qwen3,5036748,2,3,1
fruits_nuts_rice,qwen3,5036748,2,cut,1
fruits_nuts_rice,qwen3,5036748,2,half,1
fruits_nuts_rice,qwen3,5036748,2,reveal,1
fruits_nuts_rice,qwen3,5036748,2,flesh,1
fruits_nuts_rice,qwen3,5036748,2,dark,1
fruits_nuts_rice,qwen3,5036748,2,seed,1
fruits_nuts_rice,qwen3,5036748,2,plain,1
fruits_nuts_rice,qwen3,5036748,2,surface,1
fruits_nuts_rice,qwen3,5038123,1,bunch,2
fruits_nuts_rice,qwen3,5038123,1,dark,1
fruits_nuts_rice,qwen3,5038123,1,purple,1
fruits_nuts_rice,qwen3,5038123,1,grape,3
fruits_nuts_rice,qwen3,5038123,1,present,1
fruits_nuts_rice,qwen3,5038123,1,white,1
fruits_nuts_rice,qwen3,5038123,1,plate,2
fruits_nuts_rice,qwen3,5038123,1,blue,1
fruits_nuts_rice,qwen3,5038123,1,rim,1
fruits_nuts_rice,qwen3,5038123,1,cluster,1
fruits_nuts_rice,qwen3,5038123,1,frosty,1
fruits_nuts_rice,qwen3,5038123,1,appearance,1
fruits_nuts_rice,qwen3,5038123,1,surface,2
fruits_nuts_rice,qwen3,5038123,1,second,1
fruits_nuts_rice,qwen3,5038123,1,small,1
fruits_nuts_rice,qwen3,5038123,1,visible,1
fruits_nuts_rice,qwen3,5038123,1,slightly,1
fruits_nuts_rice,qwen3,5038123,1,focus,1
fruits_nuts_rice,qwen3,5038123,1,light,1
fruits_nuts_rice,qwen3,5038123,1,gray,1
fruits_nuts_rice,qwen3,5038123,1,textured,1
fruits_nuts_rice,qwen3,5038123,2,cluster,1
fruits_nuts_rice,qwen3,5038123,2,dark,1
fruits_nuts_rice,qwen3,5038123,2,purple,1
fruits_nuts_rice,qwen3,5038123,2,grape,3
fruits_nuts_rice,qwen3,5038123,2,individual,1
fruits_nuts_rice,qwen3,5038123,2,scatter,1
fruits_nuts_rice,qwen3,5038123,2,light,1
fruits_nuts_rice,qwen3,5038123,2,gray,1
fruits_nuts_rice,qwen3,5038123,2,surface,1
fruits_nuts_rice,qwen3,5038123,2,smooth,1
fruits_nuts_rice,qwen3,5038123,2,slightly,1
fruits_nuts_rice,qwen3,5038123,2,glossy,1
fruits_nuts_rice,qwen3,5038123,2,skin,1
fruits_nuts_rice,qwen3,5038123,2,natural,3
fruits_nuts_rice,qwen3,5038123,2,imperfection,1
fruits_nuts_rice,qwen3,5038123,2,deep,1
fruits_nuts_rice,qwen3,5038123,2,rich,1
fruits_nuts_rice,qwen3,5038123,2,color,1
fruits_nuts_rice,qwen3,5038123,2,arrangement,1
fruits_nuts_rice,qwen3,5038123,2,suggest,1
fruits_nuts_rice,qwen3,5038123,2,fresh,1
fruits_nuts_rice,qwen3,5038123,2,product,1
fruits_nuts_rice,qwen3,5038123,2,possibly,1
fruits_nuts_rice,qwen3,5038123,2,premium,1
fruits_nuts_rice,qwen3,5038123,2,organic,1
fruits_nuts_rice,qwen3,5038123,2,variety,1
fruits_nuts_rice,qwen3,5038123,2,focus,1
fruits_nuts_rice,qwen3,5038123,2,appearance,1
fruits_nuts_rice,qwen3,5038123,2,fruit,1
fruits_nuts_rice,qwen3,5045631,1,food,2
fruits_nuts_rice,qwen3,5045631,1,product,3
fruits_nuts_rice,qwen3,5045631,1,set,1
fruits_nuts_rice,qwen3,5045631,1,specifically,1
fruits_nuts_rice,qwen3,5045631,1,hbaf,2
fruits_nuts_rice,qwen3,5045631,1,6,1
fruits_nuts_rice,qwen3,5045631,1,week,3
fruits_nuts_rice,qwen3,5045631,1,meal,2
fruits_nuts_rice,qwen3,5045631,1,plan,2
fruits_nuts_rice,qwen3,5045631,1,main,1
fruits_nuts_rice,qwen3,5045631,1,large,2
fruits_nuts_rice,qwen3,5045631,1,blue,2
fruits_nuts_rice,qwen3,5045631,1,box,3
fruits_nuts_rice,qwen3,5045631,1,divide,1
fruits_nuts_rice,qwen3,5045631,1,section,3
fruits_nuts_rice,qwen3,5045631,1,day,4
fruits_nuts_rice,qwen3,5045631,1,monday,1
fruits_nuts_rice,qwen3,5045631,1,sunday,1
fruits_nuts_rice,qwen3,5045631,1,different,2
fruits_nuts_rice,qwen3,5045631,1,type,1
fruits_nuts_rice,qwen3,5045631,1,nut,4
fruits_nuts_rice,qwen3,5045631,1,mix,4
fruits_nuts_rice,qwen3,5045631,1,print,1
fruits_nuts_rice,qwen3,5045631,1,colorful,1
fruits_nuts_rice,qwen3,5045631,1,letter,1
fruits_nuts_rice,qwen3,5045631,1,design,2
fruits_nuts_rice,qwen3,5045631,1,weekly,1
fruits_nuts_rice,qwen3,5045631,1,packaging,2
fruits_nuts_rice,qwen3,5045631,1,predominantly,1
fruits_nuts_rice,qwen3,5045631,1,white,1
fruits_nuts_rice,qwen3,5045631,1,brand,1
fruits_nuts_rice,qwen3,5045631,1,prominently,1
fruits_nuts_rice,qwen3,5045631,1,top,1
fruits_nuts_rice,qwen3,5045631,1,open,1
fruits_nuts_rice,qwen3,5045631,1,reveal,1
fruits_nuts_rice,qwen3,5045631,1,content,1
fruits_nuts_rice,qwen3,5045631,1,include,1
fruits_nuts_rice,qwen3,5045631,1,variety,1
fruits_nuts_rice,qwen3,5045631,1,seed,1
fruits_nuts_rice,qwen3,5045631,1,individual,1
fruits_nuts_rice,qwen3,5045631,1,package,1
fruits_nuts_rice,qwen3,5045631,1,label,1
fruits_nuts_rice,qwen3,5045631,1,small,1
fruits_nuts_rice,qwen3,5045631,1,bowl,1
fruits_nuts_rice,qwen3,5045631,1,visually,1
fruits_nuts_rice,qwen3,5045631,1,appealing,1
fruits_nuts_rice,qwen3,5045631,1,informative,1
fruits_nuts_rice,qwen3,5045631,1,clear,1
fruits_nuts_rice,qwen3,5045631,1,labeling,1
fruits_nuts_rice,qwen3,5045631,2,collection,1
fruits_nuts_rice,qwen3,5045631,2,6,1
fruits_nuts_rice,qwen3,5045631,2,day,3
fruits_nuts_rice,qwen3,5045631,2,meal,1
fruits_nuts_rice,qwen3,5045631,2,replacement,1
fruits_nuts_rice,qwen3,5045631,2,bar,3
fruits_nuts_rice,qwen3,5045631,2,label,2
fruits_nuts_rice,qwen3,5045631,2,week,2
fruits_nuts_rice,qwen3,5045631,2,packaging,4
fruits_nuts_rice,qwen3,5045631,2,white,1
fruits_nuts_rice,qwen3,5045631,2,print,1
fruits_nuts_rice,qwen3,5045631,2,large,1
fruits_nuts_rice,qwen3,5045631,2,bold,1
fruits_nuts_rice,qwen3,5045631,2,letter,1
fruits_nuts_rice,qwen3,5045631,2,thu,1
fruits_nuts_rice,qwen3,5045631,2,tue,1
fruits_nuts_rice,qwen3,5045631,2,wed,1
fruits_nuts_rice,qwen3,5045631,2,mon,1
fruits_nuts_rice,qwen3,5045631,2,sun,1
fruits_nuts_rice,qwen3,5045631,2,visible,2
fruits_nuts_rice,qwen3,5045631,2,arrange,1
fruits_nuts_rice,qwen3,5045631,2,light,1
fruits_nuts_rice,qwen3,5045631,2,gray,1
fruits_nuts_rice,qwen3,5045631,2,surface,1
fruits_nuts_rice,qwen3,5045631,2,content,1
fruits_nuts_rice,qwen3,5045631,2,spill,1
fruits_nuts_rice,qwen3,5045631,2,nut,3
fruits_nuts_rice,qwen3,5045631,2,dry,3
fruits_nuts_rice,qwen3,5045631,2,fruit,3
fruits_nuts_rice,qwen3,5045631,2,text,1
fruits_nuts_rice,qwen3,5045631,2,hbaf,1
fruits_nuts_rice,qwen3,5045631,2,blue,2
fruits_nuts_rice,qwen3,5045631,2,box,2
fruits_nuts_rice,qwen3,5045631,2,hbaf_mon_to_sun,1
fruits_nuts_rice,qwen3,5045631,2,6먼투썬,1
fruits_nuts_rice,qwen3,5045631,2,mix,2
fruits_nuts_rice,qwen3,5045631,2,small,1
fruits_nuts_rice,qwen3,5045631,2,bowl,1
fruits_nuts_rice,qwen3,5045631,2,design,1
fruits_nuts_rice,qwen3,5045631,2,visually,1
fruits_nuts_rice,qwen3,5045631,2,appealing,1
fruits_nuts_rice,qwen3,5045631,2,informative,1
fruits_nuts_rice,qwen3,5048547,1,red,1
fruits_nuts_rice,qwen3,5048547,1,bag,2
fruits_nuts_rice,qwen3,5048547,1,rice,3
fruits_nuts_rice,qwen3,5048547,1,large,2
fruits_nuts_rice,qwen3,5048547,1,ornate,1
fruits_nuts_rice,qwen3,5048547,1,golden,1
fruits_nuts_rice,qwen3,5048547,1,dragon,1
fruits_nuts_rice,qwen3,5048547,1,design,1
fruits_nuts_rice,qwen3,5048547,1,front,1
fruits_nuts_rice,qwen3,5048547,1,cartoon,1
fruits_nuts_rice,qwen3,5048547,1,character,2
fruits_nuts_rice,qwen3,5048547,1,traditional,1
fruits_nuts_rice,qwen3,5048547,1,attire,1
fruits_nuts_rice,qwen3,5048547,1,brand,1
fruits_nuts_rice,qwen3,5048547,1,여주대왕님표,1
fruits_nuts_rice,qwen3,5048547,1,write,2
fruits_nuts_rice,qwen3,5048547,1,black,1
fruits_nuts_rice,qwen3,5048547,1,korean,1
fruits_nuts_rice,qwen3,5048547,1,진상미,1
fruits_nuts_rice,qwen3,5048547,1,label,1
fruits_nuts_rice,qwen3,5048547,1,10kg,1
fruits_nuts_rice,qwen3,5048547,1,small,2
fruits_nuts_rice,qwen3,5048547,1,circular,1
fruits_nuts_rice,qwen3,5048547,1,opening,1
fruits_nuts_rice,qwen3,5048547,1,center,1
fruits_nuts_rice,qwen3,5048547,1,bowl,1
fruits_nuts_rice,qwen3,5048547,1,visible,1
fruits_nuts_rice,qwen3,5048547,1,upper,1
fruits_nuts_rice,qwen3,5048547,1,right,1
fruits_nuts_rice,qwen3,5048547,1,corner,1
fruits_nuts_rice,qwen3,5048547,1,grain,1
fruits_nuts_rice,qwen3,5048547,1,scatter,1
fruits_nuts_rice,qwen3,5048547,1,light,1
fruits_nuts_rice,qwen3,5048547,1,gray,1
fruits_nuts_rice,qwen3,5048547,1,surface,1
fruits_nuts_rice,qwen3,5048547,2,bowl,3
fruits_nuts_rice,qwen3,5048547,2,white,2
fruits_nuts_rice,qwen3,5048547,2,rice,2
fruits_nuts_rice,qwen3,5048547,2,grain,3
fruits_nuts_rice,qwen3,5048547,2,present,1
fruits_nuts_rice,qwen3,5048547,2,light,1
fruits_nuts_rice,qwen3,5048547,2,colored,1
fruits_nuts_rice,qwen3,5048547,2,ceramic,1
fruits_nuts_rice,qwen3,5048547,2,scatter,1
fruits_nuts_rice,qwen3,5048547,2,surface,1
fruits_nuts_rice,qwen3,5048547,2,small,1
fruits_nuts_rice,qwen3,5048547,2,oval,1
fruits_nuts_rice,qwen3,5048547,2,shape,1
fruits_nuts_rice,qwen3,5048547,2,smooth,1
fruits_nuts_rice,qwen3,5048547,2,slightly,1
fruits_nuts_rice,qwen3,5048547,2,glossy,1
fruits_nuts_rice,qwen3,5048547,2,texture,1
fruits_nuts_rice,qwen3,5048547,2,round,1
fruits_nuts_rice,qwen3,5048547,2,simple,1
fruits_nuts_rice,qwen3,5048547,2,unadorned,1
fruits_nuts_rice,qwen3,5048547,2,design,1
fruits_nuts_rice,qwen3,5048580,1,2,1
fruits_nuts_rice,qwen3,5048580,1,bunch,1
fruits_nuts_rice,qwen3,5048580,1,green,2
fruits_nuts_rice,qwen3,5048580,1,grape,3
fruits_nuts_rice,qwen3,5048580,1,round,1
fruits_nuts_rice,qwen3,5048580,1,smooth,1
fruits_nuts_rice,qwen3,5048580,1,glossy,1
fruits_nuts_rice,qwen3,5048580,1,surface,2
fruits_nuts_rice,qwen3,5048580,1,arrange,1
fruits_nuts_rice,qwen3,5048580,1,cluster,1
fruits_nuts_rice,qwen3,5048580,1,prominent,1
fruits_nuts_rice,qwen3,5048580,1,light,1
fruits_nuts_rice,qwen3,5048580,1,gray,1
fruits_nuts_rice,qwen3,5048580,1,leaf,1
fruits_nuts_rice,qwen3,5048580,1,stem,1
fruits_nuts_rice,qwen3,5048580,1,visible,1
fruits_nuts_rice,qwen3,5048580,1,fresh,1
fruits_nuts_rice,qwen3,5048580,1,package,1
fruits_nuts_rice,qwen3,5048580,2,bunch,1
fruits_nuts_rice,qwen3,5048580,2,fresh,2
fruits_nuts_rice,qwen3,5048580,2,green,2
fruits_nuts_rice,qwen3,5048580,2,grape,6
fruits_nuts_rice,qwen3,5048580,2,main,1
fruits_nuts_rice,qwen3,5048580,2,food,1
fruits_nuts_rice,qwen3,5048580,2,product,1
fruits_nuts_rice,qwen3,5048580,2,arrange,1
fruits_nuts_rice,qwen3,5048580,2,white,1
fruits_nuts_rice,qwen3,5048580,2,plate,4
fruits_nuts_rice,qwen3,5048580,2,loose,1
fruits_nuts_rice,qwen3,5048580,2,scatter,1
fruits_nuts_rice,qwen3,5048580,2,surface,3
fruits_nuts_rice,qwen3,5048580,2,surround,1
fruits_nuts_rice,qwen3,5048580,2,area,1
fruits_nuts_rice,qwen3,5048580,2,round,1
fruits_nuts_rice,qwen3,5048580,2,smooth,1
fruits_nuts_rice,qwen3,5048580,2,glossy,1
fruits_nuts_rice,qwen3,5048580,2,indicate,1
fruits_nuts_rice,qwen3,5048580,2,color,2
fruits_nuts_rice,qwen3,5048580,2,vibrant,1
fruits_nuts_rice,qwen3,5048580,2,standard,1
fruits_nuts_rice,qwen3,5048580,2,size,1
fruits_nuts_rice,qwen3,5048580,2,light,1
fruits_nuts_rice,qwen3,5048580,2,texture,1
fruits_nuts_rice,qwen3,5048580,2,visible,1
fruits_nuts_rice,qwen3,5048580,2,packaging,1
fruits_nuts_rice,qwen3,5048580,2,text,1
fruits_nuts_rice,qwen3,5049631,1,plate,3
fruits_nuts_rice,qwen3,5049631,1,3,1
fruits_nuts_rice,qwen3,5049631,1,whole,1
fruits_nuts_rice,qwen3,5049631,1,oval,1
fruits_nuts_rice,qwen3,5049631,1,shape,1
fruits_nuts_rice,qwen3,5049631,1,korean,5
fruits_nuts_rice,qwen3,5049631,1,melon,5
fruits_nuts_rice,qwen3,5049631,1,5,1
fruits_nuts_rice,qwen3,5049631,1,slice,1
fruits_nuts_rice,qwen3,5049631,1,bright,1
fruits_nuts_rice,qwen3,5049631,1,yellow,1
fruits_nuts_rice,qwen3,5049631,1,orange,1
fruits_nuts_rice,qwen3,5049631,1,skin,1
fruits_nuts_rice,qwen3,5049631,1,distinct,1
fruits_nuts_rice,qwen3,5049631,1,thin,1
fruits_nuts_rice,qwen3,5049631,1,vertical,1
fruits_nuts_rice,qwen3,5049631,1,stripe,1
fruits_nuts_rice,qwen3,5049631,1,flesh,1
fruits_nuts_rice,qwen3,5049631,1,white,3
fruits_nuts_rice,qwen3,5049631,1,visible,2
fruits_nuts_rice,qwen3,5049631,1,intricate,1
fruits_nuts_rice,qwen3,5049631,1,seed,1
fruits_nuts_rice,qwen3,5049631,1,pattern,1
fruits_nuts_rice,qwen3,5049631,1,arrange,1
fruits_nuts_rice,qwen3,5049631,1,light,1
fruits_nuts_rice,qwen3,5049631,1,colored,1
fruits_nuts_rice,qwen3,5049631,1,texture,1
fruits_nuts_rice,qwen3,5049631,1,surface,1
fruits_nuts_rice,qwen3,5049631,1,cloth,1
fruits_nuts_rice,qwen3,5049631,1,partially,1
fruits_nuts_rice,qwen3,5049631,2,3,1
fruits_nuts_rice,qwen3,5049631,2,whole,1
fruits_nuts_rice,qwen3,5049631,2,oval,1
fruits_nuts_rice,qwen3,5049631,2,shape,1
fruits_nuts_rice,qwen3,5049631,2,korean,3
fruits_nuts_rice,qwen3,5049631,2,melon,3
fruits_nuts_rice,qwen3,5049631,2,yellowish,1
fruits_nuts_rice,qwen3,5049631,2,orange,1
fruits_nuts_rice,qwen3,5049631,2,skin,1
fruits_nuts_rice,qwen3,5049631,2,distinct,1
fruits_nuts_rice,qwen3,5049631,2,white,3
fruits_nuts_rice,qwen3,5049631,2,stripe,1
fruits_nuts_rice,qwen3,5049631,2,5,1
fruits_nuts_rice,qwen3,5049631,2,slice,1
fruits_nuts_rice,qwen3,5049631,2,reveal,1
fruits_nuts_rice,qwen3,5049631,2,flesh,1
fruits_nuts_rice,qwen3,5049631,2,central,1
fruits_nuts_rice,qwen3,5049631,2,seed,1
fruits_nuts_rice,qwen3,5049631,2,cavity,1
fruits_nuts_rice,qwen3,5049631,2,arrange,1
fruits_nuts_rice,qwen3,5049631,2,light,1
fruits_nuts_rice,qwen3,5049631,2,color,1
fruits_nuts_rice,qwen3,5049631,2,round,1
fruits_nuts_rice,qwen3,5049631,2,plate,1
fruits_nuts_rice,qwen3,5049631,2,surface,1
fruits_nuts_rice,qwen3,5049631,2,texture,1
fruits_nuts_rice,qwen3,5049631,2,cloth,1
fruits_nuts_rice,qwen3,5049631,2,visible,1
fruits_nuts_rice,qwen3,5049631,2,left,1
fruits_nuts_rice,qwen3,5049631,2,side,1
fruits_nuts_rice,qwen3,5051031,1,white,1
fruits_nuts_rice,qwen3,5051031,1,beige,1
fruits_nuts_rice,qwen3,5051031,1,bag,3
fruits_nuts_rice,qwen3,5051031,1,rice,3
fruits_nuts_rice,qwen3,5051031,1,brand,1
fruits_nuts_rice,qwen3,5051031,1,l_grow,1
fruits_nuts_rice,qwen3,5051031,1,top,1
fruits_nuts_rice,qwen3,5051031,1,product,1
fruits_nuts_rice,qwen3,5051031,1,label,1
fruits_nuts_rice,qwen3,5051031,1,씻어나온_완전미_고시하카리,1
fruits_nuts_rice,qwen3,5051031,1,type,1
fruits_nuts_rice,qwen3,5051031,1,field,1
fruits_nuts_rice,qwen3,5051031,1,people,1
fruits_nuts_rice,qwen3,5051031,1,work,1
fruits_nuts_rice,qwen3,5051031,1,circular,1
fruits_nuts_rice,qwen3,5051031,1,seal,1
fruits_nuts_rice,qwen3,5051031,1,indicate,1
fruits_nuts_rice,qwen3,5051031,1,100_percent_국내산,1
fruits_nuts_rice,qwen3,5051031,1,weight,1
fruits_nuts_rice,qwen3,5051031,1,4kg,1
fruits_nuts_rice,qwen3,5051031,2,hand,1
fruits_nuts_rice,qwen3,5051031,2,pour,1
fruits_nuts_rice,qwen3,5051031,2,white,2
fruits_nuts_rice,qwen3,5051031,2,rice,2
fruits_nuts_rice,qwen3,5051031,2,clear,1
fruits_nuts_rice,qwen3,5051031,2,glass,1
fruits_nuts_rice,qwen3,5051031,2,bowl,1
fruits_nuts_rice,qwen3,5051031,2,enamel,1
fruits_nuts_rice,qwen3,5051031,2,pot,2
fruits_nuts_rice,qwen3,5051031,2,black,1
fruits_nuts_rice,qwen3,5051031,2,rim,1
fruits_nuts_rice,qwen3,5051031,2,grain,1
fruits_nuts_rice,qwen3,5051031,2,small,1
fruits_nuts_rice,qwen3,5051031,2,round,1
fruits_nuts_rice,qwen3,5051031,2,uncooke,1
fruits_nuts_rice,qwen3,5051031,2,2,1
fruits_nuts_rice,qwen3,5051031,2,handle,1
fruits_nuts_rice,qwen3,5051031,2,light,1
fruits_nuts_rice,qwen3,5051031,2,color,1
fruits_nuts_rice,qwen3,5051031,2,texture,1
fruits_nuts_rice,qwen3,5051031,2,surface,1
fruits_nuts_rice,qwen3,5051038,1,large,1
fruits_nuts_rice,qwen3,5051038,1,blue,1
fruits_nuts_rice,qwen3,5051038,1,bag,3
fruits_nuts_rice,qwen3,5051038,1,rice,5
fruits_nuts_rice,qwen3,5051038,1,brand,1
fruits_nuts_rice,qwen3,5051038,1,l_grow,1
fruits_nuts_rice,qwen3,5051038,1,top,1
fruits_nuts_rice,qwen3,5051038,1,product,1
fruits_nuts_rice,qwen3,5051038,1,write,1
fruits_nuts_rice,qwen3,5051038,1,korean,1
fruits_nuts_rice,qwen3,5051038,1,백진주,1
fruits_nuts_rice,qwen3,5051038,1,label,1
fruits_nuts_rice,qwen3,5051038,1,10kg,1
fruits_nuts_rice,qwen3,5051038,1,indicate,1
fruits_nuts_rice,qwen3,5051038,1,weight,1
fruits_nuts_rice,qwen3,5051038,1,small,1
fruits_nuts_rice,qwen3,5051038,1,bowl,1
fruits_nuts_rice,qwen3,5051038,1,visible,1
fruits_nuts_rice,qwen3,5051038,1,right,1
fruits_nuts_rice,qwen3,5051038,1,grain,1
fruits_nuts_rice,qwen3,5051038,1,packaging,1
fruits_nuts_rice,qwen3,5051038,1,simple,1
fruits_nuts_rice,qwen3,5051038,1,design,1
fruits_nuts_rice,qwen3,5051038,1,white,2
fruits_nuts_rice,qwen3,5051038,1,circular,1
fruits_nuts_rice,qwen3,5051038,1,outline,1
fruits_nuts_rice,qwen3,5051038,1,graphic,1
fruits_nuts_rice,qwen3,5051038,1,shell,1
fruits_nuts_rice,qwen3,5051038,1,smooth,1
fruits_nuts_rice,qwen3,5051038,1,texture,1
fruits_nuts_rice,qwen3,5051038,2,bowl,3
fruits_nuts_rice,qwen3,5051038,2,white,1
fruits_nuts_rice,qwen3,5051038,2,rice,3
fruits_nuts_rice,qwen3,5051038,2,grain,4
fruits_nuts_rice,qwen3,5051038,2,present,1
fruits_nuts_rice,qwen3,5051038,2,light,2
fruits_nuts_rice,qwen3,5051038,2,colored,1
fruits_nuts_rice,qwen3,5051038,2,ceramic,1
fruits_nuts_rice,qwen3,5051038,2,scatter,1
fruits_nuts_rice,qwen3,5051038,2,gray,1
fruits_nuts_rice,qwen3,5051038,2,surface,2
fruits_nuts_rice,qwen3,5051038,2,small,1
fruits_nuts_rice,qwen3,5051038,2,round,1
fruits_nuts_rice,qwen3,5051038,2,uncooke,1
fruits_nuts_rice,qwen3,5051038,2,fill,1
fruits_nuts_rice,qwen3,5051038,2,brim,1
fruits_nuts_rice,qwen3,5051038,2,smooth,1
fruits_nuts_rice,qwen3,5051038,2,slightly,1
fruits_nuts_rice,qwen3,5051038,2,glossy,1
fruits_nuts_rice,qwen3,5052626,1,food,1
fruits_nuts_rice,qwen3,5052626,1,product,5
fruits_nuts_rice,qwen3,5052626,1,packaging,5
fruits_nuts_rice,qwen3,5052626,1,set,1
fruits_nuts_rice,qwen3,5052626,1,main,1
fruits_nuts_rice,qwen3,5052626,1,box,3
fruits_nuts_rice,qwen3,5052626,1,it_s_real_seven,3
fruits_nuts_rice,qwen3,5052626,1,mixed,1
fruits_nuts_rice,qwen3,5052626,1,nut,3
fruits_nuts_rice,qwen3,5052626,1,brand,1
fruits_nuts_rice,qwen3,5052626,1,clearly,1
fruits_nuts_rice,qwen3,5052626,1,visible,3
fruits_nuts_rice,qwen3,5052626,1,light,2
fruits_nuts_rice,qwen3,5052626,1,color,2
fruits_nuts_rice,qwen3,5052626,1,wood,1
fruits_nuts_rice,qwen3,5052626,1,grain,1
fruits_nuts_rice,qwen3,5052626,1,texture,2
fruits_nuts_rice,qwen3,5052626,1,material,1
fruits_nuts_rice,qwen3,5052626,1,open,1
fruits_nuts_rice,qwen3,5052626,1,reveal,1
fruits_nuts_rice,qwen3,5052626,1,content,1
fruits_nuts_rice,qwen3,5052626,1,2,1
fruits_nuts_rice,qwen3,5052626,1,individual,1
fruits_nuts_rice,qwen3,5052626,1,package,3
fruits_nuts_rice,qwen3,5052626,1,front,1
fruits_nuts_rice,qwen3,5052626,1,lie,1
fruits_nuts_rice,qwen3,5052626,1,side,1
fruits_nuts_rice,qwen3,5052626,1,stand,1
fruits_nuts_rice,qwen3,5052626,1,upright,1
fruits_nuts_rice,qwen3,5052626,1,white,2
fruits_nuts_rice,qwen3,5052626,1,clear,1
fruits_nuts_rice,qwen3,5052626,1,seed,1
fruits_nuts_rice,qwen3,5052626,1,text,3
fruits_nuts_rice,qwen3,5052626,1,print,1
fruits_nuts_rice,qwen3,5052626,1,bold,1
fruits_nuts_rice,qwen3,5052626,1,dark,1
fruits_nuts_rice,qwen3,5052626,1,font,1
fruits_nuts_rice,qwen3,5052626,1,arrange,1
fruits_nuts_rice,qwen3,5052626,1,surface,1
fruits_nuts_rice,qwen3,5052626,1,scatter,1
fruits_nuts_rice,qwen3,5052626,1,small,3
fruits_nuts_rice,qwen3,5052626,1,piece,1
fruits_nuts_rice,qwen3,5052626,1,include,1
fruits_nuts_rice,qwen3,5052626,1,circular,1
fruits_nuts_rice,qwen3,5052626,1,logo,1
fruits_nuts_rice,qwen3,5052626,1,tree,1
fruits_nuts_rice,qwen3,5052626,1,20g,1
fruits_nuts_rice,qwen3,5052626,1,indicate,1
fruits_nuts_rice,qwen3,5052626,1,weight,1
fruits_nuts_rice,qwen3,5052626,2,3,1
fruits_nuts_rice,qwen3,5052626,2,package,3
fruits_nuts_rice,qwen3,5052626,2,food,1
fruits_nuts_rice,qwen3,5052626,2,product,3
fruits_nuts_rice,qwen3,5052626,2,packaging,2
fruits_nuts_rice,qwen3,5052626,2,white,3
fruits_nuts_rice,qwen3,5052626,2,gold,1
fruits_nuts_rice,qwen3,5052626,2,border,1
fruits_nuts_rice,qwen3,5052626,2,brand,2
fruits_nuts_rice,qwen3,5052626,2,it_s_real_seven,1
fruits_nuts_rice,qwen3,5052626,2,large,1
fruits_nuts_rice,qwen3,5052626,2,bold,1
fruits_nuts_rice,qwen3,5052626,2,letter,1
fruits_nuts_rice,qwen3,5052626,2,identify,1
fruits_nuts_rice,qwen3,5052626,2,berry_yogurt,1
fruits_nuts_rice,qwen3,5052626,2,하루건강건과,1
fruits_nuts_rice,qwen3,5052626,2,korean,1
fruits_nuts_rice,qwen3,5052626,2,term,1
fruits_nuts_rice,qwen3,5052626,2,type,2
fruits_nuts_rice,qwen3,5052626,2,snack,1
fruits_nuts_rice,qwen3,5052626,2,include,1
fruits_nuts_rice,qwen3,5052626,2,nut,2
fruits_nuts_rice,qwen3,5052626,2,almond,1
fruits_nuts_rice,qwen3,5052626,2,walnut,1
fruits_nuts_rice,qwen3,5052626,2,pecan,1
fruits_nuts_rice,qwen3,5052626,2,small,1
fruits_nuts_rice,qwen3,5052626,2,ball,2
fruits_nuts_rice,qwen3,5052626,2,possibly,1
fruits_nuts_rice,qwen3,5052626,2,sweetener,1
fruits_nuts_rice,qwen3,5052626,2,candy,1
fruits_nuts_rice,qwen3,5052626,2,arrange,1
fruits_nuts_rice,qwen3,5052626,2,light,1
fruits_nuts_rice,qwen3,5052626,2,gray,1
fruits_nuts_rice,qwen3,5052626,2,surface,1
fruits_nuts_rice,qwen3,5052626,2,scatter,1
fruits_nuts_rice,qwen3,5052626,2,weight,1
fruits_nuts_rice,qwen3,5052626,2,clearly,1
fruits_nuts_rice,qwen3,5052626,2,state,1
fruits_nuts_rice,qwen3,5052626,2,20g,1
fruits_nuts_rice,qwen3,5053663,1,large,2
fruits_nuts_rice,qwen3,5053663,1,purple,1
fruits_nuts_rice,qwen3,5053663,1,bag,3
fruits_nuts_rice,qwen3,5053663,1,rice,4
fruits_nuts_rice,qwen3,5053663,1,brand,1
fruits_nuts_rice,qwen3,5053663,1,okrice,1
fruits_nuts_rice,qwen3,5053663,1,visible,1
fruits_nuts_rice,qwen3,5053663,1,white,2
fruits_nuts_rice,qwen3,5053663,1,text,1
fruits_nuts_rice,qwen3,5053663,1,yellow,1
fruits_nuts_rice,qwen3,5053663,1,oval,2
fruits_nuts_rice,qwen3,5053663,1,product,1
fruits_nuts_rice,qwen3,5053663,1,write,1
fruits_nuts_rice,qwen3,5053663,1,korean,2
fruits_nuts_rice,qwen3,5053663,1,아침을_여는_맛_땅끝해남,1
fruits_nuts_rice,qwen3,5053663,1,translate,1
fruits_nuts_rice,qwen3,5053663,1,rice_that_opens_the_morning,1
fruits_nuts_rice,qwen3,5053663,1,grain,1
fruits_nuts_rice,qwen3,5053663,1,character,1
fruits_nuts_rice,qwen3,5053663,1,쌀,1
fruits_nuts_rice,qwen3,5053663,1,mean,1
fruits_nuts_rice,qwen3,5053663,1,packaging,1
fruits_nuts_rice,qwen3,5053663,1,indicate,1
fruits_nuts_rice,qwen3,5053663,1,weight,1
fruits_nuts_rice,qwen3,5053663,1,10kg,1
fruits_nuts_rice,qwen3,5053663,1,small,1
fruits_nuts_rice,qwen3,5053663,1,bowl,1
fruits_nuts_rice,qwen3,5053663,1,wooden,1
fruits_nuts_rice,qwen3,5053663,1,spoon,1
fruits_nuts_rice,qwen3,5053663,1,fill,1
fruits_nuts_rice,qwen3,5053663,1,uncooked,1
fruits_nuts_rice,qwen3,5053663,1,left,1
fruits_nuts_rice,qwen3,5053663,2,white,2
fruits_nuts_rice,qwen3,5053663,2,bowl,3
fruits_nuts_rice,qwen3,5053663,2,fill,1
fruits_nuts_rice,qwen3,5053663,2,rice,2
fruits_nuts_rice,qwen3,5053663,2,grain,3
fruits_nuts_rice,qwen3,5053663,2,wooden,2
fruits_nuts_rice,qwen3,5053663,2,spoon,2
fruits_nuts_rice,qwen3,5053663,2,resting,1
fruits_nuts_rice,qwen3,5053663,2,small,1
fruits_nuts_rice,qwen3,5053663,2,round,1
fruits_nuts_rice,qwen3,5053663,2,uncooke,1
fruits_nuts_rice,qwen3,5053663,2,natural,1
fruits_nuts_rice,qwen3,5053663,2,wood,1
fruits_nuts_rice,qwen3,5053663,2,rope,1
fruits_nuts_rice,qwen3,5053663,2,handle,1
fruits_nuts_rice,qwen3,5053663,2,light,1
fruits_nuts_rice,qwen3,5053663,2,colored,1
fruits_nuts_rice,qwen3,5053663,2,surface,1
fruits_nuts_rice,qwen3,5056014,1,collection,1
fruits_nuts_rice,qwen3,5056014,1,fresh,1
fruits_nuts_rice,qwen3,5056014,1,peach,3
fruits_nuts_rice,qwen3,5056014,1,rustic,1
fruits_nuts_rice,qwen3,5056014,1,wooden,2
fruits_nuts_rice,qwen3,5056014,1,cutting,1
fruits_nuts_rice,qwen3,5056014,1,board,3
fruits_nuts_rice,qwen3,5056014,1,predominantly,1
fruits_nuts_rice,qwen3,5056014,1,yellow,1
fruits_nuts_rice,qwen3,5056014,1,reddish,1
fruits_nuts_rice,qwen3,5056014,1,blush,1
fruits_nuts_rice,qwen3,5056014,1,several,1
fruits_nuts_rice,qwen3,5056014,1,whole,1
fruits_nuts_rice,qwen3,5056014,1,cut,1
fruits_nuts_rice,qwen3,5056014,1,half,1
fruits_nuts_rice,qwen3,5056014,1,reveal,1
fruits_nuts_rice,qwen3,5056014,1,pit,1
fruits_nuts_rice,qwen3,5056014,1,small,1
fruits_nuts_rice,qwen3,5056014,1,knife,1
fruits_nuts_rice,qwen3,5056014,1,handle,1
fruits_nuts_rice,qwen3,5056014,1,arrange,1
fruits_nuts_rice,qwen3,5056014,1,scatter,2
fruits_nuts_rice,qwen3,5056014,1,natural,1
fruits_nuts_rice,qwen3,5056014,1,manner,1
fruits_nuts_rice,qwen3,5056014,1,green,1
fruits_nuts_rice,qwen3,5056014,1,leaf,1
fruits_nuts_rice,qwen3,5056014,2,several,1
fruits_nuts_rice,qwen3,5056014,2,peach,4
fruits_nuts_rice,qwen3,5056014,2,arrange,1
fruits_nuts_rice,qwen3,5056014,2,rustic,1
fruits_nuts_rice,qwen3,5056014,2,wooden,2
fruits_nuts_rice,qwen3,5056014,2,cutting,1
fruits_nuts_rice,qwen3,5056014,2,board,2
fruits_nuts_rice,qwen3,5056014,2,predominantly,1
fruits_nuts_rice,qwen3,5056014,2,yellow,1
fruits_nuts_rice,qwen3,5056014,2,red,1
fruits_nuts_rice,qwen3,5056014,2,blush,1
fruits_nuts_rice,qwen3,5056014,2,cut,1
fruits_nuts_rice,qwen3,5056014,2,half,1
fruits_nuts_rice,qwen3,5056014,2,reveal,1
fruits_nuts_rice,qwen3,5056014,2,juicy,1
fruits_nuts_rice,qwen3,5056014,2,interior,1
fruits_nuts_rice,qwen3,5056014,2,knife,1
fruits_nuts_rice,qwen3,5056014,2,handle,1
fruits_nuts_rice,qwen3,5056014,2,light,1
fruits_nuts_rice,qwen3,5056014,2,colored,1
fruits_nuts_rice,qwen3,5056014,2,fabric,1
fruits_nuts_rice,qwen3,5056014,2,surface,1
fruits_nuts_rice,qwen3,5056014,2,green,1
fruits_nuts_rice,qwen3,5056014,2,leaf,1
fruits_nuts_rice,qwen3,5056014,2,scatter,1
fruits_nuts_rice,qwen3,5061259,1,bowl,3
fruits_nuts_rice,qwen3,5061259,1,fresh,1
fruits_nuts_rice,qwen3,5061259,1,red,2
fruits_nuts_rice,qwen3,5061259,1,apple,3
fruits_nuts_rice,qwen3,5061259,1,resting,1
fruits_nuts_rice,qwen3,5061259,1,marble,1
fruits_nuts_rice,qwen3,5061259,1,surface,2
fruits_nuts_rice,qwen3,5061259,1,front,1
fruits_nuts_rice,qwen3,5061259,1,cover,1
fruits_nuts_rice,qwen3,5061259,1,blue,1
fruits_nuts_rice,qwen3,5061259,1,cloth,1
fruits_nuts_rice,qwen3,5061259,1,metal,1
fruits_nuts_rice,qwen3,5061259,1,yellow,1
fruits_nuts_rice,qwen3,5061259,1,green,1
fruits_nuts_rice,qwen3,5061259,1,tone,1
fruits_nuts_rice,qwen3,5061259,1,shiny,1
fruits_nuts_rice,qwen3,5061259,1,water,1
fruits_nuts_rice,qwen3,5061259,1,droplet,1
fruits_nuts_rice,qwen3,5061259,2,several,1
fruits_nuts_rice,qwen3,5061259,2,red,2
fruits_nuts_rice,qwen3,5061259,2,apple,5
fruits_nuts_rice,qwen3,5061259,2,main,1
fruits_nuts_rice,qwen3,5061259,2,food,1
fruits_nuts_rice,qwen3,5061259,2,product,1
fruits_nuts_rice,qwen3,5061259,2,arrange,1
fruits_nuts_rice,qwen3,5061259,2,reflective,1
fruits_nuts_rice,qwen3,5061259,2,light,1
fruits_nuts_rice,qwen3,5061259,2,colored,1
fruits_nuts_rice,qwen3,5061259,2,surface,2
fruits_nuts_rice,qwen3,5061259,2,cloth,1
fruits_nuts_rice,qwen3,5061259,2,line,1
fruits_nuts_rice,qwen3,5061259,2,container,2
fruits_nuts_rice,qwen3,5061259,2,smooth,1
fruits_nuts_rice,qwen3,5061259,2,glossy,1
fruits_nuts_rice,qwen3,5061259,2,skin,1
fruits_nuts_rice,qwen3,5061259,2,vibrant,1
fruits_nuts_rice,qwen3,5061259,2,color,1
fruits_nuts_rice,qwen3,5061259,2,yellowish,1
fruits_nuts_rice,qwen3,5061259,2,speckle,1
fruits_nuts_rice,qwen3,5061259,2,star,1
fruits_nuts_rice,qwen3,5061259,2,anise,1
fruits_nuts_rice,qwen3,5061259,2,pod,1
fruits_nuts_rice,qwen3,5061259,2,small,1
fruits_nuts_rice,qwen3,5061259,2,nutmeg,1
fruits_nuts_rice,qwen3,5061259,2,scatter,1
fruits_nuts_rice,qwen3,5061259,2,wooden,1
fruits_nuts_rice,qwen3,5061259,2,brush,1
fruits_nuts_rice,qwen3,5061259,2,visible,2
fruits_nuts_rice,qwen3,5061259,2,left,1
fruits_nuts_rice,qwen3,5061259,2,side,1
fruits_nuts_rice,qwen3,5061259,2,package,1
fruits_nuts_rice,qwen3,5061259,2,wrapper,1
fruits_nuts_rice,qwen3,5063578,1,bowl,3
fruits_nuts_rice,qwen3,5063578,1,fill,1
fruits_nuts_rice,qwen3,5063578,1,small,1
fruits_nuts_rice,qwen3,5063578,1,round,1
fruits_nuts_rice,qwen3,5063578,1,red,1
fruits_nuts_rice,qwen3,5063578,1,cherry,1
fruits_nuts_rice,qwen3,5063578,1,tomato,2
fruits_nuts_rice,qwen3,5063578,1,whole,1
fruits_nuts_rice,qwen3,5063578,1,slice,1
fruits_nuts_rice,qwen3,5063578,1,half,1
fruits_nuts_rice,qwen3,5063578,1,arrange,1
fruits_nuts_rice,qwen3,5063578,1,light,2
fruits_nuts_rice,qwen3,5063578,1,color,1
fruits_nuts_rice,qwen3,5063578,1,texture,1
fruits_nuts_rice,qwen3,5063578,1,wooden,1
fruits_nuts_rice,qwen3,5063578,1,surface,1
fruits_nuts_rice,qwen3,5063578,1,brown,1
fruits_nuts_rice,qwen3,5063578,1,earthy,1
fruits_nuts_rice,qwen3,5063578,1,material,1
fruits_nuts_rice,qwen3,5063578,1,centrally,1
fruits_nuts_rice,qwen3,5063578,1,frame,1
fruits_nuts_rice,qwen3,5063578,1,loose,1
fruits_nuts_rice,qwen3,5063578,1,scatter,1
fruits_nuts_rice,qwen3,5063578,1,overall,1
fruits_nuts_rice,qwen3,5063578,1,composition,1
fruits_nuts_rice,qwen3,5063578,1,clean,1
fruits_nuts_rice,qwen3,5063578,1,simple,1
fruits_nuts_rice,qwen3,5063578,2,bowl,3
fruits_nuts_rice,qwen3,5063578,2,fill,1
fruits_nuts_rice,qwen3,5063578,2,small,1
fruits_nuts_rice,qwen3,5063578,2,round,1
fruits_nuts_rice,qwen3,5063578,2,red,1
fruits_nuts_rice,qwen3,5063578,2,cherry,1
fruits_nuts_rice,qwen3,5063578,2,tomato,3
fruits_nuts_rice,qwen3,5063578,2,whole,2
fruits_nuts_rice,qwen3,5063578,2,slice,1
fruits_nuts_rice,qwen3,5063578,2,half,1
fruits_nuts_rice,qwen3,5063578,2,reveal,1
fruits_nuts_rice,qwen3,5063578,2,seed,1
fruits_nuts_rice,qwen3,5063578,2,arrange,1
fruits_nuts_rice,qwen3,5063578,2,rustic,1
fruits_nuts_rice,qwen3,5063578,2,light,1
fruits_nuts_rice,qwen3,5063578,2,color,1
fruits_nuts_rice,qwen3,5063578,2,white,1
fruits_nuts_rice,qwen3,5063578,2,wooden,1
fruits_nuts_rice,qwen3,5063578,2,surface,2
fruits_nuts_rice,qwen3,5063578,2,scatter,1
fruits_nuts_rice,qwen3,5063578,2,left,1
fruits_nuts_rice,qwen3,5063690,1,basket,2
fruits_nuts_rice,qwen3,5063690,1,fresh,2
fruits_nuts_rice,qwen3,5063690,1,red,1
fruits_nuts_rice,qwen3,5063690,1,tomato,3
fruits_nuts_rice,qwen3,5063690,1,white,2
fruits_nuts_rice,qwen3,5063690,1,wooden,1
fruits_nuts_rice,qwen3,5063690,1,surface,1
fruits_nuts_rice,qwen3,5063690,1,arrange,1
fruits_nuts_rice,qwen3,5063690,1,wicker,1
fruits_nuts_rice,qwen3,5063690,1,cloth,1
fruits_nuts_rice,qwen3,5063690,1,round,1
fruits_nuts_rice,qwen3,5063690,1,green,1
fruits_nuts_rice,qwen3,5063690,1,stem,1
fruits_nuts_rice,qwen3,5063690,1,ripe,1
fruits_nuts_rice,qwen3,5063690,2,several,1
fruits_nuts_rice,qwen3,5063690,2,fresh,1
fruits_nuts_rice,qwen3,5063690,2,tomato,3
fruits_nuts_rice,qwen3,5063690,2,cut,1
fruits_nuts_rice,qwen3,5063690,2,half,1
fruits_nuts_rice,qwen3,5063690,2,reveal,1
fruits_nuts_rice,qwen3,5063690,2,internal,1
fruits_nuts_rice,qwen3,5063690,2,structure,1
fruits_nuts_rice,qwen3,5063690,2,seed,1
fruits_nuts_rice,qwen3,5063690,2,pulp,1
fruits_nuts_rice,qwen3,5063690,2,slice,1
fruits_nuts_rice,qwen3,5063690,2,red,1
fruits_nuts_rice,qwen3,5063690,2,smooth,1
fruits_nuts_rice,qwen3,5063690,2,surface,2
fruits_nuts_rice,qwen3,5063690,2,attach,1
fruits_nuts_rice,qwen3,5063690,2,green,1
fruits_nuts_rice,qwen3,5063690,2,stem,1
fruits_nuts_rice,qwen3,5063690,2,arrange,1
fruits_nuts_rice,qwen3,5063690,2,white,2
fruits_nuts_rice,qwen3,5063690,2,wooden,1
fruits_nuts_rice,qwen3,5063690,2,cloth,1
fruits_nuts_rice,qwen3,5063690,2,woven,1
fruits_nuts_rice,qwen3,5063690,2,basket,1
fruits_nuts_rice,qwen3,5068728,1,collection,1
fruits_nuts_rice,qwen3,5068728,1,fresh,1
fruits_nuts_rice,qwen3,5068728,1,whole,2
fruits_nuts_rice,qwen3,5068728,1,tangerine,4
fruits_nuts_rice,qwen3,5068728,1,arrange,1
fruits_nuts_rice,qwen3,5068728,1,white,2
fruits_nuts_rice,qwen3,5068728,1,slightly,1
fruits_nuts_rice,qwen3,5068728,1,texture,1
fruits_nuts_rice,qwen3,5068728,1,cloth,2
fruits_nuts_rice,qwen3,5068728,1,vibrant,1
fruits_nuts_rice,qwen3,5068728,1,orange,1
fruits_nuts_rice,qwen3,5068728,1,color,1
fruits_nuts_rice,qwen3,5068728,1,smooth,1
fruits_nuts_rice,qwen3,5068728,1,glossy,1
fruits_nuts_rice,qwen3,5068728,1,skin,1
fruits_nuts_rice,qwen3,5068728,1,cut,2
fruits_nuts_rice,qwen3,5068728,1,half,2
fruits_nuts_rice,qwen3,5068728,1,reveal,1
fruits_nuts_rice,qwen3,5068728,1,juicy,1
fruits_nuts_rice,qwen3,5068728,1,interior,1
fruits_nuts_rice,qwen3,5068728,1,star,1
fruits_nuts_rice,qwen3,5068728,1,shape,1
fruits_nuts_rice,qwen3,5068728,1,pith,1
fruits_nuts_rice,qwen3,5068728,1,scatter,1
fruits_nuts_rice,qwen3,5068728,1,plain,1
fruits_nuts_rice,qwen3,5068728,1,light,1
fruits_nuts_rice,qwen3,5068728,1,colored,1
fruits_nuts_rice,qwen3,5068728,1,surface,1
fruits_nuts_rice,qwen3,5068728,2,collection,1
fruits_nuts_rice,qwen3,5068728,2,mandarin,3
fruits_nuts_rice,qwen3,5068728,2,small,1
fruits_nuts_rice,qwen3,5068728,2,round,1
fruits_nuts_rice,qwen3,5068728,2,citrus,1
fruits_nuts_rice,qwen3,5068728,2,fruit,2
fruits_nuts_rice,qwen3,5068728,2,arrange,1
fruits_nuts_rice,qwen3,5068728,2,white,1
fruits_nuts_rice,qwen3,5068728,2,textured,1
fruits_nuts_rice,qwen3,5068728,2,cloth,1
fruits_nuts_rice,qwen3,5068728,2,cut,2
fruits_nuts_rice,qwen3,5068728,2,half,2
fruits_nuts_rice,qwen3,5068728,2,reveal,1
fruits_nuts_rice,qwen3,5068728,2,juicy,1
fruits_nuts_rice,qwen3,5068728,2,segment,1
fruits_nuts_rice,qwen3,5068728,2,interior,1
fruits_nuts_rice,qwen3,5068728,2,vibrant,1
fruits_nuts_rice,qwen3,5068728,2,orange,2
fruits_nuts_rice,qwen3,5068728,2,peel,1
fruits_nuts_rice,qwen3,5068728,2,slightly,1
fruits_nuts_rice,qwen3,5068728,2,rough,1
fruits_nuts_rice,qwen3,5068728,2,texture,1
fruits_nuts_rice,qwen3,5068728,2,bright,1
fruits_nuts_rice,qwen3,5068728,2,flesh,1
fruits_nuts_rice,qwen3,5068728,2,visible,1
fruits_nuts_rice,qwen3,5068728,2,central,1
fruits_nuts_rice,qwen3,5068728,2,core,1
fruits_nuts_rice,qwen3,5068728,2,light,1
fruits_nuts_rice,qwen3,5068728,2,colored,1
fruits_nuts_rice,qwen3,5068728,2,surface,1
fruits_nuts_rice,qwen3,5068728,2,overall,1
fruits_nuts_rice,qwen3,5068728,2,composition,1
fruits_nuts_rice,qwen3,5068728,2,clean,1
fruits_nuts_rice,qwen3,5068728,2,lit,1
fruits_nuts_rice,qwen3,5070409,1,bag,3
fruits_nuts_rice,qwen3,5070409,1,rice,3
fruits_nuts_rice,qwen3,5070409,1,small,2
fruits_nuts_rice,qwen3,5070409,1,bowl,1
fruits_nuts_rice,qwen3,5070409,1,primarily,1
fruits_nuts_rice,qwen3,5070409,1,beige,1
fruits_nuts_rice,qwen3,5070409,1,purple,1
fruits_nuts_rice,qwen3,5070409,1,clear,1
fruits_nuts_rice,qwen3,5070409,1,window,1
fruits_nuts_rice,qwen3,5070409,1,inside,1
fruits_nuts_rice,qwen3,5070409,1,text,1
fruits_nuts_rice,qwen3,5070409,1,read,1
fruits_nuts_rice,qwen3,5070409,1,달보드레쌀,1
fruits_nuts_rice,qwen3,5070409,1,korean,1
fruits_nuts_rice,qwen3,5070409,1,our_sweet_soft_rice,1
fruits_nuts_rice,qwen3,5070409,1,english,1
fruits_nuts_rice,qwen3,5070409,1,4kg,1
fruits_nuts_rice,qwen3,5070409,1,indicate,1
fruits_nuts_rice,qwen3,5070409,1,weight,1
fruits_nuts_rice,qwen3,5070409,1,packaging,1
fruits_nuts_rice,qwen3,5070409,1,include,1
fruits_nuts_rice,qwen3,5070409,1,logo,1
fruits_nuts_rice,qwen3,5070409,1,top,1
fruits_nuts_rice,qwen3,5070409,2,bowl,4
fruits_nuts_rice,qwen3,5070409,2,fill,2
fruits_nuts_rice,qwen3,5070409,2,white,1
fruits_nuts_rice,qwen3,5070409,2,rice,2
fruits_nuts_rice,qwen3,5070409,2,grain,1
fruits_nuts_rice,qwen3,5070409,2,small,1
fruits_nuts_rice,qwen3,5070409,2,oval,1
fruits_nuts_rice,qwen3,5070409,2,shape,1
fruits_nuts_rice,qwen3,5070409,2,smooth,1
fruits_nuts_rice,qwen3,5070409,2,slightly,1
fruits_nuts_rice,qwen3,5070409,2,glossy,1
fruits_nuts_rice,qwen3,5070409,2,surface,2
fruits_nuts_rice,qwen3,5070409,2,light,2
fruits_nuts_rice,qwen3,5070409,2,colored,1
fruits_nuts_rice,qwen3,5070409,2,ceramic,1
fruits_nuts_rice,qwen3,5070409,2,texture,2
fruits_nuts_rice,qwen3,5070409,2,ridge,1
fruits_nuts_rice,qwen3,5070409,2,rim,1
fruits_nuts_rice,qwen3,5070409,2,simple,1
fruits_nuts_rice,qwen3,5070409,2,unadorned,1
fruits_nuts_rice,qwen3,5070409,2,design,1
fruits_nuts_rice,qwen3,5070409,2,pile,1
fruits_nuts_rice,qwen3,5070409,2,high,1
fruits_nuts_rice,qwen3,5070409,2,brim,1
fruits_nuts_rice,qwen3,5094562,1,luxury,1
fruits_nuts_rice,qwen3,5094562,1,gift,1
fruits_nuts_rice,qwen3,5094562,1,box,6
fruits_nuts_rice,qwen3,5094562,1,selection,1
fruits_nuts_rice,qwen3,5094562,1,premium,1
fruits_nuts_rice,qwen3,5094562,1,date,2
fruits_nuts_rice,qwen3,5094562,1,warm,1
fruits_nuts_rice,qwen3,5094562,1,earthy,1
fruits_nuts_rice,qwen3,5094562,1,brown,1
fruits_nuts_rice,qwen3,5094562,1,cardboard,1
fruits_nuts_rice,qwen3,5094562,1,open,1
fruits_nuts_rice,qwen3,5094562,1,reveal,1
fruits_nuts_rice,qwen3,5094562,1,grid,1
fruits_nuts_rice,qwen3,5094562,1,compartment,1
fruits_nuts_rice,qwen3,5094562,1,fill,1
fruits_nuts_rice,qwen3,5094562,1,type,1
fruits_nuts_rice,qwen3,5094562,1,lid,3
fruits_nuts_rice,qwen3,5094562,1,text,1
fruits_nuts_rice,qwen3,5094562,1,tamur,3
fruits_nuts_rice,qwen3,5094562,1,phrase,1
fruits_nuts_rice,qwen3,5094562,1,piece,1
fruits_nuts_rice,qwen3,5094562,1,luxurious,1
fruits_nuts_rice,qwen3,5094562,1,experience,1
fruits_nuts_rice,qwen3,5094562,1,print,1
fruits_nuts_rice,qwen3,5094562,1,light,1
fruits_nuts_rice,qwen3,5094562,1,colored,1
fruits_nuts_rice,qwen3,5094562,1,surface,1
fruits_nuts_rice,qwen3,5094562,1,separately,1
fruits_nuts_rice,qwen3,5094562,1,front,1
fruits_nuts_rice,qwen3,5094562,1,brand,1
fruits_nuts_rice,qwen3,5094562,1,visible,1
fruits_nuts_rice,qwen3,5094562,2,luxury,1
fruits_nuts_rice,qwen3,5094562,2,gift,1
fruits_nuts_rice,qwen3,5094562,2,box,2
fruits_nuts_rice,qwen3,5094562,2,collection,1
fruits_nuts_rice,qwen3,5094562,2,date,2
fruits_nuts_rice,qwen3,5094562,2,texture,1
fruits_nuts_rice,qwen3,5094562,2,warm,1
fruits_nuts_rice,qwen3,5094562,2,toned,1
fruits_nuts_rice,qwen3,5094562,2,material,1
fruits_nuts_rice,qwen3,5094562,2,open,1
fruits_nuts_rice,qwen3,5094562,2,reveal,1
fruits_nuts_rice,qwen3,5094562,2,grid,1
fruits_nuts_rice,qwen3,5094562,2,14,1
fruits_nuts_rice,qwen3,5094562,2,compartment,2
fruits_nuts_rice,qwen3,5094562,2,hold,1
fruits_nuts_rice,qwen3,5094562,2,whole,1
fruits_nuts_rice,qwen3,5094562,2,partially,1
fruits_nuts_rice,qwen3,5094562,2,peel,1
fruits_nuts_rice,qwen3,5094562,2,visible,1
fruits_nuts_rice,qwen3,5094562,2,nut,1
fruits_nuts_rice,qwen3,5094562,2,possibly,1
fruits_nuts_rice,qwen3,5094562,2,candy,1
fruits_nuts_rice,qwen3,5094562,2,fruit,1
fruits_nuts_rice,qwen3,5094562,2,piece,2
fruits_nuts_rice,qwen3,5094562,2,interior,1
fruits_nuts_rice,qwen3,5094562,2,lid,1
fruits_nuts_rice,qwen3,5094562,2,text,1
fruits_nuts_rice,qwen3,5094562,2,tamur,1
fruits_nuts_rice,qwen3,5094562,2,script,1
fruits_nuts_rice,qwen3,5094562,2,font,2
fruits_nuts_rice,qwen3,5094562,2,follow,1
fruits_nuts_rice,qwen3,5094562,2,phrase,1
fruits_nuts_rice,qwen3,5094562,2,luxurious,1
fruits_nuts_rice,qwen3,5094562,2,experience,1
fruits_nuts_rice,qwen3,5094562,2,small,1
fruits_nuts_rice,qwen3,5094562,2,simple,1
fruits_nuts_rice,qwen3,5094562,2,overall,1
fruits_nuts_rice,qwen3,5094562,2,presentation,1
fruits_nuts_rice,qwen3,5094562,2,elegant,1
fruits_nuts_rice,qwen3,5094562,2,suggest,1
fruits_nuts_rice,qwen3,5094562,2,premium,1
fruits_nuts_rice,qwen3,5094562,2,product,1
fruits_nuts_rice,qwen3,5121007,1,bag,3
fruits_nuts_rice,qwen3,5121007,1,organic,1
fruits_nuts_rice,qwen3,5121007,1,rice,3
fruits_nuts_rice,qwen3,5121007,1,brand,1
fruits_nuts_rice,qwen3,5121007,1,유기농_담음_신동진쌀,1
fruits_nuts_rice,qwen3,5121007,1,prominently,1
fruits_nuts_rice,qwen3,5121007,1,packaging,2
fruits_nuts_rice,qwen3,5121007,1,primarily,1
fruits_nuts_rice,qwen3,5121007,1,white,1
fruits_nuts_rice,qwen3,5121007,1,green,2
fruits_nuts_rice,qwen3,5121007,1,low,1
fruits_nuts_rice,qwen3,5121007,1,section,1
fruits_nuts_rice,qwen3,5121007,1,4kg,1
fruits_nuts_rice,qwen3,5121007,1,small,1
fruits_nuts_rice,qwen3,5121007,1,bowl,1
fruits_nuts_rice,qwen3,5121007,1,fill,1
fruits_nuts_rice,qwen3,5121007,1,grain,1
fruits_nuts_rice,qwen3,5121007,1,include,1
fruits_nuts_rice,qwen3,5121007,1,text,1
fruits_nuts_rice,qwen3,5121007,1,organic_rice,1
fruits_nuts_rice,qwen3,5121007,1,label,1
fruits_nuts_rice,qwen3,5121007,1,indicate,1
fruits_nuts_rice,qwen3,5121007,1,유기농,1
fruits_nuts_rice,qwen3,5121007,2,white,3
fruits_nuts_rice,qwen3,5121007,2,bowl,3
fruits_nuts_rice,qwen3,5121007,2,fill,1
fruits_nuts_rice,qwen3,5121007,2,uncooked,1
fruits_nuts_rice,qwen3,5121007,2,rice,2
fruits_nuts_rice,qwen3,5121007,2,grain,2
fruits_nuts_rice,qwen3,5121007,2,small,1
fruits_nuts_rice,qwen3,5121007,2,elongate,1
fruits_nuts_rice,qwen3,5121007,2,smooth,1
fruits_nuts_rice,qwen3,5121007,2,slightly,1
fruits_nuts_rice,qwen3,5121007,2,glossy,1
fruits_nuts_rice,qwen3,5121007,2,surface,2
fruits_nuts_rice,qwen3,5121007,2,simple,1
fruits_nuts_rice,qwen3,5121007,2,rounded,1
fruits_nuts_rice,qwen3,5121007,2,design,1
fruits_nuts_rice,qwen3,5121007,2,light,1
fruits_nuts_rice,qwen3,5121007,2,color,1
fruits_nuts_rice,qwen3,5121007,2,texture,1
fruits_nuts_rice,qwen3,5132780,1,plate,2
fruits_nuts_rice,qwen3,5132780,1,hold,1
fruits_nuts_rice,qwen3,5132780,1,several,1
fruits_nuts_rice,qwen3,5132780,1,whole,1
fruits_nuts_rice,qwen3,5132780,1,2,1
fruits_nuts_rice,qwen3,5132780,1,cut,2
fruits_nuts_rice,qwen3,5132780,1,kiwi,3
fruits_nuts_rice,qwen3,5132780,1,fruit,2
fruits_nuts_rice,qwen3,5132780,1,oval,1
fruits_nuts_rice,qwen3,5132780,1,shape,2
fruits_nuts_rice,qwen3,5132780,1,brown,1
fruits_nuts_rice,qwen3,5132780,1,fuzzy,1
fruits_nuts_rice,qwen3,5132780,1,skin,1
fruits_nuts_rice,qwen3,5132780,1,reveal,1
fruits_nuts_rice,qwen3,5132780,1,green,1
fruits_nuts_rice,qwen3,5132780,1,flesh,1
fruits_nuts_rice,qwen3,5132780,1,dark,1
fruits_nuts_rice,qwen3,5132780,1,star,1
fruits_nuts_rice,qwen3,5132780,1,pattern,1
fruits_nuts_rice,qwen3,5132780,1,center,1
fruits_nuts_rice,qwen3,5132780,1,round,1
fruits_nuts_rice,qwen3,5132780,1,silver,1
fruits_nuts_rice,qwen3,5132780,1,rim,1
fruits_nuts_rice,qwen3,5132780,1,light,1
fruits_nuts_rice,qwen3,5132780,1,colored,1
fruits_nuts_rice,qwen3,5132780,1,surface,1
fruits_nuts_rice,qwen3,5132780,2,plate,2
fruits_nuts_rice,qwen3,5132780,2,hold,1
fruits_nuts_rice,qwen3,5132780,2,6,1
fruits_nuts_rice,qwen3,5132780,2,whole,1
fruits_nuts_rice,qwen3,5132780,2,halved,1
fruits_nuts_rice,qwen3,5132780,2,kiwi,3
fruits_nuts_rice,qwen3,5132780,2,fruit,2
fruits_nuts_rice,qwen3,5132780,2,oval,1
fruits_nuts_rice,qwen3,5132780,2,shape,2
fruits_nuts_rice,qwen3,5132780,2,brown,1
fruits_nuts_rice,qwen3,5132780,2,fuzzy,1
fruits_nuts_rice,qwen3,5132780,2,skin,1
fruits_nuts_rice,qwen3,5132780,2,cut,1
fruits_nuts_rice,qwen3,5132780,2,reveal,1
fruits_nuts_rice,qwen3,5132780,2,green,1
fruits_nuts_rice,qwen3,5132780,2,flesh,1
fruits_nuts_rice,qwen3,5132780,2,dark,2
fruits_nuts_rice,qwen3,5132780,2,star,1
fruits_nuts_rice,qwen3,5132780,2,pattern,1
fruits_nuts_rice,qwen3,5132780,2,seed,1
fruits_nuts_rice,qwen3,5132780,2,light,1
fruits_nuts_rice,qwen3,5132780,2,color,1
fruits_nuts_rice,qwen3,5132780,2,rim,1
fruits_nuts_rice,qwen3,5134096,1,white,3
fruits_nuts_rice,qwen3,5134096,1,bag,3
fruits_nuts_rice,qwen3,5134096,1,rice,3
fruits_nuts_rice,qwen3,5134096,1,purple,1
fruits_nuts_rice,qwen3,5134096,1,accent,1
fruits_nuts_rice,qwen3,5134096,1,label,1
fruits_nuts_rice,qwen3,5134096,1,kf365_kurly_fresh,1
fruits_nuts_rice,qwen3,5134096,1,10kg,1
fruits_nuts_rice,qwen3,5134096,1,circular,1
fruits_nuts_rice,qwen3,5134096,1,window,1
fruits_nuts_rice,qwen3,5134096,1,reveal,1
fruits_nuts_rice,qwen3,5134096,1,inside,1
fruits_nuts_rice,qwen3,5134096,1,small,1
fruits_nuts_rice,qwen3,5134096,1,bowl,1
fruits_nuts_rice,qwen3,5134096,1,fill,1
fruits_nuts_rice,qwen3,5134096,1,plate,1
fruits_nuts_rice,qwen3,5134096,1,right,1
fruits_nuts_rice,qwen3,5134096,2,bowl,3
fruits_nuts_rice,qwen3,5134096,2,white,3
fruits_nuts_rice,qwen3,5134096,2,rice,3
fruits_nuts_rice,qwen3,5134096,2,present,1
fruits_nuts_rice,qwen3,5134096,2,ceramic,1
fruits_nuts_rice,qwen3,5134096,2,plate,1
fruits_nuts_rice,qwen3,5134096,2,grain,1
fruits_nuts_rice,qwen3,5134096,2,small,1
fruits_nuts_rice,qwen3,5134096,2,oval,1
fruits_nuts_rice,qwen3,5134096,2,shape,1
fruits_nuts_rice,qwen3,5134096,2,translucent,1
fruits_nuts_rice,qwen3,5134096,2,smooth,1
fruits_nuts_rice,qwen3,5134096,2,slightly,1
fruits_nuts_rice,qwen3,5134096,2,glossy,1
fruits_nuts_rice,qwen3,5134096,2,surface,1
fruits_nuts_rice,qwen3,5134096,2,fill,1
fruits_nuts_rice,qwen3,5134096,2,brim,1
fruits_nuts_rice,qwen3,5134096,2,entire,1
fruits_nuts_rice,qwen3,5134096,2,arrangement,1
fruits_nuts_rice,qwen3,5134096,2,set,1
fruits_nuts_rice,qwen3,5134096,2,light,1
fruits_nuts_rice,qwen3,5134096,2,neutral,1
fruits_nuts_rice,qwen3,5159977,1,several,1
fruits_nuts_rice,qwen3,5159977,1,peach,5
fruits_nuts_rice,qwen3,5159977,1,arrange,1
fruits_nuts_rice,qwen3,5159977,1,yellow,1
fruits_nuts_rice,qwen3,5159977,1,cloth,1
fruits_nuts_rice,qwen3,5159977,1,round,1
fruits_nuts_rice,qwen3,5159977,1,yellowish,1
fruits_nuts_rice,qwen3,5159977,1,orange,1
fruits_nuts_rice,qwen3,5159977,1,hue,1
fruits_nuts_rice,qwen3,5159977,1,reddish,1
fruits_nuts_rice,qwen3,5159977,1,blush,1
fruits_nuts_rice,qwen3,5159977,1,skin,1
fruits_nuts_rice,qwen3,5159977,1,cut,1
fruits_nuts_rice,qwen3,5159977,1,half,1
fruits_nuts_rice,qwen3,5159977,1,reveal,1
fruits_nuts_rice,qwen3,5159977,1,flesh,1
fruits_nuts_rice,qwen3,5159977,1,pit,1
fruits_nuts_rice,qwen3,5159977,1,knife,1
fruits_nuts_rice,qwen3,5159977,1,wooden,1
fruits_nuts_rice,qwen3,5159977,1,handle,1
fruits_nuts_rice,qwen3,5159977,1,accompany,1
fruits_nuts_rice,qwen3,5159977,1,green,1
fruits_nuts_rice,qwen3,5159977,1,leaf,1
fruits_nuts_rice,qwen3,5159977,2,several,1
fruits_nuts_rice,qwen3,5159977,2,peach,4
fruits_nuts_rice,qwen3,5159977,2,arrange,1
fruits_nuts_rice,qwen3,5159977,2,texture,1
fruits_nuts_rice,qwen3,5159977,2,light,1
fruits_nuts_rice,qwen3,5159977,2,colored,1
fruits_nuts_rice,qwen3,5159977,2,surface,1
fruits_nuts_rice,qwen3,5159977,2,cut,1
fruits_nuts_rice,qwen3,5159977,2,half,1
fruits_nuts_rice,qwen3,5159977,2,reveal,1
fruits_nuts_rice,qwen3,5159977,2,juicy,1
fruits_nuts_rice,qwen3,5159977,2,yellow,3
fruits_nuts_rice,qwen3,5159977,2,flesh,1
fruits_nuts_rice,qwen3,5159977,2,pit,1
fruits_nuts_rice,qwen3,5159977,2,center,1
fruits_nuts_rice,qwen3,5159977,2,smooth,1
fruits_nuts_rice,qwen3,5159977,2,slightly,1
fruits_nuts_rice,qwen3,5159977,2,fuzzy,1
fruits_nuts_rice,qwen3,5159977,2,skin,1
fruits_nuts_rice,qwen3,5159977,2,mix,1
fruits_nuts_rice,qwen3,5159977,2,pinkish,1
fruits_nuts_rice,qwen3,5159977,2,red,1
fruits_nuts_rice,qwen3,5159977,2,hue,1
fruits_nuts_rice,qwen3,5159977,2,cloth,1
fruits_nuts_rice,qwen3,5159977,2,green,1
fruits_nuts_rice,qwen3,5159977,2,leaf,1
fruits_nuts_rice,qwen3,5159977,2,scatter,1
fruits_nuts_rice,qwen3,5159977,2,suggest,1
fruits_nuts_rice,qwen3,5159977,2,fresh,1
fruits_nuts_rice,qwen3,5159977,2,natural,1
fruits_nuts_rice,qwen3,5159977,2,presentation,1
fruits_nuts_rice,qwen3,5159977,2,ripe,1
fruits_nuts_rice,qwen3,5159977,2,main,1
fruits_nuts_rice,qwen3,5159977,2,focus,1
fruits_nuts_rice,qwen3,5162187,1,pile,1
fruits_nuts_rice,qwen3,5162187,1,small,1
fruits_nuts_rice,qwen3,5162187,1,round,1
fruits_nuts_rice,qwen3,5162187,1,citrus,1
fruits_nuts_rice,qwen3,5162187,1,fruit,4
fruits_nuts_rice,qwen3,5162187,1,likely,1
fruits_nuts_rice,qwen3,5162187,1,mandarin,1
fruits_nuts_rice,qwen3,5162187,1,present,1
fruits_nuts_rice,qwen3,5162187,1,woven,1
fruits_nuts_rice,qwen3,5162187,1,basket,2
fruits_nuts_rice,qwen3,5162187,1,mix,1
fruits_nuts_rice,qwen3,5162187,1,green,1
fruits_nuts_rice,qwen3,5162187,1,orange,1
fruits_nuts_rice,qwen3,5162187,1,skin,1
fruits_nuts_rice,qwen3,5162187,1,sign,1
fruits_nuts_rice,qwen3,5162187,1,ripeness,1
fruits_nuts_rice,qwen3,5162187,1,2,1
fruits_nuts_rice,qwen3,5162187,1,cut,1
fruits_nuts_rice,qwen3,5162187,1,half,1
fruits_nuts_rice,qwen3,5162187,1,reveal,1
fruits_nuts_rice,qwen3,5162187,1,segment,1
fruits_nuts_rice,qwen3,5162187,1,interior,1
fruits_nuts_rice,qwen3,5162187,1,white,1
fruits_nuts_rice,qwen3,5162187,1,texture,1
fruits_nuts_rice,qwen3,5162187,1,fabric,1
fruits_nuts_rice,qwen3,5162187,1,surface,1
fruits_nuts_rice,qwen3,5162187,2,collection,1
fruits_nuts_rice,qwen3,5162187,2,mandarin,3
fruits_nuts_rice,qwen3,5162187,2,small,1
fruits_nuts_rice,qwen3,5162187,2,round,1
fruits_nuts_rice,qwen3,5162187,2,citrus,1
fruits_nuts_rice,qwen3,5162187,2,fruit,3
fruits_nuts_rice,qwen3,5162187,2,arrange,1
fruits_nuts_rice,qwen3,5162187,2,white,1
fruits_nuts_rice,qwen3,5162187,2,textured,1
fruits_nuts_rice,qwen3,5162187,2,surface,1
fruits_nuts_rice,qwen3,5162187,2,whole,1
fruits_nuts_rice,qwen3,5162187,2,cut,1
fruits_nuts_rice,qwen3,5162187,2,half,1
fruits_nuts_rice,qwen3,5162187,2,reveal,1
fruits_nuts_rice,qwen3,5162187,2,segment,1
fruits_nuts_rice,qwen3,5162187,2,juicy,1
fruits_nuts_rice,qwen3,5162187,2,interior,1
fruits_nuts_rice,qwen3,5162187,2,mix,1
fruits_nuts_rice,qwen3,5162187,2,green,1
fruits_nuts_rice,qwen3,5162187,2,orange,1
fruits_nuts_rice,qwen3,5162187,2,skin,1
fruits_nuts_rice,qwen3,5162187,2,indicate,1
fruits_nuts_rice,qwen3,5162187,2,likely,1
fruits_nuts_rice,qwen3,5162187,2,unripe,1
fruits_nuts_rice,qwen3,5162187,2,partially,1
fruits_nuts_rice,qwen3,5162187,2,ripe,1
fruits_nuts_rice,qwen3,5162187,2,woven,1
fruits_nuts_rice,qwen3,5162187,2,basket,1
fruits_nuts_rice,qwen3,5162187,2,hold,1
fruits_nuts_rice,qwen3,5162187,2,pile,1
fruits_nuts_rice,qwen3,5162187,2,table,1
fruits_nuts_rice,qwen3,5162187,2,fresh,1
fruits_nuts_rice,qwen3,5162187,2,present,1
fruits_nuts_rice,qwen3,5162187,2,natural,1
fruits_nuts_rice,qwen3,5162187,2,unprocessed,1
fruits_nuts_rice,qwen3,5162187,2,state,1
fruits_nuts_rice,hyperclovax,1000030900,1,main,1
fruits_nuts_rice,hyperclovax,1000030900,1,food,1
fruits_nuts_rice,hyperclovax,1000030900,1,product,2
fruits_nuts_rice,hyperclovax,1000030900,1,rice,2
fruits_nuts_rice,hyperclovax,1000030900,1,packaging,1
fruits_nuts_rice,hyperclovax,1000030900,1,white,2
fruits_nuts_rice,hyperclovax,1000030900,1,rectangular,1
fruits_nuts_rice,hyperclovax,1000030900,1,bag,3
fruits_nuts_rice,hyperclovax,1000030900,1,minimalist,1
fruits_nuts_rice,hyperclovax,1000030900,1,design,1
fruits_nuts_rice,hyperclovax,1000030900,1,bowl,2
fruits_nuts_rice,hyperclovax,1000030900,1,graphic,1
fruits_nuts_rice,hyperclovax,1000030900,1,text,2
fruits_nuts_rice,hyperclovax,1000030900,1,korean,1
fruits_nuts_rice,hyperclovax,1000030900,1,english,2
fruits_nuts_rice,hyperclovax,1000030900,1,read,1
fruits_nuts_rice,hyperclovax,1000030900,1,정소_비단쌀,1
fruits_nuts_rice,hyperclovax,1000030900,1,translate,1
fruits_nuts_rice,hyperclovax,1000030900,1,jungso_fine_rice,1
fruits_nuts_rice,hyperclovax,1000030900,1,uncooked,1
fruits_nuts_rice,hyperclovax,1000030900,1,indicate,1
fruits_nuts_rice,hyperclovax,1000030900,1,weight,1
fruits_nuts_rice,hyperclovax,1000030900,1,4kg,1
fruits_nuts_rice,hyperclovax,1000030900,1,plain,1
fruits_nuts_rice,hyperclovax,1000030900,1,light,1
fruits_nuts_rice,hyperclovax,1000030900,1,gray,1
fruits_nuts_rice,hyperclovax,1000030900,1,surface,1
fruits_nuts_rice,hyperclovax,1000030900,1,overall,1
fruits_nuts_rice,hyperclovax,1000030900,1,style,1
fruits_nuts_rice,hyperclovax,1000030900,1,clean,1
fruits_nuts_rice,hyperclovax,1000030900,1,modern,1
fruits_nuts_rice,hyperclovax,1000030900,1,emphasize,1
fruits_nuts_rice,hyperclovax,1000030900,1,simplicity,1
fruits_nuts_rice,hyperclovax,1000030900,1,quality,1
fruits_nuts_rice,hyperclovax,1000030900,2,main,1
fruits_nuts_rice,hyperclovax,1000030900,2,food,1
fruits_nuts_rice,hyperclovax,1000030900,2,product,1
fruits_nuts_rice,hyperclovax,1000030900,2,white,3
fruits_nuts_rice,hyperclovax,1000030900,2,rice,5
fruits_nuts_rice,hyperclovax,1000030900,2,bowl,2
fruits_nuts_rice,hyperclovax,1000030900,2,light,1
fruits_nuts_rice,hyperclovax,1000030900,2,gray,1
fruits_nuts_rice,hyperclovax,1000030900,2,surface,2
fruits_nuts_rice,hyperclovax,1000030900,2,grain,1
fruits_nuts_rice,hyperclovax,1000030900,2,small,1
fruits_nuts_rice,hyperclovax,1000030900,2,oval,1
fruits_nuts_rice,hyperclovax,1000030900,2,shape,1
fruits_nuts_rice,hyperclovax,1000030900,2,uniformly,1
fruits_nuts_rice,hyperclovax,1000030900,2,color,1
fruits_nuts_rice,hyperclovax,1000030900,2,texture,1
fruits_nuts_rice,hyperclovax,1000030900,2,smooth,1
fruits_nuts_rice,hyperclovax,1000030900,2,glossy,1
fruits_nuts_rice,hyperclovax,1000030900,2,indicate,1
fruits_nuts_rice,hyperclovax,1000030900,2,likely,1
fruits_nuts_rice,hyperclovax,1000030900,2,freshly,1
fruits_nuts_rice,hyperclovax,1000030900,2,cook,1
fruits_nuts_rice,hyperclovax,1000030900,2,maintain,1
fruits_nuts_rice,hyperclovax,1000030900,2,plain,1
fruits_nuts_rice,hyperclovax,1000030900,2,focus,1
fruits_nuts_rice,hyperclovax,1000030900,2,solely,1
fruits_nuts_rice,hyperclovax,1000030900,2,object,1
fruits_nuts_rice,hyperclovax,1000030900,2,distraction,1
fruits_nuts_rice,hyperclovax,1000032485,1,main,1
fruits_nuts_rice,hyperclovax,1000032485,1,food,1
fruits_nuts_rice,hyperclovax,1000032485,1,product,4
fruits_nuts_rice,hyperclovax,1000032485,1,frozen,2
fruits_nuts_rice,hyperclovax,1000032485,1,blueberry,4
fruits_nuts_rice,hyperclovax,1000032485,1,packaging,3
fruits_nuts_rice,hyperclovax,1000032485,1,transparent,1
fruits_nuts_rice,hyperclovax,1000032485,1,plastic,2
fruits_nuts_rice,hyperclovax,1000032485,1,bag,3
fruits_nuts_rice,hyperclovax,1000032485,1,white,1
fruits_nuts_rice,hyperclovax,1000032485,1,blue,2
fruits_nuts_rice,hyperclovax,1000032485,1,text,1
fruits_nuts_rice,hyperclovax,1000032485,1,read,1
fruits_nuts_rice,hyperclovax,1000032485,1,냉동_블루베리,1
fruits_nuts_rice,hyperclovax,1000032485,1,usda_a_grade,1
fruits_nuts_rice,hyperclovax,1000032485,1,indicate,1
fruits_nuts_rice,hyperclovax,1000032485,1,quality,2
fruits_nuts_rice,hyperclovax,1000032485,1,standard,1
fruits_nuts_rice,hyperclovax,1000032485,1,visible,1
fruits_nuts_rice,hyperclovax,1000032485,1,dark,1
fruits_nuts_rice,hyperclovax,1000032485,1,color,1
fruits_nuts_rice,hyperclovax,1000032485,1,slightly,1
fruits_nuts_rice,hyperclovax,1000032485,1,wrinkle,1
fruits_nuts_rice,hyperclovax,1000032485,1,surface,1
fruits_nuts_rice,hyperclovax,1000032485,1,weight,1
fruits_nuts_rice,hyperclovax,1000032485,1,1.5kg,1
fruits_nuts_rice,hyperclovax,1000032485,1,clearly,1
fruits_nuts_rice,hyperclovax,1000032485,1,mark,1
fruits_nuts_rice,hyperclovax,1000032485,1,overall,1
fruits_nuts_rice,hyperclovax,1000032485,1,arrangement,1
fruits_nuts_rice,hyperclovax,1000032485,1,clear,1
fruits_nuts_rice,hyperclovax,1000032485,1,bowl,1
fruits_nuts_rice,hyperclovax,1000032485,1,emphasize,1
fruits_nuts_rice,hyperclovax,1000032485,1,freshness,1
fruits_nuts_rice,hyperclovax,1000032485,2,main,1
fruits_nuts_rice,hyperclovax,1000032485,2,food,1
fruits_nuts_rice,hyperclovax,1000032485,2,product,2
fruits_nuts_rice,hyperclovax,1000032485,2,frozen,1
fruits_nuts_rice,hyperclovax,1000032485,2,blueberry,4
fruits_nuts_rice,hyperclovax,1000032485,2,dark,1
fruits_nuts_rice,hyperclovax,1000032485,2,purple,1
fruits_nuts_rice,hyperclovax,1000032485,2,color,2
fruits_nuts_rice,hyperclovax,1000032485,2,smooth,1
fruits_nuts_rice,hyperclovax,1000032485,2,slightly,1
fruits_nuts_rice,hyperclovax,1000032485,2,shiny,1
fruits_nuts_rice,hyperclovax,1000032485,2,surface,2
fruits_nuts_rice,hyperclovax,1000032485,2,lightly,1
fruits_nuts_rice,hyperclovax,1000032485,2,dust,1
fruits_nuts_rice,hyperclovax,1000032485,2,white,2
fruits_nuts_rice,hyperclovax,1000032485,2,powdery,1
fruits_nuts_rice,hyperclovax,1000032485,2,substance,1
fruits_nuts_rice,hyperclovax,1000032485,2,likely,1
fruits_nuts_rice,hyperclovax,1000032485,2,sugar,1
fruits_nuts_rice,hyperclovax,1000032485,2,similar,1
fruits_nuts_rice,hyperclovax,1000032485,2,coating,1
fruits_nuts_rice,hyperclovax,1000032485,2,bowl,1
fruits_nuts_rice,hyperclovax,1000032485,2,plain,1
fruits_nuts_rice,hyperclovax,1000032485,2,light,1
fruits_nuts_rice,hyperclovax,1000032485,2,colored,1
fruits_nuts_rice,hyperclovax,1000032485,2,whole,1
fruits_nuts_rice,hyperclovax,1000032485,2,uniformly,1
fruits_nuts_rice,hyperclovax,1000032485,2,size,1
fruits_nuts_rice,hyperclovax,1000032485,2,slight,1
fruits_nuts_rice,hyperclovax,1000032485,2,variation,2
fruits_nuts_rice,hyperclovax,1000032485,2,intensity,1
fruits_nuts_rice,hyperclovax,1000032485,2,indicate,1
fruits_nuts_rice,hyperclovax,1000032485,2,natural,1
fruits_nuts_rice,hyperclovax,1000032485,2,berry,1
fruits_nuts_rice,hyperclovax,1000032485,2,focus,1
fruits_nuts_rice,hyperclovax,1000032485,2,solely,1
fruits_nuts_rice,hyperclovax,1000032485,2,immediate,1
fruits_nuts_rice,hyperclovax,1000032485,2,surrounding,1
fruits_nuts_rice,hyperclovax,1000032485,2,provide,1
fruits_nuts_rice,hyperclovax,1000032485,2,clear,1
fruits_nuts_rice,hyperclovax,1000032485,2,detailed,1
fruits_nuts_rice,hyperclovax,1000032485,2,view,1
fruits_nuts_rice,hyperclovax,1000032485,2,additional,1
fruits_nuts_rice,hyperclovax,1000032485,2,context,1
fruits_nuts_rice,hyperclovax,1000032485,2,element,1
fruits_nuts_rice,hyperclovax,1000048867,1,main,1
fruits_nuts_rice,hyperclovax,1000048867,1,food,1
fruits_nuts_rice,hyperclovax,1000048867,1,product,3
fruits_nuts_rice,hyperclovax,1000048867,1,rice,2
fruits_nuts_rice,hyperclovax,1000048867,1,packaging,3
fruits_nuts_rice,hyperclovax,1000048867,1,rectangular,1
fruits_nuts_rice,hyperclovax,1000048867,1,bag,5
fruits_nuts_rice,hyperclovax,1000048867,1,predominantly,1
fruits_nuts_rice,hyperclovax,1000048867,1,white,1
fruits_nuts_rice,hyperclovax,1000048867,1,purple,1
fruits_nuts_rice,hyperclovax,1000048867,1,color,1
fruits_nuts_rice,hyperclovax,1000048867,1,scheme,1
fruits_nuts_rice,hyperclovax,1000048867,1,surface,1
fruits_nuts_rice,hyperclovax,1000048867,1,texture,1
fruits_nuts_rice,hyperclovax,1000048867,1,smooth,1
fruits_nuts_rice,hyperclovax,1000048867,1,arrangement,1
fruits_nuts_rice,hyperclovax,1000048867,1,straightforward,1
fruits_nuts_rice,hyperclovax,1000048867,1,weight,2
fruits_nuts_rice,hyperclovax,1000048867,1,prominently,1
fruits_nuts_rice,hyperclovax,1000048867,1,brand,1
fruits_nuts_rice,hyperclovax,1000048867,1,시월미소,1
fruits_nuts_rice,hyperclovax,1000048867,1,clearly,1
fruits_nuts_rice,hyperclovax,1000048867,1,visible,1
fruits_nuts_rice,hyperclovax,1000048867,1,korean,1
fruits_nuts_rice,hyperclovax,1000048867,1,script,1
fruits_nuts_rice,hyperclovax,1000048867,1,front,1
fruits_nuts_rice,hyperclovax,1000048867,1,10kg,1
fruits_nuts_rice,hyperclovax,1000048867,1,small,1
fruits_nuts_rice,hyperclovax,1000048867,1,bowl,1
fruits_nuts_rice,hyperclovax,1000048867,1,include,1
fruits_nuts_rice,hyperclovax,1000048867,1,circular,1
fruits_nuts_rice,hyperclovax,1000048867,1,seal,1
fruits_nuts_rice,hyperclovax,1000048867,1,logo,1
fruits_nuts_rice,hyperclovax,1000048867,1,bottom,1
fruits_nuts_rice,hyperclovax,1000048867,1,center,1
fruits_nuts_rice,hyperclovax,1000048867,2,main,1
fruits_nuts_rice,hyperclovax,1000048867,2,food,1
fruits_nuts_rice,hyperclovax,1000048867,2,product,1
fruits_nuts_rice,hyperclovax,1000048867,2,uncooked,1
fruits_nuts_rice,hyperclovax,1000048867,2,white,3
fruits_nuts_rice,hyperclovax,1000048867,2,rice,5
fruits_nuts_rice,hyperclovax,1000048867,2,bowl,2
fruits_nuts_rice,hyperclovax,1000048867,2,light,1
fruits_nuts_rice,hyperclovax,1000048867,2,gray,1
fruits_nuts_rice,hyperclovax,1000048867,2,surface,2
fruits_nuts_rice,hyperclovax,1000048867,2,grain,1
fruits_nuts_rice,hyperclovax,1000048867,2,small,1
fruits_nuts_rice,hyperclovax,1000048867,2,oval,1
fruits_nuts_rice,hyperclovax,1000048867,2,shape,1
fruits_nuts_rice,hyperclovax,1000048867,2,uniformly,1
fruits_nuts_rice,hyperclovax,1000048867,2,color,1
fruits_nuts_rice,hyperclovax,1000048867,2,texture,1
fruits_nuts_rice,hyperclovax,1000048867,2,smooth,1
fruits_nuts_rice,hyperclovax,1000048867,2,glossy,1
fruits_nuts_rice,hyperclovax,1000048867,2,indicate,1
fruits_nuts_rice,hyperclovax,1000048867,2,likely,1
fruits_nuts_rice,hyperclovax,1000048867,2,freshly,1
fruits_nuts_rice,hyperclovax,1000048867,2,wash,1
fruits_nuts_rice,hyperclovax,1000048867,2,focus,1
fruits_nuts_rice,hyperclovax,1000048867,2,solely,1
fruits_nuts_rice,hyperclovax,1000048867,2,object,1
fruits_nuts_rice,hyperclovax,1000048867,2,distraction,1
fruits_nuts_rice,hyperclovax,1000066062,1,main,1
fruits_nuts_rice,hyperclovax,1000066062,1,food,1
fruits_nuts_rice,hyperclovax,1000066062,1,product,5
fruits_nuts_rice,hyperclovax,1000066062,1,container,3
fruits_nuts_rice,hyperclovax,1000066062,1,mixed,1
fruits_nuts_rice,hyperclovax,1000066062,1,seed,6
fruits_nuts_rice,hyperclovax,1000066062,1,cylindrical,1
fruits_nuts_rice,hyperclovax,1000066062,1,transparent,1
fruits_nuts_rice,hyperclovax,1000066062,1,body,1
fruits_nuts_rice,hyperclovax,1000066062,1,allow,1
fruits_nuts_rice,hyperclovax,1000066062,1,inside,1
fruits_nuts_rice,hyperclovax,1000066062,1,visible,1
fruits_nuts_rice,hyperclovax,1000066062,1,mix,1
fruits_nuts_rice,hyperclovax,1000066062,1,different,1
fruits_nuts_rice,hyperclovax,1000066062,1,type,1
fruits_nuts_rice,hyperclovax,1000066062,1,include,1
fruits_nuts_rice,hyperclovax,1000066062,1,look,1
fruits_nuts_rice,hyperclovax,1000066062,1,sunflower,1
fruits_nuts_rice,hyperclovax,1000066062,1,pumpkin,1
fruits_nuts_rice,hyperclovax,1000066062,1,possibly,2
fruits_nuts_rice,hyperclovax,1000066062,1,small,1
fruits_nuts_rice,hyperclovax,1000066062,1,round,1
fruits_nuts_rice,hyperclovax,1000066062,1,packaging,1
fruits_nuts_rice,hyperclovax,1000066062,1,label,2
fruits_nuts_rice,hyperclovax,1000066062,1,text,2
fruits_nuts_rice,hyperclovax,1000066062,1,korean,1
fruits_nuts_rice,hyperclovax,1000066062,1,english,1
fruits_nuts_rice,hyperclovax,1000066062,1,provide,1
fruits_nuts_rice,hyperclovax,1000066062,1,information,1
fruits_nuts_rice,hyperclovax,1000066062,1,brand,1
fruits_nuts_rice,hyperclovax,1000066062,1,nutritional,1
fruits_nuts_rice,hyperclovax,1000066062,1,fact,1
fruits_nuts_rice,hyperclovax,1000066062,1,usage,1
fruits_nuts_rice,hyperclovax,1000066062,1,instruction,1
fruits_nuts_rice,hyperclovax,1000066062,1,predominantly,1
fruits_nuts_rice,hyperclovax,1000066062,1,white,1
fruits_nuts_rice,hyperclovax,1000066062,1,black,1
fruits_nuts_rice,hyperclovax,1000066062,1,green,1
fruits_nuts_rice,hyperclovax,1000066062,1,section,1
fruits_nuts_rice,hyperclovax,1000066062,1,bottom,1
fruits_nuts_rice,hyperclovax,1000066062,1,plain,1
fruits_nuts_rice,hyperclovax,1000066062,1,light,1
fruits_nuts_rice,hyperclovax,1000066062,1,colored,1
fruits_nuts_rice,hyperclovax,1000066062,1,surface,1
fruits_nuts_rice,hyperclovax,1000066062,1,contrast,1
fruits_nuts_rice,hyperclovax,1000066062,1,stand,1
fruits_nuts_rice,hyperclovax,1000066062,1,present,1
fruits_nuts_rice,hyperclovax,1000066062,1,way,1
fruits_nuts_rice,hyperclovax,1000066062,1,highlight,1
fruits_nuts_rice,hyperclovax,1000066062,1,content,1
fruits_nuts_rice,hyperclovax,1000066062,1,package,1
fruits_nuts_rice,hyperclovax,1000066062,1,clearly,1
fruits_nuts_rice,hyperclovax,1000066062,2,main,1
fruits_nuts_rice,hyperclovax,1000066062,2,food,1
fruits_nuts_rice,hyperclovax,1000066062,2,product,1
fruits_nuts_rice,hyperclovax,1000066062,2,mixture,1
fruits_nuts_rice,hyperclovax,1000066062,2,grain,5
fruits_nuts_rice,hyperclovax,1000066062,2,small,1
fruits_nuts_rice,hyperclovax,1000066062,2,round,1
fruits_nuts_rice,hyperclovax,1000066062,2,mix,1
fruits_nuts_rice,hyperclovax,1000066062,2,color,1
fruits_nuts_rice,hyperclovax,1000066062,2,include,1
fruits_nuts_rice,hyperclovax,1000066062,2,beige,1
fruits_nuts_rice,hyperclovax,1000066062,2,brown,1
fruits_nuts_rice,hyperclovax,1000066062,2,black,1
fruits_nuts_rice,hyperclovax,1000066062,2,light,1
fruits_nuts_rice,hyperclovax,1000066062,2,colored,1
fruits_nuts_rice,hyperclovax,1000066062,2,bowl,3
fruits_nuts_rice,hyperclovax,1000066062,2,slightly,1
fruits_nuts_rice,hyperclovax,1000066062,2,texture,1
fruits_nuts_rice,hyperclovax,1000066062,2,surface,1
fruits_nuts_rice,hyperclovax,1000066062,2,arrangement,1
fruits_nuts_rice,hyperclovax,1000066062,2,loose,1
fruits_nuts_rice,hyperclovax,1000066062,2,uneven,1
fruits_nuts_rice,hyperclovax,1000066062,2,suggest,1
fruits_nuts_rice,hyperclovax,1000066062,2,pour,1
fruits_nuts_rice,hyperclovax,1000066062,2,scoop,1
fruits_nuts_rice,hyperclovax,1000066062,2,natural,1
fruits_nuts_rice,hyperclovax,1000066062,2,unprocessed,1
fruits_nuts_rice,hyperclovax,1000066062,2,appearance,1
fruits_nuts_rice,hyperclovax,1000066062,2,focus,1
fruits_nuts_rice,hyperclovax,1000066062,2,solely,1
fruits_nuts_rice,hyperclovax,1000066062,2,additional,1
fruits_nuts_rice,hyperclovax,1000066062,2,context,1
fruits_nuts_rice,hyperclovax,1000066062,2,element,1
fruits_nuts_rice,hyperclovax,1000102438,1,main,1
fruits_nuts_rice,hyperclovax,1000102438,1,food,1
fruits_nuts_rice,hyperclovax,1000102438,1,product,1
fruits_nuts_rice,hyperclovax,1000102438,1,box,3
fruits_nuts_rice,hyperclovax,1000102438,1,apple,7
fruits_nuts_rice,hyperclovax,1000102438,1,red,3
fruits_nuts_rice,hyperclovax,1000102438,1,slight,1
fruits_nuts_rice,hyperclovax,1000102438,1,blush,1
fruits_nuts_rice,hyperclovax,1000102438,1,skin,1
fruits_nuts_rice,hyperclovax,1000102438,1,indicate,1
fruits_nuts_rice,hyperclovax,1000102438,1,ripeness,1
fruits_nuts_rice,hyperclovax,1000102438,1,arrange,1
fruits_nuts_rice,hyperclovax,1000102438,1,grid,1
fruits_nuts_rice,hyperclovax,1000102438,1,pattern,1
fruits_nuts_rice,hyperclovax,1000102438,1,black,1
fruits_nuts_rice,hyperclovax,1000102438,1,cardboard,1
fruits_nuts_rice,hyperclovax,1000102438,1,encase,1
fruits_nuts_rice,hyperclovax,1000102438,1,protective,1
fruits_nuts_rice,hyperclovax,1000102438,1,plastic,1
fruits_nuts_rice,hyperclovax,1000102438,1,sleeve,1
fruits_nuts_rice,hyperclovax,1000102438,1,green,1
fruits_nuts_rice,hyperclovax,1000102438,1,base,1
fruits_nuts_rice,hyperclovax,1000102438,1,smooth,1
fruits_nuts_rice,hyperclovax,1000102438,1,surface,1
fruits_nuts_rice,hyperclovax,1000102438,1,glossy,1
fruits_nuts_rice,hyperclovax,1000102438,1,finish,1
fruits_nuts_rice,hyperclovax,1000102438,1,suggest,1
fruits_nuts_rice,hyperclovax,1000102438,1,fresh,1
fruits_nuts_rice,hyperclovax,1000102438,1,plain,1
fruits_nuts_rice,hyperclovax,1000102438,1,light,1
fruits_nuts_rice,hyperclovax,1000102438,1,beige,1
fruits_nuts_rice,hyperclovax,1000102438,1,color,1
fruits_nuts_rice,hyperclovax,1000102438,1,contrast,1
fruits_nuts_rice,hyperclovax,1000102438,1,dark,1
fruits_nuts_rice,hyperclovax,1000102438,1,focal,1
fruits_nuts_rice,hyperclovax,1000102438,1,point,1
fruits_nuts_rice,hyperclovax,1000102438,1,similar,1
fruits_nuts_rice,hyperclovax,1000102438,1,variety,2
fruits_nuts_rice,hyperclovax,1000102438,1,likely,1
fruits_nuts_rice,hyperclovax,1000102438,1,common,1
fruits_nuts_rice,hyperclovax,1000102438,1,type,1
fruits_nuts_rice,hyperclovax,1000102438,1,exact,1
fruits_nuts_rice,hyperclovax,1000102438,1,specify,1
fruits_nuts_rice,hyperclovax,1000102438,2,main,1
fruits_nuts_rice,hyperclovax,1000102438,2,food,1
fruits_nuts_rice,hyperclovax,1000102438,2,product,3
fruits_nuts_rice,hyperclovax,1000102438,2,box,4
fruits_nuts_rice,hyperclovax,1000102438,2,apple,5
fruits_nuts_rice,hyperclovax,1000102438,2,red,2
fruits_nuts_rice,hyperclovax,1000102438,2,slight,1
fruits_nuts_rice,hyperclovax,1000102438,2,blush,1
fruits_nuts_rice,hyperclovax,1000102438,2,yellow,1
fruits_nuts_rice,hyperclovax,1000102438,2,indicate,1
fruits_nuts_rice,hyperclovax,1000102438,2,ripe,1
fruits_nuts_rice,hyperclovax,1000102438,2,arrange,1
fruits_nuts_rice,hyperclovax,1000102438,2,grid,1
fruits_nuts_rice,hyperclovax,1000102438,2,pattern,1
fruits_nuts_rice,hyperclovax,1000102438,2,black,1
fruits_nuts_rice,hyperclovax,1000102438,2,cardboard,1
fruits_nuts_rice,hyperclovax,1000102438,2,encase,1
fruits_nuts_rice,hyperclovax,1000102438,2,white,1
fruits_nuts_rice,hyperclovax,1000102438,2,plastic,1
fruits_nuts_rice,hyperclovax,1000102438,2,wrap,1
fruits_nuts_rice,hyperclovax,1000102438,2,small,1
fruits_nuts_rice,hyperclovax,1000102438,2,hole,1
fruits_nuts_rice,hyperclovax,1000102438,2,circumference,1
fruits_nuts_rice,hyperclovax,1000102438,2,rectangular,1
fruits_nuts_rice,hyperclovax,1000102438,2,flat,1
fruits_nuts_rice,hyperclovax,1000102438,2,top,1
fruits_nuts_rice,hyperclovax,1000102438,2,bottom,1
fruits_nuts_rice,hyperclovax,1000102438,2,evenly,1
fruits_nuts_rice,hyperclovax,1000102438,2,spaced,1
fruits_nuts_rice,hyperclovax,1000102438,2,showcase,1
fruits_nuts_rice,hyperclovax,1000102438,2,uniform,1
fruits_nuts_rice,hyperclovax,1000102438,2,size,1
fruits_nuts_rice,hyperclovax,1000102438,2,shape,1
fruits_nuts_rice,hyperclovax,1000102438,2,plain,1
fruits_nuts_rice,hyperclovax,1000102438,2,light,1
fruits_nuts_rice,hyperclovax,1000102438,2,beige,1
fruits_nuts_rice,hyperclovax,1000102438,2,color,1
fruits_nuts_rice,hyperclovax,1000102438,2,contrast,1
fruits_nuts_rice,hyperclovax,1000102438,2,dark,1
fruits_nuts_rice,hyperclovax,1000102438,2,stand,1
fruits_nuts_rice,hyperclovax,1000102438,2,focus,1
fruits_nuts_rice,hyperclovax,1000102438,2,solely,1
fruits_nuts_rice,hyperclovax,1000102438,2,additional,1
fruits_nuts_rice,hyperclovax,1000102438,2,context,1
fruits_nuts_rice,hyperclovax,1000102438,2,element,1
fruits_nuts_rice,hyperclovax,1000118138,1,main,1
fruits_nuts_rice,hyperclovax,1000118138,1,food,1
fruits_nuts_rice,hyperclovax,1000118138,1,product,2
fruits_nuts_rice,hyperclovax,1000118138,1,rice,3
fruits_nuts_rice,hyperclovax,1000118138,1,packaging,1
fruits_nuts_rice,hyperclovax,1000118138,1,dark,1
fruits_nuts_rice,hyperclovax,1000118138,1,blue,1
fruits_nuts_rice,hyperclovax,1000118138,1,bag,3
fruits_nuts_rice,hyperclovax,1000118138,1,white,3
fruits_nuts_rice,hyperclovax,1000118138,1,beige,1
fruits_nuts_rice,hyperclovax,1000118138,1,design,1
fruits_nuts_rice,hyperclovax,1000118138,1,text,1
fruits_nuts_rice,hyperclovax,1000118138,1,백진주,2
fruits_nuts_rice,hyperclovax,1000118138,1,prominently,1
fruits_nuts_rice,hyperclovax,1000118138,1,center,1
fruits_nuts_rice,hyperclovax,1000118138,1,rectangular,1
fruits_nuts_rice,hyperclovax,1000118138,1,rounded,1
fruits_nuts_rice,hyperclovax,1000118138,1,corner,1
fruits_nuts_rice,hyperclovax,1000118138,1,visible,2
fruits_nuts_rice,hyperclovax,1000118138,1,weight,1
fruits_nuts_rice,hyperclovax,1000118138,1,4kg,1
fruits_nuts_rice,hyperclovax,1000118138,1,bottom,1
fruits_nuts_rice,hyperclovax,1000118138,1,surface,2
fruits_nuts_rice,hyperclovax,1000118138,1,texture,1
fruits_nuts_rice,hyperclovax,1000118138,1,bowl,2
fruits_nuts_rice,hyperclovax,1000118138,1,smooth,1
fruits_nuts_rice,hyperclovax,1000118138,1,brand,1
fruits_nuts_rice,hyperclovax,1000118138,1,l_grow,1
fruits_nuts_rice,hyperclovax,1000118138,1,top,1
fruits_nuts_rice,hyperclovax,1000118138,1,write,1
fruits_nuts_rice,hyperclovax,1000118138,1,korean,1
fruits_nuts_rice,hyperclovax,1000118138,1,english,1
fruits_nuts_rice,hyperclovax,1000118138,1,plain,1
fruits_nuts_rice,hyperclovax,1000118138,1,light,1
fruits_nuts_rice,hyperclovax,1000118138,1,gray,1
fruits_nuts_rice,hyperclovax,1000118138,1,uncooked,1
fruits_nuts_rice,hyperclovax,1000118138,2,main,1
fruits_nuts_rice,hyperclovax,1000118138,2,food,1
fruits_nuts_rice,hyperclovax,1000118138,2,product,1
fruits_nuts_rice,hyperclovax,1000118138,2,uncooked,1
fruits_nuts_rice,hyperclovax,1000118138,2,white,1
fruits_nuts_rice,hyperclovax,1000118138,2,rice,5
fruits_nuts_rice,hyperclovax,1000118138,2,bowl,3
fruits_nuts_rice,hyperclovax,1000118138,2,smooth,1
fruits_nuts_rice,hyperclovax,1000118138,2,matte,1
fruits_nuts_rice,hyperclovax,1000118138,2,finish,1
fruits_nuts_rice,hyperclovax,1000118138,2,light,2
fruits_nuts_rice,hyperclovax,1000118138,2,beige,1
fruits_nuts_rice,hyperclovax,1000118138,2,color,1
fruits_nuts_rice,hyperclovax,1000118138,2,surface,2
fruits_nuts_rice,hyperclovax,1000118138,2,texture,1
fruits_nuts_rice,hyperclovax,1000118138,2,grain,2
fruits_nuts_rice,hyperclovax,1000118138,2,slightly,2
fruits_nuts_rice,hyperclovax,1000118138,2,glossy,1
fruits_nuts_rice,hyperclovax,1000118138,2,indicate,1
fruits_nuts_rice,hyperclovax,1000118138,2,likely,1
fruits_nuts_rice,hyperclovax,1000118138,2,freshly,1
fruits_nuts_rice,hyperclovax,1000118138,2,wash,1
fruits_nuts_rice,hyperclovax,1000118138,2,simple,1
fruits_nuts_rice,hyperclovax,1000118138,2,rounded,1
fruits_nuts_rice,hyperclovax,1000118138,2,shape,1
fruits_nuts_rice,hyperclovax,1000118138,2,dark,1
fruits_nuts_rice,hyperclovax,1000118138,2,rim,1
fruits_nuts_rice,hyperclovax,1000118138,2,suggest,1
fruits_nuts_rice,hyperclovax,1000118138,2,handcrafted,1
fruits_nuts_rice,hyperclovax,1000118138,2,artisanal,1
fruits_nuts_rice,hyperclovax,1000118138,2,style,1
fruits_nuts_rice,hyperclovax,1000118138,2,plain,1
fruits_nuts_rice,hyperclovax,1000118138,2,gray,1
fruits_nuts_rice,hyperclovax,1000118138,2,contrast,1
fruits_nuts_rice,hyperclovax,1000118138,2,stand,1
fruits_nuts_rice,hyperclovax,1000118138,2,prominently,1
fruits_nuts_rice,hyperclovax,1000118138,2,focus,1
fruits_nuts_rice,hyperclovax,1000118138,2,solely,1
fruits_nuts_rice,hyperclovax,1000118138,2,additional,1
fruits_nuts_rice,hyperclovax,1000118138,2,context,1
fruits_nuts_rice,hyperclovax,1000118138,2,item,1
fruits_nuts_rice,hyperclovax,1000122762,1,main,1
fruits_nuts_rice,hyperclovax,1000122762,1,food,1
fruits_nuts_rice,hyperclovax,1000122762,1,product,2
fruits_nuts_rice,hyperclovax,1000122762,1,apple,4
fruits_nuts_rice,hyperclovax,1000122762,1,red,2
fruits_nuts_rice,hyperclovax,1000122762,1,slight,1
fruits_nuts_rice,hyperclovax,1000122762,1,blush,1
fruits_nuts_rice,hyperclovax,1000122762,1,indicate,1
fruits_nuts_rice,hyperclovax,1000122762,1,ripeness,1
fruits_nuts_rice,hyperclovax,1000122762,1,smooth,1
fruits_nuts_rice,hyperclovax,1000122762,1,shiny,1
fruits_nuts_rice,hyperclovax,1000122762,1,surface,1
fruits_nuts_rice,hyperclovax,1000122762,1,white,1
fruits_nuts_rice,hyperclovax,1000122762,1,texture,1
fruits_nuts_rice,hyperclovax,1000122762,1,cloth,2
fruits_nuts_rice,hyperclovax,1000122762,1,whole,1
fruits_nuts_rice,hyperclovax,1000122762,1,cut,1
fruits_nuts_rice,hyperclovax,1000122762,1,half,1
fruits_nuts_rice,hyperclovax,1000122762,1,reveal,1
fruits_nuts_rice,hyperclovax,1000122762,1,yellowish,1
fruits_nuts_rice,hyperclovax,1000122762,1,flesh,1
fruits_nuts_rice,hyperclovax,1000122762,1,seed,1
fruits_nuts_rice,hyperclovax,1000122762,1,inside,1
fruits_nuts_rice,hyperclovax,1000122762,1,packaging,3
fruits_nuts_rice,hyperclovax,1000122762,1,transparent,1
fruits_nuts_rice,hyperclovax,1000122762,1,accent,1
fruits_nuts_rice,hyperclovax,1000122762,1,text,1
fruits_nuts_rice,hyperclovax,1000122762,1,korean,1
fruits_nuts_rice,hyperclovax,1000122762,1,read,1
fruits_nuts_rice,hyperclovax,1000122762,1,안동애_가족,1
fruits_nuts_rice,hyperclovax,1000122762,1,brand,1
fruits_nuts_rice,hyperclovax,1000122762,1,clearly,1
fruits_nuts_rice,hyperclovax,1000122762,1,visible,1
fruits_nuts_rice,hyperclovax,1000122762,1,design,1
fruits_nuts_rice,hyperclovax,1000122762,1,suggest,1
fruits_nuts_rice,hyperclovax,1000122762,1,commercial,1
fruits_nuts_rice,hyperclovax,1000122762,1,arrange,1
fruits_nuts_rice,hyperclovax,1000122762,1,semi,1
fruits_nuts_rice,hyperclovax,1000122762,1,circle,1
fruits_nuts_rice,hyperclovax,1000122762,1,overlap,1
fruits_nuts_rice,hyperclovax,1000122762,2,main,1
fruits_nuts_rice,hyperclovax,1000122762,2,food,1
fruits_nuts_rice,hyperclovax,1000122762,2,product,1
fruits_nuts_rice,hyperclovax,1000122762,2,red,2
fruits_nuts_rice,hyperclovax,1000122762,2,apple,5
fruits_nuts_rice,hyperclovax,1000122762,2,prominently,1
fruits_nuts_rice,hyperclovax,1000122762,2,cut,1
fruits_nuts_rice,hyperclovax,1000122762,2,half,1
fruits_nuts_rice,hyperclovax,1000122762,2,inside,1
fruits_nuts_rice,hyperclovax,1000122762,2,reveal,1
fruits_nuts_rice,hyperclovax,1000122762,2,yellowish,1
fruits_nuts_rice,hyperclovax,1000122762,2,flesh,1
fruits_nuts_rice,hyperclovax,1000122762,2,small,2
fruits_nuts_rice,hyperclovax,1000122762,2,core,1
fruits_nuts_rice,hyperclovax,1000122762,2,seed,1
fruits_nuts_rice,hyperclovax,1000122762,2,smooth,1
fruits_nuts_rice,hyperclovax,1000122762,2,shiny,1
fruits_nuts_rice,hyperclovax,1000122762,2,skin,1
fruits_nuts_rice,hyperclovax,1000122762,2,reddish,1
fruits_nuts_rice,hyperclovax,1000122762,2,hue,1
fruits_nuts_rice,hyperclovax,1000122762,2,white,2
fruits_nuts_rice,hyperclovax,1000122762,2,spot,1
fruits_nuts_rice,hyperclovax,1000122762,2,package,1
fruits_nuts_rice,hyperclovax,1000122762,2,clear,1
fruits_nuts_rice,hyperclovax,1000122762,2,plastic,1
fruits_nuts_rice,hyperclovax,1000122762,2,bag,1
fruits_nuts_rice,hyperclovax,1000122762,2,stripe,1
fruits_nuts_rice,hyperclovax,1000122762,2,text,1
fruits_nuts_rice,hyperclovax,1000122762,2,packaging,1
fruits_nuts_rice,hyperclovax,1000122762,2,partially,1
fruits_nuts_rice,hyperclovax,1000122762,2,visible,1
fruits_nuts_rice,hyperclovax,1000122762,2,read,1
fruits_nuts_rice,hyperclovax,1000122762,2,가족이_껍질째_믿고_먹는_세척_사과,1
fruits_nuts_rice,hyperclovax,1000122762,2,오존수세척,1
fruits_nuts_rice,hyperclovax,1000122762,2,arrange,1
fruits_nuts_rice,hyperclovax,1000122762,2,texture,1
fruits_nuts_rice,hyperclovax,1000122762,2,cloth,1
fruits_nuts_rice,hyperclovax,1000122762,2,contrast,1
fruits_nuts_rice,hyperclovax,1000122762,2,vibrant,1
fruits_nuts_rice,hyperclovax,1000122762,2,color,1
fruits_nuts_rice,hyperclovax,1000144509,1,main,1
fruits_nuts_rice,hyperclovax,1000144509,1,food,1
fruits_nuts_rice,hyperclovax,1000144509,1,product,3
fruits_nuts_rice,hyperclovax,1000144509,1,rice,4
fruits_nuts_rice,hyperclovax,1000144509,1,packaging,1
fruits_nuts_rice,hyperclovax,1000144509,1,white,1
fruits_nuts_rice,hyperclovax,1000144509,1,rectangular,1
fruits_nuts_rice,hyperclovax,1000144509,1,bag,4
fruits_nuts_rice,hyperclovax,1000144509,1,rounded,1
fruits_nuts_rice,hyperclovax,1000144509,1,corner,1
fruits_nuts_rice,hyperclovax,1000144509,1,text,2
fruits_nuts_rice,hyperclovax,1000144509,1,kf365_kurly_fresh,1
fruits_nuts_rice,hyperclovax,1000144509,1,prominently,1
fruits_nuts_rice,hyperclovax,1000144509,1,black,1
fruits_nuts_rice,hyperclovax,1000144509,1,purple,1
fruits_nuts_rice,hyperclovax,1000144509,1,letter,1
fruits_nuts_rice,hyperclovax,1000144509,1,include,1
fruits_nuts_rice,hyperclovax,1000144509,1,additional,1
fruits_nuts_rice,hyperclovax,1000144509,1,korean,1
fruits_nuts_rice,hyperclovax,1000144509,1,detail,1
fruits_nuts_rice,hyperclovax,1000144509,1,specification,1
fruits_nuts_rice,hyperclovax,1000144509,1,4kg,1
fruits_nuts_rice,hyperclovax,1000144509,1,밥상의_진짜_쌀,1
fruits_nuts_rice,hyperclovax,1000144509,1,surface,1
fruits_nuts_rice,hyperclovax,1000144509,1,texture,1
fruits_nuts_rice,hyperclovax,1000144509,1,visible,1
fruits_nuts_rice,hyperclovax,1000144509,1,small,1
fruits_nuts_rice,hyperclovax,1000144509,1,bowl,2
fruits_nuts_rice,hyperclovax,1000144509,1,individual,1
fruits_nuts_rice,hyperclovax,1000144509,1,grain,1
fruits_nuts_rice,hyperclovax,1000144509,1,overall,1
fruits_nuts_rice,hyperclovax,1000144509,1,arrangement,1
fruits_nuts_rice,hyperclovax,1000144509,1,simple,1
fruits_nuts_rice,hyperclovax,1000144509,1,centrally,1
fruits_nuts_rice,hyperclovax,1000144509,1,position,1
fruits_nuts_rice,hyperclovax,1000144509,1,upper,1
fruits_nuts_rice,hyperclovax,1000144509,1,right,1
fruits_nuts_rice,hyperclovax,1000144509,1,highlight,1
fruits_nuts_rice,hyperclovax,1000144509,1,freshness,1
fruits_nuts_rice,hyperclovax,1000144509,1,quality,1
fruits_nuts_rice,hyperclovax,1000144509,2,main,1
fruits_nuts_rice,hyperclovax,1000144509,2,food,1
fruits_nuts_rice,hyperclovax,1000144509,2,product,1
fruits_nuts_rice,hyperclovax,1000144509,2,white,4
fruits_nuts_rice,hyperclovax,1000144509,2,rice,4
fruits_nuts_rice,hyperclovax,1000144509,2,grain,2
fruits_nuts_rice,hyperclovax,1000144509,2,small,1
fruits_nuts_rice,hyperclovax,1000144509,2,oval,1
fruits_nuts_rice,hyperclovax,1000144509,2,shape,1
fruits_nuts_rice,hyperclovax,1000144509,2,uniformly,1
fruits_nuts_rice,hyperclovax,1000144509,2,color,1
fruits_nuts_rice,hyperclovax,1000144509,2,smooth,1
fruits_nuts_rice,hyperclovax,1000144509,2,surface,2
fruits_nuts_rice,hyperclovax,1000144509,2,texture,1
fruits_nuts_rice,hyperclovax,1000144509,2,neatly,1
fruits_nuts_rice,hyperclovax,1000144509,2,arrange,1
fruits_nuts_rice,hyperclovax,1000144509,2,bowl,3
fruits_nuts_rice,hyperclovax,1000144509,2,plain,1
fruits_nuts_rice,hyperclovax,1000144509,2,light,1
fruits_nuts_rice,hyperclovax,1000144509,2,gray,1
fruits_nuts_rice,hyperclovax,1000144509,2,contrast,1
fruits_nuts_rice,hyperclovax,1000144509,2,stand,1
fruits_nuts_rice,hyperclovax,1000144509,2,clearly,1
fruits_nuts_rice,hyperclovax,1000144509,2,description,1
fruits_nuts_rice,hyperclovax,1000144509,2,focus,1
fruits_nuts_rice,hyperclovax,1000144509,2,solely,1
fruits_nuts_rice,hyperclovax,1000144509,2,observable,1
fruits_nuts_rice,hyperclovax,1000144509,2,assumption,1
fruits_nuts_rice,hyperclovax,1000144509,2,taste,1
fruits_nuts_rice,hyperclovax,1000144509,2,freshness,1
fruits_nuts_rice,hyperclovax,1000144509,2,origin,1
fruits_nuts_rice,hyperclovax,1000144509,2,health,1
fruits_nuts_rice,hyperclovax,1000144509,2,benefit,1
fruits_nuts_rice,hyperclovax,1000253378,1,main,1
fruits_nuts_rice,hyperclovax,1000253378,1,food,1
fruits_nuts_rice,hyperclovax,1000253378,1,product,1
fruits_nuts_rice,hyperclovax,1000253378,1,fresh,2
fruits_nuts_rice,hyperclovax,1000253378,1,blueberry,4
fruits_nuts_rice,hyperclovax,1000253378,1,round,1
fruits_nuts_rice,hyperclovax,1000253378,1,deep,1
fruits_nuts_rice,hyperclovax,1000253378,1,blue,1
fruits_nuts_rice,hyperclovax,1000253378,1,color,1
fruits_nuts_rice,hyperclovax,1000253378,1,slightly,1
fruits_nuts_rice,hyperclovax,1000253378,1,shiny,1
fruits_nuts_rice,hyperclovax,1000253378,1,surface,2
fruits_nuts_rice,hyperclovax,1000253378,1,indicate,1
fruits_nuts_rice,hyperclovax,1000253378,1,possibly,1
fruits_nuts_rice,hyperclovax,1000253378,1,recently,1
fruits_nuts_rice,hyperclovax,1000253378,1,wash,1
fruits_nuts_rice,hyperclovax,1000253378,1,arrange,1
fruits_nuts_rice,hyperclovax,1000253378,1,circular,1
fruits_nuts_rice,hyperclovax,1000253378,1,pattern,1
fruits_nuts_rice,hyperclovax,1000253378,1,light,2
fruits_nuts_rice,hyperclovax,1000253378,1,green,1
fruits_nuts_rice,hyperclovax,1000253378,1,plate,2
fruits_nuts_rice,hyperclovax,1000253378,1,metal,1
fruits_nuts_rice,hyperclovax,1000253378,1,spoon,1
fruits_nuts_rice,hyperclovax,1000253378,1,right,1
fruits_nuts_rice,hyperclovax,1000253378,1,side,1
fruits_nuts_rice,hyperclovax,1000253378,1,suggest,1
fruits_nuts_rice,hyperclovax,1000253378,1,ready,1
fruits_nuts_rice,hyperclovax,1000253378,1,eat,1
fruits_nuts_rice,hyperclovax,1000253378,1,recipe,1
fruits_nuts_rice,hyperclovax,1000253378,1,plain,1
fruits_nuts_rice,hyperclovax,1000253378,1,gray,1
fruits_nuts_rice,hyperclovax,1000253378,1,distract,1
fruits_nuts_rice,hyperclovax,1000253378,1,focus,1
fruits_nuts_rice,hyperclovax,1000253378,1,solely,1
fruits_nuts_rice,hyperclovax,1000253378,1,immediate,1
fruits_nuts_rice,hyperclovax,1000253378,1,surrounding,1
fruits_nuts_rice,hyperclovax,1000253378,1,provide,1
fruits_nuts_rice,hyperclovax,1000253378,1,clear,1
fruits_nuts_rice,hyperclovax,1000253378,1,detailed,1
fruits_nuts_rice,hyperclovax,1000253378,1,description,1
fruits_nuts_rice,hyperclovax,1000253378,1,assumption,1
fruits_nuts_rice,hyperclovax,1000253378,1,taste,1
fruits_nuts_rice,hyperclovax,1000253378,1,freshness,1
fruits_nuts_rice,hyperclovax,1000253378,2,main,1
fruits_nuts_rice,hyperclovax,1000253378,2,food,1
fruits_nuts_rice,hyperclovax,1000253378,2,collection,1
fruits_nuts_rice,hyperclovax,1000253378,2,fresh,3
fruits_nuts_rice,hyperclovax,1000253378,2,blueberry,5
fruits_nuts_rice,hyperclovax,1000253378,2,dark,1
fruits_nuts_rice,hyperclovax,1000253378,2,blue,1
fruits_nuts_rice,hyperclovax,1000253378,2,color,1
fruits_nuts_rice,hyperclovax,1000253378,2,smooth,1
fruits_nuts_rice,hyperclovax,1000253378,2,slightly,1
fruits_nuts_rice,hyperclovax,1000253378,2,shiny,1
fruits_nuts_rice,hyperclovax,1000253378,2,surface,1
fruits_nuts_rice,hyperclovax,1000253378,2,indicate,1
fruits_nuts_rice,hyperclovax,1000253378,2,possibly,1
fruits_nuts_rice,hyperclovax,1000253378,2,recently,1
fruits_nuts_rice,hyperclovax,1000253378,2,wash,1
fruits_nuts_rice,hyperclovax,1000253378,2,arrange,1
fruits_nuts_rice,hyperclovax,1000253378,2,bowl,1
fruits_nuts_rice,hyperclovax,1000253378,2,berry,1
fruits_nuts_rice,hyperclovax,1000253378,2,partially,1
fruits_nuts_rice,hyperclovax,1000253378,2,cover,1
fruits_nuts_rice,hyperclovax,1000253378,2,metal,1
fruits_nuts_rice,hyperclovax,1000253378,2,spoon,1
fruits_nuts_rice,hyperclovax,1000253378,2,top,1
fruits_nuts_rice,hyperclovax,1000253378,2,distinct,1
fruits_nuts_rice,hyperclovax,1000253378,2,round,1
fruits_nuts_rice,hyperclovax,1000253378,2,shape,1
fruits_nuts_rice,hyperclovax,1000253378,2,small,1
fruits_nuts_rice,hyperclovax,1000253378,2,indentation,1
fruits_nuts_rice,hyperclovax,1000253378,2,center,1
fruits_nuts_rice,hyperclovax,1000253378,2,characteristic,1
fruits_nuts_rice,hyperclovax,1000253378,2,focus,1
fruits_nuts_rice,hyperclovax,1000253378,2,solely,1
fruits_nuts_rice,hyperclovax,1000253378,2,immediate,1
fruits_nuts_rice,hyperclovax,1000253378,2,surrounding,1
fruits_nuts_rice,hyperclovax,1000253378,2,provide,1
fruits_nuts_rice,hyperclovax,1000253378,2,clear,1
fruits_nuts_rice,hyperclovax,1000253378,2,view,1
fruits_nuts_rice,hyperclovax,1000253378,2,appetizing,1
fruits_nuts_rice,hyperclovax,1000253378,2,appearance,1
fruits_nuts_rice,hyperclovax,1000338204,1,main,1
fruits_nuts_rice,hyperclovax,1000338204,1,food,1
fruits_nuts_rice,hyperclovax,1000338204,1,product,2
fruits_nuts_rice,hyperclovax,1000338204,1,frozen,2
fruits_nuts_rice,hyperclovax,1000338204,1,blueberry,5
fruits_nuts_rice,hyperclovax,1000338204,1,packaging,2
fruits_nuts_rice,hyperclovax,1000338204,1,predominantly,1
fruits_nuts_rice,hyperclovax,1000338204,1,green,1
fruits_nuts_rice,hyperclovax,1000338204,1,purple,1
fruits_nuts_rice,hyperclovax,1000338204,1,text,1
fruits_nuts_rice,hyperclovax,1000338204,1,prominently,1
fruits_nuts_rice,hyperclovax,1000338204,1,large,1
fruits_nuts_rice,hyperclovax,1000338204,1,white,1
fruits_nuts_rice,hyperclovax,1000338204,1,letter,1
fruits_nuts_rice,hyperclovax,1000338204,1,label,1
fruits_nuts_rice,hyperclovax,1000338204,1,delicious_fruits,1
fruits_nuts_rice,hyperclovax,1000338204,1,냉동블루베리,1
fruits_nuts_rice,hyperclovax,1000338204,1,indicate,1
fruits_nuts_rice,hyperclovax,1000338204,1,content,2
fruits_nuts_rice,hyperclovax,1000338204,1,small,1
fruits_nuts_rice,hyperclovax,1000338204,1,seal,1
fruits_nuts_rice,hyperclovax,1000338204,1,logo,1
fruits_nuts_rice,hyperclovax,1000338204,1,read,1
fruits_nuts_rice,hyperclovax,1000338204,1,fresh_blueberry,1
fruits_nuts_rice,hyperclovax,1000338204,1,1kg,1
fruits_nuts_rice,hyperclovax,1000338204,1,specify,1
fruits_nuts_rice,hyperclovax,1000338204,1,weight,1
fruits_nuts_rice,hyperclovax,1000338204,1,package,1
fruits_nuts_rice,hyperclovax,1000338204,1,fresh,1
fruits_nuts_rice,hyperclovax,1000338204,1,whole,1
fruits_nuts_rice,hyperclovax,1000338204,1,dark,1
fruits_nuts_rice,hyperclovax,1000338204,1,blue,1
fruits_nuts_rice,hyperclovax,1000338204,1,color,1
fruits_nuts_rice,hyperclovax,1000338204,1,typical,1
fruits_nuts_rice,hyperclovax,1000338204,2,main,1
fruits_nuts_rice,hyperclovax,1000338204,2,food,1
fruits_nuts_rice,hyperclovax,1000338204,2,product,2
fruits_nuts_rice,hyperclovax,1000338204,2,bowl,2
fruits_nuts_rice,hyperclovax,1000338204,2,dry,2
fruits_nuts_rice,hyperclovax,1000338204,2,blueberry,4
fruits_nuts_rice,hyperclovax,1000338204,2,dark,2
fruits_nuts_rice,hyperclovax,1000338204,2,purple,1
fruits_nuts_rice,hyperclovax,1000338204,2,black,1
fruits_nuts_rice,hyperclovax,1000338204,2,color,1
fruits_nuts_rice,hyperclovax,1000338204,2,slight,1
fruits_nuts_rice,hyperclovax,1000338204,2,red,1
fruits_nuts_rice,hyperclovax,1000338204,2,hue,1
fruits_nuts_rice,hyperclovax,1000338204,2,indicate,1
fruits_nuts_rice,hyperclovax,1000338204,2,slightly,1
fruits_nuts_rice,hyperclovax,1000338204,2,ripe,1
fruits_nuts_rice,hyperclovax,1000338204,2,state,1
fruits_nuts_rice,hyperclovax,1000338204,2,surface,2
fruits_nuts_rice,hyperclovax,1000338204,2,glossy,1
fruits_nuts_rice,hyperclovax,1000338204,2,suggest,1
fruits_nuts_rice,hyperclovax,1000338204,2,coat,1
fruits_nuts_rice,hyperclovax,1000338204,2,sugar,1
fruits_nuts_rice,hyperclovax,1000338204,2,glaze,1
fruits_nuts_rice,hyperclovax,1000338204,2,syrup,1
fruits_nuts_rice,hyperclovax,1000338204,2,arrange,1
fruits_nuts_rice,hyperclovax,1000338204,2,dense,1
fruits_nuts_rice,hyperclovax,1000338204,2,pile,1
fruits_nuts_rice,hyperclovax,1000338204,2,simple,1
fruits_nuts_rice,hyperclovax,1000338204,2,light,2
fruits_nuts_rice,hyperclovax,1000338204,2,colored,2
fruits_nuts_rice,hyperclovax,1000338204,2,ceramic,1
fruits_nuts_rice,hyperclovax,1000338204,2,dish,1
fruits_nuts_rice,hyperclovax,1000338204,2,smooth,1
fruits_nuts_rice,hyperclovax,1000338204,2,rounded,1
fruits_nuts_rice,hyperclovax,1000338204,2,shape,1
fruits_nuts_rice,hyperclovax,1000338204,2,plain,1
fruits_nuts_rice,hyperclovax,1000338204,2,distract,1
fruits_nuts_rice,hyperclovax,1000763360,1,main,1
fruits_nuts_rice,hyperclovax,1000763360,1,food,1
fruits_nuts_rice,hyperclovax,1000763360,1,product,1
fruits_nuts_rice,hyperclovax,1000763360,1,bunch,1
fruits_nuts_rice,hyperclovax,1000763360,1,green,3
fruits_nuts_rice,hyperclovax,1000763360,1,grape,5
fruits_nuts_rice,hyperclovax,1000763360,1,round,1
fruits_nuts_rice,hyperclovax,1000763360,1,smooth,1
fruits_nuts_rice,hyperclovax,1000763360,1,slightly,1
fruits_nuts_rice,hyperclovax,1000763360,1,shiny,1
fruits_nuts_rice,hyperclovax,1000763360,1,surface,2
fruits_nuts_rice,hyperclovax,1000763360,1,indicate,1
fruits_nuts_rice,hyperclovax,1000763360,1,freshness,1
fruits_nuts_rice,hyperclovax,1000763360,1,tightly,1
fruits_nuts_rice,hyperclovax,1000763360,1,cluster,1
fruits_nuts_rice,hyperclovax,1000763360,1,rich,1
fruits_nuts_rice,hyperclovax,1000763360,1,color,2
fruits_nuts_rice,hyperclovax,1000763360,1,suggest,1
fruits_nuts_rice,hyperclovax,1000763360,1,ripe,1
fruits_nuts_rice,hyperclovax,1000763360,1,arrange,1
fruits_nuts_rice,hyperclovax,1000763360,1,light,2
fruits_nuts_rice,hyperclovax,1000763360,1,blue,1
fruits_nuts_rice,hyperclovax,1000763360,1,plate,1
fruits_nuts_rice,hyperclovax,1000763360,1,contrast,1
fruits_nuts_rice,hyperclovax,1000763360,1,stand,1
fruits_nuts_rice,hyperclovax,1000763360,1,plain,1
fruits_nuts_rice,hyperclovax,1000763360,1,colored,1
fruits_nuts_rice,hyperclovax,1000763360,1,distract,1
fruits_nuts_rice,hyperclovax,1000763360,2,main,2
fruits_nuts_rice,hyperclovax,1000763360,2,food,1
fruits_nuts_rice,hyperclovax,1000763360,2,product,1
fruits_nuts_rice,hyperclovax,1000763360,2,bunch,2
fruits_nuts_rice,hyperclovax,1000763360,2,green,3
fruits_nuts_rice,hyperclovax,1000763360,2,grape,5
fruits_nuts_rice,hyperclovax,1000763360,2,round,1
fruits_nuts_rice,hyperclovax,1000763360,2,smooth,1
fruits_nuts_rice,hyperclovax,1000763360,2,shiny,1
fruits_nuts_rice,hyperclovax,1000763360,2,surface,2
fruits_nuts_rice,hyperclovax,1000763360,2,bright,1
fruits_nuts_rice,hyperclovax,1000763360,2,color,2
fruits_nuts_rice,hyperclovax,1000763360,2,arrange,1
fruits_nuts_rice,hyperclovax,1000763360,2,dense,1
fruits_nuts_rice,hyperclovax,1000763360,2,cluster,1
fruits_nuts_rice,hyperclovax,1000763360,2,individual,1
fruits_nuts_rice,hyperclovax,1000763360,2,visible,1
fruits_nuts_rice,hyperclovax,1000763360,2,fresh,1
fruits_nuts_rice,hyperclovax,1000763360,2,juicy,1
fruits_nuts_rice,hyperclovax,1000763360,2,slight,1
fruits_nuts_rice,hyperclovax,1000763360,2,sheen,1
fruits_nuts_rice,hyperclovax,1000763360,2,suggest,1
fruits_nuts_rice,hyperclovax,1000763360,2,wet,1
fruits_nuts_rice,hyperclovax,1000763360,2,recently,1
fruits_nuts_rice,hyperclovax,1000763360,2,wash,1
fruits_nuts_rice,hyperclovax,1000763360,2,plain,1
fruits_nuts_rice,hyperclovax,1000763360,2,light,1
fruits_nuts_rice,hyperclovax,1000763360,2,colored,1
fruits_nuts_rice,hyperclovax,1000763360,2,contrast,1
fruits_nuts_rice,hyperclovax,1000763360,2,focal,1
fruits_nuts_rice,hyperclovax,1000763360,2,point,1
fruits_nuts_rice,hyperclovax,1000858612,1,main,1
fruits_nuts_rice,hyperclovax,1000858612,1,food,1
fruits_nuts_rice,hyperclovax,1000858612,1,product,2
fruits_nuts_rice,hyperclovax,1000858612,1,fresh,1
fruits_nuts_rice,hyperclovax,1000858612,1,pineapple,2
fruits_nuts_rice,hyperclovax,1000858612,1,slice,3
fruits_nuts_rice,hyperclovax,1000858612,1,arrange,1
fruits_nuts_rice,hyperclovax,1000858612,1,clear,1
fruits_nuts_rice,hyperclovax,1000858612,1,plastic,1
fruits_nuts_rice,hyperclovax,1000858612,1,container,2
fruits_nuts_rice,hyperclovax,1000858612,1,textured,1
fruits_nuts_rice,hyperclovax,1000858612,1,surface,1
fruits_nuts_rice,hyperclovax,1000858612,1,packaging,2
fruits_nuts_rice,hyperclovax,1000858612,1,include,1
fruits_nuts_rice,hyperclovax,1000858612,1,label,1
fruits_nuts_rice,hyperclovax,1000858612,1,text,2
fruits_nuts_rice,hyperclovax,1000858612,1,kfl365,1
fruits_nuts_rice,hyperclovax,1000858612,1,kurly_fresh,1
fruits_nuts_rice,hyperclovax,1000858612,1,weight,1
fruits_nuts_rice,hyperclovax,1000858612,1,information,1
fruits_nuts_rice,hyperclovax,1000858612,1,yellow,1
fruits_nuts_rice,hyperclovax,1000858612,1,smooth,1
fruits_nuts_rice,hyperclovax,1000858612,1,texture,1
fruits_nuts_rice,hyperclovax,1000858612,1,white,1
fruits_nuts_rice,hyperclovax,1000858612,1,plate,1
fruits_nuts_rice,hyperclovax,1000858612,1,identification,1
fruits_nuts_rice,hyperclovax,1000858612,1,clearly,1
fruits_nuts_rice,hyperclovax,1000858612,1,visible,1
fruits_nuts_rice,hyperclovax,1000858612,1,readable,1
fruits_nuts_rice,hyperclovax,1000858612,2,main,1
fruits_nuts_rice,hyperclovax,1000858612,2,food,2
fruits_nuts_rice,hyperclovax,1000858612,2,pineapple,4
fruits_nuts_rice,hyperclovax,1000858612,2,piece,2
fruits_nuts_rice,hyperclovax,1000858612,2,cut,1
fruits_nuts_rice,hyperclovax,1000858612,2,rectangular,1
fruits_nuts_rice,hyperclovax,1000858612,2,shape,2
fruits_nuts_rice,hyperclovax,1000858612,2,smooth,1
fruits_nuts_rice,hyperclovax,1000858612,2,yellow,2
fruits_nuts_rice,hyperclovax,1000858612,2,surface,2
fruits_nuts_rice,hyperclovax,1000858612,2,visible,1
fruits_nuts_rice,hyperclovax,1000858612,2,fibrous,1
fruits_nuts_rice,hyperclovax,1000858612,2,texture,2
fruits_nuts_rice,hyperclovax,1000858612,2,arrange,1
fruits_nuts_rice,hyperclovax,1000858612,2,plain,1
fruits_nuts_rice,hyperclovax,1000858612,2,white,1
fruits_nuts_rice,hyperclovax,1000858612,2,plate,1
fruits_nuts_rice,hyperclovax,1000858612,2,contrast,1
fruits_nuts_rice,hyperclovax,1000858612,2,vibrant,1
fruits_nuts_rice,hyperclovax,1000858612,2,neutral,1
fruits_nuts_rice,hyperclovax,1000858612,2,light,1
fruits_nuts_rice,hyperclovax,1000858612,2,gray,1
fruits_nuts_rice,hyperclovax,1000858612,2,distract,1
fruits_nuts_rice,hyperclovax,1000858612,2,item,1
fruits_nuts_rice,hyperclovax,1000858612,2,description,1
fruits_nuts_rice,hyperclovax,1000858612,2,focus,1
fruits_nuts_rice,hyperclovax,1000858612,2,visual,1
fruits_nuts_rice,hyperclovax,1000858612,2,characteristic,1
fruits_nuts_rice,hyperclovax,1000858612,2,color,1
fruits_nuts_rice,hyperclovax,1000858612,2,assumption,1
fruits_nuts_rice,hyperclovax,1000858612,2,taste,1
fruits_nuts_rice,hyperclovax,1000858612,2,freshness,1
fruits_nuts_rice,hyperclovax,1000867509,1,main,1
fruits_nuts_rice,hyperclovax,1000867509,1,food,1
fruits_nuts_rice,hyperclovax,1000867509,1,product,2
fruits_nuts_rice,hyperclovax,1000867509,1,rice,6
fruits_nuts_rice,hyperclovax,1000867509,1,packaging,1
fruits_nuts_rice,hyperclovax,1000867509,1,large,1
fruits_nuts_rice,hyperclovax,1000867509,1,rectangular,1
fruits_nuts_rice,hyperclovax,1000867509,1,bag,3
fruits_nuts_rice,hyperclovax,1000867509,1,light,1
fruits_nuts_rice,hyperclovax,1000867509,1,beige,1
fruits_nuts_rice,hyperclovax,1000867509,1,color,2
fruits_nuts_rice,hyperclovax,1000867509,1,minimalist,1
fruits_nuts_rice,hyperclovax,1000867509,1,design,1
fruits_nuts_rice,hyperclovax,1000867509,1,text,1
fruits_nuts_rice,hyperclovax,1000867509,1,read,1
fruits_nuts_rice,hyperclovax,1000867509,1,7일향미,1
fruits_nuts_rice,hyperclovax,1000867509,1,4kg,1
fruits_nuts_rice,hyperclovax,1000867509,1,indicate,1
fruits_nuts_rice,hyperclovax,1000867509,1,weight,1
fruits_nuts_rice,hyperclovax,1000867509,1,inside,1
fruits_nuts_rice,hyperclovax,1000867509,1,surface,3
fruits_nuts_rice,hyperclovax,1000867509,1,texture,4
fruits_nuts_rice,hyperclovax,1000867509,1,fine,1
fruits_nuts_rice,hyperclovax,1000867509,1,process,1
fruits_nuts_rice,hyperclovax,1000867509,1,green,1
fruits_nuts_rice,hyperclovax,1000867509,1,bowl,1
fruits_nuts_rice,hyperclovax,1000867509,1,visible,1
fruits_nuts_rice,hyperclovax,1000867509,1,right,1
fruits_nuts_rice,hyperclovax,1000867509,1,include,1
fruits_nuts_rice,hyperclovax,1000867509,1,white,1
fruits_nuts_rice,hyperclovax,1000867509,1,dry,1
fruits_nuts_rice,hyperclovax,1000867509,1,stalk,1
fruits_nuts_rice,hyperclovax,1000867509,1,enhance,1
fruits_nuts_rice,hyperclovax,1000867509,1,natural,1
fruits_nuts_rice,hyperclovax,1000867509,1,clean,1
fruits_nuts_rice,hyperclovax,1000867509,1,presentation,1
fruits_nuts_rice,hyperclovax,1000867509,2,main,1
fruits_nuts_rice,hyperclovax,1000867509,2,food,1
fruits_nuts_rice,hyperclovax,1000867509,2,product,2
fruits_nuts_rice,hyperclovax,1000867509,2,rice,2
fruits_nuts_rice,hyperclovax,1000867509,2,packaging,1
fruits_nuts_rice,hyperclovax,1000867509,2,light,2
fruits_nuts_rice,hyperclovax,1000867509,2,beige,1
fruits_nuts_rice,hyperclovax,1000867509,2,color,1
fruits_nuts_rice,hyperclovax,1000867509,2,minimalist,1
fruits_nuts_rice,hyperclovax,1000867509,2,design,1
fruits_nuts_rice,hyperclovax,1000867509,2,text,1
fruits_nuts_rice,hyperclovax,1000867509,2,7일향미,1
fruits_nuts_rice,hyperclovax,1000867509,2,4kg,1
fruits_nuts_rice,hyperclovax,1000867509,2,prominently,1
fruits_nuts_rice,hyperclovax,1000867509,2,bowl,1
fruits_nuts_rice,hyperclovax,1000867509,2,white,2
fruits_nuts_rice,hyperclovax,1000867509,2,packed,1
fruits_nuts_rice,hyperclovax,1000867509,2,smooth,1
fruits_nuts_rice,hyperclovax,1000867509,2,slightly,1
fruits_nuts_rice,hyperclovax,1000867509,2,shiny,1
fruits_nuts_rice,hyperclovax,1000867509,2,surface,2
fruits_nuts_rice,hyperclovax,1000867509,2,texture,2
fruits_nuts_rice,hyperclovax,1000867509,2,consist,1
fruits_nuts_rice,hyperclovax,1000867509,2,fabric,1
fruits_nuts_rice,hyperclovax,1000867509,2,green,1
fruits_nuts_rice,hyperclovax,1000867509,2,provide,1
fruits_nuts_rice,hyperclovax,1000867509,2,clean,1
fruits_nuts_rice,hyperclovax,1000867509,2,simple,1
fruits_nuts_rice,hyperclovax,1000867509,2,backdrop,1
fruits_nuts_rice,hyperclovax,1000867509,2,highlight,1
fruits_nuts_rice,hyperclovax,1000867511,1,main,1
fruits_nuts_rice,hyperclovax,1000867511,1,food,1
fruits_nuts_rice,hyperclovax,1000867511,1,product,2
fruits_nuts_rice,hyperclovax,1000867511,1,rice,3
fruits_nuts_rice,hyperclovax,1000867511,1,packaging,1
fruits_nuts_rice,hyperclovax,1000867511,1,beige,1
fruits_nuts_rice,hyperclovax,1000867511,1,colored,1
fruits_nuts_rice,hyperclovax,1000867511,1,bag,3
fruits_nuts_rice,hyperclovax,1000867511,1,minimalist,1
fruits_nuts_rice,hyperclovax,1000867511,1,design,1
fruits_nuts_rice,hyperclovax,1000867511,1,text,1
fruits_nuts_rice,hyperclovax,1000867511,1,7일향미,1
fruits_nuts_rice,hyperclovax,1000867511,1,8kg,1
fruits_nuts_rice,hyperclovax,1000867511,1,prominently,1
fruits_nuts_rice,hyperclovax,1000867511,1,surface,2
fruits_nuts_rice,hyperclovax,1000867511,1,texture,2
fruits_nuts_rice,hyperclovax,1000867511,1,visible,1
fruits_nuts_rice,hyperclovax,1000867511,1,small,1
fruits_nuts_rice,hyperclovax,1000867511,1,bowl,1
fruits_nuts_rice,hyperclovax,1000867511,1,right,2
fruits_nuts_rice,hyperclovax,1000867511,1,individual,1
fruits_nuts_rice,hyperclovax,1000867511,1,grain,1
fruits_nuts_rice,hyperclovax,1000867511,1,consist,1
fruits_nuts_rice,hyperclovax,1000867511,1,light,1
fruits_nuts_rice,hyperclovax,1000867511,1,green,1
fruits_nuts_rice,hyperclovax,1000867511,1,unprocessed,1
fruits_nuts_rice,hyperclovax,1000867511,1,stalk,1
fruits_nuts_rice,hyperclovax,1000867511,1,enhance,1
fruits_nuts_rice,hyperclovax,1000867511,1,natural,1
fruits_nuts_rice,hyperclovax,1000867511,1,theme,1
fruits_nuts_rice,hyperclovax,1000867511,1,presentation,1
fruits_nuts_rice,hyperclovax,1000867511,2,main,1
fruits_nuts_rice,hyperclovax,1000867511,2,food,1
fruits_nuts_rice,hyperclovax,1000867511,2,product,4
fruits_nuts_rice,hyperclovax,1000867511,2,rice,4
fruits_nuts_rice,hyperclovax,1000867511,2,packaging,2
fruits_nuts_rice,hyperclovax,1000867511,2,large,1
fruits_nuts_rice,hyperclovax,1000867511,2,rectangular,1
fruits_nuts_rice,hyperclovax,1000867511,2,bag,2
fruits_nuts_rice,hyperclovax,1000867511,2,light,1
fruits_nuts_rice,hyperclovax,1000867511,2,beige,1
fruits_nuts_rice,hyperclovax,1000867511,2,color,1
fruits_nuts_rice,hyperclovax,1000867511,2,minimalist,1
fruits_nuts_rice,hyperclovax,1000867511,2,design,1
fruits_nuts_rice,hyperclovax,1000867511,2,text,1
fruits_nuts_rice,hyperclovax,1000867511,2,read,1
fruits_nuts_rice,hyperclovax,1000867511,2,7일_향미,1
fruits_nuts_rice,hyperclovax,1000867511,2,indicate,1
fruits_nuts_rice,hyperclovax,1000867511,2,possibly,1
fruits_nuts_rice,hyperclovax,1000867511,2,flavor,1
fruits_nuts_rice,hyperclovax,1000867511,2,profile,1
fruits_nuts_rice,hyperclovax,1000867511,2,bowl,1
fruits_nuts_rice,hyperclovax,1000867511,2,white,1
fruits_nuts_rice,hyperclovax,1000867511,2,uncooke,1
fruits_nuts_rice,hyperclovax,1000867511,2,consist,1
fruits_nuts_rice,hyperclovax,1000867511,2,texture,1
fruits_nuts_rice,hyperclovax,1000867511,2,surface,1
fruits_nuts_rice,hyperclovax,1000867511,2,dry,1
fruits_nuts_rice,hyperclovax,1000867511,2,stalk,1
fruits_nuts_rice,hyperclovax,1000867511,2,complement,1
fruits_nuts_rice,hyperclovax,1000867511,2,natural,2
fruits_nuts_rice,hyperclovax,1000867511,2,theme,1
fruits_nuts_rice,hyperclovax,1000867511,2,quantity,1
fruits_nuts_rice,hyperclovax,1000867511,2,8kg,1
fruits_nuts_rice,hyperclovax,1000867511,2,clearly,1
fruits_nuts_rice,hyperclovax,1000867511,2,visible,1
fruits_nuts_rice,hyperclovax,1000867511,2,overall,1
fruits_nuts_rice,hyperclovax,1000867511,2,presentation,1
fruits_nuts_rice,hyperclovax,1000867511,2,clean,1
fruits_nuts_rice,hyperclovax,1000867511,2,modern,1
fruits_nuts_rice,hyperclovax,1000867511,2,emphasize,1
fruits_nuts_rice,hyperclovax,1000867511,2,unprocessed,1
fruits_nuts_rice,hyperclovax,1000867511,2,quality,1
fruits_nuts_rice,hyperclovax,1000908371,1,main,1
fruits_nuts_rice,hyperclovax,1000908371,1,food,1
fruits_nuts_rice,hyperclovax,1000908371,1,product,1
fruits_nuts_rice,hyperclovax,1000908371,1,box,2
fruits_nuts_rice,hyperclovax,1000908371,1,apple,5
fruits_nuts_rice,hyperclovax,1000908371,1,red,1
fruits_nuts_rice,hyperclovax,1000908371,1,slight,1
fruits_nuts_rice,hyperclovax,1000908371,1,blush,1
fruits_nuts_rice,hyperclovax,1000908371,1,yellow,1
fruits_nuts_rice,hyperclovax,1000908371,1,indicate,1
fruits_nuts_rice,hyperclovax,1000908371,1,likely,1
fruits_nuts_rice,hyperclovax,1000908371,1,variety,1
fruits_nuts_rice,hyperclovax,1000908371,1,gala,1
fruits_nuts_rice,hyperclovax,1000908371,1,fuji,1
fruits_nuts_rice,hyperclovax,1000908371,1,smooth,1
fruits_nuts_rice,hyperclovax,1000908371,1,shiny,1
fruits_nuts_rice,hyperclovax,1000908371,1,surface,1
fruits_nuts_rice,hyperclovax,1000908371,1,small,1
fruits_nuts_rice,hyperclovax,1000908371,1,spot,1
fruits_nuts_rice,hyperclovax,1000908371,1,typical,1
fruits_nuts_rice,hyperclovax,1000908371,1,fresh,1
fruits_nuts_rice,hyperclovax,1000908371,1,arrange,1
fruits_nuts_rice,hyperclovax,1000908371,1,cardboard,1
fruits_nuts_rice,hyperclovax,1000908371,1,partially,1
fruits_nuts_rice,hyperclovax,1000908371,1,cut,1
fruits_nuts_rice,hyperclovax,1000908371,1,open,1
fruits_nuts_rice,hyperclovax,1000908371,1,reveal,1
fruits_nuts_rice,hyperclovax,1000908371,1,juicy,1
fruits_nuts_rice,hyperclovax,1000908371,1,yellowish,1
fruits_nuts_rice,hyperclovax,1000908371,1,flesh,1
fruits_nuts_rice,hyperclovax,1000908371,1,seed,1
fruits_nuts_rice,hyperclovax,1000908371,1,inside,1
fruits_nuts_rice,hyperclovax,1000908371,1,packaging,1
fruits_nuts_rice,hyperclovax,1000908371,1,simple,1
fruits_nuts_rice,hyperclovax,1000908371,1,functional,1
fruits_nuts_rice,hyperclovax,1000908371,1,light,1
fruits_nuts_rice,hyperclovax,1000908371,1,colored,1
fruits_nuts_rice,hyperclovax,1000908371,1,cloth,1
fruits_nuts_rice,hyperclovax,1000908371,1,contrast,1
fruits_nuts_rice,hyperclovax,1000908371,1,vibrant,1
fruits_nuts_rice,hyperclovax,1000908371,1,color,1
fruits_nuts_rice,hyperclovax,1000908371,2,main,1
fruits_nuts_rice,hyperclovax,1000908371,2,food,1
fruits_nuts_rice,hyperclovax,1000908371,2,product,1
fruits_nuts_rice,hyperclovax,1000908371,2,apple,6
fruits_nuts_rice,hyperclovax,1000908371,2,red,1
fruits_nuts_rice,hyperclovax,1000908371,2,slight,1
fruits_nuts_rice,hyperclovax,1000908371,2,blush,1
fruits_nuts_rice,hyperclovax,1000908371,2,yellow,1
fruits_nuts_rice,hyperclovax,1000908371,2,indicate,1
fruits_nuts_rice,hyperclovax,1000908371,2,ripe,1
fruits_nuts_rice,hyperclovax,1000908371,2,smooth,1
fruits_nuts_rice,hyperclovax,1000908371,2,glossy,1
fruits_nuts_rice,hyperclovax,1000908371,2,surface,1
fruits_nuts_rice,hyperclovax,1000908371,2,small,1
fruits_nuts_rice,hyperclovax,1000908371,2,speckle,1
fruits_nuts_rice,hyperclovax,1000908371,2,typical,1
fruits_nuts_rice,hyperclovax,1000908371,2,variety,1
fruits_nuts_rice,hyperclovax,1000908371,2,arrange,1
fruits_nuts_rice,hyperclovax,1000908371,2,beige,1
fruits_nuts_rice,hyperclovax,1000908371,2,cloth,1
fruits_nuts_rice,hyperclovax,1000908371,2,whole,1
fruits_nuts_rice,hyperclovax,1000908371,2,sliced,1
fruits_nuts_rice,hyperclovax,1000908371,2,showcase,1
fruits_nuts_rice,hyperclovax,1000908371,2,fresh,2
fruits_nuts_rice,hyperclovax,1000908371,2,juicy,1
fruits_nuts_rice,hyperclovax,1000908371,2,appearance,1
fruits_nuts_rice,hyperclovax,1000908371,2,cardboard,1
fruits_nuts_rice,hyperclovax,1000908371,2,box,1
fruits_nuts_rice,hyperclovax,1000908371,2,partially,1
fruits_nuts_rice,hyperclovax,1000908371,2,visible,1
fruits_nuts_rice,hyperclovax,1000908371,2,suggest,1
fruits_nuts_rice,hyperclovax,1000908371,2,recently,1
fruits_nuts_rice,hyperclovax,1000908371,2,purchase,1
fruits_nuts_rice,hyperclovax,1000908371,2,sale,1
fruits_nuts_rice,hyperclovax,1000908371,2,ready,1
fruits_nuts_rice,hyperclovax,1000908371,2,eat,1
fruits_nuts_rice,hyperclovax,1000908371,2,vibrant,1
fruits_nuts_rice,hyperclovax,1000908371,2,color,1
fruits_nuts_rice,hyperclovax,1000908371,2,clean,1
fruits_nuts_rice,hyperclovax,1000908371,2,appeal,1
fruits_nuts_rice,hyperclovax,1000908371,2,presentation,1
fruits_nuts_rice,hyperclovax,1000973922,1,main,1
fruits_nuts_rice,hyperclovax,1000973922,1,food,1
fruits_nuts_rice,hyperclovax,1000973922,1,product,3
fruits_nuts_rice,hyperclovax,1000973922,1,box,4
fruits_nuts_rice,hyperclovax,1000973922,1,kf365_curly_fresh,2
fruits_nuts_rice,hyperclovax,1000973922,1,nut,4
fruits_nuts_rice,hyperclovax,1000973922,1,packaging,3
fruits_nuts_rice,hyperclovax,1000973922,1,predominantly,1
fruits_nuts_rice,hyperclovax,1000973922,1,white,3
fruits_nuts_rice,hyperclovax,1000973922,1,black,2
fruits_nuts_rice,hyperclovax,1000973922,1,purple,2
fruits_nuts_rice,hyperclovax,1000973922,1,text,3
fruits_nuts_rice,hyperclovax,1000973922,1,rectangular,2
fruits_nuts_rice,hyperclovax,1000973922,1,rounded,1
fruits_nuts_rice,hyperclovax,1000973922,1,corner,1
fruits_nuts_rice,hyperclovax,1000973922,1,clear,2
fruits_nuts_rice,hyperclovax,1000973922,1,window,1
fruits_nuts_rice,hyperclovax,1000973922,1,front,2
fruits_nuts_rice,hyperclovax,1000973922,1,content,1
fruits_nuts_rice,hyperclovax,1000973922,1,inside,1
fruits_nuts_rice,hyperclovax,1000973922,1,surface,1
fruits_nuts_rice,hyperclovax,1000973922,1,texture,1
fruits_nuts_rice,hyperclovax,1000973922,1,smooth,1
fruits_nuts_rice,hyperclovax,1000973922,1,present,1
fruits_nuts_rice,hyperclovax,1000973922,1,small,2
fruits_nuts_rice,hyperclovax,1000973922,1,bowl,2
fruits_nuts_rice,hyperclovax,1000973922,1,variety,2
fruits_nuts_rice,hyperclovax,1000973922,1,include,1
fruits_nuts_rice,hyperclovax,1000973922,1,almond,1
fruits_nuts_rice,hyperclovax,1000973922,1,walnut,1
fruits_nuts_rice,hyperclovax,1000973922,1,visible,2
fruits_nuts_rice,hyperclovax,1000973922,1,whole,1
fruits_nuts_rice,hyperclovax,1000973922,1,unshelled,1
fruits_nuts_rice,hyperclovax,1000973922,1,packet,4
fruits_nuts_rice,hyperclovax,1000973922,1,brand,1
fruits_nuts_rice,hyperclovax,1000973922,1,legible,1
fruits_nuts_rice,hyperclovax,1000973922,1,overall,1
fruits_nuts_rice,hyperclovax,1000973922,1,presentation,1
fruits_nuts_rice,hyperclovax,1000973922,1,clean,1
fruits_nuts_rice,hyperclovax,1000973922,1,minimalistic,1
fruits_nuts_rice,hyperclovax,1000973922,1,focus,1
fruits_nuts_rice,hyperclovax,1000973922,2,main,1
fruits_nuts_rice,hyperclovax,1000973922,2,food,1
fruits_nuts_rice,hyperclovax,1000973922,2,product,3
fruits_nuts_rice,hyperclovax,1000973922,2,mix,1
fruits_nuts_rice,hyperclovax,1000973922,2,nut,2
fruits_nuts_rice,hyperclovax,1000973922,2,include,2
fruits_nuts_rice,hyperclovax,1000973922,2,almond,2
fruits_nuts_rice,hyperclovax,1000973922,2,walnut,2
fruits_nuts_rice,hyperclovax,1000973922,2,pecan,2
fruits_nuts_rice,hyperclovax,1000973922,2,light,1
fruits_nuts_rice,hyperclovax,1000973922,2,brown,3
fruits_nuts_rice,hyperclovax,1000973922,2,smooth,2
fruits_nuts_rice,hyperclovax,1000973922,2,slightly,2
fruits_nuts_rice,hyperclovax,1000973922,2,shiny,1
fruits_nuts_rice,hyperclovax,1000973922,2,surface,2
fruits_nuts_rice,hyperclovax,1000973922,2,dark,1
fruits_nuts_rice,hyperclovax,1000973922,2,color,2
fruits_nuts_rice,hyperclovax,1000973922,2,rough,1
fruits_nuts_rice,hyperclovax,1000973922,2,texture,2
fruits_nuts_rice,hyperclovax,1000973922,2,reddish,1
fruits_nuts_rice,hyperclovax,1000973922,2,curved,1
fruits_nuts_rice,hyperclovax,1000973922,2,shape,1
fruits_nuts_rice,hyperclovax,1000973922,2,arrange,1
fruits_nuts_rice,hyperclovax,1000973922,2,circular,1
fruits_nuts_rice,hyperclovax,1000973922,2,pattern,1
fruits_nuts_rice,hyperclovax,1000973922,2,white,3
fruits_nuts_rice,hyperclovax,1000973922,2,plate,2
fruits_nuts_rice,hyperclovax,1000973922,2,right,1
fruits_nuts_rice,hyperclovax,1000973922,2,packaging,3
fruits_nuts_rice,hyperclovax,1000973922,2,bag,1
fruits_nuts_rice,hyperclovax,1000973922,2,text,2
fruits_nuts_rice,hyperclovax,1000973922,2,kf365_kurly_fresh,1
fruits_nuts_rice,hyperclovax,1000973922,2,black,1
fruits_nuts_rice,hyperclovax,1000973922,2,purple,1
fruits_nuts_rice,hyperclovax,1000973922,2,letter,1
fruits_nuts_rice,hyperclovax,1000973922,2,indicate,1
fruits_nuts_rice,hyperclovax,1000973922,2,brand,1
fruits_nuts_rice,hyperclovax,1000973922,2,additional,1
fruits_nuts_rice,hyperclovax,1000973922,2,korean,1
fruits_nuts_rice,hyperclovax,1000973922,2,describe,1
fruits_nuts_rice,hyperclovax,1000973922,2,기본에,1
fruits_nuts_rice,hyperclovax,1000973922,2,충실한,1
fruits_nuts_rice,hyperclovax,1000973922,2,견과만,1
fruits_nuts_rice,hyperclovax,1000973922,2,담은,1
fruits_nuts_rice,hyperclovax,1000973922,2,한,1
fruits_nuts_rice,hyperclovax,1000973922,2,봉,1
fruits_nuts_rice,hyperclovax,1000973922,2,견과,1
fruits_nuts_rice,hyperclovax,1000973922,2,suggest,1
fruits_nuts_rice,hyperclovax,1000973922,2,content,1
fruits_nuts_rice,hyperclovax,1000973922,2,nuts,1
fruits_nuts_rice,hyperclovax,1000973922,2,seal,1
fruits_nuts_rice,hyperclovax,1000973922,2,simple,1
fruits_nuts_rice,hyperclovax,1000973922,2,clean,1
fruits_nuts_rice,hyperclovax,1000973922,2,design,1
fruits_nuts_rice,hyperclovax,1001234463,1,main,1
fruits_nuts_rice,hyperclovax,1001234463,1,food,1
fruits_nuts_rice,hyperclovax,1001234463,1,product,1
fruits_nuts_rice,hyperclovax,1001234463,1,cherry,1
fruits_nuts_rice,hyperclovax,1001234463,1,tomato,4
fruits_nuts_rice,hyperclovax,1001234463,1,small,1
fruits_nuts_rice,hyperclovax,1001234463,1,round,1
fruits_nuts_rice,hyperclovax,1001234463,1,bright,1
fruits_nuts_rice,hyperclovax,1001234463,1,red,1
fruits_nuts_rice,hyperclovax,1001234463,1,color,2
fruits_nuts_rice,hyperclovax,1001234463,1,fresh,1
fruits_nuts_rice,hyperclovax,1001234463,1,smooth,1
fruits_nuts_rice,hyperclovax,1001234463,1,surface,2
fruits_nuts_rice,hyperclovax,1001234463,1,green,1
fruits_nuts_rice,hyperclovax,1001234463,1,stem,1
fruits_nuts_rice,hyperclovax,1001234463,1,attach,1
fruits_nuts_rice,hyperclovax,1001234463,1,indicate,1
fruits_nuts_rice,hyperclovax,1001234463,1,likely,1
fruits_nuts_rice,hyperclovax,1001234463,1,recently,1
fruits_nuts_rice,hyperclovax,1001234463,1,harvest,1
fruits_nuts_rice,hyperclovax,1001234463,1,arrange,1
fruits_nuts_rice,hyperclovax,1001234463,1,blue,1
fruits_nuts_rice,hyperclovax,1001234463,1,bowl,2
fruits_nuts_rice,hyperclovax,1001234463,1,contrast,1
fruits_nuts_rice,hyperclovax,1001234463,1,vibrant,1
fruits_nuts_rice,hyperclovax,1001234463,1,scatter,1
fruits_nuts_rice,hyperclovax,1001234463,2,main,1
fruits_nuts_rice,hyperclovax,1001234463,2,food,1
fruits_nuts_rice,hyperclovax,1001234463,2,cherry,1
fruits_nuts_rice,hyperclovax,1001234463,2,tomato,3
fruits_nuts_rice,hyperclovax,1001234463,2,small,1
fruits_nuts_rice,hyperclovax,1001234463,2,round,1
fruits_nuts_rice,hyperclovax,1001234463,2,vibrant,1
fruits_nuts_rice,hyperclovax,1001234463,2,red,1
fruits_nuts_rice,hyperclovax,1001234463,2,color,1
fruits_nuts_rice,hyperclovax,1001234463,2,fresh,1
fruits_nuts_rice,hyperclovax,1001234463,2,green,1
fruits_nuts_rice,hyperclovax,1001234463,2,stem,1
fruits_nuts_rice,hyperclovax,1001234463,2,attach,1
fruits_nuts_rice,hyperclovax,1001234463,2,arrange,1
fruits_nuts_rice,hyperclovax,1001234463,2,blue,1
fruits_nuts_rice,hyperclovax,1001234463,2,bowl,1
fruits_nuts_rice,hyperclovax,1001234463,2,plain,1
fruits_nuts_rice,hyperclovax,1001234463,2,light,1
fruits_nuts_rice,hyperclovax,1001234463,2,colored,1
fruits_nuts_rice,hyperclovax,1001234463,2,surface,1
fruits_nuts_rice,hyperclovax,1001234463,2,smooth,1
fruits_nuts_rice,hyperclovax,1001234463,2,texture,1
fruits_nuts_rice,hyperclovax,1001234463,2,ripe,1
fruits_nuts_rice,hyperclovax,1001234463,2,juicy,1
fruits_nuts_rice,hyperclovax,1001303421,1,main,1
fruits_nuts_rice,hyperclovax,1001303421,1,food,1
fruits_nuts_rice,hyperclovax,1001303421,1,variety,1
fruits_nuts_rice,hyperclovax,1001303421,1,apple,7
fruits_nuts_rice,hyperclovax,1001303421,1,red,1
fruits_nuts_rice,hyperclovax,1001303421,1,slight,1
fruits_nuts_rice,hyperclovax,1001303421,1,yellowish,1
fruits_nuts_rice,hyperclovax,1001303421,1,tint,1
fruits_nuts_rice,hyperclovax,1001303421,1,indicate,1
fruits_nuts_rice,hyperclovax,1001303421,1,ripe,1
fruits_nuts_rice,hyperclovax,1001303421,1,smooth,1
fruits_nuts_rice,hyperclovax,1001303421,1,shiny,1
fruits_nuts_rice,hyperclovax,1001303421,1,surface,2
fruits_nuts_rice,hyperclovax,1001303421,1,small,1
fruits_nuts_rice,hyperclovax,1001303421,1,spot,1
fruits_nuts_rice,hyperclovax,1001303421,1,typical,1
fruits_nuts_rice,hyperclovax,1001303421,1,arrange,1
fruits_nuts_rice,hyperclovax,1001303421,1,light,3
fruits_nuts_rice,hyperclovax,1001303421,1,colored,2
fruits_nuts_rice,hyperclovax,1001303421,1,cloth,1
fruits_nuts_rice,hyperclovax,1001303421,1,slightly,1
fruits_nuts_rice,hyperclovax,1001303421,1,wrinkle,1
fruits_nuts_rice,hyperclovax,1001303421,1,suggest,1
fruits_nuts_rice,hyperclovax,1001303421,1,casual,1
fruits_nuts_rice,hyperclovax,1001303421,1,presentation,1
fruits_nuts_rice,hyperclovax,1001303421,1,whole,1
fruits_nuts_rice,hyperclovax,1001303421,1,cut,1
fruits_nuts_rice,hyperclovax,1001303421,1,half,1
fruits_nuts_rice,hyperclovax,1001303421,1,reveal,1
fruits_nuts_rice,hyperclovax,1001303421,1,yellow,1
fruits_nuts_rice,hyperclovax,1001303421,1,interior,1
fruits_nuts_rice,hyperclovax,1001303421,1,central,1
fruits_nuts_rice,hyperclovax,1001303421,1,core,1
fruits_nuts_rice,hyperclovax,1001303421,1,plain,1
fruits_nuts_rice,hyperclovax,1001303421,1,distract,1
fruits_nuts_rice,hyperclovax,1001303421,1,focus,1
fruits_nuts_rice,hyperclovax,1001303421,1,solely,1
fruits_nuts_rice,hyperclovax,1001303421,1,immediate,1
fruits_nuts_rice,hyperclovax,1001303421,1,surrounding,1
fruits_nuts_rice,hyperclovax,1001303421,1,provide,1
fruits_nuts_rice,hyperclovax,1001303421,1,clear,1
fruits_nuts_rice,hyperclovax,1001303421,1,detailed,1
fruits_nuts_rice,hyperclovax,1001303421,1,view,1
fruits_nuts_rice,hyperclovax,1001303421,1,fruit,1
fruits_nuts_rice,hyperclovax,1001303421,2,main,1
fruits_nuts_rice,hyperclovax,1001303421,2,food,1
fruits_nuts_rice,hyperclovax,1001303421,2,apple,4
fruits_nuts_rice,hyperclovax,1001303421,2,red,1
fruits_nuts_rice,hyperclovax,1001303421,2,yellowish,1
fruits_nuts_rice,hyperclovax,1001303421,2,green,1
fruits_nuts_rice,hyperclovax,1001303421,2,highlight,1
fruits_nuts_rice,hyperclovax,1001303421,2,indicate,1
fruits_nuts_rice,hyperclovax,1001303421,2,ripe,1
fruits_nuts_rice,hyperclovax,1001303421,2,fresh,2
fruits_nuts_rice,hyperclovax,1001303421,2,condition,1
fruits_nuts_rice,hyperclovax,1001303421,2,smooth,1
fruits_nuts_rice,hyperclovax,1001303421,2,shiny,1
fruits_nuts_rice,hyperclovax,1001303421,2,surface,1
fruits_nuts_rice,hyperclovax,1001303421,2,small,1
fruits_nuts_rice,hyperclovax,1001303421,2,speckle,1
fruits_nuts_rice,hyperclovax,1001303421,2,suggest,1
fruits_nuts_rice,hyperclovax,1001303421,2,common,1
fruits_nuts_rice,hyperclovax,1001303421,2,variety,1
fruits_nuts_rice,hyperclovax,1001303421,2,arrange,1
fruits_nuts_rice,hyperclovax,1001303421,2,light,1
fruits_nuts_rice,hyperclovax,1001303421,2,colored,1
fruits_nuts_rice,hyperclovax,1001303421,2,cloth,1
fruits_nuts_rice,hyperclovax,1001303421,2,contrast,1
fruits_nuts_rice,hyperclovax,1001303421,2,vibrant,1
fruits_nuts_rice,hyperclovax,1001303421,2,color,1
fruits_nuts_rice,hyperclovax,1001303421,2,focal,1
fruits_nuts_rice,hyperclovax,1001303421,2,point,1
fruits_nuts_rice,hyperclovax,1001303421,2,focus,1
fruits_nuts_rice,hyperclovax,1001303421,2,solely,1
fruits_nuts_rice,hyperclovax,1001303421,2,provide,1
fruits_nuts_rice,hyperclovax,1001303421,2,clear,1
fruits_nuts_rice,hyperclovax,1001303421,2,view,1
fruits_nuts_rice,hyperclovax,1001303421,2,appealing,1
fruits_nuts_rice,hyperclovax,1001303421,2,appearance,1
fruits_nuts_rice,hyperclovax,1001502284,1,main,1
fruits_nuts_rice,hyperclovax,1001502284,1,food,1
fruits_nuts_rice,hyperclovax,1001502284,1,product,1
fruits_nuts_rice,hyperclovax,1001502284,1,cluster,1
fruits_nuts_rice,hyperclovax,1001502284,1,fresh,2
fruits_nuts_rice,hyperclovax,1001502284,1,cherry,5
fruits_nuts_rice,hyperclovax,1001502284,1,ripe,1
fruits_nuts_rice,hyperclovax,1001502284,1,deep,1
fruits_nuts_rice,hyperclovax,1001502284,1,red,1
fruits_nuts_rice,hyperclovax,1001502284,1,color,3
fruits_nuts_rice,hyperclovax,1001502284,1,glossy,1
fruits_nuts_rice,hyperclovax,1001502284,1,surface,2
fruits_nuts_rice,hyperclovax,1001502284,1,indicate,1
fruits_nuts_rice,hyperclovax,1001502284,1,freshness,1
fruits_nuts_rice,hyperclovax,1001502284,1,arrange,1
fruits_nuts_rice,hyperclovax,1001502284,1,somewhat,1
fruits_nuts_rice,hyperclovax,1001502284,1,scatter,1
fruits_nuts_rice,hyperclovax,1001502284,1,manner,1
fruits_nuts_rice,hyperclovax,1001502284,1,white,1
fruits_nuts_rice,hyperclovax,1001502284,1,cloth,2
fruits_nuts_rice,hyperclovax,1001502284,1,contrast,1
fruits_nuts_rice,hyperclovax,1001502284,1,gray,1
fruits_nuts_rice,hyperclovax,1001502284,1,highlight,1
fruits_nuts_rice,hyperclovax,1001502284,1,vibrant,1
fruits_nuts_rice,hyperclovax,1001502284,1,texture,1
fruits_nuts_rice,hyperclovax,1001502284,1,smooth,1
fruits_nuts_rice,hyperclovax,1001502284,1,slight,1
fruits_nuts_rice,hyperclovax,1001502284,1,variation,2
fruits_nuts_rice,hyperclovax,1001502284,1,intensity,1
fruits_nuts_rice,hyperclovax,1001502284,1,suggest,1
fruits_nuts_rice,hyperclovax,1001502284,1,natural,1
fruits_nuts_rice,hyperclovax,1001502284,1,ripeness,1
fruits_nuts_rice,hyperclovax,1001502284,1,stem,1
fruits_nuts_rice,hyperclovax,1001502284,1,attach,1
fruits_nuts_rice,hyperclovax,1001502284,1,add,1
fruits_nuts_rice,hyperclovax,1001502284,1,appearance,1
fruits_nuts_rice,hyperclovax,1001502284,1,focus,1
fruits_nuts_rice,hyperclovax,1001502284,1,solely,1
fruits_nuts_rice,hyperclovax,1001502284,1,additional,1
fruits_nuts_rice,hyperclovax,1001502284,1,context,1
fruits_nuts_rice,hyperclovax,1001502284,1,element,1
fruits_nuts_rice,hyperclovax,1001502284,2,main,1
fruits_nuts_rice,hyperclovax,1001502284,2,food,1
fruits_nuts_rice,hyperclovax,1001502284,2,collection,1
fruits_nuts_rice,hyperclovax,1001502284,2,fresh,3
fruits_nuts_rice,hyperclovax,1001502284,2,cherry,5
fruits_nuts_rice,hyperclovax,1001502284,2,ripe,1
fruits_nuts_rice,hyperclovax,1001502284,2,deep,1
fruits_nuts_rice,hyperclovax,1001502284,2,red,2
fruits_nuts_rice,hyperclovax,1001502284,2,color,2
fruits_nuts_rice,hyperclovax,1001502284,2,glossy,1
fruits_nuts_rice,hyperclovax,1001502284,2,surface,1
fruits_nuts_rice,hyperclovax,1001502284,2,indicate,1
fruits_nuts_rice,hyperclovax,1001502284,2,possibly,1
fruits_nuts_rice,hyperclovax,1001502284,2,recently,1
fruits_nuts_rice,hyperclovax,1001502284,2,wash,1
fruits_nuts_rice,hyperclovax,1001502284,2,arrange,1
fruits_nuts_rice,hyperclovax,1001502284,2,loose,1
fruits_nuts_rice,hyperclovax,1001502284,2,pile,1
fruits_nuts_rice,hyperclovax,1001502284,2,light,1
fruits_nuts_rice,hyperclovax,1001502284,2,textured,1
fruits_nuts_rice,hyperclovax,1001502284,2,cloth,1
fruits_nuts_rice,hyperclovax,1001502284,2,contrast,1
fruits_nuts_rice,hyperclovax,1001502284,2,vibrant,1
fruits_nuts_rice,hyperclovax,1001502284,2,stem,1
fruits_nuts_rice,hyperclovax,1001502284,2,leaf,1
fruits_nuts_rice,hyperclovax,1001502284,2,attach,1
fruits_nuts_rice,hyperclovax,1001502284,2,green,1
fruits_nuts_rice,hyperclovax,1001502284,2,central,1
fruits_nuts_rice,hyperclovax,1001502284,2,focus,1
fruits_nuts_rice,hyperclovax,1001502284,2,object,1
fruits_nuts_rice,hyperclovax,1001502284,2,describe,1
fruits_nuts_rice,hyperclovax,1001502284,2,relation,1
fruits_nuts_rice,hyperclovax,1001729429,1,main,1
fruits_nuts_rice,hyperclovax,1001729429,1,food,1
fruits_nuts_rice,hyperclovax,1001729429,1,product,5
fruits_nuts_rice,hyperclovax,1001729429,1,rice,3
fruits_nuts_rice,hyperclovax,1001729429,1,specifically,1
fruits_nuts_rice,hyperclovax,1001729429,1,package,3
fruits_nuts_rice,hyperclovax,1001729429,1,10kg,1
fruits_nuts_rice,hyperclovax,1001729429,1,bag,1
fruits_nuts_rice,hyperclovax,1001729429,1,label,1
fruits_nuts_rice,hyperclovax,1001729429,1,고시히카리,2
fruits_nuts_rice,hyperclovax,1001729429,1,packaging,2
fruits_nuts_rice,hyperclovax,1001729429,1,predominantly,1
fruits_nuts_rice,hyperclovax,1001729429,1,white,1
fruits_nuts_rice,hyperclovax,1001729429,1,purple,1
fruits_nuts_rice,hyperclovax,1001729429,1,stripe,1
fruits_nuts_rice,hyperclovax,1001729429,1,run,1
fruits_nuts_rice,hyperclovax,1001729429,1,vertically,1
fruits_nuts_rice,hyperclovax,1001729429,1,center,1
fruits_nuts_rice,hyperclovax,1001729429,1,prominently,1
fruits_nuts_rice,hyperclovax,1001729429,1,large,1
fruits_nuts_rice,hyperclovax,1001729429,1,gold,1
fruits_nuts_rice,hyperclovax,1001729429,1,colored,1
fruits_nuts_rice,hyperclovax,1001729429,1,text,2
fruits_nuts_rice,hyperclovax,1001729429,1,small,1
fruits_nuts_rice,hyperclovax,1001729429,1,bowl,1
fruits_nuts_rice,hyperclovax,1001729429,1,right,1
fruits_nuts_rice,hyperclovax,1001729429,1,indicate,1
fruits_nuts_rice,hyperclovax,1001729429,1,content,1
fruits_nuts_rice,hyperclovax,1001729429,1,include,1
fruits_nuts_rice,hyperclovax,1001729429,1,circular,1
fruits_nuts_rice,hyperclovax,1001729429,1,cutout,1
fruits_nuts_rice,hyperclovax,1001729429,1,reveal,1
fruits_nuts_rice,hyperclovax,1001729429,1,inside,1
fruits_nuts_rice,hyperclovax,1001729429,1,detail,1
fruits_nuts_rice,hyperclovax,1001729429,1,weight,2
fruits_nuts_rice,hyperclovax,1001729429,1,specification,1
fruits_nuts_rice,hyperclovax,1001729429,1,visible,1
fruits_nuts_rice,hyperclovax,1001729429,1,low,1
fruits_nuts_rice,hyperclovax,1001729429,1,overall,1
fruits_nuts_rice,hyperclovax,1001729429,1,design,1
fruits_nuts_rice,hyperclovax,1001729429,1,clean,1
fruits_nuts_rice,hyperclovax,1001729429,1,modern,1
fruits_nuts_rice,hyperclovax,1001729429,1,focus,1
fruits_nuts_rice,hyperclovax,1001729429,2,main,1
fruits_nuts_rice,hyperclovax,1001729429,2,food,1
fruits_nuts_rice,hyperclovax,1001729429,2,product,1
fruits_nuts_rice,hyperclovax,1001729429,2,white,5
fruits_nuts_rice,hyperclovax,1001729429,2,rice,6
fruits_nuts_rice,hyperclovax,1001729429,2,bowl,2
fruits_nuts_rice,hyperclovax,1001729429,2,grain,2
fruits_nuts_rice,hyperclovax,1001729429,2,spill,1
fruits_nuts_rice,hyperclovax,1001729429,2,cloth,1
fruits_nuts_rice,hyperclovax,1001729429,2,small,1
fruits_nuts_rice,hyperclovax,1001729429,2,oval,1
fruits_nuts_rice,hyperclovax,1001729429,2,shape,1
fruits_nuts_rice,hyperclovax,1001729429,2,uniformly,1
fruits_nuts_rice,hyperclovax,1001729429,2,color,1
fruits_nuts_rice,hyperclovax,1001729429,2,surface,1
fruits_nuts_rice,hyperclovax,1001729429,2,texture,1
fruits_nuts_rice,hyperclovax,1001729429,2,smooth,1
fruits_nuts_rice,hyperclovax,1001729429,2,glossy,1
fruits_nuts_rice,hyperclovax,1001729429,2,indicate,1
fruits_nuts_rice,hyperclovax,1001729429,2,polished,1
fruits_nuts_rice,hyperclovax,1001729429,2,variety,1
fruits_nuts_rice,hyperclovax,1001729429,2,plain,1
fruits_nuts_rice,hyperclovax,1001729429,2,highlight,1
fruits_nuts_rice,hyperclovax,1001729429,2,provide,1
fruits_nuts_rice,hyperclovax,1001729429,2,information,1
fruits_nuts_rice,hyperclovax,1001729429,2,brand,1
fruits_nuts_rice,hyperclovax,1001729429,2,origin,1
fruits_nuts_rice,hyperclovax,1001882653,1,main,1
fruits_nuts_rice,hyperclovax,1001882653,1,food,1
fruits_nuts_rice,hyperclovax,1001882653,1,collection,1
fruits_nuts_rice,hyperclovax,1001882653,1,apple,5
fruits_nuts_rice,hyperclovax,1001882653,1,predominantly,1
fruits_nuts_rice,hyperclovax,1001882653,1,red,1
fruits_nuts_rice,hyperclovax,1001882653,1,yellowish,1
fruits_nuts_rice,hyperclovax,1001882653,1,hue,1
fruits_nuts_rice,hyperclovax,1001882653,1,indicate,1
fruits_nuts_rice,hyperclovax,1001882653,1,mix,1
fruits_nuts_rice,hyperclovax,1001882653,1,variety,1
fruits_nuts_rice,hyperclovax,1001882653,1,arrange,1
fruits_nuts_rice,hyperclovax,1001882653,1,white,1
fruits_nuts_rice,hyperclovax,1001882653,1,shallow,1
fruits_nuts_rice,hyperclovax,1001882653,1,bowl,1
fruits_nuts_rice,hyperclovax,1001882653,1,plain,1
fruits_nuts_rice,hyperclovax,1001882653,1,light,1
fruits_nuts_rice,hyperclovax,1001882653,1,grey,1
fruits_nuts_rice,hyperclovax,1001882653,1,surface,2
fruits_nuts_rice,hyperclovax,1001882653,1,vary,1
fruits_nuts_rice,hyperclovax,1001882653,1,size,1
fruits_nuts_rice,hyperclovax,1001882653,1,shape,1
fruits_nuts_rice,hyperclovax,1001882653,1,whole,1
fruits_nuts_rice,hyperclovax,1001882653,1,slice,1
fruits_nuts_rice,hyperclovax,1001882653,1,reveal,1
fruits_nuts_rice,hyperclovax,1001882653,1,smooth,1
fruits_nuts_rice,hyperclovax,1001882653,1,shiny,1
fruits_nuts_rice,hyperclovax,1001882653,1,typical,1
fruits_nuts_rice,hyperclovax,1001882653,1,fresh,2
fruits_nuts_rice,hyperclovax,1001882653,1,focus,1
fruits_nuts_rice,hyperclovax,1001882653,1,solely,1
fruits_nuts_rice,hyperclovax,1001882653,1,immediate,1
fruits_nuts_rice,hyperclovax,1001882653,1,surrounding,1
fruits_nuts_rice,hyperclovax,1001882653,1,provide,1
fruits_nuts_rice,hyperclovax,1001882653,1,clear,1
fruits_nuts_rice,hyperclovax,1001882653,1,view,1
fruits_nuts_rice,hyperclovax,1001882653,1,appealing,1
fruits_nuts_rice,hyperclovax,1001882653,1,appearance,1
fruits_nuts_rice,hyperclovax,1001882653,2,main,1
fruits_nuts_rice,hyperclovax,1001882653,2,food,1
fruits_nuts_rice,hyperclovax,1001882653,2,plate,2
fruits_nuts_rice,hyperclovax,1001882653,2,apple,8
fruits_nuts_rice,hyperclovax,1001882653,2,red,1
fruits_nuts_rice,hyperclovax,1001882653,2,yellow,1
fruits_nuts_rice,hyperclovax,1001882653,2,smooth,1
fruits_nuts_rice,hyperclovax,1001882653,2,shiny,1
fruits_nuts_rice,hyperclovax,1001882653,2,surface,2
fruits_nuts_rice,hyperclovax,1001882653,2,indicate,1
fruits_nuts_rice,hyperclovax,1001882653,2,fresh,3
fruits_nuts_rice,hyperclovax,1001882653,2,white,1
fruits_nuts_rice,hyperclovax,1001882653,2,round,1
fruits_nuts_rice,hyperclovax,1001882653,2,hold,1
fruits_nuts_rice,hyperclovax,1001882653,2,4,1
fruits_nuts_rice,hyperclovax,1001882653,2,whole,1
fruits_nuts_rice,hyperclovax,1001882653,2,2,1
fruits_nuts_rice,hyperclovax,1001882653,2,slice,1
fruits_nuts_rice,hyperclovax,1001882653,2,appearance,2
fruits_nuts_rice,hyperclovax,1001882653,2,visible,1
fruits_nuts_rice,hyperclovax,1001882653,2,blemish,1
fruits_nuts_rice,hyperclovax,1001882653,2,damage,1
fruits_nuts_rice,hyperclovax,1001882653,2,plain,1
fruits_nuts_rice,hyperclovax,1001882653,2,light,1
fruits_nuts_rice,hyperclovax,1001882653,2,grey,1
fruits_nuts_rice,hyperclovax,1001882653,2,provide,2
fruits_nuts_rice,hyperclovax,1001882653,2,neutral,1
fruits_nuts_rice,hyperclovax,1001882653,2,backdrop,1
fruits_nuts_rice,hyperclovax,1001882653,2,highlight,1
fruits_nuts_rice,hyperclovax,1001882653,2,arrange,1
fruits_nuts_rice,hyperclovax,1001882653,2,way,1
fruits_nuts_rice,hyperclovax,1001882653,2,showcase,1
fruits_nuts_rice,hyperclovax,1001882653,2,appealing,1
fruits_nuts_rice,hyperclovax,1001882653,2,information,1
fruits_nuts_rice,hyperclovax,1001882653,2,origin,1
fruits_nuts_rice,hyperclovax,1001882653,2,taste,1
fruits_nuts_rice,hyperclovax,1001882653,2,health,1
fruits_nuts_rice,hyperclovax,1001882653,2,benefit,1
fruits_nuts_rice,hyperclovax,1002140343,1,main,1
fruits_nuts_rice,hyperclovax,1002140343,1,food,1
fruits_nuts_rice,hyperclovax,1002140343,1,product,1
fruits_nuts_rice,hyperclovax,1002140343,1,avocado,6
fruits_nuts_rice,hyperclovax,1002140343,1,arrange,1
fruits_nuts_rice,hyperclovax,1002140343,1,triangular,1
fruits_nuts_rice,hyperclovax,1002140343,1,formation,1
fruits_nuts_rice,hyperclovax,1002140343,1,white,1
fruits_nuts_rice,hyperclovax,1002140343,1,plate,1
fruits_nuts_rice,hyperclovax,1002140343,1,blue,1
fruits_nuts_rice,hyperclovax,1002140343,1,rim,1
fruits_nuts_rice,hyperclovax,1002140343,1,dark,1
fruits_nuts_rice,hyperclovax,1002140343,1,green,2
fruits_nuts_rice,hyperclovax,1002140343,1,brown,1
fruits_nuts_rice,hyperclovax,1002140343,1,color,1
fruits_nuts_rice,hyperclovax,1002140343,1,rough,1
fruits_nuts_rice,hyperclovax,1002140343,1,texture,1
fruits_nuts_rice,hyperclovax,1002140343,1,surface,2
fruits_nuts_rice,hyperclovax,1002140343,1,right,1
fruits_nuts_rice,hyperclovax,1002140343,1,partially,1
fruits_nuts_rice,hyperclovax,1002140343,1,cut,2
fruits_nuts_rice,hyperclovax,1002140343,1,open,1
fruits_nuts_rice,hyperclovax,1002140343,1,reveal,1
fruits_nuts_rice,hyperclovax,1002140343,1,creamy,1
fruits_nuts_rice,hyperclovax,1002140343,1,yellow,1
fruits_nuts_rice,hyperclovax,1002140343,1,flesh,1
fruits_nuts_rice,hyperclovax,1002140343,1,inside,1
fruits_nuts_rice,hyperclovax,1002140343,1,plain,1
fruits_nuts_rice,hyperclovax,1002140343,1,light,1
fruits_nuts_rice,hyperclovax,1002140343,1,gray,1
fruits_nuts_rice,hyperclovax,1002140343,1,provide,1
fruits_nuts_rice,hyperclovax,1002140343,1,neutral,1
fruits_nuts_rice,hyperclovax,1002140343,1,backdrop,1
fruits_nuts_rice,hyperclovax,1002140343,1,highlight,1
fruits_nuts_rice,hyperclovax,1002140343,1,ripe,1
fruits_nuts_rice,hyperclovax,1002140343,1,smooth,1
fruits_nuts_rice,hyperclovax,1002140343,1,seed,1
fruits_nuts_rice,hyperclovax,1002140343,1,visible,1
fruits_nuts_rice,hyperclovax,1002140343,1,focus,1
fruits_nuts_rice,hyperclovax,1002140343,1,solely,1
fruits_nuts_rice,hyperclovax,1002140343,1,immediate,1
fruits_nuts_rice,hyperclovax,1002140343,1,surrounding,1
fruits_nuts_rice,hyperclovax,1002140343,1,additional,1
fruits_nuts_rice,hyperclovax,1002140343,1,context,1
fruits_nuts_rice,hyperclovax,1002140343,1,item,1
fruits_nuts_rice,hyperclovax,1002140343,2,main,1
fruits_nuts_rice,hyperclovax,1002140343,2,food,1
fruits_nuts_rice,hyperclovax,1002140343,2,avocado,6
fruits_nuts_rice,hyperclovax,1002140343,2,left,1
fruits_nuts_rice,hyperclovax,1002140343,2,whole,1
fruits_nuts_rice,hyperclovax,1002140343,2,uncut,1
fruits_nuts_rice,hyperclovax,1002140343,2,dark,1
fruits_nuts_rice,hyperclovax,1002140343,2,green,3
fruits_nuts_rice,hyperclovax,1002140343,2,textured,1
fruits_nuts_rice,hyperclovax,1002140343,2,skin,1
fruits_nuts_rice,hyperclovax,1002140343,2,center,1
fruits_nuts_rice,hyperclovax,1002140343,2,halve,2
fruits_nuts_rice,hyperclovax,1002140343,2,reveal,1
fruits_nuts_rice,hyperclovax,1002140343,2,light,1
fruits_nuts_rice,hyperclovax,1002140343,2,flesh,3
fruits_nuts_rice,hyperclovax,1002140343,2,brown,1
fruits_nuts_rice,hyperclovax,1002140343,2,seed,1
fruits_nuts_rice,hyperclovax,1002140343,2,middle,1
fruits_nuts_rice,hyperclovax,1002140343,2,right,1
fruits_nuts_rice,hyperclovax,1002140343,2,portion,1
fruits_nuts_rice,hyperclovax,1002140343,2,scoop,1
fruits_nuts_rice,hyperclovax,1002140343,2,small,1
fruits_nuts_rice,hyperclovax,1002140343,2,white,3
fruits_nuts_rice,hyperclovax,1002140343,2,bowl,1
fruits_nuts_rice,hyperclovax,1002140343,2,spoon,1
fruits_nuts_rice,hyperclovax,1002140343,2,plate,1
fruits_nuts_rice,hyperclovax,1002140343,2,hold,1
fruits_nuts_rice,hyperclovax,1002140343,2,blue,1
fruits_nuts_rice,hyperclovax,1002140343,2,rim,1
fruits_nuts_rice,hyperclovax,1002140343,2,exhibit,1
fruits_nuts_rice,hyperclovax,1002140343,2,smooth,1
fruits_nuts_rice,hyperclovax,1002140343,2,slightly,1
fruits_nuts_rice,hyperclovax,1002140343,2,shiny,1
fruits_nuts_rice,hyperclovax,1002140343,2,surface,1
fruits_nuts_rice,hyperclovax,1002140343,2,inside,1
fruits_nuts_rice,hyperclovax,1002140343,2,creamy,1
fruits_nuts_rice,hyperclovax,1002140343,2,pale,1
fruits_nuts_rice,hyperclovax,5003716,1,main,1
fruits_nuts_rice,hyperclovax,5003716,1,food,1
fruits_nuts_rice,hyperclovax,5003716,1,product,1
fruits_nuts_rice,hyperclovax,5003716,1,bunch,1
fruits_nuts_rice,hyperclovax,5003716,1,banana,3
fruits_nuts_rice,hyperclovax,5003716,1,ripe,1
fruits_nuts_rice,hyperclovax,5003716,1,yellow,1
fruits_nuts_rice,hyperclovax,5003716,1,peel,1
fruits_nuts_rice,hyperclovax,5003716,1,brown,1
fruits_nuts_rice,hyperclovax,5003716,1,spot,1
fruits_nuts_rice,hyperclovax,5003716,1,indicate,1
fruits_nuts_rice,hyperclovax,5003716,1,ready,1
fruits_nuts_rice,hyperclovax,5003716,1,eat,1
fruits_nuts_rice,hyperclovax,5003716,1,arrange,1
fruits_nuts_rice,hyperclovax,5003716,1,slightly,1
fruits_nuts_rice,hyperclovax,5003716,1,curved,1
fruits_nuts_rice,hyperclovax,5003716,1,cluster,1
fruits_nuts_rice,hyperclovax,5003716,1,white,1
fruits_nuts_rice,hyperclovax,5003716,1,cloth,1
fruits_nuts_rice,hyperclovax,5003716,1,neatly,1
fruits_nuts_rice,hyperclovax,5003716,1,fold,1
fruits_nuts_rice,hyperclovax,5003716,1,plain,1
fruits_nuts_rice,hyperclovax,5003716,1,light,1
fruits_nuts_rice,hyperclovax,5003716,1,colored,1
fruits_nuts_rice,hyperclovax,5003716,1,surface,1
fruits_nuts_rice,hyperclovax,5003716,1,provide,1
fruits_nuts_rice,hyperclovax,5003716,1,neutral,1
fruits_nuts_rice,hyperclovax,5003716,1,backdrop,1
fruits_nuts_rice,hyperclovax,5003716,1,emphasize,1
fruits_nuts_rice,hyperclovax,5003716,2,main,1
fruits_nuts_rice,hyperclovax,5003716,2,food,1
fruits_nuts_rice,hyperclovax,5003716,2,product,1
fruits_nuts_rice,hyperclovax,5003716,2,bunch,2
fruits_nuts_rice,hyperclovax,5003716,2,banana,5
fruits_nuts_rice,hyperclovax,5003716,2,ripe,1
fruits_nuts_rice,hyperclovax,5003716,2,yellow,1
fruits_nuts_rice,hyperclovax,5003716,2,peel,3
fruits_nuts_rice,hyperclovax,5003716,2,brown,1
fruits_nuts_rice,hyperclovax,5003716,2,spot,1
fruits_nuts_rice,hyperclovax,5003716,2,indicate,1
fruits_nuts_rice,hyperclovax,5003716,2,ready,1
fruits_nuts_rice,hyperclovax,5003716,2,eat,1
fruits_nuts_rice,hyperclovax,5003716,2,arrange,1
fruits_nuts_rice,hyperclovax,5003716,2,cluster,1
fruits_nuts_rice,hyperclovax,5003716,2,partially,1
fruits_nuts_rice,hyperclovax,5003716,2,lie,1
fruits_nuts_rice,hyperclovax,5003716,2,surface,2
fruits_nuts_rice,hyperclovax,5003716,2,left,1
fruits_nuts_rice,hyperclovax,5003716,2,white,1
fruits_nuts_rice,hyperclovax,5003716,2,cloth,1
fruits_nuts_rice,hyperclovax,5003716,2,slightly,1
fruits_nuts_rice,hyperclovax,5003716,2,wrinkle,1
fruits_nuts_rice,hyperclovax,5003716,2,light,1
fruits_nuts_rice,hyperclovax,5003716,2,colored,1
fruits_nuts_rice,hyperclovax,5003716,2,visible,1
fruits_nuts_rice,hyperclovax,5003716,2,packaging,1
fruits_nuts_rice,hyperclovax,5003716,2,brand,1
fruits_nuts_rice,hyperclovax,5003716,2,element,1
fruits_nuts_rice,hyperclovax,5003716,2,texture,1
fruits_nuts_rice,hyperclovax,5003716,2,smooth,1
fruits_nuts_rice,hyperclovax,5003716,2,minor,1
fruits_nuts_rice,hyperclovax,5003716,2,imperfection,1
fruits_nuts_rice,hyperclovax,5025577,1,main,1
fruits_nuts_rice,hyperclovax,5025577,1,food,1
fruits_nuts_rice,hyperclovax,5025577,1,product,1
fruits_nuts_rice,hyperclovax,5025577,1,kiwi,1
fruits_nuts_rice,hyperclovax,5025577,1,fruit,1
fruits_nuts_rice,hyperclovax,5025577,1,kiwis,5
fruits_nuts_rice,hyperclovax,5025577,1,whole,1
fruits_nuts_rice,hyperclovax,5025577,1,partially,1
fruits_nuts_rice,hyperclovax,5025577,1,slice,2
fruits_nuts_rice,hyperclovax,5025577,1,characteristic,1
fruits_nuts_rice,hyperclovax,5025577,1,green,2
fruits_nuts_rice,hyperclovax,5025577,1,flesh,1
fruits_nuts_rice,hyperclovax,5025577,1,black,1
fruits_nuts_rice,hyperclovax,5025577,1,seed,1
fruits_nuts_rice,hyperclovax,5025577,1,smooth,1
fruits_nuts_rice,hyperclovax,5025577,1,slightly,1
fruits_nuts_rice,hyperclovax,5025577,1,shiny,1
fruits_nuts_rice,hyperclovax,5025577,1,surface,2
fruits_nuts_rice,hyperclovax,5025577,1,yellowish,1
fruits_nuts_rice,hyperclovax,5025577,1,color,2
fruits_nuts_rice,hyperclovax,5025577,1,visible,1
fruits_nuts_rice,hyperclovax,5025577,1,sticker,1
fruits_nuts_rice,hyperclovax,5025577,1,indicate,1
fruits_nuts_rice,hyperclovax,5025577,1,fresh,1
fruits_nuts_rice,hyperclovax,5025577,1,likely,1
fruits_nuts_rice,hyperclovax,5025577,1,commercial,1
fruits_nuts_rice,hyperclovax,5025577,1,source,1
fruits_nuts_rice,hyperclovax,5025577,1,arrangement,1
fruits_nuts_rice,hyperclovax,5025577,1,wooden,1
fruits_nuts_rice,hyperclovax,5025577,1,cutting,1
fruits_nuts_rice,hyperclovax,5025577,1,board,1
fruits_nuts_rice,hyperclovax,5025577,1,neat,1
fruits_nuts_rice,hyperclovax,5025577,1,separately,1
fruits_nuts_rice,hyperclovax,5025577,1,interior,1
fruits_nuts_rice,hyperclovax,5025577,1,texture,1
fruits_nuts_rice,hyperclovax,5025577,1,plain,1
fruits_nuts_rice,hyperclovax,5025577,1,light,1
fruits_nuts_rice,hyperclovax,5025577,1,colored,1
fruits_nuts_rice,hyperclovax,5025577,1,contrast,1
fruits_nuts_rice,hyperclovax,5025577,1,vibrant,1
fruits_nuts_rice,hyperclovax,5025577,1,focal,1
fruits_nuts_rice,hyperclovax,5025577,1,point,1
fruits_nuts_rice,hyperclovax,5025577,2,main,1
fruits_nuts_rice,hyperclovax,5025577,2,food,1
fruits_nuts_rice,hyperclovax,5025577,2,product,1
fruits_nuts_rice,hyperclovax,5025577,2,kiwi,3
fruits_nuts_rice,hyperclovax,5025577,2,fruit,4
fruits_nuts_rice,hyperclovax,5025577,2,kiwis,3
fruits_nuts_rice,hyperclovax,5025577,2,brown,1
fruits_nuts_rice,hyperclovax,5025577,2,greenish,1
fruits_nuts_rice,hyperclovax,5025577,2,yellow,1
fruits_nuts_rice,hyperclovax,5025577,2,skin,2
fruits_nuts_rice,hyperclovax,5025577,2,distinctive,1
fruits_nuts_rice,hyperclovax,5025577,2,fuzzy,1
fruits_nuts_rice,hyperclovax,5025577,2,texture,1
fruits_nuts_rice,hyperclovax,5025577,2,visible,2
fruits_nuts_rice,hyperclovax,5025577,2,include,1
fruits_nuts_rice,hyperclovax,5025577,2,whole,1
fruits_nuts_rice,hyperclovax,5025577,2,cut,1
fruits_nuts_rice,hyperclovax,5025577,2,reveal,1
fruits_nuts_rice,hyperclovax,5025577,2,bright,1
fruits_nuts_rice,hyperclovax,5025577,2,green,1
fruits_nuts_rice,hyperclovax,5025577,2,flesh,1
fruits_nuts_rice,hyperclovax,5025577,2,small,1
fruits_nuts_rice,hyperclovax,5025577,2,black,1
fruits_nuts_rice,hyperclovax,5025577,2,seed,1
fruits_nuts_rice,hyperclovax,5025577,2,brand,2
fruits_nuts_rice,hyperclovax,5025577,2,zespri,1
fruits_nuts_rice,hyperclovax,5025577,2,clearly,1
fruits_nuts_rice,hyperclovax,5025577,2,sticker,1
fruits_nuts_rice,hyperclovax,5025577,2,attach,1
fruits_nuts_rice,hyperclovax,5025577,2,indicate,1
fruits_nuts_rice,hyperclovax,5025577,2,arrange,1
fruits_nuts_rice,hyperclovax,5025577,2,wooden,1
fruits_nuts_rice,hyperclovax,5025577,2,cutting,1
fruits_nuts_rice,hyperclovax,5025577,2,board,1
fruits_nuts_rice,hyperclovax,5025577,2,plain,1
fruits_nuts_rice,hyperclovax,5025577,2,light,1
fruits_nuts_rice,hyperclovax,5025577,2,colored,1
fruits_nuts_rice,hyperclovax,5025577,2,surface,1
fruits_nuts_rice,hyperclovax,5025577,2,focus,1
fruits_nuts_rice,hyperclovax,5025577,2,additional,1
fruits_nuts_rice,hyperclovax,5025577,2,context,1
fruits_nuts_rice,hyperclovax,5025577,2,element,1
fruits_nuts_rice,hyperclovax,5025577,2,emphasize,1
fruits_nuts_rice,hyperclovax,5025577,2,fresh,1
fruits_nuts_rice,hyperclovax,5025577,2,appearance,1
fruits_nuts_rice,hyperclovax,5025577,2,natural,1
fruits_nuts_rice,hyperclovax,5025577,2,coloration,1
fruits_nuts_rice,hyperclovax,5027321,1,main,1
fruits_nuts_rice,hyperclovax,5027321,1,food,1
fruits_nuts_rice,hyperclovax,5027321,1,peach,6
fruits_nuts_rice,hyperclovax,5027321,1,ripe,2
fruits_nuts_rice,hyperclovax,5027321,1,vibrant,1
fruits_nuts_rice,hyperclovax,5027321,1,mix,1
fruits_nuts_rice,hyperclovax,5027321,1,red,1
fruits_nuts_rice,hyperclovax,5027321,1,yellow,1
fruits_nuts_rice,hyperclovax,5027321,1,hue,1
fruits_nuts_rice,hyperclovax,5027321,1,indicate,1
fruits_nuts_rice,hyperclovax,5027321,1,peak,1
fruits_nuts_rice,hyperclovax,5027321,1,ripeness,1
fruits_nuts_rice,hyperclovax,5027321,1,smooth,1
fruits_nuts_rice,hyperclovax,5027321,1,slightly,2
fruits_nuts_rice,hyperclovax,5027321,1,shiny,1
fruits_nuts_rice,hyperclovax,5027321,1,surface,2
fruits_nuts_rice,hyperclovax,5027321,1,small,2
fruits_nuts_rice,hyperclovax,5027321,1,natural,1
fruits_nuts_rice,hyperclovax,5027321,1,imperfection,1
fruits_nuts_rice,hyperclovax,5027321,1,brown,1
fruits_nuts_rice,hyperclovax,5027321,1,spot,1
fruits_nuts_rice,hyperclovax,5027321,1,common,1
fruits_nuts_rice,hyperclovax,5027321,1,arrange,1
fruits_nuts_rice,hyperclovax,5027321,1,white,1
fruits_nuts_rice,hyperclovax,5027321,1,cloth,1
fruits_nuts_rice,hyperclovax,5027321,1,crumple,1
fruits_nuts_rice,hyperclovax,5027321,1,translucent,1
fruits_nuts_rice,hyperclovax,5027321,1,add,1
fruits_nuts_rice,hyperclovax,5027321,1,soft,1
fruits_nuts_rice,hyperclovax,5027321,1,texture,2
fruits_nuts_rice,hyperclovax,5027321,1,contrast,1
fruits_nuts_rice,hyperclovax,5027321,1,plain,1
fruits_nuts_rice,hyperclovax,5027321,1,light,1
fruits_nuts_rice,hyperclovax,5027321,1,color,2
fruits_nuts_rice,hyperclovax,5027321,1,wooden,1
fruits_nuts_rice,hyperclovax,5027321,1,provide,1
fruits_nuts_rice,hyperclovax,5027321,1,neutral,1
fruits_nuts_rice,hyperclovax,5027321,1,backdrop,1
fruits_nuts_rice,hyperclovax,5027321,1,highlight,1
fruits_nuts_rice,hyperclovax,5027321,2,main,1
fruits_nuts_rice,hyperclovax,5027321,2,food,1
fruits_nuts_rice,hyperclovax,5027321,2,product,1
fruits_nuts_rice,hyperclovax,5027321,2,peach,5
fruits_nuts_rice,hyperclovax,5027321,2,smooth,1
fruits_nuts_rice,hyperclovax,5027321,2,slightly,1
fruits_nuts_rice,hyperclovax,5027321,2,shiny,1
fruits_nuts_rice,hyperclovax,5027321,2,surface,1
fruits_nuts_rice,hyperclovax,5027321,2,mix,1
fruits_nuts_rice,hyperclovax,5027321,2,red,1
fruits_nuts_rice,hyperclovax,5027321,2,yellow,1
fruits_nuts_rice,hyperclovax,5027321,2,hue,1
fruits_nuts_rice,hyperclovax,5027321,2,indicate,1
fruits_nuts_rice,hyperclovax,5027321,2,ripeness,1
fruits_nuts_rice,hyperclovax,5027321,2,arrange,1
fruits_nuts_rice,hyperclovax,5027321,2,white,1
fruits_nuts_rice,hyperclovax,5027321,2,cloth,1
fruits_nuts_rice,hyperclovax,5027321,2,green,1
fruits_nuts_rice,hyperclovax,5027321,2,leaf,1
fruits_nuts_rice,hyperclovax,5027321,2,visible,1
fruits_nuts_rice,hyperclovax,5027321,2,suggest,1
fruits_nuts_rice,hyperclovax,5027321,2,natural,2
fruits_nuts_rice,hyperclovax,5027321,2,fresh,1
fruits_nuts_rice,hyperclovax,5027321,2,presentation,1
fruits_nuts_rice,hyperclovax,5027321,2,rounded,1
fruits_nuts_rice,hyperclovax,5027321,2,shape,1
fruits_nuts_rice,hyperclovax,5027321,2,small,1
fruits_nuts_rice,hyperclovax,5027321,2,stem,1
fruits_nuts_rice,hyperclovax,5027321,2,top,1
fruits_nuts_rice,hyperclovax,5027321,2,typical,1
fruits_nuts_rice,hyperclovax,5027321,2,ripe,1
fruits_nuts_rice,hyperclovax,5027321,2,focus,1
fruits_nuts_rice,hyperclovax,5027321,2,beauty,1
fruits_nuts_rice,hyperclovax,5027321,2,freshness,1
fruits_nuts_rice,hyperclovax,5027321,2,additional,1
fruits_nuts_rice,hyperclovax,5027321,2,context,1
fruits_nuts_rice,hyperclovax,5027321,2,provide,1
fruits_nuts_rice,hyperclovax,5031442,1,main,1
fruits_nuts_rice,hyperclovax,5031442,1,food,1
fruits_nuts_rice,hyperclovax,5031442,1,product,1
fruits_nuts_rice,hyperclovax,5031442,1,bunch,1
fruits_nuts_rice,hyperclovax,5031442,1,banana,4
fruits_nuts_rice,hyperclovax,5031442,1,ripe,1
fruits_nuts_rice,hyperclovax,5031442,1,bright,1
fruits_nuts_rice,hyperclovax,5031442,1,yellow,2
fruits_nuts_rice,hyperclovax,5031442,1,color,1
fruits_nuts_rice,hyperclovax,5031442,1,brown,1
fruits_nuts_rice,hyperclovax,5031442,1,spot,1
fruits_nuts_rice,hyperclovax,5031442,1,indicate,1
fruits_nuts_rice,hyperclovax,5031442,1,ready,1
fruits_nuts_rice,hyperclovax,5031442,1,eat,1
fruits_nuts_rice,hyperclovax,5031442,1,arrange,1
fruits_nuts_rice,hyperclovax,5031442,1,semi,1
fruits_nuts_rice,hyperclovax,5031442,1,circle,1
fruits_nuts_rice,hyperclovax,5031442,1,wooden,1
fruits_nuts_rice,hyperclovax,5031442,1,plate,1
fruits_nuts_rice,hyperclovax,5031442,1,partially,1
fruits_nuts_rice,hyperclovax,5031442,1,peel,1
fruits_nuts_rice,hyperclovax,5031442,1,cut,1
fruits_nuts_rice,hyperclovax,5031442,1,small,1
fruits_nuts_rice,hyperclovax,5031442,1,piece,1
fruits_nuts_rice,hyperclovax,5031442,1,plain,1
fruits_nuts_rice,hyperclovax,5031442,1,light,1
fruits_nuts_rice,hyperclovax,5031442,1,blue,1
fruits_nuts_rice,hyperclovax,5031442,1,surface,1
fruits_nuts_rice,hyperclovax,5031442,1,contrast,1
fruits_nuts_rice,hyperclovax,5031442,1,vibrant,1
fruits_nuts_rice,hyperclovax,5031442,2,main,1
fruits_nuts_rice,hyperclovax,5031442,2,food,1
fruits_nuts_rice,hyperclovax,5031442,2,product,1
fruits_nuts_rice,hyperclovax,5031442,2,banana,4
fruits_nuts_rice,hyperclovax,5031442,2,yellow,2
fruits_nuts_rice,hyperclovax,5031442,2,brown,1
fruits_nuts_rice,hyperclovax,5031442,2,spot,1
fruits_nuts_rice,hyperclovax,5031442,2,indicate,1
fruits_nuts_rice,hyperclovax,5031442,2,ripeness,1
fruits_nuts_rice,hyperclovax,5031442,2,slice,1
fruits_nuts_rice,hyperclovax,5031442,2,several,1
fruits_nuts_rice,hyperclovax,5031442,2,piece,1
fruits_nuts_rice,hyperclovax,5031442,2,reveal,1
fruits_nuts_rice,hyperclovax,5031442,2,smooth,1
fruits_nuts_rice,hyperclovax,5031442,2,creamy,1
fruits_nuts_rice,hyperclovax,5031442,2,interior,1
fruits_nuts_rice,hyperclovax,5031442,2,wooden,1
fruits_nuts_rice,hyperclovax,5031442,2,plate,2
fruits_nuts_rice,hyperclovax,5031442,2,white,1
fruits_nuts_rice,hyperclovax,5031442,2,plastic,1
fruits_nuts_rice,hyperclovax,5031442,2,fork,1
fruits_nuts_rice,hyperclovax,5031442,2,position,1
fruits_nuts_rice,hyperclovax,5031442,2,suggest,1
fruits_nuts_rice,hyperclovax,5031442,2,ready,1
fruits_nuts_rice,hyperclovax,5031442,2,eat,1
fruits_nuts_rice,hyperclovax,5031442,2,plain,1
fruits_nuts_rice,hyperclovax,5031442,2,light,1
fruits_nuts_rice,hyperclovax,5031442,2,colored,1
fruits_nuts_rice,hyperclovax,5031442,2,surface,1
fruits_nuts_rice,hyperclovax,5031442,2,provide,1
fruits_nuts_rice,hyperclovax,5031442,2,neutral,1
fruits_nuts_rice,hyperclovax,5031442,2,backdrop,1
fruits_nuts_rice,hyperclovax,5031442,2,highlight,1
fruits_nuts_rice,hyperclovax,5034841,1,main,1
fruits_nuts_rice,hyperclovax,5034841,1,food,1
fruits_nuts_rice,hyperclovax,5034841,1,product,1
fruits_nuts_rice,hyperclovax,5034841,1,plate,2
fruits_nuts_rice,hyperclovax,5034841,1,mandarin,5
fruits_nuts_rice,hyperclovax,5034841,1,small,1
fruits_nuts_rice,hyperclovax,5034841,1,round,1
fruits_nuts_rice,hyperclovax,5034841,1,bright,1
fruits_nuts_rice,hyperclovax,5034841,1,orange,1
fruits_nuts_rice,hyperclovax,5034841,1,color,2
fruits_nuts_rice,hyperclovax,5034841,1,arrange,1
fruits_nuts_rice,hyperclovax,5034841,1,circular,1
fruits_nuts_rice,hyperclovax,5034841,1,pattern,1
fruits_nuts_rice,hyperclovax,5034841,1,white,1
fruits_nuts_rice,hyperclovax,5034841,1,cut,1
fruits_nuts_rice,hyperclovax,5034841,1,half,1
fruits_nuts_rice,hyperclovax,5034841,1,reveal,1
fruits_nuts_rice,hyperclovax,5034841,1,juicy,1
fruits_nuts_rice,hyperclovax,5034841,1,segment,1
fruits_nuts_rice,hyperclovax,5034841,1,interior,1
fruits_nuts_rice,hyperclovax,5034841,1,surface,2
fruits_nuts_rice,hyperclovax,5034841,1,texture,1
fruits_nuts_rice,hyperclovax,5034841,1,smooth,1
fruits_nuts_rice,hyperclovax,5034841,1,slightly,1
fruits_nuts_rice,hyperclovax,5034841,1,shiny,1
fruits_nuts_rice,hyperclovax,5034841,1,indicate,1
fruits_nuts_rice,hyperclovax,5034841,1,freshness,1
fruits_nuts_rice,hyperclovax,5034841,1,plain,1
fruits_nuts_rice,hyperclovax,5034841,1,light,1
fruits_nuts_rice,hyperclovax,5034841,1,colored,1
fruits_nuts_rice,hyperclovax,5034841,1,contrast,1
fruits_nuts_rice,hyperclovax,5034841,1,vibrant,1
fruits_nuts_rice,hyperclovax,5034841,1,focal,1
fruits_nuts_rice,hyperclovax,5034841,1,point,1
fruits_nuts_rice,hyperclovax,5034841,2,main,1
fruits_nuts_rice,hyperclovax,5034841,2,food,1
fruits_nuts_rice,hyperclovax,5034841,2,product,1
fruits_nuts_rice,hyperclovax,5034841,2,blood,3
fruits_nuts_rice,hyperclovax,5034841,2,orange,7
fruits_nuts_rice,hyperclovax,5034841,2,characterize,1
fruits_nuts_rice,hyperclovax,5034841,2,deep,1
fruits_nuts_rice,hyperclovax,5034841,2,color,2
fruits_nuts_rice,hyperclovax,5034841,2,slightly,1
fruits_nuts_rice,hyperclovax,5034841,2,reddish,1
fruits_nuts_rice,hyperclovax,5034841,2,hue,1
fruits_nuts_rice,hyperclovax,5034841,2,especially,1
fruits_nuts_rice,hyperclovax,5034841,2,noticeable,1
fruits_nuts_rice,hyperclovax,5034841,2,flesh,1
fruits_nuts_rice,hyperclovax,5034841,2,surface,2
fruits_nuts_rice,hyperclovax,5034841,2,texture,1
fruits_nuts_rice,hyperclovax,5034841,2,small,2
fruits_nuts_rice,hyperclovax,5034841,2,bump,1
fruits_nuts_rice,hyperclovax,5034841,2,greenish,1
fruits_nuts_rice,hyperclovax,5034841,2,stem,1
fruits_nuts_rice,hyperclovax,5034841,2,top,1
fruits_nuts_rice,hyperclovax,5034841,2,arrange,1
fruits_nuts_rice,hyperclovax,5034841,2,white,1
fruits_nuts_rice,hyperclovax,5034841,2,plate,1
fruits_nuts_rice,hyperclovax,5034841,2,cut,1
fruits_nuts_rice,hyperclovax,5034841,2,half,1
fruits_nuts_rice,hyperclovax,5034841,2,reveal,1
fruits_nuts_rice,hyperclovax,5034841,2,juicy,1
fruits_nuts_rice,hyperclovax,5034841,2,segment,1
fruits_nuts_rice,hyperclovax,5034841,2,interior,1
fruits_nuts_rice,hyperclovax,5034841,2,plain,1
fruits_nuts_rice,hyperclovax,5034841,2,light,1
fruits_nuts_rice,hyperclovax,5034841,2,colored,1
fruits_nuts_rice,hyperclovax,5034841,2,contrast,1
fruits_nuts_rice,hyperclovax,5034841,2,vibrant,1
fruits_nuts_rice,hyperclovax,5034841,2,stand,1
fruits_nuts_rice,hyperclovax,5034841,2,prominently,1
fruits_nuts_rice,hyperclovax,5035954,1,main,1
fruits_nuts_rice,hyperclovax,5035954,1,food,1
fruits_nuts_rice,hyperclovax,5035954,1,product,1
fruits_nuts_rice,hyperclovax,5035954,1,fresh,1
fruits_nuts_rice,hyperclovax,5035954,1,blueberry,4
fruits_nuts_rice,hyperclovax,5035954,1,dark,1
fruits_nuts_rice,hyperclovax,5035954,1,purple,1
fruits_nuts_rice,hyperclovax,5035954,1,glossy,1
fruits_nuts_rice,hyperclovax,5035954,1,surface,3
fruits_nuts_rice,hyperclovax,5035954,1,indicate,1
fruits_nuts_rice,hyperclovax,5035954,1,freshness,2
fruits_nuts_rice,hyperclovax,5035954,1,arrange,1
fruits_nuts_rice,hyperclovax,5035954,1,2,1
fruits_nuts_rice,hyperclovax,5035954,1,transparent,1
fruits_nuts_rice,hyperclovax,5035954,1,glass,1
fruits_nuts_rice,hyperclovax,5035954,1,bowl,3
fruits_nuts_rice,hyperclovax,5035954,1,square,1
fruits_nuts_rice,hyperclovax,5035954,1,shape,1
fruits_nuts_rice,hyperclovax,5035954,1,marble,1
fruits_nuts_rice,hyperclovax,5035954,1,fill,1
fruits_nuts_rice,hyperclovax,5035954,1,brim,1
fruits_nuts_rice,hyperclovax,5035954,1,mint,1
fruits_nuts_rice,hyperclovax,5035954,1,leaf,1
fruits_nuts_rice,hyperclovax,5035954,1,scatter,1
fruits_nuts_rice,hyperclovax,5035954,1,add,1
fruits_nuts_rice,hyperclovax,5035954,1,touch,1
fruits_nuts_rice,hyperclovax,5035954,1,green,1
fruits_nuts_rice,hyperclovax,5035954,1,composition,1
fruits_nuts_rice,hyperclovax,5035954,1,neutral,1
fruits_nuts_rice,hyperclovax,5035954,1,texture,1
fruits_nuts_rice,hyperclovax,5035954,1,gray,1
fruits_nuts_rice,hyperclovax,5035954,1,contrast,1
fruits_nuts_rice,hyperclovax,5035954,1,vibrant,1
fruits_nuts_rice,hyperclovax,5035954,1,blue,1
fruits_nuts_rice,hyperclovax,5035954,1,berry,1
fruits_nuts_rice,hyperclovax,5035954,1,focus,1
fruits_nuts_rice,hyperclovax,5035954,1,solely,1
fruits_nuts_rice,hyperclovax,5035954,1,presentation,1
fruits_nuts_rice,hyperclovax,5035954,1,highlight,1
fruits_nuts_rice,hyperclovax,5035954,1,appeal,1
fruits_nuts_rice,hyperclovax,5035954,1,arrangement,1
fruits_nuts_rice,hyperclovax,5035954,2,main,1
fruits_nuts_rice,hyperclovax,5035954,2,food,2
fruits_nuts_rice,hyperclovax,5035954,2,product,1
fruits_nuts_rice,hyperclovax,5035954,2,bowl,3
fruits_nuts_rice,hyperclovax,5035954,2,yogurt,4
fruits_nuts_rice,hyperclovax,5035954,2,blueberry,5
fruits_nuts_rice,hyperclovax,5035954,2,white,2
fruits_nuts_rice,hyperclovax,5035954,2,scalloped,1
fruits_nuts_rice,hyperclovax,5035954,2,edge,1
fruits_nuts_rice,hyperclovax,5035954,2,creamy,1
fruits_nuts_rice,hyperclovax,5035954,2,top,1
fruits_nuts_rice,hyperclovax,5035954,2,several,1
fruits_nuts_rice,hyperclovax,5035954,2,dark,2
fruits_nuts_rice,hyperclovax,5035954,2,blue,1
fruits_nuts_rice,hyperclovax,5035954,2,mint,1
fruits_nuts_rice,hyperclovax,5035954,2,leaf,1
fruits_nuts_rice,hyperclovax,5035954,2,smooth,1
fruits_nuts_rice,hyperclovax,5035954,2,texture,1
fruits_nuts_rice,hyperclovax,5035954,2,light,2
fruits_nuts_rice,hyperclovax,5035954,2,purple,1
fruits_nuts_rice,hyperclovax,5035954,2,hue,1
fruits_nuts_rice,hyperclovax,5035954,2,glass,1
fruits_nuts_rice,hyperclovax,5035954,2,whole,1
fruits_nuts_rice,hyperclovax,5035954,2,glossy,1
fruits_nuts_rice,hyperclovax,5035954,2,surface,2
fruits_nuts_rice,hyperclovax,5035954,2,indicate,1
fruits_nuts_rice,hyperclovax,5035954,2,freshness,1
fruits_nuts_rice,hyperclovax,5035954,2,plain,1
fruits_nuts_rice,hyperclovax,5035954,2,gray,1
fruits_nuts_rice,hyperclovax,5035954,2,provide,1
fruits_nuts_rice,hyperclovax,5035954,2,neutral,1
fruits_nuts_rice,hyperclovax,5035954,2,backdrop,1
fruits_nuts_rice,hyperclovax,5035954,2,emphasize,1
fruits_nuts_rice,hyperclovax,5035954,2,item,1
fruits_nuts_rice,hyperclovax,5035954,2,focus,1
fruits_nuts_rice,hyperclovax,5035954,2,presentation,1
fruits_nuts_rice,hyperclovax,5035954,2,highlight,1
fruits_nuts_rice,hyperclovax,5035954,2,fresh,1
fruits_nuts_rice,hyperclovax,5035954,2,appetizing,1
fruits_nuts_rice,hyperclovax,5035954,2,appearance,1
fruits_nuts_rice,hyperclovax,5036748,1,main,1
fruits_nuts_rice,hyperclovax,5036748,1,food,1
fruits_nuts_rice,hyperclovax,5036748,1,product,2
fruits_nuts_rice,hyperclovax,5036748,1,kiwi,3
fruits_nuts_rice,hyperclovax,5036748,1,fruit,2
fruits_nuts_rice,hyperclovax,5036748,1,kiwis,3
fruits_nuts_rice,hyperclovax,5036748,1,package,2
fruits_nuts_rice,hyperclovax,5036748,1,transparent,1
fruits_nuts_rice,hyperclovax,5036748,1,plastic,1
fruits_nuts_rice,hyperclovax,5036748,1,tray,1
fruits_nuts_rice,hyperclovax,5036748,1,green,1
fruits_nuts_rice,hyperclovax,5036748,1,yellow,2
fruits_nuts_rice,hyperclovax,5036748,1,label,1
fruits_nuts_rice,hyperclovax,5036748,1,prominently,1
fruits_nuts_rice,hyperclovax,5036748,1,text,1
fruits_nuts_rice,hyperclovax,5036748,1,kiwifruit,1
fruits_nuts_rice,hyperclovax,5036748,1,zespri,1
fruits_nuts_rice,hyperclovax,5036748,1,sliced,1
fruits_nuts_rice,hyperclovax,5036748,1,brown,1
fruits_nuts_rice,hyperclovax,5036748,1,fuzzy,1
fruits_nuts_rice,hyperclovax,5036748,1,surface,1
fruits_nuts_rice,hyperclovax,5036748,1,texture,1
fruits_nuts_rice,hyperclovax,5036748,1,packaging,2
fruits_nuts_rice,hyperclovax,5036748,1,indicate,1
fruits_nuts_rice,hyperclovax,5036748,1,fresh,1
fruits_nuts_rice,hyperclovax,5036748,1,ready,1
fruits_nuts_rice,hyperclovax,5036748,1,eat,1
fruits_nuts_rice,hyperclovax,5036748,1,plate,1
fruits_nuts_rice,hyperclovax,5036748,1,whole,1
fruits_nuts_rice,hyperclovax,5036748,1,cut,1
fruits_nuts_rice,hyperclovax,5036748,1,half,1
fruits_nuts_rice,hyperclovax,5036748,1,flesh,1
fruits_nuts_rice,hyperclovax,5036748,1,inside,1
fruits_nuts_rice,hyperclovax,5036748,1,presentation,1
fruits_nuts_rice,hyperclovax,5036748,1,suggest,1
fruits_nuts_rice,hyperclovax,5036748,1,pre,1
fruits_nuts_rice,hyperclovax,5036748,1,commercially,1
fruits_nuts_rice,hyperclovax,5036748,1,available,1
fruits_nuts_rice,hyperclovax,5036748,2,main,1
fruits_nuts_rice,hyperclovax,5036748,2,food,1
fruits_nuts_rice,hyperclovax,5036748,2,product,3
fruits_nuts_rice,hyperclovax,5036748,2,kiwi,3
fruits_nuts_rice,hyperclovax,5036748,2,fruit,2
fruits_nuts_rice,hyperclovax,5036748,2,kiwis,4
fruits_nuts_rice,hyperclovax,5036748,2,package,1
fruits_nuts_rice,hyperclovax,5036748,2,transparent,1
fruits_nuts_rice,hyperclovax,5036748,2,plastic,1
fruits_nuts_rice,hyperclovax,5036748,2,container,2
fruits_nuts_rice,hyperclovax,5036748,2,yellow,1
fruits_nuts_rice,hyperclovax,5036748,2,green,1
fruits_nuts_rice,hyperclovax,5036748,2,label,2
fruits_nuts_rice,hyperclovax,5036748,2,prominently,1
fruits_nuts_rice,hyperclovax,5036748,2,brand,1
fruits_nuts_rice,hyperclovax,5036748,2,zespri,1
fruits_nuts_rice,hyperclovax,5036748,2,키위,1
fruits_nuts_rice,hyperclovax,5036748,2,korean,1
fruits_nuts_rice,hyperclovax,5036748,2,sliced,2
fruits_nuts_rice,hyperclovax,5036748,2,spoon,1
fruits_nuts_rice,hyperclovax,5036748,2,indicate,1
fruits_nuts_rice,hyperclovax,5036748,2,use,1
fruits_nuts_rice,hyperclovax,5036748,2,arrange,1
fruits_nuts_rice,hyperclovax,5036748,2,neatly,1
fruits_nuts_rice,hyperclovax,5036748,2,whole,1
fruits_nuts_rice,hyperclovax,5036748,2,white,1
fruits_nuts_rice,hyperclovax,5036748,2,plate,1
fruits_nuts_rice,hyperclovax,5036748,2,showcase,1
fruits_nuts_rice,hyperclovax,5036748,2,texture,1
fruits_nuts_rice,hyperclovax,5036748,2,color,2
fruits_nuts_rice,hyperclovax,5036748,2,packaging,1
fruits_nuts_rice,hyperclovax,5036748,2,design,1
fruits_nuts_rice,hyperclovax,5036748,2,highlight,1
fruits_nuts_rice,hyperclovax,5036748,2,freshness,1
fruits_nuts_rice,hyperclovax,5036748,2,quality,1
fruits_nuts_rice,hyperclovax,5036748,2,bright,1
fruits_nuts_rice,hyperclovax,5036748,2,appeal,1
fruits_nuts_rice,hyperclovax,5036748,2,scheme,1
fruits_nuts_rice,hyperclovax,5038123,1,main,2
fruits_nuts_rice,hyperclovax,5038123,1,food,1
fruits_nuts_rice,hyperclovax,5038123,1,product,1
fruits_nuts_rice,hyperclovax,5038123,1,bunch,2
fruits_nuts_rice,hyperclovax,5038123,1,grape,5
fruits_nuts_rice,hyperclovax,5038123,1,dark,2
fruits_nuts_rice,hyperclovax,5038123,1,purple,1
fruits_nuts_rice,hyperclovax,5038123,1,color,2
fruits_nuts_rice,hyperclovax,5038123,1,glossy,1
fruits_nuts_rice,hyperclovax,5038123,1,surface,2
fruits_nuts_rice,hyperclovax,5038123,1,suggest,1
fruits_nuts_rice,hyperclovax,5038123,1,fresh,1
fruits_nuts_rice,hyperclovax,5038123,1,possibly,1
fruits_nuts_rice,hyperclovax,5038123,1,recently,1
fruits_nuts_rice,hyperclovax,5038123,1,wash,1
fruits_nuts_rice,hyperclovax,5038123,1,arrange,1
fruits_nuts_rice,hyperclovax,5038123,1,loose,1
fruits_nuts_rice,hyperclovax,5038123,1,cluster,1
fruits_nuts_rice,hyperclovax,5038123,1,individual,1
fruits_nuts_rice,hyperclovax,5038123,1,slightly,1
fruits_nuts_rice,hyperclovax,5038123,1,separate,1
fruits_nuts_rice,hyperclovax,5038123,1,smooth,1
fruits_nuts_rice,hyperclovax,5038123,1,texture,1
fruits_nuts_rice,hyperclovax,5038123,1,visible,1
fruits_nuts_rice,hyperclovax,5038123,1,seed,1
fruits_nuts_rice,hyperclovax,5038123,1,slight,1
fruits_nuts_rice,hyperclovax,5038123,1,sheen,1
fruits_nuts_rice,hyperclovax,5038123,1,indicate,1
fruits_nuts_rice,hyperclovax,5038123,1,moisture,1
fruits_nuts_rice,hyperclovax,5038123,1,neutral,1
fruits_nuts_rice,hyperclovax,5038123,1,light,1
fruits_nuts_rice,hyperclovax,5038123,1,gray,1
fruits_nuts_rice,hyperclovax,5038123,1,contrast,1
fruits_nuts_rice,hyperclovax,5038123,1,focal,1
fruits_nuts_rice,hyperclovax,5038123,1,point,1
fruits_nuts_rice,hyperclovax,5038123,2,main,1
fruits_nuts_rice,hyperclovax,5038123,2,food,1
fruits_nuts_rice,hyperclovax,5038123,2,product,1
fruits_nuts_rice,hyperclovax,5038123,2,bunch,2
fruits_nuts_rice,hyperclovax,5038123,2,dark,3
fruits_nuts_rice,hyperclovax,5038123,2,purple,1
fruits_nuts_rice,hyperclovax,5038123,2,grape,5
fruits_nuts_rice,hyperclovax,5038123,2,round,1
fruits_nuts_rice,hyperclovax,5038123,2,glossy,1
fruits_nuts_rice,hyperclovax,5038123,2,surface,3
fruits_nuts_rice,hyperclovax,5038123,2,indicate,1
fruits_nuts_rice,hyperclovax,5038123,2,freshness,1
fruits_nuts_rice,hyperclovax,5038123,2,arrange,1
fruits_nuts_rice,hyperclovax,5038123,2,cluster,1
fruits_nuts_rice,hyperclovax,5038123,2,individual,1
fruits_nuts_rice,hyperclovax,5038123,2,lie,1
fruits_nuts_rice,hyperclovax,5038123,2,front,1
fruits_nuts_rice,hyperclovax,5038123,2,plain,1
fruits_nuts_rice,hyperclovax,5038123,2,light,1
fruits_nuts_rice,hyperclovax,5038123,2,colored,1
fruits_nuts_rice,hyperclovax,5038123,2,contrast,1
fruits_nuts_rice,hyperclovax,5038123,2,color,2
fruits_nuts_rice,hyperclovax,5038123,2,focal,1
fruits_nuts_rice,hyperclovax,5038123,2,point,1
fruits_nuts_rice,hyperclovax,5038123,2,fresh,1
fruits_nuts_rice,hyperclovax,5038123,2,ripe,1
fruits_nuts_rice,hyperclovax,5038123,2,smooth,1
fruits_nuts_rice,hyperclovax,5038123,2,texture,1
fruits_nuts_rice,hyperclovax,5038123,2,rich,1
fruits_nuts_rice,hyperclovax,5045631,1,main,1
fruits_nuts_rice,hyperclovax,5045631,1,food,1
fruits_nuts_rice,hyperclovax,5045631,1,product,1
fruits_nuts_rice,hyperclovax,5045631,1,box,3
fruits_nuts_rice,hyperclovax,5045631,1,hbaf,2
fruits_nuts_rice,hyperclovax,5045631,1,snack,1
fruits_nuts_rice,hyperclovax,5045631,1,bar,1
fruits_nuts_rice,hyperclovax,5045631,1,packaging,2
fruits_nuts_rice,hyperclovax,5045631,1,large,1
fruits_nuts_rice,hyperclovax,5045631,1,rectangular,1
fruits_nuts_rice,hyperclovax,5045631,1,blue,2
fruits_nuts_rice,hyperclovax,5045631,1,white,2
fruits_nuts_rice,hyperclovax,5045631,1,color,1
fruits_nuts_rice,hyperclovax,5045631,1,scheme,1
fruits_nuts_rice,hyperclovax,5045631,1,grid,2
fruits_nuts_rice,hyperclovax,5045631,1,small,1
fruits_nuts_rice,hyperclovax,5045631,1,represent,1
fruits_nuts_rice,hyperclovax,5045631,1,different,1
fruits_nuts_rice,hyperclovax,5045631,1,flavor,3
fruits_nuts_rice,hyperclovax,5045631,1,label,1
fruits_nuts_rice,hyperclovax,5045631,1,day,2
fruits_nuts_rice,hyperclovax,5045631,1,week,2
fruits_nuts_rice,hyperclovax,5045631,1,english,1
fruits_nuts_rice,hyperclovax,5045631,1,korean,1
fruits_nuts_rice,hyperclovax,5045631,1,text,2
fruits_nuts_rice,hyperclovax,5045631,1,6weeks,1
fruits_nuts_rice,hyperclovax,5045631,1,mon_to_sun,1
fruits_nuts_rice,hyperclovax,5045631,1,indicate,1
fruits_nuts_rice,hyperclovax,5045631,1,duration,1
fruits_nuts_rice,hyperclovax,5045631,1,cover,1
fruits_nuts_rice,hyperclovax,5045631,1,surface,1
fruits_nuts_rice,hyperclovax,5045631,1,texture,1
fruits_nuts_rice,hyperclovax,5045631,1,smooth,1
fruits_nuts_rice,hyperclovax,5045631,1,arrangement,1
fruits_nuts_rice,hyperclovax,5045631,1,organize,1
fruits_nuts_rice,hyperclovax,5045631,1,format,1
fruits_nuts_rice,hyperclovax,5045631,1,easy,1
fruits_nuts_rice,hyperclovax,5045631,1,identify,1
fruits_nuts_rice,hyperclovax,5045631,1,brand,1
fruits_nuts_rice,hyperclovax,5045631,1,prominently,1
fruits_nuts_rice,hyperclovax,5045631,2,main,1
fruits_nuts_rice,hyperclovax,5045631,2,food,1
fruits_nuts_rice,hyperclovax,5045631,2,product,1
fruits_nuts_rice,hyperclovax,5045631,2,collection,1
fruits_nuts_rice,hyperclovax,5045631,2,snack,2
fruits_nuts_rice,hyperclovax,5045631,2,bar,5
fruits_nuts_rice,hyperclovax,5045631,2,specifically,1
fruits_nuts_rice,hyperclovax,5045631,2,brand,2
fruits_nuts_rice,hyperclovax,5045631,2,hbaf_mon_to_sun,1
fruits_nuts_rice,hyperclovax,5045631,2,present,1
fruits_nuts_rice,hyperclovax,5045631,2,variety,2
fruits_nuts_rice,hyperclovax,5045631,2,flavor,1
fruits_nuts_rice,hyperclovax,5045631,2,label,1
fruits_nuts_rice,hyperclovax,5045631,2,different,1
fruits_nuts_rice,hyperclovax,5045631,2,day,1
fruits_nuts_rice,hyperclovax,5045631,2,week,1
fruits_nuts_rice,hyperclovax,5045631,2,thu,1
fruits_nuts_rice,hyperclovax,5045631,2,tue,1
fruits_nuts_rice,hyperclovax,5045631,2,wed,1
fruits_nuts_rice,hyperclovax,5045631,2,packaging,2
fruits_nuts_rice,hyperclovax,5045631,2,predominantly,1
fruits_nuts_rice,hyperclovax,5045631,2,white,1
fruits_nuts_rice,hyperclovax,5045631,2,colorful,1
fruits_nuts_rice,hyperclovax,5045631,2,text,3
fruits_nuts_rice,hyperclovax,5045631,2,ingredient,1
fruits_nuts_rice,hyperclovax,5045631,2,include,2
fruits_nuts_rice,hyperclovax,5045631,2,nut,1
fruits_nuts_rice,hyperclovax,5045631,2,dry,1
fruits_nuts_rice,hyperclovax,5045631,2,fruit,1
fruits_nuts_rice,hyperclovax,5045631,2,individually,1
fruits_nuts_rice,hyperclovax,5045631,2,package,1
fruits_nuts_rice,hyperclovax,5045631,2,rectangular,1
fruits_nuts_rice,hyperclovax,5045631,2,shape,1
fruits_nuts_rice,hyperclovax,5045631,2,clear,1
fruits_nuts_rice,hyperclovax,5045631,2,window,1
fruits_nuts_rice,hyperclovax,5045631,2,content,1
fruits_nuts_rice,hyperclovax,5045631,2,english,1
fruits_nuts_rice,hyperclovax,5045631,2,nutritional,2
fruits_nuts_rice,hyperclovax,5045631,2,information,1
fruits_nuts_rice,hyperclovax,5045631,2,20g,1
fruits_nuts_rice,hyperclovax,5045631,2,protein,1
fruits_nuts_rice,hyperclovax,5045631,2,120kcal,1
fruits_nuts_rice,hyperclovax,5045631,2,hbaf,1
fruits_nuts_rice,hyperclovax,5045631,2,prominently,1
fruits_nuts_rice,hyperclovax,5045631,2,blue,1
fruits_nuts_rice,hyperclovax,5045631,2,box,1
fruits_nuts_rice,hyperclovax,5045631,2,mon_to_sun,1
fruits_nuts_rice,hyperclovax,5045631,2,6weeks,1
fruits_nuts_rice,hyperclovax,5045631,2,indicate,1
fruits_nuts_rice,hyperclovax,5045631,2,weekly,1
fruits_nuts_rice,hyperclovax,5045631,2,subscription,1
fruits_nuts_rice,hyperclovax,5045631,2,service,1
fruits_nuts_rice,hyperclovax,5045631,2,overall,1
fruits_nuts_rice,hyperclovax,5045631,2,presentation,1
fruits_nuts_rice,hyperclovax,5045631,2,clean,1
fruits_nuts_rice,hyperclovax,5045631,2,organize,1
fruits_nuts_rice,hyperclovax,5045631,2,showcase,1
fruits_nuts_rice,hyperclovax,5045631,2,benefit,1
fruits_nuts_rice,hyperclovax,5048547,1,main,1
fruits_nuts_rice,hyperclovax,5048547,1,food,1
fruits_nuts_rice,hyperclovax,5048547,1,product,4
fruits_nuts_rice,hyperclovax,5048547,1,rice,4
fruits_nuts_rice,hyperclovax,5048547,1,packaging,2
fruits_nuts_rice,hyperclovax,5048547,1,predominantly,1
fruits_nuts_rice,hyperclovax,5048547,1,red,1
fruits_nuts_rice,hyperclovax,5048547,1,gold,1
fruits_nuts_rice,hyperclovax,5048547,1,accent,1
fruits_nuts_rice,hyperclovax,5048547,1,large,1
fruits_nuts_rice,hyperclovax,5048547,1,illustration,1
fruits_nuts_rice,hyperclovax,5048547,1,person,1
fruits_nuts_rice,hyperclovax,5048547,1,traditional,1
fruits_nuts_rice,hyperclovax,5048547,1,attire,1
fruits_nuts_rice,hyperclovax,5048547,1,text,1
fruits_nuts_rice,hyperclovax,5048547,1,package,2
fruits_nuts_rice,hyperclovax,5048547,1,read,1
fruits_nuts_rice,hyperclovax,5048547,1,여주쌀,1
fruits_nuts_rice,hyperclovax,5048547,1,indicate,1
fruits_nuts_rice,hyperclovax,5048547,1,brand,1
fruits_nuts_rice,hyperclovax,5048547,1,type,2
fruits_nuts_rice,hyperclovax,5048547,1,surface,2
fruits_nuts_rice,hyperclovax,5048547,1,texture,1
fruits_nuts_rice,hyperclovax,5048547,1,visible,2
fruits_nuts_rice,hyperclovax,5048547,1,smooth,1
fruits_nuts_rice,hyperclovax,5048547,1,glossy,1
fruits_nuts_rice,hyperclovax,5048547,1,weight,1
fruits_nuts_rice,hyperclovax,5048547,1,10kg,1
fruits_nuts_rice,hyperclovax,5048547,1,clearly,1
fruits_nuts_rice,hyperclovax,5048547,1,mark,1
fruits_nuts_rice,hyperclovax,5048547,1,bottom,1
fruits_nuts_rice,hyperclovax,5048547,1,plain,1
fruits_nuts_rice,hyperclovax,5048547,1,light,1
fruits_nuts_rice,hyperclovax,5048547,1,colored,1
fruits_nuts_rice,hyperclovax,5048547,1,small,1
fruits_nuts_rice,hyperclovax,5048547,1,bowl,1
fruits_nuts_rice,hyperclovax,5048547,1,upper,1
fruits_nuts_rice,hyperclovax,5048547,1,right,1
fruits_nuts_rice,hyperclovax,5048547,1,corner,1
fruits_nuts_rice,hyperclovax,5048547,1,suggest,1
fruits_nuts_rice,hyperclovax,5048547,1,size,1
fruits_nuts_rice,hyperclovax,5048547,1,overall,1
fruits_nuts_rice,hyperclovax,5048547,1,style,1
fruits_nuts_rice,hyperclovax,5048547,1,commercial,1
fruits_nuts_rice,hyperclovax,5048547,1,promotional,1
fruits_nuts_rice,hyperclovax,5048547,1,design,1
fruits_nuts_rice,hyperclovax,5048547,1,highlight,1
fruits_nuts_rice,hyperclovax,5048547,1,branding,1
fruits_nuts_rice,hyperclovax,5048547,2,main,1
fruits_nuts_rice,hyperclovax,5048547,2,food,1
fruits_nuts_rice,hyperclovax,5048547,2,product,1
fruits_nuts_rice,hyperclovax,5048547,2,uncooked,1
fruits_nuts_rice,hyperclovax,5048547,2,white,3
fruits_nuts_rice,hyperclovax,5048547,2,rice,5
fruits_nuts_rice,hyperclovax,5048547,2,grain,2
fruits_nuts_rice,hyperclovax,5048547,2,small,1
fruits_nuts_rice,hyperclovax,5048547,2,oval,1
fruits_nuts_rice,hyperclovax,5048547,2,shape,1
fruits_nuts_rice,hyperclovax,5048547,2,uniformly,1
fruits_nuts_rice,hyperclovax,5048547,2,color,1
fruits_nuts_rice,hyperclovax,5048547,2,smooth,1
fruits_nuts_rice,hyperclovax,5048547,2,texture,1
fruits_nuts_rice,hyperclovax,5048547,2,neatly,1
fruits_nuts_rice,hyperclovax,5048547,2,arrange,1
fruits_nuts_rice,hyperclovax,5048547,2,light,2
fruits_nuts_rice,hyperclovax,5048547,2,green,1
fruits_nuts_rice,hyperclovax,5048547,2,ceramic,1
fruits_nuts_rice,hyperclovax,5048547,2,bowl,2
fruits_nuts_rice,hyperclovax,5048547,2,spill,1
fruits_nuts_rice,hyperclovax,5048547,2,surface,2
fruits_nuts_rice,hyperclovax,5048547,2,indicate,1
fruits_nuts_rice,hyperclovax,5048547,2,freshly,1
fruits_nuts_rice,hyperclovax,5048547,2,pour,1
fruits_nuts_rice,hyperclovax,5048547,2,plain,1
fruits_nuts_rice,hyperclovax,5048547,2,colored,1
fruits_nuts_rice,hyperclovax,5048547,2,provide,1
fruits_nuts_rice,hyperclovax,5048547,2,neutral,1
fruits_nuts_rice,hyperclovax,5048547,2,backdrop,1
fruits_nuts_rice,hyperclovax,5048547,2,emphasize,1
fruits_nuts_rice,hyperclovax,5048547,2,focus,1
fruits_nuts_rice,hyperclovax,5048547,2,solely,1
fruits_nuts_rice,hyperclovax,5048547,2,immediate,1
fruits_nuts_rice,hyperclovax,5048547,2,surrounding,1
fruits_nuts_rice,hyperclovax,5048547,2,additional,1
fruits_nuts_rice,hyperclovax,5048547,2,context,1
fruits_nuts_rice,hyperclovax,5048547,2,object,1
fruits_nuts_rice,hyperclovax,5048580,1,main,1
fruits_nuts_rice,hyperclovax,5048580,1,food,1
fruits_nuts_rice,hyperclovax,5048580,1,product,1
fruits_nuts_rice,hyperclovax,5048580,1,bunch,1
fruits_nuts_rice,hyperclovax,5048580,1,green,2
fruits_nuts_rice,hyperclovax,5048580,1,grape,3
fruits_nuts_rice,hyperclovax,5048580,1,round,1
fruits_nuts_rice,hyperclovax,5048580,1,smooth,1
fruits_nuts_rice,hyperclovax,5048580,1,slightly,1
fruits_nuts_rice,hyperclovax,5048580,1,shiny,1
fruits_nuts_rice,hyperclovax,5048580,1,surface,2
fruits_nuts_rice,hyperclovax,5048580,1,indicate,1
fruits_nuts_rice,hyperclovax,5048580,1,freshness,1
fruits_nuts_rice,hyperclovax,5048580,1,tightly,1
fruits_nuts_rice,hyperclovax,5048580,1,pack,1
fruits_nuts_rice,hyperclovax,5048580,1,cluster,1
fruits_nuts_rice,hyperclovax,5048580,1,leaf,1
fruits_nuts_rice,hyperclovax,5048580,1,attach,1
fruits_nuts_rice,hyperclovax,5048580,1,top,1
fruits_nuts_rice,hyperclovax,5048580,1,suggest,1
fruits_nuts_rice,hyperclovax,5048580,1,freshly,1
fruits_nuts_rice,hyperclovax,5048580,1,pick,1
fruits_nuts_rice,hyperclovax,5048580,1,neutral,1
fruits_nuts_rice,hyperclovax,5048580,1,light,1
fruits_nuts_rice,hyperclovax,5048580,1,grey,1
fruits_nuts_rice,hyperclovax,5048580,1,contrast,1
fruits_nuts_rice,hyperclovax,5048580,1,color,1
fruits_nuts_rice,hyperclovax,5048580,1,focal,1
fruits_nuts_rice,hyperclovax,5048580,1,point,1
fruits_nuts_rice,hyperclovax,5048580,2,main,1
fruits_nuts_rice,hyperclovax,5048580,2,food,1
fruits_nuts_rice,hyperclovax,5048580,2,product,1
fruits_nuts_rice,hyperclovax,5048580,2,green,3
fruits_nuts_rice,hyperclovax,5048580,2,grape,6
fruits_nuts_rice,hyperclovax,5048580,2,round,1
fruits_nuts_rice,hyperclovax,5048580,2,smooth,1
fruits_nuts_rice,hyperclovax,5048580,2,shiny,1
fruits_nuts_rice,hyperclovax,5048580,2,surface,2
fruits_nuts_rice,hyperclovax,5048580,2,reflect,1
fruits_nuts_rice,hyperclovax,5048580,2,light,2
fruits_nuts_rice,hyperclovax,5048580,2,indicate,1
fruits_nuts_rice,hyperclovax,5048580,2,freshness,1
fruits_nuts_rice,hyperclovax,5048580,2,arrange,1
fruits_nuts_rice,hyperclovax,5048580,2,2,1
fruits_nuts_rice,hyperclovax,5048580,2,cluster,1
fruits_nuts_rice,hyperclovax,5048580,2,white,1
fruits_nuts_rice,hyperclovax,5048580,2,plate,2
fruits_nuts_rice,hyperclovax,5048580,2,individual,1
fruits_nuts_rice,hyperclovax,5048580,2,scatter,1
fruits_nuts_rice,hyperclovax,5048580,2,color,1
fruits_nuts_rice,hyperclovax,5048580,2,vibrant,1
fruits_nuts_rice,hyperclovax,5048580,2,suggest,1
fruits_nuts_rice,hyperclovax,5048580,2,ripe,1
fruits_nuts_rice,hyperclovax,5048580,2,possibly,1
fruits_nuts_rice,hyperclovax,5048580,2,specific,1
fruits_nuts_rice,hyperclovax,5048580,2,variety,1
fruits_nuts_rice,hyperclovax,5048580,2,seedless,1
fruits_nuts_rice,hyperclovax,5048580,2,neutral,1
fruits_nuts_rice,hyperclovax,5048580,2,colored,1
fruits_nuts_rice,hyperclovax,5048580,2,distract,1
fruits_nuts_rice,hyperclovax,5049631,1,main,1
fruits_nuts_rice,hyperclovax,5049631,1,food,1
fruits_nuts_rice,hyperclovax,5049631,1,product,1
fruits_nuts_rice,hyperclovax,5049631,1,korean,3
fruits_nuts_rice,hyperclovax,5049631,1,melon,4
fruits_nuts_rice,hyperclovax,5049631,1,cantaloupe,1
fruits_nuts_rice,hyperclovax,5049631,1,round,1
fruits_nuts_rice,hyperclovax,5049631,1,yellow,1
fruits_nuts_rice,hyperclovax,5049631,1,orange,1
fruits_nuts_rice,hyperclovax,5049631,1,color,2
fruits_nuts_rice,hyperclovax,5049631,1,strip,1
fruits_nuts_rice,hyperclovax,5049631,1,pattern,2
fruits_nuts_rice,hyperclovax,5049631,1,rind,1
fruits_nuts_rice,hyperclovax,5049631,1,surface,2
fruits_nuts_rice,hyperclovax,5049631,1,texture,1
fruits_nuts_rice,hyperclovax,5049631,1,smooth,1
fruits_nuts_rice,hyperclovax,5049631,1,slight,1
fruits_nuts_rice,hyperclovax,5049631,1,sheen,1
fruits_nuts_rice,hyperclovax,5049631,1,thekorean,1
fruits_nuts_rice,hyperclovax,5049631,1,arrange,1
fruits_nuts_rice,hyperclovax,5049631,1,light,1
fruits_nuts_rice,hyperclovax,5049631,1,beige,1
fruits_nuts_rice,hyperclovax,5049631,1,plate,2
fruits_nuts_rice,hyperclovax,5049631,1,cut,1
fruits_nuts_rice,hyperclovax,5049631,1,slice,1
fruits_nuts_rice,hyperclovax,5049631,1,reveal,1
fruits_nuts_rice,hyperclovax,5049631,1,juicy,1
fruits_nuts_rice,hyperclovax,5049631,1,white,3
fruits_nuts_rice,hyperclovax,5049631,1,interior,1
fruits_nuts_rice,hyperclovax,5049631,1,seed,1
fruits_nuts_rice,hyperclovax,5049631,1,plain,1
fruits_nuts_rice,hyperclovax,5049631,1,cloth,1
fruits_nuts_rice,hyperclovax,5049631,1,partially,1
fruits_nuts_rice,hyperclovax,5049631,1,visible,1
fruits_nuts_rice,hyperclovax,5049631,1,add,1
fruits_nuts_rice,hyperclovax,5049631,1,soft,1
fruits_nuts_rice,hyperclovax,5049631,1,contrast,1
fruits_nuts_rice,hyperclovax,5049631,1,vibrant,1
fruits_nuts_rice,hyperclovax,5049631,2,main,1
fruits_nuts_rice,hyperclovax,5049631,2,food,1
fruits_nuts_rice,hyperclovax,5049631,2,product,1
fruits_nuts_rice,hyperclovax,5049631,2,type,1
fruits_nuts_rice,hyperclovax,5049631,2,melon,4
fruits_nuts_rice,hyperclovax,5049631,2,specifically,1
fruits_nuts_rice,hyperclovax,5049631,2,korean,3
fruits_nuts_rice,hyperclovax,5049631,2,round,1
fruits_nuts_rice,hyperclovax,5049631,2,strip,1
fruits_nuts_rice,hyperclovax,5049631,2,pattern,2
fruits_nuts_rice,hyperclovax,5049631,2,light,3
fruits_nuts_rice,hyperclovax,5049631,2,dark,1
fruits_nuts_rice,hyperclovax,5049631,2,orange,2
fruits_nuts_rice,hyperclovax,5049631,2,smooth,1
fruits_nuts_rice,hyperclovax,5049631,2,slightly,1
fruits_nuts_rice,hyperclovax,5049631,2,texture,1
fruits_nuts_rice,hyperclovax,5049631,2,surface,2
fruits_nuts_rice,hyperclovax,5049631,2,arrange,1
fruits_nuts_rice,hyperclovax,5049631,2,color,2
fruits_nuts_rice,hyperclovax,5049631,2,oval,1
fruits_nuts_rice,hyperclovax,5049631,2,plate,1
fruits_nuts_rice,hyperclovax,5049631,2,cut,1
fruits_nuts_rice,hyperclovax,5049631,2,slice,1
fruits_nuts_rice,hyperclovax,5049631,2,reveal,1
fruits_nuts_rice,hyperclovax,5049631,2,juicy,1
fruits_nuts_rice,hyperclovax,5049631,2,pale,1
fruits_nuts_rice,hyperclovax,5049631,2,flesh,1
fruits_nuts_rice,hyperclovax,5049631,2,seed,1
fruits_nuts_rice,hyperclovax,5049631,2,center,1
fruits_nuts_rice,hyperclovax,5049631,2,plain,1
fruits_nuts_rice,hyperclovax,5049631,2,colored,1
fruits_nuts_rice,hyperclovax,5049631,2,likely,1
fruits_nuts_rice,hyperclovax,5049631,2,table,1
fruits_nuts_rice,hyperclovax,5049631,2,countertop,1
fruits_nuts_rice,hyperclovax,5049631,2,provide,1
fruits_nuts_rice,hyperclovax,5049631,2,neutral,1
fruits_nuts_rice,hyperclovax,5049631,2,backdrop,1
fruits_nuts_rice,hyperclovax,5049631,2,highlight,1
fruits_nuts_rice,hyperclovax,5049631,2,vibrant,1
fruits_nuts_rice,hyperclovax,5049631,2,cantaloupe,1
fruits_nuts_rice,hyperclovax,5051031,1,main,1
fruits_nuts_rice,hyperclovax,5051031,1,food,1
fruits_nuts_rice,hyperclovax,5051031,1,product,2
fruits_nuts_rice,hyperclovax,5051031,1,bag,1
fruits_nuts_rice,hyperclovax,5051031,1,rice,2
fruits_nuts_rice,hyperclovax,5051031,1,packaging,2
fruits_nuts_rice,hyperclovax,5051031,1,white,1
fruits_nuts_rice,hyperclovax,5051031,1,beige,1
fruits_nuts_rice,hyperclovax,5051031,1,color,1
fruits_nuts_rice,hyperclovax,5051031,1,scheme,1
fruits_nuts_rice,hyperclovax,5051031,1,label,3
fruits_nuts_rice,hyperclovax,5051031,1,read,1
fruits_nuts_rice,hyperclovax,5051031,1,씻어나온_완전미_고시히카리,1
fruits_nuts_rice,hyperclovax,5051031,1,include,1
fruits_nuts_rice,hyperclovax,5051031,1,illustration,1
fruits_nuts_rice,hyperclovax,5051031,1,people,1
fruits_nuts_rice,hyperclovax,5051031,1,work,1
fruits_nuts_rice,hyperclovax,5051031,1,field,1
fruits_nuts_rice,hyperclovax,5051031,1,suggest,1
fruits_nuts_rice,hyperclovax,5051031,1,agricultural,1
fruits_nuts_rice,hyperclovax,5051031,1,origin,2
fruits_nuts_rice,hyperclovax,5051031,1,text,2
fruits_nuts_rice,hyperclovax,5051031,1,indicate,1
fruits_nuts_rice,hyperclovax,5051031,1,100percent,1
fruits_nuts_rice,hyperclovax,5051031,1,domestic,2
fruits_nuts_rice,hyperclovax,5051031,1,weight,1
fruits_nuts_rice,hyperclovax,5051031,1,4kg,1
fruits_nuts_rice,hyperclovax,5051031,1,brand,2
fruits_nuts_rice,hyperclovax,5051031,1,fully,1
fruits_nuts_rice,hyperclovax,5051031,1,visible,2
fruits_nuts_rice,hyperclovax,5051031,1,korean,1
fruits_nuts_rice,hyperclovax,5051031,1,likely,1
fruits_nuts_rice,hyperclovax,5051031,1,l_grow,1
fruits_nuts_rice,hyperclovax,5051031,1,base,1
fruits_nuts_rice,hyperclovax,5051031,1,partial,1
fruits_nuts_rice,hyperclovax,5051031,1,overall,1
fruits_nuts_rice,hyperclovax,5051031,1,design,1
fruits_nuts_rice,hyperclovax,5051031,1,simple,1
fruits_nuts_rice,hyperclovax,5051031,1,clean,1
fruits_nuts_rice,hyperclovax,5051031,1,focus,1
fruits_nuts_rice,hyperclovax,5051031,1,quality,1
fruits_nuts_rice,hyperclovax,5051031,2,main,1
fruits_nuts_rice,hyperclovax,5051031,2,food,1
fruits_nuts_rice,hyperclovax,5051031,2,product,1
fruits_nuts_rice,hyperclovax,5051031,2,uncooked,1
fruits_nuts_rice,hyperclovax,5051031,2,white,3
fruits_nuts_rice,hyperclovax,5051031,2,rice,7
fruits_nuts_rice,hyperclovax,5051031,2,clear,1
fruits_nuts_rice,hyperclovax,5051031,2,glass,2
fruits_nuts_rice,hyperclovax,5051031,2,bowl,2
fruits_nuts_rice,hyperclovax,5051031,2,hold,1
fruits_nuts_rice,hyperclovax,5051031,2,pot,5
fruits_nuts_rice,hyperclovax,5051031,2,fill,1
fruits_nuts_rice,hyperclovax,5051031,2,grain,1
fruits_nuts_rice,hyperclovax,5051031,2,small,2
fruits_nuts_rice,hyperclovax,5051031,2,oval,1
fruits_nuts_rice,hyperclovax,5051031,2,shape,1
fruits_nuts_rice,hyperclovax,5051031,2,color,2
fruits_nuts_rice,hyperclovax,5051031,2,smooth,1
fruits_nuts_rice,hyperclovax,5051031,2,slightly,1
fruits_nuts_rice,hyperclovax,5051031,2,shiny,1
fruits_nuts_rice,hyperclovax,5051031,2,surface,2
fruits_nuts_rice,hyperclovax,5051031,2,texture,1
fruits_nuts_rice,hyperclovax,5051031,2,light,2
fruits_nuts_rice,hyperclovax,5051031,2,beige,1
fruits_nuts_rice,hyperclovax,5051031,2,handle,1
fruits_nuts_rice,hyperclovax,5051031,2,pour,2
fruits_nuts_rice,hyperclovax,5051031,2,create,1
fruits_nuts_rice,hyperclovax,5051031,2,pile,1
fruits_nuts_rice,hyperclovax,5051031,2,top,1
fruits_nuts_rice,hyperclovax,5051031,2,exist,1
fruits_nuts_rice,hyperclovax,5051031,2,plain,1
fruits_nuts_rice,hyperclovax,5051031,2,colored,1
fruits_nuts_rice,hyperclovax,5051031,2,likely,1
fruits_nuts_rice,hyperclovax,5051031,2,countertop,1
fruits_nuts_rice,hyperclovax,5051031,2,table,1
fruits_nuts_rice,hyperclovax,5051031,2,provide,1
fruits_nuts_rice,hyperclovax,5051031,2,additional,1
fruits_nuts_rice,hyperclovax,5051031,2,context,1
fruits_nuts_rice,hyperclovax,5051031,2,information,1
fruits_nuts_rice,hyperclovax,5051031,2,setting,1
fruits_nuts_rice,hyperclovax,5051031,2,focus,1
fruits_nuts_rice,hyperclovax,5051031,2,solely,1
fruits_nuts_rice,hyperclovax,5051031,2,action,1
fruits_nuts_rice,hyperclovax,5051038,1,main,1
fruits_nuts_rice,hyperclovax,5051038,1,food,1
fruits_nuts_rice,hyperclovax,5051038,1,product,1
fruits_nuts_rice,hyperclovax,5051038,1,rice,3
fruits_nuts_rice,hyperclovax,5051038,1,packaging,1
fruits_nuts_rice,hyperclovax,5051038,1,dark,1
fruits_nuts_rice,hyperclovax,5051038,1,blue,1
fruits_nuts_rice,hyperclovax,5051038,1,bag,4
fruits_nuts_rice,hyperclovax,5051038,1,white,4
fruits_nuts_rice,hyperclovax,5051038,1,circular,1
fruits_nuts_rice,hyperclovax,5051038,1,design,1
fruits_nuts_rice,hyperclovax,5051038,1,illustration,1
fruits_nuts_rice,hyperclovax,5051038,1,shell,1
fruits_nuts_rice,hyperclovax,5051038,1,text,2
fruits_nuts_rice,hyperclovax,5051038,1,백진주_쌀,1
fruits_nuts_rice,hyperclovax,5051038,1,red,2
fruits_nuts_rice,hyperclovax,5051038,1,texture,1
fruits_nuts_rice,hyperclovax,5051038,1,surface,2
fruits_nuts_rice,hyperclovax,5051038,1,beige,1
fruits_nuts_rice,hyperclovax,5051038,1,label,1
fruits_nuts_rice,hyperclovax,5051038,1,bottom,1
fruits_nuts_rice,hyperclovax,5051038,1,additional,1
fruits_nuts_rice,hyperclovax,5051038,1,include,1
fruits_nuts_rice,hyperclovax,5051038,1,brand,1
fruits_nuts_rice,hyperclovax,5051038,1,l_grow,1
fruits_nuts_rice,hyperclovax,5051038,1,weight,1
fruits_nuts_rice,hyperclovax,5051038,1,4kg,1
fruits_nuts_rice,hyperclovax,5051038,1,uncooke,1
fruits_nuts_rice,hyperclovax,5051038,1,plain,1
fruits_nuts_rice,hyperclovax,5051038,1,light,1
fruits_nuts_rice,hyperclovax,5051038,1,gray,1
fruits_nuts_rice,hyperclovax,5051038,1,small,1
fruits_nuts_rice,hyperclovax,5051038,1,bowl,1
fruits_nuts_rice,hyperclovax,5051038,1,right,1
fruits_nuts_rice,hyperclovax,5051038,2,main,1
fruits_nuts_rice,hyperclovax,5051038,2,food,1
fruits_nuts_rice,hyperclovax,5051038,2,product,1
fruits_nuts_rice,hyperclovax,5051038,2,white,3
fruits_nuts_rice,hyperclovax,5051038,2,rice,5
fruits_nuts_rice,hyperclovax,5051038,2,grain,2
fruits_nuts_rice,hyperclovax,5051038,2,small,1
fruits_nuts_rice,hyperclovax,5051038,2,oval,1
fruits_nuts_rice,hyperclovax,5051038,2,shape,1
fruits_nuts_rice,hyperclovax,5051038,2,uniformly,1
fruits_nuts_rice,hyperclovax,5051038,2,color,1
fruits_nuts_rice,hyperclovax,5051038,2,smooth,1
fruits_nuts_rice,hyperclovax,5051038,2,texture,1
fruits_nuts_rice,hyperclovax,5051038,2,neatly,1
fruits_nuts_rice,hyperclovax,5051038,2,arrange,1
fruits_nuts_rice,hyperclovax,5051038,2,bowl,2
fruits_nuts_rice,hyperclovax,5051038,2,spill,1
fruits_nuts_rice,hyperclovax,5051038,2,surface,2
fruits_nuts_rice,hyperclovax,5051038,2,indicate,1
fruits_nuts_rice,hyperclovax,5051038,2,freshly,1
fruits_nuts_rice,hyperclovax,5051038,2,pour,1
fruits_nuts_rice,hyperclovax,5051038,2,plain,1
fruits_nuts_rice,hyperclovax,5051038,2,light,1
fruits_nuts_rice,hyperclovax,5051038,2,colored,1
fruits_nuts_rice,hyperclovax,5051038,2,provide,1
fruits_nuts_rice,hyperclovax,5051038,2,neutral,1
fruits_nuts_rice,hyperclovax,5051038,2,backdrop,1
fruits_nuts_rice,hyperclovax,5051038,2,emphasize,1
fruits_nuts_rice,hyperclovax,5051038,2,focus,1
fruits_nuts_rice,hyperclovax,5051038,2,solely,1
fruits_nuts_rice,hyperclovax,5051038,2,immediate,1
fruits_nuts_rice,hyperclovax,5051038,2,surrounding,1
fruits_nuts_rice,hyperclovax,5052626,1,main,1
fruits_nuts_rice,hyperclovax,5052626,1,food,1
fruits_nuts_rice,hyperclovax,5052626,1,product,2
fruits_nuts_rice,hyperclovax,5052626,1,package,1
fruits_nuts_rice,hyperclovax,5052626,1,snack,1
fruits_nuts_rice,hyperclovax,5052626,1,mix,2
fruits_nuts_rice,hyperclovax,5052626,1,packaging,2
fruits_nuts_rice,hyperclovax,5052626,1,wooden,1
fruits_nuts_rice,hyperclovax,5052626,1,texture,1
fruits_nuts_rice,hyperclovax,5052626,1,box,2
fruits_nuts_rice,hyperclovax,5052626,1,text,2
fruits_nuts_rice,hyperclovax,5052626,1,하루_건강견과_excellent,1
fruits_nuts_rice,hyperclovax,5052626,1,prominently,1
fruits_nuts_rice,hyperclovax,5052626,1,nut,3
fruits_nuts_rice,hyperclovax,5052626,1,seed,3
fruits_nuts_rice,hyperclovax,5052626,1,include,2
fruits_nuts_rice,hyperclovax,5052626,1,almond,2
fruits_nuts_rice,hyperclovax,5052626,1,walnut,2
fruits_nuts_rice,hyperclovax,5052626,1,hazelnut,2
fruits_nuts_rice,hyperclovax,5052626,1,it_s_real_seven,1
fruits_nuts_rice,hyperclovax,5052626,1,front,1
fruits_nuts_rice,hyperclovax,5052626,1,2,1
fruits_nuts_rice,hyperclovax,5052626,1,small,1
fruits_nuts_rice,hyperclovax,5052626,1,resealable,1
fruits_nuts_rice,hyperclovax,5052626,1,pouch,1
fruits_nuts_rice,hyperclovax,5052626,1,branding,1
fruits_nuts_rice,hyperclovax,5052626,1,visible,1
fruits_nuts_rice,hyperclovax,5052626,1,brown,1
fruits_nuts_rice,hyperclovax,5052626,1,white,1
fruits_nuts_rice,hyperclovax,5052626,1,color,1
fruits_nuts_rice,hyperclovax,5052626,1,design,1
fruits_nuts_rice,hyperclovax,5052626,1,visually,1
fruits_nuts_rice,hyperclovax,5052626,1,appeal,1
fruits_nuts_rice,hyperclovax,5052626,1,natural,1
fruits_nuts_rice,hyperclovax,5052626,1,earthy,1
fruits_nuts_rice,hyperclovax,5052626,1,aesthetic,1
fruits_nuts_rice,hyperclovax,5052626,2,main,1
fruits_nuts_rice,hyperclovax,5052626,2,food,1
fruits_nuts_rice,hyperclovax,5052626,2,product,3
fruits_nuts_rice,hyperclovax,5052626,2,package,1
fruits_nuts_rice,hyperclovax,5052626,2,snack,1
fruits_nuts_rice,hyperclovax,5052626,2,specifically,1
fruits_nuts_rice,hyperclovax,5052626,2,type,1
fruits_nuts_rice,hyperclovax,5052626,2,nut,1
fruits_nuts_rice,hyperclovax,5052626,2,yogurt,2
fruits_nuts_rice,hyperclovax,5052626,2,mix,1
fruits_nuts_rice,hyperclovax,5052626,2,packaging,4
fruits_nuts_rice,hyperclovax,5052626,2,predominantly,1
fruits_nuts_rice,hyperclovax,5052626,2,white,2
fruits_nuts_rice,hyperclovax,5052626,2,light,2
fruits_nuts_rice,hyperclovax,5052626,2,gray,2
fruits_nuts_rice,hyperclovax,5052626,2,clear,1
fruits_nuts_rice,hyperclovax,5052626,2,window,1
fruits_nuts_rice,hyperclovax,5052626,2,reveal,1
fruits_nuts_rice,hyperclovax,5052626,2,content,2
fruits_nuts_rice,hyperclovax,5052626,2,inside,1
fruits_nuts_rice,hyperclovax,5052626,2,text,3
fruits_nuts_rice,hyperclovax,5052626,2,read,1
fruits_nuts_rice,hyperclovax,5052626,2,it_s_real_seven,1
fruits_nuts_rice,hyperclovax,5052626,2,large,1
fruits_nuts_rice,hyperclovax,5052626,2,bold,1
fruits_nuts_rice,hyperclovax,5052626,2,letter,1
fruits_nuts_rice,hyperclovax,5052626,2,follow,1
fruits_nuts_rice,hyperclovax,5052626,2,하루_건강견과,1
fruits_nuts_rice,hyperclovax,5052626,2,small,1
fruits_nuts_rice,hyperclovax,5052626,2,20g,1
fruits_nuts_rice,hyperclovax,5052626,2,serve,1
fruits_nuts_rice,hyperclovax,5052626,2,size,1
fruits_nuts_rice,hyperclovax,5052626,2,indicate,1
fruits_nuts_rice,hyperclovax,5052626,2,visible,1
fruits_nuts_rice,hyperclovax,5052626,2,include,1
fruits_nuts_rice,hyperclovax,5052626,2,almond,1
fruits_nuts_rice,hyperclovax,5052626,2,walnut,1
fruits_nuts_rice,hyperclovax,5052626,2,spherical,1
fruits_nuts_rice,hyperclovax,5052626,2,object,1
fruits_nuts_rice,hyperclovax,5052626,2,likely,1
fruits_nuts_rice,hyperclovax,5052626,2,pellet,1
fruits_nuts_rice,hyperclovax,5052626,2,arrange,1
fruits_nuts_rice,hyperclovax,5052626,2,texture,1
fruits_nuts_rice,hyperclovax,5052626,2,surface,1
fruits_nuts_rice,hyperclovax,5052626,2,design,1
fruits_nuts_rice,hyperclovax,5052626,2,clean,1
fruits_nuts_rice,hyperclovax,5052626,2,modern,1
fruits_nuts_rice,hyperclovax,5052626,2,focus,1
fruits_nuts_rice,hyperclovax,5052626,2,natural,1
fruits_nuts_rice,hyperclovax,5052626,2,ingredient,1
fruits_nuts_rice,hyperclovax,5052626,2,health,1
fruits_nuts_rice,hyperclovax,5052626,2,benefit,1
fruits_nuts_rice,hyperclovax,5053663,1,main,1
fruits_nuts_rice,hyperclovax,5053663,1,food,1
fruits_nuts_rice,hyperclovax,5053663,1,product,5
fruits_nuts_rice,hyperclovax,5053663,1,rice,6
fruits_nuts_rice,hyperclovax,5053663,1,packaging,2
fruits_nuts_rice,hyperclovax,5053663,1,predominantly,1
fruits_nuts_rice,hyperclovax,5053663,1,purple,1
fruits_nuts_rice,hyperclovax,5053663,1,white,4
fruits_nuts_rice,hyperclovax,5053663,1,green,3
fruits_nuts_rice,hyperclovax,5053663,1,design,1
fruits_nuts_rice,hyperclovax,5053663,1,large,1
fruits_nuts_rice,hyperclovax,5053663,1,grain,1
fruits_nuts_rice,hyperclovax,5053663,1,spoonful,1
fruits_nuts_rice,hyperclovax,5053663,1,bowl,2
fruits_nuts_rice,hyperclovax,5053663,1,text,1
fruits_nuts_rice,hyperclovax,5053663,1,include,1
fruits_nuts_rice,hyperclovax,5053663,1,brand,1
fruits_nuts_rice,hyperclovax,5053663,1,ok라이스센터,1
fruits_nuts_rice,hyperclovax,5053663,1,letter,1
fruits_nuts_rice,hyperclovax,5053663,1,땅끝_해남_쌀,1
fruits_nuts_rice,hyperclovax,5053663,1,script,1
fruits_nuts_rice,hyperclovax,5053663,1,weight,1
fruits_nuts_rice,hyperclovax,5053663,1,indicate,1
fruits_nuts_rice,hyperclovax,5053663,1,10kg,1
fruits_nuts_rice,hyperclovax,5053663,1,bottom,1
fruits_nuts_rice,hyperclovax,5053663,1,package,1
fruits_nuts_rice,hyperclovax,5053663,1,surface,1
fruits_nuts_rice,hyperclovax,5053663,1,texture,1
fruits_nuts_rice,hyperclovax,5053663,1,smooth,1
fruits_nuts_rice,hyperclovax,5053663,1,typical,1
fruits_nuts_rice,hyperclovax,5053663,1,uncooked,1
fruits_nuts_rice,hyperclovax,5053663,1,overall,1
fruits_nuts_rice,hyperclovax,5053663,1,arrangement,1
fruits_nuts_rice,hyperclovax,5053663,1,prominently,1
fruits_nuts_rice,hyperclovax,5053663,1,small,1
fruits_nuts_rice,hyperclovax,5053663,1,left,1
fruits_nuts_rice,hyperclovax,5053663,1,suggest,1
fruits_nuts_rice,hyperclovax,5053663,1,use,1
fruits_nuts_rice,hyperclovax,5053663,1,cooking,1
fruits_nuts_rice,hyperclovax,5053663,2,main,1
fruits_nuts_rice,hyperclovax,5053663,2,food,1
fruits_nuts_rice,hyperclovax,5053663,2,product,1
fruits_nuts_rice,hyperclovax,5053663,2,white,3
fruits_nuts_rice,hyperclovax,5053663,2,rice,7
fruits_nuts_rice,hyperclovax,5053663,2,bowl,1
fruits_nuts_rice,hyperclovax,5053663,2,uncooked,1
fruits_nuts_rice,hyperclovax,5053663,2,smooth,1
fruits_nuts_rice,hyperclovax,5053663,2,shiny,1
fruits_nuts_rice,hyperclovax,5053663,2,surface,2
fruits_nuts_rice,hyperclovax,5053663,2,indicate,1
fruits_nuts_rice,hyperclovax,5053663,2,likely,1
fruits_nuts_rice,hyperclovax,5053663,2,freshly,1
fruits_nuts_rice,hyperclovax,5053663,2,wash,1
fruits_nuts_rice,hyperclovax,5053663,2,grain,1
fruits_nuts_rice,hyperclovax,5053663,2,small,1
fruits_nuts_rice,hyperclovax,5053663,2,oval,1
fruits_nuts_rice,hyperclovax,5053663,2,shape,1
fruits_nuts_rice,hyperclovax,5053663,2,typical,1
fruits_nuts_rice,hyperclovax,5053663,2,variety,2
fruits_nuts_rice,hyperclovax,5053663,2,wooden,1
fruits_nuts_rice,hyperclovax,5053663,2,scoop,1
fruits_nuts_rice,hyperclovax,5053663,2,partially,1
fruits_nuts_rice,hyperclovax,5053663,2,submerge,1
fruits_nuts_rice,hyperclovax,5053663,2,suggest,1
fruits_nuts_rice,hyperclovax,5053663,2,serve,1
fruits_nuts_rice,hyperclovax,5053663,2,measure,1
fruits_nuts_rice,hyperclovax,5053663,2,plain,1
fruits_nuts_rice,hyperclovax,5053663,2,light,1
fruits_nuts_rice,hyperclovax,5053663,2,colored,1
fruits_nuts_rice,hyperclovax,5053663,2,distract,1
fruits_nuts_rice,hyperclovax,5053663,2,standard,1
fruits_nuts_rice,hyperclovax,5053663,2,commonly,1
fruits_nuts_rice,hyperclovax,5053663,2,cuisine,1
fruits_nuts_rice,hyperclovax,5053663,2,world,1
fruits_nuts_rice,hyperclovax,5056014,1,main,1
fruits_nuts_rice,hyperclovax,5056014,1,food,1
fruits_nuts_rice,hyperclovax,5056014,1,product,1
fruits_nuts_rice,hyperclovax,5056014,1,peach,5
fruits_nuts_rice,hyperclovax,5056014,1,ripe,1
fruits_nuts_rice,hyperclovax,5056014,1,smooth,1
fruits_nuts_rice,hyperclovax,5056014,1,slightly,1
fruits_nuts_rice,hyperclovax,5056014,1,texture,1
fruits_nuts_rice,hyperclovax,5056014,1,surface,1
fruits_nuts_rice,hyperclovax,5056014,1,gradient,1
fruits_nuts_rice,hyperclovax,5056014,1,color,2
fruits_nuts_rice,hyperclovax,5056014,1,range,1
fruits_nuts_rice,hyperclovax,5056014,1,yellow,1
fruits_nuts_rice,hyperclovax,5056014,1,hint,1
fruits_nuts_rice,hyperclovax,5056014,1,red,1
fruits_nuts_rice,hyperclovax,5056014,1,indicate,1
fruits_nuts_rice,hyperclovax,5056014,1,ripeness,1
fruits_nuts_rice,hyperclovax,5056014,1,arrange,1
fruits_nuts_rice,hyperclovax,5056014,1,rustic,1
fruits_nuts_rice,hyperclovax,5056014,1,wooden,1
fruits_nuts_rice,hyperclovax,5056014,1,cutting,1
fruits_nuts_rice,hyperclovax,5056014,1,board,1
fruits_nuts_rice,hyperclovax,5056014,1,cut,1
fruits_nuts_rice,hyperclovax,5056014,1,half,1
fruits_nuts_rice,hyperclovax,5056014,1,reveal,1
fruits_nuts_rice,hyperclovax,5056014,1,juicy,1
fruits_nuts_rice,hyperclovax,5056014,1,orange,1
fruits_nuts_rice,hyperclovax,5056014,1,colored,1
fruits_nuts_rice,hyperclovax,5056014,1,flesh,1
fruits_nuts_rice,hyperclovax,5056014,1,small,1
fruits_nuts_rice,hyperclovax,5056014,1,brownish,1
fruits_nuts_rice,hyperclovax,5056014,1,pit,1
fruits_nuts_rice,hyperclovax,5056014,1,inside,1
fruits_nuts_rice,hyperclovax,5056014,1,fresh,1
fruits_nuts_rice,hyperclovax,5056014,1,whole,1
fruits_nuts_rice,hyperclovax,5056014,1,green,1
fruits_nuts_rice,hyperclovax,5056014,1,leaf,1
fruits_nuts_rice,hyperclovax,5056014,1,scatter,1
fruits_nuts_rice,hyperclovax,5056014,1,add,1
fruits_nuts_rice,hyperclovax,5056014,1,touch,1
fruits_nuts_rice,hyperclovax,5056014,1,natural,2
fruits_nuts_rice,hyperclovax,5056014,1,contrast,1
fruits_nuts_rice,hyperclovax,5056014,1,composition,1
fruits_nuts_rice,hyperclovax,5056014,1,focus,1
fruits_nuts_rice,hyperclovax,5056014,1,solely,1
fruits_nuts_rice,hyperclovax,5056014,1,presentation,1
fruits_nuts_rice,hyperclovax,5056014,1,highlight,1
fruits_nuts_rice,hyperclovax,5056014,1,beauty,1
fruits_nuts_rice,hyperclovax,5056014,1,freshness,1
fruits_nuts_rice,hyperclovax,5056014,1,additional,1
fruits_nuts_rice,hyperclovax,5056014,1,context,1
fruits_nuts_rice,hyperclovax,5056014,1,embellishment,1
fruits_nuts_rice,hyperclovax,5056014,2,main,1
fruits_nuts_rice,hyperclovax,5056014,2,food,1
fruits_nuts_rice,hyperclovax,5056014,2,product,1
fruits_nuts_rice,hyperclovax,5056014,2,peach,5
fruits_nuts_rice,hyperclovax,5056014,2,ripe,1
fruits_nuts_rice,hyperclovax,5056014,2,smooth,1
fruits_nuts_rice,hyperclovax,5056014,2,slightly,1
fruits_nuts_rice,hyperclovax,5056014,2,texture,1
fruits_nuts_rice,hyperclovax,5056014,2,surface,2
fruits_nuts_rice,hyperclovax,5056014,2,gradient,1
fruits_nuts_rice,hyperclovax,5056014,2,color,2
fruits_nuts_rice,hyperclovax,5056014,2,range,1
fruits_nuts_rice,hyperclovax,5056014,2,yellow,2
fruits_nuts_rice,hyperclovax,5056014,2,red,1
fruits_nuts_rice,hyperclovax,5056014,2,indicate,1
fruits_nuts_rice,hyperclovax,5056014,2,ripeness,1
fruits_nuts_rice,hyperclovax,5056014,2,arrange,1
fruits_nuts_rice,hyperclovax,5056014,2,rustic,1
fruits_nuts_rice,hyperclovax,5056014,2,wooden,1
fruits_nuts_rice,hyperclovax,5056014,2,cutting,1
fruits_nuts_rice,hyperclovax,5056014,2,board,1
fruits_nuts_rice,hyperclovax,5056014,2,cut,1
fruits_nuts_rice,hyperclovax,5056014,2,half,1
fruits_nuts_rice,hyperclovax,5056014,2,reveal,1
fruits_nuts_rice,hyperclovax,5056014,2,juicy,1
fruits_nuts_rice,hyperclovax,5056014,2,flesh,1
fruits_nuts_rice,hyperclovax,5056014,2,small,1
fruits_nuts_rice,hyperclovax,5056014,2,pit,1
fruits_nuts_rice,hyperclovax,5056014,2,center,1
fruits_nuts_rice,hyperclovax,5056014,2,neutral,1
fruits_nuts_rice,hyperclovax,5056014,2,light,1
fruits_nuts_rice,hyperclovax,5056014,2,colored,1
fruits_nuts_rice,hyperclovax,5056014,2,contrast,1
fruits_nuts_rice,hyperclovax,5056014,2,vibrant,1
fruits_nuts_rice,hyperclovax,5056014,2,highlight,1
fruits_nuts_rice,hyperclovax,5056014,2,freshness,1
fruits_nuts_rice,hyperclovax,5056014,2,appeal,1
fruits_nuts_rice,hyperclovax,5056014,2,appearance,1
fruits_nuts_rice,hyperclovax,5061259,1,main,1
fruits_nuts_rice,hyperclovax,5061259,1,food,1
fruits_nuts_rice,hyperclovax,5061259,1,fresh,2
fruits_nuts_rice,hyperclovax,5061259,1,apple,4
fruits_nuts_rice,hyperclovax,5061259,1,red,1
fruits_nuts_rice,hyperclovax,5061259,1,yellowish,1
fruits_nuts_rice,hyperclovax,5061259,1,hue,1
fruits_nuts_rice,hyperclovax,5061259,1,indicate,1
fruits_nuts_rice,hyperclovax,5061259,1,ripeness,1
fruits_nuts_rice,hyperclovax,5061259,1,smooth,1
fruits_nuts_rice,hyperclovax,5061259,1,shiny,1
fruits_nuts_rice,hyperclovax,5061259,1,surface,1
fruits_nuts_rice,hyperclovax,5061259,1,visible,2
fruits_nuts_rice,hyperclovax,5061259,1,moisture,1
fruits_nuts_rice,hyperclovax,5061259,1,droplet,1
fruits_nuts_rice,hyperclovax,5061259,1,suggest,1
fruits_nuts_rice,hyperclovax,5061259,1,possibly,1
fruits_nuts_rice,hyperclovax,5061259,1,recently,1
fruits_nuts_rice,hyperclovax,5061259,1,wash,1
fruits_nuts_rice,hyperclovax,5061259,1,arrange,1
fruits_nuts_rice,hyperclovax,5061259,1,metal,1
fruits_nuts_rice,hyperclovax,5061259,1,basket,1
fruits_nuts_rice,hyperclovax,5061259,1,line,1
fruits_nuts_rice,hyperclovax,5061259,1,blue,1
fruits_nuts_rice,hyperclovax,5061259,1,cloth,1
fruits_nuts_rice,hyperclovax,5061259,1,partially,1
fruits_nuts_rice,hyperclovax,5061259,1,add,1
fruits_nuts_rice,hyperclovax,5061259,1,rustic,1
fruits_nuts_rice,hyperclovax,5061259,1,touch,1
fruits_nuts_rice,hyperclovax,5061259,1,presentation,1
fruits_nuts_rice,hyperclovax,5061259,1,package,1
fruits_nuts_rice,hyperclovax,5061259,1,present,1
fruits_nuts_rice,hyperclovax,5061259,1,natural,2
fruits_nuts_rice,hyperclovax,5061259,1,unprocessed,1
fruits_nuts_rice,hyperclovax,5061259,1,state,1
fruits_nuts_rice,hyperclovax,5061259,1,emphasize,1
fruits_nuts_rice,hyperclovax,5061259,1,freshness,1
fruits_nuts_rice,hyperclovax,5061259,1,appearance,1
fruits_nuts_rice,hyperclovax,5061259,2,main,1
fruits_nuts_rice,hyperclovax,5061259,2,food,1
fruits_nuts_rice,hyperclovax,5061259,2,product,1
fruits_nuts_rice,hyperclovax,5061259,2,apple,7
fruits_nuts_rice,hyperclovax,5061259,2,red,1
fruits_nuts_rice,hyperclovax,5061259,2,slight,1
fruits_nuts_rice,hyperclovax,5061259,2,blush,1
fruits_nuts_rice,hyperclovax,5061259,2,yellow,1
fruits_nuts_rice,hyperclovax,5061259,2,skin,1
fruits_nuts_rice,hyperclovax,5061259,2,indicate,1
fruits_nuts_rice,hyperclovax,5061259,2,ripeness,1
fruits_nuts_rice,hyperclovax,5061259,2,smooth,1
fruits_nuts_rice,hyperclovax,5061259,2,shiny,1
fruits_nuts_rice,hyperclovax,5061259,2,surface,2
fruits_nuts_rice,hyperclovax,5061259,2,small,1
fruits_nuts_rice,hyperclovax,5061259,2,white,1
fruits_nuts_rice,hyperclovax,5061259,2,spot,1
fruits_nuts_rice,hyperclovax,5061259,2,typical,1
fruits_nuts_rice,hyperclovax,5061259,2,fresh,1
fruits_nuts_rice,hyperclovax,5061259,2,blue,1
fruits_nuts_rice,hyperclovax,5061259,2,cloth,2
fruits_nuts_rice,hyperclovax,5061259,2,basket,2
fruits_nuts_rice,hyperclovax,5061259,2,partially,2
fruits_nuts_rice,hyperclovax,5061259,2,visible,1
fruits_nuts_rice,hyperclovax,5061259,2,add,1
fruits_nuts_rice,hyperclovax,5061259,2,rustic,1
fruits_nuts_rice,hyperclovax,5061259,2,touch,1
fruits_nuts_rice,hyperclovax,5061259,2,presentation,1
fruits_nuts_rice,hyperclovax,5061259,2,arrange,1
fruits_nuts_rice,hyperclovax,5061259,2,way,1
fruits_nuts_rice,hyperclovax,5061259,2,highlight,1
fruits_nuts_rice,hyperclovax,5061259,2,freshness,1
fruits_nuts_rice,hyperclovax,5061259,2,appeal,1
fruits_nuts_rice,hyperclovax,5061259,2,appearance,1
fruits_nuts_rice,hyperclovax,5061259,2,obscure,1
fruits_nuts_rice,hyperclovax,5061259,2,directly,1
fruits_nuts_rice,hyperclovax,5061259,2,blur,1
fruits_nuts_rice,hyperclovax,5061259,2,focus,1
fruits_nuts_rice,hyperclovax,5061259,2,surround,1
fruits_nuts_rice,hyperclovax,5061259,2,item,1
fruits_nuts_rice,hyperclovax,5061259,2,include,1
fruits_nuts_rice,hyperclovax,5061259,2,wooden,1
fruits_nuts_rice,hyperclovax,5061259,2,brush,1
fruits_nuts_rice,hyperclovax,5061259,2,dry,1
fruits_nuts_rice,hyperclovax,5061259,2,star,1
fruits_nuts_rice,hyperclovax,5061259,2,anise,1
fruits_nuts_rice,hyperclovax,5061259,2,overall,1
fruits_nuts_rice,hyperclovax,5061259,2,setting,1
fruits_nuts_rice,hyperclovax,5061259,2,suggest,1
fruits_nuts_rice,hyperclovax,5061259,2,natural,1
fruits_nuts_rice,hyperclovax,5061259,2,homey,1
fruits_nuts_rice,hyperclovax,5061259,2,environment,1
fruits_nuts_rice,hyperclovax,5061259,2,possibly,1
fruits_nuts_rice,hyperclovax,5061259,2,kitchen,1
fruits_nuts_rice,hyperclovax,5061259,2,market,1
fruits_nuts_rice,hyperclovax,5061259,2,stall,1
fruits_nuts_rice,hyperclovax,5063578,1,main,1
fruits_nuts_rice,hyperclovax,5063578,1,food,1
fruits_nuts_rice,hyperclovax,5063578,1,product,1
fruits_nuts_rice,hyperclovax,5063578,1,cherry,2
fruits_nuts_rice,hyperclovax,5063578,1,tomato,5
fruits_nuts_rice,hyperclovax,5063578,1,small,1
fruits_nuts_rice,hyperclovax,5063578,1,round,1
fruits_nuts_rice,hyperclovax,5063578,1,red,2
fruits_nuts_rice,hyperclovax,5063578,1,smooth,1
fruits_nuts_rice,hyperclovax,5063578,1,surface,2
fruits_nuts_rice,hyperclovax,5063578,1,texture,1
fruits_nuts_rice,hyperclovax,5063578,1,arrange,1
fruits_nuts_rice,hyperclovax,5063578,1,bowl,1
fruits_nuts_rice,hyperclovax,5063578,1,cut,1
fruits_nuts_rice,hyperclovax,5063578,1,half,1
fruits_nuts_rice,hyperclovax,5063578,1,reveal,1
fruits_nuts_rice,hyperclovax,5063578,1,juicy,1
fruits_nuts_rice,hyperclovax,5063578,1,fleshy,1
fruits_nuts_rice,hyperclovax,5063578,1,interior,1
fruits_nuts_rice,hyperclovax,5063578,1,plain,1
fruits_nuts_rice,hyperclovax,5063578,1,light,1
fruits_nuts_rice,hyperclovax,5063578,1,color,2
fruits_nuts_rice,hyperclovax,5063578,1,wooden,1
fruits_nuts_rice,hyperclovax,5063578,1,contrast,1
fruits_nuts_rice,hyperclovax,5063578,1,vibrant,1
fruits_nuts_rice,hyperclovax,5063578,1,focal,1
fruits_nuts_rice,hyperclovax,5063578,1,point,1
fruits_nuts_rice,hyperclovax,5063578,1,focus,1
fruits_nuts_rice,hyperclovax,5063578,1,solely,1
fruits_nuts_rice,hyperclovax,5063578,1,fresh,1
fruits_nuts_rice,hyperclovax,5063578,1,whole,1
fruits_nuts_rice,hyperclovax,5063578,1,additional,1
fruits_nuts_rice,hyperclovax,5063578,1,context,1
fruits_nuts_rice,hyperclovax,5063578,1,item,1
fruits_nuts_rice,hyperclovax,5063578,2,main,1
fruits_nuts_rice,hyperclovax,5063578,2,food,1
fruits_nuts_rice,hyperclovax,5063578,2,product,1
fruits_nuts_rice,hyperclovax,5063578,2,cherry,1
fruits_nuts_rice,hyperclovax,5063578,2,tomato,7
fruits_nuts_rice,hyperclovax,5063578,2,small,1
fruits_nuts_rice,hyperclovax,5063578,2,round,1
fruits_nuts_rice,hyperclovax,5063578,2,red,2
fruits_nuts_rice,hyperclovax,5063578,2,color,3
fruits_nuts_rice,hyperclovax,5063578,2,smooth,1
fruits_nuts_rice,hyperclovax,5063578,2,glossy,1
fruits_nuts_rice,hyperclovax,5063578,2,surface,3
fruits_nuts_rice,hyperclovax,5063578,2,whole,2
fruits_nuts_rice,hyperclovax,5063578,2,halve,1
fruits_nuts_rice,hyperclovax,5063578,2,reveal,1
fruits_nuts_rice,hyperclovax,5063578,2,juicy,1
fruits_nuts_rice,hyperclovax,5063578,2,seed,1
fruits_nuts_rice,hyperclovax,5063578,2,fill,1
fruits_nuts_rice,hyperclovax,5063578,2,interior,1
fruits_nuts_rice,hyperclovax,5063578,2,arrange,1
fruits_nuts_rice,hyperclovax,5063578,2,bowl,2
fruits_nuts_rice,hyperclovax,5063578,2,white,1
fruits_nuts_rice,hyperclovax,5063578,2,wooden,2
fruits_nuts_rice,hyperclovax,5063578,2,left,1
fruits_nuts_rice,hyperclovax,5063578,2,plain,1
fruits_nuts_rice,hyperclovax,5063578,2,light,1
fruits_nuts_rice,hyperclovax,5063578,2,provide,1
fruits_nuts_rice,hyperclovax,5063578,2,neutral,1
fruits_nuts_rice,hyperclovax,5063578,2,backdrop,1
fruits_nuts_rice,hyperclovax,5063578,2,emphasize,1
fruits_nuts_rice,hyperclovax,5063578,2,vibrant,1
fruits_nuts_rice,hyperclovax,5063578,2,focus,1
fruits_nuts_rice,hyperclovax,5063578,2,solely,1
fruits_nuts_rice,hyperclovax,5063578,2,highlight,1
fruits_nuts_rice,hyperclovax,5063578,2,fresh,1
fruits_nuts_rice,hyperclovax,5063578,2,appetizing,1
fruits_nuts_rice,hyperclovax,5063578,2,appearance,1
fruits_nuts_rice,hyperclovax,5063690,1,main,1
fruits_nuts_rice,hyperclovax,5063690,1,food,1
fruits_nuts_rice,hyperclovax,5063690,1,product,2
fruits_nuts_rice,hyperclovax,5063690,1,tomato,5
fruits_nuts_rice,hyperclovax,5063690,1,round,1
fruits_nuts_rice,hyperclovax,5063690,1,smooth,1
fruits_nuts_rice,hyperclovax,5063690,1,slightly,1
fruits_nuts_rice,hyperclovax,5063690,1,shiny,1
fruits_nuts_rice,hyperclovax,5063690,1,surface,2
fruits_nuts_rice,hyperclovax,5063690,1,exhibit,1
fruits_nuts_rice,hyperclovax,5063690,1,bright,1
fruits_nuts_rice,hyperclovax,5063690,1,red,1
fruits_nuts_rice,hyperclovax,5063690,1,color,3
fruits_nuts_rice,hyperclovax,5063690,1,suggest,1
fruits_nuts_rice,hyperclovax,5063690,1,ripeness,1
fruits_nuts_rice,hyperclovax,5063690,1,arrange,1
fruits_nuts_rice,hyperclovax,5063690,1,semi,1
fruits_nuts_rice,hyperclovax,5063690,1,circle,1
fruits_nuts_rice,hyperclovax,5063690,1,woven,1
fruits_nuts_rice,hyperclovax,5063690,1,basket,1
fruits_nuts_rice,hyperclovax,5063690,1,partially,1
fruits_nuts_rice,hyperclovax,5063690,1,cover,1
fruits_nuts_rice,hyperclovax,5063690,1,white,1
fruits_nuts_rice,hyperclovax,5063690,1,cloth,1
fruits_nuts_rice,hyperclovax,5063690,1,presentation,1
fruits_nuts_rice,hyperclovax,5063690,1,fresh,2
fruits_nuts_rice,hyperclovax,5063690,1,natural,1
fruits_nuts_rice,hyperclovax,5063690,1,look,1
fruits_nuts_rice,hyperclovax,5063690,1,plain,1
fruits_nuts_rice,hyperclovax,5063690,1,light,1
fruits_nuts_rice,hyperclovax,5063690,1,wooden,1
fruits_nuts_rice,hyperclovax,5063690,1,complement,1
fruits_nuts_rice,hyperclovax,5063690,1,vibrant,1
fruits_nuts_rice,hyperclovax,5063690,1,whole,1
fruits_nuts_rice,hyperclovax,5063690,1,green,1
fruits_nuts_rice,hyperclovax,5063690,1,stem,1
fruits_nuts_rice,hyperclovax,5063690,1,attach,1
fruits_nuts_rice,hyperclovax,5063690,1,indicate,1
fruits_nuts_rice,hyperclovax,5063690,1,recently,1
fruits_nuts_rice,hyperclovax,5063690,1,harvest,1
fruits_nuts_rice,hyperclovax,5063690,1,focus,1
fruits_nuts_rice,hyperclovax,5063690,1,solely,1
fruits_nuts_rice,hyperclovax,5063690,1,immediate,1
fruits_nuts_rice,hyperclovax,5063690,1,surrounding,1
fruits_nuts_rice,hyperclovax,5063690,1,provide,1
fruits_nuts_rice,hyperclovax,5063690,1,clear,1
fruits_nuts_rice,hyperclovax,5063690,1,detailed,1
fruits_nuts_rice,hyperclovax,5063690,1,view,1
fruits_nuts_rice,hyperclovax,5063690,1,additional,1
fruits_nuts_rice,hyperclovax,5063690,1,context,1
fruits_nuts_rice,hyperclovax,5063690,1,embellishment,1
fruits_nuts_rice,hyperclovax,5063690,2,main,1
fruits_nuts_rice,hyperclovax,5063690,2,food,1
fruits_nuts_rice,hyperclovax,5063690,2,product,1
fruits_nuts_rice,hyperclovax,5063690,2,tomato,3
fruits_nuts_rice,hyperclovax,5063690,2,bright,1
fruits_nuts_rice,hyperclovax,5063690,2,red,1
fruits_nuts_rice,hyperclovax,5063690,2,smooth,1
fruits_nuts_rice,hyperclovax,5063690,2,slightly,1
fruits_nuts_rice,hyperclovax,5063690,2,shiny,1
fruits_nuts_rice,hyperclovax,5063690,2,surface,1
fruits_nuts_rice,hyperclovax,5063690,2,indicate,1
fruits_nuts_rice,hyperclovax,5063690,2,freshness,1
fruits_nuts_rice,hyperclovax,5063690,2,center,1
fruits_nuts_rice,hyperclovax,5063690,2,cut,1
fruits_nuts_rice,hyperclovax,5063690,2,half,1
fruits_nuts_rice,hyperclovax,5063690,2,reveal,1
fruits_nuts_rice,hyperclovax,5063690,2,juicy,1
fruits_nuts_rice,hyperclovax,5063690,2,interior,1
fruits_nuts_rice,hyperclovax,5063690,2,seed,1
fruits_nuts_rice,hyperclovax,5063690,2,central,1
fruits_nuts_rice,hyperclovax,5063690,2,core,1
fruits_nuts_rice,hyperclovax,5063690,2,arrange,1
fruits_nuts_rice,hyperclovax,5063690,2,basket,1
fruits_nuts_rice,hyperclovax,5063690,2,white,1
fruits_nuts_rice,hyperclovax,5063690,2,cloth,1
fruits_nuts_rice,hyperclovax,5063690,2,underneath,1
fruits_nuts_rice,hyperclovax,5063690,2,suggest,1
fruits_nuts_rice,hyperclovax,5063690,2,fresh,1
fruits_nuts_rice,hyperclovax,5063690,2,produce,1
fruits_nuts_rice,hyperclovax,5068728,1,main,1
fruits_nuts_rice,hyperclovax,5068728,1,food,1
fruits_nuts_rice,hyperclovax,5068728,1,product,1
fruits_nuts_rice,hyperclovax,5068728,1,group,1
fruits_nuts_rice,hyperclovax,5068728,1,orange,7
fruits_nuts_rice,hyperclovax,5068728,1,small,1
fruits_nuts_rice,hyperclovax,5068728,1,medium,1
fruits_nuts_rice,hyperclovax,5068728,1,sized,1
fruits_nuts_rice,hyperclovax,5068728,1,bright,1
fruits_nuts_rice,hyperclovax,5068728,1,color,1
fruits_nuts_rice,hyperclovax,5068728,1,slightly,1
fruits_nuts_rice,hyperclovax,5068728,1,texture,1
fruits_nuts_rice,hyperclovax,5068728,1,surface,1
fruits_nuts_rice,hyperclovax,5068728,1,arrange,1
fruits_nuts_rice,hyperclovax,5068728,1,white,1
fruits_nuts_rice,hyperclovax,5068728,1,cloth,1
fruits_nuts_rice,hyperclovax,5068728,1,crumple,1
fruits_nuts_rice,hyperclovax,5068728,1,partially,1
fruits_nuts_rice,hyperclovax,5068728,1,cover,1
fruits_nuts_rice,hyperclovax,5068728,1,create,1
fruits_nuts_rice,hyperclovax,5068728,1,soft,1
fruits_nuts_rice,hyperclovax,5068728,1,backdrop,1
fruits_nuts_rice,hyperclovax,5068728,1,fresh,1
fruits_nuts_rice,hyperclovax,5068728,1,appearance,1
fruits_nuts_rice,hyperclovax,5068728,1,slight,1
fruits_nuts_rice,hyperclovax,5068728,1,sheen,1
fruits_nuts_rice,hyperclovax,5068728,1,indicate,1
fruits_nuts_rice,hyperclovax,5068728,1,ripe,1
fruits_nuts_rice,hyperclovax,5068728,1,possibly,1
fruits_nuts_rice,hyperclovax,5068728,1,juicy,2
fruits_nuts_rice,hyperclovax,5068728,1,cut,1
fruits_nuts_rice,hyperclovax,5068728,1,half,1
fruits_nuts_rice,hyperclovax,5068728,1,reveal,1
fruits_nuts_rice,hyperclovax,5068728,1,interior,1
fruits_nuts_rice,hyperclovax,5068728,1,visible,1
fruits_nuts_rice,hyperclovax,5068728,1,segment,1
fruits_nuts_rice,hyperclovax,5068728,1,central,1
fruits_nuts_rice,hyperclovax,5068728,1,core,1
fruits_nuts_rice,hyperclovax,5068728,1,overall,1
fruits_nuts_rice,hyperclovax,5068728,1,presentation,1
fruits_nuts_rice,hyperclovax,5068728,1,simple,1
fruits_nuts_rice,hyperclovax,5068728,1,clean,1
fruits_nuts_rice,hyperclovax,5068728,1,emphasize,1
fruits_nuts_rice,hyperclovax,5068728,1,natural,1
fruits_nuts_rice,hyperclovax,5068728,1,beauty,1
fruits_nuts_rice,hyperclovax,5068728,1,freshness,1
fruits_nuts_rice,hyperclovax,5068728,2,main,1
fruits_nuts_rice,hyperclovax,5068728,2,food,1
fruits_nuts_rice,hyperclovax,5068728,2,product,1
fruits_nuts_rice,hyperclovax,5068728,2,blood,5
fruits_nuts_rice,hyperclovax,5068728,2,orange,10
fruits_nuts_rice,hyperclovax,5068728,2,characterize,1
fruits_nuts_rice,hyperclovax,5068728,2,deep,1
fruits_nuts_rice,hyperclovax,5068728,2,color,5
fruits_nuts_rice,hyperclovax,5068728,2,segment,2
fruits_nuts_rice,hyperclovax,5068728,2,interior,1
fruits_nuts_rice,hyperclovax,5068728,2,visible,1
fruits_nuts_rice,hyperclovax,5068728,2,halved,2
fruits_nuts_rice,hyperclovax,5068728,2,fruit,2
fruits_nuts_rice,hyperclovax,5068728,2,outer,1
fruits_nuts_rice,hyperclovax,5068728,2,skin,1
fruits_nuts_rice,hyperclovax,5068728,2,bright,1
fruits_nuts_rice,hyperclovax,5068728,2,slightly,1
fruits_nuts_rice,hyperclovax,5068728,2,bumpy,1
fruits_nuts_rice,hyperclovax,5068728,2,texture,1
fruits_nuts_rice,hyperclovax,5068728,2,arrange,1
fruits_nuts_rice,hyperclovax,5068728,2,white,2
fruits_nuts_rice,hyperclovax,5068728,2,cloth,1
fruits_nuts_rice,hyperclovax,5068728,2,contrast,1
fruits_nuts_rice,hyperclovax,5068728,2,vibrant,2
fruits_nuts_rice,hyperclovax,5068728,2,juicy,1
fruits_nuts_rice,hyperclovax,5068728,2,inside,1
fruits_nuts_rice,hyperclovax,5068728,2,light,2
fruits_nuts_rice,hyperclovax,5068728,2,center,1
fruits_nuts_rice,hyperclovax,5068728,2,plain,1
fruits_nuts_rice,hyperclovax,5068728,2,colored,1
fruits_nuts_rice,hyperclovax,5068728,2,surface,1
fruits_nuts_rice,hyperclovax,5068728,2,distract,1
fruits_nuts_rice,hyperclovax,5068728,2,citrus,1
fruits_nuts_rice,hyperclovax,5068728,2,know,1
fruits_nuts_rice,hyperclovax,5068728,2,rich,1
fruits_nuts_rice,hyperclovax,5068728,2,flavor,1
fruits_nuts_rice,hyperclovax,5068728,2,culinary,1
fruits_nuts_rice,hyperclovax,5068728,2,dish,1
fruits_nuts_rice,hyperclovax,5068728,2,beverage,1
fruits_nuts_rice,hyperclovax,5070409,1,main,1
fruits_nuts_rice,hyperclovax,5070409,1,food,1
fruits_nuts_rice,hyperclovax,5070409,1,product,3
fruits_nuts_rice,hyperclovax,5070409,1,rice,4
fruits_nuts_rice,hyperclovax,5070409,1,packaging,2
fruits_nuts_rice,hyperclovax,5070409,1,purple,1
fruits_nuts_rice,hyperclovax,5070409,1,white,2
fruits_nuts_rice,hyperclovax,5070409,1,design,1
fruits_nuts_rice,hyperclovax,5070409,1,prominent,1
fruits_nuts_rice,hyperclovax,5070409,1,circular,1
fruits_nuts_rice,hyperclovax,5070409,1,cutout,1
fruits_nuts_rice,hyperclovax,5070409,1,reveal,1
fruits_nuts_rice,hyperclovax,5070409,1,inside,1
fruits_nuts_rice,hyperclovax,5070409,1,text,2
fruits_nuts_rice,hyperclovax,5070409,1,package,2
fruits_nuts_rice,hyperclovax,5070409,1,read,1
fruits_nuts_rice,hyperclovax,5070409,1,달보드레쌀,1
fruits_nuts_rice,hyperclovax,5070409,1,4kg,1
fruits_nuts_rice,hyperclovax,5070409,1,additional,1
fruits_nuts_rice,hyperclovax,5070409,1,korean,1
fruits_nuts_rice,hyperclovax,5070409,1,indicate,1
fruits_nuts_rice,hyperclovax,5070409,1,characteristic,1
fruits_nuts_rice,hyperclovax,5070409,1,small,1
fruits_nuts_rice,hyperclovax,5070409,1,bowl,1
fruits_nuts_rice,hyperclovax,5070409,1,right,1
fruits_nuts_rice,hyperclovax,5070409,1,highlight,1
fruits_nuts_rice,hyperclovax,5070409,1,color,1
fruits_nuts_rice,hyperclovax,5070409,1,granular,1
fruits_nuts_rice,hyperclovax,5070409,1,texture,1
fruits_nuts_rice,hyperclovax,5070409,1,bag,1
fruits_nuts_rice,hyperclovax,5070409,1,clear,1
fruits_nuts_rice,hyperclovax,5070409,1,window,1
fruits_nuts_rice,hyperclovax,5070409,1,plain,1
fruits_nuts_rice,hyperclovax,5070409,1,light,1
fruits_nuts_rice,hyperclovax,5070409,1,gray,1
fruits_nuts_rice,hyperclovax,5070409,1,surface,1
fruits_nuts_rice,hyperclovax,5070409,1,focus,1
fruits_nuts_rice,hyperclovax,5070409,2,main,1
fruits_nuts_rice,hyperclovax,5070409,2,food,1
fruits_nuts_rice,hyperclovax,5070409,2,product,1
fruits_nuts_rice,hyperclovax,5070409,2,uncooked,1
fruits_nuts_rice,hyperclovax,5070409,2,white,2
fruits_nuts_rice,hyperclovax,5070409,2,rice,4
fruits_nuts_rice,hyperclovax,5070409,2,bowl,4
fruits_nuts_rice,hyperclovax,5070409,2,smooth,1
fruits_nuts_rice,hyperclovax,5070409,2,glossy,1
fruits_nuts_rice,hyperclovax,5070409,2,surface,2
fruits_nuts_rice,hyperclovax,5070409,2,texture,2
fruits_nuts_rice,hyperclovax,5070409,2,uniformly,1
fruits_nuts_rice,hyperclovax,5070409,2,color,2
fruits_nuts_rice,hyperclovax,5070409,2,simple,1
fruits_nuts_rice,hyperclovax,5070409,2,rounded,1
fruits_nuts_rice,hyperclovax,5070409,2,ceramic,1
fruits_nuts_rice,hyperclovax,5070409,2,container,1
fruits_nuts_rice,hyperclovax,5070409,2,light,2
fruits_nuts_rice,hyperclovax,5070409,2,beige,1
fruits_nuts_rice,hyperclovax,5070409,2,subtle,1
fruits_nuts_rice,hyperclovax,5070409,2,side,1
fruits_nuts_rice,hyperclovax,5070409,2,plain,1
fruits_nuts_rice,hyperclovax,5070409,2,colored,1
fruits_nuts_rice,hyperclovax,5070409,2,provide,1
fruits_nuts_rice,hyperclovax,5070409,2,neutral,1
fruits_nuts_rice,hyperclovax,5070409,2,backdrop,1
fruits_nuts_rice,hyperclovax,5070409,2,emphasize,1
fruits_nuts_rice,hyperclovax,5070409,2,focus,1
fruits_nuts_rice,hyperclovax,5070409,2,solely,1
fruits_nuts_rice,hyperclovax,5070409,2,additional,1
fruits_nuts_rice,hyperclovax,5070409,2,context,1
fruits_nuts_rice,hyperclovax,5070409,2,item,1
fruits_nuts_rice,hyperclovax,5094562,1,main,1
fruits_nuts_rice,hyperclovax,5094562,1,food,1
fruits_nuts_rice,hyperclovax,5094562,1,product,2
fruits_nuts_rice,hyperclovax,5094562,1,box,4
fruits_nuts_rice,hyperclovax,5094562,1,dates,2
fruits_nuts_rice,hyperclovax,5094562,1,arrange,2
fruits_nuts_rice,hyperclovax,5094562,1,grid,2
fruits_nuts_rice,hyperclovax,5094562,1,pattern,1
fruits_nuts_rice,hyperclovax,5094562,1,individually,1
fruits_nuts_rice,hyperclovax,5094562,1,dark,1
fruits_nuts_rice,hyperclovax,5094562,1,date,3
fruits_nuts_rice,hyperclovax,5094562,1,shell,1
fruits_nuts_rice,hyperclovax,5094562,1,packaging,1
fruits_nuts_rice,hyperclovax,5094562,1,rectangular,1
fruits_nuts_rice,hyperclovax,5094562,1,warm,1
fruits_nuts_rice,hyperclovax,5094562,1,orange,1
fruits_nuts_rice,hyperclovax,5094562,1,hue,1
fruits_nuts_rice,hyperclovax,5094562,1,brand,2
fruits_nuts_rice,hyperclovax,5094562,1,타무르,1
fruits_nuts_rice,hyperclovax,5094562,1,prominently,1
fruits_nuts_rice,hyperclovax,5094562,1,center,1
fruits_nuts_rice,hyperclovax,5094562,1,open,1
fruits_nuts_rice,hyperclovax,5094562,1,reveal,1
fruits_nuts_rice,hyperclovax,5094562,1,inside,1
fruits_nuts_rice,hyperclovax,5094562,1,lid,2
fruits_nuts_rice,hyperclovax,5094562,1,slightly,1
fruits_nuts_rice,hyperclovax,5094562,1,ajar,1
fruits_nuts_rice,hyperclovax,5094562,1,showcase,1
fruits_nuts_rice,hyperclovax,5094562,1,neatly,1
fruits_nuts_rice,hyperclovax,5094562,1,7x2,1
fruits_nuts_rice,hyperclovax,5094562,1,text,1
fruits_nuts_rice,hyperclovax,5094562,1,read,1
fruits_nuts_rice,hyperclovax,5094562,1,tamur,1
fruits_nuts_rice,hyperclovax,5094562,1,piece,1
fruits_nuts_rice,hyperclovax,5094562,1,luxurious,1
fruits_nuts_rice,hyperclovax,5094562,1,experience,1
fruits_nuts_rice,hyperclovax,5094562,1,indicate,1
fruits_nuts_rice,hyperclovax,5094562,1,promise,1
fruits_nuts_rice,hyperclovax,5094562,1,quality,1
fruits_nuts_rice,hyperclovax,5094562,1,luxury,1
fruits_nuts_rice,hyperclovax,5094562,1,overall,1
fruits_nuts_rice,hyperclovax,5094562,1,presentation,1
fruits_nuts_rice,hyperclovax,5094562,1,elegant,1
fruits_nuts_rice,hyperclovax,5094562,1,sophisticated,1
fruits_nuts_rice,hyperclovax,5094562,1,emphasize,1
fruits_nuts_rice,hyperclovax,5094562,1,premium,1
fruits_nuts_rice,hyperclovax,5094562,1,nature,1
fruits_nuts_rice,hyperclovax,5094562,2,main,1
fruits_nuts_rice,hyperclovax,5094562,2,food,1
fruits_nuts_rice,hyperclovax,5094562,2,product,2
fruits_nuts_rice,hyperclovax,5094562,2,box,3
fruits_nuts_rice,hyperclovax,5094562,2,date,4
fruits_nuts_rice,hyperclovax,5094562,2,rectangular,1
fruits_nuts_rice,hyperclovax,5094562,2,warm,1
fruits_nuts_rice,hyperclovax,5094562,2,orange,1
fruits_nuts_rice,hyperclovax,5094562,2,hue,1
fruits_nuts_rice,hyperclovax,5094562,2,text,1
fruits_nuts_rice,hyperclovax,5094562,2,lid,1
fruits_nuts_rice,hyperclovax,5094562,2,read,1
fruits_nuts_rice,hyperclovax,5094562,2,t_amur,1
fruits_nuts_rice,hyperclovax,5094562,2,follow,1
fruits_nuts_rice,hyperclovax,5094562,2,piece,1
fruits_nuts_rice,hyperclovax,5094562,2,luxurious,1
fruits_nuts_rice,hyperclovax,5094562,2,experience,1
fruits_nuts_rice,hyperclovax,5094562,2,arrange,1
fruits_nuts_rice,hyperclovax,5094562,2,grid,1
fruits_nuts_rice,hyperclovax,5094562,2,pattern,1
fruits_nuts_rice,hyperclovax,5094562,2,encase,1
fruits_nuts_rice,hyperclovax,5094562,2,dark,1
fruits_nuts_rice,hyperclovax,5094562,2,brown,1
fruits_nuts_rice,hyperclovax,5094562,2,shell,1
fruits_nuts_rice,hyperclovax,5094562,2,visible,1
fruits_nuts_rice,hyperclovax,5094562,2,glossy,1
fruits_nuts_rice,hyperclovax,5094562,2,surface,1
fruits_nuts_rice,hyperclovax,5094562,2,adorn,1
fruits_nuts_rice,hyperclovax,5094562,2,topping,1
fruits_nuts_rice,hyperclovax,5094562,2,nut,1
fruits_nuts_rice,hyperclovax,5094562,2,possibly,1
fruits_nuts_rice,hyperclovax,5094562,2,dry,1
fruits_nuts_rice,hyperclovax,5094562,2,fruit,1
fruits_nuts_rice,hyperclovax,5094562,2,add,1
fruits_nuts_rice,hyperclovax,5094562,2,visual,1
fruits_nuts_rice,hyperclovax,5094562,2,appeal,1
fruits_nuts_rice,hyperclovax,5094562,2,packaging,1
fruits_nuts_rice,hyperclovax,5094562,2,elegant,1
fruits_nuts_rice,hyperclovax,5094562,2,suggest,1
fruits_nuts_rice,hyperclovax,5094562,2,premium,1
fruits_nuts_rice,hyperclovax,5094562,2,quality,1
fruits_nuts_rice,hyperclovax,5121007,1,main,1
fruits_nuts_rice,hyperclovax,5121007,1,food,1
fruits_nuts_rice,hyperclovax,5121007,1,product,4
fruits_nuts_rice,hyperclovax,5121007,1,organic,2
fruits_nuts_rice,hyperclovax,5121007,1,rice,3
fruits_nuts_rice,hyperclovax,5121007,1,packaging,3
fruits_nuts_rice,hyperclovax,5121007,1,predominantly,1
fruits_nuts_rice,hyperclovax,5121007,1,white,1
fruits_nuts_rice,hyperclovax,5121007,1,green,3
fruits_nuts_rice,hyperclovax,5121007,1,accent,1
fruits_nuts_rice,hyperclovax,5121007,1,text,2
fruits_nuts_rice,hyperclovax,5121007,1,유기농_담음_신동진_쌀,1
fruits_nuts_rice,hyperclovax,5121007,1,prominently,1
fruits_nuts_rice,hyperclovax,5121007,1,black,1
fruits_nuts_rice,hyperclovax,5121007,1,bowl,1
fruits_nuts_rice,hyperclovax,5121007,1,package,1
fruits_nuts_rice,hyperclovax,5121007,1,include,2
fruits_nuts_rice,hyperclovax,5121007,1,additional,1
fruits_nuts_rice,hyperclovax,5121007,1,detail,2
fruits_nuts_rice,hyperclovax,5121007,1,certification,1
fruits_nuts_rice,hyperclovax,5121007,1,nutritional,2
fruits_nuts_rice,hyperclovax,5121007,1,information,2
fruits_nuts_rice,hyperclovax,5121007,1,surface,2
fruits_nuts_rice,hyperclovax,5121007,1,texture,1
fruits_nuts_rice,hyperclovax,5121007,1,smooth,1
fruits_nuts_rice,hyperclovax,5121007,1,packed,1
fruits_nuts_rice,hyperclovax,5121007,1,rectangular,1
fruits_nuts_rice,hyperclovax,5121007,1,bag,1
fruits_nuts_rice,hyperclovax,5121007,1,low,1
fruits_nuts_rice,hyperclovax,5121007,1,section,1
fruits_nuts_rice,hyperclovax,5121007,1,plain,1
fruits_nuts_rice,hyperclovax,5121007,1,light,1
fruits_nuts_rice,hyperclovax,5121007,1,colored,1
fruits_nuts_rice,hyperclovax,5121007,1,distract,1
fruits_nuts_rice,hyperclovax,5121007,2,main,1
fruits_nuts_rice,hyperclovax,5121007,2,food,1
fruits_nuts_rice,hyperclovax,5121007,2,product,1
fruits_nuts_rice,hyperclovax,5121007,2,white,3
fruits_nuts_rice,hyperclovax,5121007,2,rice,3
fruits_nuts_rice,hyperclovax,5121007,2,bowl,2
fruits_nuts_rice,hyperclovax,5121007,2,uniform,1
fruits_nuts_rice,hyperclovax,5121007,2,color,1
fruits_nuts_rice,hyperclovax,5121007,2,smooth,1
fruits_nuts_rice,hyperclovax,5121007,2,glossy,1
fruits_nuts_rice,hyperclovax,5121007,2,surface,2
fruits_nuts_rice,hyperclovax,5121007,2,texture,1
fruits_nuts_rice,hyperclovax,5121007,2,grain,1
fruits_nuts_rice,hyperclovax,5121007,2,small,1
fruits_nuts_rice,hyperclovax,5121007,2,medium,1
fruits_nuts_rice,hyperclovax,5121007,2,size,1
fruits_nuts_rice,hyperclovax,5121007,2,slightly,1
fruits_nuts_rice,hyperclovax,5121007,2,translucent,1
fruits_nuts_rice,hyperclovax,5121007,2,appearance,1
fruits_nuts_rice,hyperclovax,5121007,2,indicate,1
fruits_nuts_rice,hyperclovax,5121007,2,freshness,1
fruits_nuts_rice,hyperclovax,5121007,2,plain,1
fruits_nuts_rice,hyperclovax,5121007,2,light,1
fruits_nuts_rice,hyperclovax,5121007,2,colored,1
fruits_nuts_rice,hyperclovax,5121007,2,provide,1
fruits_nuts_rice,hyperclovax,5121007,2,neutral,1
fruits_nuts_rice,hyperclovax,5121007,2,highlight,1
fruits_nuts_rice,hyperclovax,5132780,1,main,1
fruits_nuts_rice,hyperclovax,5132780,1,food,1
fruits_nuts_rice,hyperclovax,5132780,1,kiwi,2
fruits_nuts_rice,hyperclovax,5132780,1,fruit,1
fruits_nuts_rice,hyperclovax,5132780,1,kiwis,4
fruits_nuts_rice,hyperclovax,5132780,1,brown,1
fruits_nuts_rice,hyperclovax,5132780,1,smooth,1
fruits_nuts_rice,hyperclovax,5132780,1,slightly,1
fruits_nuts_rice,hyperclovax,5132780,1,texture,1
fruits_nuts_rice,hyperclovax,5132780,1,surface,1
fruits_nuts_rice,hyperclovax,5132780,1,cut,1
fruits_nuts_rice,hyperclovax,5132780,1,half,1
fruits_nuts_rice,hyperclovax,5132780,1,reveal,1
fruits_nuts_rice,hyperclovax,5132780,1,bright,1
fruits_nuts_rice,hyperclovax,5132780,1,green,1
fruits_nuts_rice,hyperclovax,5132780,1,flesh,1
fruits_nuts_rice,hyperclovax,5132780,1,small,1
fruits_nuts_rice,hyperclovax,5132780,1,black,1
fruits_nuts_rice,hyperclovax,5132780,1,seed,1
fruits_nuts_rice,hyperclovax,5132780,1,arrange,1
fruits_nuts_rice,hyperclovax,5132780,1,simple,1
fruits_nuts_rice,hyperclovax,5132780,1,round,1
fruits_nuts_rice,hyperclovax,5132780,1,light,1
fruits_nuts_rice,hyperclovax,5132780,1,colored,1
fruits_nuts_rice,hyperclovax,5132780,1,plate,1
fruits_nuts_rice,hyperclovax,5132780,1,thin,1
fruits_nuts_rice,hyperclovax,5132780,1,metallic,1
fruits_nuts_rice,hyperclovax,5132780,1,rim,1
fruits_nuts_rice,hyperclovax,5132780,1,fresh,1
fruits_nuts_rice,hyperclovax,5132780,1,ripe,1
fruits_nuts_rice,hyperclovax,5132780,1,natural,1
fruits_nuts_rice,hyperclovax,5132780,1,unprocessed,1
fruits_nuts_rice,hyperclovax,5132780,1,look,1
fruits_nuts_rice,hyperclovax,5132780,1,focus,1
fruits_nuts_rice,hyperclovax,5132780,1,solely,1
fruits_nuts_rice,hyperclovax,5132780,1,immediate,1
fruits_nuts_rice,hyperclovax,5132780,1,surrounding,1
fruits_nuts_rice,hyperclovax,5132780,2,main,1
fruits_nuts_rice,hyperclovax,5132780,2,food,1
fruits_nuts_rice,hyperclovax,5132780,2,kiwi,1
fruits_nuts_rice,hyperclovax,5132780,2,fruit,1
fruits_nuts_rice,hyperclovax,5132780,2,kiwis,5
fruits_nuts_rice,hyperclovax,5132780,2,round,2
fruits_nuts_rice,hyperclovax,5132780,2,smooth,1
fruits_nuts_rice,hyperclovax,5132780,2,slightly,1
fruits_nuts_rice,hyperclovax,5132780,2,texture,1
fruits_nuts_rice,hyperclovax,5132780,2,surface,1
fruits_nuts_rice,hyperclovax,5132780,2,golden,1
fruits_nuts_rice,hyperclovax,5132780,2,brown,1
fruits_nuts_rice,hyperclovax,5132780,2,color,1
fruits_nuts_rice,hyperclovax,5132780,2,cut,1
fruits_nuts_rice,hyperclovax,5132780,2,half,1
fruits_nuts_rice,hyperclovax,5132780,2,reveal,1
fruits_nuts_rice,hyperclovax,5132780,2,bright,1
fruits_nuts_rice,hyperclovax,5132780,2,yellow,1
fruits_nuts_rice,hyperclovax,5132780,2,flesh,1
fruits_nuts_rice,hyperclovax,5132780,2,small,1
fruits_nuts_rice,hyperclovax,5132780,2,black,1
fruits_nuts_rice,hyperclovax,5132780,2,seed,1
fruits_nuts_rice,hyperclovax,5132780,2,center,1
fruits_nuts_rice,hyperclovax,5132780,2,arrange,1
fruits_nuts_rice,hyperclovax,5132780,2,simple,1
fruits_nuts_rice,hyperclovax,5132780,2,light,1
fruits_nuts_rice,hyperclovax,5132780,2,colored,1
fruits_nuts_rice,hyperclovax,5132780,2,plate,1
fruits_nuts_rice,hyperclovax,5132780,2,thin,1
fruits_nuts_rice,hyperclovax,5132780,2,dark,1
fruits_nuts_rice,hyperclovax,5132780,2,rim,1
fruits_nuts_rice,hyperclovax,5132780,2,fresh,1
fruits_nuts_rice,hyperclovax,5132780,2,ripe,1
fruits_nuts_rice,hyperclovax,5132780,2,glossy,1
fruits_nuts_rice,hyperclovax,5132780,2,sheen,1
fruits_nuts_rice,hyperclovax,5132780,2,suggest,1
fruits_nuts_rice,hyperclovax,5132780,2,moist,1
fruits_nuts_rice,hyperclovax,5132780,2,plain,1
fruits_nuts_rice,hyperclovax,5132780,2,white,1
fruits_nuts_rice,hyperclovax,5132780,2,emphasize,1
fruits_nuts_rice,hyperclovax,5132780,2,distraction,1
fruits_nuts_rice,hyperclovax,5134096,1,main,1
fruits_nuts_rice,hyperclovax,5134096,1,food,1
fruits_nuts_rice,hyperclovax,5134096,1,product,5
fruits_nuts_rice,hyperclovax,5134096,1,rice,2
fruits_nuts_rice,hyperclovax,5134096,1,packaging,1
fruits_nuts_rice,hyperclovax,5134096,1,large,1
fruits_nuts_rice,hyperclovax,5134096,1,rectangular,1
fruits_nuts_rice,hyperclovax,5134096,1,bag,4
fruits_nuts_rice,hyperclovax,5134096,1,predominantly,1
fruits_nuts_rice,hyperclovax,5134096,1,white,1
fruits_nuts_rice,hyperclovax,5134096,1,color,1
fruits_nuts_rice,hyperclovax,5134096,1,purple,2
fruits_nuts_rice,hyperclovax,5134096,1,stripe,1
fruits_nuts_rice,hyperclovax,5134096,1,bottom,1
fruits_nuts_rice,hyperclovax,5134096,1,edge,1
fruits_nuts_rice,hyperclovax,5134096,1,text,2
fruits_nuts_rice,hyperclovax,5134096,1,clear,1
fruits_nuts_rice,hyperclovax,5134096,1,legible,1
fruits_nuts_rice,hyperclovax,5134096,1,brand,1
fruits_nuts_rice,hyperclovax,5134096,1,kf365,1
fruits_nuts_rice,hyperclovax,5134096,1,black,1
fruits_nuts_rice,hyperclovax,5134096,1,letter,1
fruits_nuts_rice,hyperclovax,5134096,1,follow,1
fruits_nuts_rice,hyperclovax,5134096,1,curly_fresh,1
fruits_nuts_rice,hyperclovax,5134096,1,small,2
fruits_nuts_rice,hyperclovax,5134096,1,font,1
fruits_nuts_rice,hyperclovax,5134096,1,identify,1
fruits_nuts_rice,hyperclovax,5134096,1,밥상의_진미_쌀,1
fruits_nuts_rice,hyperclovax,5134096,1,weight,1
fruits_nuts_rice,hyperclovax,5134096,1,10kg,1
fruits_nuts_rice,hyperclovax,5134096,1,additional,1
fruits_nuts_rice,hyperclovax,5134096,1,detail,1
fruits_nuts_rice,hyperclovax,5134096,1,일상에_꼭_필요한_필수품,1
fruits_nuts_rice,hyperclovax,5134096,1,1년_365일_최선의_가격에,1
fruits_nuts_rice,hyperclovax,5134096,1,안전성까지_한_번_더_확인,1
fruits_nuts_rice,hyperclovax,5134096,1,bowl,1
fruits_nuts_rice,hyperclovax,5134096,1,confirm,1
fruits_nuts_rice,hyperclovax,5134096,1,identity,1
fruits_nuts_rice,hyperclovax,5134096,1,overall,1
fruits_nuts_rice,hyperclovax,5134096,1,presentation,1
fruits_nuts_rice,hyperclovax,5134096,1,clean,1
fruits_nuts_rice,hyperclovax,5134096,1,straightforward,1
fruits_nuts_rice,hyperclovax,5134096,1,focus,1
fruits_nuts_rice,hyperclovax,5134096,1,branding,1
fruits_nuts_rice,hyperclovax,5134096,2,main,1
fruits_nuts_rice,hyperclovax,5134096,2,food,1
fruits_nuts_rice,hyperclovax,5134096,2,product,1
fruits_nuts_rice,hyperclovax,5134096,2,uncooked,1
fruits_nuts_rice,hyperclovax,5134096,2,white,4
fruits_nuts_rice,hyperclovax,5134096,2,rice,4
fruits_nuts_rice,hyperclovax,5134096,2,grain,1
fruits_nuts_rice,hyperclovax,5134096,2,small,1
fruits_nuts_rice,hyperclovax,5134096,2,oval,1
fruits_nuts_rice,hyperclovax,5134096,2,shape,2
fruits_nuts_rice,hyperclovax,5134096,2,uniformly,1
fruits_nuts_rice,hyperclovax,5134096,2,color,2
fruits_nuts_rice,hyperclovax,5134096,2,smooth,1
fruits_nuts_rice,hyperclovax,5134096,2,texture,2
fruits_nuts_rice,hyperclovax,5134096,2,neatly,1
fruits_nuts_rice,hyperclovax,5134096,2,arrange,1
fruits_nuts_rice,hyperclovax,5134096,2,bowl,1
fruits_nuts_rice,hyperclovax,5134096,2,matching,1
fruits_nuts_rice,hyperclovax,5134096,2,plate,1
fruits_nuts_rice,hyperclovax,5134096,2,plain,1
fruits_nuts_rice,hyperclovax,5134096,2,light,1
fruits_nuts_rice,hyperclovax,5134096,2,colored,1
fruits_nuts_rice,hyperclovax,5134096,2,surface,1
fruits_nuts_rice,hyperclovax,5134096,2,distract,1
fruits_nuts_rice,hyperclovax,5134096,2,focus,1
fruits_nuts_rice,hyperclovax,5134096,2,solely,1
fruits_nuts_rice,hyperclovax,5134096,2,provide,1
fruits_nuts_rice,hyperclovax,5134096,2,clear,1
fruits_nuts_rice,hyperclovax,5134096,2,view,1
fruits_nuts_rice,hyperclovax,5134096,2,additional,1
fruits_nuts_rice,hyperclovax,5134096,2,context,1
fruits_nuts_rice,hyperclovax,5134096,2,embellishment,1
fruits_nuts_rice,hyperclovax,5159977,1,main,1
fruits_nuts_rice,hyperclovax,5159977,1,food,1
fruits_nuts_rice,hyperclovax,5159977,1,product,1
fruits_nuts_rice,hyperclovax,5159977,1,peach,5
fruits_nuts_rice,hyperclovax,5159977,1,ripe,1
fruits_nuts_rice,hyperclovax,5159977,1,smooth,1
fruits_nuts_rice,hyperclovax,5159977,1,slightly,1
fruits_nuts_rice,hyperclovax,5159977,1,fuzzy,1
fruits_nuts_rice,hyperclovax,5159977,1,skin,1
fruits_nuts_rice,hyperclovax,5159977,1,mix,1
fruits_nuts_rice,hyperclovax,5159977,1,yellow,2
fruits_nuts_rice,hyperclovax,5159977,1,red,1
fruits_nuts_rice,hyperclovax,5159977,1,hue,1
fruits_nuts_rice,hyperclovax,5159977,1,indicate,1
fruits_nuts_rice,hyperclovax,5159977,1,likely,1
fruits_nuts_rice,hyperclovax,5159977,1,sweet,1
fruits_nuts_rice,hyperclovax,5159977,1,juicy,1
fruits_nuts_rice,hyperclovax,5159977,1,arrange,1
fruits_nuts_rice,hyperclovax,5159977,1,cloth,2
fruits_nuts_rice,hyperclovax,5159977,1,crumple,1
fruits_nuts_rice,hyperclovax,5159977,1,add,1
fruits_nuts_rice,hyperclovax,5159977,1,rustic,1
fruits_nuts_rice,hyperclovax,5159977,1,touch,1
fruits_nuts_rice,hyperclovax,5159977,1,presentation,1
fruits_nuts_rice,hyperclovax,5159977,1,vary,1
fruits_nuts_rice,hyperclovax,5159977,1,size,1
fruits_nuts_rice,hyperclovax,5159977,1,whole,1
fruits_nuts_rice,hyperclovax,5159977,1,partially,1
fruits_nuts_rice,hyperclovax,5159977,1,slice,1
fruits_nuts_rice,hyperclovax,5159977,1,reveal,1
fruits_nuts_rice,hyperclovax,5159977,1,soft,1
fruits_nuts_rice,hyperclovax,5159977,1,fleshy,1
fruits_nuts_rice,hyperclovax,5159977,1,interior,1
fruits_nuts_rice,hyperclovax,5159977,1,plain,1
fruits_nuts_rice,hyperclovax,5159977,1,light,1
fruits_nuts_rice,hyperclovax,5159977,1,colored,1
fruits_nuts_rice,hyperclovax,5159977,1,surface,1
fruits_nuts_rice,hyperclovax,5159977,1,contrast,1
fruits_nuts_rice,hyperclovax,5159977,1,vibrant,1
fruits_nuts_rice,hyperclovax,5159977,1,color,1
fruits_nuts_rice,hyperclovax,5159977,1,fruit,1
fruits_nuts_rice,hyperclovax,5159977,1,stand,1
fruits_nuts_rice,hyperclovax,5159977,1,prominently,1
fruits_nuts_rice,hyperclovax,5159977,2,main,1
fruits_nuts_rice,hyperclovax,5159977,2,food,1
fruits_nuts_rice,hyperclovax,5159977,2,peach,3
fruits_nuts_rice,hyperclovax,5159977,2,ripe,1
fruits_nuts_rice,hyperclovax,5159977,2,smooth,1
fruits_nuts_rice,hyperclovax,5159977,2,slightly,1
fruits_nuts_rice,hyperclovax,5159977,2,texture,2
fruits_nuts_rice,hyperclovax,5159977,2,surface,1
fruits_nuts_rice,hyperclovax,5159977,2,gradient,1
fruits_nuts_rice,hyperclovax,5159977,2,color,2
fruits_nuts_rice,hyperclovax,5159977,2,range,1
fruits_nuts_rice,hyperclovax,5159977,2,yellow,2
fruits_nuts_rice,hyperclovax,5159977,2,hint,1
fruits_nuts_rice,hyperclovax,5159977,2,red,1
fruits_nuts_rice,hyperclovax,5159977,2,skin,1
fruits_nuts_rice,hyperclovax,5159977,2,cut,1
fruits_nuts_rice,hyperclovax,5159977,2,open,1
fruits_nuts_rice,hyperclovax,5159977,2,reveal,1
fruits_nuts_rice,hyperclovax,5159977,2,juicy,1
fruits_nuts_rice,hyperclovax,5159977,2,yellowish,1
fruits_nuts_rice,hyperclovax,5159977,2,flesh,1
fruits_nuts_rice,hyperclovax,5159977,2,clear,1
fruits_nuts_rice,hyperclovax,5159977,2,fibrous,1
fruits_nuts_rice,hyperclovax,5159977,2,inside,1
fruits_nuts_rice,hyperclovax,5159977,2,arrange,1
fruits_nuts_rice,hyperclovax,5159977,2,cloth,1
fruits_nuts_rice,hyperclovax,5159977,2,contrast,1
fruits_nuts_rice,hyperclovax,5159977,2,light,1
fruits_nuts_rice,hyperclovax,5159977,2,gray,1
fruits_nuts_rice,hyperclovax,5159977,2,highlight,1
fruits_nuts_rice,hyperclovax,5159977,2,vibrant,1
fruits_nuts_rice,hyperclovax,5159977,2,fresh,1
fruits_nuts_rice,hyperclovax,5159977,2,appearance,1
fruits_nuts_rice,hyperclovax,5159977,2,visible,1
fruits_nuts_rice,hyperclovax,5159977,2,packaging,1
fruits_nuts_rice,hyperclovax,5159977,2,brand,1
fruits_nuts_rice,hyperclovax,5159977,2,element,1
fruits_nuts_rice,hyperclovax,5162187,1,main,1
fruits_nuts_rice,hyperclovax,5162187,1,food,1
fruits_nuts_rice,hyperclovax,5162187,1,product,1
fruits_nuts_rice,hyperclovax,5162187,1,collection,1
fruits_nuts_rice,hyperclovax,5162187,1,mandarin,3
fruits_nuts_rice,hyperclovax,5162187,1,small,1
fruits_nuts_rice,hyperclovax,5162187,1,round,1
fruits_nuts_rice,hyperclovax,5162187,1,citrus,1
fruits_nuts_rice,hyperclovax,5162187,1,fruit,2
fruits_nuts_rice,hyperclovax,5162187,1,bright,1
fruits_nuts_rice,hyperclovax,5162187,1,orange,1
fruits_nuts_rice,hyperclovax,5162187,1,color,2
fruits_nuts_rice,hyperclovax,5162187,1,greenish,1
fruits_nuts_rice,hyperclovax,5162187,1,yellow,1
fruits_nuts_rice,hyperclovax,5162187,1,skin,2
fruits_nuts_rice,hyperclovax,5162187,1,arrange,1
fruits_nuts_rice,hyperclovax,5162187,1,woven,1
fruits_nuts_rice,hyperclovax,5162187,1,basket,2
fruits_nuts_rice,hyperclovax,5162187,1,inside,1
fruits_nuts_rice,hyperclovax,5162187,1,suggest,1
fruits_nuts_rice,hyperclovax,5162187,1,freshly,1
fruits_nuts_rice,hyperclovax,5162187,1,pick,1
fruits_nuts_rice,hyperclovax,5162187,1,purchase,1
fruits_nuts_rice,hyperclovax,5162187,1,surface,1
fruits_nuts_rice,hyperclovax,5162187,1,texture,1
fruits_nuts_rice,hyperclovax,5162187,1,slightly,1
fruits_nuts_rice,hyperclovax,5162187,1,bumpy,1
fruits_nuts_rice,hyperclovax,5162187,1,typical,1
fruits_nuts_rice,hyperclovax,5162187,1,type,1
fruits_nuts_rice,hyperclovax,5162187,1,fresh,1
fruits_nuts_rice,hyperclovax,5162187,1,vibrant,1
fruits_nuts_rice,hyperclovax,5162187,2,main,1
fruits_nuts_rice,hyperclovax,5162187,2,food,1
fruits_nuts_rice,hyperclovax,5162187,2,product,1
fruits_nuts_rice,hyperclovax,5162187,2,tangerine,5
fruits_nuts_rice,hyperclovax,5162187,2,small,1
fruits_nuts_rice,hyperclovax,5162187,2,round,1
fruits_nuts_rice,hyperclovax,5162187,2,bright,1
fruits_nuts_rice,hyperclovax,5162187,2,orange,2
fruits_nuts_rice,hyperclovax,5162187,2,color,2
fruits_nuts_rice,hyperclovax,5162187,2,greenish,1
fruits_nuts_rice,hyperclovax,5162187,2,yellow,1
fruits_nuts_rice,hyperclovax,5162187,2,patch,1
fruits_nuts_rice,hyperclovax,5162187,2,especially,1
fruits_nuts_rice,hyperclovax,5162187,2,unpeeled,1
fruits_nuts_rice,hyperclovax,5162187,2,surface,2
fruits_nuts_rice,hyperclovax,5162187,2,texture,2
fruits_nuts_rice,hyperclovax,5162187,2,slightly,1
fruits_nuts_rice,hyperclovax,5162187,2,bumpy,1
fruits_nuts_rice,hyperclovax,5162187,2,typical,1
fruits_nuts_rice,hyperclovax,5162187,2,type,1
fruits_nuts_rice,hyperclovax,5162187,2,citrus,1
fruits_nuts_rice,hyperclovax,5162187,2,fruit,1
fruits_nuts_rice,hyperclovax,5162187,2,peel,1
fruits_nuts_rice,hyperclovax,5162187,2,reveal,1
fruits_nuts_rice,hyperclovax,5162187,2,juicy,1
fruits_nuts_rice,hyperclovax,5162187,2,segment,1
fruits_nuts_rice,hyperclovax,5162187,2,interior,1
fruits_nuts_rice,hyperclovax,5162187,2,vibrant,1
fruits_nuts_rice,hyperclovax,5162187,2,arrange,1
fruits_nuts_rice,hyperclovax,5162187,2,woven,1
fruits_nuts_rice,hyperclovax,5162187,2,basket,1
fruits_nuts_rice,hyperclovax,5162187,2,white,1
convenience_meals,hyperclovax,1000029142,1,main,1
convenience_meals,hyperclovax,1000029142,1,food,1
convenience_meals,hyperclovax,1000029142,1,product,1
convenience_meals,hyperclovax,1000029142,1,sandwich,5
convenience_meals,hyperclovax,1000029142,1,consist,1
convenience_meals,hyperclovax,1000029142,1,several,1
convenience_meals,hyperclovax,1000029142,1,layer,1
convenience_meals,hyperclovax,1000029142,1,bread,2
convenience_meals,hyperclovax,1000029142,1,visible,1
convenience_meals,hyperclovax,1000029142,1,filling,2
convenience_meals,hyperclovax,1000029142,1,include,2
convenience_meals,hyperclovax,1000029142,1,slice,1
convenience_meals,hyperclovax,1000029142,1,meat,1
convenience_meals,hyperclovax,1000029142,1,cheese,1
convenience_meals,hyperclovax,1000029142,1,light,1
convenience_meals,hyperclovax,1000029142,1,brown,1
convenience_meals,hyperclovax,1000029142,1,color,1
convenience_meals,hyperclovax,1000029142,1,smooth,1
convenience_meals,hyperclovax,1000029142,1,texture,1
convenience_meals,hyperclovax,1000029142,1,arrange,1
convenience_meals,hyperclovax,1000029142,1,neatly,1
convenience_meals,hyperclovax,1000029142,1,white,2
convenience_meals,hyperclovax,1000029142,1,rectangular,1
convenience_meals,hyperclovax,1000029142,1,plate,1
convenience_meals,hyperclovax,1000029142,1,packaging,1
convenience_meals,hyperclovax,1000029142,1,red,1
convenience_meals,hyperclovax,1000029142,1,text,2
convenience_meals,hyperclovax,1000029142,1,logo,1
convenience_meals,hyperclovax,1000029142,1,chinese,1
convenience_meals,hyperclovax,1000029142,1,character,1
convenience_meals,hyperclovax,1000029142,1,present,1
convenience_meals,hyperclovax,1000029142,1,way,1
convenience_meals,hyperclovax,1000029142,1,highlight,1
convenience_meals,hyperclovax,1000029142,1,layered,1
convenience_meals,hyperclovax,1000029142,1,structure,1
convenience_meals,hyperclovax,1000029142,1,inside,1
convenience_meals,hyperclovax,1000029142,2,main,1
convenience_meals,hyperclovax,1000029142,2,food,1
convenience_meals,hyperclovax,1000029142,2,product,1
convenience_meals,hyperclovax,1000029142,2,sandwich,6
convenience_meals,hyperclovax,1000029142,2,consist,1
convenience_meals,hyperclovax,1000029142,2,3,1
convenience_meals,hyperclovax,1000029142,2,triangular,1
convenience_meals,hyperclovax,1000029142,2,piece,1
convenience_meals,hyperclovax,1000029142,2,bread,2
convenience_meals,hyperclovax,1000029142,2,cut,1
convenience_meals,hyperclovax,1000029142,2,wedge,1
convenience_meals,hyperclovax,1000029142,2,shape,1
convenience_meals,hyperclovax,1000029142,2,arrange,2
convenience_meals,hyperclovax,1000029142,2,layered,1
convenience_meals,hyperclovax,1000029142,2,manner,1
convenience_meals,hyperclovax,1000029142,2,white,1
convenience_meals,hyperclovax,1000029142,2,rectangular,1
convenience_meals,hyperclovax,1000029142,2,plate,1
convenience_meals,hyperclovax,1000029142,2,light,2
convenience_meals,hyperclovax,1000029142,2,brown,1
convenience_meals,hyperclovax,1000029142,2,color,2
convenience_meals,hyperclovax,1000029142,2,slightly,1
convenience_meals,hyperclovax,1000029142,2,texture,1
convenience_meals,hyperclovax,1000029142,2,surface,2
convenience_meals,hyperclovax,1000029142,2,indicate,1
convenience_meals,hyperclovax,1000029142,2,whole,1
convenience_meals,hyperclovax,1000029142,2,grain,1
convenience_meals,hyperclovax,1000029142,2,multigrain,1
convenience_meals,hyperclovax,1000029142,2,variety,1
convenience_meals,hyperclovax,1000029142,2,filling,1
convenience_meals,hyperclovax,1000029142,2,include,1
convenience_meals,hyperclovax,1000029142,2,slice,1
convenience_meals,hyperclovax,1000029142,2,yellow,2
convenience_meals,hyperclovax,1000029142,2,cheese,2
convenience_meals,hyperclovax,1000029142,2,pink,1
convenience_meals,hyperclovax,1000029142,2,ham,2
convenience_meals,hyperclovax,1000029142,2,alternate,1
convenience_meals,hyperclovax,1000029142,2,layer,1
convenience_meals,hyperclovax,1000029142,2,pale,1
convenience_meals,hyperclovax,1000029142,2,pinkish,1
convenience_meals,hyperclovax,1000029142,2,hue,1
convenience_meals,hyperclovax,1000029142,2,present,1
convenience_meals,hyperclovax,1000029142,2,simple,1
convenience_meals,hyperclovax,1000029142,2,plain,1
convenience_meals,hyperclovax,1000029142,2,gray,1
convenience_meals,hyperclovax,1000029142,2,distract,1
convenience_meals,hyperclovax,1000029142,2,focus,1
convenience_meals,hyperclovax,1000029142,2,solely,1
convenience_meals,hyperclovax,1000029142,2,presentation,1
convenience_meals,hyperclovax,1000029142,2,additional,1
convenience_meals,hyperclovax,1000029142,2,context,1
convenience_meals,hyperclovax,1000029142,2,element,1
convenience_meals,hyperclovax,1000127954,1,main,1
convenience_meals,hyperclovax,1000127954,1,food,1
convenience_meals,hyperclovax,1000127954,1,product,2
convenience_meals,hyperclovax,1000127954,1,variety,2
convenience_meals,hyperclovax,1000127954,1,burrito,1
convenience_meals,hyperclovax,1000127954,1,wrap,3
convenience_meals,hyperclovax,1000127954,1,package,1
convenience_meals,hyperclovax,1000127954,1,different,1
convenience_meals,hyperclovax,1000127954,1,colored,1
convenience_meals,hyperclovax,1000127954,1,label,1
convenience_meals,hyperclovax,1000127954,1,wrapper,3
convenience_meals,hyperclovax,1000127954,1,indicate,1
convenience_meals,hyperclovax,1000127954,1,flavor,2
convenience_meals,hyperclovax,1000127954,1,packaging,1
convenience_meals,hyperclovax,1000127954,1,predominantly,1
convenience_meals,hyperclovax,1000127954,1,rectangular,1
convenience_meals,hyperclovax,1000127954,1,color,1
convenience_meals,hyperclovax,1000127954,1,range,1
convenience_meals,hyperclovax,1000127954,1,black,1
convenience_meals,hyperclovax,1000127954,1,purple,1
convenience_meals,hyperclovax,1000127954,1,text,2
convenience_meals,hyperclovax,1000127954,1,english,1
convenience_meals,hyperclovax,1000127954,1,korean,1
convenience_meals,hyperclovax,1000127954,1,include,1
convenience_meals,hyperclovax,1000127954,1,combination_pizza_burrito,1
convenience_meals,hyperclovax,1000127954,1,carbonara_burrito,1
convenience_meals,hyperclovax,1000127954,1,morning_egg_bacon_burrito,1
convenience_meals,hyperclovax,1000127954,1,hot_chicken_burrito,1
convenience_meals,hyperclovax,1000127954,1,arrange,1
convenience_meals,hyperclovax,1000127954,1,grid,1
convenience_meals,hyperclovax,1000127954,1,pattern,1
convenience_meals,hyperclovax,1000127954,1,showcase,1
convenience_meals,hyperclovax,1000127954,1,available,1
convenience_meals,hyperclovax,1000127954,2,main,1
convenience_meals,hyperclovax,1000127954,2,food,2
convenience_meals,hyperclovax,1000127954,2,product,2
convenience_meals,hyperclovax,1000127954,2,burrito,1
convenience_meals,hyperclovax,1000127954,2,burritos,2
convenience_meals,hyperclovax,1000127954,2,elongate,1
convenience_meals,hyperclovax,1000127954,2,cylindrical,1
convenience_meals,hyperclovax,1000127954,2,shape,1
convenience_meals,hyperclovax,1000127954,2,light,1
convenience_meals,hyperclovax,1000127954,2,brown,1
convenience_meals,hyperclovax,1000127954,2,color,1
convenience_meals,hyperclovax,1000127954,2,suggest,1
convenience_meals,hyperclovax,1000127954,2,tortilla,1
convenience_meals,hyperclovax,1000127954,2,visible,1
convenience_meals,hyperclovax,1000127954,2,filling,1
convenience_meals,hyperclovax,1000127954,2,include,1
convenience_meals,hyperclovax,1000127954,2,mixture,1
convenience_meals,hyperclovax,1000127954,2,ground,1
convenience_meals,hyperclovax,1000127954,2,meat,1
convenience_meals,hyperclovax,1000127954,2,vegetable,2
convenience_meals,hyperclovax,1000127954,2,piece,1
convenience_meals,hyperclovax,1000127954,2,corn,1
convenience_meals,hyperclovax,1000127954,2,possibly,1
convenience_meals,hyperclovax,1000127954,2,tomato,1
convenience_meals,hyperclovax,1000127954,2,pepper,1
convenience_meals,hyperclovax,1000127954,2,arrange,1
convenience_meals,hyperclovax,1000127954,2,white,1
convenience_meals,hyperclovax,1000127954,2,plate,1
convenience_meals,hyperclovax,1000127954,2,partially,1
convenience_meals,hyperclovax,1000127954,2,unwrapped,1
convenience_meals,hyperclovax,1000127954,2,content,1
convenience_meals,hyperclovax,1000127954,2,focus,1
convenience_meals,hyperclovax,1000127954,2,solely,1
convenience_meals,hyperclovax,1000127954,2,additional,1
convenience_meals,hyperclovax,1000127954,2,context,1
convenience_meals,hyperclovax,1000127954,2,element,1
convenience_meals,hyperclovax,1000165839,1,main,1
convenience_meals,hyperclovax,1000165839,1,food,1
convenience_meals,hyperclovax,1000165839,1,product,5
convenience_meals,hyperclovax,1000165839,1,boxed,1
convenience_meals,hyperclovax,1000165839,1,label,1
convenience_meals,hyperclovax,1000165839,1,햇반_작은공기,1
convenience_meals,hyperclovax,1000165839,1,rice,2
convenience_meals,hyperclovax,1000165839,1,packaging,3
convenience_meals,hyperclovax,1000165839,1,predominantly,1
convenience_meals,hyperclovax,1000165839,1,white,1
convenience_meals,hyperclovax,1000165839,1,red,1
convenience_meals,hyperclovax,1000165839,1,accent,1
convenience_meals,hyperclovax,1000165839,1,clear,1
convenience_meals,hyperclovax,1000165839,1,bowl,1
convenience_meals,hyperclovax,1000165839,1,front,1
convenience_meals,hyperclovax,1000165839,1,text,2
convenience_meals,hyperclovax,1000165839,1,korean,1
convenience_meals,hyperclovax,1000165839,1,english,2
convenience_meals,hyperclovax,1000165839,1,read,1
convenience_meals,hyperclovax,1000165839,1,cooked_white_rice,1
convenience_meals,hyperclovax,1000165839,1,present,1
convenience_meals,hyperclovax,1000165839,1,rectangular,1
convenience_meals,hyperclovax,1000165839,1,box,1
convenience_meals,hyperclovax,1000165839,1,stack,1
convenience_meals,hyperclovax,1000165839,1,small,1
convenience_meals,hyperclovax,1000165839,1,round,1
convenience_meals,hyperclovax,1000165839,1,container,1
convenience_meals,hyperclovax,1000165839,1,surface,1
convenience_meals,hyperclovax,1000165839,1,texture,1
convenience_meals,hyperclovax,1000165839,1,smooth,1
convenience_meals,hyperclovax,1000165839,1,overall,1
convenience_meals,hyperclovax,1000165839,1,arrangement,1
convenience_meals,hyperclovax,1000165839,1,neat,1
convenience_meals,hyperclovax,1000165839,1,organize,1
convenience_meals,hyperclovax,1000165839,1,showcase,1
convenience_meals,hyperclovax,1000165839,1,branding,1
convenience_meals,hyperclovax,1000165839,1,design,1
convenience_meals,hyperclovax,1000165839,1,clearly,1
convenience_meals,hyperclovax,1000165839,2,main,1
convenience_meals,hyperclovax,1000165839,2,food,1
convenience_meals,hyperclovax,1000165839,2,product,4
convenience_meals,hyperclovax,1000165839,2,작은공기,1
convenience_meals,hyperclovax,1000165839,2,packaging,3
convenience_meals,hyperclovax,1000165839,2,predominantly,1
convenience_meals,hyperclovax,1000165839,2,white,2
convenience_meals,hyperclovax,1000165839,2,red,1
convenience_meals,hyperclovax,1000165839,2,accent,1
convenience_meals,hyperclovax,1000165839,2,clear,1
convenience_meals,hyperclovax,1000165839,2,cook,1
convenience_meals,hyperclovax,1000165839,2,rice,1
convenience_meals,hyperclovax,1000165839,2,bowl,1
convenience_meals,hyperclovax,1000165839,2,cylindrical,1
convenience_meals,hyperclovax,1000165839,2,shape,1
convenience_meals,hyperclovax,1000165839,2,lid,1
convenience_meals,hyperclovax,1000165839,2,include,1
convenience_meals,hyperclovax,1000165839,2,text,1
convenience_meals,hyperclovax,1000165839,2,indicate,1
convenience_meals,hyperclovax,1000165839,2,quantity,1
convenience_meals,hyperclovax,1000165839,2,weight,1
convenience_meals,hyperclovax,1000165839,2,brand,1
convenience_meals,hyperclovax,1000165839,2,햇반,1
convenience_meals,hyperclovax,1000165839,2,prominently,1
convenience_meals,hyperclovax,1000165839,2,overall,1
convenience_meals,hyperclovax,1000165839,2,design,1
convenience_meals,hyperclovax,1000165839,2,clean,1
convenience_meals,hyperclovax,1000165839,2,straightforward,1
convenience_meals,hyperclovax,1000165839,2,focus,1
convenience_meals,hyperclovax,1000165839,2,visual,1
convenience_meals,hyperclovax,1000165839,2,appeal,1
convenience_meals,hyperclovax,1000165839,2,nutritional,1
convenience_meals,hyperclovax,1000165839,2,content,1
convenience_meals,hyperclovax,1000169817,1,main,1
convenience_meals,hyperclovax,1000169817,1,food,1
convenience_meals,hyperclovax,1000169817,1,product,4
convenience_meals,hyperclovax,1000169817,1,instant,1
convenience_meals,hyperclovax,1000169817,1,cook,1
convenience_meals,hyperclovax,1000169817,1,rice,3
convenience_meals,hyperclovax,1000169817,1,packaging,2
convenience_meals,hyperclovax,1000169817,1,predominantly,1
convenience_meals,hyperclovax,1000169817,1,yellow,1
convenience_meals,hyperclovax,1000169817,1,white,3
convenience_meals,hyperclovax,1000169817,1,brand,1
convenience_meals,hyperclovax,1000169817,1,오뚜기,1
convenience_meals,hyperclovax,1000169817,1,clearly,1
convenience_meals,hyperclovax,1000169817,1,visible,1
convenience_meals,hyperclovax,1000169817,1,cylindrical,1
convenience_meals,hyperclovax,1000169817,1,lid,1
convenience_meals,hyperclovax,1000169817,1,include,1
convenience_meals,hyperclovax,1000169817,1,text,1
convenience_meals,hyperclovax,1000169817,1,indicate,1
convenience_meals,hyperclovax,1000169817,1,흰밥,1
convenience_meals,hyperclovax,1000169817,1,quantity,1
convenience_meals,hyperclovax,1000169817,1,210g,1
convenience_meals,hyperclovax,1000169817,1,red,1
convenience_meals,hyperclovax,1000169817,1,sticker,1
convenience_meals,hyperclovax,1000169817,1,read,1
convenience_meals,hyperclovax,1000169817,1,ottogi_cooked_rice,1
convenience_meals,hyperclovax,1000169817,1,arrange,1
convenience_meals,hyperclovax,1000169817,1,stack,1
convenience_meals,hyperclovax,1000169817,1,container,1
convenience_meals,hyperclovax,1000169817,1,partially,1
convenience_meals,hyperclovax,1000169817,1,open,1
convenience_meals,hyperclovax,1000169817,1,inside,1
convenience_meals,hyperclovax,1000169817,2,main,1
convenience_meals,hyperclovax,1000169817,2,food,1
convenience_meals,hyperclovax,1000169817,2,product,4
convenience_meals,hyperclovax,1000169817,2,instant,1
convenience_meals,hyperclovax,1000169817,2,cook,1
convenience_meals,hyperclovax,1000169817,2,rice,3
convenience_meals,hyperclovax,1000169817,2,specifically,1
convenience_meals,hyperclovax,1000169817,2,오뚜기,1
convenience_meals,hyperclovax,1000169817,2,brand,2
convenience_meals,hyperclovax,1000169817,2,packaging,2
convenience_meals,hyperclovax,1000169817,2,predominantly,1
convenience_meals,hyperclovax,1000169817,2,white,2
convenience_meals,hyperclovax,1000169817,2,yellow,2
convenience_meals,hyperclovax,1000169817,2,accent,1
convenience_meals,hyperclovax,1000169817,2,cover,1
convenience_meals,hyperclovax,1000169817,2,print,1
convenience_meals,hyperclovax,1000169817,2,inside,1
convenience_meals,hyperclovax,1000169817,2,rectangular,1
convenience_meals,hyperclovax,1000169817,2,box,2
convenience_meals,hyperclovax,1000169817,2,label,1
convenience_meals,hyperclovax,1000169817,2,front,1
convenience_meals,hyperclovax,1000169817,2,ottogi,1
convenience_meals,hyperclovax,1000169817,2,cooked_rice,1
convenience_meals,hyperclovax,1000169817,2,english,1
convenience_meals,hyperclovax,1000169817,2,korean,1
convenience_meals,hyperclovax,1000169817,2,fluffy,1
convenience_meals,hyperclovax,1000169817,2,smooth,1
convenience_meals,hyperclovax,1000169817,2,texture,1
convenience_meals,hyperclovax,1000169817,2,visible,1
convenience_meals,hyperclovax,1000169817,2,window,1
convenience_meals,hyperclovax,1000169817,2,include,1
convenience_meals,hyperclovax,1000169817,2,nutritional,1
convenience_meals,hyperclovax,1000169817,2,information,1
convenience_meals,hyperclovax,1000169817,2,barcode,1
convenience_meals,hyperclovax,1000169817,2,quantity,1
convenience_meals,hyperclovax,1000169817,2,210g,1
convenience_meals,hyperclovax,1000169817,2,package,1
convenience_meals,hyperclovax,1000169817,2,overall,1
convenience_meals,hyperclovax,1000169817,2,design,1
convenience_meals,hyperclovax,1000169817,2,clean,1
convenience_meals,hyperclovax,1000169817,2,straightforward,1
convenience_meals,hyperclovax,1000169817,2,focus,1
convenience_meals,hyperclovax,1000169817,2,convenience,1
convenience_meals,hyperclovax,1000169817,2,ease,1
convenience_meals,hyperclovax,1000169817,2,use,1
convenience_meals,hyperclovax,1000170826,1,main,1
convenience_meals,hyperclovax,1000170826,1,food,1
convenience_meals,hyperclovax,1000170826,1,product,2
convenience_meals,hyperclovax,1000170826,1,type,1
convenience_meals,hyperclovax,1000170826,1,fried,1
convenience_meals,hyperclovax,1000170826,1,snack,2
convenience_meals,hyperclovax,1000170826,1,specifically,1
convenience_meals,hyperclovax,1000170826,1,99핫도그,2
convenience_meals,hyperclovax,1000170826,1,hotdog,1
convenience_meals,hyperclovax,1000170826,1,present,1
convenience_meals,hyperclovax,1000170826,1,white,3
convenience_meals,hyperclovax,1000170826,1,plate,2
convenience_meals,hyperclovax,1000170826,1,several,1
convenience_meals,hyperclovax,1000170826,1,piece,1
convenience_meals,hyperclovax,1000170826,1,cut,1
convenience_meals,hyperclovax,1000170826,1,open,1
convenience_meals,hyperclovax,1000170826,1,reveal,1
convenience_meals,hyperclovax,1000170826,1,crispy,1
convenience_meals,hyperclovax,1000170826,1,golden,1
convenience_meals,hyperclovax,1000170826,1,brown,2
convenience_meals,hyperclovax,1000170826,1,exterior,1
convenience_meals,hyperclovax,1000170826,1,soft,1
convenience_meals,hyperclovax,1000170826,1,interior,1
convenience_meals,hyperclovax,1000170826,1,packaging,2
convenience_meals,hyperclovax,1000170826,1,beige,1
convenience_meals,hyperclovax,1000170826,1,text,1
convenience_meals,hyperclovax,1000170826,1,prominently,1
convenience_meals,hyperclovax,1000170826,1,brand,1
convenience_meals,hyperclovax,1000170826,1,kurly,1
convenience_meals,hyperclovax,1000170826,1,visible,1
convenience_meals,hyperclovax,1000170826,1,indicate,1
convenience_meals,hyperclovax,1000170826,1,manufacturer,1
convenience_meals,hyperclovax,1000170826,1,arrange,1
convenience_meals,hyperclovax,1000170826,1,neatly,1
convenience_meals,hyperclovax,1000170826,1,showcase,1
convenience_meals,hyperclovax,1000170826,1,appetizing,1
convenience_meals,hyperclovax,1000170826,1,appearance,1
convenience_meals,hyperclovax,1000170826,2,main,1
convenience_meals,hyperclovax,1000170826,2,food,5
convenience_meals,hyperclovax,1000170826,2,product,1
convenience_meals,hyperclovax,1000170826,2,type,1
convenience_meals,hyperclovax,1000170826,2,fried,1
convenience_meals,hyperclovax,1000170826,2,specifically,1
convenience_meals,hyperclovax,1000170826,2,hotdog,6
convenience_meals,hyperclovax,1000170826,2,characterize,1
convenience_meals,hyperclovax,1000170826,2,golden,1
convenience_meals,hyperclovax,1000170826,2,brown,1
convenience_meals,hyperclovax,1000170826,2,crispy,1
convenience_meals,hyperclovax,1000170826,2,coating,1
convenience_meals,hyperclovax,1000170826,2,likely,1
convenience_meals,hyperclovax,1000170826,2,batter,1
convenience_meals,hyperclovax,1000170826,2,deep,1
convenience_meals,hyperclovax,1000170826,2,fry,1
convenience_meals,hyperclovax,1000170826,2,present,1
convenience_meals,hyperclovax,1000170826,2,white,1
convenience_meals,hyperclovax,1000170826,2,plate,2
convenience_meals,hyperclovax,1000170826,2,whole,1
convenience_meals,hyperclovax,1000170826,2,cut,2
convenience_meals,hyperclovax,1000170826,2,open,1
convenience_meals,hyperclovax,1000170826,2,reveal,1
convenience_meals,hyperclovax,1000170826,2,sausage,2
convenience_meals,hyperclovax,1000170826,2,inside,1
convenience_meals,hyperclovax,1000170826,2,visible,1
convenience_meals,hyperclovax,1000170826,2,hold,1
convenience_meals,hyperclovax,1000170826,2,wooden,1
convenience_meals,hyperclovax,1000170826,2,stick,1
convenience_meals,hyperclovax,1000170826,2,plain,1
convenience_meals,hyperclovax,1000170826,2,solid,1
convenience_meals,hyperclovax,1000170826,2,yellow,1
convenience_meals,hyperclovax,1000170826,2,color,1
convenience_meals,hyperclovax,1000170826,2,highlight,1
convenience_meals,hyperclovax,1000170826,2,distraction,1
convenience_meals,hyperclovax,1000170826,2,focus,1
convenience_meals,hyperclovax,1000170826,2,solely,1
convenience_meals,hyperclovax,1000170826,2,presentation,1
convenience_meals,hyperclovax,1000170826,2,emphasize,1
convenience_meals,hyperclovax,1000170826,2,texture,1
convenience_meals,hyperclovax,1000170826,2,appearance,1
convenience_meals,hyperclovax,1000185462,1,main,1
convenience_meals,hyperclovax,1000185462,1,food,1
convenience_meals,hyperclovax,1000185462,1,product,3
convenience_meals,hyperclovax,1000185462,1,frozen,1
convenience_meals,hyperclovax,1000185462,1,riceballs,2
convenience_meals,hyperclovax,1000185462,1,package,3
convenience_meals,hyperclovax,1000185462,1,plastic,1
convenience_meals,hyperclovax,1000185462,1,pouch,1
convenience_meals,hyperclovax,1000185462,1,cooked,1
convenience_meals,hyperclovax,1000185462,1,front,1
convenience_meals,hyperclovax,1000185462,1,packaging,1
convenience_meals,hyperclovax,1000185462,1,predominantly,1
convenience_meals,hyperclovax,1000185462,1,white,1
convenience_meals,hyperclovax,1000185462,1,color,1
convenience_meals,hyperclovax,1000185462,1,text,1
convenience_meals,hyperclovax,1000185462,1,indicate,1
convenience_meals,hyperclovax,1000185462,1,different,1
convenience_meals,hyperclovax,1000185462,1,flavor,1
convenience_meals,hyperclovax,1000185462,1,clear,1
convenience_meals,hyperclovax,1000185462,1,weight,1
convenience_meals,hyperclovax,1000185462,1,label,1
convenience_meals,hyperclovax,1000185462,1,500g,1
convenience_meals,hyperclovax,1000185462,1,arrange,1
convenience_meals,hyperclovax,1000185462,1,grid,1
convenience_meals,hyperclovax,1000185462,1,pattern,1
convenience_meals,hyperclovax,1000185462,1,gray,1
convenience_meals,hyperclovax,1000185462,1,surface,1
convenience_meals,hyperclovax,1000185462,1,slightly,1
convenience_meals,hyperclovax,1000185462,1,overlap,1
convenience_meals,hyperclovax,1000185462,1,create,1
convenience_meals,hyperclovax,1000185462,1,visually,1
convenience_meals,hyperclovax,1000185462,1,appeal,1
convenience_meals,hyperclovax,1000185462,2,main,1
convenience_meals,hyperclovax,1000185462,2,food,1
convenience_meals,hyperclovax,1000185462,2,product,3
convenience_meals,hyperclovax,1000185462,2,frozen,1
convenience_meals,hyperclovax,1000185462,2,riceballs,2
convenience_meals,hyperclovax,1000185462,2,package,2
convenience_meals,hyperclovax,1000185462,2,plastic,1
convenience_meals,hyperclovax,1000185462,2,pouch,1
convenience_meals,hyperclovax,1000185462,2,white,2
convenience_meals,hyperclovax,1000185462,2,red,2
convenience_meals,hyperclovax,1000185462,2,color,1
convenience_meals,hyperclovax,1000185462,2,scheme,1
convenience_meals,hyperclovax,1000185462,2,cooked,1
convenience_meals,hyperclovax,1000185462,2,plate,1
convenience_meals,hyperclovax,1000185462,2,green,1
convenience_meals,hyperclovax,1000185462,2,garnish,1
convenience_meals,hyperclovax,1000185462,2,prominent,1
convenience_meals,hyperclovax,1000185462,2,circular,1
convenience_meals,hyperclovax,1000185462,2,logo,1
convenience_meals,hyperclovax,1000185462,2,brand,1
convenience_meals,hyperclovax,1000185462,2,햇반,1
convenience_meals,hyperclovax,1000185462,2,text,2
convenience_meals,hyperclovax,1000185462,2,packaging,1
convenience_meals,hyperclovax,1000185462,2,include,1
convenience_meals,hyperclovax,1000185462,2,indicate,1
convenience_meals,hyperclovax,1000185462,2,김치치즈주먹밥,1
convenience_meals,hyperclovax,1000185462,2,참치마요주먹밥,1
convenience_meals,hyperclovax,1000185462,2,치즈닭갈비주먹밥,1
convenience_meals,hyperclovax,1000185462,2,불고기주먹밥,1
convenience_meals,hyperclovax,1000185462,2,balls,1
convenience_meals,hyperclovax,1000185462,2,스팸김치주먹밥,1
convenience_meals,hyperclovax,1000185462,2,버터장조림주먹밥,1
convenience_meals,hyperclovax,1000185462,2,butter,1
convenience_meals,hyperclovax,1000185462,2,marinated,1
convenience_meals,hyperclovax,1000185462,2,stuffed,1
convenience_meals,hyperclovax,1000185462,2,rice,1
convenience_meals,hyperclovax,1000202889,1,main,1
convenience_meals,hyperclovax,1000202889,1,food,1
convenience_meals,hyperclovax,1000202889,1,product,6
convenience_meals,hyperclovax,1000202889,1,instant,1
convenience_meals,hyperclovax,1000202889,1,rice,3
convenience_meals,hyperclovax,1000202889,1,packaging,4
convenience_meals,hyperclovax,1000202889,1,predominantly,1
convenience_meals,hyperclovax,1000202889,1,white,1
convenience_meals,hyperclovax,1000202889,1,red,1
convenience_meals,hyperclovax,1000202889,1,circular,1
convenience_meals,hyperclovax,1000202889,1,logo,2
convenience_meals,hyperclovax,1000202889,1,text,3
convenience_meals,hyperclovax,1000202889,1,read,1
convenience_meals,hyperclovax,1000202889,1,햇반,1
convenience_meals,hyperclovax,1000202889,1,즉석밥,1
convenience_meals,hyperclovax,1000202889,1,box,2
convenience_meals,hyperclovax,1000202889,1,plastic,1
convenience_meals,hyperclovax,1000202889,1,window,1
convenience_meals,hyperclovax,1000202889,1,inside,1
convenience_meals,hyperclovax,1000202889,1,label,1
convenience_meals,hyperclovax,1000202889,1,6개입,1
convenience_meals,hyperclovax,1000202889,1,bowl,2
convenience_meals,hyperclovax,1000202889,1,include,1
convenience_meals,hyperclovax,1000202889,1,small,1
convenience_meals,hyperclovax,1000202889,1,highlight,1
convenience_meals,hyperclovax,1000202889,1,brand,1
convenience_meals,hyperclovax,1000202889,1,type,1
convenience_meals,hyperclovax,1000202889,1,additional,1
convenience_meals,hyperclovax,1000202889,1,korean,1
convenience_meals,hyperclovax,1000202889,1,likely,1
convenience_meals,hyperclovax,1000202889,1,describe,1
convenience_meals,hyperclovax,1000202889,1,benefit,1
convenience_meals,hyperclovax,1000202889,1,overall,1
convenience_meals,hyperclovax,1000202889,1,presentation,1
convenience_meals,hyperclovax,1000202889,1,clean,1
convenience_meals,hyperclovax,1000202889,1,straightforward,1
convenience_meals,hyperclovax,1000202889,1,focus,1
convenience_meals,hyperclovax,1000202889,1,branding,1
convenience_meals,hyperclovax,1000202889,1,detail,1
convenience_meals,hyperclovax,1000202889,2,main,1
convenience_meals,hyperclovax,1000202889,2,food,1
convenience_meals,hyperclovax,1000202889,2,product,5
convenience_meals,hyperclovax,1000202889,2,rice,5
convenience_meals,hyperclovax,1000202889,2,specifically,1
convenience_meals,hyperclovax,1000202889,2,package,1
convenience_meals,hyperclovax,1000202889,2,packaging,4
convenience_meals,hyperclovax,1000202889,2,predominantly,1
convenience_meals,hyperclovax,1000202889,2,white,2
convenience_meals,hyperclovax,1000202889,2,red,1
convenience_meals,hyperclovax,1000202889,2,circular,1
convenience_meals,hyperclovax,1000202889,2,logo,1
convenience_meals,hyperclovax,1000202889,2,read,1
convenience_meals,hyperclovax,1000202889,2,햇반,1
convenience_meals,hyperclovax,1000202889,2,brand,1
convenience_meals,hyperclovax,1000202889,2,bowl,1
convenience_meals,hyperclovax,1000202889,2,smooth,1
convenience_meals,hyperclovax,1000202889,2,surface,1
convenience_meals,hyperclovax,1000202889,2,texture,1
convenience_meals,hyperclovax,1000202889,2,indicate,2
convenience_meals,hyperclovax,1000202889,2,kurly_only,1
convenience_meals,hyperclovax,1000202889,2,box,1
convenience_meals,hyperclovax,1000202889,2,label,1
convenience_meals,hyperclovax,1000202889,2,햇반_언제나_향긋한_골든퀸쌀밥,1
convenience_meals,hyperclovax,1000202889,2,suggest,1
convenience_meals,hyperclovax,1000202889,2,state,1
convenience_meals,hyperclovax,1000202889,2,210_g_6개입,1
convenience_meals,hyperclovax,1000202889,2,weight,1
convenience_meals,hyperclovax,1000202889,2,quantity,1
convenience_meals,hyperclovax,1000202889,2,overall,1
convenience_meals,hyperclovax,1000202889,2,presentation,1
convenience_meals,hyperclovax,1000202889,2,clean,1
convenience_meals,hyperclovax,1000202889,2,straightforward,1
convenience_meals,hyperclovax,1000202889,2,focus,1
convenience_meals,hyperclovax,1000202889,2,detail,1
convenience_meals,hyperclovax,1000308975,1,main,1
convenience_meals,hyperclovax,1000308975,1,food,1
convenience_meals,hyperclovax,1000308975,1,product,2
convenience_meals,hyperclovax,1000308975,1,bag,3
convenience_meals,hyperclovax,1000308975,1,99닭강정,1
convenience_meals,hyperclovax,1000308975,1,packaging,1
convenience_meals,hyperclovax,1000308975,1,brown,2
convenience_meals,hyperclovax,1000308975,1,paper,1
convenience_meals,hyperclovax,1000308975,1,print,1
convenience_meals,hyperclovax,1000308975,1,consist,1
convenience_meals,hyperclovax,1000308975,1,small,3
convenience_meals,hyperclovax,1000308975,1,round,1
convenience_meals,hyperclovax,1000308975,1,fried,1
convenience_meals,hyperclovax,1000308975,1,snack,2
convenience_meals,hyperclovax,1000308975,1,coat,1
convenience_meals,hyperclovax,1000308975,1,glossy,2
convenience_meals,hyperclovax,1000308975,1,reddish,1
convenience_meals,hyperclovax,1000308975,1,sauce,2
convenience_meals,hyperclovax,1000308975,1,prominently,1
convenience_meals,hyperclovax,1000308975,1,text,2
convenience_meals,hyperclovax,1000308975,1,99닭강정_by_curly,1
convenience_meals,hyperclovax,1000308975,1,large,1
convenience_meals,hyperclovax,1000308975,1,bold,1
convenience_meals,hyperclovax,1000308975,1,letter,1
convenience_meals,hyperclovax,1000308975,1,read,1
convenience_meals,hyperclovax,1000308975,1,양은_푸짐하게_맛은_확실하게,1
convenience_meals,hyperclovax,1000308975,1,close,1
convenience_meals,hyperclovax,1000308975,1,white,1
convenience_meals,hyperclovax,1000308975,1,plate,1
convenience_meals,hyperclovax,1000308975,1,portion,1
convenience_meals,hyperclovax,1000308975,1,fork,1
convenience_meals,hyperclovax,1000308975,1,highlight,1
convenience_meals,hyperclovax,1000308975,1,crispy,1
convenience_meals,hyperclovax,1000308975,1,texture,1
convenience_meals,hyperclovax,1000308975,1,rich,1
convenience_meals,hyperclovax,1000308975,1,coating,1
convenience_meals,hyperclovax,1000308975,2,main,1
convenience_meals,hyperclovax,1000308975,2,food,3
convenience_meals,hyperclovax,1000308975,2,plate,2
convenience_meals,hyperclovax,1000308975,2,fried,1
convenience_meals,hyperclovax,1000308975,2,dakgangjeong,2
convenience_meals,hyperclovax,1000308975,2,coat,1
convenience_meals,hyperclovax,1000308975,2,glossy,2
convenience_meals,hyperclovax,1000308975,2,reddish,1
convenience_meals,hyperclovax,1000308975,2,brown,2
convenience_meals,hyperclovax,1000308975,2,sauce,3
convenience_meals,hyperclovax,1000308975,2,shiny,1
convenience_meals,hyperclovax,1000308975,2,appearance,1
convenience_meals,hyperclovax,1000308975,2,arrange,1
convenience_meals,hyperclovax,1000308975,2,pile,1
convenience_meals,hyperclovax,1000308975,2,white,1
convenience_meals,hyperclovax,1000308975,2,oval,1
convenience_meals,hyperclovax,1000308975,2,piece,1
convenience_meals,hyperclovax,1000308975,2,cut,1
convenience_meals,hyperclovax,1000308975,2,half,1
convenience_meals,hyperclovax,1000308975,2,reveal,1
convenience_meals,hyperclovax,1000308975,2,crispy,1
convenience_meals,hyperclovax,1000308975,2,golden,1
convenience_meals,hyperclovax,1000308975,2,interior,1
convenience_meals,hyperclovax,1000308975,2,sheen,1
convenience_meals,hyperclovax,1000308975,2,suggest,1
convenience_meals,hyperclovax,1000308975,2,sweet,1
convenience_meals,hyperclovax,1000308975,2,spicy,1
convenience_meals,hyperclovax,1000308975,2,flavor,1
convenience_meals,hyperclovax,1000308975,2,plain,1
convenience_meals,hyperclovax,1000308975,2,solid,1
convenience_meals,hyperclovax,1000308975,2,color,1
convenience_meals,hyperclovax,1000308975,2,focus,1
convenience_meals,hyperclovax,1000308975,2,present,1
convenience_meals,hyperclovax,1000308975,2,simple,1
convenience_meals,hyperclovax,1000308975,2,appetizing,1
convenience_meals,hyperclovax,1000308975,2,manner,1
convenience_meals,hyperclovax,1000308975,2,emphasize,1
convenience_meals,hyperclovax,1000308975,2,texture,1
convenience_meals,hyperclovax,1000572062,1,main,1
convenience_meals,hyperclovax,1000572062,1,food,2
convenience_meals,hyperclovax,1000572062,1,pot,2
convenience_meals,hyperclovax,1000572062,1,beef,3
convenience_meals,hyperclovax,1000572062,1,soup,5
convenience_meals,hyperclovax,1000572062,1,rich,1
convenience_meals,hyperclovax,1000572062,1,broth,2
convenience_meals,hyperclovax,1000572062,1,sliced,1
convenience_meals,hyperclovax,1000572062,1,mushroom,2
convenience_meals,hyperclovax,1000572062,1,green,2
convenience_meals,hyperclovax,1000572062,1,onion,2
convenience_meals,hyperclovax,1000572062,1,brown,3
convenience_meals,hyperclovax,1000572062,1,cook,1
convenience_meals,hyperclovax,1000572062,1,light,2
convenience_meals,hyperclovax,1000572062,1,slightly,1
convenience_meals,hyperclovax,1000572062,1,glossy,1
convenience_meals,hyperclovax,1000572062,1,texture,1
convenience_meals,hyperclovax,1000572062,1,indicate,1
convenience_meals,hyperclovax,1000572062,1,sautéed,1
convenience_meals,hyperclovax,1000572062,1,chop,1
convenience_meals,hyperclovax,1000572062,1,scatter,1
convenience_meals,hyperclovax,1000572062,1,add,1
convenience_meals,hyperclovax,1000572062,1,pop,1
convenience_meals,hyperclovax,1000572062,1,color,2
convenience_meals,hyperclovax,1000572062,1,serve,1
convenience_meals,hyperclovax,1000572062,1,black,1
convenience_meals,hyperclovax,1000572062,1,2,1
convenience_meals,hyperclovax,1000572062,1,handle,1
convenience_meals,hyperclovax,1000572062,1,clear,1
convenience_meals,hyperclovax,1000572062,1,include,1
convenience_meals,hyperclovax,1000572062,1,package,1
convenience_meals,hyperclovax,1000572062,1,meat,1
convenience_meals,hyperclovax,1000572062,1,vegetable,1
convenience_meals,hyperclovax,1000572062,1,suggest,1
convenience_meals,hyperclovax,1000572062,1,ingredient,1
convenience_meals,hyperclovax,1000572062,1,preparation,1
convenience_meals,hyperclovax,1000572062,1,packaging,1
convenience_meals,hyperclovax,1000572062,1,transparent,1
convenience_meals,hyperclovax,1000572062,1,allow,1
convenience_meals,hyperclovax,1000572062,1,content,1
convenience_meals,hyperclovax,1000572062,1,clearly,1
convenience_meals,hyperclovax,1000572062,1,visible,1
convenience_meals,hyperclovax,1000572062,1,overall,1
convenience_meals,hyperclovax,1000572062,1,presentation,1
convenience_meals,hyperclovax,1000572062,1,simple,1
convenience_meals,hyperclovax,1000572062,1,focus,1
convenience_meals,hyperclovax,1000572062,2,main,1
convenience_meals,hyperclovax,1000572062,2,food,1
convenience_meals,hyperclovax,1000572062,2,bowl,2
convenience_meals,hyperclovax,1000572062,2,beef,2
convenience_meals,hyperclovax,1000572062,2,stew,3
convenience_meals,hyperclovax,1000572062,2,rich,1
convenience_meals,hyperclovax,1000572062,2,dark,1
convenience_meals,hyperclovax,1000572062,2,broth,3
convenience_meals,hyperclovax,1000572062,2,tender,1
convenience_meals,hyperclovax,1000572062,2,piece,1
convenience_meals,hyperclovax,1000572062,2,variety,1
convenience_meals,hyperclovax,1000572062,2,vegetable,2
convenience_meals,hyperclovax,1000572062,2,visible,1
convenience_meals,hyperclovax,1000572062,2,ingredient,1
convenience_meals,hyperclovax,1000572062,2,include,1
convenience_meals,hyperclovax,1000572062,2,slice,1
convenience_meals,hyperclovax,1000572062,2,mushroom,1
convenience_meals,hyperclovax,1000572062,2,thinly,1
convenience_meals,hyperclovax,1000572062,2,cut,1
convenience_meals,hyperclovax,1000572062,2,carrot,1
convenience_meals,hyperclovax,1000572062,2,green,1
convenience_meals,hyperclovax,1000572062,2,onion,1
convenience_meals,hyperclovax,1000572062,2,mix,1
convenience_meals,hyperclovax,1000572062,2,serve,1
convenience_meals,hyperclovax,1000572062,2,black,1
convenience_meals,hyperclovax,1000572062,2,round,1
convenience_meals,hyperclovax,1000572062,2,shallow,1
convenience_meals,hyperclovax,1000572062,2,2,1
convenience_meals,hyperclovax,1000572062,2,handle,1
convenience_meals,hyperclovax,1000572062,2,side,1
convenience_meals,hyperclovax,1000572062,2,flat,1
convenience_meals,hyperclovax,1000572062,2,light,1
convenience_meals,hyperclovax,1000572062,2,gray,1
convenience_meals,hyperclovax,1000572062,2,surface,1
convenience_meals,hyperclovax,1000572062,2,overall,1
convenience_meals,hyperclovax,1000572062,2,appearance,1
convenience_meals,hyperclovax,1000572062,2,suggest,1
convenience_meals,hyperclovax,1000572062,2,hearty,1
convenience_meals,hyperclovax,1000572062,2,savory,1
convenience_meals,hyperclovax,1000572062,2,dish,1
convenience_meals,hyperclovax,1000572062,2,focus,1
convenience_meals,hyperclovax,1000572062,2,meat,1
convenience_meals,hyperclovax,1000572062,2,flavorful,1
convenience_meals,hyperclovax,1000619042,1,main,1
convenience_meals,hyperclovax,1000619042,1,food,1
convenience_meals,hyperclovax,1000619042,1,product,2
convenience_meals,hyperclovax,1000619042,1,package,1
convenience_meals,hyperclovax,1000619042,1,bibigo_통새우_만두,1
convenience_meals,hyperclovax,1000619042,1,dumpling,2
convenience_meals,hyperclovax,1000619042,1,white,1
convenience_meals,hyperclovax,1000619042,1,plate,1
convenience_meals,hyperclovax,1000619042,1,light,1
convenience_meals,hyperclovax,1000619042,1,gray,1
convenience_meals,hyperclovax,1000619042,1,golden,1
convenience_meals,hyperclovax,1000619042,1,brown,1
convenience_meals,hyperclovax,1000619042,1,crispy,1
convenience_meals,hyperclovax,1000619042,1,exterior,1
convenience_meals,hyperclovax,1000619042,1,fill,1
convenience_meals,hyperclovax,1000619042,1,shrimp,1
convenience_meals,hyperclovax,1000619042,1,visible,1
convenience_meals,hyperclovax,1000619042,1,open,1
convenience_meals,hyperclovax,1000619042,1,end,1
convenience_meals,hyperclovax,1000619042,1,packaging,2
convenience_meals,hyperclovax,1000619042,1,green,1
convenience_meals,hyperclovax,1000619042,1,print,1
convenience_meals,hyperclovax,1000619042,1,inside,1
convenience_meals,hyperclovax,1000619042,1,brand,1
convenience_meals,hyperclovax,1000619042,1,bibigo,1
convenience_meals,hyperclovax,1000619042,1,통새우_만두,1
convenience_meals,hyperclovax,1000619042,1,korean,1
convenience_meals,hyperclovax,1000619042,1,english,1
convenience_meals,hyperclovax,1000619042,1,include,1
convenience_meals,hyperclovax,1000619042,1,nutritional,1
convenience_meals,hyperclovax,1000619042,1,information,1
convenience_meals,hyperclovax,1000619042,1,weight,1
convenience_meals,hyperclovax,1000619042,1,200g,1
convenience_meals,hyperclovax,1000619042,2,main,1
convenience_meals,hyperclovax,1000619042,2,food,1
convenience_meals,hyperclovax,1000619042,2,plate,2
convenience_meals,hyperclovax,1000619042,2,dumpling,5
convenience_meals,hyperclovax,1000619042,2,golden,1
convenience_meals,hyperclovax,1000619042,2,brown,1
convenience_meals,hyperclovax,1000619042,2,crispy,1
convenience_meals,hyperclovax,1000619042,2,exterior,1
convenience_meals,hyperclovax,1000619042,2,suggest,1
convenience_meals,hyperclovax,1000619042,2,fry,1
convenience_meals,hyperclovax,1000619042,2,bake,1
convenience_meals,hyperclovax,1000619042,2,filling,2
convenience_meals,hyperclovax,1000619042,2,visible,1
convenience_meals,hyperclovax,1000619042,2,open,2
convenience_meals,hyperclovax,1000619042,2,end,1
convenience_meals,hyperclovax,1000619042,2,reveal,1
convenience_meals,hyperclovax,1000619042,2,mixture,1
convenience_meals,hyperclovax,1000619042,2,shrimp,1
convenience_meals,hyperclovax,1000619042,2,green,1
convenience_meals,hyperclovax,1000619042,2,vegetable,1
convenience_meals,hyperclovax,1000619042,2,likely,1
convenience_meals,hyperclovax,1000619042,2,chive,1
convenience_meals,hyperclovax,1000619042,2,cilantro,1
convenience_meals,hyperclovax,1000619042,2,arrange,1
convenience_meals,hyperclovax,1000619042,2,semi,1
convenience_meals,hyperclovax,1000619042,2,circle,1
convenience_meals,hyperclovax,1000619042,2,white,1
convenience_meals,hyperclovax,1000619042,2,piece,1
convenience_meals,hyperclovax,1000619042,2,cut,1
convenience_meals,hyperclovax,1000619042,2,inside,1
convenience_meals,hyperclovax,1000619042,2,freshly,1
convenience_meals,hyperclovax,1000619042,2,cook,2
convenience_meals,hyperclovax,1000619042,2,slightly,1
convenience_meals,hyperclovax,1000619042,2,charred,1
convenience_meals,hyperclovax,1000619042,2,texture,1
convenience_meals,hyperclovax,1000619042,2,edge,1
convenience_meals,hyperclovax,1000619042,2,indicate,1
convenience_meals,hyperclovax,1000619042,2,high,1
convenience_meals,hyperclovax,1000619042,2,temperature,1
convenience_meals,hyperclovax,1000619042,2,overall,1
convenience_meals,hyperclovax,1000619042,2,presentation,1
convenience_meals,hyperclovax,1000619042,2,simple,1
convenience_meals,hyperclovax,1000619042,2,clean,1
convenience_meals,hyperclovax,1000619042,2,focus,1
convenience_meals,hyperclovax,1000619042,2,appetizing,1
convenience_meals,hyperclovax,1000619042,2,appearance,1
convenience_meals,hyperclovax,1000765126,1,main,1
convenience_meals,hyperclovax,1000765126,1,food,2
convenience_meals,hyperclovax,1000765126,1,plate,2
convenience_meals,hyperclovax,1000765126,1,dumpling,3
convenience_meals,hyperclovax,1000765126,1,golden,1
convenience_meals,hyperclovax,1000765126,1,brown,1
convenience_meals,hyperclovax,1000765126,1,slightly,1
convenience_meals,hyperclovax,1000765126,1,crispy,1
convenience_meals,hyperclovax,1000765126,1,texture,1
convenience_meals,hyperclovax,1000765126,1,indicate,1
convenience_meals,hyperclovax,1000765126,1,likely,1
convenience_meals,hyperclovax,1000765126,1,fry,1
convenience_meals,hyperclovax,1000765126,1,baked,1
convenience_meals,hyperclovax,1000765126,1,arrange,1
convenience_meals,hyperclovax,1000765126,1,circular,1
convenience_meals,hyperclovax,1000765126,1,pattern,1
convenience_meals,hyperclovax,1000765126,1,light,1
convenience_meals,hyperclovax,1000765126,1,gray,1
convenience_meals,hyperclovax,1000765126,1,piece,1
convenience_meals,hyperclovax,1000765126,1,cut,1
convenience_meals,hyperclovax,1000765126,1,open,1
convenience_meals,hyperclovax,1000765126,1,reveal,1
convenience_meals,hyperclovax,1000765126,1,green,1
convenience_meals,hyperclovax,1000765126,1,filling,1
convenience_meals,hyperclovax,1000765126,1,inside,1
convenience_meals,hyperclovax,1000765126,1,pleated,1
convenience_meals,hyperclovax,1000765126,1,edge,1
convenience_meals,hyperclovax,1000765126,1,common,1
convenience_meals,hyperclovax,1000765126,1,dumple,1
convenience_meals,hyperclovax,1000765126,1,recipe,1
convenience_meals,hyperclovax,1000765126,1,overall,1
convenience_meals,hyperclovax,1000765126,1,presentation,1
convenience_meals,hyperclovax,1000765126,1,simple,1
convenience_meals,hyperclovax,1000765126,1,clean,1
convenience_meals,hyperclovax,1000765126,1,focus,1
convenience_meals,hyperclovax,1000765126,1,item,1
convenience_meals,hyperclovax,1000765126,2,main,1
convenience_meals,hyperclovax,1000765126,2,food,1
convenience_meals,hyperclovax,1000765126,2,type,1
convenience_meals,hyperclovax,1000765126,2,dumple,1
convenience_meals,hyperclovax,1000765126,2,dumpling,3
convenience_meals,hyperclovax,1000765126,2,golden,2
convenience_meals,hyperclovax,1000765126,2,brown,2
convenience_meals,hyperclovax,1000765126,2,crispy,1
convenience_meals,hyperclovax,1000765126,2,exterior,1
convenience_meals,hyperclovax,1000765126,2,slightly,1
convenience_meals,hyperclovax,1000765126,2,texture,2
convenience_meals,hyperclovax,1000765126,2,indicate,1
convenience_meals,hyperclovax,1000765126,2,likely,1
convenience_meals,hyperclovax,1000765126,2,deep,1
convenience_meals,hyperclovax,1000765126,2,fry,1
convenience_meals,hyperclovax,1000765126,2,filling,2
convenience_meals,hyperclovax,1000765126,2,inside,1
convenience_meals,hyperclovax,1000765126,2,mixture,1
convenience_meals,hyperclovax,1000765126,2,vegetable,2
convenience_meals,hyperclovax,1000765126,2,possibly,1
convenience_meals,hyperclovax,1000765126,2,meat,1
convenience_meals,hyperclovax,1000765126,2,visible,1
convenience_meals,hyperclovax,1000765126,2,green,1
convenience_meals,hyperclovax,1000765126,2,piece,1
convenience_meals,hyperclovax,1000765126,2,white,2
convenience_meals,hyperclovax,1000765126,2,ingredient,1
convenience_meals,hyperclovax,1000765126,2,arrange,1
convenience_meals,hyperclovax,1000765126,2,plate,1
convenience_meals,hyperclovax,1000765126,2,contrast,1
convenience_meals,hyperclovax,1000765126,2,purple,1
convenience_meals,hyperclovax,1000765126,2,highlight,1
convenience_meals,hyperclovax,1000765126,2,hue,1
convenience_meals,hyperclovax,1000765126,2,present,1
convenience_meals,hyperclovax,1000765126,2,way,1
convenience_meals,hyperclovax,1000765126,2,showcase,1
convenience_meals,hyperclovax,1000765126,2,emphasize,1
convenience_meals,hyperclovax,1000765126,2,appetizing,1
convenience_meals,hyperclovax,1000765126,2,appearance,1
convenience_meals,hyperclovax,1000811962,1,main,1
convenience_meals,hyperclovax,1000811962,1,food,2
convenience_meals,hyperclovax,1000811962,1,pot,3
convenience_meals,hyperclovax,1000811962,1,seafood,3
convenience_meals,hyperclovax,1000811962,1,stew,4
convenience_meals,hyperclovax,1000811962,1,rich,1
convenience_meals,hyperclovax,1000811962,1,reddish,1
convenience_meals,hyperclovax,1000811962,1,orange,1
convenience_meals,hyperclovax,1000811962,1,broth,2
convenience_meals,hyperclovax,1000811962,1,visible,1
convenience_meals,hyperclovax,1000811962,1,piece,1
convenience_meals,hyperclovax,1000811962,1,shrimp,1
convenience_meals,hyperclovax,1000811962,1,squid,1
convenience_meals,hyperclovax,1000811962,1,possibly,1
convenience_meals,hyperclovax,1000811962,1,octopus,1
convenience_meals,hyperclovax,1000811962,1,mix,1
convenience_meals,hyperclovax,1000811962,1,green,2
convenience_meals,hyperclovax,1000811962,1,herb,1
convenience_meals,hyperclovax,1000811962,1,dark,1
convenience_meals,hyperclovax,1000811962,1,leafy,1
convenience_meals,hyperclovax,1000811962,1,garnish,1
convenience_meals,hyperclovax,1000811962,1,top,1
convenience_meals,hyperclovax,1000811962,1,black,1
convenience_meals,hyperclovax,1000811962,1,2,1
convenience_meals,hyperclovax,1000811962,1,handle,1
convenience_meals,hyperclovax,1000811962,1,side,1
convenience_meals,hyperclovax,1000811962,1,present,1
convenience_meals,hyperclovax,1000811962,1,single,1
convenience_meals,hyperclovax,1000811962,1,large,1
convenience_meals,hyperclovax,1000811962,1,round,1
convenience_meals,hyperclovax,1000811962,1,include,1
convenience_meals,hyperclovax,1000811962,1,white,1
convenience_meals,hyperclovax,1000811962,1,tray,1
convenience_meals,hyperclovax,1000811962,1,package,1
convenience_meals,hyperclovax,1000811962,1,item,1
convenience_meals,hyperclovax,1000811962,1,suggest,1
convenience_meals,hyperclovax,1000811962,1,homemade,1
convenience_meals,hyperclovax,1000811962,1,freshly,1
convenience_meals,hyperclovax,1000811962,1,prepare,1
convenience_meals,hyperclovax,1000811962,1,dish,1
convenience_meals,hyperclovax,1000811962,1,surface,1
convenience_meals,hyperclovax,1000811962,1,texture,2
convenience_meals,hyperclovax,1000811962,1,smooth,1
convenience_meals,hyperclovax,1000811962,1,slight,1
convenience_meals,hyperclovax,1000811962,1,variation,1
convenience_meals,hyperclovax,1000811962,1,consistency,1
convenience_meals,hyperclovax,1000811962,1,ingredient,1
convenience_meals,hyperclovax,1000811962,1,overall,1
convenience_meals,hyperclovax,1000811962,1,presentation,1
convenience_meals,hyperclovax,1000811962,1,simple,1
convenience_meals,hyperclovax,1000811962,1,focus,1
convenience_meals,hyperclovax,1000811962,1,vibrant,1
convenience_meals,hyperclovax,1000811962,1,color,1
convenience_meals,hyperclovax,1000811962,2,main,1
convenience_meals,hyperclovax,1000811962,2,food,1
convenience_meals,hyperclovax,1000811962,2,spicy,2
convenience_meals,hyperclovax,1000811962,2,seafood,3
convenience_meals,hyperclovax,1000811962,2,stew,4
convenience_meals,hyperclovax,1000811962,2,rich,1
convenience_meals,hyperclovax,1000811962,2,reddish,1
convenience_meals,hyperclovax,1000811962,2,orange,1
convenience_meals,hyperclovax,1000811962,2,broth,1
convenience_meals,hyperclovax,1000811962,2,visible,1
convenience_meals,hyperclovax,1000811962,2,piece,1
convenience_meals,hyperclovax,1000811962,2,shrimp,1
convenience_meals,hyperclovax,1000811962,2,octopus,1
convenience_meals,hyperclovax,1000811962,2,green,2
convenience_meals,hyperclovax,1000811962,2,onion,1
convenience_meals,hyperclovax,1000811962,2,coat,1
convenience_meals,hyperclovax,1000811962,2,sauce,1
convenience_meals,hyperclovax,1000811962,2,dark,2
convenience_meals,hyperclovax,1000811962,2,leaf,1
convenience_meals,hyperclovax,1000811962,2,possibly,1
convenience_meals,hyperclovax,1000811962,2,seaweed,1
convenience_meals,hyperclovax,1000811962,2,add,2
convenience_meals,hyperclovax,1000811962,2,contrast,1
convenience_meals,hyperclovax,1000811962,2,color,2
convenience_meals,hyperclovax,1000811962,2,texture,3
convenience_meals,hyperclovax,1000811962,2,dish,2
convenience_meals,hyperclovax,1000811962,2,serve,1
convenience_meals,hyperclovax,1000811962,2,black,1
convenience_meals,hyperclovax,1000811962,2,cast,1
convenience_meals,hyperclovax,1000811962,2,iron,1
convenience_meals,hyperclovax,1000811962,2,pan,2
convenience_meals,hyperclovax,1000811962,2,common,1
convenience_meals,hyperclovax,1000811962,2,choice,1
convenience_meals,hyperclovax,1000811962,2,cook,1
convenience_meals,hyperclovax,1000811962,2,heat,2
convenience_meals,hyperclovax,1000811962,2,distribution,1
convenience_meals,hyperclovax,1000811962,2,ability,1
convenience_meals,hyperclovax,1000811962,2,retain,1
convenience_meals,hyperclovax,1000811962,2,surface,1
convenience_meals,hyperclovax,1000811962,2,slightly,1
convenience_meals,hyperclovax,1000811962,2,crispy,1
convenience_meals,hyperclovax,1000811962,2,suggest,1
convenience_meals,hyperclovax,1000811962,2,fry,1
convenience_meals,hyperclovax,1000811962,2,sautéed,1
convenience_meals,hyperclovax,1000811962,2,overall,1
convenience_meals,hyperclovax,1000811962,2,presentation,1
convenience_meals,hyperclovax,1000811962,2,appetizing,1
convenience_meals,hyperclovax,1000811962,2,vibrant,1
convenience_meals,hyperclovax,1000811962,2,ingredient,1
convenience_meals,hyperclovax,1000811962,2,stand,1
convenience_meals,hyperclovax,1000832403,1,main,1
convenience_meals,hyperclovax,1000832403,1,food,1
convenience_meals,hyperclovax,1000832403,1,product,3
convenience_meals,hyperclovax,1000832403,1,box,4
convenience_meals,hyperclovax,1000832403,1,instant,1
convenience_meals,hyperclovax,1000832403,1,rice,2
convenience_meals,hyperclovax,1000832403,1,rectangular,1
convenience_meals,hyperclovax,1000832403,1,light,2
convenience_meals,hyperclovax,1000832403,1,beige,1
convenience_meals,hyperclovax,1000832403,1,color,1
convenience_meals,hyperclovax,1000832403,1,text,2
convenience_meals,hyperclovax,1000832403,1,korean,1
convenience_meals,hyperclovax,1000832403,1,english,1
convenience_meals,hyperclovax,1000832403,1,read,1
convenience_meals,hyperclovax,1000832403,1,햇반,1
convenience_meals,hyperclovax,1000832403,1,언제나_향긋한_골든퀸현미밥,1
convenience_meals,hyperclovax,1000832403,1,indicate,1
convenience_meals,hyperclovax,1000832403,1,brand,1
convenience_meals,hyperclovax,1000832403,1,packaging,1
convenience_meals,hyperclovax,1000832403,1,predominantly,1
convenience_meals,hyperclovax,1000832403,1,white,1
convenience_meals,hyperclovax,1000832403,1,blue,1
convenience_meals,hyperclovax,1000832403,1,red,1
convenience_meals,hyperclovax,1000832403,1,accent,1
convenience_meals,hyperclovax,1000832403,1,label,1
convenience_meals,hyperclovax,1000832403,1,6개입,1
convenience_meals,hyperclovax,1000832403,1,200g,1
convenience_meals,hyperclovax,1000832403,1,6g,1
convenience_meals,hyperclovax,1000832403,1,specify,1
convenience_meals,hyperclovax,1000832403,1,quantity,1
convenience_meals,hyperclovax,1000832403,1,weight,1
convenience_meals,hyperclovax,1000832403,1,content,1
convenience_meals,hyperclovax,1000832403,1,bowl,1
convenience_meals,hyperclovax,1000832403,1,brown,1
convenience_meals,hyperclovax,1000832403,1,cook,1
convenience_meals,hyperclovax,1000832403,1,smooth,1
convenience_meals,hyperclovax,1000832403,1,texture,1
convenience_meals,hyperclovax,1000832403,1,overall,1
convenience_meals,hyperclovax,1000832403,1,presentation,1
convenience_meals,hyperclovax,1000832403,1,clean,1
convenience_meals,hyperclovax,1000832403,1,straightforward,1
convenience_meals,hyperclovax,1000832403,1,focus,1
convenience_meals,hyperclovax,1000832403,1,branding,1
convenience_meals,hyperclovax,1000832403,1,nutritional,1
convenience_meals,hyperclovax,1000832403,1,information,1
convenience_meals,hyperclovax,1000832403,2,main,1
convenience_meals,hyperclovax,1000832403,2,food,1
convenience_meals,hyperclovax,1000832403,2,product,1
convenience_meals,hyperclovax,1000832403,2,cook,1
convenience_meals,hyperclovax,1000832403,2,brown,1
convenience_meals,hyperclovax,1000832403,2,rice,7
convenience_meals,hyperclovax,1000832403,2,grain,2
convenience_meals,hyperclovax,1000832403,2,small,1
convenience_meals,hyperclovax,1000832403,2,oval,1
convenience_meals,hyperclovax,1000832403,2,shape,2
convenience_meals,hyperclovax,1000832403,2,pale,2
convenience_meals,hyperclovax,1000832403,2,yellow,2
convenience_meals,hyperclovax,1000832403,2,color,3
convenience_meals,hyperclovax,1000832403,2,slight,1
convenience_meals,hyperclovax,1000832403,2,variation,2
convenience_meals,hyperclovax,1000832403,2,shade,1
convenience_meals,hyperclovax,1000832403,2,indicate,1
convenience_meals,hyperclovax,1000832403,2,natural,1
convenience_meals,hyperclovax,1000832403,2,surface,1
convenience_meals,hyperclovax,1000832403,2,texture,2
convenience_meals,hyperclovax,1000832403,2,smooth,2
convenience_meals,hyperclovax,1000832403,2,glossy,1
convenience_meals,hyperclovax,1000832403,2,white,2
convenience_meals,hyperclovax,1000832403,2,plastic,1
convenience_meals,hyperclovax,1000832403,2,bowl,3
convenience_meals,hyperclovax,1000832403,2,partially,1
convenience_meals,hyperclovax,1000832403,2,fill,1
convenience_meals,hyperclovax,1000832403,2,rounded,1
convenience_meals,hyperclovax,1000832403,2,wooden,1
convenience_meals,hyperclovax,1000832403,2,spoon,1
convenience_meals,hyperclovax,1000832403,2,scoop,1
convenience_meals,hyperclovax,1000832403,2,portion,1
convenience_meals,hyperclovax,1000832403,2,highlight,1
convenience_meals,hyperclovax,1000832403,2,plain,1
convenience_meals,hyperclovax,1000832403,2,light,1
convenience_meals,hyperclovax,1000832403,2,purple,1
convenience_meals,hyperclovax,1000832403,2,provide,1
convenience_meals,hyperclovax,1000832403,2,neutral,1
convenience_meals,hyperclovax,1000832403,2,backdrop,1
convenience_meals,hyperclovax,1000832403,2,contrast,1
convenience_meals,hyperclovax,1000832403,2,focus,1
convenience_meals,hyperclovax,1000832403,2,solely,1
convenience_meals,hyperclovax,1000832403,2,additional,1
convenience_meals,hyperclovax,1000832403,2,context,1
convenience_meals,hyperclovax,1000832403,2,item,1
convenience_meals,hyperclovax,1000942597,1,main,1
convenience_meals,hyperclovax,1000942597,1,food,2
convenience_meals,hyperclovax,1000942597,1,bowl,3
convenience_meals,hyperclovax,1000942597,1,creamy,3
convenience_meals,hyperclovax,1000942597,1,pasta,2
convenience_meals,hyperclovax,1000942597,1,coat,1
convenience_meals,hyperclovax,1000942597,1,light,1
convenience_meals,hyperclovax,1000942597,1,sauce,1
convenience_meals,hyperclovax,1000942597,1,garnish,2
convenience_meals,hyperclovax,1000942597,1,piece,1
convenience_meals,hyperclovax,1000942597,1,chicken,1
convenience_meals,hyperclovax,1000942597,1,type,1
convenience_meals,hyperclovax,1000942597,1,white,1
convenience_meals,hyperclovax,1000942597,1,meat,1
convenience_meals,hyperclovax,1000942597,1,red,1
convenience_meals,hyperclovax,1000942597,1,pepper,1
convenience_meals,hyperclovax,1000942597,1,flake,1
convenience_meals,hyperclovax,1000942597,1,purple,2
convenience_meals,hyperclovax,1000942597,1,napkin,1
convenience_meals,hyperclovax,1000942597,1,pair,1
convenience_meals,hyperclovax,1000942597,1,chopstick,1
convenience_meals,hyperclovax,1000942597,1,text,1
convenience_meals,hyperclovax,1000942597,1,read,1
convenience_meals,hyperclovax,1000942597,1,니뽕내뽕,1
convenience_meals,hyperclovax,1000942597,1,brand,1
convenience_meals,hyperclovax,1000942597,1,playful,1
convenience_meals,hyperclovax,1000942597,1,dish,2
convenience_meals,hyperclovax,1000942597,1,plain,1
convenience_meals,hyperclovax,1000942597,1,texture,2
convenience_meals,hyperclovax,1000942597,1,surface,1
convenience_meals,hyperclovax,1000942597,1,distract,1
convenience_meals,hyperclovax,1000942597,1,focus,1
convenience_meals,hyperclovax,1000942597,1,presentation,1
convenience_meals,hyperclovax,1000942597,1,highlight,1
convenience_meals,hyperclovax,1000942597,2,main,1
convenience_meals,hyperclovax,1000942597,2,food,2
convenience_meals,hyperclovax,1000942597,2,creamy,2
convenience_meals,hyperclovax,1000942597,2,pasta,4
convenience_meals,hyperclovax,1000942597,2,dish,4
convenience_meals,hyperclovax,1000942597,2,likely,3
convenience_meals,hyperclovax,1000942597,2,type,2
convenience_meals,hyperclovax,1000942597,2,light,1
convenience_meals,hyperclovax,1000942597,2,cream,1
convenience_meals,hyperclovax,1000942597,2,sauce,2
convenience_meals,hyperclovax,1000942597,2,long,1
convenience_meals,hyperclovax,1000942597,2,thin,1
convenience_meals,hyperclovax,1000942597,2,spaghetti,1
convenience_meals,hyperclovax,1000942597,2,coat,1
convenience_meals,hyperclovax,1000942597,2,smooth,1
convenience_meals,hyperclovax,1000942597,2,white,3
convenience_meals,hyperclovax,1000942597,2,garnish,2
convenience_meals,hyperclovax,1000942597,2,piece,1
convenience_meals,hyperclovax,1000942597,2,chicken,1
convenience_meals,hyperclovax,1000942597,2,meat,1
convenience_meals,hyperclovax,1000942597,2,small,1
convenience_meals,hyperclovax,1000942597,2,red,1
convenience_meals,hyperclovax,1000942597,2,pepper,1
convenience_meals,hyperclovax,1000942597,2,flake,1
convenience_meals,hyperclovax,1000942597,2,sprinkle,1
convenience_meals,hyperclovax,1000942597,2,top,1
convenience_meals,hyperclovax,1000942597,2,add,1
convenience_meals,hyperclovax,1000942597,2,hint,1
convenience_meals,hyperclovax,1000942597,2,color,1
convenience_meals,hyperclovax,1000942597,2,flavor,1
convenience_meals,hyperclovax,1000942597,2,bowl,2
convenience_meals,hyperclovax,1000942597,2,handle,1
convenience_meals,hyperclovax,1000942597,2,side,1
convenience_meals,hyperclovax,1000942597,2,brand,2
convenience_meals,hyperclovax,1000942597,2,니뽕내뽕,1
convenience_meals,hyperclovax,1000942597,2,visible,1
convenience_meals,hyperclovax,1000942597,2,center,1
convenience_meals,hyperclovax,1000942597,2,suggest,1
convenience_meals,hyperclovax,1000942597,2,restaurant,1
convenience_meals,hyperclovax,1000942597,2,serve,1
convenience_meals,hyperclovax,1000942597,2,simple,1
convenience_meals,hyperclovax,1000942597,2,neutral,1
convenience_meals,hyperclovax,1000942597,2,surface,1
convenience_meals,hyperclovax,1000942597,2,tablecloth,1
convenience_meals,hyperclovax,1000942597,2,napkin,1
convenience_meals,hyperclovax,1000942597,2,distract,1
convenience_meals,hyperclovax,1000942597,2,overall,1
convenience_meals,hyperclovax,1000942597,2,presentation,1
convenience_meals,hyperclovax,1000942597,2,clean,1
convenience_meals,hyperclovax,1000942597,2,appetizing,1
convenience_meals,hyperclovax,1000942597,2,emphasize,1
convenience_meals,hyperclovax,1000942597,2,texture,1
convenience_meals,hyperclovax,1001150374,1,main,1
convenience_meals,hyperclovax,1001150374,1,food,1
convenience_meals,hyperclovax,1001150374,1,product,2
convenience_meals,hyperclovax,1001150374,1,variety,1
convenience_meals,hyperclovax,1001150374,1,wrap,6
convenience_meals,hyperclovax,1001150374,1,specifically,1
convenience_meals,hyperclovax,1001150374,1,비비드키친,2
convenience_meals,hyperclovax,1001150374,1,package,3
convenience_meals,hyperclovax,1001150374,1,rectangular,1
convenience_meals,hyperclovax,1001150374,1,clear,1
convenience_meals,hyperclovax,1001150374,1,plastic,2
convenience_meals,hyperclovax,1001150374,1,bag,1
convenience_meals,hyperclovax,1001150374,1,white,2
convenience_meals,hyperclovax,1001150374,1,orange,1
convenience_meals,hyperclovax,1001150374,1,color,1
convenience_meals,hyperclovax,1001150374,1,scheme,1
convenience_meals,hyperclovax,1001150374,1,prominently,1
convenience_meals,hyperclovax,1001150374,1,brand,1
convenience_meals,hyperclovax,1001150374,1,green,1
convenience_meals,hyperclovax,1001150374,1,black,1
convenience_meals,hyperclovax,1001150374,1,text,1
convenience_meals,hyperclovax,1001150374,1,저당_닭가슴살_브리또,1
convenience_meals,hyperclovax,1001150374,1,korean,1
convenience_meals,hyperclovax,1001150374,1,brown,1
convenience_meals,hyperclovax,1001150374,1,fill,1
convenience_meals,hyperclovax,1001150374,1,mixture,1
convenience_meals,hyperclovax,1001150374,1,vegetable,1
convenience_meals,hyperclovax,1001150374,1,possibly,1
convenience_meals,hyperclovax,1001150374,1,meat,1
convenience_meals,hyperclovax,1001150374,1,visible,1
convenience_meals,hyperclovax,1001150374,1,transparent,1
convenience_meals,hyperclovax,1001150374,1,packaging,2
convenience_meals,hyperclovax,1001150374,1,arrange,1
convenience_meals,hyperclovax,1001150374,1,plate,1
convenience_meals,hyperclovax,1001150374,1,unwrapped,1
convenience_meals,hyperclovax,1001150374,1,content,1
convenience_meals,hyperclovax,1001150374,1,include,1
convenience_meals,hyperclovax,1001150374,1,nutritional,1
convenience_meals,hyperclovax,1001150374,1,information,1
convenience_meals,hyperclovax,1001150374,1,weight,1
convenience_meals,hyperclovax,1001150374,1,indication,1
convenience_meals,hyperclovax,1001150374,1,125g,1
convenience_meals,hyperclovax,1001150374,2,main,1
convenience_meals,hyperclovax,1001150374,2,food,1
convenience_meals,hyperclovax,1001150374,2,plate,2
convenience_meals,hyperclovax,1001150374,2,burritos,5
convenience_meals,hyperclovax,1001150374,2,wrap,2
convenience_meals,hyperclovax,1001150374,2,light,1
convenience_meals,hyperclovax,1001150374,2,brown,1
convenience_meals,hyperclovax,1001150374,2,flatbread,1
convenience_meals,hyperclovax,1001150374,2,material,1
convenience_meals,hyperclovax,1001150374,2,arrange,1
convenience_meals,hyperclovax,1001150374,2,triangular,1
convenience_meals,hyperclovax,1001150374,2,formation,1
convenience_meals,hyperclovax,1001150374,2,white,1
convenience_meals,hyperclovax,1001150374,2,visible,2
convenience_meals,hyperclovax,1001150374,2,texture,1
convenience_meals,hyperclovax,1001150374,2,surface,1
convenience_meals,hyperclovax,1001150374,2,slightly,1
convenience_meals,hyperclovax,1001150374,2,uneven,1
convenience_meals,hyperclovax,1001150374,2,grainy,1
convenience_meals,hyperclovax,1001150374,2,appearance,1
convenience_meals,hyperclovax,1001150374,2,filling,2
convenience_meals,hyperclovax,1001150374,2,include,1
convenience_meals,hyperclovax,1001150374,2,mixture,1
convenience_meals,hyperclovax,1001150374,2,ingredient,1
convenience_meals,hyperclovax,1001150374,2,rice,1
convenience_meals,hyperclovax,1001150374,2,vegetable,2
convenience_meals,hyperclovax,1001150374,2,possibly,1
convenience_meals,hyperclovax,1001150374,2,meat,1
convenience_meals,hyperclovax,1001150374,2,piece,1
convenience_meals,hyperclovax,1001150374,2,carrot,2
convenience_meals,hyperclovax,1001150374,2,green,2
convenience_meals,hyperclovax,1001150374,2,herb,1
convenience_meals,hyperclovax,1001150374,2,color,1
convenience_meals,hyperclovax,1001150374,2,vibrant,1
convenience_meals,hyperclovax,1001150374,2,orange,1
convenience_meals,hyperclovax,1001150374,2,contrasting,1
convenience_meals,hyperclovax,1001150374,2,neutral,1
convenience_meals,hyperclovax,1001150374,2,tone,1
convenience_meals,hyperclovax,1001150374,2,burrito,1
convenience_meals,hyperclovax,1001150374,2,focus,1
convenience_meals,hyperclovax,1001150374,2,solely,1
convenience_meals,hyperclovax,1001150374,2,presentation,1
convenience_meals,hyperclovax,1001150374,2,additional,1
convenience_meals,hyperclovax,1001150374,2,context,1
convenience_meals,hyperclovax,1001150374,2,element,1
convenience_meals,hyperclovax,1001191650,1,main,1
convenience_meals,hyperclovax,1001191650,1,food,1
convenience_meals,hyperclovax,1001191650,1,product,4
convenience_meals,hyperclovax,1001191650,1,현미곤약_주먹밥,1
convenience_meals,hyperclovax,1001191650,1,small,2
convenience_meals,hyperclovax,1001191650,1,triangular,1
convenience_meals,hyperclovax,1001191650,1,shape,1
convenience_meals,hyperclovax,1001191650,1,snack,2
convenience_meals,hyperclovax,1001191650,1,brown,1
convenience_meals,hyperclovax,1001191650,1,color,1
convenience_meals,hyperclovax,1001191650,1,slightly,1
convenience_meals,hyperclovax,1001191650,1,texture,1
convenience_meals,hyperclovax,1001191650,1,surface,1
convenience_meals,hyperclovax,1001191650,1,indicate,1
convenience_meals,hyperclovax,1001191650,1,crunchy,1
convenience_meals,hyperclovax,1001191650,1,possibly,1
convenience_meals,hyperclovax,1001191650,1,savory,1
convenience_meals,hyperclovax,1001191650,1,flavor,2
convenience_meals,hyperclovax,1001191650,1,packaging,3
convenience_meals,hyperclovax,1001191650,1,predominantly,1
convenience_meals,hyperclovax,1001191650,1,yellow,1
convenience_meals,hyperclovax,1001191650,1,clear,1
convenience_meals,hyperclovax,1001191650,1,text,2
convenience_meals,hyperclovax,1001191650,1,english,1
convenience_meals,hyperclovax,1001191650,1,korean,1
convenience_meals,hyperclovax,1001191650,1,arrange,1
convenience_meals,hyperclovax,1001191650,1,white,1
convenience_meals,hyperclovax,1001191650,1,plate,1
convenience_meals,hyperclovax,1001191650,1,piece,1
convenience_meals,hyperclovax,1001191650,1,cut,1
convenience_meals,hyperclovax,1001191650,1,triangle,1
convenience_meals,hyperclovax,1001191650,1,wooden,1
convenience_meals,hyperclovax,1001191650,1,fork,1
convenience_meals,hyperclovax,1001191650,1,include,1
convenience_meals,hyperclovax,1001191650,1,identify,1
convenience_meals,hyperclovax,1001191650,1,brand,1
convenience_meals,hyperclovax,1001191650,1,제일맞게컬리,1
convenience_meals,hyperclovax,1001191650,1,overall,1
convenience_meals,hyperclovax,1001191650,1,presentation,1
convenience_meals,hyperclovax,1001191650,1,clean,1
convenience_meals,hyperclovax,1001191650,1,organize,1
convenience_meals,hyperclovax,1001191650,1,showcase,1
convenience_meals,hyperclovax,1001191650,1,appeal,1
convenience_meals,hyperclovax,1001191650,1,design,1
convenience_meals,hyperclovax,1001191650,2,main,1
convenience_meals,hyperclovax,1001191650,2,food,1
convenience_meals,hyperclovax,1001191650,2,product,4
convenience_meals,hyperclovax,1001191650,2,현미곤약_주먹밥,2
convenience_meals,hyperclovax,1001191650,2,small,2
convenience_meals,hyperclovax,1001191650,2,triangular,1
convenience_meals,hyperclovax,1001191650,2,shaped,1
convenience_meals,hyperclovax,1001191650,2,snack,1
convenience_meals,hyperclovax,1001191650,2,brown,3
convenience_meals,hyperclovax,1001191650,2,rice,1
convenience_meals,hyperclovax,1001191650,2,ball,1
convenience_meals,hyperclovax,1001191650,2,visible,1
convenience_meals,hyperclovax,1001191650,2,black,1
convenience_meals,hyperclovax,1001191650,2,pepper,1
convenience_meals,hyperclovax,1001191650,2,ingredient,1
convenience_meals,hyperclovax,1001191650,2,textured,1
convenience_meals,hyperclovax,1001191650,2,slightly,1
convenience_meals,hyperclovax,1001191650,2,crunchy,1
convenience_meals,hyperclovax,1001191650,2,appearance,1
convenience_meals,hyperclovax,1001191650,2,packaging,3
convenience_meals,hyperclovax,1001191650,2,primarily,1
convenience_meals,hyperclovax,1001191650,2,yellow,2
convenience_meals,hyperclovax,1001191650,2,clear,1
convenience_meals,hyperclovax,1001191650,2,front,1
convenience_meals,hyperclovax,1001191650,2,form,1
convenience_meals,hyperclovax,1001191650,2,package,1
convenience_meals,hyperclovax,1001191650,2,bag,2
convenience_meals,hyperclovax,1001191650,2,white,1
convenience_meals,hyperclovax,1001191650,2,plate,1
convenience_meals,hyperclovax,1001191650,2,large,1
convenience_meals,hyperclovax,1001191650,2,text,1
convenience_meals,hyperclovax,1001191650,2,include,1
convenience_meals,hyperclovax,1001191650,2,brand,1
convenience_meals,hyperclovax,1001191650,2,flavor,1
convenience_meals,hyperclovax,1001191650,2,전주비빔_김치베이컨,1
convenience_meals,hyperclovax,1001191650,2,quantity,1
convenience_meals,hyperclovax,1001191650,2,125g,1
convenience_meals,hyperclovax,1001191650,2,solid,1
convenience_meals,hyperclovax,1001191650,2,light,1
convenience_meals,hyperclovax,1001191650,2,purple,1
convenience_meals,hyperclovax,1001191650,2,color,1
convenience_meals,hyperclovax,1001191650,2,contrast,1
convenience_meals,hyperclovax,1001191650,2,stand,1
convenience_meals,hyperclovax,1001207466,1,main,1
convenience_meals,hyperclovax,1001207466,1,food,2
convenience_meals,hyperclovax,1001207466,1,product,1
convenience_meals,hyperclovax,1001207466,1,ready,1
convenience_meals,hyperclovax,1001207466,1,eat,1
convenience_meals,hyperclovax,1001207466,1,meal,2
convenience_meals,hyperclovax,1001207466,1,specifically,1
convenience_meals,hyperclovax,1001207466,1,korean,1
convenience_meals,hyperclovax,1001207466,1,spicy,1
convenience_meals,hyperclovax,1001207466,1,stew,2
convenience_meals,hyperclovax,1001207466,1,know,1
convenience_meals,hyperclovax,1001207466,1,부대찌개,1
convenience_meals,hyperclovax,1001207466,1,serve,2
convenience_meals,hyperclovax,1001207466,1,black,1
convenience_meals,hyperclovax,1001207466,1,pot,3
convenience_meals,hyperclovax,1001207466,1,handle,1
convenience_meals,hyperclovax,1001207466,1,mix,1
convenience_meals,hyperclovax,1001207466,1,ingredient,1
convenience_meals,hyperclovax,1001207466,1,include,2
convenience_meals,hyperclovax,1001207466,1,noodle,1
convenience_meals,hyperclovax,1001207466,1,bean,1
convenience_meals,hyperclovax,1001207466,1,sprout,1
convenience_meals,hyperclovax,1001207466,1,cheese,1
convenience_meals,hyperclovax,1001207466,1,piece,1
convenience_meals,hyperclovax,1001207466,1,meat,1
convenience_meals,hyperclovax,1001207466,1,packaging,3
convenience_meals,hyperclovax,1001207466,1,transparent,1
convenience_meals,hyperclovax,1001207466,1,plastic,1
convenience_meals,hyperclovax,1001207466,1,container,1
convenience_meals,hyperclovax,1001207466,1,white,1
convenience_meals,hyperclovax,1001207466,1,label,1
convenience_meals,hyperclovax,1001207466,1,read,1
convenience_meals,hyperclovax,1001207466,1,햄_가득_송탄식_부대찌개,1
convenience_meals,hyperclovax,1001207466,1,photograph,1
convenience_meals,hyperclovax,1001207466,1,dish,1
convenience_meals,hyperclovax,1001207466,1,nutritional,1
convenience_meals,hyperclovax,1001207466,1,information,1
convenience_meals,hyperclovax,1001207466,1,cooking,1
convenience_meals,hyperclovax,1001207466,1,instruction,1
convenience_meals,hyperclovax,1001207466,1,banner,1
convenience_meals,hyperclovax,1001207466,1,text,1
convenience_meals,hyperclovax,1001207466,1,2인분,1
convenience_meals,hyperclovax,1001207466,1,indicate,1
convenience_meals,hyperclovax,1001207466,1,size,1
convenience_meals,hyperclovax,1001207466,1,preparation,1
convenience_meals,hyperclovax,1001207466,1,time,1
convenience_meals,hyperclovax,1001207466,1,overall,1
convenience_meals,hyperclovax,1001207466,1,presentation,1
convenience_meals,hyperclovax,1001207466,1,clean,1
convenience_meals,hyperclovax,1001207466,1,organize,1
convenience_meals,hyperclovax,1001207466,1,item,1
convenience_meals,hyperclovax,1001207466,1,neatly,1
convenience_meals,hyperclovax,1001207466,1,arrange,1
convenience_meals,hyperclovax,1001207466,1,clearly,1
convenience_meals,hyperclovax,1001207466,1,visible,1
convenience_meals,hyperclovax,1001207466,2,main,1
convenience_meals,hyperclovax,1001207466,2,food,2
convenience_meals,hyperclovax,1001207466,2,pot,2
convenience_meals,hyperclovax,1001207466,2,stew,3
convenience_meals,hyperclovax,1001207466,2,likely,1
convenience_meals,hyperclovax,1001207466,2,korean,1
convenience_meals,hyperclovax,1001207466,2,dish,2
convenience_meals,hyperclovax,1001207466,2,know,1
convenience_meals,hyperclovax,1001207466,2,부대찌개,1
convenience_meals,hyperclovax,1001207466,2,rich,1
convenience_meals,hyperclovax,1001207466,2,reddish,1
convenience_meals,hyperclovax,1001207466,2,brown,1
convenience_meals,hyperclovax,1001207466,2,broth,1
convenience_meals,hyperclovax,1001207466,2,noodle,1
convenience_meals,hyperclovax,1001207466,2,bean,3
convenience_meals,hyperclovax,1001207466,2,sprout,1
convenience_meals,hyperclovax,1001207466,2,curd,2
convenience_meals,hyperclovax,1001207466,2,piece,2
convenience_meals,hyperclovax,1001207466,2,meat,4
convenience_meals,hyperclovax,1001207466,2,include,2
convenience_meals,hyperclovax,1001207466,2,pork,1
convenience_meals,hyperclovax,1001207466,2,possibly,2
convenience_meals,hyperclovax,1001207466,2,sausage,1
convenience_meals,hyperclovax,1001207466,2,yellow,1
convenience_meals,hyperclovax,1001207466,2,rectangular,1
convenience_meals,hyperclovax,1001207466,2,cut,1
convenience_meals,hyperclovax,1001207466,2,small,2
convenience_meals,hyperclovax,1001207466,2,square,1
convenience_meals,hyperclovax,1001207466,2,serve,1
convenience_meals,hyperclovax,1001207466,2,black,1
convenience_meals,hyperclovax,1001207466,2,2,1
convenience_meals,hyperclovax,1001207466,2,handle,1
convenience_meals,hyperclovax,1001207466,2,white,1
convenience_meals,hyperclovax,1001207466,2,tablecloth,1
convenience_meals,hyperclovax,1001207466,2,plate,1
convenience_meals,hyperclovax,1001207466,2,sliced,1
convenience_meals,hyperclovax,1001207466,2,ham,1
convenience_meals,hyperclovax,1001207466,2,similar,1
convenience_meals,hyperclovax,1001207466,2,cured,1
convenience_meals,hyperclovax,1001207466,2,wooden,1
convenience_meals,hyperclovax,1001207466,2,chair,1
convenience_meals,hyperclovax,1001207466,2,suggest,1
convenience_meals,hyperclovax,1001207466,2,home,1
convenience_meals,hyperclovax,1001207466,2,casual,1
convenience_meals,hyperclovax,1001207466,2,dining,1
convenience_meals,hyperclovax,1001207466,2,setting,1
convenience_meals,hyperclovax,1001207466,2,garnish,1
convenience_meals,hyperclovax,1001207466,2,green,1
convenience_meals,hyperclovax,1001207466,2,onion,1
convenience_meals,hyperclovax,1001207466,2,mound,1
convenience_meals,hyperclovax,1001207466,2,look,1
convenience_meals,hyperclovax,1001207466,2,garlic,1
convenience_meals,hyperclovax,1001207466,2,ginger,1
convenience_meals,hyperclovax,1001207466,2,overall,1
convenience_meals,hyperclovax,1001207466,2,presentation,1
convenience_meals,hyperclovax,1001207466,2,appetizing,1
convenience_meals,hyperclovax,1001207466,2,colorful,1
convenience_meals,hyperclovax,1001207466,2,focus,1
convenience_meals,hyperclovax,1001207466,2,variety,1
convenience_meals,hyperclovax,1001207466,2,ingredient,1
convenience_meals,hyperclovax,1001207466,2,vibrant,1
convenience_meals,hyperclovax,1001207466,2,color,1
convenience_meals,hyperclovax,1001207695,1,main,1
convenience_meals,hyperclovax,1001207695,1,food,2
convenience_meals,hyperclovax,1001207695,1,product,3
convenience_meals,hyperclovax,1001207695,1,type,1
convenience_meals,hyperclovax,1001207695,1,rice,2
convenience_meals,hyperclovax,1001207695,1,cake,2
convenience_meals,hyperclovax,1001207695,1,specifically,1
convenience_meals,hyperclovax,1001207695,1,label,1
convenience_meals,hyperclovax,1001207695,1,한우_소보로_주먹밥,2
convenience_meals,hyperclovax,1001207695,1,triangular,1
convenience_meals,hyperclovax,1001207695,1,shape,1
convenience_meals,hyperclovax,1001207695,1,slightly,1
convenience_meals,hyperclovax,1001207695,1,rough,1
convenience_meals,hyperclovax,1001207695,1,textured,1
convenience_meals,hyperclovax,1001207695,1,surface,2
convenience_meals,hyperclovax,1001207695,1,golden,1
convenience_meals,hyperclovax,1001207695,1,brown,2
convenience_meals,hyperclovax,1001207695,1,color,1
convenience_meals,hyperclovax,1001207695,1,arrange,1
convenience_meals,hyperclovax,1001207695,1,dark,3
convenience_meals,hyperclovax,1001207695,1,gray,1
convenience_meals,hyperclovax,1001207695,1,plate,2
convenience_meals,hyperclovax,1001207695,1,piece,1
convenience_meals,hyperclovax,1001207695,1,cut,1
convenience_meals,hyperclovax,1001207695,1,open,1
convenience_meals,hyperclovax,1001207695,1,reveal,1
convenience_meals,hyperclovax,1001207695,1,fill,1
convenience_meals,hyperclovax,1001207695,1,inside,1
convenience_meals,hyperclovax,1001207695,1,right,2
convenience_meals,hyperclovax,1001207695,1,green,1
convenience_meals,hyperclovax,1001207695,1,packaging,2
convenience_meals,hyperclovax,1001207695,1,bag,1
convenience_meals,hyperclovax,1001207695,1,prominently,1
convenience_meals,hyperclovax,1001207695,1,white,1
convenience_meals,hyperclovax,1001207695,1,text,2
convenience_meals,hyperclovax,1001207695,1,include,1
convenience_meals,hyperclovax,1001207695,1,additional,1
convenience_meals,hyperclovax,1001207695,1,korean,1
convenience_meals,hyperclovax,1001207695,1,likely,1
convenience_meals,hyperclovax,1001207695,1,describe,1
convenience_meals,hyperclovax,1001207695,1,ingredient,1
convenience_meals,hyperclovax,1001207695,1,logo,1
convenience_meals,hyperclovax,1001207695,1,bottom,1
convenience_meals,hyperclovax,1001207695,1,corner,1
convenience_meals,hyperclovax,1001207695,1,plain,1
convenience_meals,hyperclovax,1001207695,1,contrast,1
convenience_meals,hyperclovax,1001207695,1,item,1
convenience_meals,hyperclovax,1001207695,1,stand,1
convenience_meals,hyperclovax,1001207695,2,main,1
convenience_meals,hyperclovax,1001207695,2,food,1
convenience_meals,hyperclovax,1001207695,2,product,3
convenience_meals,hyperclovax,1001207695,2,type,1
convenience_meals,hyperclovax,1001207695,2,rice,2
convenience_meals,hyperclovax,1001207695,2,ball,2
convenience_meals,hyperclovax,1001207695,2,specifically,1
convenience_meals,hyperclovax,1001207695,2,한우_소보로_주먹밥,3
convenience_meals,hyperclovax,1001207695,2,triangular,1
convenience_meals,hyperclovax,1001207695,2,shape,1
convenience_meals,hyperclovax,1001207695,2,golden,1
convenience_meals,hyperclovax,1001207695,2,brown,1
convenience_meals,hyperclovax,1001207695,2,color,1
convenience_meals,hyperclovax,1001207695,2,slightly,1
convenience_meals,hyperclovax,1001207695,2,rough,1
convenience_meals,hyperclovax,1001207695,2,textured,1
convenience_meals,hyperclovax,1001207695,2,surface,1
convenience_meals,hyperclovax,1001207695,2,indicate,1
convenience_meals,hyperclovax,1001207695,2,likely,1
convenience_meals,hyperclovax,1001207695,2,crispy,1
convenience_meals,hyperclovax,1001207695,2,arrange,1
convenience_meals,hyperclovax,1001207695,2,dark,1
convenience_meals,hyperclovax,1001207695,2,gray,1
convenience_meals,hyperclovax,1001207695,2,plate,3
convenience_meals,hyperclovax,1001207695,2,piece,1
convenience_meals,hyperclovax,1001207695,2,partially,1
convenience_meals,hyperclovax,1001207695,2,overlap,1
convenience_meals,hyperclovax,1001207695,2,right,1
convenience_meals,hyperclovax,1001207695,2,package,2
convenience_meals,hyperclovax,1001207695,2,version,1
convenience_meals,hyperclovax,1001207695,2,black,1
convenience_meals,hyperclovax,1001207695,2,white,1
convenience_meals,hyperclovax,1001207695,2,design,1
convenience_meals,hyperclovax,1001207695,2,text,3
convenience_meals,hyperclovax,1001207695,2,clearly,1
convenience_meals,hyperclovax,1001207695,2,visible,1
convenience_meals,hyperclovax,1001207695,2,green,2
convenience_meals,hyperclovax,1001207695,2,label,1
convenience_meals,hyperclovax,1001207695,2,5봉,1
convenience_meals,hyperclovax,1001207695,2,한우가_아낌없이_들어간,1
convenience_meals,hyperclovax,1001207695,2,suggest,1
convenience_meals,hyperclovax,1001207695,2,content,1
convenience_meals,hyperclovax,1001207695,2,quantity,1
convenience_meals,hyperclovax,1001207695,2,packaging,1
convenience_meals,hyperclovax,1001207695,2,include,1
convenience_meals,hyperclovax,1001207695,2,brand,1
convenience_meals,hyperclovax,1001207695,2,도산회관,1
convenience_meals,hyperclovax,1001401863,1,main,1
convenience_meals,hyperclovax,1001401863,1,food,2
convenience_meals,hyperclovax,1001401863,1,product,1
convenience_meals,hyperclovax,1001401863,1,bowl,2
convenience_meals,hyperclovax,1001401863,1,김치볶음밥,1
convenience_meals,hyperclovax,1001401863,1,kimchi,4
convenience_meals,hyperclovax,1001401863,1,fried,1
convenience_meals,hyperclovax,1001401863,1,rice,3
convenience_meals,hyperclovax,1001401863,1,vibrant,1
convenience_meals,hyperclovax,1001401863,1,orange,1
convenience_meals,hyperclovax,1001401863,1,hue,1
convenience_meals,hyperclovax,1001401863,1,indicative,1
convenience_meals,hyperclovax,1001401863,1,red,2
convenience_meals,hyperclovax,1001401863,1,possibly,2
convenience_meals,hyperclovax,1001401863,1,use,1
convenience_meals,hyperclovax,1001401863,1,pepper,1
convenience_meals,hyperclovax,1001401863,1,paste,1
convenience_meals,hyperclovax,1001401863,1,cook,2
convenience_meals,hyperclovax,1001401863,1,mix,1
convenience_meals,hyperclovax,1001401863,1,showcase,1
convenience_meals,hyperclovax,1001401863,1,slightly,1
convenience_meals,hyperclovax,1001401863,1,sticky,1
convenience_meals,hyperclovax,1001401863,1,texture,1
convenience_meals,hyperclovax,1001401863,1,dish,2
convenience_meals,hyperclovax,1001401863,1,garnish,1
convenience_meals,hyperclovax,1001401863,1,green,1
convenience_meals,hyperclovax,1001401863,1,onion,1
convenience_meals,hyperclovax,1001401863,1,vegetable,1
convenience_meals,hyperclovax,1001401863,1,add,1
convenience_meals,hyperclovax,1001401863,1,fresh,1
convenience_meals,hyperclovax,1001401863,1,contrast,1
convenience_meals,hyperclovax,1001401863,1,rich,1
convenience_meals,hyperclovax,1001401863,1,color,1
convenience_meals,hyperclovax,1001401863,1,light,1
convenience_meals,hyperclovax,1001401863,1,colored,1
convenience_meals,hyperclovax,1001401863,1,cloth,1
convenience_meals,hyperclovax,1001401863,1,wooden,1
convenience_meals,hyperclovax,1001401863,1,spoon,1
convenience_meals,hyperclovax,1001401863,1,suggest,1
convenience_meals,hyperclovax,1001401863,1,home,1
convenience_meals,hyperclovax,1001401863,1,meal,1
convenience_meals,hyperclovax,1001401863,1,presentation,2
convenience_meals,hyperclovax,1001401863,1,packaging,1
convenience_meals,hyperclovax,1001401863,1,white,1
convenience_meals,hyperclovax,1001401863,1,booklet,1
convenience_meals,hyperclovax,1001401863,1,text,1
convenience_meals,hyperclovax,1001401863,1,korean,1
convenience_meals,hyperclovax,1001401863,1,likely,1
convenience_meals,hyperclovax,1001401863,1,provide,1
convenience_meals,hyperclovax,1001401863,1,instruction,1
convenience_meals,hyperclovax,1001401863,1,information,1
convenience_meals,hyperclovax,1001401863,1,overall,1
convenience_meals,hyperclovax,1001401863,1,clean,1
convenience_meals,hyperclovax,1001401863,1,simple,1
convenience_meals,hyperclovax,1001401863,1,emphasize,1
convenience_meals,hyperclovax,1001401863,1,visual,1
convenience_meals,hyperclovax,1001401863,1,appeal,1
convenience_meals,hyperclovax,1001401863,2,main,1
convenience_meals,hyperclovax,1001401863,2,food,2
convenience_meals,hyperclovax,1001401863,2,dish,2
convenience_meals,hyperclovax,1001401863,2,김치볶음밥,1
convenience_meals,hyperclovax,1001401863,2,kimchi,2
convenience_meals,hyperclovax,1001401863,2,fried,1
convenience_meals,hyperclovax,1001401863,2,rice,4
convenience_meals,hyperclovax,1001401863,2,characterize,1
convenience_meals,hyperclovax,1001401863,2,orange,1
convenience_meals,hyperclovax,1001401863,2,yellow,1
convenience_meals,hyperclovax,1001401863,2,color,1
convenience_meals,hyperclovax,1001401863,2,typical,1
convenience_meals,hyperclovax,1001401863,2,cook,1
convenience_meals,hyperclovax,1001401863,2,significant,1
convenience_meals,hyperclovax,1001401863,2,oil,1
convenience_meals,hyperclovax,1001401863,2,possibly,1
convenience_meals,hyperclovax,1001401863,2,season,1
convenience_meals,hyperclovax,1001401863,2,soy,1
convenience_meals,hyperclovax,1001401863,2,sauce,1
convenience_meals,hyperclovax,1001401863,2,similar,1
convenience_meals,hyperclovax,1001401863,2,condiment,1
convenience_meals,hyperclovax,1001401863,2,mix,1
convenience_meals,hyperclovax,1001401863,2,piece,1
convenience_meals,hyperclovax,1001401863,2,green,1
convenience_meals,hyperclovax,1001401863,2,onion,1
convenience_meals,hyperclovax,1001401863,2,add,1
convenience_meals,hyperclovax,1001401863,2,vibrant,1
convenience_meals,hyperclovax,1001401863,2,appearance,1
convenience_meals,hyperclovax,1001401863,2,serve,1
convenience_meals,hyperclovax,1001401863,2,white,1
convenience_meals,hyperclovax,1001401863,2,bowl,2
convenience_meals,hyperclovax,1001401863,2,light,1
convenience_meals,hyperclovax,1001401863,2,colored,1
convenience_meals,hyperclovax,1001401863,2,cloth,1
convenience_meals,hyperclovax,1001401863,2,wooden,1
convenience_meals,hyperclovax,1001401863,2,spoon,1
convenience_meals,hyperclovax,1001401863,2,suggest,1
convenience_meals,hyperclovax,1001401863,2,ready,1
convenience_meals,hyperclovax,1001401863,2,eat,1
convenience_meals,hyperclovax,1001401863,2,overall,1
convenience_meals,hyperclovax,1001401863,2,presentation,1
convenience_meals,hyperclovax,1001401863,2,simple,1
convenience_meals,hyperclovax,1001401863,2,focus,1
convenience_meals,hyperclovax,1001401863,2,visual,1
convenience_meals,hyperclovax,1001401863,2,appeal,1
convenience_meals,hyperclovax,1001422945,1,main,1
convenience_meals,hyperclovax,1001422945,1,food,1
convenience_meals,hyperclovax,1001422945,1,product,3
convenience_meals,hyperclovax,1001422945,1,plate,1
convenience_meals,hyperclovax,1001422945,1,korean,2
convenience_meals,hyperclovax,1001422945,1,spicy,2
convenience_meals,hyperclovax,1001422945,1,rice,3
convenience_meals,hyperclovax,1001422945,1,cake,4
convenience_meals,hyperclovax,1001422945,1,specifically,1
convenience_meals,hyperclovax,1001422945,1,know,1
convenience_meals,hyperclovax,1001422945,1,미미네_옛날_떡볶이,1
convenience_meals,hyperclovax,1001422945,1,coat,1
convenience_meals,hyperclovax,1001422945,1,red,2
convenience_meals,hyperclovax,1001422945,1,sauce,2
convenience_meals,hyperclovax,1001422945,1,accompany,1
convenience_meals,hyperclovax,1001422945,1,small,1
convenience_meals,hyperclovax,1001422945,1,piece,1
convenience_meals,hyperclovax,1001422945,1,fish,1
convenience_meals,hyperclovax,1001422945,1,packaging,1
convenience_meals,hyperclovax,1001422945,1,white,1
convenience_meals,hyperclovax,1001422945,1,design,1
convenience_meals,hyperclovax,1001422945,1,prominently,1
convenience_meals,hyperclovax,1001422945,1,english,1
convenience_meals,hyperclovax,1001422945,1,smooth,1
convenience_meals,hyperclovax,1001422945,1,cylindrical,1
convenience_meals,hyperclovax,1001422945,1,shape,1
convenience_meals,hyperclovax,1001422945,1,glossy,1
convenience_meals,hyperclovax,1001422945,1,surface,1
convenience_meals,hyperclovax,1001422945,1,indicate,1
convenience_meals,hyperclovax,1001422945,1,likely,1
convenience_meals,hyperclovax,1001422945,1,pre,1
convenience_meals,hyperclovax,1001422945,1,cook,1
convenience_meals,hyperclovax,1001422945,1,ready,1
convenience_meals,hyperclovax,1001422945,1,eat,1
convenience_meals,hyperclovax,1001422945,1,thick,1
convenience_meals,hyperclovax,1001422945,1,consistency,1
convenience_meals,hyperclovax,1001422945,1,suggest,1
convenience_meals,hyperclovax,1001422945,1,rich,1
convenience_meals,hyperclovax,1001422945,1,flavorful,1
convenience_meals,hyperclovax,1001422945,1,mixture,1
convenience_meals,hyperclovax,1001422945,1,overall,1
convenience_meals,hyperclovax,1001422945,1,presentation,1
convenience_meals,hyperclovax,1001422945,1,simple,1
convenience_meals,hyperclovax,1001422945,1,focus,1
convenience_meals,hyperclovax,1001422945,1,visual,1
convenience_meals,hyperclovax,1001422945,1,appeal,1
convenience_meals,hyperclovax,1001422945,1,brand,1
convenience_meals,hyperclovax,1001422945,1,identity,1
convenience_meals,hyperclovax,1001422945,2,main,1
convenience_meals,hyperclovax,1001422945,2,food,2
convenience_meals,hyperclovax,1001422945,2,dish,3
convenience_meals,hyperclovax,1001422945,2,korean,1
convenience_meals,hyperclovax,1001422945,2,spicy,2
convenience_meals,hyperclovax,1001422945,2,rice,3
convenience_meals,hyperclovax,1001422945,2,cake,4
convenience_meals,hyperclovax,1001422945,2,know,1
convenience_meals,hyperclovax,1001422945,2,tteokbokki,1
convenience_meals,hyperclovax,1001422945,2,cylindrical,1
convenience_meals,hyperclovax,1001422945,2,glossy,1
convenience_meals,hyperclovax,1001422945,2,reddish,1
convenience_meals,hyperclovax,1001422945,2,orange,1
convenience_meals,hyperclovax,1001422945,2,coating,1
convenience_meals,hyperclovax,1001422945,2,likely,1
convenience_meals,hyperclovax,1001422945,2,sauce,3
convenience_meals,hyperclovax,1001422945,2,mix,1
convenience_meals,hyperclovax,1001422945,2,small,1
convenience_meals,hyperclovax,1001422945,2,square,1
convenience_meals,hyperclovax,1001422945,2,shape,1
convenience_meals,hyperclovax,1001422945,2,piece,1
convenience_meals,hyperclovax,1001422945,2,fish,1
convenience_meals,hyperclovax,1001422945,2,coat,1
convenience_meals,hyperclovax,1001422945,2,present,1
convenience_meals,hyperclovax,1001422945,2,metal,1
convenience_meals,hyperclovax,1001422945,2,bowl,1
convenience_meals,hyperclovax,1001422945,2,round,1
convenience_meals,hyperclovax,1001422945,2,shallow,1
convenience_meals,hyperclovax,1001422945,2,allow,1
convenience_meals,hyperclovax,1001422945,2,visible,1
convenience_meals,hyperclovax,1001422945,2,angle,1
convenience_meals,hyperclovax,1001422945,2,neutral,1
convenience_meals,hyperclovax,1001422945,2,light,1
convenience_meals,hyperclovax,1001422945,2,grey,1
convenience_meals,hyperclovax,1001422945,2,surface,1
convenience_meals,hyperclovax,1001422945,2,contrast,1
convenience_meals,hyperclovax,1001422945,2,vibrant,1
convenience_meals,hyperclovax,1001422945,2,color,1
convenience_meals,hyperclovax,1001422945,2,stand,1
convenience_meals,hyperclovax,1001422945,2,prominently,1
convenience_meals,hyperclovax,1001485256,1,main,1
convenience_meals,hyperclovax,1001485256,1,food,1
convenience_meals,hyperclovax,1001485256,1,product,3
convenience_meals,hyperclovax,1001485256,1,box,4
convenience_meals,hyperclovax,1001485256,1,햇반,1
convenience_meals,hyperclovax,1001485256,1,brand,1
convenience_meals,hyperclovax,1001485256,1,instant,1
convenience_meals,hyperclovax,1001485256,1,rice,1
convenience_meals,hyperclovax,1001485256,1,rectangular,1
convenience_meals,hyperclovax,1001485256,1,beige,1
convenience_meals,hyperclovax,1001485256,1,color,2
convenience_meals,hyperclovax,1001485256,1,red,1
convenience_meals,hyperclovax,1001485256,1,label,1
convenience_meals,hyperclovax,1001485256,1,bottom,1
convenience_meals,hyperclovax,1001485256,1,center,1
convenience_meals,hyperclovax,1001485256,1,text,2
convenience_meals,hyperclovax,1001485256,1,primarily,1
convenience_meals,hyperclovax,1001485256,1,korean,1
convenience_meals,hyperclovax,1001485256,1,english,1
convenience_meals,hyperclovax,1001485256,1,kurly_only,1
convenience_meals,hyperclovax,1001485256,1,210_g_x_6개,1
convenience_meals,hyperclovax,1001485256,1,packaging,1
convenience_meals,hyperclovax,1001485256,1,simple,1
convenience_meals,hyperclovax,1001485256,1,utilitarian,1
convenience_meals,hyperclovax,1001485256,1,clear,1
convenience_meals,hyperclovax,1001485256,1,focus,1
convenience_meals,hyperclovax,1001485256,1,weight,1
convenience_meals,hyperclovax,1001485256,1,flat,1
convenience_meals,hyperclovax,1001485256,1,surface,1
convenience_meals,hyperclovax,1001485256,1,plain,1
convenience_meals,hyperclovax,1001485256,1,light,1
convenience_meals,hyperclovax,1001485256,1,ensure,1
convenience_meals,hyperclovax,1001485256,1,focal,1
convenience_meals,hyperclovax,1001485256,1,point,1
convenience_meals,hyperclovax,1001485256,2,main,1
convenience_meals,hyperclovax,1001485256,2,food,1
convenience_meals,hyperclovax,1001485256,2,product,6
convenience_meals,hyperclovax,1001485256,2,rice,4
convenience_meals,hyperclovax,1001485256,2,specifically,1
convenience_meals,hyperclovax,1001485256,2,package,1
convenience_meals,hyperclovax,1001485256,2,packaging,2
convenience_meals,hyperclovax,1001485256,2,predominantly,1
convenience_meals,hyperclovax,1001485256,2,white,2
convenience_meals,hyperclovax,1001485256,2,red,1
convenience_meals,hyperclovax,1001485256,2,circular,1
convenience_meals,hyperclovax,1001485256,2,logo,1
convenience_meals,hyperclovax,1001485256,2,read,2
convenience_meals,hyperclovax,1001485256,2,햇반,1
convenience_meals,hyperclovax,1001485256,2,brand,1
convenience_meals,hyperclovax,1001485256,2,label,1
convenience_meals,hyperclovax,1001485256,2,언제나_향긋한_골든퀸쌀밥,1
convenience_meals,hyperclovax,1001485256,2,indicate,1
convenience_meals,hyperclovax,1001485256,2,specific,1
convenience_meals,hyperclovax,1001485256,2,flavor,1
convenience_meals,hyperclovax,1001485256,2,type,1
convenience_meals,hyperclovax,1001485256,2,include,1
convenience_meals,hyperclovax,1001485256,2,text,2
convenience_meals,hyperclovax,1001485256,2,korean,1
convenience_meals,hyperclovax,1001485256,2,english,2
convenience_meals,hyperclovax,1001485256,2,kurly_only,1
convenience_meals,hyperclovax,1001485256,2,210_g_6개입,1
convenience_meals,hyperclovax,1001485256,2,suggest,1
convenience_meals,hyperclovax,1001485256,2,weight,1
convenience_meals,hyperclovax,1001485256,2,quantity,1
convenience_meals,hyperclovax,1001485256,2,bowl,1
convenience_meals,hyperclovax,1001485256,2,cook,1
convenience_meals,hyperclovax,1001485256,2,smooth,1
convenience_meals,hyperclovax,1001485256,2,texture,1
convenience_meals,hyperclovax,1001485256,2,overall,1
convenience_meals,hyperclovax,1001485256,2,presentation,1
convenience_meals,hyperclovax,1001485256,2,clean,1
convenience_meals,hyperclovax,1001485256,2,straightforward,1
convenience_meals,hyperclovax,1001485256,2,focus,1
convenience_meals,hyperclovax,1001485256,2,branding,1
convenience_meals,hyperclovax,1001485256,2,nutritional,1
convenience_meals,hyperclovax,1001485256,2,information,1
convenience_meals,hyperclovax,1001502057,1,main,1
convenience_meals,hyperclovax,1001502057,1,food,2
convenience_meals,hyperclovax,1001502057,1,product,3
convenience_meals,hyperclovax,1001502057,1,bowl,2
convenience_meals,hyperclovax,1001502057,1,shrimp,2
convenience_meals,hyperclovax,1001502057,1,fry,1
convenience_meals,hyperclovax,1001502057,1,rice,2
convenience_meals,hyperclovax,1001502057,1,mix,1
convenience_meals,hyperclovax,1001502057,1,vegetable,1
convenience_meals,hyperclovax,1001502057,1,possibly,1
convenience_meals,hyperclovax,1001502057,1,ingredient,1
convenience_meals,hyperclovax,1001502057,1,create,1
convenience_meals,hyperclovax,1001502057,1,colorful,1
convenience_meals,hyperclovax,1001502057,1,appetizing,1
convenience_meals,hyperclovax,1001502057,1,dish,1
convenience_meals,hyperclovax,1001502057,1,light,1
convenience_meals,hyperclovax,1001502057,1,brown,1
convenience_meals,hyperclovax,1001502057,1,ceramic,1
convenience_meals,hyperclovax,1001502057,1,wooden,1
convenience_meals,hyperclovax,1001502057,1,spoon,1
convenience_meals,hyperclovax,1001502057,1,packaging,2
convenience_meals,hyperclovax,1001502057,1,pinkish,1
convenience_meals,hyperclovax,1001502057,1,bag,1
convenience_meals,hyperclovax,1001502057,1,text,2
convenience_meals,hyperclovax,1001502057,1,korean,2
convenience_meals,hyperclovax,1001502057,1,indicate,1
convenience_meals,hyperclovax,1001502057,1,likely,1
convenience_meals,hyperclovax,1001502057,1,brand,1
convenience_meals,hyperclovax,1001502057,1,read,1
convenience_meals,hyperclovax,1001502057,1,대파_풍미를_더한_새우볶음밥,1
convenience_meals,hyperclovax,1001502057,1,translate,1
convenience_meals,hyperclovax,1001502057,1,shrimp_fried_rice_ready_to_cook,1
convenience_meals,hyperclovax,1001502057,1,overall,1
convenience_meals,hyperclovax,1001502057,1,presentation,1
convenience_meals,hyperclovax,1001502057,1,clean,1
convenience_meals,hyperclovax,1001502057,1,simple,1
convenience_meals,hyperclovax,1001502057,1,focus,1
convenience_meals,hyperclovax,1001502057,2,main,1
convenience_meals,hyperclovax,1001502057,2,food,1
convenience_meals,hyperclovax,1001502057,2,bowl,3
convenience_meals,hyperclovax,1001502057,2,fried,2
convenience_meals,hyperclovax,1001502057,2,rice,4
convenience_meals,hyperclovax,1001502057,2,light,2
convenience_meals,hyperclovax,1001502057,2,yellow,1
convenience_meals,hyperclovax,1001502057,2,color,4
convenience_meals,hyperclovax,1001502057,2,indicate,1
convenience_meals,hyperclovax,1001502057,2,likely,1
convenience_meals,hyperclovax,1001502057,2,white,2
convenience_meals,hyperclovax,1001502057,2,garnish,1
convenience_meals,hyperclovax,1001502057,2,several,1
convenience_meals,hyperclovax,1001502057,2,pink,1
convenience_meals,hyperclovax,1001502057,2,shrimp,1
convenience_meals,hyperclovax,1001502057,2,visible,1
convenience_meals,hyperclovax,1001502057,2,cook,1
convenience_meals,hyperclovax,1001502057,2,mix,1
convenience_meals,hyperclovax,1001502057,2,small,1
convenience_meals,hyperclovax,1001502057,2,piece,1
convenience_meals,hyperclovax,1001502057,2,orange,1
convenience_meals,hyperclovax,1001502057,2,carrot,1
convenience_meals,hyperclovax,1001502057,2,green,1
convenience_meals,hyperclovax,1001502057,2,vegetable,1
convenience_meals,hyperclovax,1001502057,2,add,1
convenience_meals,hyperclovax,1001502057,2,texture,2
convenience_meals,hyperclovax,1001502057,2,dish,2
convenience_meals,hyperclovax,1001502057,2,brown,1
convenience_meals,hyperclovax,1001502057,2,tablecloth,1
convenience_meals,hyperclovax,1001502057,2,subtle,1
convenience_meals,hyperclovax,1001502057,2,grid,1
convenience_meals,hyperclovax,1001502057,2,pattern,1
convenience_meals,hyperclovax,1001502057,2,wooden,1
convenience_meals,hyperclovax,1001502057,2,spoon,1
convenience_meals,hyperclovax,1001502057,2,side,1
convenience_meals,hyperclovax,1001502057,2,suggest,1
convenience_meals,hyperclovax,1001502057,2,ready,1
convenience_meals,hyperclovax,1001502057,2,serve,1
convenience_meals,hyperclovax,1001502057,2,overall,1
convenience_meals,hyperclovax,1001502057,2,presentation,1
convenience_meals,hyperclovax,1001502057,2,simple,1
convenience_meals,hyperclovax,1001502057,2,appetizing,1
convenience_meals,hyperclovax,1001502057,2,focus,1
convenience_meals,hyperclovax,1001502057,2,vibrant,1
convenience_meals,hyperclovax,1001502057,2,ingredient,1
convenience_meals,hyperclovax,1001529704,1,main,1
convenience_meals,hyperclovax,1001529704,1,food,2
convenience_meals,hyperclovax,1001529704,1,product,3
convenience_meals,hyperclovax,1001529704,1,bag,2
convenience_meals,hyperclovax,1001529704,1,pre,1
convenience_meals,hyperclovax,1001529704,1,cook,1
convenience_meals,hyperclovax,1001529704,1,chicken,2
convenience_meals,hyperclovax,1001529704,1,tender,2
convenience_meals,hyperclovax,1001529704,1,golden,1
convenience_meals,hyperclovax,1001529704,1,brown,2
convenience_meals,hyperclovax,1001529704,1,crispy,1
convenience_meals,hyperclovax,1001529704,1,coat,1
convenience_meals,hyperclovax,1001529704,1,seasoned,1
convenience_meals,hyperclovax,1001529704,1,batter,1
convenience_meals,hyperclovax,1001529704,1,arrange,1
convenience_meals,hyperclovax,1001529704,1,plate,1
convenience_meals,hyperclovax,1001529704,1,white,2
convenience_meals,hyperclovax,1001529704,1,tablecloth,1
convenience_meals,hyperclovax,1001529704,1,packaging,3
convenience_meals,hyperclovax,1001529704,1,text,2
convenience_meals,hyperclovax,1001529704,1,korean,1
convenience_meals,hyperclovax,1001529704,1,indicate,1
convenience_meals,hyperclovax,1001529704,1,possibly,1
convenience_meals,hyperclovax,1001529704,1,content,1
convenience_meals,hyperclovax,1001529704,1,clear,1
convenience_meals,hyperclovax,1001529704,1,legible,1
convenience_meals,hyperclovax,1001529704,1,provide,1
convenience_meals,hyperclovax,1001529704,1,information,1
convenience_meals,hyperclovax,1001529704,1,item,1
convenience_meals,hyperclovax,1001529704,1,primary,1
convenience_meals,hyperclovax,1001529704,1,focus,1
convenience_meals,hyperclovax,1001529704,2,main,1
convenience_meals,hyperclovax,1001529704,2,food,3
convenience_meals,hyperclovax,1001529704,2,plate,3
convenience_meals,hyperclovax,1001529704,2,fry,1
convenience_meals,hyperclovax,1001529704,2,chicken,2
convenience_meals,hyperclovax,1001529704,2,tender,2
convenience_meals,hyperclovax,1001529704,2,golden,2
convenience_meals,hyperclovax,1001529704,2,brown,2
convenience_meals,hyperclovax,1001529704,2,crispy,1
convenience_meals,hyperclovax,1001529704,2,coating,1
convenience_meals,hyperclovax,1001529704,2,indicate,1
convenience_meals,hyperclovax,1001529704,2,deep,1
convenience_meals,hyperclovax,1001529704,2,fried,1
convenience_meals,hyperclovax,1001529704,2,arrange,1
convenience_meals,hyperclovax,1001529704,2,circular,1
convenience_meals,hyperclovax,1001529704,2,pattern,1
convenience_meals,hyperclovax,1001529704,2,line,1
convenience_meals,hyperclovax,1001529704,2,white,1
convenience_meals,hyperclovax,1001529704,2,parchment,1
convenience_meals,hyperclovax,1001529704,2,paper,1
convenience_meals,hyperclovax,1001529704,2,sprig,1
convenience_meals,hyperclovax,1001529704,2,green,1
convenience_meals,hyperclovax,1001529704,2,parsley,1
convenience_meals,hyperclovax,1001529704,2,add,1
convenience_meals,hyperclovax,1001529704,2,touch,1
convenience_meals,hyperclovax,1001529704,2,color,2
convenience_meals,hyperclovax,1001529704,2,contrast,1
convenience_meals,hyperclovax,1001529704,2,plain,1
convenience_meals,hyperclovax,1001529704,2,light,1
convenience_meals,hyperclovax,1001529704,2,tablecloth,1
convenience_meals,hyperclovax,1001529704,2,distract,1
convenience_meals,hyperclovax,1001529704,2,visible,1
convenience_meals,hyperclovax,1001529704,2,text,1
convenience_meals,hyperclovax,1001529704,2,brand,1
convenience_meals,hyperclovax,1001529704,2,focus,1
convenience_meals,hyperclovax,1001529704,2,solely,1
convenience_meals,hyperclovax,1001529704,2,item,1
convenience_meals,hyperclovax,1001529704,2,additional,1
convenience_meals,hyperclovax,1001529704,2,context,1
convenience_meals,hyperclovax,1001529704,2,element,1
convenience_meals,hyperclovax,1001706193,1,main,1
convenience_meals,hyperclovax,1001706193,1,food,2
convenience_meals,hyperclovax,1001706193,1,pot,3
convenience_meals,hyperclovax,1001706193,1,spicy,1
convenience_meals,hyperclovax,1001706193,1,seafood,1
convenience_meals,hyperclovax,1001706193,1,soup,2
convenience_meals,hyperclovax,1001706193,1,rich,1
convenience_meals,hyperclovax,1001706193,1,reddish,1
convenience_meals,hyperclovax,1001706193,1,orange,1
convenience_meals,hyperclovax,1001706193,1,broth,1
convenience_meals,hyperclovax,1001706193,1,visible,2
convenience_meals,hyperclovax,1001706193,1,ingredient,1
convenience_meals,hyperclovax,1001706193,1,shrimp,1
convenience_meals,hyperclovax,1001706193,1,squid,1
convenience_meals,hyperclovax,1001706193,1,green,1
convenience_meals,hyperclovax,1001706193,1,onion,1
convenience_meals,hyperclovax,1001706193,1,black,1
convenience_meals,hyperclovax,1001706193,1,glossy,1
convenience_meals,hyperclovax,1001706193,1,finish,1
convenience_meals,hyperclovax,1001706193,1,wooden,1
convenience_meals,hyperclovax,1001706193,1,stand,1
convenience_meals,hyperclovax,1001706193,1,right,1
convenience_meals,hyperclovax,1001706193,1,small,1
convenience_meals,hyperclovax,1001706193,1,white,1
convenience_meals,hyperclovax,1001706193,1,bowl,1
convenience_meals,hyperclovax,1001706193,1,sliced,1
convenience_meals,hyperclovax,1001706193,1,red,1
convenience_meals,hyperclovax,1001706193,1,chili,1
convenience_meals,hyperclovax,1001706193,1,pepper,1
convenience_meals,hyperclovax,1001706193,1,magazine,3
convenience_meals,hyperclovax,1001706193,1,brochure,1
convenience_meals,hyperclovax,1001706193,1,text,2
convenience_meals,hyperclovax,1001706193,1,korean,1
convenience_meals,hyperclovax,1001706193,1,partially,1
convenience_meals,hyperclovax,1001706193,1,suggest,1
convenience_meals,hyperclovax,1001706193,1,culinary,1
convenience_meals,hyperclovax,1001706193,1,publication,1
convenience_meals,hyperclovax,1001706193,1,advertisement,1
convenience_meals,hyperclovax,1001706193,1,read,1
convenience_meals,hyperclovax,1001706193,1,불맛을_더한_강릉식_짬뽕순두부찌개,1
convenience_meals,hyperclovax,1001706193,1,title,1
convenience_meals,hyperclovax,1001706193,1,relate,1
convenience_meals,hyperclovax,1001706193,1,content,1
convenience_meals,hyperclovax,1001706193,1,overall,1
convenience_meals,hyperclovax,1001706193,1,setting,1
convenience_meals,hyperclovax,1001706193,1,table,1
convenience_meals,hyperclovax,1001706193,1,light,1
convenience_meals,hyperclovax,1001706193,1,color,2
convenience_meals,hyperclovax,1001706193,1,tablecloth,1
convenience_meals,hyperclovax,1001706193,1,provide,1
convenience_meals,hyperclovax,1001706193,1,neutral,1
convenience_meals,hyperclovax,1001706193,1,backdrop,1
convenience_meals,hyperclovax,1001706193,1,highlight,1
convenience_meals,hyperclovax,1001706193,1,vibrant,1
convenience_meals,hyperclovax,1001706193,2,main,1
convenience_meals,hyperclovax,1001706193,2,food,2
convenience_meals,hyperclovax,1001706193,2,bowl,3
convenience_meals,hyperclovax,1001706193,2,spicy,2
convenience_meals,hyperclovax,1001706193,2,seafood,2
convenience_meals,hyperclovax,1001706193,2,soup,4
convenience_meals,hyperclovax,1001706193,2,rich,1
convenience_meals,hyperclovax,1001706193,2,reddish,1
convenience_meals,hyperclovax,1001706193,2,orange,1
convenience_meals,hyperclovax,1001706193,2,broth,1
convenience_meals,hyperclovax,1001706193,2,visible,1
convenience_meals,hyperclovax,1001706193,2,shrimp,2
convenience_meals,hyperclovax,1001706193,2,squid,2
convenience_meals,hyperclovax,1001706193,2,possibly,1
convenience_meals,hyperclovax,1001706193,2,pink,1
convenience_meals,hyperclovax,1001706193,2,cook,1
convenience_meals,hyperclovax,1001706193,2,translucent,1
convenience_meals,hyperclovax,1001706193,2,slightly,1
convenience_meals,hyperclovax,1001706193,2,brown,1
convenience_meals,hyperclovax,1001706193,2,appearance,1
convenience_meals,hyperclovax,1001706193,2,garnish,1
convenience_meals,hyperclovax,1001706193,2,green,2
convenience_meals,hyperclovax,1001706193,2,vegetable,1
convenience_meals,hyperclovax,1001706193,2,crumbly,1
convenience_meals,hyperclovax,1001706193,2,brownish,1
convenience_meals,hyperclovax,1001706193,2,substance,1
convenience_meals,hyperclovax,1001706193,2,type,1
convenience_meals,hyperclovax,1001706193,2,seasoning,1
convenience_meals,hyperclovax,1001706193,2,ground,1
convenience_meals,hyperclovax,1001706193,2,meat,1
convenience_meals,hyperclovax,1001706193,2,right,2
convenience_meals,hyperclovax,1001706193,2,small,1
convenience_meals,hyperclovax,1001706193,2,white,1
convenience_meals,hyperclovax,1001706193,2,slice,1
convenience_meals,hyperclovax,1001706193,2,red,1
convenience_meals,hyperclovax,1001706193,2,chili,1
convenience_meals,hyperclovax,1001706193,2,pepper,1
convenience_meals,hyperclovax,1001706193,2,suggest,1
convenience_meals,hyperclovax,1001706193,2,element,1
convenience_meals,hyperclovax,1001706193,2,dish,1
convenience_meals,hyperclovax,1001706193,2,serve,2
convenience_meals,hyperclovax,1001706193,2,black,1
convenience_meals,hyperclovax,1001706193,2,ceramic,1
convenience_meals,hyperclovax,1001706193,2,pot,2
convenience_meals,hyperclovax,1001706193,2,wooden,2
convenience_meals,hyperclovax,1001706193,2,stand,1
convenience_meals,hyperclovax,1001706193,2,spoon,1
convenience_meals,hyperclovax,1001706193,2,position,1
convenience_meals,hyperclovax,1001706193,2,ready,1
convenience_meals,hyperclovax,1001706193,2,plain,1
convenience_meals,hyperclovax,1001706193,2,light,1
convenience_meals,hyperclovax,1001706193,2,colored,1
convenience_meals,hyperclovax,1001706193,2,surface,1
convenience_meals,hyperclovax,1001706193,2,likely,1
convenience_meals,hyperclovax,1001706193,2,tablecloth,1
convenience_meals,hyperclovax,1001706193,2,placemat,1
convenience_meals,hyperclovax,1001706193,2,provide,1
convenience_meals,hyperclovax,1001706193,2,neutral,1
convenience_meals,hyperclovax,1001706193,2,backdrop,1
convenience_meals,hyperclovax,1001706193,2,highlight,1
convenience_meals,hyperclovax,1001706193,2,vibrant,1
convenience_meals,hyperclovax,1001706193,2,color,1
convenience_meals,hyperclovax,1001837821,1,main,1
convenience_meals,hyperclovax,1001837821,1,food,2
convenience_meals,hyperclovax,1001837821,1,plate,2
convenience_meals,hyperclovax,1001837821,1,beef,4
convenience_meals,hyperclovax,1001837821,1,stew,2
convenience_meals,hyperclovax,1001837821,1,consist,1
convenience_meals,hyperclovax,1001837821,1,cube,1
convenience_meals,hyperclovax,1001837821,1,cook,2
convenience_meals,hyperclovax,1001837821,1,rich,1
convenience_meals,hyperclovax,1001837821,1,dark,1
convenience_meals,hyperclovax,1001837821,1,sauce,2
convenience_meals,hyperclovax,1001837821,1,likely,1
convenience_meals,hyperclovax,1001837821,1,ingredient,1
convenience_meals,hyperclovax,1001837821,1,tomato,1
convenience_meals,hyperclovax,1001837821,1,wine,1
convenience_meals,hyperclovax,1001837821,1,right,1
convenience_meals,hyperclovax,1001837821,1,portion,1
convenience_meals,hyperclovax,1001837821,1,creamy,1
convenience_meals,hyperclovax,1001837821,1,mashed,2
convenience_meals,hyperclovax,1001837821,1,potato,2
convenience_meals,hyperclovax,1001837821,1,white,2
convenience_meals,hyperclovax,1001837821,1,round,1
convenience_meals,hyperclovax,1001837821,1,present,1
convenience_meals,hyperclovax,1001837821,1,blue,1
convenience_meals,hyperclovax,1001837821,1,checkered,1
convenience_meals,hyperclovax,1001837821,1,cloth,1
convenience_meals,hyperclovax,1001837821,1,glossy,1
convenience_meals,hyperclovax,1001837821,1,slightly,1
convenience_meals,hyperclovax,1001837821,1,brown,1
convenience_meals,hyperclovax,1001837821,1,surface,2
convenience_meals,hyperclovax,1001837821,1,thick,1
convenience_meals,hyperclovax,1001837821,1,consistency,1
convenience_meals,hyperclovax,1001837821,1,smooth,1
convenience_meals,hyperclovax,1001837821,1,pale,1
convenience_meals,hyperclovax,1001837821,1,yellow,1
convenience_meals,hyperclovax,1001837821,2,main,1
convenience_meals,hyperclovax,1001837821,2,food,1
convenience_meals,hyperclovax,1001837821,2,plate,4
convenience_meals,hyperclovax,1001837821,2,beef,5
convenience_meals,hyperclovax,1001837821,2,stew,2
convenience_meals,hyperclovax,1001837821,2,consist,1
convenience_meals,hyperclovax,1001837821,2,several,1
convenience_meals,hyperclovax,1001837821,2,cube,1
convenience_meals,hyperclovax,1001837821,2,cooked,1
convenience_meals,hyperclovax,1001837821,2,brown,1
convenience_meals,hyperclovax,1001837821,2,cover,1
convenience_meals,hyperclovax,1001837821,2,rich,1
convenience_meals,hyperclovax,1001837821,2,dark,1
convenience_meals,hyperclovax,1001837821,2,sauce,1
convenience_meals,hyperclovax,1001837821,2,surround,1
convenience_meals,hyperclovax,1001837821,2,smooth,2
convenience_meals,hyperclovax,1001837821,2,creamy,2
convenience_meals,hyperclovax,1001837821,2,mashed,3
convenience_meals,hyperclovax,1001837821,2,potato,4
convenience_meals,hyperclovax,1001837821,2,white,4
convenience_meals,hyperclovax,1001837821,2,round,1
convenience_meals,hyperclovax,1001837821,2,blue,2
convenience_meals,hyperclovax,1001837821,2,checkered,1
convenience_meals,hyperclovax,1001837821,2,cloth,2
convenience_meals,hyperclovax,1001837821,2,cook,1
convenience_meals,hyperclovax,1001837821,2,glossy,1
convenience_meals,hyperclovax,1001837821,2,appearance,1
convenience_meals,hyperclovax,1001837821,2,suggest,1
convenience_meals,hyperclovax,1001837821,2,glaze,1
convenience_meals,hyperclovax,1001837821,2,marinate,1
convenience_meals,hyperclovax,1001837821,2,texture,1
convenience_meals,hyperclovax,1001837821,2,pale,1
convenience_meals,hyperclovax,1001837821,2,yellow,1
convenience_meals,hyperclovax,1001837821,2,color,2
convenience_meals,hyperclovax,1001837821,2,indicate,1
convenience_meals,hyperclovax,1001837821,2,likely,1
convenience_meals,hyperclovax,1001837821,2,boiled,1
convenience_meals,hyperclovax,1001837821,2,overall,1
convenience_meals,hyperclovax,1001837821,2,presentation,1
convenience_meals,hyperclovax,1001837821,2,simple,1
convenience_meals,hyperclovax,1001837821,2,appetizing,1
convenience_meals,hyperclovax,1001837821,2,contrasting,1
convenience_meals,hyperclovax,1001837821,2,nicely,1
convenience_meals,hyperclovax,1001861172,1,main,1
convenience_meals,hyperclovax,1001861172,1,food,1
convenience_meals,hyperclovax,1001861172,1,bowl,2
convenience_meals,hyperclovax,1001861172,1,jjamppong,1
convenience_meals,hyperclovax,1001861172,1,white,1
convenience_meals,hyperclovax,1001861172,1,red,2
convenience_meals,hyperclovax,1001861172,1,floral,2
convenience_meals,hyperclovax,1001861172,1,pattern,1
convenience_meals,hyperclovax,1001861172,1,rim,1
convenience_meals,hyperclovax,1001861172,1,blue,1
convenience_meals,hyperclovax,1001861172,1,design,1
convenience_meals,hyperclovax,1001861172,1,outer,1
convenience_meals,hyperclovax,1001861172,1,edge,1
convenience_meals,hyperclovax,1001861172,1,noodle,2
convenience_meals,hyperclovax,1001861172,1,yellow,1
convenience_meals,hyperclovax,1001861172,1,cook,1
convenience_meals,hyperclovax,1001861172,1,mix,1
convenience_meals,hyperclovax,1001861172,1,sauce,1
convenience_meals,hyperclovax,1001861172,1,chunky,1
convenience_meals,hyperclovax,1001861172,1,texture,1
convenience_meals,hyperclovax,1001861172,1,likely,1
convenience_meals,hyperclovax,1001861172,1,vegetable,1
convenience_meals,hyperclovax,1001861172,1,meat,1
convenience_meals,hyperclovax,1001861172,1,surface,2
convenience_meals,hyperclovax,1001861172,1,slightly,1
convenience_meals,hyperclovax,1001861172,1,glossy,1
convenience_meals,hyperclovax,1001861172,1,indicate,1
convenience_meals,hyperclovax,1001861172,1,presence,1
convenience_meals,hyperclovax,1001861172,1,oil,1
convenience_meals,hyperclovax,1001861172,1,broth,1
convenience_meals,hyperclovax,1001861172,1,plain,1
convenience_meals,hyperclovax,1001861172,1,light,1
convenience_meals,hyperclovax,1001861172,1,grey,1
convenience_meals,hyperclovax,1001861172,2,main,1
convenience_meals,hyperclovax,1001861172,2,food,2
convenience_meals,hyperclovax,1001861172,2,bowl,2
convenience_meals,hyperclovax,1001861172,2,jjamppong,1
convenience_meals,hyperclovax,1001861172,2,noodle,3
convenience_meals,hyperclovax,1001861172,2,yellow,1
convenience_meals,hyperclovax,1001861172,2,thin,1
convenience_meals,hyperclovax,1001861172,2,variety,1
convenience_meals,hyperclovax,1001861172,2,likely,1
convenience_meals,hyperclovax,1001861172,2,wheat,1
convenience_meals,hyperclovax,1001861172,2,mix,1
convenience_meals,hyperclovax,1001861172,2,red,1
convenience_meals,hyperclovax,1001861172,2,spicy,1
convenience_meals,hyperclovax,1001861172,2,broth,1
convenience_meals,hyperclovax,1001861172,2,glossy,1
convenience_meals,hyperclovax,1001861172,2,texture,2
convenience_meals,hyperclovax,1001861172,2,suggest,1
convenience_meals,hyperclovax,1001861172,2,type,1
convenience_meals,hyperclovax,1001861172,2,chili,1
convenience_meals,hyperclovax,1001861172,2,tomato,1
convenience_meals,hyperclovax,1001861172,2,base,1
convenience_meals,hyperclovax,1001861172,2,sauce,2
convenience_meals,hyperclovax,1001861172,2,dish,1
convenience_meals,hyperclovax,1001861172,2,include,1
convenience_meals,hyperclovax,1001861172,2,ingredient,3
convenience_meals,hyperclovax,1001861172,2,thinly,1
convenience_meals,hyperclovax,1001861172,2,sliced,1
convenience_meals,hyperclovax,1001861172,2,meat,1
convenience_meals,hyperclovax,1001861172,2,pork,1
convenience_meals,hyperclovax,1001861172,2,beef,1
convenience_meals,hyperclovax,1001861172,2,vegetable,1
convenience_meals,hyperclovax,1001861172,2,carrot,1
convenience_meals,hyperclovax,1001861172,2,green,1
convenience_meals,hyperclovax,1001861172,2,onion,1
convenience_meals,hyperclovax,1001861172,2,white,1
convenience_meals,hyperclovax,1001861172,2,blue,1
convenience_meals,hyperclovax,1001861172,2,floral,1
convenience_meals,hyperclovax,1001861172,2,pattern,1
convenience_meals,hyperclovax,1001861172,2,rim,1
convenience_meals,hyperclovax,1001861172,2,arrange,1
convenience_meals,hyperclovax,1001861172,2,way,1
convenience_meals,hyperclovax,1001861172,2,showcase,1
convenience_meals,hyperclovax,1001861172,2,present,1
convenience_meals,hyperclovax,1001861172,2,simple,1
convenience_meals,hyperclovax,1001861172,2,appetizing,1
convenience_meals,hyperclovax,1001861172,2,manner,1
convenience_meals,hyperclovax,1001861172,2,focus,1
convenience_meals,hyperclovax,1001861172,2,vibrant,1
convenience_meals,hyperclovax,1001861172,2,color,1
convenience_meals,hyperclovax,1001866269,1,main,1
convenience_meals,hyperclovax,1001866269,1,food,1
convenience_meals,hyperclovax,1001866269,1,prepared,1
convenience_meals,hyperclovax,1001866269,1,dish,2
convenience_meals,hyperclovax,1001866269,1,shabu,2
convenience_meals,hyperclovax,1001866269,1,include,2
convenience_meals,hyperclovax,1001866269,1,variety,2
convenience_meals,hyperclovax,1001866269,1,ingredient,5
convenience_meals,hyperclovax,1001866269,1,sliced,1
convenience_meals,hyperclovax,1001866269,1,beef,2
convenience_meals,hyperclovax,1001866269,1,mushroom,3
convenience_meals,hyperclovax,1001866269,1,cabbage,2
convenience_meals,hyperclovax,1001866269,1,noodle,2
convenience_meals,hyperclovax,1001866269,1,red,1
convenience_meals,hyperclovax,1001866269,1,thinly,1
convenience_meals,hyperclovax,1001866269,1,slice,1
convenience_meals,hyperclovax,1001866269,1,brown,1
convenience_meals,hyperclovax,1001866269,1,smooth,1
convenience_meals,hyperclovax,1001866269,1,texture,2
convenience_meals,hyperclovax,1001866269,1,green,2
convenience_meals,hyperclovax,1001866269,1,look,1
convenience_meals,hyperclovax,1001866269,1,fresh,1
convenience_meals,hyperclovax,1001866269,1,white,1
convenience_meals,hyperclovax,1001866269,1,thin,1
convenience_meals,hyperclovax,1001866269,1,present,1
convenience_meals,hyperclovax,1001866269,1,ceramic,1
convenience_meals,hyperclovax,1001866269,1,pot,3
convenience_meals,hyperclovax,1001866269,1,handle,1
convenience_meals,hyperclovax,1001866269,1,side,1
convenience_meals,hyperclovax,1001866269,1,arrange,1
convenience_meals,hyperclovax,1001866269,1,circular,1
convenience_meals,hyperclovax,1001866269,1,pattern,1
convenience_meals,hyperclovax,1001866269,1,2,1
convenience_meals,hyperclovax,1001866269,1,small,1
convenience_meals,hyperclovax,1001866269,1,bowl,1
convenience_meals,hyperclovax,1001866269,1,reddish,1
convenience_meals,hyperclovax,1001866269,1,sauce,2
convenience_meals,hyperclovax,1001866269,1,brownish,1
convenience_meals,hyperclovax,1001866269,1,likely,1
convenience_meals,hyperclovax,1001866269,1,dip,1
convenience_meals,hyperclovax,1001866269,1,hot,1
convenience_meals,hyperclovax,1001866269,1,packaging,1
convenience_meals,hyperclovax,1001866269,1,upper,1
convenience_meals,hyperclovax,1001866269,1,right,1
convenience_meals,hyperclovax,1001866269,1,corner,1
convenience_meals,hyperclovax,1001866269,1,package,1
convenience_meals,hyperclovax,1001866269,1,possibly,1
convenience_meals,hyperclovax,1001866269,1,vegetable,1
convenience_meals,hyperclovax,1001866269,1,seal,1
convenience_meals,hyperclovax,1001866269,1,plastic,1
convenience_meals,hyperclovax,1001866269,1,bag,1
convenience_meals,hyperclovax,1001866269,1,overall,1
convenience_meals,hyperclovax,1001866269,1,presentation,1
convenience_meals,hyperclovax,1001866269,1,clean,1
convenience_meals,hyperclovax,1001866269,1,organize,1
convenience_meals,hyperclovax,1001866269,1,focus,1
convenience_meals,hyperclovax,1001866269,1,vibrant,1
convenience_meals,hyperclovax,1001866269,1,color,1
convenience_meals,hyperclovax,1001866269,2,main,1
convenience_meals,hyperclovax,1001866269,2,food,1
convenience_meals,hyperclovax,1001866269,2,pot,5
convenience_meals,hyperclovax,1001866269,2,shabu,2
convenience_meals,hyperclovax,1001866269,2,popular,1
convenience_meals,hyperclovax,1001866269,2,asian,1
convenience_meals,hyperclovax,1001866269,2,dish,1
convenience_meals,hyperclovax,1001866269,2,green,3
convenience_meals,hyperclovax,1001866269,2,handle,1
convenience_meals,hyperclovax,1001866269,2,side,1
convenience_meals,hyperclovax,1001866269,2,variety,1
convenience_meals,hyperclovax,1001866269,2,ingredient,1
convenience_meals,hyperclovax,1001866269,2,include,1
convenience_meals,hyperclovax,1001866269,2,sliced,1
convenience_meals,hyperclovax,1001866269,2,beef,2
convenience_meals,hyperclovax,1001866269,2,yellow,1
convenience_meals,hyperclovax,1001866269,2,cabbage,1
convenience_meals,hyperclovax,1001866269,2,white,2
convenience_meals,hyperclovax,1001866269,2,noodle,2
convenience_meals,hyperclovax,1001866269,2,mushroom,2
convenience_meals,hyperclovax,1001866269,2,leafy,2
convenience_meals,hyperclovax,1001866269,2,vegetable,3
convenience_meals,hyperclovax,1001866269,2,brown,2
convenience_meals,hyperclovax,1001866269,2,cook,2
convenience_meals,hyperclovax,1001866269,2,fresh,2
convenience_meals,hyperclovax,1001866269,2,vibrant,1
convenience_meals,hyperclovax,1001866269,2,color,1
convenience_meals,hyperclovax,1001866269,2,ready,1
convenience_meals,hyperclovax,1001866269,2,add,1
convenience_meals,hyperclovax,1001866269,2,glossy,1
convenience_meals,hyperclovax,1001866269,2,appearance,1
convenience_meals,hyperclovax,1001866269,2,suggest,1
convenience_meals,hyperclovax,1001866269,2,large,1
convenience_meals,hyperclovax,1001866269,2,crisp,1
convenience_meals,hyperclovax,1001866269,2,texture,1
convenience_meals,hyperclovax,1001866269,2,light,1
convenience_meals,hyperclovax,1001866269,2,colored,1
convenience_meals,hyperclovax,1001866269,2,surface,1
convenience_meals,hyperclovax,1001866269,2,2,1
convenience_meals,hyperclovax,1001866269,2,small,1
convenience_meals,hyperclovax,1001866269,2,bowl,1
convenience_meals,hyperclovax,1001866269,2,dip,1
convenience_meals,hyperclovax,1001866269,2,sauce,1
convenience_meals,hyperclovax,1001866269,2,left,1
convenience_meals,hyperclovax,1001929136,1,main,1
convenience_meals,hyperclovax,1001929136,1,food,2
convenience_meals,hyperclovax,1001929136,1,꿔바로우,1
convenience_meals,hyperclovax,1001929136,1,piece,3
convenience_meals,hyperclovax,1001929136,1,cover,1
convenience_meals,hyperclovax,1001929136,1,glossy,1
convenience_meals,hyperclovax,1001929136,1,caramelize,1
convenience_meals,hyperclovax,1001929136,1,sauce,2
convenience_meals,hyperclovax,1001929136,1,chicken,2
convenience_meals,hyperclovax,1001929136,1,golden,1
convenience_meals,hyperclovax,1001929136,1,brown,1
convenience_meals,hyperclovax,1001929136,1,crispy,1
convenience_meals,hyperclovax,1001929136,1,glistening,1
convenience_meals,hyperclovax,1001929136,1,pool,1
convenience_meals,hyperclovax,1001929136,1,slightly,1
convenience_meals,hyperclovax,1001929136,1,plate,2
convenience_meals,hyperclovax,1001929136,1,round,1
convenience_meals,hyperclovax,1001929136,1,light,2
convenience_meals,hyperclovax,1001929136,1,beige,1
convenience_meals,hyperclovax,1001929136,1,color,2
convenience_meals,hyperclovax,1001929136,1,subtle,1
convenience_meals,hyperclovax,1001929136,1,texture,1
convenience_meals,hyperclovax,1001929136,1,arrange,1
convenience_meals,hyperclovax,1001929136,1,somewhat,1
convenience_meals,hyperclovax,1001929136,1,scatter,1
convenience_meals,hyperclovax,1001929136,1,manner,1
convenience_meals,hyperclovax,1001929136,1,plain,1
convenience_meals,hyperclovax,1001929136,1,provide,1
convenience_meals,hyperclovax,1001929136,1,neutral,1
convenience_meals,hyperclovax,1001929136,1,backdrop,1
convenience_meals,hyperclovax,1001929136,1,highlight,1
convenience_meals,hyperclovax,1001929136,2,main,1
convenience_meals,hyperclovax,1001929136,2,food,3
convenience_meals,hyperclovax,1001929136,2,꿔바로우,1
convenience_meals,hyperclovax,1001929136,2,cover,1
convenience_meals,hyperclovax,1001929136,2,glossy,1
convenience_meals,hyperclovax,1001929136,2,amber,1
convenience_meals,hyperclovax,1001929136,2,colored,2
convenience_meals,hyperclovax,1001929136,2,sauce,2
convenience_meals,hyperclovax,1001929136,2,chicken,2
convenience_meals,hyperclovax,1001929136,2,golden,1
convenience_meals,hyperclovax,1001929136,2,brown,1
convenience_meals,hyperclovax,1001929136,2,crispy,1
convenience_meals,hyperclovax,1001929136,2,exterior,1
convenience_meals,hyperclovax,1001929136,2,sweet,1
convenience_meals,hyperclovax,1001929136,2,savory,1
convenience_meals,hyperclovax,1001929136,2,glaze,1
convenience_meals,hyperclovax,1001929136,2,possibly,1
convenience_meals,hyperclovax,1001929136,2,honey,1
convenience_meals,hyperclovax,1001929136,2,similar,1
convenience_meals,hyperclovax,1001929136,2,syrup,1
convenience_meals,hyperclovax,1001929136,2,plate,2
convenience_meals,hyperclovax,1001929136,2,simple,1
convenience_meals,hyperclovax,1001929136,2,round,1
convenience_meals,hyperclovax,1001929136,2,ceramic,1
convenience_meals,hyperclovax,1001929136,2,dish,1
convenience_meals,hyperclovax,1001929136,2,light,2
convenience_meals,hyperclovax,1001929136,2,beige,1
convenience_meals,hyperclovax,1001929136,2,color,1
convenience_meals,hyperclovax,1001929136,2,piece,1
convenience_meals,hyperclovax,1001929136,2,arrange,1
convenience_meals,hyperclovax,1001929136,2,somewhat,1
convenience_meals,hyperclovax,1001929136,2,scatter,1
convenience_meals,hyperclovax,1001929136,2,manner,1
convenience_meals,hyperclovax,1001929136,2,plain,1
convenience_meals,hyperclovax,1001929136,2,surface,1
convenience_meals,hyperclovax,1001929136,2,distract,1
convenience_meals,hyperclovax,1001929136,2,item,1
convenience_meals,hyperclovax,1001929136,2,focus,1
convenience_meals,hyperclovax,1001929136,2,solely,1
convenience_meals,hyperclovax,1001929136,2,provide,1
convenience_meals,hyperclovax,1001929136,2,clear,1
convenience_meals,hyperclovax,1001929136,2,view,1
convenience_meals,hyperclovax,1001929136,2,texture,1
convenience_meals,hyperclovax,1001929136,2,appearance,1
convenience_meals,hyperclovax,1001929136,2,additional,1
convenience_meals,hyperclovax,1001929136,2,context,1
convenience_meals,hyperclovax,1001929136,2,element,1
convenience_meals,hyperclovax,1001931649,1,main,1
convenience_meals,hyperclovax,1001931649,1,food,3
convenience_meals,hyperclovax,1001931649,1,product,5
convenience_meals,hyperclovax,1001931649,1,pack,1
convenience_meals,hyperclovax,1001931649,1,breaded,1
convenience_meals,hyperclovax,1001931649,1,fry,2
convenience_meals,hyperclovax,1001931649,1,chicken,1
convenience_meals,hyperclovax,1001931649,1,nugget,3
convenience_meals,hyperclovax,1001931649,1,golden,1
convenience_meals,hyperclovax,1001931649,1,brown,2
convenience_meals,hyperclovax,1001931649,1,indicate,1
convenience_meals,hyperclovax,1001931649,1,crispy,1
convenience_meals,hyperclovax,1001931649,1,texture,1
convenience_meals,hyperclovax,1001931649,1,visible,1
convenience_meals,hyperclovax,1001931649,1,surface,1
convenience_meals,hyperclovax,1001931649,1,packaging,2
convenience_meals,hyperclovax,1001931649,1,white,1
convenience_meals,hyperclovax,1001931649,1,rectangular,1
convenience_meals,hyperclovax,1001931649,1,bag,1
convenience_meals,hyperclovax,1001931649,1,text,2
convenience_meals,hyperclovax,1001931649,1,suggest,1
convenience_meals,hyperclovax,1001931649,1,frozen,1
convenience_meals,hyperclovax,1001931649,1,item,1
convenience_meals,hyperclovax,1001931649,1,fully,1
convenience_meals,hyperclovax,1001931649,1,legible,1
convenience_meals,hyperclovax,1001931649,1,include,1
convenience_meals,hyperclovax,1001931649,1,instruction,1
convenience_meals,hyperclovax,1001931649,1,information,1
convenience_meals,hyperclovax,1001931649,1,arrange,1
convenience_meals,hyperclovax,1001931649,1,plate,2
convenience_meals,hyperclovax,1001931649,1,small,1
convenience_meals,hyperclovax,1001931649,1,bowl,1
convenience_meals,hyperclovax,1001931649,1,red,1
convenience_meals,hyperclovax,1001931649,1,sauce,1
convenience_meals,hyperclovax,1001931649,1,likely,1
convenience_meals,hyperclovax,1001931649,1,ketchup,1
convenience_meals,hyperclovax,1001931649,1,left,1
convenience_meals,hyperclovax,1001931649,1,plain,1
convenience_meals,hyperclovax,1001931649,1,light,1
convenience_meals,hyperclovax,1001931649,1,color,1
convenience_meals,hyperclovax,1001931649,1,tablecloth,1
convenience_meals,hyperclovax,1001931649,1,focus,1
convenience_meals,hyperclovax,1001931649,2,main,1
convenience_meals,hyperclovax,1001931649,2,food,3
convenience_meals,hyperclovax,1001931649,2,plate,3
convenience_meals,hyperclovax,1001931649,2,golden,2
convenience_meals,hyperclovax,1001931649,2,brown,4
convenience_meals,hyperclovax,1001931649,2,fry,2
convenience_meals,hyperclovax,1001931649,2,chicken,1
convenience_meals,hyperclovax,1001931649,2,nugget,2
convenience_meals,hyperclovax,1001931649,2,crispy,1
convenience_meals,hyperclovax,1001931649,2,texture,1
convenience_meals,hyperclovax,1001931649,2,yellow,1
convenience_meals,hyperclovax,1001931649,2,color,2
convenience_meals,hyperclovax,1001931649,2,indicate,1
convenience_meals,hyperclovax,1001931649,2,cook,1
convenience_meals,hyperclovax,1001931649,2,arrange,1
convenience_meals,hyperclovax,1001931649,2,somewhat,1
convenience_meals,hyperclovax,1001931649,2,scatter,1
convenience_meals,hyperclovax,1001931649,2,manner,1
convenience_meals,hyperclovax,1001931649,2,line,1
convenience_meals,hyperclovax,1001931649,2,piece,1
convenience_meals,hyperclovax,1001931649,2,parchment,1
convenience_meals,hyperclovax,1001931649,2,paper,1
convenience_meals,hyperclovax,1001931649,2,left,1
convenience_meals,hyperclovax,1001931649,2,small,1
convenience_meals,hyperclovax,1001931649,2,bowl,1
convenience_meals,hyperclovax,1001931649,2,red,1
convenience_meals,hyperclovax,1001931649,2,sauce,1
convenience_meals,hyperclovax,1001931649,2,likely,1
convenience_meals,hyperclovax,1001931649,2,ketchup,1
convenience_meals,hyperclovax,1001931649,2,fork,1
convenience_meals,hyperclovax,1001931649,2,beige,1
convenience_meals,hyperclovax,1001931649,2,handle,1
convenience_meals,hyperclovax,1001931649,2,napkin,1
convenience_meals,hyperclovax,1001931649,2,plain,1
convenience_meals,hyperclovax,1001931649,2,light,1
convenience_meals,hyperclovax,1001931649,2,tablecloth,1
convenience_meals,hyperclovax,1001931649,2,provide,1
convenience_meals,hyperclovax,1001931649,2,neutral,1
convenience_meals,hyperclovax,1001931649,2,backdrop,1
convenience_meals,hyperclovax,1001931649,2,highlight,1
convenience_meals,hyperclovax,1001931649,2,focus,1
convenience_meals,hyperclovax,1001931649,2,presentation,1
convenience_meals,hyperclovax,1001931649,2,additional,1
convenience_meals,hyperclovax,1001931649,2,context,1
convenience_meals,hyperclovax,1001931649,2,element,1
convenience_meals,hyperclovax,1001946226,1,main,1
convenience_meals,hyperclovax,1001946226,1,food,2
convenience_meals,hyperclovax,1001946226,1,product,2
convenience_meals,hyperclovax,1001946226,1,bowl,2
convenience_meals,hyperclovax,1001946226,1,cooked,1
convenience_meals,hyperclovax,1001946226,1,rice,3
convenience_meals,hyperclovax,1001946226,1,green,2
convenience_meals,hyperclovax,1001946226,1,vegetable,2
convenience_meals,hyperclovax,1001946226,1,white,2
convenience_meals,hyperclovax,1001946226,1,fleck,1
convenience_meals,hyperclovax,1001946226,1,suggest,2
convenience_meals,hyperclovax,1001946226,1,presence,1
convenience_meals,hyperclovax,1001946226,1,spinach,1
convenience_meals,hyperclovax,1001946226,1,kale,1
convenience_meals,hyperclovax,1001946226,1,dish,1
convenience_meals,hyperclovax,1001946226,1,present,1
convenience_meals,hyperclovax,1001946226,1,brown,1
convenience_meals,hyperclovax,1001946226,1,ceramic,1
convenience_meals,hyperclovax,1001946226,1,beige,1
convenience_meals,hyperclovax,1001946226,1,cloth,1
convenience_meals,hyperclovax,1001946226,1,napkin,1
convenience_meals,hyperclovax,1001946226,1,packaging,2
convenience_meals,hyperclovax,1001946226,1,bag,1
convenience_meals,hyperclovax,1001946226,1,text,2
convenience_meals,hyperclovax,1001946226,1,korean,1
convenience_meals,hyperclovax,1001946226,1,indicate,1
convenience_meals,hyperclovax,1001946226,1,origin,1
convenience_meals,hyperclovax,1001946226,1,brand,1
convenience_meals,hyperclovax,1001946226,1,read,1
convenience_meals,hyperclovax,1001946226,1,국산_생곤드레로_만든_곤드레나물밥,1
convenience_meals,hyperclovax,1001946226,1,ready,1
convenience_meals,hyperclovax,1001946226,1,serve,1
convenience_meals,hyperclovax,1001946226,1,overall,1
convenience_meals,hyperclovax,1001946226,1,presentation,1
convenience_meals,hyperclovax,1001946226,1,simple,1
convenience_meals,hyperclovax,1001946226,1,clean,1
convenience_meals,hyperclovax,1001946226,1,focus,1
convenience_meals,hyperclovax,1001946226,1,item,1
convenience_meals,hyperclovax,1001946226,2,main,1
convenience_meals,hyperclovax,1001946226,2,food,3
convenience_meals,hyperclovax,1001946226,2,bowl,4
convenience_meals,hyperclovax,1001946226,2,cook,1
convenience_meals,hyperclovax,1001946226,2,rice,4
convenience_meals,hyperclovax,1001946226,2,mix,1
convenience_meals,hyperclovax,1001946226,2,green,2
convenience_meals,hyperclovax,1001946226,2,herb,1
convenience_meals,hyperclovax,1001946226,2,likely,1
convenience_meals,hyperclovax,1001946226,2,spinach,1
convenience_meals,hyperclovax,1001946226,2,similar,1
convenience_meals,hyperclovax,1001946226,2,leafy,1
convenience_meals,hyperclovax,1001946226,2,white,1
convenience_meals,hyperclovax,1001946226,2,slightly,2
convenience_meals,hyperclovax,1001946226,2,greenish,1
convenience_meals,hyperclovax,1001946226,2,tint,1
convenience_meals,hyperclovax,1001946226,2,vegetable,1
convenience_meals,hyperclovax,1001946226,2,present,1
convenience_meals,hyperclovax,1001946226,2,brown,3
convenience_meals,hyperclovax,1001946226,2,ceramic,2
convenience_meals,hyperclovax,1001946226,2,surface,1
convenience_meals,hyperclovax,1001946226,2,texture,2
convenience_meals,hyperclovax,1001946226,2,look,1
convenience_meals,hyperclovax,1001946226,2,sticky,1
convenience_meals,hyperclovax,1001946226,2,typical,1
convenience_meals,hyperclovax,1001946226,2,cooked,1
convenience_meals,hyperclovax,1001946226,2,right,1
convenience_meals,hyperclovax,1001946226,2,small,2
convenience_meals,hyperclovax,1001946226,2,reddish,1
convenience_meals,hyperclovax,1001946226,2,sauce,3
convenience_meals,hyperclovax,1001946226,2,sesame,1
convenience_meals,hyperclovax,1001946226,2,seed,1
convenience_meals,hyperclovax,1001946226,2,top,1
convenience_meals,hyperclovax,1001946226,2,suggest,1
convenience_meals,hyperclovax,1001946226,2,type,1
convenience_meals,hyperclovax,1001946226,2,asian,1
convenience_meals,hyperclovax,1001946226,2,style,1
convenience_meals,hyperclovax,1001946226,2,dipping,1
convenience_meals,hyperclovax,1001946226,2,round,1
convenience_meals,hyperclovax,1001946226,2,dish,1
convenience_meals,hyperclovax,1001946226,2,light,2
convenience_meals,hyperclovax,1001946226,2,rim,1
convenience_meals,hyperclovax,1001946226,2,plain,1
convenience_meals,hyperclovax,1001946226,2,color,2
convenience_meals,hyperclovax,1001946226,2,tablecloth,1
convenience_meals,hyperclovax,1001946226,2,provide,1
convenience_meals,hyperclovax,1001946226,2,neutral,1
convenience_meals,hyperclovax,1001946226,2,backdrop,1
convenience_meals,hyperclovax,1001946226,2,highlight,1
convenience_meals,hyperclovax,1001946226,2,focus,1
convenience_meals,hyperclovax,1001946226,2,presentation,1
convenience_meals,hyperclovax,1001946226,2,emphasize,1
convenience_meals,hyperclovax,1002066864,1,main,1
convenience_meals,hyperclovax,1002066864,1,food,2
convenience_meals,hyperclovax,1002066864,1,product,1
convenience_meals,hyperclovax,1002066864,1,bowl,4
convenience_meals,hyperclovax,1002066864,1,noodle,3
convenience_meals,hyperclovax,1002066864,1,white,1
convenience_meals,hyperclovax,1002066864,1,handle,1
convenience_meals,hyperclovax,1002066864,1,side,1
convenience_meals,hyperclovax,1002066864,1,creamy,1
convenience_meals,hyperclovax,1002066864,1,orange,2
convenience_meals,hyperclovax,1002066864,1,colored,1
convenience_meals,hyperclovax,1002066864,1,dish,3
convenience_meals,hyperclovax,1002066864,1,visible,1
convenience_meals,hyperclovax,1002066864,1,piece,2
convenience_meals,hyperclovax,1002066864,1,chicken,2
convenience_meals,hyperclovax,1002066864,1,coat,1
convenience_meals,hyperclovax,1002066864,1,thick,1
convenience_meals,hyperclovax,1002066864,1,sauce,1
convenience_meals,hyperclovax,1002066864,1,garnish,1
convenience_meals,hyperclovax,1002066864,1,look,1
convenience_meals,hyperclovax,1002066864,1,small,1
convenience_meals,hyperclovax,1002066864,1,red,2
convenience_meals,hyperclovax,1002066864,1,napkin,2
convenience_meals,hyperclovax,1002066864,1,pair,1
convenience_meals,hyperclovax,1002066864,1,black,1
convenience_meals,hyperclovax,1002066864,1,chopstick,1
convenience_meals,hyperclovax,1002066864,1,lay,1
convenience_meals,hyperclovax,1002066864,1,right,1
convenience_meals,hyperclovax,1002066864,1,plain,1
convenience_meals,hyperclovax,1002066864,1,light,1
convenience_meals,hyperclovax,1002066864,1,gray,1
convenience_meals,hyperclovax,1002066864,1,surface,1
convenience_meals,hyperclovax,1002066864,1,contrast,1
convenience_meals,hyperclovax,1002066864,1,vibrant,1
convenience_meals,hyperclovax,1002066864,1,color,1
convenience_meals,hyperclovax,1002066864,1,focus,1
convenience_meals,hyperclovax,1002066864,1,solely,1
convenience_meals,hyperclovax,1002066864,1,presentation,1
convenience_meals,hyperclovax,1002066864,1,additional,1
convenience_meals,hyperclovax,1002066864,1,context,1
convenience_meals,hyperclovax,1002066864,1,element,1
convenience_meals,hyperclovax,1002066864,2,main,1
convenience_meals,hyperclovax,1002066864,2,food,2
convenience_meals,hyperclovax,1002066864,2,bowl,3
convenience_meals,hyperclovax,1002066864,2,creamy,3
convenience_meals,hyperclovax,1002066864,2,pasta,2
convenience_meals,hyperclovax,1002066864,2,likely,1
convenience_meals,hyperclovax,1002066864,2,type,2
convenience_meals,hyperclovax,1002066864,2,noodle,2
convenience_meals,hyperclovax,1002066864,2,dish,3
convenience_meals,hyperclovax,1002066864,2,coat,1
convenience_meals,hyperclovax,1002066864,2,thick,1
convenience_meals,hyperclovax,1002066864,2,orange,1
convenience_meals,hyperclovax,1002066864,2,colored,1
convenience_meals,hyperclovax,1002066864,2,sauce,2
convenience_meals,hyperclovax,1002066864,2,cheesy,1
convenience_meals,hyperclovax,1002066864,2,base,1
convenience_meals,hyperclovax,1002066864,2,possibly,1
convenience_meals,hyperclovax,1002066864,2,add,1
convenience_meals,hyperclovax,1002066864,2,spice,1
convenience_meals,hyperclovax,1002066864,2,herb,1
convenience_meals,hyperclovax,1002066864,2,intertwine,1
convenience_meals,hyperclovax,1002066864,2,chunk,2
convenience_meals,hyperclovax,1002066864,2,chicken,1
convenience_meals,hyperclovax,1002066864,2,meat,2
convenience_meals,hyperclovax,1002066864,2,serve,2
convenience_meals,hyperclovax,1002066864,2,white,1
convenience_meals,hyperclovax,1002066864,2,red,1
convenience_meals,hyperclovax,1002066864,2,napkin,1
convenience_meals,hyperclovax,1002066864,2,underneath,1
convenience_meals,hyperclovax,1002066864,2,text,1
convenience_meals,hyperclovax,1002066864,2,read,1
convenience_meals,hyperclovax,1002066864,2,니뽕내뽕,1
convenience_meals,hyperclovax,1002066864,2,indicate,1
convenience_meals,hyperclovax,1002066864,2,brand,1
convenience_meals,hyperclovax,1002066864,2,restaurant,1
convenience_meals,hyperclovax,1002066864,2,overall,1
convenience_meals,hyperclovax,1002066864,2,presentation,1
convenience_meals,hyperclovax,1002066864,2,simple,1
convenience_meals,hyperclovax,1002066864,2,focus,1
convenience_meals,hyperclovax,1002066864,2,additional,1
convenience_meals,hyperclovax,1002066864,2,garnish,1
convenience_meals,hyperclovax,1002066864,2,decoration,1
convenience_meals,hyperclovax,1002066864,2,visible,2
convenience_meals,hyperclovax,1002066864,2,texture,1
convenience_meals,hyperclovax,1002066864,2,suggest,1
convenience_meals,hyperclovax,1002066864,2,hearty,1
convenience_meals,hyperclovax,1002066864,2,rich,1
convenience_meals,hyperclovax,1002066864,2,flavor,1
convenience_meals,hyperclovax,1002066864,2,profile,1
convenience_meals,hyperclovax,1002309661,1,main,1
convenience_meals,hyperclovax,1002309661,1,food,1
convenience_meals,hyperclovax,1002309661,1,dish,3
convenience_meals,hyperclovax,1002309661,1,braised,1
convenience_meals,hyperclovax,1002309661,1,spicy,1
convenience_meals,hyperclovax,1002309661,1,monkfish,1
convenience_meals,hyperclovax,1002309661,1,rich,1
convenience_meals,hyperclovax,1002309661,1,reddish,1
convenience_meals,hyperclovax,1002309661,1,orange,1
convenience_meals,hyperclovax,1002309661,1,sauce,2
convenience_meals,hyperclovax,1002309661,1,visible,1
convenience_meals,hyperclovax,1002309661,1,chunk,1
convenience_meals,hyperclovax,1002309661,1,green,1
convenience_meals,hyperclovax,1002309661,1,vegetable,2
convenience_meals,hyperclovax,1002309661,1,likely,1
convenience_meals,hyperclovax,1002309661,1,spinach,1
convenience_meals,hyperclovax,1002309661,1,kale,1
convenience_meals,hyperclovax,1002309661,1,piece,1
convenience_meals,hyperclovax,1002309661,1,fish,1
convenience_meals,hyperclovax,1002309661,1,serve,2
convenience_meals,hyperclovax,1002309661,1,round,1
convenience_meals,hyperclovax,1002309661,1,shallow,1
convenience_meals,hyperclovax,1002309661,1,metal,1
convenience_meals,hyperclovax,1002309661,1,pan,1
convenience_meals,hyperclovax,1002309661,1,2,1
convenience_meals,hyperclovax,1002309661,1,handle,1
convenience_meals,hyperclovax,1002309661,1,suggest,1
convenience_meals,hyperclovax,1002309661,1,ready,1
convenience_meals,hyperclovax,1002309661,1,include,2
convenience_meals,hyperclovax,1002309661,1,package,1
convenience_meals,hyperclovax,1002309661,1,meat,1
convenience_meals,hyperclovax,1002309661,1,indicate,1
convenience_meals,hyperclovax,1002309661,1,large,1
convenience_meals,hyperclovax,1002309661,1,meal,1
convenience_meals,hyperclovax,1002309661,1,recipe,1
convenience_meals,hyperclovax,1002309661,1,item,1
convenience_meals,hyperclovax,1002309661,1,overall,1
convenience_meals,hyperclovax,1002309661,1,presentation,1
convenience_meals,hyperclovax,1002309661,1,appetizing,1
convenience_meals,hyperclovax,1002309661,1,vibrant,1
convenience_meals,hyperclovax,1002309661,1,color,1
convenience_meals,hyperclovax,1002309661,1,glossy,1
convenience_meals,hyperclovax,1002309661,1,sheen,1
convenience_meals,hyperclovax,1002309661,1,highlight,1
convenience_meals,hyperclovax,1002309661,1,freshness,1
convenience_meals,hyperclovax,1002309661,1,flavor,1
convenience_meals,hyperclovax,1002309661,2,main,1
convenience_meals,hyperclovax,1002309661,2,food,1
convenience_meals,hyperclovax,1002309661,2,dish,5
convenience_meals,hyperclovax,1002309661,2,spicy,2
convenience_meals,hyperclovax,1002309661,2,marinate,1
convenience_meals,hyperclovax,1002309661,2,fish,1
convenience_meals,hyperclovax,1002309661,2,vegetable,3
convenience_meals,hyperclovax,1002309661,2,likely,1
convenience_meals,hyperclovax,1002309661,2,type,1
convenience_meals,hyperclovax,1002309661,2,stew,2
convenience_meals,hyperclovax,1002309661,2,braised,1
convenience_meals,hyperclovax,1002309661,2,meat,2
convenience_meals,hyperclovax,1002309661,2,piece,1
convenience_meals,hyperclovax,1002309661,2,cut,1
convenience_meals,hyperclovax,1002309661,2,chunk,1
convenience_meals,hyperclovax,1002309661,2,coat,1
convenience_meals,hyperclovax,1002309661,2,rich,1
convenience_meals,hyperclovax,1002309661,2,reddish,1
convenience_meals,hyperclovax,1002309661,2,brown,1
convenience_meals,hyperclovax,1002309661,2,sauce,2
convenience_meals,hyperclovax,1002309661,2,suggest,1
convenience_meals,hyperclovax,1002309661,2,tangy,1
convenience_meals,hyperclovax,1002309661,2,flavor,1
convenience_meals,hyperclovax,1002309661,2,profile,1
convenience_meals,hyperclovax,1002309661,2,include,1
convenience_meals,hyperclovax,1002309661,2,green,1
convenience_meals,hyperclovax,1002309661,2,leafy,1
convenience_meals,hyperclovax,1002309661,2,greens,1
convenience_meals,hyperclovax,1002309661,2,possibly,1
convenience_meals,hyperclovax,1002309661,2,root,1
convenience_meals,hyperclovax,1002309661,2,mix,1
convenience_meals,hyperclovax,1002309661,2,contribute,1
convenience_meals,hyperclovax,1002309661,2,hearty,1
convenience_meals,hyperclovax,1002309661,2,appearance,1
convenience_meals,hyperclovax,1002309661,2,present,1
convenience_meals,hyperclovax,1002309661,2,round,1
convenience_meals,hyperclovax,1002309661,2,shallow,1
convenience_meals,hyperclovax,1002309661,2,metal,1
convenience_meals,hyperclovax,1002309661,2,pan,2
convenience_meals,hyperclovax,1002309661,2,handle,1
convenience_meals,hyperclovax,1002309661,2,typical,1
convenience_meals,hyperclovax,1002309661,2,serve,1
convenience_meals,hyperclovax,1002309661,2,braise,1
convenience_meals,hyperclovax,1002309661,2,cuisine,1
convenience_meals,hyperclovax,1002309661,2,overall,1
convenience_meals,hyperclovax,1002309661,2,presentation,1
convenience_meals,hyperclovax,1002309661,2,appetizing,1
convenience_meals,hyperclovax,1002309661,2,vibrant,1
convenience_meals,hyperclovax,1002309661,2,color,1
convenience_meals,hyperclovax,1002309661,2,ingredient,1
convenience_meals,hyperclovax,1002309661,2,stand,1
convenience_meals,hyperclovax,1002309661,2,metallic,1
convenience_meals,hyperclovax,1002309661,2,sheen,1
convenience_meals,hyperclovax,1002347378,1,main,1
convenience_meals,hyperclovax,1002347378,1,food,1
convenience_meals,hyperclovax,1002347378,1,product,3
convenience_meals,hyperclovax,1002347378,1,frozen,1
convenience_meals,hyperclovax,1002347378,1,pizza,1
convenience_meals,hyperclovax,1002347378,1,sandwich,4
convenience_meals,hyperclovax,1002347378,1,consist,1
convenience_meals,hyperclovax,1002347378,1,rectangular,1
convenience_meals,hyperclovax,1002347378,1,piece,1
convenience_meals,hyperclovax,1002347378,1,flatbread,1
convenience_meals,hyperclovax,1002347378,1,filling,1
convenience_meals,hyperclovax,1002347378,1,include,2
convenience_meals,hyperclovax,1002347378,1,melt,1
convenience_meals,hyperclovax,1002347378,1,cheese,1
convenience_meals,hyperclovax,1002347378,1,green,1
convenience_meals,hyperclovax,1002347378,1,herb,1
convenience_meals,hyperclovax,1002347378,1,mixture,1
convenience_meals,hyperclovax,1002347378,1,visible,1
convenience_meals,hyperclovax,1002347378,1,surface,1
convenience_meals,hyperclovax,1002347378,1,golden,1
convenience_meals,hyperclovax,1002347378,1,brown,1
convenience_meals,hyperclovax,1002347378,1,indicate,2
convenience_meals,hyperclovax,1002347378,1,bake,1
convenience_meals,hyperclovax,1002347378,1,packaging,2
convenience_meals,hyperclovax,1002347378,1,predominantly,1
convenience_meals,hyperclovax,1002347378,1,white,1
convenience_meals,hyperclovax,1002347378,1,red,1
convenience_meals,hyperclovax,1002347378,1,black,1
convenience_meals,hyperclovax,1002347378,1,text,2
convenience_meals,hyperclovax,1002347378,1,brand,1
convenience_meals,hyperclovax,1002347378,1,베키아에누보,1
convenience_meals,hyperclovax,1002347378,1,english,2
convenience_meals,hyperclovax,1002347378,1,korean,1
convenience_meals,hyperclovax,1002347378,1,바질토마토치즈_치아바타_샌드위치,1
convenience_meals,hyperclovax,1002347378,1,translate,1
convenience_meals,hyperclovax,1002347378,1,basil_tomato_cheese_ciabatta_sandwich,1
convenience_meals,hyperclovax,1002347378,1,identify,1
convenience_meals,hyperclovax,1002347378,1,flavor,1
convenience_meals,hyperclovax,1002347378,1,quantity,1
convenience_meals,hyperclovax,1002347378,1,3개,1
convenience_meals,hyperclovax,1002347378,2,main,1
convenience_meals,hyperclovax,1002347378,2,food,1
convenience_meals,hyperclovax,1002347378,2,type,1
convenience_meals,hyperclovax,1002347378,2,sandwich,5
convenience_meals,hyperclovax,1002347378,2,specifically,1
convenience_meals,hyperclovax,1002347378,2,basil,1
convenience_meals,hyperclovax,1002347378,2,tomato,1
convenience_meals,hyperclovax,1002347378,2,cheese,4
convenience_meals,hyperclovax,1002347378,2,ciabatta,1
convenience_meals,hyperclovax,1002347378,2,consist,1
convenience_meals,hyperclovax,1002347378,2,bread,2
convenience_meals,hyperclovax,1002347378,2,fill,1
convenience_meals,hyperclovax,1002347378,2,mixture,1
convenience_meals,hyperclovax,1002347378,2,include,1
convenience_meals,hyperclovax,1002347378,2,melt,2
convenience_meals,hyperclovax,1002347378,2,green,2
convenience_meals,hyperclovax,1002347378,2,pesto,2
convenience_meals,hyperclovax,1002347378,2,sauce,2
convenience_meals,hyperclovax,1002347378,2,possibly,1
convenience_meals,hyperclovax,1002347378,2,form,1
convenience_meals,hyperclovax,1002347378,2,meat,1
convenience_meals,hyperclovax,1002347378,2,seafood,1
convenience_meals,hyperclovax,1002347378,2,golden,1
convenience_meals,hyperclovax,1002347378,2,brown,2
convenience_meals,hyperclovax,1002347378,2,crust,1
convenience_meals,hyperclovax,1002347378,2,slightly,2
convenience_meals,hyperclovax,1002347378,2,rough,1
convenience_meals,hyperclovax,1002347378,2,texture,1
convenience_meals,hyperclovax,1002347378,2,surface,1
convenience_meals,hyperclovax,1002347378,2,indicate,1
convenience_meals,hyperclovax,1002347378,2,bake,1
convenience_meals,hyperclovax,1002347378,2,spot,1
convenience_meals,hyperclovax,1002347378,2,suggest,1
convenience_meals,hyperclovax,1002347378,2,heat,1
convenience_meals,hyperclovax,1002347378,2,reach,1
convenience_meals,hyperclovax,1002347378,2,soft,1
convenience_meals,hyperclovax,1002347378,2,gooey,1
convenience_meals,hyperclovax,1002347378,2,consistency,1
convenience_meals,hyperclovax,1002347378,2,visible,1
convenience_meals,hyperclovax,1002347378,2,patch,1
convenience_meals,hyperclovax,1002347378,2,add,1
convenience_meals,hyperclovax,1002347378,2,contrast,1
convenience_meals,hyperclovax,1002347378,2,filling,1
convenience_meals,hyperclovax,1002347378,2,cut,1
convenience_meals,hyperclovax,1002347378,2,half,1
convenience_meals,hyperclovax,1002347378,2,reveal,1
convenience_meals,hyperclovax,1002347378,2,layer,1
convenience_meals,hyperclovax,1002347378,2,ingredient,1
convenience_meals,hyperclovax,1002347378,2,inside,1
convenience_meals,hyperclovax,1002347378,2,arrangement,1
convenience_meals,hyperclovax,1002347378,2,white,1
convenience_meals,hyperclovax,1002347378,2,plate,1
convenience_meals,hyperclovax,1002347378,2,highlight,1
convenience_meals,hyperclovax,1002347378,2,appetizing,1
convenience_meals,hyperclovax,1002347378,2,appearance,1
convenience_meals,hyperclovax,1002361676,1,main,1
convenience_meals,hyperclovax,1002361676,1,food,3
convenience_meals,hyperclovax,1002361676,1,dish,1
convenience_meals,hyperclovax,1002361676,1,rich,1
convenience_meals,hyperclovax,1002361676,1,orange,1
convenience_meals,hyperclovax,1002361676,1,colored,2
convenience_meals,hyperclovax,1002361676,1,curry,4
convenience_meals,hyperclovax,1002361676,1,chunk,1
convenience_meals,hyperclovax,1002361676,1,meat,1
convenience_meals,hyperclovax,1002361676,1,likely,1
convenience_meals,hyperclovax,1002361676,1,chicken,1
convenience_meals,hyperclovax,1002361676,1,serve,1
convenience_meals,hyperclovax,1002361676,1,metal,1
convenience_meals,hyperclovax,1002361676,1,pan,1
convenience_meals,hyperclovax,1002361676,1,brass,1
convenience_meals,hyperclovax,1002361676,1,handle,1
convenience_meals,hyperclovax,1002361676,1,thick,1
convenience_meals,hyperclovax,1002361676,1,creamy,1
convenience_meals,hyperclovax,1002361676,1,consistency,1
convenience_meals,hyperclovax,1002361676,1,garnish,1
convenience_meals,hyperclovax,1002361676,1,herb,1
convenience_meals,hyperclovax,1002361676,1,spice,1
convenience_meals,hyperclovax,1002361676,1,visible,1
convenience_meals,hyperclovax,1002361676,1,surface,2
convenience_meals,hyperclovax,1002361676,1,right,1
convenience_meals,hyperclovax,1002361676,1,basket,2
convenience_meals,hyperclovax,1002361676,1,2,1
convenience_meals,hyperclovax,1002361676,1,piece,1
convenience_meals,hyperclovax,1002361676,1,flatbread,3
convenience_meals,hyperclovax,1002361676,1,naan,1
convenience_meals,hyperclovax,1002361676,1,roti,1
convenience_meals,hyperclovax,1002361676,1,slightly,1
convenience_meals,hyperclovax,1002361676,1,brown,1
convenience_meals,hyperclovax,1002361676,1,crispy,1
convenience_meals,hyperclovax,1002361676,1,texture,1
convenience_meals,hyperclovax,1002361676,1,white,1
convenience_meals,hyperclovax,1002361676,1,napkin,1
convenience_meals,hyperclovax,1002361676,1,neutral,1
convenience_meals,hyperclovax,1002361676,1,light,1
convenience_meals,hyperclovax,1002361676,1,provide,1
convenience_meals,hyperclovax,1002361676,1,clean,1
convenience_meals,hyperclovax,1002361676,1,simple,1
convenience_meals,hyperclovax,1002361676,1,backdrop,1
convenience_meals,hyperclovax,1002361676,1,highlight,1
convenience_meals,hyperclovax,1002361676,1,focus,1
convenience_meals,hyperclovax,1002361676,1,presentation,1
convenience_meals,hyperclovax,1002361676,1,emphasize,1
convenience_meals,hyperclovax,1002361676,1,additional,1
convenience_meals,hyperclovax,1002361676,1,context,1
convenience_meals,hyperclovax,1002361676,1,decoration,1
convenience_meals,hyperclovax,1002361676,2,main,1
convenience_meals,hyperclovax,1002361676,2,food,1
convenience_meals,hyperclovax,1002361676,2,dish,2
convenience_meals,hyperclovax,1002361676,2,rich,1
convenience_meals,hyperclovax,1002361676,2,orange,1
convenience_meals,hyperclovax,1002361676,2,colored,1
convenience_meals,hyperclovax,1002361676,2,curry,4
convenience_meals,hyperclovax,1002361676,2,chunk,1
convenience_meals,hyperclovax,1002361676,2,meat,1
convenience_meals,hyperclovax,1002361676,2,likely,1
convenience_meals,hyperclovax,1002361676,2,chicken,1
convenience_meals,hyperclovax,1002361676,2,serve,3
convenience_meals,hyperclovax,1002361676,2,metal,1
convenience_meals,hyperclovax,1002361676,2,pan,1
convenience_meals,hyperclovax,1002361676,2,glossy,1
convenience_meals,hyperclovax,1002361676,2,texture,2
convenience_meals,hyperclovax,1002361676,2,suggest,2
convenience_meals,hyperclovax,1002361676,2,coat,1
convenience_meals,hyperclovax,1002361676,2,thick,1
convenience_meals,hyperclovax,1002361676,2,creamy,1
convenience_meals,hyperclovax,1002361676,2,sauce,1
convenience_meals,hyperclovax,1002361676,2,accompany,1
convenience_meals,hyperclovax,1002361676,2,piece,2
convenience_meals,hyperclovax,1002361676,2,naan,4
convenience_meals,hyperclovax,1002361676,2,bread,4
convenience_meals,hyperclovax,1002361676,2,type,1
convenience_meals,hyperclovax,1002361676,2,flatbread,1
convenience_meals,hyperclovax,1002361676,2,commonly,1
convenience_meals,hyperclovax,1002361676,2,indian,1
convenience_meals,hyperclovax,1002361676,2,golden,1
convenience_meals,hyperclovax,1002361676,2,brown,1
convenience_meals,hyperclovax,1002361676,2,char,1
convenience_meals,hyperclovax,1002361676,2,mark,1
convenience_meals,hyperclovax,1002361676,2,indicate,1
convenience_meals,hyperclovax,1002361676,2,cook,1
convenience_meals,hyperclovax,1002361676,2,tandoor,1
convenience_meals,hyperclovax,1002361676,2,griddle,1
convenience_meals,hyperclovax,1002361676,2,include,1
convenience_meals,hyperclovax,1002361676,2,woven,1
convenience_meals,hyperclovax,1002361676,2,basket,1
convenience_meals,hyperclovax,1002361676,2,additional,1
convenience_meals,hyperclovax,1002361676,2,setting,1
convenience_meals,hyperclovax,1002361676,2,overall,1
convenience_meals,hyperclovax,1002361676,2,presentation,1
convenience_meals,hyperclovax,1002361676,2,appetizing,1
convenience_meals,hyperclovax,1002361676,2,arrange,1
convenience_meals,hyperclovax,1002361676,2,highlight,1
convenience_meals,hyperclovax,1002361676,2,color,1
convenience_meals,hyperclovax,1002382999,1,main,1
convenience_meals,hyperclovax,1002382999,1,food,1
convenience_meals,hyperclovax,1002382999,1,bowl,4
convenience_meals,hyperclovax,1002382999,1,soup,3
convenience_meals,hyperclovax,1002382999,1,light,2
convenience_meals,hyperclovax,1002382999,1,broth,2
convenience_meals,hyperclovax,1002382999,1,visible,1
convenience_meals,hyperclovax,1002382999,1,tofu,2
convenience_meals,hyperclovax,1002382999,1,cube,1
convenience_meals,hyperclovax,1002382999,1,thinly,1
convenience_meals,hyperclovax,1002382999,1,slice,1
convenience_meals,hyperclovax,1002382999,1,green,1
convenience_meals,hyperclovax,1002382999,1,onion,1
convenience_meals,hyperclovax,1002382999,1,piece,1
convenience_meals,hyperclovax,1002382999,1,dry,1
convenience_meals,hyperclovax,1002382999,1,mushroom,1
convenience_meals,hyperclovax,1002382999,1,seaweed,1
convenience_meals,hyperclovax,1002382999,1,white,2
convenience_meals,hyperclovax,1002382999,1,smooth,1
convenience_meals,hyperclovax,1002382999,1,surface,1
convenience_meals,hyperclovax,1002382999,1,slightly,1
convenience_meals,hyperclovax,1002382999,1,raise,1
convenience_meals,hyperclovax,1002382999,1,rim,1
convenience_meals,hyperclovax,1002382999,1,matching,1
convenience_meals,hyperclovax,1002382999,1,plate,2
convenience_meals,hyperclovax,1002382999,1,wooden,1
convenience_meals,hyperclovax,1002382999,1,spoon,1
convenience_meals,hyperclovax,1002382999,1,greenish,1
convenience_meals,hyperclovax,1002382999,1,hue,1
convenience_meals,hyperclovax,1002382999,1,suggest,1
convenience_meals,hyperclovax,1002382999,1,base,1
convenience_meals,hyperclovax,1002382999,1,ingredient,2
convenience_meals,hyperclovax,1002382999,1,evenly,1
convenience_meals,hyperclovax,1002382999,1,distribute,1
convenience_meals,hyperclovax,1002382999,1,overall,1
convenience_meals,hyperclovax,1002382999,1,presentation,1
convenience_meals,hyperclovax,1002382999,1,simple,1
convenience_meals,hyperclovax,1002382999,1,clean,1
convenience_meals,hyperclovax,1002382999,1,emphasize,1
convenience_meals,hyperclovax,1002382999,1,natural,1
convenience_meals,hyperclovax,1002382999,1,color,1
convenience_meals,hyperclovax,1002382999,1,texture,1
convenience_meals,hyperclovax,1002382999,2,main,1
convenience_meals,hyperclovax,1002382999,2,food,2
convenience_meals,hyperclovax,1002382999,2,bowl,2
convenience_meals,hyperclovax,1002382999,2,soup,6
convenience_meals,hyperclovax,1002382999,2,light,2
convenience_meals,hyperclovax,1002382999,2,broth,2
convenience_meals,hyperclovax,1002382999,2,visible,1
convenience_meals,hyperclovax,1002382999,2,chunk,1
convenience_meals,hyperclovax,1002382999,2,tofu,2
convenience_meals,hyperclovax,1002382999,2,piece,2
convenience_meals,hyperclovax,1002382999,2,meat,2
convenience_meals,hyperclovax,1002382999,2,likely,1
convenience_meals,hyperclovax,1002382999,2,pork,1
convenience_meals,hyperclovax,1002382999,2,beef,1
convenience_meals,hyperclovax,1002382999,2,thinly,1
convenience_meals,hyperclovax,1002382999,2,sliced,1
convenience_meals,hyperclovax,1002382999,2,green,4
convenience_meals,hyperclovax,1002382999,2,onion,3
convenience_meals,hyperclovax,1002382999,2,cut,2
convenience_meals,hyperclovax,1002382999,2,cube,1
convenience_meals,hyperclovax,1002382999,2,irregularly,1
convenience_meals,hyperclovax,1002382999,2,shape,1
convenience_meals,hyperclovax,1002382999,2,suggest,1
convenience_meals,hyperclovax,1002382999,2,cook,1
convenience_meals,hyperclovax,1002382999,2,possibly,1
convenience_meals,hyperclovax,1002382999,2,season,1
convenience_meals,hyperclovax,1002382999,2,thin,1
convenience_meals,hyperclovax,1002382999,2,circular,1
convenience_meals,hyperclovax,1002382999,2,slice,1
convenience_meals,hyperclovax,1002382999,2,distribute,1
convenience_meals,hyperclovax,1002382999,2,add,2
convenience_meals,hyperclovax,1002382999,2,fresh,1
convenience_meals,hyperclovax,1002382999,2,contrast,1
convenience_meals,hyperclovax,1002382999,2,serve,1
convenience_meals,hyperclovax,1002382999,2,white,2
convenience_meals,hyperclovax,1002382999,2,plate,1
convenience_meals,hyperclovax,1002382999,2,plain,1
convenience_meals,hyperclovax,1002382999,2,colored,1
convenience_meals,hyperclovax,1002382999,2,distract,1
convenience_meals,hyperclovax,1002382999,2,traditional,1
convenience_meals,hyperclovax,1002382999,2,asian,2
convenience_meals,hyperclovax,1002382999,2,dish,1
convenience_meals,hyperclovax,1002382999,2,ingredient,1
convenience_meals,hyperclovax,1002382999,2,presentation,2
convenience_meals,hyperclovax,1002382999,2,garnish,2
convenience_meals,hyperclovax,1002382999,2,common,1
convenience_meals,hyperclovax,1002382999,2,cuisine,1
convenience_meals,hyperclovax,1002382999,2,flavor,1
convenience_meals,hyperclovax,1002382999,2,visual,1
convenience_meals,hyperclovax,1002382999,2,appeal,1
convenience_meals,hyperclovax,1002382999,2,overall,1
convenience_meals,hyperclovax,1002382999,2,simple,1
convenience_meals,hyperclovax,5009669,1,main,1
convenience_meals,hyperclovax,5009669,1,food,1
convenience_meals,hyperclovax,5009669,1,product,3
convenience_meals,hyperclovax,5009669,1,salad,4
convenience_meals,hyperclovax,5009669,1,mix,2
convenience_meals,hyperclovax,5009669,1,transparent,1
convenience_meals,hyperclovax,5009669,1,plastic,1
convenience_meals,hyperclovax,5009669,1,jar,2
convenience_meals,hyperclovax,5009669,1,black,2
convenience_meals,hyperclovax,5009669,1,lid,1
convenience_meals,hyperclovax,5009669,1,label,2
convenience_meals,hyperclovax,5009669,1,combination,1
convenience_meals,hyperclovax,5009669,1,white,1
convenience_meals,hyperclovax,5009669,1,red,1
convenience_meals,hyperclovax,5009669,1,color,1
convenience_meals,hyperclovax,5009669,1,text,1
convenience_meals,hyperclovax,5009669,1,korean,1
convenience_meals,hyperclovax,5009669,1,english,1
convenience_meals,hyperclovax,5009669,1,indicate,1
convenience_meals,hyperclovax,5009669,1,brand,1
convenience_meals,hyperclovax,5009669,1,layer,1
convenience_meals,hyperclovax,5009669,1,green,1
convenience_meals,hyperclovax,5009669,1,vegetable,1
convenience_meals,hyperclovax,5009669,1,possibly,1
convenience_meals,hyperclovax,5009669,1,grain,1
convenience_meals,hyperclovax,5009669,1,showcase,1
convenience_meals,hyperclovax,5009669,1,colorful,1
convenience_meals,hyperclovax,5009669,1,fresh,1
convenience_meals,hyperclovax,5009669,1,appearance,1
convenience_meals,hyperclovax,5009669,1,packaging,1
convenience_meals,hyperclovax,5009669,1,sleek,1
convenience_meals,hyperclovax,5009669,1,modern,1
convenience_meals,hyperclovax,5009669,1,minimalist,1
convenience_meals,hyperclovax,5009669,1,design,1
convenience_meals,hyperclovax,5009669,1,emphasize,1
convenience_meals,hyperclovax,5009669,1,freshness,1
convenience_meals,hyperclovax,5009669,1,quality,1
convenience_meals,hyperclovax,5009669,1,arrange,1
convenience_meals,hyperclovax,5009669,1,staggered,1
convenience_meals,hyperclovax,5009669,1,formation,1
convenience_meals,hyperclovax,5009669,1,highlight,1
convenience_meals,hyperclovax,5009669,1,variety,1
convenience_meals,hyperclovax,5009669,1,presentation,1
convenience_meals,hyperclovax,5009669,2,main,1
convenience_meals,hyperclovax,5009669,2,food,1
convenience_meals,hyperclovax,5009669,2,variety,2
convenience_meals,hyperclovax,5009669,2,salad,4
convenience_meals,hyperclovax,5009669,2,serve,1
convenience_meals,hyperclovax,5009669,2,white,1
convenience_meals,hyperclovax,5009669,2,plate,2
convenience_meals,hyperclovax,5009669,2,fresh,1
convenience_meals,hyperclovax,5009669,2,green,1
convenience_meals,hyperclovax,5009669,2,leafy,1
convenience_meals,hyperclovax,5009669,2,greens,1
convenience_meals,hyperclovax,5009669,2,base,1
convenience_meals,hyperclovax,5009669,2,topping,1
convenience_meals,hyperclovax,5009669,2,include,1
convenience_meals,hyperclovax,5009669,2,shrimp,1
convenience_meals,hyperclovax,5009669,2,chicken,1
convenience_meals,hyperclovax,5009669,2,cherry,1
convenience_meals,hyperclovax,5009669,2,tomato,1
convenience_meals,hyperclovax,5009669,2,mozzarella,1
convenience_meals,hyperclovax,5009669,2,ball,1
convenience_meals,hyperclovax,5009669,2,vegetable,1
convenience_meals,hyperclovax,5009669,2,garnish,1
convenience_meals,hyperclovax,5009669,2,drizzle,1
convenience_meals,hyperclovax,5009669,2,dressing,1
convenience_meals,hyperclovax,5009669,2,small,1
convenience_meals,hyperclovax,5009669,2,bowl,1
convenience_meals,hyperclovax,5009669,2,sauce,1
convenience_meals,hyperclovax,5009669,2,accompany,1
convenience_meals,hyperclovax,5009669,2,arrange,1
convenience_meals,hyperclovax,5009669,2,light,1
convenience_meals,hyperclovax,5009669,2,gray,1
convenience_meals,hyperclovax,5009669,2,surface,1
convenience_meals,hyperclovax,5009669,2,presentation,1
convenience_meals,hyperclovax,5009669,2,clean,1
convenience_meals,hyperclovax,5009669,2,appetizing,1
convenience_meals,hyperclovax,5009669,2,emphasize,1
convenience_meals,hyperclovax,5009669,2,freshness,1
convenience_meals,hyperclovax,5009669,2,ingredient,1
convenience_meals,hyperclovax,5037794,1,main,1
convenience_meals,hyperclovax,5037794,1,food,1
convenience_meals,hyperclovax,5037794,1,plate,3
convenience_meals,hyperclovax,5037794,1,season,1
convenience_meals,hyperclovax,5037794,1,round,2
convenience_meals,hyperclovax,5037794,1,fried,1
convenience_meals,hyperclovax,5037794,1,patty,4
convenience_meals,hyperclovax,5037794,1,likely,1
convenience_meals,hyperclovax,5037794,1,type,1
convenience_meals,hyperclovax,5037794,1,korean,1
convenience_meals,hyperclovax,5037794,1,side,1
convenience_meals,hyperclovax,5037794,1,dish,1
convenience_meals,hyperclovax,5037794,1,know,1
convenience_meals,hyperclovax,5037794,1,korean_fried_patties,1
convenience_meals,hyperclovax,5037794,1,korean_fried_dumplings,1
convenience_meals,hyperclovax,5037794,1,golden,2
convenience_meals,hyperclovax,5037794,1,brown,2
convenience_meals,hyperclovax,5037794,1,crispy,2
convenience_meals,hyperclovax,5037794,1,exterior,1
convenience_meals,hyperclovax,5037794,1,garnish,1
convenience_meals,hyperclovax,5037794,1,green,2
convenience_meals,hyperclovax,5037794,1,vegetable,2
convenience_meals,hyperclovax,5037794,1,arrange,1
convenience_meals,hyperclovax,5037794,1,circular,1
convenience_meals,hyperclovax,5037794,1,pattern,1
convenience_meals,hyperclovax,5037794,1,dark,1
convenience_meals,hyperclovax,5037794,1,plain,1
convenience_meals,hyperclovax,5037794,1,light,1
convenience_meals,hyperclovax,5037794,1,colored,1
convenience_meals,hyperclovax,5037794,1,surface,2
convenience_meals,hyperclovax,5037794,1,visible,1
convenience_meals,hyperclovax,5037794,1,packaging,1
convenience_meals,hyperclovax,5037794,1,detail,1
convenience_meals,hyperclovax,5037794,1,brand,1
convenience_meals,hyperclovax,5037794,1,slightly,1
convenience_meals,hyperclovax,5037794,1,rough,1
convenience_meals,hyperclovax,5037794,1,texture,1
convenience_meals,hyperclovax,5037794,1,indicate,1
convenience_meals,hyperclovax,5037794,1,fry,1
convenience_meals,hyperclovax,5037794,1,reach,1
convenience_meals,hyperclovax,5037794,1,consistency,1
convenience_meals,hyperclovax,5037794,1,add,1
convenience_meals,hyperclovax,5037794,1,touch,1
convenience_meals,hyperclovax,5037794,1,color,1
convenience_meals,hyperclovax,5037794,2,main,1
convenience_meals,hyperclovax,5037794,2,food,3
convenience_meals,hyperclovax,5037794,2,plate,2
convenience_meals,hyperclovax,5037794,2,season,1
convenience_meals,hyperclovax,5037794,2,round,2
convenience_meals,hyperclovax,5037794,2,golden,3
convenience_meals,hyperclovax,5037794,2,brown,2
convenience_meals,hyperclovax,5037794,2,patty,4
convenience_meals,hyperclovax,5037794,2,likely,1
convenience_meals,hyperclovax,5037794,2,type,1
convenience_meals,hyperclovax,5037794,2,fry,2
convenience_meals,hyperclovax,5037794,2,fritter,1
convenience_meals,hyperclovax,5037794,2,crispy,1
convenience_meals,hyperclovax,5037794,2,texture,1
convenience_meals,hyperclovax,5037794,2,outside,1
convenience_meals,hyperclovax,5037794,2,soft,1
convenience_meals,hyperclovax,5037794,2,possibly,1
convenience_meals,hyperclovax,5037794,2,moist,1
convenience_meals,hyperclovax,5037794,2,interior,1
convenience_meals,hyperclovax,5037794,2,visible,2
convenience_meals,hyperclovax,5037794,2,green,2
convenience_meals,hyperclovax,5037794,2,vegetable,2
convenience_meals,hyperclovax,5037794,2,spice,2
convenience_meals,hyperclovax,5037794,2,embed,1
convenience_meals,hyperclovax,5037794,2,arrange,1
convenience_meals,hyperclovax,5037794,2,circular,1
convenience_meals,hyperclovax,5037794,2,pattern,1
convenience_meals,hyperclovax,5037794,2,dark,1
convenience_meals,hyperclovax,5037794,2,contrast,1
convenience_meals,hyperclovax,5037794,2,light,1
convenience_meals,hyperclovax,5037794,2,packaging,1
convenience_meals,hyperclovax,5037794,2,detail,1
convenience_meals,hyperclovax,5037794,2,text,1
convenience_meals,hyperclovax,5037794,2,discern,1
convenience_meals,hyperclovax,5037794,2,freshly,1
convenience_meals,hyperclovax,5037794,2,cook,1
convenience_meals,hyperclovax,5037794,2,rich,1
convenience_meals,hyperclovax,5037794,2,color,1
convenience_meals,hyperclovax,5037794,2,indicative,1
convenience_meals,hyperclovax,5037794,2,bake,1
convenience_meals,hyperclovax,5037794,2,add,1
convenience_meals,hyperclovax,5037794,2,touch,1
convenience_meals,hyperclovax,5037794,2,hue,1
convenience_meals,hyperclovax,5049405,1,main,1
convenience_meals,hyperclovax,5049405,1,food,2
convenience_meals,hyperclovax,5049405,1,dish,4
convenience_meals,hyperclovax,5049405,1,stir,1
convenience_meals,hyperclovax,5049405,1,fry,1
convenience_meals,hyperclovax,5049405,1,chicken,3
convenience_meals,hyperclovax,5049405,1,vegetable,3
convenience_meals,hyperclovax,5049405,1,glossy,1
convenience_meals,hyperclovax,5049405,1,dark,1
convenience_meals,hyperclovax,5049405,1,brown,2
convenience_meals,hyperclovax,5049405,1,sauce,1
convenience_meals,hyperclovax,5049405,1,coat,1
convenience_meals,hyperclovax,5049405,1,ingredient,1
convenience_meals,hyperclovax,5049405,1,include,1
convenience_meals,hyperclovax,5049405,1,piece,2
convenience_meals,hyperclovax,5049405,1,sliced,1
convenience_meals,hyperclovax,5049405,1,carrot,1
convenience_meals,hyperclovax,5049405,1,green,1
convenience_meals,hyperclovax,5049405,1,bell,1
convenience_meals,hyperclovax,5049405,1,pepper,1
convenience_meals,hyperclovax,5049405,1,possibly,1
convenience_meals,hyperclovax,5049405,1,mushroom,1
convenience_meals,hyperclovax,5049405,1,cook,1
convenience_meals,hyperclovax,5049405,1,retain,1
convenience_meals,hyperclovax,5049405,1,original,1
convenience_meals,hyperclovax,5049405,1,color,2
convenience_meals,hyperclovax,5049405,1,texture,2
convenience_meals,hyperclovax,5049405,1,present,1
convenience_meals,hyperclovax,5049405,1,white,2
convenience_meals,hyperclovax,5049405,1,oval,1
convenience_meals,hyperclovax,5049405,1,bowl,2
convenience_meals,hyperclovax,5049405,1,wooden,1
convenience_meals,hyperclovax,5049405,1,spoon,1
convenience_meals,hyperclovax,5049405,1,small,1
convenience_meals,hyperclovax,5049405,1,plate,1
convenience_meals,hyperclovax,5049405,1,suggest,1
convenience_meals,hyperclovax,5049405,1,ready,1
convenience_meals,hyperclovax,5049405,1,serve,1
convenience_meals,hyperclovax,5049405,1,overall,1
convenience_meals,hyperclovax,5049405,1,presentation,1
convenience_meals,hyperclovax,5049405,1,simple,1
convenience_meals,hyperclovax,5049405,1,clean,1
convenience_meals,hyperclovax,5049405,1,focus,1
convenience_meals,hyperclovax,5049405,1,vibrant,1
convenience_meals,hyperclovax,5049405,2,main,1
convenience_meals,hyperclovax,5049405,2,food,2
convenience_meals,hyperclovax,5049405,2,dish,4
convenience_meals,hyperclovax,5049405,2,braise,1
convenience_meals,hyperclovax,5049405,2,chicken,3
convenience_meals,hyperclovax,5049405,2,vegetable,4
convenience_meals,hyperclovax,5049405,2,piece,2
convenience_meals,hyperclovax,5049405,2,marinate,1
convenience_meals,hyperclovax,5049405,2,cook,1
convenience_meals,hyperclovax,5049405,2,rich,1
convenience_meals,hyperclovax,5049405,2,dark,1
convenience_meals,hyperclovax,5049405,2,sauce,2
convenience_meals,hyperclovax,5049405,2,likely,1
convenience_meals,hyperclovax,5049405,2,soy,1
convenience_meals,hyperclovax,5049405,2,base,1
convenience_meals,hyperclovax,5049405,2,glossy,1
convenience_meals,hyperclovax,5049405,2,texture,3
convenience_meals,hyperclovax,5049405,2,include,1
convenience_meals,hyperclovax,5049405,2,slice,1
convenience_meals,hyperclovax,5049405,2,carrot,1
convenience_meals,hyperclovax,5049405,2,green,1
convenience_meals,hyperclovax,5049405,2,onion,1
convenience_meals,hyperclovax,5049405,2,possibly,1
convenience_meals,hyperclovax,5049405,2,root,1
convenience_meals,hyperclovax,5049405,2,mix,1
convenience_meals,hyperclovax,5049405,2,brown,1
convenience_meals,hyperclovax,5049405,2,slightly,1
convenience_meals,hyperclovax,5049405,2,crispy,1
convenience_meals,hyperclovax,5049405,2,exterior,1
convenience_meals,hyperclovax,5049405,2,retain,1
convenience_meals,hyperclovax,5049405,2,original,1
convenience_meals,hyperclovax,5049405,2,color,2
convenience_meals,hyperclovax,5049405,2,present,1
convenience_meals,hyperclovax,5049405,2,white,2
convenience_meals,hyperclovax,5049405,2,oval,1
convenience_meals,hyperclovax,5049405,2,shape,1
convenience_meals,hyperclovax,5049405,2,bowl,2
convenience_meals,hyperclovax,5049405,2,wooden,1
convenience_meals,hyperclovax,5049405,2,spoon,1
convenience_meals,hyperclovax,5049405,2,small,1
convenience_meals,hyperclovax,5049405,2,plate,1
convenience_meals,hyperclovax,5049405,2,suggest,1
convenience_meals,hyperclovax,5049405,2,ready,1
convenience_meals,hyperclovax,5049405,2,serve,1
convenience_meals,hyperclovax,5049405,2,overall,1
convenience_meals,hyperclovax,5049405,2,presentation,1
convenience_meals,hyperclovax,5049405,2,simple,1
convenience_meals,hyperclovax,5049405,2,clean,1
convenience_meals,hyperclovax,5049405,2,emphasize,1
convenience_meals,hyperclovax,5049405,2,natural,1
convenience_meals,hyperclovax,5050290,1,main,1
convenience_meals,hyperclovax,5050290,1,food,2
convenience_meals,hyperclovax,5050290,1,dish,3
convenience_meals,hyperclovax,5050290,1,spicy,2
convenience_meals,hyperclovax,5050290,1,korean,1
convenience_meals,hyperclovax,5050290,1,chicken,3
convenience_meals,hyperclovax,5050290,1,rice,3
convenience_meals,hyperclovax,5050290,1,cake,3
convenience_meals,hyperclovax,5050290,1,stew,2
convenience_meals,hyperclovax,5050290,1,know,1
convenience_meals,hyperclovax,5050290,1,춘천_국물_닭갈비_떡볶이,1
convenience_meals,hyperclovax,5050290,1,piece,2
convenience_meals,hyperclovax,5050290,1,rich,1
convenience_meals,hyperclovax,5050290,1,reddish,1
convenience_meals,hyperclovax,5050290,1,brown,1
convenience_meals,hyperclovax,5050290,1,sauce,2
convenience_meals,hyperclovax,5050290,1,thick,1
convenience_meals,hyperclovax,5050290,1,glossy,1
convenience_meals,hyperclovax,5050290,1,indicative,1
convenience_meals,hyperclovax,5050290,1,savory,1
convenience_meals,hyperclovax,5050290,1,flavor,1
convenience_meals,hyperclovax,5050290,1,profile,1
convenience_meals,hyperclovax,5050290,1,cylindrical,1
convenience_meals,hyperclovax,5050290,1,slightly,1
convenience_meals,hyperclovax,5050290,1,translucent,1
convenience_meals,hyperclovax,5050290,1,texture,1
convenience_meals,hyperclovax,5050290,1,suggest,1
convenience_meals,hyperclovax,5050290,1,soft,2
convenience_meals,hyperclovax,5050290,1,chewy,1
convenience_meals,hyperclovax,5050290,1,small,1
convenience_meals,hyperclovax,5050290,1,coat,1
convenience_meals,hyperclovax,5050290,1,likely,1
convenience_meals,hyperclovax,5050290,1,season,1
convenience_meals,hyperclovax,5050290,1,gochujang,1
convenience_meals,hyperclovax,5050290,1,spice,1
convenience_meals,hyperclovax,5050290,1,serve,1
convenience_meals,hyperclovax,5050290,1,white,1
convenience_meals,hyperclovax,5050290,1,bowl,3
convenience_meals,hyperclovax,5050290,1,wooden,1
convenience_meals,hyperclovax,5050290,1,chopstick,1
convenience_meals,hyperclovax,5050290,1,right,1
convenience_meals,hyperclovax,5050290,1,indicate,1
convenience_meals,hyperclovax,5050290,1,ready,1
convenience_meals,hyperclovax,5050290,1,eat,1
convenience_meals,hyperclovax,5050290,1,neutral,1
convenience_meals,hyperclovax,5050290,1,gray,1
convenience_meals,hyperclovax,5050290,1,surface,1
convenience_meals,hyperclovax,5050290,1,light,1
convenience_meals,hyperclovax,5050290,1,colored,1
convenience_meals,hyperclovax,5050290,1,cloth,1
convenience_meals,hyperclovax,5050290,1,visible,1
convenience_meals,hyperclovax,5050290,1,add,1
convenience_meals,hyperclovax,5050290,1,contrast,1
convenience_meals,hyperclovax,5050290,1,vibrant,1
convenience_meals,hyperclovax,5050290,1,color,1
convenience_meals,hyperclovax,5050290,2,main,1
convenience_meals,hyperclovax,5050290,2,food,1
convenience_meals,hyperclovax,5050290,2,dish,3
convenience_meals,hyperclovax,5050290,2,춘천_국물_닭갈비_떡볶이,1
convenience_meals,hyperclovax,5050290,2,piece,2
convenience_meals,hyperclovax,5050290,2,chicken,2
convenience_meals,hyperclovax,5050290,2,marinate,1
convenience_meals,hyperclovax,5050290,2,cook,1
convenience_meals,hyperclovax,5050290,2,rich,1
convenience_meals,hyperclovax,5050290,2,red,2
convenience_meals,hyperclovax,5050290,2,sauce,3
convenience_meals,hyperclovax,5050290,2,glossy,1
convenience_meals,hyperclovax,5050290,2,texture,2
convenience_meals,hyperclovax,5050290,2,indicative,1
convenience_meals,hyperclovax,5050290,2,thick,1
convenience_meals,hyperclovax,5050290,2,spicy,1
convenience_meals,hyperclovax,5050290,2,likely,1
convenience_meals,hyperclovax,5050290,2,gochujang,1
convenience_meals,hyperclovax,5050290,2,garnish,1
convenience_meals,hyperclovax,5050290,2,sesame,1
convenience_meals,hyperclovax,5050290,2,seed,1
convenience_meals,hyperclovax,5050290,2,add,1
convenience_meals,hyperclovax,5050290,2,subtle,1
convenience_meals,hyperclovax,5050290,2,nutty,1
convenience_meals,hyperclovax,5050290,2,flavor,1
convenience_meals,hyperclovax,5050290,2,contrast,1
convenience_meals,hyperclovax,5050290,2,present,1
convenience_meals,hyperclovax,5050290,2,white,2
convenience_meals,hyperclovax,5050290,2,bowl,2
convenience_meals,hyperclovax,5050290,2,pair,1
convenience_meals,hyperclovax,5050290,2,wooden,1
convenience_meals,hyperclovax,5050290,2,chopstick,1
convenience_meals,hyperclovax,5050290,2,right,1
convenience_meals,hyperclovax,5050290,2,side,1
convenience_meals,hyperclovax,5050290,2,suggest,1
convenience_meals,hyperclovax,5050290,2,ready,1
convenience_meals,hyperclovax,5050290,2,eat,1
convenience_meals,hyperclovax,5050290,2,overall,1
convenience_meals,hyperclovax,5050290,2,appearance,1
convenience_meals,hyperclovax,5050290,2,appetizing,1
convenience_meals,hyperclovax,5050290,2,vibrant,1
convenience_meals,hyperclovax,5050290,2,golden,1
convenience_meals,hyperclovax,5050290,2,brown,1
convenience_meals,hyperclovax,5050290,2,stand,1
convenience_meals,hyperclovax,5060255,1,main,1
convenience_meals,hyperclovax,5060255,1,food,2
convenience_meals,hyperclovax,5060255,1,bowl,2
convenience_meals,hyperclovax,5060255,1,jajangmyeon,1
convenience_meals,hyperclovax,5060255,1,soup,1
convenience_meals,hyperclovax,5060255,1,dark,1
convenience_meals,hyperclovax,5060255,1,brown,2
convenience_meals,hyperclovax,5060255,1,sauce,2
convenience_meals,hyperclovax,5060255,1,chunk,1
convenience_meals,hyperclovax,5060255,1,beef,2
convenience_meals,hyperclovax,5060255,1,serve,1
convenience_meals,hyperclovax,5060255,1,yellow,2
convenience_meals,hyperclovax,5060255,1,noodle,2
convenience_meals,hyperclovax,5060255,1,light,1
convenience_meals,hyperclovax,5060255,1,soft,1
convenience_meals,hyperclovax,5060255,1,slightly,1
convenience_meals,hyperclovax,5060255,1,sticky,1
convenience_meals,hyperclovax,5060255,1,piece,1
convenience_meals,hyperclovax,5060255,1,glossy,1
convenience_meals,hyperclovax,5060255,1,appearance,1
convenience_meals,hyperclovax,5060255,1,suggest,1
convenience_meals,hyperclovax,5060255,1,cook,1
convenience_meals,hyperclovax,5060255,1,white,1
convenience_meals,hyperclovax,5060255,1,round,1
convenience_meals,hyperclovax,5060255,1,plain,1
convenience_meals,hyperclovax,5060255,1,neutral,1
convenience_meals,hyperclovax,5060255,1,color,2
convenience_meals,hyperclovax,5060255,1,focus,1
convenience_meals,hyperclovax,5060255,1,overall,1
convenience_meals,hyperclovax,5060255,1,presentation,1
convenience_meals,hyperclovax,5060255,1,simple,1
convenience_meals,hyperclovax,5060255,1,clean,1
convenience_meals,hyperclovax,5060255,1,emphasize,1
convenience_meals,hyperclovax,5060255,1,dish,1
convenience_meals,hyperclovax,5060255,1,texture,1
convenience_meals,hyperclovax,5060255,2,main,1
convenience_meals,hyperclovax,5060255,2,food,2
convenience_meals,hyperclovax,5060255,2,bowl,4
convenience_meals,hyperclovax,5060255,2,jajangmyeon,1
convenience_meals,hyperclovax,5060255,2,stew,2
convenience_meals,hyperclovax,5060255,2,dark,2
convenience_meals,hyperclovax,5060255,2,glossy,1
convenience_meals,hyperclovax,5060255,2,sauce,2
convenience_meals,hyperclovax,5060255,2,chunk,1
convenience_meals,hyperclovax,5060255,2,beef,1
convenience_meals,hyperclovax,5060255,2,vegetable,1
convenience_meals,hyperclovax,5060255,2,serve,1
convenience_meals,hyperclovax,5060255,2,white,1
convenience_meals,hyperclovax,5060255,2,ceramic,1
convenience_meals,hyperclovax,5060255,2,noodle,4
convenience_meals,hyperclovax,5060255,2,light,2
convenience_meals,hyperclovax,5060255,2,yellow,1
convenience_meals,hyperclovax,5060255,2,thin,1
convenience_meals,hyperclovax,5060255,2,likely,1
convenience_meals,hyperclovax,5060255,2,egg,1
convenience_meals,hyperclovax,5060255,2,colored,1
convenience_meals,hyperclovax,5060255,2,surface,1
convenience_meals,hyperclovax,5060255,2,wooden,1
convenience_meals,hyperclovax,5060255,2,chopstick,1
convenience_meals,hyperclovax,5060255,2,cloth,1
convenience_meals,hyperclovax,5060255,2,right,1
convenience_meals,hyperclovax,5060255,2,focus,1
convenience_meals,hyperclovax,5060255,2,additional,1
convenience_meals,hyperclovax,5060255,2,context,1
convenience_meals,hyperclovax,5060255,2,element,2
convenience_meals,hyperclovax,5060255,2,visible,1
convenience_meals,hyperclovax,5060255,2,central,1
convenience_meals,hyperclovax,5060255,2,rich,1
convenience_meals,hyperclovax,5060255,2,color,1
convenience_meals,hyperclovax,5060255,2,smooth,1
convenience_meals,hyperclovax,5060255,2,texture,1
convenience_meals,hyperclovax,5060255,2,prominent,1
convenience_meals,hyperclovax,5063596,1,main,1
convenience_meals,hyperclovax,5063596,1,food,1
convenience_meals,hyperclovax,5063596,1,product,2
convenience_meals,hyperclovax,5063596,1,granola,4
convenience_meals,hyperclovax,5063596,1,transparent,1
convenience_meals,hyperclovax,5063596,1,glass,1
convenience_meals,hyperclovax,5063596,1,jar,3
convenience_meals,hyperclovax,5063596,1,red,3
convenience_meals,hyperclovax,5063596,1,lid,1
convenience_meals,hyperclovax,5063596,1,arrange,1
convenience_meals,hyperclovax,5063596,1,2,1
convenience_meals,hyperclovax,5063596,1,row,1
convenience_meals,hyperclovax,5063596,1,3,1
convenience_meals,hyperclovax,5063596,1,label,2
convenience_meals,hyperclovax,5063596,1,consistent,1
convenience_meals,hyperclovax,5063596,1,design,1
convenience_meals,hyperclovax,5063596,1,include,1
convenience_meals,hyperclovax,5063596,1,central,1
convenience_meals,hyperclovax,5063596,1,illustration,1
convenience_meals,hyperclovax,5063596,1,person,1
convenience_meals,hyperclovax,5063596,1,apron,1
convenience_meals,hyperclovax,5063596,1,text,1
convenience_meals,hyperclovax,5063596,1,granola_house,1
convenience_meals,hyperclovax,5063596,1,prominently,1
convenience_meals,hyperclovax,5063596,1,white,1
convenience_meals,hyperclovax,5063596,1,mix,1
convenience_meals,hyperclovax,5063596,1,texture,1
convenience_meals,hyperclovax,5063596,1,color,2
convenience_meals,hyperclovax,5063596,1,suggest,1
convenience_meals,hyperclovax,5063596,1,different,1
convenience_meals,hyperclovax,5063596,1,ingredient,1
convenience_meals,hyperclovax,5063596,1,nut,1
convenience_meals,hyperclovax,5063596,1,seed,1
convenience_meals,hyperclovax,5063596,1,dry,1
convenience_meals,hyperclovax,5063596,1,fruit,1
convenience_meals,hyperclovax,5063596,1,provide,1
convenience_meals,hyperclovax,5063596,1,specific,1
convenience_meals,hyperclovax,5063596,1,granola_house_apple_cinnamon,1
convenience_meals,hyperclovax,5063596,1,granola_house_almond_so_bor,1
convenience_meals,hyperclovax,5063596,1,granola_house_maple_pecan,1
convenience_meals,hyperclovax,5063596,1,respective,1
convenience_meals,hyperclovax,5063596,1,weight,1
convenience_meals,hyperclovax,5063596,1,300g,1
convenience_meals,hyperclovax,5063596,1,plain,1
convenience_meals,hyperclovax,5063596,1,light,1
convenience_meals,hyperclovax,5063596,1,ensure,1
convenience_meals,hyperclovax,5063596,1,focal,1
convenience_meals,hyperclovax,5063596,1,point,1
convenience_meals,hyperclovax,5063596,2,main,1
convenience_meals,hyperclovax,5063596,2,food,1
convenience_meals,hyperclovax,5063596,2,product,1
convenience_meals,hyperclovax,5063596,2,granola,6
convenience_meals,hyperclovax,5063596,2,top,2
convenience_meals,hyperclovax,5063596,2,left,1
convenience_meals,hyperclovax,5063596,2,bowl,5
convenience_meals,hyperclovax,5063596,2,mix,2
convenience_meals,hyperclovax,5063596,2,brown,3
convenience_meals,hyperclovax,5063596,2,yellow,1
convenience_meals,hyperclovax,5063596,2,piece,3
convenience_meals,hyperclovax,5063596,2,likely,1
convenience_meals,hyperclovax,5063596,2,include,1
convenience_meals,hyperclovax,5063596,2,oats,1
convenience_meals,hyperclovax,5063596,2,nut,3
convenience_meals,hyperclovax,5063596,2,crumbly,1
convenience_meals,hyperclovax,5063596,2,texture,3
convenience_meals,hyperclovax,5063596,2,right,2
convenience_meals,hyperclovax,5063596,2,darker,1
convenience_meals,hyperclovax,5063596,2,visible,2
convenience_meals,hyperclovax,5063596,2,seed,2
convenience_meals,hyperclovax,5063596,2,suggest,1
convenience_meals,hyperclovax,5063596,2,robust,1
convenience_meals,hyperclovax,5063596,2,flavor,1
convenience_meals,hyperclovax,5063596,2,profile,1
convenience_meals,hyperclovax,5063596,2,bottom,2
convenience_meals,hyperclovax,5063596,2,leave,1
convenience_meals,hyperclovax,5063596,2,apple,1
convenience_meals,hyperclovax,5063596,2,slice,1
convenience_meals,hyperclovax,5063596,2,pecan,1
convenience_meals,hyperclovax,5063596,2,add,1
convenience_meals,hyperclovax,5063596,2,fresh,1
convenience_meals,hyperclovax,5063596,2,fruity,1
convenience_meals,hyperclovax,5063596,2,element,1
convenience_meals,hyperclovax,5063596,2,dark,1
convenience_meals,hyperclovax,5063596,2,light,1
convenience_meals,hyperclovax,5063596,2,indicate,1
convenience_meals,hyperclovax,5063596,2,crunchy,1
convenience_meals,hyperclovax,5063596,2,white,1
convenience_meals,hyperclovax,5063596,2,round,1
convenience_meals,hyperclovax,5063596,2,present,1
convenience_meals,hyperclovax,5063596,2,way,1
convenience_meals,hyperclovax,5063596,2,highlight,1
convenience_meals,hyperclovax,5063596,2,varied,1
convenience_meals,hyperclovax,5063596,2,ingredient,1
convenience_meals,hyperclovax,5066426,1,main,1
convenience_meals,hyperclovax,5066426,1,food,1
convenience_meals,hyperclovax,5066426,1,product,2
convenience_meals,hyperclovax,5066426,1,variety,1
convenience_meals,hyperclovax,5066426,1,pre,1
convenience_meals,hyperclovax,5066426,1,package,1
convenience_meals,hyperclovax,5066426,1,salad,5
convenience_meals,hyperclovax,5066426,1,transparent,1
convenience_meals,hyperclovax,5066426,1,plastic,1
convenience_meals,hyperclovax,5066426,1,container,1
convenience_meals,hyperclovax,5066426,1,orange,2
convenience_meals,hyperclovax,5066426,1,lid,1
convenience_meals,hyperclovax,5066426,1,arrange,1
convenience_meals,hyperclovax,5066426,1,grid,1
convenience_meals,hyperclovax,5066426,1,pattern,1
convenience_meals,hyperclovax,5066426,1,light,1
convenience_meals,hyperclovax,5066426,1,gray,1
convenience_meals,hyperclovax,5066426,1,surface,1
convenience_meals,hyperclovax,5066426,1,mix,1
convenience_meals,hyperclovax,5066426,1,vegetable,1
convenience_meals,hyperclovax,5066426,1,grain,1
convenience_meals,hyperclovax,5066426,1,protein,1
convenience_meals,hyperclovax,5066426,1,visible,1
convenience_meals,hyperclovax,5066426,1,ingredient,1
convenience_meals,hyperclovax,5066426,1,include,2
convenience_meals,hyperclovax,5066426,1,cherry,1
convenience_meals,hyperclovax,5066426,1,tomato,1
convenience_meals,hyperclovax,5066426,1,cucumber,1
convenience_meals,hyperclovax,5066426,1,slice,1
convenience_meals,hyperclovax,5066426,1,shredded,1
convenience_meals,hyperclovax,5066426,1,carrot,1
convenience_meals,hyperclovax,5066426,1,type,1
convenience_meals,hyperclovax,5066426,1,dressing,2
convenience_meals,hyperclovax,5066426,1,packaging,1
convenience_meals,hyperclovax,5066426,1,design,1
convenience_meals,hyperclovax,5066426,1,visually,1
convenience_meals,hyperclovax,5066426,1,appealing,1
convenience_meals,hyperclovax,5066426,1,green,1
convenience_meals,hyperclovax,5066426,1,color,1
convenience_meals,hyperclovax,5066426,1,scheme,1
convenience_meals,hyperclovax,5066426,1,clear,1
convenience_meals,hyperclovax,5066426,1,labeling,1
convenience_meals,hyperclovax,5066426,1,nutritional,1
convenience_meals,hyperclovax,5066426,1,information,1
convenience_meals,hyperclovax,5066426,1,neatly,1
convenience_meals,hyperclovax,5066426,1,divide,1
convenience_meals,hyperclovax,5066426,1,individual,1
convenience_meals,hyperclovax,5066426,1,compartment,1
convenience_meals,hyperclovax,5066426,1,designate,1
convenience_meals,hyperclovax,5066426,1,space,1
convenience_meals,hyperclovax,5066426,1,convenient,1
convenience_meals,hyperclovax,5066426,1,portion,1
convenience_meals,hyperclovax,5066426,1,control,1
convenience_meals,hyperclovax,5066426,1,easy,1
convenience_meals,hyperclovax,5066426,1,meal,1
convenience_meals,hyperclovax,5066426,1,preparation,1
convenience_meals,hyperclovax,5066426,2,main,1
convenience_meals,hyperclovax,5066426,2,food,2
convenience_meals,hyperclovax,5066426,2,product,1
convenience_meals,hyperclovax,5066426,2,collection,1
convenience_meals,hyperclovax,5066426,2,pre,1
convenience_meals,hyperclovax,5066426,2,package,1
convenience_meals,hyperclovax,5066426,2,salad,5
convenience_meals,hyperclovax,5066426,2,organize,1
convenience_meals,hyperclovax,5066426,2,clear,1
convenience_meals,hyperclovax,5066426,2,plastic,1
convenience_meals,hyperclovax,5066426,2,container,2
convenience_meals,hyperclovax,5066426,2,compartment,1
convenience_meals,hyperclovax,5066426,2,different,1
convenience_meals,hyperclovax,5066426,2,ingredient,2
convenience_meals,hyperclovax,5066426,2,variety,2
convenience_meals,hyperclovax,5066426,2,vegetable,1
convenience_meals,hyperclovax,5066426,2,lettuce,1
convenience_meals,hyperclovax,5066426,2,carrot,1
convenience_meals,hyperclovax,5066426,2,tomato,1
convenience_meals,hyperclovax,5066426,2,corn,1
convenience_meals,hyperclovax,5066426,2,legume,1
convenience_meals,hyperclovax,5066426,2,section,1
convenience_meals,hyperclovax,5066426,2,sauce,1
convenience_meals,hyperclovax,5066426,2,dressing,1
convenience_meals,hyperclovax,5066426,2,small,1
convenience_meals,hyperclovax,5066426,2,packet,1
convenience_meals,hyperclovax,5066426,2,neatly,1
convenience_meals,hyperclovax,5066426,2,arrange,1
convenience_meals,hyperclovax,5066426,2,grid,1
convenience_meals,hyperclovax,5066426,2,pattern,1
convenience_meals,hyperclovax,5066426,2,showcase,1
convenience_meals,hyperclovax,5066426,2,colorful,1
convenience_meals,hyperclovax,5066426,2,diverse,1
convenience_meals,hyperclovax,5066426,2,assortment,1
convenience_meals,hyperclovax,5066426,2,packaging,1
convenience_meals,hyperclovax,5066426,2,transparent,1
convenience_meals,hyperclovax,5066426,2,allow,1
convenience_meals,hyperclovax,5066426,2,vibrant,1
convenience_meals,hyperclovax,5066426,2,color,1
convenience_meals,hyperclovax,5066426,2,visible,1
convenience_meals,hyperclovax,5066426,2,present,1
convenience_meals,hyperclovax,5066426,2,way,1
convenience_meals,hyperclovax,5066426,2,highlight,1
convenience_meals,hyperclovax,5066426,2,freshness,1
convenience_meals,hyperclovax,5072582,1,main,1
convenience_meals,hyperclovax,5072582,1,food,1
convenience_meals,hyperclovax,5072582,1,product,2
convenience_meals,hyperclovax,5072582,1,package,1
convenience_meals,hyperclovax,5072582,1,spread,2
convenience_meals,hyperclovax,5072582,1,specifically,1
convenience_meals,hyperclovax,5072582,1,샌드위치용_달걀듬뿍_샐러드,1
convenience_meals,hyperclovax,5072582,1,packaging,2
convenience_meals,hyperclovax,5072582,1,yellow,2
convenience_meals,hyperclovax,5072582,1,flexible,1
convenience_meals,hyperclovax,5072582,1,pouch,2
convenience_meals,hyperclovax,5072582,1,white,1
convenience_meals,hyperclovax,5072582,1,cap,1
convenience_meals,hyperclovax,5072582,1,text,1
convenience_meals,hyperclovax,5072582,1,english,1
convenience_meals,hyperclovax,5072582,1,korean,1
convenience_meals,hyperclovax,5072582,1,bowl,1
convenience_meals,hyperclovax,5072582,1,creamy,1
convenience_meals,hyperclovax,5072582,1,mixture,1
convenience_meals,hyperclovax,5072582,1,visible,1
convenience_meals,hyperclovax,5072582,1,bit,1
convenience_meals,hyperclovax,5072582,1,egg,1
convenience_meals,hyperclovax,5072582,1,possibly,1
convenience_meals,hyperclovax,5072582,1,ingredient,1
convenience_meals,hyperclovax,5072582,1,suggest,1
convenience_meals,hyperclovax,5072582,1,texture,1
convenience_meals,hyperclovax,5072582,1,smooth,1
convenience_meals,hyperclovax,5072582,1,chunkiness,1
convenience_meals,hyperclovax,5072582,1,design,1
convenience_meals,hyperclovax,5072582,1,simple,1
convenience_meals,hyperclovax,5072582,1,clean,1
convenience_meals,hyperclovax,5072582,1,layout,1
convenience_meals,hyperclovax,5072582,1,clear,1
convenience_meals,hyperclovax,5072582,1,focus,1
convenience_meals,hyperclovax,5072582,1,nutritional,1
convenience_meals,hyperclovax,5072582,1,information,1
convenience_meals,hyperclovax,5072582,1,brand,1
convenience_meals,hyperclovax,5072582,1,kurly_s,1
convenience_meals,hyperclovax,5072582,1,prominently,1
convenience_meals,hyperclovax,5072582,1,center,1
convenience_meals,hyperclovax,5072582,2,main,1
convenience_meals,hyperclovax,5072582,2,food,1
convenience_meals,hyperclovax,5072582,2,item,1
convenience_meals,hyperclovax,5072582,2,slice,1
convenience_meals,hyperclovax,5072582,2,whole,2
convenience_meals,hyperclovax,5072582,2,grain,2
convenience_meals,hyperclovax,5072582,2,bread,5
convenience_meals,hyperclovax,5072582,2,top,1
convenience_meals,hyperclovax,5072582,2,creamy,2
convenience_meals,hyperclovax,5072582,2,egg,4
convenience_meals,hyperclovax,5072582,2,salad,3
convenience_meals,hyperclovax,5072582,2,yellowish,1
convenience_meals,hyperclovax,5072582,2,visible,1
convenience_meals,hyperclovax,5072582,2,bit,1
convenience_meals,hyperclovax,5072582,2,herb,1
convenience_meals,hyperclovax,5072582,2,spread,1
convenience_meals,hyperclovax,5072582,2,evenly,1
convenience_meals,hyperclovax,5072582,2,brown,2
convenience_meals,hyperclovax,5072582,2,crust,1
convenience_meals,hyperclovax,5072582,2,slightly,1
convenience_meals,hyperclovax,5072582,2,texture,2
convenience_meals,hyperclovax,5072582,2,surface,1
convenience_meals,hyperclovax,5072582,2,indicate,1
convenience_meals,hyperclovax,5072582,2,likely,1
convenience_meals,hyperclovax,5072582,2,variety,1
convenience_meals,hyperclovax,5072582,2,plate,1
convenience_meals,hyperclovax,5072582,2,hold,1
convenience_meals,hyperclovax,5072582,2,white,2
convenience_meals,hyperclovax,5072582,2,rim,1
convenience_meals,hyperclovax,5072582,2,yellow,1
convenience_meals,hyperclovax,5072582,2,placemat,1
convenience_meals,hyperclovax,5072582,2,subtle,1
convenience_meals,hyperclovax,5072582,2,pattern,1
convenience_meals,hyperclovax,5072582,2,small,1
convenience_meals,hyperclovax,5072582,2,cup,1
convenience_meals,hyperclovax,5072582,2,milk,1
convenience_meals,hyperclovax,5072582,2,suggest,1
convenience_meals,hyperclovax,5072582,2,typical,1
convenience_meals,hyperclovax,5072582,2,breakfast,1
convenience_meals,hyperclovax,5072582,2,setting,1
convenience_meals,hyperclovax,5072582,2,focal,1
convenience_meals,hyperclovax,5072582,2,point,1
convenience_meals,hyperclovax,5072582,2,vibrant,1
convenience_meals,hyperclovax,5072582,2,color,1
convenience_meals,hyperclovax,5072582,2,stand,1
convenience_meals,hyperclovax,5072582,2,overall,1
convenience_meals,hyperclovax,5072582,2,presentation,1
convenience_meals,hyperclovax,5072582,2,simple,1
convenience_meals,hyperclovax,5072582,2,appetizing,1
convenience_meals,hyperclovax,5072582,2,emphasize,1
convenience_meals,hyperclovax,5072582,2,freshness,1
convenience_meals,hyperclovax,5072582,2,quality,1
convenience_meals,hyperclovax,5072582,2,ingredient,1
convenience_meals,hyperclovax,5073094,1,main,1
convenience_meals,hyperclovax,5073094,1,food,2
convenience_meals,hyperclovax,5073094,1,bowl,2
convenience_meals,hyperclovax,5073094,1,pho,1
convenience_meals,hyperclovax,5073094,1,vietnamese,1
convenience_meals,hyperclovax,5073094,1,noodle,1
convenience_meals,hyperclovax,5073094,1,soup,2
convenience_meals,hyperclovax,5073094,1,white,1
convenience_meals,hyperclovax,5073094,1,blue,1
convenience_meals,hyperclovax,5073094,1,floral,1
convenience_meals,hyperclovax,5073094,1,pattern,1
convenience_meals,hyperclovax,5073094,1,rim,1
convenience_meals,hyperclovax,5073094,1,central,1
convenience_meals,hyperclovax,5073094,1,design,1
convenience_meals,hyperclovax,5073094,1,flower,1
convenience_meals,hyperclovax,5073094,1,motif,1
convenience_meals,hyperclovax,5073094,1,clear,1
convenience_meals,hyperclovax,5073094,1,broth,1
convenience_meals,hyperclovax,5073094,1,visible,1
convenience_meals,hyperclovax,5073094,1,slice,1
convenience_meals,hyperclovax,5073094,1,beef,1
convenience_meals,hyperclovax,5073094,1,bean,1
convenience_meals,hyperclovax,5073094,1,sprout,1
convenience_meals,hyperclovax,5073094,1,garnish,1
convenience_meals,hyperclovax,5073094,1,chop,1
convenience_meals,hyperclovax,5073094,1,green,1
convenience_meals,hyperclovax,5073094,1,onion,1
convenience_meals,hyperclovax,5073094,1,plain,1
convenience_meals,hyperclovax,5073094,1,light,1
convenience_meals,hyperclovax,5073094,1,colored,1
convenience_meals,hyperclovax,5073094,1,surface,1
convenience_meals,hyperclovax,5073094,1,distract,1
convenience_meals,hyperclovax,5073094,1,focus,1
convenience_meals,hyperclovax,5073094,1,presentation,1
convenience_meals,hyperclovax,5073094,1,dish,1
convenience_meals,hyperclovax,5073094,1,highlight,1
convenience_meals,hyperclovax,5073094,1,texture,1
convenience_meals,hyperclovax,5073094,1,ingredient,1
convenience_meals,hyperclovax,5073094,1,additional,1
convenience_meals,hyperclovax,5073094,1,context,1
convenience_meals,hyperclovax,5073094,1,embellishment,1
convenience_meals,hyperclovax,5073094,2,main,1
convenience_meals,hyperclovax,5073094,2,food,1
convenience_meals,hyperclovax,5073094,2,bowl,3
convenience_meals,hyperclovax,5073094,2,pho,2
convenience_meals,hyperclovax,5073094,2,vietnamese,1
convenience_meals,hyperclovax,5073094,2,noodle,3
convenience_meals,hyperclovax,5073094,2,soup,3
convenience_meals,hyperclovax,5073094,2,white,2
convenience_meals,hyperclovax,5073094,2,blue,1
convenience_meals,hyperclovax,5073094,2,floral,1
convenience_meals,hyperclovax,5073094,2,pattern,1
convenience_meals,hyperclovax,5073094,2,rim,1
convenience_meals,hyperclovax,5073094,2,clear,1
convenience_meals,hyperclovax,5073094,2,broth,1
convenience_meals,hyperclovax,5073094,2,rice,1
convenience_meals,hyperclovax,5073094,2,sliced,1
convenience_meals,hyperclovax,5073094,2,beef,2
convenience_meals,hyperclovax,5073094,2,chop,1
convenience_meals,hyperclovax,5073094,2,green,3
convenience_meals,hyperclovax,5073094,2,onion,3
convenience_meals,hyperclovax,5073094,2,cook,1
convenience_meals,hyperclovax,5073094,2,top,1
convenience_meals,hyperclovax,5073094,2,scatter,1
convenience_meals,hyperclovax,5073094,2,plain,1
convenience_meals,hyperclovax,5073094,2,light,1
convenience_meals,hyperclovax,5073094,2,colored,1
convenience_meals,hyperclovax,5073094,2,surface,1
convenience_meals,hyperclovax,5073094,2,provide,1
convenience_meals,hyperclovax,5073094,2,neutral,1
convenience_meals,hyperclovax,5073094,2,backdrop,1
convenience_meals,hyperclovax,5073094,2,emphasize,1
convenience_meals,hyperclovax,5073094,2,garnish,1
convenience_meals,hyperclovax,5073094,2,fresh,1
convenience_meals,hyperclovax,5073094,2,add,1
convenience_meals,hyperclovax,5073094,2,pop,1
convenience_meals,hyperclovax,5073094,2,color,1
convenience_meals,hyperclovax,5073094,2,monochromatic,1
convenience_meals,hyperclovax,5073094,2,dish,1
convenience_meals,hyperclovax,5073094,2,overall,1
convenience_meals,hyperclovax,5073094,2,presentation,1
convenience_meals,hyperclovax,5073094,2,simple,1
convenience_meals,hyperclovax,5073094,2,appealing,1
convenience_meals,hyperclovax,5073094,2,highlight,1
convenience_meals,hyperclovax,5073094,2,freshness,1
convenience_meals,hyperclovax,5073094,2,texture,1
convenience_meals,hyperclovax,5073094,2,ingredient,1
convenience_meals,hyperclovax,5082274,1,main,1
convenience_meals,hyperclovax,5082274,1,food,2
convenience_meals,hyperclovax,5082274,1,product,5
convenience_meals,hyperclovax,5082274,1,frozen,2
convenience_meals,hyperclovax,5082274,1,dumpling,2
convenience_meals,hyperclovax,5082274,1,packaging,3
convenience_meals,hyperclovax,5082274,1,prominently,1
convenience_meals,hyperclovax,5082274,1,green,3
convenience_meals,hyperclovax,5082274,1,white,1
convenience_meals,hyperclovax,5082274,1,color,1
convenience_meals,hyperclovax,5082274,1,scheme,1
convenience_meals,hyperclovax,5082274,1,brand,2
convenience_meals,hyperclovax,5082274,1,비비고,1
convenience_meals,hyperclovax,5082274,1,text,3
convenience_meals,hyperclovax,5082274,1,top,1
convenience_meals,hyperclovax,5082274,1,close,1
convenience_meals,hyperclovax,5082274,1,front,1
convenience_meals,hyperclovax,5082274,1,package,2
convenience_meals,hyperclovax,5082274,1,fill,1
convenience_meals,hyperclovax,5082274,1,mixture,1
convenience_meals,hyperclovax,5082274,1,vegetable,1
convenience_meals,hyperclovax,5082274,1,possibly,1
convenience_meals,hyperclovax,5082274,1,meat,1
convenience_meals,hyperclovax,5082274,1,indicate,1
convenience_meals,hyperclovax,5082274,1,weigh,1
convenience_meals,hyperclovax,5082274,1,1.05kg,1
convenience_meals,hyperclovax,5082274,1,item,1
convenience_meals,hyperclovax,5082274,1,include,1
convenience_meals,hyperclovax,5082274,1,왕교자,1
convenience_meals,hyperclovax,5082274,1,additional,1
convenience_meals,hyperclovax,5082274,1,korean,1
convenience_meals,hyperclovax,5082274,1,likely,1
convenience_meals,hyperclovax,5082274,1,describe,1
convenience_meals,hyperclovax,5082274,1,ingredient,1
convenience_meals,hyperclovax,5082274,1,overall,1
convenience_meals,hyperclovax,5082274,1,design,1
convenience_meals,hyperclovax,5082274,1,clean,1
convenience_meals,hyperclovax,5082274,1,straightforward,1
convenience_meals,hyperclovax,5082274,1,focus,1
convenience_meals,hyperclovax,5082274,1,visual,1
convenience_meals,hyperclovax,5082274,1,appeal,1
convenience_meals,hyperclovax,5082274,1,identity,1
convenience_meals,hyperclovax,5082274,2,main,1
convenience_meals,hyperclovax,5082274,2,food,1
convenience_meals,hyperclovax,5082274,2,product,3
convenience_meals,hyperclovax,5082274,2,frozen,2
convenience_meals,hyperclovax,5082274,2,dumpling,4
convenience_meals,hyperclovax,5082274,2,packaging,2
convenience_meals,hyperclovax,5082274,2,predominantly,1
convenience_meals,hyperclovax,5082274,2,green,2
convenience_meals,hyperclovax,5082274,2,clear,1
convenience_meals,hyperclovax,5082274,2,window,1
convenience_meals,hyperclovax,5082274,2,inside,1
convenience_meals,hyperclovax,5082274,2,wrap,1
convenience_meals,hyperclovax,5082274,2,translucent,1
convenience_meals,hyperclovax,5082274,2,shiny,1
convenience_meals,hyperclovax,5082274,2,material,1
convenience_meals,hyperclovax,5082274,2,suggest,1
convenience_meals,hyperclovax,5082274,2,brand,1
convenience_meals,hyperclovax,5082274,2,bibigo,1
convenience_meals,hyperclovax,5082274,2,prominently,1
convenience_meals,hyperclovax,5082274,2,text,2
convenience_meals,hyperclovax,5082274,2,front,1
convenience_meals,hyperclovax,5082274,2,package,1
convenience_meals,hyperclovax,5082274,2,close,1
convenience_meals,hyperclovax,5082274,2,wooden,1
convenience_meals,hyperclovax,5082274,2,surface,1
convenience_meals,hyperclovax,5082274,2,dumple,1
convenience_meals,hyperclovax,5082274,2,partially,1
convenience_meals,hyperclovax,5082274,2,unwrapped,1
convenience_meals,hyperclovax,5082274,2,reveal,1
convenience_meals,hyperclovax,5082274,2,filling,1
convenience_meals,hyperclovax,5082274,2,include,1
convenience_meals,hyperclovax,5082274,2,indicate,1
convenience_meals,hyperclovax,5082274,2,weight,1
convenience_meals,hyperclovax,5082274,2,nutritional,1
convenience_meals,hyperclovax,5082274,2,information,1
convenience_meals,hyperclovax,5082274,2,overall,1
convenience_meals,hyperclovax,5082274,2,style,1
convenience_meals,hyperclovax,5082274,2,commercial,1
convenience_meals,hyperclovax,5082274,2,promotional,1
convenience_meals,hyperclovax,5082274,2,design,1
convenience_meals,hyperclovax,5082274,2,showcase,1
convenience_meals,hyperclovax,5082274,2,clearly,1
convenience_meals,hyperclovax,5082274,2,potential,1
convenience_meals,hyperclovax,5082274,2,consumer,1
convenience_meals,hyperclovax,5088325,1,main,1
convenience_meals,hyperclovax,5088325,1,food,2
convenience_meals,hyperclovax,5088325,1,bowl,3
convenience_meals,hyperclovax,5088325,1,noodle,4
convenience_meals,hyperclovax,5088325,1,light,2
convenience_meals,hyperclovax,5088325,1,brown,2
convenience_meals,hyperclovax,5088325,1,broth,1
convenience_meals,hyperclovax,5088325,1,clear,1
convenience_meals,hyperclovax,5088325,1,white,1
convenience_meals,hyperclovax,5088325,1,slightly,1
convenience_meals,hyperclovax,5088325,1,curly,1
convenience_meals,hyperclovax,5088325,1,base,1
convenience_meals,hyperclovax,5088325,1,top,1
convenience_meals,hyperclovax,5088325,1,garnish,1
convenience_meals,hyperclovax,5088325,1,black,1
convenience_meals,hyperclovax,5088325,1,seaweed,1
convenience_meals,hyperclovax,5088325,1,small,1
convenience_meals,hyperclovax,5088325,1,red,1
convenience_meals,hyperclovax,5088325,1,chili,1
convenience_meals,hyperclovax,5088325,1,flake,1
convenience_meals,hyperclovax,5088325,1,seasoning,1
convenience_meals,hyperclovax,5088325,1,type,1
convenience_meals,hyperclovax,5088325,1,dry,1
convenience_meals,hyperclovax,5088325,1,fish,1
convenience_meals,hyperclovax,5088325,1,meat,1
convenience_meals,hyperclovax,5088325,1,plain,1
convenience_meals,hyperclovax,5088325,1,colored,1
convenience_meals,hyperclovax,5088325,1,surface,1
convenience_meals,hyperclovax,5088325,1,pair,1
convenience_meals,hyperclovax,5088325,1,wooden,1
convenience_meals,hyperclovax,5088325,1,chopstick,1
convenience_meals,hyperclovax,5088325,1,position,1
convenience_meals,hyperclovax,5088325,1,right,1
convenience_meals,hyperclovax,5088325,1,focus,1
convenience_meals,hyperclovax,5088325,1,additional,1
convenience_meals,hyperclovax,5088325,1,context,1
convenience_meals,hyperclovax,5088325,1,element,1
convenience_meals,hyperclovax,5088325,1,suggest,1
convenience_meals,hyperclovax,5088325,1,specific,1
convenience_meals,hyperclovax,5088325,1,setting,1
convenience_meals,hyperclovax,5088325,1,occasion,1
convenience_meals,hyperclovax,5088325,2,main,1
convenience_meals,hyperclovax,5088325,2,food,2
convenience_meals,hyperclovax,5088325,2,bowl,2
convenience_meals,hyperclovax,5088325,2,noodle,5
convenience_meals,hyperclovax,5088325,2,dish,2
convenience_meals,hyperclovax,5088325,2,light,3
convenience_meals,hyperclovax,5088325,2,brown,2
convenience_meals,hyperclovax,5088325,2,broth,1
convenience_meals,hyperclovax,5088325,2,likely,1
convenience_meals,hyperclovax,5088325,2,chicken,1
convenience_meals,hyperclovax,5088325,2,pork,1
convenience_meals,hyperclovax,5088325,2,stock,1
convenience_meals,hyperclovax,5088325,2,top,2
convenience_meals,hyperclovax,5088325,2,thin,1
convenience_meals,hyperclovax,5088325,2,white,1
convenience_meals,hyperclovax,5088325,2,curly,1
convenience_meals,hyperclovax,5088325,2,garnish,1
convenience_meals,hyperclovax,5088325,2,dark,1
convenience_meals,hyperclovax,5088325,2,green,1
convenience_meals,hyperclovax,5088325,2,seaweed,1
convenience_meals,hyperclovax,5088325,2,red,1
convenience_meals,hyperclovax,5088325,2,seasoning,2
convenience_meals,hyperclovax,5088325,2,chili,1
convenience_meals,hyperclovax,5088325,2,flake,1
convenience_meals,hyperclovax,5088325,2,resemble,1
convenience_meals,hyperclovax,5088325,2,spice,1
convenience_meals,hyperclovax,5088325,2,blend,1
convenience_meals,hyperclovax,5088325,2,simple,1
convenience_meals,hyperclovax,5088325,2,round,1
convenience_meals,hyperclovax,5088325,2,ceramic,1
convenience_meals,hyperclovax,5088325,2,beige,1
convenience_meals,hyperclovax,5088325,2,color,1
convenience_meals,hyperclovax,5088325,2,cook,1
convenience_meals,hyperclovax,5088325,2,glossy,1
convenience_meals,hyperclovax,5088325,2,appearance,1
convenience_meals,hyperclovax,5088325,2,suggest,1
convenience_meals,hyperclovax,5088325,2,freshly,1
convenience_meals,hyperclovax,5088325,2,prepared,1
convenience_meals,hyperclovax,5088325,2,plain,1
convenience_meals,hyperclovax,5088325,2,colored,1
convenience_meals,hyperclovax,5088325,2,surface,1
convenience_meals,hyperclovax,5088325,2,highlight,1
convenience_meals,hyperclovax,5088325,2,distraction,1
convenience_meals,hyperclovax,5090388,1,main,1
convenience_meals,hyperclovax,5090388,1,food,2
convenience_meals,hyperclovax,5090388,1,bowl,1
convenience_meals,hyperclovax,5090388,1,spicy,1
convenience_meals,hyperclovax,5090388,1,soup,4
convenience_meals,hyperclovax,5090388,1,likely,2
convenience_meals,hyperclovax,5090388,1,type,2
convenience_meals,hyperclovax,5090388,1,korean,1
convenience_meals,hyperclovax,5090388,1,noodle,3
convenience_meals,hyperclovax,5090388,1,rich,1
convenience_meals,hyperclovax,5090388,1,reddish,1
convenience_meals,hyperclovax,5090388,1,orange,1
convenience_meals,hyperclovax,5090388,1,broth,1
convenience_meals,hyperclovax,5090388,1,visible,1
convenience_meals,hyperclovax,5090388,1,piece,1
convenience_meals,hyperclovax,5090388,1,tofu,1
convenience_meals,hyperclovax,5090388,1,soft,2
convenience_meals,hyperclovax,5090388,1,slightly,2
convenience_meals,hyperclovax,5090388,1,brown,1
convenience_meals,hyperclovax,5090388,1,chunk,1
convenience_meals,hyperclovax,5090388,1,kimchi,2
convenience_meals,hyperclovax,5090388,1,red,1
convenience_meals,hyperclovax,5090388,1,cook,1
convenience_meals,hyperclovax,5090388,1,white,1
convenience_meals,hyperclovax,5090388,1,translucent,1
convenience_meals,hyperclovax,5090388,1,udon,1
convenience_meals,hyperclovax,5090388,1,similar,1
convenience_meals,hyperclovax,5090388,1,garnish,1
convenience_meals,hyperclovax,5090388,1,green,1
convenience_meals,hyperclovax,5090388,1,herb,1
convenience_meals,hyperclovax,5090388,1,possibly,1
convenience_meals,hyperclovax,5090388,1,cilantro,1
convenience_meals,hyperclovax,5090388,1,parsley,1
convenience_meals,hyperclovax,5090388,1,add,1
convenience_meals,hyperclovax,5090388,1,fresh,1
convenience_meals,hyperclovax,5090388,1,touch,1
convenience_meals,hyperclovax,5090388,1,dish,1
convenience_meals,hyperclovax,5090388,1,packaging,1
convenience_meals,hyperclovax,5090388,1,include,2
convenience_meals,hyperclovax,5090388,1,plastic,1
convenience_meals,hyperclovax,5090388,1,bag,1
convenience_meals,hyperclovax,5090388,1,label,1
convenience_meals,hyperclovax,5090388,1,200g,1
convenience_meals,hyperclovax,5090388,1,suggest,1
convenience_meals,hyperclovax,5090388,1,quantity,1
convenience_meals,hyperclovax,5090388,1,ingredient,1
convenience_meals,hyperclovax,5090388,1,meal,1
convenience_meals,hyperclovax,5090388,1,overall,1
convenience_meals,hyperclovax,5090388,1,presentation,1
convenience_meals,hyperclovax,5090388,1,simple,1
convenience_meals,hyperclovax,5090388,1,focus,1
convenience_meals,hyperclovax,5090388,1,vibrant,1
convenience_meals,hyperclovax,5090388,1,color,1
convenience_meals,hyperclovax,5090388,1,texture,1
convenience_meals,hyperclovax,5090388,2,main,1
convenience_meals,hyperclovax,5090388,2,food,1
convenience_meals,hyperclovax,5090388,2,bowl,3
convenience_meals,hyperclovax,5090388,2,spicy,2
convenience_meals,hyperclovax,5090388,2,soup,3
convenience_meals,hyperclovax,5090388,2,likely,1
convenience_meals,hyperclovax,5090388,2,korean,3
convenience_meals,hyperclovax,5090388,2,dish,3
convenience_meals,hyperclovax,5090388,2,know,1
convenience_meals,hyperclovax,5090388,2,김치_우동_전골,1
convenience_meals,hyperclovax,5090388,2,rich,1
convenience_meals,hyperclovax,5090388,2,reddish,1
convenience_meals,hyperclovax,5090388,2,orange,1
convenience_meals,hyperclovax,5090388,2,broth,2
convenience_meals,hyperclovax,5090388,2,indicative,1
convenience_meals,hyperclovax,5090388,2,seasoning,1
convenience_meals,hyperclovax,5090388,2,several,1
convenience_meals,hyperclovax,5090388,2,ingredient,2
convenience_meals,hyperclovax,5090388,2,include,2
convenience_meals,hyperclovax,5090388,2,tofu,1
convenience_meals,hyperclovax,5090388,2,visible,2
convenience_meals,hyperclovax,5090388,2,shape,1
convenience_meals,hyperclovax,5090388,2,size,1
convenience_meals,hyperclovax,5090388,2,kimchi,1
convenience_meals,hyperclovax,5090388,2,traditional,1
convenience_meals,hyperclovax,5090388,2,side,1
convenience_meals,hyperclovax,5090388,2,fermented,1
convenience_meals,hyperclovax,5090388,2,vegetable,2
convenience_meals,hyperclovax,5090388,2,primarily,1
convenience_meals,hyperclovax,5090388,2,napa,1
convenience_meals,hyperclovax,5090388,2,cabbage,1
convenience_meals,hyperclovax,5090388,2,radish,1
convenience_meals,hyperclovax,5090388,2,variety,1
convenience_meals,hyperclovax,5090388,2,carrot,1
convenience_meals,hyperclovax,5090388,2,green,1
convenience_meals,hyperclovax,5090388,2,onion,1
convenience_meals,hyperclovax,5090388,2,serve,1
convenience_meals,hyperclovax,5090388,2,white,1
convenience_meals,hyperclovax,5090388,2,pair,1
convenience_meals,hyperclovax,5090388,2,wooden,1
convenience_meals,hyperclovax,5090388,2,chopstick,1
convenience_meals,hyperclovax,5090388,2,right,1
convenience_meals,hyperclovax,5090388,2,suggest,1
convenience_meals,hyperclovax,5090388,2,meal,1
convenience_meals,hyperclovax,5090388,2,ready,1
convenience_meals,hyperclovax,5090388,2,eat,1
convenience_meals,hyperclovax,5090388,2,overall,1
convenience_meals,hyperclovax,5090388,2,presentation,1
convenience_meals,hyperclovax,5090388,2,simple,1
convenience_meals,hyperclovax,5090388,2,focus,1
convenience_meals,hyperclovax,5090388,2,vibrant,1
convenience_meals,hyperclovax,5090388,2,color,1
convenience_meals,hyperclovax,5090388,2,texture,1
convenience_meals,hyperclovax,5135831,1,main,1
convenience_meals,hyperclovax,5135831,1,food,2
convenience_meals,hyperclovax,5135831,1,product,2
convenience_meals,hyperclovax,5135831,1,pre,1
convenience_meals,hyperclovax,5135831,1,package,1
convenience_meals,hyperclovax,5135831,1,meal,4
convenience_meals,hyperclovax,5135831,1,brand,2
convenience_meals,hyperclovax,5135831,1,온더고,2
convenience_meals,hyperclovax,5135831,1,packaging,3
convenience_meals,hyperclovax,5135831,1,predominantly,1
convenience_meals,hyperclovax,5135831,1,purple,1
convenience_meals,hyperclovax,5135831,1,black,1
convenience_meals,hyperclovax,5135831,1,white,2
convenience_meals,hyperclovax,5135831,1,text,2
convenience_meals,hyperclovax,5135831,1,clear,2
convenience_meals,hyperclovax,5135831,1,view,1
convenience_meals,hyperclovax,5135831,1,inside,2
convenience_meals,hyperclovax,5135831,1,consist,1
convenience_meals,hyperclovax,5135831,1,4,1
convenience_meals,hyperclovax,5135831,1,compartment,2
convenience_meals,hyperclovax,5135831,1,portion,1
convenience_meals,hyperclovax,5135831,1,rice,4
convenience_meals,hyperclovax,5135831,1,top,1
convenience_meals,hyperclovax,5135831,1,mixture,1
convenience_meals,hyperclovax,5135831,1,meat,2
convenience_meals,hyperclovax,5135831,1,vegetable,3
convenience_meals,hyperclovax,5135831,1,stir,1
convenience_meals,hyperclovax,5135831,1,fry,1
convenience_meals,hyperclovax,5135831,1,noodle,1
convenience_meals,hyperclovax,5135831,1,dish,1
convenience_meals,hyperclovax,5135831,1,shrimp,1
convenience_meals,hyperclovax,5135831,1,fried,1
convenience_meals,hyperclovax,5135831,1,egg,1
convenience_meals,hyperclovax,5135831,1,curry,1
convenience_meals,hyperclovax,5135831,1,chicken,1
convenience_meals,hyperclovax,5135831,1,colorful,1
convenience_meals,hyperclovax,5135831,1,indicate,1
convenience_meals,hyperclovax,5135831,1,variety,2
convenience_meals,hyperclovax,5135831,1,ingredient,1
convenience_meals,hyperclovax,5135831,1,rectangular,1
convenience_meals,hyperclovax,5135831,1,rounded,1
convenience_meals,hyperclovax,5135831,1,corner,1
convenience_meals,hyperclovax,5135831,1,plastic,1
convenience_meals,hyperclovax,5135831,1,window,1
convenience_meals,hyperclovax,5135831,1,include,1
convenience_meals,hyperclovax,5135831,1,규동_계란말이,1
convenience_meals,hyperclovax,5135831,1,nutritional,1
convenience_meals,hyperclovax,5135831,1,information,1
convenience_meals,hyperclovax,5135831,1,serve,1
convenience_meals,hyperclovax,5135831,1,size,1
convenience_meals,hyperclovax,5135831,1,detail,1
convenience_meals,hyperclovax,5135831,1,overall,1
convenience_meals,hyperclovax,5135831,1,presentation,1
convenience_meals,hyperclovax,5135831,1,neat,1
convenience_meals,hyperclovax,5135831,1,organize,1
convenience_meals,hyperclovax,5135831,1,showcase,1
convenience_meals,hyperclovax,5135831,1,appeal,1
convenience_meals,hyperclovax,5135831,2,main,1
convenience_meals,hyperclovax,5135831,2,food,1
convenience_meals,hyperclovax,5135831,2,product,2
convenience_meals,hyperclovax,5135831,2,pre,1
convenience_meals,hyperclovax,5135831,2,package,1
convenience_meals,hyperclovax,5135831,2,meal,2
convenience_meals,hyperclovax,5135831,2,brand,2
convenience_meals,hyperclovax,5135831,2,온더고,1
convenience_meals,hyperclovax,5135831,2,packaging,1
convenience_meals,hyperclovax,5135831,2,predominantly,1
convenience_meals,hyperclovax,5135831,2,black,1
convenience_meals,hyperclovax,5135831,2,purple,1
convenience_meals,hyperclovax,5135831,2,accent,1
convenience_meals,hyperclovax,5135831,2,prominently,1
convenience_meals,hyperclovax,5135831,2,english,1
convenience_meals,hyperclovax,5135831,2,korean,1
convenience_meals,hyperclovax,5135831,2,consist,1
convenience_meals,hyperclovax,5135831,2,4,1
convenience_meals,hyperclovax,5135831,2,individual,1
convenience_meals,hyperclovax,5135831,2,container,5
convenience_meals,hyperclovax,5135831,2,arrange,1
convenience_meals,hyperclovax,5135831,2,2x2,1
convenience_meals,hyperclovax,5135831,2,grid,1
convenience_meals,hyperclovax,5135831,2,different,1
convenience_meals,hyperclovax,5135831,2,dish,5
convenience_meals,hyperclovax,5135831,2,top,4
convenience_meals,hyperclovax,5135831,2,left,2
convenience_meals,hyperclovax,5135831,2,rice,4
convenience_meals,hyperclovax,5135831,2,grill,1
convenience_meals,hyperclovax,5135831,2,chicken,1
convenience_meals,hyperclovax,5135831,2,egg,2
convenience_meals,hyperclovax,5135831,2,roll,1
convenience_meals,hyperclovax,5135831,2,label,1
convenience_meals,hyperclovax,5135831,2,indicate,1
convenience_meals,hyperclovax,5135831,2,숯불향_규동_계란말이,1
convenience_meals,hyperclovax,5135831,2,right,2
convenience_meals,hyperclovax,5135831,2,hold,1
convenience_meals,hyperclovax,5135831,2,fried,1
convenience_meals,hyperclovax,5135831,2,side,1
convenience_meals,hyperclovax,5135831,2,kimchi,1
convenience_meals,hyperclovax,5135831,2,small,1
convenience_meals,hyperclovax,5135831,2,portion,1
convenience_meals,hyperclovax,5135831,2,vegetable,2
convenience_meals,hyperclovax,5135831,2,bottom,2
convenience_meals,hyperclovax,5135831,2,spicy,1
convenience_meals,hyperclovax,5135831,2,meat,1
convenience_meals,hyperclovax,5135831,2,sauce,1
convenience_meals,hyperclovax,5135831,2,garnish,2
convenience_meals,hyperclovax,5135831,2,green,1
convenience_meals,hyperclovax,5135831,2,onion,1
convenience_meals,hyperclovax,5135831,2,stir,1
convenience_meals,hyperclovax,5135831,2,fry,1
convenience_meals,hyperclovax,5135831,2,shrimp,1
convenience_meals,hyperclovax,5135831,2,sesame,1
convenience_meals,hyperclovax,5135831,2,seed,1
convenience_meals,hyperclovax,5136646,1,main,1
convenience_meals,hyperclovax,5136646,1,food,1
convenience_meals,hyperclovax,5136646,1,product,1
convenience_meals,hyperclovax,5136646,1,variety,2
convenience_meals,hyperclovax,5136646,1,sandwich,4
convenience_meals,hyperclovax,5136646,1,arrange,1
convenience_meals,hyperclovax,5136646,1,white,1
convenience_meals,hyperclovax,5136646,1,plate,3
convenience_meals,hyperclovax,5136646,1,different,1
convenience_meals,hyperclovax,5136646,1,combination,1
convenience_meals,hyperclovax,5136646,1,ingredient,2
convenience_meals,hyperclovax,5136646,1,visible,1
convenience_meals,hyperclovax,5136646,1,include,1
convenience_meals,hyperclovax,5136646,1,layer,2
convenience_meals,hyperclovax,5136646,1,bread,1
convenience_meals,hyperclovax,5136646,1,lettuce,1
convenience_meals,hyperclovax,5136646,1,tomato,1
convenience_meals,hyperclovax,5136646,1,filling,2
convenience_meals,hyperclovax,5136646,1,meat,1
convenience_meals,hyperclovax,5136646,1,plant,1
convenience_meals,hyperclovax,5136646,1,base,1
convenience_meals,hyperclovax,5136646,1,patty,1
convenience_meals,hyperclovax,5136646,1,cut,1
convenience_meals,hyperclovax,5136646,1,half,1
convenience_meals,hyperclovax,5136646,1,reveal,1
convenience_meals,hyperclovax,5136646,1,light,1
convenience_meals,hyperclovax,5136646,1,gray,1
convenience_meals,hyperclovax,5136646,1,surface,1
convenience_meals,hyperclovax,5136646,1,small,1
convenience_meals,hyperclovax,5136646,1,bowl,1
convenience_meals,hyperclovax,5136646,1,dip,1
convenience_meals,hyperclovax,5136646,1,sauce,1
convenience_meals,hyperclovax,5136646,1,right,1
convenience_meals,hyperclovax,5136646,1,present,1
convenience_meals,hyperclovax,5136646,1,way,1
convenience_meals,hyperclovax,5136646,1,highlight,1
convenience_meals,hyperclovax,5136646,1,freshness,1
convenience_meals,hyperclovax,5136646,2,main,1
convenience_meals,hyperclovax,5136646,2,food,2
convenience_meals,hyperclovax,5136646,2,collection,1
convenience_meals,hyperclovax,5136646,2,sandwich,4
convenience_meals,hyperclovax,5136646,2,wrap,1
convenience_meals,hyperclovax,5136646,2,paper,1
convenience_meals,hyperclovax,5136646,2,white,1
convenience_meals,hyperclovax,5136646,2,plate,3
convenience_meals,hyperclovax,5136646,2,variety,1
convenience_meals,hyperclovax,5136646,2,ingredient,1
convenience_meals,hyperclovax,5136646,2,include,1
convenience_meals,hyperclovax,5136646,2,lettuce,1
convenience_meals,hyperclovax,5136646,2,tomato,1
convenience_meals,hyperclovax,5136646,2,cheese,1
convenience_meals,hyperclovax,5136646,2,meat,1
convenience_meals,hyperclovax,5136646,2,different,2
convenience_meals,hyperclovax,5136646,2,sauce,3
convenience_meals,hyperclovax,5136646,2,drizzle,1
convenience_meals,hyperclovax,5136646,2,top,1
convenience_meals,hyperclovax,5136646,2,vary,1
convenience_meals,hyperclovax,5136646,2,color,1
convenience_meals,hyperclovax,5136646,2,texture,1
convenience_meals,hyperclovax,5136646,2,suggest,2
convenience_meals,hyperclovax,5136646,2,flavor,1
convenience_meals,hyperclovax,5136646,2,combination,1
convenience_meals,hyperclovax,5136646,2,neatly,1
convenience_meals,hyperclovax,5136646,2,arrange,1
convenience_meals,hyperclovax,5136646,2,circular,1
convenience_meals,hyperclovax,5136646,2,pattern,1
convenience_meals,hyperclovax,5136646,2,small,1
convenience_meals,hyperclovax,5136646,2,bowl,1
convenience_meals,hyperclovax,5136646,2,left,1
convenience_meals,hyperclovax,5136646,2,packaging,1
convenience_meals,hyperclovax,5136646,2,presentation,1
convenience_meals,hyperclovax,5136646,2,casual,1
convenience_meals,hyperclovax,5136646,2,dining,1
convenience_meals,hyperclovax,5136646,2,setting,1
convenience_meals,hyperclovax,5136646,2,likely,1
convenience_meals,hyperclovax,5136646,2,fast,1
convenience_meals,hyperclovax,5136646,2,establishment,1
convenience_meals,hyperclovax,5156742,1,main,1
convenience_meals,hyperclovax,5156742,1,food,2
convenience_meals,hyperclovax,5156742,1,bowl,2
convenience_meals,hyperclovax,5156742,1,spicy,2
convenience_meals,hyperclovax,5156742,1,red,3
convenience_meals,hyperclovax,5156742,1,noodle,2
convenience_meals,hyperclovax,5156742,1,soup,4
convenience_meals,hyperclovax,5156742,1,broth,2
convenience_meals,hyperclovax,5156742,1,mix,1
convenience_meals,hyperclovax,5156742,1,ingredient,1
convenience_meals,hyperclovax,5156742,1,sliced,1
convenience_meals,hyperclovax,5156742,1,carrot,1
convenience_meals,hyperclovax,5156742,1,mushroom,1
convenience_meals,hyperclovax,5156742,1,piece,1
convenience_meals,hyperclovax,5156742,1,meat,1
convenience_meals,hyperclovax,5156742,1,rich,1
convenience_meals,hyperclovax,5156742,1,vibrant,1
convenience_meals,hyperclovax,5156742,1,suggest,1
convenience_meals,hyperclovax,5156742,1,flavor,1
convenience_meals,hyperclovax,5156742,1,profile,1
convenience_meals,hyperclovax,5156742,1,white,1
convenience_meals,hyperclovax,5156742,1,round,1
convenience_meals,hyperclovax,5156742,1,garnish,1
convenience_meals,hyperclovax,5156742,1,green,1
convenience_meals,hyperclovax,5156742,1,onion,1
convenience_meals,hyperclovax,5156742,1,possibly,1
convenience_meals,hyperclovax,5156742,1,vegetable,1
convenience_meals,hyperclovax,5156742,1,present,1
convenience_meals,hyperclovax,5156742,1,simple,1
convenience_meals,hyperclovax,5156742,1,clean,1
convenience_meals,hyperclovax,5156742,1,manner,1
convenience_meals,hyperclovax,5156742,1,focus,1
convenience_meals,hyperclovax,5156742,1,additional,1
convenience_meals,hyperclovax,5156742,1,context,1
convenience_meals,hyperclovax,5156742,1,element,1
convenience_meals,hyperclovax,5156742,2,main,1
convenience_meals,hyperclovax,5156742,2,food,2
convenience_meals,hyperclovax,5156742,2,bowl,2
convenience_meals,hyperclovax,5156742,2,spicy,2
convenience_meals,hyperclovax,5156742,2,korean,3
convenience_meals,hyperclovax,5156742,2,noodle,2
convenience_meals,hyperclovax,5156742,2,dish,3
convenience_meals,hyperclovax,5156742,2,rich,1
convenience_meals,hyperclovax,5156742,2,red,1
convenience_meals,hyperclovax,5156742,2,orange,1
convenience_meals,hyperclovax,5156742,2,broth,3
convenience_meals,hyperclovax,5156742,2,likely,1
convenience_meals,hyperclovax,5156742,2,context,1
convenience_meals,hyperclovax,5156742,2,cuisine,1
convenience_meals,hyperclovax,5156742,2,thick,1
convenience_meals,hyperclovax,5156742,2,coat,1
convenience_meals,hyperclovax,5156742,2,visible,1
convenience_meals,hyperclovax,5156742,2,piece,1
convenience_meals,hyperclovax,5156742,2,meat,1
convenience_meals,hyperclovax,5156742,2,vegetable,2
convenience_meals,hyperclovax,5156742,2,carrot,1
convenience_meals,hyperclovax,5156742,2,mushroom,1
convenience_meals,hyperclovax,5156742,2,cut,1
convenience_meals,hyperclovax,5156742,2,thin,1
convenience_meals,hyperclovax,5156742,2,strip,1
convenience_meals,hyperclovax,5156742,2,mixed,1
convenience_meals,hyperclovax,5156742,2,add,1
convenience_meals,hyperclovax,5156742,2,colorful,1
convenience_meals,hyperclovax,5156742,2,presentation,1
convenience_meals,hyperclovax,5156742,2,serve,1
convenience_meals,hyperclovax,5156742,2,white,1
convenience_meals,hyperclovax,5156742,2,textured,1
convenience_meals,hyperclovax,5156742,2,rim,1
convenience_meals,hyperclovax,5156742,2,plain,1
convenience_meals,hyperclovax,5156742,2,light,1
convenience_meals,hyperclovax,5156742,2,colored,1
convenience_meals,hyperclovax,5156742,2,surface,1
convenience_meals,hyperclovax,5156742,2,highlight,1
convenience_meals,hyperclovax,5156742,2,distraction,1
convenience_meals,hyperclovax,5156742,2,overall,1
convenience_meals,hyperclovax,5156742,2,appearance,1
convenience_meals,hyperclovax,5156742,2,suggest,1
convenience_meals,hyperclovax,5156742,2,hearty,1
convenience_meals,hyperclovax,5156742,2,flavorful,1
convenience_meals,hyperclovax,5156742,2,meal,1
convenience_meals,hyperclovax,5156742,2,typical,1
convenience_meals,hyperclovax,5156742,2,raman,1
vegetables,hyperclovax,1000079725,1,main,1
vegetables,hyperclovax,1000079725,1,food,1
vegetables,hyperclovax,1000079725,1,product,3
vegetables,hyperclovax,1000079725,1,sweet,5
vegetables,hyperclovax,1000079725,1,potato,5
vegetables,hyperclovax,1000079725,1,cardboard,1
vegetables,hyperclovax,1000079725,1,box,3
vegetables,hyperclovax,1000079725,1,divide,1
vegetables,hyperclovax,1000079725,1,2,1
vegetables,hyperclovax,1000079725,1,section,1
vegetables,hyperclovax,1000079725,1,green,1
vegetables,hyperclovax,1000079725,1,orange,1
vegetables,hyperclovax,1000079725,1,round,1
vegetables,hyperclovax,1000079725,1,reddish,1
vegetables,hyperclovax,1000079725,1,purple,1
vegetables,hyperclovax,1000079725,1,skin,1
vegetables,hyperclovax,1000079725,1,indicate,1
vegetables,hyperclovax,1000079725,1,likely,1
vegetables,hyperclovax,1000079725,1,red,1
vegetables,hyperclovax,1000079725,1,variety,1
vegetables,hyperclovax,1000079725,1,packaging,2
vegetables,hyperclovax,1000079725,1,prominently,1
vegetables,hyperclovax,1000079725,1,brand,1
vegetables,hyperclovax,1000079725,1,탑마루,1
vegetables,hyperclovax,1000079725,1,weight,1
vegetables,hyperclovax,1000079725,1,1_5_kg,1
vegetables,hyperclovax,1000079725,1,korean,1
vegetables,hyperclovax,1000079725,1,english,1
vegetables,hyperclovax,1000079725,1,text,1
vegetables,hyperclovax,1000079725,1,include,1
vegetables,hyperclovax,1000079725,1,탑마루_익산_꿀_밤고구마,1
vegetables,hyperclovax,1000079725,1,suggest,1
vegetables,hyperclovax,1000079725,1,seasonal,1
vegetables,hyperclovax,1000079725,1,market,1
vegetables,hyperclovax,1000079725,1,available,1
vegetables,hyperclovax,1000079725,1,overall,1
vegetables,hyperclovax,1000079725,1,arrangement,1
vegetables,hyperclovax,1000079725,1,neatly,1
vegetables,hyperclovax,1000079725,1,pack,1
vegetables,hyperclovax,1000079725,1,overlap,1
vegetables,hyperclovax,1000079725,1,flat,1
vegetables,hyperclovax,1000079725,1,surface,1
vegetables,hyperclovax,1000079725,2,main,1
vegetables,hyperclovax,1000079725,2,food,1
vegetables,hyperclovax,1000079725,2,product,2
vegetables,hyperclovax,1000079725,2,sweet,3
vegetables,hyperclovax,1000079725,2,potato,3
vegetables,hyperclovax,1000079725,2,reddish,1
vegetables,hyperclovax,1000079725,2,purple,1
vegetables,hyperclovax,1000079725,2,color,2
vegetables,hyperclovax,1000079725,2,smooth,1
vegetables,hyperclovax,1000079725,2,slightly,1
vegetables,hyperclovax,1000079725,2,shiny,1
vegetables,hyperclovax,1000079725,2,surface,1
vegetables,hyperclovax,1000079725,2,arrange,1
vegetables,hyperclovax,1000079725,2,cardboard,1
vegetables,hyperclovax,1000079725,2,box,3
vegetables,hyperclovax,1000079725,2,cut,1
vegetables,hyperclovax,1000079725,2,open,1
vegetables,hyperclovax,1000079725,2,reveal,1
vegetables,hyperclovax,1000079725,2,pale,1
vegetables,hyperclovax,1000079725,2,yellow,1
vegetables,hyperclovax,1000079725,2,flesh,1
vegetables,hyperclovax,1000079725,2,inside,1
vegetables,hyperclovax,1000079725,2,packaging,1
vegetables,hyperclovax,1000079725,2,combination,1
vegetables,hyperclovax,1000079725,2,green,2
vegetables,hyperclovax,1000079725,2,orange,3
vegetables,hyperclovax,1000079725,2,brand,1
vegetables,hyperclovax,1000079725,2,탑마루,1
vegetables,hyperclovax,1000079725,2,visible,1
vegetables,hyperclovax,1000079725,2,side,2
vegetables,hyperclovax,1000079725,2,weight,1
vegetables,hyperclovax,1000079725,2,indicate,1
vegetables,hyperclovax,1000079725,2,1.5kg,1
vegetables,hyperclovax,1000079725,2,overall,1
vegetables,hyperclovax,1000079725,2,appearance,1
vegetables,hyperclovax,1000079725,2,suggest,1
vegetables,hyperclovax,1000079725,2,fresh,1
vegetables,hyperclovax,1000079725,2,ready,1
vegetables,hyperclovax,1000079725,2,consumption,1
vegetables,hyperclovax,1000079725,2,sale,1
vegetables,hyperclovax,1000118036,1,main,1
vegetables,hyperclovax,1000118036,1,food,2
vegetables,hyperclovax,1000118036,1,product,4
vegetables,hyperclovax,1000118036,1,package,1
vegetables,hyperclovax,1000118036,1,item,1
vegetables,hyperclovax,1000118036,1,label,1
vegetables,hyperclovax,1000118036,1,참좋은_다진마늘,1
vegetables,hyperclovax,1000118036,1,packaging,3
vegetables,hyperclovax,1000118036,1,rectangular,1
vegetables,hyperclovax,1000118036,1,transparent,1
vegetables,hyperclovax,1000118036,1,plastic,1
vegetables,hyperclovax,1000118036,1,bag,1
vegetables,hyperclovax,1000118036,1,white,1
vegetables,hyperclovax,1000118036,1,yellowish,1
vegetables,hyperclovax,1000118036,1,brown,1
vegetables,hyperclovax,1000118036,1,color,2
vegetables,hyperclovax,1000118036,1,diced,1
vegetables,hyperclovax,1000118036,1,garlic,3
vegetables,hyperclovax,1000118036,1,inside,1
vegetables,hyperclovax,1000118036,1,surface,1
vegetables,hyperclovax,1000118036,1,texture,1
vegetables,hyperclovax,1000118036,1,finely,1
vegetables,hyperclovax,1000118036,1,dice,1
vegetables,hyperclovax,1000118036,1,small,2
vegetables,hyperclovax,1000118036,1,uniform,1
vegetables,hyperclovax,1000118036,1,piece,1
vegetables,hyperclovax,1000118036,1,text,2
vegetables,hyperclovax,1000118036,1,korean,2
vegetables,hyperclovax,1000118036,1,prominently,1
vegetables,hyperclovax,1000118036,1,red,1
vegetables,hyperclovax,1000118036,1,black,1
vegetables,hyperclovax,1000118036,1,include,1
vegetables,hyperclovax,1000118036,1,graphic,1
vegetables,hyperclovax,1000118036,1,bulb,1
vegetables,hyperclovax,1000118036,1,additional,1
vegetables,hyperclovax,1000118036,1,likely,1
vegetables,hyperclovax,1000118036,1,describe,1
vegetables,hyperclovax,1000118036,1,usage,1
vegetables,hyperclovax,1000118036,1,instruction,1
vegetables,hyperclovax,1000118036,1,weight,1
vegetables,hyperclovax,1000118036,1,indicate,1
vegetables,hyperclovax,1000118036,1,500g,1
vegetables,hyperclovax,1000118036,2,main,1
vegetables,hyperclovax,1000118036,2,food,1
vegetables,hyperclovax,1000118036,2,finely,2
vegetables,hyperclovax,1000118036,2,mince,1
vegetables,hyperclovax,1000118036,2,garlic,4
vegetables,hyperclovax,1000118036,2,light,3
vegetables,hyperclovax,1000118036,2,yellow,1
vegetables,hyperclovax,1000118036,2,color,2
vegetables,hyperclovax,1000118036,2,smooth,1
vegetables,hyperclovax,1000118036,2,slightly,2
vegetables,hyperclovax,1000118036,2,translucent,1
vegetables,hyperclovax,1000118036,2,texture,1
vegetables,hyperclovax,1000118036,2,indicate,1
vegetables,hyperclovax,1000118036,2,chop,1
vegetables,hyperclovax,1000118036,2,small,1
vegetables,hyperclovax,1000118036,2,round,1
vegetables,hyperclovax,1000118036,2,ceramic,1
vegetables,hyperclovax,1000118036,2,bowl,2
vegetables,hyperclovax,1000118036,2,beige,1
vegetables,hyperclovax,1000118036,2,dark,1
vegetables,hyperclovax,1000118036,2,rim,1
vegetables,hyperclovax,1000118036,2,plain,1
vegetables,hyperclovax,1000118036,2,gray,1
vegetables,hyperclovax,1000118036,2,surface,1
vegetables,hyperclovax,1000118036,2,focus,1
vegetables,hyperclovax,1000118036,2,solely,1
vegetables,hyperclovax,1000118036,2,additional,1
vegetables,hyperclovax,1000118036,2,context,1
vegetables,hyperclovax,1000118036,2,element,1
vegetables,hyperclovax,1000118036,2,suggest,1
vegetables,hyperclovax,1000118036,2,broad,1
vegetables,hyperclovax,1000118036,2,setting,1
vegetables,hyperclovax,1000118036,2,use,1
vegetables,hyperclovax,1000120872,1,main,1
vegetables,hyperclovax,1000120872,1,food,1
vegetables,hyperclovax,1000120872,1,product,1
vegetables,hyperclovax,1000120872,1,bean,1
vegetables,hyperclovax,1000120872,1,sprout,4
vegetables,hyperclovax,1000120872,1,white,2
vegetables,hyperclovax,1000120872,1,yellow,2
vegetables,hyperclovax,1000120872,1,tip,2
vegetables,hyperclovax,1000120872,1,indicate,1
vegetables,hyperclovax,1000120872,1,fresh,2
vegetables,hyperclovax,1000120872,1,uncooked,1
vegetables,hyperclovax,1000120872,1,state,1
vegetables,hyperclovax,1000120872,1,arrange,1
vegetables,hyperclovax,1000120872,1,dense,1
vegetables,hyperclovax,1000120872,1,tangle,1
vegetables,hyperclovax,1000120872,1,mass,1
vegetables,hyperclovax,1000120872,1,round,1
vegetables,hyperclovax,1000120872,1,plate,1
vegetables,hyperclovax,1000120872,1,contrast,1
vegetables,hyperclovax,1000120872,1,light,1
vegetables,hyperclovax,1000120872,1,gray,1
vegetables,hyperclovax,1000120872,1,exhibit,1
vegetables,hyperclovax,1000120872,1,natural,1
vegetables,hyperclovax,1000120872,1,organic,1
vegetables,hyperclovax,1000120872,1,texture,1
vegetables,hyperclovax,1000120872,1,visible,2
vegetables,hyperclovax,1000120872,1,green,1
vegetables,hyperclovax,1000120872,1,small,1
vegetables,hyperclovax,1000120872,1,seed,1
vegetables,hyperclovax,1000120872,1,end,1
vegetables,hyperclovax,1000120872,1,stem,1
vegetables,hyperclovax,1000120872,1,packaging,1
vegetables,hyperclovax,1000120872,1,detail,1
vegetables,hyperclovax,1000120872,1,brand,1
vegetables,hyperclovax,1000120872,1,likely,1
vegetables,hyperclovax,1000120872,1,intend,1
vegetables,hyperclovax,1000120872,1,culinary,1
vegetables,hyperclovax,1000120872,1,use,1
vegetables,hyperclovax,1000120872,1,salad,1
vegetables,hyperclovax,1000120872,1,garnish,1
vegetables,hyperclovax,1000120872,2,main,1
vegetables,hyperclovax,1000120872,2,food,1
vegetables,hyperclovax,1000120872,2,product,1
vegetables,hyperclovax,1000120872,2,bean,1
vegetables,hyperclovax,1000120872,2,sprout,4
vegetables,hyperclovax,1000120872,2,white,2
vegetables,hyperclovax,1000120872,2,yellow,1
vegetables,hyperclovax,1000120872,2,seed,1
vegetables,hyperclovax,1000120872,2,slightly,1
vegetables,hyperclovax,1000120872,2,wrinkle,1
vegetables,hyperclovax,1000120872,2,texture,2
vegetables,hyperclovax,1000120872,2,arrange,1
vegetables,hyperclovax,1000120872,2,loose,1
vegetables,hyperclovax,1000120872,2,pile,1
vegetables,hyperclovax,1000120872,2,bowl,1
vegetables,hyperclovax,1000120872,2,light,1
vegetables,hyperclovax,1000120872,2,gray,1
vegetables,hyperclovax,1000120872,2,surface,1
vegetables,hyperclovax,1000120872,2,fresh,1
vegetables,hyperclovax,1000120872,2,focal,1
vegetables,hyperclovax,1000120872,2,point,1
vegetables,hyperclovax,1000120872,2,natural,1
vegetables,hyperclovax,1000120872,2,color,1
vegetables,hyperclovax,1000120872,2,clearly,1
vegetables,hyperclovax,1000120872,2,visible,1
vegetables,hyperclovax,1000120884,1,main,1
vegetables,hyperclovax,1000120884,1,food,1
vegetables,hyperclovax,1000120884,1,bunch,1
vegetables,hyperclovax,1000120884,1,fresh,1
vegetables,hyperclovax,1000120884,1,arugula,3
vegetables,hyperclovax,1000120884,1,vibrant,1
vegetables,hyperclovax,1000120884,1,green,3
vegetables,hyperclovax,1000120884,1,color,2
vegetables,hyperclovax,1000120884,1,small,1
vegetables,hyperclovax,1000120884,1,serrate,1
vegetables,hyperclovax,1000120884,1,leaf,3
vegetables,hyperclovax,1000120884,1,slightly,1
vegetables,hyperclovax,1000120884,1,crinkle,1
vegetables,hyperclovax,1000120884,1,texture,1
vegetables,hyperclovax,1000120884,1,stem,1
vegetables,hyperclovax,1000120884,1,thin,1
vegetables,hyperclovax,1000120884,1,arrange,1
vegetables,hyperclovax,1000120884,1,dense,1
vegetables,hyperclovax,1000120884,1,cluster,1
vegetables,hyperclovax,1000120884,1,white,1
vegetables,hyperclovax,1000120884,1,cloth,1
vegetables,hyperclovax,1000120884,1,serve,1
vegetables,hyperclovax,1000120884,1,contrast,1
vegetables,hyperclovax,1000120884,2,main,1
vegetables,hyperclovax,1000120884,2,food,1
vegetables,hyperclovax,1000120884,2,fresh,2
vegetables,hyperclovax,1000120884,2,arugula,3
vegetables,hyperclovax,1000120884,2,leaf,4
vegetables,hyperclovax,1000120884,2,green,1
vegetables,hyperclovax,1000120884,2,slightly,1
vegetables,hyperclovax,1000120884,2,serrate,1
vegetables,hyperclovax,1000120884,2,edge,2
vegetables,hyperclovax,1000120884,2,crinkle,1
vegetables,hyperclovax,1000120884,2,texture,2
vegetables,hyperclovax,1000120884,2,arrange,1
vegetables,hyperclovax,1000120884,2,loose,1
vegetables,hyperclovax,1000120884,2,pile,1
vegetables,hyperclovax,1000120884,2,white,1
vegetables,hyperclovax,1000120884,2,textured,1
vegetables,hyperclovax,1000120884,2,surface,1
vegetables,hyperclovax,1000120884,2,cloth,1
vegetables,hyperclovax,1000120884,2,paper,1
vegetables,hyperclovax,1000120884,2,towel,1
vegetables,hyperclovax,1000120884,2,vary,1
vegetables,hyperclovax,1000120884,2,size,1
vegetables,hyperclovax,1000120884,2,large,1
vegetables,hyperclovax,1000120884,2,prominent,1
vegetables,hyperclovax,1000120884,2,center,1
vegetables,hyperclovax,1000120884,2,small,1
vegetables,hyperclovax,1000120884,2,spread,1
vegetables,hyperclovax,1000120884,2,focus,1
vegetables,hyperclovax,1000120884,2,solely,1
vegetables,hyperclovax,1000120884,2,highlight,1
vegetables,hyperclovax,1000120884,2,natural,1
vegetables,hyperclovax,1000120884,2,color,1
vegetables,hyperclovax,1000120884,2,additional,1
vegetables,hyperclovax,1000120884,2,embellishment,1
vegetables,hyperclovax,1000120884,2,distraction,1
vegetables,hyperclovax,1000178619,1,main,1
vegetables,hyperclovax,1000178619,1,food,1
vegetables,hyperclovax,1000178619,1,collection,1
vegetables,hyperclovax,1000178619,1,bell,8
vegetables,hyperclovax,1000178619,1,pepper,9
vegetables,hyperclovax,1000178619,1,4,1
vegetables,hyperclovax,1000178619,1,total,1
vegetables,hyperclovax,1000178619,1,distinct,1
vegetables,hyperclovax,1000178619,1,color,3
vegetables,hyperclovax,1000178619,1,red,2
vegetables,hyperclovax,1000178619,1,yellow,4
vegetables,hyperclovax,1000178619,1,orange,2
vegetables,hyperclovax,1000178619,1,green,3
vegetables,hyperclovax,1000178619,1,position,1
vegetables,hyperclovax,1000178619,1,upper,2
vegetables,hyperclovax,1000178619,1,left,2
vegetables,hyperclovax,1000178619,1,corner,4
vegetables,hyperclovax,1000178619,1,right,2
vegetables,hyperclovax,1000178619,1,bottom,2
vegetables,hyperclovax,1000178619,1,surface,1
vegetables,hyperclovax,1000178619,1,texture,1
vegetables,hyperclovax,1000178619,1,smooth,1
vegetables,hyperclovax,1000178619,1,glossy,1
vegetables,hyperclovax,1000178619,1,reflect,1
vegetables,hyperclovax,1000178619,1,light,1
vegetables,hyperclovax,1000178619,1,slightly,1
vegetables,hyperclovax,1000178619,1,suggest,1
vegetables,hyperclovax,1000178619,1,fresh,1
vegetables,hyperclovax,1000178619,1,packaging,1
vegetables,hyperclovax,1000178619,1,visible,1
vegetables,hyperclovax,1000178619,1,focus,1
vegetables,hyperclovax,1000178619,1,solely,1
vegetables,hyperclovax,1000178619,1,solid,1
vegetables,hyperclovax,1000178619,1,provide,1
vegetables,hyperclovax,1000178619,1,neutral,1
vegetables,hyperclovax,1000178619,1,backdrop,1
vegetables,hyperclovax,1000178619,1,highlight,1
vegetables,hyperclovax,1000178619,2,main,1
vegetables,hyperclovax,1000178619,2,food,1
vegetables,hyperclovax,1000178619,2,collection,1
vegetables,hyperclovax,1000178619,2,bell,6
vegetables,hyperclovax,1000178619,2,pepper,7
vegetables,hyperclovax,1000178619,2,4,1
vegetables,hyperclovax,1000178619,2,arrange,1
vegetables,hyperclovax,1000178619,2,row,1
vegetables,hyperclovax,1000178619,2,solid,1
vegetables,hyperclovax,1000178619,2,green,4
vegetables,hyperclovax,1000178619,2,left,1
vegetables,hyperclovax,1000178619,2,right,1
vegetables,hyperclovax,1000178619,2,yellow,2
vegetables,hyperclovax,1000178619,2,slightly,2
vegetables,hyperclovax,1000178619,2,curved,2
vegetables,hyperclovax,1000178619,2,shape,2
vegetables,hyperclovax,1000178619,2,stem,4
vegetables,hyperclovax,1000178619,2,second,1
vegetables,hyperclovax,1000178619,2,red,1
vegetables,hyperclovax,1000178619,2,smooth,2
vegetables,hyperclovax,1000178619,2,glossy,2
vegetables,hyperclovax,1000178619,2,surface,2
vegetables,hyperclovax,1000178619,2,orange,1
vegetables,hyperclovax,1000178619,2,small,2
vegetables,hyperclovax,1000178619,2,brown,2
vegetables,hyperclovax,1000178619,2,fourth,1
vegetables,hyperclovax,1000178619,2,arrangement,1
vegetables,hyperclovax,1000178619,2,simple,1
vegetables,hyperclovax,1000178619,2,clear,1
vegetables,hyperclovax,1000178619,2,distinctly,1
vegetables,hyperclovax,1000178619,2,visible,1
vegetables,hyperclovax,1000178619,2,uniform,1
vegetables,hyperclovax,1000178619,2,backdrop,1
vegetables,hyperclovax,1000258072,1,main,1
vegetables,hyperclovax,1000258072,1,food,1
vegetables,hyperclovax,1000258072,1,product,1
vegetables,hyperclovax,1000258072,1,fresh,1
vegetables,hyperclovax,1000258072,1,green,2
vegetables,hyperclovax,1000258072,1,lettuce,2
vegetables,hyperclovax,1000258072,1,leave,1
vegetables,hyperclovax,1000258072,1,arrange,1
vegetables,hyperclovax,1000258072,1,3,1
vegetables,hyperclovax,1000258072,1,distinct,1
vegetables,hyperclovax,1000258072,1,layer,3
vegetables,hyperclovax,1000258072,1,top,1
vegetables,hyperclovax,1000258072,1,small,1
vegetables,hyperclovax,1000258072,1,bottom,1
vegetables,hyperclovax,1000258072,1,large,1
vegetables,hyperclovax,1000258072,1,leaf,2
vegetables,hyperclovax,1000258072,1,exhibit,1
vegetables,hyperclovax,1000258072,1,vibrant,1
vegetables,hyperclovax,1000258072,1,color,1
vegetables,hyperclovax,1000258072,1,visible,1
vegetables,hyperclovax,1000258072,1,vein,1
vegetables,hyperclovax,1000258072,1,slightly,1
vegetables,hyperclovax,1000258072,1,crinkle,1
vegetables,hyperclovax,1000258072,1,texture,1
vegetables,hyperclovax,1000258072,1,position,1
vegetables,hyperclovax,1000258072,1,flat,1
vegetables,hyperclovax,1000258072,1,light,1
vegetables,hyperclovax,1000258072,1,blue,1
vegetables,hyperclovax,1000258072,1,showcase,1
vegetables,hyperclovax,1000258072,1,natural,1
vegetables,hyperclovax,1000258072,1,curve,1
vegetables,hyperclovax,1000258072,1,edge,1
vegetables,hyperclovax,1000258072,2,main,1
vegetables,hyperclovax,1000258072,2,food,1
vegetables,hyperclovax,1000258072,2,product,1
vegetables,hyperclovax,1000258072,2,fresh,2
vegetables,hyperclovax,1000258072,2,lettuce,2
vegetables,hyperclovax,1000258072,2,leaf,3
vegetables,hyperclovax,1000258072,2,green,3
vegetables,hyperclovax,1000258072,2,slightly,2
vegetables,hyperclovax,1000258072,2,light,1
vegetables,hyperclovax,1000258072,2,center,1
vegetables,hyperclovax,1000258072,2,dark,1
vegetables,hyperclovax,1000258072,2,edge,1
vegetables,hyperclovax,1000258072,2,crinkle,1
vegetables,hyperclovax,1000258072,2,texture,1
vegetables,hyperclovax,1000258072,2,glossy,1
vegetables,hyperclovax,1000258072,2,surface,1
vegetables,hyperclovax,1000258072,2,arrange,1
vegetables,hyperclovax,1000258072,2,loose,1
vegetables,hyperclovax,1000258072,2,pile,1
vegetables,hyperclovax,1000258072,2,overlap,1
vegetables,hyperclovax,1000258072,2,crisp,1
vegetables,hyperclovax,1000441195,1,main,1
vegetables,hyperclovax,1000441195,1,food,1
vegetables,hyperclovax,1000441195,1,product,1
vegetables,hyperclovax,1000441195,1,sweet,2
vegetables,hyperclovax,1000441195,1,potato,2
vegetables,hyperclovax,1000441195,1,round,1
vegetables,hyperclovax,1000441195,1,tuberous,1
vegetables,hyperclovax,1000441195,1,vegetable,1
vegetables,hyperclovax,1000441195,1,smooth,1
vegetables,hyperclovax,1000441195,1,slightly,1
vegetables,hyperclovax,1000441195,1,shiny,1
vegetables,hyperclovax,1000441195,1,surface,1
vegetables,hyperclovax,1000441195,1,exhibit,1
vegetables,hyperclovax,1000441195,1,reddish,1
vegetables,hyperclovax,1000441195,1,brown,1
vegetables,hyperclovax,1000441195,1,color,2
vegetables,hyperclovax,1000441195,1,natural,2
vegetables,hyperclovax,1000441195,1,variation,1
vegetables,hyperclovax,1000441195,1,shade,1
vegetables,hyperclovax,1000441195,1,texture,1
vegetables,hyperclovax,1000441195,1,indicate,1
vegetables,hyperclovax,1000441195,1,organic,1
vegetables,hyperclovax,1000441195,1,nature,1
vegetables,hyperclovax,1000441195,1,arrange,1
vegetables,hyperclovax,1000441195,1,circular,1
vegetables,hyperclovax,1000441195,1,pattern,1
vegetables,hyperclovax,1000441195,1,white,1
vegetables,hyperclovax,1000441195,1,bowl,1
vegetables,hyperclovax,1000441195,1,contrast,1
vegetables,hyperclovax,1000441195,1,gray,1
vegetables,hyperclovax,1000441195,1,highlight,1
vegetables,hyperclovax,1000441195,1,vibrant,1
vegetables,hyperclovax,1000441195,1,curve,1
vegetables,hyperclovax,1000441195,2,main,1
vegetables,hyperclovax,1000441195,2,food,1
vegetables,hyperclovax,1000441195,2,sweet,4
vegetables,hyperclovax,1000441195,2,potato,4
vegetables,hyperclovax,1000441195,2,black,1
vegetables,hyperclovax,1000441195,2,pot,2
vegetables,hyperclovax,1000441195,2,red,1
vegetables,hyperclovax,1000441195,2,handle,1
vegetables,hyperclovax,1000441195,2,showcase,1
vegetables,hyperclovax,1000441195,2,rich,1
vegetables,hyperclovax,1000441195,2,brown,1
vegetables,hyperclovax,1000441195,2,color,3
vegetables,hyperclovax,1000441195,2,natural,2
vegetables,hyperclovax,1000441195,2,imperfection,1
vegetables,hyperclovax,1000441195,2,skin,1
vegetables,hyperclovax,1000441195,2,center,1
vegetables,hyperclovax,1000441195,2,partially,1
vegetables,hyperclovax,1000441195,2,peel,1
vegetables,hyperclovax,1000441195,2,reveal,1
vegetables,hyperclovax,1000441195,2,bright,1
vegetables,hyperclovax,1000441195,2,yellow,1
vegetables,hyperclovax,1000441195,2,flesh,1
vegetables,hyperclovax,1000441195,2,inside,1
vegetables,hyperclovax,1000441195,2,indicate,1
vegetables,hyperclovax,1000441195,2,soft,1
vegetables,hyperclovax,1000441195,2,moist,1
vegetables,hyperclovax,1000441195,2,texture,1
vegetables,hyperclovax,1000441195,2,arrangement,1
vegetables,hyperclovax,1000441195,2,compact,1
vegetables,hyperclovax,1000441195,2,overlap,1
vegetables,hyperclovax,1000441195,2,way,1
vegetables,hyperclovax,1000441195,2,highlight,1
vegetables,hyperclovax,1000441195,2,curve,1
vegetables,hyperclovax,1000441195,2,shape,1
vegetables,hyperclovax,1000441195,2,neutral,1
vegetables,hyperclovax,1000441195,2,light,1
vegetables,hyperclovax,1000441195,2,gray,1
vegetables,hyperclovax,1000441195,2,surface,1
vegetables,hyperclovax,1000441195,2,contrast,1
vegetables,hyperclovax,1000441195,2,dark,1
vegetables,hyperclovax,1000441195,2,vibrant,1
vegetables,hyperclovax,1000443684,1,main,1
vegetables,hyperclovax,1000443684,1,food,1
vegetables,hyperclovax,1000443684,1,fresh,3
vegetables,hyperclovax,1000443684,1,salad,3
vegetables,hyperclovax,1000443684,1,green,6
vegetables,hyperclovax,1000443684,1,consist,1
vegetables,hyperclovax,1000443684,1,type,1
vegetables,hyperclovax,1000443684,1,leafy,1
vegetables,hyperclovax,1000443684,1,vegetable,1
vegetables,hyperclovax,1000443684,1,include,1
vegetables,hyperclovax,1000443684,1,romaine,1
vegetables,hyperclovax,1000443684,1,lettuce,1
vegetables,hyperclovax,1000443684,1,arugula,1
vegetables,hyperclovax,1000443684,1,possibly,1
vegetables,hyperclovax,1000443684,1,mixed,1
vegetables,hyperclovax,1000443684,1,leaf,3
vegetables,hyperclovax,1000443684,1,vibrant,1
vegetables,hyperclovax,1000443684,1,dark,1
vegetables,hyperclovax,1000443684,1,reddish,1
vegetables,hyperclovax,1000443684,1,brown,1
vegetables,hyperclovax,1000443684,1,intersperse,1
vegetables,hyperclovax,1000443684,1,indicate,1
vegetables,hyperclovax,1000443684,1,mix,1
vegetables,hyperclovax,1000443684,1,different,1
vegetables,hyperclovax,1000443684,1,variety,1
vegetables,hyperclovax,1000443684,1,arrange,1
vegetables,hyperclovax,1000443684,1,2,1
vegetables,hyperclovax,1000443684,1,white,1
vegetables,hyperclovax,1000443684,1,bowl,2
vegetables,hyperclovax,1000443684,1,side,2
vegetables,hyperclovax,1000443684,1,light,1
vegetables,hyperclovax,1000443684,1,gray,1
vegetables,hyperclovax,1000443684,1,surface,1
vegetables,hyperclovax,1000443684,1,slightly,1
vegetables,hyperclovax,1000443684,1,overlap,1
vegetables,hyperclovax,1000443684,1,texture,1
vegetables,hyperclovax,1000443684,1,crisp,1
vegetables,hyperclovax,1000443684,1,visible,1
vegetables,hyperclovax,1000443684,1,vein,1
vegetables,hyperclovax,1000443684,1,edge,1
vegetables,hyperclovax,1000443684,1,suggest,1
vegetables,hyperclovax,1000443684,1,wilt,1
vegetables,hyperclovax,1000443684,2,main,1
vegetables,hyperclovax,1000443684,2,food,1
vegetables,hyperclovax,1000443684,2,fresh,3
vegetables,hyperclovax,1000443684,2,salad,3
vegetables,hyperclovax,1000443684,2,green,6
vegetables,hyperclovax,1000443684,2,consist,1
vegetables,hyperclovax,1000443684,2,type,1
vegetables,hyperclovax,1000443684,2,leafy,1
vegetables,hyperclovax,1000443684,2,vegetable,1
vegetables,hyperclovax,1000443684,2,include,1
vegetables,hyperclovax,1000443684,2,romaine,1
vegetables,hyperclovax,1000443684,2,lettuce,1
vegetables,hyperclovax,1000443684,2,arugula,1
vegetables,hyperclovax,1000443684,2,possibly,2
vegetables,hyperclovax,1000443684,2,mixed,1
vegetables,hyperclovax,1000443684,2,leaf,3
vegetables,hyperclovax,1000443684,2,vibrant,1
vegetables,hyperclovax,1000443684,2,dark,1
vegetables,hyperclovax,1000443684,2,reddish,1
vegetables,hyperclovax,1000443684,2,brown,1
vegetables,hyperclovax,1000443684,2,intersperse,1
vegetables,hyperclovax,1000443684,2,indicate,1
vegetables,hyperclovax,1000443684,2,mix,1
vegetables,hyperclovax,1000443684,2,different,1
vegetables,hyperclovax,1000443684,2,variety,1
vegetables,hyperclovax,1000443684,2,arrange,1
vegetables,hyperclovax,1000443684,2,2,1
vegetables,hyperclovax,1000443684,2,white,1
vegetables,hyperclovax,1000443684,2,bowl,1
vegetables,hyperclovax,1000443684,2,large,1
vegetables,hyperclovax,1000443684,2,small,1
vegetables,hyperclovax,1000443684,2,plain,1
vegetables,hyperclovax,1000443684,2,light,1
vegetables,hyperclovax,1000443684,2,gray,1
vegetables,hyperclovax,1000443684,2,surface,1
vegetables,hyperclovax,1000443684,2,texture,1
vegetables,hyperclovax,1000443684,2,crisp,1
vegetables,hyperclovax,1000443684,2,visible,1
vegetables,hyperclovax,1000443684,2,vein,1
vegetables,hyperclovax,1000443684,2,slightly,1
vegetables,hyperclovax,1000443684,2,ruffle,1
vegetables,hyperclovax,1000443684,2,edge,1
vegetables,hyperclovax,1000443684,2,suggest,1
vegetables,hyperclovax,1000443684,2,recently,1
vegetables,hyperclovax,1000443684,2,wash,1
vegetables,hyperclovax,1000661274,1,main,1
vegetables,hyperclovax,1000661274,1,food,1
vegetables,hyperclovax,1000661274,1,product,3
vegetables,hyperclovax,1000661274,1,frozen,1
vegetables,hyperclovax,1000661274,1,vegetable,3
vegetables,hyperclovax,1000661274,1,mix,1
vegetables,hyperclovax,1000661274,1,packaging,4
vegetables,hyperclovax,1000661274,1,predominantly,1
vegetables,hyperclovax,1000661274,1,green,1
vegetables,hyperclovax,1000661274,1,print,1
vegetables,hyperclovax,1000661274,1,content,2
vegetables,hyperclovax,1000661274,1,inside,1
vegetables,hyperclovax,1000661274,1,include,2
vegetables,hyperclovax,1000661274,1,broccoli,1
vegetables,hyperclovax,1000661274,1,cauliflower,1
vegetables,hyperclovax,1000661274,1,carrot,1
vegetables,hyperclovax,1000661274,1,mixed,1
vegetables,hyperclovax,1000661274,1,text,1
vegetables,hyperclovax,1000661274,1,read,1
vegetables,hyperclovax,1000661274,1,바로_데워먹는_야채찜,1
vegetables,hyperclovax,1000661274,1,1kg,1
vegetables,hyperclovax,1000661274,1,indicate,1
vegetables,hyperclovax,1000661274,1,weight,1
vegetables,hyperclovax,1000661274,1,brand,1
vegetables,hyperclovax,1000661274,1,mixmeal,1
vegetables,hyperclovax,1000661274,1,visible,1
vegetables,hyperclovax,1000661274,1,top,1
vegetables,hyperclovax,1000661274,1,package,1
vegetables,hyperclovax,1000661274,1,nutritional,3
vegetables,hyperclovax,1000661274,1,label,2
vegetables,hyperclovax,1000661274,1,information,1
vegetables,hyperclovax,1000661274,1,calorie,1
vegetables,hyperclovax,1000661274,1,protein,1
vegetables,hyperclovax,1000661274,1,carbohydrate,1
vegetables,hyperclovax,1000661274,1,4분_조리,1
vegetables,hyperclovax,1000661274,1,overall,1
vegetables,hyperclovax,1000661274,1,design,1
vegetables,hyperclovax,1000661274,1,clean,1
vegetables,hyperclovax,1000661274,1,straightforward,1
vegetables,hyperclovax,1000661274,1,focus,1
vegetables,hyperclovax,1000661274,1,benefit,1
vegetables,hyperclovax,1000661274,2,main,1
vegetables,hyperclovax,1000661274,2,food,1
vegetables,hyperclovax,1000661274,2,plate,3
vegetables,hyperclovax,1000661274,2,assorted,1
vegetables,hyperclovax,1000661274,2,vegetable,2
vegetables,hyperclovax,1000661274,2,broccoli,3
vegetables,hyperclovax,1000661274,2,cauliflower,3
vegetables,hyperclovax,1000661274,2,pumpkin,3
vegetables,hyperclovax,1000661274,2,carrot,3
vegetables,hyperclovax,1000661274,2,green,2
vegetables,hyperclovax,1000661274,2,slightly,1
vegetables,hyperclovax,1000661274,2,rough,1
vegetables,hyperclovax,1000661274,2,texture,3
vegetables,hyperclovax,1000661274,2,white,1
vegetables,hyperclovax,1000661274,2,smooth,3
vegetables,hyperclovax,1000661274,2,surface,1
vegetables,hyperclovax,1000661274,2,piece,2
vegetables,hyperclovax,1000661274,2,yellow,1
vegetables,hyperclovax,1000661274,2,outer,1
vegetables,hyperclovax,1000661274,2,skin,1
vegetables,hyperclovax,1000661274,2,orange,1
vegetables,hyperclovax,1000661274,2,arrange,1
vegetables,hyperclovax,1000661274,2,circular,1
vegetables,hyperclovax,1000661274,2,pattern,1
vegetables,hyperclovax,1000661274,2,center,1
vegetables,hyperclovax,1000661274,2,right,1
vegetables,hyperclovax,1000661274,2,left,1
vegetables,hyperclovax,1000952172,1,main,1
vegetables,hyperclovax,1000952172,1,food,3
vegetables,hyperclovax,1000952172,1,product,4
vegetables,hyperclovax,1000952172,1,package,1
vegetables,hyperclovax,1000952172,1,item,1
vegetables,hyperclovax,1000952172,1,label,1
vegetables,hyperclovax,1000952172,1,kf365_냉동_다진_마늘,1
vegetables,hyperclovax,1000952172,1,consist,1
vegetables,hyperclovax,1000952172,1,small,1
vegetables,hyperclovax,1000952172,1,rectangular,1
vegetables,hyperclovax,1000952172,1,translucent,1
vegetables,hyperclovax,1000952172,1,container,2
vegetables,hyperclovax,1000952172,1,fill,1
vegetables,hyperclovax,1000952172,1,light,1
vegetables,hyperclovax,1000952172,1,brown,1
vegetables,hyperclovax,1000952172,1,crumbly,1
vegetables,hyperclovax,1000952172,1,substance,1
vegetables,hyperclovax,1000952172,1,likely,1
vegetables,hyperclovax,1000952172,1,type,1
vegetables,hyperclovax,1000952172,1,process,1
vegetables,hyperclovax,1000952172,1,snack,1
vegetables,hyperclovax,1000952172,1,side,1
vegetables,hyperclovax,1000952172,1,dish,1
vegetables,hyperclovax,1000952172,1,packaging,4
vegetables,hyperclovax,1000952172,1,predominantly,1
vegetables,hyperclovax,1000952172,1,white,1
vegetables,hyperclovax,1000952172,1,black,1
vegetables,hyperclovax,1000952172,1,purple,1
vegetables,hyperclovax,1000952172,1,text,1
vegetables,hyperclovax,1000952172,1,prominently,1
vegetables,hyperclovax,1000952172,1,center,1
vegetables,hyperclovax,1000952172,1,arrange,1
vegetables,hyperclovax,1000952172,1,grid,1
vegetables,hyperclovax,1000952172,1,pattern,1
vegetables,hyperclovax,1000952172,1,overall,1
vegetables,hyperclovax,1000952172,1,appearance,1
vegetables,hyperclovax,1000952172,1,suggest,1
vegetables,hyperclovax,1000952172,1,fresh,1
vegetables,hyperclovax,1000952172,1,crunchy,1
vegetables,hyperclovax,1000952172,1,texture,1
vegetables,hyperclovax,1000952172,1,include,1
vegetables,hyperclovax,1000952172,1,nutritional,1
vegetables,hyperclovax,1000952172,1,information,1
vegetables,hyperclovax,1000952172,1,detail,1
vegetables,hyperclovax,1000952172,1,net,1
vegetables,hyperclovax,1000952172,1,weight,1
vegetables,hyperclovax,1000952172,1,300g,1
vegetables,hyperclovax,1000952172,1,expiration,1
vegetables,hyperclovax,1000952172,1,date,2
vegetables,hyperclovax,1000952172,1,1,1
vegetables,hyperclovax,1000952172,1,year,1
vegetables,hyperclovax,1000952172,1,manufacture,1
vegetables,hyperclovax,1000952172,2,main,1
vegetables,hyperclovax,1000952172,2,food,3
vegetables,hyperclovax,1000952172,2,product,1
vegetables,hyperclovax,1000952172,2,crush,1
vegetables,hyperclovax,1000952172,2,garlic,1
vegetables,hyperclovax,1000952172,2,smooth,1
vegetables,hyperclovax,1000952172,2,creamy,1
vegetables,hyperclovax,1000952172,2,texture,1
vegetables,hyperclovax,1000952172,2,pale,1
vegetables,hyperclovax,1000952172,2,yellow,1
vegetables,hyperclovax,1000952172,2,color,1
vegetables,hyperclovax,1000952172,2,suggest,1
vegetables,hyperclovax,1000952172,2,ingredient,1
vegetables,hyperclovax,1000952172,2,potato,2
vegetables,hyperclovax,1000952172,2,sweet,1
vegetables,hyperclovax,1000952172,2,similar,1
vegetables,hyperclovax,1000952172,2,root,1
vegetables,hyperclovax,1000952172,2,vegetable,1
vegetables,hyperclovax,1000952172,2,packaging,2
vegetables,hyperclovax,1000952172,2,consist,1
vegetables,hyperclovax,1000952172,2,small,1
vegetables,hyperclovax,1000952172,2,white,2
vegetables,hyperclovax,1000952172,2,square,1
vegetables,hyperclovax,1000952172,2,container,2
vegetables,hyperclovax,1000952172,2,transparent,1
vegetables,hyperclovax,1000952172,2,lid,1
vegetables,hyperclovax,1000952172,2,allow,1
vegetables,hyperclovax,1000952172,2,visibility,1
vegetables,hyperclovax,1000952172,2,content,1
vegetables,hyperclovax,1000952172,2,arrange,1
vegetables,hyperclovax,1000952172,2,side,2
vegetables,hyperclovax,1000952172,2,textured,1
vegetables,hyperclovax,1000952172,2,surface,1
vegetables,hyperclovax,1000952172,2,tablecloth,1
vegetables,hyperclovax,1000952172,2,mat,1
vegetables,hyperclovax,1000952172,2,focus,1
vegetables,hyperclovax,1000952172,2,appearance,1
vegetables,hyperclovax,1000952172,2,simplicity,1
vegetables,hyperclovax,1001176677,1,main,1
vegetables,hyperclovax,1001176677,1,food,1
vegetables,hyperclovax,1001176677,1,plate,2
vegetables,hyperclovax,1001176677,1,fresh,2
vegetables,hyperclovax,1001176677,1,salad,4
vegetables,hyperclovax,1001176677,1,green,9
vegetables,hyperclovax,1001176677,1,consist,1
vegetables,hyperclovax,1001176677,1,type,1
vegetables,hyperclovax,1001176677,1,include,1
vegetables,hyperclovax,1001176677,1,romaine,1
vegetables,hyperclovax,1001176677,1,lettuce,1
vegetables,hyperclovax,1001176677,1,dark,1
vegetables,hyperclovax,1001176677,1,leaf,2
vegetables,hyperclovax,1001176677,1,light,2
vegetables,hyperclovax,1001176677,1,outer,1
vegetables,hyperclovax,1001176677,1,possibly,1
vegetables,hyperclovax,1001176677,1,mix,1
vegetables,hyperclovax,1001176677,1,leafy,1
vegetables,hyperclovax,1001176677,1,different,1
vegetables,hyperclovax,1001176677,1,texture,1
vegetables,hyperclovax,1001176677,1,shade,1
vegetables,hyperclovax,1001176677,1,white,1
vegetables,hyperclovax,1001176677,1,scalloped,1
vegetables,hyperclovax,1001176677,1,edge,1
vegetables,hyperclovax,1001176677,1,arrange,1
vegetables,hyperclovax,1001176677,1,loose,1
vegetables,hyperclovax,1001176677,1,natural,1
vegetables,hyperclovax,1001176677,1,pile,1
vegetables,hyperclovax,1001176677,1,specific,1
vegetables,hyperclovax,1001176677,1,pattern,1
vegetables,hyperclovax,1001176677,1,plain,1
vegetables,hyperclovax,1001176677,1,surface,1
vegetables,hyperclovax,1001176677,1,complement,1
vegetables,hyperclovax,1001176677,1,appearance,1
vegetables,hyperclovax,1001176677,2,main,1
vegetables,hyperclovax,1001176677,2,food,1
vegetables,hyperclovax,1001176677,2,variety,1
vegetables,hyperclovax,1001176677,2,leafy,1
vegetables,hyperclovax,1001176677,2,green,5
vegetables,hyperclovax,1001176677,2,include,1
vegetables,hyperclovax,1001176677,2,romaine,2
vegetables,hyperclovax,1001176677,2,lettuce,4
vegetables,hyperclovax,1001176677,2,red,2
vegetables,hyperclovax,1001176677,2,leaf,3
vegetables,hyperclovax,1001176677,2,color,2
vegetables,hyperclovax,1001176677,2,slightly,2
vegetables,hyperclovax,1001176677,2,crinkle,1
vegetables,hyperclovax,1001176677,2,texture,1
vegetables,hyperclovax,1001176677,2,thick,1
vegetables,hyperclovax,1001176677,2,central,1
vegetables,hyperclovax,1001176677,2,stalk,1
vegetables,hyperclovax,1001176677,2,darker,1
vegetables,hyperclovax,1001176677,2,reddish,1
vegetables,hyperclovax,1001176677,2,brown,1
vegetables,hyperclovax,1001176677,2,smooth,1
vegetables,hyperclovax,1001176677,2,glossy,1
vegetables,hyperclovax,1001176677,2,surface,1
vegetables,hyperclovax,1001176677,2,fresh,2
vegetables,hyperclovax,1001176677,2,visible,1
vegetables,hyperclovax,1001176677,2,moisture,1
vegetables,hyperclovax,1001176677,2,suggest,1
vegetables,hyperclovax,1001176677,2,recently,1
vegetables,hyperclovax,1001176677,2,wash,1
vegetables,hyperclovax,1001176677,2,arrangement,1
vegetables,hyperclovax,1001176677,2,white,1
vegetables,hyperclovax,1001176677,2,scallop,1
vegetables,hyperclovax,1001176677,2,edge,1
vegetables,hyperclovax,1001176677,2,plate,1
vegetables,hyperclovax,1001176677,2,contrast,1
vegetables,hyperclovax,1001176677,2,vibrant,1
vegetables,hyperclovax,1001176677,2,focus,1
vegetables,hyperclovax,1001176677,2,solely,1
vegetables,hyperclovax,1001176677,2,produce,1
vegetables,hyperclovax,1001176677,2,additional,1
vegetables,hyperclovax,1001176677,2,context,1
vegetables,hyperclovax,1001176677,2,element,1
vegetables,hyperclovax,1001227997,1,main,1
vegetables,hyperclovax,1001227997,1,food,1
vegetables,hyperclovax,1001227997,1,product,1
vegetables,hyperclovax,1001227997,1,onion,5
vegetables,hyperclovax,1001227997,1,whole,1
vegetables,hyperclovax,1001227997,1,light,2
vegetables,hyperclovax,1001227997,1,yellowish,1
vegetables,hyperclovax,1001227997,1,brown,1
vegetables,hyperclovax,1001227997,1,color,1
vegetables,hyperclovax,1001227997,1,green,1
vegetables,hyperclovax,1001227997,1,top,1
vegetables,hyperclovax,1001227997,1,attach,1
vegetables,hyperclovax,1001227997,1,surface,1
vegetables,hyperclovax,1001227997,1,texture,1
vegetables,hyperclovax,1001227997,1,rough,1
vegetables,hyperclovax,1001227997,1,uneven,1
vegetables,hyperclovax,1001227997,1,spot,1
vegetables,hyperclovax,1001227997,1,mark,1
vegetables,hyperclovax,1001227997,1,typical,1
vegetables,hyperclovax,1001227997,1,fresh,2
vegetables,hyperclovax,1001227997,1,arrange,1
vegetables,hyperclovax,1001227997,1,beige,1
vegetables,hyperclovax,1001227997,1,cloth,1
vegetables,hyperclovax,1001227997,1,slightly,1
vegetables,hyperclovax,1001227997,1,wrinkle,1
vegetables,hyperclovax,1001227997,1,indicate,1
vegetables,hyperclovax,1001227997,1,casually,1
vegetables,hyperclovax,1001227997,1,structured,1
vegetables,hyperclovax,1001227997,1,manner,1
vegetables,hyperclovax,1001227997,1,unpeeled,1
vegetables,hyperclovax,1001227997,1,cut,1
vegetables,hyperclovax,1001227997,1,open,1
vegetables,hyperclovax,1001227997,1,reveal,1
vegetables,hyperclovax,1001227997,1,white,1
vegetables,hyperclovax,1001227997,1,layered,1
vegetables,hyperclovax,1001227997,1,interior,1
vegetables,hyperclovax,1001227997,2,main,1
vegetables,hyperclovax,1001227997,2,food,1
vegetables,hyperclovax,1001227997,2,product,1
vegetables,hyperclovax,1001227997,2,onion,3
vegetables,hyperclovax,1001227997,2,whole,1
vegetables,hyperclovax,1001227997,2,light,2
vegetables,hyperclovax,1001227997,2,brown,1
vegetables,hyperclovax,1001227997,2,yellowish,1
vegetables,hyperclovax,1001227997,2,color,1
vegetables,hyperclovax,1001227997,2,patch,1
vegetables,hyperclovax,1001227997,2,green,1
vegetables,hyperclovax,1001227997,2,top,1
vegetables,hyperclovax,1001227997,2,surface,1
vegetables,hyperclovax,1001227997,2,texture,2
vegetables,hyperclovax,1001227997,2,rough,1
vegetables,hyperclovax,1001227997,2,uneven,1
vegetables,hyperclovax,1001227997,2,spot,1
vegetables,hyperclovax,1001227997,2,dark,1
vegetables,hyperclovax,1001227997,2,possibly,1
vegetables,hyperclovax,1001227997,2,moisture,1
vegetables,hyperclovax,1001227997,2,natural,1
vegetables,hyperclovax,1001227997,2,growth,1
vegetables,hyperclovax,1001227997,2,pattern,1
vegetables,hyperclovax,1001227997,2,arrange,1
vegetables,hyperclovax,1001227997,2,beige,1
vegetables,hyperclovax,1001227997,2,cloth,1
vegetables,hyperclovax,1001227997,2,slightly,1
vegetables,hyperclovax,1001227997,2,wrinkle,1
vegetables,hyperclovax,1001227997,2,indicate,1
vegetables,hyperclovax,1001227997,2,soft,1
vegetables,hyperclovax,1001544134,1,main,1
vegetables,hyperclovax,1001544134,1,food,1
vegetables,hyperclovax,1001544134,1,plate,2
vegetables,hyperclovax,1001544134,1,potato,3
vegetables,hyperclovax,1001544134,1,round,1
vegetables,hyperclovax,1001544134,1,light,3
vegetables,hyperclovax,1001544134,1,brown,1
vegetables,hyperclovax,1001544134,1,color,1
vegetables,hyperclovax,1001544134,1,slightly,1
vegetables,hyperclovax,1001544134,1,rough,1
vegetables,hyperclovax,1001544134,1,texture,2
vegetables,hyperclovax,1001544134,1,surface,1
vegetables,hyperclovax,1001544134,1,arrange,1
vegetables,hyperclovax,1001544134,1,circular,1
vegetables,hyperclovax,1001544134,1,pattern,1
vegetables,hyperclovax,1001544134,1,plain,1
vegetables,hyperclovax,1001544134,1,colored,2
vegetables,hyperclovax,1001544134,1,fabric,1
vegetables,hyperclovax,1001544134,1,6,1
vegetables,hyperclovax,1001544134,1,visible,1
vegetables,hyperclovax,1001544134,2,main,1
vegetables,hyperclovax,1001544134,2,food,1
vegetables,hyperclovax,1001544134,2,product,1
vegetables,hyperclovax,1001544134,2,potato,7
vegetables,hyperclovax,1001544134,2,brownish,1
vegetables,hyperclovax,1001544134,2,yellow,2
vegetables,hyperclovax,1001544134,2,color,1
vegetables,hyperclovax,1001544134,2,rough,1
vegetables,hyperclovax,1001544134,2,texture,1
vegetables,hyperclovax,1001544134,2,surface,2
vegetables,hyperclovax,1001544134,2,typical,1
vegetables,hyperclovax,1001544134,2,unpeeled,1
vegetables,hyperclovax,1001544134,2,arrange,1
vegetables,hyperclovax,1001544134,2,light,2
vegetables,hyperclovax,1001544134,2,gray,1
vegetables,hyperclovax,1001544134,2,fabric,1
vegetables,hyperclovax,1001544134,2,whole,3
vegetables,hyperclovax,1001544134,2,cut,2
vegetables,hyperclovax,1001544134,2,half,2
vegetables,hyperclovax,1001544134,2,reveal,1
vegetables,hyperclovax,1001544134,2,flesh,1
vegetables,hyperclovax,1001544134,2,position,1
vegetables,hyperclovax,1001544134,2,create,1
vegetables,hyperclovax,1001544134,2,layered,1
vegetables,hyperclovax,1001544134,2,effect,1
vegetables,hyperclovax,1001544134,2,focus,1
vegetables,hyperclovax,1001544134,2,solely,1
vegetables,hyperclovax,1001544134,2,immediate,1
vegetables,hyperclovax,1001544134,2,surrounding,1
vegetables,hyperclovax,1001544134,2,additional,1
vegetables,hyperclovax,1001544134,2,context,1
vegetables,hyperclovax,1001544134,2,element,1
vegetables,hyperclovax,1001544134,2,fresh,1
vegetables,hyperclovax,1001544134,2,visible,1
vegetables,hyperclovax,1001544134,2,blemish,1
vegetables,hyperclovax,1001544134,2,damage,1
vegetables,hyperclovax,1001985604,1,main,1
vegetables,hyperclovax,1001985604,1,food,1
vegetables,hyperclovax,1001985604,1,product,1
vegetables,hyperclovax,1001985604,1,green,7
vegetables,hyperclovax,1001985604,1,onion,3
vegetables,hyperclovax,1001985604,1,characterize,1
vegetables,hyperclovax,1001985604,1,long,1
vegetables,hyperclovax,1001985604,1,slender,1
vegetables,hyperclovax,1001985604,1,top,2
vegetables,hyperclovax,1001985604,1,white,1
vegetables,hyperclovax,1001985604,1,light,1
vegetables,hyperclovax,1001985604,1,root,3
vegetables,hyperclovax,1001985604,1,surface,1
vegetables,hyperclovax,1001985604,1,texture,2
vegetables,hyperclovax,1001985604,1,smooth,1
vegetables,hyperclovax,1001985604,1,slightly,1
vegetables,hyperclovax,1001985604,1,glossy,1
vegetables,hyperclovax,1001985604,1,fibrous,1
vegetables,hyperclovax,1001985604,1,visible,1
vegetables,hyperclovax,1001985604,1,hair,1
vegetables,hyperclovax,1001985604,1,arrange,1
vegetables,hyperclovax,1001985604,1,somewhat,1
vegetables,hyperclovax,1001985604,1,scatter,1
vegetables,hyperclovax,1001985604,1,manner,1
vegetables,hyperclovax,1001985604,1,overlap,1
vegetables,hyperclovax,1001985604,1,flat,1
vegetables,hyperclovax,1001985604,1,solid,1
vegetables,hyperclovax,1001985604,1,provide,1
vegetables,hyperclovax,1001985604,1,uniform,1
vegetables,hyperclovax,1001985604,1,backdrop,1
vegetables,hyperclovax,1001985604,2,main,1
vegetables,hyperclovax,1001985604,2,food,1
vegetables,hyperclovax,1001985604,2,green,8
vegetables,hyperclovax,1001985604,2,onion,6
vegetables,hyperclovax,1001985604,2,characterize,1
vegetables,hyperclovax,1001985604,2,long,1
vegetables,hyperclovax,1001985604,2,slender,1
vegetables,hyperclovax,1001985604,2,stalk,2
vegetables,hyperclovax,1001985604,2,white,1
vegetables,hyperclovax,1001985604,2,translucent,1
vegetables,hyperclovax,1001985604,2,root,1
vegetables,hyperclovax,1001985604,2,surface,1
vegetables,hyperclovax,1001985604,2,texture,1
vegetables,hyperclovax,1001985604,2,smooth,1
vegetables,hyperclovax,1001985604,2,visible,1
vegetables,hyperclovax,1001985604,2,striation,1
vegetables,hyperclovax,1001985604,2,length,1
vegetables,hyperclovax,1001985604,2,arrange,1
vegetables,hyperclovax,1001985604,2,wooden,1
vegetables,hyperclovax,1001985604,2,cutting,1
vegetables,hyperclovax,1001985604,2,board,1
vegetables,hyperclovax,1001985604,2,piece,1
vegetables,hyperclovax,1001985604,2,cut,1
vegetables,hyperclovax,1001985604,2,small,1
vegetables,hyperclovax,1001985604,2,round,1
vegetables,hyperclovax,1001985604,2,segment,1
vegetables,hyperclovax,1001985604,2,solid,1
vegetables,hyperclovax,1001985604,2,color,1
vegetables,hyperclovax,1001985604,2,provide,1
vegetables,hyperclovax,1001985604,2,contrast,1
vegetables,hyperclovax,1001985604,2,highlight,1
vegetables,hyperclovax,1001985604,2,fresh,1
vegetables,hyperclovax,1001985604,2,likely,1
vegetables,hyperclovax,1001985604,2,culinary,1
vegetables,hyperclovax,1001985604,2,purpose,1
vegetables,hyperclovax,1002030400,1,main,1
vegetables,hyperclovax,1002030400,1,food,1
vegetables,hyperclovax,1002030400,1,item,1
vegetables,hyperclovax,1002030400,1,zucchini,4
vegetables,hyperclovax,1002030400,1,elongate,1
vegetables,hyperclovax,1002030400,1,slightly,1
vegetables,hyperclovax,1002030400,1,curve,1
vegetables,hyperclovax,1002030400,1,shape,2
vegetables,hyperclovax,1002030400,1,taper,1
vegetables,hyperclovax,1002030400,1,point,1
vegetables,hyperclovax,1002030400,1,end,1
vegetables,hyperclovax,1002030400,1,smooth,1
vegetables,hyperclovax,1002030400,1,glossy,1
vegetables,hyperclovax,1002030400,1,surface,2
vegetables,hyperclovax,1002030400,1,green,1
vegetables,hyperclovax,1002030400,1,color,2
vegetables,hyperclovax,1002030400,1,light,1
vegetables,hyperclovax,1002030400,1,top,2
vegetables,hyperclovax,1002030400,1,dark,1
vegetables,hyperclovax,1002030400,1,bottom,1
vegetables,hyperclovax,1002030400,1,stem,1
vegetables,hyperclovax,1002030400,1,intact,1
vegetables,hyperclovax,1002030400,1,attach,1
vegetables,hyperclovax,1002030400,1,indicate,1
vegetables,hyperclovax,1002030400,1,fresh,1
vegetables,hyperclovax,1002030400,1,focus,1
vegetables,hyperclovax,1002030400,1,solely,1
vegetables,hyperclovax,1002030400,1,provide,1
vegetables,hyperclovax,1002030400,1,clear,1
vegetables,hyperclovax,1002030400,1,view,1
vegetables,hyperclovax,1002030400,1,texture,1
vegetables,hyperclovax,1002030400,2,main,1
vegetables,hyperclovax,1002030400,2,food,1
vegetables,hyperclovax,1002030400,2,item,1
vegetables,hyperclovax,1002030400,2,zucchini,4
vegetables,hyperclovax,1002030400,2,elongate,1
vegetables,hyperclovax,1002030400,2,slightly,3
vegetables,hyperclovax,1002030400,2,curve,1
vegetables,hyperclovax,1002030400,2,shape,1
vegetables,hyperclovax,1002030400,2,taper,1
vegetables,hyperclovax,1002030400,2,point,1
vegetables,hyperclovax,1002030400,2,end,1
vegetables,hyperclovax,1002030400,2,smooth,1
vegetables,hyperclovax,1002030400,2,glossy,1
vegetables,hyperclovax,1002030400,2,surface,2
vegetables,hyperclovax,1002030400,2,green,2
vegetables,hyperclovax,1002030400,2,color,3
vegetables,hyperclovax,1002030400,2,vary,1
vegetables,hyperclovax,1002030400,2,light,2
vegetables,hyperclovax,1002030400,2,dark,1
vegetables,hyperclovax,1002030400,2,texture,2
vegetables,hyperclovax,1002030400,2,bumpy,1
vegetables,hyperclovax,1002030400,2,small,1
vegetables,hyperclovax,1002030400,2,indentation,1
vegetables,hyperclovax,1002030400,2,minor,1
vegetables,hyperclovax,1002030400,2,scratch,1
vegetables,hyperclovax,1002030400,2,plain,1
vegetables,hyperclovax,1002030400,2,beige,1
vegetables,hyperclovax,1002030400,2,provide,1
vegetables,hyperclovax,1002030400,2,neutral,1
vegetables,hyperclovax,1002030400,2,backdrop,1
vegetables,hyperclovax,1002030400,2,emphasize,1
vegetables,hyperclovax,1002318657,1,main,1
vegetables,hyperclovax,1002318657,1,food,1
vegetables,hyperclovax,1002318657,1,product,1
vegetables,hyperclovax,1002318657,1,head,1
vegetables,hyperclovax,1002318657,1,cabbage,7
vegetables,hyperclovax,1002318657,1,round,1
vegetables,hyperclovax,1002318657,1,smooth,1
vegetables,hyperclovax,1002318657,1,green,1
vegetables,hyperclovax,1002318657,1,outer,1
vegetables,hyperclovax,1002318657,1,layer,2
vegetables,hyperclovax,1002318657,1,slightly,2
vegetables,hyperclovax,1002318657,1,wrinkle,2
vegetables,hyperclovax,1002318657,1,inner,1
vegetables,hyperclovax,1002318657,1,surface,1
vegetables,hyperclovax,1002318657,1,texture,1
vegetables,hyperclovax,1002318657,1,bumpy,1
vegetables,hyperclovax,1002318657,1,typical,1
vegetables,hyperclovax,1002318657,1,fresh,2
vegetables,hyperclovax,1002318657,1,leaf,1
vegetables,hyperclovax,1002318657,1,beige,1
vegetables,hyperclovax,1002318657,1,cloth,1
vegetables,hyperclovax,1002318657,1,frayed,1
vegetables,hyperclovax,1002318657,1,edge,1
vegetables,hyperclovax,1002318657,1,serve,1
vegetables,hyperclovax,1002318657,1,whole,1
vegetables,hyperclovax,1002318657,1,visible,1
vegetables,hyperclovax,1002318657,1,damage,1
vegetables,hyperclovax,1002318657,1,blemish,1
vegetables,hyperclovax,1002318657,1,central,1
vegetables,hyperclovax,1002318657,1,focus,1
vegetables,hyperclovax,1002318657,1,object,1
vegetables,hyperclovax,1002318657,1,text,1
vegetables,hyperclovax,1002318657,1,present,1
vegetables,hyperclovax,1002318657,2,main,1
vegetables,hyperclovax,1002318657,2,food,1
vegetables,hyperclovax,1002318657,2,cabbage,4
vegetables,hyperclovax,1002318657,2,cut,1
vegetables,hyperclovax,1002318657,2,section,1
vegetables,hyperclovax,1002318657,2,reveal,1
vegetables,hyperclovax,1002318657,2,layer,2
vegetables,hyperclovax,1002318657,2,ruffle,1
vegetables,hyperclovax,1002318657,2,texture,2
vegetables,hyperclovax,1002318657,2,pale,1
vegetables,hyperclovax,1002318657,2,green,4
vegetables,hyperclovax,1002318657,2,color,1
vegetables,hyperclovax,1002318657,2,outer,1
vegetables,hyperclovax,1002318657,2,leaf,1
vegetables,hyperclovax,1002318657,2,light,1
vegetables,hyperclovax,1002318657,2,inner,1
vegetables,hyperclovax,1002318657,2,vibrant,1
vegetables,hyperclovax,1002318657,2,visible,1
vegetables,hyperclovax,1002318657,2,vein,1
vegetables,hyperclovax,1002318657,2,beige,1
vegetables,hyperclovax,1002318657,2,fabric,1
vegetables,hyperclovax,1002318657,2,contrast,1
vegetables,hyperclovax,1002318657,2,highlight,1
vegetables,hyperclovax,1002318657,2,fresh,1
vegetables,hyperclovax,1002318657,2,appearance,1
vegetables,hyperclovax,1002318659,1,main,1
vegetables,hyperclovax,1002318659,1,food,1
vegetables,hyperclovax,1002318659,1,broccoli,7
vegetables,hyperclovax,1002318659,1,fresh,1
vegetables,hyperclovax,1002318659,1,vibrant,1
vegetables,hyperclovax,1002318659,1,green,3
vegetables,hyperclovax,1002318659,1,color,3
vegetables,hyperclovax,1002318659,1,dense,1
vegetables,hyperclovax,1002318659,1,cluster,1
vegetables,hyperclovax,1002318659,1,small,1
vegetables,hyperclovax,1002318659,1,floret,2
vegetables,hyperclovax,1002318659,1,thick,1
vegetables,hyperclovax,1002318659,1,stalk,2
vegetables,hyperclovax,1002318659,1,surface,1
vegetables,hyperclovax,1002318659,1,texture,3
vegetables,hyperclovax,1002318659,1,slightly,1
vegetables,hyperclovax,1002318659,1,bumpy,1
vegetables,hyperclovax,1002318659,1,typical,1
vegetables,hyperclovax,1002318659,1,firm,1
vegetables,hyperclovax,1002318659,1,arrange,1
vegetables,hyperclovax,1002318659,1,side,2
vegetables,hyperclovax,1002318659,1,beige,2
vegetables,hyperclovax,1002318659,1,fabric,2
vegetables,hyperclovax,1002318659,1,plain,1
vegetables,hyperclovax,1002318659,1,unobtrusive,1
vegetables,hyperclovax,1002318659,1,allow,1
vegetables,hyperclovax,1002318659,1,focal,1
vegetables,hyperclovax,1002318659,1,point,1
vegetables,hyperclovax,1002318659,1,neutral,1
vegetables,hyperclovax,1002318659,1,provide,1
vegetables,hyperclovax,1002318659,1,simple,1
vegetables,hyperclovax,1002318659,1,backdrop,1
vegetables,hyperclovax,1002318659,1,highlight,1
vegetables,hyperclovax,1002318659,1,focus,1
vegetables,hyperclovax,1002318659,1,solely,1
vegetables,hyperclovax,1002318659,1,additional,1
vegetables,hyperclovax,1002318659,1,element,1
vegetables,hyperclovax,1002318659,1,distraction,1
vegetables,hyperclovax,1002318659,2,main,1
vegetables,hyperclovax,1002318659,2,food,1
vegetables,hyperclovax,1002318659,2,broccoli,4
vegetables,hyperclovax,1002318659,2,fresh,2
vegetables,hyperclovax,1002318659,2,vibrant,1
vegetables,hyperclovax,1002318659,2,green,3
vegetables,hyperclovax,1002318659,2,color,2
vegetables,hyperclovax,1002318659,2,dense,1
vegetables,hyperclovax,1002318659,2,tree,1
vegetables,hyperclovax,1002318659,2,structure,1
vegetables,hyperclovax,1002318659,2,floret,1
vegetables,hyperclovax,1002318659,2,tightly,1
vegetables,hyperclovax,1002318659,2,packed,1
vegetables,hyperclovax,1002318659,2,stem,1
vegetables,hyperclovax,1002318659,2,firm,1
vegetables,hyperclovax,1002318659,2,arrange,1
vegetables,hyperclovax,1002318659,2,texture,1
vegetables,hyperclovax,1002318659,2,beige,1
vegetables,hyperclovax,1002318659,2,fabric,1
vegetables,hyperclovax,1002318659,2,contrast,1
vegetables,hyperclovax,1002318659,2,vegetable,1
vegetables,hyperclovax,1002318659,2,focus,1
vegetables,hyperclovax,1002318659,2,solely,1
vegetables,hyperclovax,1002318659,2,highlight,1
vegetables,hyperclovax,1002318659,2,healthy,1
vegetables,hyperclovax,1002318659,2,appearance,1
vegetables,hyperclovax,5000070,1,main,1
vegetables,hyperclovax,5000070,1,food,1
vegetables,hyperclovax,5000070,1,plate,2
vegetables,hyperclovax,5000070,1,carrot,2
vegetables,hyperclovax,5000070,1,orange,1
vegetables,hyperclovax,5000070,1,rough,1
vegetables,hyperclovax,5000070,1,textured,1
vegetables,hyperclovax,5000070,1,surface,2
vegetables,hyperclovax,5000070,1,green,1
vegetables,hyperclovax,5000070,1,top,1
vegetables,hyperclovax,5000070,1,attach,1
vegetables,hyperclovax,5000070,1,arrange,1
vegetables,hyperclovax,5000070,1,triangular,1
vegetables,hyperclovax,5000070,1,formation,1
vegetables,hyperclovax,5000070,1,dark,1
vegetables,hyperclovax,5000070,1,gray,2
vegetables,hyperclovax,5000070,1,round,1
vegetables,hyperclovax,5000070,1,plain,1
vegetables,hyperclovax,5000070,1,light,1
vegetables,hyperclovax,5000070,1,fabric,1
vegetables,hyperclovax,5000070,2,main,1
vegetables,hyperclovax,5000070,2,food,1
vegetables,hyperclovax,5000070,2,product,1
vegetables,hyperclovax,5000070,2,carrot,5
vegetables,hyperclovax,5000070,2,characterize,1
vegetables,hyperclovax,5000070,2,orange,2
vegetables,hyperclovax,5000070,2,color,3
vegetables,hyperclovax,5000070,2,visible,1
vegetables,hyperclovax,5000070,2,texture,2
vegetables,hyperclovax,5000070,2,outer,2
vegetables,hyperclovax,5000070,2,skin,2
vegetables,hyperclovax,5000070,2,rough,1
vegetables,hyperclovax,5000070,2,slightly,1
vegetables,hyperclovax,5000070,2,dirty,1
vegetables,hyperclovax,5000070,2,indicate,1
vegetables,hyperclovax,5000070,2,fresh,1
vegetables,hyperclovax,5000070,2,possibly,1
vegetables,hyperclovax,5000070,2,recently,1
vegetables,hyperclovax,5000070,2,harvest,1
vegetables,hyperclovax,5000070,2,shape,1
vegetables,hyperclovax,5000070,2,cylindrical,1
vegetables,hyperclovax,5000070,2,tapered,1
vegetables,hyperclovax,5000070,2,end,1
vegetables,hyperclovax,5000070,2,cross,1
vegetables,hyperclovax,5000070,2,section,1
vegetables,hyperclovax,5000070,2,reveal,1
vegetables,hyperclovax,5000070,2,pattern,1
vegetables,hyperclovax,5000070,2,radial,1
vegetables,hyperclovax,5000070,2,line,1
vegetables,hyperclovax,5000070,2,core,1
vegetables,hyperclovax,5000070,2,dark,1
vegetables,hyperclovax,5000070,2,gray,1
vegetables,hyperclovax,5000070,2,plate,1
vegetables,hyperclovax,5000070,2,contrast,1
vegetables,hyperclovax,5000070,2,vegetable,1
vegetables,hyperclovax,5000070,2,focal,1
vegetables,hyperclovax,5000070,2,point,1
vegetables,hyperclovax,5000070,2,focus,1
vegetables,hyperclovax,5000070,2,solely,1
vegetables,hyperclovax,5000070,2,highlight,1
vegetables,hyperclovax,5000070,2,natural,1
vegetables,hyperclovax,5000070,2,additional,1
vegetables,hyperclovax,5000070,2,context,1
vegetables,hyperclovax,5000070,2,embellishment,1
vegetables,hyperclovax,5000333,1,main,1
vegetables,hyperclovax,5000333,1,food,1
vegetables,hyperclovax,5000333,1,pair,1
vegetables,hyperclovax,5000333,1,cucumber,4
vegetables,hyperclovax,5000333,1,elongate,1
vegetables,hyperclovax,5000333,1,smooth,1
vegetables,hyperclovax,5000333,1,surface,1
vegetables,hyperclovax,5000333,1,green,1
vegetables,hyperclovax,5000333,1,coloration,1
vegetables,hyperclovax,5000333,1,side,2
vegetables,hyperclovax,5000333,1,white,1
vegetables,hyperclovax,5000333,1,oval,1
vegetables,hyperclovax,5000333,1,shape,1
vegetables,hyperclovax,5000333,1,plate,1
vegetables,hyperclovax,5000333,1,contrast,1
vegetables,hyperclovax,5000333,1,light,1
vegetables,hyperclovax,5000333,1,gray,1
vegetables,hyperclovax,5000333,1,fresh,1
vegetables,hyperclovax,5000333,1,appearance,1
vegetables,hyperclovax,5000333,1,visible,1
vegetables,hyperclovax,5000333,1,ridge,1
vegetables,hyperclovax,5000333,1,length,1
vegetables,hyperclovax,5000333,1,small,1
vegetables,hyperclovax,5000333,1,bump,1
vegetables,hyperclovax,5000333,1,characteristic,1
vegetables,hyperclovax,5000333,1,fruit,1
vegetables,hyperclovax,5000333,1,natural,1
vegetables,hyperclovax,5000333,1,texture,1
vegetables,hyperclovax,5000333,1,central,1
vegetables,hyperclovax,5000333,1,focus,1
vegetables,hyperclovax,5000333,1,object,1
vegetables,hyperclovax,5000333,1,element,1
vegetables,hyperclovax,5000333,1,distract,1
vegetables,hyperclovax,5000333,2,main,1
vegetables,hyperclovax,5000333,2,food,1
vegetables,hyperclovax,5000333,2,cucumber,3
vegetables,hyperclovax,5000333,2,green,2
vegetables,hyperclovax,5000333,2,slightly,1
vegetables,hyperclovax,5000333,2,bumpy,1
vegetables,hyperclovax,5000333,2,surface,2
vegetables,hyperclovax,5000333,2,texture,1
vegetables,hyperclovax,5000333,2,typical,1
vegetables,hyperclovax,5000333,2,fresh,1
vegetables,hyperclovax,5000333,2,slice,2
vegetables,hyperclovax,5000333,2,several,1
vegetables,hyperclovax,5000333,2,piece,1
vegetables,hyperclovax,5000333,2,reveal,1
vegetables,hyperclovax,5000333,2,light,2
vegetables,hyperclovax,5000333,2,interior,1
vegetables,hyperclovax,5000333,2,visible,2
vegetables,hyperclovax,5000333,2,seed,1
vegetables,hyperclovax,5000333,2,arrange,1
vegetables,hyperclovax,5000333,2,wooden,1
vegetables,hyperclovax,5000333,2,cutting,1
vegetables,hyperclovax,5000333,2,board,1
vegetables,hyperclovax,5000333,2,smooth,1
vegetables,hyperclovax,5000333,2,grain,1
vegetables,hyperclovax,5000333,2,pattern,1
vegetables,hyperclovax,5000718,1,main,1
vegetables,hyperclovax,5000718,1,food,1
vegetables,hyperclovax,5000718,1,product,1
vegetables,hyperclovax,5000718,1,fresh,1
vegetables,hyperclovax,5000718,1,spinach,6
vegetables,hyperclovax,5000718,1,leaf,2
vegetables,hyperclovax,5000718,1,green,2
vegetables,hyperclovax,5000718,1,visible,1
vegetables,hyperclovax,5000718,1,vein,1
vegetables,hyperclovax,5000718,1,stem,1
vegetables,hyperclovax,5000718,1,arrange,1
vegetables,hyperclovax,5000718,1,wire,2
vegetables,hyperclovax,5000718,1,basket,2
vegetables,hyperclovax,5000718,1,surface,2
vegetables,hyperclovax,5000718,1,texture,1
vegetables,hyperclovax,5000718,1,slightly,1
vegetables,hyperclovax,5000718,1,wrinkle,1
vegetables,hyperclovax,5000718,1,indicate,1
vegetables,hyperclovax,5000718,1,freshness,1
vegetables,hyperclovax,5000718,1,small,1
vegetables,hyperclovax,5000718,1,pot,1
vegetables,hyperclovax,5000718,1,garlic,2
vegetables,hyperclovax,5000718,1,clove,2
vegetables,hyperclovax,5000718,1,suggest,1
vegetables,hyperclovax,5000718,1,cook,1
vegetables,hyperclovax,5000718,1,context,1
vegetables,hyperclovax,5000718,1,whole,1
vegetables,hyperclovax,5000718,1,unpeeled,1
vegetables,hyperclovax,5000718,1,light,1
vegetables,hyperclovax,5000718,1,brown,1
vegetables,hyperclovax,5000718,1,color,1
vegetables,hyperclovax,5000718,1,hold,1
vegetables,hyperclovax,5000718,1,metallic,1
vegetables,hyperclovax,5000718,1,grid,1
vegetables,hyperclovax,5000718,1,pattern,1
vegetables,hyperclovax,5000718,1,provide,1
vegetables,hyperclovax,5000718,1,contrast,1
vegetables,hyperclovax,5000718,1,organic,1
vegetables,hyperclovax,5000718,1,nature,1
vegetables,hyperclovax,5000718,1,plain,1
vegetables,hyperclovax,5000718,1,dark,1
vegetables,hyperclovax,5000718,1,highlight,1
vegetables,hyperclovax,5000718,1,vibrant,1
vegetables,hyperclovax,5000718,1,leave,1
vegetables,hyperclovax,5000718,2,main,1
vegetables,hyperclovax,5000718,2,food,2
vegetables,hyperclovax,5000718,2,product,1
vegetables,hyperclovax,5000718,2,fresh,1
vegetables,hyperclovax,5000718,2,spinach,4
vegetables,hyperclovax,5000718,2,leaf,4
vegetables,hyperclovax,5000718,2,green,3
vegetables,hyperclovax,5000718,2,slightly,2
vegetables,hyperclovax,5000718,2,glossy,1
vegetables,hyperclovax,5000718,2,surface,3
vegetables,hyperclovax,5000718,2,indicate,1
vegetables,hyperclovax,5000718,2,freshness,1
vegetables,hyperclovax,5000718,2,arrange,1
vegetables,hyperclovax,5000718,2,wire,2
vegetables,hyperclovax,5000718,2,basket,2
vegetables,hyperclovax,5000718,2,gray,2
vegetables,hyperclovax,5000718,2,texture,3
vegetables,hyperclovax,5000718,2,healthy,1
vegetables,hyperclovax,5000718,2,vibrant,1
vegetables,hyperclovax,5000718,2,color,1
vegetables,hyperclovax,5000718,2,visible,2
vegetables,hyperclovax,5000718,2,vein,1
vegetables,hyperclovax,5000718,2,crinkle,1
vegetables,hyperclovax,5000718,2,garlic,3
vegetables,hyperclovax,5000718,2,clove,2
vegetables,hyperclovax,5000718,2,papery,1
vegetables,hyperclovax,5000718,2,outer,1
vegetables,hyperclovax,5000718,2,skin,1
vegetables,hyperclovax,5000718,2,partially,1
vegetables,hyperclovax,5000718,2,peel,1
vegetables,hyperclovax,5000718,2,back,1
vegetables,hyperclovax,5000718,2,reveal,1
vegetables,hyperclovax,5000718,2,white,1
vegetables,hyperclovax,5000718,2,bulbous,1
vegetables,hyperclovax,5000718,2,interior,1
vegetables,hyperclovax,5000718,2,light,1
vegetables,hyperclovax,5000718,2,brown,2
vegetables,hyperclovax,5000718,2,smooth,1
vegetables,hyperclovax,5000718,2,hold,1
vegetables,hyperclovax,5000718,2,simple,1
vegetables,hyperclovax,5000718,2,utilitarian,1
vegetables,hyperclovax,5000718,2,design,1
vegetables,hyperclovax,5000718,2,grid,1
vegetables,hyperclovax,5000718,2,pattern,1
vegetables,hyperclovax,5000718,2,plain,1
vegetables,hyperclovax,5000718,2,contrast,1
vegetables,hyperclovax,5000718,2,item,1
vegetables,hyperclovax,5000718,2,stand,1
vegetables,hyperclovax,5001063,1,single,1
vegetables,hyperclovax,5001063,1,piece,1
vegetables,hyperclovax,5001063,1,broccoli,4
vegetables,hyperclovax,5001063,1,white,1
vegetables,hyperclovax,5001063,1,plate,3
vegetables,hyperclovax,5001063,1,green,2
vegetables,hyperclovax,5001063,1,head,1
vegetables,hyperclovax,5001063,1,tightly,1
vegetables,hyperclovax,5001063,1,pack,1
vegetables,hyperclovax,5001063,1,floret,1
vegetables,hyperclovax,5001063,1,thick,1
vegetables,hyperclovax,5001063,1,stalk,2
vegetables,hyperclovax,5001063,1,surface,2
vegetables,hyperclovax,5001063,1,texture,1
vegetables,hyperclovax,5001063,1,small,1
vegetables,hyperclovax,5001063,1,bump,1
vegetables,hyperclovax,5001063,1,vein,1
vegetables,hyperclovax,5001063,1,visible,1
vegetables,hyperclovax,5001063,1,round,1
vegetables,hyperclovax,5001063,1,smooth,1
vegetables,hyperclovax,5001063,1,matte,1
vegetables,hyperclovax,5001063,1,finish,1
vegetables,hyperclovax,5001063,1,plain,1
vegetables,hyperclovax,5001063,1,light,1
vegetables,hyperclovax,5001063,1,colored,1
vegetables,hyperclovax,5001063,1,distract,1
vegetables,hyperclovax,5001063,1,main,1
vegetables,hyperclovax,5001063,1,subject,1
vegetables,hyperclovax,5001063,1,focus,1
vegetables,hyperclovax,5001063,1,solely,1
vegetables,hyperclovax,5001063,1,provide,1
vegetables,hyperclovax,5001063,1,clear,1
vegetables,hyperclovax,5001063,1,view,1
vegetables,hyperclovax,5001063,1,detail,1
vegetables,hyperclovax,5001063,2,main,1
vegetables,hyperclovax,5001063,2,food,1
vegetables,hyperclovax,5001063,2,broccoli,5
vegetables,hyperclovax,5001063,2,white,1
vegetables,hyperclovax,5001063,2,plate,2
vegetables,hyperclovax,5001063,2,large,1
vegetables,hyperclovax,5001063,2,floret,3
vegetables,hyperclovax,5001063,2,center,1
vegetables,hyperclovax,5001063,2,small,1
vegetables,hyperclovax,5001063,2,right,1
vegetables,hyperclovax,5001063,2,rich,1
vegetables,hyperclovax,5001063,2,green,1
vegetables,hyperclovax,5001063,2,color,1
vegetables,hyperclovax,5001063,2,slightly,1
vegetables,hyperclovax,5001063,2,bumpy,1
vegetables,hyperclovax,5001063,2,texture,1
vegetables,hyperclovax,5001063,2,typical,1
vegetables,hyperclovax,5001063,2,surface,1
vegetables,hyperclovax,5001063,2,smooth,1
vegetables,hyperclovax,5001063,2,natural,1
vegetables,hyperclovax,5001063,2,sheen,1
vegetables,hyperclovax,5001063,2,indicate,1
vegetables,hyperclovax,5001063,2,freshness,1
vegetables,hyperclovax,5001063,2,simple,1
vegetables,hyperclovax,5001063,2,unadorned,1
vegetables,hyperclovax,5001063,2,provide,1
vegetables,hyperclovax,5001063,2,clean,1
vegetables,hyperclovax,5001063,2,highlight,1
vegetables,hyperclovax,5026448,1,main,1
vegetables,hyperclovax,5026448,1,food,1
vegetables,hyperclovax,5026448,1,product,1
vegetables,hyperclovax,5026448,1,bowl,2
vegetables,hyperclovax,5026448,1,potato,3
vegetables,hyperclovax,5026448,1,light,2
vegetables,hyperclovax,5026448,1,brown,1
vegetables,hyperclovax,5026448,1,color,1
vegetables,hyperclovax,5026448,1,rough,1
vegetables,hyperclovax,5026448,1,texture,1
vegetables,hyperclovax,5026448,1,surface,2
vegetables,hyperclovax,5026448,1,typical,1
vegetables,hyperclovax,5026448,1,unpeeled,1
vegetables,hyperclovax,5026448,1,arrange,1
vegetables,hyperclovax,5026448,1,white,1
vegetables,hyperclovax,5026448,1,flat,1
vegetables,hyperclovax,5026448,1,gray,1
vegetables,hyperclovax,5026448,2,main,1
vegetables,hyperclovax,5026448,2,food,1
vegetables,hyperclovax,5026448,2,product,1
vegetables,hyperclovax,5026448,2,potato,5
vegetables,hyperclovax,5026448,2,visible,1
vegetables,hyperclovax,5026448,2,include,1
vegetables,hyperclovax,5026448,2,shape,1
vegetables,hyperclovax,5026448,2,round,1
vegetables,hyperclovax,5026448,2,smooth,1
vegetables,hyperclovax,5026448,2,slightly,1
vegetables,hyperclovax,5026448,2,bumpy,1
vegetables,hyperclovax,5026448,2,surface,3
vegetables,hyperclovax,5026448,2,color,2
vegetables,hyperclovax,5026448,2,light,3
vegetables,hyperclovax,5026448,2,brown,1
vegetables,hyperclovax,5026448,2,typical,1
vegetables,hyperclovax,5026448,2,unpeeled,1
vegetables,hyperclovax,5026448,2,texture,1
vegetables,hyperclovax,5026448,2,rough,1
vegetables,hyperclovax,5026448,2,small,1
vegetables,hyperclovax,5026448,2,indentation,1
vegetables,hyperclovax,5026448,2,natural,1
vegetables,hyperclovax,5026448,2,variation,1
vegetables,hyperclovax,5026448,2,arrange,1
vegetables,hyperclovax,5026448,2,white,1
vegetables,hyperclovax,5026448,2,bowl,1
vegetables,hyperclovax,5026448,2,piece,1
vegetables,hyperclovax,5026448,2,cut,1
vegetables,hyperclovax,5026448,2,open,1
vegetables,hyperclovax,5026448,2,reveal,1
vegetables,hyperclovax,5026448,2,yellow,1
vegetables,hyperclovax,5026448,2,interior,1
vegetables,hyperclovax,5026448,2,plain,1
vegetables,hyperclovax,5026448,2,gray,1
vegetables,hyperclovax,5026448,2,contrast,1
vegetables,hyperclovax,5026448,2,highlight,1
vegetables,hyperclovax,5026449,1,main,1
vegetables,hyperclovax,5026449,1,food,1
vegetables,hyperclovax,5026449,1,sweet,2
vegetables,hyperclovax,5026449,1,potato,2
vegetables,hyperclovax,5026449,1,round,1
vegetables,hyperclovax,5026449,1,tuberous,1
vegetables,hyperclovax,5026449,1,vegetable,1
vegetables,hyperclovax,5026449,1,smooth,1
vegetables,hyperclovax,5026449,1,slightly,1
vegetables,hyperclovax,5026449,1,rough,1
vegetables,hyperclovax,5026449,1,surface,1
vegetables,hyperclovax,5026449,1,color,1
vegetables,hyperclovax,5026449,1,skin,1
vegetables,hyperclovax,5026449,1,range,1
vegetables,hyperclovax,5026449,1,light,2
vegetables,hyperclovax,5026449,1,brown,2
vegetables,hyperclovax,5026449,1,reddish,1
vegetables,hyperclovax,5026449,1,flesh,1
vegetables,hyperclovax,5026449,1,inside,1
vegetables,hyperclovax,5026449,1,vibrant,1
vegetables,hyperclovax,5026449,1,orange,2
vegetables,hyperclovax,5026449,1,yellow,1
vegetables,hyperclovax,5026449,1,arrange,1
vegetables,hyperclovax,5026449,1,plain,1
vegetables,hyperclovax,5026449,1,green,1
vegetables,hyperclovax,5026449,1,plate,1
vegetables,hyperclovax,5026449,1,cut,1
vegetables,hyperclovax,5026449,1,open,1
vegetables,hyperclovax,5026449,1,reveal,1
vegetables,hyperclovax,5026449,1,bright,1
vegetables,hyperclovax,5026449,1,interior,1
vegetables,hyperclovax,5026449,2,main,1
vegetables,hyperclovax,5026449,2,food,1
vegetables,hyperclovax,5026449,2,product,1
vegetables,hyperclovax,5026449,2,sweet,6
vegetables,hyperclovax,5026449,2,potato,6
vegetables,hyperclovax,5026449,2,white,2
vegetables,hyperclovax,5026449,2,bowl,2
vegetables,hyperclovax,5026449,2,showcase,1
vegetables,hyperclovax,5026449,2,distinctive,1
vegetables,hyperclovax,5026449,2,orange,1
vegetables,hyperclovax,5026449,2,flesh,1
vegetables,hyperclovax,5026449,2,reddish,1
vegetables,hyperclovax,5026449,2,brown,1
vegetables,hyperclovax,5026449,2,skin,1
vegetables,hyperclovax,5026449,2,vary,1
vegetables,hyperclovax,5026449,2,size,1
vegetables,hyperclovax,5026449,2,shape,1
vegetables,hyperclovax,5026449,2,elongate,1
vegetables,hyperclovax,5026449,2,form,1
vegetables,hyperclovax,5026449,2,rounder,1
vegetables,hyperclovax,5026449,2,surface,1
vegetables,hyperclovax,5026449,2,slightly,1
vegetables,hyperclovax,5026449,2,rough,1
vegetables,hyperclovax,5026449,2,texture,1
vegetables,hyperclovax,5026449,2,small,1
vegetables,hyperclovax,5026449,2,imperfection,1
vegetables,hyperclovax,5026449,2,natural,1
vegetables,hyperclovax,5026449,2,marking,1
vegetables,hyperclovax,5026449,2,hold,1
vegetables,hyperclovax,5026449,2,plain,1
vegetables,hyperclovax,5026449,2,provide,1
vegetables,hyperclovax,5026449,2,neutral,1
vegetables,hyperclovax,5026449,2,highlight,1
vegetables,hyperclovax,5026449,2,vibrant,1
vegetables,hyperclovax,5026449,2,color,1
vegetables,hyperclovax,5026450,1,main,1
vegetables,hyperclovax,5026450,1,food,1
vegetables,hyperclovax,5026450,1,product,1
vegetables,hyperclovax,5026450,1,sweet,3
vegetables,hyperclovax,5026450,1,potato,3
vegetables,hyperclovax,5026450,1,plain,1
vegetables,hyperclovax,5026450,1,light,1
vegetables,hyperclovax,5026450,1,colored,1
vegetables,hyperclovax,5026450,1,plate,2
vegetables,hyperclovax,5026450,1,reddish,1
vegetables,hyperclovax,5026450,1,purple,1
vegetables,hyperclovax,5026450,1,skin,1
vegetables,hyperclovax,5026450,1,natural,1
vegetables,hyperclovax,5026450,1,variation,1
vegetables,hyperclovax,5026450,1,color,1
vegetables,hyperclovax,5026450,1,texture,1
vegetables,hyperclovax,5026450,1,partially,1
vegetables,hyperclovax,5026450,1,peel,1
vegetables,hyperclovax,5026450,1,reveal,1
vegetables,hyperclovax,5026450,1,soft,1
vegetables,hyperclovax,5026450,1,orange,1
vegetables,hyperclovax,5026450,1,flesh,1
vegetables,hyperclovax,5026450,1,inside,1
vegetables,hyperclovax,5026450,1,arrangement,1
vegetables,hyperclovax,5026450,1,somewhat,1
vegetables,hyperclovax,5026450,1,scatter,1
vegetables,hyperclovax,5026450,1,overlap,1
vegetables,hyperclovax,5026450,2,main,1
vegetables,hyperclovax,5026450,2,food,1
vegetables,hyperclovax,5026450,2,product,1
vegetables,hyperclovax,5026450,2,sweet,5
vegetables,hyperclovax,5026450,2,potato,5
vegetables,hyperclovax,5026450,2,characterize,1
vegetables,hyperclovax,5026450,2,reddish,1
vegetables,hyperclovax,5026450,2,purple,1
vegetables,hyperclovax,5026450,2,skin,1
vegetables,hyperclovax,5026450,2,smooth,1
vegetables,hyperclovax,5026450,2,slightly,1
vegetables,hyperclovax,5026450,2,shiny,1
vegetables,hyperclovax,5026450,2,surface,1
vegetables,hyperclovax,5026450,2,visible,2
vegetables,hyperclovax,5026450,2,include,1
vegetables,hyperclovax,5026450,2,elongate,1
vegetables,hyperclovax,5026450,2,rounded,1
vegetables,hyperclovax,5026450,2,shape,1
vegetables,hyperclovax,5026450,2,pale,1
vegetables,hyperclovax,5026450,2,yellow,1
vegetables,hyperclovax,5026450,2,flesh,1
vegetables,hyperclovax,5026450,2,inside,1
vegetables,hyperclovax,5026450,2,expose,1
vegetables,hyperclovax,5026450,2,arrange,1
vegetables,hyperclovax,5026450,2,white,1
vegetables,hyperclovax,5026450,2,bowl,1
vegetables,hyperclovax,5026450,2,contrast,1
vegetables,hyperclovax,5026450,2,vibrant,1
vegetables,hyperclovax,5026450,2,color,1
vegetables,hyperclovax,5026450,2,packaging,1
vegetables,hyperclovax,5026450,2,detail,1
vegetables,hyperclovax,5026450,2,text,1
vegetables,hyperclovax,5026450,2,description,1
vegetables,hyperclovax,5026450,2,focus,1
vegetables,hyperclovax,5026450,2,observable,1
vegetables,hyperclovax,5026450,2,characteristic,1
vegetables,hyperclovax,5026450,2,assumption,1
vegetables,hyperclovax,5026450,2,taste,1
vegetables,hyperclovax,5026450,2,freshness,1
vegetables,hyperclovax,5026450,2,origin,1
vegetables,hyperclovax,5026450,2,health,1
vegetables,hyperclovax,5026450,2,benefit,1
vegetables,hyperclovax,5026451,1,main,1
vegetables,hyperclovax,5026451,1,food,1
vegetables,hyperclovax,5026451,1,product,2
vegetables,hyperclovax,5026451,1,bag,2
vegetables,hyperclovax,5026451,1,onion,3
vegetables,hyperclovax,5026451,1,round,1
vegetables,hyperclovax,5026451,1,reddish,1
vegetables,hyperclovax,5026451,1,brown,1
vegetables,hyperclovax,5026451,1,skin,1
vegetables,hyperclovax,5026451,1,arrange,1
vegetables,hyperclovax,5026451,1,loose,1
vegetables,hyperclovax,5026451,1,slightly,1
vegetables,hyperclovax,5026451,1,irregular,1
vegetables,hyperclovax,5026451,1,pile,1
vegetables,hyperclovax,5026451,1,red,1
vegetables,hyperclovax,5026451,1,mesh,1
vegetables,hyperclovax,5026451,1,transparent,1
vegetables,hyperclovax,5026451,1,plastic,1
vegetables,hyperclovax,5026451,1,liner,1
vegetables,hyperclovax,5026451,1,packaging,1
vegetables,hyperclovax,5026451,1,include,1
vegetables,hyperclovax,5026451,1,label,1
vegetables,hyperclovax,5026451,1,text,1
vegetables,hyperclovax,5026451,1,korean,1
vegetables,hyperclovax,5026451,1,fully,1
vegetables,hyperclovax,5026451,1,legible,1
vegetables,hyperclovax,5026451,1,resolution,1
vegetables,hyperclovax,5026451,1,fresh,1
vegetables,hyperclovax,5026451,1,likely,1
vegetables,hyperclovax,5026451,1,common,1
vegetables,hyperclovax,5026451,1,variety,1
vegetables,hyperclovax,5026451,1,cooking,1
vegetables,hyperclovax,5026451,1,plain,1
vegetables,hyperclovax,5026451,1,light,1
vegetables,hyperclovax,5026451,1,colored,1
vegetables,hyperclovax,5026451,1,surface,1
vegetables,hyperclovax,5026451,1,provide,1
vegetables,hyperclovax,5026451,1,additional,1
vegetables,hyperclovax,5026451,1,context,1
vegetables,hyperclovax,5026451,1,location,1
vegetables,hyperclovax,5026451,1,setting,1
vegetables,hyperclovax,5026451,2,main,1
vegetables,hyperclovax,5026451,2,food,1
vegetables,hyperclovax,5026451,2,product,2
vegetables,hyperclovax,5026451,2,bag,3
vegetables,hyperclovax,5026451,2,onion,4
vegetables,hyperclovax,5026451,2,visible,2
vegetables,hyperclovax,5026451,2,red,2
vegetables,hyperclovax,5026451,2,mesh,2
vegetables,hyperclovax,5026451,2,partially,2
vegetables,hyperclovax,5026451,2,open,1
vegetables,hyperclovax,5026451,2,reveal,1
vegetables,hyperclovax,5026451,2,bulb,1
vegetables,hyperclovax,5026451,2,inside,1
vegetables,hyperclovax,5026451,2,round,1
vegetables,hyperclovax,5026451,2,smooth,1
vegetables,hyperclovax,5026451,2,surface,2
vegetables,hyperclovax,5026451,2,light,2
vegetables,hyperclovax,5026451,2,brown,1
vegetables,hyperclovax,5026451,2,yellowish,1
vegetables,hyperclovax,5026451,2,color,1
vegetables,hyperclovax,5026451,2,packaging,1
vegetables,hyperclovax,5026451,2,white,1
vegetables,hyperclovax,5026451,2,label,1
vegetables,hyperclovax,5026451,2,top,1
vegetables,hyperclovax,5026451,2,likely,1
vegetables,hyperclovax,5026451,2,information,1
vegetables,hyperclovax,5026451,2,plain,1
vegetables,hyperclovax,5026451,2,gray,1
vegetables,hyperclovax,5026451,2,provide,1
vegetables,hyperclovax,5026451,2,neutral,1
vegetables,hyperclovax,5026451,2,backdrop,1
vegetables,hyperclovax,5026451,2,highlight,1
vegetables,hyperclovax,5027318,1,main,1
vegetables,hyperclovax,5027318,1,food,1
vegetables,hyperclovax,5027318,1,product,1
vegetables,hyperclovax,5027318,1,garlic,2
vegetables,hyperclovax,5027318,1,clove,2
vegetables,hyperclovax,5027318,1,light,2
vegetables,hyperclovax,5027318,1,yellow,1
vegetables,hyperclovax,5027318,1,color,1
vegetables,hyperclovax,5027318,1,smooth,1
vegetables,hyperclovax,5027318,1,slightly,1
vegetables,hyperclovax,5027318,1,shiny,1
vegetables,hyperclovax,5027318,1,surface,2
vegetables,hyperclovax,5027318,1,texture,1
vegetables,hyperclovax,5027318,1,arrange,1
vegetables,hyperclovax,5027318,1,wooden,1
vegetables,hyperclovax,5027318,1,bowl,1
vegetables,hyperclovax,5027318,1,plain,1
vegetables,hyperclovax,5027318,1,gray,1
vegetables,hyperclovax,5027318,2,main,1
vegetables,hyperclovax,5027318,2,food,1
vegetables,hyperclovax,5027318,2,product,1
vegetables,hyperclovax,5027318,2,garlic,4
vegetables,hyperclovax,5027318,2,clove,2
vegetables,hyperclovax,5027318,2,white,2
vegetables,hyperclovax,5027318,2,smooth,2
vegetables,hyperclovax,5027318,2,slightly,2
vegetables,hyperclovax,5027318,2,shiny,1
vegetables,hyperclovax,5027318,2,surface,2
vegetables,hyperclovax,5027318,2,indicate,1
vegetables,hyperclovax,5027318,2,freshness,1
vegetables,hyperclovax,5027318,2,unpeeled,1
vegetables,hyperclovax,5027318,2,whole,1
vegetables,hyperclovax,5027318,2,papery,1
vegetables,hyperclovax,5027318,2,outer,1
vegetables,hyperclovax,5027318,2,skin,1
vegetables,hyperclovax,5027318,2,arrange,1
vegetables,hyperclovax,5027318,2,bowl,1
vegetables,hyperclovax,5027318,2,scatter,1
vegetables,hyperclovax,5027318,2,flat,1
vegetables,hyperclovax,5027318,2,light,1
vegetables,hyperclovax,5027318,2,gray,1
vegetables,hyperclovax,5027318,2,cloves,1
vegetables,hyperclovax,5027318,2,vary,1
vegetables,hyperclovax,5027318,2,size,1
vegetables,hyperclovax,5027318,2,shape,1
vegetables,hyperclovax,5027318,2,maintain,1
vegetables,hyperclovax,5027318,2,consistent,1
vegetables,hyperclovax,5027318,2,color,1
vegetables,hyperclovax,5027318,2,texture,1
vegetables,hyperclovax,5027319,1,main,1
vegetables,hyperclovax,5027319,1,food,1
vegetables,hyperclovax,5027319,1,head,1
vegetables,hyperclovax,5027319,1,napa,1
vegetables,hyperclovax,5027319,1,cabbage,5
vegetables,hyperclovax,5027319,1,position,1
vegetables,hyperclovax,5027319,1,centrally,1
vegetables,hyperclovax,5027319,1,white,1
vegetables,hyperclovax,5027319,1,plate,1
vegetables,hyperclovax,5027319,1,showcase,1
vegetables,hyperclovax,5027319,1,vibrant,1
vegetables,hyperclovax,5027319,1,yellow,1
vegetables,hyperclovax,5027319,1,green,1
vegetables,hyperclovax,5027319,1,color,2
vegetables,hyperclovax,5027319,1,distinct,1
vegetables,hyperclovax,5027319,1,layer,2
vegetables,hyperclovax,5027319,1,leaf,4
vegetables,hyperclovax,5027319,1,outer,1
vegetables,hyperclovax,5027319,1,slightly,3
vegetables,hyperclovax,5027319,1,curled,1
vegetables,hyperclovax,5027319,1,exhibit,1
vegetables,hyperclovax,5027319,1,wrinkle,1
vegetables,hyperclovax,5027319,1,texture,2
vegetables,hyperclovax,5027319,1,inner,1
vegetables,hyperclovax,5027319,1,smooth,2
vegetables,hyperclovax,5027319,1,crisp,1
vegetables,hyperclovax,5027319,1,surface,2
vegetables,hyperclovax,5027319,1,visible,2
vegetables,hyperclovax,5027319,1,vein,1
vegetables,hyperclovax,5027319,1,run,1
vegetables,hyperclovax,5027319,1,edge,1
vegetables,hyperclovax,5027319,1,fray,1
vegetables,hyperclovax,5027319,1,indicate,1
vegetables,hyperclovax,5027319,1,freshness,1
vegetables,hyperclovax,5027319,1,plain,1
vegetables,hyperclovax,5027319,1,light,1
vegetables,hyperclovax,5027319,1,gray,1
vegetables,hyperclovax,5027319,1,contrast,1
vegetables,hyperclovax,5027319,1,highlight,1
vegetables,hyperclovax,5027319,1,whole,1
vegetables,hyperclovax,5027319,1,uncut,1
vegetables,hyperclovax,5027319,1,additional,1
vegetables,hyperclovax,5027319,1,ingredient,1
vegetables,hyperclovax,5027319,1,condiment,1
vegetables,hyperclovax,5027319,2,main,1
vegetables,hyperclovax,5027319,2,food,1
vegetables,hyperclovax,5027319,2,product,1
vegetables,hyperclovax,5027319,2,napa,1
vegetables,hyperclovax,5027319,2,cabbage,6
vegetables,hyperclovax,5027319,2,cut,1
vegetables,hyperclovax,5027319,2,half,1
vegetables,hyperclovax,5027319,2,reveal,1
vegetables,hyperclovax,5027319,2,layered,1
vegetables,hyperclovax,5027319,2,structure,1
vegetables,hyperclovax,5027319,2,pale,1
vegetables,hyperclovax,5027319,2,yellow,1
vegetables,hyperclovax,5027319,2,green,1
vegetables,hyperclovax,5027319,2,leaf,2
vegetables,hyperclovax,5027319,2,outer,1
vegetables,hyperclovax,5027319,2,edge,1
vegetables,hyperclovax,5027319,2,slightly,1
vegetables,hyperclovax,5027319,2,darker,1
vegetables,hyperclovax,5027319,2,inner,1
vegetables,hyperclovax,5027319,2,translucent,1
vegetables,hyperclovax,5027319,2,surface,2
vegetables,hyperclovax,5027319,2,texture,1
vegetables,hyperclovax,5027319,2,smooth,1
vegetables,hyperclovax,5027319,2,slight,1
vegetables,hyperclovax,5027319,2,sheen,1
vegetables,hyperclovax,5027319,2,indicate,1
vegetables,hyperclovax,5027319,2,freshness,1
vegetables,hyperclovax,5027319,2,plain,1
vegetables,hyperclovax,5027319,2,light,1
vegetables,hyperclovax,5027319,2,gray,1
vegetables,hyperclovax,5027319,2,contrast,1
vegetables,hyperclovax,5027319,2,vibrant,1
vegetables,hyperclovax,5027319,2,color,1
vegetables,hyperclovax,5027319,2,detail,1
vegetables,hyperclovax,5027319,2,stand,1
vegetables,hyperclovax,5027319,2,clearly,1
vegetables,hyperclovax,5027320,1,main,1
vegetables,hyperclovax,5027320,1,food,1
vegetables,hyperclovax,5027320,1,product,1
vegetables,hyperclovax,5027320,1,green,7
vegetables,hyperclovax,5027320,1,onion,5
vegetables,hyperclovax,5027320,1,fresh,1
vegetables,hyperclovax,5027320,1,top,1
vegetables,hyperclovax,5027320,1,white,2
vegetables,hyperclovax,5027320,1,root,1
vegetables,hyperclovax,5027320,1,arrange,1
vegetables,hyperclovax,5027320,1,clear,1
vegetables,hyperclovax,5027320,1,plastic,1
vegetables,hyperclovax,5027320,1,bag,3
vegetables,hyperclovax,5027320,1,packaging,1
vegetables,hyperclovax,5027320,1,transparent,1
vegetables,hyperclovax,5027320,1,allow,1
vegetables,hyperclovax,5027320,1,visible,1
vegetables,hyperclovax,5027320,1,label,1
vegetables,hyperclovax,5027320,1,text,1
vegetables,hyperclovax,5027320,1,i_am_ground,1
vegetables,hyperclovax,5027320,1,print,1
vegetables,hyperclovax,5027320,1,black,1
vegetables,hyperclovax,5027320,1,capital,1
vegetables,hyperclovax,5027320,1,letter,1
vegetables,hyperclovax,5027320,1,plain,1
vegetables,hyperclovax,5027320,1,light,1
vegetables,hyperclovax,5027320,1,grey,1
vegetables,hyperclovax,5027320,1,surface,1
vegetables,hyperclovax,5027320,1,contrast,1
vegetables,hyperclovax,5027320,1,color,1
vegetables,hyperclovax,5027320,1,uniform,1
vegetables,hyperclovax,5027320,1,size,1
vegetables,hyperclovax,5027320,1,tightly,1
vegetables,hyperclovax,5027320,1,pack,1
vegetables,hyperclovax,5027320,2,main,1
vegetables,hyperclovax,5027320,2,food,1
vegetables,hyperclovax,5027320,2,product,1
vegetables,hyperclovax,5027320,2,green,7
vegetables,hyperclovax,5027320,2,onion,5
vegetables,hyperclovax,5027320,2,fresh,1
vegetables,hyperclovax,5027320,2,top,1
vegetables,hyperclovax,5027320,2,white,2
vegetables,hyperclovax,5027320,2,light,2
vegetables,hyperclovax,5027320,2,basis,1
vegetables,hyperclovax,5027320,2,arrange,1
vegetables,hyperclovax,5027320,2,clear,1
vegetables,hyperclovax,5027320,2,plastic,1
vegetables,hyperclovax,5027320,2,bag,1
vegetables,hyperclovax,5027320,2,black,1
vegetables,hyperclovax,5027320,2,label,1
vegetables,hyperclovax,5027320,2,read,1
vegetables,hyperclovax,5027320,2,i_am_ground,1
vegetables,hyperclovax,5027320,2,bold,1
vegetables,hyperclovax,5027320,2,capital,1
vegetables,hyperclovax,5027320,2,letter,1
vegetables,hyperclovax,5027320,2,packaging,2
vegetables,hyperclovax,5027320,2,transparent,1
vegetables,hyperclovax,5027320,2,allow,1
vegetables,hyperclovax,5027320,2,clearly,1
vegetables,hyperclovax,5027320,2,visible,1
vegetables,hyperclovax,5027320,2,smooth,1
vegetables,hyperclovax,5027320,2,texture,1
vegetables,hyperclovax,5027320,2,unpeele,1
vegetables,hyperclovax,5027320,2,plain,1
vegetables,hyperclovax,5027320,2,gray,1
vegetables,hyperclovax,5027320,2,surface,1
vegetables,hyperclovax,5027320,2,provide,1
vegetables,hyperclovax,5027320,2,neutral,1
vegetables,hyperclovax,5027320,2,backdrop,1
vegetables,hyperclovax,5027320,2,highlight,1
vegetables,hyperclovax,5030557,1,main,1
vegetables,hyperclovax,5030557,1,food,1
vegetables,hyperclovax,5030557,1,item,1
vegetables,hyperclovax,5030557,1,2,1
vegetables,hyperclovax,5030557,1,bell,3
vegetables,hyperclovax,5030557,1,pepper,5
vegetables,hyperclovax,5030557,1,yellow,2
vegetables,hyperclovax,5030557,1,position,1
vegetables,hyperclovax,5030557,1,left,1
vegetables,hyperclovax,5030557,1,characterize,1
vegetables,hyperclovax,5030557,1,smooth,2
vegetables,hyperclovax,5030557,1,glossy,2
vegetables,hyperclovax,5030557,1,surface,3
vegetables,hyperclovax,5030557,1,vibrant,1
vegetables,hyperclovax,5030557,1,color,3
vegetables,hyperclovax,5030557,1,rounded,1
vegetables,hyperclovax,5030557,1,shape,1
vegetables,hyperclovax,5030557,1,slightly,1
vegetables,hyperclovax,5030557,1,narrow,1
vegetables,hyperclovax,5030557,1,top,2
vegetables,hyperclovax,5030557,1,stem,2
vegetables,hyperclovax,5030557,1,attach,2
vegetables,hyperclovax,5030557,1,red,2
vegetables,hyperclovax,5030557,1,right,1
vegetables,hyperclovax,5030557,1,similar,1
vegetables,hyperclovax,5030557,1,texture,2
vegetables,hyperclovax,5030557,1,deep,1
vegetables,hyperclovax,5030557,1,green,1
vegetables,hyperclovax,5030557,1,plain,1
vegetables,hyperclovax,5030557,1,light,1
vegetables,hyperclovax,5030557,1,colored,1
vegetables,hyperclovax,5030557,1,provide,1
vegetables,hyperclovax,5030557,1,neutral,1
vegetables,hyperclovax,5030557,1,backdrop,1
vegetables,hyperclovax,5030557,1,highlight,1
vegetables,hyperclovax,5030557,2,main,1
vegetables,hyperclovax,5030557,2,food,1
vegetables,hyperclovax,5030557,2,item,1
vegetables,hyperclovax,5030557,2,2,1
vegetables,hyperclovax,5030557,2,bell,3
vegetables,hyperclovax,5030557,2,pepper,6
vegetables,hyperclovax,5030557,2,yellow,2
vegetables,hyperclovax,5030557,2,left,1
vegetables,hyperclovax,5030557,2,characterize,1
vegetables,hyperclovax,5030557,2,smooth,2
vegetables,hyperclovax,5030557,2,glossy,2
vegetables,hyperclovax,5030557,2,surface,3
vegetables,hyperclovax,5030557,2,rounded,2
vegetables,hyperclovax,5030557,2,shape,2
vegetables,hyperclovax,5030557,2,vibrant,1
vegetables,hyperclovax,5030557,2,color,3
vegetables,hyperclovax,5030557,2,green,2
vegetables,hyperclovax,5030557,2,stem,2
vegetables,hyperclovax,5030557,2,red,2
vegetables,hyperclovax,5030557,2,right,1
vegetables,hyperclovax,5030557,2,similarly,1
vegetables,hyperclovax,5030557,2,bright,1
vegetables,hyperclovax,5030557,2,white,1
vegetables,hyperclovax,5030557,2,marble,1
vegetables,hyperclovax,5030557,2,texture,2
vegetables,hyperclovax,5030557,2,plain,1
vegetables,hyperclovax,5030557,2,unobtrusive,1
vegetables,hyperclovax,5030557,2,ensure,1
vegetables,hyperclovax,5030557,2,focus,2
vegetables,hyperclovax,5030557,2,remain,1
vegetables,hyperclovax,5030557,2,central,1
vegetables,hyperclovax,5030557,2,clearly,1
vegetables,hyperclovax,5030557,2,distinguishable,1
vegetables,hyperclovax,5030559,1,main,1
vegetables,hyperclovax,5030559,1,food,1
vegetables,hyperclovax,5030559,1,item,1
vegetables,hyperclovax,5030559,1,zucchini,5
vegetables,hyperclovax,5030559,1,long,1
vegetables,hyperclovax,5030559,1,cylindrical,1
vegetables,hyperclovax,5030559,1,vegetable,1
vegetables,hyperclovax,5030559,1,smooth,1
vegetables,hyperclovax,5030559,1,green,1
vegetables,hyperclovax,5030559,1,surface,1
vegetables,hyperclovax,5030559,1,white,1
vegetables,hyperclovax,5030559,1,cloth,2
vegetables,hyperclovax,5030559,1,slightly,1
vegetables,hyperclovax,5030559,1,wrinkle,1
vegetables,hyperclovax,5030559,1,indicate,1
vegetables,hyperclovax,5030559,1,handle,1
vegetables,hyperclovax,5030559,1,plain,1
vegetables,hyperclovax,5030559,1,light,1
vegetables,hyperclovax,5030559,1,colored,1
vegetables,hyperclovax,5030559,1,fabric,1
vegetables,hyperclovax,5030559,1,provide,1
vegetables,hyperclovax,5030559,1,neutral,1
vegetables,hyperclovax,5030559,1,backdrop,1
vegetables,hyperclovax,5030559,1,emphasize,1
vegetables,hyperclovax,5030559,1,color,1
vegetables,hyperclovax,5030559,1,texture,1
vegetables,hyperclovax,5030559,1,visible,1
vegetables,hyperclovax,5030559,1,text,1
vegetables,hyperclovax,5030559,1,brand,1
vegetables,hyperclovax,5030559,1,distinguishing,1
vegetables,hyperclovax,5030559,1,mark,1
vegetables,hyperclovax,5030559,1,stem,1
vegetables,hyperclovax,5030559,1,intact,1
vegetables,hyperclovax,5030559,1,point,1
vegetables,hyperclovax,5030559,1,upwards,1
vegetables,hyperclovax,5030559,1,suggest,1
vegetables,hyperclovax,5030559,1,freshness,1
vegetables,hyperclovax,5030559,2,main,1
vegetables,hyperclovax,5030559,2,food,1
vegetables,hyperclovax,5030559,2,zucchini,4
vegetables,hyperclovax,5030559,2,slice,2
vegetables,hyperclovax,5030559,2,lengthwise,1
vegetables,hyperclovax,5030559,2,reveal,1
vegetables,hyperclovax,5030559,2,green,2
vegetables,hyperclovax,5030559,2,outer,1
vegetables,hyperclovax,5030559,2,skin,1
vegetables,hyperclovax,5030559,2,pale,1
vegetables,hyperclovax,5030559,2,yellow,1
vegetables,hyperclovax,5030559,2,flesh,2
vegetables,hyperclovax,5030559,2,visible,2
vegetables,hyperclovax,5030559,2,seed,2
vegetables,hyperclovax,5030559,2,arrange,1
vegetables,hyperclovax,5030559,2,light,1
vegetables,hyperclovax,5030559,2,color,2
vegetables,hyperclovax,5030559,2,wooden,1
vegetables,hyperclovax,5030559,2,cutting,1
vegetables,hyperclovax,5030559,2,board,1
vegetables,hyperclovax,5030559,2,texture,2
vegetables,hyperclovax,5030559,2,beige,1
vegetables,hyperclovax,5030559,2,fabric,1
vegetables,hyperclovax,5030559,2,surface,2
vegetables,hyperclovax,5030559,2,smooth,1
vegetables,hyperclovax,5030559,2,minor,1
vegetables,hyperclovax,5030559,2,ridge,1
vegetables,hyperclovax,5030559,2,small,1
vegetables,hyperclovax,5030559,2,numerous,1
vegetables,hyperclovax,5030559,2,packaging,1
vegetables,hyperclovax,5030559,2,brand,1
vegetables,hyperclovax,5030559,2,element,1
vegetables,hyperclovax,5030559,2,fresh,1
vegetables,hyperclovax,5030559,2,uncooked,1
vegetables,hyperclovax,5030559,2,vibrant,1
vegetables,hyperclovax,5030559,2,glossy,1
vegetables,hyperclovax,5030559,2,sheen,1
vegetables,hyperclovax,5030559,2,likely,1
vegetables,hyperclovax,5030559,2,moisture,1
vegetables,hyperclovax,5031100,1,main,1
vegetables,hyperclovax,5031100,1,food,1
vegetables,hyperclovax,5031100,1,product,1
vegetables,hyperclovax,5031100,1,head,1
vegetables,hyperclovax,5031100,1,romaine,2
vegetables,hyperclovax,5031100,1,lettuce,4
vegetables,hyperclovax,5031100,1,position,1
vegetables,hyperclovax,5031100,1,white,1
vegetables,hyperclovax,5031100,1,plate,1
vegetables,hyperclovax,5031100,1,half,1
vegetables,hyperclovax,5031100,1,cut,1
vegetables,hyperclovax,5031100,1,reveal,1
vegetables,hyperclovax,5031100,1,layered,1
vegetables,hyperclovax,5031100,1,crisp,1
vegetables,hyperclovax,5031100,1,texture,2
vegetables,hyperclovax,5031100,1,green,3
vegetables,hyperclovax,5031100,1,color,2
vegetables,hyperclovax,5031100,1,outer,1
vegetables,hyperclovax,5031100,1,leaf,2
vegetables,hyperclovax,5031100,1,slightly,1
vegetables,hyperclovax,5031100,1,dark,1
vegetables,hyperclovax,5031100,1,inner,1
vegetables,hyperclovax,5031100,1,light,2
vegetables,hyperclovax,5031100,1,create,1
vegetables,hyperclovax,5031100,1,gradient,1
vegetables,hyperclovax,5031100,1,effect,1
vegetables,hyperclovax,5031100,1,surface,2
vegetables,hyperclovax,5031100,1,smooth,1
vegetables,hyperclovax,5031100,1,natural,1
vegetables,hyperclovax,5031100,1,variation,1
vegetables,hyperclovax,5031100,1,typical,1
vegetables,hyperclovax,5031100,1,fresh,2
vegetables,hyperclovax,5031100,1,produce,1
vegetables,hyperclovax,5031100,1,plain,1
vegetables,hyperclovax,5031100,1,gray,1
vegetables,hyperclovax,5031100,1,contrast,1
vegetables,hyperclovax,5031100,1,highlight,1
vegetables,hyperclovax,5031100,1,appearance,1
vegetables,hyperclovax,5031100,2,main,1
vegetables,hyperclovax,5031100,2,food,1
vegetables,hyperclovax,5031100,2,product,1
vegetables,hyperclovax,5031100,2,head,2
vegetables,hyperclovax,5031100,2,romaine,1
vegetables,hyperclovax,5031100,2,lettuce,3
vegetables,hyperclovax,5031100,2,visible,1
vegetables,hyperclovax,5031100,2,include,1
vegetables,hyperclovax,5031100,2,green,2
vegetables,hyperclovax,5031100,2,outer,1
vegetables,hyperclovax,5031100,2,leaf,2
vegetables,hyperclovax,5031100,2,tightly,1
vegetables,hyperclovax,5031100,2,pack,1
vegetables,hyperclovax,5031100,2,layered,1
vegetables,hyperclovax,5031100,2,inner,2
vegetables,hyperclovax,5031100,2,light,1
vegetables,hyperclovax,5031100,2,color,2
vegetables,hyperclovax,5031100,2,transition,1
vegetables,hyperclovax,5031100,2,white,1
vegetables,hyperclovax,5031100,2,yellow,1
vegetables,hyperclovax,5031100,2,whole,1
vegetables,hyperclovax,5031100,2,left,1
vegetables,hyperclovax,5031100,2,side,1
vegetables,hyperclovax,5031100,2,partially,1
vegetables,hyperclovax,5031100,2,cut,1
vegetables,hyperclovax,5031100,2,right,1
vegetables,hyperclovax,5031100,2,reveal,1
vegetables,hyperclovax,5031100,2,structure,1
vegetables,hyperclovax,5031100,2,surface,1
vegetables,hyperclovax,5031100,2,texture,1
vegetables,hyperclovax,5031100,2,smooth,1
vegetables,hyperclovax,5031100,2,natural,1
vegetables,hyperclovax,5031100,2,variation,1
vegetables,hyperclovax,5031100,2,moisture,1
vegetables,hyperclovax,5031100,2,content,1
vegetables,hyperclovax,5031391,1,main,1
vegetables,hyperclovax,5031391,1,food,1
vegetables,hyperclovax,5031391,1,product,1
vegetables,hyperclovax,5031391,1,type,2
vegetables,hyperclovax,5031391,1,edible,1
vegetables,hyperclovax,5031391,1,mushroom,7
vegetables,hyperclovax,5031391,1,specifically,1
vegetables,hyperclovax,5031391,1,identify,1
vegetables,hyperclovax,5031391,1,shiitake,1
vegetables,hyperclovax,5031391,1,fresh,2
vegetables,hyperclovax,5031391,1,light,1
vegetables,hyperclovax,5031391,1,beige,1
vegetables,hyperclovax,5031391,1,color,2
vegetables,hyperclovax,5031391,1,dense,1
vegetables,hyperclovax,5031391,1,cluster,1
vegetables,hyperclovax,5031391,1,slender,1
vegetables,hyperclovax,5031391,1,white,2
vegetables,hyperclovax,5031391,1,stalk,1
vegetables,hyperclovax,5031391,1,surface,1
vegetables,hyperclovax,5031391,1,texture,2
vegetables,hyperclovax,5031391,1,slightly,1
vegetables,hyperclovax,5031391,1,rough,1
vegetables,hyperclovax,5031391,1,visible,1
vegetables,hyperclovax,5031391,1,gill,1
vegetables,hyperclovax,5031391,1,cap,1
vegetables,hyperclovax,5031391,1,cloth,1
vegetables,hyperclovax,5031391,1,contrast,1
vegetables,hyperclovax,5031391,1,highlight,1
vegetables,hyperclovax,5031391,1,detail,1
vegetables,hyperclovax,5031391,1,whole,1
vegetables,hyperclovax,5031391,1,uncut,1
vegetables,hyperclovax,5031391,1,stem,1
vegetables,hyperclovax,5031391,1,attach,1
vegetables,hyperclovax,5031391,1,base,1
vegetables,hyperclovax,5031391,1,typical,1
vegetables,hyperclovax,5031391,1,presentation,1
vegetables,hyperclovax,5031391,2,main,1
vegetables,hyperclovax,5031391,2,food,1
vegetables,hyperclovax,5031391,2,product,1
vegetables,hyperclovax,5031391,2,fresh,2
vegetables,hyperclovax,5031391,2,shiitake,1
vegetables,hyperclovax,5031391,2,mushroom,5
vegetables,hyperclovax,5031391,2,distinctive,1
vegetables,hyperclovax,5031391,2,appearance,1
vegetables,hyperclovax,5031391,2,light,1
vegetables,hyperclovax,5031391,2,beige,1
vegetables,hyperclovax,5031391,2,color,3
vegetables,hyperclovax,5031391,2,dense,1
vegetables,hyperclovax,5031391,2,cluster,1
vegetables,hyperclovax,5031391,2,small,1
vegetables,hyperclovax,5031391,2,round,1
vegetables,hyperclovax,5031391,2,cap,1
vegetables,hyperclovax,5031391,2,stem,1
vegetables,hyperclovax,5031391,2,long,1
vegetables,hyperclovax,5031391,2,slender,1
vegetables,hyperclovax,5031391,2,slightly,1
vegetables,hyperclovax,5031391,2,curve,1
vegetables,hyperclovax,5031391,2,shape,2
vegetables,hyperclovax,5031391,2,attach,1
vegetables,hyperclovax,5031391,2,broad,1
vegetables,hyperclovax,5031391,2,flat,1
vegetables,hyperclovax,5031391,2,base,1
vegetables,hyperclovax,5031391,2,lay,1
vegetables,hyperclovax,5031391,2,texture,3
vegetables,hyperclovax,5031391,2,white,1
vegetables,hyperclovax,5031391,2,cloth,1
vegetables,hyperclovax,5031391,2,provide,2
vegetables,hyperclovax,5031391,2,neutral,1
vegetables,hyperclovax,5031391,2,highlight,1
vegetables,hyperclovax,5031391,2,natural,1
vegetables,hyperclovax,5031391,2,whole,1
vegetables,hyperclovax,5031391,2,sign,1
vegetables,hyperclovax,5031391,2,damage,1
vegetables,hyperclovax,5031391,2,decay,1
vegetables,hyperclovax,5031391,2,focus,1
vegetables,hyperclovax,5031391,2,solely,1
vegetables,hyperclovax,5031391,2,clear,1
vegetables,hyperclovax,5031391,2,view,1
vegetables,hyperclovax,5031391,2,surface,1
vegetables,hyperclovax,5031395,1,main,1
vegetables,hyperclovax,5031395,1,food,1
vegetables,hyperclovax,5031395,1,item,1
vegetables,hyperclovax,5031395,1,daikon,3
vegetables,hyperclovax,5031395,1,radish,7
vegetables,hyperclovax,5031395,1,elongate,1
vegetables,hyperclovax,5031395,1,tapered,1
vegetables,hyperclovax,5031395,1,end,1
vegetables,hyperclovax,5031395,1,exhibit,1
vegetables,hyperclovax,5031395,1,smooth,1
vegetables,hyperclovax,5031395,1,slightly,1
vegetables,hyperclovax,5031395,1,texture,2
vegetables,hyperclovax,5031395,1,surface,2
vegetables,hyperclovax,5031395,1,upper,1
vegetables,hyperclovax,5031395,1,greenish,1
vegetables,hyperclovax,5031395,1,yellow,1
vegetables,hyperclovax,5031395,1,low,1
vegetables,hyperclovax,5031395,1,pale,1
vegetables,hyperclovax,5031395,1,cream,1
vegetables,hyperclovax,5031395,1,color,3
vegetables,hyperclovax,5031395,1,brownish,1
vegetables,hyperclovax,5031395,1,spot,1
vegetables,hyperclovax,5031395,1,indicate,1
vegetables,hyperclovax,5031395,1,natural,1
vegetables,hyperclovax,5031395,1,variation,1
vegetables,hyperclovax,5031395,1,plain,2
vegetables,hyperclovax,5031395,1,white,2
vegetables,hyperclovax,5031395,1,plate,1
vegetables,hyperclovax,5031395,1,contrast,1
vegetables,hyperclovax,5031395,1,focal,1
vegetables,hyperclovax,5031395,1,point,1
vegetables,hyperclovax,5031395,1,distract,1
vegetables,hyperclovax,5031395,1,shape,1
vegetables,hyperclovax,5031395,1,coloration,1
vegetables,hyperclovax,5031395,1,typical,1
vegetables,hyperclovax,5031395,1,variety,1
vegetables,hyperclovax,5031395,1,commonly,1
vegetables,hyperclovax,5031395,1,culinary,1
vegetables,hyperclovax,5031395,1,contexts,1
vegetables,hyperclovax,5031395,2,main,1
vegetables,hyperclovax,5031395,2,food,1
vegetables,hyperclovax,5031395,2,root,1
vegetables,hyperclovax,5031395,2,vegetable,2
vegetables,hyperclovax,5031395,2,specifically,1
vegetables,hyperclovax,5031395,2,daikon,3
vegetables,hyperclovax,5031395,2,radish,5
vegetables,hyperclovax,5031395,2,cut,1
vegetables,hyperclovax,5031395,2,several,1
vegetables,hyperclovax,5031395,2,slice,3
vegetables,hyperclovax,5031395,2,reveal,1
vegetables,hyperclovax,5031395,2,white,2
vegetables,hyperclovax,5031395,2,interior,1
vegetables,hyperclovax,5031395,2,smooth,1
vegetables,hyperclovax,5031395,2,texture,1
vegetables,hyperclovax,5031395,2,slight,1
vegetables,hyperclovax,5031395,2,sheen,1
vegetables,hyperclovax,5031395,2,outer,1
vegetables,hyperclovax,5031395,2,skin,1
vegetables,hyperclovax,5031395,2,greenish,1
vegetables,hyperclovax,5031395,2,yellow,1
vegetables,hyperclovax,5031395,2,brown,1
vegetables,hyperclovax,5031395,2,spot,1
vegetables,hyperclovax,5031395,2,indicate,1
vegetables,hyperclovax,5031395,2,natural,1
vegetables,hyperclovax,5031395,2,growth,1
vegetables,hyperclovax,5031395,2,mark,1
vegetables,hyperclovax,5031395,2,arrange,1
vegetables,hyperclovax,5031395,2,plate,1
vegetables,hyperclovax,5031395,2,contrast,1
vegetables,hyperclovax,5031395,2,color,1
vegetables,hyperclovax,5031395,2,stand,1
vegetables,hyperclovax,5031395,2,focus,1
vegetables,hyperclovax,5031395,2,solely,1
vegetables,hyperclovax,5031395,2,fresh,1
vegetables,hyperclovax,5031395,2,present,1
vegetables,hyperclovax,5031395,2,clean,1
vegetables,hyperclovax,5031395,2,simple,1
vegetables,hyperclovax,5031395,2,manner,1
vegetables,hyperclovax,5036663,1,main,1
vegetables,hyperclovax,5036663,1,food,1
vegetables,hyperclovax,5036663,1,product,1
vegetables,hyperclovax,5036663,1,fresh,2
vegetables,hyperclovax,5036663,1,green,4
vegetables,hyperclovax,5036663,1,spring,3
vegetables,hyperclovax,5036663,1,onion,3
vegetables,hyperclovax,5036663,1,characterize,1
vegetables,hyperclovax,5036663,1,long,1
vegetables,hyperclovax,5036663,1,slender,1
vegetables,hyperclovax,5036663,1,stalk,1
vegetables,hyperclovax,5036663,1,small,1
vegetables,hyperclovax,5036663,1,white,1
vegetables,hyperclovax,5036663,1,bulb,1
vegetables,hyperclovax,5036663,1,base,1
vegetables,hyperclovax,5036663,1,surface,2
vegetables,hyperclovax,5036663,1,texture,1
vegetables,hyperclovax,5036663,1,smooth,1
vegetables,hyperclovax,5036663,1,slightly,1
vegetables,hyperclovax,5036663,1,shiny,1
vegetables,hyperclovax,5036663,1,indicate,1
vegetables,hyperclovax,5036663,1,freshness,1
vegetables,hyperclovax,5036663,1,arrange,1
vegetables,hyperclovax,5036663,1,upright,1
vegetables,hyperclovax,5036663,1,neat,1
vegetables,hyperclovax,5036663,1,vertical,1
vegetables,hyperclovax,5036663,1,stack,1
vegetables,hyperclovax,5036663,1,visible,1
vegetables,hyperclovax,5036663,1,packaging,1
vegetables,hyperclovax,5036663,1,brand,1
vegetables,hyperclovax,5036663,1,plain,1
vegetables,hyperclovax,5036663,1,light,1
vegetables,hyperclovax,5036663,1,gray,1
vegetables,hyperclovax,5036663,1,contrast,1
vegetables,hyperclovax,5036663,1,vibrant,1
vegetables,hyperclovax,5036663,1,color,1
vegetables,hyperclovax,5036663,1,highlight,1
vegetables,hyperclovax,5036663,1,appearance,1
vegetables,hyperclovax,5036663,2,main,1
vegetables,hyperclovax,5036663,2,food,1
vegetables,hyperclovax,5036663,2,product,1
vegetables,hyperclovax,5036663,2,fresh,2
vegetables,hyperclovax,5036663,2,green,4
vegetables,hyperclovax,5036663,2,chive,7
vegetables,hyperclovax,5036663,2,characterize,1
vegetables,hyperclovax,5036663,2,long,1
vegetables,hyperclovax,5036663,2,slender,1
vegetables,hyperclovax,5036663,2,leaf,1
vegetables,hyperclovax,5036663,2,tightly,1
vegetables,hyperclovax,5036663,2,pack,1
vegetables,hyperclovax,5036663,2,exhibit,1
vegetables,hyperclovax,5036663,2,vibrant,1
vegetables,hyperclovax,5036663,2,color,2
vegetables,hyperclovax,5036663,2,surface,2
vegetables,hyperclovax,5036663,2,texture,1
vegetables,hyperclovax,5036663,2,smooth,1
vegetables,hyperclovax,5036663,2,slightly,1
vegetables,hyperclovax,5036663,2,glossy,1
vegetables,hyperclovax,5036663,2,indicate,1
vegetables,hyperclovax,5036663,2,freshness,1
vegetables,hyperclovax,5036663,2,arrange,1
vegetables,hyperclovax,5036663,2,loose,1
vegetables,hyperclovax,5036663,2,bundle,1
vegetables,hyperclovax,5036663,2,packaging,1
vegetables,hyperclovax,5036663,2,visible,2
vegetables,hyperclovax,5036663,2,plain,1
vegetables,hyperclovax,5036663,2,light,1
vegetables,hyperclovax,5036663,2,gray,1
vegetables,hyperclovax,5036663,2,contrast,1
vegetables,hyperclovax,5036663,2,focal,1
vegetables,hyperclovax,5036663,2,point,1
vegetables,hyperclovax,5036663,2,unprocessed,1
vegetables,hyperclovax,5036663,2,sign,1
vegetables,hyperclovax,5036663,2,wilt,1
vegetables,hyperclovax,5036663,2,damage,1
vegetables,hyperclovax,5036663,2,provide,1
vegetables,hyperclovax,5036663,2,information,1
vegetables,hyperclovax,5036663,2,quantity,1
vegetables,hyperclovax,5036663,2,weight,1
vegetables,hyperclovax,5042793,1,main,1
vegetables,hyperclovax,5042793,1,food,1
vegetables,hyperclovax,5042793,1,product,4
vegetables,hyperclovax,5042793,1,frozen,2
vegetables,hyperclovax,5042793,1,broccoli,3
vegetables,hyperclovax,5042793,1,white,2
vegetables,hyperclovax,5042793,1,plate,1
vegetables,hyperclovax,5042793,1,showcase,1
vegetables,hyperclovax,5042793,1,vibrant,1
vegetables,hyperclovax,5042793,1,green,3
vegetables,hyperclovax,5042793,1,color,1
vegetables,hyperclovax,5042793,1,fresh,1
vegetables,hyperclovax,5042793,1,appearance,1
vegetables,hyperclovax,5042793,1,packaging,3
vegetables,hyperclovax,5042793,1,bag,1
vegetables,hyperclovax,5042793,1,text,2
vegetables,hyperclovax,5042793,1,organic_broccoli,1
vegetables,hyperclovax,5042793,1,prominently,1
vegetables,hyperclovax,5042793,1,brand,1
vegetables,hyperclovax,5042793,1,quick_cooking,1
vegetables,hyperclovax,5042793,1,word,1
vegetables,hyperclovax,5042793,1,organic,2
vegetables,hyperclovax,5042793,1,include,1
vegetables,hyperclovax,5042793,1,floret,1
vegetables,hyperclovax,5042793,1,reinforce,1
vegetables,hyperclovax,5042793,1,identity,1
vegetables,hyperclovax,5042793,1,냉동유기농_브로콜리,1
vegetables,hyperclovax,5042793,1,visible,1
vegetables,hyperclovax,5042793,1,indicate,1
vegetables,hyperclovax,5042793,1,nature,1
vegetables,hyperclovax,5042793,1,state,1
vegetables,hyperclovax,5042793,1,design,1
vegetables,hyperclovax,5042793,1,easily,1
vegetables,hyperclovax,5042793,1,readable,1
vegetables,hyperclovax,5042793,1,informative,1
vegetables,hyperclovax,5042793,1,provide,1
vegetables,hyperclovax,5042793,1,clear,1
vegetables,hyperclovax,5042793,1,visual,1
vegetables,hyperclovax,5042793,1,representation,1
vegetables,hyperclovax,5042793,2,main,1
vegetables,hyperclovax,5042793,2,food,1
vegetables,hyperclovax,5042793,2,broccoli,5
vegetables,hyperclovax,5042793,2,cut,1
vegetables,hyperclovax,5042793,2,floret,3
vegetables,hyperclovax,5042793,2,arrange,1
vegetables,hyperclovax,5042793,2,white,1
vegetables,hyperclovax,5042793,2,plate,3
vegetables,hyperclovax,5042793,2,exhibit,1
vegetables,hyperclovax,5042793,2,vibrant,1
vegetables,hyperclovax,5042793,2,green,2
vegetables,hyperclovax,5042793,2,color,2
vegetables,hyperclovax,5042793,2,visible,1
vegetables,hyperclovax,5042793,2,texture,1
vegetables,hyperclovax,5042793,2,small,1
vegetables,hyperclovax,5042793,2,seed,1
vegetables,hyperclovax,5042793,2,surface,2
vegetables,hyperclovax,5042793,2,plain,1
vegetables,hyperclovax,5042793,2,light,1
vegetables,hyperclovax,5042793,2,gray,1
vegetables,hyperclovax,5042793,2,provide,1
vegetables,hyperclovax,5042793,2,neutral,1
vegetables,hyperclovax,5042793,2,highlight,1
vegetables,hyperclovax,5042793,2,focus,1
vegetables,hyperclovax,5042793,2,solely,1
vegetables,hyperclovax,5042793,2,additional,1
vegetables,hyperclovax,5042793,2,context,1
vegetables,hyperclovax,5042793,2,element,1
vegetables,hyperclovax,5042793,2,fresh,1
vegetables,hyperclovax,5042793,2,prepare,1
vegetables,hyperclovax,5042793,2,likely,1
vegetables,hyperclovax,5042793,2,steamed,1
vegetables,hyperclovax,5042793,2,blanched,1
vegetables,hyperclovax,5042793,2,slight,1
vegetables,hyperclovax,5042793,2,sheen,1
vegetables,hyperclovax,5044050,1,main,1
vegetables,hyperclovax,5044050,1,food,2
vegetables,hyperclovax,5044050,1,product,1
vegetables,hyperclovax,5044050,1,root,5
vegetables,hyperclovax,5044050,1,vegetable,1
vegetables,hyperclovax,5044050,1,specifically,1
vegetables,hyperclovax,5044050,1,lotus,2
vegetables,hyperclovax,5044050,1,wooden,1
vegetables,hyperclovax,5044050,1,cutting,1
vegetables,hyperclovax,5044050,1,board,2
vegetables,hyperclovax,5044050,1,light,1
vegetables,hyperclovax,5044050,1,beige,1
vegetables,hyperclovax,5044050,1,color,1
vegetables,hyperclovax,5044050,1,rough,1
vegetables,hyperclovax,5044050,1,texture,1
vegetables,hyperclovax,5044050,1,surface,2
vegetables,hyperclovax,5044050,1,cut,1
vegetables,hyperclovax,5044050,1,several,1
vegetables,hyperclovax,5044050,1,slice,2
vegetables,hyperclovax,5044050,1,reveal,1
vegetables,hyperclovax,5044050,1,white,1
vegetables,hyperclovax,5044050,1,interior,1
vegetables,hyperclovax,5044050,1,pattern,1
vegetables,hyperclovax,5044050,1,small,1
vegetables,hyperclovax,5044050,1,hole,1
vegetables,hyperclovax,5044050,1,arrange,1
vegetables,hyperclovax,5044050,1,neatly,1
vegetables,hyperclovax,5044050,1,showcase,1
vegetables,hyperclovax,5044050,1,uniform,1
vegetables,hyperclovax,5044050,1,shape,1
vegetables,hyperclovax,5044050,1,size,1
vegetables,hyperclovax,5044050,1,plain,1
vegetables,hyperclovax,5044050,1,gray,1
vegetables,hyperclovax,5044050,1,contrast,1
vegetables,hyperclovax,5044050,1,natural,1
vegetables,hyperclovax,5044050,1,tone,1
vegetables,hyperclovax,5044050,1,wood,1
vegetables,hyperclovax,5044050,1,focus,1
vegetables,hyperclovax,5044050,1,solely,1
vegetables,hyperclovax,5044050,1,item,1
vegetables,hyperclovax,5044050,1,additional,1
vegetables,hyperclovax,5044050,1,context,1
vegetables,hyperclovax,5044050,1,element,1
vegetables,hyperclovax,5044050,2,main,1
vegetables,hyperclovax,5044050,2,food,1
vegetables,hyperclovax,5044050,2,product,1
vegetables,hyperclovax,5044050,2,root,7
vegetables,hyperclovax,5044050,2,vegetable,1
vegetables,hyperclovax,5044050,2,specifically,1
vegetables,hyperclovax,5044050,2,lotus,6
vegetables,hyperclovax,5044050,2,2,1
vegetables,hyperclovax,5044050,2,form,1
vegetables,hyperclovax,5044050,2,whole,2
vegetables,hyperclovax,5044050,2,slice,2
vegetables,hyperclovax,5044050,2,light,1
vegetables,hyperclovax,5044050,2,beige,1
vegetables,hyperclovax,5044050,2,rough,1
vegetables,hyperclovax,5044050,2,textured,1
vegetables,hyperclovax,5044050,2,surface,2
vegetables,hyperclovax,5044050,2,distinctive,1
vegetables,hyperclovax,5044050,2,pattern,3
vegetables,hyperclovax,5044050,2,circular,2
vegetables,hyperclovax,5044050,2,hole,2
vegetables,hyperclovax,5044050,2,length,1
vegetables,hyperclovax,5044050,2,sliced,1
vegetables,hyperclovax,5044050,2,piece,2
vegetables,hyperclovax,5044050,2,arrange,1
vegetables,hyperclovax,5044050,2,neatly,1
vegetables,hyperclovax,5044050,2,wooden,3
vegetables,hyperclovax,5044050,2,cutting,3
vegetables,hyperclovax,5044050,2,board,3
vegetables,hyperclovax,5044050,2,showcase,1
vegetables,hyperclovax,5044050,2,hollow,1
vegetables,hyperclovax,5044050,2,interior,1
vegetables,hyperclovax,5044050,2,natural,2
vegetables,hyperclovax,5044050,2,wood,1
vegetables,hyperclovax,5044050,2,grain,1
vegetables,hyperclovax,5044050,2,gray,1
vegetables,hyperclovax,5044050,2,texture,2
vegetables,hyperclovax,5044050,2,brand,1
vegetables,hyperclovax,5044050,2,steelworks,1
vegetables,hyperclovax,5044050,2,visible,1
vegetables,hyperclovax,5044050,2,hold,1
vegetables,hyperclovax,5044050,2,focus,1
vegetables,hyperclovax,5044050,2,presentation,1
vegetables,hyperclovax,5044050,2,highlight,1
vegetables,hyperclovax,5044050,2,unique,1
vegetables,hyperclovax,5044050,2,additional,1
vegetables,hyperclovax,5044050,2,context,1
vegetables,hyperclovax,5044050,2,element,1
vegetables,hyperclovax,5045384,1,main,1
vegetables,hyperclovax,5045384,1,food,1
vegetables,hyperclovax,5045384,1,product,1
vegetables,hyperclovax,5045384,1,collection,1
vegetables,hyperclovax,5045384,1,dry,3
vegetables,hyperclovax,5045384,1,herb,4
vegetables,hyperclovax,5045384,1,green,2
vegetables,hyperclovax,5045384,1,purple,2
vegetables,hyperclovax,5045384,1,color,2
vegetables,hyperclovax,5045384,1,fresh,1
vegetables,hyperclovax,5045384,1,arrange,1
vegetables,hyperclovax,5045384,1,white,1
vegetables,hyperclovax,5045384,1,cloth,1
vegetables,hyperclovax,5045384,1,serve,1
vegetables,hyperclovax,5045384,1,leaf,1
vegetables,hyperclovax,5045384,1,broad,1
vegetables,hyperclovax,5045384,1,slightly,1
vegetables,hyperclovax,5045384,1,wrinkle,1
vegetables,hyperclovax,5045384,1,texture,1
vegetables,hyperclovax,5045384,1,typical,1
vegetables,hyperclovax,5045384,1,clearly,1
vegetables,hyperclovax,5045384,1,countable,1
vegetables,hyperclovax,5045384,1,identifiable,1
vegetables,hyperclovax,5045384,1,distinct,1
vegetables,hyperclovax,5045384,1,shape,1
vegetables,hyperclovax,5045384,2,main,1
vegetables,hyperclovax,5045384,2,food,1
vegetables,hyperclovax,5045384,2,product,1
vegetables,hyperclovax,5045384,2,collection,1
vegetables,hyperclovax,5045384,2,fresh,2
vegetables,hyperclovax,5045384,2,green,2
vegetables,hyperclovax,5045384,2,purple,2
vegetables,hyperclovax,5045384,2,leaf,5
vegetables,hyperclovax,5045384,2,likely,1
vegetables,hyperclovax,5045384,2,type,1
vegetables,hyperclovax,5045384,2,herb,1
vegetables,hyperclovax,5045384,2,leafy,1
vegetables,hyperclovax,5045384,2,vegetable,1
vegetables,hyperclovax,5045384,2,characterize,1
vegetables,hyperclovax,5045384,2,serrate,2
vegetables,hyperclovax,5045384,2,edge,1
vegetables,hyperclovax,5045384,2,glossy,1
vegetables,hyperclovax,5045384,2,surface,2
vegetables,hyperclovax,5045384,2,suggest,1
vegetables,hyperclovax,5045384,2,possibly,1
vegetables,hyperclovax,5045384,2,recently,1
vegetables,hyperclovax,5045384,2,harvest,1
vegetables,hyperclovax,5045384,2,similar,1
vegetables,hyperclovax,5045384,2,texture,2
vegetables,hyperclovax,5045384,2,dark,1
vegetables,hyperclovax,5045384,2,color,2
vegetables,hyperclovax,5045384,2,slightly,1
vegetables,hyperclovax,5045384,2,wrinkle,1
vegetables,hyperclovax,5045384,2,indicate,1
vegetables,hyperclovax,5045384,2,different,1
vegetables,hyperclovax,5045384,2,variety,1
vegetables,hyperclovax,5045384,2,specie,1
vegetables,hyperclovax,5045384,2,arrange,1
vegetables,hyperclovax,5045384,2,loose,1
vegetables,hyperclovax,5045384,2,cluster,1
vegetables,hyperclovax,5045384,2,white,1
vegetables,hyperclovax,5045384,2,cloth,1
vegetables,hyperclovax,5045384,2,serve,1
vegetables,hyperclovax,5045384,2,neutral,1
vegetables,hyperclovax,5045384,2,highlight,1
vegetables,hyperclovax,5045384,2,focus,1
vegetables,hyperclovax,5045384,2,solely,1
vegetables,hyperclovax,5045384,2,provide,1
vegetables,hyperclovax,5045384,2,clear,1
vegetables,hyperclovax,5045384,2,view,1
vegetables,hyperclovax,5045384,2,distinctive,1
vegetables,hyperclovax,5045384,2,additional,1
vegetables,hyperclovax,5045384,2,context,1
vegetables,hyperclovax,5045384,2,element,1
vegetables,hyperclovax,5048049,1,main,1
vegetables,hyperclovax,5048049,1,food,1
vegetables,hyperclovax,5048049,1,product,6
vegetables,hyperclovax,5048049,1,container,3
vegetables,hyperclovax,5048049,1,국산_다진마늘,1
vegetables,hyperclovax,5048049,1,cylindrical,1
vegetables,hyperclovax,5048049,1,green,4
vegetables,hyperclovax,5048049,1,lid,2
vegetables,hyperclovax,5048049,1,base,1
vegetables,hyperclovax,5048049,1,label,4
vegetables,hyperclovax,5048049,1,prominently,1
vegetables,hyperclovax,5048049,1,white,2
vegetables,hyperclovax,5048049,1,text,2
vegetables,hyperclovax,5048049,1,plain,1
vegetables,hyperclovax,5048049,1,light,1
vegetables,hyperclovax,5048049,1,colored,1
vegetables,hyperclovax,5048049,1,surface,1
vegetables,hyperclovax,5048049,1,position,1
vegetables,hyperclovax,5048049,1,upright,1
vegetables,hyperclovax,5048049,1,open,1
vegetables,hyperclovax,5048049,1,reveal,1
vegetables,hyperclovax,5048049,1,inside,1
vegetables,hyperclovax,5048049,1,packaging,1
vegetables,hyperclovax,5048049,1,yellow,1
vegetables,hyperclovax,5048049,1,no_1,1
vegetables,hyperclovax,5048049,1,pulmuneo,1
vegetables,hyperclovax,5048049,1,upper,1
vegetables,hyperclovax,5048049,1,right,1
vegetables,hyperclovax,5048049,1,corner,1
vegetables,hyperclovax,5048049,1,indicate,1
vegetables,hyperclovax,5048049,1,brand,1
vegetables,hyperclovax,5048049,1,quality,1
vegetables,hyperclovax,5048049,1,mark,1
vegetables,hyperclovax,5048049,1,include,1
vegetables,hyperclovax,5048049,1,quantity,1
vegetables,hyperclovax,5048049,1,150g,1
vegetables,hyperclovax,5048049,1,small,1
vegetables,hyperclovax,5048049,1,mince,1
vegetables,hyperclovax,5048049,1,garlic,1
vegetables,hyperclovax,5048049,1,overall,1
vegetables,hyperclovax,5048049,1,appearance,1
vegetables,hyperclovax,5048049,1,clean,1
vegetables,hyperclovax,5048049,1,straightforward,1
vegetables,hyperclovax,5048049,1,focus,1
vegetables,hyperclovax,5048049,1,branding,1
vegetables,hyperclovax,5048049,1,labeling,1
vegetables,hyperclovax,5048049,2,main,1
vegetables,hyperclovax,5048049,2,food,1
vegetables,hyperclovax,5048049,2,product,4
vegetables,hyperclovax,5048049,2,container,4
vegetables,hyperclovax,5048049,2,garlic,6
vegetables,hyperclovax,5048049,2,transparent,1
vegetables,hyperclovax,5048049,2,plastic,1
vegetables,hyperclovax,5048049,2,green,1
vegetables,hyperclovax,5048049,2,lid,1
vegetables,hyperclovax,5048049,2,pre,1
vegetables,hyperclovax,5048049,2,cook,3
vegetables,hyperclovax,5048049,2,ready,1
vegetables,hyperclovax,5048049,2,eat,1
vegetables,hyperclovax,5048049,2,light,2
vegetables,hyperclovax,5048049,2,yellow,1
vegetables,hyperclovax,5048049,2,color,1
vegetables,hyperclovax,5048049,2,suggest,1
vegetables,hyperclovax,5048049,2,likely,1
vegetables,hyperclovax,5048049,2,steam,1
vegetables,hyperclovax,5048049,2,packaging,1
vegetables,hyperclovax,5048049,2,simple,1
vegetables,hyperclovax,5048049,2,functional,1
vegetables,hyperclovax,5048049,2,clear,1
vegetables,hyperclovax,5048049,2,label,1
vegetables,hyperclovax,5048049,2,include,1
vegetables,hyperclovax,5048049,2,text,1
vegetables,hyperclovax,5048049,2,korean,1
vegetables,hyperclovax,5048049,2,english,1
vegetables,hyperclovax,5048049,2,indicate,1
vegetables,hyperclovax,5048049,2,possibly,2
vegetables,hyperclovax,5048049,2,content,1
vegetables,hyperclovax,5048049,2,brand,1
vegetables,hyperclovax,5048049,2,semi,1
vegetables,hyperclovax,5048049,2,moist,1
vegetables,hyperclovax,5048049,2,crumbly,1
vegetables,hyperclovax,5048049,2,state,1
vegetables,hyperclovax,5048049,2,typical,1
vegetables,hyperclovax,5048049,2,mix,1
vegetables,hyperclovax,5048049,2,ingredient,1
vegetables,hyperclovax,5048049,2,flat,1
vegetables,hyperclovax,5048049,2,gray,2
vegetables,hyperclovax,5048049,2,surface,1
vegetables,hyperclovax,5048049,2,small,1
vegetables,hyperclovax,5048049,2,spill,1
vegetables,hyperclovax,5048049,2,plate,1
vegetables,hyperclovax,5048049,2,overall,1
vegetables,hyperclovax,5048049,2,setting,1
vegetables,hyperclovax,5048049,2,minimalistic,1
vegetables,hyperclovax,5048049,2,focus,1
vegetables,hyperclovax,5048049,2,additional,1
vegetables,hyperclovax,5048049,2,context,1
vegetables,hyperclovax,5048049,2,decoration,1
vegetables,hyperclovax,5049924,1,main,1
vegetables,hyperclovax,5049924,1,food,1
vegetables,hyperclovax,5049924,1,product,1
vegetables,hyperclovax,5049924,1,fresh,1
vegetables,hyperclovax,5049924,1,spinach,3
vegetables,hyperclovax,5049924,1,leaf,4
vegetables,hyperclovax,5049924,1,green,3
vegetables,hyperclovax,5049924,1,slightly,2
vegetables,hyperclovax,5049924,1,glossy,1
vegetables,hyperclovax,5049924,1,surface,2
vegetables,hyperclovax,5049924,1,indicate,1
vegetables,hyperclovax,5049924,1,freshness,2
vegetables,hyperclovax,5049924,1,arrange,1
vegetables,hyperclovax,5049924,1,circular,1
vegetables,hyperclovax,5049924,1,pattern,1
vegetables,hyperclovax,5049924,1,white,1
vegetables,hyperclovax,5049924,1,plate,2
vegetables,hyperclovax,5049924,1,stem,1
vegetables,hyperclovax,5049924,1,point,1
vegetables,hyperclovax,5049924,1,center,1
vegetables,hyperclovax,5049924,1,radiate,1
vegetables,hyperclovax,5049924,1,outward,1
vegetables,hyperclovax,5049924,1,healthy,1
vegetables,hyperclovax,5049924,1,vibrant,2
vegetables,hyperclovax,5049924,1,color,2
vegetables,hyperclovax,5049924,1,visible,1
vegetables,hyperclovax,5049924,1,vein,1
vegetables,hyperclovax,5049924,1,crinkle,1
vegetables,hyperclovax,5049924,1,texture,1
vegetables,hyperclovax,5049924,1,plain,1
vegetables,hyperclovax,5049924,1,light,1
vegetables,hyperclovax,5049924,1,gray,1
vegetables,hyperclovax,5049924,1,contrast,1
vegetables,hyperclovax,5049924,1,leave,1
vegetables,hyperclovax,5049924,1,highlight,1
vegetables,hyperclovax,5049924,2,main,1
vegetables,hyperclovax,5049924,2,food,1
vegetables,hyperclovax,5049924,2,product,2
vegetables,hyperclovax,5049924,2,fresh,2
vegetables,hyperclovax,5049924,2,spinach,3
vegetables,hyperclovax,5049924,2,leaf,4
vegetables,hyperclovax,5049924,2,green,3
vegetables,hyperclovax,5049924,2,slightly,1
vegetables,hyperclovax,5049924,2,glossy,1
vegetables,hyperclovax,5049924,2,surface,2
vegetables,hyperclovax,5049924,2,indicate,1
vegetables,hyperclovax,5049924,2,freshness,1
vegetables,hyperclovax,5049924,2,arrange,1
vegetables,hyperclovax,5049924,2,dense,1
vegetables,hyperclovax,5049924,2,cluster,1
vegetables,hyperclovax,5049924,2,white,1
vegetables,hyperclovax,5049924,2,plate,1
vegetables,hyperclovax,5049924,2,visible,1
vegetables,hyperclovax,5049924,2,stem,1
vegetables,hyperclovax,5049924,2,leafy,1
vegetables,hyperclovax,5049924,2,top,1
vegetables,hyperclovax,5049924,2,exhibit,1
vegetables,hyperclovax,5049924,2,rich,1
vegetables,hyperclovax,5049924,2,color,1
vegetables,hyperclovax,5049924,2,natural,2
vegetables,hyperclovax,5049924,2,variation,1
vegetables,hyperclovax,5049924,2,shade,1
vegetables,hyperclovax,5049924,2,texture,1
vegetables,hyperclovax,5049924,2,crisp,1
vegetables,hyperclovax,5049924,2,plain,1
vegetables,hyperclovax,5049924,2,light,1
vegetables,hyperclovax,5049924,2,colored,1
vegetables,hyperclovax,5049924,2,contrast,1
vegetables,hyperclovax,5049924,2,vibrant,1
vegetables,hyperclovax,5049924,2,highlight,1
vegetables,hyperclovax,5049924,2,cut,1
vegetables,hyperclovax,5049924,2,process,1
vegetables,hyperclovax,5049924,2,maintain,1
vegetables,hyperclovax,5049924,2,shape,1
vegetables,hyperclovax,5049924,2,structure,1
vegetables,hyperclovax,5053496,1,main,1
vegetables,hyperclovax,5053496,1,food,1
vegetables,hyperclovax,5053496,1,product,1
vegetables,hyperclovax,5053496,1,head,1
vegetables,hyperclovax,5053496,1,cabbage,6
vegetables,hyperclovax,5053496,1,round,1
vegetables,hyperclovax,5053496,1,smooth,2
vegetables,hyperclovax,5053496,1,green,2
vegetables,hyperclovax,5053496,1,outer,2
vegetables,hyperclovax,5053496,1,layer,2
vegetables,hyperclovax,5053496,1,lighter,1
vegetables,hyperclovax,5053496,1,inner,2
vegetables,hyperclovax,5053496,1,leaf,3
vegetables,hyperclovax,5053496,1,tightly,1
vegetables,hyperclovax,5053496,1,packed,1
vegetables,hyperclovax,5053496,1,form,1
vegetables,hyperclovax,5053496,1,compact,1
vegetables,hyperclovax,5053496,1,dome,1
vegetables,hyperclovax,5053496,1,shape,1
vegetables,hyperclovax,5053496,1,white,1
vegetables,hyperclovax,5053496,1,cloth,1
vegetables,hyperclovax,5053496,1,slightly,2
vegetables,hyperclovax,5053496,1,wrinkle,1
vegetables,hyperclovax,5053496,1,flat,1
vegetables,hyperclovax,5053496,1,surface,2
vegetables,hyperclovax,5053496,1,fresh,1
vegetables,hyperclovax,5053496,1,unblemished,1
vegetables,hyperclovax,5053496,1,texture,2
vegetables,hyperclovax,5053496,1,crinkle,1
vegetables,hyperclovax,5053496,1,plain,1
vegetables,hyperclovax,5053496,1,light,1
vegetables,hyperclovax,5053496,1,colored,1
vegetables,hyperclovax,5053496,1,provide,1
vegetables,hyperclovax,5053496,1,neutral,1
vegetables,hyperclovax,5053496,1,backdrop,1
vegetables,hyperclovax,5053496,1,emphasize,1
vegetables,hyperclovax,5053496,1,sole,1
vegetables,hyperclovax,5053496,1,focus,1
vegetables,hyperclovax,5053496,1,object,1
vegetables,hyperclovax,5053496,1,distraction,1
vegetables,hyperclovax,5053496,2,main,1
vegetables,hyperclovax,5053496,2,food,1
vegetables,hyperclovax,5053496,2,product,1
vegetables,hyperclovax,5053496,2,cabbage,5
vegetables,hyperclovax,5053496,2,green,1
vegetables,hyperclovax,5053496,2,white,2
vegetables,hyperclovax,5053496,2,layered,1
vegetables,hyperclovax,5053496,2,interior,2
vegetables,hyperclovax,5053496,2,outer,1
vegetables,hyperclovax,5053496,2,leaf,2
vegetables,hyperclovax,5053496,2,smooth,2
vegetables,hyperclovax,5053496,2,slightly,2
vegetables,hyperclovax,5053496,2,shiny,1
vegetables,hyperclovax,5053496,2,inner,1
vegetables,hyperclovax,5053496,2,tightly,2
vegetables,hyperclovax,5053496,2,packed,2
vegetables,hyperclovax,5053496,2,crinkle,1
vegetables,hyperclovax,5053496,2,texture,2
vegetables,hyperclovax,5053496,2,position,1
vegetables,hyperclovax,5053496,2,plain,1
vegetables,hyperclovax,5053496,2,light,1
vegetables,hyperclovax,5053496,2,colored,1
vegetables,hyperclovax,5053496,2,surface,1
vegetables,hyperclovax,5053496,2,2,1
vegetables,hyperclovax,5053496,2,whole,1
vegetables,hyperclovax,5053496,2,head,4
vegetables,hyperclovax,5053496,2,cut,2
vegetables,hyperclovax,5053496,2,visible,1
vegetables,hyperclovax,5053496,2,reveal,1
vegetables,hyperclovax,5053496,2,crisp,1
vegetables,hyperclovax,5053496,2,layer,1
vegetables,hyperclovax,5053496,2,round,1
vegetables,hyperclovax,5053496,2,convex,1
vegetables,hyperclovax,5053496,2,shape,1
vegetables,hyperclovax,5054657,1,main,1
vegetables,hyperclovax,5054657,1,food,1
vegetables,hyperclovax,5054657,1,product,2
vegetables,hyperclovax,5054657,1,fresh,1
vegetables,hyperclovax,5054657,1,cucumber,5
vegetables,hyperclovax,5054657,1,green,2
vegetables,hyperclovax,5054657,1,smooth,1
vegetables,hyperclovax,5054657,1,surface,2
vegetables,hyperclovax,5054657,1,visible,1
vegetables,hyperclovax,5054657,1,seed,1
vegetables,hyperclovax,5054657,1,arrange,1
vegetables,hyperclovax,5054657,1,wooden,2
vegetables,hyperclovax,5054657,1,tray,2
vegetables,hyperclovax,5054657,1,elongate,1
vegetables,hyperclovax,5054657,1,slight,1
vegetables,hyperclovax,5054657,1,taper,1
vegetables,hyperclovax,5054657,1,end,1
vegetables,hyperclovax,5054657,1,exhibit,1
vegetables,hyperclovax,5054657,1,natural,1
vegetables,hyperclovax,5054657,1,color,2
vegetables,hyperclovax,5054657,1,variation,1
vegetables,hyperclovax,5054657,1,shade,1
vegetables,hyperclovax,5054657,1,indicate,1
vegetables,hyperclovax,5054657,1,freshness,1
vegetables,hyperclovax,5054657,1,light,2
vegetables,hyperclovax,5054657,1,brown,1
vegetables,hyperclovax,5054657,1,simple,1
vegetables,hyperclovax,5054657,1,rectangular,1
vegetables,hyperclovax,5054657,1,shape,1
vegetables,hyperclovax,5054657,1,slightly,1
vegetables,hyperclovax,5054657,1,raise,1
vegetables,hyperclovax,5054657,1,edge,1
vegetables,hyperclovax,5054657,1,plain,1
vegetables,hyperclovax,5054657,1,colored,1
vegetables,hyperclovax,5054657,1,distract,1
vegetables,hyperclovax,5054657,1,focus,1
vegetables,hyperclovax,5054657,1,solely,1
vegetables,hyperclovax,5054657,1,immediate,1
vegetables,hyperclovax,5054657,1,surrounding,1
vegetables,hyperclovax,5054657,1,provide,1
vegetables,hyperclovax,5054657,1,clear,1
vegetables,hyperclovax,5054657,1,detailed,1
vegetables,hyperclovax,5054657,1,view,1
vegetables,hyperclovax,5054657,2,main,1
vegetables,hyperclovax,5054657,2,food,1
vegetables,hyperclovax,5054657,2,product,2
vegetables,hyperclovax,5054657,2,fresh,2
vegetables,hyperclovax,5054657,2,cucumber,4
vegetables,hyperclovax,5054657,2,green,1
vegetables,hyperclovax,5054657,2,smooth,1
vegetables,hyperclovax,5054657,2,surface,2
vegetables,hyperclovax,5054657,2,small,1
vegetables,hyperclovax,5054657,2,dark,1
vegetables,hyperclovax,5054657,2,seed,1
vegetables,hyperclovax,5054657,2,distribute,1
vegetables,hyperclovax,5054657,2,length,1
vegetables,hyperclovax,5054657,2,arrange,1
vegetables,hyperclovax,5054657,2,wooden,1
vegetables,hyperclovax,5054657,2,tray,1
vegetables,hyperclovax,5054657,2,natural,1
vegetables,hyperclovax,5054657,2,wood,1
vegetables,hyperclovax,5054657,2,grain,1
vegetables,hyperclovax,5054657,2,pattern,1
vegetables,hyperclovax,5054657,2,rectangular,1
vegetables,hyperclovax,5054657,2,rounded,1
vegetables,hyperclovax,5054657,2,corner,1
vegetables,hyperclovax,5054657,2,whole,1
vegetables,hyperclovax,5054657,2,uncut,1
vegetables,hyperclovax,5054657,2,glossy,1
vegetables,hyperclovax,5054657,2,appearance,1
vegetables,hyperclovax,5054657,2,suggest,1
vegetables,hyperclovax,5054657,2,likely,1
vegetables,hyperclovax,5054657,2,recently,1
vegetables,hyperclovax,5054657,2,harvest,1
vegetables,hyperclovax,5054657,2,plain,1
vegetables,hyperclovax,5054657,2,light,1
vegetables,hyperclovax,5054657,2,colored,1
vegetables,hyperclovax,5054657,2,distract,1
vegetables,hyperclovax,5054657,2,central,1
vegetables,hyperclovax,5054657,2,focus,1
vegetables,hyperclovax,5054660,1,main,1
vegetables,hyperclovax,5054660,1,food,1
vegetables,hyperclovax,5054660,1,head,1
vegetables,hyperclovax,5054660,1,broccoli,3
vegetables,hyperclovax,5054660,1,position,1
vegetables,hyperclovax,5054660,1,centrally,1
vegetables,hyperclovax,5054660,1,white,1
vegetables,hyperclovax,5054660,1,cloth,2
vegetables,hyperclovax,5054660,1,neatly,1
vegetables,hyperclovax,5054660,1,fold,1
vegetables,hyperclovax,5054660,1,light,1
vegetables,hyperclovax,5054660,1,gray,1
vegetables,hyperclovax,5054660,1,surface,2
vegetables,hyperclovax,5054660,1,floret,1
vegetables,hyperclovax,5054660,1,dense,1
vegetables,hyperclovax,5054660,1,green,4
vegetables,hyperclovax,5054660,1,smooth,1
vegetables,hyperclovax,5054660,1,texture,2
vegetables,hyperclovax,5054660,1,rich,1
vegetables,hyperclovax,5054660,1,color,1
vegetables,hyperclovax,5054660,1,stem,2
vegetables,hyperclovax,5054660,1,thick,1
vegetables,hyperclovax,5054660,1,slightly,2
vegetables,hyperclovax,5054660,1,rough,1
vegetables,hyperclovax,5054660,1,leaf,1
vegetables,hyperclovax,5054660,1,attach,1
vegetables,hyperclovax,5054660,1,broad,1
vegetables,hyperclovax,5054660,1,wrinkle,1
vegetables,hyperclovax,5054660,1,plain,1
vegetables,hyperclovax,5054660,1,focus,1
vegetables,hyperclovax,5054660,1,solely,1
vegetables,hyperclovax,5054660,1,provide,1
vegetables,hyperclovax,5054660,1,clear,1
vegetables,hyperclovax,5054660,1,detailed,1
vegetables,hyperclovax,5054660,1,view,1
vegetables,hyperclovax,5054660,1,vegetable,1
vegetables,hyperclovax,5054660,1,fresh,1
vegetables,hyperclovax,5054660,1,healthy,1
vegetables,hyperclovax,5054660,1,appearance,1
vegetables,hyperclovax,5054660,2,main,1
vegetables,hyperclovax,5054660,2,food,1
vegetables,hyperclovax,5054660,2,fresh,2
vegetables,hyperclovax,5054660,2,broccoli,6
vegetables,hyperclovax,5054660,2,floret,1
vegetables,hyperclovax,5054660,2,dense,1
vegetables,hyperclovax,5054660,2,cluster,1
vegetables,hyperclovax,5054660,2,small,1
vegetables,hyperclovax,5054660,2,tightly,1
vegetables,hyperclovax,5054660,2,pack,1
vegetables,hyperclovax,5054660,2,green,4
vegetables,hyperclovax,5054660,2,bud,1
vegetables,hyperclovax,5054660,2,top,1
vegetables,hyperclovax,5054660,2,characteristic,1
vegetables,hyperclovax,5054660,2,mature,1
vegetables,hyperclovax,5054660,2,head,1
vegetables,hyperclovax,5054660,2,stem,2
vegetables,hyperclovax,5054660,2,thick,1
vegetables,hyperclovax,5054660,2,slightly,3
vegetables,hyperclovax,5054660,2,rough,1
vegetables,hyperclovax,5054660,2,texture,1
vegetables,hyperclovax,5054660,2,leaf,1
vegetables,hyperclovax,5054660,2,attach,1
vegetables,hyperclovax,5054660,2,dark,1
vegetables,hyperclovax,5054660,2,curl,1
vegetables,hyperclovax,5054660,2,white,1
vegetables,hyperclovax,5054660,2,cloth,1
vegetables,hyperclovax,5054660,2,wrinkle,1
vegetables,hyperclovax,5054660,2,indicate,1
vegetables,hyperclovax,5054660,2,handle,1
vegetables,hyperclovax,5054660,2,plain,1
vegetables,hyperclovax,5054660,2,light,1
vegetables,hyperclovax,5054660,2,colored,1
vegetables,hyperclovax,5054660,2,surface,1
vegetables,hyperclovax,5054660,2,provide,1
vegetables,hyperclovax,5054660,2,neutral,1
vegetables,hyperclovax,5054660,2,backdrop,1
vegetables,hyperclovax,5054660,2,emphasize,1
vegetables,hyperclovax,5054660,2,vibrant,1
vegetables,hyperclovax,5054660,2,color,1
vegetables,hyperclovax,5054660,2,focus,1
vegetables,hyperclovax,5054660,2,solely,1
vegetables,hyperclovax,5054660,2,highlight,1
vegetables,hyperclovax,5054660,2,healthy,1
vegetables,hyperclovax,5054660,2,appearance,1
vegetables,hyperclovax,5054661,1,main,1
vegetables,hyperclovax,5054661,1,food,1
vegetables,hyperclovax,5054661,1,product,1
vegetables,hyperclovax,5054661,1,eggplant,4
vegetables,hyperclovax,5054661,1,dark,2
vegetables,hyperclovax,5054661,1,purple,1
vegetables,hyperclovax,5054661,1,glossy,1
vegetables,hyperclovax,5054661,1,surface,1
vegetables,hyperclovax,5054661,1,indicate,1
vegetables,hyperclovax,5054661,1,freshness,1
vegetables,hyperclovax,5054661,1,position,1
vegetables,hyperclovax,5054661,1,side,2
vegetables,hyperclovax,5054661,1,texture,1
vegetables,hyperclovax,5054661,1,light,2
vegetables,hyperclovax,5054661,1,gray,1
vegetables,hyperclovax,5054661,1,cloth,1
vegetables,hyperclovax,5054661,1,subtle,1
vegetables,hyperclovax,5054661,1,checker,1
vegetables,hyperclovax,5054661,1,pattern,1
vegetables,hyperclovax,5054661,1,smooth,1
vegetables,hyperclovax,5054661,1,elongate,1
vegetables,hyperclovax,5054661,1,shape,1
vegetables,hyperclovax,5054661,1,slight,1
vegetables,hyperclovax,5054661,1,taper,1
vegetables,hyperclovax,5054661,1,top,1
vegetables,hyperclovax,5054661,1,stem,2
vegetables,hyperclovax,5054661,1,attach,1
vegetables,hyperclovax,5054661,1,color,1
vegetables,hyperclovax,5054661,1,contrast,1
vegetables,hyperclovax,5054661,1,skin,1
vegetables,hyperclovax,5054661,2,main,1
vegetables,hyperclovax,5054661,2,food,1
vegetables,hyperclovax,5054661,2,product,1
vegetables,hyperclovax,5054661,2,eggplant,3
vegetables,hyperclovax,5054661,2,dark,2
vegetables,hyperclovax,5054661,2,purple,2
vegetables,hyperclovax,5054661,2,color,1
vegetables,hyperclovax,5054661,2,glossy,1
vegetables,hyperclovax,5054661,2,surface,3
vegetables,hyperclovax,5054661,2,texture,1
vegetables,hyperclovax,5054661,2,indicate,1
vegetables,hyperclovax,5054661,2,freshness,1
vegetables,hyperclovax,5054661,2,slice,2
vegetables,hyperclovax,5054661,2,lengthwise,1
vegetables,hyperclovax,5054661,2,reveal,1
vegetables,hyperclovax,5054661,2,light,3
vegetables,hyperclovax,5054661,2,green,2
vegetables,hyperclovax,5054661,2,interior,2
vegetables,hyperclovax,5054661,2,smooth,2
vegetables,hyperclovax,5054661,2,slightly,1
vegetables,hyperclovax,5054661,2,shiny,1
vegetables,hyperclovax,5054661,2,arrange,1
vegetables,hyperclovax,5054661,2,neatly,1
vegetables,hyperclovax,5054661,2,checkered,1
vegetables,hyperclovax,5054661,2,cloth,1
vegetables,hyperclovax,5054661,2,plain,1
vegetables,hyperclovax,5054661,2,colored,1
vegetables,hyperclovax,5054661,2,distinctive,1
vegetables,hyperclovax,5054661,2,include,1
vegetables,hyperclovax,5054661,2,elongate,1
vegetables,hyperclovax,5054661,2,shape,1
vegetables,hyperclovax,5054661,2,skin,1
vegetables,hyperclovax,5054661,2,contrast,1
vegetables,hyperclovax,5054661,2,exterior,1
vegetables,hyperclovax,5058732,1,main,1
vegetables,hyperclovax,5058732,1,food,1
vegetables,hyperclovax,5058732,1,product,1
vegetables,hyperclovax,5058732,1,package,1
vegetables,hyperclovax,5058732,1,dry,1
vegetables,hyperclovax,5058732,1,mushroom,4
vegetables,hyperclovax,5058732,1,dark,1
vegetables,hyperclovax,5058732,1,brown,1
vegetables,hyperclovax,5058732,1,light,1
vegetables,hyperclovax,5058732,1,white,1
vegetables,hyperclovax,5058732,1,cap,1
vegetables,hyperclovax,5058732,1,stem,1
vegetables,hyperclovax,5058732,1,arrange,1
vegetables,hyperclovax,5058732,1,clear,1
vegetables,hyperclovax,5058732,1,plastic,1
vegetables,hyperclovax,5058732,1,packaging,2
vegetables,hyperclovax,5058732,1,label,1
vegetables,hyperclovax,5058732,1,read,1
vegetables,hyperclovax,5058732,1,kf365_curly_fresh,1
vegetables,hyperclovax,5058732,1,참타버섯,1
vegetables,hyperclovax,5058732,1,transparent,1
vegetables,hyperclovax,5058732,1,allow,1
vegetables,hyperclovax,5058732,1,visible,1
vegetables,hyperclovax,5058732,1,front,1
vegetables,hyperclovax,5058732,1,fresh,1
vegetables,hyperclovax,5058732,1,likely,1
vegetables,hyperclovax,5058732,1,intend,1
vegetables,hyperclovax,5058732,1,cooking,1
vegetables,hyperclovax,5058732,1,consumption,1
vegetables,hyperclovax,5058732,1,dried,1
vegetables,hyperclovax,5058732,1,form,1
vegetables,hyperclovax,5058732,2,main,1
vegetables,hyperclovax,5058732,2,food,1
vegetables,hyperclovax,5058732,2,product,2
vegetables,hyperclovax,5058732,2,package,1
vegetables,hyperclovax,5058732,2,fresh,2
vegetables,hyperclovax,5058732,2,shiitake,1
vegetables,hyperclovax,5058732,2,mushroom,4
vegetables,hyperclovax,5058732,2,white,1
vegetables,hyperclovax,5058732,2,plate,2
vegetables,hyperclovax,5058732,2,showcase,1
vegetables,hyperclovax,5058732,2,distinctive,1
vegetables,hyperclovax,5058732,2,dark,1
vegetables,hyperclovax,5058732,2,brown,1
vegetables,hyperclovax,5058732,2,cap,1
vegetables,hyperclovax,5058732,2,light,1
vegetables,hyperclovax,5058732,2,slightly,1
vegetables,hyperclovax,5058732,2,wrinkle,1
vegetables,hyperclovax,5058732,2,stem,1
vegetables,hyperclovax,5058732,2,packaging,2
vegetables,hyperclovax,5058732,2,transparent,1
vegetables,hyperclovax,5058732,2,allow,1
vegetables,hyperclovax,5058732,2,clear,1
vegetables,hyperclovax,5058732,2,view,1
vegetables,hyperclovax,5058732,2,inside,1
vegetables,hyperclovax,5058732,2,include,2
vegetables,hyperclovax,5058732,2,label,1
vegetables,hyperclovax,5058732,2,kf365,1
vegetables,hyperclovax,5058732,2,brand,1
vegetables,hyperclovax,5058732,2,curly_fresh,1
vegetables,hyperclovax,5058732,2,english,1
vegetables,hyperclovax,5058732,2,barcode,1
vegetables,hyperclovax,5058732,2,text,1
vegetables,hyperclovax,5058732,2,korean,1
vegetables,hyperclovax,5058732,2,arrange,1
vegetables,hyperclovax,5058732,2,natural,1
vegetables,hyperclovax,5058732,2,unorganized,1
vegetables,hyperclovax,5058732,2,manner,1
vegetables,hyperclovax,5061435,1,main,1
vegetables,hyperclovax,5061435,1,food,1
vegetables,hyperclovax,5061435,1,product,1
vegetables,hyperclovax,5061435,1,sweet,3
vegetables,hyperclovax,5061435,1,potato,3
vegetables,hyperclovax,5061435,1,arrange,1
vegetables,hyperclovax,5061435,1,circular,1
vegetables,hyperclovax,5061435,1,pattern,1
vegetables,hyperclovax,5061435,1,woven,1
vegetables,hyperclovax,5061435,1,basket,2
vegetables,hyperclovax,5061435,1,reddish,1
vegetables,hyperclovax,5061435,1,purple,1
vegetables,hyperclovax,5061435,1,skin,1
vegetables,hyperclovax,5061435,1,natural,2
vegetables,hyperclovax,5061435,1,imperfection,1
vegetables,hyperclovax,5061435,1,slightly,1
vegetables,hyperclovax,5061435,1,rough,1
vegetables,hyperclovax,5061435,1,texture,1
vegetables,hyperclovax,5061435,1,material,1
vegetables,hyperclovax,5061435,1,likely,1
vegetables,hyperclovax,5061435,1,wicker,1
vegetables,hyperclovax,5061435,1,bamboo,1
vegetables,hyperclovax,5061435,1,plain,1
vegetables,hyperclovax,5061435,1,light,1
vegetables,hyperclovax,5061435,1,colored,1
vegetables,hyperclovax,5061435,1,surface,1
vegetables,hyperclovax,5061435,1,focus,1
vegetables,hyperclovax,5061435,1,solely,1
vegetables,hyperclovax,5061435,1,immediate,1
vegetables,hyperclovax,5061435,1,surrounding,1
vegetables,hyperclovax,5061435,1,additional,1
vegetables,hyperclovax,5061435,1,context,1
vegetables,hyperclovax,5061435,1,element,1
vegetables,hyperclovax,5061435,2,main,1
vegetables,hyperclovax,5061435,2,food,1
vegetables,hyperclovax,5061435,2,product,1
vegetables,hyperclovax,5061435,2,sweet,4
vegetables,hyperclovax,5061435,2,potato,4
vegetables,hyperclovax,5061435,2,characterize,1
vegetables,hyperclovax,5061435,2,deep,1
vegetables,hyperclovax,5061435,2,purple,1
vegetables,hyperclovax,5061435,2,skin,1
vegetables,hyperclovax,5061435,2,smooth,1
vegetables,hyperclovax,5061435,2,slightly,1
vegetables,hyperclovax,5061435,2,shiny,1
vegetables,hyperclovax,5061435,2,surface,2
vegetables,hyperclovax,5061435,2,cut,1
vegetables,hyperclovax,5061435,2,open,1
vegetables,hyperclovax,5061435,2,reveal,1
vegetables,hyperclovax,5061435,2,bright,1
vegetables,hyperclovax,5061435,2,orange,1
vegetables,hyperclovax,5061435,2,flesh,1
vegetables,hyperclovax,5061435,2,common,1
vegetables,hyperclovax,5061435,2,highlight,1
vegetables,hyperclovax,5061435,2,freshness,1
vegetables,hyperclovax,5061435,2,quality,1
vegetables,hyperclovax,5061435,2,arrange,1
vegetables,hyperclovax,5061435,2,woven,1
vegetables,hyperclovax,5061435,2,basket,1
vegetables,hyperclovax,5061435,2,natural,1
vegetables,hyperclovax,5061435,2,rustic,1
vegetables,hyperclovax,5061435,2,presentation,1
vegetables,hyperclovax,5061435,2,method,1
vegetables,hyperclovax,5061435,2,plain,1
vegetables,hyperclovax,5061435,2,light,1
vegetables,hyperclovax,5061435,2,colored,1
vegetables,hyperclovax,5061435,2,contrast,1
vegetables,hyperclovax,5061435,2,vibrant,1
vegetables,hyperclovax,5061435,2,color,1
vegetables,hyperclovax,5061435,2,focal,1
vegetables,hyperclovax,5061435,2,point,1
vegetables,hyperclovax,5063699,1,main,1
vegetables,hyperclovax,5063699,1,food,1
vegetables,hyperclovax,5063699,1,product,1
vegetables,hyperclovax,5063699,1,bok,5
vegetables,hyperclovax,5063699,1,choy,5
vegetables,hyperclovax,5063699,1,fresh,2
vegetables,hyperclovax,5063699,1,vibrant,1
vegetables,hyperclovax,5063699,1,green,3
vegetables,hyperclovax,5063699,1,leaf,2
vegetables,hyperclovax,5063699,1,thick,1
vegetables,hyperclovax,5063699,1,stalk,2
vegetables,hyperclovax,5063699,1,broad,1
vegetables,hyperclovax,5063699,1,slightly,1
vegetables,hyperclovax,5063699,1,crinkle,1
vegetables,hyperclovax,5063699,1,visible,1
vegetables,hyperclovax,5063699,1,white,2
vegetables,hyperclovax,5063699,1,vein,1
vegetables,hyperclovax,5063699,1,run,1
vegetables,hyperclovax,5063699,1,firm,1
vegetables,hyperclovax,5063699,1,smooth,1
vegetables,hyperclovax,5063699,1,texture,1
vegetables,hyperclovax,5063699,1,arrange,1
vegetables,hyperclovax,5063699,1,bowl,1
vegetables,hyperclovax,5063699,1,contrast,1
vegetables,hyperclovax,5063699,1,gray,1
vegetables,hyperclovax,5063699,1,highlight,1
vegetables,hyperclovax,5063699,1,color,1
vegetables,hyperclovax,5063699,1,vegetable,1
vegetables,hyperclovax,5063699,1,high,1
vegetables,hyperclovax,5063699,1,quality,1
vegetables,hyperclovax,5063699,1,sign,1
vegetables,hyperclovax,5063699,1,wilt,1
vegetables,hyperclovax,5063699,1,damage,1
vegetables,hyperclovax,5063699,1,focus,1
vegetables,hyperclovax,5063699,1,solely,1
vegetables,hyperclovax,5063699,1,provide,1
vegetables,hyperclovax,5063699,1,clear,1
vegetables,hyperclovax,5063699,1,view,1
vegetables,hyperclovax,5063699,1,healthy,1
vegetables,hyperclovax,5063699,1,appearance,1
vegetables,hyperclovax,5063699,2,main,1
vegetables,hyperclovax,5063699,2,food,1
vegetables,hyperclovax,5063699,2,product,1
vegetables,hyperclovax,5063699,2,bok,3
vegetables,hyperclovax,5063699,2,choy,3
vegetables,hyperclovax,5063699,2,characterize,1
vegetables,hyperclovax,5063699,2,green,2
vegetables,hyperclovax,5063699,2,leaf,3
vegetables,hyperclovax,5063699,2,slightly,1
vegetables,hyperclovax,5063699,2,wrinkle,1
vegetables,hyperclovax,5063699,2,texture,1
vegetables,hyperclovax,5063699,2,thick,1
vegetables,hyperclovax,5063699,2,white,2
vegetables,hyperclovax,5063699,2,stalk,1
vegetables,hyperclovax,5063699,2,fresh,1
vegetables,hyperclovax,5063699,2,vibrant,1
vegetables,hyperclovax,5063699,2,color,2
vegetables,hyperclovax,5063699,2,visible,1
vegetables,hyperclovax,5063699,2,moisture,1
vegetables,hyperclovax,5063699,2,droplet,1
vegetables,hyperclovax,5063699,2,surface,2
vegetables,hyperclovax,5063699,2,indicate,1
vegetables,hyperclovax,5063699,2,freshness,1
vegetables,hyperclovax,5063699,2,arrange,1
vegetables,hyperclovax,5063699,2,bowl,2
vegetables,hyperclovax,5063699,2,spread,1
vegetables,hyperclovax,5063699,2,gray,1
vegetables,hyperclovax,5063699,2,front,1
vegetables,hyperclovax,5063699,2,showcase,1
vegetables,hyperclovax,5063699,2,natural,1
vegetables,hyperclovax,5063699,2,shape,1
vegetables,hyperclovax,5063699,2,variation,1
vegetables,hyperclovax,5071102,1,main,1
vegetables,hyperclovax,5071102,1,food,1
vegetables,hyperclovax,5071102,1,product,2
vegetables,hyperclovax,5071102,1,fresh,1
vegetables,hyperclovax,5071102,1,mushroom,4
vegetables,hyperclovax,5071102,1,brown,1
vegetables,hyperclovax,5071102,1,slightly,1
vegetables,hyperclovax,5071102,1,wrinkle,1
vegetables,hyperclovax,5071102,1,surface,1
vegetables,hyperclovax,5071102,1,texture,1
vegetables,hyperclovax,5071102,1,indicate,1
vegetables,hyperclovax,5071102,1,freshness,1
vegetables,hyperclovax,5071102,1,arrange,1
vegetables,hyperclovax,5071102,1,clear,1
vegetables,hyperclovax,5071102,1,plastic,1
vegetables,hyperclovax,5071102,1,bag,1
vegetables,hyperclovax,5071102,1,label,2
vegetables,hyperclovax,5071102,1,read,1
vegetables,hyperclovax,5071102,1,kf365,1
vegetables,hyperclovax,5071102,1,친환경_표고버섯,1
vegetables,hyperclovax,5071102,1,suggest,1
vegetables,hyperclovax,5071102,1,brand,1
vegetables,hyperclovax,5071102,1,type,1
vegetables,hyperclovax,5071102,1,packaging,1
vegetables,hyperclovax,5071102,1,transparent,1
vegetables,hyperclovax,5071102,1,allow,1
vegetables,hyperclovax,5071102,1,clearly,1
vegetables,hyperclovax,5071102,1,visible,1
vegetables,hyperclovax,5071102,1,include,1
vegetables,hyperclovax,5071102,1,additional,1
vegetables,hyperclovax,5071102,1,text,1
vegetables,hyperclovax,5071102,1,barcode,1
vegetables,hyperclovax,5071102,1,identification,1
vegetables,hyperclovax,5071102,2,main,1
vegetables,hyperclovax,5071102,2,food,1
vegetables,hyperclovax,5071102,2,product,3
vegetables,hyperclovax,5071102,2,fresh,1
vegetables,hyperclovax,5071102,2,mushroom,4
vegetables,hyperclovax,5071102,2,brown,1
vegetables,hyperclovax,5071102,2,slightly,1
vegetables,hyperclovax,5071102,2,wrinkle,1
vegetables,hyperclovax,5071102,2,surface,2
vegetables,hyperclovax,5071102,2,texture,1
vegetables,hyperclovax,5071102,2,arrange,1
vegetables,hyperclovax,5071102,2,clear,1
vegetables,hyperclovax,5071102,2,plastic,1
vegetables,hyperclovax,5071102,2,bag,1
vegetables,hyperclovax,5071102,2,packaging,2
vegetables,hyperclovax,5071102,2,include,1
vegetables,hyperclovax,5071102,2,label,2
vegetables,hyperclovax,5071102,2,text,2
vegetables,hyperclovax,5071102,2,kf365_curly_fresh,1
vegetables,hyperclovax,5071102,2,additional,1
vegetables,hyperclovax,5071102,2,information,1
vegetables,hyperclovax,5071102,2,친환경표고버섯,1
vegetables,hyperclovax,5071102,2,brand,1
vegetables,hyperclovax,5071102,2,clearly,2
vegetables,hyperclovax,5071102,2,readable,1
vegetables,hyperclovax,5071102,2,parenthesis,1
vegetables,hyperclovax,5071102,2,immediately,1
vegetables,hyperclovax,5071102,2,transparent,1
vegetables,hyperclovax,5071102,2,allow,1
vegetables,hyperclovax,5071102,2,korean,1
vegetables,hyperclovax,5071102,2,plain,1
vegetables,hyperclovax,5071102,2,light,1
vegetables,hyperclovax,5071102,2,colored,1
vegetables,hyperclovax,5071102,2,contrast,1
vegetables,hyperclovax,5071102,2,focal,1
vegetables,hyperclovax,5071102,2,point,1
vegetables,hyperclovax,5071326,1,main,1
vegetables,hyperclovax,5071326,1,food,1
vegetables,hyperclovax,5071326,1,product,4
vegetables,hyperclovax,5071326,1,sprout,5
vegetables,hyperclovax,5071326,1,soybean,1
vegetables,hyperclovax,5071326,1,white,2
vegetables,hyperclovax,5071326,1,yellow,3
vegetables,hyperclovax,5071326,1,visible,1
vegetables,hyperclovax,5071326,1,bean,1
vegetables,hyperclovax,5071326,1,head,1
vegetables,hyperclovax,5071326,1,arrange,1
vegetables,hyperclovax,5071326,1,pile,1
vegetables,hyperclovax,5071326,1,plate,1
vegetables,hyperclovax,5071326,1,packaging,4
vegetables,hyperclovax,5071326,1,green,1
vegetables,hyperclovax,5071326,1,text,2
vegetables,hyperclovax,5071326,1,indicate,1
vegetables,hyperclovax,5071326,1,brand,2
vegetables,hyperclovax,5071326,1,pulmuneo,1
vegetables,hyperclovax,5071326,1,include,1
vegetables,hyperclovax,5071326,1,label,1
vegetables,hyperclovax,5071326,1,additional,1
vegetables,hyperclovax,5071326,1,100_percent_국내산_무농약_콩나물,1
vegetables,hyperclovax,5071326,1,suggest,1
vegetables,hyperclovax,5071326,1,origin,1
vegetables,hyperclovax,5071326,1,farming,1
vegetables,hyperclovax,5071326,1,practice,1
vegetables,hyperclovax,5071326,1,barcode,1
vegetables,hyperclovax,5071326,1,nutritional,1
vegetables,hyperclovax,5071326,1,information,1
vegetables,hyperclovax,5071326,1,specific,1
vegetables,hyperclovax,5071326,1,detail,1
vegetables,hyperclovax,5071326,1,clearly,1
vegetables,hyperclovax,5071326,1,readable,1
vegetables,hyperclovax,5071326,1,overall,1
vegetables,hyperclovax,5071326,1,presentation,1
vegetables,hyperclovax,5071326,1,clean,1
vegetables,hyperclovax,5071326,1,simple,1
vegetables,hyperclovax,5071326,1,focus,1
vegetables,hyperclovax,5071326,2,main,1
vegetables,hyperclovax,5071326,2,food,1
vegetables,hyperclovax,5071326,2,product,1
vegetables,hyperclovax,5071326,2,sprout,4
vegetables,hyperclovax,5071326,2,specifically,1
vegetables,hyperclovax,5071326,2,soybean,1
vegetables,hyperclovax,5071326,2,white,2
vegetables,hyperclovax,5071326,2,yellow,1
vegetables,hyperclovax,5071326,2,tip,1
vegetables,hyperclovax,5071326,2,fresh,2
vegetables,hyperclovax,5071326,2,slightly,1
vegetables,hyperclovax,5071326,2,wrinkle,1
vegetables,hyperclovax,5071326,2,texture,1
vegetables,hyperclovax,5071326,2,arrange,1
vegetables,hyperclovax,5071326,2,loose,1
vegetables,hyperclovax,5071326,2,pile,1
vegetables,hyperclovax,5071326,2,plate,1
vegetables,hyperclovax,5071326,2,contrast,1
vegetables,hyperclovax,5071326,2,gray,1
vegetables,hyperclovax,5071326,2,highlight,1
vegetables,hyperclovax,5071326,2,vibrant,1
vegetables,hyperclovax,5071326,2,color,1
vegetables,hyperclovax,5071326,2,appearance,1
vegetables,hyperclovax,5071327,1,main,1
vegetables,hyperclovax,5071327,1,food,1
vegetables,hyperclovax,5071327,1,product,4
vegetables,hyperclovax,5071327,1,숙주,1
vegetables,hyperclovax,5071327,1,mung,1
vegetables,hyperclovax,5071327,1,bean,1
vegetables,hyperclovax,5071327,1,sprout,1
vegetables,hyperclovax,5071327,1,white,2
vegetables,hyperclovax,5071327,1,bowl,1
vegetables,hyperclovax,5071327,1,fresh,1
vegetables,hyperclovax,5071327,1,greenish,1
vegetables,hyperclovax,5071327,1,yellow,1
vegetables,hyperclovax,5071327,1,color,1
vegetables,hyperclovax,5071327,1,packaging,4
vegetables,hyperclovax,5071327,1,green,1
vegetables,hyperclovax,5071327,1,plastic,1
vegetables,hyperclovax,5071327,1,bag,1
vegetables,hyperclovax,5071327,1,brand,1
vegetables,hyperclovax,5071327,1,pulmune,1
vegetables,hyperclovax,5071327,1,prominently,1
vegetables,hyperclovax,5071327,1,top,1
vegetables,hyperclovax,5071327,1,속주,1
vegetables,hyperclovax,5071327,1,write,1
vegetables,hyperclovax,5071327,1,large,1
vegetables,hyperclovax,5071327,1,bold,1
vegetables,hyperclovax,5071327,1,letter,1
vegetables,hyperclovax,5071327,1,center,1
vegetables,hyperclovax,5071327,1,include,1
vegetables,hyperclovax,5071327,1,additional,1
vegetables,hyperclovax,5071327,1,text,1
vegetables,hyperclovax,5071327,1,korean,1
vegetables,hyperclovax,5071327,1,detail,1
vegetables,hyperclovax,5071327,1,information,1
vegetables,hyperclovax,5071327,1,2회_잔류농약_검사,1
vegetables,hyperclovax,5071327,1,overall,1
vegetables,hyperclovax,5071327,1,presentation,1
vegetables,hyperclovax,5071327,1,clean,1
vegetables,hyperclovax,5071327,1,straightforward,1
vegetables,hyperclovax,5071327,1,focus,1
vegetables,hyperclovax,5071327,2,main,1
vegetables,hyperclovax,5071327,2,food,1
vegetables,hyperclovax,5071327,2,product,1
vegetables,hyperclovax,5071327,2,sprout,8
vegetables,hyperclovax,5071327,2,specifically,1
vegetables,hyperclovax,5071327,2,mung,2
vegetables,hyperclovax,5071327,2,bean,2
vegetables,hyperclovax,5071327,2,white,3
vegetables,hyperclovax,5071327,2,green,2
vegetables,hyperclovax,5071327,2,tip,2
vegetables,hyperclovax,5071327,2,indicate,1
vegetables,hyperclovax,5071327,2,freshness,1
vegetables,hyperclovax,5071327,2,arrange,1
vegetables,hyperclovax,5071327,2,loose,1
vegetables,hyperclovax,5071327,2,pile,1
vegetables,hyperclovax,5071327,2,plate,2
vegetables,hyperclovax,5071327,2,extend,1
vegetables,hyperclovax,5071327,2,outward,1
vegetables,hyperclovax,5071327,2,showcase,1
vegetables,hyperclovax,5071327,2,natural,1
vegetables,hyperclovax,5071327,2,growth,1
vegetables,hyperclovax,5071327,2,pattern,1
vegetables,hyperclovax,5071327,2,slightly,1
vegetables,hyperclovax,5071327,2,wrinkle,1
vegetables,hyperclovax,5071327,2,texture,1
vegetables,hyperclovax,5071327,2,length,1
vegetables,hyperclovax,5071327,2,typical,1
vegetables,hyperclovax,5071327,2,neutral,1
vegetables,hyperclovax,5071327,2,light,1
vegetables,hyperclovax,5071327,2,grey,1
vegetables,hyperclovax,5071327,2,color,1
vegetables,hyperclovax,5071327,2,contrast,1
vegetables,hyperclovax,5071327,2,focal,1
vegetables,hyperclovax,5071327,2,point,1
vegetables,hyperclovax,5071327,2,fresh,1
vegetables,hyperclovax,5071327,2,ready,1
vegetables,hyperclovax,5071327,2,consumption,1
vegetables,hyperclovax,5071327,2,likely,1
vegetables,hyperclovax,5071327,2,intend,1
vegetables,hyperclovax,5071327,2,use,1
vegetables,hyperclovax,5071327,2,salad,1
vegetables,hyperclovax,5071327,2,garnish,1
vegetables,hyperclovax,5104176,1,main,1
vegetables,hyperclovax,5104176,1,food,1
vegetables,hyperclovax,5104176,1,product,4
vegetables,hyperclovax,5104176,1,package,2
vegetables,hyperclovax,5104176,1,snack,1
vegetables,hyperclovax,5104176,1,specifically,1
vegetables,hyperclovax,5104176,1,type,1
vegetables,hyperclovax,5104176,1,dry,2
vegetables,hyperclovax,5104176,1,fruit,3
vegetables,hyperclovax,5104176,1,nut,3
vegetables,hyperclovax,5104176,1,packaging,3
vegetables,hyperclovax,5104176,1,yellow,1
vegetables,hyperclovax,5104176,1,clear,2
vegetables,hyperclovax,5104176,1,window,1
vegetables,hyperclovax,5104176,1,allow,1
vegetables,hyperclovax,5104176,1,visibility,1
vegetables,hyperclovax,5104176,1,content,1
vegetables,hyperclovax,5104176,1,inside,1
vegetables,hyperclovax,5104176,1,small,1
vegetables,hyperclovax,5104176,1,round,1
vegetables,hyperclovax,5104176,1,orange,2
vegetables,hyperclovax,5104176,1,colored,1
vegetables,hyperclovax,5104176,1,piece,1
vegetables,hyperclovax,5104176,1,likely,2
vegetables,hyperclovax,5104176,1,rectangular,1
vegetables,hyperclovax,5104176,1,resealable,1
vegetables,hyperclovax,5104176,1,pouch,1
vegetables,hyperclovax,5104176,1,transparent,1
vegetables,hyperclovax,5104176,1,front,1
vegetables,hyperclovax,5104176,1,panel,1
vegetables,hyperclovax,5104176,1,brand,1
vegetables,hyperclovax,5104176,1,partially,1
vegetables,hyperclovax,5104176,1,visible,1
vegetables,hyperclovax,5104176,1,read,1
vegetables,hyperclovax,5104176,1,better_me,1
vegetables,hyperclovax,5104176,1,text,2
vegetables,hyperclovax,5104176,1,white,2
vegetables,hyperclovax,5104176,1,arrange,1
vegetables,hyperclovax,5104176,1,organized,1
vegetables,hyperclovax,5104176,1,manner,1
vegetables,hyperclovax,5104176,1,plain,1
vegetables,hyperclovax,5104176,1,light,1
vegetables,hyperclovax,5104176,1,gray,1
vegetables,hyperclovax,5104176,1,surface,1
vegetables,hyperclovax,5104176,1,plate,1
vegetables,hyperclovax,5104176,1,sliced,1
vegetables,hyperclovax,5104176,1,english,1
vegetables,hyperclovax,5104176,1,language,1
vegetables,hyperclovax,5104176,1,korean,1
vegetables,hyperclovax,5104176,1,provide,1
vegetables,hyperclovax,5104176,1,information,1
vegetables,hyperclovax,5104176,1,quantity,2
vegetables,hyperclovax,5104176,1,flavor,1
vegetables,hyperclovax,5104176,1,indicate,1
vegetables,hyperclovax,5104176,1,6piece,1
vegetables,hyperclovax,5104176,2,main,1
vegetables,hyperclovax,5104176,2,food,2
vegetables,hyperclovax,5104176,2,roasted,2
vegetables,hyperclovax,5104176,2,pumpkin,4
vegetables,hyperclovax,5104176,2,slice,4
vegetables,hyperclovax,5104176,2,orange,1
vegetables,hyperclovax,5104176,2,slightly,1
vegetables,hyperclovax,5104176,2,charred,1
vegetables,hyperclovax,5104176,2,texture,3
vegetables,hyperclovax,5104176,2,edge,2
vegetables,hyperclovax,5104176,2,indicate,1
vegetables,hyperclovax,5104176,2,roast,1
vegetables,hyperclovax,5104176,2,arrange,1
vegetables,hyperclovax,5104176,2,white,1
vegetables,hyperclovax,5104176,2,plate,1
vegetables,hyperclovax,5104176,2,line,1
vegetables,hyperclovax,5104176,2,parchment,1
vegetables,hyperclovax,5104176,2,paper,1
vegetables,hyperclovax,5104176,2,partially,1
vegetables,hyperclovax,5104176,2,visible,1
vegetables,hyperclovax,5104176,2,yellow,1
vegetables,hyperclovax,5104176,2,packaging,3
vegetables,hyperclovax,5104176,2,text,1
vegetables,hyperclovax,5104176,2,product,1
vegetables,hyperclovax,5104176,2,surface,1
vegetables,hyperclovax,5104176,2,smooth,1
vegetables,hyperclovax,5104176,2,natural,1
vegetables,hyperclovax,5104176,2,variation,1
vegetables,hyperclovax,5104176,2,color,1
vegetables,hyperclovax,5104176,2,typical,1
vegetables,hyperclovax,5104176,2,overall,1
vegetables,hyperclovax,5104176,2,presentation,1
vegetables,hyperclovax,5104176,2,simple,1
vegetables,hyperclovax,5104176,2,clean,1
vegetables,hyperclovax,5104176,2,focus,1
vegetables,hyperclovax,5104176,2,item,1
