category,model,product_id,image_order,n_gram_keyword,tfidf_score
bakery,qwen3,1001194675,2,100%_땅콩 문구,0.21038602298406348
bakery,qwen3,1002202568,2,100%_한국산_땅콩 비건,0.25933010315837035
bakery,qwen3,5132010,1,12개 격자,0.1680004414351065
bakery,qwen3,5003416,2,16개 들다,0.20952335008339018
bakery,qwen3,5116362,1,1개 담기다,0.2719164919809732
bakery,qwen3,5057085,2,1개 들다,0.19707773165455372
bakery,qwen3,1002104461,2,1개 반,0.1945862718937246
bakery,qwen3,5132010,2,1개 쿠키,0.23649127644415177
bakery,qwen3,1001385477,1,2개 나무,0.20775593634643463
bakery,qwen3,1000794499,2,2개 담기다,0.2244301407271301
bakery,qwen3,1000321559,1,2개 라벨,0.2789924724712701
bakery,qwen3,1000220024,2,2개 반,0.2335287793558078
bakery,qwen3,1000637683,2,2개 베이지,0.24525120975407103
bakery,qwen3,1000635372,1,2개 병,0.23657343724329355
bakery,qwen3,1000794499,1,2개 상자,0.1930067786728256
bakery,qwen3,1001194675,2,2개 앞,0.21038602298406348
bakery,qwen3,1000400055,1,2개 작다,0.20114197865423433
bakery,qwen3,1000794499,1,2개 작다,0.17710715690865905
bakery,qwen3,1000234669,1,2개 중,0.2937864929407466
bakery,qwen3,1001194675,2,2개 중,0.19305472398557483
bakery,qwen3,1001194675,1,2개 진열,0.36902997759994494
bakery,qwen3,1001493094,1,2개 진열,0.29009957476792686
bakery,qwen3,5057085,2,2개 쿠키,0.19707773165455372
bakery,qwen3,5097791,2,2개 통째,0.19809115318431952
bakery,qwen3,5040946,1,2개 포크,0.2483406197147564
bakery,qwen3,1000637683,1,2개 피넛,0.20309151656795507
bakery,qwen3,1000321559,2,2개 흰색,0.23621596715454624
bakery,qwen3,5122986,1,3 3,0.1767422616635842
bakery,qwen3,5122986,2,3 3,0.19951538209827294
bakery,qwen3,5057085,1,3 4,0.18735561589150132
bakery,qwen3,5122986,1,3 격자,0.1767422616635842
bakery,qwen3,5122986,2,3 격자,0.19951538209827294
bakery,qwen3,5025646,1,3 병,0.19449603266104687
bakery,qwen3,5097791,2,3개 2개,0.19809115318431952
bakery,qwen3,5063069,1,3개 각각,0.22552791260306854
bakery,qwen3,1002202568,1,3개 개별,0.29999730824808557
bakery,qwen3,1000400055,1,3개 담기다,0.20114197865423433
bakery,qwen3,5063069,2,3개 담기다,0.33448675377870896
bakery,qwen3,1000659491,1,3개 더,0.23175353064719564
bakery,qwen3,5116362,1,3개 반,0.2719164919809732
bakery,qwen3,5025646,2,3개 앞쪽,0.2528681077757213
bakery,qwen3,1000831954,1,3개 흰색,0.21745738454376032
bakery,qwen3,5057085,1,4 격자,0.18735561589150132
bakery,qwen3,5097791,1,4개 담기다,0.2551818537678673
bakery,qwen3,5097791,1,4개 들다,0.2551818537678673
bakery,qwen3,1000659491,1,4개 연하다,0.23175353064719564
bakery,qwen3,1000352096,1,500g 파스키,0.3292338597538544
bakery,qwen3,1000634077,1,5개 작다,0.25771344231350574
bakery,qwen3,1001385477,1,6 가지,0.20775593634643463
bakery,qwen3,5115048,2,6개 세트,0.15664946527340226
bakery,qwen3,5115048,1,6개 작다,0.15860055169160955
bakery,qwen3,1000220024,2,6개 중,0.2335287793558078
bakery,qwen3,5122986,2,8개 들다,0.2174266803589736
bakery,qwen3,5043336,2,8개 유리병,0.2020222553896969
bakery,qwen3,1000229955,2,9 종,0.20047030359119772
bakery,qwen3,5122986,1,9개 3,0.1926091253140669
bakery,qwen3,1002104461,1,Butter_&_Shelter 적히다,0.21188378493442572
bakery,qwen3,1000229955,2,CHARMANT 브랜드,0.20047030359119772
bakery,qwen3,1000229955,1,CHARMANT 쿠키,0.271798854492182
bakery,qwen3,5043336,1,FOURB_SPREAD 적히다,0.16670502059201503
bakery,qwen3,5043336,2,FOURB_SPREAD 적히다,0.18537995157670506
bakery,qwen3,1000870987,2,HAVE_A_HARTY_TIME! 적히다,0.15978766198215996
bakery,qwen3,1000659491,1,I_am_bagel 적히다,0.23175353064719564
bakery,qwen3,1001737663,1,JOSUN_DELI 브랜드,0.20103764392787923
bakery,qwen3,5003416,2,Le_Chateau_de_Ma_Vie 적히다,0.20952335008339018
bakery,qwen3,1001194675,2,My_Normal 적히다,0.21038602298406348
bakery,qwen3,5044137,1,NAPOLION 브랜드,0.19111525196728585
bakery,qwen3,1001493094,1,Nuts_Green 땅콩,0.3161429803155323
bakery,qwen3,1001493094,2,Nuts_Green 식물,0.33554820665129437
bakery,qwen3,1000637683,1,OH_NUTTY 적히다,0.20309151656795507
bakery,qwen3,1000635372,1,Oh_Nutty_피스타치오_버터 담기다,0.23657343724329355
bakery,qwen3,5057085,1,PNB SINCE_1951,0.18735561589150132
bakery,qwen3,1000352096,2,Pasquier_Sliced_Brioche 빵,0.2978872313892517
bakery,qwen3,5097791,1,Pastel_de_Nata_Original 적히다,0.2551818537678673
bakery,qwen3,5132010,1,Real_Brownie_Cookie 한국어,0.1680004414351065
bakery,qwen3,5057085,1,SINCE_1951 문구,0.18735561589150132
bakery,qwen3,5138995,1,TAKUMIYA artisan_baking,0.22733607474976467
bakery,qwen3,1000400055,1,WHAT'S_THE_BETTER? 문구,0.2191993030295997
bakery,qwen3,5138995,1,artisan_baking 적히다,0.22733607474976467
bakery,qwen3,5115048,1,darbo_since_1853 과일_함량_70%,0.15860055169160955
bakery,qwen3,1000321559,2,가 가득,0.23621596715454624
bakery,qwen3,1001194675,2,가다 한국어,0.21038602298406348
bakery,qwen3,1000321559,2,가득 담기다,0.1834912271843631
bakery,qwen3,1000635372,2,가득 담기다,0.15803937053805842
bakery,qwen3,1001194675,2,가득 담기다,0.16342667265387037
bakery,qwen3,5025646,2,가득 담기다,0.19642651582988843
bakery,qwen3,5043336,2,가득 담기다,0.15692974529429415
bakery,qwen3,1000196053,2,가득 들다,0.280367705118972
bakery,qwen3,5052044,2,가득 빵,0.21241516719787884
bakery,qwen3,1001556191,2,가득 폭신폭신,0.271769317249936
bakery,qwen3,5052041,2,가득 폭신폭신,0.24392657920140765
bakery,qwen3,5052044,2,가득 폭신폭신,0.18250135739194862
bakery,qwen3,1001737665,2,가루 베리,0.2128359436876393
bakery,qwen3,5012764,1,가루 뿌리다,0.2767536733735905
bakery,qwen3,5052044,1,가루 살짝,0.21064934226482315
bakery,qwen3,1000831954,1,가루 설탕,0.1995435569163294
bakery,qwen3,5012764,2,가루 설탕,0.18217908802400853
bakery,qwen3,1000870987,2,가루 숟가락,0.15978766198215996
bakery,qwen3,1001385477,1,가지 맛,0.1906413001150925
bakery,qwen3,1001501168,1,가지 맛,0.20766147570225618
bakery,qwen3,1000128336,1,가지다 빵,0.279436774001167
bakery,qwen3,5007270,1,가지다 알록달록,0.18037454672811834
bakery,qwen3,5052041,1,가지다 짙다,0.2676765762918566
bakery,qwen3,1000196053,1,가지다 타원,0.3312428705869543
bakery,qwen3,5057085,1,가지런히 배열,0.18735561589150132
bakery,qwen3,5132010,1,가지런히 아래,0.1680004414351065
bakery,qwen3,5131242,1,가지런히 일부,0.23869772366121506
bakery,qwen3,1000894225,2,가지런히 정렬,0.267896689058852
bakery,qwen3,5115048,2,각각 녹색,0.15664946527340226
bakery,qwen3,5043336,2,각각 다르다,0.2020222553896969
bakery,qwen3,1000831954,2,각각 속,0.15955438742968497
bakery,qwen3,5063069,1,각각 속,0.20694924644269877
bakery,qwen3,5003416,1,각기 속,0.22301495167913998
bakery,qwen3,1000196053,1,갈라지다 겉면,0.3039555577235183
bakery,qwen3,1001556191,1,갈라지다 겉면,0.22928107656752664
bakery,qwen3,1000659491,2,갈라지다 기공,0.21067097958689965
bakery,qwen3,5052044,1,갈라지다 껍질,0.21064934226482315
bakery,qwen3,1000217187,2,갈라지다 속,0.33312064202740027
bakery,qwen3,1000894225,2,갈색 겉면,0.24582774382699213
bakery,qwen3,5128440,1,갈색 겉면,0.23650208421617713
bakery,qwen3,5074339,1,갈색 과자,0.29914997137434124
bakery,qwen3,5122986,2,갈색 글레이즈,0.2174266803589736
bakery,qwen3,1000128336,1,갈색 껍질,0.19404530458683258
bakery,qwen3,1000128336,2,갈색 껍질,0.18838186776778748
bakery,qwen3,1000196053,2,갈색 껍질,0.19469175784249135
bakery,qwen3,1000659491,2,갈색 껍질,0.1462932520161989
bakery,qwen3,1000894225,1,갈색 껍질,0.22975024487199258
bakery,qwen3,5052041,1,갈색 껍질,0.1858788377548938
bakery,qwen3,5138995,1,갈색 껍질,0.15786575702526826
bakery,qwen3,5138995,2,갈색 껍질,0.20793424499791774
bakery,qwen3,5040946,2,갈색 다양,0.24062460302755292
bakery,qwen3,5122986,1,갈색 도넛,0.1926091253140669
bakery,qwen3,1000217187,1,갈색 둥글다,0.2852528992795134
bakery,qwen3,1002202568,2,갈색 땅콩,0.23796686099333797
bakery,qwen3,5025646,2,갈색 땅콩,0.2320371955274535
bakery,qwen3,1000217187,2,갈색 띠다,0.23929582095185017
bakery,qwen3,1000794499,2,갈색 띠다,0.161218453605227
bakery,qwen3,1001556191,2,갈색 띠다,0.22722359011957574
bakery,qwen3,1001737663,2,갈색 띠다,0.16612539056203543
bakery,qwen3,5044138,2,갈색 띠다,0.16719606283944038
bakery,qwen3,5052041,2,갈색 띠다,0.20394455714350487
bakery,qwen3,5063069,1,갈색 띠다,0.162007033444266
bakery,qwen3,5097791,1,갈색 바삭바삭,0.2551818537678673
bakery,qwen3,1000659491,1,갈색 베이글,0.23175353064719564
bakery,qwen3,5131242,2,갈색 브레드,0.2504798152238798
bakery,qwen3,1000220024,1,갈색 빵,0.2822334883444732
bakery,qwen3,1000220024,2,갈색 빵,0.2142910132610793
bakery,qwen3,1000321559,2,갈색 소스,0.23621596715454624
bakery,qwen3,1000196053,1,갈색 속살,0.3312428705869543
bakery,qwen3,1002104461,2,갈색 직사각형,0.17855653374212313
bakery,qwen3,5131242,1,갈색 직사각형,0.21903414734395893
bakery,qwen3,1000794499,1,갈색 토핑,0.1930067786728256
bakery,qwen3,5063069,1,갈색 판지,0.22552791260306854
bakery,qwen3,1000831954,1,갈색 페이스트리,0.18683349394334353
bakery,qwen3,5003416,2,갈색 페이스트리,0.18001678646565594
bakery,qwen3,5097791,2,갈색 페이스트리,0.1701945525848295
bakery,qwen3,1000447291,1,감도 희다,0.23891052682632535
bakery,qwen3,5097791,2,감싸이다 반,0.19809115318431952
bakery,qwen3,5063069,1,감자 캐릭터,0.22552791260306854
bakery,qwen3,1000528793,2,갓 베이글,0.3105632538495019
bakery,qwen3,5052044,2,갓 수제,0.21241516719787884
bakery,qwen3,1000528793,1,같다 로고,0.2071859976153289
bakery,qwen3,1000217187,1,같다 빵,0.2852528992795134
bakery,qwen3,1000831954,2,같다 속,0.31910877485936995
bakery,qwen3,1000870987,1,같다 속,0.24569852111291784
bakery,qwen3,5043336,1,같다 스프레드,0.18167080074378847
bakery,qwen3,1001194675,1,같다 제품,0.36902997759994494
bakery,qwen3,1002202568,1,같다 제품,0.2752839600216059
bakery,qwen3,5057085,2,같다 쿠키,0.19707773165455372
bakery,qwen3,1002104461,2,같다 토핑,0.1945862718937246
bakery,qwen3,1000229955,1,개별 포장,0.20261937778162278
bakery,qwen3,1000229955,2,개별 포장,0.1494456930410274
bakery,qwen3,1000528793,1,개별 포장,0.1544520781749293
bakery,qwen3,1002104461,1,개별 포장,0.15795416336702556
bakery,qwen3,5057085,1,개별 포장,0.1396690151132357
bakery,qwen3,5132010,2,개별 포장,0.1762984445737393
bakery,qwen3,1001501168,2,개별 포장지,0.21270746625618084
bakery,qwen3,1002202568,1,개별 포장지,0.2752839600216059
bakery,qwen3,5043336,2,건포도 크림치즈,0.2020222553896969
bakery,qwen3,1000870987,2,검다 깨,0.15978766198215996
bakery,qwen3,5003416,2,검다 색,0.20952335008339018
bakery,qwen3,1000831954,1,검다 올리브,0.1995435569163294
bakery,qwen3,1000831954,2,검다 올리브,0.15955438742968497
bakery,qwen3,5131242,1,검다 점,0.21903414734395893
bakery,qwen3,5131242,2,검다 점,0.22984564709256777
bakery,qwen3,5043336,1,검은색 뚜껑,0.18167080074378847
bakery,qwen3,5122986,1,검은색 물방울,0.1926091253140669
bakery,qwen3,5003416,1,검은색 상자,0.20464329963751435
bakery,qwen3,5003416,2,검은색 상자,0.19226311684187247
bakery,qwen3,1000229955,1,검은색 쟁반,0.271798854492182
bakery,qwen3,5052041,2,겉 짙다,0.2839086012593104
bakery,qwen3,1001556191,2,겉 황금빛,0.3163150443802963
bakery,qwen3,1000894225,2,겉면 기공,0.24582774382699213
bakery,qwen3,5128440,1,겉면 기공,0.23650208421617713
bakery,qwen3,1001556191,1,겉면 폭신폭신,0.24986456093221948
bakery,qwen3,1000196053,1,겉면 황금빛,0.2845949011362707
bakery,qwen3,1000794499,2,겉면 황금빛,0.19282429716617855
bakery,qwen3,1001737663,2,겉면 황금빛,0.1986932076337868
bakery,qwen3,5057085,1,격자 모양,0.15247687871092572
bakery,qwen3,5122986,1,격자 모양,0.15675237755423302
bakery,qwen3,5122986,2,격자 모양,0.17694981499147192
bakery,qwen3,5132010,1,격자 모양,0.13672492714025283
bakery,qwen3,5003416,1,견과 각기,0.22301495167913998
bakery,qwen3,5003416,2,견과 과일,0.20952335008339018
bakery,qwen3,1000635372,2,견과 주재료,0.20345072259304453
bakery,qwen3,1000635372,2,견과 향,0.20345072259304453
bakery,qwen3,5044137,1,겹 들다,0.19111525196728585
bakery,qwen3,1002104461,2,겹쳐지다 크림,0.1945862718937246
bakery,qwen3,1000635372,2,고소하다 견과,0.20345072259304453
bakery,qwen3,5074339,1,곰 그림,0.29914997137434124
bakery,qwen3,5052044,1,공기 주머니,0.21064934226482315
bakery,qwen3,1000634077,2,과일 글레이즈,0.26726124191242434
bakery,qwen3,5003416,2,과일 다양,0.20952335008339018
bakery,qwen3,5115048,1,과일 맛,0.15860055169160955
bakery,qwen3,1001385477,1,과일 스프레드,0.1906413001150925
bakery,qwen3,1001385477,2,과일 스프레드,0.20315452983969243
bakery,qwen3,5115048,2,과일 일러스트,0.15664946527340226
bakery,qwen3,1001737665,2,과일 층층이,0.2128359436876393
bakery,qwen3,5115048,1,과일_함량_70% 적히다,0.15860055169160955
bakery,qwen3,5063069,1,과자 3개,0.22552791260306854
bakery,qwen3,5052041,2,구겨지다 리넨,0.2839086012593104
bakery,qwen3,5052041,1,구겨지다 밝다,0.2676765762918566
bakery,qwen3,5007270,2,그리고 나무,0.17922630514067597
bakery,qwen3,1000831954,2,그리고 번,0.1738782264841035
bakery,qwen3,5115048,2,그리고 짙다,0.15664946527340226
bakery,qwen3,5012764,2,그리고 희다,0.19853403744266143
bakery,qwen3,1000400055,2,그리고 흰색,0.2093351649808741
bakery,qwen3,1000229955,1,그리다 CHARMANT,0.271798854492182
bakery,qwen3,1000528793,1,그리다 같다,0.2071859976153289
bakery,qwen3,5071363,1,그리다 라벨,0.27430378443396025
bakery,qwen3,5115048,2,그리다 라벨,0.1437449068711915
bakery,qwen3,5063069,1,그리다 상자,0.22552791260306854
bakery,qwen3,1000634077,1,그리다 일본화,0.25771344231350574
bakery,qwen3,5074339,1,그리다 작다,0.29914997137434124
bakery,qwen3,5132010,1,그리다 쿠키,0.1680004414351065
bakery,qwen3,5132010,2,그리다 흰색,0.23649127644415177
bakery,qwen3,1000229955,1,그림 그리다,0.2335222128285728
bakery,qwen3,1000637683,1,그림 그리다,0.17449072934567425
bakery,qwen3,5074339,1,그림 그리다,0.25702155152000383
bakery,qwen3,1000634077,1,그림 상자,0.25771344231350574
bakery,qwen3,5052044,2,근접 촬영,0.21241516719787884
bakery,qwen3,1000634077,2,글레이즈 다양,0.26726124191242434
bakery,qwen3,5122986,2,글레이즈 도넛,0.2174266803589736
bakery,qwen3,5044137,1,글레이즈 바르다,0.19111525196728585
bakery,qwen3,5063069,1,글씨 한국어,0.22552791260306854
bakery,qwen3,5071363,1,글자 딸기,0.29892913835587287
bakery,qwen3,1000128336,1,금빛 갈색,0.279436774001167
bakery,qwen3,5071363,2,금색 뚜껑,0.3252538577767249
bakery,qwen3,1000220024,2,기공 많다,0.16216606880703432
bakery,qwen3,1000659491,2,기공 많다,0.1462932520161989
bakery,qwen3,1000894225,2,기공 많다,0.1860316875330511
bakery,qwen3,5128440,1,기공 많다,0.17897443611077188
bakery,qwen3,5131242,1,기공 많다,0.16575546528400245
bakery,qwen3,5131242,2,기공 많다,0.17393713555313348
bakery,qwen3,5138995,1,기공 많다,0.15786575702526826
bakery,qwen3,5138995,2,기공 많다,0.20793424499791774
bakery,qwen3,1001556191,2,기포 가득,0.271769317249936
bakery,qwen3,5052041,2,기포 가득,0.24392657920140765
bakery,qwen3,5052044,2,기포 가득,0.18250135739194862
bakery,qwen3,5128440,2,깔다 나무,0.28974637365053363
bakery,qwen3,5003416,2,깔리다 검다,0.20952335008339018
bakery,qwen3,5003416,1,깔리다 배경,0.22301495167913998
bakery,qwen3,1000870987,2,깨 얹다,0.15978766198215996
bakery,qwen3,1000635372,2,깨지다 피스타치오,0.20345072259304453
bakery,qwen3,5052044,1,껍질 가루,0.21064934226482315
bakery,qwen3,5052041,1,껍질 가지다,0.2676765762918566
bakery,qwen3,1000447291,1,껍질 감도,0.23891052682632535
bakery,qwen3,5097791,2,껍질 감싸이다,0.19809115318431952
bakery,qwen3,1000635372,2,껍질 깨지다,0.20345072259304453
bakery,qwen3,1000894225,1,껍질 돋보이다,0.3035987314287338
bakery,qwen3,5128440,2,껍질 돋보이다,0.2658774827221396
bakery,qwen3,1000196053,2,껍질 띠다,0.22817353173252417
bakery,qwen3,1000659491,2,껍질 띠다,0.17145177767708814
bakery,qwen3,5052044,2,껍질 띠다,0.1728712615903026
bakery,qwen3,5138995,1,껍질 띠다,0.18501444395620162
bakery,qwen3,5138995,1,껍질 작다,0.22733607474976467
bakery,qwen3,1000128336,1,껍질 잘다,0.279436774001167
bakery,qwen3,1000128336,2,껍질 폭신폭신,0.27128108830785397
bakery,qwen3,5138995,2,껍질 희다,0.2994376738478899
bakery,qwen3,1001194675,2,꽂히다 가다,0.21038602298406348
bakery,qwen3,5040946,1,꽂히다 마카롱,0.2483406197147564
bakery,qwen3,5115048,2,꽂히다 병,0.15664946527340226
bakery,qwen3,5012764,1,꽂히다 작다,0.25395510246980435
bakery,qwen3,5012764,2,꽂히다 작다,0.18217908802400853
bakery,qwen3,5012764,1,꽃 꽂히다,0.25395510246980435
bakery,qwen3,5012764,2,꽃 꽂히다,0.18217908802400853
bakery,qwen3,5012764,2,꽃병 더,0.19853403744266143
bakery,qwen3,5012764,1,꽃병 상자,0.2767536733735905
bakery,qwen3,1000831954,2,나다 크림,0.1738782264841035
bakery,qwen3,5115048,1,나머지 병,0.15860055169160955
bakery,qwen3,1000196053,1,나무 도마,0.20527284111169586
bakery,qwen3,1000447291,1,나무 도마,0.1480540321554118
bakery,qwen3,1000447291,2,나무 도마,0.1923115286097114
bakery,qwen3,1000659491,2,나무 도마,0.1305538454094358
bakery,qwen3,1000894225,1,나무 도마,0.20503186263490025
bakery,qwen3,1000894225,2,나무 도마,0.16601689989608764
bakery,qwen3,5007270,1,나무 도마,0.11177899649736169
bakery,qwen3,5052044,1,나무 도마,0.1305404366541958
bakery,qwen3,5052044,2,나무 도마,0.13163472707702636
bakery,qwen3,5128440,1,나무 도마,0.1597189244358269
bakery,qwen3,5128440,2,나무 도마,0.17955725723443994
bakery,qwen3,5138995,2,나무 도마,0.18556300377942234
bakery,qwen3,5071363,1,나무 뚜껑,0.29892913835587287
bakery,qwen3,1000635372,1,나무 손잡이,0.23657343724329355
bakery,qwen3,1000637683,2,나무 숟가락,0.17030630942232083
bakery,qwen3,1001194675,2,나무 숟가락,0.14609537365538175
bakery,qwen3,1001385477,1,나무 숟가락,0.14426899999889833
bakery,qwen3,1001385477,2,나무 숟가락,0.15373846510449013
bakery,qwen3,5025646,1,나무 숟가락,0.135061113676061
bakery,qwen3,5025646,2,나무 숟가락,0.17559560358162069
bakery,qwen3,5115048,1,나무 숟가락,0.1101347253619151
bakery,qwen3,5115048,2,나무 숟가락,0.10877986017049729
bakery,qwen3,1000528793,1,나무 쟁반,0.19011831211968447
bakery,qwen3,1000635372,1,나무 쟁반,0.2170848565961168
bakery,qwen3,5044137,1,나무 케이크,0.19111525196728585
bakery,qwen3,5007270,2,나무 코스터,0.17922630514067597
bakery,qwen3,5007270,2,나무 판,0.16446189903265848
bakery,qwen3,5044137,2,나무 판,0.25914144998115374
bakery,qwen3,1000794499,1,나무 포크,0.16582619573876556
bakery,qwen3,1000794499,2,나무 포크,0.19282429716617855
bakery,qwen3,5044137,2,나무 포크,0.2426352585557277
bakery,qwen3,5044138,1,나폴레옹 롤,0.2489144661907965
bakery,qwen3,5044138,1,나폴레옹 케이크,0.2489144661907965
bakery,qwen3,1001501168,2,내려다보다 모습,0.21270746625618084
bakery,qwen3,5007270,2,내려다보다 모습,0.16446189903265848
bakery,qwen3,1000220024,1,내리다 치즈,0.2822334883444732
bakery,qwen3,1000220024,2,내리다 치즈,0.2142910132610793
bakery,qwen3,1001737663,1,넘치다 주황색,0.18447645099573423
bakery,qwen3,1001737663,2,넘치다 주황색,0.21221007298821734
bakery,qwen3,1002202568,2,넛츠_그린 스무스,0.25933010315837035
bakery,qwen3,5003416,2,넣다 작다,0.20952335008339018
bakery,qwen3,1000400055,2,노란색 마카롱,0.2093351649808741
bakery,qwen3,1000870987,2,노란색 버전,0.15978766198215996
bakery,qwen3,1000794499,1,노란색 상자,0.1930067786728256
bakery,qwen3,5097791,2,노란색 속,0.19809115318431952
bakery,qwen3,1000528793,1,노란색 종이,0.2071859976153289
bakery,qwen3,5040946,2,노란색 초록색,0.24062460302755292
bakery,qwen3,1000794499,1,노란색 케이크,0.1930067786728256
bakery,qwen3,1000352096,2,노란색 포장지,0.2978872313892517
bakery,qwen3,5128440,2,노릇노릇 껍질,0.28974637365053363
bakery,qwen3,1000352096,2,노릇노릇 보이다,0.2978872313892517
bakery,qwen3,5074339,2,노릇노릇 폭신폭신,0.3711829604246189
bakery,qwen3,1000220024,1,녹다 내리다,0.2822334883444732
bakery,qwen3,1000220024,2,녹다 내리다,0.2142910132610793
bakery,qwen3,1000831954,2,녹다 치즈,0.1738782264841035
bakery,qwen3,5115048,1,녹색 뚜껑,0.1455352655870248
bakery,qwen3,5115048,2,녹색 뚜껑,0.1437449068711915
bakery,qwen3,1000400055,2,녹색 마카롱,0.2093351649808741
bakery,qwen3,1000659491,1,녹색 배경,0.21266200699637688
bakery,qwen3,1000659491,2,녹색 배경,0.1933162062719365
bakery,qwen3,5007270,1,녹색 분홍색,0.18037454672811834
bakery,qwen3,5122986,1,녹색 빨간색,0.1767422616635842
bakery,qwen3,5122986,2,녹색 빨간색,0.19951538209827294
bakery,qwen3,1000794499,1,녹색 상자,0.1930067786728256
bakery,qwen3,1000196053,2,녹색 올리브,0.280367705118972
bakery,qwen3,1000400055,2,녹색 초콜릿,0.2093351649808741
bakery,qwen3,1000794499,2,녹차 케이크,0.2244301407271301
bakery,qwen3,5116362,1,녹차 쿠키,0.2719164919809732
bakery,qwen3,1000400055,1,누 담,0.2191993030295997
bakery,qwen3,1000220024,2,눈 띄다,0.2142910132610793
bakery,qwen3,1000321559,2,눈 띄다,0.2167568343808699
bakery,qwen3,1000321559,2,느끼다 표면,0.23621596715454624
bakery,qwen3,5052044,2,다 빵,0.21241516719787884
bakery,qwen3,1000794499,2,다 케이크,0.2244301407271301
bakery,qwen3,1001556191,1,다공 질감,0.24986456093221948
bakery,qwen3,5043336,2,다르다 맛,0.2020222553896969
bakery,qwen3,5043336,1,다르다 종류,0.18167080074378847
bakery,qwen3,5115048,2,다르보 잼,0.15664946527340226
bakery,qwen3,5115048,1,다양 과일,0.15860055169160955
bakery,qwen3,5043336,1,다양 맛,0.1560866305904483
bakery,qwen3,5043336,2,다양 맛,0.173572049107286
bakery,qwen3,5115048,2,다양 맛,0.13458897697491873
bakery,qwen3,1000229955,2,다양 모양,0.20047030359119772
bakery,qwen3,5003416,1,다양 미니,0.22301495167913998
bakery,qwen3,5040946,1,다양 색상,0.2483406197147564
bakery,qwen3,5040946,2,다양 색조,0.24062460302755292
bakery,qwen3,5003416,2,다양 속,0.20952335008339018
bakery,qwen3,1000634077,1,다양 종류,0.22142040825433162
bakery,qwen3,1000831954,1,다양 종류,0.18683349394334353
bakery,qwen3,1002104461,1,다양 종류,0.18204480814617907
bakery,qwen3,1000634077,2,다양 토핑,0.26726124191242434
bakery,qwen3,5132010,1,다크 초콜릿,0.1680004414351065
bakery,qwen3,5007270,1,단면 가지다,0.18037454672811834
bakery,qwen3,5052044,1,단면 공기,0.21064934226482315
bakery,qwen3,5044138,2,단면 드러나다,0.23275149384549795
bakery,qwen3,5044138,1,단면 잘,0.2489144661907965
bakery,qwen3,5122986,1,닫히다 모습,0.1926091253140669
bakery,qwen3,5122986,1,닫히다 상자,0.1926091253140669
bakery,qwen3,1001385477,1,달 과일,0.1906413001150925
bakery,qwen3,1001385477,2,달 과일,0.20315452983969243
bakery,qwen3,5115048,1,달리다 darbo_since_1853,0.15860055169160955
bakery,qwen3,5071363,1,달리다 딸기,0.27430378443396025
bakery,qwen3,5071363,2,달리다 딸기,0.2984599112037279
bakery,qwen3,5043336,1,달리다 작다,0.18167080074378847
bakery,qwen3,1000635372,1,달리다 칼,0.23657343724329355
bakery,qwen3,5074339,1,달리다 흰색,0.29914997137434124
bakery,qwen3,1000400055,1,담 마카롱,0.2191993030295997
bakery,qwen3,1000321559,2,담기다 2개,0.20295035995803942
bakery,qwen3,1000635372,1,담기다 2개,0.20325748857453144
bakery,qwen3,5040946,1,담기다 2개,0.2133675329844965
bakery,qwen3,5043336,2,담기다 8개,0.2020222553896969
bakery,qwen3,5040946,1,담기다 다양,0.2483406197147564
bakery,qwen3,5040946,2,담기다 또,0.24062460302755292
bakery,qwen3,1000400055,1,담기다 마카롱,0.2191993030295997
bakery,qwen3,1000634077,1,담기다 배경,0.22142040825433162
bakery,qwen3,5012764,1,담기다 배경,0.2377792589868913
bakery,qwen3,5040946,2,담기다 배경,0.2067381404714763
bakery,qwen3,1001737663,1,담기다 상자,0.18447645099573423
bakery,qwen3,1002104461,1,담기다 상자,0.19442910245341244
bakery,qwen3,1001385477,2,담기다 세인트,0.22139252902904238
bakery,qwen3,1000637683,2,담기다 안,0.24525120975407103
bakery,qwen3,5025646,2,담기다 유리병,0.2528681077757213
bakery,qwen3,5115048,2,담기다 육각,0.15664946527340226
bakery,qwen3,1001501168,2,담기다 일부,0.23180307096757996
bakery,qwen3,1000635372,1,담기다 작다,0.18376890792735467
bakery,qwen3,1001385477,1,담기다 작다,0.16138363623024043
bakery,qwen3,1001385477,2,담기다 작다,0.17197646429384003
bakery,qwen3,5007270,1,담기다 작다,0.14011392765126499
bakery,qwen3,5025646,1,담기다 작다,0.15108341804902664
bakery,qwen3,1001737665,1,담기다 조각,0.30692985216717583
bakery,qwen3,1000794499,2,담기다 직사각형,0.20594190744031424
bakery,qwen3,5044138,1,담기다 직사각형,0.22840924926900188
bakery,qwen3,5012764,2,담기다 찻잔,0.19853403744266143
bakery,qwen3,1000794499,1,담기다 케이크,0.16582619573876556
bakery,qwen3,1001737663,1,담기다 케이크,0.17272609761212745
bakery,qwen3,1001737663,2,담기다 케이크,0.1986932076337868
bakery,qwen3,1000870987,2,담기다 통,0.15978766198215996
bakery,qwen3,1000870987,1,담기다 하트,0.2677558655020281
bakery,qwen3,1000794499,2,담기다 희다,0.19282429716617855
bakery,qwen3,5012764,2,담기다 희다,0.1705750667419924
bakery,qwen3,5097791,1,담기다 희다,0.21924533595590895
bakery,qwen3,1000352096,1,담기다 흰색,0.24543576510874096
bakery,qwen3,1000400055,1,담기다 흰색,0.16340770262996232
bakery,qwen3,1000635372,2,담기다 흰색,0.15166752228608074
bakery,qwen3,1000637683,2,담기다 흰색,0.18282875994236203
bakery,qwen3,1001194675,2,담기다 흰색,0.15683761857873205
bakery,qwen3,5044138,1,담기다 흰색,0.18555962774256166
bakery,qwen3,1000321559,1,담다 2개,0.25600947250699274
bakery,qwen3,1001493094,1,담다 2개,0.29009957476792686
bakery,qwen3,5003416,1,담다 다양,0.22301495167913998
bakery,qwen3,1001556191,2,담다 모습,0.3163150443802963
bakery,qwen3,1001501168,1,담다 플랫,0.22630408154769568
bakery,qwen3,1001737663,1,대리석 무늬,0.20103764392787923
bakery,qwen3,1001737665,1,대리석 상자,0.30692985216717583
bakery,qwen3,1001737665,2,대리석 윗면,0.2128359436876393
bakery,qwen3,1001737665,1,대리석 통,0.30692985216717583
bakery,qwen3,1001737663,1,대리석 판,0.18447645099573423
bakery,qwen3,1001737663,2,대리석 판,0.21221007298821734
bakery,qwen3,5057085,2,더 들다,0.19707773165455372
bakery,qwen3,5012764,2,더 작다,0.19853403744266143
bakery,qwen3,1002202568,1,더 크다,0.29999730824808557
bakery,qwen3,5012764,2,더 평온,0.19853403744266143
bakery,qwen3,1000659491,1,더 흩어지다,0.23175353064719564
bakery,qwen3,5132010,2,더미 들다,0.23649127644415177
bakery,qwen3,5132010,1,더미 일러스트,0.1680004414351065
bakery,qwen3,1000196053,1,덩어리 나무,0.3039555577235183
bakery,qwen3,5007270,1,덩어리 나무,0.16551555012405839
bakery,qwen3,5128440,2,덩어리 밑,0.28974637365053363
bakery,qwen3,1000128336,2,덩어리 썰다,0.2489333411171817
bakery,qwen3,1001556191,2,덩어리 썰다,0.2902574644416785
bakery,qwen3,1000637683,2,덩어리 씹히다,0.24525120975407103
bakery,qwen3,1000894225,1,덩어리 얇다,0.3035987314287338
bakery,qwen3,1001556191,1,덩어리 얇다,0.22928107656752664
bakery,qwen3,5052041,2,덩어리 여러,0.2605206176524312
bakery,qwen3,5138995,2,덩어리 여러,0.2747704275010981
bakery,qwen3,5115048,1,덩어리 올리다,0.15860055169160955
bakery,qwen3,5052041,1,덩어리 조각,0.2676765762918566
bakery,qwen3,5052044,1,덩이 밝다,0.21064934226482315
bakery,qwen3,5128440,1,덩이 배경,0.2577338274788935
bakery,qwen3,5128440,1,덩이 보이다,0.2577338274788935
bakery,qwen3,1000447291,1,덩이 비닐,0.23891052682632535
bakery,qwen3,1000894225,2,덩이 빵,0.267896689058852
bakery,qwen3,1000128336,1,덩이 체크,0.279436774001167
bakery,qwen3,5138995,1,덩이 희다,0.22733607474976467
bakery,qwen3,1000634077,1,도넛 5개,0.25771344231350574
bakery,qwen3,5122986,2,도넛 8개,0.2174266803589736
bakery,qwen3,5122986,1,도넛 9개,0.1926091253140669
bakery,qwen3,5122986,1,도넛 상자,0.1767422616635842
bakery,qwen3,5122986,2,도넛 상자,0.19951538209827294
bakery,qwen3,5128440,2,도마 가지런히,0.28974637365053363
bakery,qwen3,1000894225,1,도마 배경,0.3308540105606052
bakery,qwen3,1000659491,2,도마 베이글,0.21067097958689965
bakery,qwen3,1000447291,1,도마 빵,0.20526545263320223
bakery,qwen3,5052044,1,도마 빵,0.1809842084451458
bakery,qwen3,5138995,2,도마 빵,0.2572687376915014
bakery,qwen3,5128440,1,도마 슬라이스,0.2577338274788935
bakery,qwen3,1000894225,2,도마 얇다,0.267896689058852
bakery,qwen3,5052044,2,도마 올려놓다,0.21241516719787884
bakery,qwen3,1000196053,1,도마 유사,0.3312428705869543
bakery,qwen3,5007270,1,도마 칼,0.18037454672811834
bakery,qwen3,1000447291,2,도마 희다,0.31032757396768185
bakery,qwen3,5128440,2,돋보이다 얇다,0.28974637365053363
bakery,qwen3,1000894225,1,돋보이다 희다,0.3308540105606052
bakery,qwen3,5071363,1,되다 글자,0.29892913835587287
bakery,qwen3,5043336,1,되다 브랜드,0.18167080074378847
bakery,qwen3,5128440,1,되다 빵,0.2577338274788935
bakery,qwen3,5116362,2,되다 초록색,0.2778180604908076
bakery,qwen3,1000635372,2,되다 피스타치오,0.20345072259304453
bakery,qwen3,5044137,1,두르다 흰색,0.19111525196728585
bakery,qwen3,5132010,1,둥글다 다크,0.1680004414351065
bakery,qwen3,1000229955,2,둥글다 모양,0.20047030359119772
bakery,qwen3,1000217187,1,둥글다 빵,0.2617541743286953
bakery,qwen3,1000831954,1,둥글다 빵,0.1995435569163294
bakery,qwen3,1001737665,2,둥글다 초콜릿,0.2128359436876393
bakery,qwen3,5063069,1,둥글다 황금빛,0.20694924644269877
bakery,qwen3,5063069,2,둥글다 황금빛,0.33448675377870896
bakery,qwen3,1001737663,1,둥글다 흰색,0.18447645099573423
bakery,qwen3,1001737663,2,둥글다 흰색,0.21221007298821734
bakery,qwen3,1000400055,2,드러나다 노란색,0.2093351649808741
bakery,qwen3,5007270,1,드러나다 단면,0.18037454672811834
bakery,qwen3,1000659491,2,드러나다 베이글,0.21067097958689965
bakery,qwen3,1001556191,1,드러나다 채,0.22928107656752664
bakery,qwen3,5044138,2,드러나다 채,0.21357775941691962
bakery,qwen3,1002104461,2,드러나다 쿠키,0.1945862718937246
bakery,qwen3,5097791,2,드러나다 타르트,0.19809115318431952
bakery,qwen3,5131242,1,드러나다 회색,0.23869772366121506
bakery,qwen3,5003416,1,들다 검은색,0.22301495167913998
bakery,qwen3,5043336,1,들다 라벨,0.18167080074378847
bakery,qwen3,5132010,2,들다 만화,0.23649127644415177
bakery,qwen3,5115048,1,들다 병,0.1455352655870248
bakery,qwen3,5115048,2,들다 병,0.1437449068711915
bakery,qwen3,1000870987,1,들다 빨간색,0.2677558655020281
bakery,qwen3,5003416,2,들다 상자,0.18001678646565594
bakery,qwen3,5097791,1,들다 상자,0.21924533595590895
bakery,qwen3,5122986,2,들다 상자,0.18680711373954215
bakery,qwen3,1000659491,2,들다 아마,0.21067097958689965
bakery,qwen3,5044137,1,들다 옆,0.19111525196728585
bakery,qwen3,5057085,2,들다 오른쪽,0.19707773165455372
bakery,qwen3,1000217187,1,들다 투명,0.2617541743286953
bakery,qwen3,5132010,2,들다 투명,0.21700946408583605
bakery,qwen3,1000196053,2,들다 폭신폭신,0.280367705118972
bakery,qwen3,1000400055,2,들어가다 녹색,0.2093351649808741
bakery,qwen3,1002104461,1,들어가다 다양,0.21188378493442572
bakery,qwen3,5063069,2,들어가다 둥글다,0.36451497490219625
bakery,qwen3,5057085,1,들어가다 로고,0.18735561589150132
bakery,qwen3,5012764,2,들어가다 바닐라,0.19853403744266143
bakery,qwen3,5040946,2,들어가다 분홍색,0.24062460302755292
bakery,qwen3,1001737663,1,들어가다 상자,0.20103764392787923
bakery,qwen3,1000831954,1,들어가다 직사각형,0.21745738454376032
bakery,qwen3,1000831954,2,들어가다 크림,0.1738782264841035
bakery,qwen3,1000128336,1,들어가다 폭신폭신,0.279436774001167
bakery,qwen3,5097791,1,들어가다 황금빛,0.2551818537678673
bakery,qwen3,1000128336,1,듬뿍 들어가다,0.279436774001167
bakery,qwen3,1000128336,2,듬뿍 박히다,0.27128108830785397
bakery,qwen3,5132010,1,디자인 흰색,0.1680004414351065
bakery,qwen3,1000870987,2,디저트 진열대,0.15978766198215996
bakery,qwen3,1000870987,1,디저트 크림,0.2677558655020281
bakery,qwen3,1000635372,2,딥 가득,0.20345072259304453
bakery,qwen3,5115048,1,딸기 사워,0.1455352655870248
bakery,qwen3,5115048,2,딸기 사워,0.1437449068711915
bakery,qwen3,5071363,1,딸기 일러스트,0.27430378443396025
bakery,qwen3,5071363,2,딸기 일러스트,0.2984599112037279
bakery,qwen3,5071363,1,딸기 잼,0.27430378443396025
bakery,qwen3,5071363,2,딸기 잼,0.2984599112037279
bakery,qwen3,5043336,1,딸기_크림치즈 다양,0.18167080074378847
bakery,qwen3,1000637683,1,땅콩 그림,0.20309151656795507
bakery,qwen3,1000321559,1,땅콩 버터,0.36472429410219376
bakery,qwen3,1000637683,2,땅콩 버터,0.160307325790795
bakery,qwen3,1001194675,1,땅콩 버터,0.262869566435695
bakery,qwen3,1001194675,2,땅콩 버터,0.27503571348052125
bakery,qwen3,1001493094,1,땅콩 버터,0.41329081143155233
bakery,qwen3,1001493094,2,땅콩 버터,0.21932954270074975
bakery,qwen3,1002202568,1,땅콩 버터,0.196091861393516
bakery,qwen3,1002202568,2,땅콩 버터,0.3390198594825017
bakery,qwen3,5025646,1,땅콩 버터,0.3813943128444934
bakery,qwen3,5025646,2,땅콩 버터,0.33057215233272896
bakery,qwen3,1000321559,2,땅콩 소스,0.23621596715454624
bakery,qwen3,1001194675,2,땅콩 일러스트,0.21038602298406348
bakery,qwen3,1000321559,2,땅콩 조각,0.23621596715454624
bakery,qwen3,5040946,2,또 보이다,0.24062460302755292
bakery,qwen3,1000659491,2,또 황금빛,0.21067097958689965
bakery,qwen3,5115048,2,뚜껑 과일,0.15664946527340226
bakery,qwen3,5043336,1,뚜껑 달리다,0.14785036743370938
bakery,qwen3,5071363,1,뚜껑 달리다,0.24327950755767824
bakery,qwen3,5071363,2,뚜껑 달리다,0.26470353069748576
bakery,qwen3,5115048,1,뚜껑 달리다,0.12907495176323894
bakery,qwen3,5025646,1,뚜껑 땅콩,0.19449603266104687
bakery,qwen3,5115048,2,뚜껑 숟가락,0.15664946527340226
bakery,qwen3,1000234669,2,뚜껑 열다,0.2552683125197819
bakery,qwen3,1000234669,1,뚜껑 열리다,0.238672087230909
bakery,qwen3,1000870987,2,뚜껑 열리다,0.11911778181882213
bakery,qwen3,5025646,1,뚜껑 열리다,0.14499202063380678
bakery,qwen3,5057085,1,뚜껑 열리다,0.1396690151132357
bakery,qwen3,5115048,1,뚜껑 열리다,0.11823282022147145
bakery,qwen3,5122986,2,뚜껑 열리다,0.16208625591807346
bakery,qwen3,1000229955,2,뚜껑 옆,0.18395584734274237
bakery,qwen3,1000234669,2,뚜껑 옆,0.23423967484523872
bakery,qwen3,1000229955,1,뚜껑 파스텔,0.271798854492182
bakery,qwen3,5025646,2,뜨다 올리다,0.2528681077757213
bakery,qwen3,1000321559,2,띄다 땅콩,0.23621596715454624
bakery,qwen3,5063069,1,띠다 과자,0.22552791260306854
bakery,qwen3,1000635372,2,띠다 딥,0.20345072259304453
bakery,qwen3,5044138,2,띠다 바삭바삭,0.23275149384549795
bakery,qwen3,1000659491,2,띠다 베이글,0.21067097958689965
bakery,qwen3,1000217187,2,띠다 보이다,0.33312064202740027
bakery,qwen3,1000794499,2,띠다 속,0.18264948816129342
bakery,qwen3,1001556191,2,띠다 속,0.25742879617948683
bakery,qwen3,5052041,2,띠다 속,0.23105524301056252
bakery,qwen3,5052044,2,띠다 속,0.1728712615903026
bakery,qwen3,1000196053,2,띠다 수제,0.280367705118972
bakery,qwen3,5138995,2,띠다 회색,0.2994376738478899
bakery,qwen3,5138995,1,띠다 희다,0.22733607474976467
bakery,qwen3,5043336,2,띠다 흰색,0.2020222553896969
bakery,qwen3,5071363,1,라벨 붙다,0.2568318177728374
bakery,qwen3,5115048,1,라벨 붙다,0.13626529757108463
bakery,qwen3,5115048,2,라벨 붙다,0.13458897697491873
bakery,qwen3,5043336,1,라벨 알록달록,0.18167080074378847
bakery,qwen3,1000321559,1,라벨 한국어,0.25600947250699274
bakery,qwen3,5071363,2,라벨 한국어,0.2984599112037279
bakery,qwen3,5115048,2,라즈베리 로즈,0.15664946527340226
bakery,qwen3,1001385477,2,라즈베리 맛,0.22139252902904238
bakery,qwen3,1001385477,1,라즈베리 망고,0.20775593634643463
bakery,qwen3,5115048,1,라즈베리 살구,0.15860055169160955
bakery,qwen3,1001501168,1,랑그_드_샤(Langue_de_Chat) 쿠키,0.20766147570225618
bakery,qwen3,1001501168,2,랑그_드_샤(Langue_de_Chat) 쿠키,0.21270746625618084
bakery,qwen3,5007270,2,레드 와인,0.17922630514067597
bakery,qwen3,1001501168,1,레이 연출,0.22630408154769568
bakery,qwen3,5122986,1,로고 검은색,0.1926091253140669
bakery,qwen3,5057085,1,로고 뚜껑,0.18735561589150132
bakery,qwen3,1000528793,1,로고 새기다,0.19011831211968447
bakery,qwen3,5138995,1,로고 새기다,0.20860845478363513
bakery,qwen3,1000794499,1,로고 적히다,0.1930067786728256
bakery,qwen3,5122986,2,로고 점,0.2174266803589736
bakery,qwen3,1001385477,1,로얄 6,0.20775593634643463
bakery,qwen3,1001385477,2,로얄 망고,0.22139252902904238
bakery,qwen3,5115048,2,로즈 살구,0.15664946527340226
bakery,qwen3,5116362,1,록 녹차,0.2719164919809732
bakery,qwen3,5044138,1,롤 담기다,0.2489144661907965
bakery,qwen3,5012764,1,롤 케이크,0.25395510246980435
bakery,qwen3,5012764,2,롤 케이크,0.18217908802400853
bakery,qwen3,5052041,1,리넨 천,0.24562576363422425
bakery,qwen3,5052041,2,리넨 천,0.2605206176524312
bakery,qwen3,5132010,2,리얼_브라우니_쿠키 팩,0.23649127644415177
bakery,qwen3,5132010,1,리얼_브라우니쿠키 문구,0.1680004414351065
bakery,qwen3,1000400055,1,마카롱 3개,0.2191993030295997
bakery,qwen3,1000400055,2,마카롱 그리고,0.2093351649808741
bakery,qwen3,1000400055,1,마카롱 담기다,0.18833010311831677
bakery,qwen3,5040946,1,마카롱 담기다,0.2133675329844965
bakery,qwen3,5040946,2,마카롱 담기다,0.4134762809429526
bakery,qwen3,5040946,1,마카롱 몇개,0.2483406197147564
bakery,qwen3,5040946,1,마카롱 상자,0.2483406197147564
bakery,qwen3,1000400055,1,마카롱 제품,0.2191993030295997
bakery,qwen3,1000400055,2,마카롱 중,0.2093351649808741
bakery,qwen3,5040946,1,마카롱 진열,0.2483406197147564
bakery,qwen3,1000400055,2,마카롱 함께,0.2093351649808741
bakery,qwen3,1000400055,2,마카롱 흰색,0.2093351649808741
bakery,qwen3,1000128336,2,만들다 수제,0.27128108830785397
bakery,qwen3,5063069,1,만화 속,0.20694924644269877
bakery,qwen3,5132010,2,만화 속,0.21700946408583605
bakery,qwen3,1000528793,1,만화 캐릭터,0.19011831211968447
bakery,qwen3,1000528793,2,만화 캐릭터,0.28497949816998625
bakery,qwen3,1000659491,2,많다 속,0.17145177767708814
bakery,qwen3,1000894225,2,많다 속,0.21802416100695102
bakery,qwen3,5128440,1,많다 속,0.20975325113798485
bakery,qwen3,5131242,2,많다 속,0.20384966964397816
bakery,qwen3,5131242,1,많다 속살,0.23869772366121506
bakery,qwen3,5138995,1,많다 식감,0.22733607474976467
bakery,qwen3,1000220024,2,많다 질감,0.2142910132610793
bakery,qwen3,5138995,2,많다 질감,0.2747704275010981
bakery,qwen3,5057085,2,말 차,0.19707773165455372
bakery,qwen3,5007270,2,말차 빵,0.17922630514067597
bakery,qwen3,5116362,2,말차 쿠키,0.2778180604908076
bakery,qwen3,1000870987,2,맛 검다,0.15978766198215996
bakery,qwen3,1001385477,2,맛 담기다,0.22139252902904238
bakery,qwen3,5115048,1,맛 들다,0.1455352655870248
bakery,qwen3,5115048,2,맛 들다,0.1437449068711915
bakery,qwen3,5025646,1,맛 땅콩,0.19449603266104687
bakery,qwen3,1001501168,1,맛 밀크,0.22630408154769568
bakery,qwen3,1001501168,2,맛 밝다,0.23180307096757996
bakery,qwen3,5043336,2,맛 색상,0.2020222553896969
bakery,qwen3,1001385477,1,맛 세인트,0.20775593634643463
bakery,qwen3,5043336,2,맛 제품,0.2020222553896969
bakery,qwen3,5043336,1,맛 표시,0.18167080074378847
bakery,qwen3,1001385477,1,망고 패션프루트,0.1906413001150925
bakery,qwen3,1001385477,2,망고 패션프루트,0.20315452983969243
bakery,qwen3,5043336,1,명 FOURB_SPREAD,0.18167080074378847
bakery,qwen3,5044137,1,명 인쇄,0.19111525196728585
bakery,qwen3,1001737663,1,명 적히다,0.20103764392787923
bakery,qwen3,1000447291,1,몇 조각,0.23891052682632535
bakery,qwen3,5131242,1,몇개 가지런히,0.23869772366121506
bakery,qwen3,5040946,1,몇개 담기다,0.2483406197147564
bakery,qwen3,1001501168,1,몇개 담다,0.22630408154769568
bakery,qwen3,5116362,2,몇개 부서지다,0.2778180604908076
bakery,qwen3,1000217187,1,몇개 옆,0.2852528992795134
bakery,qwen3,1002104461,2,몇개 일부,0.1945862718937246
bakery,qwen3,1000217187,2,몇개 중,0.2862082314896252
bakery,qwen3,1000220024,1,몇개 중,0.2642564337836593
bakery,qwen3,1000528793,1,몇개 중,0.1780085965432893
bakery,qwen3,1002104461,1,몇개 크림,0.21188378493442572
bakery,qwen3,1000659491,2,몇개 통째,0.21067097958689965
bakery,qwen3,1000635372,2,몇개 흩어지다,0.20345072259304453
bakery,qwen3,1000794499,1,모두 한국어,0.1930067786728256
bakery,qwen3,5122986,1,모습 닫히다,0.1926091253140669
bakery,qwen3,1000217187,2,모습 드러나다,0.2862082314896252
bakery,qwen3,1000220024,1,모습 드러나다,0.2642564337836593
bakery,qwen3,1001737665,2,모습 드러나다,0.18286287715323932
bakery,qwen3,5025646,2,모습 보이다,0.2172574280781562
bakery,qwen3,5097791,2,모습 보이다,0.1701945525848295
bakery,qwen3,5122986,1,모습 보이다,0.16548454274523275
bakery,qwen3,1001501168,2,모습 플레인,0.23180307096757996
bakery,qwen3,5057085,1,모양 가지런히,0.17192152881667905
bakery,qwen3,5132010,1,모양 가지런히,0.15416080588759457
bakery,qwen3,1000870987,1,모양 디저트,0.2677558655020281
bakery,qwen3,5122986,1,모양 배열,0.1767422616635842
bakery,qwen3,5122986,2,모양 배열,0.19951538209827294
bakery,qwen3,1000234669,2,모양 보이다,0.2552683125197819
bakery,qwen3,5052044,1,모양 빵,0.21064934226482315
bakery,qwen3,1000229955,2,모양 사각,0.20047030359119772
bakery,qwen3,1000229955,2,모양 색상,0.20047030359119772
bakery,qwen3,5115048,1,모양 쌓이다,0.15860055169160955
bakery,qwen3,5057085,2,모양 초콜릿,0.19707773165455372
bakery,qwen3,1000870987,2,모양 하트_티라미수,0.15978766198215996
bakery,qwen3,1000634077,2,모음 초콜릿,0.26726124191242434
bakery,qwen3,5043336,1,모이다 병,0.18167080074378847
bakery,qwen3,5122986,1,무늬 그리다,0.1767422616635842
bakery,qwen3,5122986,2,무늬 그리다,0.19951538209827294
bakery,qwen3,1000229955,2,무늬 다양,0.20047030359119772
bakery,qwen3,1001737663,1,무늬 들어가다,0.18447645099573423
bakery,qwen3,5040946,2,무늬 들어가다,0.2208022931501565
bakery,qwen3,5044137,1,무늬 새기다,0.19111525196728585
bakery,qwen3,1000128336,1,무늬 식탁보,0.2564171731137346
bakery,qwen3,1000128336,2,무늬 식탁보,0.2489333411171817
bakery,qwen3,1001737663,1,무스 케이크,0.20103764392787923
bakery,qwen3,5057085,1,문구 들어가다,0.18735561589150132
bakery,qwen3,5071363,2,문구 딸기,0.3252538577767249
bakery,qwen3,1000794499,1,문구 로고,0.1930067786728256
bakery,qwen3,1000400055,1,문구 적히다,0.18833010311831677
bakery,qwen3,1002104461,1,문구 적히다,0.18204480814617907
bakery,qwen3,5132010,1,문구 적히다,0.14434142819844586
bakery,qwen3,1001194675,2,문구 표시,0.21038602298406348
bakery,qwen3,5044137,1,물결 무늬,0.19111525196728585
bakery,qwen3,5122986,1,물방울 무늬,0.1926091253140669
bakery,qwen3,5003416,1,미니 타르트,0.22301495167913998
bakery,qwen3,5132010,1,미니멀 디자인,0.1680004414351065
bakery,qwen3,5138995,1,미니멀 흰색,0.22733607474976467
bakery,qwen3,5057085,1,밀 이삭,0.18735561589150132
bakery,qwen3,1000234669,2,밀봉 뚜껑,0.2552683125197819
bakery,qwen3,1001501168,1,밀크 초콜릿,0.22630408154769568
bakery,qwen3,1001501168,1,밀크 크림,0.20766147570225618
bakery,qwen3,1001501168,2,밀크 크림,0.21270746625618084
bakery,qwen3,5128440,2,밑 밝다,0.28974637365053363
bakery,qwen3,5044138,2,바깥쪽 황금빛,0.23275149384549795
bakery,qwen3,5003416,1,바나나 견과,0.22301495167913998
bakery,qwen3,5012764,2,바닐라 롤,0.19853403744266143
bakery,qwen3,5044137,1,바르다 윗면,0.19111525196728585
bakery,qwen3,1002202568,2,바르다 흰색,0.25933010315837035
bakery,qwen3,5044138,2,바삭 식감,0.23275149384549795
bakery,qwen3,1000321559,1,바삭 타입,0.23970277452320787
bakery,qwen3,1001493094,1,바삭 타입,0.27162148446665574
bakery,qwen3,1001493094,2,바삭 타입,0.2882939292524626
bakery,qwen3,1002104461,2,바삭바삭 식감,0.1945862718937246
bakery,qwen3,5044138,2,바삭바삭 안쪽,0.23275149384549795
bakery,qwen3,5097791,1,바삭바삭 페이스트리,0.2551818537678673
bakery,qwen3,5097791,2,바삭바삭 황금빛,0.19809115318431952
bakery,qwen3,1000128336,2,박히다 정성,0.27128108830785397
bakery,qwen3,1000217187,2,반 갈라지다,0.3056786410443658
bakery,qwen3,1000659491,2,반 갈라지다,0.1933162062719365
bakery,qwen3,5116362,1,반 부러지다,0.24951640114651993
bakery,qwen3,5131242,2,반 부러지다,0.22984564709256777
bakery,qwen3,1000400055,2,반 자르다,0.2093351649808741
bakery,qwen3,1000220024,1,반 잘리다,0.23891919845006543
bakery,qwen3,1000220024,2,반 잘리다,0.1814038349017628
bakery,qwen3,1000528793,1,반 잘리다,0.16094091104764485
bakery,qwen3,1002104461,2,반 잘리다,0.15115351537455324
bakery,qwen3,5097791,2,반 잘리다,0.3077521746730649
bakery,qwen3,5115048,1,반면 나머지,0.15860055169160955
bakery,qwen3,1000870987,2,받침대 진열,0.1466245834334865
bakery,qwen3,1001385477,1,받침대 진열,0.1906413001150925
bakery,qwen3,1001385477,2,밝다 배경,0.22139252902904238
bakery,qwen3,1000217187,1,밝다 색,0.23214928209341837
bakery,qwen3,5052041,1,밝다 색,0.21784502515603896
bakery,qwen3,5052044,1,밝다 색,0.1714341684299984
bakery,qwen3,5128440,2,밝다 색,0.2358062365081581
bakery,qwen3,1000234669,2,밝다 색상,0.20774672454633922
bakery,qwen3,1000528793,1,밝다 색상,0.1686155714024031
bakery,qwen3,1001385477,1,밝다 색상,0.16907940846627736
bakery,qwen3,1001501168,2,밝다 색상,0.18864984947775496
bakery,qwen3,1000234669,1,밝다 회색,0.2299862357822291
bakery,qwen3,1000400055,1,밝다 회색,0.15746090320703382
bakery,qwen3,1001194675,1,밝다 회색,0.2888894400469573
bakery,qwen3,5074339,2,밝다 회색,0.2666377282943677
bakery,qwen3,5116362,1,밝다 회색,0.1953300755633812
bakery,qwen3,5122986,1,밝다 회색,0.13835996017639857
bakery,qwen3,5131242,2,밝다 회색,0.17993112840763525
bakery,qwen3,1000634077,1,배 그리다,0.25771344231350574
bakery,qwen3,5003416,2,배경 Le_Chateau_de_Ma_Vie,0.20952335008339018
bakery,qwen3,5052044,1,배경 나무,0.21064934226482315
bakery,qwen3,1000794499,1,배경 녹색,0.1930067786728256
bakery,qwen3,5040946,2,배경 마카롱,0.24062460302755292
bakery,qwen3,1000528793,1,배경 밝다,0.2071859976153289
bakery,qwen3,1000870987,2,배경 배경,0.13004106570077667
bakery,qwen3,1001556191,1,배경 배경,0.20334895311322737
bakery,qwen3,5044138,2,배경 배경,0.18942171083581916
bakery,qwen3,5074339,2,배경 배경,0.3020823206548689
bakery,qwen3,1000659491,1,배경 베이글,0.23175353064719564
bakery,qwen3,1001501168,2,배경 일부,0.23180307096757996
bakery,qwen3,5003416,1,배경 전경,0.22301495167913998
bakery,qwen3,5057085,2,배경 주황색,0.19707773165455372
bakery,qwen3,1000831954,1,배경 진열,0.1995435569163294
bakery,qwen3,1001385477,2,배경 진열,0.20315452983969243
bakery,qwen3,1001737665,1,배경 초콜릿,0.30692985216717583
bakery,qwen3,1000634077,1,배경 파도,0.25771344231350574
bakery,qwen3,5040946,1,배경 파스키,0.2483406197147564
bakery,qwen3,5128440,1,배경 포장,0.2577338274788935
bakery,qwen3,1000894225,1,배경 포장지,0.3308540105606052
bakery,qwen3,5012764,1,배경 희다,0.25395510246980435
bakery,qwen3,5044138,2,배경 희다,0.21357775941691962
bakery,qwen3,1000870987,2,배경 흰색,0.13728523057425657
bakery,qwen3,1001556191,1,배경 흰색,0.21467686199542096
bakery,qwen3,5074339,2,배경 흰색,0.31891034435949334
bakery,qwen3,5122986,1,배열 닫히다,0.1926091253140669
bakery,qwen3,5057085,1,배열 상자,0.18735561589150132
bakery,qwen3,5122986,2,배열 황금빛,0.2174266803589736
bakery,qwen3,1000870987,2,버전 담기다,0.15978766198215996
bakery,qwen3,1000870987,2,버전 번,0.15978766198215996
bakery,qwen3,5025646,1,버터 3,0.19449603266104687
bakery,qwen3,1001194675,2,버터 가득,0.19305472398557483
bakery,qwen3,5025646,2,버터 가득,0.2320371955274535
bakery,qwen3,5025646,1,버터 나무,0.19449603266104687
bakery,qwen3,1000637683,2,버터 담기다,0.22504776664648954
bakery,qwen3,5025646,1,버터 담기다,0.1784737282880812
bakery,qwen3,1000321559,1,버터 담다,0.25600947250699274
bakery,qwen3,1001493094,1,버터 담다,0.29009957476792686
bakery,qwen3,1002202568,2,버터 바르다,0.25933010315837035
bakery,qwen3,1000321559,1,버터 병,0.20798204349868327
bakery,qwen3,1000637683,1,버터 병,0.15139974300704362
bakery,qwen3,1001194675,1,버터 병,0.299799878894768
bakery,qwen3,1001194675,2,버터 병,0.15683761857873205
bakery,qwen3,1001493094,1,버터 병,0.23567683565569808
bakery,qwen3,1001493094,2,버터 병,0.2501429558062404
bakery,qwen3,1000637683,1,버터 숟가락,0.186361128551816
bakery,qwen3,5025646,2,버터 숟가락,0.2320371955274535
bakery,qwen3,1002202568,1,버터 제품,0.29999730824808557
bakery,qwen3,1002104461,1,버터 쿠키,0.21188378493442572
bakery,qwen3,1002202568,2,버터 포장지,0.25933010315837035
bakery,qwen3,1000831954,2,번 조각,0.1738782264841035
bakery,qwen3,1000870987,2,번 피스타치오,0.15978766198215996
bakery,qwen3,1001737665,2,베리 얹다,0.2128359436876393
bakery,qwen3,1000659491,1,베이글 3개,0.23175353064719564
bakery,qwen3,1000659491,1,베이글 4개,0.23175353064719564
bakery,qwen3,1000528793,1,베이글 몇개,0.19011831211968447
bakery,qwen3,1000659491,2,베이글 몇개,0.1933162062719365
bakery,qwen3,1000528793,1,베이글 여러개,0.2071859976153289
bakery,qwen3,1000659491,2,베이글 연하다,0.21067097958689965
bakery,qwen3,1000528793,2,베이글 일부,0.3105632538495019
bakery,qwen3,1000659491,1,베이글 작다,0.23175353064719564
bakery,qwen3,1000659491,2,베이글 중,0.21067097958689965
bakery,qwen3,1000229955,2,베이지 색,0.17223865416393372
bakery,qwen3,1000637683,1,베이지 색,0.17449072934567425
bakery,qwen3,1000637683,2,베이지 색,0.21071319563748378
bakery,qwen3,1000637683,1,병 2개,0.186361128551816
bakery,qwen3,1001194675,2,병 2개,0.19305472398557483
bakery,qwen3,5115048,2,병 6개,0.15664946527340226
bakery,qwen3,5043336,2,병 FOURB_SPREAD,0.2020222553896969
bakery,qwen3,1000637683,1,병 OH_NUTTY,0.20309151656795507
bakery,qwen3,1001194675,1,병 같다,0.4021592828515901
bakery,qwen3,5025646,2,병 나무,0.2320371955274535
bakery,qwen3,5115048,2,병 나무,0.1437449068711915
bakery,qwen3,5115048,1,병 녹색,0.15860055169160955
bakery,qwen3,5007270,1,병 담기다,0.18037454672811834
bakery,qwen3,1001194675,2,병 땅콩,0.21038602298406348
bakery,qwen3,5025646,1,병 뚜껑,0.1671057224219923
bakery,qwen3,5115048,1,병 뚜껑,0.13626529757108463
bakery,qwen3,5115048,2,병 뚜껑,0.13458897697491873
bakery,qwen3,5115048,2,병 라즈베리,0.15664946527340226
bakery,qwen3,1001385477,1,병 밝다,0.20775593634643463
bakery,qwen3,1000637683,1,병 베이지,0.20309151656795507
bakery,qwen3,5043336,1,병 서로,0.18167080074378847
bakery,qwen3,5115048,1,병 세트,0.15860055169160955
bakery,qwen3,5025646,1,병 슈퍼넛츠,0.19449603266104687
bakery,qwen3,5025646,1,병 스무스,0.19449603266104687
bakery,qwen3,1000635372,1,병 옆,0.23657343724329355
bakery,qwen3,1000635372,1,병 작다,0.23657343724329355
bakery,qwen3,1000635372,1,병 크다,0.23657343724329355
bakery,qwen3,1000321559,1,병 타입,0.23970277452320787
bakery,qwen3,1001493094,1,병 타입,0.27162148446665574
bakery,qwen3,1001493094,2,병 타입,0.2882939292524626
bakery,qwen3,1000637683,1,병 피넛_버터_크런치,0.20309151656795507
bakery,qwen3,5025646,1,병 회색,0.19449603266104687
bakery,qwen3,5007270,1,병 흰색,0.16551555012405839
bakery,qwen3,5115048,1,병 흰색,0.1455352655870248
bakery,qwen3,1000659491,2,보라색 속,0.21067097958689965
bakery,qwen3,1000352096,2,보이다 브리오슈,0.2978872313892517
bakery,qwen3,1000217187,2,보이다 빵,0.2862082314896252
bakery,qwen3,1000220024,2,보이다 빵,0.20064160099649128
bakery,qwen3,5128440,1,보이다 빵,0.22143792263620465
bakery,qwen3,5122986,1,보이다 상자,0.1926091253140669
bakery,qwen3,5131242,2,보이다 작다,0.2504798152238798
bakery,qwen3,1002104461,2,보이다 짙다,0.1945862718937246
bakery,qwen3,5052044,1,보이다 폭신폭신,0.21064934226482315
bakery,qwen3,1000234669,2,보이다 필라델피아_오리지널_프레시_크리미_토핑,0.2552683125197819
bakery,qwen3,1000635372,2,보이다 황록색,0.20345072259304453
bakery,qwen3,1000794499,1,본체 갈색,0.1930067786728256
bakery,qwen3,1000400055,1,봉지 밝다,0.2191993030295997
bakery,qwen3,5057085,2,봉지 쿠키,0.19707773165455372
bakery,qwen3,1000528793,1,봉투 함께,0.2071859976153289
bakery,qwen3,5131242,2,부러지다 기공,0.2504798152238798
bakery,qwen3,5116362,1,부러지다 쿠키,0.2719164919809732
bakery,qwen3,5116362,2,부서지다 안쪽,0.2778180604908076
bakery,qwen3,5003416,1,부서지다 타르트,0.22301495167913998
bakery,qwen3,5052044,2,부풀다 오르다,0.21241516719787884
bakery,qwen3,5115048,2,분량 잼,0.15664946527340226
bakery,qwen3,5012764,2,분위기 완성,0.19853403744266143
bakery,qwen3,5040946,2,분홍색 노란색,0.24062460302755292
bakery,qwen3,1001737663,1,분홍색 대리석,0.20103764392787923
bakery,qwen3,1000400055,2,분홍색 마카롱,0.2093351649808741
bakery,qwen3,5044138,2,분홍색 배경,0.23275149384549795
bakery,qwen3,5007270,2,분홍색 빵,0.17922630514067597
bakery,qwen3,1000870987,1,분홍색 상자,0.2677558655020281
bakery,qwen3,5007270,1,분홍색 흰색,0.18037454672811834
bakery,qwen3,5115048,2,붙다 다르보,0.15664946527340226
bakery,qwen3,5115048,1,붙다 라즈베리,0.15860055169160955
bakery,qwen3,1000229955,2,브랜드 9,0.20047030359119772
bakery,qwen3,1001737663,1,브랜드 명,0.17272609761212745
bakery,qwen3,5043336,1,브랜드 명,0.1560866305904483
bakery,qwen3,5044137,1,브랜드 명,0.1642010472342685
bakery,qwen3,1000659491,1,브랜드 이름,0.23175353064719564
bakery,qwen3,5057085,1,브랜드 페이스,0.18735561589150132
bakery,qwen3,5131242,2,브레드 스틱,0.2504798152238798
bakery,qwen3,5131242,2,브레드스틱 반,0.2504798152238798
bakery,qwen3,1000352096,1,브리오슈 빵,0.3021120463230603
bakery,qwen3,1000352096,2,브리오슈 빵,0.2733477082697422
bakery,qwen3,5043336,2,블랙 올리브,0.2020222553896969
bakery,qwen3,5043336,1,블랙_올리브 토마토,0.18167080074378847
bakery,qwen3,5115048,1,블루베리 딸기,0.15860055169160955
bakery,qwen3,1000659491,2,블루베리 또,0.21067097958689965
bakery,qwen3,1001385477,1,블루베리 사과,0.1906413001150925
bakery,qwen3,1001385477,2,블루베리 사과,0.20315452983969243
bakery,qwen3,5043336,1,블루베리 시나몬,0.18167080074378847
bakery,qwen3,5115048,2,블루베리 정원,0.15664946527340226
bakery,qwen3,1002202568,2,비건 적히다,0.25933010315837035
bakery,qwen3,1000229955,2,비닐 개별,0.18395584734274237
bakery,qwen3,5057085,1,비닐 개별,0.17192152881667905
bakery,qwen3,1000217187,1,비닐 봉지,0.2617541743286953
bakery,qwen3,5057085,2,비닐 봉지,0.18084275061920374
bakery,qwen3,1000447291,1,비닐 싸이다,0.23891052682632535
bakery,qwen3,5122986,1,빨간색 로고,0.1767422616635842
bakery,qwen3,5122986,2,빨간색 로고,0.19951538209827294
bakery,qwen3,1000870987,1,빨간색 배경,0.24569852111291784
bakery,qwen3,1000870987,2,빨간색 배경,0.1466245834334865
bakery,qwen3,1000870987,1,빨간색 분홍색,0.2677558655020281
bakery,qwen3,5115048,2,빨간색 잼,0.15664946527340226
bakery,qwen3,1000870987,2,빨간색 테마,0.15978766198215996
bakery,qwen3,1000220024,2,빵 6개,0.2335287793558078
bakery,qwen3,1000831954,1,빵 검다,0.21745738454376032
bakery,qwen3,1000220024,2,빵 기공,0.20064160099649128
bakery,qwen3,5138995,1,빵 기공,0.19532099695752728
bakery,qwen3,5138995,2,빵 기공,0.2572687376915014
bakery,qwen3,1000128336,2,빵 덩어리,0.17732163624333233
bakery,qwen3,1000196053,1,빵 덩어리,0.21651537957471623
bakery,qwen3,1000894225,1,빵 덩어리,0.21626120300615426
bakery,qwen3,1001556191,1,빵 덩어리,0.16332282157996722
bakery,qwen3,1001556191,2,빵 덩어리,0.20675787460069897
bakery,qwen3,5007270,1,빵 덩어리,0.11790099325384251
bakery,qwen3,5052041,1,빵 덩어리,0.17496556353468085
bakery,qwen3,5052041,2,빵 덩어리,0.18557555203305048
bakery,qwen3,5128440,2,빵 덩어리,0.18939138511925935
bakery,qwen3,5138995,2,빵 덩어리,0.19572605894057044
bakery,qwen3,1000128336,1,빵 덩이,0.20831325938884337
bakery,qwen3,1000447291,1,빵 덩이,0.17810193638039098
bakery,qwen3,1000894225,2,빵 덩이,0.1997104091857856
bakery,qwen3,5052044,1,빵 덩이,0.15703391664233177
bakery,qwen3,5128440,1,빵 덩이,0.3842684904218508
bakery,qwen3,5138995,1,빵 덩이,0.16947346632190735
bakery,qwen3,1000217187,1,빵 들다,0.2852528992795134
bakery,qwen3,1000447291,1,빵 몇,0.23891052682632535
bakery,qwen3,1000217187,1,빵 몇개,0.23214928209341837
bakery,qwen3,1000217187,2,빵 몇개,0.2711058085386255
bakery,qwen3,1000220024,1,빵 몇개,0.2503123469565537
bakery,qwen3,5131242,1,빵 몇개,0.19426097096732992
bakery,qwen3,5007270,2,빵 분홍색,0.17922630514067597
bakery,qwen3,5052044,2,빵 썰다,0.21241516719787884
bakery,qwen3,1000220024,2,빵 유산지,0.2335287793558078
bakery,qwen3,1000196053,2,빵 자르다,0.280367705118972
bakery,qwen3,1000196053,2,빵 조각,0.18326106154906963
bakery,qwen3,1000352096,1,빵 조각,0.21520219887945305
bakery,qwen3,1000352096,2,빵 조각,0.19471261935515094
bakery,qwen3,1000447291,1,빵 조각,0.1561627675443606
bakery,qwen3,1000447291,2,빵 조각,0.20284419209099713
bakery,qwen3,1000831954,2,빵 조각,0.11365470339112213
bakery,qwen3,1000894225,2,빵 조각,0.17510943923292846
bakery,qwen3,5007270,1,빵 조각,0.11790099325384251
bakery,qwen3,5007270,2,빵 조각,0.2343009008377775
bakery,qwen3,5052044,1,빵 조각,0.137689974177602
bakery,qwen3,5052044,2,빵 짐작,0.21241516719787884
bakery,qwen3,5052044,2,빵 짙다,0.21241516719787884
bakery,qwen3,1000831954,1,빵 치즈,0.21745738454376032
bakery,qwen3,1000352096,1,빵 팩,0.3292338597538544
bakery,qwen3,1000894225,2,빵 황금빛,0.24582774382699213
bakery,qwen3,5128440,1,빵 황금빛,0.23650208421617713
bakery,qwen3,5012764,2,뿌리다 담기다,0.19853403744266143
bakery,qwen3,1000831954,1,뿌리다 둥글다,0.21745738454376032
bakery,qwen3,5012764,1,뿌리다 롤,0.2767536733735905
bakery,qwen3,5052044,1,뿌리다 직사각,0.21064934226482315
bakery,qwen3,1000229955,2,사각 체크,0.20047030359119772
bakery,qwen3,1001385477,1,사과 시나몬,0.1906413001150925
bakery,qwen3,1001385477,2,사과 시나몬,0.20315452983969243
bakery,qwen3,5115048,1,사워 체리,0.1455352655870248
bakery,qwen3,5115048,2,사워 체리,0.1437449068711915
bakery,qwen3,1000229955,1,산 그림,0.271798854492182
bakery,qwen3,5115048,1,살구 블루베리,0.15860055169160955
bakery,qwen3,5115048,2,살구 야생,0.15664946527340226
bakery,qwen3,5115048,1,살구 잼,0.15860055169160955
bakery,qwen3,1000831954,1,살짝 뿌리다,0.18683349394334353
bakery,qwen3,5012764,2,살짝 뿌리다,0.1705750667419924
bakery,qwen3,5052044,1,살짝 뿌리다,0.1809842084451458
bakery,qwen3,5057085,2,삼각 모양,0.19707773165455372
bakery,qwen3,1000400055,1,상자 2개,0.20114197865423433
bakery,qwen3,1000794499,1,상자 2개,0.17710715690865905
bakery,qwen3,1001737663,1,상자 JOSUN_DELI,0.20103764392787923
bakery,qwen3,5044137,1,상자 NAPOLION,0.19111525196728585
bakery,qwen3,5132010,1,상자 Real_Brownie_Cookie,0.1680004414351065
bakery,qwen3,5132010,2,상자 개별,0.23649127644415177
bakery,qwen3,1000794499,1,상자 노란색,0.1930067786728256
bakery,qwen3,1000870987,1,상자 담기다,0.24569852111291784
bakery,qwen3,1001737663,1,상자 담기다,0.18447645099573423
bakery,qwen3,5063069,1,상자 만화,0.22552791260306854
bakery,qwen3,1000794499,1,상자 모두,0.1930067786728256
bakery,qwen3,5116362,1,상자 밝다,0.24951640114651993
bakery,qwen3,5122986,1,상자 밝다,0.1767422616635842
bakery,qwen3,1001737665,1,상자 배경,0.30692985216717583
bakery,qwen3,5003416,2,상자 보이다,0.20952335008339018
bakery,qwen3,5138995,1,상자 빵,0.22733607474976467
bakery,qwen3,5044137,1,상자 상자,0.1642010472342685
bakery,qwen3,5063069,1,상자 상자,0.19376747302366726
bakery,qwen3,5132010,1,상자 상자,0.14434142819844586
bakery,qwen3,5074339,1,상자 악기,0.29914997137434124
bakery,qwen3,5057085,2,상자 안,0.1693238482597462
bakery,qwen3,5122986,1,상자 안,0.16548454274523275
bakery,qwen3,5122986,2,상자 안,0.18680711373954215
bakery,qwen3,5040946,1,상자 알록달록,0.2483406197147564
bakery,qwen3,5044138,1,상자 얇다,0.2489144661907965
bakery,qwen3,1000229955,2,상자 연하다,0.20047030359119772
bakery,qwen3,1000229955,1,상자 열다,0.271798854492182
bakery,qwen3,1000229955,2,상자 열리다,0.20047030359119772
bakery,qwen3,5063069,1,상자 적히다,0.22552791260306854
bakery,qwen3,5057085,1,상자 주황색,0.18735561589150132
bakery,qwen3,5003416,1,상자 줄무늬,0.20464329963751435
bakery,qwen3,5003416,2,상자 줄무늬,0.19226311684187247
bakery,qwen3,1002202568,1,상자 진열,0.29999730824808557
bakery,qwen3,1002104461,1,상자 초록색,0.21188378493442572
bakery,qwen3,5097791,1,상자 캐러멜,0.2551818537678673
bakery,qwen3,1002104461,1,상자 커피와_빵을_즐기세요,0.21188378493442572
bakery,qwen3,5116362,2,상자 쿠키,0.2778180604908076
bakery,qwen3,5057085,1,상자 페이스,0.18735561589150132
bakery,qwen3,5116362,2,상자 포장,0.2778180604908076
bakery,qwen3,5122986,1,상자 흰색,0.1767422616635842
bakery,qwen3,5122986,2,상자 흰색,0.19951538209827294
bakery,qwen3,1000528793,2,상태 포장지,0.3105632538495019
bakery,qwen3,1000528793,1,새기다 노란색,0.2071859976153289
bakery,qwen3,5044137,1,새기다 직사각형,0.19111525196728585
bakery,qwen3,5012764,1,색 가루,0.2767536733735905
bakery,qwen3,1000196053,1,색 갈라지다,0.3039555577235183
bakery,qwen3,5052044,1,색 갈라지다,0.19329635140143692
bakery,qwen3,5052041,1,색 리넨,0.2676765762918566
bakery,qwen3,1000870987,2,색 버전,0.15978766198215996
bakery,qwen3,5052041,1,색 빵,0.2676765762918566
bakery,qwen3,1000229955,2,색 상자,0.20047030359119772
bakery,qwen3,5003416,2,색 쟁반,0.20952335008339018
bakery,qwen3,1000217187,1,색 천,0.24508156364372768
bakery,qwen3,1000637683,1,색 천,0.17449072934567425
bakery,qwen3,5128440,2,색 천,0.24894223509640778
bakery,qwen3,1000637683,2,색 탁자,0.24525120975407103
bakery,qwen3,5052044,1,색 표면,0.21064934226482315
bakery,qwen3,1002104461,2,색 흰색,0.1945862718937246
bakery,qwen3,1000229955,2,색상 띠다,0.18395584734274237
bakery,qwen3,5043336,2,색상 띠다,0.18537995157670506
bakery,qwen3,5040946,1,색상 마카롱,0.2483406197147564
bakery,qwen3,1001385477,1,색상 받침대,0.20775593634643463
bakery,qwen3,1001501168,2,색상 배경,0.23180307096757996
bakery,qwen3,1000528793,1,색상 베이글,0.2071859976153289
bakery,qwen3,1000234669,2,색상 표면,0.23423967484523872
bakery,qwen3,5052041,1,색상 표면,0.24562576363422425
bakery,qwen3,5040946,2,색조 알록달록,0.24062460302755292
bakery,qwen3,1001737663,1,생기 넘치다,0.18447645099573423
bakery,qwen3,1001737663,2,생기 넘치다,0.21221007298821734
bakery,qwen3,1000128336,2,서다 체크,0.27128108830785397
bakery,qwen3,5043336,1,서로 다르다,0.18167080074378847
bakery,qwen3,1002104461,2,선명 보이다,0.17855653374212313
bakery,qwen3,5052044,1,선명 보이다,0.19329635140143692
bakery,qwen3,5116362,1,설 록,0.2719164919809732
bakery,qwen3,1000831954,1,설탕 살짝,0.1995435569163294
bakery,qwen3,5012764,2,설탕 살짝,0.18217908802400853
bakery,qwen3,1001385477,1,세인트 달,0.1906413001150925
bakery,qwen3,1001385477,2,세인트 달,0.20315452983969243
bakery,qwen3,5043336,2,세트 각각,0.2020222553896969
bakery,qwen3,5043336,1,세트 모이다,0.18167080074378847
bakery,qwen3,1001385477,2,세트 밝다,0.22139252902904238
bakery,qwen3,5115048,1,세트 병,0.1455352655870248
bakery,qwen3,5115048,2,세트 병,0.1437449068711915
bakery,qwen3,1000321559,2,소스 가,0.23621596715454624
bakery,qwen3,1000321559,2,소스 아마도,0.23621596715454624
bakery,qwen3,1000234669,2,소용돌이 모양,0.2552683125197819
bakery,qwen3,1000894225,2,속 가지다,0.24582774382699213
bakery,qwen3,5128440,1,속 가지다,0.23650208421617713
bakery,qwen3,5063069,1,속 감자,0.22552791260306854
bakery,qwen3,1001556191,2,속 기포,0.271769317249936
bakery,qwen3,5052041,2,속 기포,0.24392657920140765
bakery,qwen3,5052044,2,속 기포,0.18250135739194862
bakery,qwen3,1000196053,2,속 드러나다,0.20900724569794546
bakery,qwen3,1000400055,2,속 드러나다,0.1560542297188309
bakery,qwen3,1000659491,2,속 드러나다,0.15705004673509537
bakery,qwen3,5097791,2,속 드러나다,0.1476720947821561
bakery,qwen3,5116362,2,속 드러나다,0.2071065481799661
bakery,qwen3,5131242,2,속 드러나다,0.18672655704285981
bakery,qwen3,1000659491,2,속 들다,0.21067097958689965
bakery,qwen3,5063069,2,속 들어가다,0.33448675377870896
bakery,qwen3,5097791,1,속 들어가다,0.23416033844137377
bakery,qwen3,1000794499,2,속 연하다,0.2244301407271301
bakery,qwen3,1000870987,1,속 잘다,0.2677558655020281
bakery,qwen3,1000831954,2,속 재료,0.4481743856552223
bakery,qwen3,5003416,1,속 재료,0.19160840507320095
bakery,qwen3,5003416,2,속 재료,0.18001678646565594
bakery,qwen3,1000220024,1,속 채우다,0.2822334883444732
bakery,qwen3,1000220024,2,속 채우다,0.2142910132610793
bakery,qwen3,5044138,1,속 층층이,0.2489144661907965
bakery,qwen3,1002104461,2,속 캐러멜,0.1945862718937246
bakery,qwen3,5132010,2,속 토끼,0.23649127644415177
bakery,qwen3,1000217187,2,속 폭신폭신,0.3056786410443658
bakery,qwen3,5063069,1,속 폭신폭신,0.20694924644269877
bakery,qwen3,1000128336,1,속살 가지다,0.2564171731137346
bakery,qwen3,1000196053,1,속살 가지다,0.3039555577235183
bakery,qwen3,5052044,1,속살 드러나다,0.19329635140143692
bakery,qwen3,5131242,1,속살 드러나다,0.21903414734395893
bakery,qwen3,1001556191,1,속살 지니다,0.24986456093221948
bakery,qwen3,1000128336,2,속살 호두,0.27128108830785397
bakery,qwen3,1000635372,1,손잡이 달리다,0.2170848565961168
bakery,qwen3,5074339,1,손잡이 달리다,0.2745064255449172
bakery,qwen3,1001501168,1,솔 트다,0.22630408154769568
bakery,qwen3,1000128336,2,수제 빵,0.20223339579394697
bakery,qwen3,1000196053,2,수제 빵,0.20900724569794546
bakery,qwen3,1001556191,1,수제 빵,0.18626790006291558
bakery,qwen3,1001556191,2,수제 빵,0.2358051051946047
bakery,qwen3,5052041,2,수제 빵,0.21164689689914415
bakery,qwen3,5052044,2,수제 빵,0.15835029580763582
bakery,qwen3,1000637683,2,숟가락 꽂히다,0.21071319563748378
bakery,qwen3,1001194675,2,숟가락 꽂히다,0.18075797165235902
bakery,qwen3,5115048,2,숟가락 꽂히다,0.13458897697491873
bakery,qwen3,5025646,2,숟가락 땅콩,0.2528681077757213
bakery,qwen3,5025646,2,숟가락 뜨다,0.2528681077757213
bakery,qwen3,5115048,2,숟가락 분량,0.15664946527340226
bakery,qwen3,5115048,2,숟가락 숟가락,0.15664946527340226
bakery,qwen3,1001385477,2,숟가락 스프레드,0.22139252902904238
bakery,qwen3,1000870987,2,숟가락 얹다,0.15978766198215996
bakery,qwen3,5007270,1,숟가락 작다,0.16551555012405839
bakery,qwen3,5115048,1,숟가락 작다,0.1455352655870248
bakery,qwen3,5007270,1,숟가락 잼,0.18037454672811834
bakery,qwen3,1000637683,1,숟가락 함께,0.20309151656795507
bakery,qwen3,5025646,1,슈퍼넛츠 땅콩,0.19449603266104687
bakery,qwen3,1002202568,2,스무스 땅콩,0.25933010315837035
bakery,qwen3,5025646,1,스무스 맛,0.19449603266104687
bakery,qwen3,5025646,1,스무스 적히다,0.19449603266104687
bakery,qwen3,1000634077,1,스타일 그림,0.25771344231350574
bakery,qwen3,5131242,2,스틱 브레드스틱,0.2504798152238798
bakery,qwen3,5043336,2,스프레드 가득,0.2020222553896969
bakery,qwen3,1000635372,1,스프레드 담기다,0.2170848565961168
bakery,qwen3,1001385477,2,스프레드 담기다,0.20315452983969243
bakery,qwen3,5043336,1,스프레드 들다,0.18167080074378847
bakery,qwen3,1001385477,1,스프레드 병,0.20775593634643463
bakery,qwen3,1000234669,2,스프레드 소용돌이,0.2552683125197819
bakery,qwen3,1001385477,2,스프레드 유리병,0.22139252902904238
bakery,qwen3,5128440,1,슬라이스 되다,0.2577338274788935
bakery,qwen3,1000352096,1,슬라이스 브리오슈,0.3292338597538544
bakery,qwen3,5043336,2,시나몬 건포도,0.2020222553896969
bakery,qwen3,5043336,1,시나몬 딸기_크림치즈,0.18167080074378847
bakery,qwen3,1001385477,1,시나몬 라즈베리,0.20775593634643463
bakery,qwen3,1001385477,2,시나몬 피,0.22139252902904238
bakery,qwen3,1001737663,2,식감 지니다,0.1986932076337868
bakery,qwen3,5044138,2,식감 지니다,0.19997377834246916
bakery,qwen3,5138995,1,식감 지니다,0.19532099695752728
bakery,qwen3,1002104461,2,식감 황금빛,0.1945862718937246
bakery,qwen3,1001493094,2,식물 땅콩,0.33554820665129437
bakery,qwen3,5007270,1,식사 장면,0.18037454672811834
bakery,qwen3,5007270,2,식탁 내려다보다,0.17922630514067597
bakery,qwen3,1000447291,1,식탁보 옆,0.21922942008936722
bakery,qwen3,5138995,1,식탁보 옆,0.20860845478363513
bakery,qwen3,1000447291,2,식탁보 우유,0.31032757396768185
bakery,qwen3,1000635372,2,식탁보 피스타치오,0.20345072259304453
bakery,qwen3,1000447291,1,싸이다 나무,0.23891052682632535
bakery,qwen3,5044138,1,쌓이다 단면,0.2489144661907965
bakery,qwen3,1001737665,2,쌓이다 모습,0.2128359436876393
bakery,qwen3,5044138,2,쌓이다 바삭,0.23275149384549795
bakery,qwen3,1000447291,1,쌓이다 앞,0.23891052682632535
bakery,qwen3,1000447291,2,쌓이다 중,0.31032757396768185
bakery,qwen3,5044137,2,쌓이다 직사각형,0.28240562015945436
bakery,qwen3,1000894225,1,썰다 나무,0.3035987314287338
bakery,qwen3,5052044,2,썰다 나무,0.19491671020770485
bakery,qwen3,5044138,1,썰다 나폴레옹,0.2489144661907965
bakery,qwen3,1001556191,1,썰다 다공,0.24986456093221948
bakery,qwen3,1000528793,2,썰다 상태,0.3105632538495019
bakery,qwen3,1000128336,2,썰다 서다,0.27128108830785397
bakery,qwen3,5007270,1,썰다 차리다,0.18037454672811834
bakery,qwen3,1000870987,1,썰다 피스타치오,0.2677558655020281
bakery,qwen3,1000128336,1,썰다 호두,0.279436774001167
bakery,qwen3,1000894225,2,썰다 희다,0.23016957799677074
bakery,qwen3,1001556191,2,썰다 희다,0.271769317249936
bakery,qwen3,5128440,2,썰다 희다,0.24894223509640778
bakery,qwen3,1000637683,2,씹히다 종류,0.24525120975407103
bakery,qwen3,5132010,1,아래 미니멀,0.1680004414351065
bakery,qwen3,1001501168,2,아르티제 랑그_드_샤(Langue_de_Chat),0.23180307096757996
bakery,qwen3,1001501168,1,아르티제(Artis?e) 랑그_드_샤(Langue_de_Chat),0.22630408154769568
bakery,qwen3,1000659491,2,아마 블루베리,0.21067097958689965
bakery,qwen3,1000321559,2,아마도 땅콩,0.23621596715454624
bakery,qwen3,5131242,1,아마도 올리브,0.23869772366121506
bakery,qwen3,1000400055,2,아이싱 초콜릿,0.2093351649808741
bakery,qwen3,5007270,1,아침 식사,0.18037454672811834
bakery,qwen3,5007270,2,아침 식탁,0.17922630514067597
bakery,qwen3,5074339,1,악기 연주,0.29914997137434124
bakery,qwen3,5122986,2,안 3,0.2174266803589736
bakery,qwen3,5057085,2,안 같다,0.19707773165455372
bakery,qwen3,1000637683,2,안 나무,0.24525120975407103
bakery,qwen3,5044137,1,안 초콜릿,0.19111525196728585
bakery,qwen3,5057085,1,안 페이스트리,0.18735561589150132
bakery,qwen3,5122986,1,안 황금빛,0.1926091253140669
bakery,qwen3,5116362,2,안쪽 초록색,0.2778180604908076
bakery,qwen3,5044138,2,안쪽 층층이,0.23275149384549795
bakery,qwen3,5097791,2,안쪽 커스터드,0.19809115318431952
bakery,qwen3,1000400055,1,알록달록 마카롱,0.18833010311831677
bakery,qwen3,5040946,1,알록달록 마카롱,0.2133675329844965
bakery,qwen3,5040946,2,알록달록 마카롱,0.2067381404714763
bakery,qwen3,5007270,1,알록달록 빵,0.18037454672811834
bakery,qwen3,1000634077,2,알록달록 케이크,0.26726124191242434
bakery,qwen3,5043336,1,알록달록 하다,0.18167080074378847
bakery,qwen3,1000447291,1,앞 빵,0.23891052682632535
bakery,qwen3,1001194675,2,앞 진열,0.21038602298406348
bakery,qwen3,5025646,2,앞쪽 병,0.2528681077757213
bakery,qwen3,5115048,2,야생 블루베리,0.15664946527340226
bakery,qwen3,1000894225,1,얇다 썰다,0.25700552400386395
bakery,qwen3,1000894225,2,얇다 썰다,0.20810063276491092
bakery,qwen3,1001556191,1,얇다 썰다,0.19409337763072815
bakery,qwen3,5044138,1,얇다 썰다,0.19335534940958313
bakery,qwen3,5128440,2,얇다 썰다,0.22507334416801378
bakery,qwen3,1000870987,2,얹다 노란색,0.15978766198215996
bakery,qwen3,1001737663,1,얹다 둥글다,0.18447645099573423
bakery,qwen3,1001737663,2,얹다 둥글다,0.21221007298821734
bakery,qwen3,1000400055,2,얹다 분홍색,0.2093351649808741
bakery,qwen3,1000831954,2,얹다 빵,0.1738782264841035
bakery,qwen3,1000870987,2,얹다 초콜릿,0.15978766198215996
bakery,qwen3,1001737665,2,얹다 크다,0.2128359436876393
bakery,qwen3,1000870987,2,얹다 크림,0.15978766198215996
bakery,qwen3,1000528793,1,얼굴 그리다,0.19011831211968447
bakery,qwen3,1000528793,2,얼굴 그리다,0.28497949816998625
bakery,qwen3,5097791,2,에그 타르트,0.19809115318431952
bakery,qwen3,5044137,1,여러 겹,0.19111525196728585
bakery,qwen3,5052041,2,여러 조각,0.2605206176524312
bakery,qwen3,5138995,2,여러 조각,0.2747704275010981
bakery,qwen3,1000400055,2,여러개 마카롱,0.2093351649808741
bakery,qwen3,1000528793,1,여러개 포장지,0.2071859976153289
bakery,qwen3,5116362,2,연두색 상자,0.2778180604908076
bakery,qwen3,1000635372,2,연두색 식탁보,0.20345072259304453
bakery,qwen3,5131242,1,연두색 직사각형,0.23869772366121506
bakery,qwen3,5074339,1,연주 곰,0.29914997137434124
bakery,qwen3,1000321559,2,연하다 갈색,0.20295035995803942
bakery,qwen3,1002202568,2,연하다 갈색,0.222809399457372
bakery,qwen3,5025646,2,연하다 갈색,0.2172574280781562
bakery,qwen3,1000659491,1,연하다 녹색,0.19911635539701764
bakery,qwen3,1000659491,2,연하다 녹색,0.1810027986461252
bakery,qwen3,1000794499,2,연하다 녹색,0.19282429716617855
bakery,qwen3,1000229955,2,연하다 베이지,0.20047030359119772
bakery,qwen3,5012764,1,연하다 색,0.2767536733735905
bakery,qwen3,1000352096,2,연하다 파란색,0.2978872313892517
bakery,qwen3,1000229955,1,열다 검은색,0.271798854492182
bakery,qwen3,1000234669,2,열다 채,0.2552683125197819
bakery,qwen3,5115048,1,열리다 나무,0.15860055169160955
bakery,qwen3,1000229955,2,열리다 뚜껑,0.20047030359119772
bakery,qwen3,5122986,1,열리다 모습,0.1926091253140669
bakery,qwen3,5025646,1,열리다 병,0.19449603266104687
bakery,qwen3,1000234669,1,열리다 상태,0.32016088796075093
bakery,qwen3,5057085,1,열리다 안,0.18735561589150132
bakery,qwen3,1000870987,2,열리다 코코아,0.15978766198215996
bakery,qwen3,5122986,2,열리다 크리스피,0.2174266803589736
bakery,qwen3,1000321559,1,영어 되다,0.2789924724712701
bakery,qwen3,5043336,1,영어 한국어,0.18167080074378847
bakery,qwen3,1000659491,1,옆 I_am_bagel,0.23175353064719564
bakery,qwen3,5138995,1,옆 TAKUMIYA,0.22733607474976467
bakery,qwen3,1002104461,1,옆 개별,0.21188378493442572
bakery,qwen3,1000794499,1,옆 나무,0.1930067786728256
bakery,qwen3,1000321559,1,옆 땅콩,0.2789924724712701
bakery,qwen3,1000217187,1,옆 밝다,0.2852528992795134
bakery,qwen3,1000635372,1,옆 스프레드,0.23657343724329355
bakery,qwen3,1000352096,2,옆 연하다,0.2978872313892517
bakery,qwen3,1000447291,1,옆 우유,0.23891052682632535
bakery,qwen3,1001737663,1,옆 작다,0.20103764392787923
bakery,qwen3,5044138,1,옆 케이크,0.2489144661907965
bakery,qwen3,1000229955,2,옆 쿠키,0.20047030359119772
bakery,qwen3,5044137,1,옆 파란색,0.19111525196728585
bakery,qwen3,1000352096,1,옆 하늘색,0.3292338597538544
bakery,qwen3,5052044,2,오르다 풍미,0.21241516719787884
bakery,qwen3,5057085,2,오른쪽 투명,0.19707773165455372
bakery,qwen3,1000234669,1,오리지널 크림,0.32016088796075093
bakery,qwen3,1000794499,1,올라가다 직사각형,0.1930067786728256
bakery,qwen3,1000831954,1,올라가다 황금빛,0.21745738454376032
bakery,qwen3,5052044,2,올려놓다 근접,0.21241516719787884
bakery,qwen3,5025646,2,올리다 모습,0.2528681077757213
bakery,qwen3,5115048,1,올리다 반면,0.15860055169160955
bakery,qwen3,5057085,2,올리다 배경,0.19707773165455372
bakery,qwen3,1000634077,2,올리다 작다,0.26726124191242434
bakery,qwen3,1001737665,2,올리다 초콜릿,0.2128359436876393
bakery,qwen3,1000196053,2,올리브 가득,0.280367705118972
bakery,qwen3,1000831954,2,올리브 녹다,0.1738782264841035
bakery,qwen3,1000831954,1,올리브 들어가다,0.21745738454376032
bakery,qwen3,5131242,2,올리브 보이다,0.2504798152238798
bakery,qwen3,5043336,2,올리브 토마토,0.2020222553896969
bakery,qwen3,5131242,1,올리브 흩뿌리다,0.23869772366121506
bakery,qwen3,5007270,2,와인 잔,0.17922630514067597
bakery,qwen3,1000234669,1,용기 2개,0.32016088796075093
bakery,qwen3,1000234669,2,용기 밝다,0.2552683125197819
bakery,qwen3,5007270,2,우유 그리고,0.17922630514067597
bakery,qwen3,1000447291,1,우유 잔,0.20526545263320223
bakery,qwen3,1000447291,2,우유 잔,0.266625044870232
bakery,qwen3,5007270,2,우유 잔,0.1539863861889217
bakery,qwen3,1000870987,2,원 받침대,0.15978766198215996
bakery,qwen3,5044137,1,윗면 물결,0.19111525196728585
bakery,qwen3,1001737665,2,윗면 초콜릿,0.2128359436876393
bakery,qwen3,5097791,2,윗면 크림,0.19809115318431952
bakery,qwen3,5115048,2,유리 병,0.15664946527340226
bakery,qwen3,5007270,2,유리 햄,0.17922630514067597
bakery,qwen3,5025646,2,유리병 3개,0.2528681077757213
bakery,qwen3,5071363,2,유리병 라벨,0.3252538577767249
bakery,qwen3,1001385477,2,유리병 세트,0.19021446348319
bakery,qwen3,5043336,1,유리병 세트,0.1560866305904483
bakery,qwen3,5043336,2,유리병 세트,0.173572049107286
bakery,qwen3,5071363,1,유리병 한국어,0.29892913835587287
bakery,qwen3,1000220024,2,유산지 빵,0.2335287793558078
bakery,qwen3,5115048,2,육각 유리,0.15664946527340226
bakery,qwen3,5115048,1,육각 잼,0.15860055169160955
bakery,qwen3,5007270,2,은색 쟁반,0.17922630514067597
bakery,qwen3,1000659491,1,이름 베이글,0.23175353064719564
bakery,qwen3,5057085,1,이삭 PNB,0.18735561589150132
bakery,qwen3,1001194675,2,일러스트 100%_땅콩,0.21038602298406348
bakery,qwen3,5071363,1,일러스트 그리다,0.2568318177728374
bakery,qwen3,5071363,2,일러스트 그리다,0.27944930357031894
bakery,qwen3,5115048,2,일러스트 그리다,0.13458897697491873
bakery,qwen3,5132010,1,일러스트 함께,0.1680004414351065
bakery,qwen3,1000894225,2,일렬 가지런히,0.267896689058852
bakery,qwen3,1000634077,1,일본화 스타일,0.25771344231350574
bakery,qwen3,1001501168,2,일부 개별,0.23180307096757996
bakery,qwen3,1002104461,2,일부 겹쳐지다,0.1945862718937246
bakery,qwen3,1000528793,1,일부 반,0.2071859976153289
bakery,qwen3,1000528793,2,일부 썰다,0.3105632538495019
bakery,qwen3,5131242,1,일부 잘리다,0.23869772366121506
bakery,qwen3,1000528793,2,일부 통째,0.3105632538495019
bakery,qwen3,1001501168,2,일부 흰색,0.23180307096757996
bakery,qwen3,1000196053,2,자르다 녹색,0.2572714154604852
bakery,qwen3,1000400055,2,자르다 녹색,0.1920904341583503
bakery,qwen3,1000794499,2,자르다 녹차,0.2244301407271301
bakery,qwen3,5044138,2,자르다 단면,0.23275149384549795
bakery,qwen3,1001737665,2,자르다 작다,0.2128359436876393
bakery,qwen3,1000447291,2,자르다 희다,0.31032757396768185
bakery,qwen3,1001385477,1,작다 2개,0.20775593634643463
bakery,qwen3,5131242,1,작다 검다,0.21903414734395893
bakery,qwen3,5131242,2,작다 검다,0.22984564709256777
bakery,qwen3,1000659491,1,작다 그리다,0.23175353064719564
bakery,qwen3,5012764,1,작다 꽃병,0.25395510246980435
bakery,qwen3,5012764,2,작다 꽃병,0.18217908802400853
bakery,qwen3,1000635372,1,작다 나무,0.23657343724329355
bakery,qwen3,5012764,2,작다 담기다,0.19853403744266143
bakery,qwen3,5025646,1,작다 뚜껑,0.19449603266104687
bakery,qwen3,5138995,1,작다 로고,0.22733607474976467
bakery,qwen3,1001501168,1,작다 몇개,0.22630408154769568
bakery,qwen3,1000635372,1,작다 병,0.23657343724329355
bakery,qwen3,1000634077,2,작다 알록달록,0.26726124191242434
bakery,qwen3,5007270,2,작다 우유,0.35845261028135195
bakery,qwen3,5043336,1,작다 유리병,0.18167080074378847
bakery,qwen3,5115048,1,작다 육각,0.15860055169160955
bakery,qwen3,5007270,1,작다 잼,0.18037454672811834
bakery,qwen3,1000794499,1,작다 직사각,0.1930067786728256
bakery,qwen3,5115048,1,작다 칼,0.15860055169160955
bakery,qwen3,1000634077,1,작다 케이크,0.23648337835149316
bakery,qwen3,1001737663,1,작다 케이크,0.18447645099573423
bakery,qwen3,5132010,1,작다 토끼,0.1680004414351065
bakery,qwen3,1000400055,1,작다 파란색,0.2191993030295997
bakery,qwen3,5007270,1,작다 함께,0.18037454672811834
bakery,qwen3,5003416,2,작다 황금빛,0.20952335008339018
bakery,qwen3,1001737665,2,작다 흰색,0.19530282373339508
bakery,qwen3,5074339,1,작다 흰색,0.2745064255449172
bakery,qwen3,5007270,2,잔 말차,0.17922630514067597
bakery,qwen3,1000447291,2,잔 옆,0.31032757396768185
bakery,qwen3,5007270,2,잔 은색,0.17922630514067597
bakery,qwen3,5044138,1,잘 드러나다,0.2489144661907965
bakery,qwen3,5052044,2,잘 부풀다,0.21241516719787884
bakery,qwen3,1000128336,1,잘다 썰다,0.2564171731137346
bakery,qwen3,1000870987,1,잘다 썰다,0.24569852111291784
bakery,qwen3,5052041,2,잘리다 구겨지다,0.2839086012593104
bakery,qwen3,5131242,1,잘리다 기공,0.23869772366121506
bakery,qwen3,5138995,2,잘리다 나무,0.2994376738478899
bakery,qwen3,1000220024,1,잘리다 녹다,0.2822334883444732
bakery,qwen3,1000220024,2,잘리다 녹다,0.2142910132610793
bakery,qwen3,5052041,1,잘리다 중성,0.2676765762918566
bakery,qwen3,1002104461,2,잘리다 층,0.1945862718937246
bakery,qwen3,5097791,2,잘리다 타르트,0.19809115318431952
bakery,qwen3,5097791,2,잘리다 황금빛,0.19809115318431952
bakery,qwen3,1001737663,2,잘리다 흰색,0.2312610247055382
bakery,qwen3,5007270,1,장면 빵,0.18037454672811834
bakery,qwen3,1000831954,2,재료 그리고,0.1738782264841035
bakery,qwen3,5003416,2,재료 넣다,0.20952335008339018
bakery,qwen3,5003416,1,재료 담다,0.22301495167913998
bakery,qwen3,1000831954,2,재료 얹다,0.1738782264841035
bakery,qwen3,1000831954,2,재료 얹히다,0.1738782264841035
bakery,qwen3,5003416,2,잼 견과,0.20952335008339018
bakery,qwen3,5115048,2,잼 다양,0.15664946527340226
bakery,qwen3,1001385477,1,잼 담기다,0.1906413001150925
bakery,qwen3,5115048,2,잼 담기다,0.1437449068711915
bakery,qwen3,5115048,1,잼 덩어리,0.15860055169160955
bakery,qwen3,5003416,1,잼 바나나,0.22301495167913998
bakery,qwen3,5007270,1,잼 병,0.33103110024811677
bakery,qwen3,5115048,1,잼 병,0.1455352655870248
bakery,qwen3,5115048,2,잼 올리다,0.15664946527340226
bakery,qwen3,5071363,1,잼 유리병,0.27430378443396025
bakery,qwen3,5071363,2,잼 유리병,0.2984599112037279
bakery,qwen3,1000635372,1,쟁반 Oh_Nutty_피스타치오_버터,0.23657343724329355
bakery,qwen3,1000229955,1,쟁반 개별,0.24940845446542956
bakery,qwen3,1000528793,1,쟁반 개별,0.19011831211968447
bakery,qwen3,5132010,1,쟁반 둥글다,0.1680004414351065
bakery,qwen3,5003416,2,쟁반 배경,0.20952335008339018
bakery,qwen3,5007270,2,쟁반 빵,0.17922630514067597
bakery,qwen3,5003416,2,적히다 검은색,0.20952335008339018
bakery,qwen3,5063069,1,적히다 글씨,0.22552791260306854
bakery,qwen3,1000637683,1,적히다 땅콩,0.186361128551816
bakery,qwen3,1001194675,2,적히다 땅콩,0.19305472398557483
bakery,qwen3,5115048,1,적히다 라벨,0.15860055169160955
bakery,qwen3,5138995,1,적히다 미니멀,0.22733607474976467
bakery,qwen3,1000637683,1,적히다 병,0.372722257103632
bakery,qwen3,5025646,1,적히다 병,0.3569474565761624
bakery,qwen3,5043336,2,적히다 블랙,0.2020222553896969
bakery,qwen3,5043336,1,적히다 블랙_올리브,0.18167080074378847
bakery,qwen3,5132010,1,적히다 초콜릿,0.1680004414351065
bakery,qwen3,1002104461,1,적히다 쿠키,0.21188378493442572
bakery,qwen3,1000400055,1,적히다 파란색,0.2191993030295997
bakery,qwen3,5097791,1,적히다 포르투갈식,0.2551818537678673
bakery,qwen3,1000659491,1,적히다 포장지,0.23175353064719564
bakery,qwen3,1000870987,2,적히다 풍선,0.15978766198215996
bakery,qwen3,1002104461,1,적히다 흰색,0.19442910245341244
bakery,qwen3,1002202568,2,적히다 흰색,0.23796686099333797
bakery,qwen3,5003416,1,전경 부서지다,0.22301495167913998
bakery,qwen3,1001385477,1,전경 잼,0.20775593634643463
bakery,qwen3,1001737663,2,전경 조각,0.2312610247055382
bakery,qwen3,1000794499,2,전체 담기다,0.2244301407271301
bakery,qwen3,5122986,2,점 무늬,0.2174266803589736
bakery,qwen3,5131242,1,점 아마도,0.23869772366121506
bakery,qwen3,5131242,2,점 흩뿌리다,0.2504798152238798
bakery,qwen3,1000894225,2,정렬 빵,0.267896689058852
bakery,qwen3,5116362,1,정사각형 쿠키,0.2719164919809732
bakery,qwen3,1000128336,2,정성 만들다,0.27128108830785397
bakery,qwen3,5115048,2,정원 딸기,0.15664946527340226
bakery,qwen3,1000831954,1,제과 중성,0.21745738454376032
bakery,qwen3,1001194675,1,제품 2개,0.4021592828515901
bakery,qwen3,1002202568,1,제품 3개,0.29999730824808557
bakery,qwen3,1002202568,1,제품 더,0.29999730824808557
bakery,qwen3,1000400055,1,제품 알록달록,0.2191993030295997
bakery,qwen3,5043336,2,제품 포함,0.2020222553896969
bakery,qwen3,1001493094,2,제품 함께,0.33554820665129437
bakery,qwen3,1001737663,1,젤리 얹다,0.18447645099573423
bakery,qwen3,1001737663,2,젤리 얹다,0.21221007298821734
bakery,qwen3,1000831954,2,조각 검다,0.1738782264841035
bakery,qwen3,5007270,2,조각 나무,0.17922630514067597
bakery,qwen3,5052044,1,조각 단면,0.21064934226482315
bakery,qwen3,1000352096,1,조각 담기다,0.26794260242665907
bakery,qwen3,1001737663,1,조각 담기다,0.16361181544338216
bakery,qwen3,5012764,1,조각 담기다,0.22523230001403063
bakery,qwen3,5044137,2,조각 담기다,0.2298320618116585
bakery,qwen3,1001737665,1,조각 대리석,0.30692985216717583
bakery,qwen3,5012764,2,조각 더,0.19853403744266143
bakery,qwen3,5007270,1,조각 숟가락,0.18037454672811834
bakery,qwen3,1000447291,1,조각 쌓이다,0.20526545263320223
bakery,qwen3,1000447291,2,조각 쌓이다,0.266625044870232
bakery,qwen3,5074339,2,조각 쌓이다,0.31891034435949334
bakery,qwen3,5007270,2,조각 아침,0.17922630514067597
bakery,qwen3,1000352096,2,조각 옆,0.2978872313892517
bakery,qwen3,1000894225,2,조각 일렬,0.267896689058852
bakery,qwen3,1000447291,2,조각 자르다,0.28476323325899844
bakery,qwen3,1001737665,2,조각 자르다,0.19530282373339508
bakery,qwen3,5007270,2,조각 작다,0.17922630514067597
bakery,qwen3,1001737663,2,조각 잘리다,0.18820871232923778
bakery,qwen3,5052041,1,조각 잘리다,0.21784502515603896
bakery,qwen3,5052041,2,조각 잘리다,0.23105524301056252
bakery,qwen3,5138995,2,조각 잘리다,0.2436933724112484
bakery,qwen3,1000831954,2,조각 조각,0.1738782264841035
bakery,qwen3,5057085,2,조각 초록색,0.19707773165455372
bakery,qwen3,1000794499,2,조각 케이크,0.2244301407271301
bakery,qwen3,1000196053,2,조각 클로즈업,0.280367705118972
bakery,qwen3,1000831954,2,조각 허브,0.1738782264841035
bakery,qwen3,1000831954,2,조각 호박,0.1738782264841035
bakery,qwen3,1000321559,2,조각 흩어지다,0.23621596715454624
bakery,qwen3,1000447291,1,조각 희다,0.23891052682632535
bakery,qwen3,1000229955,2,종 혼합,0.20047030359119772
bakery,qwen3,1000637683,2,종류 담기다,0.24525120975407103
bakery,qwen3,1000634077,1,종류 도넛,0.25771344231350574
bakery,qwen3,1002104461,1,종류 버터,0.21188378493442572
bakery,qwen3,1000831954,1,종류 제과,0.21745738454376032
bakery,qwen3,1000637683,2,종류 종류,0.49050241950814205
bakery,qwen3,5043336,1,종류 크림,0.18167080074378847
bakery,qwen3,1000528793,1,종이 봉투,0.2071859976153289
bakery,qwen3,5052044,1,주머니 선명,0.21064934226482315
bakery,qwen3,1000635372,2,주변 통째,0.20345072259304453
bakery,qwen3,1000635372,2,주재료 하다,0.20345072259304453
bakery,qwen3,5007270,1,주전자 숟가락,0.18037454672811834
bakery,qwen3,5057085,1,주황색 밀,0.18735561589150132
bakery,qwen3,5057085,2,주황색 상자,0.19707773165455372
bakery,qwen3,1001737663,1,주황색 젤리,0.18447645099573423
bakery,qwen3,1001737663,2,주황색 젤리,0.21221007298821734
bakery,qwen3,5003416,1,줄무늬 천,0.20464329963751435
bakery,qwen3,5003416,2,줄무늬 천,0.19226311684187247
bakery,qwen3,1000220024,2,중 2개,0.2335287793558078
bakery,qwen3,1001194675,2,중 나무,0.21038602298406348
bakery,qwen3,1000234669,1,중 뚜껑,0.2937864929407466
bakery,qwen3,1000870987,2,중 뚜껑,0.1466245834334865
bakery,qwen3,1000217187,2,중 반,0.2862082314896252
bakery,qwen3,1000220024,1,중 반,0.2642564337836593
bakery,qwen3,1000400055,2,중 반,0.17985510292345325
bakery,qwen3,1000528793,1,중 일부,0.2071859976153289
bakery,qwen3,1000447291,2,중 조각,0.31032757396768185
bakery,qwen3,1000659491,2,중 짙다,0.21067097958689965
bakery,qwen3,1000831954,1,중성 배경,0.1995435569163294
bakery,qwen3,1001556191,1,중성 배경,0.22928107656752664
bakery,qwen3,5052041,1,중성 색상,0.2676765762918566
bakery,qwen3,1001737663,2,지니다 겉면,0.2312610247055382
bakery,qwen3,5138995,1,지니다 껍질,0.22733607474976467
bakery,qwen3,1001556191,1,지니다 수제,0.24986456093221948
bakery,qwen3,5044138,2,지니다 직사각,0.23275149384549795
bakery,qwen3,1000794499,1,직사각 담기다,0.1930067786728256
bakery,qwen3,5052044,1,직사각 모양,0.21064934226482315
bakery,qwen3,5044138,2,직사각 케이크,0.23275149384549795
bakery,qwen3,1000831954,1,직사각형 빵,0.1995435569163294
bakery,qwen3,5131242,1,직사각형 빵,0.21903414734395893
bakery,qwen3,5044138,1,직사각형 상자,0.2489144661907965
bakery,qwen3,1000794499,2,직사각형 자르다,0.2244301407271301
bakery,qwen3,5131242,1,직사각형 작다,0.23869772366121506
bakery,qwen3,5044137,1,직사각형 초콜릿,0.17537145146173883
bakery,qwen3,5044137,2,직사각형 초콜릿,0.25914144998115374
bakery,qwen3,1000794499,1,직사각형 케이크,0.1930067786728256
bakery,qwen3,1002104461,2,직사각형 쿠키,0.1945862718937246
bakery,qwen3,5131242,2,직사각형 황금빛,0.2504798152238798
bakery,qwen3,1000870987,2,진열 HAVE_A_HARTY_TIME!,0.15978766198215996
bakery,qwen3,1001385477,2,진열 나무,0.22139252902904238
bakery,qwen3,1000637683,1,진열 병,0.17449072934567425
bakery,qwen3,1001194675,2,진열 병,0.18075797165235902
bakery,qwen3,5043336,2,진열 병,0.173572049107286
bakery,qwen3,5025646,1,진열 스무스,0.19449603266104687
bakery,qwen3,1001385477,1,진열 전경,0.20775593634643463
bakery,qwen3,1002202568,1,진열 회색,0.29999730824808557
bakery,qwen3,1000634077,2,진열대 올리다,0.26726124191242434
bakery,qwen3,1000870987,2,진열대 하트,0.15978766198215996
bakery,qwen3,1000220024,2,질감 눈,0.2335287793558078
bakery,qwen3,1000321559,2,질감 느끼다,0.23621596715454624
bakery,qwen3,1001556191,1,질감 드러나다,0.24986456093221948
bakery,qwen3,5138995,2,질감 띠다,0.2994376738478899
bakery,qwen3,5052041,2,짙다 갈색,0.2839086012593104
bakery,qwen3,1000659491,2,짙다 보라색,0.21067097958689965
bakery,qwen3,5115048,2,짙다 빨간색,0.15664946527340226
bakery,qwen3,5052041,1,짙다 색,0.24562576363422425
bakery,qwen3,5052044,1,짙다 색,0.19329635140143692
bakery,qwen3,1002104461,2,짙다 초록색,0.1945862718937246
bakery,qwen3,5052044,2,짙다 황금빛,0.21241516719787884
bakery,qwen3,5057085,2,차 올리다,0.19707773165455372
bakery,qwen3,5007270,1,차리다 아침,0.18037454672811834
bakery,qwen3,5012764,2,찻받침 그리고,0.19853403744266143
bakery,qwen3,5012764,2,찻잔 찻받침,0.19853403744266143
bakery,qwen3,1000234669,2,채 밀봉,0.2552683125197819
bakery,qwen3,5044138,2,채 분홍색,0.23275149384549795
bakery,qwen3,1001556191,1,채 중성,0.24986456093221948
bakery,qwen3,1000220024,1,채우다 모습,0.3075707236780671
bakery,qwen3,1000220024,2,채우다 보이다,0.2335287793558078
bakery,qwen3,1000217187,1,천 같다,0.2852528992795134
bakery,qwen3,5128440,2,천 깔다,0.28974637365053363
bakery,qwen3,5003416,1,천 깔리다,0.20464329963751435
bakery,qwen3,5003416,2,천 깔리다,0.19226311684187247
bakery,qwen3,1000637683,1,천 피넛,0.20309151656795507
bakery,qwen3,5115048,2,체리 그리고,0.15664946527340226
bakery,qwen3,5115048,1,체리 다양,0.15860055169160955
bakery,qwen3,1000128336,1,체크 무늬,0.24008450636169734
bakery,qwen3,1000128336,2,체크 무늬,0.233077362149132
bakery,qwen3,1000229955,2,체크 무늬,0.17223865416393372
bakery,qwen3,5040946,2,초록색 갈색,0.24062460302755292
bakery,qwen3,5057085,2,초록색 말,0.19707773165455372
bakery,qwen3,5116362,2,초록색 말차,0.2778180604908076
bakery,qwen3,1002104461,2,초록색 배경,0.1945862718937246
bakery,qwen3,5116362,2,초록색 속,0.2778180604908076
bakery,qwen3,1002104461,1,초록색 옆,0.21188378493442572
bakery,qwen3,1000635372,1,초록색 천,0.23657343724329355
bakery,qwen3,1002104461,1,초록색 테두리,0.19442910245341244
bakery,qwen3,1002104461,2,초록색 테두리,0.17855653374212313
bakery,qwen3,1001737665,2,초콜릿 가루,0.2128359436876393
bakery,qwen3,5044137,1,초콜릿 글레이즈,0.19111525196728585
bakery,qwen3,1000870987,2,초콜릿 맛,0.15978766198215996
bakery,qwen3,1001501168,1,초콜릿 밀크,0.22630408154769568
bakery,qwen3,1000400055,2,초콜릿 속,0.2093351649808741
bakery,qwen3,5057085,2,초콜릿 조각,0.19707773165455372
bakery,qwen3,1000400055,2,초콜릿 칩,0.1920904341583503
bakery,qwen3,5132010,1,초콜릿 칩,0.30832161177518913
bakery,qwen3,1001737665,1,초콜릿 케이크,0.24979078219229256
bakery,qwen3,1001737665,2,초콜릿 케이크,0.34642740989177556
bakery,qwen3,5044137,1,초콜릿 케이크,0.1555366085791598
bakery,qwen3,5044137,2,초콜릿 케이크,0.2298320618116585
bakery,qwen3,1000634077,2,초콜릿 코코넛,0.26726124191242434
bakery,qwen3,1001501168,2,초콜릿 코팅,0.21270746625618084
bakery,qwen3,5057085,2,초콜릿 코팅,0.18084275061920374
bakery,qwen3,5044137,1,초콜릿 크림,0.19111525196728585
bakery,qwen3,1001501168,1,초콜릿 포장지,0.22630408154769568
bakery,qwen3,5052044,2,촬영 다,0.21241516719787884
bakery,qwen3,5007270,1,층 드러나다,0.18037454672811834
bakery,qwen3,1002104461,2,층 선명,0.1945862718937246
bakery,qwen3,1001737665,2,층층이 쌓이다,0.17321370494588778
bakery,qwen3,5044137,2,층층이 쌓이다,0.2298320618116585
bakery,qwen3,5044138,1,층층이 쌓이다,0.20257573113126268
bakery,qwen3,5044138,2,층층이 쌓이다,0.18942171083581916
bakery,qwen3,1000234669,1,치즈 용기,0.32016088796075093
bakery,qwen3,1000831954,2,치즈 조각,0.1738782264841035
bakery,qwen3,5007270,2,치즈 토스트,0.17922630514067597
bakery,qwen3,1000831954,1,치즈 토핑,0.21745738454376032
bakery,qwen3,1000220024,1,치즈 햄,0.2822334883444732
bakery,qwen3,1000220024,2,치즈 햄,0.2142910132610793
bakery,qwen3,1000400055,2,칩 얹다,0.2093351649808741
bakery,qwen3,5132010,1,칩 쿠키,0.336000882870213
bakery,qwen3,1001501168,1,카라멜 초콜릿,0.22630408154769568
bakery,qwen3,5115048,1,칼 살구,0.15860055169160955
bakery,qwen3,1000635372,1,칼 초록색,0.23657343724329355
bakery,qwen3,5007270,1,칼 함께,0.18037454672811834
bakery,qwen3,1002104461,2,캐러멜 같다,0.1945862718937246
bakery,qwen3,5097791,1,캐러멜 속,0.2551818537678673
bakery,qwen3,5097791,2,캐러멜 윗면,0.19809115318431952
bakery,qwen3,5063069,1,캐릭터 그리다,0.20694924644269877
bakery,qwen3,5132010,1,캐릭터 그리다,0.15416080588759457
bakery,qwen3,1000528793,1,캐릭터 얼굴,0.19011831211968447
bakery,qwen3,1000528793,2,캐릭터 얼굴,0.28497949816998625
bakery,qwen3,1000870987,2,캔 중,0.15978766198215996
bakery,qwen3,5097791,2,커스터드 모습,0.19809115318431952
bakery,qwen3,1002104461,1,커피와_빵을_즐기세요 문구,0.21188378493442572
bakery,qwen3,1000794499,1,케이크 2개,0.1930067786728256
bakery,qwen3,5012764,2,케이크 가루,0.19853403744266143
bakery,qwen3,1000794499,2,케이크 겉면,0.2244301407271301
bakery,qwen3,5044137,1,케이크 나무,0.17537145146173883
bakery,qwen3,5044137,2,케이크 나무,0.25914144998115374
bakery,qwen3,1000634077,1,케이크 담기다,0.22142040825433162
bakery,qwen3,1001737665,1,케이크 담기다,0.2637058143425225
bakery,qwen3,5044138,1,케이크 담기다,0.21386056633137773
bakery,qwen3,1001737663,1,케이크 대리석,0.20103764392787923
bakery,qwen3,1000794499,1,케이크 본체,0.1930067786728256
bakery,qwen3,5044138,1,케이크 속,0.2489144661907965
bakery,qwen3,5044137,1,케이크 안,0.19111525196728585
bakery,qwen3,1000794499,1,케이크 옆,0.1930067786728256
bakery,qwen3,5044138,2,케이크 자르다,0.23275149384549795
bakery,qwen3,1000794499,2,케이크 전체,0.2244301407271301
bakery,qwen3,1001737663,1,케이크 조각,0.15616490467998245
bakery,qwen3,1001737665,2,케이크 조각,0.1653297571989951
bakery,qwen3,5012764,1,케이크 조각,0.21498068808310514
bakery,qwen3,5044137,2,케이크 조각,0.21937108837742714
bakery,qwen3,5074339,2,케이크 조각,0.28833282414680056
bakery,qwen3,1001737663,2,케이크 크리미,0.2312610247055382
bakery,qwen3,1001737665,2,케이크 크림,0.2128359436876393
bakery,qwen3,1000794499,2,케이크 클로즈업,0.2244301407271301
bakery,qwen3,1000634077,2,케이크 페이스트리,0.26726124191242434
bakery,qwen3,1001737663,1,케이크 흰색,0.17272609761212745
bakery,qwen3,1001737663,2,케이크 흰색,0.1986932076337868
bakery,qwen3,1001737665,1,케이크 흰색,0.2637058143425225
bakery,qwen3,5007270,2,코스터 작다,0.17922630514067597
bakery,qwen3,1000634077,2,코코넛 과일,0.26726124191242434
bakery,qwen3,1000870987,2,코코아 가루,0.15978766198215996
bakery,qwen3,1001501168,2,코팅 밀크,0.23180307096757996
bakery,qwen3,5057085,2,코팅 쿠키,0.19707773165455372
bakery,qwen3,5132010,1,쿠키 12개,0.1680004414351065
bakery,qwen3,1002104461,2,쿠키 1개,0.15836145202891952
bakery,qwen3,5057085,2,쿠키 1개,0.1603890934527298
bakery,qwen3,5116362,1,쿠키 1개,0.2212956242063944
bakery,qwen3,5132010,2,쿠키 1개,0.1924652832154717
bakery,qwen3,5057085,2,쿠키 2개,0.19707773165455372
bakery,qwen3,5116362,1,쿠키 3개,0.2719164919809732
bakery,qwen3,1000229955,1,쿠키 9개,0.271798854492182
bakery,qwen3,1001501168,1,쿠키 가지,0.22630408154769568
bakery,qwen3,1001501168,2,쿠키 내려다보다,0.23180307096757996
bakery,qwen3,1002104461,1,쿠키 담기다,0.21188378493442572
bakery,qwen3,5057085,2,쿠키 더,0.19707773165455372
bakery,qwen3,5132010,1,쿠키 더미,0.15416080588759457
bakery,qwen3,5132010,2,쿠키 더미,0.21700946408583605
bakery,qwen3,5132010,2,쿠키 들다,0.23649127644415177
bakery,qwen3,1002104461,1,쿠키 몇개,0.18204480814617907
bakery,qwen3,1002104461,2,쿠키 몇개,0.1671832535261547
bakery,qwen3,5116362,2,쿠키 몇개,0.23869375156406997
bakery,qwen3,5057085,2,쿠키 삼각,0.19707773165455372
bakery,qwen3,1000229955,1,쿠키 상자,0.22119988649912087
bakery,qwen3,1000229955,2,쿠키 상자,0.16315009304828673
bakery,qwen3,5116362,1,쿠키 상자,0.2212956242063944
bakery,qwen3,5116362,2,쿠키 상자,0.2260985373275007
bakery,qwen3,5132010,1,쿠키 작다,0.1680004414351065
bakery,qwen3,1002104461,1,쿠키 초록색,0.21188378493442572
bakery,qwen3,1000229955,2,쿠키 투명,0.20047030359119772
bakery,qwen3,1001737665,2,크다 둥글다,0.2128359436876393
bakery,qwen3,1000635372,1,크다 병,0.23657343724329355
bakery,qwen3,1002202568,1,크다 상자,0.29999730824808557
bakery,qwen3,5025646,1,크런치 적히다,0.19449603266104687
bakery,qwen3,1001194675,2,크리미 땅콩,0.21038602298406348
bakery,qwen3,5063069,2,크리미 속,0.36451497490219625
bakery,qwen3,5043336,2,크리미 스프레드,0.2020222553896969
bakery,qwen3,1001737663,2,크리미 식감,0.2312610247055382
bakery,qwen3,5012764,2,크리미 필링,0.19853403744266143
bakery,qwen3,1000234669,2,크리미 흰색,0.2552683125197819
bakery,qwen3,5122986,1,크리스피 크림,0.1767422616635842
bakery,qwen3,5122986,2,크리스피 크림,0.19951538209827294
bakery,qwen3,1000831954,2,크림 같다,0.2987829237701482
bakery,qwen3,1000870987,1,크림 같다,0.23004858621161647
bakery,qwen3,5043336,1,크림 같다,0.1560866305904483
bakery,qwen3,1001737665,2,크림 과일,0.2128359436876393
bakery,qwen3,5097791,2,크림 노란색,0.19809115318431952
bakery,qwen3,5122986,1,크림 도넛,0.1767422616635842
bakery,qwen3,5122986,2,크림 도넛,0.19951538209827294
bakery,qwen3,1000400055,2,크림 들어가다,0.1920904341583503
bakery,qwen3,1002104461,1,크림 들어가다,0.19442910245341244
bakery,qwen3,1001501168,2,크림 맛,0.23180307096757996
bakery,qwen3,1000870987,2,크림 색,0.1466245834334865
bakery,qwen3,1002104461,2,크림 색,0.17855653374212313
bakery,qwen3,1001501168,1,크림 솔,0.22630408154769568
bakery,qwen3,1002202568,2,크림 연하다,0.25933010315837035
bakery,qwen3,5044137,2,크림 층층이,0.28240562015945436
bakery,qwen3,1000234669,1,크림 치즈,0.32016088796075093
bakery,qwen3,5044137,1,크림 필링,0.19111525196728585
bakery,qwen3,5043336,2,크림치즈 다양,0.2020222553896969
bakery,qwen3,1000794499,2,클로즈업 다,0.2244301407271301
bakery,qwen3,1000196053,2,클로즈업 빵,0.280367705118972
bakery,qwen3,5097791,2,타르트 3개,0.19809115318431952
bakery,qwen3,5003416,1,타르트 들다,0.22301495167913998
bakery,qwen3,5097791,2,타르트 바삭바삭,0.19809115318431952
bakery,qwen3,5097791,2,타르트 안쪽,0.19809115318431952
bakery,qwen3,5003416,1,타르트 포크,0.22301495167913998
bakery,qwen3,1001556191,1,타원 담기다,0.24986456093221948
bakery,qwen3,1000196053,1,타원 빵,0.3312428705869543
bakery,qwen3,1000217187,1,타원 황금빛,0.2617541743286953
bakery,qwen3,1000659491,1,타원 황금빛,0.21266200699637688
bakery,qwen3,1001493094,1,타입 땅콩,0.3161429803155323
bakery,qwen3,1000321559,1,타입 바삭,0.23970277452320787
bakery,qwen3,1001493094,1,타입 바삭,0.27162148446665574
bakery,qwen3,1001493094,2,타입 바삭,0.2882939292524626
bakery,qwen3,1000321559,1,타입 회색,0.25600947250699274
bakery,qwen3,1001493094,2,타입 회색,0.30790622637430254
bakery,qwen3,1000637683,2,탁자 덩어리,0.24525120975407103
bakery,qwen3,5044137,1,테두리 두르다,0.19111525196728585
bakery,qwen3,1002104461,1,테두리 흰색,0.19442910245341244
bakery,qwen3,1002104461,2,테두리 흰색,0.17855653374212313
bakery,qwen3,1000870987,2,테마 하다,0.15978766198215996
bakery,qwen3,5132010,2,토끼 그리다,0.23649127644415177
bakery,qwen3,5132010,1,토끼 캐릭터,0.1680004414351065
bakery,qwen3,5043336,1,토마토 블루베리,0.18167080074378847
bakery,qwen3,5043336,2,토마토 시나몬,0.2020222553896969
bakery,qwen3,5007270,2,토스트 조각,0.17922630514067597
bakery,qwen3,1000634077,2,토핑 곁들이다,0.26726124191242434
bakery,qwen3,1002104461,2,토핑 드러나다,0.1945862718937246
bakery,qwen3,1000794499,1,토핑 올라가다,0.17710715690865905
bakery,qwen3,1000831954,1,토핑 올라가다,0.1995435569163294
bakery,qwen3,1000229955,1,톤 산,0.271798854492182
bakery,qwen3,1000870987,2,통 빨간색,0.15978766198215996
bakery,qwen3,1001737665,1,통 케이크,0.30692985216717583
bakery,qwen3,1000635372,2,통째 되다,0.20345072259304453
bakery,qwen3,1000659491,2,통째 반,0.1933162062719365
bakery,qwen3,5097791,2,통째 반,0.18177268793602253
bakery,qwen3,1000528793,2,통째 일부,0.3105632538495019
bakery,qwen3,1000217187,1,투명 비닐,0.23214928209341837
bakery,qwen3,1000229955,2,투명 비닐,0.16315009304828673
bakery,qwen3,5057085,1,투명 비닐,0.15247687871092572
bakery,qwen3,5057085,2,투명 비닐,0.1603890934527298
bakery,qwen3,5132010,1,투명 플라스틱,0.15416080588759457
bakery,qwen3,5132010,2,투명 플라스틱,0.21700946408583605
bakery,qwen3,1001501168,1,트다 카라멜,0.22630408154769568
bakery,qwen3,5132010,2,트레이 구성,0.23649127644415177
bakery,qwen3,5057085,1,트리 3,0.18735561589150132
bakery,qwen3,5097791,1,트리 4개,0.2551818537678673
bakery,qwen3,5057085,1,트리 투명,0.18735561589150132
bakery,qwen3,1000634077,1,파도 항해,0.25771344231350574
bakery,qwen3,1000352096,2,파란색 노란색,0.2978872313892517
bakery,qwen3,1000400055,1,파란색 봉지,0.2191993030295997
bakery,qwen3,1000400055,1,파란색 상자,0.2191993030295997
bakery,qwen3,5044137,1,파란색 테두리,0.19111525196728585
bakery,qwen3,1000352096,2,파란색 파란색,0.2978872313892517
bakery,qwen3,5040946,2,파란색 흰색,0.24062460302755292
bakery,qwen3,5040946,1,파스키 마카롱,0.2483406197147564
bakery,qwen3,1000352096,1,파스키 슬라이스,0.3292338597538544
bakery,qwen3,1000229955,1,파스텔 톤,0.271798854492182
bakery,qwen3,5007270,2,판 레드,0.17922630514067597
bakery,qwen3,1001737663,1,판 옆,0.20103764392787923
bakery,qwen3,1001737663,2,판 전경,0.2312610247055382
bakery,qwen3,5044137,2,판 희다,0.28240562015945436
bakery,qwen3,5063069,1,판지 상자,0.22552791260306854
bakery,qwen3,1001385477,2,패션프루트 라즈베리,0.22139252902904238
bakery,qwen3,1001385477,1,패션프루트 피,0.20775593634643463
bakery,qwen3,1000352096,1,팩 빵,0.3292338597538544
bakery,qwen3,5132010,2,팩 쿠키,0.23649127644415177
bakery,qwen3,5057085,1,페이스 트리,0.3438430576333581
bakery,qwen3,5097791,1,페이스 트리,0.23416033844137377
bakery,qwen3,5003416,2,페이스트리 16개,0.20952335008339018
bakery,qwen3,5063069,2,페이스트리 3개,0.36451497490219625
bakery,qwen3,5097791,1,페이스트리 4개,0.2551818537678673
bakery,qwen3,5097791,2,페이스트리 껍질,0.19809115318431952
bakery,qwen3,1000831954,1,페이스트리 다양,0.21745738454376032
bakery,qwen3,1000634077,2,페이스트리 모음,0.26726124191242434
bakery,qwen3,5057085,1,페이스트리 보이다,0.18735561589150132
bakery,qwen3,5012764,2,평온 분위기,0.19853403744266143
bakery,qwen3,5097791,1,포르투갈식 페이스,0.2551818537678673
bakery,qwen3,5116362,2,포장 되다,0.2778180604908076
bakery,qwen3,1000229955,2,포장 둥글다,0.20047030359119772
bakery,qwen3,1000528793,1,포장 베이글,0.2071859976153289
bakery,qwen3,5128440,1,포장 빵,0.2577338274788935
bakery,qwen3,5057085,1,포장 상자,0.18735561589150132
bakery,qwen3,1000229955,1,포장 쿠키,0.2335222128285728
bakery,qwen3,1002104461,1,포장 쿠키,0.18204480814617907
bakery,qwen3,5132010,2,포장 쿠키,0.20318689824162073
bakery,qwen3,5063069,1,포장재 갈색,0.22552791260306854
bakery,qwen3,1000352096,2,포장지 Pasquier_Sliced_Brioche,0.2978872313892517
bakery,qwen3,1002202568,1,포장지 같다,0.29999730824808557
bakery,qwen3,1001501168,2,포장지 담기다,0.23180307096757996
bakery,qwen3,1000528793,1,포장지 만화,0.19011831211968447
bakery,qwen3,1000528793,2,포장지 만화,0.28497949816998625
bakery,qwen3,1000894225,1,포장지 보이다,0.3308540105606052
bakery,qwen3,1000659491,1,포장지 브랜드,0.23175353064719564
bakery,qwen3,1002202568,2,포장지 크림,0.25933010315837035
bakery,qwen3,1001501168,1,포장지 함께,0.22630408154769568
bakery,qwen3,5040946,1,포크 꽂히다,0.2483406197147564
bakery,qwen3,1000794499,1,포크 배경,0.1930067786728256
bakery,qwen3,5003416,1,포크 작다,0.22301495167913998
bakery,qwen3,1000794499,2,포크 함께,0.20594190744031424
bakery,qwen3,5044137,2,포크 함께,0.25914144998115374
bakery,qwen3,1000217187,2,폭신폭신 모습,0.33312064202740027
bakery,qwen3,1000196053,2,폭신폭신 속,0.280367705118972
bakery,qwen3,1000128336,1,폭신폭신 속살,0.2274159058110253
bakery,qwen3,1000128336,2,폭신폭신 속살,0.22077850936925614
bakery,qwen3,1001556191,1,폭신폭신 속살,0.20334895311322737
bakery,qwen3,5052044,1,폭신폭신 속살,0.1714341684299984
bakery,qwen3,1001556191,2,폭신폭신 수제,0.2902574644416785
bakery,qwen3,5052041,2,폭신폭신 수제,0.2605206176524312
bakery,qwen3,5052044,2,폭신폭신 잘,0.21241516719787884
bakery,qwen3,5074339,2,폭신폭신 케이크,0.3711829604246189
bakery,qwen3,5063069,1,폭신폭신 포장재,0.22552791260306854
bakery,qwen3,5052041,1,표면 구겨지다,0.2676765762918566
bakery,qwen3,1000234669,2,표면 뚜껑,0.2552683125197819
bakery,qwen3,5052044,1,표면 배경,0.21064934226482315
bakery,qwen3,5115048,1,표면 피라미드,0.15860055169160955
bakery,qwen3,5052044,2,풍미 가득,0.21241516719787884
bakery,qwen3,1000870987,2,풍선 뜨다,0.15978766198215996
bakery,qwen3,5132010,1,플라스틱 쟁반,0.1680004414351065
bakery,qwen3,5132010,2,플라스틱 트레이,0.23649127644415177
bakery,qwen3,1001501168,1,플랫 레이,0.22630408154769568
bakery,qwen3,1001501168,2,플레인 초콜릿,0.23180307096757996
bakery,qwen3,1001385477,1,피 로얄,0.1906413001150925
bakery,qwen3,1001385477,2,피 로얄,0.20315452983969243
bakery,qwen3,1000637683,1,피넛 버터,0.40618303313591014
bakery,qwen3,1000637683,1,피넛_버터_오리지널 적히다,0.20309151656795507
bakery,qwen3,1000637683,1,피넛_버터_크런치 적히다,0.20309151656795507
bakery,qwen3,5115048,1,피라미드 모양,0.15860055169160955
bakery,qwen3,1000635372,2,피스타치오 견과,0.20345072259304453
bakery,qwen3,1000635372,2,피스타치오 껍질,0.20345072259304453
bakery,qwen3,1000870987,1,피스타치오 들다,0.2677558655020281
bakery,qwen3,1000635372,2,피스타치오 몇개,0.20345072259304453
bakery,qwen3,1000870987,2,피스타치오 얹다,0.15978766198215996
bakery,qwen3,1000234669,1,필라델피아 오리지널,0.32016088796075093
bakery,qwen3,1000234669,2,필라델피아_오리지널_프레시_크리미_토핑 용기,0.2552683125197819
bakery,qwen3,5012764,2,필링 들어가다,0.19853403744266143
bakery,qwen3,5044137,1,필링 여러,0.19111525196728585
bakery,qwen3,5040946,1,하늘색 배경,0.2483406197147564
bakery,qwen3,1000870987,2,하다 디저트,0.15978766198215996
bakery,qwen3,1000635372,2,하다 보이다,0.20345072259304453
bakery,qwen3,5043336,1,하다 영어,0.18167080074378847
bakery,qwen3,1000870987,1,하트 모양,0.24569852111291784
bakery,qwen3,1000870987,2,하트 모양,0.1466245834334865
bakery,qwen3,1000870987,2,하트_티라미수 캔,0.15978766198215996
bakery,qwen3,1001194675,2,한국어 My_Normal,0.21038602298406348
bakery,qwen3,5043336,1,한국어 되다,0.16670502059201503
bakery,qwen3,5071363,1,한국어 되다,0.27430378443396025
bakery,qwen3,5132010,1,한국어 리얼_브라우니쿠키,0.1680004414351065
bakery,qwen3,1000794499,1,한국어 문구,0.17710715690865905
bakery,qwen3,5071363,2,한국어 문구,0.2984599112037279
bakery,qwen3,1000321559,1,한국어 영어,0.2789924724712701
bakery,qwen3,5132010,1,함께 그리다,0.1680004414351065
bakery,qwen3,1000528793,1,함께 배경,0.2071859976153289
bakery,qwen3,1000400055,1,함께 보이다,0.2191993030295997
bakery,qwen3,5007270,1,함께 썰다,0.18037454672811834
bakery,qwen3,1001501168,1,함께 작다,0.22630408154769568
bakery,qwen3,1000794499,2,함께 조각,0.2244301407271301
bakery,qwen3,1000637683,1,함께 진열,0.186361128551816
bakery,qwen3,1001493094,2,함께 진열,0.30790622637430254
bakery,qwen3,5044137,2,함께 케이크,0.28240562015945436
bakery,qwen3,1000634077,1,항해 배,0.25771344231350574
bakery,qwen3,1000220024,1,햄 속,0.2822334883444732
bakery,qwen3,1000220024,2,햄 속,0.2142910132610793
bakery,qwen3,5007270,2,햄 치즈,0.17922630514067597
bakery,qwen3,1000831954,2,향 나다,0.1738782264841035
bakery,qwen3,1000635372,2,향 느끼다,0.20345072259304453
bakery,qwen3,1000831954,2,허브 향,0.1738782264841035
bakery,qwen3,1000128336,1,호두 듬뿍,0.2564171731137346
bakery,qwen3,1000128336,2,호두 듬뿍,0.2489333411171817
bakery,qwen3,1000831954,2,호박 들어가다,0.1738782264841035
bakery,qwen3,1000229955,2,혼합 쿠키,0.20047030359119772
bakery,qwen3,1000128336,2,황금빛 갈색,0.120216055288005
bakery,qwen3,1000196053,1,황금빛 갈색,0.14678764189802138
bakery,qwen3,1000196053,2,황금빛 갈색,0.12424271721184194
bakery,qwen3,1000217187,1,황금빛 갈색,0.12640755212517665
bakery,qwen3,1000217187,2,황금빛 갈색,0.14761976136757582
bakery,qwen3,1000220024,1,황금빛 갈색,0.1362975183905724
bakery,qwen3,1000220024,2,황금빛 갈색,0.10348642002836336
bakery,qwen3,1000659491,1,황금빛 갈색,0.10269973269149198
bakery,qwen3,1000659491,2,황금빛 갈색,0.09335716797499914
bakery,qwen3,1000794499,2,황금빛 갈색,0.09945443073175073
bakery,qwen3,1000831954,1,황금빛 갈색,0.09636450932190103
bakery,qwen3,1000894225,1,황금빛 갈색,0.14661532167209457
bakery,qwen3,1000894225,2,황금빛 갈색,0.11871628569561454
bakery,qwen3,1001556191,2,황금빛 갈색,0.1401724945179252
bakery,qwen3,1001737663,2,황금빛 갈색,0.10248148260306422
bakery,qwen3,1002104461,2,황금빛 갈색,0.08622935777121594
bakery,qwen3,5003416,2,황금빛 갈색,0.09284860509394981
bakery,qwen3,5044138,2,황금빛 갈색,0.10314197214051084
bakery,qwen3,5052041,1,황금빛 갈색,0.11861874447469213
bakery,qwen3,5063069,1,황금빛 갈색,0.09994089960193481
bakery,qwen3,5074339,1,황금빛 갈색,0.13256592902389114
bakery,qwen3,5097791,1,황금빛 갈색,0.11308180762766941
bakery,qwen3,5097791,2,황금빛 갈색,0.08778251802147971
bakery,qwen3,5122986,1,황금빛 갈색,0.08535320099959871
bakery,qwen3,5122986,2,황금빛 갈색,0.09635090300677264
bakery,qwen3,5128440,1,황금빛 갈색,0.11421269446778012
bakery,qwen3,5131242,1,황금빛 갈색,0.10577699656016455
bakery,qwen3,5131242,2,황금빛 갈색,0.11099813666816313
bakery,qwen3,5138995,1,황금빛 갈색,0.1007421722669509
bakery,qwen3,5138995,2,황금빛 갈색,0.1326934220853587
bakery,qwen3,1000447291,1,황금빛 껍질,0.21922942008936722
bakery,qwen3,5052044,2,황금빛 껍질,0.19491671020770485
bakery,qwen3,1000794499,1,황금빛 노란색,0.1930067786728256
bakery,qwen3,5097791,2,황금빛 캐러멜,0.19809115318431952
bakery,qwen3,5063069,2,황금빛 페이스트리,0.36451497490219625
bakery,qwen3,1000635372,2,황록색 띠다,0.20345072259304453
bakery,qwen3,1001493094,1,회색 Nuts_Green,0.3161429803155323
bakery,qwen3,1000400055,1,회색 누,0.2191993030295997
bakery,qwen3,1001194675,1,회색 땅콩,0.4021592828515901
bakery,qwen3,5074339,2,회색 배경,0.3711829604246189
bakery,qwen3,5122986,1,회색 열리다,0.1926091253140669
bakery,qwen3,1000321559,1,회색 옆,0.2789924724712701
bakery,qwen3,5131242,2,회색 올리브,0.2504798152238798
bakery,qwen3,1001493094,2,회색 제품,0.33554820665129437
bakery,qwen3,5025646,1,회색 진열,0.19449603266104687
bakery,qwen3,1000321559,2,회색 질감,0.23621596715454624
bakery,qwen3,1000234669,1,회색 필라델피아,0.32016088796075093
bakery,qwen3,5116362,1,회색 희다,0.2719164919809732
bakery,qwen3,5131242,2,흩뿌리다 직사각형,0.2504798152238798
bakery,qwen3,5131242,1,흩뿌리다 황금빛,0.23869772366121506
bakery,qwen3,1000635372,2,흩어지다 고소하다,0.20345072259304453
bakery,qwen3,1000659491,1,흩어지다 옆,0.23175353064719564
bakery,qwen3,1000321559,2,흩어지다 회색,0.23621596715454624
bakery,qwen3,5012764,1,희다 꽃,0.25395510246980435
bakery,qwen3,5012764,2,희다 꽃,0.18217908802400853
bakery,qwen3,1000794499,2,희다 나무,0.20594190744031424
bakery,qwen3,5044137,2,희다 나무,0.25914144998115374
bakery,qwen3,5044138,2,희다 담기다,0.23275149384549795
bakery,qwen3,1001556191,2,희다 담다,0.3163150443802963
bakery,qwen3,1000447291,1,희다 빵,0.1716203784400791
bakery,qwen3,1000447291,2,희다 빵,0.22292251577278208
bakery,qwen3,1000894225,1,희다 빵,0.23766759571086554
bakery,qwen3,1000894225,2,희다 빵,0.19244246693468953
bakery,qwen3,5128440,2,희다 빵,0.20813809654228194
bakery,qwen3,5138995,1,희다 빵,0.16330591916528991
bakery,qwen3,5138995,2,희다 빵,0.21509980153511285
bakery,qwen3,1000447291,1,희다 식탁보,0.20526545263320223
bakery,qwen3,1000447291,2,희다 식탁보,0.266625044870232
bakery,qwen3,5138995,1,희다 식탁보,0.19532099695752728
bakery,qwen3,5116362,1,희다 정사각형,0.2719164919809732
bakery,qwen3,5012764,2,희다 조각,0.19853403744266143
bakery,qwen3,5063069,2,희다 크리미,0.36451497490219625
bakery,qwen3,5044137,2,희다 크림,0.28240562015945436
bakery,qwen3,1000637683,2,흰색 2개,0.22504776664648954
bakery,qwen3,1001194675,2,흰색 2개,0.19305472398557483
bakery,qwen3,1000831954,1,흰색 가루,0.21745738454376032
bakery,qwen3,1002104461,1,흰색 가지런히,0.21188378493442572
bakery,qwen3,5115048,2,흰색 각각,0.15664946527340226
bakery,qwen3,1002202568,2,흰색 넛츠_그린,0.25933010315837035
bakery,qwen3,5074339,2,흰색 노릇노릇,0.3711829604246189
bakery,qwen3,5122986,1,흰색 녹색,0.1767422616635842
bakery,qwen3,5122986,2,흰색 녹색,0.19951538209827294
bakery,qwen3,1000321559,2,흰색 눈,0.23621596715454624
bakery,qwen3,1000634077,1,흰색 다양,0.25771344231350574
bakery,qwen3,1001501168,2,흰색 담기다,0.1991589190982591
bakery,qwen3,1001737663,2,흰색 담기다,0.1986932076337868
bakery,qwen3,1001737665,1,흰색 담기다,0.2637058143425225
bakery,qwen3,1001737663,2,흰색 대리석,0.1986932076337868
bakery,qwen3,1001737665,1,흰색 대리석,0.2637058143425225
bakery,qwen3,1001737665,2,흰색 대리석,0.18286287715323932
bakery,qwen3,5040946,2,흰색 무늬,0.24062460302755292
bakery,qwen3,1001737663,1,흰색 무스,0.20103764392787923
bakery,qwen3,1002104461,2,흰색 바삭바삭,0.1945862718937246
bakery,qwen3,1001737663,1,흰색 분홍색,0.20103764392787923
bakery,qwen3,1002104461,1,흰색 상자,0.15795416336702556
bakery,qwen3,5044137,1,흰색 상자,0.1424717315698009
bakery,qwen3,5074339,1,흰색 상자,0.22300896439209525
bakery,qwen3,5132010,1,흰색 상자,0.1252402074108019
bakery,qwen3,5132010,2,흰색 상자,0.1762984445737393
bakery,qwen3,5138995,1,흰색 상자,0.16947346632190735
bakery,qwen3,1002104461,2,흰색 속,0.1945862718937246
bakery,qwen3,1000234669,2,흰색 스프레드,0.2552683125197819
bakery,qwen3,1000400055,2,흰색 아이싱,0.2093351649808741
bakery,qwen3,5012764,1,흰색 연하다,0.2767536733735905
bakery,qwen3,1000352096,1,흰색 옆,0.2828688134519844
bakery,qwen3,1002202568,2,흰색 옆,0.222809399457372
bakery,qwen3,5044138,1,흰색 옆,0.21386056633137773
bakery,qwen3,1001737665,2,흰색 올리다,0.2128359436876393
bakery,qwen3,1000870987,2,흰색 원,0.15978766198215996
bakery,qwen3,1000635372,2,흰색 주변,0.20345072259304453
bakery,qwen3,5007270,1,흰색 주전자,0.18037454672811834
bakery,qwen3,5043336,2,흰색 진열,0.2020222553896969
bakery,qwen3,1000634077,2,흰색 진열대,0.26726124191242434
bakery,qwen3,5007270,1,흰색 층,0.18037454672811834
bakery,qwen3,1001737663,2,흰색 케이크,0.2312610247055382
bakery,qwen3,1000400055,2,흰색 크림,0.2093351649808741
bakery,qwen3,1001556191,1,흰색 타원,0.24986456093221948
bakery,qwen3,5115048,1,흰색 표면,0.15860055169160955
bakery,qwen3,1000400055,1,흰색 함께,0.2191993030295997
bakery,qwen3,5074339,1,흰색 황금빛,0.29914997137434124
convenience_meals,hyperclovax,1000170826,2,1개 반,0.20971601384113556
convenience_meals,hyperclovax,1000165839,1,1개 크다,0.4472135954999579
convenience_meals,hyperclovax,1001485256,1,210g 6개입,0.5773502691896257
convenience_meals,hyperclovax,1000170826,2,2개 담기다,0.1800618167432013
convenience_meals,hyperclovax,1001861172,1,2개 담기다,0.6026547910866942
convenience_meals,hyperclovax,5156742,1,2개 담기다,0.6026547910866942
convenience_meals,hyperclovax,1001150374,2,3개 랩,0.7071067811865476
convenience_meals,hyperclovax,1000029142,1,3개 샌드위치,0.38232008685907065
convenience_meals,hyperclovax,1000170826,2,3개 콘도그,0.20971601384113556
convenience_meals,hyperclovax,5009669,2,4개 담기다,0.5773502691896258
convenience_meals,hyperclovax,5063596,2,4개 담기다,0.48862072661799977
convenience_meals,hyperclovax,5136646,1,4개 샌드위치,1.0
convenience_meals,hyperclovax,5136646,2,4개 샌드위치,0.7071067811865475
convenience_meals,hyperclovax,5135831,1,4개 용기,0.31622776601683794
convenience_meals,hyperclovax,5135831,2,4개 포장,0.5773502691896257
convenience_meals,hyperclovax,1000185462,1,6 가지,0.42388738475590515
convenience_meals,hyperclovax,1000185462,2,6 가지,0.3548333305092751
convenience_meals,hyperclovax,1001485256,1,6개입 상자,0.5773502691896257
convenience_meals,hyperclovax,1001485256,2,6개입 상품,0.43823154390793634
convenience_meals,hyperclovax,1000202889,2,6개입 제품,0.43823154390793634
convenience_meals,hyperclovax,1000165839,2,6개입 햇반_작은공기,0.7071067811865476
convenience_meals,hyperclovax,1000308975,1,99 닭,0.31622776601683794
convenience_meals,hyperclovax,5063596,1,Granola_House 브랜드,0.21687214930631835
convenience_meals,hyperclovax,1000185462,2,가지 맛,0.38682983729784626
convenience_meals,hyperclovax,1000185462,1,가지 종류,0.46211072630182415
convenience_meals,hyperclovax,5135831,1,각각 종류,0.31622776601683794
convenience_meals,hyperclovax,1001207466,1,갈비 담기다,0.34506799660967974
convenience_meals,hyperclovax,1001837821,1,갈색 소스,0.3221361295440533
convenience_meals,hyperclovax,1001837821,2,갈색 소스,0.3402750498129632
convenience_meals,hyperclovax,1001929136,1,갈색 소스,0.35923632007363687
convenience_meals,hyperclovax,5060255,1,갈색 소스,0.28560682432476575
convenience_meals,hyperclovax,1001837821,1,감자 담기다,0.363422763019589
convenience_meals,hyperclovax,1001837821,2,감자 담기다,0.38388646118237996
convenience_meals,hyperclovax,1000308975,1,강정 조각,0.31622776601683794
convenience_meals,hyperclovax,1000308975,1,강정 포장,0.31622776601683794
convenience_meals,hyperclovax,1000572062,1,검은색 냄비,0.5600261332726177
convenience_meals,hyperclovax,1000572062,2,검은색 냄비,0.45114966961498654
convenience_meals,hyperclovax,5037794,1,검은색 노릇노릇,0.7071067811865476
convenience_meals,hyperclovax,5037794,2,검은색 담기다,0.7071067811865476
convenience_meals,hyperclovax,1001706193,2,검은색 뚝배기,0.5343311666440289
convenience_meals,hyperclovax,1000811962,1,검은색 프라이팬,0.501621980012618
convenience_meals,hyperclovax,1000811962,2,검은색 프라이팬,0.5475033752452566
convenience_meals,hyperclovax,5072582,2,계란 샐러드,0.29188912369153747
convenience_meals,hyperclovax,1001861172,2,고기 들어가다,0.33093597479037135
convenience_meals,hyperclovax,1002382999,1,고기 들어가다,0.42782567166115426
convenience_meals,hyperclovax,5060255,1,고기 색,0.35126657595055105
convenience_meals,hyperclovax,1002382999,2,고기 파,0.42782567166115426
convenience_meals,hyperclovax,5073094,2,고기 파,0.4680141438257039
convenience_meals,hyperclovax,1000942597,1,고추 들어가다,0.38682983729784626
convenience_meals,hyperclovax,1001191650,2,곤약 젤리,0.4174941005914235
convenience_meals,hyperclovax,1000202889,2,골든 퀴,0.40198336132831824
convenience_meals,hyperclovax,1001485256,2,골든 퀴,0.40198336132831824
convenience_meals,hyperclovax,1001485256,1,골든콘샌드밥 210g,0.5773502691896257
convenience_meals,hyperclovax,1000165839,1,공기 1개,0.4472135954999579
convenience_meals,hyperclovax,1001191650,1,과자 패키지,0.4137529159714747
convenience_meals,hyperclovax,5066426,2,구성 여러개,0.3939509858873593
convenience_meals,hyperclovax,5088325,2,국물 담기다,0.536489476946336
convenience_meals,hyperclovax,1001861172,2,국물 면,0.3607775771808935
convenience_meals,hyperclovax,1000572062,2,국물 요리,0.3303510441324296
convenience_meals,hyperclovax,1001207466,2,국물 요리,0.31048941154738857
convenience_meals,hyperclovax,1001861172,1,국물 요리,0.471452630048279
convenience_meals,hyperclovax,1002382999,1,국물 요리,0.3132722173121269
convenience_meals,hyperclovax,1002382999,2,국물 요리,0.3132722173121269
convenience_meals,hyperclovax,5090388,1,국물 요리,0.2315201685338336
convenience_meals,hyperclovax,5090388,2,국물 요리,0.564315717312272
convenience_meals,hyperclovax,5156742,1,국물 요리,0.471452630048279
convenience_meals,hyperclovax,5156742,2,국물 요리,0.564315717312272
convenience_meals,hyperclovax,5073094,2,국수 고기,0.5102165426493257
convenience_meals,hyperclovax,5090388,1,국수 만두,0.3446905263936516
convenience_meals,hyperclovax,5073094,1,국수 요리,0.7071067811865476
convenience_meals,hyperclovax,5088325,1,국수 요리,0.7071067811865476
convenience_meals,hyperclovax,5088325,2,국수 요리,0.46062896253475727
convenience_meals,hyperclovax,5063596,1,그라놀라 제품,0.4337442986126367
convenience_meals,hyperclovax,1000619042,1,그리다 포장지,0.28103756624046455
convenience_meals,hyperclovax,1001401863,1,김치 들어가다,0.6044319914118393
convenience_meals,hyperclovax,1001401863,2,김치 섞이다,0.47682420237809847
convenience_meals,hyperclovax,1001946226,2,깨 뿌리다,0.3607775771808935
convenience_meals,hyperclovax,1001929136,1,나다 갈색,0.4418231686433851
convenience_meals,hyperclovax,1001929136,2,나다 소스,0.47342594763197393
convenience_meals,hyperclovax,1000308975,2,나다 양념,0.5286195409726411
convenience_meals,hyperclovax,5066426,1,나란히 배열,0.39027280401847053
convenience_meals,hyperclovax,5066426,2,나란히 배열,0.36136545556125954
convenience_meals,hyperclovax,5063596,1,나란히 제품,0.21687214930631835
convenience_meals,hyperclovax,1000832403,2,나무 숟가락,0.38232008685907065
convenience_meals,hyperclovax,1001946226,2,나물 무침,0.3607775771808935
convenience_meals,hyperclovax,1001946226,1,나물 반찬,0.46211072630182415
convenience_meals,hyperclovax,1002361676,1,난 나오다,0.5102165426493257
convenience_meals,hyperclovax,1001207466,1,냄비 닭갈비,0.34506799660967974
convenience_meals,hyperclovax,1000572062,1,냄비 담기다,0.5600261332726177
convenience_meals,hyperclovax,1000572062,2,냄비 담기다,0.45114966961498654
convenience_meals,hyperclovax,1000185462,1,냉동 주먹밥,0.46211072630182415
convenience_meals,hyperclovax,1001931649,2,너겟 담기다,0.5102165426493256
convenience_meals,hyperclovax,1002382999,2,넣다 국물,0.4664041416937864
convenience_meals,hyperclovax,1000170826,2,노란색 배경,0.20971601384113556
convenience_meals,hyperclovax,5037794,1,노릇노릇 전,0.7071067811865476
convenience_meals,hyperclovax,1000127954,1,다양 맛,0.44413743700884106
convenience_meals,hyperclovax,1001191650,2,다양 맛,0.35845973254577995
convenience_meals,hyperclovax,5063596,1,다양 맛,0.18620606261703984
convenience_meals,hyperclovax,5009669,2,다양 샐러드,0.5773502691896258
convenience_meals,hyperclovax,5066426,1,다양 샐러드,0.39027280401847053
convenience_meals,hyperclovax,1001207466,2,다양 재료,0.3586607928767611
convenience_meals,hyperclovax,1001866269,1,다양 재료,0.6704649252563856
convenience_meals,hyperclovax,1001866269,2,다양 재료,0.37247097419673575
convenience_meals,hyperclovax,5009669,1,다양 재료,0.37247097419673575
convenience_meals,hyperclovax,5066426,2,다양 재료,0.30566012353411703
convenience_meals,hyperclovax,1001191650,1,다양 종류,0.3795294753052908
convenience_meals,hyperclovax,5063596,2,다양 종류,0.48862072661799977
convenience_meals,hyperclovax,1001861172,2,다양 채소,0.3607775771808935
convenience_meals,hyperclovax,5072582,1,달걀 샐러드,0.7797639305152352
convenience_meals,hyperclovax,5063596,1,달리다 여러개,0.21687214930631835
convenience_meals,hyperclovax,1001207466,1,닭 갈비,0.34506799660967974
convenience_meals,hyperclovax,1000308975,1,닭 강정,0.6324555320336759
convenience_meals,hyperclovax,1001529704,2,닭 튀김,0.44536302894932617
convenience_meals,hyperclovax,1001207466,1,닭갈비 재료,0.34506799660967974
convenience_meals,hyperclovax,1002309661,1,닭고기 요리,0.5267608896132672
convenience_meals,hyperclovax,1002309661,2,닭고기 요리,0.5267608896132672
convenience_meals,hyperclovax,5049405,2,닭고기 요리,0.6130077397858985
convenience_meals,hyperclovax,5050290,1,닭고기 요리,0.4303588586672179
convenience_meals,hyperclovax,5050290,2,닭고기 요리,0.4303588586672179
convenience_meals,hyperclovax,1000811962,2,담기다 검은색,0.5968735836122593
convenience_meals,hyperclovax,1001861172,1,담기다 국물,0.6438475133141491
convenience_meals,hyperclovax,5156742,1,담기다 국물,0.6438475133141491
convenience_meals,hyperclovax,5073094,1,담기다 국수,0.7071067811865476
convenience_meals,hyperclovax,5088325,1,담기다 국수,0.7071067811865476
convenience_meals,hyperclovax,5088325,2,담기다 국수,0.46062896253475727
convenience_meals,hyperclovax,1001207466,1,담기다 냄비,0.28056690113799326
convenience_meals,hyperclovax,1001207466,2,담기다 냄비,0.37585390306598254
convenience_meals,hyperclovax,1001706193,1,담기다 냄비,0.5016857971197105
convenience_meals,hyperclovax,1002361676,2,담기다 냄비,0.4167186551537525
convenience_meals,hyperclovax,5009669,2,담기다 다양,0.5773502691896258
convenience_meals,hyperclovax,5063596,2,담기다 다양,0.48862072661799977
convenience_meals,hyperclovax,5072582,1,담기다 달걀,0.3898819652576176
convenience_meals,hyperclovax,5049405,2,담기다 닭고기,0.7900769019295426
convenience_meals,hyperclovax,5088325,2,담기다 담기다,0.536489476946336
convenience_meals,hyperclovax,1001422945,1,담기다 떡볶이,0.5
convenience_meals,hyperclovax,1001150374,1,담기다 랩,0.5
convenience_meals,hyperclovax,1000765126,1,담기다 만두,0.5773502691896257
convenience_meals,hyperclovax,1001502057,1,담기다 반찬,0.41749410059142344
convenience_meals,hyperclovax,1000832403,2,담기다 밥,0.38232008685907065
convenience_meals,hyperclovax,5135831,1,담기다 상단,0.31622776601683794
convenience_meals,hyperclovax,1000169817,1,담기다 상온,0.38682983729784626
convenience_meals,hyperclovax,1000572062,2,담기다 소고기,0.49183134246059934
convenience_meals,hyperclovax,5049405,1,담기다 요리,1.0
convenience_meals,hyperclovax,5009669,1,담기다 용기,0.48006035528167595
convenience_meals,hyperclovax,5072582,2,담기다 우유,0.29188912369153747
convenience_meals,hyperclovax,1000572062,1,담기다 육개장,0.6105255605651905
convenience_meals,hyperclovax,1001502057,1,담기다 작다,0.41749410059142344
convenience_meals,hyperclovax,5037794,2,담기다 전,0.7071067811865476
convenience_meals,hyperclovax,5060255,1,담기다 짙다,0.35126657595055105
convenience_meals,hyperclovax,5060255,2,담기다 짜장면,1.0
convenience_meals,hyperclovax,1001946226,2,담기다 참기름,0.3607775771808935
convenience_meals,hyperclovax,5072582,2,담기다 컵,0.29188912369153747
convenience_meals,hyperclovax,1000170826,2,담기다 콘도그,0.20971601384113556
convenience_meals,hyperclovax,1001207466,1,담기다 포장,0.34506799660967974
convenience_meals,hyperclovax,1001866269,2,담기다 한국식,0.48006035528167595
convenience_meals,hyperclovax,5090388,1,담기다 함께,0.3446905263936516
convenience_meals,hyperclovax,1000811962,1,담기다 해산물,0.501621980012618
convenience_meals,hyperclovax,1001706193,2,담기다 해산물,0.4901341343770818
convenience_meals,hyperclovax,1000202889,1,담기다 흰색,0.2097487160678882
convenience_meals,hyperclovax,1000619042,1,담기다 흰색,0.2285052216900916
convenience_meals,hyperclovax,1001401863,2,담기다 흰색,0.3876948606165399
convenience_meals,hyperclovax,1001837821,1,담기다 흰색,0.3221361295440533
convenience_meals,hyperclovax,1000202889,1,동일 상자,0.25796902254482523
convenience_meals,hyperclovax,1002382999,2,두부 고기,0.4664041416937864
convenience_meals,hyperclovax,1002382999,1,두부 파,0.4664041416937864
convenience_meals,hyperclovax,1000832403,2,들다 나무,0.38232008685907065
convenience_meals,hyperclovax,1000169817,2,들다 상온,0.5102165426493257
convenience_meals,hyperclovax,5009669,1,들다 샐러드,0.48006035528167595
convenience_meals,hyperclovax,1002382999,1,들어가다 국물,0.4664041416937864
convenience_meals,hyperclovax,1000619042,2,들어가다 만두,0.7071067811865476
convenience_meals,hyperclovax,1001207466,2,들어가다 보이다,0.4622610608124387
convenience_meals,hyperclovax,1001401863,1,들어가다 볶음밥,0.6044319914118393
convenience_meals,hyperclovax,1001861172,2,들어가다 음식,0.3607775771808935
convenience_meals,hyperclovax,1000942597,1,들어가다 파스타,0.38682983729784626
convenience_meals,hyperclovax,5063596,1,뚜껑 달리다,0.21687214930631835
convenience_meals,hyperclovax,1000202889,1,뚜껑 밥,0.25796902254482523
convenience_meals,hyperclovax,1001706193,2,뚝배기 담기다,0.5343311666440289
convenience_meals,hyperclovax,1000832403,2,뜨다 들다,0.38232008685907065
convenience_meals,hyperclovax,1001150374,2,랩 담기다,0.7071067811865476
convenience_meals,hyperclovax,1001150374,1,랩 여러개,0.5
convenience_meals,hyperclovax,1001150374,1,랩 포장지,0.5
convenience_meals,hyperclovax,1000619042,1,만두 그리다,0.28103756624046455
convenience_meals,hyperclovax,1000619042,1,만두 담기다,0.28103756624046455
convenience_meals,hyperclovax,1000765126,1,만두 만두,0.5773502691896257
convenience_meals,hyperclovax,5090388,1,만두 채소,0.3446905263936516
convenience_meals,hyperclovax,1000765126,1,만두 포장지,0.5773502691896257
convenience_meals,hyperclovax,1001207695,2,만들다 한우,0.5102165426493257
convenience_meals,hyperclovax,1001191650,2,맛 곤약,0.4174941005914235
convenience_meals,hyperclovax,1000127954,1,맛 버루카,0.5172819788881167
convenience_meals,hyperclovax,5063596,1,맛 이름,0.21687214930631835
convenience_meals,hyperclovax,1000185462,2,맛 해,0.38682983729784626
convenience_meals,hyperclovax,5050290,1,매콤하다 양념,0.508790035216172
convenience_meals,hyperclovax,5050290,2,매콤하다 양념,0.508790035216172
convenience_meals,hyperclovax,1001861172,2,면 다양,0.3607775771808935
convenience_meals,hyperclovax,1002066864,1,면 요리,0.5501113387078531
convenience_meals,hyperclovax,5060255,1,면 음식,0.35126657595055105
convenience_meals,hyperclovax,1000202889,1,명 적히다,0.23663119700697466
convenience_meals,hyperclovax,5063596,1,명 적히다,0.1989336385492262
convenience_meals,hyperclovax,5063596,1,명 함께,0.21687214930631835
convenience_meals,hyperclovax,1000202889,1,명 현제나_홀드큰쌀밥,0.25796902254482523
convenience_meals,hyperclovax,1000029142,2,모양 샌드위치,0.5102165426493257
convenience_meals,hyperclovax,1001946226,2,무침 담기다,0.3607775771808935
convenience_meals,hyperclovax,1001422945,1,미미네 엣날떡볶이,0.5
convenience_meals,hyperclovax,1000185462,2,반 브랜드,0.38682983729784626
convenience_meals,hyperclovax,1000170826,2,반 잘리다,0.4194320276822711
convenience_meals,hyperclovax,1001502057,1,반찬 식탁,0.41749410059142344
convenience_meals,hyperclovax,1001946226,1,반찬 올리다,0.46211072630182415
convenience_meals,hyperclovax,1001401863,2,밥 김치,0.47682420237809847
convenience_meals,hyperclovax,1000202889,1,밥 담기다,0.25796902254482523
convenience_meals,hyperclovax,1000169817,2,밥 들다,0.5102165426493257
convenience_meals,hyperclovax,1000832403,2,밥 뜨다,0.38232008685907065
convenience_meals,hyperclovax,1000832403,2,밥 밥,0.38232008685907065
convenience_meals,hyperclovax,1001502057,2,밥 새우,0.5
convenience_meals,hyperclovax,1001946226,1,밥 시금치,0.42388738475590515
convenience_meals,hyperclovax,1001946226,2,밥 시금치,0.33093597479037135
convenience_meals,hyperclovax,1000170826,2,배경 2개,0.20971601384113556
convenience_meals,hyperclovax,1000127954,1,버루카 포장,0.5172819788881167
convenience_meals,hyperclovax,5060255,1,버무리다 고기,0.35126657595055105
convenience_meals,hyperclovax,1002309661,1,버무리다 닭고기,0.5520122084035124
convenience_meals,hyperclovax,1002309661,2,버무리다 닭고기,0.5520122084035124
convenience_meals,hyperclovax,5050290,1,버무리다 닭고기,0.45098895658961746
convenience_meals,hyperclovax,5050290,2,버무리다 닭고기,0.45098895658961746
convenience_meals,hyperclovax,1001422945,2,버무리다 떡볶이,0.7900769019295426
convenience_meals,hyperclovax,1000942597,2,버무리다 파스타,0.5517523649911228
convenience_meals,hyperclovax,1000942597,1,버섯 붉다,0.38682983729784626
convenience_meals,hyperclovax,1001207695,1,보 주먹밥,0.6759723253723622
convenience_meals,hyperclovax,1001207695,2,보 주먹밥,0.4680141438257039
convenience_meals,hyperclovax,1001207466,2,보이다 국물,0.37585390306598254
convenience_meals,hyperclovax,5090388,1,보이다 국물,0.28025998873283414
convenience_meals,hyperclovax,5090388,2,보이다 국물,0.6831159357617101
convenience_meals,hyperclovax,5156742,2,보이다 국물,0.6831159357617101
convenience_meals,hyperclovax,1001706193,1,보이다 해산물,0.6170211533771904
convenience_meals,hyperclovax,1001401863,1,볶음밥 담기다,0.5189642911760273
convenience_meals,hyperclovax,1001401863,2,볶음밥 담기다,0.40940045814702286
convenience_meals,hyperclovax,1001502057,1,볶음밥 담기다,0.3584597325457799
convenience_meals,hyperclovax,1000029142,1,봉지 옆,0.38232008685907065
convenience_meals,hyperclovax,1000942597,1,붉다 고추,0.38682983729784626
convenience_meals,hyperclovax,1001861172,2,붉다 국물,0.3607775771808935
convenience_meals,hyperclovax,5066426,1,브랜드 다양,0.42546500652450114
convenience_meals,hyperclovax,1000202889,1,브랜드 명,0.23663119700697466
convenience_meals,hyperclovax,5063596,1,브랜드 명,0.1989336385492262
convenience_meals,hyperclovax,1000185462,2,브랜드 주먹밥,0.38682983729784626
convenience_meals,hyperclovax,1000832403,1,브랜드 현미밥,0.5773502691896257
convenience_meals,hyperclovax,1000029142,1,비닐 봉지,0.38232008685907065
convenience_meals,hyperclovax,5082274,1,비비고_왕교자 냉동식품,1.0
convenience_meals,hyperclovax,5082274,2,비비고_왕교자 냉동식품,1.0
convenience_meals,hyperclovax,5063596,1,빨간색 뚜껑,0.21687214930631835
convenience_meals,hyperclovax,1002066864,1,빨간색 소스,0.5501113387078531
convenience_meals,hyperclovax,5072582,2,빵 조각,0.29188912369153747
convenience_meals,hyperclovax,1001946226,2,뿌리다 양념장,0.3607775771808935
convenience_meals,hyperclovax,1001929136,1,뿌리다 튀김,0.40527790596769026
convenience_meals,hyperclovax,1001929136,2,뿌리다 튀김,0.43426667115757744
convenience_meals,hyperclovax,1000029142,2,삼각 모양,0.5102165426493257
convenience_meals,hyperclovax,5135831,1,상단 해당,0.31622776601683794
convenience_meals,hyperclovax,1000169817,1,상온 제품,0.3548333305092751
convenience_meals,hyperclovax,1000169817,2,상온 제품,0.4680141438257039
convenience_meals,hyperclovax,1000165839,1,상자 1개,0.4472135954999579
convenience_meals,hyperclovax,1000202889,1,상자 뚜껑,0.25796902254482523
convenience_meals,hyperclovax,1000202889,1,상자 옆,0.25796902254482523
convenience_meals,hyperclovax,1000169817,1,상자 형태,0.38682983729784626
convenience_meals,hyperclovax,5135831,1,상품 포장,0.31622776601683794
convenience_meals,hyperclovax,1000619042,2,새우 들어가다,0.7071067811865476
convenience_meals,hyperclovax,1000619042,1,새우 만두,0.5620751324809291
convenience_meals,hyperclovax,1001502057,1,새우 볶음밥,0.41749410059142344
convenience_meals,hyperclovax,1001502057,2,새우 채소,0.5
convenience_meals,hyperclovax,5060255,1,색 면,0.35126657595055105
convenience_meals,hyperclovax,1000029142,2,샌드위치 모습,0.4680141438257039
convenience_meals,hyperclovax,5136646,2,샌드위치 모습,0.7071067811865475
convenience_meals,hyperclovax,1002347378,1,샌드위치 제품,0.5932433350196217
convenience_meals,hyperclovax,1000029142,1,샌드위치 포장,0.3506966026417081
convenience_meals,hyperclovax,1002347378,1,샌드위치 포장,0.5441734015087415
convenience_meals,hyperclovax,5009669,1,샐러드 담기다,0.41217901358684905
convenience_meals,hyperclovax,5072582,1,샐러드 담기다,0.33475199959158336
convenience_meals,hyperclovax,5072582,2,샐러드 담기다,0.25061551064618803
convenience_meals,hyperclovax,5066426,2,샐러드 용기,0.3939509858873593
convenience_meals,hyperclovax,5066426,1,샐러드 팩,0.39027280401847053
convenience_meals,hyperclovax,5072582,1,샐러드 팩,0.35763300267694265
convenience_meals,hyperclovax,1001401863,2,섞이다 볶음밥,0.47682420237809847
convenience_meals,hyperclovax,1000572062,2,소고기 국물,0.49183134246059934
convenience_meals,hyperclovax,1001837821,1,소고기 조각,0.363422763019589
convenience_meals,hyperclovax,1001837821,2,소고기 조각,0.38388646118237996
convenience_meals,hyperclovax,1002066864,1,소스 면,0.5501113387078531
convenience_meals,hyperclovax,1000942597,2,소스 버무리다,0.4280956313982899
convenience_meals,hyperclovax,1001422945,2,소스 버무리다,0.6130077397858985
convenience_meals,hyperclovax,1002309661,1,소스 버무리다,0.5267608896132672
convenience_meals,hyperclovax,1002309661,2,소스 버무리다,0.5267608896132672
convenience_meals,hyperclovax,5060255,1,소스 버무리다,0.27254198833037335
convenience_meals,hyperclovax,1000942597,1,소스 버섯,0.38682983729784626
convenience_meals,hyperclovax,1001929136,1,소스 뿌리다,0.40527790596769026
convenience_meals,hyperclovax,1001929136,2,소스 뿌리다,0.43426667115757744
convenience_meals,hyperclovax,1001837821,1,소스 조리,0.363422763019589
convenience_meals,hyperclovax,1001837821,2,소스 조리,0.38388646118237996
convenience_meals,hyperclovax,1000170826,1,소시지 핫도그,0.5773502691896257
convenience_meals,hyperclovax,5072582,2,스크램블 에그,0.29188912369153747
convenience_meals,hyperclovax,1001946226,1,시금치 나물,0.42388738475590515
convenience_meals,hyperclovax,1001946226,2,시금치 나물,0.33093597479037135
convenience_meals,hyperclovax,1002361676,2,식 카레,0.5125204395120756
convenience_meals,hyperclovax,1002361676,1,식 커리,0.5102165426493257
convenience_meals,hyperclovax,1001191650,1,쌀 과자,0.4137529159714747
convenience_meals,hyperclovax,1000202889,2,쌀밥 6개입,0.40198336132831824
convenience_meals,hyperclovax,1001485256,2,쌀밥 6개입,0.40198336132831824
convenience_meals,hyperclovax,5063596,1,아래 다양,0.21687214930631835
convenience_meals,hyperclovax,1000170826,2,안 치즈,0.20971601384113556
convenience_meals,hyperclovax,5050290,1,양념 버무리다,0.508790035216172
convenience_meals,hyperclovax,5050290,2,양념 버무리다,0.508790035216172
convenience_meals,hyperclovax,1000308975,2,양념 치킨,0.5286195409726411
convenience_meals,hyperclovax,5073094,2,얹다 음식,0.5102165426493257
convenience_meals,hyperclovax,5072582,2,에그 올리다,0.29188912369153747
convenience_meals,hyperclovax,1001422945,1,엣날떡볶이 팩,0.5
convenience_meals,hyperclovax,5063596,1,여러개 그라놀라,0.21687214930631835
convenience_meals,hyperclovax,1001150374,1,여러개 랩,0.5
convenience_meals,hyperclovax,5066426,2,여러개 샐러드,0.3939509858873593
convenience_meals,hyperclovax,1000127954,2,여러개 토르티야,0.7071067811865476
convenience_meals,hyperclovax,1000202889,2,연제 골든,0.40198336132831824
convenience_meals,hyperclovax,1001485256,2,연제 골든,0.40198336132831824
convenience_meals,hyperclovax,5072582,2,옆 계란,0.29188912369153747
convenience_meals,hyperclovax,1000308975,1,옆 닭,0.31622776601683794
convenience_meals,hyperclovax,1000202889,1,옆 동일,0.25796902254482523
convenience_meals,hyperclovax,1000029142,1,옆 흰색,0.38232008685907065
convenience_meals,hyperclovax,1000170826,2,오른쪽 3개,0.20971601384113556
convenience_meals,hyperclovax,1001946226,1,올리다 모습,0.46211072630182415
convenience_meals,hyperclovax,5072582,2,올리다 옆,0.29188912369153747
convenience_meals,hyperclovax,1001502057,2,올리다 요리,0.5
convenience_meals,hyperclovax,1001529704,2,옷 입히다,0.44536302894932617
convenience_meals,hyperclovax,1000170826,2,왼쪽 전체,0.20971601384113556
convenience_meals,hyperclovax,1000811962,2,요리 담기다,0.32933530955872403
convenience_meals,hyperclovax,1001207466,2,요리 담기다,0.2550605249410836
convenience_meals,hyperclovax,1001529704,2,요리 담기다,0.24573674398081494
convenience_meals,hyperclovax,1001706193,1,요리 담기다,0.34045207918560705
convenience_meals,hyperclovax,1001929136,1,요리 담기다,0.2437835649129856
convenience_meals,hyperclovax,1001929136,2,요리 담기다,0.26122094409491303
convenience_meals,hyperclovax,1002066864,1,요리 담기다,0.303533433208207
convenience_meals,hyperclovax,1002309661,1,요리 담기다,0.3746043941562298
convenience_meals,hyperclovax,1002309661,2,요리 담기다,0.3746043941562298
convenience_meals,hyperclovax,1002361676,2,요리 담기다,0.2827920052691303
convenience_meals,hyperclovax,1002382999,1,요리 담기다,0.25734654138082586
convenience_meals,hyperclovax,1002382999,2,요리 담기다,0.25734654138082586
convenience_meals,hyperclovax,5050290,1,요리 담기다,0.30604838494968495
convenience_meals,hyperclovax,5050290,2,요리 담기다,0.30604838494968495
convenience_meals,hyperclovax,5090388,1,요리 담기다,0.19018895177903664
convenience_meals,hyperclovax,5090388,2,요리 담기다,0.46357349956909616
convenience_meals,hyperclovax,5156742,2,요리 담기다,0.46357349956909616
convenience_meals,hyperclovax,5135831,1,용기 각각,0.31622776601683794
convenience_meals,hyperclovax,5066426,2,용기 나란히,0.3939509858873593
convenience_meals,hyperclovax,1001207695,2,우리 만들다,0.5102165426493257
convenience_meals,hyperclovax,1001207695,1,우수 보,0.7369270081430599
convenience_meals,hyperclovax,5072582,2,우유 담기다,0.29188912369153747
convenience_meals,hyperclovax,1000308975,2,윤기 나다,0.45387184874491737
convenience_meals,hyperclovax,1001929136,1,윤기 나다,0.3793486294538801
convenience_meals,hyperclovax,1001929136,2,윤기 나다,0.4064827223378399
convenience_meals,hyperclovax,1001837821,1,으깨다 감자,0.363422763019589
convenience_meals,hyperclovax,1001837821,2,으깨다 감자,0.38388646118237996
convenience_meals,hyperclovax,1001861172,2,음식 담기다,0.33093597479037135
convenience_meals,hyperclovax,1002066864,2,음식 담기다,0.41688705078479515
convenience_meals,hyperclovax,1002066864,2,이름 음식,0.4544791488308225
convenience_meals,hyperclovax,5063596,1,이름 적히다,0.21687214930631835
convenience_meals,hyperclovax,1002361676,1,인도 식,0.4680141438257039
convenience_meals,hyperclovax,1002361676,2,인도 식,0.47012747459323195
convenience_meals,hyperclovax,1001529704,2,입히다 닭,0.44536302894932617
convenience_meals,hyperclovax,1000165839,1,작다 공기,0.4472135954999579
convenience_meals,hyperclovax,1001502057,1,작다 담기다,0.41749410059142344
convenience_meals,hyperclovax,1000170826,2,잘리다 안,0.20971601384113556
convenience_meals,hyperclovax,1000170826,2,잘리다 콘도그,0.20971601384113556
convenience_meals,hyperclovax,5066426,2,재료 구성,0.3939509858873593
convenience_meals,hyperclovax,1001207466,1,재료 담기다,0.2962748014872307
convenience_meals,hyperclovax,1001866269,1,재료 담기다,0.7419412267834624
convenience_meals,hyperclovax,1001866269,2,재료 담기다,0.41217901358684905
convenience_meals,hyperclovax,5009669,1,재료 들다,0.48006035528167595
convenience_meals,hyperclovax,1001207466,2,재료 들어가다,0.4622610608124387
convenience_meals,hyperclovax,1000202889,1,적히다 상자,0.25796902254482523
convenience_meals,hyperclovax,5063596,1,적히다 아래,0.21687214930631835
convenience_meals,hyperclovax,1001866269,2,전골 요리,0.48006035528167595
convenience_meals,hyperclovax,1000170826,2,전체 콘도그와,0.20971601384113556
convenience_meals,hyperclovax,5090388,1,제공 모습,0.3446905263936516
convenience_meals,hyperclovax,5063596,1,제품 Granola_House,0.21687214930631835
convenience_meals,hyperclovax,5063596,1,제품 나란히,0.21687214930631835
convenience_meals,hyperclovax,1001191650,1,제품 담기다,0.4137529159714747
convenience_meals,hyperclovax,1000202889,1,제품 명,0.23663119700697466
convenience_meals,hyperclovax,5063596,1,제품 명,0.1989336385492262
convenience_meals,hyperclovax,1000169817,1,제품 상자,0.38682983729784626
convenience_meals,hyperclovax,1001191650,2,제품 포장,0.4174941005914235
convenience_meals,hyperclovax,1001191650,2,젤리 제품,0.4174941005914235
convenience_meals,hyperclovax,1000029142,2,조각 삼각,0.5102165426493257
convenience_meals,hyperclovax,5072582,2,조각 스크램블,0.29188912369153747
convenience_meals,hyperclovax,1001837821,1,조각 으깨다,0.363422763019589
convenience_meals,hyperclovax,1001837821,2,조각 으깨다,0.38388646118237996
convenience_meals,hyperclovax,1000308975,1,조각 포크,0.31622776601683794
convenience_meals,hyperclovax,1001207466,1,조리 닭,0.34506799660967974
convenience_meals,hyperclovax,1001837821,1,조리 소고기,0.363422763019589
convenience_meals,hyperclovax,1001837821,2,조리 소고기,0.38388646118237996
convenience_meals,hyperclovax,5063596,2,종류 그래놀라,0.5326812898515338
convenience_meals,hyperclovax,1000185462,1,종류 냉동,0.46211072630182415
convenience_meals,hyperclovax,1001191650,1,종류 쌀,0.4137529159714747
convenience_meals,hyperclovax,5135831,1,종류 한식,0.31622776601683794
convenience_meals,hyperclovax,1001931649,2,종이 튀기다,0.5102165426493256
convenience_meals,hyperclovax,1000185462,1,주먹밥 제품,0.42388738475590515
convenience_meals,hyperclovax,1000185462,2,주먹밥 제품,0.3548333305092751
convenience_meals,hyperclovax,1000170826,2,중 1개,0.20971601384113556
convenience_meals,hyperclovax,5060255,1,짙다 갈색,0.35126657595055105
convenience_meals,hyperclovax,1002066864,2,짬뽕 피자,0.4544791488308225
convenience_meals,hyperclovax,1001946226,2,참기름 깨,0.3607775771808935
convenience_meals,hyperclovax,1001861172,2,채소 고기,0.3607775771808935
convenience_meals,hyperclovax,1001502057,2,채소 올리다,0.5
convenience_meals,hyperclovax,5090388,1,채소 함께,0.3446905263936516
convenience_meals,hyperclovax,1000170826,1,치즈 소시지,0.5773502691896257
convenience_meals,hyperclovax,1000170826,2,치즈 흐르다,0.20971601384113556
convenience_meals,hyperclovax,1001931649,2,치킨 너겟,0.5102165426493256
convenience_meals,hyperclovax,1000308975,2,치킨 담기다,0.48489494400397637
convenience_meals,hyperclovax,1001529704,1,치킨 담기다,0.7071067811865475
convenience_meals,hyperclovax,1001931649,1,치킨너겟 담기다,0.7071067811865476
convenience_meals,hyperclovax,1002361676,2,카레 요리,0.5125204395120756
convenience_meals,hyperclovax,1002361676,1,커리 난,0.5102165426493257
convenience_meals,hyperclovax,5072582,2,컵 모습,0.29188912369153747
convenience_meals,hyperclovax,1000170826,2,콘도그 오른쪽,0.20971601384113556
convenience_meals,hyperclovax,1000170826,2,콘도그 왼쪽,0.20971601384113556
convenience_meals,hyperclovax,1000170826,2,콘도그 중,0.20971601384113556
convenience_meals,hyperclovax,1000170826,2,콘도그와 반,0.20971601384113556
convenience_meals,hyperclovax,1000202889,2,퀴 쌀밥,0.40198336132831824
convenience_meals,hyperclovax,1001485256,2,퀴 쌀밥,0.40198336132831824
convenience_meals,hyperclovax,1000165839,1,크다 상자,0.4472135954999579
convenience_meals,hyperclovax,1000170826,1,크리미 치즈,0.5773502691896257
convenience_meals,hyperclovax,1000942597,1,크림 소스,0.3548333305092751
convenience_meals,hyperclovax,1000942597,2,크림 소스,0.5061143438514673
convenience_meals,hyperclovax,5066426,1,테스티 브랜드,0.42546500652450114
convenience_meals,hyperclovax,1000127954,2,토르티야 랩,0.7071067811865476
convenience_meals,hyperclovax,1000619042,1,통 새우,0.5620751324809291
convenience_meals,hyperclovax,1001529704,1,튀기다 치킨,0.7071067811865475
convenience_meals,hyperclovax,1001931649,2,튀기다 치킨,0.4680141438257038
convenience_meals,hyperclovax,1001931649,1,튀기다 치킨너겟,0.7071067811865476
convenience_meals,hyperclovax,1001529704,2,튀김 옷,0.44536302894932617
convenience_meals,hyperclovax,1001529704,2,튀김 요리,0.382387947558542
convenience_meals,hyperclovax,1001929136,1,튀김 요리,0.3793486294538801
convenience_meals,hyperclovax,1001929136,2,튀김 요리,0.4064827223378399
convenience_meals,hyperclovax,1002382999,1,파 고기,0.4664041416937864
convenience_meals,hyperclovax,1002382999,2,파 넣다,0.4664041416937864
convenience_meals,hyperclovax,5073094,2,파 얹다,0.5102165426493257
convenience_meals,hyperclovax,1000942597,1,파스타 담기다,0.3548333305092751
convenience_meals,hyperclovax,1000942597,2,파스타 담기다,0.5061143438514673
convenience_meals,hyperclovax,1001191650,1,패키지 제품,0.4137529159714747
convenience_meals,hyperclovax,5066426,1,팩 나란히,0.42546500652450114
convenience_meals,hyperclovax,1001422945,1,팩 담기다,0.5
convenience_meals,hyperclovax,1001191650,2,포장 모습,0.4174941005914235
convenience_meals,hyperclovax,5135831,1,포장 박스,0.31622776601683794
convenience_meals,hyperclovax,1000029142,1,포장 비닐,0.38232008685907065
convenience_meals,hyperclovax,1001207466,1,포장 상자,0.34506799660967974
convenience_meals,hyperclovax,1002347378,1,포장 샌드위치,0.5932433350196217
convenience_meals,hyperclovax,1000127954,1,포장 스낵,0.5172819788881167
convenience_meals,hyperclovax,1000308975,1,포장 옆,0.31622776601683794
convenience_meals,hyperclovax,5135831,2,포장 한식,0.5773502691896257
convenience_meals,hyperclovax,1000169817,1,포장지 담기다,0.38682983729784626
convenience_meals,hyperclovax,1000202889,1,포장지 한반,0.25796902254482523
convenience_meals,hyperclovax,1002066864,2,퓨전 짬뽕,0.4544791488308225
convenience_meals,hyperclovax,1000811962,1,프라이팬 담기다,0.5468549096974765
convenience_meals,hyperclovax,1002066864,2,피자 이름,0.4544791488308225
convenience_meals,hyperclovax,1001866269,2,한국식 전골,0.48006035528167595
convenience_meals,hyperclovax,1000202889,1,한반 브랜드,0.25796902254482523
convenience_meals,hyperclovax,5135831,1,한식 담기다,0.31622776601683794
convenience_meals,hyperclovax,5135831,2,한식 도시락,0.5773502691896257
convenience_meals,hyperclovax,1001207695,2,한우 보,0.5102165426493257
convenience_meals,hyperclovax,5090388,1,함께 국수,0.3446905263936516
convenience_meals,hyperclovax,5063596,1,함께 그라놀라,0.21687214930631835
convenience_meals,hyperclovax,5090388,1,함께 제공,0.3446905263936516
convenience_meals,hyperclovax,1000185462,2,해 반,0.38682983729784626
convenience_meals,hyperclovax,5135831,1,해당 상품,0.31622776601683794
convenience_meals,hyperclovax,1000811962,1,해산물 요리,0.44463522810974637
convenience_meals,hyperclovax,1000811962,2,해산물 요리,0.4853042686385217
convenience_meals,hyperclovax,1001706193,1,해산물 요리,0.5016857971197105
convenience_meals,hyperclovax,1001706193,2,해산물 요리,0.4344524588767919
convenience_meals,hyperclovax,1000832403,1,햇반 브랜드,0.5773502691896257
convenience_meals,hyperclovax,1000202889,2,햇반 연제,0.40198336132831824
convenience_meals,hyperclovax,1001485256,2,햇반 연제,0.40198336132831824
convenience_meals,hyperclovax,1000165839,2,햇반_작은공기 즉석밥,0.7071067811865476
convenience_meals,hyperclovax,1000832403,1,현미밥 상품,0.5773502691896257
convenience_meals,hyperclovax,1000202889,1,현제나_홀드큰쌀밥 제품,0.25796902254482523
convenience_meals,hyperclovax,1000169817,1,형태 포장재,0.38682983729784626
convenience_meals,hyperclovax,1000170826,2,흐르다 나오다,0.20971601384113556
convenience_meals,hyperclovax,1000169817,2,희다 밥,0.5102165426493257
convenience_meals,hyperclovax,1000832403,2,흰색 담기다,0.3506966026417081
convenience_meals,hyperclovax,5060255,1,흰색 담기다,0.32221167299758663
convenience_meals,hyperclovax,1000029142,1,흰색 샌드위치,0.38232008685907065
convenience_meals,hyperclovax,1000619042,1,흰색 통,0.28103756624046455
convenience_meals,hyperclovax,1000169817,1,흰색 포장지,0.3548333305092751
convenience_meals,hyperclovax,1000202889,1,흰색 포장지,0.23663119700697466
fruits_nuts_rice,hyperclovax,1001729429,1,10kg 용량,0.4774458793794849
fruits_nuts_rice,hyperclovax,5048547,1,10kg 용량,0.6310409173774254
fruits_nuts_rice,hyperclovax,5051038,1,10kg 용량,0.4986032317241233
fruits_nuts_rice,hyperclovax,5053663,1,10kg 용량,0.4251024710649901
fruits_nuts_rice,hyperclovax,1000048867,1,10kg 제품,0.7071067811865476
fruits_nuts_rice,hyperclovax,1000102438,2,12개 붉다,0.47559050498345734
fruits_nuts_rice,hyperclovax,5094562,2,12개 호두,0.37796447300922725
fruits_nuts_rice,hyperclovax,1000338204,1,1kg 제품,0.6043771357878994
fruits_nuts_rice,hyperclovax,5052626,1,20g 중량,0.10945859480309823
fruits_nuts_rice,hyperclovax,1002140343,1,3개 아보카도,1.0
fruits_nuts_rice,hyperclovax,1000030900,1,4kg 비단,0.5268482188383317
fruits_nuts_rice,hyperclovax,1000867509,1,4kg 쌀,0.34379917340490856
fruits_nuts_rice,hyperclovax,1000867509,2,4kg 쌀,0.6070049036269655
fruits_nuts_rice,hyperclovax,5070409,1,4kg 쌀,0.5875227586450489
fruits_nuts_rice,hyperclovax,1000118138,1,4kg 용량,0.5101959228436637
fruits_nuts_rice,hyperclovax,5051031,1,4kg 제품,0.5773502691896258
fruits_nuts_rice,hyperclovax,5063690,1,5개 방울토마토,0.6129416029746472
fruits_nuts_rice,hyperclovax,5045631,1,6 주,0.4174760221587593
fruits_nuts_rice,hyperclovax,5045631,2,6개 견과,0.408248290463863
fruits_nuts_rice,hyperclovax,1000867509,1,7 인,0.40028422715305884
fruits_nuts_rice,hyperclovax,1000867511,2,8kg 쌀,0.6645400378013467
fruits_nuts_rice,hyperclovax,1000867511,1,8kg 용량,0.5673996009734477
fruits_nuts_rice,hyperclovax,5052626,1,It's_Real_Seven 문구,0.21891718960619647
fruits_nuts_rice,hyperclovax,1000973922,1,가공 식품,0.386811864863217
fruits_nuts_rice,hyperclovax,1000908371,1,갈색 골판지,0.35949627424879554
fruits_nuts_rice,hyperclovax,1000908371,2,갈색 종이,0.3449605726835749
fruits_nuts_rice,hyperclovax,1000338204,2,건조 블루베리,0.5932109226861121
fruits_nuts_rice,hyperclovax,1000102438,1,검은색 상자,0.38840999040363394
fruits_nuts_rice,hyperclovax,1000102438,2,검은색 상자,0.4363326767311798
fruits_nuts_rice,hyperclovax,1000973922,1,견과 가공,0.386811864863217
fruits_nuts_rice,hyperclovax,5052626,1,견과 그림,0.10945859480309823
fruits_nuts_rice,hyperclovax,1000973922,1,견과 담기다,0.3548823086638737
fruits_nuts_rice,hyperclovax,1000973922,2,견과 담기다,0.5600646402074416
fruits_nuts_rice,hyperclovax,5045631,1,견과 들다,0.3585649935681058
fruits_nuts_rice,hyperclovax,5052626,1,견과 들다,0.09401263368036365
fruits_nuts_rice,hyperclovax,5052626,2,견과 들다,0.3724765922048505
fruits_nuts_rice,hyperclovax,5045631,2,견과 바,0.408248290463863
fruits_nuts_rice,hyperclovax,5045631,1,견과 제품,0.4174760221587593
fruits_nuts_rice,hyperclovax,5052626,1,견과 조금,0.10945859480309823
fruits_nuts_rice,hyperclovax,1000973922,2,견과 패키지,0.6104549103567095
fruits_nuts_rice,hyperclovax,5052626,1,견과 함께,0.10945859480309823
fruits_nuts_rice,hyperclovax,5061259,2,계피 나무,0.5
fruits_nuts_rice,hyperclovax,5051031,1,고시하리 쌀,0.5773502691896258
fruits_nuts_rice,hyperclovax,1000066062,2,곡물 담기다,0.5773502691896258
fruits_nuts_rice,hyperclovax,1000066062,1,곡물 들다,0.4472135954999579
fruits_nuts_rice,hyperclovax,1000908371,1,골판지 상자,0.35949627424879554
fruits_nuts_rice,hyperclovax,5036748,1,과일 담기다,0.3734038653159973
fruits_nuts_rice,hyperclovax,5068728,2,귤 귤,0.43099150548157356
fruits_nuts_rice,hyperclovax,5162187,1,귤 귤,0.42872593783273044
fruits_nuts_rice,hyperclovax,5162187,2,귤 담기다,0.5423736447777595
fruits_nuts_rice,hyperclovax,5034841,1,귤 반,0.5113333446397516
fruits_nuts_rice,hyperclovax,5162187,1,귤 반쪽,0.4672993707482378
fruits_nuts_rice,hyperclovax,5068728,2,귤 여러개,0.4697687765930156
fruits_nuts_rice,hyperclovax,5159977,2,그대로 복숭아,0.4137419195044107
fruits_nuts_rice,hyperclovax,5052626,1,그리다 20g,0.10945859480309823
fruits_nuts_rice,hyperclovax,5052626,1,그림 그리다,0.10945859480309823
fruits_nuts_rice,hyperclovax,5159977,2,껍질 그대로,0.4137419195044107
fruits_nuts_rice,hyperclovax,5031442,1,껍질 벗겨지다,0.3279835670496113
fruits_nuts_rice,hyperclovax,5159977,2,껍질 벗겨지다,0.379589410052531
fruits_nuts_rice,hyperclovax,1001303421,2,껍질 붉다,0.5
fruits_nuts_rice,hyperclovax,5025577,1,나무 도마,0.5336676880990124
fruits_nuts_rice,hyperclovax,5025577,2,나무 도마,0.40345327356830185
fruits_nuts_rice,hyperclovax,5056014,1,나무 도마,0.4986032317241233
fruits_nuts_rice,hyperclovax,5056014,2,나무 도마,0.6310409173774254
fruits_nuts_rice,hyperclovax,5052626,1,나무 무늬,0.10945859480309823
fruits_nuts_rice,hyperclovax,5031442,1,나무 반,0.35749298321633977
fruits_nuts_rice,hyperclovax,5027321,1,나무 붉은색,0.38744220344580743
fruits_nuts_rice,hyperclovax,5061259,2,나무 솔방울,0.5
fruits_nuts_rice,hyperclovax,5063578,1,나무 테이블,0.5932109226861121
fruits_nuts_rice,hyperclovax,5031442,2,나무 포크,0.49140168354300273
fruits_nuts_rice,hyperclovax,5063578,2,나무 표면,0.7071067811865476
fruits_nuts_rice,hyperclovax,5045631,2,날짜 적히다,0.408248290463863
fruits_nuts_rice,hyperclovax,1000032485,1,냉동 블루베리,0.6515540571231438
fruits_nuts_rice,hyperclovax,1000253378,1,냉동 블루베리,0.44425756238373504
fruits_nuts_rice,hyperclovax,1000338204,1,냉동 블루베리,0.5190920491335133
fruits_nuts_rice,hyperclovax,5027321,1,노란색 익다,0.38744220344580743
fruits_nuts_rice,hyperclovax,5159977,1,노란색 천,0.7071067811865476
fruits_nuts_rice,hyperclovax,1000253378,1,녹색 담기다,0.5172475932809681
fruits_nuts_rice,hyperclovax,5048580,2,녹색 포도,0.528559917084377
fruits_nuts_rice,hyperclovax,5003716,2,다발 반,0.42693087729485
fruits_nuts_rice,hyperclovax,5045631,1,다양 견과,0.4174760221587593
fruits_nuts_rice,hyperclovax,1000066062,1,다양 곡물,0.4472135954999579
fruits_nuts_rice,hyperclovax,1000102438,2,담기다 12개,0.47559050498345734
fruits_nuts_rice,hyperclovax,1000338204,2,담기다 건조,0.5932109226861121
fruits_nuts_rice,hyperclovax,1000973922,1,담기다 견과,0.3548823086638737
fruits_nuts_rice,hyperclovax,1000973922,2,담기다 견과,0.5600646402074416
fruits_nuts_rice,hyperclovax,5034841,1,담기다 귤,0.43917788735226326
fruits_nuts_rice,hyperclovax,5162187,1,담기다 귤,0.4013576516329901
fruits_nuts_rice,hyperclovax,5162187,2,담기다 귤,0.46583801734436214
fruits_nuts_rice,hyperclovax,1000253378,1,담기다 냉동,0.5172475932809681
fruits_nuts_rice,hyperclovax,1000066062,1,담기다 다양,0.4472135954999579
fruits_nuts_rice,hyperclovax,5063690,2,담기다 바구니,0.4853431296237078
fruits_nuts_rice,hyperclovax,1001234463,1,담기다 방울토마토,0.42393748259515857
fruits_nuts_rice,hyperclovax,1001234463,2,담기다 방울토마토,0.7071067811865475
fruits_nuts_rice,hyperclovax,1000102438,1,담기다 붉은색,0.42335610722662137
fruits_nuts_rice,hyperclovax,5035954,1,담기다 블루베리,0.7071067811865476
fruits_nuts_rice,hyperclovax,1000908371,1,담기다 사과,0.35949627424879554
fruits_nuts_rice,hyperclovax,5094562,2,담기다 상자,0.37796447300922725
fruits_nuts_rice,hyperclovax,5035954,2,담기다 요거트,0.5773502691896258
fruits_nuts_rice,hyperclovax,5036748,1,담기다 키위,0.34258107836018564
fruits_nuts_rice,hyperclovax,5036748,2,담기다 키위,0.41695059613467306
fruits_nuts_rice,hyperclovax,1000858612,1,담기다 파인애플,0.5
fruits_nuts_rice,hyperclovax,1000973922,1,담기다 패키지,0.386811864863217
fruits_nuts_rice,hyperclovax,5036748,1,담기다 포장,0.34258107836018564
fruits_nuts_rice,hyperclovax,5134096,1,담기다 포장,0.6122844028392348
fruits_nuts_rice,hyperclovax,1000122762,1,담기다 포장지,0.6104549103567095
fruits_nuts_rice,hyperclovax,1000032485,2,담기다 흰색,0.5347811497856277
fruits_nuts_rice,hyperclovax,5048580,2,담기다 흰색,0.45397357742774896
fruits_nuts_rice,hyperclovax,5121007,2,담기다 흰색,0.5190920491335133
fruits_nuts_rice,hyperclovax,5094562,1,데이츠 디저트,0.5
fruits_nuts_rice,hyperclovax,5056014,2,도마 복숭아,0.7757495475960378
fruits_nuts_rice,hyperclovax,5056014,1,도마 여러개,0.6129416029746472
fruits_nuts_rice,hyperclovax,5025577,1,도마 키위,0.6560469475259454
fruits_nuts_rice,hyperclovax,1000867509,1,들다 4kg,0.40028422715305884
fruits_nuts_rice,hyperclovax,5045631,1,들다 6,0.4174760221587593
fruits_nuts_rice,hyperclovax,1000144509,1,들다 포장,0.5798504816684564
fruits_nuts_rice,hyperclovax,5052626,1,들다 포장,0.10042328675870166
fruits_nuts_rice,hyperclovax,1001729429,1,들다 포장지,0.5041090694511043
fruits_nuts_rice,hyperclovax,5052626,2,들다 포장지,0.3724765922048505
fruits_nuts_rice,hyperclovax,5070409,1,들다 포장지,0.5875227586450489
fruits_nuts_rice,hyperclovax,5094562,2,들어가다 라즈베리,0.37796447300922725
fruits_nuts_rice,hyperclovax,5052626,1,디자인 견과,0.10945859480309823
fruits_nuts_rice,hyperclovax,5094562,1,디저트 상자,0.5
fruits_nuts_rice,hyperclovax,5094562,2,라즈베리 향,0.37796447300922725
fruits_nuts_rice,hyperclovax,5049631,2,멜론 단면,0.7368648832307405
fruits_nuts_rice,hyperclovax,5049631,1,멜론 멜론,0.676040046048566
fruits_nuts_rice,hyperclovax,5049631,2,멜론 멜론,0.676040046048566
fruits_nuts_rice,hyperclovax,5049631,1,멜론 반쪽,0.7368648832307405
fruits_nuts_rice,hyperclovax,5045631,2,목요일 일요일,0.408248290463863
fruits_nuts_rice,hyperclovax,5052626,1,무늬 디자인,0.10945859480309823
fruits_nuts_rice,hyperclovax,5052626,1,문구 적히다,0.21891718960619647
fruits_nuts_rice,hyperclovax,5162187,1,바구니 담기다,0.4672993707482378
fruits_nuts_rice,hyperclovax,5003716,2,바나나 1개,0.39168967949797984
fruits_nuts_rice,hyperclovax,5031442,1,바나나 1개,0.3279835670496113
fruits_nuts_rice,hyperclovax,5031442,1,바나나 껍질,0.35749298321633977
fruits_nuts_rice,hyperclovax,5031442,2,바나나 나무,0.49140168354300273
fruits_nuts_rice,hyperclovax,5003716,1,바나나 다발,0.5868076327161861
fruits_nuts_rice,hyperclovax,5003716,2,바나나 다발,0.39168967949797984
fruits_nuts_rice,hyperclovax,5031442,1,바나나 옆,0.35749298321633977
fruits_nuts_rice,hyperclovax,1001234463,1,바닥 방울토마토,0.462080087467443
fruits_nuts_rice,hyperclovax,5094562,2,바클라바 담기다,0.37796447300922725
fruits_nuts_rice,hyperclovax,5052626,1,박스 견과,0.10945859480309823
fruits_nuts_rice,hyperclovax,5036748,1,박스 담기다,0.3734038653159973
fruits_nuts_rice,hyperclovax,5052626,1,박스 옆,0.10945859480309823
fruits_nuts_rice,hyperclovax,5052626,1,박스 포장,0.3283757844092947
fruits_nuts_rice,hyperclovax,1000122762,2,반 잘리다,0.2773627979345842
fruits_nuts_rice,hyperclovax,1000908371,2,반 잘리다,0.21912924576733336
fruits_nuts_rice,hyperclovax,1001303421,1,반 잘리다,0.35262044304450774
fruits_nuts_rice,hyperclovax,1002140343,2,반 잘리다,0.40973898794359226
fruits_nuts_rice,hyperclovax,5003716,2,반 잘리다,0.2711992283889808
fruits_nuts_rice,hyperclovax,5025577,2,반 잘리다,0.3150562780213563
fruits_nuts_rice,hyperclovax,5031442,1,반 잘리다,0.2270902067731884
fruits_nuts_rice,hyperclovax,5031442,2,반 잘리다,0.31215300764922227
fruits_nuts_rice,hyperclovax,5034841,1,반 잘리다,0.32481419332920713
fruits_nuts_rice,hyperclovax,5063690,2,반 잘리다,0.308304433476099
fruits_nuts_rice,hyperclovax,5068728,2,반 잘리다,0.29841113985596035
fruits_nuts_rice,hyperclovax,5027321,2,반질반질 표면,0.5268482188383317
fruits_nuts_rice,hyperclovax,1001234463,1,방울토마토 3개,0.462080087467443
fruits_nuts_rice,hyperclovax,1001234463,1,방울토마토 바닥,0.462080087467443
fruits_nuts_rice,hyperclovax,5063690,1,배경 5개,0.6129416029746472
fruits_nuts_rice,hyperclovax,5162187,2,배경 귤,0.5423736447777595
fruits_nuts_rice,hyperclovax,5027321,1,배경 나무,0.38744220344580743
fruits_nuts_rice,hyperclovax,5003716,2,배경 바나나,0.42693087729485
fruits_nuts_rice,hyperclovax,5051038,1,배진주 쌀,0.6129416029746472
fruits_nuts_rice,hyperclovax,1000118138,1,백진주 쌀,0.5101959228436637
fruits_nuts_rice,hyperclovax,5031442,1,벗겨지다 바나나,0.35749298321633977
fruits_nuts_rice,hyperclovax,5159977,2,벗겨지다 복숭아,0.4137419195044107
fruits_nuts_rice,hyperclovax,5053663,1,보라색 포장,0.5225858427392381
fruits_nuts_rice,hyperclovax,5159977,2,복숭아 3개,0.4137419195044107
fruits_nuts_rice,hyperclovax,5027321,1,복숭아 8개,0.38744220344580743
fruits_nuts_rice,hyperclovax,5159977,2,복숭아 껍질,0.4137419195044107
fruits_nuts_rice,hyperclovax,5027321,2,복숭아 흰색,0.5268482188383317
fruits_nuts_rice,hyperclovax,5052626,1,봉투 나무,0.10945859480309823
fruits_nuts_rice,hyperclovax,5052626,1,봉투 아몬드,0.10945859480309823
fruits_nuts_rice,hyperclovax,5052626,1,봉투 포장,0.10945859480309823
fruits_nuts_rice,hyperclovax,5052626,1,봉투 회색,0.10945859480309823
fruits_nuts_rice,hyperclovax,1000102438,2,붉다 사과,0.4363326767311798
fruits_nuts_rice,hyperclovax,1000122762,2,붉다 사과,0.4005916464918468
fruits_nuts_rice,hyperclovax,1001303421,2,붉다 색,0.5
fruits_nuts_rice,hyperclovax,1001502284,1,붉다 체리,0.5101959228436637
fruits_nuts_rice,hyperclovax,5027321,1,붉은색 노란색,0.38744220344580743
fruits_nuts_rice,hyperclovax,1000102438,1,붉은색 사과,0.42335610722662137
fruits_nuts_rice,hyperclovax,1000338204,1,블루베리 1kg,0.6043771357878994
fruits_nuts_rice,hyperclovax,1000032485,2,블루베리 담기다,0.5712474872330642
fruits_nuts_rice,hyperclovax,1000253378,2,블루베리 담기다,0.676040046048566
fruits_nuts_rice,hyperclovax,1000253378,1,블루베리 숟가락,0.5172475932809681
fruits_nuts_rice,hyperclovax,1000032485,1,블루베리 제품,0.7586022084375783
fruits_nuts_rice,hyperclovax,1000030900,1,비단 쌀,0.5268482188383317
fruits_nuts_rice,hyperclovax,1001303421,1,사과 3개,0.5551068710459768
fruits_nuts_rice,hyperclovax,1001303421,2,사과 5개,0.5
fruits_nuts_rice,hyperclovax,5061259,2,사과 계피,0.5
fruits_nuts_rice,hyperclovax,1000122762,1,사과 담기다,0.5600646402074416
fruits_nuts_rice,hyperclovax,5061259,1,사과 담기다,1.0
fruits_nuts_rice,hyperclovax,1000122762,2,사과 모습,0.4366337741983693
fruits_nuts_rice,hyperclovax,1000122762,1,사과 사과,0.5600646402074416
fruits_nuts_rice,hyperclovax,1001303421,1,사과 사과,0.509285329243034
fruits_nuts_rice,hyperclovax,1000908371,2,사과 여러개,0.3449605726835749
fruits_nuts_rice,hyperclovax,1000908371,1,사과 옆,0.35949627424879554
fruits_nuts_rice,hyperclovax,1000102438,1,사과 정렬,0.42335610722662137
fruits_nuts_rice,hyperclovax,1000908371,1,사과 조각,0.35949627424879554
fruits_nuts_rice,hyperclovax,1000122762,2,사과 포장,0.4366337741983693
fruits_nuts_rice,hyperclovax,1000102438,1,상자 담기다,0.3636153259288374
fruits_nuts_rice,hyperclovax,1000102438,2,상자 담기다,0.4084788043122528
fruits_nuts_rice,hyperclovax,1000908371,1,상자 담기다,0.30876690497630005
fruits_nuts_rice,hyperclovax,1001303421,2,색 사과,0.5
fruits_nuts_rice,hyperclovax,5051031,2,손 쌀,0.7071067811865476
fruits_nuts_rice,hyperclovax,5061259,2,솔방울 모습,0.5
fruits_nuts_rice,hyperclovax,5048580,2,송이 담기다,0.528559917084377
fruits_nuts_rice,hyperclovax,5038123,2,송이 아래,0.5101959228436637
fruits_nuts_rice,hyperclovax,1000048867,1,시월미소미쌀 10kg,0.7071067811865476
fruits_nuts_rice,hyperclovax,1000973922,1,식품 담기다,0.386811864863217
fruits_nuts_rice,hyperclovax,5051031,1,쌀 4kg,0.5773502691896258
fruits_nuts_rice,hyperclovax,1000030900,2,쌀 담기다,0.6973172729993338
fruits_nuts_rice,hyperclovax,1000048867,2,쌀 담기다,0.6973172729993338
fruits_nuts_rice,hyperclovax,1000118138,2,쌀 담기다,0.6973172729993338
fruits_nuts_rice,hyperclovax,1000144509,2,쌀 담기다,0.6973172729993338
fruits_nuts_rice,hyperclovax,1001729429,2,쌀 담기다,0.6973172729993338
fruits_nuts_rice,hyperclovax,5048547,2,쌀 담기다,0.6973172729993338
fruits_nuts_rice,hyperclovax,5051038,2,쌀 담기다,0.6973172729993338
fruits_nuts_rice,hyperclovax,5053663,2,쌀 담기다,0.6973172729993338
fruits_nuts_rice,hyperclovax,5070409,2,쌀 담기다,0.6973172729993338
fruits_nuts_rice,hyperclovax,5134096,1,쌀 담기다,0.4239352382667636
fruits_nuts_rice,hyperclovax,5134096,2,쌀 담기다,0.6973172729993338
fruits_nuts_rice,hyperclovax,1000144509,1,쌀 들다,0.5141234920816924
fruits_nuts_rice,hyperclovax,1000867509,1,쌀 들다,0.32561504766215627
fruits_nuts_rice,hyperclovax,1001729429,1,쌀 들다,0.4774458793794849
fruits_nuts_rice,hyperclovax,5070409,1,쌀 들다,0.5564476760201477
fruits_nuts_rice,hyperclovax,5051031,2,쌀 모습,0.7071067811865476
fruits_nuts_rice,hyperclovax,1000118138,1,쌀 패키지,0.4680815750925338
fruits_nuts_rice,hyperclovax,1000867509,1,쌀 패키지,0.36724258885917194
fruits_nuts_rice,hyperclovax,1000030900,1,쌀 포장,0.4090145020908575
fruits_nuts_rice,hyperclovax,1000867509,2,쌀 포장,0.5486672518239565
fruits_nuts_rice,hyperclovax,1000867511,1,쌀 포장,0.4404962510652811
fruits_nuts_rice,hyperclovax,1000867511,2,쌀 포장,0.5159104709133768
fruits_nuts_rice,hyperclovax,5121007,1,쌀 포장,0.5159104709133768
fruits_nuts_rice,hyperclovax,5121007,2,쌀밥 담기다,0.6043771357878994
fruits_nuts_rice,hyperclovax,5038123,2,아래 포도,0.5101959228436637
fruits_nuts_rice,hyperclovax,5052626,1,아몬드 호두,0.10042328675870166
fruits_nuts_rice,hyperclovax,5052626,2,아몬드 호두,0.39787549997872784
fruits_nuts_rice,hyperclovax,1002140343,2,아보카도 3개,0.6450247909030167
fruits_nuts_rice,hyperclovax,1000867509,1,양 쌀,0.40028422715305884
fruits_nuts_rice,hyperclovax,1000032485,2,얼다 블루베리,0.6226439031773073
fruits_nuts_rice,hyperclovax,1000253378,2,얼음 블루베리,0.7368648832307405
fruits_nuts_rice,hyperclovax,1000066062,2,여러 종류,0.5773502691896258
fruits_nuts_rice,hyperclovax,5025577,2,여러개 나무,0.49597210866685865
fruits_nuts_rice,hyperclovax,5056014,1,여러개 복숭아,0.6129416029746472
fruits_nuts_rice,hyperclovax,1001882653,1,여러개 사과,0.7071067811865475
fruits_nuts_rice,hyperclovax,1001882653,2,여러개 사과,0.7071067811865475
fruits_nuts_rice,hyperclovax,1000908371,2,여러개 중,0.3449605726835749
fruits_nuts_rice,hyperclovax,1001502284,2,여러개 흰색,0.506105057386331
fruits_nuts_rice,hyperclovax,5068728,2,여러개 흰색,0.43099150548157356
fruits_nuts_rice,hyperclovax,1000763360,1,연두색 포도송이,1.0
fruits_nuts_rice,hyperclovax,5052626,1,옆 It's_Real_Seven,0.10945859480309823
fruits_nuts_rice,hyperclovax,5031442,1,옆 바나나,0.35749298321633977
fruits_nuts_rice,hyperclovax,5035954,2,옆 블루베리,0.5773502691896258
fruits_nuts_rice,hyperclovax,1000908371,1,옆 천,0.35949627424879554
fruits_nuts_rice,hyperclovax,5035954,2,요거트 옆,0.5773502691896258
fruits_nuts_rice,hyperclovax,1000066062,1,용기 담기다,0.4472135954999579
fruits_nuts_rice,hyperclovax,5051038,1,용량 배진주,0.6129416029746472
fruits_nuts_rice,hyperclovax,1000118138,1,용량 백진주,0.5101959228436637
fruits_nuts_rice,hyperclovax,5053663,1,용량 보라색,0.5225858427392381
fruits_nuts_rice,hyperclovax,1000867511,1,용량 쌀,0.520563350350233
fruits_nuts_rice,hyperclovax,1001729429,1,용량 쌀,0.5384839000603847
fruits_nuts_rice,hyperclovax,5048547,1,용량 여주쌀,0.7757495475960378
fruits_nuts_rice,hyperclovax,5121007,1,유기농 쌀,0.6645400378013467
fruits_nuts_rice,hyperclovax,5035954,1,유리 담기다,0.7071067811865476
fruits_nuts_rice,hyperclovax,5027321,1,익다 복숭아,0.38744220344580743
fruits_nuts_rice,hyperclovax,1000867509,1,인 양,0.40028422715305884
fruits_nuts_rice,hyperclovax,1000908371,2,일부 반,0.3449605726835749
fruits_nuts_rice,hyperclovax,5045631,2,일요일 날짜,0.408248290463863
fruits_nuts_rice,hyperclovax,1000908371,2,잘리다 갈색,0.3449605726835749
fruits_nuts_rice,hyperclovax,5034841,1,잘리다 귤,0.4691251079041838
fruits_nuts_rice,hyperclovax,5068728,2,잘리다 귤,0.43099150548157356
fruits_nuts_rice,hyperclovax,5003716,2,잘리다 바나나,0.3666856517403505
fruits_nuts_rice,hyperclovax,5031442,1,잘리다 바나나,0.3070463030781283
fruits_nuts_rice,hyperclovax,5031442,2,잘리다 바나나,0.4220588300804193
fruits_nuts_rice,hyperclovax,1000122762,2,잘리다 붉다,0.4366337741983693
fruits_nuts_rice,hyperclovax,1001303421,1,잘리다 사과,0.5551068710459768
fruits_nuts_rice,hyperclovax,1002140343,2,잘리다 아보카도,0.6450247909030167
fruits_nuts_rice,hyperclovax,5025577,2,잘리다 키,0.49597210866685865
fruits_nuts_rice,hyperclovax,5063690,2,잘리다 토마토,0.4853431296237078
fruits_nuts_rice,hyperclovax,1000908371,2,적갈색 사과,0.3449605726835749
fruits_nuts_rice,hyperclovax,5045631,2,적히다 6개,0.408248290463863
fruits_nuts_rice,hyperclovax,5052626,1,적히다 포장,0.21891718960619647
fruits_nuts_rice,hyperclovax,1000102438,1,정렬 모습,0.42335610722662137
fruits_nuts_rice,hyperclovax,1001502284,2,젖다 체리,0.551640463006943
fruits_nuts_rice,hyperclovax,1000858612,2,조각 파인애플,0.7071067811865476
fruits_nuts_rice,hyperclovax,5052626,1,조금 흩어지다,0.10945859480309823
fruits_nuts_rice,hyperclovax,1000066062,2,종류 곡물,0.5773502691896258
fruits_nuts_rice,hyperclovax,1000908371,2,종이 상자,0.3449605726835749
fruits_nuts_rice,hyperclovax,5045631,1,주 견과,0.4174760221587593
fruits_nuts_rice,hyperclovax,1000908371,2,중 일부,0.3449605726835749
fruits_nuts_rice,hyperclovax,5052626,1,중량 표시,0.10945859480309823
fruits_nuts_rice,hyperclovax,5003716,1,천 바나나,0.6396040298021882
fruits_nuts_rice,hyperclovax,5159977,1,천 복숭아,0.7071067811865476
fruits_nuts_rice,hyperclovax,1001502284,1,천 붉다,0.5101959228436637
fruits_nuts_rice,hyperclovax,1000908371,1,천 사과,0.35949627424879554
fruits_nuts_rice,hyperclovax,5068728,1,천 오렌지,0.7899014403380841
fruits_nuts_rice,hyperclovax,1001502284,1,체리 여러개,0.4680815750925338
fruits_nuts_rice,hyperclovax,1001502284,2,체리 여러개,0.506105057386331
fruits_nuts_rice,hyperclovax,1000763360,2,초록색 포도송이,1.0
fruits_nuts_rice,hyperclovax,5048580,1,초록색 포도송이,1.0
fruits_nuts_rice,hyperclovax,5052626,1,캐슈너트 견과,0.10945859480309823
fruits_nuts_rice,hyperclovax,5052626,2,캐슈넛 견과,0.43367324989966055
fruits_nuts_rice,hyperclovax,5025577,2,키 여러개,0.49597210866685865
fruits_nuts_rice,hyperclovax,5036748,2,키위 3개,0.45446457518241745
fruits_nuts_rice,hyperclovax,5025577,1,키위 과일,0.5336676880990124
fruits_nuts_rice,hyperclovax,5036748,1,키위 과일,0.6074979185008474
fruits_nuts_rice,hyperclovax,5132780,1,키위 과일,1.0
fruits_nuts_rice,hyperclovax,5132780,2,키위 과일,0.6310409173774254
fruits_nuts_rice,hyperclovax,5036748,2,키위 팩,0.45446457518241745
fruits_nuts_rice,hyperclovax,5094562,1,타무르 프리미엄,0.5
fruits_nuts_rice,hyperclovax,5132780,2,테이블 키위,0.7757495475960378
fruits_nuts_rice,hyperclovax,5063578,1,테이블 토마토,0.5932109226861121
fruits_nuts_rice,hyperclovax,5063578,1,토마토 담기다,0.5442440651139735
fruits_nuts_rice,hyperclovax,5063690,2,토마토 담기다,0.44528026666378995
fruits_nuts_rice,hyperclovax,5063690,2,토마토 토마토,0.4853431296237078
fruits_nuts_rice,hyperclovax,1000066062,1,투명 용기,0.4472135954999579
fruits_nuts_rice,hyperclovax,1001234463,1,파란색 담기다,0.42393748259515857
fruits_nuts_rice,hyperclovax,1001234463,2,파란색 담기다,0.7071067811865475
fruits_nuts_rice,hyperclovax,1000858612,1,파인애플 담기다,0.5
fruits_nuts_rice,hyperclovax,1000858612,1,파인애플 조각,0.5
fruits_nuts_rice,hyperclovax,1000973922,1,패키지 모습,0.386811864863217
fruits_nuts_rice,hyperclovax,5036748,2,팩 담기다,0.45446457518241745
fruits_nuts_rice,hyperclovax,5038123,2,포도 송이,0.4680815750925338
fruits_nuts_rice,hyperclovax,5048580,2,포도 송이,0.4849297053191983
fruits_nuts_rice,hyperclovax,5038123,2,포도 알,0.5101959228436637
fruits_nuts_rice,hyperclovax,1000030900,1,포장 모습,0.5268482188383317
fruits_nuts_rice,hyperclovax,5036748,1,포장 박스,0.34258107836018564
fruits_nuts_rice,hyperclovax,5052626,1,포장 박스,0.5021164337935082
fruits_nuts_rice,hyperclovax,1000144509,1,포장 봉지,0.6320209282916074
fruits_nuts_rice,hyperclovax,5052626,1,포장 봉투,0.43783437921239293
fruits_nuts_rice,hyperclovax,1000122762,2,포장 사과,0.4366337741983693
fruits_nuts_rice,hyperclovax,5053663,1,포장 쌀,0.5225858427392381
fruits_nuts_rice,hyperclovax,5134096,1,포장 용기,0.6673730019977614
fruits_nuts_rice,hyperclovax,1000867509,2,포장 제품,0.5748993770641654
fruits_nuts_rice,hyperclovax,1000867511,1,포장 제품,0.46155665295253384
fruits_nuts_rice,hyperclovax,1000867511,2,포장 제품,0.540576473924756
fruits_nuts_rice,hyperclovax,5121007,1,포장 제품,0.540576473924756
fruits_nuts_rice,hyperclovax,5036748,2,포장 키위,0.45446457518241745
fruits_nuts_rice,hyperclovax,1000858612,1,포장 파인애플,0.5
fruits_nuts_rice,hyperclovax,5052626,2,포장지 3개,0.43367324989966055
fruits_nuts_rice,hyperclovax,5031442,2,포크 모습,0.49140168354300273
fruits_nuts_rice,hyperclovax,5063578,2,표면 방울토마토,0.7071067811865476
fruits_nuts_rice,hyperclovax,5027321,2,표면 복숭아,0.5268482188383317
fruits_nuts_rice,hyperclovax,5052626,1,표시 포장,0.10945859480309823
fruits_nuts_rice,hyperclovax,5094562,1,프리미엄 데이츠,0.5
fruits_nuts_rice,hyperclovax,5052626,1,함께 It's_Real_Seven,0.10945859480309823
fruits_nuts_rice,hyperclovax,5094562,2,향 바클라바,0.37796447300922725
fruits_nuts_rice,hyperclovax,5094562,2,호두 들어가다,0.37796447300922725
fruits_nuts_rice,hyperclovax,5052626,1,호두 캐슈너트,0.10945859480309823
fruits_nuts_rice,hyperclovax,5052626,2,호두 캐슈넛,0.43367324989966055
fruits_nuts_rice,hyperclovax,5052626,1,회색 포장,0.10945859480309823
fruits_nuts_rice,hyperclovax,1000030900,2,희다 쌀,0.716762597222241
fruits_nuts_rice,hyperclovax,1000048867,2,희다 쌀,0.716762597222241
fruits_nuts_rice,hyperclovax,1000118138,2,희다 쌀,0.716762597222241
fruits_nuts_rice,hyperclovax,1000144509,2,희다 쌀,0.716762597222241
fruits_nuts_rice,hyperclovax,1001729429,2,희다 쌀,0.716762597222241
fruits_nuts_rice,hyperclovax,5048547,2,희다 쌀,0.716762597222241
fruits_nuts_rice,hyperclovax,5051038,2,희다 쌀,0.716762597222241
fruits_nuts_rice,hyperclovax,5053663,2,희다 쌀,0.716762597222241
fruits_nuts_rice,hyperclovax,5070409,2,희다 쌀,0.716762597222241
fruits_nuts_rice,hyperclovax,5134096,2,희다 쌀,0.716762597222241
fruits_nuts_rice,hyperclovax,5121007,2,희다 쌀밥,0.6043771357878994
fruits_nuts_rice,hyperclovax,1001502284,1,희다 천,0.5101959228436637
fruits_nuts_rice,hyperclovax,5034841,2,흰색 귤,1.0
fruits_nuts_rice,hyperclovax,1000338204,2,흰색 담기다,0.5442440651139735
fruits_nuts_rice,hyperclovax,5034841,1,흰색 담기다,0.4691251079041838
fruits_nuts_rice,hyperclovax,5162187,1,흰색 바구니,0.4672993707482378
fruits_nuts_rice,hyperclovax,5003716,2,흰색 배경,0.347291021051531
fruits_nuts_rice,hyperclovax,5027321,1,흰색 배경,0.3151685801826463
fruits_nuts_rice,hyperclovax,5063690,1,흰색 배경,0.4986032317241233
fruits_nuts_rice,hyperclovax,5162187,2,흰색 배경,0.44119904861371956
fruits_nuts_rice,hyperclovax,1001882653,1,흰색 여러개,0.7071067811865475
fruits_nuts_rice,hyperclovax,1001882653,2,흰색 여러개,0.7071067811865475
fruits_nuts_rice,hyperclovax,1000858612,2,흰색 조각,0.7071067811865476
fruits_nuts_rice,hyperclovax,1001502284,2,흰색 천,0.4282617673216264
fruits_nuts_rice,hyperclovax,5003716,1,흰색 천,0.4965515957549904
fruits_nuts_rice,hyperclovax,5027321,2,흰색 천,0.4090145020908575
fruits_nuts_rice,hyperclovax,5068728,1,흰색 천,0.6132338171952199
fruits_nuts_rice,hyperclovax,5068728,2,흰색 천,0.364701322668767
fruits_nuts_rice,qwen3,5051031,1,100%_국내산 인증,0.2303298443400764
fruits_nuts_rice,qwen3,1001729429,1,10kg 백미,0.2853471390773441
fruits_nuts_rice,qwen3,1000048867,1,10kg 보라색,0.367451387040542
fruits_nuts_rice,qwen3,5051038,1,10kg 쌀,0.22570340480744427
fruits_nuts_rice,qwen3,5134096,1,10kg 흰색,0.34215194847385605
fruits_nuts_rice,qwen3,5094562,2,12개 나무,0.21107458904226978
fruits_nuts_rice,qwen3,1000102438,1,15개 사과,0.24998195283628413
fruits_nuts_rice,qwen3,1000102438,2,15개 사과,0.2882135355594888
fruits_nuts_rice,qwen3,5025577,2,1개 과육,0.2293441649942085
fruits_nuts_rice,qwen3,5036748,2,1개 담기다,0.15618056314380185
fruits_nuts_rice,qwen3,5132780,2,1개 담기다,0.23550696562718199
fruits_nuts_rice,qwen3,5063690,1,1개 바구니,0.2968733254694726
fruits_nuts_rice,qwen3,5031442,1,1개 바나나,0.23427166672515196
fruits_nuts_rice,qwen3,1000122762,1,1개 반,0.18263266678507362
fruits_nuts_rice,qwen3,1000122762,2,1개 빨간색,0.21980518340722568
fruits_nuts_rice,qwen3,5070409,1,1개 옆,0.3724731669825814
fruits_nuts_rice,qwen3,1000858612,1,2개 담기다,0.22570772535652292
fruits_nuts_rice,qwen3,5132780,1,2개 담기다,0.28788425075829754
fruits_nuts_rice,qwen3,5035954,1,2개 대리석,0.2857416288617838
fruits_nuts_rice,qwen3,5034841,2,2개 더,0.26000501155485123
fruits_nuts_rice,qwen3,1000122762,2,2개 반,0.17888552809553987
fruits_nuts_rice,qwen3,1001303421,1,2개 반,0.23547477185490737
fruits_nuts_rice,qwen3,1001303421,2,2개 반,0.20335280020604024
fruits_nuts_rice,qwen3,5034841,1,2개 반,0.1883869452519105
fruits_nuts_rice,qwen3,5045631,1,2개 보이다,0.14875204724081795
fruits_nuts_rice,qwen3,1000122762,1,2개 빨간색,0.18263266678507362
fruits_nuts_rice,qwen3,5036748,1,2개 썰다,0.1982489042265
fruits_nuts_rice,qwen3,5052626,1,2개 진열,0.33313085419131083
fruits_nuts_rice,qwen3,5063578,2,2개 통,0.28664467382607006
fruits_nuts_rice,qwen3,1000102438,1,3 5,0.2724238381182804
fruits_nuts_rice,qwen3,1000144509,1,365 컬리,0.35596478399297904
fruits_nuts_rice,qwen3,1000973922,1,365 혼합,0.28472118745698527
fruits_nuts_rice,qwen3,5049631,2,3개 같다,0.2526744412172188
fruits_nuts_rice,qwen3,5049631,1,3개 씨,0.2543236866200861
fruits_nuts_rice,qwen3,5036748,2,3개 얇다,0.17020152042325087
fruits_nuts_rice,qwen3,1002140343,1,3개 옆,0.31424652449891777
fruits_nuts_rice,qwen3,5052626,2,3개 회색,0.21069640168103512
fruits_nuts_rice,qwen3,5070409,1,4kg Our_Sweet_&_Soft_Rice,0.3724731669825814
fruits_nuts_rice,qwen3,1000118138,1,4kg 가,0.2801039396889524
fruits_nuts_rice,qwen3,1000144509,1,4kg 봉지,0.35596478399297904
fruits_nuts_rice,qwen3,1000867509,1,4kg 쌀,0.2884104833032911
fruits_nuts_rice,qwen3,5051031,1,4kg 쌀,0.21135560192647465
fruits_nuts_rice,qwen3,1000867509,2,4kg 희다,0.26827784474265526
fruits_nuts_rice,qwen3,1000030900,1,4kg 흰색,0.39833270527150416
fruits_nuts_rice,qwen3,1001303421,1,4개 밝다,0.2655037479604018
fruits_nuts_rice,qwen3,5049631,2,4개 밝다,0.23185948294243183
fruits_nuts_rice,qwen3,1000102438,1,5 격자,0.2724238381182804
fruits_nuts_rice,qwen3,5049631,1,5개 흰색,0.2543236866200861
fruits_nuts_rice,qwen3,5132780,1,6개 반,0.28788425075829754
fruits_nuts_rice,qwen3,5132780,2,6개 반,0.23550696562718199
fruits_nuts_rice,qwen3,1000867509,1,7일향미 적히다,0.2557907121014913
fruits_nuts_rice,qwen3,1000867509,2,7일향미 적히다,0.21833435949602595
fruits_nuts_rice,qwen3,1000867511,1,7일향미 적히다,0.22251387665062222
fruits_nuts_rice,qwen3,1000867511,2,7일향미 적히다,0.194585929434669
fruits_nuts_rice,qwen3,1000867511,2,8kg 쌀,0.2390970156345437
fruits_nuts_rice,qwen3,1000867511,1,8kg 흰색,0.2734134168847965
fruits_nuts_rice,qwen3,5045631,1,HBAF 적히다,0.14875204724081795
fruits_nuts_rice,qwen3,5052626,2,IT’S_REAL_SEVEN 스낵,0.21069640168103512
fruits_nuts_rice,qwen3,5052626,1,IT’S_REAL_SEVEN 혼합,0.33313085419131083
fruits_nuts_rice,qwen3,1000858612,1,KF365_KOREA_FRESH 적히다,0.24597041561172198
fruits_nuts_rice,qwen3,1000973922,2,KF365_KURLY_FRESH 적히다,0.26068977630548346
fruits_nuts_rice,qwen3,5134096,1,KF365_컬리_프레시 쌀,0.34215194847385605
fruits_nuts_rice,qwen3,5051031,1,Lgrow 표기,0.2303298443400764
fruits_nuts_rice,qwen3,5045631,2,Mon_to_Sun 스낵,0.22449514793773553
fruits_nuts_rice,qwen3,5070409,1,Our_Sweet_&_Soft_Rice 봉지,0.3724731669825814
fruits_nuts_rice,qwen3,5094562,2,TAMUR가_여러분께_고급스러운_경험을_선사합니다 문구,0.21107458904226978
fruits_nuts_rice,qwen3,5045631,1,THU 표시,0.14875204724081795
fruits_nuts_rice,qwen3,5045631,1,WED THU,0.14875204724081795
fruits_nuts_rice,qwen3,5025577,2,Zespri 스티커,0.2293441649942085
fruits_nuts_rice,qwen3,1000118138,1,가 회색,0.2801039396889524
fruits_nuts_rice,qwen3,5034841,2,가득 귤,0.2233892624685582
fruits_nuts_rice,qwen3,5068728,2,가득 귤,0.19714152130388082
fruits_nuts_rice,qwen3,5162187,2,가득 귤,0.23608860366007228
fruits_nuts_rice,qwen3,1000144509,2,가득 담기다,0.4387930499888715
fruits_nuts_rice,qwen3,1000253378,1,가득 담기다,0.18678183290867267
fruits_nuts_rice,qwen3,1000253378,2,가득 담기다,0.20534642873168296
fruits_nuts_rice,qwen3,1001234463,1,가득 담기다,0.2131126631872186
fruits_nuts_rice,qwen3,1001234463,2,가득 담기다,0.239984836703753
fruits_nuts_rice,qwen3,1001729429,2,가득 담기다,0.22953196767163705
fruits_nuts_rice,qwen3,5035954,2,가득 담기다,0.15256164997276483
fruits_nuts_rice,qwen3,5053663,2,가득 담기다,0.2814681791995722
fruits_nuts_rice,qwen3,5121007,2,가득 담기다,0.4387930499888715
fruits_nuts_rice,qwen3,1000763360,2,가득 보이다,0.22364509089049958
fruits_nuts_rice,qwen3,5056014,2,가득 속,0.2315291602377532
fruits_nuts_rice,qwen3,5063690,2,가득 속,0.17928724160031942
fruits_nuts_rice,qwen3,5068728,1,가득 속,0.2760674669967785
fruits_nuts_rice,qwen3,5159977,2,가득 속살,0.23667474133910987
fruits_nuts_rice,qwen3,1000030900,2,가득 차다,0.41898232229689597
fruits_nuts_rice,qwen3,1000032485,2,가득 차다,0.23439338559389608
fruits_nuts_rice,qwen3,1000048867,2,가득 차다,0.32268951581382027
fruits_nuts_rice,qwen3,1000338204,2,가득 차다,0.23331218589987382
fruits_nuts_rice,qwen3,5027321,1,가득 차다,0.20421397887446285
fruits_nuts_rice,qwen3,5034841,1,가득 차다,0.14721371776948552
fruits_nuts_rice,qwen3,5035954,1,가득 차다,0.18172231906752048
fruits_nuts_rice,qwen3,5048547,2,가득 차다,0.24681552791214934
fruits_nuts_rice,qwen3,5051038,2,가득 차다,0.25553641694960766
fruits_nuts_rice,qwen3,5070409,2,가득 차다,0.3646230254505886
fruits_nuts_rice,qwen3,5134096,2,가득 차다,0.2877655128683873
fruits_nuts_rice,qwen3,5049631,1,가득 흰색,0.2543236866200861
fruits_nuts_rice,qwen3,5061259,2,가방 보이다,0.22722510195989265
fruits_nuts_rice,qwen3,5025577,2,가지다 Zespri,0.2293441649942085
fruits_nuts_rice,qwen3,5027321,2,가지다 잘,0.2558182008001511
fruits_nuts_rice,qwen3,5162187,1,가지다 주황색,0.26310045631975115
fruits_nuts_rice,qwen3,1000118138,2,가지런히 담기다,0.39365984826394973
fruits_nuts_rice,qwen3,5094562,2,각기 토핑,0.21107458904226978
fruits_nuts_rice,qwen3,5045631,1,간식 상자,0.14875204724081795
fruits_nuts_rice,qwen3,1000066062,1,갈색 다양,0.2388677478519277
fruits_nuts_rice,qwen3,5025577,2,갈색 보송보송,0.21045112143221092
fruits_nuts_rice,qwen3,5132780,2,갈색 보송보송,0.23550696562718199
fruits_nuts_rice,qwen3,5094562,2,갈색 소재,0.21107458904226978
fruits_nuts_rice,qwen3,1001303421,1,감돌다 붉다,0.2893390872161505
fruits_nuts_rice,qwen3,5159977,2,감돌다 주변,0.23667474133910987
fruits_nuts_rice,qwen3,5068728,2,갓 따다,0.2294550013645842
fruits_nuts_rice,qwen3,1000763360,2,갓 따오다,0.22364509089049958
fruits_nuts_rice,qwen3,5159977,2,갓 수확,0.23667474133910987
fruits_nuts_rice,qwen3,1000032485,1,같다 블루베리,0.37354308907191663
fruits_nuts_rice,qwen3,5049631,2,같다 오이,0.2526744412172188
fruits_nuts_rice,qwen3,5094562,1,개방 주황색,0.2572888861789364
fruits_nuts_rice,qwen3,5045631,1,개별 스낵,0.14875204724081795
fruits_nuts_rice,qwen3,5052626,1,개별 포장,0.33313085419131083
fruits_nuts_rice,qwen3,1000102438,1,검다 상자,0.24998195283628413
fruits_nuts_rice,qwen3,1000102438,2,검다 상자,0.2882135355594888
fruits_nuts_rice,qwen3,1000066062,2,검다 쌀,0.27295280402905214
fruits_nuts_rice,qwen3,5025577,1,검다 씨,0.20946088027690468
fruits_nuts_rice,qwen3,5025577,2,검다 씨,0.19704629369697874
fruits_nuts_rice,qwen3,5036748,2,검다 씨,0.14623253563847644
fruits_nuts_rice,qwen3,5132780,1,검다 씨앗,0.28788425075829754
fruits_nuts_rice,qwen3,5132780,2,검다 씨앗,0.23550696562718199
fruits_nuts_rice,qwen3,5051031,2,검다 테두리,0.3304018271390999
fruits_nuts_rice,qwen3,1000066062,1,검은색 뚜껑,0.2388677478519277
fruits_nuts_rice,qwen3,1000066062,1,검은색 흰색,0.2388677478519277
fruits_nuts_rice,qwen3,1000032485,2,겉면 덮이다,0.36856203540492205
fruits_nuts_rice,qwen3,1000253378,1,겉면 돋보이다,0.2775321871759829
fruits_nuts_rice,qwen3,1000102438,1,격자 모양,0.24998195283628413
fruits_nuts_rice,qwen3,5094562,1,격자 모양,0.2360937965427155
fruits_nuts_rice,qwen3,5052626,1,견과 개별,0.33313085419131083
fruits_nuts_rice,qwen3,1000973922,1,견과 담기다,0.28472118745698527
fruits_nuts_rice,qwen3,5045631,2,견과 말리다,0.22449514793773553
fruits_nuts_rice,qwen3,1000973922,2,견과 섞이다,0.26068977630548346
fruits_nuts_rice,qwen3,1000973922,1,견과 소,0.28472118745698527
fruits_nuts_rice,qwen3,5045631,1,견과 씨앗,0.40949420044706014
fruits_nuts_rice,qwen3,5052626,2,견과 씨앗,0.193339534130398
fruits_nuts_rice,qwen3,5094562,2,고급 선물,0.21107458904226978
fruits_nuts_rice,qwen3,1001729429,1,고시혜카리 적히다,0.2853471390773441
fruits_nuts_rice,qwen3,1000066062,1,곡물 씨앗,0.2388677478519277
fruits_nuts_rice,qwen3,1000908371,2,골판지 상자,0.26089466824175095
fruits_nuts_rice,qwen3,5025577,1,과육 검다,0.19840820443608
fruits_nuts_rice,qwen3,5025577,2,과육 검다,0.18664870152134433
fruits_nuts_rice,qwen3,5036748,2,과육 검다,0.13851624603032983
fruits_nuts_rice,qwen3,5132780,1,과육 검다,0.2553239974527268
fruits_nuts_rice,qwen3,5132780,2,과육 그리고,0.2566493730920025
fruits_nuts_rice,qwen3,1000908371,1,과육 뽐내다,0.25474764666144256
fruits_nuts_rice,qwen3,5049631,2,과육 씨방,0.2526744412172188
fruits_nuts_rice,qwen3,1000122762,1,과육 씨앗,0.14863316933166862
fruits_nuts_rice,qwen3,1000122762,2,과육 씨앗,0.17888552809553987
fruits_nuts_rice,qwen3,1001303421,1,과육 씨앗,0.23547477185490737
fruits_nuts_rice,qwen3,1001303421,2,과육 씨앗,0.20335280020604024
fruits_nuts_rice,qwen3,5045631,2,과일 섞이다,0.22449514793773553
fruits_nuts_rice,qwen3,5034841,2,과즙 가득,0.1867735133822652
fruits_nuts_rice,qwen3,5056014,2,과즙 가득,0.19357919995880327
fruits_nuts_rice,qwen3,5063690,2,과즙 가득,0.14990025773069468
fruits_nuts_rice,qwen3,5068728,1,과즙 가득,0.2308172298513594
fruits_nuts_rice,qwen3,5068728,2,과즙 가득,0.16482804124317743
fruits_nuts_rice,qwen3,5159977,2,과즙 가득,0.17001431127960737
fruits_nuts_rice,qwen3,5162187,2,과즙 가득,0.19739130470208321
fruits_nuts_rice,qwen3,1001882653,2,과즙 흐르다,0.25103765604479755
fruits_nuts_rice,qwen3,5034841,1,과즙 흐르다,0.1988813693329638
fruits_nuts_rice,qwen3,5159977,1,과즙 흐르다,0.23681055781588534
fruits_nuts_rice,qwen3,5045631,1,구분 구역,0.14875204724081795
fruits_nuts_rice,qwen3,5045631,1,구역 혼합,0.14875204724081795
fruits_nuts_rice,qwen3,5034841,1,귤 2개,0.1988813693329638
fruits_nuts_rice,qwen3,5034841,2,귤 2개,0.2233892624685582
fruits_nuts_rice,qwen3,5162187,1,귤 2개,0.22604878475587104
fruits_nuts_rice,qwen3,5034841,1,귤 가득,0.2314800280015251
fruits_nuts_rice,qwen3,5034841,2,귤 무더기,0.23858617140355487
fruits_nuts_rice,qwen3,5068728,2,귤 무더기,0.21055282726127192
fruits_nuts_rice,qwen3,5162187,1,귤 바구니,0.24142661786584488
fruits_nuts_rice,qwen3,5162187,2,귤 바구니,0.2521494338484419
fruits_nuts_rice,qwen3,5068728,2,귤 밝다,0.2294550013645842
fruits_nuts_rice,qwen3,5068728,2,귤 알,0.2294550013645842
fruits_nuts_rice,qwen3,5034841,1,귤 조각,0.1988813693329638
fruits_nuts_rice,qwen3,5034841,2,귤 조각,0.2233892624685582
fruits_nuts_rice,qwen3,5162187,2,귤 조각,0.23608860366007228
fruits_nuts_rice,qwen3,5068728,1,귤 중,0.32131770414219757
fruits_nuts_rice,qwen3,5045631,2,그레이 색상,0.22449514793773553
fruits_nuts_rice,qwen3,5132780,2,그리고 검다,0.2566493730920025
fruits_nuts_rice,qwen3,1002140343,2,그리고 으깨다,0.285278345041248
fruits_nuts_rice,qwen3,1000048867,1,그리다 10kg,0.367451387040542
fruits_nuts_rice,qwen3,1000867511,1,그리다 7일향미,0.2734134168847965
fruits_nuts_rice,qwen3,5045631,1,그리다 WED,0.14875204724081795
fruits_nuts_rice,qwen3,5036748,2,그리다 노란색,0.17020152042325087
fruits_nuts_rice,qwen3,5051038,1,그리다 밝다,0.22570340480744427
fruits_nuts_rice,qwen3,5051031,1,그리다 씨아나온_완전미_고시하카리,0.2303298443400764
fruits_nuts_rice,qwen3,5048547,1,그리다 여주대왕일포,0.22944599184593087
fruits_nuts_rice,qwen3,5036748,2,그림 그리다,0.17020152042325087
fruits_nuts_rice,qwen3,1000867511,1,그림 작다,0.2734134168847965
fruits_nuts_rice,qwen3,5052626,2,글씨 인쇄,0.21069640168103512
fruits_nuts_rice,qwen3,1000066062,1,글자 적히다,0.2388677478519277
fruits_nuts_rice,qwen3,5052626,2,금색 녹색,0.21069640168103512
fruits_nuts_rice,qwen3,1001729429,1,금색 특,0.2853471390773441
fruits_nuts_rice,qwen3,1001502284,2,깔다 녹색,0.3431802784685322
fruits_nuts_rice,qwen3,5068728,2,깔리다 희다,0.2294550013645842
fruits_nuts_rice,qwen3,5049631,1,깔리다 흰색,0.2543236866200861
fruits_nuts_rice,qwen3,5051038,1,껍데기 안,0.22570340480744427
fruits_nuts_rice,qwen3,5025577,2,껍질 가지다,0.19704629369697874
fruits_nuts_rice,qwen3,5027321,2,껍질 가지다,0.21979206808759308
fruits_nuts_rice,qwen3,5162187,1,껍질 가지다,0.22604878475587104
fruits_nuts_rice,qwen3,5003716,2,껍질 벗기다,0.31391389213638576
fruits_nuts_rice,qwen3,5031442,1,껍질 벗기다,0.20127986969963121
fruits_nuts_rice,qwen3,5031442,2,껍질 벗기다,0.2213765016675267
fruits_nuts_rice,qwen3,5132780,2,껍질 선명,0.2566493730920025
fruits_nuts_rice,qwen3,5031442,1,껍질 썰다,0.23427166672515196
fruits_nuts_rice,qwen3,1000908371,1,껍질 아삭아삭,0.25474764666144256
fruits_nuts_rice,qwen3,5162187,2,껍질 일부,0.27478590261806135
fruits_nuts_rice,qwen3,5031442,2,껍질 주위,0.25766233899509466
fruits_nuts_rice,qwen3,5031442,2,꽂히다 껍질,0.25766233899509466
fruits_nuts_rice,qwen3,1000763360,2,나다 즙,0.22364509089049958
fruits_nuts_rice,qwen3,5031442,1,나무 껍질,0.23427166672515196
fruits_nuts_rice,qwen3,5027321,1,나무 녹색,0.3211076947474656
fruits_nuts_rice,qwen3,5025577,1,나무 도마,0.19840820443608
fruits_nuts_rice,qwen3,5025577,2,나무 도마,0.18664870152134433
fruits_nuts_rice,qwen3,5056014,1,나무 도마,0.2393740779114602
fruits_nuts_rice,qwen3,5056014,2,나무 도마,0.2193120018240998
fruits_nuts_rice,qwen3,5049631,1,나무 받침대,0.20697795330855295
fruits_nuts_rice,qwen3,5063578,2,나무 받침대,0.23328195931645485
fruits_nuts_rice,qwen3,5063690,1,나무 받침대,0.2416064115544416
fruits_nuts_rice,qwen3,5063690,2,나무 받침대,0.16982674586868549
fruits_nuts_rice,qwen3,5061259,2,나무 붓,0.22722510195989265
fruits_nuts_rice,qwen3,5052626,1,나무 상자,0.33313085419131083
fruits_nuts_rice,qwen3,5063578,1,나무 상판,0.36229572333982546
fruits_nuts_rice,qwen3,5053663,1,나무 숟가락,0.27808631975103437
fruits_nuts_rice,qwen3,5053663,2,나무 숟가락,0.3837704913800847
fruits_nuts_rice,qwen3,5031442,2,나무 얇다,0.25766233899509466
fruits_nuts_rice,qwen3,5094562,2,나무 쟁반,0.21107458904226978
fruits_nuts_rice,qwen3,5159977,1,나뭇잎 흩어지다,0.2756261923282737
fruits_nuts_rice,qwen3,5063578,2,남다 토마토,0.28664467382607006
fruits_nuts_rice,qwen3,1000032485,2,내리다 듯,0.33820042323842314
fruits_nuts_rice,qwen3,1000253378,1,내리다 듯,0.25466948342110546
fruits_nuts_rice,qwen3,5038123,1,내리다 짙다,0.31747160030684557
fruits_nuts_rice,qwen3,5045631,1,내용물 그리다,0.14875204724081795
fruits_nuts_rice,qwen3,5051031,2,냄비 푸다,0.3304018271390999
fruits_nuts_rice,qwen3,1000032485,1,냉동 블루베리,0.3040030799968499
fruits_nuts_rice,qwen3,1000032485,2,냉동 블루베리,0.29994931565025684
fruits_nuts_rice,qwen3,1000253378,1,냉동 블루베리,0.2258658831284589
fruits_nuts_rice,qwen3,1000338204,1,냉동 블루베리,0.41875171269010486
fruits_nuts_rice,qwen3,5159977,1,넘치다 노란색,0.2756261923282737
fruits_nuts_rice,qwen3,1000122762,1,노란색 과육,0.14863316933166862
fruits_nuts_rice,qwen3,1000122762,2,노란색 과육,0.17888552809553987
fruits_nuts_rice,qwen3,1001303421,1,노란색 과육,0.23547477185490737
fruits_nuts_rice,qwen3,1001303421,2,노란색 과육,0.20335280020604024
fruits_nuts_rice,qwen3,5027321,2,노란색 껍질,0.2558182008001511
fruits_nuts_rice,qwen3,5036748,1,노란색 녹색,0.1819174436734742
fruits_nuts_rice,qwen3,5036748,2,노란색 녹색,0.15618056314380185
fruits_nuts_rice,qwen3,5027321,1,노란색 복숭아,0.3211076947474656
fruits_nuts_rice,qwen3,5159977,2,노란색 붉다,0.23667474133910987
fruits_nuts_rice,qwen3,1001882653,1,노란색 사과,0.3112231654401955
fruits_nuts_rice,qwen3,1001882653,2,노란색 사과,0.2681154526945123
fruits_nuts_rice,qwen3,5159977,1,노란색 천,0.2756261923282737
fruits_nuts_rice,qwen3,5132780,1,녹색 과육,0.28788425075829754
fruits_nuts_rice,qwen3,5132780,2,녹색 과육,0.23550696562718199
fruits_nuts_rice,qwen3,5052626,2,녹색 글씨,0.21069640168103512
fruits_nuts_rice,qwen3,5036748,1,녹색 라벨,0.1819174436734742
fruits_nuts_rice,qwen3,5036748,2,녹색 라벨,0.15618056314380185
fruits_nuts_rice,qwen3,1000867509,1,녹색 옆,0.2700399808350446
fruits_nuts_rice,qwen3,1000867509,2,녹색 옆,0.23049705663489903
fruits_nuts_rice,qwen3,1000867511,2,녹색 옆,0.2054256787652964
fruits_nuts_rice,qwen3,5027321,1,녹색 잎사귀,0.3211076947474656
fruits_nuts_rice,qwen3,1001502284,1,녹색 줄기,0.2594112042415854
fruits_nuts_rice,qwen3,1001502284,2,녹색 줄기,0.31490957905532424
fruits_nuts_rice,qwen3,1000253378,2,녹색 클로즈업,0.3051166304945008
fruits_nuts_rice,qwen3,5051031,1,농부 한국,0.2303298443400764
fruits_nuts_rice,qwen3,1001303421,2,느끼다 천,0.24986928803871222
fruits_nuts_rice,qwen3,5035954,2,느끼다 회색,0.22668568852100698
fruits_nuts_rice,qwen3,5162187,1,느끼다 흰색,0.26310045631975115
fruits_nuts_rice,qwen3,1000122762,1,다 사과,0.1675876494875927
fruits_nuts_rice,qwen3,1000122762,2,다 사과,0.20169794747484235
fruits_nuts_rice,qwen3,5003716,1,다발 밝다,0.38093103746008844
fruits_nuts_rice,qwen3,1000973922,2,다양 견과,0.26068977630548346
fruits_nuts_rice,qwen3,1000066062,1,다양 곡물,0.2388677478519277
fruits_nuts_rice,qwen3,1000066062,2,다양 종류,0.2504673432935654
fruits_nuts_rice,qwen3,5094562,1,다양 종류,0.2360937965427155
fruits_nuts_rice,qwen3,1001502284,1,달리다 짙다,0.282699591344741
fruits_nuts_rice,qwen3,5063690,1,달리다 토마토,0.2968733254694726
fruits_nuts_rice,qwen3,1000066062,1,달리다 투명,0.2388677478519277
fruits_nuts_rice,qwen3,1000102438,1,담기다 3,0.2724238381182804
fruits_nuts_rice,qwen3,5132780,2,담기다 갈색,0.2566493730920025
fruits_nuts_rice,qwen3,5094562,2,담기다 고급,0.21107458904226978
fruits_nuts_rice,qwen3,5132780,1,담기다 녹색,0.313728777759982
fruits_nuts_rice,qwen3,5063690,1,담기다 바구니,0.2968733254694726
fruits_nuts_rice,qwen3,1001234463,1,담기다 밝다,0.2905705067736541
fruits_nuts_rice,qwen3,1001234463,2,담기다 밝다,0.3272096297616177
fruits_nuts_rice,qwen3,1000118138,1,담기다 밥,0.24065771704732014
fruits_nuts_rice,qwen3,1000867509,1,담기다 밥,0.2700399808350446
fruits_nuts_rice,qwen3,1000867511,2,담기다 밥,0.2054256787652964
fruits_nuts_rice,qwen3,5036748,2,담기다 얇다,0.17020152042325087
fruits_nuts_rice,qwen3,1000253378,2,담기다 연하다,0.3051166304945008
fruits_nuts_rice,qwen3,5035954,2,담기다 유리,0.22668568852100698
fruits_nuts_rice,qwen3,1000253378,1,담기다 은색,0.2775321871759829
fruits_nuts_rice,qwen3,1000032485,1,담기다 작다,0.3040030799968499
fruits_nuts_rice,qwen3,1000867509,2,담기다 작다,0.21833435949602595
fruits_nuts_rice,qwen3,1000973922,1,담기다 작다,0.23171655549119183
fruits_nuts_rice,qwen3,5045631,1,담기다 작다,0.12105987726716944
fruits_nuts_rice,qwen3,1001882653,1,담기다 중,0.33916292067717774
fruits_nuts_rice,qwen3,5035954,2,담기다 투명,0.22668568852100698
fruits_nuts_rice,qwen3,1001729429,2,담기다 희다,0.2930235195301508
fruits_nuts_rice,qwen3,5051031,2,담기다 희다,0.283872299389494
fruits_nuts_rice,qwen3,5053663,2,담기다 희다,0.3593259681491998
fruits_nuts_rice,qwen3,1000973922,2,담기다 흰색,0.26068977630548346
fruits_nuts_rice,qwen3,5134096,1,담다 작다,0.34215194847385605
fruits_nuts_rice,qwen3,5061259,1,대 흩어지다,0.36125974276100153
fruits_nuts_rice,qwen3,5035954,1,대리석 상판,0.2857416288617838
fruits_nuts_rice,qwen3,5061259,1,대리석 조리,0.36125974276100153
fruits_nuts_rice,qwen3,5036748,1,대리석 표면,0.1982489042265
fruits_nuts_rice,qwen3,5094562,2,대추 야자,0.21107458904226978
fruits_nuts_rice,qwen3,5094562,1,대추야자 격자,0.2572888861789364
fruits_nuts_rice,qwen3,5035954,2,더 가득,0.22668568852100698
fruits_nuts_rice,qwen3,5061259,2,더 들다,0.20850662377312035
fruits_nuts_rice,qwen3,5063690,2,더 들다,0.1914839418969162
fruits_nuts_rice,qwen3,5034841,2,더 중,0.26000501155485123
fruits_nuts_rice,qwen3,1000032485,2,덮이다 냉동,0.36856203540492205
fruits_nuts_rice,qwen3,5061259,1,덮이다 사과,0.36125974276100153
fruits_nuts_rice,qwen3,5162187,1,도다 껍질,0.26310045631975115
fruits_nuts_rice,qwen3,5056014,1,도마 복숭아,0.26990031394623654
fruits_nuts_rice,qwen3,5056014,2,도마 복숭아,0.24727981684966002
fruits_nuts_rice,qwen3,5025577,1,도마 앞쪽,0.2437936272982289
fruits_nuts_rice,qwen3,5056014,2,도마 옆,0.26947912051670314
fruits_nuts_rice,qwen3,5056014,1,도마 칼,0.2941303506126156
fruits_nuts_rice,qwen3,5025577,1,도마 통째,0.22371025774400824
fruits_nuts_rice,qwen3,5025577,2,도마 통째,0.21045112143221092
fruits_nuts_rice,qwen3,1000118138,2,도자기 쌀알,0.39365984826394973
fruits_nuts_rice,qwen3,1000253378,1,돋보이다 회색,0.2775321871759829
fruits_nuts_rice,qwen3,5034841,1,되다 귤,0.2314800280015251
fruits_nuts_rice,qwen3,1000066062,1,되다 글자,0.2388677478519277
fruits_nuts_rice,qwen3,5036748,1,되다 제스프리_썬글드키위,0.1982489042265
fruits_nuts_rice,qwen3,5025577,1,되다 키위,0.22371025774400824
fruits_nuts_rice,qwen3,5025577,2,되다 키위,0.21045112143221092
fruits_nuts_rice,qwen3,5063690,2,되다 토마토,0.20867422546994419
fruits_nuts_rice,qwen3,5162187,2,둥글다 귤,0.27478590261806135
fruits_nuts_rice,qwen3,5049631,1,둥글다 베이지,0.2543236866200861
fruits_nuts_rice,qwen3,5068728,2,드러나다 귤,0.2294550013645842
fruits_nuts_rice,qwen3,5025577,1,드러나다 도마,0.22371025774400824
fruits_nuts_rice,qwen3,5056014,2,드러나다 도마,0.24727981684966002
fruits_nuts_rice,qwen3,5159977,1,드러나다 밝다,0.2756261923282737
fruits_nuts_rice,qwen3,5159977,2,드러나다 복숭아,0.23667474133910987
fruits_nuts_rice,qwen3,1000122762,2,드러나다 사과,0.20169794747484235
fruits_nuts_rice,qwen3,1001303421,2,드러나다 사과,0.22928541426176252
fruits_nuts_rice,qwen3,1001882653,2,드러나다 옆,0.2377910878434439
fruits_nuts_rice,qwen3,5034841,1,드러나다 옆,0.1883869452519105
fruits_nuts_rice,qwen3,5034841,2,드러나다 옆,0.21160162412233421
fruits_nuts_rice,qwen3,5063690,2,드러나다 옆,0.16982674586868549
fruits_nuts_rice,qwen3,1002140343,2,드러내다 반,0.285278345041248
fruits_nuts_rice,qwen3,5025577,2,드러내다 키위,0.2293441649942085
fruits_nuts_rice,qwen3,1000102438,1,들다 사과,0.24998195283628413
fruits_nuts_rice,qwen3,1000102438,2,들다 사과,0.2882135355594888
fruits_nuts_rice,qwen3,5045631,1,들다 상자,0.14875204724081795
fruits_nuts_rice,qwen3,5051038,1,들다 쌀알,0.22570340480744427
fruits_nuts_rice,qwen3,5063690,2,들다 엮다,0.20867422546994419
fruits_nuts_rice,qwen3,5061259,2,들다 파란색,0.22722510195989265
fruits_nuts_rice,qwen3,1000122762,1,들다 포장지,0.18263266678507362
fruits_nuts_rice,qwen3,1000858612,1,들다 플라스틱,0.24597041561172198
fruits_nuts_rice,qwen3,1000032485,2,듯 겉면,0.33820042323842314
fruits_nuts_rice,qwen3,1000253378,1,듯 겉면,0.25466948342110546
fruits_nuts_rice,qwen3,1000763360,2,듯 초록색,0.22364509089049958
fruits_nuts_rice,qwen3,5045631,1,디자인 HBAF,0.14875204724081795
fruits_nuts_rice,qwen3,5094562,2,디자인 자랑,0.21107458904226978
fruits_nuts_rice,qwen3,5068728,2,따다 귤,0.2294550013645842
fruits_nuts_rice,qwen3,1000763360,2,따오다 듯,0.22364509089049958
fruits_nuts_rice,qwen3,5038123,1,또 송이,0.31747160030684557
fruits_nuts_rice,qwen3,5094562,2,뚜껑 TAMUR가_여러분께_고급스러운_경험을_선사합니다,0.21107458904226978
fruits_nuts_rice,qwen3,1000066062,1,뚜껑 달리다,0.2388677478519277
fruits_nuts_rice,qwen3,5094562,1,뚜껑 브랜드,0.2572888861789364
fruits_nuts_rice,qwen3,1000858612,1,라벨 붙다,0.2113311178273021
fruits_nuts_rice,qwen3,5036748,1,라벨 붙다,0.17033008800684155
fruits_nuts_rice,qwen3,5036748,2,라벨 붙다,0.14623253563847644
fruits_nuts_rice,qwen3,5036748,1,라벨 썰다,0.1982489042265
fruits_nuts_rice,qwen3,1000066062,1,라벨 한국어,0.21919016518555948
fruits_nuts_rice,qwen3,5121007,1,라벨 한국어,0.3223644325128435
fruits_nuts_rice,qwen3,5045631,2,레이 방식,0.22449514793773553
fruits_nuts_rice,qwen3,5068728,1,리넨 식탁보,0.32131770414219757
fruits_nuts_rice,qwen3,1001729429,1,마크 붙다,0.2618406507870674
fruits_nuts_rice,qwen3,5051031,1,마크 붙다,0.21135560192647465
fruits_nuts_rice,qwen3,5094562,2,만들다 뚜껑,0.21107458904226978
fruits_nuts_rice,qwen3,5045631,2,말리다 과일,0.22449514793773553
fruits_nuts_rice,qwen3,1000867511,2,말리다 벼,0.2390970156345437
fruits_nuts_rice,qwen3,5045631,1,매일 색상,0.14875204724081795
fruits_nuts_rice,qwen3,1001502284,2,맺히다 붉다,0.3431802784685322
fruits_nuts_rice,qwen3,5049631,1,멜론 3개,0.2543236866200861
fruits_nuts_rice,qwen3,5049631,1,멜론 조각,0.2543236866200861
fruits_nuts_rice,qwen3,5094562,1,명 슬로건,0.2572888861789364
fruits_nuts_rice,qwen3,5048547,1,명 적히다,0.22944599184593087
fruits_nuts_rice,qwen3,1000763360,2,몇 방울,0.22364509089049958
fruits_nuts_rice,qwen3,1000253378,2,몇 알,0.2274569623817135
fruits_nuts_rice,qwen3,1000763360,2,몇 알,0.16672192840846184
fruits_nuts_rice,qwen3,1001729429,2,몇 알,0.2542466623771039
fruits_nuts_rice,qwen3,5035954,1,몇 알,0.21301337400576634
fruits_nuts_rice,qwen3,5048547,2,몇 알,0.28931508593639854
fruits_nuts_rice,qwen3,5051038,2,몇 알,0.2995376387176486
fruits_nuts_rice,qwen3,5048580,1,몇 장,0.2983779392022489
fruits_nuts_rice,qwen3,5056014,1,몇 장,0.2393740779114602
fruits_nuts_rice,qwen3,5056014,2,몇 장,0.2193120018240998
fruits_nuts_rice,qwen3,5159977,2,몇 장,0.19261459368264466
fruits_nuts_rice,qwen3,1000867509,2,몇개 담기다,0.24617750045192605
fruits_nuts_rice,qwen3,1001882653,1,몇개 담기다,0.3112231654401955
fruits_nuts_rice,qwen3,1000858612,1,몇개 들다,0.24597041561172198
fruits_nuts_rice,qwen3,5027321,2,몇개 물방울,0.2558182008001511
fruits_nuts_rice,qwen3,1000122762,1,몇개 사과,0.18263266678507362
fruits_nuts_rice,qwen3,1001882653,2,몇개 중,0.2377910878434439
fruits_nuts_rice,qwen3,5025577,1,몇개 중,0.19840820443608
fruits_nuts_rice,qwen3,5056014,1,몇개 중,0.2393740779114602
fruits_nuts_rice,qwen3,5056014,2,몇개 중,0.2193120018240998
fruits_nuts_rice,qwen3,5159977,2,몇개 클로즈업,0.23667474133910987
fruits_nuts_rice,qwen3,1000908371,1,몇개 흩어지다,0.18990812067369803
fruits_nuts_rice,qwen3,1001234463,1,몇개 흩어지다,0.23605942072155892
fruits_nuts_rice,qwen3,1001234463,2,몇개 흩어지다,0.26582503679980035
fruits_nuts_rice,qwen3,5038123,2,몇개 흩어지다,0.2633660192070252
fruits_nuts_rice,qwen3,5048580,2,몇개 흩어지다,0.2754496239862417
fruits_nuts_rice,qwen3,5063578,1,몇개 흩어지다,0.270082573280933
fruits_nuts_rice,qwen3,5048547,1,모서리 작다,0.22944599184593087
fruits_nuts_rice,qwen3,5052626,2,모습 보이다,0.21069640168103512
fruits_nuts_rice,qwen3,5027321,2,모습 클로즈업,0.2558182008001511
fruits_nuts_rice,qwen3,5045631,1,모습 혼합,0.14875204724081795
fruits_nuts_rice,qwen3,1000102438,1,모양 배열,0.2724238381182804
fruits_nuts_rice,qwen3,5094562,1,모양 정렬,0.2572888861789364
fruits_nuts_rice,qwen3,5045631,2,목 화,0.22449514793773553
fruits_nuts_rice,qwen3,1000118138,2,무늬 밝다,0.39365984826394973
fruits_nuts_rice,qwen3,5051038,1,무늬 조개,0.22570340480744427
fruits_nuts_rice,qwen3,5068728,2,무더기 쌓이다,0.2294550013645842
fruits_nuts_rice,qwen3,1001303421,2,무더기 중,0.22928541426176252
fruits_nuts_rice,qwen3,5034841,2,무더기 중,0.23858617140355487
fruits_nuts_rice,qwen3,5051031,1,문구 100%_국내산,0.2303298443400764
fruits_nuts_rice,qwen3,1001729429,1,문구 옆,0.2853471390773441
fruits_nuts_rice,qwen3,1000122762,1,문구 적히다,0.1418680225389711
fruits_nuts_rice,qwen3,1000867511,2,문구 적히다,0.18572920934763704
fruits_nuts_rice,qwen3,5036748,1,문구 적히다,0.15399862745381576
fruits_nuts_rice,qwen3,5094562,2,문구 적히다,0.1639615468731695
fruits_nuts_rice,qwen3,5121007,1,문구 적히다,0.2728912584986196
fruits_nuts_rice,qwen3,5048547,1,문양 그리다,0.22944599184593087
fruits_nuts_rice,qwen3,1001502284,2,물방울 맺히다,0.3431802784685322
fruits_nuts_rice,qwen3,1000763360,2,물방울 몇,0.22364509089049958
fruits_nuts_rice,qwen3,5027321,2,물방울 반짝이다,0.2558182008001511
fruits_nuts_rice,qwen3,1000867511,2,미니멀 디자인,0.2390970156345437
fruits_nuts_rice,qwen3,5035954,1,민트 잎,0.2857416288617838
fruits_nuts_rice,qwen3,5035954,2,민트 줄기,0.22668568852100698
fruits_nuts_rice,qwen3,1000867509,1,밀 이삭,0.3143022523169385
fruits_nuts_rice,qwen3,1000122762,1,밀봉 스티커,0.1675876494875927
fruits_nuts_rice,qwen3,1000122762,2,밀봉 스티커,0.20169794747484235
fruits_nuts_rice,qwen3,5052626,2,바 3개,0.21069640168103512
fruits_nuts_rice,qwen3,5052626,2,바 포장지,0.21069640168103512
fruits_nuts_rice,qwen3,5063690,1,바구니 나무,0.2968733254694726
fruits_nuts_rice,qwen3,5063690,1,바구니 밖,0.2968733254694726
fruits_nuts_rice,qwen3,5162187,1,바구니 앞쪽,0.26310045631975115
fruits_nuts_rice,qwen3,5162187,2,바구니 중,0.27478590261806135
fruits_nuts_rice,qwen3,5162187,1,바구니 질감,0.26310045631975115
fruits_nuts_rice,qwen3,5063690,2,바구니 흰색,0.20867422546994419
fruits_nuts_rice,qwen3,5031442,1,바나나 1개,0.23427166672515196
fruits_nuts_rice,qwen3,5031442,1,바나나 껍질,0.23427166672515196
fruits_nuts_rice,qwen3,5003716,1,바나나 다발,0.38093103746008844
fruits_nuts_rice,qwen3,5031442,1,바나나 얇다,0.23427166672515196
fruits_nuts_rice,qwen3,5031442,1,바나나 여러개,0.23427166672515196
fruits_nuts_rice,qwen3,5031442,2,바나나 조각,0.25766233899509466
fruits_nuts_rice,qwen3,5003716,2,바나나 중,0.3352690852173355
fruits_nuts_rice,qwen3,5031442,2,바나나 중,0.23643648485119945
fruits_nuts_rice,qwen3,5063690,1,밖 나오다,0.2968733254694726
fruits_nuts_rice,qwen3,1002140343,2,반 자르다,0.22160260481669689
fruits_nuts_rice,qwen3,5063578,2,반 자르다,0.22266396128842214
fruits_nuts_rice,qwen3,5063690,2,반 자르다,0.16209695802729143
fruits_nuts_rice,qwen3,5132780,1,반 자르다,0.24370274002928038
fruits_nuts_rice,qwen3,5132780,2,반 자르다,0.1993637813397181
fruits_nuts_rice,qwen3,1000122762,1,반 잘리다,0.1840159354898638
fruits_nuts_rice,qwen3,1000122762,2,반 잘리다,0.11073499928082821
fruits_nuts_rice,qwen3,1000763360,1,반 잘리다,0.17496834026868358
fruits_nuts_rice,qwen3,1000763360,2,반 잘리다,0.11266949484552563
fruits_nuts_rice,qwen3,1000908371,2,반 잘리다,0.13143534857682748
fruits_nuts_rice,qwen3,1001303421,1,반 잘리다,0.1457652777707091
fruits_nuts_rice,qwen3,1001303421,2,반 잘리다,0.12588090509224215
fruits_nuts_rice,qwen3,1001882653,1,반 잘리다,0.17086587857070637
fruits_nuts_rice,qwen3,1001882653,2,반 잘리다,0.14719914026397782
fruits_nuts_rice,qwen3,1002140343,1,반 잘리다,0.158313321483057
fruits_nuts_rice,qwen3,5025577,1,반 잘리다,0.12282006604696119
fruits_nuts_rice,qwen3,5025577,2,반 잘리다,0.11554061442966392
fruits_nuts_rice,qwen3,5034841,1,반 잘리다,0.23323326899698887
fruits_nuts_rice,qwen3,5034841,2,반 잘리다,0.26197430216371964
fruits_nuts_rice,qwen3,5056014,1,반 잘리다,0.148179054099991
fruits_nuts_rice,qwen3,5056014,2,반 잘리다,0.13576008424392041
fruits_nuts_rice,qwen3,5068728,1,반 잘리다,0.16187569003404106
fruits_nuts_rice,qwen3,5068728,2,반 잘리다,0.11559645235488292
fruits_nuts_rice,qwen3,5159977,1,반 잘리다,0.13885689926020856
fruits_nuts_rice,qwen3,5159977,2,반 잘리다,0.11923366367307872
fruits_nuts_rice,qwen3,5162187,1,반 잘리다,0.13254659598894372
fruits_nuts_rice,qwen3,5162187,2,반 잘리다,0.13843357220752636
fruits_nuts_rice,qwen3,5061259,2,반사 흰색,0.22722510195989265
fruits_nuts_rice,qwen3,1000118138,2,반점 무늬,0.39365984826394973
fruits_nuts_rice,qwen3,1001303421,2,반점 흩뿌리다,0.24986928803871222
fruits_nuts_rice,qwen3,5027321,2,반짝이다 희다,0.2558182008001511
fruits_nuts_rice,qwen3,5063578,2,받침대 붉다,0.28664467382607006
fruits_nuts_rice,qwen3,5063690,1,받침대 토마토,0.2968733254694726
fruits_nuts_rice,qwen3,5063690,2,받침대 통째,0.20867422546994419
fruits_nuts_rice,qwen3,1000032485,1,밝다 배경,0.37354308907191663
fruits_nuts_rice,qwen3,1000118138,2,밝다 색,0.26493686642070874
fruits_nuts_rice,qwen3,1000908371,1,밝다 색,0.17144761786647583
fruits_nuts_rice,qwen3,1001234463,2,밝다 색,0.239984836703753
fruits_nuts_rice,qwen3,1001303421,1,밝다 색,0.1947279902640125
fruits_nuts_rice,qwen3,1001303421,2,밝다 색,0.16816443556459162
fruits_nuts_rice,qwen3,5003716,1,밝다 색,0.2563702542490353
fruits_nuts_rice,qwen3,5003716,2,밝다 색,0.24589587026004134
fruits_nuts_rice,qwen3,5049631,2,밝다 색,0.17005233065021216
fruits_nuts_rice,qwen3,5068728,2,밝다 색,0.15442542416805444
fruits_nuts_rice,qwen3,5034841,1,밝다 주황색,0.21241103510660808
fruits_nuts_rice,qwen3,5068728,2,밝다 주황색,0.21055282726127192
fruits_nuts_rice,qwen3,1000763360,1,밝다 파란색,0.2983960500335053
fruits_nuts_rice,qwen3,1001234463,1,밝다 파란색,0.27206242013704
fruits_nuts_rice,qwen3,1001234463,2,밝다 파란색,0.30636778919353863
fruits_nuts_rice,qwen3,1000030900,2,밝다 회색,0.34407717767049484
fruits_nuts_rice,qwen3,1000048867,2,밝다 회색,0.26499948078095886
fruits_nuts_rice,qwen3,1000144509,1,밝다 회색,0.18590966009931434
fruits_nuts_rice,qwen3,1000144509,2,밝다 회색,0.34051275748219
fruits_nuts_rice,qwen3,1000338204,1,밝다 회색,0.2687288171769168
fruits_nuts_rice,qwen3,1000763360,1,밝다 회색,0.1813875257072683
fruits_nuts_rice,qwen3,1000973922,1,밝다 회색,0.14870128047342268
fruits_nuts_rice,qwen3,1001234463,1,밝다 회색,0.16537996806944286
fruits_nuts_rice,qwen3,5038123,2,밝다 회색,0.18451059362044878
fruits_nuts_rice,qwen3,5048547,1,밝다 회색,0.11983271456445085
fruits_nuts_rice,qwen3,5048580,1,밝다 회색,0.19148041248214598
fruits_nuts_rice,qwen3,5051038,1,밝다 회색,0.11787807434298764
fruits_nuts_rice,qwen3,5052626,1,밝다 회색,0.17398418792046122
fruits_nuts_rice,qwen3,5070409,1,밝다 회색,0.19453149014654403
fruits_nuts_rice,qwen3,5070409,2,밝다 회색,0.2994361691036076
fruits_nuts_rice,qwen3,5121007,1,밝다 회색,0.1834756739341997
fruits_nuts_rice,qwen3,5121007,2,밝다 회색,0.34051275748219
fruits_nuts_rice,qwen3,5134096,1,밝다 회색,0.1786956331173123
fruits_nuts_rice,qwen3,5134096,2,밝다 회색,0.2363191481584633
fruits_nuts_rice,qwen3,5159977,1,밝다 회색,0.14395123909568616
fruits_nuts_rice,qwen3,1000867511,2,밥 말리다,0.2390970156345437
fruits_nuts_rice,qwen3,1000867509,1,밥 밀,0.3143022523169385
fruits_nuts_rice,qwen3,1000118138,1,밥 보이다,0.2801039396889524
fruits_nuts_rice,qwen3,1000867511,1,밥 옆,0.2734134168847965
fruits_nuts_rice,qwen3,1000048867,1,밥그릇 그리다,0.33718126849425717
fruits_nuts_rice,qwen3,1001729429,1,밥그릇 그리다,0.2618406507870674
fruits_nuts_rice,qwen3,5053663,1,밥그릇 나무,0.3030512470809381
fruits_nuts_rice,qwen3,5070409,1,밥그릇 밝다,0.3724731669825814
fruits_nuts_rice,qwen3,1000030900,1,밥그릇 회색,0.39833270527150416
fruits_nuts_rice,qwen3,5048547,1,밥그릇 흩어지다,0.22944599184593087
fruits_nuts_rice,qwen3,5045631,2,방식 촬영,0.22449514793773553
fruits_nuts_rice,qwen3,1000763360,2,방울 맺히다,0.22364509089049958
fruits_nuts_rice,qwen3,1001234463,1,방울 토마토,0.3166561897814051
fruits_nuts_rice,qwen3,1000908371,2,배경 골판지,0.26089466824175095
fruits_nuts_rice,qwen3,1000032485,1,배경 냉동,0.37354308907191663
fruits_nuts_rice,qwen3,1001502284,1,배경 배경,0.282699591344741
fruits_nuts_rice,qwen3,5061259,2,배경 사과,0.22722510195989265
fruits_nuts_rice,qwen3,5048580,1,배경 잎사귀,0.3666312101893031
fruits_nuts_rice,qwen3,1001502284,1,배경 주름,0.282699591344741
fruits_nuts_rice,qwen3,5038123,1,배경 회색,0.31747160030684557
fruits_nuts_rice,qwen3,1000048867,2,배경 희다,0.43594397143705754
fruits_nuts_rice,qwen3,5070409,2,배경 희다,0.4925949000587801
fruits_nuts_rice,qwen3,5134096,2,배경 희다,0.3887626785955023
fruits_nuts_rice,qwen3,1001729429,1,백미 봉지,0.2853471390773441
fruits_nuts_rice,qwen3,1000118138,1,백진주 적히다,0.2570293786484997
fruits_nuts_rice,qwen3,5051038,1,백진주 적히다,0.20711028185083494
fruits_nuts_rice,qwen3,5031442,2,벗기다 나무,0.25766233899509466
fruits_nuts_rice,qwen3,5031442,1,벗기다 바나나,0.23427166672515196
fruits_nuts_rice,qwen3,5003716,2,벗기다 옆,0.3653675393804441
fruits_nuts_rice,qwen3,1000253378,1,베리 짙다,0.2775321871759829
fruits_nuts_rice,qwen3,1000908371,2,베이지 색,0.22415363139340416
fruits_nuts_rice,qwen3,5049631,1,베이지 색,0.21850802199003122
fruits_nuts_rice,qwen3,5051031,1,베이지 색,0.19789316268918455
fruits_nuts_rice,qwen3,5051031,1,벼 수확,0.2303298443400764
fruits_nuts_rice,qwen3,1000867509,2,벼 이삭,0.26827784474265526
fruits_nuts_rice,qwen3,1000867511,2,벼 줄기,0.2390970156345437
fruits_nuts_rice,qwen3,1000048867,1,보라색 쌀,0.33718126849425717
fruits_nuts_rice,qwen3,5053663,1,보라색 쌀,0.27808631975103437
fruits_nuts_rice,qwen3,1000338204,2,보라색 질감,0.3668619483529844
fruits_nuts_rice,qwen3,5038123,1,보라색 포도,0.2913187449488478
fruits_nuts_rice,qwen3,5038123,2,보라색 포도,0.3241827732781359
fruits_nuts_rice,qwen3,5025577,2,보송보송 껍질,0.21045112143221092
fruits_nuts_rice,qwen3,5132780,2,보송보송 껍질,0.23550696562718199
fruits_nuts_rice,qwen3,5061259,2,보이다 사과,0.22722510195989265
fruits_nuts_rice,qwen3,5048547,1,보이다 오른쪽,0.22944599184593087
fruits_nuts_rice,qwen3,1000763360,2,보이다 표면,0.22364509089049958
fruits_nuts_rice,qwen3,5027321,1,복숭아 가득,0.3211076947474656
fruits_nuts_rice,qwen3,5159977,2,복숭아 노란색,0.23667474133910987
fruits_nuts_rice,qwen3,5027321,2,복숭아 몇개,0.20819424381728
fruits_nuts_rice,qwen3,5056014,1,복숭아 몇개,0.2393740779114602
fruits_nuts_rice,qwen3,5056014,2,복숭아 몇개,0.2193120018240998
fruits_nuts_rice,qwen3,5159977,2,복숭아 몇개,0.19261459368264466
fruits_nuts_rice,qwen3,5159977,1,복숭아 통째,0.2756261923282737
fruits_nuts_rice,qwen3,5070409,1,봉지 1개,0.3724731669825814
fruits_nuts_rice,qwen3,1000118138,1,봉지 4kg,0.2801039396889524
fruits_nuts_rice,qwen3,1000032485,1,봉지 같다,0.37354308907191663
fruits_nuts_rice,qwen3,1001729429,1,봉지 금색,0.2853471390773441
fruits_nuts_rice,qwen3,1000122762,1,봉지 들다,0.1675876494875927
fruits_nuts_rice,qwen3,1000122762,2,봉지 들다,0.20169794747484235
fruits_nuts_rice,qwen3,1000144509,1,봉지 밝다,0.32664091534044
fruits_nuts_rice,qwen3,5121007,1,봉지 밝다,0.3223644325128435
fruits_nuts_rice,qwen3,5051031,1,봉지 벼,0.2303298443400764
fruits_nuts_rice,qwen3,5048547,1,봉지 보이다,0.22944599184593087
fruits_nuts_rice,qwen3,1000338204,1,봉지 블루베리,0.5145402089809036
fruits_nuts_rice,qwen3,1000867511,1,봉지 비다,0.2734134168847965
fruits_nuts_rice,qwen3,1000867509,2,봉지 연하다,0.26827784474265526
fruits_nuts_rice,qwen3,5053663,1,봉지 옆,0.27808631975103437
fruits_nuts_rice,qwen3,5134096,1,봉지 옆,0.3139659614115641
fruits_nuts_rice,qwen3,1000118138,1,봉지 위쪽,0.2801039396889524
fruits_nuts_rice,qwen3,1000030900,1,봉지 작다,0.36551862799575174
fruits_nuts_rice,qwen3,1000048867,1,봉지 작다,0.33718126849425717
fruits_nuts_rice,qwen3,1000908371,1,붉다 껍질,0.25474764666144256
fruits_nuts_rice,qwen3,5159977,2,붉다 빛,0.23667474133910987
fruits_nuts_rice,qwen3,1000908371,2,붉다 사과,0.23940253944785386
fruits_nuts_rice,qwen3,1001303421,1,붉다 사과,0.2655037479604018
fruits_nuts_rice,qwen3,1001234463,2,붉다 체리,0.2902016017052124
fruits_nuts_rice,qwen3,1001502284,2,붉다 체리,0.27929270999984857
fruits_nuts_rice,qwen3,5063578,1,붉다 체리,0.2948495608328306
fruits_nuts_rice,qwen3,5063578,2,붉다 체리,0.23328195931645485
fruits_nuts_rice,qwen3,5027321,2,붉은색 노란색,0.2558182008001511
fruits_nuts_rice,qwen3,5048547,1,붉은색 한국,0.22944599184593087
fruits_nuts_rice,qwen3,5061259,2,붓 육두구,0.22722510195989265
fruits_nuts_rice,qwen3,5036748,2,붙다 제스프리,0.17020152042325087
fruits_nuts_rice,qwen3,5036748,1,붙다 키위,0.1982489042265
fruits_nuts_rice,qwen3,1000122762,1,붙다 투명,0.1675876494875927
fruits_nuts_rice,qwen3,1000122762,2,붙다 투명,0.20169794747484235
fruits_nuts_rice,qwen3,1000858612,1,붙다 파인애플,0.24597041561172198
fruits_nuts_rice,qwen3,1001729429,1,붙다 한국어,0.2853471390773441
fruits_nuts_rice,qwen3,5045631,2,브랜드 Mon_to_Sun,0.22449514793773553
fruits_nuts_rice,qwen3,5048547,1,브랜드 명,0.21054455993385068
fruits_nuts_rice,qwen3,5094562,1,브랜드 명,0.2360937965427155
fruits_nuts_rice,qwen3,5053663,1,브랜드 보라색,0.3030512470809381
fruits_nuts_rice,qwen3,1000118138,1,브랜드 파란색,0.2801039396889524
fruits_nuts_rice,qwen3,1000032485,2,블루베리 가득,0.2862969044161596
fruits_nuts_rice,qwen3,1000253378,1,블루베리 가득,0.21558543320131926
fruits_nuts_rice,qwen3,1000253378,2,블루베리 가득,0.23701287274608476
fruits_nuts_rice,qwen3,1000338204,2,블루베리 가득,0.2849762864103658
fruits_nuts_rice,qwen3,5035954,1,블루베리 가득,0.2219624810680307
fruits_nuts_rice,qwen3,1000032485,1,블루베리 담기다,0.37354308907191663
fruits_nuts_rice,qwen3,5035954,2,블루베리 더,0.22668568852100698
fruits_nuts_rice,qwen3,1000253378,2,블루베리 몇,0.27998155983958306
fruits_nuts_rice,qwen3,5035954,1,블루베리 몇,0.2622026430685409
fruits_nuts_rice,qwen3,5035954,2,블루베리 민트,0.22668568852100698
fruits_nuts_rice,qwen3,1000032485,1,블루베리 봉지,0.3427711448443533
fruits_nuts_rice,qwen3,1000338204,1,블루베리 봉지,0.4721531241256118
fruits_nuts_rice,qwen3,1000338204,2,블루베리 짙다,0.3668619483529844
fruits_nuts_rice,qwen3,1000122762,1,비닐 봉지,0.1675876494875927
fruits_nuts_rice,qwen3,1000122762,2,비닐 봉지,0.20169794747484235
fruits_nuts_rice,qwen3,1000867511,1,비다 줄기,0.2734134168847965
fruits_nuts_rice,qwen3,1001303421,1,빛 감돌다,0.2655037479604018
fruits_nuts_rice,qwen3,5159977,2,빛 감돌다,0.2171778154057327
fruits_nuts_rice,qwen3,5162187,1,빛 도다,0.26310045631975115
fruits_nuts_rice,qwen3,1001303421,2,빛 반점,0.24986928803871222
fruits_nuts_rice,qwen3,1001882653,1,빨간색 노란색,0.29139959362196066
fruits_nuts_rice,qwen3,1001882653,2,빨간색 노란색,0.25103765604479755
fruits_nuts_rice,qwen3,5027321,1,빨간색 노란색,0.2758870326139176
fruits_nuts_rice,qwen3,1000122762,1,빨간색 밀봉,0.1675876494875927
fruits_nuts_rice,qwen3,1000122762,2,빨간색 밀봉,0.20169794747484235
fruits_nuts_rice,qwen3,1001502284,1,빨간색 체리,0.282699591344741
fruits_nuts_rice,qwen3,1001234463,1,빨간색 타원,0.3166561897814051
fruits_nuts_rice,qwen3,1000122762,1,사과 1개,0.1675876494875927
fruits_nuts_rice,qwen3,1000122762,2,사과 1개,0.20169794747484235
fruits_nuts_rice,qwen3,1000122762,1,사과 2개,0.18263266678507362
fruits_nuts_rice,qwen3,1001303421,1,사과 4개,0.2893390872161505
fruits_nuts_rice,qwen3,5061259,1,사과 대리석,0.36125974276100153
fruits_nuts_rice,qwen3,5061259,2,사과 더,0.22722510195989265
fruits_nuts_rice,qwen3,1000102438,1,사과 들다,0.24998195283628413
fruits_nuts_rice,qwen3,1000102438,2,사과 들다,0.2882135355594888
fruits_nuts_rice,qwen3,1000908371,1,사과 몇개,0.20732298755530662
fruits_nuts_rice,qwen3,1001882653,1,사과 몇개,0.27602323673759266
fruits_nuts_rice,qwen3,1001882653,2,사과 몇개,0.2377910878434439
fruits_nuts_rice,qwen3,5061259,1,사과 몇개,0.2940064418032111
fruits_nuts_rice,qwen3,1001303421,2,사과 무더기,0.24986928803871222
fruits_nuts_rice,qwen3,1001303421,2,사과 밝다,0.24986928803871222
fruits_nuts_rice,qwen3,1000908371,1,사과 상자,0.25474764666144256
fruits_nuts_rice,qwen3,1000908371,1,사과 썰다,0.25474764666144256
fruits_nuts_rice,qwen3,1000908371,2,사과 여러개,0.26089466824175095
fruits_nuts_rice,qwen3,1000102438,1,사과 작다,0.24998195283628413
fruits_nuts_rice,qwen3,1000102438,2,사과 작다,0.2882135355594888
fruits_nuts_rice,qwen3,1000122762,1,사과 정물,0.18263266678507362
fruits_nuts_rice,qwen3,1001882653,2,사과 조각,0.2921852551879801
fruits_nuts_rice,qwen3,5061259,2,사과 주변,0.22722510195989265
fruits_nuts_rice,qwen3,1000122762,1,사과 중,0.1675876494875927
fruits_nuts_rice,qwen3,1000122762,2,사과 중,0.20169794747484235
fruits_nuts_rice,qwen3,1000122762,2,사과 클로즈업,0.20169794747484235
fruits_nuts_rice,qwen3,5061259,2,사과 클로즈업,0.20850662377312035
fruits_nuts_rice,qwen3,1000048867,1,산 풍경,0.367451387040542
fruits_nuts_rice,qwen3,5051031,1,삽화 그리다,0.2303298443400764
fruits_nuts_rice,qwen3,5048547,1,상단 모서리,0.22944599184593087
fruits_nuts_rice,qwen3,1000973922,1,상자 365,0.28472118745698527
fruits_nuts_rice,qwen3,5052626,1,상자 IT’S_REAL_SEVEN,0.33313085419131083
fruits_nuts_rice,qwen3,5094562,1,상자 상자,0.2360937965427155
fruits_nuts_rice,qwen3,5094562,2,상자 상자,0.1936865669589216
fruits_nuts_rice,qwen3,1000102438,1,상자 안,0.23405918182949378
fruits_nuts_rice,qwen3,1000102438,2,상자 안,0.2698555778121283
fruits_nuts_rice,qwen3,5094562,1,상자 안,0.2210556411246106
fruits_nuts_rice,qwen3,1000973922,1,상자 앞쪽,0.28472118745698527
fruits_nuts_rice,qwen3,5045631,1,상자 열리다,0.14875204724081795
fruits_nuts_rice,qwen3,5045631,1,상자 월요일,0.14875204724081795
fruits_nuts_rice,qwen3,1000908371,2,상자 일부,0.26089466824175095
fruits_nuts_rice,qwen3,5094562,2,상자 자연,0.21107458904226978
fruits_nuts_rice,qwen3,1000908371,1,상자 주위,0.25474764666144256
fruits_nuts_rice,qwen3,1000066062,2,상태 섞이다,0.27295280402905214
fruits_nuts_rice,qwen3,5063578,1,상판 붉다,0.36229572333982546
fruits_nuts_rice,qwen3,5035954,1,상판 주위,0.2857416288617838
fruits_nuts_rice,qwen3,5051031,1,색 4kg,0.2303298443400764
fruits_nuts_rice,qwen3,1000118138,2,색 도자기,0.39365984826394973
fruits_nuts_rice,qwen3,5049631,2,색 썰다,0.2526744412172188
fruits_nuts_rice,qwen3,5049631,1,색 줄무늬,0.2543236866200861
fruits_nuts_rice,qwen3,1001303421,2,색 질감,0.24986928803871222
fruits_nuts_rice,qwen3,1000908371,1,색 천,0.21887227697261175
fruits_nuts_rice,qwen3,1000908371,2,색 천,0.22415363139340416
fruits_nuts_rice,qwen3,1001303421,1,색 천,0.2485923056252556
fruits_nuts_rice,qwen3,1001234463,2,색 표면,0.30636778919353863
fruits_nuts_rice,qwen3,5003716,1,색 표면,0.327285628075826
fruits_nuts_rice,qwen3,5068728,2,색 표면,0.19714152130388082
fruits_nuts_rice,qwen3,5045631,1,색상 구분,0.14875204724081795
fruits_nuts_rice,qwen3,5045631,2,색상 표면,0.22449514793773553
fruits_nuts_rice,qwen3,5159977,1,생기 넘치다,0.2756261923282737
fruits_nuts_rice,qwen3,1000032485,2,서리 내리다,0.31665851658265853
fruits_nuts_rice,qwen3,1000253378,1,서리 내리다,0.23844813695619665
fruits_nuts_rice,qwen3,5038123,1,서리 내리다,0.2727629987712669
fruits_nuts_rice,qwen3,5052626,2,섞이다 IT’S_REAL_SEVEN,0.21069640168103512
fruits_nuts_rice,qwen3,1000973922,2,섞이다 담기다,0.23921452621559658
fruits_nuts_rice,qwen3,5045631,2,섞이다 담기다,0.20600155945009366
fruits_nuts_rice,qwen3,1000066062,2,섞이다 쌀알,0.27295280402905214
fruits_nuts_rice,qwen3,1000066062,2,섞이다 채,0.27295280402905214
fruits_nuts_rice,qwen3,1000066062,1,섞이다 흰색,0.2388677478519277
fruits_nuts_rice,qwen3,5132780,2,선명 녹색,0.2566493730920025
fruits_nuts_rice,qwen3,5068728,2,선명 밝다,0.2294550013645842
fruits_nuts_rice,qwen3,1000908371,1,선명 붉다,0.25474764666144256
fruits_nuts_rice,qwen3,1001234463,1,선명 빨간색,0.3166561897814051
fruits_nuts_rice,qwen3,5034841,2,선명 주황색,0.23858617140355487
fruits_nuts_rice,qwen3,5068728,1,선명 주황색,0.29484801226338786
fruits_nuts_rice,qwen3,5094562,2,선물 상자,0.21107458904226978
fruits_nuts_rice,qwen3,1000973922,1,소 포장,0.28472118745698527
fruits_nuts_rice,qwen3,5094562,2,소재 만들다,0.21107458904226978
fruits_nuts_rice,qwen3,1001882653,2,속 드러나다,0.2377910878434439
fruits_nuts_rice,qwen3,5056014,2,속 드러나다,0.2193120018240998
fruits_nuts_rice,qwen3,5063690,2,속 드러나다,0.16982674586868549
fruits_nuts_rice,qwen3,5068728,1,속 드러나다,0.26150014435935237
fruits_nuts_rice,qwen3,5159977,1,속살 드러나다,0.25292050169682856
fruits_nuts_rice,qwen3,5159977,2,속살 드러나다,0.2171778154057327
fruits_nuts_rice,qwen3,5051031,2,손 유리,0.3304018271390999
fruits_nuts_rice,qwen3,5038123,2,송이 밝다,0.3532859646316012
fruits_nuts_rice,qwen3,1000763360,1,송이 옆,0.3473061667312834
fruits_nuts_rice,qwen3,5048580,2,송이 주변,0.36949522345514296
fruits_nuts_rice,qwen3,1000763360,2,송이 중,0.22364509089049958
fruits_nuts_rice,qwen3,5048580,1,송이 포도,0.3666312101893031
fruits_nuts_rice,qwen3,5038123,1,송이 희다,0.31747160030684557
fruits_nuts_rice,qwen3,5051031,1,수확 농부,0.2303298443400764
fruits_nuts_rice,qwen3,5159977,2,수확 복숭아,0.23667474133910987
fruits_nuts_rice,qwen3,5053663,2,숟가락 꽂히다,0.4182231118370808
fruits_nuts_rice,qwen3,1002140343,2,숟가락 담기다,0.285278345041248
fruits_nuts_rice,qwen3,1000253378,1,숟가락 베리,0.2775321871759829
fruits_nuts_rice,qwen3,5035954,2,숟가락 흰색,0.22668568852100698
fruits_nuts_rice,qwen3,5052626,2,스낵 바,0.42139280336207025
fruits_nuts_rice,qwen3,5045631,2,스낵 팩,0.22449514793773553
fruits_nuts_rice,qwen3,5045631,1,스낵 포장지,0.14875204724081795
fruits_nuts_rice,qwen3,5061259,2,스타 아니스,0.22722510195989265
fruits_nuts_rice,qwen3,1000122762,1,스티커 붙다,0.15691303983645202
fruits_nuts_rice,qwen3,1000122762,2,스티커 붙다,0.1888506591256516
fruits_nuts_rice,qwen3,5025577,2,스티커 붙다,0.19704629369697874
fruits_nuts_rice,qwen3,5094562,1,슬로건 적히다,0.2572888861789364
fruits_nuts_rice,qwen3,5025577,1,식탁 썰다,0.2437936272982289
fruits_nuts_rice,qwen3,5068728,1,식탁보 흩뿌리다,0.32131770414219757
fruits_nuts_rice,qwen3,5094562,2,심플 디자인,0.21107458904226978
fruits_nuts_rice,qwen3,1000144509,1,쌀 4kg,0.35596478399297904
fruits_nuts_rice,qwen3,1000066062,2,쌀 검다,0.2504673432935654
fruits_nuts_rice,qwen3,5051031,2,쌀 검다,0.30318379822931596
fruits_nuts_rice,qwen3,5134096,1,쌀 담다,0.34215194847385605
fruits_nuts_rice,qwen3,1000030900,1,쌀 봉지,0.26036834159195327
fruits_nuts_rice,qwen3,1000048867,1,쌀 봉지,0.2401829098973889
fruits_nuts_rice,qwen3,1000118138,1,쌀 봉지,0.18308865248831555
fruits_nuts_rice,qwen3,1000867509,2,쌀 봉지,0.17535857989340364
fruits_nuts_rice,qwen3,1000867511,1,쌀 봉지,0.17871542301494384
fruits_nuts_rice,qwen3,5048547,1,쌀 봉지,0.14997631776463513
fruits_nuts_rice,qwen3,5051031,1,쌀 봉지,0.15055404388420074
fruits_nuts_rice,qwen3,5053663,1,쌀 봉지,0.1980880544720911
fruits_nuts_rice,qwen3,5121007,1,쌀 봉지,0.2296284956578895
fruits_nuts_rice,qwen3,5134096,1,쌀 봉지,0.22364604818445052
fruits_nuts_rice,qwen3,1000066062,2,쌀 섞이다,0.27295280402905214
fruits_nuts_rice,qwen3,5053663,1,쌀 종류,0.3030512470809381
fruits_nuts_rice,qwen3,1000867509,1,쌀 포대,0.2700399808350446
fruits_nuts_rice,qwen3,1000867511,2,쌀 포대,0.2054256787652964
fruits_nuts_rice,qwen3,5051038,1,쌀 포대,0.19391825117163466
fruits_nuts_rice,qwen3,1000066062,2,쌀 현미,0.27295280402905214
fruits_nuts_rice,qwen3,1001729429,2,쌀밥 가득,0.3129575651190192
fruits_nuts_rice,qwen3,5053663,2,쌀밥 가득,0.3837704913800847
fruits_nuts_rice,qwen3,1000030900,2,쌀알 가득,0.4574888614403379
fruits_nuts_rice,qwen3,1000048867,2,쌀알 가득,0.35234627174506034
fruits_nuts_rice,qwen3,1000144509,2,쌀알 가득,0.4527495685157599
fruits_nuts_rice,qwen3,5048547,2,쌀알 가득,0.2694990906330219
fruits_nuts_rice,qwen3,5051038,2,쌀알 가득,0.2790214723283221
fruits_nuts_rice,qwen3,5070409,2,쌀알 가득,0.3981336774636446
fruits_nuts_rice,qwen3,5121007,2,쌀알 가득,0.4527495685157599
fruits_nuts_rice,qwen3,5134096,2,쌀알 가득,0.31421258090852094
fruits_nuts_rice,qwen3,1000118138,2,쌀알 가지런히,0.39365984826394973
fruits_nuts_rice,qwen3,1000867511,1,쌀알 그림,0.2734134168847965
fruits_nuts_rice,qwen3,5051038,2,쌀알 몇,0.40180750712054575
fruits_nuts_rice,qwen3,1000867509,2,쌀알 벼,0.26827784474265526
fruits_nuts_rice,qwen3,5048547,1,쌀알 보이다,0.22944599184593087
fruits_nuts_rice,qwen3,1000066062,2,쌀알 자연,0.27295280402905214
fruits_nuts_rice,qwen3,5051038,1,쌀알 작다,0.22570340480744427
fruits_nuts_rice,qwen3,5068728,2,쌓이다 중,0.2294550013645842
fruits_nuts_rice,qwen3,1000908371,1,썰다 사과,0.25474764666144256
fruits_nuts_rice,qwen3,5031442,1,썰다 조각,0.21497270263381854
fruits_nuts_rice,qwen3,5049631,2,썰다 조각,0.46371896588486367
fruits_nuts_rice,qwen3,5025577,1,썰다 키위,0.39681640887216
fruits_nuts_rice,qwen3,5025577,2,썰다 키위,0.18664870152134433
fruits_nuts_rice,qwen3,5036748,1,썰다 키위,0.32268447337947304
fruits_nuts_rice,qwen3,5036748,2,썰다 키위,0.41554873809098947
fruits_nuts_rice,qwen3,5031442,2,썰다 포크,0.25766233899509466
fruits_nuts_rice,qwen3,5031442,1,썰다 흰색,0.23427166672515196
fruits_nuts_rice,qwen3,5049631,1,씨 가득,0.2543236866200861
fruits_nuts_rice,qwen3,5025577,1,씨 드러나다,0.22371025774400824
fruits_nuts_rice,qwen3,5036748,2,씨 드러나다,0.15618056314380185
fruits_nuts_rice,qwen3,1002140343,2,씨 드러내다,0.26177752390505304
fruits_nuts_rice,qwen3,5025577,2,씨 드러내다,0.21045112143221092
fruits_nuts_rice,qwen3,5049631,2,씨방 드러나다,0.2526744412172188
fruits_nuts_rice,qwen3,5051031,1,씨아나온_완전미_고시하카리 문구,0.2303298443400764
fruits_nuts_rice,qwen3,5045631,1,씨앗 간식,0.14875204724081795
fruits_nuts_rice,qwen3,5045631,1,씨앗 담기다,0.14875204724081795
fruits_nuts_rice,qwen3,1000122762,1,씨앗 드러나다,0.14863316933166862
fruits_nuts_rice,qwen3,1000122762,2,씨앗 드러나다,0.17888552809553987
fruits_nuts_rice,qwen3,1001303421,1,씨앗 드러나다,0.23547477185490737
fruits_nuts_rice,qwen3,1001303421,2,씨앗 드러나다,0.20335280020604024
fruits_nuts_rice,qwen3,5045631,1,씨앗 들다,0.14875204724081795
fruits_nuts_rice,qwen3,1000066062,1,씨앗 섞이다,0.21919016518555948
fruits_nuts_rice,qwen3,5052626,2,씨앗 섞이다,0.193339534130398
fruits_nuts_rice,qwen3,5132780,1,씨앗 잘,0.28788425075829754
fruits_nuts_rice,qwen3,5132780,2,씨앗 잘,0.23550696562718199
fruits_nuts_rice,qwen3,5061259,2,아니스 흩어지다,0.22722510195989265
fruits_nuts_rice,qwen3,5063690,2,아래 토마토,0.20867422546994419
fruits_nuts_rice,qwen3,1000973922,2,아몬드 캐슈넛,0.26068977630548346
fruits_nuts_rice,qwen3,1002140343,1,아보카도 3개,0.31424652449891777
fruits_nuts_rice,qwen3,1002140343,2,아보카도 그리고,0.285278345041248
fruits_nuts_rice,qwen3,1002140343,2,아보카도 숟가락,0.285278345041248
fruits_nuts_rice,qwen3,1002140343,2,아보카도 씨,0.285278345041248
fruits_nuts_rice,qwen3,1002140343,1,아보카도 조각,0.31424652449891777
fruits_nuts_rice,qwen3,1000908371,1,아삭아삭 과육,0.25474764666144256
fruits_nuts_rice,qwen3,1000102438,1,안 15개,0.24998195283628413
fruits_nuts_rice,qwen3,1000102438,2,안 15개,0.2882135355594888
fruits_nuts_rice,qwen3,5094562,1,안 다양,0.2572888861789364
fruits_nuts_rice,qwen3,5051038,1,안 들다,0.22570340480744427
fruits_nuts_rice,qwen3,5035954,2,안 숟가락,0.22668568852100698
fruits_nuts_rice,qwen3,5068728,2,알 드러나다,0.2294550013645842
fruits_nuts_rice,qwen3,5048580,2,알 몇개,0.36949522345514296
fruits_nuts_rice,qwen3,5035954,1,알 민트,0.2857416288617838
fruits_nuts_rice,qwen3,1000763360,2,알 반,0.22364509089049958
fruits_nuts_rice,qwen3,1001729429,2,알 쌀알,0.3129575651190192
fruits_nuts_rice,qwen3,5048547,2,알 쌀알,0.3561240253866511
fruits_nuts_rice,qwen3,1000253378,2,알 얹다,0.3051166304945008
fruits_nuts_rice,qwen3,5051038,2,알 흩어지다,0.40180750712054575
fruits_nuts_rice,qwen3,5038123,2,알갱이 몇개,0.3532859646316012
fruits_nuts_rice,qwen3,5036748,1,앞 작다,0.1982489042265
fruits_nuts_rice,qwen3,1000858612,1,앞 흰색,0.24597041561172198
fruits_nuts_rice,qwen3,1000973922,1,앞쪽 견과,0.28472118745698527
fruits_nuts_rice,qwen3,5162187,1,앞쪽 반,0.26310045631975115
fruits_nuts_rice,qwen3,5025577,1,앞쪽 식탁,0.2437936272982289
fruits_nuts_rice,qwen3,5094562,2,야자 12개,0.21107458904226978
fruits_nuts_rice,qwen3,5053663,1,야채혼배남 쌀,0.3030512470809381
fruits_nuts_rice,qwen3,5031442,1,얇다 썰다,0.20127986969963121
fruits_nuts_rice,qwen3,5031442,2,얇다 썰다,0.2213765016675267
fruits_nuts_rice,qwen3,5036748,2,얇다 썰다,0.4386976069154293
fruits_nuts_rice,qwen3,5094562,2,얹다 대추,0.21107458904226978
fruits_nuts_rice,qwen3,1000253378,2,얹다 은색,0.3051166304945008
fruits_nuts_rice,qwen3,1000253378,2,얼리다 블루베리,0.27998155983958306
fruits_nuts_rice,qwen3,1000338204,2,얼리다 블루베리,0.3366403869208578
fruits_nuts_rice,qwen3,5051031,2,에나멜 냄비,0.3304018271390999
fruits_nuts_rice,qwen3,5031442,1,여러개 나무,0.23427166672515196
fruits_nuts_rice,qwen3,5025577,2,여러개 반,0.2293441649942085
fruits_nuts_rice,qwen3,1000122762,2,여러개 사과,0.21980518340722568
fruits_nuts_rice,qwen3,5063690,2,여러개 아래,0.20867422546994419
fruits_nuts_rice,qwen3,1000908371,2,여러개 클로즈업,0.26089466824175095
fruits_nuts_rice,qwen3,5048547,1,여주대왕일포 브랜드,0.22944599184593087
fruits_nuts_rice,qwen3,5063690,2,엮다 바구니,0.20867422546994419
fruits_nuts_rice,qwen3,1000253378,1,연두색 냉동,0.2775321871759829
fruits_nuts_rice,qwen3,1000122762,1,연하다 노란색,0.14863316933166862
fruits_nuts_rice,qwen3,1000122762,2,연하다 노란색,0.17888552809553987
fruits_nuts_rice,qwen3,1001303421,1,연하다 노란색,0.23547477185490737
fruits_nuts_rice,qwen3,1001303421,2,연하다 노란색,0.20335280020604024
fruits_nuts_rice,qwen3,1000253378,2,연하다 녹색,0.23701287274608476
fruits_nuts_rice,qwen3,1000867509,1,연하다 녹색,0.24414821182139726
fruits_nuts_rice,qwen3,1000867509,2,연하다 녹색,0.20839671234416982
fruits_nuts_rice,qwen3,1000867511,1,연하다 녹색,0.2123859957360025
fruits_nuts_rice,qwen3,1000867511,2,연하다 녹색,0.18572920934763704
fruits_nuts_rice,qwen3,5045631,1,열리다 모습,0.14875204724081795
fruits_nuts_rice,qwen3,5031442,2,옅다 파란색,0.25766233899509466
fruits_nuts_rice,qwen3,5063578,2,옆 반,0.28664467382607006
fruits_nuts_rice,qwen3,1000763360,1,옆 밝다,0.3186955825571875
fruits_nuts_rice,qwen3,5003716,2,옆 밝다,0.3352690852173355
fruits_nuts_rice,qwen3,5134096,1,옆 쌀,0.34215194847385605
fruits_nuts_rice,qwen3,1000867509,2,옆 쌀알,0.26827784474265526
fruits_nuts_rice,qwen3,1000867511,1,옆 연하다,0.2734134168847965
fruits_nuts_rice,qwen3,1000144509,1,옆 작다,0.24718756212027848
fruits_nuts_rice,qwen3,1000867509,1,옆 작다,0.21825644280774992
fruits_nuts_rice,qwen3,1000867511,2,옆 작다,0.16603273992997766
fruits_nuts_rice,qwen3,1001729429,1,옆 작다,0.198149555344542
fruits_nuts_rice,qwen3,5036748,2,옆 작다,0.11819062107957844
fruits_nuts_rice,qwen3,5051038,1,옆 작다,0.156732005258416
fruits_nuts_rice,qwen3,5053663,1,옆 작다,0.21044356726289185
fruits_nuts_rice,qwen3,5070409,1,옆 작다,0.2586512437237603
fruits_nuts_rice,qwen3,5035954,2,옆 질감,0.22668568852100698
fruits_nuts_rice,qwen3,5056014,2,옆 칼,0.26947912051670314
fruits_nuts_rice,qwen3,5034841,2,옆 탁자,0.26000501155485123
fruits_nuts_rice,qwen3,5063690,2,옆 토마토,0.20867422546994419
fruits_nuts_rice,qwen3,5034841,1,옆 통째,0.2314800280015251
fruits_nuts_rice,qwen3,1000973922,2,옆 회색,0.20250234370233863
fruits_nuts_rice,qwen3,1001882653,1,옆 회색,0.26345983838497844
fruits_nuts_rice,qwen3,1001882653,2,옆 회색,0.22696785355132973
fruits_nuts_rice,qwen3,1002140343,1,옆 회색,0.24410492276757034
fruits_nuts_rice,qwen3,5048547,2,옆 회색,0.3014697766494002
fruits_nuts_rice,qwen3,1001729429,2,옆 희다,0.3410530243905674
fruits_nuts_rice,qwen3,1000102438,1,예쁘다 종이컵,0.2724238381182804
fruits_nuts_rice,qwen3,5048547,1,오른쪽 상단,0.22944599184593087
fruits_nuts_rice,qwen3,5049631,2,오이 3개,0.2526744412172188
fruits_nuts_rice,qwen3,5049631,2,오이 썰다,0.2526744412172188
fruits_nuts_rice,qwen3,5053663,1,오크라이스 브랜드,0.3030512470809381
fruits_nuts_rice,qwen3,5035954,2,올리다 안,0.22668568852100698
fruits_nuts_rice,qwen3,1000867509,2,왼쪽 희다,0.26827784474265526
fruits_nuts_rice,qwen3,5035954,2,요거트 담기다,0.22668568852100698
fruits_nuts_rice,qwen3,5045631,2,요일 목,0.22449514793773553
fruits_nuts_rice,qwen3,5048547,1,용 문양,0.22944599184593087
fruits_nuts_rice,qwen3,1000066062,1,용기 검은색,0.2388677478519277
fruits_nuts_rice,qwen3,5036748,1,용기 라벨,0.1982489042265
fruits_nuts_rice,qwen3,5036748,2,용기 옆,0.17020152042325087
fruits_nuts_rice,qwen3,1000858612,1,용기 회색,0.24597041561172198
fruits_nuts_rice,qwen3,5036748,1,용기 흰색,0.1982489042265
fruits_nuts_rice,qwen3,1000066062,1,원통 용기,0.2388677478519277
fruits_nuts_rice,qwen3,5051038,1,원형 무늬,0.22570340480744427
fruits_nuts_rice,qwen3,5045631,1,월요일 일요일,0.14875204724081795
fruits_nuts_rice,qwen3,1000118138,1,위쪽 작다,0.2801039396889524
fruits_nuts_rice,qwen3,5121007,1,유기농 쌀,0.35130438410281684
fruits_nuts_rice,qwen3,5035954,1,유리 2개,0.2857416288617838
fruits_nuts_rice,qwen3,5051031,2,유리 담기다,0.3304018271390999
fruits_nuts_rice,qwen3,5035954,2,유리 블루베리,0.22668568852100698
fruits_nuts_rice,qwen3,5061259,2,육두구 스타,0.22722510195989265
fruits_nuts_rice,qwen3,1000763360,2,윤기 나다,0.22364509089049958
fruits_nuts_rice,qwen3,1002140343,2,으깨다 아보카도,0.285278345041248
fruits_nuts_rice,qwen3,1000253378,1,은색 숟가락,0.25466948342110546
fruits_nuts_rice,qwen3,1000253378,2,은색 숟가락,0.27998155983958306
fruits_nuts_rice,qwen3,1000867509,1,이삭 1개,0.3143022523169385
fruits_nuts_rice,qwen3,1000867509,2,이삭 몇개,0.26827784474265526
fruits_nuts_rice,qwen3,5003716,1,익다 바나나,0.31001566363329774
fruits_nuts_rice,qwen3,5003716,2,익다 바나나,0.29734951750409966
fruits_nuts_rice,qwen3,5031442,1,익다 바나나,0.19065888333629477
fruits_nuts_rice,qwen3,5031442,2,익다 바나나,0.20969507118527
fruits_nuts_rice,qwen3,5027321,2,익다 복숭아,0.2558182008001511
fruits_nuts_rice,qwen3,5063690,2,익다 토마토,0.20867422546994419
fruits_nuts_rice,qwen3,5052626,2,인쇄 스낵,0.21069640168103512
fruits_nuts_rice,qwen3,5051031,1,인증 마크,0.2303298443400764
fruits_nuts_rice,qwen3,5051038,1,일러스트 그리다,0.22570340480744427
fruits_nuts_rice,qwen3,1000122762,1,일부 반,0.18263266678507362
fruits_nuts_rice,qwen3,1000908371,2,일부 보이다,0.26089466824175095
fruits_nuts_rice,qwen3,5162187,2,일부 주황색,0.27478590261806135
fruits_nuts_rice,qwen3,5162187,2,일부 초록색,0.27478590261806135
fruits_nuts_rice,qwen3,1000122762,1,일부 통째,0.13119341288783046
fruits_nuts_rice,qwen3,1000122762,2,일부 통째,0.15789613484407752
fruits_nuts_rice,qwen3,1000908371,2,일부 통째,0.1874125945450574
fruits_nuts_rice,qwen3,1001303421,2,일부 통째,0.179492558755815
fruits_nuts_rice,qwen3,5056014,1,일부 통째,0.21128730807054596
fruits_nuts_rice,qwen3,5056014,2,일부 통째,0.19357919995880327
fruits_nuts_rice,qwen3,5068728,2,일부 통째,0.16482804124317743
fruits_nuts_rice,qwen3,5045631,1,일요일 주간,0.14875204724081795
fruits_nuts_rice,qwen3,5045631,1,일정 표시,0.14875204724081795
fruits_nuts_rice,qwen3,5035954,1,잎 흩어지다,0.2857416288617838
fruits_nuts_rice,qwen3,5048580,1,잎사귀 몇,0.2983779392022489
fruits_nuts_rice,qwen3,5056014,1,잎사귀 몇,0.2393740779114602
fruits_nuts_rice,qwen3,5056014,2,잎사귀 몇,0.2193120018240998
fruits_nuts_rice,qwen3,5159977,2,잎사귀 몇,0.19261459368264466
fruits_nuts_rice,qwen3,5027321,1,잎사귀 주위,0.3211076947474656
fruits_nuts_rice,qwen3,5027321,2,잎사귀 흩어지다,0.2558182008001511
fruits_nuts_rice,qwen3,5063690,2,자르다 과즙,0.20867422546994419
fruits_nuts_rice,qwen3,1002140343,2,자르다 아보카도,0.285278345041248
fruits_nuts_rice,qwen3,5132780,1,자르다 키,0.28788425075829754
fruits_nuts_rice,qwen3,5132780,2,자르다 키,0.23550696562718199
fruits_nuts_rice,qwen3,5063578,2,자르다 토마토,0.28664467382607006
fruits_nuts_rice,qwen3,5094562,2,자연 갈색,0.21107458904226978
fruits_nuts_rice,qwen3,1000066062,2,자연 상태,0.27295280402905214
fruits_nuts_rice,qwen3,5034841,1,작다 귤,0.2314800280015251
fruits_nuts_rice,qwen3,1000867511,1,작다 그리다,0.2734134168847965
fruits_nuts_rice,qwen3,5045631,1,작다 내용물,0.14875204724081795
fruits_nuts_rice,qwen3,1000118138,1,작다 담기다,0.24065771704732014
fruits_nuts_rice,qwen3,1000867509,1,작다 담기다,0.2700399808350446
fruits_nuts_rice,qwen3,1000867511,2,작다 담기다,0.2054256787652964
fruits_nuts_rice,qwen3,1000030900,1,작다 밥그릇,0.26808174415785463
fruits_nuts_rice,qwen3,1000048867,1,작다 밥그릇,0.24729831979000785
fruits_nuts_rice,qwen3,1000144509,1,작다 밥그릇,0.239567725393194
fruits_nuts_rice,qwen3,1001729429,1,작다 밥그릇,0.19204137074852612
fruits_nuts_rice,qwen3,5048547,1,작다 밥그릇,0.15441936067529413
fruits_nuts_rice,qwen3,5051038,1,작다 밥그릇,0.15190056358014672
fruits_nuts_rice,qwen3,5053663,1,작다 밥그릇,0.20395640581733257
fruits_nuts_rice,qwen3,5070409,1,작다 밥그릇,0.2506780260200581
fruits_nuts_rice,qwen3,5121007,1,작다 밥그릇,0.236431231415939
fruits_nuts_rice,qwen3,1000102438,1,작다 예쁘다,0.2724238381182804
fruits_nuts_rice,qwen3,1000867509,2,작다 왼쪽,0.26827784474265526
fruits_nuts_rice,qwen3,5051038,1,작다 일러스트,0.22570340480744427
fruits_nuts_rice,qwen3,1000102438,2,작다 흰색,0.25561603952004774
fruits_nuts_rice,qwen3,1000973922,1,작다 흰색,0.23171655549119183
fruits_nuts_rice,qwen3,5036748,1,작다 흰색,0.16134223668973652
fruits_nuts_rice,qwen3,5036748,2,작다 흰색,0.13851624603032983
fruits_nuts_rice,qwen3,5132780,1,잘 드러나다,0.28788425075829754
fruits_nuts_rice,qwen3,5132780,2,잘 드러나다,0.23550696562718199
fruits_nuts_rice,qwen3,5003716,1,잘 익다,0.28397474276364654
fruits_nuts_rice,qwen3,5003716,2,잘 익다,0.2723725367760796
fruits_nuts_rice,qwen3,5027321,2,잘 익다,0.19070619251940887
fruits_nuts_rice,qwen3,5031442,1,잘 익다,0.17464377998355163
fruits_nuts_rice,qwen3,5031442,2,잘 익다,0.19208095230013317
fruits_nuts_rice,qwen3,5063690,2,잘 익다,0.15556151552875047
fruits_nuts_rice,qwen3,5025577,1,잘리다 과육,0.2437936272982289
fruits_nuts_rice,qwen3,1001882653,2,잘리다 과즙,0.1966434887002613
fruits_nuts_rice,qwen3,5034841,1,잘리다 과즙,0.1557882865833492
fruits_nuts_rice,qwen3,5034841,2,잘리다 과즙,0.1749858750360412
fruits_nuts_rice,qwen3,5056014,2,잘리다 과즙,0.18136204154514987
fruits_nuts_rice,qwen3,5068728,1,잘리다 과즙,0.2162499072139333
fruits_nuts_rice,qwen3,5068728,2,잘리다 과즙,0.15442542416805444
fruits_nuts_rice,qwen3,5159977,1,잘리다 과즙,0.18549908003307966
fruits_nuts_rice,qwen3,5159977,2,잘리다 과즙,0.1592843786528934
fruits_nuts_rice,qwen3,5162187,2,잘리다 과즙,0.18493355697125108
fruits_nuts_rice,qwen3,5034841,1,잘리다 귤,0.21241103510660808
fruits_nuts_rice,qwen3,5162187,1,잘리다 귤,0.24142661786584488
fruits_nuts_rice,qwen3,1000122762,1,잘리다 사과,0.18263266678507362
fruits_nuts_rice,qwen3,1002140343,1,잘리다 아보카도,0.31424652449891777
fruits_nuts_rice,qwen3,1000122762,1,잘리다 연하다,0.14863316933166862
fruits_nuts_rice,qwen3,1000122762,2,잘리다 연하다,0.17888552809553987
fruits_nuts_rice,qwen3,1001303421,1,잘리다 연하다,0.23547477185490737
fruits_nuts_rice,qwen3,1001303421,2,잘리다 연하다,0.20335280020604024
fruits_nuts_rice,qwen3,1001882653,1,잘리다 조각,0.33916292067717774
fruits_nuts_rice,qwen3,5056014,1,잘리다 주변,0.2941303506126156
fruits_nuts_rice,qwen3,1000908371,2,잘리다 중,0.26089466824175095
fruits_nuts_rice,qwen3,5025577,2,잘리다 키위,0.2293441649942085
fruits_nuts_rice,qwen3,1000763360,1,잘리다 포도,0.3186955825571875
fruits_nuts_rice,qwen3,1000763360,2,잘리다 포도,0.2052215288839065
fruits_nuts_rice,qwen3,5048580,1,장 보이다,0.3666312101893031
fruits_nuts_rice,qwen3,5056014,1,장 흩어지다,0.2527088293415808
fruits_nuts_rice,qwen3,5056014,2,장 흩어지다,0.2315291602377532
fruits_nuts_rice,qwen3,5159977,2,장 흩어지다,0.20334452630935862
fruits_nuts_rice,qwen3,5094562,2,쟁반 담기다,0.21107458904226978
fruits_nuts_rice,qwen3,1001729429,1,적히다 10kg,0.2853471390773441
fruits_nuts_rice,qwen3,1000030900,1,적히다 4kg,0.3422366696533262
fruits_nuts_rice,qwen3,1000867509,1,적히다 4kg,0.2700399808350446
fruits_nuts_rice,qwen3,1000867509,2,적히다 4kg,0.23049705663489903
fruits_nuts_rice,qwen3,1000867511,1,적히다 8kg,0.2508900115225126
fruits_nuts_rice,qwen3,1000867511,2,적히다 8kg,0.21940054621688432
fruits_nuts_rice,qwen3,1000858612,1,적히다 라벨,0.24597041561172198
fruits_nuts_rice,qwen3,1000867511,2,적히다 미니멀,0.2390970156345437
fruits_nuts_rice,qwen3,5048547,1,적히다 붉은색,0.22944599184593087
fruits_nuts_rice,qwen3,1000118138,1,적히다 브랜드,0.2801039396889524
fruits_nuts_rice,qwen3,1000122762,1,적히다 사과,0.18263266678507362
fruits_nuts_rice,qwen3,5094562,2,적히다 심플,0.21107458904226978
fruits_nuts_rice,qwen3,5053663,1,적히다 오크라이스,0.3030512470809381
fruits_nuts_rice,qwen3,5036748,1,적히다 용기,0.1982489042265
fruits_nuts_rice,qwen3,5121007,1,적히다 유기농,0.35130438410281684
fruits_nuts_rice,qwen3,5045631,1,적히다 주간,0.14875204724081795
fruits_nuts_rice,qwen3,5051038,1,적히다 파란색,0.22570340480744427
fruits_nuts_rice,qwen3,1000973922,2,적히다 흰색,0.26068977630548346
fruits_nuts_rice,qwen3,1000253378,2,전경 블루베리,0.3051166304945008
fruits_nuts_rice,qwen3,5038123,2,전경 포도,0.3532859646316012
fruits_nuts_rice,qwen3,5051031,1,전통 삽화,0.2303298443400764
fruits_nuts_rice,qwen3,5003716,1,접히다 희다,0.38093103746008844
fruits_nuts_rice,qwen3,5094562,1,정렬 뚜껑,0.2572888861789364
fruits_nuts_rice,qwen3,1000122762,1,정물 다,0.18263266678507362
fruits_nuts_rice,qwen3,1000030900,1,정미소_비단쌀 적히다,0.39833270527150416
fruits_nuts_rice,qwen3,5036748,2,제스프리 키프루트,0.17020152042325087
fruits_nuts_rice,qwen3,5036748,1,제스프리_썬글드키위 문구,0.1982489042265
fruits_nuts_rice,qwen3,1000858612,1,조각 2개,0.22570772535652292
fruits_nuts_rice,qwen3,1001882653,2,조각 2개,0.2681154526945123
fruits_nuts_rice,qwen3,1000858612,2,조각 3개,0.5931789626150421
fruits_nuts_rice,qwen3,5049631,2,조각 4개,0.2526744412172188
fruits_nuts_rice,qwen3,5049631,1,조각 5개,0.2543236866200861
fruits_nuts_rice,qwen3,5031442,2,조각 꽂히다,0.25766233899509466
fruits_nuts_rice,qwen3,5036748,1,조각 담기다,0.1982489042265
fruits_nuts_rice,qwen3,5034841,1,조각 드러나다,0.1988813693329638
fruits_nuts_rice,qwen3,5034841,2,조각 드러나다,0.2233892624685582
fruits_nuts_rice,qwen3,5162187,2,조각 드러나다,0.23608860366007228
fruits_nuts_rice,qwen3,1000858612,1,조각 몇개,0.24597041561172198
fruits_nuts_rice,qwen3,1000908371,2,조각 베이지,0.26089466824175095
fruits_nuts_rice,qwen3,1001882653,1,조각 옆,0.33916292067717774
fruits_nuts_rice,qwen3,5031442,1,조각 주위,0.23427166672515196
fruits_nuts_rice,qwen3,5049631,2,조각 희다,0.2526744412172188
fruits_nuts_rice,qwen3,5063690,2,조각 흰색,0.20867422546994419
fruits_nuts_rice,qwen3,5051038,1,조개 껍데기,0.22570340480744427
fruits_nuts_rice,qwen3,5061259,1,조리 대,0.36125974276100153
fruits_nuts_rice,qwen3,5094562,1,종류 대추야자,0.2572888861789364
fruits_nuts_rice,qwen3,1000066062,2,종류 쌀,0.27295280402905214
fruits_nuts_rice,qwen3,5053663,1,종류 적히다,0.3030512470809381
fruits_nuts_rice,qwen3,1000102438,1,종이컵 담기다,0.24998195283628413
fruits_nuts_rice,qwen3,1000102438,2,종이컵 담기다,0.2882135355594888
fruits_nuts_rice,qwen3,5045631,1,주간 견과,0.14875204724081795
fruits_nuts_rice,qwen3,5045631,1,주간 일정,0.14875204724081795
fruits_nuts_rice,qwen3,1000102438,2,주름 지다,0.2882135355594888
fruits_nuts_rice,qwen3,1001502284,1,주름 지다,0.2594112042415854
fruits_nuts_rice,qwen3,5061259,2,주변 나무,0.22722510195989265
fruits_nuts_rice,qwen3,5056014,1,주변 잎사귀,0.2527088293415808
fruits_nuts_rice,qwen3,5056014,2,주변 잎사귀,0.2315291602377532
fruits_nuts_rice,qwen3,5159977,2,주변 잎사귀,0.20334452630935862
fruits_nuts_rice,qwen3,5027321,2,주변 초록색,0.2558182008001511
fruits_nuts_rice,qwen3,5048580,2,주변 회색,0.36949522345514296
fruits_nuts_rice,qwen3,5031442,1,주위 감싸다,0.21497270263381854
fruits_nuts_rice,qwen3,5031442,2,주위 감싸다,0.23643648485119945
fruits_nuts_rice,qwen3,5035954,1,주위 블루베리,0.2857416288617838
fruits_nuts_rice,qwen3,5063578,1,주위 토마토,0.36229572333982546
fruits_nuts_rice,qwen3,1000908371,1,주위 통,0.25474764666144256
fruits_nuts_rice,qwen3,5027321,1,주위 흩뿌리다,0.3211076947474656
fruits_nuts_rice,qwen3,5052626,2,주위 흩어지다,0.21069640168103512
fruits_nuts_rice,qwen3,5068728,2,주황색 갓,0.2294550013645842
fruits_nuts_rice,qwen3,5034841,2,주황색 귤,0.2233892624685582
fruits_nuts_rice,qwen3,5068728,1,주황색 귤,0.2760674669967785
fruits_nuts_rice,qwen3,5162187,1,주황색 귤,0.22604878475587104
fruits_nuts_rice,qwen3,5162187,2,주황색 둥글다,0.27478590261806135
fruits_nuts_rice,qwen3,5094562,1,주황색 상자,0.2572888861789364
fruits_nuts_rice,qwen3,5034841,1,주황색 작다,0.2314800280015251
fruits_nuts_rice,qwen3,1001502284,1,줄기 달리다,0.2594112042415854
fruits_nuts_rice,qwen3,5063690,1,줄기 달리다,0.27241732646626504
fruits_nuts_rice,qwen3,1001502284,2,줄기 물방울,0.3431802784685322
fruits_nuts_rice,qwen3,1000867511,1,줄기 밥,0.2734134168847965
fruits_nuts_rice,qwen3,5035954,2,줄기 올리다,0.22668568852100698
fruits_nuts_rice,qwen3,1000867511,2,줄기 함께,0.2390970156345437
fruits_nuts_rice,qwen3,5049631,1,줄무늬 멜론,0.2543236866200861
fruits_nuts_rice,qwen3,5049631,2,줄무늬 오이,0.2526744412172188
fruits_nuts_rice,qwen3,1001303421,1,중 2개,0.2893390872161505
fruits_nuts_rice,qwen3,5003716,2,중 껍질,0.3352690852173355
fruits_nuts_rice,qwen3,5031442,2,중 껍질,0.23643648485119945
fruits_nuts_rice,qwen3,1000763360,2,중 몇,0.22364509089049958
fruits_nuts_rice,qwen3,1001882653,1,중 반,0.23552008314799627
fruits_nuts_rice,qwen3,1001882653,2,중 반,0.20289805105786196
fruits_nuts_rice,qwen3,5025577,1,중 반,0.16929414116846342
fruits_nuts_rice,qwen3,5034841,1,중 반,0.1607433835431298
fruits_nuts_rice,qwen3,5034841,2,중 반,0.361103164331931
fruits_nuts_rice,qwen3,5068728,1,중 반,0.22312808323915911
fruits_nuts_rice,qwen3,5159977,2,중 반,0.16435067444260432
fruits_nuts_rice,qwen3,5162187,2,중 반,0.19081566612083334
fruits_nuts_rice,qwen3,1000122762,1,중 일부,0.136148172425997
fruits_nuts_rice,qwen3,1000122762,2,중 일부,0.16385937158697114
fruits_nuts_rice,qwen3,1001303421,2,중 일부,0.18627142400483232
fruits_nuts_rice,qwen3,5056014,1,중 일부,0.2192669602642971
fruits_nuts_rice,qwen3,5056014,2,중 일부,0.20089007301465242
fruits_nuts_rice,qwen3,5068728,2,중 일부,0.1710530741280617
fruits_nuts_rice,qwen3,1000908371,2,중 조각,0.26089466824175095
fruits_nuts_rice,qwen3,1001502284,1,중성 회색,0.282699591344741
fruits_nuts_rice,qwen3,1000763360,2,즙 가득,0.22364509089049958
fruits_nuts_rice,qwen3,1000102438,2,지다 종이컵,0.3140876237820919
fruits_nuts_rice,qwen3,1001502284,1,지다 희다,0.282699591344741
fruits_nuts_rice,qwen3,5052626,2,진열 포장지,0.21069640168103512
fruits_nuts_rice,qwen3,1001303421,2,질감 느끼다,0.2146809233972636
fruits_nuts_rice,qwen3,5035954,2,질감 느끼다,0.19476220272855055
fruits_nuts_rice,qwen3,5162187,1,질감 느끼다,0.22604878475587104
fruits_nuts_rice,qwen3,1000338204,2,질감 돋보이다,0.3668619483529844
fruits_nuts_rice,qwen3,1000122762,1,질감 천,0.18263266678507362
fruits_nuts_rice,qwen3,1000338204,2,짙다 보라색,0.3151978478424924
fruits_nuts_rice,qwen3,5038123,1,짙다 보라색,0.2727629987712669
fruits_nuts_rice,qwen3,5038123,2,짙다 보라색,0.3035337303984902
fruits_nuts_rice,qwen3,1001502284,1,짙다 빨간색,0.282699591344741
fruits_nuts_rice,qwen3,1000253378,1,짙다 파란색,0.2775321871759829
fruits_nuts_rice,qwen3,5027321,1,차다 나무,0.3211076947474656
fruits_nuts_rice,qwen3,5048547,2,차다 옆,0.38809471140302954
fruits_nuts_rice,qwen3,5035954,1,차다 투명,0.2857416288617838
fruits_nuts_rice,qwen3,1000032485,2,차다 회색,0.33820042323842314
fruits_nuts_rice,qwen3,5051038,2,차다 회색,0.36870718064937597
fruits_nuts_rice,qwen3,1000048867,2,차다 희다,0.46560072736829755
fruits_nuts_rice,qwen3,5134096,2,차다 희다,0.41520974663563587
fruits_nuts_rice,qwen3,1000338204,2,차다 흰색,0.3366403869208578
fruits_nuts_rice,qwen3,5034841,1,차다 흰색,0.21241103510660808
fruits_nuts_rice,qwen3,1000066062,2,채 쌓이다,0.27295280402905214
fruits_nuts_rice,qwen3,5061259,2,천 가방,0.22722510195989265
fruits_nuts_rice,qwen3,5159977,2,천 갓,0.23667474133910987
fruits_nuts_rice,qwen3,1001502284,2,천 깔다,0.3431802784685322
fruits_nuts_rice,qwen3,5049631,1,천 깔리다,0.2333728658730989
fruits_nuts_rice,qwen3,5063690,2,천 깔리다,0.1914839418969162
fruits_nuts_rice,qwen3,5162187,2,천 껍질,0.27478590261806135
fruits_nuts_rice,qwen3,1001502284,1,천 녹색,0.282699591344741
fruits_nuts_rice,qwen3,5061259,1,천 덮이다,0.36125974276100153
fruits_nuts_rice,qwen3,1000122762,1,천 몇개,0.18263266678507362
fruits_nuts_rice,qwen3,5162187,1,천 바구니,0.26310045631975115
fruits_nuts_rice,qwen3,1000908371,2,천 배경,0.26089466824175095
fruits_nuts_rice,qwen3,5159977,1,천 복숭아,0.2756261923282737
fruits_nuts_rice,qwen3,1000908371,1,천 사과,0.25474764666144256
fruits_nuts_rice,qwen3,1000122762,2,천 여러개,0.21980518340722568
fruits_nuts_rice,qwen3,5003716,2,천 잘,0.3653675393804441
fruits_nuts_rice,qwen3,5027321,2,천 주변,0.2558182008001511
fruits_nuts_rice,qwen3,1001303421,1,천 중,0.2893390872161505
fruits_nuts_rice,qwen3,1001729429,2,천 흩어지다,0.3410530243905674
fruits_nuts_rice,qwen3,1001502284,1,체리 무더기,0.2594112042415854
fruits_nuts_rice,qwen3,1001502284,2,체리 무더기,0.31490957905532424
fruits_nuts_rice,qwen3,1001234463,2,체리 토마토,0.30636778919353863
fruits_nuts_rice,qwen3,5063578,1,체리 토마토,0.31127467100888023
fruits_nuts_rice,qwen3,5063578,2,체리 토마토,0.2462773386313656
fruits_nuts_rice,qwen3,5162187,1,초록 빛,0.26310045631975115
fruits_nuts_rice,qwen3,5121007,1,초록색 라벨,0.35130438410281684
fruits_nuts_rice,qwen3,5162187,2,초록색 일부,0.27478590261806135
fruits_nuts_rice,qwen3,5027321,2,초록색 잎사귀,0.2558182008001511
fruits_nuts_rice,qwen3,5063690,1,초록색 줄기,0.2968733254694726
fruits_nuts_rice,qwen3,1000763360,1,초록색 포도,0.2983960500335053
fruits_nuts_rice,qwen3,1000763360,2,초록색 포도,0.19214980361331502
fruits_nuts_rice,qwen3,5048580,2,초록색 포도,0.3174602864756182
fruits_nuts_rice,qwen3,5045631,2,촬영 팩,0.22449514793773553
fruits_nuts_rice,qwen3,5159977,1,칼 나뭇잎,0.2756261923282737
fruits_nuts_rice,qwen3,5056014,1,칼 자루,0.2941303506126156
fruits_nuts_rice,qwen3,5056014,2,칼 주변,0.26947912051670314
fruits_nuts_rice,qwen3,1000973922,2,캐슈넛 호두,0.26068977630548346
fruits_nuts_rice,qwen3,1000144509,1,컬리 프레시,0.35596478399297904
fruits_nuts_rice,qwen3,1000122762,2,클로즈업 다,0.21980518340722568
fruits_nuts_rice,qwen3,5048580,1,클로즈업 배경,0.3364286566363522
fruits_nuts_rice,qwen3,5061259,2,클로즈업 배경,0.20850662377312035
fruits_nuts_rice,qwen3,1000908371,2,클로즈업 일부,0.26089466824175095
fruits_nuts_rice,qwen3,1000253378,2,클로즈업 전경,0.3051166304945008
fruits_nuts_rice,qwen3,5159977,2,클로즈업 중,0.23667474133910987
fruits_nuts_rice,qwen3,5132780,2,키 1개,0.2566493730920025
fruits_nuts_rice,qwen3,5132780,1,키 2개,0.313728777759982
fruits_nuts_rice,qwen3,5025577,2,키위 1개,0.21045112143221092
fruits_nuts_rice,qwen3,5036748,2,키위 1개,0.15618056314380185
fruits_nuts_rice,qwen3,5025577,2,키위 갈색,0.2293441649942085
fruits_nuts_rice,qwen3,5036748,2,키위 과육,0.17020152042325087
fruits_nuts_rice,qwen3,5036748,2,키위 그림,0.17020152042325087
fruits_nuts_rice,qwen3,5025577,1,키위 몇개,0.2437936272982289
fruits_nuts_rice,qwen3,5025577,1,키위 썰다,0.22371025774400824
fruits_nuts_rice,qwen3,5025577,2,키위 썰다,0.21045112143221092
fruits_nuts_rice,qwen3,5025577,2,키위 여러개,0.2293441649942085
fruits_nuts_rice,qwen3,5025577,1,키위 조각,0.22371025774400824
fruits_nuts_rice,qwen3,5036748,1,키위 조각,0.1819174436734742
fruits_nuts_rice,qwen3,5036748,1,키위 플라스틱,0.1819174436734742
fruits_nuts_rice,qwen3,5036748,2,키위 플라스틱,0.15618056314380185
fruits_nuts_rice,qwen3,5036748,1,키위 한국어,0.1982489042265
fruits_nuts_rice,qwen3,5036748,2,키프루트 키위,0.17020152042325087
fruits_nuts_rice,qwen3,5094562,1,타무르_프리미엄_대추야자_디저트 개방,0.2572888861789364
fruits_nuts_rice,qwen3,1001234463,1,타원 방울,0.3166561897814051
fruits_nuts_rice,qwen3,1001882653,1,타원 빨간색,0.3112231654401955
fruits_nuts_rice,qwen3,1001882653,2,타원 빨간색,0.2681154526945123
fruits_nuts_rice,qwen3,1002140343,1,타원 아보카도,0.31424652449891777
fruits_nuts_rice,qwen3,5034841,1,타원 회색,0.2314800280015251
fruits_nuts_rice,qwen3,5034841,2,탁자 귤,0.26000501155485123
fruits_nuts_rice,qwen3,1002140343,2,테두리 희다,0.26177752390505304
fruits_nuts_rice,qwen3,5051031,2,테두리 희다,0.30318379822931596
fruits_nuts_rice,qwen3,1002140343,1,테두리 흰색,0.31424652449891777
fruits_nuts_rice,qwen3,5063578,2,토마토 1개,0.2630312964831266
fruits_nuts_rice,qwen3,5063690,1,토마토 1개,0.27241732646626504
fruits_nuts_rice,qwen3,5063578,2,토마토 2개,0.28664467382607006
fruits_nuts_rice,qwen3,1001234463,1,토마토 가득,0.2905705067736541
fruits_nuts_rice,qwen3,1001234463,2,토마토 가득,0.3272096297616177
fruits_nuts_rice,qwen3,5063690,1,토마토 담기다,0.2968733254694726
fruits_nuts_rice,qwen3,5063690,2,토마토 더,0.20867422546994419
fruits_nuts_rice,qwen3,5063578,1,토마토 몇개,0.36229572333982546
fruits_nuts_rice,qwen3,5063690,2,토마토 반,0.20867422546994419
fruits_nuts_rice,qwen3,5063690,2,토마토 여러개,0.20867422546994419
fruits_nuts_rice,qwen3,5063578,2,토마토 옆,0.28664467382607006
fruits_nuts_rice,qwen3,5063690,2,토마토 조각,0.20867422546994419
fruits_nuts_rice,qwen3,5063578,1,토마토 주위,0.36229572333982546
fruits_nuts_rice,qwen3,5094562,2,토핑 얹다,0.21107458904226978
fruits_nuts_rice,qwen3,5063578,2,통 남다,0.28664467382607006
fruits_nuts_rice,qwen3,1000908371,1,통 사과,0.25474764666144256
fruits_nuts_rice,qwen3,1002140343,2,통 아보카도,0.285278345041248
fruits_nuts_rice,qwen3,1000122762,2,통째 2개,0.20169794747484235
fruits_nuts_rice,qwen3,1001303421,2,통째 2개,0.22928541426176252
fruits_nuts_rice,qwen3,5132780,2,통째 6개,0.2566493730920025
fruits_nuts_rice,qwen3,5025577,1,통째 되다,0.19840820443608
fruits_nuts_rice,qwen3,5025577,2,통째 되다,0.18664870152134433
fruits_nuts_rice,qwen3,5034841,1,통째 되다,0.1883869452519105
fruits_nuts_rice,qwen3,5063690,2,통째 되다,0.16982674586868549
fruits_nuts_rice,qwen3,1000908371,2,통째 반,0.2026615025995071
fruits_nuts_rice,qwen3,5056014,1,통째 반,0.2284787926752017
fruits_nuts_rice,qwen3,5056014,2,통째 반,0.2093298565707101
fruits_nuts_rice,qwen3,5068728,2,통째 반,0.17823934720056853
fruits_nuts_rice,qwen3,5159977,1,통째 반,0.21410486718444022
fruits_nuts_rice,qwen3,1000122762,1,통째 일부,0.18263266678507362
fruits_nuts_rice,qwen3,5036748,1,통키위 2개,0.1982489042265
fruits_nuts_rice,qwen3,5036748,2,통키위 3개,0.17020152042325087
fruits_nuts_rice,qwen3,5132780,1,통키위 6개,0.313728777759982
fruits_nuts_rice,qwen3,1000122762,1,투명 비닐,0.1675876494875927
fruits_nuts_rice,qwen3,1000122762,2,투명 비닐,0.20169794747484235
fruits_nuts_rice,qwen3,1000066062,1,투명 원통,0.2388677478519277
fruits_nuts_rice,qwen3,5035954,1,투명 유리,0.2622026430685409
fruits_nuts_rice,qwen3,5035954,2,투명 유리,0.20801164644011536
fruits_nuts_rice,qwen3,1001729429,1,특 마크,0.2853471390773441
fruits_nuts_rice,qwen3,5051038,1,파란색 10kg,0.22570340480744427
fruits_nuts_rice,qwen3,1001234463,2,파란색 붉다,0.35658455419499807
fruits_nuts_rice,qwen3,1000253378,1,파란색 서리,0.2775321871759829
fruits_nuts_rice,qwen3,1001234463,1,파란색 선명,0.3166561897814051
fruits_nuts_rice,qwen3,1000118138,1,파란색 쌀,0.2801039396889524
fruits_nuts_rice,qwen3,5031442,2,파란색 잘,0.25766233899509466
fruits_nuts_rice,qwen3,5061259,2,파란색 천,0.22722510195989265
fruits_nuts_rice,qwen3,1000763360,1,파란색 초록색,0.3473061667312834
fruits_nuts_rice,qwen3,1002140343,1,파란색 테두리,0.31424652449891777
fruits_nuts_rice,qwen3,5045631,1,파란색 흰색,0.14875204724081795
fruits_nuts_rice,qwen3,1000858612,1,파인애플 조각,0.45141545071304584
fruits_nuts_rice,qwen3,1000858612,2,파인애플 조각,0.5443137299590052
fruits_nuts_rice,qwen3,5045631,2,팩 요일,0.22449514793773553
fruits_nuts_rice,qwen3,5045631,2,팩 플랫,0.22449514793773553
fruits_nuts_rice,qwen3,1000867509,1,포대 연하다,0.2884104833032911
fruits_nuts_rice,qwen3,1000867511,2,포대 연하다,0.21940054621688432
fruits_nuts_rice,qwen3,5051038,1,포대 포대,0.22570340480744427
fruits_nuts_rice,qwen3,5051038,1,포대 흰색,0.22570340480744427
fruits_nuts_rice,qwen3,1000763360,1,포도 송이,0.2697854658594094
fruits_nuts_rice,qwen3,1000763360,2,포도 송이,0.17372624160672193
fruits_nuts_rice,qwen3,5038123,1,포도 송이,0.24661014341326912
fruits_nuts_rice,qwen3,5038123,2,포도 송이,0.27443053904502485
fruits_nuts_rice,qwen3,5048580,2,포도 송이,0.28702179961520763
fruits_nuts_rice,qwen3,5048580,2,포도 알,0.36949522345514296
fruits_nuts_rice,qwen3,5038123,2,포도 알갱이,0.3532859646316012
fruits_nuts_rice,qwen3,1000763360,2,포도 윤기,0.22364509089049958
fruits_nuts_rice,qwen3,1000763360,1,포도 조각,0.3473061667312834
fruits_nuts_rice,qwen3,5048580,1,포도 클로즈업,0.3666312101893031
fruits_nuts_rice,qwen3,5052626,1,포장 2개,0.33313085419131083
fruits_nuts_rice,qwen3,1000973922,1,포장 상자,0.28472118745698527
fruits_nuts_rice,qwen3,1000867511,2,포장 흰색,0.2390970156345437
fruits_nuts_rice,qwen3,5045631,1,포장지 2개,0.14875204724081795
fruits_nuts_rice,qwen3,1000973922,2,포장지 옆,0.26068977630548346
fruits_nuts_rice,qwen3,5052626,2,포장지 주위,0.21069640168103512
fruits_nuts_rice,qwen3,1000122762,1,포장지 한국어,0.18263266678507362
fruits_nuts_rice,qwen3,5052626,2,포장지 흰색,0.21069640168103512
fruits_nuts_rice,qwen3,5031442,1,포크 바나나,0.21497270263381854
fruits_nuts_rice,qwen3,5031442,2,포크 바나나,0.23643648485119945
fruits_nuts_rice,qwen3,5038123,1,표 또,0.31747160030684557
fruits_nuts_rice,qwen3,5045631,2,표기 그레이,0.22449514793773553
fruits_nuts_rice,qwen3,5051031,1,표기 흰색,0.2303298443400764
fruits_nuts_rice,qwen3,5045631,2,표면 견과,0.22449514793773553
fruits_nuts_rice,qwen3,5068728,2,표면 깔리다,0.2294550013645842
fruits_nuts_rice,qwen3,1001234463,1,표면 몇개,0.2905705067736541
fruits_nuts_rice,qwen3,1001234463,2,표면 몇개,0.3272096297616177
fruits_nuts_rice,qwen3,1000763360,2,표면 물방울,0.22364509089049958
fruits_nuts_rice,qwen3,1002140343,1,표면 반,0.31424652449891777
fruits_nuts_rice,qwen3,5035954,2,표면 블루베리,0.22668568852100698
fruits_nuts_rice,qwen3,1001882653,2,표면 사과,0.2681154526945123
fruits_nuts_rice,qwen3,5061259,2,표면 사과,0.20850662377312035
fruits_nuts_rice,qwen3,5051038,2,표면 쌀알,0.40180750712054575
fruits_nuts_rice,qwen3,5036748,1,표면 앞,0.1982489042265
fruits_nuts_rice,qwen3,5003716,1,표면 접히다,0.38093103746008844
fruits_nuts_rice,qwen3,5048580,2,표면 포도,0.36949522345514296
fruits_nuts_rice,qwen3,5048547,2,표면 흩어지다,0.38809471140302954
fruits_nuts_rice,qwen3,5045631,1,표시 개별,0.14875204724081795
fruits_nuts_rice,qwen3,5045631,1,표시 매일,0.14875204724081795
fruits_nuts_rice,qwen3,1000048867,1,풍경 그리다,0.367451387040542
fruits_nuts_rice,qwen3,1000144509,1,프레시 쌀,0.35596478399297904
fruits_nuts_rice,qwen3,1000858612,1,플라스틱 용기,0.2113311178273021
fruits_nuts_rice,qwen3,5036748,1,플라스틱 용기,0.17033008800684155
fruits_nuts_rice,qwen3,5036748,2,플라스틱 용기,0.14623253563847644
fruits_nuts_rice,qwen3,5045631,2,플랫 레이,0.22449514793773553
fruits_nuts_rice,qwen3,1000973922,2,피칸 다양,0.26068977630548346
fruits_nuts_rice,qwen3,5031442,1,하늘색 잘,0.23427166672515196
fruits_nuts_rice,qwen3,5048547,1,한국 쌀,0.22944599184593087
fruits_nuts_rice,qwen3,5051031,1,한국 전통,0.2303298443400764
fruits_nuts_rice,qwen3,1000973922,2,한국어 KF365_KURLY_FRESH,0.26068977630548346
fruits_nuts_rice,qwen3,1000066062,1,한국어 되다,0.21919016518555948
fruits_nuts_rice,qwen3,5036748,1,한국어 되다,0.1819174436734742
fruits_nuts_rice,qwen3,1000122762,1,한국어 문구,0.14863316933166862
fruits_nuts_rice,qwen3,1000867511,2,한국어 문구,0.194585929434669
fruits_nuts_rice,qwen3,1001729429,1,한국어 문구,0.23222597790077487
fruits_nuts_rice,qwen3,5121007,1,한국어 문구,0.2859044054301629
fruits_nuts_rice,qwen3,1000867511,2,함께 포장,0.2390970156345437
fruits_nuts_rice,qwen3,1000066062,2,현미 다양,0.27295280402905214
fruits_nuts_rice,qwen3,1000973922,2,호두 피칸,0.26068977630548346
fruits_nuts_rice,qwen3,1000973922,1,혼합 견과,0.24462473124972853
fruits_nuts_rice,qwen3,5045631,1,혼합 견과,0.25560745868011286
fruits_nuts_rice,qwen3,5052626,1,혼합 견과,0.28621700550421264
fruits_nuts_rice,qwen3,5045631,2,화 표기,0.22449514793773553
fruits_nuts_rice,qwen3,5134096,1,회색 10kg,0.34215194847385605
fruits_nuts_rice,qwen3,5052626,1,회색 나무,0.33313085419131083
fruits_nuts_rice,qwen3,1000338204,1,회색 냉동,0.5145402089809036
fruits_nuts_rice,qwen3,1000763360,1,회색 반,0.3473061667312834
fruits_nuts_rice,qwen3,1000048867,2,회색 배경,0.4129404044001687
fruits_nuts_rice,qwen3,1001502284,1,회색 배경,0.23007130635498413
fruits_nuts_rice,qwen3,5070409,2,회색 배경,0.4666020189823921
fruits_nuts_rice,qwen3,5134096,2,회색 배경,0.3682487389049673
fruits_nuts_rice,qwen3,1000118138,1,회색 봉지,0.2801039396889524
fruits_nuts_rice,qwen3,5048580,1,회색 송이,0.3666312101893031
fruits_nuts_rice,qwen3,1000858612,1,회색 앞,0.24597041561172198
fruits_nuts_rice,qwen3,1000144509,1,회색 옆,0.32664091534044
fruits_nuts_rice,qwen3,5051038,1,회색 옆,0.20711028185083494
fruits_nuts_rice,qwen3,5048547,1,회색 용,0.22944599184593087
fruits_nuts_rice,qwen3,5121007,1,회색 작다,0.35130438410281684
fruits_nuts_rice,qwen3,5038123,2,회색 전경,0.3532859646316012
fruits_nuts_rice,qwen3,5034841,1,회색 중,0.2314800280015251
fruits_nuts_rice,qwen3,5052626,2,회색 진열,0.21069640168103512
fruits_nuts_rice,qwen3,5159977,1,회색 칼,0.2756261923282737
fruits_nuts_rice,qwen3,5038123,1,회색 표,0.31747160030684557
fruits_nuts_rice,qwen3,1000032485,2,회색 표면,0.24090888009491102
fruits_nuts_rice,qwen3,1000973922,2,회색 표면,0.1703986738431936
fruits_nuts_rice,qwen3,1001234463,1,회색 표면,0.20698086272382554
fruits_nuts_rice,qwen3,1001882653,1,회색 표면,0.2216922839062627
fruits_nuts_rice,qwen3,1001882653,2,회색 표면,0.19098554882422392
fruits_nuts_rice,qwen3,1002140343,1,회색 표면,0.20540579608960255
fruits_nuts_rice,qwen3,5035954,2,회색 표면,0.14817205818592108
fruits_nuts_rice,qwen3,5048547,2,회색 표면,0.2536763239657671
fruits_nuts_rice,qwen3,5048580,2,회색 표면,0.24151885417390065
fruits_nuts_rice,qwen3,5051038,2,회색 표면,0.2626396298462756
fruits_nuts_rice,qwen3,5070409,1,회색 함께,0.3724731669825814
fruits_nuts_rice,qwen3,1000030900,2,회색 희다,0.5361647067133878
fruits_nuts_rice,qwen3,1000144509,2,회색 희다,0.5306103821929282
fruits_nuts_rice,qwen3,1001502284,2,회색 희다,0.27929270999984857
fruits_nuts_rice,qwen3,5121007,2,회색 희다,0.5306103821929282
fruits_nuts_rice,qwen3,1000973922,1,회색 흰색,0.28472118745698527
fruits_nuts_rice,qwen3,5034841,1,흐르다 귤,0.2314800280015251
fruits_nuts_rice,qwen3,1001882653,2,흐르다 속,0.2921852551879801
fruits_nuts_rice,qwen3,5159977,1,흐르다 속살,0.2756261923282737
fruits_nuts_rice,qwen3,1001303421,2,흩뿌리다 사과,0.24986928803871222
fruits_nuts_rice,qwen3,5068728,1,흩뿌리다 선명,0.32131770414219757
fruits_nuts_rice,qwen3,5027321,1,흩뿌리다 흰색,0.3211076947474656
fruits_nuts_rice,qwen3,5056014,1,흩어지다 도마,0.2941303506126156
fruits_nuts_rice,qwen3,1001729429,2,흩어지다 몇,0.3129575651190192
fruits_nuts_rice,qwen3,5048547,2,흩어지다 몇,0.3561240253866511
fruits_nuts_rice,qwen3,5027321,2,흩어지다 모습,0.23474426411730093
fruits_nuts_rice,qwen3,5052626,2,흩어지다 모습,0.193339534130398
fruits_nuts_rice,qwen3,5061259,1,흩어지다 사과,0.36125974276100153
fruits_nuts_rice,qwen3,1000908371,1,흩어지다 선명,0.25474764666144256
fruits_nuts_rice,qwen3,5048547,1,흩어지다 쌀알,0.22944599184593087
fruits_nuts_rice,qwen3,1000763360,2,희다 갓,0.22364509089049958
fruits_nuts_rice,qwen3,5049631,2,희다 과육,0.2526744412172188
fruits_nuts_rice,qwen3,5053663,2,희다 나무,0.4182231118370808
fruits_nuts_rice,qwen3,5038123,1,희다 배경,0.31747160030684557
fruits_nuts_rice,qwen3,1000066062,2,희다 쌀,0.23451365501049776
fruits_nuts_rice,qwen3,1000867509,2,희다 쌀,0.23049705663489903
fruits_nuts_rice,qwen3,5051031,2,희다 쌀,0.283872299389494
fruits_nuts_rice,qwen3,1001729429,2,희다 쌀밥,0.3129575651190192
fruits_nuts_rice,qwen3,5053663,2,희다 쌀밥,0.3837704913800847
fruits_nuts_rice,qwen3,1000030900,2,희다 쌀알,0.4574888614403379
fruits_nuts_rice,qwen3,1000048867,2,희다 쌀알,0.35234627174506034
fruits_nuts_rice,qwen3,1000144509,2,희다 쌀알,0.4527495685157599
fruits_nuts_rice,qwen3,5048547,2,희다 쌀알,0.2694990906330219
fruits_nuts_rice,qwen3,5051038,2,희다 쌀알,0.2790214723283221
fruits_nuts_rice,qwen3,5070409,2,희다 쌀알,0.3981336774636446
fruits_nuts_rice,qwen3,5121007,2,희다 쌀알,0.4527495685157599
fruits_nuts_rice,qwen3,5134096,2,희다 쌀알,0.31421258090852094
fruits_nuts_rice,qwen3,5051031,2,희다 에나멜,0.3304018271390999
fruits_nuts_rice,qwen3,1001729429,2,희다 옆,0.3410530243905674
fruits_nuts_rice,qwen3,1000867509,2,희다 천,0.18629636805344066
fruits_nuts_rice,qwen3,1001502284,1,희다 천,0.19631105642822183
fruits_nuts_rice,qwen3,1001502284,2,희다 천,0.23830979978083433
fruits_nuts_rice,qwen3,1001729429,2,희다 천,0.23683260098705444
fruits_nuts_rice,qwen3,5003716,1,희다 천,0.2645245224245693
fruits_nuts_rice,qwen3,5027321,2,희다 천,0.1776441947218927
fruits_nuts_rice,qwen3,5068728,2,희다 천,0.15933717309725628
fruits_nuts_rice,qwen3,5162187,2,희다 천,0.19081566612083334
fruits_nuts_rice,qwen3,1002140343,2,희다 통,0.285278345041248
fruits_nuts_rice,qwen3,1000858612,2,희다 파인애플,0.5931789626150421
fruits_nuts_rice,qwen3,5134096,2,희다 희다,0.45248479547912657
fruits_nuts_rice,qwen3,5134096,1,흰색 KF365_컬리_프레시,0.34215194847385605
fruits_nuts_rice,qwen3,1000066062,1,흰색 갈색,0.2388677478519277
fruits_nuts_rice,qwen3,5052626,2,흰색 금색,0.21069640168103512
fruits_nuts_rice,qwen3,5049631,1,흰색 나무,0.20697795330855295
fruits_nuts_rice,qwen3,5063578,1,흰색 나무,0.2948495608328306
fruits_nuts_rice,qwen3,5063578,2,흰색 나무,0.23328195931645485
fruits_nuts_rice,qwen3,5063690,2,흰색 나무,0.16982674586868549
fruits_nuts_rice,qwen3,5036748,1,흰색 대리석,0.1982489042265
fruits_nuts_rice,qwen3,5045631,1,흰색 디자인,0.14875204724081795
fruits_nuts_rice,qwen3,1000066062,1,흰색 라벨,0.2388677478519277
fruits_nuts_rice,qwen3,5068728,1,흰색 리넨,0.32131770414219757
fruits_nuts_rice,qwen3,5049631,1,흰색 멜론,0.2543236866200861
fruits_nuts_rice,qwen3,5051031,1,흰색 베이지,0.2303298443400764
fruits_nuts_rice,qwen3,1000338204,2,흰색 블루베리,0.3668619483529844
fruits_nuts_rice,qwen3,1000973922,1,흰색 상자,0.28472118745698527
fruits_nuts_rice,qwen3,1000030900,1,흰색 쌀,0.36551862799575174
fruits_nuts_rice,qwen3,1000867511,1,흰색 쌀,0.2508900115225126
fruits_nuts_rice,qwen3,5036748,2,흰색 얇다,0.17020152042325087
fruits_nuts_rice,qwen3,5035954,2,흰색 옆,0.22668568852100698
fruits_nuts_rice,qwen3,5035954,2,흰색 요거트,0.22668568852100698
fruits_nuts_rice,qwen3,5051038,1,흰색 원형,0.22570340480744427
fruits_nuts_rice,qwen3,1000102438,2,흰색 주름,0.3140876237820919
fruits_nuts_rice,qwen3,1000122762,1,흰색 질감,0.18263266678507362
fruits_nuts_rice,qwen3,1000122762,2,흰색 천,0.16385937158697114
fruits_nuts_rice,qwen3,5003716,2,흰색 천,0.2723725367760796
fruits_nuts_rice,qwen3,5027321,1,흰색 천,0.2393779084616937
fruits_nuts_rice,qwen3,5049631,1,흰색 천,0.189592068864192
fruits_nuts_rice,qwen3,5063690,2,흰색 천,0.15556151552875047
fruits_nuts_rice,qwen3,5162187,1,흰색 천,0.19613493534831067
fruits_nuts_rice,qwen3,1002140343,1,흰색 타원,0.28835934626303666
fruits_nuts_rice,qwen3,5034841,1,흰색 타원,0.21241103510660808
fruits_nuts_rice,qwen3,5036748,1,흰색 통키위,0.1819174436734742
fruits_nuts_rice,qwen3,5036748,2,흰색 통키위,0.15618056314380185
fruits_nuts_rice,qwen3,1000858612,1,흰색 파인애플,0.24597041561172198
fruits_nuts_rice,qwen3,1000973922,2,흰색 포장지,0.26068977630548346
fruits_nuts_rice,qwen3,5031442,1,흰색 포크,0.23427166672515196
fruits_nuts_rice,qwen3,5061259,2,흰색 표면,0.22722510195989265
fruits_nuts_rice,qwen3,1000867511,2,흰색 한국어,0.21940054621688432
fruits_nuts_rice,qwen3,1000973922,2,흰색 한국어,0.23921452621559658
vegetables,hyperclovax,1000079725,1,1.5kg 무게,0.5342600442643789
vegetables,hyperclovax,1000952172,1,15 20,0.3015113445777636
vegetables,hyperclovax,5001063,2,1개 주변,0.36506467463574277
vegetables,hyperclovax,1000952172,1,20 크기,0.3015113445777636
vegetables,hyperclovax,5044050,2,2개 고구마,0.33043055390028553
vegetables,hyperclovax,5030557,1,2개 나란히,0.5
vegetables,hyperclovax,1000443684,1,2개 담기다,0.42023677970889584
vegetables,hyperclovax,1000443684,2,2개 담기다,0.42023677970889584
vegetables,hyperclovax,1002318659,1,2개 브로콜리,0.5932109226861121
vegetables,hyperclovax,5044050,1,2개 연하다,0.25819420321037495
vegetables,hyperclovax,5000333,1,2개 오이,0.7071067811865476
vegetables,hyperclovax,1000952172,2,2개 작다,0.3823114109727189
vegetables,hyperclovax,5031391,1,2개 표고버섯,0.6348273695147089
vegetables,hyperclovax,5054661,1,2개 회색,0.4472135954999579
vegetables,hyperclovax,1000952172,1,300g 용량,0.3015113445777636
vegetables,hyperclovax,5000070,1,3개 당근,0.7071067811865476
vegetables,hyperclovax,5001063,2,3개 모습,0.36506467463574277
vegetables,hyperclovax,5053496,2,3개 양배추,1.0
vegetables,hyperclovax,5054657,1,3개 오이,0.5773502691896257
vegetables,hyperclovax,5054657,2,3개 오이,0.5773502691896257
vegetables,hyperclovax,1000178619,2,4개 나란히,0.36843244161537025
vegetables,hyperclovax,1001544134,1,6개 감자,1.0
vegetables,hyperclovax,5026450,2,6개 흰색,0.49661236632710576
vegetables,hyperclovax,1000952172,1,Kf365_커리프레쉬 제품,0.3015113445777636
vegetables,hyperclovax,5054661,1,가지 2개,0.4472135954999579
vegetables,hyperclovax,1002318659,1,갈색 2개,0.5932109226861121
vegetables,hyperclovax,5026448,1,갈색 감자,0.5382219564037473
vegetables,hyperclovax,5061435,1,갈색 바구니,0.5101959228436637
vegetables,hyperclovax,5044050,1,갈색 뿌리채소,0.25819420321037495
vegetables,hyperclovax,5026448,1,감자 6개,0.5382219564037473
vegetables,hyperclovax,1001544134,2,감자 반쪽,0.3921663523910036
vegetables,hyperclovax,5026448,2,감자 반쪽,0.3606039524790967
vegetables,hyperclovax,1001544134,2,감자 여러개,0.3921663523910036
vegetables,hyperclovax,5026448,2,감자 여러개,0.3606039524790967
vegetables,hyperclovax,1000952172,1,개별 포장,0.3015113445777636
vegetables,hyperclovax,5054661,2,검다 가지,0.6198510526597059
vegetables,hyperclovax,1000441195,2,검은색 냄비,0.5932109226861121
vegetables,hyperclovax,1000258072,1,겹 배열,0.5932109226861121
vegetables,hyperclovax,5026450,2,고구마 6개,0.49661236632710576
vegetables,hyperclovax,5044050,2,고구마 고구마,0.33043055390028553
vegetables,hyperclovax,5044050,2,고구마 껍질,0.33043055390028553
vegetables,hyperclovax,1000079725,1,고구마 담기다,0.4345989623783308
vegetables,hyperclovax,1000079725,2,고구마 담기다,0.663426824035647
vegetables,hyperclovax,5026450,1,고구마 담기다,1.0
vegetables,hyperclovax,5061435,2,고구마 담기다,0.4345989623783308
vegetables,hyperclovax,5044050,2,고구마 조각,0.33043055390028553
vegetables,hyperclovax,5104176,1,과자 패키지,0.3823114109727189
vegetables,hyperclovax,5048049,1,국산 다지다,0.5932109226861121
vegetables,hyperclovax,5048049,2,국산 참깨,0.4472135954999579
vegetables,hyperclovax,1001544134,2,그대로 감자,0.3921663523910036
vegetables,hyperclovax,5026448,2,그대로 감자,0.3606039524790967
vegetables,hyperclovax,5000070,2,그대로 당근,0.48425021765914045
vegetables,hyperclovax,1001227997,2,그대로 양파,0.4934950207512613
vegetables,hyperclovax,5000718,1,금속 바구니,0.386811864863217
vegetables,hyperclovax,5030559,1,길다 오이,0.5359520184437784
vegetables,hyperclovax,1001227997,2,껍질 그대로,0.40143826262111265
vegetables,hyperclovax,1001544134,2,껍질 그대로,0.3477136623014561
vegetables,hyperclovax,5000070,2,껍질 그대로,0.39391798878749706
vegetables,hyperclovax,5026448,2,껍질 그대로,0.3197289114489654
vegetables,hyperclovax,1001227997,1,껍질 벗겨지다,0.6459589653912802
vegetables,hyperclovax,1001227997,2,껍질 벗겨지다,0.3831210071127394
vegetables,hyperclovax,1001544134,2,껍질 벗겨지다,0.33184781046525647
vegetables,hyperclovax,5000070,2,껍질 벗겨지다,0.3759438763975796
vegetables,hyperclovax,5026448,2,껍질 벗겨지다,0.30513997783265917
vegetables,hyperclovax,5027318,2,껍질 벗기다,0.5190920491335133
vegetables,hyperclovax,5044050,1,껍질 벗기다,0.221759808706436
vegetables,hyperclovax,5044050,2,껍질 벗기다,0.2838027171507953
vegetables,hyperclovax,5027318,1,나무 담기다,0.7071067811865476
vegetables,hyperclovax,1001985604,2,나무 도마,0.3585649935681058
vegetables,hyperclovax,5044050,1,나무 도마,0.221759808706436
vegetables,hyperclovax,5044050,2,나무 도마,0.2838027171507953
vegetables,hyperclovax,5054657,1,나무 쟁반,0.5773502691896257
vegetables,hyperclovax,5054657,2,나무 쟁반,0.5773502691896257
vegetables,hyperclovax,1000441195,2,냄비 담기다,0.5932109226861121
vegetables,hyperclovax,5030557,1,노란색 빨간색,0.5
vegetables,hyperclovax,1000118036,2,노란색 음식,0.41695059613467306
vegetables,hyperclovax,1000952172,2,노란색 음식,0.35075334672714503
vegetables,hyperclovax,1000178619,1,노란색 주황색,0.3960255049934858
vegetables,hyperclovax,1000178619,2,노란색 주황색,0.338020023024283
vegetables,hyperclovax,5030557,2,노란색 페퍼,0.4472135954999579
vegetables,hyperclovax,1000178619,2,노란색 피망,0.36843244161537025
vegetables,hyperclovax,5026449,1,녹색 고구마,1.0
vegetables,hyperclovax,5030559,1,녹색 길다,0.5359520184437784
vegetables,hyperclovax,1002318657,1,녹색 배추,0.5932109226861121
vegetables,hyperclovax,5053496,1,녹색 양배추,0.7071067811865476
vegetables,hyperclovax,1000443684,1,녹색 잎,0.42023677970889584
vegetables,hyperclovax,1000443684,2,녹색 잎,0.42023677970889584
vegetables,hyperclovax,5045384,1,녹색 자주색,0.5359520184437784
vegetables,hyperclovax,5036663,1,녹색 파,0.5773502691896258
vegetables,hyperclovax,5026451,2,다발 옆,0.45446457518241745
vegetables,hyperclovax,1000443684,1,다양 종류,0.37260226129920904
vegetables,hyperclovax,1000443684,2,다양 종류,0.37260226129920904
vegetables,hyperclovax,1001176677,1,다양 종류,0.531189572933283
vegetables,hyperclovax,1001176677,2,다양 종류,0.531189572933283
vegetables,hyperclovax,1000661274,2,다양 채소,0.6226439031773073
vegetables,hyperclovax,1000118036,2,다지다 노란색,0.45446457518241745
vegetables,hyperclovax,1000118036,1,다지다 마늘,0.5442440651139735
vegetables,hyperclovax,5048049,1,다지다 마늘,0.5442440651139735
vegetables,hyperclovax,5104176,2,단호박 조각,0.7368648832307405
vegetables,hyperclovax,5026448,1,담기다 갈색,0.5382219564037473
vegetables,hyperclovax,1000441195,2,담기다 고구마,0.5442440651139735
vegetables,hyperclovax,5026449,2,담기다 고구마,0.8065947818727266
vegetables,hyperclovax,5000718,1,담기다 금속,0.386811864863217
vegetables,hyperclovax,1000952172,2,담기다 노란색,0.3823114109727189
vegetables,hyperclovax,1000443684,1,담기다 다양,0.39341041012447026
vegetables,hyperclovax,1000443684,2,담기다 다양,0.39341041012447026
vegetables,hyperclovax,1000661274,2,담기다 다양,0.5347811497856277
vegetables,hyperclovax,5027318,1,담기다 마늘,0.7071067811865476
vegetables,hyperclovax,5061435,2,담기다 바구니,0.5342600442643789
vegetables,hyperclovax,5061435,1,담기다 보라색,0.5101959228436637
vegetables,hyperclovax,1000441195,1,담기다 붉다,0.5382219564037473
vegetables,hyperclovax,5042793,2,담기다 브로콜리,0.6104549103567095
vegetables,hyperclovax,1000079725,1,담기다 상자,0.4901593129839789
vegetables,hyperclovax,1000079725,2,담기다 상자,0.7482411704457158
vegetables,hyperclovax,1000118036,2,담기다 잘다,0.45446457518241745
vegetables,hyperclovax,1000661274,1,담기다 조리,0.5
vegetables,hyperclovax,5063699,1,담기다 청경채,0.47393626768542535
vegetables,hyperclovax,1000120872,1,담기다 콩나물,0.7559216340931967
vegetables,hyperclovax,1000120872,2,담기다 콩나물,0.7559216340931967
vegetables,hyperclovax,5071326,1,담기다 콩나물,0.3855411340163864
vegetables,hyperclovax,5071326,2,담기다 콩나물,1.0
vegetables,hyperclovax,5071327,2,담기다 콩나물,0.7559216340931967
vegetables,hyperclovax,5027320,1,담기다 파,0.5773502691896258
vegetables,hyperclovax,5071326,1,담기다 포장지,0.49661236632710576
vegetables,hyperclovax,5058732,1,담기다 표고버섯,0.6043771357878994
vegetables,hyperclovax,5104176,1,담기다 호박,0.3823114109727189
vegetables,hyperclovax,5042793,1,담기다 흰색,0.676040046048566
vegetables,hyperclovax,5058732,2,담기다 흰색,0.5442440651139735
vegetables,hyperclovax,1000118036,1,담다 포장지,0.5932109226861121
vegetables,hyperclovax,5000070,2,당근 껍질,0.48425021765914045
vegetables,hyperclovax,5000070,1,당근 회색,0.7071067811865476
vegetables,hyperclovax,1001985604,1,대 파,0.408248290463863
vegetables,hyperclovax,5044050,1,도마 2개,0.23688144868908967
vegetables,hyperclovax,5044050,2,도마 2개,0.3031550179120859
vegetables,hyperclovax,5000333,2,도마 오이,1.0
vegetables,hyperclovax,5030559,2,도마 오이,0.676040046048566
vegetables,hyperclovax,1001985604,2,도마 파,0.4174760221587593
vegetables,hyperclovax,1000118036,2,도자기 담기다,0.45446457518241745
vegetables,hyperclovax,1000120884,1,루콜라 잎,0.5291177505028797
vegetables,hyperclovax,1000120884,2,루콜라 잎,0.5291177505028797
vegetables,hyperclovax,5027318,2,마늘 나무,0.6043771357878994
vegetables,hyperclovax,1000118036,1,마늘 담다,0.5932109226861121
vegetables,hyperclovax,5000718,1,마늘 몇,0.3548823086638737
vegetables,hyperclovax,5000718,2,마늘 몇,0.47803250091460686
vegetables,hyperclovax,5048049,1,마늘 제품,0.5932109226861121
vegetables,hyperclovax,5026451,1,망 담기다,0.5101959228436637
vegetables,hyperclovax,5031395,2,몇 조각,0.5
vegetables,hyperclovax,5000718,1,몇 쪽,0.3548823086638737
vegetables,hyperclovax,5000718,2,몇 쪽,0.47803250091460686
vegetables,hyperclovax,5044050,1,모습 담기다,0.25819420321037495
vegetables,hyperclovax,1000952172,1,모양 개별,0.3015113445777636
vegetables,hyperclovax,5104176,1,모양 과자,0.3823114109727189
vegetables,hyperclovax,5031395,2,무 1개,0.5
vegetables,hyperclovax,5031395,2,무 몇,0.5
vegetables,hyperclovax,1000079725,1,무게 고구마,0.5342600442643789
vegetables,hyperclovax,5061435,1,바구니 담기다,0.5101959228436637
vegetables,hyperclovax,5000718,1,바구니 마늘,0.386811864863217
vegetables,hyperclovax,5061435,2,바구니 모습,0.5342600442643789
vegetables,hyperclovax,5063699,1,바닥 청경채,0.47393626768542535
vegetables,hyperclovax,5026450,2,반 잘리다,0.3855411340163864
vegetables,hyperclovax,5027319,2,반 잘리다,0.48121652614317934
vegetables,hyperclovax,5031100,1,반 잘리다,0.41830639557549076
vegetables,hyperclovax,5031100,2,반 잘리다,0.6459589653912802
vegetables,hyperclovax,5054661,2,반 잘리다,0.48121652614317934
vegetables,hyperclovax,1001544134,2,반쪽 껍질,0.3921663523910036
vegetables,hyperclovax,5026448,2,반쪽 껍질,0.3606039524790967
vegetables,hyperclovax,5048049,2,밥 국산,0.4472135954999579
vegetables,hyperclovax,1000952172,2,배경 2개,0.3823114109727189
vegetables,hyperclovax,5036663,1,배경 녹색,0.5773502691896258
vegetables,hyperclovax,1000178619,1,배경 빨간색,0.3960255049934858
vegetables,hyperclovax,1000178619,2,배경 빨간색,0.338020023024283
vegetables,hyperclovax,1000258072,1,배열 상추,0.5932109226861121
vegetables,hyperclovax,1002318657,1,배추 1개,0.5442440651139735
vegetables,hyperclovax,5027319,1,배추 1개,1.0
vegetables,hyperclovax,1002318657,2,배추 잎,0.7071067811865476
vegetables,hyperclovax,5027319,2,배추 조각,0.6198510526597059
vegetables,hyperclovax,1001544134,2,벗겨지다 감자,0.3921663523910036
vegetables,hyperclovax,5026448,2,벗겨지다 감자,0.3606039524790967
vegetables,hyperclovax,5000070,2,벗겨지다 당근,0.48425021765914045
vegetables,hyperclovax,1001227997,1,벗겨지다 양파,0.7633721340412072
vegetables,hyperclovax,1001227997,2,벗겨지다 양파,0.4527592563383847
vegetables,hyperclovax,5027318,2,벗기다 마늘,0.6043771357878994
vegetables,hyperclovax,5044050,1,벗기다 후,0.23688144868908967
vegetables,hyperclovax,5044050,2,벗기다 후,0.3031550179120859
vegetables,hyperclovax,5054661,1,보라색 가지,0.4472135954999579
vegetables,hyperclovax,5061435,1,보라색 고구마,0.4680815750925338
vegetables,hyperclovax,5061435,2,보라색 고구마,0.4901593129839789
vegetables,hyperclovax,1000120884,1,보이다 루콜라,0.5291177505028797
vegetables,hyperclovax,1000120884,2,보이다 루콜라,0.5291177505028797
vegetables,hyperclovax,1000258072,2,보이다 상추,0.7368648832307405
vegetables,hyperclovax,5058732,2,보이다 표고버섯,0.5932109226861121
vegetables,hyperclovax,1000441195,1,붉다 색,0.5382219564037473
vegetables,hyperclovax,5001063,1,브로콜리 1개,1.0
vegetables,hyperclovax,5001063,2,브로콜리 1개,0.29696536452792527
vegetables,hyperclovax,5054660,1,브로콜리 1개,0.5774020802470036
vegetables,hyperclovax,5054660,2,브로콜리 1개,0.5774020802470036
vegetables,hyperclovax,5042793,1,브로콜리 담기다,0.7368648832307405
vegetables,hyperclovax,1002318659,2,브로콜리 여러개,1.0
vegetables,hyperclovax,5001063,2,브로콜리 조각,0.3349302498571782
vegetables,hyperclovax,5042793,2,브로콜리 조각,0.5600646402074416
vegetables,hyperclovax,5026451,1,비닐 망,0.5101959228436637
vegetables,hyperclovax,1000178619,1,빨간색 노란색,0.3960255049934858
vegetables,hyperclovax,1000178619,2,빨간색 노란색,0.338020023024283
vegetables,hyperclovax,5030557,2,빨간색 페퍼,0.4472135954999579
vegetables,hyperclovax,5030557,1,빨간색 피망,0.5
vegetables,hyperclovax,5044050,1,뿌리채소 아마도,0.25819420321037495
vegetables,hyperclovax,1000952172,1,사각 모양,0.3015113445777636
vegetables,hyperclovax,5071327,1,삭 숙주나물,0.7071067811865476
vegetables,hyperclovax,1001176677,1,상추 담기다,0.5990983381745256
vegetables,hyperclovax,1001176677,2,상추 담기다,0.5990983381745256
vegetables,hyperclovax,1000258072,1,상추 잎,0.5442440651139735
vegetables,hyperclovax,1000258072,2,상추 잎,0.676040046048566
vegetables,hyperclovax,1000441195,1,색 고구마,0.5382219564037473
vegetables,hyperclovax,5049924,1,시금치 다발,1.0
vegetables,hyperclovax,5049924,2,시금치 다발,1.0
vegetables,hyperclovax,5000718,2,시금치 마늘,0.52104215575069
vegetables,hyperclovax,5000718,1,시금치 잎,0.386811864863217
vegetables,hyperclovax,5044050,1,썰다 모습,0.25819420321037495
vegetables,hyperclovax,5044050,1,아마도 우엉,0.25819420321037495
vegetables,hyperclovax,1000661274,1,야채 담기다,0.5
vegetables,hyperclovax,5044050,1,얇다 썰다,0.25819420321037495
vegetables,hyperclovax,5053496,1,양배추 1개,0.7071067811865476
vegetables,hyperclovax,5031100,1,양상추 옆,0.5388170304745681
vegetables,hyperclovax,5026451,2,양파 1개,0.45446457518241745
vegetables,hyperclovax,1001227997,2,양파 껍질,0.4934950207512613
vegetables,hyperclovax,5026451,2,양파 다발,0.45446457518241745
vegetables,hyperclovax,5026451,1,양파 비닐,0.5101959228436637
vegetables,hyperclovax,1001985604,1,여러 대,0.408248290463863
vegetables,hyperclovax,5045384,2,여러 잎,0.6348273695147089
vegetables,hyperclovax,5026448,2,여러개 모습,0.39304829778821165
vegetables,hyperclovax,1002030400,1,연두색 오이,1.0
vegetables,hyperclovax,1002318659,1,연하다 갈색,0.5442440651139735
vegetables,hyperclovax,5044050,1,연하다 갈색,0.23688144868908967
vegetables,hyperclovax,1002318657,1,연하다 녹색,0.5932109226861121
vegetables,hyperclovax,5031100,1,옆 반,0.5388170304745681
vegetables,hyperclovax,5026451,2,옆 양파,0.45446457518241745
vegetables,hyperclovax,5044050,1,옆 우엉,0.25819420321037495
vegetables,hyperclovax,5030557,2,오른쪽 빨간색,0.4472135954999579
vegetables,hyperclovax,5030559,2,오이 조각,0.7368648832307405
vegetables,hyperclovax,5030559,1,오이 흰색,0.5359520184437784
vegetables,hyperclovax,5030557,2,왼쪽 노란색,0.4472135954999579
vegetables,hyperclovax,1000952172,2,용기 담기다,0.3823114109727189
vegetables,hyperclovax,1000952172,1,용량 포장,0.3015113445777636
vegetables,hyperclovax,5044050,1,우엉 껍질,0.25819420321037495
vegetables,hyperclovax,5044050,1,우엉 옆,0.25819420321037495
vegetables,hyperclovax,5000718,1,잎 담기다,0.386811864863217
vegetables,hyperclovax,1000443684,1,잎 채소,0.42023677970889584
vegetables,hyperclovax,1000443684,2,잎 채소,0.42023677970889584
vegetables,hyperclovax,1001985604,1,잎 흰색,0.408248290463863
vegetables,hyperclovax,5044050,2,자르다 고구마,0.33043055390028553
vegetables,hyperclovax,5045384,1,자주색 잎,0.5359520184437784
vegetables,hyperclovax,1000952172,2,작다 용기,0.3823114109727189
vegetables,hyperclovax,1000118036,2,잘다 다지다,0.45446457518241745
vegetables,hyperclovax,5054661,2,잘리다 검다,0.6198510526597059
vegetables,hyperclovax,5026450,2,잘리다 고구마,0.49661236632710576
vegetables,hyperclovax,1001985604,2,잘리다 모습,0.4174760221587593
vegetables,hyperclovax,5027319,2,잘리다 배추,0.6198510526597059
vegetables,hyperclovax,5001063,2,잘리다 브로콜리,0.36506467463574277
vegetables,hyperclovax,5031100,1,잘리다 양상추,0.4943401407551055
vegetables,hyperclovax,5031100,2,잘리다 양상추,0.7633721340412072
vegetables,hyperclovax,5054657,1,쟁반 3개,0.5773502691896257
vegetables,hyperclovax,5054657,2,쟁반 3개,0.5773502691896257
vegetables,hyperclovax,1000952172,1,제품 300g,0.3015113445777636
vegetables,hyperclovax,5001063,2,조각 3개,0.36506467463574277
vegetables,hyperclovax,5104176,1,조각 담기다,0.35075334672714503
vegetables,hyperclovax,5104176,2,조각 담기다,0.676040046048566
vegetables,hyperclovax,5031395,2,조각 무,0.5
vegetables,hyperclovax,1002318657,2,조각 배추,0.7071067811865476
vegetables,hyperclovax,1000661274,1,조리 야채,0.5
vegetables,hyperclovax,1000443684,1,종류 녹색,0.42023677970889584
vegetables,hyperclovax,1000443684,2,종류 녹색,0.42023677970889584
vegetables,hyperclovax,1001176677,1,종류 상추,0.5990983381745256
vegetables,hyperclovax,1001176677,2,종류 상추,0.5990983381745256
vegetables,hyperclovax,5001063,2,주변 잘리다,0.36506467463574277
vegetables,hyperclovax,1000178619,2,주황색 노란색,0.36843244161537025
vegetables,hyperclovax,5026451,1,주황색 양파,0.4680815750925338
vegetables,hyperclovax,5026451,2,주황색 양파,0.41695059613467306
vegetables,hyperclovax,1000178619,1,주황색 페퍼,0.43165680672185525
vegetables,hyperclovax,1001985604,1,줄기 여러,0.408248290463863
vegetables,hyperclovax,5054661,1,짙다 보라색,0.4472135954999579
vegetables,hyperclovax,5000718,2,쪽 바구니,0.52104215575069
vegetables,hyperclovax,5048049,2,참깨 마요네즈,0.4472135954999579
vegetables,hyperclovax,5031391,1,천 2개,0.6348273695147089
vegetables,hyperclovax,5045384,1,천 녹색,0.5359520184437784
vegetables,hyperclovax,1000120884,1,천 보이다,0.5291177505028797
vegetables,hyperclovax,1000120884,2,천 보이다,0.5291177505028797
vegetables,hyperclovax,5054660,1,천 브로콜리,0.6512187820711256
vegetables,hyperclovax,5054660,2,천 브로콜리,0.6512187820711256
vegetables,hyperclovax,5045384,2,천 여러,0.6348273695147089
vegetables,hyperclovax,5063699,1,청경채 다발,0.47393626768542535
vegetables,hyperclovax,5063699,1,청경채 바닥,0.47393626768542535
vegetables,hyperclovax,5063699,2,청경채 잎,1.0
vegetables,hyperclovax,1000178619,1,초록색 배경,0.3960255049934858
vegetables,hyperclovax,1000178619,2,초록색 배경,0.338020023024283
vegetables,hyperclovax,1002030400,2,초록색 오이,1.0
vegetables,hyperclovax,1001985604,1,초록색 잎,0.408248290463863
vegetables,hyperclovax,5036663,2,초록색 파,0.7071067811865476
vegetables,hyperclovax,5071326,1,콩나물 담기다,0.49661236632710576
vegetables,hyperclovax,5071326,1,콩나물 콩나물,0.49661236632710576
vegetables,hyperclovax,1000952172,1,크기 사각,0.3015113445777636
vegetables,hyperclovax,5001063,2,크다 브로콜리,0.36506467463574277
vegetables,hyperclovax,1001985604,2,파 파,0.4174760221587593
vegetables,hyperclovax,1001985604,2,파 흰색,0.4174760221587593
vegetables,hyperclovax,5104176,1,패키지 모습,0.3823114109727189
vegetables,hyperclovax,1000178619,1,페퍼 4개,0.43165680672185525
vegetables,hyperclovax,5030557,2,페퍼 오른쪽,0.4472135954999579
vegetables,hyperclovax,1000952172,1,포장 15,0.3015113445777636
vegetables,hyperclovax,5071327,1,포장 삭,0.7071067811865476
vegetables,hyperclovax,1000661274,1,포장 야채,0.5
vegetables,hyperclovax,5027320,2,포장 파,1.0
vegetables,hyperclovax,5058732,1,포장 표고버섯,0.5190920491335133
vegetables,hyperclovax,5071102,1,포장 표고버섯,1.0
vegetables,hyperclovax,5071102,2,포장 표고버섯,1.0
vegetables,hyperclovax,5048049,2,포장 현미,0.4472135954999579
vegetables,hyperclovax,5027320,1,포장지 담기다,0.5773502691896258
vegetables,hyperclovax,5058732,2,표고버섯 담기다,0.5932109226861121
vegetables,hyperclovax,5058732,1,표고버섯 포장,0.6043771357878994
vegetables,hyperclovax,5027320,1,플라스틱 포장지,0.5773502691896258
vegetables,hyperclovax,5030557,1,피망 2개,0.5
vegetables,hyperclovax,1000178619,2,피망 4개,0.36843244161537025
vegetables,hyperclovax,5048049,2,현미 밥,0.4472135954999579
vegetables,hyperclovax,5104176,1,호박 모양,0.3823114109727189
vegetables,hyperclovax,5104176,1,호박 조각,0.3823114109727189
vegetables,hyperclovax,5036663,1,회색 배경,0.5773502691896258
vegetables,hyperclovax,5054661,1,회색 천,0.4472135954999579
vegetables,hyperclovax,5036663,2,회색 초록색,0.7071067811865476
vegetables,hyperclovax,5044050,1,후 얇다,0.25819420321037495
vegetables,hyperclovax,5044050,2,후 자르다,0.33043055390028553
vegetables,hyperclovax,1000661274,2,희다 담기다,0.5712474872330642
vegetables,hyperclovax,5042793,2,희다 담기다,0.5600646402074416
vegetables,hyperclovax,5000333,1,흰색 2개,0.7071067811865476
vegetables,hyperclovax,1000120872,1,흰색 담기다,0.6546621136967309
vegetables,hyperclovax,1000120872,2,흰색 담기다,0.6546621136967309
vegetables,hyperclovax,1000441195,1,흰색 담기다,0.36187204497552483
vegetables,hyperclovax,5026448,1,흰색 담기다,0.36187204497552483
vegetables,hyperclovax,5026449,2,흰색 담기다,0.5911047773920363
vegetables,hyperclovax,5026450,2,흰색 담기다,0.33389595207839246
vegetables,hyperclovax,5063699,1,흰색 담기다,0.31864973982358064
vegetables,hyperclovax,5071326,1,흰색 담기다,0.33389595207839246
vegetables,hyperclovax,5071327,2,흰색 담기다,0.6546621136967309
vegetables,hyperclovax,1000952172,2,흰색 배경,0.3823114109727189
vegetables,hyperclovax,5031391,2,흰색 버섯,1.0
vegetables,hyperclovax,1001985604,2,흰색 잘리다,0.4174760221587593
vegetables,hyperclovax,1001985604,1,흰색 줄기,0.408248290463863
vegetables,hyperclovax,1000120884,1,흰색 천,0.4001290020834745
vegetables,hyperclovax,1000120884,2,흰색 천,0.4001290020834745
vegetables,hyperclovax,5030559,1,흰색 천,0.3718417698136124
vegetables,hyperclovax,5031391,1,흰색 천,0.4404411672744391
vegetables,hyperclovax,5045384,1,흰색 천,0.3718417698136124
vegetables,hyperclovax,5045384,2,흰색 천,0.4404411672744391
vegetables,hyperclovax,5054660,1,흰색 천,0.49246414651650783
vegetables,hyperclovax,5054660,2,흰색 천,0.49246414651650783
