category,model,product_id,image_order,n_gram_keyword,tfidf_score
bakery,qwen3,1001194675,2,100%_땅콩,0.2394635650729807
bakery,qwen3,1002202568,2,100%_한국산_땅콩,0.3101731764297794
bakery,qwen3,5132010,1,12개,0.19341880596887626
bakery,qwen3,5003416,2,16개,0.2727966343369028
bakery,qwen3,1002104461,2,1개,0.19916804453969403
bakery,qwen3,5057085,2,1개,0.1746074074386867
bakery,qwen3,5116362,1,1개,0.2429845675782229
bakery,qwen3,5132010,2,1개,0.20884343325215493
bakery,qwen3,1000220024,2,2개,0.153263370592155
bakery,qwen3,1000234669,1,2개,0.21259256008883948
bakery,qwen3,1000321559,1,2개,0.1668646431819769
bakery,qwen3,1000321559,2,2개,0.14696584296184
bakery,qwen3,1000400055,1,2개,0.13140023463687864
bakery,qwen3,1000635372,1,2개,0.1593349036394027
bakery,qwen3,1000637683,1,2개,0.12077294497754526
bakery,qwen3,1000637683,2,2개,0.15605973598060796
bakery,qwen3,1000794499,1,2개,0.26689583281164636
bakery,qwen3,1000794499,2,2개,0.15575396440324515
bakery,qwen3,1001194675,1,2개,0.29662734546204045
bakery,qwen3,1001194675,2,2개,0.26512864136648784
bakery,qwen3,1001385477,1,2개,0.1384057103962186
bakery,qwen3,1001493094,1,2개,0.17987438767438207
bakery,qwen3,5040946,1,2개,0.13415769259805524
bakery,qwen3,5057085,2,2개,0.11877159618131919
bakery,qwen3,5097791,2,2개,0.11761895926105669
bakery,qwen3,5025646,1,3,0.16773581574450203
bakery,qwen3,5057085,1,3,0.1710503697200242
bakery,qwen3,5122986,1,3,0.3352723501587171
bakery,qwen3,5122986,2,3,0.4026350543447618
bakery,qwen3,1000400055,1,3개,0.15974607952661773
bakery,qwen3,1000659491,1,3개,0.17422298725049032
bakery,qwen3,1000831954,1,3개,0.1875953041152153
bakery,qwen3,1002202568,1,3개,0.2485656939322469
bakery,qwen3,5025646,2,3개,0.2063659680558467
bakery,qwen3,5063069,1,3개,0.18525189964699224
bakery,qwen3,5063069,2,3개,0.3718131218503678
bakery,qwen3,5097791,2,3개,0.1429918878902932
bakery,qwen3,5116362,1,3개,0.200938283693644
bakery,qwen3,5057085,1,4,0.21017775047796672
bakery,qwen3,1000659491,1,4개,0.2375460047276581
bakery,qwen3,5097791,1,4개,0.5464188385568534
bakery,qwen3,1000352096,1,500g,0.38071833638178926
bakery,qwen3,1000634077,1,5개,0.31547681967087826
bakery,qwen3,1001385477,1,6,0.250015423962613
bakery,qwen3,1000220024,2,6개,0.2378656557403289
bakery,qwen3,5115048,1,6개,0.15094949147117925
bakery,qwen3,5115048,2,6개,0.1441082876804324
bakery,qwen3,5043336,2,8개,0.22390637097670085
bakery,qwen3,5122986,2,8개,0.22699059255197765
bakery,qwen3,1000229955,2,9,0.24129445858746223
bakery,qwen3,1000229955,1,9개,0.2787398133045838
bakery,qwen3,5122986,1,9개,0.1890140180483553
bakery,qwen3,1002104461,1,Butter_&_Shelter,0.24816582460312447
bakery,qwen3,1000229955,1,CHARMANT,0.2787398133045838
bakery,qwen3,1000229955,2,CHARMANT,0.22141696696923568
bakery,qwen3,5043336,1,FOURB_SPREAD,0.20411195257961579
bakery,qwen3,5043336,2,FOURB_SPREAD,0.22390637097670085
bakery,qwen3,1000870987,2,HAVE_A_HARTY_TIME!,0.17159010787351336
bakery,qwen3,1000659491,1,I_am_bagel,0.2588714649331233
bakery,qwen3,1001737663,1,JOSUN_DELI,0.23278923867205437
bakery,qwen3,5003416,2,Le_Chateau_de_Ma_Vie,0.2727966343369028
bakery,qwen3,1001194675,2,My_Normal,0.2394635650729807
bakery,qwen3,5044137,1,NAPOLION,0.21839116067841585
bakery,qwen3,1001493094,1,Nuts_Green,0.29815745371088137
bakery,qwen3,1001493094,2,Nuts_Green,0.3187327560763603
bakery,qwen3,1000637683,1,OH_NUTTY,0.21816367948499957
bakery,qwen3,1000635372,1,Oh_Nutty_피스타치오_버터,0.2878218201503897
bakery,qwen3,5057085,1,PNB,0.21017775047796672
bakery,qwen3,1000352096,2,Pasquier_Sliced_Brioche,0.3468822302280419
bakery,qwen3,5097791,1,Pastel_de_Nata_Original,0.29773652763901604
bakery,qwen3,5132010,1,Real_Brownie_Cookie,0.19341880596887626
bakery,qwen3,5057085,1,SINCE_1951,0.21017775047796672
bakery,qwen3,5138995,1,TAKUMIYA,0.2784916644402423
bakery,qwen3,1000400055,1,WHAT'S_THE_BETTER?,0.23736076551667762
bakery,qwen3,5138995,1,artisan_baking,0.2784916644402423
bakery,qwen3,5115048,1,darbo_since_1853,0.17569163280480832
bakery,qwen3,1000321559,2,가,0.2654784071476513
bakery,qwen3,1001194675,2,가다,0.2394635650729807
bakery,qwen3,1000196053,2,가득,0.25935016880048195
bakery,qwen3,1000321559,2,가득,0.17866952294535265
bakery,qwen3,1000635372,2,가득,0.13903645736153766
bakery,qwen3,1001194675,2,가득,0.16116128386512127
bakery,qwen3,1001556191,2,가득,0.2694423661367065
bakery,qwen3,5025646,2,가득,0.2063659680558467
bakery,qwen3,5043336,2,가득,0.16421929243011726
bakery,qwen3,5052041,2,가득,0.2323665436032481
bakery,qwen3,5052044,2,가득,0.32234442070645564
bakery,qwen3,1000831954,1,가루,0.20779449778927217
bakery,qwen3,1000870987,2,가루,0.12791621567269285
bakery,qwen3,1001737665,2,가루,0.19471508208749047
bakery,qwen3,5012764,1,가루,0.2830989675791469
bakery,qwen3,5012764,2,가루,0.16554544915146296
bakery,qwen3,5052044,1,가루,0.1954463499011509
bakery,qwen3,1001385477,1,가지,0.22941951171772887
bakery,qwen3,1001501168,1,가지,0.22317955517369276
bakery,qwen3,1000128336,1,가지다,0.2502363587023097
bakery,qwen3,1000196053,1,가지다,0.3086785185996532
bakery,qwen3,1000894225,2,가지다,0.23922621558278231
bakery,qwen3,5007270,1,가지다,0.16593334026284612
bakery,qwen3,5052041,1,가지다,0.25054007576110005
bakery,qwen3,5128440,1,가지다,0.23933706176131803
bakery,qwen3,1000894225,2,가지런히,0.23922621558278231
bakery,qwen3,1002104461,1,가지런히,0.18500153380592987
bakery,qwen3,5057085,1,가지런히,0.15668235653514034
bakery,qwen3,5128440,2,가지런히,0.26102712421471874
bakery,qwen3,5131242,1,가지런히,0.22481609705302005
bakery,qwen3,5132010,1,가지런히,0.14418897456319268
bakery,qwen3,1000831954,2,각각,0.15943757652600768
bakery,qwen3,5043336,2,각각,0.19858213689119888
bakery,qwen3,5063069,1,각각,0.2240158117275319
bakery,qwen3,5115048,2,각각,0.1365040888075809
bakery,qwen3,5003416,1,각기,0.2539832766598498
bakery,qwen3,1000196053,1,갈라지다,0.32164670486336955
bakery,qwen3,1000217187,2,갈라지다,0.36919167467867375
bakery,qwen3,1000659491,2,갈라지다,0.1849772590649799
bakery,qwen3,1001556191,1,갈라지다,0.24185329305801595
bakery,qwen3,5052044,1,갈라지다,0.20365743203793182
bakery,qwen3,1000128336,1,갈색,0.13486580139359497
bakery,qwen3,1000128336,2,갈색,0.12321949231543543
bakery,qwen3,1000196053,1,갈색,0.16636341736995422
bakery,qwen3,1000196053,2,갈색,0.1548281916124652
bakery,qwen3,1000217187,1,갈색,0.15366334526498848
bakery,qwen3,1000217187,2,갈색,0.19095482010353815
bakery,qwen3,1000220024,1,갈색,0.15270461868696666
bakery,qwen3,1000220024,2,갈색,0.11123358806503567
bakery,qwen3,1000321559,2,갈색,0.10666304657457928
bakery,qwen3,1000659491,1,갈색,0.10400853092972757
bakery,qwen3,1000659491,2,갈색,0.09567469054859268
bakery,qwen3,1000794499,1,갈색,0.09685217351198236
bakery,qwen3,1000794499,2,갈색,0.11304118034850011
bakery,qwen3,1000831954,1,갈색,0.11199160511629966
bakery,qwen3,1000894225,1,갈색,0.17950587104308302
bakery,qwen3,1000894225,2,갈색,0.12893184446194172
bakery,qwen3,1001556191,2,갈색,0.16085308324909206
bakery,qwen3,1001737663,2,갈색,0.11131656654794254
bakery,qwen3,1002104461,2,갈색,0.09832572617792863
bakery,qwen3,1002202568,2,갈색,0.12462036486950293
bakery,qwen3,5003416,2,갈색,0.10960333997138408
bakery,qwen3,5025646,2,갈색,0.12319741217913997
bakery,qwen3,5040946,2,갈색,0.12641205101141165
bakery,qwen3,5044138,2,갈색,0.1184597347496821
bakery,qwen3,5052041,1,갈색,0.13502949081404161
bakery,qwen3,5052041,2,갈색,0.13871936888927558
bakery,qwen3,5063069,1,갈색,0.22118525503781655
bakery,qwen3,5074339,1,갈색,0.1450417205528129
bakery,qwen3,5097791,1,갈색,0.11962360877376856
bakery,qwen3,5097791,2,갈색,0.08536402933417069
bakery,qwen3,5122986,1,갈색,0.08275900226094389
bakery,qwen3,5122986,2,갈색,0.09938688757685808
bakery,qwen3,5128440,1,갈색,0.1289915854155632
bakery,qwen3,5131242,1,갈색,0.12116545833895206
bakery,qwen3,5131242,2,갈색,0.1242728732891495
bakery,qwen3,5138995,1,갈색,0.11189147054924416
bakery,qwen3,5138995,2,갈색,0.15774708266218695
bakery,qwen3,1000447291,1,감도,0.2775068971121769
bakery,qwen3,5097791,2,감싸이다,0.21246633452847632
bakery,qwen3,5063069,1,감자,0.2752589161745409
bakery,qwen3,1000528793,2,갓,0.3100435157947897
bakery,qwen3,5052044,2,갓,0.21975179766312505
bakery,qwen3,1000217187,1,같다,0.257398953755609
bakery,qwen3,1000528793,1,같다,0.1673591588448995
bakery,qwen3,1000831954,2,같다,0.2636966890755023
bakery,qwen3,1000870987,1,같다,0.22513918310631004
bakery,qwen3,1001194675,1,같다,0.3606162169260662
bakery,qwen3,1002104461,2,같다,0.16470381405412407
bakery,qwen3,1002202568,1,같다,0.2485656939322469
bakery,qwen3,5043336,1,같다,0.1497015037264932
bakery,qwen3,5057085,2,같다,0.14439317328098075
bakery,qwen3,1000229955,1,개별,0.21093810260974155
bakery,qwen3,1000229955,2,개별,0.16755867898590696
bakery,qwen3,1000528793,1,개별,0.17268228600273058
bakery,qwen3,1001501168,2,개별,0.1956414814796094
bakery,qwen3,1002104461,1,개별,0.17233026395786638
bakery,qwen3,1002202568,1,개별,0.2564717255173011
bakery,qwen3,5057085,1,개별,0.14595074594119822
bakery,qwen3,5132010,2,개별,0.17819812326605325
bakery,qwen3,5043336,2,건포도,0.2440073464045473
bakery,qwen3,1000831954,1,검다,0.20779449778927217
bakery,qwen3,1000831954,2,검다,0.14604502317788456
bakery,qwen3,1000870987,2,검다,0.12791621567269285
bakery,qwen3,5003416,2,검다,0.20336319817659138
bakery,qwen3,5131242,1,검다,0.22481609705302005
bakery,qwen3,5131242,2,검다,0.23058174107900406
bakery,qwen3,1000229955,1,검은색,0.23596169668416372
bakery,qwen3,5003416,1,검은색,0.19729277271138318
bakery,qwen3,5003416,2,검은색,0.21190688254148735
bakery,qwen3,5043336,1,검은색,0.17278695164933472
bakery,qwen3,5122986,1,검은색,0.1600060926604905
bakery,qwen3,1001556191,2,겉,0.36737378109650887
bakery,qwen3,5052041,2,겉,0.3168223948884874
bakery,qwen3,1000196053,1,겉면,0.3086785185996532
bakery,qwen3,1000794499,2,겉면,0.20974192909933032
bakery,qwen3,1000894225,2,겉면,0.23922621558278231
bakery,qwen3,1001556191,1,겉면,0.23210222610957065
bakery,qwen3,1001737663,2,겉면,0.20654199944214613
bakery,qwen3,5128440,1,겉면,0.23933706176131803
bakery,qwen3,5057085,1,격자,0.1710503697200242
bakery,qwen3,5122986,1,격자,0.16763617507935855
bakery,qwen3,5122986,2,격자,0.2013175271723809
bakery,qwen3,5132010,1,격자,0.15741132539740546
bakery,qwen3,1000635372,2,견과,0.35499152900013076
bakery,qwen3,5003416,1,견과,0.21821555097380205
bakery,qwen3,5003416,2,견과,0.23437947824159414
bakery,qwen3,5044137,1,겹,0.21839116067841585
bakery,qwen3,1002104461,2,겹쳐지다,0.2447272790872425
bakery,qwen3,1000634077,2,곁들이다,0.3354881274403088
bakery,qwen3,1000635372,2,고소하다,0.20658910723729249
bakery,qwen3,5074339,1,곰,0.36100079811045277
bakery,qwen3,5052044,1,공기,0.26217677005732604
bakery,qwen3,1000634077,2,과일,0.2409964942035152
bakery,qwen3,1001385477,1,과일,0.17959753488598684
bakery,qwen3,1001385477,2,과일,0.18834927254853176
bakery,qwen3,1001737665,2,과일,0.18762893180719734
bakery,qwen3,5003416,2,과일,0.19596232214628545
bakery,qwen3,5115048,1,과일,0.1262073501375502
bakery,qwen3,5115048,2,과일,0.12048748852181247
bakery,qwen3,5115048,1,과일_함량_70%,0.17569163280480832
bakery,qwen3,5063069,1,과자,0.25258348122617336
bakery,qwen3,5074339,1,과자,0.3312620698337211
bakery,qwen3,5052041,1,구겨지다,0.30839504968065806
bakery,qwen3,5052041,2,구겨지다,0.3168223948884874
bakery,qwen3,5132010,2,구성,0.25661589083308944
bakery,qwen3,1000400055,2,그리고,0.16387711202455374
bakery,qwen3,1000831954,2,그리고,0.1521806592825659
bakery,qwen3,5007270,2,그리고,0.1551618112422639
bakery,qwen3,5012764,2,그리고,0.17250033616286245
bakery,qwen3,5115048,2,그리고,0.1302910059355739
bakery,qwen3,1000229955,1,그리다,0.17542905751774576
bakery,qwen3,1000528793,1,그리다,0.1436131751858748
bakery,qwen3,1000528793,2,그리다,0.19513050941859783
bakery,qwen3,1000634077,1,그리다,0.18219377251883892
bakery,qwen3,1000637683,1,그리다,0.1259936113006025
bakery,qwen3,1000659491,1,그리다,0.14950311988959689
bakery,qwen3,5063069,1,그리다,0.1589671799329219
bakery,qwen3,5071363,1,그리다,0.19159340572934197
bakery,qwen3,5071363,2,그리다,0.2029255852673673
bakery,qwen3,5074339,1,그리다,0.2084847227719361
bakery,qwen3,5115048,2,그리다,0.09686668936319255
bakery,qwen3,5122986,1,그리다,0.11895879046037905
bakery,qwen3,5122986,2,그리다,0.14285991385548955
bakery,qwen3,5132010,1,그리다,0.22340596670349833
bakery,qwen3,5132010,2,그리다,0.1482004835979363
bakery,qwen3,1000229955,1,그림,0.24721381317210467
bakery,qwen3,1000634077,1,그림,0.256746618136719
bakery,qwen3,1000637683,1,그림,0.17754961193812013
bakery,qwen3,5074339,1,그림,0.2937957031398052
bakery,qwen3,5052044,2,근접,0.23947980033577435
bakery,qwen3,1000634077,2,글레이즈,0.28824231082191204
bakery,qwen3,5044137,1,글레이즈,0.18763576910251845
bakery,qwen3,5122986,2,글레이즈,0.21253227192165658
bakery,qwen3,5063069,1,글씨,0.2752589161745409
bakery,qwen3,5071363,1,글자,0.3317527129153395
bakery,qwen3,1000128336,1,금빛,0.3356734997029059
bakery,qwen3,5071363,2,금색,0.351374898191875
bakery,qwen3,1000220024,2,기공,0.1922519462765405
bakery,qwen3,1000659491,2,기공,0.16536053351635427
bakery,qwen3,1000894225,2,기공,0.22284094639058016
bakery,qwen3,5128440,1,기공,0.22294420040589996
bakery,qwen3,5131242,1,기공,0.20941781697748516
bakery,qwen3,5131242,2,기공,0.21478855600026114
bakery,qwen3,5138995,1,기공,0.1933890055965759
bakery,qwen3,5138995,2,기공,0.2726441193600639
bakery,qwen3,1001556191,2,기포,0.34397365751186987
bakery,qwen3,5052041,2,기포,0.2966421763311257
bakery,qwen3,5052044,2,기포,0.2057545570110687
bakery,qwen3,5128440,2,깔다,0.350148510619816
bakery,qwen3,5003416,1,깔리다,0.23306049839743098
bakery,qwen3,5003416,2,깔리다,0.25032403863679603
bakery,qwen3,1000870987,2,깨,0.17159010787351336
bakery,qwen3,1000635372,2,깨지다,0.20658910723729249
bakery,qwen3,1000128336,1,껍질,0.19825919404590311
bakery,qwen3,1000128336,2,껍질,0.1811385613311143
bakery,qwen3,1000196053,2,껍질,0.22760486474319666
bakery,qwen3,1000447291,1,껍질,0.1639041920566697
bakery,qwen3,1000635372,2,껍질,0.12201794283963158
bakery,qwen3,1000659491,2,껍질,0.14064638212764896
bakery,qwen3,1000894225,1,껍질,0.26388223665128224
bakery,qwen3,5052041,1,껍질,0.19849982534187477
bakery,qwen3,5052044,1,껍질,0.15484974290531864
bakery,qwen3,5052044,2,껍질,0.1414442076805785
bakery,qwen3,5097791,2,껍질,0.1254892158087697
bakery,qwen3,5128440,2,껍질,0.20680858504856559
bakery,qwen3,5138995,1,껍질,0.32897165244973053
bakery,qwen3,5138995,2,껍질,0.23189577452941268
bakery,qwen3,1000637683,2,꽂히다,0.21015368825259195
bakery,qwen3,1001194675,2,꽂히다,0.17851421282517624
bakery,qwen3,5012764,1,꽂히다,0.2830989675791469
bakery,qwen3,5012764,2,꽂히다,0.16554544915146296
bakery,qwen3,5040946,1,꽂히다,0.18065988468955327
bakery,qwen3,5115048,2,꽂히다,0.1250379192167865
bakery,qwen3,5012764,1,꽃,0.34847247453682445
bakery,qwen3,5012764,2,꽃,0.20377337581774232
bakery,qwen3,5012764,1,꽃병,0.34847247453682445
bakery,qwen3,5012764,2,꽃병,0.20377337581774232
bakery,qwen3,1000831954,2,나다,0.19590855740764912
bakery,qwen3,5115048,1,나머지,0.17569163280480832
bakery,qwen3,1000196053,1,나무,0.18910204781437662
bakery,qwen3,1000447291,1,나무,0.1267351144515769
bakery,qwen3,1000447291,2,나무,0.17481783599643078
bakery,qwen3,1000528793,1,나무,0.11356680025655416
bakery,qwen3,1000635372,1,나무,0.2628917097053313
bakery,qwen3,1000637683,2,나무,0.12874395336803945
bakery,qwen3,1000659491,2,나무,0.10875155243122088
bakery,qwen3,1000794499,1,나무,0.11008997432206467
bakery,qwen3,1000794499,2,나무,0.12849170225759182
bakery,qwen3,1000894225,1,나무,0.20404081826153309
bakery,qwen3,1000894225,2,나무,0.14655430984577267
bakery,qwen3,1001194675,2,나무,0.10936103802219756
bakery,qwen3,1001385477,1,나무,0.1141799850753004
bakery,qwen3,1001385477,2,나무,0.11974394382521693
bakery,qwen3,5007270,1,나무,0.10165376776697804
bakery,qwen3,5007270,2,나무,0.18244499822228016
bakery,qwen3,5025646,1,나무,0.09412645602159966
bakery,qwen3,5025646,2,나무,0.14003609265070727
bakery,qwen3,5044137,1,나무,0.09973744448089707
bakery,qwen3,5044137,2,나무,0.3258972857399848
bakery,qwen3,5052044,1,나무,0.11973397167973304
bakery,qwen3,5052044,2,나무,0.10936845253300691
bakery,qwen3,5071363,1,나무,0.1515087317773976
bakery,qwen3,5115048,1,나무,0.080236921760907
bakery,qwen3,5115048,2,나무,0.07660049259537133
bakery,qwen3,5128440,1,나무,0.14662221622114532
bakery,qwen3,5128440,2,나무,0.15990994108702591
bakery,qwen3,5138995,2,나무,0.17930802841004123
bakery,qwen3,5044138,1,나폴레옹,0.5756097888260027
bakery,qwen3,1001501168,2,내려다보다,0.25852640820966627
bakery,qwen3,5007270,2,내려다보다,0.1832915041103464
bakery,qwen3,1000220024,1,내리다,0.3487634307329835
bakery,qwen3,1000220024,2,내리다,0.2540473766928202
bakery,qwen3,1001737663,1,넘치다,0.2136123948787691
bakery,qwen3,1001737663,2,넘치다,0.25423689198465915
bakery,qwen3,1002202568,2,넛츠_그린,0.3101731764297794
bakery,qwen3,5003416,2,넣다,0.2727966343369028
bakery,qwen3,1000352096,2,노란색,0.24918140032042907
bakery,qwen3,1000400055,2,노란색,0.1515464671737184
bakery,qwen3,1000528793,1,노란색,0.17863303588203522
bakery,qwen3,1000794499,1,노란색,0.34632843910191563
bakery,qwen3,1000870987,2,노란색,0.1232610368451185
bakery,qwen3,5040946,2,노란색,0.22601500164081262
bakery,qwen3,5097791,2,노란색,0.1526243034241037
bakery,qwen3,1000352096,2,노릇노릇,0.29803181527423545
bakery,qwen3,5074339,2,노릇노릇,0.4316275480200776
bakery,qwen3,5128440,2,노릇노릇,0.30083811490427165
bakery,qwen3,1000220024,1,녹다,0.32654870610947917
bakery,qwen3,1000220024,2,녹다,0.2378656557403289
bakery,qwen3,1000831954,2,녹다,0.1683193254193926
bakery,qwen3,1000196053,2,녹색,0.24507556627394914
bakery,qwen3,1000400055,2,녹색,0.2683347987091769
bakery,qwen3,1000659491,1,녹색,0.16463377469864052
bakery,qwen3,1000659491,2,녹색,0.1514422452402618
bakery,qwen3,1000794499,1,녹색,0.15330606797839047
bakery,qwen3,1000794499,2,녹색,0.17893144005405964
bakery,qwen3,5007270,1,녹색,0.1415582075253552
bakery,qwen3,5115048,1,녹색,0.11173412526983423
bakery,qwen3,5115048,2,녹색,0.10667020677695398
bakery,qwen3,5122986,1,녹색,0.13099816727262573
bakery,qwen3,5122986,2,녹색,0.15731823448581062
bakery,qwen3,1000794499,2,녹차,0.25817575271424126
bakery,qwen3,5116362,1,녹차,0.2739712321637025
bakery,qwen3,1000400055,1,누,0.23736076551667762
bakery,qwen3,1000220024,2,눈,0.2540473766928202
bakery,qwen3,1000321559,2,눈,0.24360867651318335
bakery,qwen3,1000321559,2,느끼다,0.24360867651318335
bakery,qwen3,1000635372,2,느끼다,0.18957059271538643
bakery,qwen3,1000794499,2,다,0.25817575271424126
bakery,qwen3,5052044,2,다,0.21975179766312505
bakery,qwen3,1001556191,1,다공,0.31134790695911624
bakery,qwen3,5043336,1,다르다,0.20411195257961579
bakery,qwen3,5043336,2,다르다,0.22390637097670085
bakery,qwen3,5115048,2,다르보,0.16772908683905233
bakery,qwen3,1000229955,2,다양,0.14589830265645548
bakery,qwen3,1000634077,1,다양,0.19075254685450715
bakery,qwen3,1000634077,2,다양,0.2028523516100216
bakery,qwen3,1000831954,1,다양,0.16854022892994402
bakery,qwen3,1002104461,1,다양,0.15005306296253598
bakery,qwen3,5003416,1,다양,0.15357057590431739
bakery,qwen3,5003416,2,다양,0.1649460420812827
bakery,qwen3,5040946,1,다양,0.1465315908167736
bakery,qwen3,5040946,2,다양,0.19024208104564613
bakery,qwen3,5043336,1,다양,0.134495507913802
bakery,qwen3,5043336,2,다양,0.14753864587082988
bakery,qwen3,5115048,1,다양,0.10623166054959986
bakery,qwen3,5115048,2,다양,0.10141712005816657
bakery,qwen3,5132010,1,다크,0.19341880596887626
bakery,qwen3,5007270,1,단면,0.1811496828902541
bakery,qwen3,5044138,1,단면,0.2342261894259696
bakery,qwen3,5044138,2,단면,0.23995138041585176
bakery,qwen3,5052044,1,단면,0.21336908092471288
bakery,qwen3,5122986,1,닫히다,0.4119651332479468
bakery,qwen3,1001385477,1,달,0.22941951171772887
bakery,qwen3,1001385477,2,달,0.24059906038189807
bakery,qwen3,1000635372,1,달리다,0.2145641055765508
bakery,qwen3,5043336,1,달리다,0.16582050884408306
bakery,qwen3,5071363,1,달리다,0.24731350834374072
bakery,qwen3,5071363,2,달리다,0.2619413660618155
bakery,qwen3,5074339,1,달리다,0.26911723829179396
bakery,qwen3,5115048,1,달리다,0.13097380188322894
bakery,qwen3,1000400055,1,담,0.23736076551667762
bakery,qwen3,1000321559,2,담기다,0.10957929150340229
bakery,qwen3,1000352096,1,담기다,0.15714590881912163
bakery,qwen3,1000400055,1,담기다,0.19594681763746485
bakery,qwen3,1000634077,1,담기다,0.1302167161416438
bakery,qwen3,1000635372,1,담기다,0.23760358870737194
bakery,qwen3,1000635372,2,담기다,0.08527204998179902
bakery,qwen3,1000637683,2,담기다,0.23271958920962782
bakery,qwen3,1000794499,1,담기다,0.0995001820671507
bakery,qwen3,1000794499,2,담기다,0.23226361614630867
bakery,qwen3,1000870987,1,담기다,0.1380794651922247
bakery,qwen3,1000870987,2,담기다,0.0708258070846208
bakery,qwen3,1001194675,2,담기다,0.09884136372334809
bakery,qwen3,1001385477,1,담기다,0.10319676585790552
bakery,qwen3,1001385477,2,담기다,0.2164510308121634
bakery,qwen3,1001501168,2,담기다,0.23257907765860308
bakery,qwen3,1001556191,1,담기다,0.12851245953375087
bakery,qwen3,1001737663,1,담기다,0.19217291618834254
bakery,qwen3,1001737663,2,담기다,0.11436004208248436
bakery,qwen3,1001737665,1,담기다,0.3064386217654598
bakery,qwen3,1002104461,1,담기다,0.1024333222710786
bakery,qwen3,5007270,1,담기다,0.0918754724298175
bakery,qwen3,5012764,1,담기다,0.15674879653195006
bakery,qwen3,5012764,2,담기다,0.18332140274286446
bakery,qwen3,5025646,1,담기다,0.08507222904863307
bakery,qwen3,5025646,2,담기다,0.1265657186362439
bakery,qwen3,5040946,1,담기다,0.2000587974505512
bakery,qwen3,5040946,2,담기다,0.2597364960438657
bakery,qwen3,5043336,2,담기다,0.10071686216560949
bakery,qwen3,5044137,2,담기다,0.1472742611940986
bakery,qwen3,5044138,1,담기다,0.23758961611855678
bakery,qwen3,5044138,2,담기다,0.12169850967527861
bakery,qwen3,5063069,2,담기다,0.2280356369255714
bakery,qwen3,5097791,1,담기다,0.12289420485795306
bakery,qwen3,5115048,2,담기다,0.06923212587347558
bakery,qwen3,5116362,1,담기다,0.12323688114281098
bakery,qwen3,1000321559,1,담다,0.2341440747046515
bakery,qwen3,1001493094,1,담다,0.252399317566353
bakery,qwen3,1001501168,1,담다,0.18892825491870796
bakery,qwen3,1001556191,2,담다,0.3109930356812191
bakery,qwen3,5003416,1,담다,0.19729277271138318
bakery,qwen3,1001737663,1,대리석,0.3789048579228381
bakery,qwen3,1001737663,2,대리석,0.225482218601739
bakery,qwen3,1001737665,1,대리석,0.6042010744548161
bakery,qwen3,1001737665,2,대리석,0.21257075472732181
bakery,qwen3,1000659491,1,더,0.2106791022649991
bakery,qwen3,1002202568,1,더,0.30057800108908955
bakery,qwen3,5012764,2,더,0.36145244313420094
bakery,qwen3,5057085,2,더,0.1746074074386867
bakery,qwen3,5132010,1,더미,0.1774852419866759
bakery,qwen3,5132010,2,더미,0.2354762415887635
bakery,qwen3,1000128336,2,덩어리,0.1900551261634137
bakery,qwen3,1000196053,1,덩어리,0.25660079978484507
bakery,qwen3,1000637683,2,덩어리,0.17469827420446446
bakery,qwen3,1000894225,1,덩어리,0.2768718676492467
bakery,qwen3,1001556191,1,덩어리,0.1929438339983847
bakery,qwen3,1001556191,2,덩어리,0.24810159866930992
bakery,qwen3,5007270,1,덩어리,0.13793842219918245
bakery,qwen3,5052041,1,덩어리,0.20827100023061398
bakery,qwen3,5052041,2,덩어리,0.21396230953515943
bakery,qwen3,5115048,1,덩어리,0.10887697163561595
bakery,qwen3,5128440,2,덩어리,0.21698875951230573
bakery,qwen3,5138995,2,덩어리,0.2433108685476769
bakery,qwen3,1000128336,1,덩이,0.2502363587023097
bakery,qwen3,1000447291,1,덩이,0.20687458351519816
bakery,qwen3,1000894225,2,덩이,0.23922621558278231
bakery,qwen3,5052044,1,덩이,0.1954463499011509
bakery,qwen3,5128440,1,덩이,0.47867412352263605
bakery,qwen3,5138995,1,덩이,0.20760870339824583
bakery,qwen3,1000634077,1,도넛,0.27104913728686514
bakery,qwen3,5122986,1,도넛,0.35394928247221724
bakery,qwen3,5122986,2,도넛,0.42506454384331316
bakery,qwen3,1000196053,1,도마,0.25660079978484507
bakery,qwen3,1000447291,1,도마,0.1719723932393403
bakery,qwen3,1000447291,2,도마,0.2372179310156028
bakery,qwen3,1000659491,2,도마,0.14756971515764428
bakery,qwen3,1000894225,1,도마,0.2768718676492467
bakery,qwen3,1000894225,2,도마,0.19886592214620238
bakery,qwen3,5007270,1,도마,0.13793842219918245
bakery,qwen3,5052044,1,도마,0.1624722378712373
bakery,qwen3,5052044,2,도마,0.14840681375776643
bakery,qwen3,5128440,1,도마,0.19895806726272813
bakery,qwen3,5128440,2,도마,0.21698875951230573
bakery,qwen3,5138995,2,도마,0.2433108685476769
bakery,qwen3,1000894225,1,돋보이다,0.4099750482991874
bakery,qwen3,5128440,2,돋보이다,0.3213037782305014
bakery,qwen3,1000321559,1,되다,0.22470382884668363
bakery,qwen3,1000635372,2,되다,0.15400711104205622
bakery,qwen3,5043336,1,되다,0.16582050884408306
bakery,qwen3,5071363,1,되다,0.24731350834374072
bakery,qwen3,5116362,2,되다,0.2380581845168311
bakery,qwen3,5128440,1,되다,0.23933706176131803
bakery,qwen3,5044137,1,두르다,0.21839116067841585
bakery,qwen3,1000217187,1,둥글다,0.257398953755609
bakery,qwen3,1000229955,2,둥글다,0.1623934928206851
bakery,qwen3,1000831954,1,둥글다,0.1875953041152153
bakery,qwen3,1001737663,1,둥글다,0.15666939796431487
bakery,qwen3,1001737663,2,둥글다,0.18646455806162543
bakery,qwen3,1001737665,2,둥글다,0.1757873063466058
bakery,qwen3,5063069,1,둥글다,0.18525189964699224
bakery,qwen3,5063069,2,둥글다,0.3718131218503678
bakery,qwen3,5132010,1,둥글다,0.13017271785836307
bakery,qwen3,1000196053,2,드러나다,0.21780539753779557
bakery,qwen3,1000217187,2,드러나다,0.2686267279315099
bakery,qwen3,1000220024,1,드러나다,0.2148180498175793
bakery,qwen3,1000400055,2,드러나다,0.11923825862090674
bakery,qwen3,1000659491,2,드러나다,0.13459088937369013
bakery,qwen3,1001556191,1,드러나다,0.17597433314329353
bakery,qwen3,1001737665,2,드러나다,0.14762829852011872
bakery,qwen3,1002104461,2,드러나다,0.13832024811075808
bakery,qwen3,5007270,1,드러나다,0.12580667315620161
bakery,qwen3,5044138,1,드러나다,0.16266778493665732
bakery,qwen3,5044138,2,드러나다,0.1666438737717523
bakery,qwen3,5052044,1,드러나다,0.14818272821265127
bakery,qwen3,5097791,2,드러나다,0.1200863108386276
bakery,qwen3,5116362,2,드러나다,0.18048999775588567
bakery,qwen3,5131242,1,드러나다,0.17045016509280192
bakery,qwen3,5131242,2,드러나다,0.1748215379125317
bakery,qwen3,1000196053,2,들다,0.22760486474319666
bakery,qwen3,1000217187,1,들다,0.22589248476508747
bakery,qwen3,1000659491,2,들다,0.14064638212764896
bakery,qwen3,1000870987,1,들다,0.197581414950713
bakery,qwen3,5003416,1,들다,0.15001041123677225
bakery,qwen3,5003416,2,들다,0.16112216457342549
bakery,qwen3,5043336,1,들다,0.13137755284722344
bakery,qwen3,5044137,1,들다,0.12898860214218225
bakery,qwen3,5057085,2,들다,0.253437958621429
bakery,qwen3,5097791,1,들다,0.17585244012405446
bakery,qwen3,5115048,1,들다,0.10376893484686515
bakery,qwen3,5115048,2,들다,0.09906600790410246
bakery,qwen3,5122986,2,들다,0.14610348973653497
bakery,qwen3,5132010,2,들다,0.3031306298588893
bakery,qwen3,1000128336,1,들어가다,0.2134773538546207
bakery,qwen3,1000400055,2,들어가다,0.13416739935458846
bakery,qwen3,1000831954,1,들어가다,0.1772700808293619
bakery,qwen3,1000831954,2,들어가다,0.12459142729430937
bakery,qwen3,1001737663,1,들어가다,0.1480463328845607
bakery,qwen3,1002104461,1,들어가다,0.15782533801540458
bakery,qwen3,5012764,2,들어가다,0.14122729650798255
bakery,qwen3,5040946,2,들어가다,0.20009602038766444
bakery,qwen3,5057085,1,들어가다,0.1336661668283749
bakery,qwen3,5063069,2,들어가다,0.3513485717283806
bakery,qwen3,5097791,1,들어가다,0.1893506819051705
bakery,qwen3,1000128336,1,듬뿍,0.3080211979639219
bakery,qwen3,1000128336,2,듬뿍,0.28142208953877323
bakery,qwen3,5132010,1,디자인,0.19341880596887626
bakery,qwen3,1000870987,1,디저트,0.30696818082713767
bakery,qwen3,1000870987,2,디저트,0.15745476075036324
bakery,qwen3,1000635372,2,딥,0.20658910723729249
bakery,qwen3,5071363,1,딸기,0.5399850752112667
bakery,qwen3,5071363,2,딸기,0.5719235847693285
bakery,qwen3,5115048,1,딸기,0.1429843010482102
bakery,qwen3,5115048,2,딸기,0.1365040888075809
bakery,qwen3,5043336,1,딸기_크림치즈,0.22243590345888553
bakery,qwen3,1000321559,1,땅콩,0.37358726780439294
bakery,qwen3,1000321559,2,땅콩,0.32903655732992054
bakery,qwen3,1000637683,1,땅콩,0.13519710850202674
bakery,qwen3,1000637683,2,땅콩,0.17469827420446446
bakery,qwen3,1001194675,1,땅콩,0.33205416508271646
bakery,qwen3,1001194675,2,땅콩,0.4451902580559463
bakery,qwen3,1001493094,1,땅콩,0.4027143183710636
bakery,qwen3,1001493094,2,땅콩,0.21525244968433507
bakery,qwen3,1002202568,1,땅콩,0.2288784311211388
bakery,qwen3,1002202568,2,땅콩,0.3844316953874853
bakery,qwen3,5025646,1,땅콩,0.3831728557444941
bakery,qwen3,5025646,2,땅콩,0.38004213902737316
bakery,qwen3,1000659491,2,또,0.218512272889698
bakery,qwen3,5040946,2,또,0.28871360261283135
bakery,qwen3,1000229955,1,뚜껑,0.1836700511283155
bakery,qwen3,1000229955,2,뚜껑,0.14589830265645548
bakery,qwen3,1000234669,1,뚜껑,0.2322008184723338
bakery,qwen3,1000234669,2,뚜껑,0.37170685455897073
bakery,qwen3,1000870987,2,뚜껑,0.10375168015849541
bakery,qwen3,5025646,1,뚜껑,0.24924210713415543
bakery,qwen3,5043336,1,뚜껑,0.134495507913802
bakery,qwen3,5057085,1,뚜껑,0.1270836356143353
bakery,qwen3,5071363,1,뚜껑,0.20059373928174154
bakery,qwen3,5071363,2,뚜껑,0.21245826175364627
bakery,qwen3,5115048,1,뚜껑,0.21246332109919971
bakery,qwen3,5115048,2,뚜껑,0.20283424011633314
bakery,qwen3,5122986,2,뚜껑,0.1495709322805332
bakery,qwen3,1000870987,2,뜨다,0.15745476075036324
bakery,qwen3,5025646,2,뜨다,0.2813716605199808
bakery,qwen3,1000220024,2,띄다,0.2540473766928202
bakery,qwen3,1000321559,2,띄다,0.24360867651318335
bakery,qwen3,1000196053,2,띠다,0.22255191459792012
bakery,qwen3,1000217187,2,띠다,0.27448076718556963
bakery,qwen3,1000229955,2,띠다,0.13935206949215567
bakery,qwen3,1000635372,2,띠다,0.11930907902561114
bakery,qwen3,1000659491,2,띠다,0.13752395696416939
bakery,qwen3,1000794499,2,띠다,0.16248675937478335
bakery,qwen3,1001556191,2,띠다,0.2312121666812904
bakery,qwen3,1001737663,2,띠다,0.1600077786461524
bakery,qwen3,5043336,2,띠다,0.14091881302130238
bakery,qwen3,5044138,2,띠다,0.1702754549849112
bakery,qwen3,5052041,2,띠다,0.19939689804939836
bakery,qwen3,5052044,2,띠다,0.13830407036165737
bakery,qwen3,5063069,1,띠다,0.1589671799329219
bakery,qwen3,5138995,1,띠다,0.16083415260858897
bakery,qwen3,5138995,2,띠다,0.22674756388409323
bakery,qwen3,1000321559,1,라벨,0.22470382884668363
bakery,qwen3,5043336,1,라벨,0.16582050884408306
bakery,qwen3,5071363,1,라벨,0.24731350834374072
bakery,qwen3,5071363,2,라벨,0.2619413660618155
bakery,qwen3,5115048,1,라벨,0.13097380188322894
bakery,qwen3,5115048,2,라벨,0.1250379192167865
bakery,qwen3,1001385477,1,라즈베리,0.20347173098608598
bakery,qwen3,1001385477,2,라즈베리,0.2133868515497652
bakery,qwen3,5115048,1,라즈베리,0.1429843010482102
bakery,qwen3,5115048,2,라즈베리,0.1365040888075809
bakery,qwen3,1001501168,1,랑그_드_샤(Langue_de_Chat),0.22317955517369276
bakery,qwen3,1001501168,2,랑그_드_샤(Langue_de_Chat),0.25852640820966627
bakery,qwen3,5007270,2,레드,0.19974631959497802
bakery,qwen3,1001501168,1,레이,0.24321528142379986
bakery,qwen3,1000528793,1,로고,0.1853794396753789
bakery,qwen3,1000794499,1,로고,0.17970408347859912
bakery,qwen3,5057085,1,로고,0.15668235653514034
bakery,qwen3,5122986,1,로고,0.15355494989553625
bakery,qwen3,5122986,2,로고,0.1844071113136167
bakery,qwen3,5138995,1,로고,0.20760870339824583
bakery,qwen3,1001385477,1,로얄,0.22941951171772887
bakery,qwen3,1001385477,2,로얄,0.24059906038189807
bakery,qwen3,5115048,2,로즈,0.16772908683905233
bakery,qwen3,5116362,1,록,0.29856673153085744
bakery,qwen3,5012764,1,롤,0.32627628256670527
bakery,qwen3,5012764,2,롤,0.19079389164453286
bakery,qwen3,5044138,1,롤,0.24727416872962216
bakery,qwen3,5052041,1,리넨,0.30839504968065806
bakery,qwen3,5052041,2,리넨,0.3168223948884874
bakery,qwen3,5132010,2,리얼_브라우니_쿠키,0.25661589083308944
bakery,qwen3,5132010,1,리얼_브라우니쿠키,0.19341880596887626
bakery,qwen3,1000400055,1,마카롱,0.5795187160342918
bakery,qwen3,1000400055,2,마카롱,0.6867671545767633
bakery,qwen3,5040946,1,마카롱,0.7889066964038012
bakery,qwen3,5040946,2,마카롱,0.51211909608752
bakery,qwen3,1000128336,2,만들다,0.3066864823383007
bakery,qwen3,1000528793,1,만화,0.2023790195410599
bakery,qwen3,1000528793,2,만화,0.27497700769843775
bakery,qwen3,5063069,1,만화,0.2240158117275319
bakery,qwen3,5132010,2,만화,0.20884343325215493
bakery,qwen3,1000220024,2,많다,0.1922519462765405
bakery,qwen3,1000659491,2,많다,0.16536053351635427
bakery,qwen3,1000894225,2,많다,0.22284094639058016
bakery,qwen3,5128440,1,많다,0.22294420040589996
bakery,qwen3,5131242,1,많다,0.20941781697748516
bakery,qwen3,5131242,2,많다,0.21478855600026114
bakery,qwen3,5138995,1,많다,0.1933890055965759
bakery,qwen3,5138995,2,많다,0.2726441193600639
bakery,qwen3,5057085,2,말,0.2145484524372636
bakery,qwen3,5007270,2,말차,0.1832915041103464
bakery,qwen3,5116362,2,말차,0.2930308271757707
bakery,qwen3,1000870987,2,맛,0.11215908518021231
bakery,qwen3,1001385477,1,맛,0.16342143250623883
bakery,qwen3,1001385477,2,맛,0.17138491322238472
bakery,qwen3,1001501168,1,맛,0.15897655059725055
bakery,qwen3,1001501168,2,맛,0.1841550252373389
bakery,qwen3,5025646,1,맛,0.1347195856580369
bakery,qwen3,5043336,1,맛,0.14539420571710956
bakery,qwen3,5043336,2,맛,0.3189885604612952
bakery,qwen3,5115048,1,맛,0.1148400280960882
bakery,qwen3,5115048,2,맛,0.10963534653086122
bakery,qwen3,1001385477,1,망고,0.22941951171772887
bakery,qwen3,1001385477,2,망고,0.24059906038189807
bakery,qwen3,1001737663,1,명,0.20000620767495014
bakery,qwen3,5043336,1,명,0.1911109025286045
bakery,qwen3,5044137,1,명,0.18763576910251845
bakery,qwen3,1000447291,1,몇,0.2775068971121769
bakery,qwen3,1000217187,1,몇개,0.23701206621000825
bakery,qwen3,1000217187,2,몇개,0.2945308550158967
bakery,qwen3,1000220024,1,몇개,0.2355333155893215
bakery,qwen3,1000528793,1,몇개,0.1541037345266763
bakery,qwen3,1000635372,2,몇개,0.1280242889761927
bakery,qwen3,1000659491,2,몇개,0.14756971515764428
bakery,qwen3,1001501168,1,몇개,0.1507217098172628
bakery,qwen3,1002104461,1,몇개,0.1537895858493277
bakery,qwen3,1002104461,2,몇개,0.1516587022288403
bakery,qwen3,5040946,1,몇개,0.1501804243155045
bakery,qwen3,5116362,2,몇개,0.1978949517428963
bakery,qwen3,5131242,1,몇개,0.18688696113360548
bakery,qwen3,1000794499,1,모두,0.24105968822830276
bakery,qwen3,1000217187,2,모습,0.3198652926921553
bakery,qwen3,1000220024,1,모습,0.25579300656179416
bakery,qwen3,1001501168,2,모습,0.18961061110274893
bakery,qwen3,1001556191,2,모습,0.2694423661367065
bakery,qwen3,1001737665,2,모습,0.1757873063466058
bakery,qwen3,5007270,2,모습,0.13443119542402457
bakery,qwen3,5025646,2,모습,0.2063659680558467
bakery,qwen3,5097791,2,모습,0.1429918878902932
bakery,qwen3,5122986,1,모습,0.2772564993829875
bakery,qwen3,1000229955,2,모양,0.3069107484780626
bakery,qwen3,1000234669,2,모양,0.1954800482082106
bakery,qwen3,1000870987,1,모양,0.21274754917426034
bakery,qwen3,1000870987,2,모양,0.10912568972196836
bakery,qwen3,5052044,1,모양,0.16673584052219062
bakery,qwen3,5057085,1,모양,0.1336661668283749
bakery,qwen3,5057085,2,모양,0.13644579015158542
bakery,qwen3,5115048,1,모양,0.11173412526983423
bakery,qwen3,5122986,1,모양,0.13099816727262573
bakery,qwen3,5122986,2,모양,0.15731823448581062
bakery,qwen3,5132010,1,모양,0.12300802690859117
bakery,qwen3,1000634077,2,모음,0.3354881274403088
bakery,qwen3,5043336,1,모이다,0.22243590345888553
bakery,qwen3,1000128336,1,무늬,0.23309697417028732
bakery,qwen3,1000128336,2,무늬,0.21296793197931524
bakery,qwen3,1000229955,2,무늬,0.16755867898590696
bakery,qwen3,1001737663,1,무늬,0.16165252008837966
bakery,qwen3,5040946,2,무늬,0.21848583024709978
bakery,qwen3,5044137,1,무늬,0.15165426756872782
bakery,qwen3,5122986,1,무늬,0.14303754408487243
bakery,qwen3,5122986,2,무늬,0.17177655511613169
bakery,qwen3,1001737663,1,무스,0.23278923867205437
bakery,qwen3,1000400055,1,문구,0.17050711388038522
bakery,qwen3,1000794499,1,문구,0.17316421955095782
bakery,qwen3,1001194675,2,문구,0.17201765115318904
bakery,qwen3,1002104461,1,문구,0.1782688829163367
bakery,qwen3,5057085,1,문구,0.15098030863635664
bakery,qwen3,5071363,2,문구,0.2524086895755365
bakery,qwen3,5132010,1,문구,0.13894159089079153
bakery,qwen3,5044137,1,물결,0.21839116067841585
bakery,qwen3,5122986,1,물방울,0.2059825666239734
bakery,qwen3,5003416,1,미니,0.2539832766598498
bakery,qwen3,5132010,1,미니멀,0.1774852419866759
bakery,qwen3,5138995,1,미니멀,0.2555499203236847
bakery,qwen3,5057085,1,밀,0.21017775047796672
bakery,qwen3,1000234669,2,밀봉,0.30737439226845903
bakery,qwen3,1001501168,1,밀크,0.4463591103473855
bakery,qwen3,1001501168,2,밀크,0.25852640820966627
bakery,qwen3,5128440,2,밑,0.350148510619816
bakery,qwen3,5044138,2,바깥쪽,0.2948397097441797
bakery,qwen3,5003416,1,바나나,0.2539832766598498
bakery,qwen3,5012764,2,바닐라,0.22206693129941277
bakery,qwen3,1002202568,2,바르다,0.2846215547689494
bakery,qwen3,5044137,1,바르다,0.20040040991152053
bakery,qwen3,1000321559,1,바삭,0.24530951570868167
bakery,qwen3,1001493094,1,바삭,0.26443528171919084
bakery,qwen3,1001493094,2,바삭,0.28268347846811015
bakery,qwen3,5044138,2,바삭,0.23995138041585176
bakery,qwen3,1002104461,2,바삭바삭,0.19916804453969403
bakery,qwen3,5044138,2,바삭바삭,0.23995138041585176
bakery,qwen3,5097791,1,바삭바삭,0.2423089171712719
bakery,qwen3,5097791,2,바삭바삭,0.17291290344247953
bakery,qwen3,1000128336,2,박히다,0.3066864823383007
bakery,qwen3,1000217187,2,반,0.3106619440003412
bakery,qwen3,1000220024,1,반,0.2484331826418499
bakery,qwen3,1000220024,2,반,0.18096449562090342
bakery,qwen3,1000400055,2,반,0.13789688579250722
bakery,qwen3,1000528793,1,반,0.1625438045979456
bakery,qwen3,1000659491,2,반,0.1556519251063731
bakery,qwen3,1002104461,2,반,0.15996486091902826
bakery,qwen3,5097791,2,반,0.27775528563538204
bakery,qwen3,5116362,1,반,0.19515677149892433
bakery,qwen3,5131242,2,반,0.20217794126161426
bakery,qwen3,5115048,1,반면,0.17569163280480832
bakery,qwen3,1000870987,2,받침대,0.15745476075036324
bakery,qwen3,1001385477,1,받침대,0.22941951171772887
bakery,qwen3,1000217187,1,밝다,0.21616674362638358
bakery,qwen3,1000234669,1,밝다,0.21705222026446483
bakery,qwen3,1000234669,2,밝다,0.17372849630837528
bakery,qwen3,1000400055,1,밝다,0.13415668290220378
bakery,qwen3,1000528793,1,밝다,0.14055023866919755
bakery,qwen3,1001194675,1,밝다,0.3028498452475725
bakery,qwen3,1001385477,1,밝다,0.14130911602092727
bakery,qwen3,1001385477,2,밝다,0.1481950697369756
bakery,qwen3,1001501168,2,밝다,0.15923727645764246
bakery,qwen3,5052041,1,밝다,0.18995346790390752
bakery,qwen3,5052044,1,밝다,0.14818272821265127
bakery,qwen3,5074339,2,밝다,0.28394351708786353
bakery,qwen3,5116362,1,밝다,0.1687503924245572
bakery,qwen3,5122986,1,밝다,0.11642167488717854
bakery,qwen3,5128440,2,밝다,0.19790449616072295
bakery,qwen3,5131242,2,밝다,0.1748215379125317
bakery,qwen3,1000634077,1,배,0.31547681967087826
bakery,qwen3,1000528793,1,배경,0.12106542111160333
bakery,qwen3,1000634077,1,배경,0.1535887342185466
bakery,qwen3,1000659491,1,배경,0.12603062458236614
bakery,qwen3,1000659491,2,배경,0.11593223073894368
bakery,qwen3,1000794499,1,배경,0.11735902632950308
bakery,qwen3,1000831954,1,배경,0.13570398326580735
bakery,qwen3,1000870987,1,배경,0.162862733056324
bakery,qwen3,1000870987,2,배경,0.16707603113414773
bakery,qwen3,1000894225,1,배경,0.2175132832041115
bakery,qwen3,1001385477,2,배경,0.12765043086548897
bakery,qwen3,1001501168,2,배경,0.13716182991608256
bakery,qwen3,1001556191,1,배경,0.3031571763740505
bakery,qwen3,1001737665,1,배경,0.1807199621799601
bakery,qwen3,1002104461,2,배경,0.1191445795065756
bakery,qwen3,5003416,1,배경,0.12365082802458019
bakery,qwen3,5003416,2,배경,0.13281004230547044
bakery,qwen3,5012764,1,배경,0.1848829394794075
bakery,qwen3,5040946,1,배경,0.117983229727171
bakery,qwen3,5040946,2,배경,0.153177721108957
bakery,qwen3,5044138,2,배경,0.2870832656688686
bakery,qwen3,5052044,1,배경,0.12763980027635846
bakery,qwen3,5057085,2,배경,0.10445212828240386
bakery,qwen3,5074339,2,배경,0.4891594890715129
bakery,qwen3,5128440,1,배경,0.15630342944442585
bakery,qwen3,5057085,1,배열,0.18057902955716168
bakery,qwen3,5122986,1,배열,0.17697464123610862
bakery,qwen3,5122986,2,배열,0.21253227192165658
bakery,qwen3,1000870987,2,버전,0.34318021574702673
bakery,qwen3,1000321559,1,버터,0.37358726780439294
bakery,qwen3,1000637683,1,버터,0.27039421700405347
bakery,qwen3,1000637683,2,버터,0.17469827420446446
bakery,qwen3,1001194675,1,버터,0.33205416508271646
bakery,qwen3,1001194675,2,버터,0.2967935053706309
bakery,qwen3,1001493094,1,버터,0.4027143183710636
bakery,qwen3,1001493094,2,버터,0.21525244968433507
bakery,qwen3,1002104461,1,버터,0.1537895858493277
bakery,qwen3,1002202568,1,버터,0.2288784311211388
bakery,qwen3,1002202568,2,버터,0.3844316953874853
bakery,qwen3,5025646,1,버터,0.3831728557444941
bakery,qwen3,5025646,2,버터,0.38004213902737316
bakery,qwen3,1000831954,2,번,0.17976989127082246
bakery,qwen3,1000870987,2,번,0.15745476075036324
bakery,qwen3,1001737665,2,베리,0.2611958285686294
bakery,qwen3,1000528793,1,베이글,0.4047580390821198
bakery,qwen3,1000528793,2,베이글,0.27497700769843775
bakery,qwen3,1000659491,1,베이글,0.6320373067949974
bakery,qwen3,1000659491,2,베이글,0.5813943645029781
bakery,qwen3,1000229955,2,베이지,0.20731366222236006
bakery,qwen3,1000637683,1,베이지,0.18744032342353387
bakery,qwen3,1000637683,2,베이지,0.24220563132773762
bakery,qwen3,1000321559,1,병,0.1740777207742396
bakery,qwen3,1000635372,1,병,0.49866747687971863
bakery,qwen3,1000637683,1,병,0.50397444520241
bakery,qwen3,1001194675,1,병,0.30944969067552724
bakery,qwen3,1001194675,2,병,0.2765893883865865
bakery,qwen3,1001385477,1,병,0.14438859034767373
bakery,qwen3,1001493094,1,병,0.18764983902473859
bakery,qwen3,1001493094,2,병,0.20059921234649813
bakery,qwen3,5007270,1,병,0.2570966219994514
bakery,qwen3,5025646,1,병,0.4761179917975331
bakery,qwen3,5025646,2,병,0.17708544980363458
bakery,qwen3,5043336,1,병,0.12846090066804236
bakery,qwen3,5043336,2,병,0.14091881302130238
bakery,qwen3,5115048,1,병,0.4058608352156844
bakery,qwen3,5115048,2,병,0.3874667574527702
bakery,qwen3,1000659491,2,보라색,0.2381289984383236
bakery,qwen3,1000217187,2,보이다,0.2631073929106332
bakery,qwen3,1000220024,2,보이다,0.153263370592155
bakery,qwen3,1000234669,2,보이다,0.17015898637471172
bakery,qwen3,1000352096,2,보이다,0.19203007853513956
bakery,qwen3,1000400055,1,보이다,0.13140023463687864
bakery,qwen3,1000635372,2,보이다,0.11436539271902614
bakery,qwen3,1000894225,1,보이다,0.2473324408186688
bakery,qwen3,1002104461,2,보이다,0.13547825321556392
bakery,qwen3,5003416,2,보이다,0.15101713074607187
bakery,qwen3,5025646,2,보이다,0.1697477440695911
bakery,qwen3,5040946,2,보이다,0.1741770391345163
bakery,qwen3,5052044,1,보이다,0.1451380940185376
bakery,qwen3,5057085,1,보이다,0.11635202502039318
bakery,qwen3,5097791,2,보이다,0.11761895926105669
bakery,qwen3,5122986,1,보이다,0.11402961869700763
bakery,qwen3,5128440,1,보이다,0.17773125458522657
bakery,qwen3,5131242,2,보이다,0.17122956981600565
bakery,qwen3,1000794499,1,본체,0.24105968822830276
bakery,qwen3,1000217187,1,봉지,0.3285988793541246
bakery,qwen3,1000400055,1,봉지,0.20393393969853144
bakery,qwen3,5057085,2,봉지,0.18433421827955765
bakery,qwen3,1000528793,1,봉투,0.24867275727435606
bakery,qwen3,5116362,1,부러지다,0.2739712321637025
bakery,qwen3,5131242,2,부러지다,0.283827915671737
bakery,qwen3,5003416,1,부서지다,0.23306049839743098
bakery,qwen3,5116362,2,부서지다,0.2930308271757707
bakery,qwen3,5052044,2,부풀다,0.23947980033577435
bakery,qwen3,5115048,2,분량,0.16772908683905233
bakery,qwen3,5012764,2,분위기,0.22206693129941277
bakery,qwen3,1000400055,2,분홍색,0.1515464671737184
bakery,qwen3,1000870987,1,분홍색,0.24030531732985738
bakery,qwen3,1001737663,1,분홍색,0.16722317667784595
bakery,qwen3,5007270,1,분홍색,0.15989462681030928
bakery,qwen3,5007270,2,분홍색,0.143486933858813
bakery,qwen3,5040946,2,분홍색,0.22601500164081262
bakery,qwen3,5044138,2,분홍색,0.2117968732380007
bakery,qwen3,5071363,1,붙다,0.28503294385334027
bakery,qwen3,5115048,1,붙다,0.15094949147117925
bakery,qwen3,5115048,2,붙다,0.1441082876804324
bakery,qwen3,1000229955,2,브랜드,0.17987909902155766
bakery,qwen3,1000659491,1,브랜드,0.1929823260225527
bakery,qwen3,1001737663,1,브랜드,0.1735386662394711
bakery,qwen3,5043336,1,브랜드,0.16582050884408306
bakery,qwen3,5044137,1,브랜드,0.16280525233390872
bakery,qwen3,5057085,1,브랜드,0.15668235653514034
bakery,qwen3,5131242,2,브레드,0.30930828915895736
bakery,qwen3,5131242,2,브레드스틱,0.30930828915895736
bakery,qwen3,1000352096,1,브리오슈,0.3493553055660978
bakery,qwen3,1000352096,2,브리오슈,0.3183065693353971
bakery,qwen3,5043336,2,블랙,0.2440073464045473
bakery,qwen3,5043336,1,블랙_올리브,0.22243590345888553
bakery,qwen3,1000659491,2,블루베리,0.1775193261409496
bakery,qwen3,1001385477,1,블루베리,0.18638036475083966
bakery,qwen3,1001385477,2,블루베리,0.19546262781633375
bakery,qwen3,5043336,1,블루베리,0.16582050884408306
bakery,qwen3,5115048,1,블루베리,0.13097380188322894
bakery,qwen3,5115048,2,블루베리,0.1250379192167865
bakery,qwen3,1002202568,2,비건,0.3101731764297794
bakery,qwen3,1000217187,1,비닐,0.297092410363603
bakery,qwen3,1000229955,2,비닐,0.1874361706041335
bakery,qwen3,1000447291,1,비닐,0.21556578802280218
bakery,qwen3,5057085,1,비닐,0.16326488774917994
bakery,qwen3,5057085,2,비닐,0.1666600243092914
bakery,qwen3,1000870987,1,빨간색,0.519715730001398
bakery,qwen3,1000870987,2,빨간색,0.2665804504723316
bakery,qwen3,5115048,2,빨간색,0.1302910059355739
bakery,qwen3,5122986,1,빨간색,0.1600060926604905
bakery,qwen3,5122986,2,빨간색,0.19215441351889412
bakery,qwen3,1000128336,1,빵,0.15098727199125253
bakery,qwen3,1000128336,2,빵,0.13794879657118372
bakery,qwen3,1000196053,1,빵,0.1862500225281313
bakery,qwen3,1000196053,2,빵,0.3466718180197647
bakery,qwen3,1000217187,1,빵,0.34406364055035277
bakery,qwen3,1000217187,2,빵,0.21378101092411472
bakery,qwen3,1000220024,1,빵,0.17095849027524135
bakery,qwen3,1000220024,2,빵,0.37359039524165316
bakery,qwen3,1000352096,1,빵,0.34249723650041686
bakery,qwen3,1000352096,2,빵,0.3120580069068838
bakery,qwen3,1000447291,1,빵,0.3744711100889033
bakery,qwen3,1000447291,2,빵,0.17218124430157022
bakery,qwen3,1000831954,1,빵,0.2507575199599079
bakery,qwen3,1000831954,2,빵,0.08812044641266793
bakery,qwen3,1000894225,1,빵,0.20096348737149797
bakery,qwen3,1000894225,2,빵,0.4330319606664997
bakery,qwen3,1001556191,1,빵,0.14004552386038804
bakery,qwen3,1001556191,2,빵,0.18008099889076604
bakery,qwen3,5007270,1,빵,0.2002412639682656
bakery,qwen3,5007270,2,빵,0.26954006121393126
bakery,qwen3,5052041,1,빵,0.15117052837494419
bakery,qwen3,5052041,2,빵,0.1553014838788824
bakery,qwen3,5052044,1,빵,0.23585630277915484
bakery,qwen3,5052044,2,빵,0.32315689306761847
bakery,qwen3,5128440,1,빵,0.43323260731346847
bakery,qwen3,5128440,2,빵,0.15749818933302126
bakery,qwen3,5131242,1,빵,0.13564922927182463
bakery,qwen3,5138995,1,빵,0.25053331122862826
bakery,qwen3,5138995,2,빵,0.3532074318267221
bakery,qwen3,1000831954,1,뿌리다,0.22684957297454345
bakery,qwen3,5012764,1,뿌리다,0.3090595785168048
bakery,qwen3,5012764,2,뿌리다,0.18072622156710047
bakery,qwen3,5052044,1,뿌리다,0.21336908092471288
bakery,qwen3,1000229955,2,사각,0.24129445858746223
bakery,qwen3,1001385477,1,사과,0.22941951171772887
bakery,qwen3,1001385477,2,사과,0.24059906038189807
bakery,qwen3,5115048,1,사워,0.16121840793709238
bakery,qwen3,5115048,2,사워,0.15391180509419383
bakery,qwen3,1000229955,1,산,0.303763407379006
bakery,qwen3,5115048,1,살구,0.32243681587418477
bakery,qwen3,5115048,2,살구,0.15391180509419383
bakery,qwen3,1000831954,1,살짝,0.23948662496462325
bakery,qwen3,5012764,2,살짝,0.19079389164453286
bakery,qwen3,5052044,1,살짝,0.22525517854158483
bakery,qwen3,5057085,2,삼각,0.2145484524372636
bakery,qwen3,1000229955,1,상자,0.13872624645007445
bakery,qwen3,1000229955,2,상자,0.2203943840231959
bakery,qwen3,1000400055,1,상자,0.10840070678282995
bakery,qwen3,1000634077,1,상자,0.14407566537579167
bakery,qwen3,1000794499,1,상자,0.330269922966194
bakery,qwen3,1000870987,1,상자,0.1527752458498767
bakery,qwen3,1001737663,1,상자,0.21262585624509656
bakery,qwen3,1001737665,1,상자,0.1695264234726763
bakery,qwen3,1002104461,1,상자,0.22667057656108158
bakery,qwen3,1002202568,1,상자,0.16867203867579414
bakery,qwen3,5003416,1,상자,0.11599207072414118
bakery,qwen3,5003416,2,상자,0.24916795246870505
bakery,qwen3,5012764,1,상자,0.17343155184953205
bakery,qwen3,5040946,1,상자,0.11067551544463729
bakery,qwen3,5044137,1,상자,0.19947488896179413
bakery,qwen3,5044138,1,상자,0.13143812500779545
bakery,qwen3,5057085,1,상자,0.19197289537083198
bakery,qwen3,5057085,2,상자,0.09798251127449972
bakery,qwen3,5063069,1,상자,0.3771254402130683
bakery,qwen3,5074339,1,상자,0.164866091407972
bakery,qwen3,5097791,1,상자,0.13597382010830766
bakery,qwen3,5116362,1,상자,0.13635296738841343
bakery,qwen3,5116362,2,상자,0.2916775057450083
bakery,qwen3,5122986,1,상자,0.2822116253085374
bakery,qwen3,5122986,2,상자,0.22594226860448463
bakery,qwen3,5132010,1,상자,0.17666555149902444
bakery,qwen3,5132010,2,상자,0.11719436393567709
bakery,qwen3,5138995,1,상자,0.12718484958007029
bakery,qwen3,1000234669,1,상태,0.3523906722546328
bakery,qwen3,1000528793,2,상태,0.3100435157947897
bakery,qwen3,1000528793,1,새기다,0.21365289657819564
bakery,qwen3,5044137,1,새기다,0.18763576910251845
bakery,qwen3,5138995,1,새기다,0.2392724938296912
bakery,qwen3,1000196053,1,색,0.25660079978484507
bakery,qwen3,1000217187,1,색,0.23701206621000825
bakery,qwen3,1000229955,2,색,0.14953136642907583
bakery,qwen3,1000637683,1,색,0.13519710850202674
bakery,qwen3,1000637683,2,색,0.17469827420446446
bakery,qwen3,1000870987,2,색,0.10633523640054361
bakery,qwen3,1002104461,2,색,0.1516587022288403
bakery,qwen3,5003416,2,색,0.16905342015910507
bakery,qwen3,5012764,1,색,0.23533682171544099
bakery,qwen3,5052041,1,색,0.41654200046122797
bakery,qwen3,5052044,1,색,0.3249444757424746
bakery,qwen3,5128440,2,색,0.21698875951230573
bakery,qwen3,1000229955,2,색상,0.16755867898590696
bakery,qwen3,1000234669,2,색상,0.21344562748808646
bakery,qwen3,1000528793,1,색상,0.17268228600273058
bakery,qwen3,1001385477,1,색상,0.17361465493453168
bakery,qwen3,1001501168,2,색상,0.1956414814796094
bakery,qwen3,5040946,1,색상,0.1682859864708349
bakery,qwen3,5043336,2,색상,0.16944255108777276
bakery,qwen3,5052041,1,색상,0.2333798888025776
bakery,qwen3,5040946,2,색조,0.31463258386597953
bakery,qwen3,1001737663,1,생기,0.2136123948787691
bakery,qwen3,1001737663,2,생기,0.25423689198465915
bakery,qwen3,1000128336,2,서다,0.3066864823383007
bakery,qwen3,5043336,1,서로,0.22243590345888553
bakery,qwen3,1002104461,2,선명,0.2245669966369732
bakery,qwen3,5052044,1,선명,0.24057902355367305
bakery,qwen3,5116362,1,설,0.29856673153085744
bakery,qwen3,1000831954,1,설탕,0.2557786185480182
bakery,qwen3,5012764,2,설탕,0.20377337581774232
bakery,qwen3,1001385477,1,세인트,0.22941951171772887
bakery,qwen3,1001385477,2,세인트,0.24059906038189807
bakery,qwen3,1001385477,2,세트,0.20367439382006153
bakery,qwen3,5043336,1,세트,0.17278695164933472
bakery,qwen3,5043336,2,세트,0.1895435265156192
bakery,qwen3,5115048,1,세트,0.1364762666034633
bakery,qwen3,5115048,2,세트,0.1302910059355739
bakery,qwen3,1000321559,2,소스,0.5309568142953026
bakery,qwen3,1000234669,2,소용돌이,0.30737439226845903
bakery,qwen3,1000196053,2,속,0.184539782540266
bakery,qwen3,1000217187,2,속,0.22759912526218182
bakery,qwen3,1000220024,1,속,0.18200869513429296
bakery,qwen3,1000220024,2,속,0.13257935740846427
bakery,qwen3,1000400055,2,속,0.10102689173514977
bakery,qwen3,1000659491,2,속,0.2280694026658524
bakery,qwen3,1000794499,2,속,0.13473382736279224
bakery,qwen3,1000831954,2,속,0.2814488026958877
bakery,qwen3,1000870987,1,속,0.16019706516441018
bakery,qwen3,1000894225,2,속,0.1536739161759127
bakery,qwen3,1001556191,2,속,0.19172085325402016
bakery,qwen3,1002104461,2,속,0.1171944717432703
bakery,qwen3,5003416,1,속,0.12162696390362324
bakery,qwen3,5003416,2,속,0.13063626406379636
bakery,qwen3,5044138,1,속,0.1378233872891437
bakery,qwen3,5052041,2,속,0.16533967039429573
bakery,qwen3,5052044,2,속,0.11468157043306078
bakery,qwen3,5063069,1,속,0.2636307925623652
bakery,qwen3,5063069,2,속,0.2645624368367745
bakery,qwen3,5097791,1,속,0.14257942639443597
bakery,qwen3,5097791,2,속,0.10174542017204877
bakery,qwen3,5116362,2,속,0.15292359745485376
bakery,qwen3,5128440,1,속,0.1537451214420547
bakery,qwen3,5131242,2,속,0.1481208866007793
bakery,qwen3,5132010,2,속,0.12288766450262216
bakery,qwen3,1000128336,1,속살,0.2502363587023097
bakery,qwen3,1000128336,2,속살,0.22862724841693013
bakery,qwen3,1000196053,1,속살,0.3086785185996532
bakery,qwen3,1001556191,1,속살,0.23210222610957065
bakery,qwen3,5052044,1,속살,0.1954463499011509
bakery,qwen3,5131242,1,속살,0.22481609705302005
bakery,qwen3,1000635372,1,손잡이,0.26411147118061296
bakery,qwen3,5074339,1,손잡이,0.3312620698337211
bakery,qwen3,1001501168,1,솔,0.24321528142379986
bakery,qwen3,1000128336,2,수제,0.22862724841693013
bakery,qwen3,1000196053,2,수제,0.2872755175383312
bakery,qwen3,1001556191,1,수제,0.23210222610957065
bakery,qwen3,1001556191,2,수제,0.29845438519155904
bakery,qwen3,5052041,2,수제,0.25738644929731874
bakery,qwen3,5052044,2,수제,0.17852631581527723
bakery,qwen3,1000637683,1,숟가락,0.1387449561698067
bakery,qwen3,1000637683,2,숟가락,0.17928271296627574
bakery,qwen3,1000870987,2,숟가락,0.10912568972196836
bakery,qwen3,1001194675,2,숟가락,0.15229098591821646
bakery,qwen3,1001385477,1,숟가락,0.1590016226411027
bakery,qwen3,1001385477,2,숟가락,0.16674972725822498
bakery,qwen3,5007270,1,숟가락,0.2831164150507104
bakery,qwen3,5025646,1,숟가락,0.1310760308036532
bakery,qwen3,5025646,2,숟가락,0.39001521930657285
bakery,qwen3,5115048,1,숟가락,0.11173412526983423
bakery,qwen3,5115048,2,숟가락,0.3200106203308619
bakery,qwen3,5025646,1,슈퍼넛츠,0.20610499986331843
bakery,qwen3,1002202568,2,스무스,0.2846215547689494
bakery,qwen3,5025646,1,스무스,0.3782527308258866
bakery,qwen3,1000634077,1,스타일,0.31547681967087826
bakery,qwen3,5131242,2,스틱,0.30930828915895736
bakery,qwen3,1000234669,2,스프레드,0.22914006839286014
bakery,qwen3,1000635372,1,스프레드,0.2145641055765508
bakery,qwen3,1001385477,1,스프레드,0.18638036475083966
bakery,qwen3,1001385477,2,스프레드,0.3909252556326675
bakery,qwen3,5043336,1,스프레드,0.16582050884408306
bakery,qwen3,5043336,2,스프레드,0.18190149033191153
bakery,qwen3,1000352096,1,슬라이스,0.3493553055660978
bakery,qwen3,5128440,1,슬라이스,0.2946050240788046
bakery,qwen3,1001385477,1,시나몬,0.20347173098608598
bakery,qwen3,1001385477,2,시나몬,0.2133868515497652
bakery,qwen3,5043336,1,시나몬,0.18102650465677425
bakery,qwen3,5043336,2,시나몬,0.19858213689119888
bakery,qwen3,1001737663,2,식감,0.225482218601739
bakery,qwen3,1002104461,2,식감,0.19916804453969403
bakery,qwen3,5044138,2,식감,0.23995138041585176
bakery,qwen3,5138995,1,식감,0.22664674095197404
bakery,qwen3,1001493094,2,식물,0.3473466774667766
bakery,qwen3,5007270,1,식사,0.22258725843147648
bakery,qwen3,5007270,2,식탁,0.19974631959497802
bakery,qwen3,1000128336,1,식탁보,0.2502363587023097
bakery,qwen3,1000128336,2,식탁보,0.22862724841693013
bakery,qwen3,1000447291,1,식탁보,0.20687458351519816
bakery,qwen3,1000447291,2,식탁보,0.2853618523113256
bakery,qwen3,1000635372,2,식탁보,0.15400711104205622
bakery,qwen3,5138995,1,식탁보,0.20760870339824583
bakery,qwen3,1000447291,1,싸이다,0.2775068971121769
bakery,qwen3,1000447291,1,쌓이다,0.19270516762712947
bakery,qwen3,1000447291,2,쌓이다,0.2658166249794636
bakery,qwen3,1001737665,2,쌓이다,0.18137850428805097
bakery,qwen3,5044137,2,쌓이다,0.24776910231041677
bakery,qwen3,5044138,1,쌓이다,0.19985625942603677
bakery,qwen3,5044138,2,쌓이다,0.20474134618145762
bakery,qwen3,5074339,2,쌓이다,0.3488575764128769
bakery,qwen3,5115048,1,쌓이다,0.12200304173574736
bakery,qwen3,1000128336,1,썰다,0.20801852383365754
bakery,qwen3,1000128336,2,썰다,0.1900551261634137
bakery,qwen3,1000528793,2,썰다,0.2093842725960167
bakery,qwen3,1000870987,1,썰다,0.20730738099084883
bakery,qwen3,1000894225,1,썰다,0.2768718676492467
bakery,qwen3,1000894225,2,썰다,0.19886592214620238
bakery,qwen3,1001556191,1,썰다,0.1929438339983847
bakery,qwen3,1001556191,2,썰다,0.24810159866930992
bakery,qwen3,5007270,1,썰다,0.13793842219918245
bakery,qwen3,5044138,1,썰다,0.1783541129725229
bakery,qwen3,5052044,2,썰다,0.14840681375776643
bakery,qwen3,5128440,2,썰다,0.21698875951230573
bakery,qwen3,1000637683,2,씹히다,0.28190557270353167
bakery,qwen3,5132010,1,아래,0.19341880596887626
bakery,qwen3,1001501168,2,아르티제,0.2817353636145692
bakery,qwen3,1001501168,1,아르티제(Artis?e),0.24321528142379986
bakery,qwen3,1000659491,2,아마,0.2381289984383236
bakery,qwen3,1000321559,2,아마도,0.24360867651318335
bakery,qwen3,5131242,1,아마도,0.2767308631525631
bakery,qwen3,1000400055,2,아이싱,0.21096589251364894
bakery,qwen3,5007270,1,아침,0.20425083914652237
bakery,qwen3,5007270,2,아침,0.1832915041103464
bakery,qwen3,5074339,1,악기,0.36100079811045277
bakery,qwen3,1000637683,2,안,0.21015368825259195
bakery,qwen3,5044137,1,안,0.16280525233390872
bakery,qwen3,5057085,1,안,0.15668235653514034
bakery,qwen3,5057085,2,안,0.15994060761613277
bakery,qwen3,5122986,1,안,0.15355494989553625
bakery,qwen3,5122986,2,안,0.1844071113136167
bakery,qwen3,5044138,2,안쪽,0.2533182914910902
bakery,qwen3,5097791,2,안쪽,0.18254531897629
bakery,qwen3,5116362,2,안쪽,0.27436602875287863
bakery,qwen3,1000400055,1,알록달록,0.1769466273454889
bakery,qwen3,1000634077,2,알록달록,0.2500981682284184
bakery,qwen3,5007270,1,알록달록,0.16593334026284612
bakery,qwen3,5040946,1,알록달록,0.18065988468955327
bakery,qwen3,5040946,2,알록달록,0.23455087215822962
bakery,qwen3,5043336,1,알록달록,0.16582050884408306
bakery,qwen3,1000447291,1,앞,0.25464627671650414
bakery,qwen3,1001194675,2,앞,0.2197368998380081
bakery,qwen3,5025646,2,앞쪽,0.30663152610367617
bakery,qwen3,5115048,2,야생,0.16772908683905233
bakery,qwen3,1000894225,1,얇다,0.3470562990194031
bakery,qwen3,1000894225,2,얇다,0.24927657521556623
bakery,qwen3,1001556191,1,얇다,0.24185329305801595
bakery,qwen3,5044138,1,얇다,0.22356521407782945
bakery,qwen3,5128440,2,얇다,0.271993382514957
bakery,qwen3,1000400055,2,얹다,0.15726989708667002
bakery,qwen3,1000831954,2,얹다,0.14604502317788456
bakery,qwen3,1000870987,2,얹다,0.38374864701807854
bakery,qwen3,1001737663,1,얹다,0.1735386662394711
bakery,qwen3,1001737663,2,얹다,0.20654199944214613
bakery,qwen3,1001737665,2,얹다,0.19471508208749047
bakery,qwen3,1000831954,2,얹히다,0.19590855740764912
bakery,qwen3,1000528793,1,얼굴,0.22818745198662352
bakery,qwen3,1000528793,2,얼굴,0.3100435157947897
bakery,qwen3,5097791,2,에그,0.21246633452847632
bakery,qwen3,5044137,1,여러,0.18763576910251845
bakery,qwen3,5052041,2,여러,0.2966421763311257
bakery,qwen3,5138995,2,여러,0.3373316811161965
bakery,qwen3,1000400055,2,여러개,0.19358682469451902
bakery,qwen3,1000528793,1,여러개,0.22818745198662352
bakery,qwen3,1000635372,2,연두색,0.17749576450006538
bakery,qwen3,5116362,2,연두색,0.27436602875287863
bakery,qwen3,5131242,1,연두색,0.2591043020568689
bakery,qwen3,5074339,1,연주,0.36100079811045277
bakery,qwen3,1001501168,1,연출,0.24321528142379986
bakery,qwen3,1000229955,2,연하다,0.1623934928206851
bakery,qwen3,1000321559,2,연하다,0.17866952294535265
bakery,qwen3,1000352096,2,연하다,0.23345507929989306
bakery,qwen3,1000659491,1,연하다,0.17422298725049032
bakery,qwen3,1000659491,2,연하다,0.1602631076762746
bakery,qwen3,1000794499,2,연하다,0.1893534304021988
bakery,qwen3,1002202568,2,연하다,0.20874953280976727
bakery,qwen3,5012764,1,연하다,0.25557961102305643
bakery,qwen3,5025646,2,연하다,0.2063659680558467
bakery,qwen3,1000229955,1,열다,0.2787398133045838
bakery,qwen3,1000234669,2,열다,0.2820533304349601
bakery,qwen3,1000229955,2,열리다,0.16755867898590696
bakery,qwen3,1000234669,1,열리다,0.26667385222626594
bakery,qwen3,1000870987,2,열리다,0.11915487811301569
bakery,qwen3,5025646,1,열리다,0.14312256365792317
bakery,qwen3,5057085,1,열리다,0.14595074594119822
bakery,qwen3,5115048,1,열리다,0.12200304173574736
bakery,qwen3,5122986,1,열리다,0.14303754408487243
bakery,qwen3,5122986,2,열리다,0.17177655511613169
bakery,qwen3,1000321559,1,영어,0.2765926698556804
bakery,qwen3,5043336,1,영어,0.20411195257961579
bakery,qwen3,1000217187,1,옆,0.2117252768831704
bakery,qwen3,1000229955,2,옆,0.13357788262080478
bakery,qwen3,1000234669,2,옆,0.17015898637471172
bakery,qwen3,1000321559,1,옆,0.1668646431819769
bakery,qwen3,1000352096,1,옆,0.21076136412954985
bakery,qwen3,1000352096,2,옆,0.19203007853513956
bakery,qwen3,1000447291,1,옆,0.15362467893342754
bakery,qwen3,1000447291,2,옆,0.21190917799699124
bakery,qwen3,1000635372,1,옆,0.1593349036394027
bakery,qwen3,1000659491,1,옆,0.14330831449317538
bakery,qwen3,1000794499,1,옆,0.13344791640582318
bakery,qwen3,1001737663,1,옆,0.12886948909127546
bakery,qwen3,1002104461,1,옆,0.1373817931144725
bakery,qwen3,1002202568,2,옆,0.17170836162506087
bakery,qwen3,5044137,1,옆,0.1208988759928304
bakery,qwen3,5044138,1,옆,0.1593255337426576
bakery,qwen3,5138995,1,옆,0.15416983498602477
bakery,qwen3,5052044,2,오르다,0.23947980033577435
bakery,qwen3,5057085,2,오른쪽,0.2145484524372636
bakery,qwen3,1000234669,1,오리지널,0.38402620014557315
bakery,qwen3,1000794499,1,올라가다,0.22120153665573544
bakery,qwen3,1000831954,1,올라가다,0.2557786185480182
bakery,qwen3,5052044,2,올려놓다,0.23947980033577435
bakery,qwen3,1000634077,2,올리다,0.2500981682284184
bakery,qwen3,1001737665,2,올리다,0.19471508208749047
bakery,qwen3,5025646,2,올리다,0.22858627989229946
bakery,qwen3,5057085,2,올리다,0.15994060761613277
bakery,qwen3,5115048,1,올리다,0.13097380188322894
bakery,qwen3,5115048,2,올리다,0.1250379192167865
bakery,qwen3,1000196053,2,올리브,0.2872755175383312
bakery,qwen3,1000831954,1,올리브,0.20779449778927217
bakery,qwen3,1000831954,2,올리브,0.14604502317788456
bakery,qwen3,5043336,2,올리브,0.18190149033191153
bakery,qwen3,5131242,1,올리브,0.22481609705302005
bakery,qwen3,5131242,2,올리브,0.23058174107900406
bakery,qwen3,5007270,2,와인,0.19974631959497802
bakery,qwen3,5012764,2,완성,0.22206693129941277
bakery,qwen3,1000234669,1,용기,0.3523906722546328
bakery,qwen3,1000234669,2,용기,0.2820533304349601
bakery,qwen3,1000447291,1,우유,0.23842640841847496
bakery,qwen3,1000447291,2,우유,0.328884294968184
bakery,qwen3,5007270,2,우유,0.343233253453791
bakery,qwen3,1000870987,2,원,0.17159010787351336
bakery,qwen3,1001737665,2,윗면,0.22441238018791335
bakery,qwen3,5044137,1,윗면,0.18763576910251845
bakery,qwen3,5097791,2,윗면,0.18254531897629
bakery,qwen3,5007270,2,유리,0.1832915041103464
bakery,qwen3,5115048,2,유리,0.15391180509419383
bakery,qwen3,1001385477,2,유리병,0.19546262781633375
bakery,qwen3,5025646,2,유리병,0.22858627989229946
bakery,qwen3,5043336,1,유리병,0.16582050884408306
bakery,qwen3,5043336,2,유리병,0.18190149033191153
bakery,qwen3,5071363,1,유리병,0.24731350834374072
bakery,qwen3,5071363,2,유리병,0.2619413660618155
bakery,qwen3,1000196053,1,유사,0.4140693189382544
bakery,qwen3,1000220024,2,유산지,0.2768542314247144
bakery,qwen3,5115048,1,육각,0.16121840793709238
bakery,qwen3,5115048,2,육각,0.15391180509419383
bakery,qwen3,5007270,2,은색,0.19974631959497802
bakery,qwen3,1000659491,1,이름,0.2588714649331233
bakery,qwen3,5057085,1,이삭,0.21017775047796672
bakery,qwen3,5044137,1,인쇄,0.21839116067841585
bakery,qwen3,1001194675,2,일러스트,0.1860139428781123
bakery,qwen3,5071363,1,일러스트,0.2577036309097184
bakery,qwen3,5071363,2,일러스트,0.27294603344415325
bakery,qwen3,5115048,2,일러스트,0.1302910059355739
bakery,qwen3,5132010,1,일러스트,0.15024663444763353
bakery,qwen3,1000894225,2,일렬,0.32090421001084196
bakery,qwen3,1000634077,1,일본화,0.31547681967087826
bakery,qwen3,1000528793,1,일부,0.1931675912904631
bakery,qwen3,1000528793,2,일부,0.5249224584427806
bakery,qwen3,1001501168,2,일부,0.43770087376902467
bakery,qwen3,1002104461,2,일부,0.1901027661514032
bakery,qwen3,5131242,1,일부,0.23426105951717702
bakery,qwen3,1000196053,2,자르다,0.2872755175383312
bakery,qwen3,1000400055,2,자르다,0.15726989708667002
bakery,qwen3,1000447291,2,자르다,0.2853618523113256
bakery,qwen3,1000794499,2,자르다,0.20974192909933032
bakery,qwen3,1001737665,2,자르다,0.19471508208749047
bakery,qwen3,5044138,2,자르다,0.21979577009364595
bakery,qwen3,1000400055,1,작다,0.11366681160782532
bakery,qwen3,1000634077,1,작다,0.1510748591921188
bakery,qwen3,1000634077,2,작다,0.1606578311095828
bakery,qwen3,1000635372,1,작다,0.27566298529954
bakery,qwen3,1000659491,1,작다,0.1239678089643151
bakery,qwen3,1000794499,1,작다,0.1154381437405769
bakery,qwen3,1001385477,1,작다,0.11972684715921238
bakery,qwen3,1001385477,2,작다,0.12556110294766862
bakery,qwen3,1001501168,1,작다,0.116470409562278
bakery,qwen3,1001737663,1,작다,0.11147760868931941
bakery,qwen3,1001737665,2,작다,0.1250808952104352
bakery,qwen3,5003416,1,작다,0.12162696390362324
bakery,qwen3,5003416,2,작다,0.13063626406379636
bakery,qwen3,5007270,1,작다,0.2131842127771977
bakery,qwen3,5007270,2,작다,0.19130817369363054
bakery,qwen3,5012764,1,작다,0.18185685422169257
bakery,qwen3,5012764,2,작다,0.2126858665069876
bakery,qwen3,5025646,1,작다,0.09869911794351965
bakery,qwen3,5043336,1,작다,0.10651962584566686
bakery,qwen3,5074339,1,작다,0.17287528383123735
bakery,qwen3,5115048,1,작다,0.16826966060397378
bakery,qwen3,5131242,1,작다,0.1444171574982194
bakery,qwen3,5131242,2,작다,0.1481208866007793
bakery,qwen3,5132010,1,작다,0.09262398076454649
bakery,qwen3,5138995,1,작다,0.13336348780040713
bakery,qwen3,1000447291,1,잔,0.23842640841847496
bakery,qwen3,1000447291,2,잔,0.328884294968184
bakery,qwen3,5007270,2,잔,0.343233253453791
bakery,qwen3,5044138,1,잘,0.26409593976120865
bakery,qwen3,5052044,2,잘,0.21975179766312505
bakery,qwen3,1000128336,1,잘다,0.3080211979639219
bakery,qwen3,1000870987,1,잘다,0.30696818082713767
bakery,qwen3,1000220024,1,잘리다,0.2484331826418499
bakery,qwen3,1000220024,2,잘리다,0.18096449562090342
bakery,qwen3,1000528793,1,잘리다,0.1625438045979456
bakery,qwen3,1001737663,2,잘리다,0.18109949224888103
bakery,qwen3,1002104461,2,잘리다,0.15996486091902826
bakery,qwen3,5052041,1,잘리다,0.21967774414346466
bakery,qwen3,5052041,2,잘리다,0.22568075938735785
bakery,qwen3,5097791,2,잘리다,0.27775528563538204
bakery,qwen3,5131242,1,잘리다,0.19712252779406925
bakery,qwen3,5138995,2,잘리다,0.25663670251238396
bakery,qwen3,5007270,1,장면,0.22258725843147648
bakery,qwen3,1000831954,2,재료,0.5049579762581778
bakery,qwen3,5003416,1,재료,0.21821555097380205
bakery,qwen3,5003416,2,재료,0.23437947824159414
bakery,qwen3,1001385477,1,잼,0.17361465493453168
bakery,qwen3,5003416,1,잼,0.17636999444896437
bakery,qwen3,5003416,2,잼,0.18943428684138058
bakery,qwen3,5007270,1,잼,0.3091362081019694
bakery,qwen3,5071363,1,잼,0.23037431796609645
bakery,qwen3,5071363,2,잼,0.24400027300460078
bakery,qwen3,5115048,1,잼,0.24400608347149472
bakery,qwen3,5115048,2,잼,0.3494211725721462
bakery,qwen3,1000229955,1,쟁반,0.22644816774873555
bakery,qwen3,1000528793,1,쟁반,0.1853794396753789
bakery,qwen3,1000635372,1,쟁반,0.2145641055765508
bakery,qwen3,5003416,2,쟁반,0.20336319817659138
bakery,qwen3,5007270,2,쟁반,0.14890598073388042
bakery,qwen3,5132010,1,쟁반,0.14418897456319268
bakery,qwen3,1000400055,1,적히다,0.12879285825483422
bakery,qwen3,1000637683,1,적히다,0.3551293380829242
bakery,qwen3,1000659491,1,적히다,0.14046464594423638
bakery,qwen3,1000794499,1,적히다,0.13079990785065485
bakery,qwen3,1000870987,2,적히다,0.09310544812736686
bakery,qwen3,1001194675,2,적히다,0.12993384532826122
bakery,qwen3,1001737663,1,적히다,0.12631233032248573
bakery,qwen3,1002104461,1,적히다,0.269311449196169
bakery,qwen3,1002202568,2,적히다,0.1683011506110322
bakery,qwen3,5003416,2,적히다,0.14802049606669276
bakery,qwen3,5025646,1,적히다,0.22366672078451716
bakery,qwen3,5043336,1,적히다,0.12069457107877979
bakery,qwen3,5043336,2,적히다,0.13239931843921773
bakery,qwen3,5063069,1,적히다,0.14935653959944795
bakery,qwen3,5097791,1,적히다,0.16155297746039665
bakery,qwen3,5115048,1,적히다,0.09533095122580469
bakery,qwen3,5132010,1,적히다,0.1049497831149287
bakery,qwen3,5138995,1,적히다,0.15111064115979528
bakery,qwen3,1001385477,1,전경,0.21480647942429992
bakery,qwen3,1001737663,2,전경,0.2380430997263796
bakery,qwen3,5003416,1,전경,0.21821555097380205
bakery,qwen3,1000794499,2,전체,0.2813532283650558
bakery,qwen3,5122986,2,점,0.21253227192165658
bakery,qwen3,5131242,1,점,0.2591043020568689
bakery,qwen3,5131242,2,점,0.2657493029747019
bakery,qwen3,1000894225,2,정렬,0.32090421001084196
bakery,qwen3,5116362,1,정사각형,0.29856673153085744
bakery,qwen3,1000128336,2,정성,0.3066864823383007
bakery,qwen3,5115048,2,정원,0.16772908683905233
bakery,qwen3,1000831954,1,제과,0.2787408938239514
bakery,qwen3,1000400055,1,제품,0.18438050007677811
bakery,qwen3,1001194675,1,제품,0.41622679323122275
bakery,qwen3,1001493094,2,제품,0.26981693436960086
bakery,qwen3,1002202568,1,제품,0.5737939495600893
bakery,qwen3,5043336,2,제품,0.1895435265156192
bakery,qwen3,1001737663,1,젤리,0.2136123948787691
bakery,qwen3,1001737663,2,젤리,0.25423689198465915
bakery,qwen3,1000196053,2,조각,0.18761051153641517
bakery,qwen3,1000321559,2,조각,0.12924719020149175
bakery,qwen3,1000352096,1,조각,0.18535132768129525
bakery,qwen3,1000352096,2,조각,0.16887834332555066
bakery,qwen3,1000447291,1,조각,0.27020643297242
bakery,qwen3,1000447291,2,조각,0.3727215151772432
bakery,qwen3,1000794499,2,조각,0.1369757887694326
bakery,qwen3,1000831954,2,조각,0.3815094546244388
bakery,qwen3,1000894225,2,조각,0.15623103932766566
bakery,qwen3,1001737663,1,조각,0.11333258825367958
bakery,qwen3,1001737663,2,조각,0.13488601639687126
bakery,qwen3,1001737665,1,조각,0.1807199621799601
bakery,qwen3,1001737665,2,조각,0.12716223250529826
bakery,qwen3,5007270,1,조각,0.10836579153844814
bakery,qwen3,5007270,2,조각,0.2917372923634609
bakery,qwen3,5012764,1,조각,0.1848829394794075
bakery,qwen3,5012764,2,조각,0.10811247217990824
bakery,qwen3,5044137,2,조각,0.17370786201649085
bakery,qwen3,5052041,1,조각,0.16361976188117197
bakery,qwen3,5052041,2,조각,0.16809091087537048
bakery,qwen3,5052044,1,조각,0.12763980027635846
bakery,qwen3,5057085,2,조각,0.10445212828240386
bakery,qwen3,5074339,2,조각,0.24457974453575645
bakery,qwen3,5138995,2,조각,0.1911474296987615
bakery,qwen3,1000229955,2,종,0.24129445858746223
bakery,qwen3,1000634077,1,종류,0.24506060909826757
bakery,qwen3,1000637683,2,종류,0.6569479630262094
bakery,qwen3,1000831954,1,종류,0.21652434968869005
bakery,qwen3,1002104461,1,종류,0.19277380885879847
bakery,qwen3,5043336,1,종류,0.17278695164933472
bakery,qwen3,1000528793,1,종이,0.24867275727435606
bakery,qwen3,5052044,1,주머니,0.26217677005732604
bakery,qwen3,1000635372,2,주변,0.20658910723729249
bakery,qwen3,1000635372,2,주재료,0.20658910723729249
bakery,qwen3,5007270,1,주전자,0.22258725843147648
bakery,qwen3,1001737663,1,주황색,0.18945242896141906
bakery,qwen3,1001737663,2,주황색,0.225482218601739
bakery,qwen3,5057085,1,주황색,0.1710503697200242
bakery,qwen3,5057085,2,주황색,0.1746074074386867
bakery,qwen3,5003416,1,줄무늬,0.23306049839743098
bakery,qwen3,5003416,2,줄무늬,0.25032403863679603
bakery,qwen3,1000217187,2,중,0.3106619440003412
bakery,qwen3,1000220024,1,중,0.2484331826418499
bakery,qwen3,1000220024,2,중,0.18096449562090342
bakery,qwen3,1000234669,1,중,0.2510169602860259
bakery,qwen3,1000400055,2,중,0.13789688579250722
bakery,qwen3,1000447291,2,중,0.25021006236195004
bakery,qwen3,1000528793,1,중,0.1625438045979456
bakery,qwen3,1000659491,2,중,0.1556519251063731
bakery,qwen3,1000870987,2,중,0.11215908518021231
bakery,qwen3,1001194675,2,중,0.1565242584518682
bakery,qwen3,1000831954,1,중성,0.23948662496462325
bakery,qwen3,1001556191,1,중성,0.2675016873359515
bakery,qwen3,5052041,1,중성,0.28875161662487747
bakery,qwen3,1001556191,1,지니다,0.25338635738465315
bakery,qwen3,1001737663,2,지니다,0.225482218601739
bakery,qwen3,5044138,2,지니다,0.23995138041585176
bakery,qwen3,5138995,1,지니다,0.22664674095197404
bakery,qwen3,1000794499,1,직사각,0.2071119538896303
bakery,qwen3,5044138,2,직사각,0.2533182914910902
bakery,qwen3,5052044,1,직사각,0.22525517854158483
bakery,qwen3,1000794499,1,직사각형,0.1622354901095667
bakery,qwen3,1000794499,2,직사각형,0.1893534304021988
bakery,qwen3,1000831954,1,직사각형,0.1875953041152153
bakery,qwen3,1002104461,2,직사각형,0.16470381405412407
bakery,qwen3,5044137,1,직사각형,0.14697935290907757
bakery,qwen3,5044137,2,직사각형,0.24013133894794217
bakery,qwen3,5044138,1,직사각형,0.19369546374259042
bakery,qwen3,5131242,1,직사각형,0.40592455089380525
bakery,qwen3,5131242,2,직사각형,0.2081674553529241
bakery,qwen3,1000637683,1,진열,0.13191231462371553
bakery,qwen3,1000831954,1,진열,0.16854022892994402
bakery,qwen3,1000870987,2,진열,0.10375168015849541
bakery,qwen3,1001194675,1,진열,0.3239864667360829
bakery,qwen3,1001194675,2,진열,0.14479125586528044
bakery,qwen3,1001385477,1,진열,0.15117142021252658
bakery,qwen3,1001385477,2,진열,0.1585379612544972
bakery,qwen3,1001493094,1,진열,0.19646491872880004
bakery,qwen3,1001493094,2,진열,0.21002260463181316
bakery,qwen3,1002202568,1,진열,0.2233175246952967
bakery,qwen3,5025646,1,진열,0.12462105356707771
bakery,qwen3,5040946,1,진열,0.1465315908167736
bakery,qwen3,5043336,2,진열,0.14753864587082988
bakery,qwen3,1000634077,2,진열대,0.3078510964025983
bakery,qwen3,1000870987,2,진열대,0.15745476075036324
bakery,qwen3,1000220024,2,질감,0.22531413784788293
bakery,qwen3,1000321559,2,질감,0.21605607440379038
bakery,qwen3,1001556191,1,질감,0.25338635738465315
bakery,qwen3,5138995,2,질감,0.3195316140235306
bakery,qwen3,5052044,2,짐작,0.23947980033577435
bakery,qwen3,1000659491,2,짙다,0.17105897078888746
bakery,qwen3,1002104461,2,짙다,0.17579881811610257
bakery,qwen3,5052041,1,짙다,0.2414223196579469
bakery,qwen3,5052041,2,짙다,0.24801953719026204
bakery,qwen3,5052044,1,짙다,0.18833358702584363
bakery,qwen3,5052044,2,짙다,0.17202931368636304
bakery,qwen3,5115048,2,짙다,0.12048748852181247
bakery,qwen3,5057085,2,차,0.2145484524372636
bakery,qwen3,5007270,1,차리다,0.22258725843147648
bakery,qwen3,5012764,2,찻받침,0.22206693129941277
bakery,qwen3,5012764,2,찻잔,0.22206693129941277
bakery,qwen3,1000234669,2,채,0.2640877511550843
bakery,qwen3,1001556191,1,채,0.2675016873359515
bakery,qwen3,5044138,2,채,0.2533182914910902
bakery,qwen3,1000220024,1,채우다,0.3487634307329835
bakery,qwen3,1000220024,2,채우다,0.2540473766928202
bakery,qwen3,1000217187,1,천,0.26558594137308145
bakery,qwen3,1000635372,1,천,0.19986801292511944
bakery,qwen3,1000637683,1,천,0.15149630103901096
bakery,qwen3,5003416,1,천,0.17636999444896437
bakery,qwen3,5003416,2,천,0.18943428684138058
bakery,qwen3,5052041,1,천,0.2333798888025776
bakery,qwen3,5052041,2,천,0.23975733516412176
bakery,qwen3,5128440,2,천,0.24314865012564246
bakery,qwen3,5115048,1,체리,0.16121840793709238
bakery,qwen3,5115048,2,체리,0.15391180509419383
bakery,qwen3,1000128336,1,체크,0.2884015776482553
bakery,qwen3,1000128336,2,체크,0.2634967175783701
bakery,qwen3,1000229955,2,체크,0.20731366222236006
bakery,qwen3,1000635372,1,초록색,0.2145641055765508
bakery,qwen3,1002104461,1,초록색,0.37000306761185975
bakery,qwen3,1002104461,2,초록색,0.3648763649684398
bakery,qwen3,5040946,2,초록색,0.23455087215822962
bakery,qwen3,5057085,2,초록색,0.15994060761613277
bakery,qwen3,5116362,2,초록색,0.4761163690336622
bakery,qwen3,1000400055,2,초콜릿,0.2683347987091769
bakery,qwen3,1000634077,2,초콜릿,0.21335946316580465
bakery,qwen3,1000870987,2,초콜릿,0.10912568972196836
bakery,qwen3,1001501168,1,초콜릿,0.3093539093274464
bakery,qwen3,1001501168,2,초콜릿,0.1791744655593584
bakery,qwen3,1001737665,1,초콜릿,0.23607444330038885
bakery,qwen3,1001737665,2,초콜릿,0.4983359815717984
bakery,qwen3,5044137,1,초콜릿,0.41666888027917715
bakery,qwen3,5044137,2,초콜릿,0.22691453853674604
bakery,qwen3,5057085,2,초콜릿,0.27289158030317084
bakery,qwen3,5132010,1,초콜릿,0.24601605381718233
bakery,qwen3,5052044,2,촬영,0.23947980033577435
bakery,qwen3,1002104461,2,층,0.2245669966369732
bakery,qwen3,5007270,1,층,0.20425083914652237
bakery,qwen3,1001737665,2,층층이,0.21257075472732181
bakery,qwen3,5044137,2,층층이,0.29037875950610126
bakery,qwen3,5044138,1,층층이,0.2342261894259696
bakery,qwen3,5044138,2,층층이,0.23995138041585176
bakery,qwen3,1000220024,1,치즈,0.2833353403338468
bakery,qwen3,1000220024,2,치즈,0.20638803725752483
bakery,qwen3,1000234669,1,치즈,0.2862821106097602
bakery,qwen3,1000831954,1,치즈,0.20779449778927217
bakery,qwen3,1000831954,2,치즈,0.14604502317788456
bakery,qwen3,5007270,2,치즈,0.14890598073388042
bakery,qwen3,1000400055,2,칩,0.19358682469451902
bakery,qwen3,5132010,1,칩,0.3549704839733518
bakery,qwen3,1001501168,1,카라멜,0.24321528142379986
bakery,qwen3,1000635372,1,칼,0.247288710864673
bakery,qwen3,5007270,1,칼,0.1912409426208929
bakery,qwen3,5115048,1,칼,0.15094949147117925
bakery,qwen3,1002104461,2,캐러멜,0.21026304860167253
bakery,qwen3,5097791,1,캐러멜,0.2558071589523879
bakery,qwen3,5097791,2,캐러멜,0.18254531897629
bakery,qwen3,1000528793,1,캐릭터,0.2023790195410599
bakery,qwen3,1000528793,2,캐릭터,0.27497700769843775
bakery,qwen3,5063069,1,캐릭터,0.2240158117275319
bakery,qwen3,5132010,1,캐릭터,0.15741132539740546
bakery,qwen3,1000870987,2,캔,0.17159010787351336
bakery,qwen3,5097791,2,커스터드,0.21246633452847632
bakery,qwen3,1002104461,1,커피와_빵을_즐기세요,0.24816582460312447
bakery,qwen3,1000634077,1,케이크,0.18219377251883892
bakery,qwen3,1000634077,2,케이크,0.1937506775851184
bakery,qwen3,1000794499,1,케이크,0.417649455636856
bakery,qwen3,1000794499,2,케이크,0.4874602781243501
bakery,qwen3,1001737663,1,케이크,0.4033204370422253
bakery,qwen3,1001737663,2,케이크,0.3200155572923048
bakery,qwen3,1001737665,1,케이크,0.4287560783224795
bakery,qwen3,1001737665,2,케이크,0.30169096685296265
bakery,qwen3,5012764,1,케이크,0.21931634757920848
bakery,qwen3,5012764,2,케이크,0.1282478123347731
bakery,qwen3,5044137,1,케이크,0.2522499719014473
bakery,qwen3,5044137,2,케이크,0.41211994952615066
bakery,qwen3,5044138,1,케이크,0.3324254347257275
bakery,qwen3,5044138,2,케이크,0.1702754549849112
bakery,qwen3,5074339,2,케이크,0.2901313469727287
bakery,qwen3,5007270,2,코스터,0.19974631959497802
bakery,qwen3,1000634077,2,코코넛,0.3354881274403088
bakery,qwen3,1000870987,2,코코아,0.17159010787351336
bakery,qwen3,1001501168,2,코팅,0.25852640820966627
bakery,qwen3,5057085,2,코팅,0.19687425846699733
bakery,qwen3,1000229955,1,쿠키,0.3863671601274873
bakery,qwen3,1000229955,2,쿠키,0.3069107484780626
bakery,qwen3,1001501168,1,쿠키,0.1546769546637232
bakery,qwen3,1001501168,2,쿠키,0.1791744655593584
bakery,qwen3,1002104461,1,쿠키,0.47347601404621376
bakery,qwen3,1002104461,2,쿠키,0.31127707133166643
bakery,qwen3,5057085,2,쿠키,0.5457831606063417
bakery,qwen3,5116362,1,쿠키,0.5696359931836343
bakery,qwen3,5116362,2,쿠키,0.4061762371993712
bakery,qwen3,5132010,1,쿠키,0.3690240807257735
bakery,qwen3,5132010,2,쿠키,0.48959791029598426
bakery,qwen3,1000635372,1,크다,0.247288710864673
bakery,qwen3,1001737665,2,크다,0.22441238018791335
bakery,qwen3,1002202568,1,크다,0.3173222240427882
bakery,qwen3,5025646,1,크런치,0.20610499986331843
bakery,qwen3,1000234669,2,크리미,0.22914006839286014
bakery,qwen3,1001194675,2,크리미,0.17851421282517624
bakery,qwen3,1001737663,2,크리미,0.20654199944214613
bakery,qwen3,5012764,2,크리미,0.16554544915146296
bakery,qwen3,5043336,2,크리미,0.18190149033191153
bakery,qwen3,5063069,2,크리미,0.4118478407055832
bakery,qwen3,5122986,1,크리스피,0.1890140180483553
bakery,qwen3,5122986,2,크리스피,0.22699059255197765
bakery,qwen3,1000234669,1,크림,0.21259256008883948
bakery,qwen3,1000400055,2,크림,0.11678833153545856
bakery,qwen3,1000831954,2,크림,0.21690552231496546
bakery,qwen3,1000870987,1,크림,0.18518978101866335
bakery,qwen3,1000870987,2,크림,0.09499034259881824
bakery,qwen3,1001501168,1,크림,0.13464122841361612
bakery,qwen3,1001501168,2,크림,0.15596551015445548
bakery,qwen3,1001737665,2,크림,0.14459505590733496
bakery,qwen3,1002104461,1,크림,0.1373817931144725
bakery,qwen3,1002104461,2,크림,0.13547825321556392
bakery,qwen3,1002202568,2,크림,0.17170836162506087
bakery,qwen3,5043336,1,크림,0.12313799983978393
bakery,qwen3,5044137,1,크림,0.1208988759928304
bakery,qwen3,5044137,2,크림,0.19752168175225768
bakery,qwen3,5097791,2,크림,0.11761895926105669
bakery,qwen3,5122986,1,크림,0.11402961869700763
bakery,qwen3,5122986,2,크림,0.13694037608304818
bakery,qwen3,5043336,2,크림치즈,0.2440073464045473
bakery,qwen3,1000196053,2,클로즈업,0.3536134777405777
bakery,qwen3,1000794499,2,클로즈업,0.25817575271424126
bakery,qwen3,5003416,1,타르트,0.46612099679486196
bakery,qwen3,5097791,2,타르트,0.5848909873408584
bakery,qwen3,1000196053,1,타원,0.3369848137257131
bakery,qwen3,1000217187,1,타원,0.3112596182455201
bakery,qwen3,1000659491,1,타원,0.2106791022649991
bakery,qwen3,1001556191,1,타원,0.25338635738465315
bakery,qwen3,1000321559,1,타입,0.5179498221525946
bakery,qwen3,1001493094,1,타입,0.5583322226275909
bakery,qwen3,1001493094,2,타입,0.5968617115200342
bakery,qwen3,1000637683,2,탁자,0.28190557270353167
bakery,qwen3,1002104461,1,테두리,0.21321735375973058
bakery,qwen3,1002104461,2,테두리,0.21026304860167253
bakery,qwen3,5044137,1,테두리,0.18763576910251845
bakery,qwen3,1000870987,2,테마,0.17159010787351336
bakery,qwen3,5132010,1,토끼,0.1774852419866759
bakery,qwen3,5132010,2,토끼,0.2354762415887635
bakery,qwen3,5043336,1,토마토,0.20411195257961579
bakery,qwen3,5043336,2,토마토,0.22390637097670085
bakery,qwen3,5007270,2,토스트,0.19974631959497802
bakery,qwen3,1000634077,2,토핑,0.27303255508655383
bakery,qwen3,1000794499,1,토핑,0.19618322444823916
bakery,qwen3,1000831954,1,토핑,0.22684957297454345
bakery,qwen3,1002104461,2,토핑,0.19916804453969403
bakery,qwen3,1000229955,1,톤,0.303763407379006
bakery,qwen3,1000870987,2,통,0.15745476075036324
bakery,qwen3,1001737665,1,통,0.34062597985719695
bakery,qwen3,1000528793,2,통째,0.27497700769843775
bakery,qwen3,1000635372,2,통째,0.16812980009876477
bakery,qwen3,1000659491,2,통째,0.19379812150099268
bakery,qwen3,5097791,2,통째,0.17291290344247953
bakery,qwen3,1000217187,1,투명,0.28511420677290167
bakery,qwen3,1000229955,2,투명,0.17987909902155766
bakery,qwen3,5057085,1,투명,0.15668235653514034
bakery,qwen3,5057085,2,투명,0.15994060761613277
bakery,qwen3,5132010,1,투명,0.14418897456319268
bakery,qwen3,5132010,2,투명,0.1913008508686449
bakery,qwen3,1001501168,1,트다,0.24321528142379986
bakery,qwen3,5132010,2,트레이,0.25661589083308944
bakery,qwen3,5057085,1,트리,0.38572721733997
bakery,qwen3,5097791,1,트리,0.2732094192784267
bakery,qwen3,1000634077,1,파도,0.31547681967087826
bakery,qwen3,1000352096,2,파란색,0.5646109885073989
bakery,qwen3,1000400055,1,파란색,0.3863458106895279
bakery,qwen3,5040946,2,파란색,0.25605954804376
bakery,qwen3,5044137,1,파란색,0.17773474448497498
bakery,qwen3,1000352096,1,파스키,0.3493553055660978
bakery,qwen3,5040946,1,파스키,0.22237805247278225
bakery,qwen3,1000229955,1,파스텔,0.303763407379006
bakery,qwen3,1001737663,1,판,0.18945242896141906
bakery,qwen3,1001737663,2,판,0.225482218601739
bakery,qwen3,5007270,2,판,0.16256088829210708
bakery,qwen3,5044137,2,판,0.29037875950610126
bakery,qwen3,5063069,1,판지,0.2752589161745409
bakery,qwen3,1001385477,1,패션프루트,0.22941951171772887
bakery,qwen3,1001385477,2,패션프루트,0.24059906038189807
bakery,qwen3,1000352096,1,팩,0.3493553055660978
bakery,qwen3,5132010,2,팩,0.2354762415887635
bakery,qwen3,5057085,1,페이스,0.38572721733997
bakery,qwen3,5097791,1,페이스,0.2732094192784267
bakery,qwen3,1000634077,2,페이스트리,0.2409964942035152
bakery,qwen3,1000831954,1,페이스트리,0.20023235610529513
bakery,qwen3,5003416,2,페이스트리,0.19596232214628545
bakery,qwen3,5057085,1,페이스트리,0.15098030863635664
bakery,qwen3,5063069,2,페이스트리,0.3968597069638802
bakery,qwen3,5097791,1,페이스트리,0.2138777902657598
bakery,qwen3,5097791,2,페이스트리,0.1526243034241037
bakery,qwen3,5012764,2,평온,0.22206693129941277
bakery,qwen3,5097791,1,포르투갈식,0.29773652763901604
bakery,qwen3,1000229955,1,포장,0.21093810260974155
bakery,qwen3,1000229955,2,포장,0.16755867898590696
bakery,qwen3,1000528793,1,포장,0.17268228600273058
bakery,qwen3,1002104461,1,포장,0.17233026395786638
bakery,qwen3,5057085,1,포장,0.14595074594119822
bakery,qwen3,5116362,2,포장,0.22175291702257768
bakery,qwen3,5128440,1,포장,0.22294420040589996
bakery,qwen3,5132010,2,포장,0.17819812326605325
bakery,qwen3,5063069,1,포장재,0.2752589161745409
bakery,qwen3,1000352096,2,포장지,0.23345507929989306
bakery,qwen3,1000528793,1,포장지,0.1673591588448995
bakery,qwen3,1000528793,2,포장지,0.22739472112503828
bakery,qwen3,1000659491,1,포장지,0.17422298725049032
bakery,qwen3,1000894225,1,포장지,0.30068734557223237
bakery,qwen3,1001501168,1,포장지,0.16368622507532798
bakery,qwen3,1001501168,2,포장지,0.18961061110274893
bakery,qwen3,1002202568,1,포장지,0.2485656939322469
bakery,qwen3,1002202568,2,포장지,0.20874953280976727
bakery,qwen3,1000794499,1,포크,0.18725380231706296
bakery,qwen3,1000794499,2,포크,0.21855359638415045
bakery,qwen3,5003416,1,포크,0.19729277271138318
bakery,qwen3,5040946,1,포크,0.1882497586000026
bakery,qwen3,5044137,2,포크,0.2771619590949051
bakery,qwen3,5043336,2,포함,0.2440073464045473
bakery,qwen3,1000128336,1,폭신폭신,0.2134773538546207
bakery,qwen3,1000128336,2,폭신폭신,0.1950425600189121
bakery,qwen3,1000196053,2,폭신폭신,0.24507556627394914
bakery,qwen3,1000217187,2,폭신폭신,0.30225994492495883
bakery,qwen3,1001556191,1,폭신폭신,0.19800707343485116
bakery,qwen3,1001556191,2,폭신폭신,0.25461229026592935
bakery,qwen3,5052041,2,폭신폭신,0.21957711660676005
bakery,qwen3,5052044,1,폭신폭신,0.16673584052219062
bakery,qwen3,5052044,2,폭신폭신,0.15230131101371372
bakery,qwen3,5063069,1,폭신폭신,0.17505565706509404
bakery,qwen3,5074339,2,폭신폭신,0.31949446169280277
bakery,qwen3,1000234669,2,표면,0.23876668932158537
bakery,qwen3,1000321559,2,표면,0.20622212505474563
bakery,qwen3,5052041,1,표면,0.2610657527137275
bakery,qwen3,5052044,1,표면,0.20365743203793182
bakery,qwen3,5115048,1,표면,0.1364762666034633
bakery,qwen3,1001194675,2,표시,0.2197368998380081
bakery,qwen3,5043336,1,표시,0.20411195257961579
bakery,qwen3,5052044,2,풍미,0.23947980033577435
bakery,qwen3,1000870987,2,풍선,0.17159010787351336
bakery,qwen3,5132010,1,플라스틱,0.1774852419866759
bakery,qwen3,5132010,2,플라스틱,0.2354762415887635
bakery,qwen3,1001501168,1,플랫,0.24321528142379986
bakery,qwen3,1001501168,2,플레인,0.2817353636145692
bakery,qwen3,1001385477,1,피,0.22941951171772887
bakery,qwen3,1001385477,2,피,0.24059906038189807
bakery,qwen3,1000637683,1,피넛,0.43632735896999914
bakery,qwen3,1000637683,1,피넛_버터_오리지널,0.21816367948499957
bakery,qwen3,1000637683,1,피넛_버터_크런치,0.21816367948499957
bakery,qwen3,5115048,1,피라미드,0.17569163280480832
bakery,qwen3,1000635372,2,피스타치오,0.5324872935001962
bakery,qwen3,1000870987,1,피스타치오,0.28741563315629604
bakery,qwen3,1000870987,2,피스타치오,0.14742557235931592
bakery,qwen3,1000234669,1,필라델피아,0.38402620014557315
bakery,qwen3,1000234669,2,필라델피아_오리지널_프레시_크리미_토핑,0.30737439226845903
bakery,qwen3,5012764,2,필링,0.20377337581774232
bakery,qwen3,5044137,1,필링,0.20040040991152053
bakery,qwen3,1000352096,1,하늘색,0.3493553055660978
bakery,qwen3,5040946,1,하늘색,0.22237805247278225
bakery,qwen3,1000635372,2,하다,0.17749576450006538
bakery,qwen3,1000870987,2,하다,0.14742557235931592
bakery,qwen3,5043336,1,하다,0.1911109025286045
bakery,qwen3,1000870987,1,하트,0.30696818082713767
bakery,qwen3,1000870987,2,하트,0.15745476075036324
bakery,qwen3,1000870987,2,하트_티라미수,0.17159010787351336
bakery,qwen3,1000321559,1,한국어,0.20931323833300575
bakery,qwen3,1000794499,1,한국어,0.16739565074449567
bakery,qwen3,1001194675,2,한국어,0.16628727764313972
bakery,qwen3,5043336,1,한국어,0.154463000770065
bakery,qwen3,5063069,1,한국어,0.1911441341972662
bakery,qwen3,5071363,1,한국어,0.23037431796609645
bakery,qwen3,5071363,2,한국어,0.24400027300460078
bakery,qwen3,5132010,1,한국어,0.13431307046543317
bakery,qwen3,1000400055,1,함께,0.15514977318884735
bakery,qwen3,1000400055,2,함께,0.13789688579250722
bakery,qwen3,1000528793,1,함께,0.1625438045979456
bakery,qwen3,1000637683,1,함께,0.14260168615677898
bakery,qwen3,1000794499,2,함께,0.1839052442882405
bakery,qwen3,1001493094,2,함께,0.2270415589095477
bakery,qwen3,1001501168,1,함께,0.15897655059725055
bakery,qwen3,5007270,1,함께,0.29098627639827396
bakery,qwen3,5044137,2,함께,0.2332221415618504
bakery,qwen3,5132010,1,함께,0.12642731333970322
bakery,qwen3,1000634077,1,항해,0.31547681967087826
bakery,qwen3,1000220024,1,햄,0.32654870610947917
bakery,qwen3,1000220024,2,햄,0.2378656557403289
bakery,qwen3,5007270,2,햄,0.1716166267268955
bakery,qwen3,1000635372,2,향,0.18957059271538643
bakery,qwen3,1000831954,2,향,0.17976989127082246
bakery,qwen3,1000831954,2,허브,0.19590855740764912
bakery,qwen3,1000128336,1,호두,0.3080211979639219
bakery,qwen3,1000128336,2,호두,0.28142208953877323
bakery,qwen3,1000831954,2,호박,0.19590855740764912
bakery,qwen3,1000229955,2,혼합,0.24129445858746223
bakery,qwen3,1000128336,2,황금빛,0.1283437202092712
bakery,qwen3,1000196053,1,황금빛,0.1732818362644149
bakery,qwen3,1000196053,2,황금빛,0.1612669045409501
bakery,qwen3,1000217187,1,황금빛,0.16005361668447504
bakery,qwen3,1000217187,2,황금빛,0.19889590147994932
bakery,qwen3,1000220024,1,황금빛,0.1590550203311332
bakery,qwen3,1000220024,2,황금빛,0.11585936799630789
bakery,qwen3,1000447291,1,황금빛,0.11613249885536374
bakery,qwen3,1000659491,1,황금빛,0.10833384833991971
bakery,qwen3,1000659491,2,황금빛,0.09965343537890059
bakery,qwen3,1000794499,1,황금빛,0.10087988535986304
bakery,qwen3,1000794499,2,황금빛,0.1177421311364733
bakery,qwen3,1000831954,1,황금빛,0.11664890808053607
bakery,qwen3,1000894225,1,황금빛,0.1869708343717059
bakery,qwen3,1000894225,2,황금빛,0.13429362725604932
bakery,qwen3,1001556191,2,황금빛,0.16754234840110593
bakery,qwen3,1001737663,2,황금빛,0.11594579723727837
bakery,qwen3,1002104461,2,황금빛,0.10241471745110144
bakery,qwen3,5003416,2,황금빛,0.11416132411322083
bakery,qwen3,5044138,2,황금빛,0.1233860225122285
bakery,qwen3,5052041,1,황금빛,0.14064485142231672
bakery,qwen3,5052044,2,황금빛,0.10021872583273067
bakery,qwen3,5063069,1,황금빛,0.11519175235002065
bakery,qwen3,5063069,2,황금빛,0.23119765645745163
bakery,qwen3,5074339,1,황금빛,0.1510734515416408
bakery,qwen3,5097791,1,황금빛,0.12459829761009851
bakery,qwen3,5097791,2,황금빛,0.17782798631817437
bakery,qwen3,5122986,1,황금빛,0.08620063296305662
bakery,qwen3,5122986,2,황금빛,0.10352000849817403
bakery,qwen3,5128440,1,황금빛,0.13435585260767632
bakery,qwen3,5131242,1,황금빛,0.12620426680766766
bakery,qwen3,5131242,2,황금빛,0.1294409072729708
bakery,qwen3,5138995,1,황금빛,0.11654460929942644
bakery,qwen3,5138995,2,황금빛,0.16430718111706055
bakery,qwen3,1000635372,2,황록색,0.20658910723729249
bakery,qwen3,1000234669,1,회색,0.22178232373329376
bakery,qwen3,1000321559,1,회색,0.1740777207742396
bakery,qwen3,1000321559,2,회색,0.1533187527723381
bakery,qwen3,1000400055,1,회색,0.13708028806223904
bakery,qwen3,1001194675,1,회색,0.30944969067552724
bakery,qwen3,1001493094,1,회색,0.18764983902473859
bakery,qwen3,1001493094,2,회색,0.20059921234649813
bakery,qwen3,1002202568,1,회색,0.21329760972910292
bakery,qwen3,5025646,1,회색,0.11902949794938328
bakery,qwen3,5074339,2,회색,0.2901313469727287
bakery,qwen3,5116362,1,회색,0.1724278798771208
bakery,qwen3,5122986,1,회색,0.11895879046037905
bakery,qwen3,5131242,1,회색,0.17416469478609675
bakery,qwen3,5131242,2,회색,0.17863133060619094
bakery,qwen3,5138995,2,회색,0.22674756388409323
bakery,qwen3,5131242,1,흩뿌리다,0.2767308631525631
bakery,qwen3,5131242,2,흩뿌리다,0.283827915671737
bakery,qwen3,1000321559,2,흩어지다,0.22809185568921356
bakery,qwen3,1000635372,2,흩어지다,0.17749576450006538
bakery,qwen3,1000659491,1,흩어지다,0.22241534991861447
bakery,qwen3,1000447291,1,희다,0.31369468090493635
bakery,qwen3,1000447291,2,희다,0.4327090050512004
bakery,qwen3,1000794499,2,희다,0.15902129300568849
bakery,qwen3,1000894225,1,희다,0.25252085680085695
bakery,qwen3,1000894225,2,희다,0.18137557085600914
bakery,qwen3,1001556191,2,희다,0.22628094649545713
bakery,qwen3,5012764,1,희다,0.21463883767222947
bakery,qwen3,5012764,2,희다,0.2510251668640455
bakery,qwen3,5044137,2,희다,0.4033303851911161
bakery,qwen3,5044138,2,희다,0.1666438737717523
bakery,qwen3,5063069,2,희다,0.3122531409520243
bakery,qwen3,5097791,1,희다,0.1682811598619662
bakery,qwen3,5116362,1,희다,0.1687503924245572
bakery,qwen3,5128440,2,희다,0.19790449616072295
bakery,qwen3,5138995,1,희다,0.3148078650310167
bakery,qwen3,5138995,2,희다,0.22191156333895307
bakery,qwen3,1000234669,2,흰색,0.1251612951469912
bakery,qwen3,1000321559,2,흰색,0.10810146228167071
bakery,qwen3,1000352096,1,흰색,0.15502657757557864
bakery,qwen3,1000400055,1,흰색,0.09665210107418945
bakery,qwen3,1000400055,2,흰색,0.17180848504638907
bakery,qwen3,1000634077,1,흰색,0.12846056253240026
bakery,qwen3,1000634077,2,흰색,0.1366090656641102
bakery,qwen3,1000635372,2,흰색,0.08412203773467525
bakery,qwen3,1000637683,2,흰색,0.11479052086392337
bakery,qwen3,1000831954,1,흰색,0.1135018796587489
bakery,qwen3,1000870987,2,흰색,0.06987062252441467
bakery,qwen3,1001194675,2,흰색,0.09750835039918702
bakery,qwen3,1001501168,2,흰색,0.11472121258530228
bakery,qwen3,1001556191,1,흰색,0.12677929019627912
bakery,qwen3,1001737663,1,흰색,0.18958119701155182
bakery,qwen3,1001737663,2,흰색,0.33845321336083245
bakery,qwen3,1001737665,1,흰색,0.30230587055216973
bakery,qwen3,1001737665,2,흰색,0.21271523596597125
bakery,qwen3,1002104461,1,흰색,0.2021037327756297
bakery,qwen3,1002104461,2,흰색,0.19930341615189626
bakery,qwen3,1002202568,2,흰색,0.2526018917535639
bakery,qwen3,5007270,1,흰색,0.1812728076850948
bakery,qwen3,5012764,1,흰색,0.15463482090016764
bakery,qwen3,5040946,2,흰색,0.12811679399016498
bakery,qwen3,5043336,2,흰색,0.09935855513526308
bakery,qwen3,5044137,1,흰색,0.08892777409801829
bakery,qwen3,5044138,1,흰색,0.11719269477371708
bakery,qwen3,5074339,1,흰색,0.29399539179008055
bakery,qwen3,5074339,2,흰색,0.20456481868251536
bakery,qwen3,5115048,1,흰색,0.07154074269509628
bakery,qwen3,5115048,2,흰색,0.06829843432195423
bakery,qwen3,5122986,1,흰색,0.08387505747011252
bakery,qwen3,5122986,2,흰색,0.10072717987827405
bakery,qwen3,5132010,1,흰색,0.07875915778860829
bakery,qwen3,5132010,2,흰색,0.10449269054240658
bakery,qwen3,5138995,1,흰색,0.11340039471648192
convenience_meals,hyperclovax,1000165839,1,1개,0.7030831083231486
convenience_meals,hyperclovax,1000170826,2,1개,0.16907324264249982
convenience_meals,hyperclovax,1001485256,1,210g,0.5533618575246091
convenience_meals,hyperclovax,1000170826,2,2개,0.15830400712198556
convenience_meals,hyperclovax,1001861172,1,2개,0.7183162948311159
convenience_meals,hyperclovax,5156742,1,2개,0.7183162948311159
convenience_meals,hyperclovax,1000029142,1,3개,0.33474036170223215
convenience_meals,hyperclovax,1000170826,2,3개,0.15830400712198556
convenience_meals,hyperclovax,1001150374,2,3개,0.6874399686969932
convenience_meals,hyperclovax,5009669,2,4개,0.5963328947760832
convenience_meals,hyperclovax,5063596,2,4개,0.4562795177069034
convenience_meals,hyperclovax,5135831,1,4개,0.2618631668830736
convenience_meals,hyperclovax,5135831,2,4개,0.43927745863605566
convenience_meals,hyperclovax,5136646,1,4개,0.7071067811865476
convenience_meals,hyperclovax,5136646,2,4개,0.5773502691896257
convenience_meals,hyperclovax,1000185462,1,6,0.43568158609892527
convenience_meals,hyperclovax,1000185462,2,6,0.37837535534907457
convenience_meals,hyperclovax,1000165839,2,6개입,0.49877688515909296
convenience_meals,hyperclovax,1000202889,2,6개입,0.3570325796347711
convenience_meals,hyperclovax,1001485256,1,6개입,0.4503461955572997
convenience_meals,hyperclovax,1001485256,2,6개입,0.3468067304313878
convenience_meals,hyperclovax,1000308975,1,99,0.3056994168741687
convenience_meals,hyperclovax,5063596,1,Granola_House,0.2042030017515889
convenience_meals,hyperclovax,1000185462,1,가지,0.43568158609892527
convenience_meals,hyperclovax,1000185462,2,가지,0.37837535534907457
convenience_meals,hyperclovax,5135831,1,각각,0.35126999979845885
convenience_meals,hyperclovax,1001207466,1,갈비,0.4076991669384995
convenience_meals,hyperclovax,1001837821,1,갈색,0.3502680996120415
convenience_meals,hyperclovax,1001837821,2,갈색,0.3670443331840367
convenience_meals,hyperclovax,1001929136,1,갈색,0.3921249871445277
convenience_meals,hyperclovax,5060255,1,갈색,0.3280474932059161
convenience_meals,hyperclovax,1001837821,1,감자,0.3949361220541566
convenience_meals,hyperclovax,1001837821,2,감자,0.41385174878961156
convenience_meals,hyperclovax,1000308975,1,강정,0.6113988337483374
convenience_meals,hyperclovax,1000572062,1,검은색,0.4890627532624152
convenience_meals,hyperclovax,1000572062,2,검은색,0.45410457392829473
convenience_meals,hyperclovax,1000811962,1,검은색,0.4728021110714589
convenience_meals,hyperclovax,1000811962,2,검은색,0.4728021110714589
convenience_meals,hyperclovax,1001706193,2,검은색,0.4574100029319205
convenience_meals,hyperclovax,5037794,1,검은색,0.4677966223586949
convenience_meals,hyperclovax,5037794,2,검은색,0.5978473855860016
convenience_meals,hyperclovax,5072582,2,계란,0.3251604876531889
convenience_meals,hyperclovax,1001861172,2,고기,0.34754613960985603
convenience_meals,hyperclovax,1002382999,1,고기,0.4193188943143924
convenience_meals,hyperclovax,1002382999,2,고기,0.39455712451146
convenience_meals,hyperclovax,5060255,1,고기,0.3131161729865227
convenience_meals,hyperclovax,5073094,2,고기,0.4089905626332922
convenience_meals,hyperclovax,1000942597,1,고추,0.4236391786444938
convenience_meals,hyperclovax,1001191650,2,곤약,0.4717648188043587
convenience_meals,hyperclovax,1000202889,2,골든,0.40256324399546
convenience_meals,hyperclovax,1001485256,2,골든,0.39103334094814307
convenience_meals,hyperclovax,1001485256,1,골든콘샌드밥,0.5533618575246091
convenience_meals,hyperclovax,1000165839,1,공기,0.38310085330632293
convenience_meals,hyperclovax,1001191650,1,과자,0.4692786037761355
convenience_meals,hyperclovax,5066426,2,구성,0.4280474250731359
convenience_meals,hyperclovax,1000572062,2,국물,0.40202870350743963
convenience_meals,hyperclovax,1001207466,2,국물,0.34857753174633577
convenience_meals,hyperclovax,1001861172,1,국물,0.5317039632779895
convenience_meals,hyperclovax,1001861172,2,국물,0.28453858584104547
convenience_meals,hyperclovax,1002382999,1,국물,0.34329946906786024
convenience_meals,hyperclovax,1002382999,2,국물,0.3230268256411281
convenience_meals,hyperclovax,5088325,2,국물,0.5103415868390099
convenience_meals,hyperclovax,5090388,1,국물,0.22256875978709154
convenience_meals,hyperclovax,5090388,2,국물,0.558668476908086
convenience_meals,hyperclovax,5156742,1,국물,0.5317039632779895
convenience_meals,hyperclovax,5156742,2,국물,0.558668476908086
convenience_meals,hyperclovax,5073094,1,국수,0.8227466382003744
convenience_meals,hyperclovax,5073094,2,국수,0.4089905626332922
convenience_meals,hyperclovax,5088325,1,국수,0.8227466382003744
convenience_meals,hyperclovax,5088325,2,국수,0.6233504249133731
convenience_meals,hyperclovax,5090388,1,국수,0.2718538613422695
convenience_meals,hyperclovax,5063596,1,그라놀라,0.4084060035031778
convenience_meals,hyperclovax,5063596,2,그래놀라,0.6120651025522479
convenience_meals,hyperclovax,1000619042,1,그리다,0.298351141699189
convenience_meals,hyperclovax,1001401863,1,김치,0.6156422264101954
convenience_meals,hyperclovax,1001401863,2,김치,0.47937847324890515
convenience_meals,hyperclovax,1001946226,2,깨,0.37731983881908515
convenience_meals,hyperclovax,1000308975,2,나다,0.4928996595036682
convenience_meals,hyperclovax,1001929136,1,나다,0.41396899497834827
convenience_meals,hyperclovax,1001929136,2,나다,0.4500093680654077
convenience_meals,hyperclovax,5063596,1,나란히,0.1754456873056454
convenience_meals,hyperclovax,5066426,1,나란히,0.39040700280113366
convenience_meals,hyperclovax,5066426,2,나란히,0.3677667519438594
convenience_meals,hyperclovax,1000832403,2,나무,0.3962095729493373
convenience_meals,hyperclovax,1001946226,1,나물,0.4406745021608836
convenience_meals,hyperclovax,1001946226,2,나물,0.34623677136107983
convenience_meals,hyperclovax,1000170826,2,나오다,0.16907324264249982
convenience_meals,hyperclovax,1002361676,1,나오다,0.4313224729843185
convenience_meals,hyperclovax,1002361676,1,난,0.47004402607419427
convenience_meals,hyperclovax,1000572062,1,냄비,0.5075331039313223
convenience_meals,hyperclovax,1000572062,2,냄비,0.47125466492348816
convenience_meals,hyperclovax,1001207466,1,냄비,0.3039297265674858
convenience_meals,hyperclovax,1001207466,2,냄비,0.4085996509449137
convenience_meals,hyperclovax,1001706193,1,냄비,0.513269879196148
convenience_meals,hyperclovax,1002361676,2,냄비,0.3969004073521558
convenience_meals,hyperclovax,1000185462,1,냉동,0.4747944743045537
convenience_meals,hyperclovax,5082274,1,냉동식품,0.7071067811865476
convenience_meals,hyperclovax,5082274,2,냉동식품,0.7071067811865476
convenience_meals,hyperclovax,1001931649,2,너겟,0.5298473009707348
convenience_meals,hyperclovax,1002382999,2,넣다,0.507929965886313
convenience_meals,hyperclovax,1000170826,2,노란색,0.18425162761224617
convenience_meals,hyperclovax,5037794,1,노릇노릇,0.6512136758532594
convenience_meals,hyperclovax,1000127954,1,다양,0.32273084753332254
convenience_meals,hyperclovax,1001191650,1,다양,0.2837485459249044
convenience_meals,hyperclovax,1001191650,2,다양,0.28525183180548447
convenience_meals,hyperclovax,1001207466,2,다양,0.33141146393966886
convenience_meals,hyperclovax,1001861172,2,다양,0.2705261833959133
convenience_meals,hyperclovax,1001866269,1,다양,0.6025386230780473
convenience_meals,hyperclovax,1001866269,2,다양,0.3375165794967775
convenience_meals,hyperclovax,5009669,1,다양,0.3468406881025345
convenience_meals,hyperclovax,5009669,2,다양,0.4836801920806496
convenience_meals,hyperclovax,5063596,1,다양,0.12347101349661113
convenience_meals,hyperclovax,5063596,2,다양,0.37008417060375187
convenience_meals,hyperclovax,5066426,1,다양,0.27475140057477604
convenience_meals,hyperclovax,5066426,2,다양,0.25881818065871587
convenience_meals,hyperclovax,5072582,1,달걀,0.7534148737377048
convenience_meals,hyperclovax,5063596,1,달리다,0.2042030017515889
convenience_meals,hyperclovax,1000308975,1,닭,0.5252973153418026
convenience_meals,hyperclovax,1001207466,1,닭,0.35028407978291404
convenience_meals,hyperclovax,1001529704,2,닭,0.35137437037820085
convenience_meals,hyperclovax,1001207466,1,닭갈비,0.4076991669384995
convenience_meals,hyperclovax,1002309661,1,닭고기,0.5770854806889676
convenience_meals,hyperclovax,1002309661,2,닭고기,0.5770854806889676
convenience_meals,hyperclovax,5049405,2,닭고기,0.8227466382003744
convenience_meals,hyperclovax,5050290,1,닭고기,0.44940895301546263
convenience_meals,hyperclovax,5050290,2,닭고기,0.44940895301546263
convenience_meals,hyperclovax,1000169817,1,담기다,0.13033377692610096
convenience_meals,hyperclovax,1000170826,2,담기다,0.05393313363728368
convenience_meals,hyperclovax,1000202889,1,담기다,0.07485162816183524
convenience_meals,hyperclovax,1000308975,2,담기다,0.167927670872527
convenience_meals,hyperclovax,1000572062,1,담기다,0.1992853348445629
convenience_meals,hyperclovax,1000572062,2,담기다,0.18504042981410682
convenience_meals,hyperclovax,1000619042,1,담기다,0.08733172240932238
convenience_meals,hyperclovax,1000765126,1,담기다,0.1661775661296631
convenience_meals,hyperclovax,1000811962,1,담기다,0.19265938039966654
convenience_meals,hyperclovax,1000811962,2,담기다,0.19265938039966654
convenience_meals,hyperclovax,1000832403,2,담기다,0.11597630980616336
convenience_meals,hyperclovax,1000942597,1,담기다,0.12400535469844602
convenience_meals,hyperclovax,1000942597,2,담기다,0.17846408148052875
convenience_meals,hyperclovax,1001150374,1,담기다,0.14109169107354302
convenience_meals,hyperclovax,1001150374,2,담기다,0.23420627420236598
convenience_meals,hyperclovax,1001191650,1,담기다,0.1373646788284546
convenience_meals,hyperclovax,1001207466,1,담기다,0.2386789624521273
convenience_meals,hyperclovax,1001207466,2,담기다,0.16043863469238295
convenience_meals,hyperclovax,1001401863,1,담기다,0.19638538866817465
convenience_meals,hyperclovax,1001401863,2,담기다,0.15291824333929954
convenience_meals,hyperclovax,1001422945,1,담기다,0.15288140537849698
convenience_meals,hyperclovax,1001502057,1,담기다,0.27823076465806706
convenience_meals,hyperclovax,1001529704,1,담기다,0.23420627420236598
convenience_meals,hyperclovax,1001529704,2,담기다,0.1197109360581183
convenience_meals,hyperclovax,1001706193,1,담기다,0.20153790747622613
convenience_meals,hyperclovax,1001706193,2,담기다,0.18638733984027078
convenience_meals,hyperclovax,1001837821,1,담기다,0.12598174800477394
convenience_meals,hyperclovax,1001837821,2,담기다,0.1320156952374144
convenience_meals,hyperclovax,1001861172,1,담기다,0.24472563536001996
convenience_meals,hyperclovax,1001861172,2,담기다,0.13096363956945892
convenience_meals,hyperclovax,1001866269,1,담기다,0.2916932108711497
convenience_meals,hyperclovax,1001866269,2,담기다,0.16339416433211817
convenience_meals,hyperclovax,1001929136,1,담기다,0.1410365128069996
convenience_meals,hyperclovax,1001929136,2,담기다,0.15331523078376005
convenience_meals,hyperclovax,1001931649,1,담기다,0.21674474855856404
convenience_meals,hyperclovax,1001931649,2,담기다,0.15509401822352967
convenience_meals,hyperclovax,1001946226,2,담기다,0.11044700963974283
convenience_meals,hyperclovax,1002066864,1,담기다,0.19416744817277537
convenience_meals,hyperclovax,1002066864,2,담기다,0.1366268432892176
convenience_meals,hyperclovax,1002309661,1,담기다,0.21745951481020162
convenience_meals,hyperclovax,1002309661,2,담기다,0.21745951481020162
convenience_meals,hyperclovax,1002361676,2,담기다,0.1558448699531939
convenience_meals,hyperclovax,1002382999,1,담기다,0.15800931813341532
convenience_meals,hyperclovax,1002382999,2,담기다,0.14867849518365242
convenience_meals,hyperclovax,5009669,1,담기다,0.1679080312836352
convenience_meals,hyperclovax,5009669,2,담기다,0.23415300340755765
convenience_meals,hyperclovax,5037794,2,담기다,0.24361335151304192
convenience_meals,hyperclovax,5049405,1,담기다,0.5454362399943969
convenience_meals,hyperclovax,5049405,2,담기다,0.31003047337315953
convenience_meals,hyperclovax,5050290,1,담기다,0.16934796688599396
convenience_meals,hyperclovax,5050290,2,담기다,0.16934796688599396
convenience_meals,hyperclovax,5060255,1,담기다,0.11798961043966202
convenience_meals,hyperclovax,5060255,2,담기다,0.2809267147101686
convenience_meals,hyperclovax,5063596,2,담기다,0.17916036562856444
convenience_meals,hyperclovax,5072582,1,담기다,0.11026775067389452
convenience_meals,hyperclovax,5072582,2,담기다,0.19035841649192775
convenience_meals,hyperclovax,5073094,1,담기다,0.31003047337315953
convenience_meals,hyperclovax,5088325,1,담기다,0.31003047337315953
convenience_meals,hyperclovax,5088325,2,담기다,0.4697864891577633
convenience_meals,hyperclovax,5090388,1,담기다,0.10244099143889608
convenience_meals,hyperclovax,5090388,2,담기다,0.25713650341076116
convenience_meals,hyperclovax,5135831,1,담기다,0.10282184253898943
convenience_meals,hyperclovax,5156742,1,담기다,0.24472563536001996
convenience_meals,hyperclovax,5156742,2,담기다,0.25713650341076116
convenience_meals,hyperclovax,5135831,2,도시락,0.589258102402216
convenience_meals,hyperclovax,1000202889,1,동일,0.25571542738452663
convenience_meals,hyperclovax,1002382999,1,두부,0.4953383195609245
convenience_meals,hyperclovax,1002382999,2,두부,0.466087423381792
convenience_meals,hyperclovax,1000169817,2,들다,0.45771448516994967
convenience_meals,hyperclovax,1000832403,2,들다,0.3404125318771512
convenience_meals,hyperclovax,5009669,1,들다,0.49284201357416024
convenience_meals,hyperclovax,1000619042,2,들어가다,0.5523596531131748
convenience_meals,hyperclovax,1000942597,1,들어가다,0.3158126142262093
convenience_meals,hyperclovax,1001207466,2,들어가다,0.4085996509449137
convenience_meals,hyperclovax,1001401863,1,들어가다,0.5001476197697101
convenience_meals,hyperclovax,1001861172,2,들어가다,0.33353373716472384
convenience_meals,hyperclovax,1002382999,1,들어가다,0.402412750265211
convenience_meals,hyperclovax,1001422945,1,떡볶이,0.4792629911126897
convenience_meals,hyperclovax,1001422945,2,떡볶이,0.6911916350469473
convenience_meals,hyperclovax,1000202889,1,뚜껑,0.23464995702833644
convenience_meals,hyperclovax,5063596,1,뚜껑,0.18738105117926512
convenience_meals,hyperclovax,1001706193,2,뚝배기,0.6367545962162708
convenience_meals,hyperclovax,1000832403,2,뜨다,0.3962095729493373
convenience_meals,hyperclovax,1000127954,2,랩,0.5545350106050758
convenience_meals,hyperclovax,1001150374,1,랩,0.8282619073748319
convenience_meals,hyperclovax,1001150374,2,랩,0.6874399686969932
convenience_meals,hyperclovax,1000619042,1,만두,0.4635149586346359
convenience_meals,hyperclovax,1000619042,2,만두,0.5755653588377891
convenience_meals,hyperclovax,1000765126,1,만두,0.8819909371485499
convenience_meals,hyperclovax,1000765126,2,만두,1.0
convenience_meals,hyperclovax,5090388,1,만두,0.2718538613422695
convenience_meals,hyperclovax,1001207695,2,만들다,0.4711763543605593
convenience_meals,hyperclovax,1000127954,1,맛,0.43438504512224185
convenience_meals,hyperclovax,1000185462,2,맛,0.3355803869466702
convenience_meals,hyperclovax,1001191650,2,맛,0.38393952972603174
convenience_meals,hyperclovax,5063596,1,맛,0.16618789985198595
convenience_meals,hyperclovax,5050290,1,매콤하다,0.5308834841470511
convenience_meals,hyperclovax,5050290,2,매콤하다,0.5308834841470511
convenience_meals,hyperclovax,1001861172,2,면,0.3844031958267822
convenience_meals,hyperclovax,1002066864,1,면,0.5699183975683575
convenience_meals,hyperclovax,5060255,1,면,0.34632195223398626
convenience_meals,hyperclovax,1000202889,1,명,0.4692999140566729
convenience_meals,hyperclovax,5063596,1,명,0.37476210235853025
convenience_meals,hyperclovax,1000029142,2,모습,0.38677745191731433
convenience_meals,hyperclovax,1001191650,2,모습,0.35168909826346856
convenience_meals,hyperclovax,1001946226,1,모습,0.3580038761053346
convenience_meals,hyperclovax,5072582,2,모습,0.2423991661427449
convenience_meals,hyperclovax,5090388,1,모습,0.2608932282716008
convenience_meals,hyperclovax,5136646,2,모습,0.5773502691896257
convenience_meals,hyperclovax,1000029142,2,모양,0.5188332405592143
convenience_meals,hyperclovax,1001946226,2,무침,0.37731983881908515
convenience_meals,hyperclovax,1001422945,1,미미네,0.5222883573218309
convenience_meals,hyperclovax,5135831,1,박스,0.35126999979845885
convenience_meals,hyperclovax,1000170826,2,반,0.33814648528499963
convenience_meals,hyperclovax,1000185462,2,반,0.37837535534907457
convenience_meals,hyperclovax,1001502057,1,반찬,0.4361083290654762
convenience_meals,hyperclovax,1001946226,1,반찬,0.4406745021608836
convenience_meals,hyperclovax,1000169817,2,밥,0.3826904730176039
convenience_meals,hyperclovax,1000202889,1,밥,0.18369210852145365
convenience_meals,hyperclovax,1000832403,2,밥,0.5692309816099304
convenience_meals,hyperclovax,1001401863,2,밥,0.37527406203723584
convenience_meals,hyperclovax,1001502057,2,밥,0.4249874599301276
convenience_meals,hyperclovax,1001946226,1,밥,0.34497525377257676
convenience_meals,hyperclovax,1001946226,2,밥,0.2710461292404871
convenience_meals,hyperclovax,1000170826,2,배경,0.18425162761224617
convenience_meals,hyperclovax,5066426,1,배열,0.41696593228409784
convenience_meals,hyperclovax,5066426,2,배열,0.3927854917742797
convenience_meals,hyperclovax,1000127954,1,버루카,0.5337496304421899
convenience_meals,hyperclovax,1000942597,2,버무리다,0.43796566925203756
convenience_meals,hyperclovax,1001422945,2,버무리다,0.5410887367809418
convenience_meals,hyperclovax,1002309661,1,버무리다,0.5336636994344681
convenience_meals,hyperclovax,1002309661,2,버무리다,0.5336636994344681
convenience_meals,hyperclovax,5050290,1,버무리다,0.41559396735969184
convenience_meals,hyperclovax,5050290,2,버무리다,0.41559396735969184
convenience_meals,hyperclovax,5060255,1,버무리다,0.2895562976723235
convenience_meals,hyperclovax,1000942597,1,버섯,0.4236391786444938
convenience_meals,hyperclovax,1001207695,1,보,0.5798494255456877
convenience_meals,hyperclovax,1001207695,2,보,0.4323615216895731
convenience_meals,hyperclovax,1001207466,2,보이다,0.4257657187515806
convenience_meals,hyperclovax,1001706193,1,보이다,0.5348333473220389
convenience_meals,hyperclovax,5090388,1,보이다,0.2718538613422695
convenience_meals,hyperclovax,5090388,2,보이다,0.6823787076090639
convenience_meals,hyperclovax,5156742,2,보이다,0.6823787076090639
convenience_meals,hyperclovax,1001401863,1,볶음밥,0.5764284748492575
convenience_meals,hyperclovax,1001401863,2,볶음밥,0.44884413439554777
convenience_meals,hyperclovax,1001502057,1,볶음밥,0.4083301115618659
convenience_meals,hyperclovax,1000029142,1,봉지,0.38960767697826976
convenience_meals,hyperclovax,1000942597,1,붉다,0.38874039036748914
convenience_meals,hyperclovax,1001861172,2,붉다,0.4105536933786666
convenience_meals,hyperclovax,1000185462,2,브랜드,0.3203062015905167
convenience_meals,hyperclovax,1000202889,1,브랜드,0.19863829759679993
convenience_meals,hyperclovax,1000832403,1,브랜드,0.4426364972110761
convenience_meals,hyperclovax,5063596,1,브랜드,0.1586237367333216
convenience_meals,hyperclovax,5066426,1,브랜드,0.35297429410896386
convenience_meals,hyperclovax,1000029142,1,비닐,0.38960767697826976
convenience_meals,hyperclovax,5082274,1,비비고_왕교자,0.7071067811865476
convenience_meals,hyperclovax,5082274,2,비비고_왕교자,0.7071067811865476
convenience_meals,hyperclovax,1002066864,1,빨간색,0.6086892762243743
convenience_meals,hyperclovax,5063596,1,빨간색,0.18738105117926512
convenience_meals,hyperclovax,5072582,2,빵,0.3251604876531889
convenience_meals,hyperclovax,1001929136,1,뿌리다,0.41396899497834827
convenience_meals,hyperclovax,1001929136,2,뿌리다,0.4500093680654077
convenience_meals,hyperclovax,1001946226,2,뿌리다,0.3241829840297861
convenience_meals,hyperclovax,1000029142,2,삼각,0.5188332405592143
convenience_meals,hyperclovax,5135831,1,상단,0.35126999979845885
convenience_meals,hyperclovax,1000169817,1,상온,0.4085791572753484
convenience_meals,hyperclovax,1000169817,2,상온,0.4888522635595248
convenience_meals,hyperclovax,1000165839,1,상자,0.2975905759264883
convenience_meals,hyperclovax,1000169817,1,상자,0.34587463497770654
convenience_meals,hyperclovax,1000202889,1,상자,0.39727659519359987
convenience_meals,hyperclovax,1001207466,1,상자,0.3166984068212596
convenience_meals,hyperclovax,1001485256,1,상자,0.42984836096104273
convenience_meals,hyperclovax,1000832403,1,상품,0.4895778278778065
convenience_meals,hyperclovax,1001485256,2,상품,0.366126205559793
convenience_meals,hyperclovax,5135831,1,상품,0.30180166802574926
convenience_meals,hyperclovax,1000619042,1,새우,0.48561822531626625
convenience_meals,hyperclovax,1000619042,2,새우,0.6030118832316823
convenience_meals,hyperclovax,1001502057,1,새우,0.38678365213147126
convenience_meals,hyperclovax,1001502057,2,새우,0.4814817429106596
convenience_meals,hyperclovax,5060255,1,색,0.4030876067956491
convenience_meals,hyperclovax,1000029142,1,샌드위치,0.5808859293080736
convenience_meals,hyperclovax,1000029142,2,샌드위치,0.38677745191731433
convenience_meals,hyperclovax,1002347378,1,샌드위치,0.8424123493950852
convenience_meals,hyperclovax,1002347378,2,샌드위치,1.0
convenience_meals,hyperclovax,5136646,1,샌드위치,0.7071067811865476
convenience_meals,hyperclovax,5136646,2,샌드위치,0.5773502691896257
convenience_meals,hyperclovax,5009669,1,샐러드,0.42762245580614017
convenience_meals,hyperclovax,5009669,2,샐러드,0.5963328947760832
convenience_meals,hyperclovax,5066426,1,샐러드,0.33874303874990996
convenience_meals,hyperclovax,5066426,2,샐러드,0.3190988537879924
convenience_meals,hyperclovax,5072582,1,샐러드,0.5616523042871936
convenience_meals,hyperclovax,5072582,2,샐러드,0.2423991661427449
convenience_meals,hyperclovax,1001401863,2,섞이다,0.5224142067538597
convenience_meals,hyperclovax,1000572062,2,소고기,0.5431288624197017
convenience_meals,hyperclovax,1001837821,1,소고기,0.36978039636104415
convenience_meals,hyperclovax,1001837821,2,소고기,0.3874911793486153
convenience_meals,hyperclovax,1000942597,1,소스,0.2694206451394428
convenience_meals,hyperclovax,1000942597,2,소스,0.3877405784905567
convenience_meals,hyperclovax,1001422945,2,소스,0.47903768387250334
convenience_meals,hyperclovax,1001837821,1,소스,0.2737146626109868
convenience_meals,hyperclovax,1001837821,2,소스,0.2868243380770877
convenience_meals,hyperclovax,1001929136,1,소스,0.30642344728646864
convenience_meals,hyperclovax,1001929136,2,소스,0.3331008446200656
convenience_meals,hyperclovax,1002066864,1,소스,0.421858550213429
convenience_meals,hyperclovax,1002309661,1,소스,0.47246413603951354
convenience_meals,hyperclovax,1002309661,2,소스,0.47246413603951354
convenience_meals,hyperclovax,5060255,1,소스,0.2563505184248599
convenience_meals,hyperclovax,1000170826,1,소시지,0.510175589893032
convenience_meals,hyperclovax,1000832403,2,숟가락,0.3962095729493373
convenience_meals,hyperclovax,1000127954,1,스낵,0.5337496304421899
convenience_meals,hyperclovax,5072582,2,스크램블,0.3251604876531889
convenience_meals,hyperclovax,1001946226,1,시금치,0.4406745021608836
convenience_meals,hyperclovax,1001946226,2,시금치,0.34623677136107983
convenience_meals,hyperclovax,1002361676,1,식,0.4313224729843185
convenience_meals,hyperclovax,1002361676,2,식,0.4885530607101629
convenience_meals,hyperclovax,1001502057,1,식탁,0.4752595277034842
convenience_meals,hyperclovax,1001191650,1,쌀,0.4692786037761355
convenience_meals,hyperclovax,1000202889,2,쌀밥,0.40256324399546
convenience_meals,hyperclovax,1001485256,2,쌀밥,0.39103334094814307
convenience_meals,hyperclovax,5063596,1,아래,0.2042030017515889
convenience_meals,hyperclovax,1000170826,2,안,0.18425162761224617
convenience_meals,hyperclovax,1000308975,2,양념,0.4928996595036682
convenience_meals,hyperclovax,5050290,1,양념,0.4970684984912804
convenience_meals,hyperclovax,5050290,2,양념,0.4970684984912804
convenience_meals,hyperclovax,1001946226,2,양념장,0.37731983881908515
convenience_meals,hyperclovax,5073094,2,얹다,0.5265107372813851
convenience_meals,hyperclovax,5072582,2,에그,0.3251604876531889
convenience_meals,hyperclovax,1001422945,1,엣날떡볶이,0.5222883573218309
convenience_meals,hyperclovax,1000127954,2,여러개,0.5252737198738252
convenience_meals,hyperclovax,1001150374,1,여러개,0.3922783997369718
convenience_meals,hyperclovax,5063596,1,여러개,0.16618789985198595
convenience_meals,hyperclovax,5066426,2,여러개,0.3483607096848236
convenience_meals,hyperclovax,1000202889,2,연제,0.40256324399546
convenience_meals,hyperclovax,1001485256,2,연제,0.39103334094814307
convenience_meals,hyperclovax,1000029142,1,옆,0.3170770314238331
convenience_meals,hyperclovax,1000202889,1,옆,0.2081106030384631
convenience_meals,hyperclovax,1000308975,1,옆,0.24878940877713884
convenience_meals,hyperclovax,5072582,2,옆,0.2646275426629991
convenience_meals,hyperclovax,1000170826,2,오른쪽,0.18425162761224617
convenience_meals,hyperclovax,1001502057,2,올리다,0.508303525017867
convenience_meals,hyperclovax,1001946226,1,올리다,0.412605439147225
convenience_meals,hyperclovax,5072582,2,올리다,0.27936908248954595
convenience_meals,hyperclovax,1001529704,2,옷,0.40896816713883627
convenience_meals,hyperclovax,1000170826,2,왼쪽,0.18425162761224617
convenience_meals,hyperclovax,1000572062,2,요리,0.28434499542329106
convenience_meals,hyperclovax,1000811962,1,요리,0.2960527636745735
convenience_meals,hyperclovax,1000811962,2,요리,0.2960527636745735
convenience_meals,hyperclovax,1001207466,2,요리,0.24654029875068303
convenience_meals,hyperclovax,1001502057,2,요리,0.26611283895121024
convenience_meals,hyperclovax,1001529704,2,요리,0.18395550420932122
convenience_meals,hyperclovax,1001706193,1,요리,0.3096960779680287
convenience_meals,hyperclovax,1001706193,2,요리,0.28641474377833936
convenience_meals,hyperclovax,1001861172,1,요리,0.37606111127343395
convenience_meals,hyperclovax,1001866269,2,요리,0.251081955202347
convenience_meals,hyperclovax,1001929136,1,요리,0.21672575354970303
convenience_meals,hyperclovax,1001929136,2,요리,0.23559401931418117
convenience_meals,hyperclovax,1002066864,1,요리,0.29837015736239314
convenience_meals,hyperclovax,1002309661,1,요리,0.33416224122250665
convenience_meals,hyperclovax,1002309661,2,요리,0.33416224122250665
convenience_meals,hyperclovax,1002361676,2,요리,0.23948122514686246
convenience_meals,hyperclovax,1002382999,1,요리,0.24280725507727977
convenience_meals,hyperclovax,1002382999,2,요리,0.2284689139287466
convenience_meals,hyperclovax,5049405,1,요리,0.8381523179594356
convenience_meals,hyperclovax,5049405,2,요리,0.4764127148911926
convenience_meals,hyperclovax,5050290,1,요리,0.2602309501632522
convenience_meals,hyperclovax,5050290,2,요리,0.2602309501632522
convenience_meals,hyperclovax,5073094,1,요리,0.4764127148911926
convenience_meals,hyperclovax,5088325,1,요리,0.4764127148911926
convenience_meals,hyperclovax,5088325,2,요리,0.3609520288179324
convenience_meals,hyperclovax,5090388,1,요리,0.15741739938192495
convenience_meals,hyperclovax,5090388,2,요리,0.39513244731946623
convenience_meals,hyperclovax,5156742,1,요리,0.37606111127343395
convenience_meals,hyperclovax,5156742,2,요리,0.39513244731946623
convenience_meals,hyperclovax,5009669,1,용기,0.49284201357416024
convenience_meals,hyperclovax,5066426,2,용기,0.3677667519438594
convenience_meals,hyperclovax,5135831,1,용기,0.30180166802574926
convenience_meals,hyperclovax,1001207695,2,우리,0.4711763543605593
convenience_meals,hyperclovax,1001207695,1,우수,0.6319048405117835
convenience_meals,hyperclovax,5072582,2,우유,0.3251604876531889
convenience_meals,hyperclovax,1000572062,1,육개장,0.6808179838261574
convenience_meals,hyperclovax,1000308975,2,윤기,0.4928996595036682
convenience_meals,hyperclovax,1001929136,1,윤기,0.41396899497834827
convenience_meals,hyperclovax,1001929136,2,윤기,0.4500093680654077
convenience_meals,hyperclovax,1001837821,1,으깨다,0.3949361220541566
convenience_meals,hyperclovax,1001837821,2,으깨다,0.41385174878961156
convenience_meals,hyperclovax,1001861172,2,음식,0.364119294078476
convenience_meals,hyperclovax,1002066864,2,음식,0.37986474638447626
convenience_meals,hyperclovax,5060255,1,음식,0.3280474932059161
convenience_meals,hyperclovax,5073094,2,음식,0.42849376810217865
convenience_meals,hyperclovax,1002066864,2,이름,0.42830708822281033
convenience_meals,hyperclovax,5063596,1,이름,0.18738105117926512
convenience_meals,hyperclovax,1002361676,1,인도,0.4313224729843185
convenience_meals,hyperclovax,1002361676,2,인도,0.4885530607101629
convenience_meals,hyperclovax,1001529704,2,입히다,0.40896816713883627
convenience_meals,hyperclovax,1000165839,1,작다,0.3515415541615743
convenience_meals,hyperclovax,1001502057,1,작다,0.4361083290654762
convenience_meals,hyperclovax,1000170826,2,잘리다,0.36850325522449234
convenience_meals,hyperclovax,1001207466,1,재료,0.3039297265674858
convenience_meals,hyperclovax,1001207466,2,재료,0.4085996509449137
convenience_meals,hyperclovax,1001866269,1,재료,0.742874335558101
convenience_meals,hyperclovax,1001866269,2,재료,0.41612669317803047
convenience_meals,hyperclovax,5009669,1,재료,0.42762245580614017
convenience_meals,hyperclovax,5066426,2,재료,0.3190988537879924
convenience_meals,hyperclovax,1000202889,1,적히다,0.23464995702833644
convenience_meals,hyperclovax,5063596,1,적히다,0.37476210235853025
convenience_meals,hyperclovax,5037794,1,전,0.5975676267097161
convenience_meals,hyperclovax,5037794,2,전,0.7636956452099002
convenience_meals,hyperclovax,1001866269,2,전골,0.5582030690633508
convenience_meals,hyperclovax,1000170826,2,전체,0.18425162761224617
convenience_meals,hyperclovax,5090388,1,제공,0.34996889915146057
convenience_meals,hyperclovax,1000169817,1,제품,0.2910414666747347
convenience_meals,hyperclovax,1000169817,2,제품,0.34822206967778746
convenience_meals,hyperclovax,1000185462,1,제품,0.3103472254115799
convenience_meals,hyperclovax,1000185462,2,제품,0.2695265199251338
convenience_meals,hyperclovax,1000202889,1,제품,0.16714721353900777
convenience_meals,hyperclovax,1000202889,2,제품,0.28675617655851177
convenience_meals,hyperclovax,1001191650,1,제품,0.30674180199815143
convenience_meals,hyperclovax,1001191650,2,제품,0.30836690502176145
convenience_meals,hyperclovax,1002347378,1,제품,0.36932064459453956
convenience_meals,hyperclovax,5063596,1,제품,0.4004290600084209
convenience_meals,hyperclovax,1001191650,2,젤리,0.4717648188043587
convenience_meals,hyperclovax,1000029142,2,조각,0.40302672660550437
convenience_meals,hyperclovax,1000308975,1,조각,0.23746557790941367
convenience_meals,hyperclovax,1001837821,1,조각,0.3343253923325717
convenience_meals,hyperclovax,1001837821,2,조각,0.3503380434333496
convenience_meals,hyperclovax,5072582,2,조각,0.25258282761348577
convenience_meals,hyperclovax,1001207466,1,조리,0.35028407978291404
convenience_meals,hyperclovax,1001837821,1,조리,0.36978039636104415
convenience_meals,hyperclovax,1001837821,2,조리,0.3874911793486153
convenience_meals,hyperclovax,1000185462,1,종류,0.3864051746016389
convenience_meals,hyperclovax,1001191650,1,종류,0.38191615665816914
convenience_meals,hyperclovax,5063596,2,종류,0.4981210515680239
convenience_meals,hyperclovax,5135831,1,종류,0.28587642222090487
convenience_meals,hyperclovax,1001931649,2,종이,0.5298473009707348
convenience_meals,hyperclovax,1000185462,1,주먹밥,0.3864051746016389
convenience_meals,hyperclovax,1000185462,2,주먹밥,0.3355803869466702
convenience_meals,hyperclovax,1001207695,1,주먹밥,0.5142673587076215
convenience_meals,hyperclovax,1001207695,2,주먹밥,0.38346061575702184
convenience_meals,hyperclovax,1000170826,2,중,0.18425162761224617
convenience_meals,hyperclovax,1000165839,2,즉석밥,0.6128709565769097
convenience_meals,hyperclovax,5060255,1,짙다,0.4030876067956491
convenience_meals,hyperclovax,5060255,2,짜장면,0.9597292227301154
convenience_meals,hyperclovax,1002066864,2,짬뽕,0.4667579380953896
convenience_meals,hyperclovax,1001946226,2,참기름,0.37731983881908515
convenience_meals,hyperclovax,1001502057,2,채소,0.508303525017867
convenience_meals,hyperclovax,1001861172,2,채소,0.3844031958267822
convenience_meals,hyperclovax,5090388,1,채소,0.3006837975962826
convenience_meals,hyperclovax,1000170826,1,치즈,0.46814805610179616
convenience_meals,hyperclovax,1000170826,2,치즈,0.16907324264249982
convenience_meals,hyperclovax,1000308975,2,치킨,0.4928996595036682
convenience_meals,hyperclovax,1001529704,1,치킨,0.6874399686969932
convenience_meals,hyperclovax,1001931649,2,치킨,0.4552304475863485
convenience_meals,hyperclovax,1001931649,1,치킨너겟,0.7404645346013277
convenience_meals,hyperclovax,1002361676,2,카레,0.5324124338298141
convenience_meals,hyperclovax,1002361676,1,커리,0.47004402607419427
convenience_meals,hyperclovax,5072582,2,컵,0.3251604876531889
convenience_meals,hyperclovax,1000170826,2,콘도그,0.5527548828367385
convenience_meals,hyperclovax,1000170826,2,콘도그와,0.18425162761224617
convenience_meals,hyperclovax,1000202889,2,퀴,0.40256324399546
convenience_meals,hyperclovax,1001485256,2,퀴,0.39103334094814307
convenience_meals,hyperclovax,1000165839,1,크다,0.38310085330632293
convenience_meals,hyperclovax,1000170826,1,크리미,0.510175589893032
convenience_meals,hyperclovax,1000942597,1,크림,0.38874039036748914
convenience_meals,hyperclovax,1000942597,2,크림,0.559461298022363
convenience_meals,hyperclovax,5066426,1,테스티,0.4543986409762676
convenience_meals,hyperclovax,1000127954,2,토르티야,0.6454288816152733
convenience_meals,hyperclovax,1000619042,1,통,0.596702283398378
convenience_meals,hyperclovax,1001529704,1,튀기다,0.6874399686969932
convenience_meals,hyperclovax,1001931649,1,튀기다,0.636187069162777
convenience_meals,hyperclovax,1001931649,2,튀기다,0.4552304475863485
convenience_meals,hyperclovax,1001529704,2,튀김,0.7027487407564017
convenience_meals,hyperclovax,1001929136,1,튀김,0.41396899497834827
convenience_meals,hyperclovax,1001929136,2,튀김,0.4500093680654077
convenience_meals,hyperclovax,1002382999,1,파,0.46378740740998886
convenience_meals,hyperclovax,1002382999,2,파,0.4363996670159811
convenience_meals,hyperclovax,5073094,2,파,0.4523637624509892
convenience_meals,hyperclovax,1000942597,1,파스타,0.38874039036748914
convenience_meals,hyperclovax,1000942597,2,파스타,0.559461298022363
convenience_meals,hyperclovax,1001191650,1,패키지,0.4692786037761355
convenience_meals,hyperclovax,1001422945,1,팩,0.44873600797277274
convenience_meals,hyperclovax,5066426,1,팩,0.39040700280113366
convenience_meals,hyperclovax,5072582,1,팩,0.32365682486393504
convenience_meals,hyperclovax,1000029142,1,포장,0.270549717798778
convenience_meals,hyperclovax,1000127954,1,포장,0.3706441644356785
convenience_meals,hyperclovax,1000308975,1,포장,0.21228249814792607
convenience_meals,hyperclovax,1001191650,2,포장,0.32760093328969425
convenience_meals,hyperclovax,1001207466,1,포장,0.2831127338596052
convenience_meals,hyperclovax,1002347378,1,포장,0.3923565917159119
convenience_meals,hyperclovax,5135831,1,포장,0.2439274299052132
convenience_meals,hyperclovax,5135831,2,포장,0.4091901231311076
convenience_meals,hyperclovax,1000169817,1,포장재,0.4452589514451025
convenience_meals,hyperclovax,1000169817,1,포장지,0.34587463497770654
convenience_meals,hyperclovax,1000202889,1,포장지,0.19863829759679993
convenience_meals,hyperclovax,1000619042,1,포장지,0.23175747931731794
convenience_meals,hyperclovax,1000765126,1,포장지,0.44099546857427496
convenience_meals,hyperclovax,1001150374,1,포장지,0.37442356309614633
convenience_meals,hyperclovax,1000308975,1,포크,0.3056994168741687
convenience_meals,hyperclovax,1002066864,2,퓨전,0.4667579380953896
convenience_meals,hyperclovax,1000811962,1,프라이팬,0.6039616831599893
convenience_meals,hyperclovax,1000811962,2,프라이팬,0.6039616831599893
convenience_meals,hyperclovax,1002066864,2,피자,0.4667579380953896
convenience_meals,hyperclovax,1001866269,2,한국식,0.5582030690633508
convenience_meals,hyperclovax,1000202889,1,한반,0.25571542738452663
convenience_meals,hyperclovax,5135831,1,한식,0.32233288073819083
convenience_meals,hyperclovax,5135831,2,한식,0.5407158645902087
convenience_meals,hyperclovax,1001207695,2,한우,0.4711763543605593
convenience_meals,hyperclovax,5063596,1,함께,0.18738105117926512
convenience_meals,hyperclovax,5090388,1,함께,0.6422779257948951
convenience_meals,hyperclovax,1000170826,1,핫도그,0.510175589893032
convenience_meals,hyperclovax,1000185462,2,해,0.4123436327464419
convenience_meals,hyperclovax,5135831,1,해당,0.35126999979845885
convenience_meals,hyperclovax,1000811962,1,해산물,0.5356524743764265
convenience_meals,hyperclovax,1000811962,2,해산물,0.5356524743764265
convenience_meals,hyperclovax,1001706193,1,해산물,0.5603375168981634
convenience_meals,hyperclovax,1001706193,2,해산물,0.5182142679519058
convenience_meals,hyperclovax,1000202889,2,햇반,0.3769217035675863
convenience_meals,hyperclovax,1000832403,1,햇반,0.4895778278778065
convenience_meals,hyperclovax,1001485256,2,햇반,0.366126205559793
convenience_meals,hyperclovax,1000165839,2,햇반_작은공기,0.6128709565769097
convenience_meals,hyperclovax,1000832403,1,현미밥,0.5698245626836445
convenience_meals,hyperclovax,1000202889,1,현제나_홀드큰쌀밥,0.25571542738452663
convenience_meals,hyperclovax,1000169817,1,형태,0.4452589514451025
convenience_meals,hyperclovax,1000170826,2,흐르다,0.18425162761224617
convenience_meals,hyperclovax,1000169817,2,희다,0.5327384973222954
convenience_meals,hyperclovax,1000029142,1,흰색,0.270549717798778
convenience_meals,hyperclovax,1000169817,1,흰색,0.30919484080795245
convenience_meals,hyperclovax,1000202889,1,흰색,0.35514565448121954
convenience_meals,hyperclovax,1000619042,1,흰색,0.2071797399314616
convenience_meals,hyperclovax,1000832403,2,흰색,0.2751341785202972
convenience_meals,hyperclovax,1001401863,2,흰색,0.3627726673856387
convenience_meals,hyperclovax,1001837821,1,흰색,0.2988703883040993
convenience_meals,hyperclovax,5060255,1,흰색,0.2799103937390591
fruits_nuts_rice,hyperclovax,1000048867,1,10kg,0.5416981948209166
fruits_nuts_rice,hyperclovax,1001729429,1,10kg,0.4880761122419905
fruits_nuts_rice,hyperclovax,5048547,1,10kg,0.5286464727938142
fruits_nuts_rice,hyperclovax,5051038,1,10kg,0.5026277030682806
fruits_nuts_rice,hyperclovax,5053663,1,10kg,0.46807863847828
fruits_nuts_rice,hyperclovax,1000102438,2,12개,0.49479756115913437
fruits_nuts_rice,hyperclovax,5094562,2,12개,0.3659058062787876
fruits_nuts_rice,hyperclovax,1000338204,1,1kg,0.6116084044887966
fruits_nuts_rice,hyperclovax,5003716,2,1개,0.3719050474861263
fruits_nuts_rice,hyperclovax,5031442,1,1개,0.2864924118543222
fruits_nuts_rice,hyperclovax,5052626,1,20g,0.098988865353566
fruits_nuts_rice,hyperclovax,1001234463,1,3개,0.3162178846668417
fruits_nuts_rice,hyperclovax,1001303421,1,3개,0.42468763206003673
fruits_nuts_rice,hyperclovax,1002140343,1,3개,0.616418578017526
fruits_nuts_rice,hyperclovax,1002140343,2,3개,0.48798702112982767
fruits_nuts_rice,hyperclovax,5036748,2,3개,0.3405891511795735
fruits_nuts_rice,hyperclovax,5052626,2,3개,0.3279979404270736
fruits_nuts_rice,hyperclovax,5159977,2,3개,0.2617155328896209
fruits_nuts_rice,hyperclovax,1000030900,1,4kg,0.4565076537495925
fruits_nuts_rice,hyperclovax,1000118138,1,4kg,0.43017671790934264
fruits_nuts_rice,hyperclovax,1000867509,1,4kg,0.31452776522581477
fruits_nuts_rice,hyperclovax,1000867509,2,4kg,0.5886883345697017
fruits_nuts_rice,hyperclovax,5051031,1,4kg,0.4983143016965752
fruits_nuts_rice,hyperclovax,5070409,1,4kg,0.5366604409147744
fruits_nuts_rice,hyperclovax,1001303421,2,5개,0.481853948168207
fruits_nuts_rice,hyperclovax,5063690,1,5개,0.5862578681549501
fruits_nuts_rice,hyperclovax,5045631,1,6,0.4082442419355731
fruits_nuts_rice,hyperclovax,5045631,2,6개,0.39535381504832035
fruits_nuts_rice,hyperclovax,1000867509,1,7,0.4219156490871232
fruits_nuts_rice,hyperclovax,1000867511,1,8kg,0.5867705620273802
fruits_nuts_rice,hyperclovax,1000867511,2,8kg,0.6674899725191763
fruits_nuts_rice,hyperclovax,5027321,1,8개,0.42296270312803663
fruits_nuts_rice,hyperclovax,5052626,1,It's_Real_Seven,0.197977730707132
fruits_nuts_rice,hyperclovax,1000973922,1,가공,0.40777547932393654
fruits_nuts_rice,hyperclovax,1000908371,1,갈색,0.3755643645738837
fruits_nuts_rice,hyperclovax,1000908371,2,갈색,0.3450358397746121
fruits_nuts_rice,hyperclovax,1000338204,2,건조,0.7219528634185253
fruits_nuts_rice,hyperclovax,1000102438,1,검은색,0.4428766751761134
fruits_nuts_rice,hyperclovax,1000102438,2,검은색,0.49479756115913437
fruits_nuts_rice,hyperclovax,1000973922,1,견과,0.6079732311572018
fruits_nuts_rice,hyperclovax,1000973922,2,견과,0.8553407530782551
fruits_nuts_rice,hyperclovax,5045631,1,견과,0.6086721332101523
fruits_nuts_rice,hyperclovax,5045631,2,견과,0.2947265696110048
fruits_nuts_rice,hyperclovax,5052626,1,견과,0.2951750822161806
fruits_nuts_rice,hyperclovax,5052626,2,견과,0.34038538342483693
fruits_nuts_rice,hyperclovax,5061259,2,계피,0.5501061657641546
fruits_nuts_rice,hyperclovax,5051031,1,고시하리,0.6684516449565615
fruits_nuts_rice,hyperclovax,1000066062,1,곡물,0.4498220138418153
fruits_nuts_rice,hyperclovax,1000066062,2,곡물,0.5302143683540029
fruits_nuts_rice,hyperclovax,1000908371,1,골판지,0.40928028802413674
fruits_nuts_rice,hyperclovax,5025577,1,과일,0.5328735933421355
fruits_nuts_rice,hyperclovax,5036748,1,과일,0.6203993467322538
fruits_nuts_rice,hyperclovax,5132780,1,과일,0.7233776486144988
fruits_nuts_rice,hyperclovax,5132780,2,과일,0.5605647669911129
fruits_nuts_rice,hyperclovax,5034841,1,귤,0.8121932304142031
fruits_nuts_rice,hyperclovax,5034841,2,귤,0.824964777386581
fruits_nuts_rice,hyperclovax,5068728,2,귤,0.7348065108799571
fruits_nuts_rice,hyperclovax,5162187,1,귤,0.7296116840499223
fruits_nuts_rice,hyperclovax,5162187,2,귤,0.8289673875443554
fruits_nuts_rice,hyperclovax,5159977,2,그대로,0.36433083535661154
fruits_nuts_rice,hyperclovax,5052626,1,그리다,0.098988865353566
fruits_nuts_rice,hyperclovax,5052626,1,그림,0.098988865353566
fruits_nuts_rice,hyperclovax,1001303421,2,껍질,0.4511619322512621
fruits_nuts_rice,hyperclovax,5031442,1,껍질,0.2682440822553972
fruits_nuts_rice,hyperclovax,5159977,2,껍질,0.6260463682462324
fruits_nuts_rice,hyperclovax,5025577,1,나무,0.41641050377552735
fruits_nuts_rice,hyperclovax,5025577,2,나무,0.34705671680838235
fruits_nuts_rice,hyperclovax,5027321,1,나무,0.2689904288628272
fruits_nuts_rice,hyperclovax,5031442,1,나무,0.19855660060530125
fruits_nuts_rice,hyperclovax,5031442,2,나무,0.34532271358703703
fruits_nuts_rice,hyperclovax,5052626,1,나무,0.06295367687784045
fruits_nuts_rice,hyperclovax,5056014,1,나무,0.4383655384311525
fruits_nuts_rice,hyperclovax,5056014,2,나무,0.49927516493042373
fruits_nuts_rice,hyperclovax,5061259,2,나무,0.3498495076625986
fruits_nuts_rice,hyperclovax,5063578,1,나무,0.42476503230471097
fruits_nuts_rice,hyperclovax,5063578,2,나무,0.4603127342815215
fruits_nuts_rice,hyperclovax,5045631,2,날짜,0.39535381504832035
fruits_nuts_rice,hyperclovax,1000032485,1,냉동,0.6641854330749519
fruits_nuts_rice,hyperclovax,1000253378,1,냉동,0.4791273329369978
fruits_nuts_rice,hyperclovax,1000338204,1,냉동,0.5254773728447955
fruits_nuts_rice,hyperclovax,5027321,1,노란색,0.38811964193439324
fruits_nuts_rice,hyperclovax,5159977,1,노란색,0.6692484780744136
fruits_nuts_rice,hyperclovax,1000253378,1,녹색,0.5117218021896827
fruits_nuts_rice,hyperclovax,5048580,2,녹색,0.533134715619808
fruits_nuts_rice,hyperclovax,5003716,1,다발,0.6090748012668253
fruits_nuts_rice,hyperclovax,5003716,2,다발,0.3719050474861263
fruits_nuts_rice,hyperclovax,1000066062,1,다양,0.4498220138418153
fruits_nuts_rice,hyperclovax,5045631,1,다양,0.37461366647699
fruits_nuts_rice,hyperclovax,5049631,2,단면,0.47846800239317383
fruits_nuts_rice,hyperclovax,1000030900,2,담기다,0.44700296691231245
fruits_nuts_rice,hyperclovax,1000032485,2,담기다,0.28254018375504086
fruits_nuts_rice,hyperclovax,1000048867,2,담기다,0.44700296691231245
fruits_nuts_rice,hyperclovax,1000066062,1,담기다,0.19184413936765335
fruits_nuts_rice,hyperclovax,1000066062,2,담기다,0.226130593984242
fruits_nuts_rice,hyperclovax,1000102438,1,담기다,0.1888820288485203
fruits_nuts_rice,hyperclovax,1000102438,2,담기다,0.2110257154181187
fruits_nuts_rice,hyperclovax,1000118138,2,담기다,0.44700296691231245
fruits_nuts_rice,hyperclovax,1000122762,1,담기다,0.255203863187606
fruits_nuts_rice,hyperclovax,1000144509,2,담기다,0.44700296691231245
fruits_nuts_rice,hyperclovax,1000253378,1,담기다,0.21824371799479572
fruits_nuts_rice,hyperclovax,1000253378,2,담기다,0.3060293317658487
fruits_nuts_rice,hyperclovax,1000338204,2,담기다,0.28254018375504086
fruits_nuts_rice,hyperclovax,1000858612,1,담기다,0.18197553845475423
fruits_nuts_rice,hyperclovax,1000908371,1,담기다,0.16017406903561063
fruits_nuts_rice,hyperclovax,1000973922,1,담기다,0.31917030791578
fruits_nuts_rice,hyperclovax,1000973922,2,담기다,0.22451594703707703
fruits_nuts_rice,hyperclovax,1001234463,1,담기다,0.1722757859220615
fruits_nuts_rice,hyperclovax,1001234463,2,담기다,0.30397803562865366
fruits_nuts_rice,hyperclovax,1001729429,2,담기다,0.44700296691231245
fruits_nuts_rice,hyperclovax,5034841,1,담기다,0.20459484885290186
fruits_nuts_rice,hyperclovax,5035954,1,담기다,0.3060293317658487
fruits_nuts_rice,hyperclovax,5035954,2,담기다,0.25818111779312947
fruits_nuts_rice,hyperclovax,5036748,1,담기다,0.2983358430970192
fruits_nuts_rice,hyperclovax,5036748,2,담기다,0.1855532736796575
fruits_nuts_rice,hyperclovax,5048547,2,담기다,0.44700296691231245
fruits_nuts_rice,hyperclovax,5048580,2,담기다,0.22737608995959036
fruits_nuts_rice,hyperclovax,5051038,2,담기다,0.44700296691231245
fruits_nuts_rice,hyperclovax,5053663,2,담기다,0.44700296691231245
fruits_nuts_rice,hyperclovax,5061259,1,담기다,0.5339567622121121
fruits_nuts_rice,hyperclovax,5063578,1,담기다,0.2613878418493732
fruits_nuts_rice,hyperclovax,5063690,2,담기다,0.17208109801656768
fruits_nuts_rice,hyperclovax,5070409,2,담기다,0.44700296691231245
fruits_nuts_rice,hyperclovax,5094562,2,담기다,0.15605480019896667
fruits_nuts_rice,hyperclovax,5121007,2,담기다,0.29005916356319983
fruits_nuts_rice,hyperclovax,5134096,1,담기다,0.3103541421244919
fruits_nuts_rice,hyperclovax,5134096,2,담기다,0.44700296691231245
fruits_nuts_rice,hyperclovax,5162187,1,담기다,0.18379221425346987
fruits_nuts_rice,hyperclovax,5162187,2,담기다,0.20882032871922396
fruits_nuts_rice,hyperclovax,5094562,1,데이츠,0.4685121267022689
fruits_nuts_rice,hyperclovax,5025577,1,도마,0.5328735933421355
fruits_nuts_rice,hyperclovax,5025577,2,도마,0.44412270608548343
fruits_nuts_rice,hyperclovax,5056014,1,도마,0.5609690858977238
fruits_nuts_rice,hyperclovax,5056014,2,도마,0.6389141214996368
fruits_nuts_rice,hyperclovax,1000066062,1,들다,0.34040563128383594
fruits_nuts_rice,hyperclovax,1000144509,1,들다,0.4818224336474148
fruits_nuts_rice,hyperclovax,1000867509,1,들다,0.292984883359411
fruits_nuts_rice,hyperclovax,1001729429,1,들다,0.4363159381044337
fruits_nuts_rice,hyperclovax,5045631,1,들다,0.28349124253731195
fruits_nuts_rice,hyperclovax,5052626,1,들다,0.0687394298652956
fruits_nuts_rice,hyperclovax,5052626,2,들다,0.3170714413348367
fruits_nuts_rice,hyperclovax,5070409,1,들다,0.4999030739691287
fruits_nuts_rice,hyperclovax,5094562,2,들어가다,0.3987546421061594
fruits_nuts_rice,hyperclovax,5052626,1,디자인,0.098988865353566
fruits_nuts_rice,hyperclovax,5094562,1,디저트,0.4685121267022689
fruits_nuts_rice,hyperclovax,5094562,2,라즈베리,0.3987546421061594
fruits_nuts_rice,hyperclovax,5049631,1,멜론,0.8944271909999157
fruits_nuts_rice,hyperclovax,5049631,2,멜론,0.878104988418746
fruits_nuts_rice,hyperclovax,1000030900,1,모습,0.43989424196919374
fruits_nuts_rice,hyperclovax,1000102438,1,모습,0.3466991910347846
fruits_nuts_rice,hyperclovax,1000122762,2,모습,0.36426279544050466
fruits_nuts_rice,hyperclovax,1000973922,1,모습,0.29292381131046635
fruits_nuts_rice,hyperclovax,5031442,2,모습,0.3900533030430802
fruits_nuts_rice,hyperclovax,5051031,2,모습,0.5437421031175883
fruits_nuts_rice,hyperclovax,5061259,2,모습,0.3951664650561651
fruits_nuts_rice,hyperclovax,5045631,2,목요일,0.39535381504832035
fruits_nuts_rice,hyperclovax,5052626,1,무늬,0.098988865353566
fruits_nuts_rice,hyperclovax,5052626,1,문구,0.197977730707132
fruits_nuts_rice,hyperclovax,5045631,2,바,0.39535381504832035
fruits_nuts_rice,hyperclovax,5063690,2,바구니,0.40348308949684075
fruits_nuts_rice,hyperclovax,5162187,1,바구니,0.43094245264122855
fruits_nuts_rice,hyperclovax,5003716,1,바나나,0.5401872891537078
fruits_nuts_rice,hyperclovax,5003716,2,바나나,0.6596837662837455
fruits_nuts_rice,hyperclovax,5031442,1,바나나,0.7622687344845336
fruits_nuts_rice,hyperclovax,5031442,2,바나나,0.44190373101389585
fruits_nuts_rice,hyperclovax,1001234463,1,바닥,0.4402028599653665
fruits_nuts_rice,hyperclovax,5094562,2,바클라바,0.3987546421061594
fruits_nuts_rice,hyperclovax,5036748,1,박스,0.349757960252092
fruits_nuts_rice,hyperclovax,5052626,1,박스,0.4541715225998046
fruits_nuts_rice,hyperclovax,1000122762,2,반,0.3224898135689468
fruits_nuts_rice,hyperclovax,1000908371,2,반,0.2391307434260367
fruits_nuts_rice,hyperclovax,1001303421,1,반,0.37598524198019034
fruits_nuts_rice,hyperclovax,1002140343,2,반,0.4320255744974299
fruits_nuts_rice,hyperclovax,5003716,2,반,0.2577527324330922
fruits_nuts_rice,hyperclovax,5025577,2,반,0.34705671680838235
fruits_nuts_rice,hyperclovax,5031442,1,반,0.19855660060530125
fruits_nuts_rice,hyperclovax,5031442,2,반,0.34532271358703703
fruits_nuts_rice,hyperclovax,5034841,1,반,0.332474291717286
fruits_nuts_rice,hyperclovax,5063690,2,반,0.27963822892787227
fruits_nuts_rice,hyperclovax,5068728,2,반,0.3007957529139628
fruits_nuts_rice,hyperclovax,5027321,2,반질반질,0.5622598419583749
fruits_nuts_rice,hyperclovax,5049631,1,반쪽,0.44721359549995787
fruits_nuts_rice,hyperclovax,5162187,1,반쪽,0.43094245264122855
fruits_nuts_rice,hyperclovax,1001234463,1,방울토마토,0.7165064977396974
fruits_nuts_rice,hyperclovax,1001234463,2,방울토마토,0.6321324744866191
fruits_nuts_rice,hyperclovax,5063578,2,방울토마토,0.5890545472646497
fruits_nuts_rice,hyperclovax,5063690,1,방울토마토,0.5199509943359456
fruits_nuts_rice,hyperclovax,5003716,2,배경,0.32984188314187274
fruits_nuts_rice,hyperclovax,5027321,1,배경,0.34422257628747366
fruits_nuts_rice,hyperclovax,5063690,1,배경,0.5199509943359456
fruits_nuts_rice,hyperclovax,5162187,2,배경,0.434248845787164
fruits_nuts_rice,hyperclovax,5051038,1,배진주,0.6470537628463795
fruits_nuts_rice,hyperclovax,1000118138,1,백진주,0.5770501342817291
fruits_nuts_rice,hyperclovax,5031442,1,벗겨지다,0.2864924118543222
fruits_nuts_rice,hyperclovax,5159977,2,벗겨지다,0.3343177833849372
fruits_nuts_rice,hyperclovax,5053663,1,보라색,0.6025773002293843
fruits_nuts_rice,hyperclovax,5027321,1,복숭아,0.31530831832516465
fruits_nuts_rice,hyperclovax,5027321,2,복숭아,0.41915091784346137
fruits_nuts_rice,hyperclovax,5056014,1,복숭아,0.5138483972041922
fruits_nuts_rice,hyperclovax,5056014,2,복숭아,0.5852461490962974
fruits_nuts_rice,hyperclovax,5159977,1,복숭아,0.5436973277404739
fruits_nuts_rice,hyperclovax,5159977,2,복숭아,0.5431993987210778
fruits_nuts_rice,hyperclovax,1000144509,1,봉지,0.693852947313012
fruits_nuts_rice,hyperclovax,5052626,1,봉투,0.395955461414264
fruits_nuts_rice,hyperclovax,1000102438,2,붉다,0.4388350210622594
fruits_nuts_rice,hyperclovax,1000122762,2,붉다,0.41268484876009875
fruits_nuts_rice,hyperclovax,1001303421,2,붉다,0.42735535518397805
fruits_nuts_rice,hyperclovax,1001502284,1,붉다,0.4818369371083755
fruits_nuts_rice,hyperclovax,1000102438,1,붉은색,0.4428766751761134
fruits_nuts_rice,hyperclovax,5027321,1,붉은색,0.38811964193439324
fruits_nuts_rice,hyperclovax,1000032485,1,블루베리,0.5368195833053889
fruits_nuts_rice,hyperclovax,1000032485,2,블루베리,0.5013354587281295
fruits_nuts_rice,hyperclovax,1000253378,1,블루베리,0.387248684492658
fruits_nuts_rice,hyperclovax,1000253378,2,블루베리,0.5430142834412219
fruits_nuts_rice,hyperclovax,1000338204,1,블루베리,0.4247105255244595
fruits_nuts_rice,hyperclovax,1000338204,2,블루베리,0.5013354587281295
fruits_nuts_rice,hyperclovax,5035954,1,블루베리,0.5430142834412219
fruits_nuts_rice,hyperclovax,5035954,2,블루베리,0.4581130634358855
fruits_nuts_rice,hyperclovax,1000030900,1,비단,0.6123711301185655
fruits_nuts_rice,hyperclovax,1000102438,1,사과,0.29909159765453547
fruits_nuts_rice,hyperclovax,1000102438,2,사과,0.3341557624903229
fruits_nuts_rice,hyperclovax,1000122762,1,사과,0.8082222711574665
fruits_nuts_rice,hyperclovax,1000122762,2,사과,0.628486851262811
fruits_nuts_rice,hyperclovax,1000908371,1,사과,0.507266027400721
fruits_nuts_rice,hyperclovax,1000908371,2,사과,0.23301593050757485
fruits_nuts_rice,hyperclovax,1001303421,1,사과,0.7327418445820016
fruits_nuts_rice,hyperclovax,1001303421,2,사과,0.3254144444081751
fruits_nuts_rice,hyperclovax,1001882653,1,사과,0.5780121140444792
fruits_nuts_rice,hyperclovax,1001882653,2,사과,0.5780121140444792
fruits_nuts_rice,hyperclovax,5061259,1,사과,0.8455117835299268
fruits_nuts_rice,hyperclovax,5061259,2,사과,0.34090350490978044
fruits_nuts_rice,hyperclovax,1000102438,1,상자,0.3597929210158999
fruits_nuts_rice,hyperclovax,1000102438,2,상자,0.4019734382493624
fruits_nuts_rice,hyperclovax,1000908371,1,상자,0.3051084135460155
fruits_nuts_rice,hyperclovax,1000908371,2,상자,0.2803070461959097
fruits_nuts_rice,hyperclovax,5094562,1,상자,0.3492642961020614
fruits_nuts_rice,hyperclovax,5094562,2,상자,0.29726180274761865
fruits_nuts_rice,hyperclovax,1001303421,2,색,0.5251119150125171
fruits_nuts_rice,hyperclovax,5051031,2,손,0.7569364051882305
fruits_nuts_rice,hyperclovax,5061259,2,솔방울,0.5501061657641546
fruits_nuts_rice,hyperclovax,5038123,2,송이,0.3682244839238121
fruits_nuts_rice,hyperclovax,5048580,2,송이,0.533134715619808
fruits_nuts_rice,hyperclovax,1000253378,1,숟가락,0.5576611264118526
fruits_nuts_rice,hyperclovax,1000048867,1,시월미소미쌀,0.6973508486426376
fruits_nuts_rice,hyperclovax,1000973922,1,식품,0.40777547932393654
fruits_nuts_rice,hyperclovax,1000030900,1,쌀,0.2932509664339085
fruits_nuts_rice,hyperclovax,1000030900,2,쌀,0.5469703309741196
fruits_nuts_rice,hyperclovax,1000048867,2,쌀,0.5469703309741196
fruits_nuts_rice,hyperclovax,1000118138,1,쌀,0.2763365241045407
fruits_nuts_rice,hyperclovax,1000118138,2,쌀,0.5469703309741196
fruits_nuts_rice,hyperclovax,1000144509,1,쌀,0.33227080336586207
fruits_nuts_rice,hyperclovax,1000144509,2,쌀,0.5469703309741196
fruits_nuts_rice,hyperclovax,1000867509,1,쌀,0.40409211265212003
fruits_nuts_rice,hyperclovax,1000867509,2,쌀,0.37816107051652514
fruits_nuts_rice,hyperclovax,1000867511,1,쌀,0.306217151590025
fruits_nuts_rice,hyperclovax,1000867511,2,쌀,0.3483420800687485
fruits_nuts_rice,hyperclovax,1001729429,1,쌀,0.30088895234251156
fruits_nuts_rice,hyperclovax,1001729429,2,쌀,0.5469703309741196
fruits_nuts_rice,hyperclovax,5048547,2,쌀,0.5469703309741196
fruits_nuts_rice,hyperclovax,5051031,1,쌀,0.32010668246214347
fruits_nuts_rice,hyperclovax,5051031,2,쌀,0.3624800736564435
fruits_nuts_rice,hyperclovax,5051038,1,쌀,0.3098597108140274
fruits_nuts_rice,hyperclovax,5051038,2,쌀,0.5469703309741196
fruits_nuts_rice,hyperclovax,5053663,1,쌀,0.28856091829343594
fruits_nuts_rice,hyperclovax,5053663,2,쌀,0.5469703309741196
fruits_nuts_rice,hyperclovax,5070409,1,쌀,0.34473944007832646
fruits_nuts_rice,hyperclovax,5070409,2,쌀,0.5469703309741196
fruits_nuts_rice,hyperclovax,5121007,1,쌀,0.33463704644223563
fruits_nuts_rice,hyperclovax,5134096,1,쌀,0.37976147901121804
fruits_nuts_rice,hyperclovax,5134096,2,쌀,0.5469703309741196
fruits_nuts_rice,hyperclovax,5121007,2,쌀밥,0.7411655252436226
fruits_nuts_rice,hyperclovax,5038123,2,아래,0.40128147676862125
fruits_nuts_rice,hyperclovax,5052626,1,아몬드,0.09083430451996091
fruits_nuts_rice,hyperclovax,5052626,2,아몬드,0.4189875288932559
fruits_nuts_rice,hyperclovax,1002140343,1,아보카도,0.7874186540048763
fruits_nuts_rice,hyperclovax,1002140343,2,아보카도,0.6233590242943214
fruits_nuts_rice,hyperclovax,5038123,2,알,0.40128147676862125
fruits_nuts_rice,hyperclovax,1000867509,1,양,0.4219156490871232
fruits_nuts_rice,hyperclovax,1000032485,2,얼다,0.7219528634185253
fruits_nuts_rice,hyperclovax,1000253378,2,얼음,0.7819728486832291
fruits_nuts_rice,hyperclovax,1000066062,2,여러,0.577813844614033
fruits_nuts_rice,hyperclovax,1000908371,2,여러개,0.2611080366007356
fruits_nuts_rice,hyperclovax,1001502284,1,여러개,0.41113305108955295
fruits_nuts_rice,hyperclovax,1001502284,2,여러개,0.3950601808712478
fruits_nuts_rice,hyperclovax,1001882653,1,여러개,0.6476965240137872
fruits_nuts_rice,hyperclovax,1001882653,2,여러개,0.6476965240137872
fruits_nuts_rice,hyperclovax,5025577,2,여러개,0.3789529385332373
fruits_nuts_rice,hyperclovax,5056014,1,여러개,0.47865349061060947
fruits_nuts_rice,hyperclovax,5068728,2,여러개,0.32844036419556966
fruits_nuts_rice,hyperclovax,5048547,1,여주쌀,0.6805488184367651
fruits_nuts_rice,hyperclovax,1000763360,1,연두색,0.7756063445895951
fruits_nuts_rice,hyperclovax,1000908371,1,옆,0.33308732454525714
fruits_nuts_rice,hyperclovax,5031442,1,옆,0.25408957816151123
fruits_nuts_rice,hyperclovax,5035954,2,옆,0.5368962547533095
fruits_nuts_rice,hyperclovax,5052626,1,옆,0.0805607728619599
fruits_nuts_rice,hyperclovax,5068728,1,오렌지,0.7526179321023801
fruits_nuts_rice,hyperclovax,5035954,2,요거트,0.6597100447593232
fruits_nuts_rice,hyperclovax,1000066062,1,용기,0.4498220138418153
fruits_nuts_rice,hyperclovax,5134096,1,용기,0.7276955432401727
fruits_nuts_rice,hyperclovax,1000118138,1,용량,0.43017671790934264
fruits_nuts_rice,hyperclovax,1000867511,1,용량,0.4766922854856163
fruits_nuts_rice,hyperclovax,1001729429,1,용량,0.46839780732320285
fruits_nuts_rice,hyperclovax,5048547,1,용량,0.5073324477371639
fruits_nuts_rice,hyperclovax,5051038,1,용량,0.4823627055535006
fruits_nuts_rice,hyperclovax,5053663,1,용량,0.44920659384647943
fruits_nuts_rice,hyperclovax,5121007,1,유기농,0.6987941721090799
fruits_nuts_rice,hyperclovax,5035954,1,유리,0.7819728486832291
fruits_nuts_rice,hyperclovax,5027321,1,익다,0.42296270312803663
fruits_nuts_rice,hyperclovax,1000867509,1,인,0.4219156490871232
fruits_nuts_rice,hyperclovax,1000908371,2,일부,0.3760110947742009
fruits_nuts_rice,hyperclovax,5045631,2,일요일,0.39535381504832035
fruits_nuts_rice,hyperclovax,1000122762,2,잘리다,0.3224898135689468
fruits_nuts_rice,hyperclovax,1000908371,2,잘리다,0.2391307434260367
fruits_nuts_rice,hyperclovax,1001303421,1,잘리다,0.37598524198019034
fruits_nuts_rice,hyperclovax,1002140343,2,잘리다,0.4320255744974299
fruits_nuts_rice,hyperclovax,5003716,2,잘리다,0.2577527324330922
fruits_nuts_rice,hyperclovax,5025577,2,잘리다,0.34705671680838235
fruits_nuts_rice,hyperclovax,5031442,1,잘리다,0.19855660060530125
fruits_nuts_rice,hyperclovax,5031442,2,잘리다,0.34532271358703703
fruits_nuts_rice,hyperclovax,5034841,1,잘리다,0.332474291717286
fruits_nuts_rice,hyperclovax,5063690,2,잘리다,0.27963822892787227
fruits_nuts_rice,hyperclovax,5068728,2,잘리다,0.3007957529139628
fruits_nuts_rice,hyperclovax,1000908371,2,적갈색,0.3760110947742009
fruits_nuts_rice,hyperclovax,5045631,2,적히다,0.3627851344791047
fruits_nuts_rice,hyperclovax,5052626,1,적히다,0.18166860903992182
fruits_nuts_rice,hyperclovax,1000102438,1,정렬,0.48263549546536605
fruits_nuts_rice,hyperclovax,1001502284,2,젖다,0.5689101455664395
fruits_nuts_rice,hyperclovax,1000032485,1,제품,0.5202715113004625
fruits_nuts_rice,hyperclovax,1000048867,1,제품,0.4693238323643423
fruits_nuts_rice,hyperclovax,1000338204,1,제품,0.4116183422729578
fruits_nuts_rice,hyperclovax,1000867509,2,제품,0.5314633848711284
fruits_nuts_rice,hyperclovax,1000867511,1,제품,0.43035419713441514
fruits_nuts_rice,hyperclovax,1000867511,2,제품,0.489556105586222
fruits_nuts_rice,hyperclovax,5045631,1,제품,0.27475230372031145
fruits_nuts_rice,hyperclovax,5051031,1,제품,0.4498743901608561
fruits_nuts_rice,hyperclovax,5121007,1,제품,0.4702952029476441
fruits_nuts_rice,hyperclovax,1000858612,1,조각,0.39950499011238255
fruits_nuts_rice,hyperclovax,1000858612,2,조각,0.6293968510524982
fruits_nuts_rice,hyperclovax,1000908371,1,조각,0.3516425361875879
fruits_nuts_rice,hyperclovax,5052626,1,조금,0.098988865353566
fruits_nuts_rice,hyperclovax,1000066062,2,종류,0.577813844614033
fruits_nuts_rice,hyperclovax,1000908371,2,종이,0.3760110947742009
fruits_nuts_rice,hyperclovax,5045631,1,주,0.4082442419355731
fruits_nuts_rice,hyperclovax,1000908371,2,중,0.3760110947742009
fruits_nuts_rice,hyperclovax,5052626,1,중량,0.098988865353566
fruits_nuts_rice,hyperclovax,1000908371,1,천,0.2842106892870818
fruits_nuts_rice,hyperclovax,1001502284,1,천,0.41113305108955295
fruits_nuts_rice,hyperclovax,1001502284,2,천,0.3950601808712478
fruits_nuts_rice,hyperclovax,5003716,1,천,0.4609211773642125
fruits_nuts_rice,hyperclovax,5027321,2,천,0.3904421051228625
fruits_nuts_rice,hyperclovax,5068728,1,천,0.5226297662300831
fruits_nuts_rice,hyperclovax,5068728,2,천,0.32844036419556966
fruits_nuts_rice,hyperclovax,5159977,1,천,0.5064579848348221
fruits_nuts_rice,hyperclovax,1001502284,1,체리,0.5432833067436222
fruits_nuts_rice,hyperclovax,1001502284,2,체리,0.5220441432710659
fruits_nuts_rice,hyperclovax,1000763360,2,초록색,0.7481484193474329
fruits_nuts_rice,hyperclovax,5048580,1,초록색,0.7481484193474329
fruits_nuts_rice,hyperclovax,5052626,1,캐슈너트,0.098988865353566
fruits_nuts_rice,hyperclovax,5052626,2,캐슈넛,0.4566017244434747
fruits_nuts_rice,hyperclovax,5025577,2,키,0.545714759073722
fruits_nuts_rice,hyperclovax,5025577,1,키위,0.5086194642192651
fruits_nuts_rice,hyperclovax,5036748,1,키위,0.5921614192924392
fruits_nuts_rice,hyperclovax,5036748,2,키위,0.7366026740593289
fruits_nuts_rice,hyperclovax,5132780,1,키위,0.6904525888755569
fruits_nuts_rice,hyperclovax,5132780,2,키위,0.5350502539617447
fruits_nuts_rice,hyperclovax,5094562,1,타무르,0.4685121267022689
fruits_nuts_rice,hyperclovax,5063578,1,테이블,0.6128829674026294
fruits_nuts_rice,hyperclovax,5132780,2,테이블,0.6320509217963942
fruits_nuts_rice,hyperclovax,5063578,1,토마토,0.6128829674026294
fruits_nuts_rice,hyperclovax,5063690,2,토마토,0.8069661789936815
fruits_nuts_rice,hyperclovax,1000066062,1,투명,0.49020434511580846
fruits_nuts_rice,hyperclovax,1001234463,1,파란색,0.40393957936412855
fruits_nuts_rice,hyperclovax,1001234463,2,파란색,0.7127453181570319
fruits_nuts_rice,hyperclovax,1000858612,1,파인애플,0.8533656899551657
fruits_nuts_rice,hyperclovax,1000858612,2,파인애플,0.6722139789830079
fruits_nuts_rice,hyperclovax,1000118138,1,패키지,0.4696245848640708
fruits_nuts_rice,hyperclovax,1000867509,1,패키지,0.3433704452678591
fruits_nuts_rice,hyperclovax,1000973922,1,패키지,0.33186265597809533
fruits_nuts_rice,hyperclovax,1000973922,2,패키지,0.46688840813364396
fruits_nuts_rice,hyperclovax,5036748,2,팩,0.47412978737867756
fruits_nuts_rice,hyperclovax,5038123,2,포도,0.7364489678476241
fruits_nuts_rice,hyperclovax,5048580,2,포도,0.533134715619808
fruits_nuts_rice,hyperclovax,1000763360,1,포도송이,0.6312169185251343
fruits_nuts_rice,hyperclovax,1000763360,2,포도송이,0.6635314179659753
fruits_nuts_rice,hyperclovax,5038123,1,포도송이,1.0
fruits_nuts_rice,hyperclovax,5048580,1,포도송이,0.6635314179659753
fruits_nuts_rice,hyperclovax,1000030900,1,포장,0.3702692096749067
fruits_nuts_rice,hyperclovax,1000122762,2,포장,0.306608462929536
fruits_nuts_rice,hyperclovax,1000144509,1,포장,0.41953705816022224
fruits_nuts_rice,hyperclovax,1000858612,1,포장,0.28115416676042887
fruits_nuts_rice,hyperclovax,1000867509,2,포장,0.47747975876331084
fruits_nuts_rice,hyperclovax,1000867511,1,포장,0.3866407810584089
fruits_nuts_rice,hyperclovax,1000867511,2,포장,0.4398292297278329
fruits_nuts_rice,hyperclovax,5036748,1,포장,0.23046604530742387
fruits_nuts_rice,hyperclovax,5036748,2,포장,0.28668180621454825
fruits_nuts_rice,hyperclovax,5052626,1,포장,0.5386811105968643
fruits_nuts_rice,hyperclovax,5053663,1,포장,0.3643473863321644
fruits_nuts_rice,hyperclovax,5121007,1,포장,0.4225247617113545
fruits_nuts_rice,hyperclovax,5134096,1,포장,0.47950049204747713
fruits_nuts_rice,hyperclovax,1000122762,1,포장지,0.5307049543948016
fruits_nuts_rice,hyperclovax,1001729429,1,포장지,0.5113506069888186
fruits_nuts_rice,hyperclovax,5052626,2,포장지,0.3715992468434212
fruits_nuts_rice,hyperclovax,5070409,1,포장지,0.5858730291179631
fruits_nuts_rice,hyperclovax,5031442,2,포크,0.5429881985309045
fruits_nuts_rice,hyperclovax,5027321,2,표면,0.5159416821414478
fruits_nuts_rice,hyperclovax,5063578,2,표면,0.6641738680534698
fruits_nuts_rice,hyperclovax,5052626,1,표시,0.098988865353566
fruits_nuts_rice,hyperclovax,5094562,1,프리미엄,0.4685121267022689
fruits_nuts_rice,hyperclovax,5052626,1,함께,0.098988865353566
fruits_nuts_rice,hyperclovax,5094562,2,향,0.3987546421061594
fruits_nuts_rice,hyperclovax,5052626,1,호두,0.08504855153250578
fruits_nuts_rice,hyperclovax,5052626,2,호두,0.3922998324352741
fruits_nuts_rice,hyperclovax,5094562,2,호두,0.34259918635151715
fruits_nuts_rice,hyperclovax,5052626,1,회색,0.098988865353566
fruits_nuts_rice,hyperclovax,5052626,1,흩어지다,0.098988865353566
fruits_nuts_rice,hyperclovax,1000030900,2,희다,0.7078218735004251
fruits_nuts_rice,hyperclovax,1000048867,2,희다,0.7078218735004251
fruits_nuts_rice,hyperclovax,1000118138,2,희다,0.7078218735004251
fruits_nuts_rice,hyperclovax,1000144509,2,희다,0.7078218735004251
fruits_nuts_rice,hyperclovax,1001502284,1,희다,0.3669000453193274
fruits_nuts_rice,hyperclovax,1001729429,2,희다,0.7078218735004251
fruits_nuts_rice,hyperclovax,5048547,2,희다,0.7078218735004251
fruits_nuts_rice,hyperclovax,5051038,2,희다,0.7078218735004251
fruits_nuts_rice,hyperclovax,5053663,2,희다,0.7078218735004251
fruits_nuts_rice,hyperclovax,5070409,2,희다,0.7078218735004251
fruits_nuts_rice,hyperclovax,5121007,2,희다,0.45930393258339514
fruits_nuts_rice,hyperclovax,5134096,2,희다,0.7078218735004251
fruits_nuts_rice,hyperclovax,1000032485,2,흰색,0.3842107044153195
fruits_nuts_rice,hyperclovax,1000338204,2,흰색,0.3842107044153195
fruits_nuts_rice,hyperclovax,1000858612,2,흰색,0.38985634578012385
fruits_nuts_rice,hyperclovax,1001502284,2,흰색,0.3027640429904207
fruits_nuts_rice,hyperclovax,1001882653,1,흰색,0.4963780905703733
fruits_nuts_rice,hyperclovax,1001882653,2,흰색,0.4963780905703733
fruits_nuts_rice,hyperclovax,5003716,1,흰색,0.35323823031452
fruits_nuts_rice,hyperclovax,5003716,2,흰색,0.21568956808883863
fruits_nuts_rice,hyperclovax,5027321,1,흰색,0.2250933632159076
fruits_nuts_rice,hyperclovax,5027321,2,흰색,0.29922486756318917
fruits_nuts_rice,hyperclovax,5034841,1,흰색,0.2782171723427174
fruits_nuts_rice,hyperclovax,5034841,2,흰색,0.5651841435067944
fruits_nuts_rice,hyperclovax,5048580,2,흰색,0.3091961169187732
fruits_nuts_rice,hyperclovax,5063690,1,흰색,0.3400053514351445
fruits_nuts_rice,hyperclovax,5068728,1,흰색,0.4005301183784136
fruits_nuts_rice,hyperclovax,5068728,2,흰색,0.2517083152389506
fruits_nuts_rice,hyperclovax,5121007,2,흰색,0.3944353474738161
fruits_nuts_rice,hyperclovax,5162187,1,흰색,0.24992882486973725
fruits_nuts_rice,hyperclovax,5162187,2,흰색,0.28396316774187064
fruits_nuts_rice,qwen3,5051031,1,100%_국내산,0.2578417031504499
fruits_nuts_rice,qwen3,1000048867,1,10kg,0.31875699227481347
fruits_nuts_rice,qwen3,1001729429,1,10kg,0.27341433461817866
fruits_nuts_rice,qwen3,5051038,1,10kg,0.21444508397612627
fruits_nuts_rice,qwen3,5134096,1,10kg,0.35485976865768576
fruits_nuts_rice,qwen3,5094562,2,12개,0.22399401842266106
fruits_nuts_rice,qwen3,1000102438,1,15개,0.2729475100865634
fruits_nuts_rice,qwen3,1000102438,2,15개,0.33522329538897044
fruits_nuts_rice,qwen3,1000122762,1,1개,0.13545796869446133
fruits_nuts_rice,qwen3,1000122762,2,1개,0.168909946774174
fruits_nuts_rice,qwen3,1000867509,1,1개,0.24821805097068664
fruits_nuts_rice,qwen3,5025577,2,1개,0.14035673834814494
fruits_nuts_rice,qwen3,5031442,1,1개,0.1397183265091188
fruits_nuts_rice,qwen3,5036748,2,1개,0.11372651161396263
fruits_nuts_rice,qwen3,5063578,2,1개,0.19895749338031352
fruits_nuts_rice,qwen3,5063690,1,1개,0.20397625044932471
fruits_nuts_rice,qwen3,5070409,1,1개,0.31278467469521515
fruits_nuts_rice,qwen3,5132780,2,1개,0.21453976189489793
fruits_nuts_rice,qwen3,1000122762,1,2개,0.11968188536351203
fruits_nuts_rice,qwen3,1000122762,2,2개,0.14923788597614035
fruits_nuts_rice,qwen3,1000858612,1,2개,0.17543409073326535
fruits_nuts_rice,qwen3,1001303421,1,2개,0.21680302384167127
fruits_nuts_rice,qwen3,1001303421,2,2개,0.1786122837060621
fruits_nuts_rice,qwen3,1001882653,2,2개,0.21028959304298153
fruits_nuts_rice,qwen3,5034841,1,2개,0.14090030959999705
fruits_nuts_rice,qwen3,5034841,2,2개,0.15938115633732453
fruits_nuts_rice,qwen3,5035954,1,2개,0.18895283462259385
fruits_nuts_rice,qwen3,5036748,1,2개,0.12241365246522226
fruits_nuts_rice,qwen3,5045631,1,2개,0.08965756918724026
fruits_nuts_rice,qwen3,5052626,1,2개,0.23579031762051145
fruits_nuts_rice,qwen3,5063578,2,2개,0.17578595149809007
fruits_nuts_rice,qwen3,5132780,1,2개,0.23181799428820413
fruits_nuts_rice,qwen3,5162187,1,2개,0.16295753832082707
fruits_nuts_rice,qwen3,1000102438,1,3,0.2974511058056544
fruits_nuts_rice,qwen3,1000144509,1,365,0.4001284284408456
fruits_nuts_rice,qwen3,1000973922,1,365,0.2955790974567647
fruits_nuts_rice,qwen3,1000858612,2,3개,0.5350488728557029
fruits_nuts_rice,qwen3,1002140343,1,3개,0.2749395233835118
fruits_nuts_rice,qwen3,5036748,2,3개,0.1297038484572197
fruits_nuts_rice,qwen3,5049631,1,3개,0.20563274502528064
fruits_nuts_rice,qwen3,5049631,2,3개,0.20889008519312402
fruits_nuts_rice,qwen3,5052626,2,3개,0.1708930710612054
fruits_nuts_rice,qwen3,1000030900,1,4kg,0.38556328751044894
fruits_nuts_rice,qwen3,1000118138,1,4kg,0.2546934434153729
fruits_nuts_rice,qwen3,1000144509,1,4kg,0.3132343838051442
fruits_nuts_rice,qwen3,1000867509,1,4kg,0.27278765939613014
fruits_nuts_rice,qwen3,1000867509,2,4kg,0.2542176374345968
fruits_nuts_rice,qwen3,5051031,1,4kg,0.1852195098313214
fruits_nuts_rice,qwen3,5070409,1,4kg,0.3437453439482693
fruits_nuts_rice,qwen3,1001303421,1,4개,0.34447904608610025
fruits_nuts_rice,qwen3,5049631,2,4개,0.25712720013048157
fruits_nuts_rice,qwen3,1000102438,1,5,0.2974511058056544
fruits_nuts_rice,qwen3,5049631,1,5개,0.2758410629618635
fruits_nuts_rice,qwen3,5132780,1,6개,0.3683363825972825
fruits_nuts_rice,qwen3,5132780,2,6개,0.30118208280964787
fruits_nuts_rice,qwen3,1000867509,1,7일향미,0.30904977222660207
fruits_nuts_rice,qwen3,1000867509,2,7일향미,0.28801120666187147
fruits_nuts_rice,qwen3,1000867511,1,7일향미,0.29190493536645906
fruits_nuts_rice,qwen3,1000867511,2,7일향미,0.23002232319244817
fruits_nuts_rice,qwen3,1000867511,1,8kg,0.32913018145182915
fruits_nuts_rice,qwen3,1000867511,2,8kg,0.25935597448963443
fruits_nuts_rice,qwen3,5045631,1,HBAF,0.15524616673540592
fruits_nuts_rice,qwen3,5052626,1,IT’S_REAL_SEVEN,0.3746480203595773
fruits_nuts_rice,qwen3,5052626,2,IT’S_REAL_SEVEN,0.21035587612041232
fruits_nuts_rice,qwen3,1000858612,1,KF365_KOREA_FRESH,0.3037721226210413
fruits_nuts_rice,qwen3,1000973922,2,KF365_KURLY_FRESH,0.31734781394029005
fruits_nuts_rice,qwen3,5134096,1,KF365_컬리_프레시,0.43603312891800705
fruits_nuts_rice,qwen3,5051031,1,Lgrow,0.2578417031504499
fruits_nuts_rice,qwen3,5045631,2,Mon_to_Sun,0.2263163058138707
fruits_nuts_rice,qwen3,5070409,1,Our_Sweet_&_Soft_Rice,0.4785234828359908
fruits_nuts_rice,qwen3,5094562,2,TAMUR가_여러분께_고급스러운_경험을_선사합니다,0.22399401842266106
fruits_nuts_rice,qwen3,5045631,1,THU,0.15524616673540592
fruits_nuts_rice,qwen3,5045631,1,WED,0.15524616673540592
fruits_nuts_rice,qwen3,5025577,2,Zespri,0.21472917539614234
fruits_nuts_rice,qwen3,1000118138,1,가,0.3545554746974464
fruits_nuts_rice,qwen3,1000030900,2,가득,0.3642123701249022
fruits_nuts_rice,qwen3,1000032485,2,가득,0.18191783093257957
fruits_nuts_rice,qwen3,1000048867,2,가득,0.2742892483511848
fruits_nuts_rice,qwen3,1000144509,2,가득,0.3927734861931984
fruits_nuts_rice,qwen3,1000253378,1,가득,0.14208574778650263
fruits_nuts_rice,qwen3,1000253378,2,가득,0.15437455629970953
fruits_nuts_rice,qwen3,1000338204,2,가득,0.1803460124100829
fruits_nuts_rice,qwen3,1000763360,2,가득,0.11475236791990868
fruits_nuts_rice,qwen3,1001234463,1,가득,0.18824779584906512
fruits_nuts_rice,qwen3,1001234463,2,가득,0.21193124660619952
fruits_nuts_rice,qwen3,1001729429,2,가득,0.194124152736447
fruits_nuts_rice,qwen3,5027321,1,가득,0.20155342795954057
fruits_nuts_rice,qwen3,5034841,1,가득,0.10974106103923671
fruits_nuts_rice,qwen3,5034841,2,가득,0.12413498065244014
fruits_nuts_rice,qwen3,5035954,1,가득,0.14716706170995741
fruits_nuts_rice,qwen3,5035954,2,가득,0.11826012120332687
fruits_nuts_rice,qwen3,5048547,2,가득,0.22313536381503482
fruits_nuts_rice,qwen3,5049631,1,가득,0.12407440455275995
fruits_nuts_rice,qwen3,5051038,2,가득,0.22971123185137318
fruits_nuts_rice,qwen3,5053663,2,가득,0.22813729961300155
fruits_nuts_rice,qwen3,5056014,2,가득,0.1391786244342764
fruits_nuts_rice,qwen3,5063690,2,가득,0.09844538735776631
fruits_nuts_rice,qwen3,5068728,1,가득,0.1714408100418772
fruits_nuts_rice,qwen3,5068728,2,가득,0.11642799136455467
fruits_nuts_rice,qwen3,5070409,2,가득,0.3198089048370255
fruits_nuts_rice,qwen3,5121007,2,가득,0.3927734861931984
fruits_nuts_rice,qwen3,5134096,2,가득,0.22852030445124255
fruits_nuts_rice,qwen3,5159977,2,가득,0.12860660622677828
fruits_nuts_rice,qwen3,5162187,2,가득,0.1452135606746052
fruits_nuts_rice,qwen3,5061259,2,가방,0.26409463751836015
fruits_nuts_rice,qwen3,5025577,2,가지다,0.18448949055009442
fruits_nuts_rice,qwen3,5027321,2,가지다,0.2758269637600226
fruits_nuts_rice,qwen3,5162187,1,가지다,0.2424314484826
fruits_nuts_rice,qwen3,1000118138,2,가지런히,0.45724495896093115
fruits_nuts_rice,qwen3,5094562,2,각기,0.22399401842266106
fruits_nuts_rice,qwen3,5045631,1,간식,0.15524616673540592
fruits_nuts_rice,qwen3,1000066062,1,갈색,0.21123096873876937
fruits_nuts_rice,qwen3,5025577,2,갈색,0.17475448641761196
fruits_nuts_rice,qwen3,5094562,2,갈색,0.18229455581829834
fruits_nuts_rice,qwen3,5132780,2,갈색,0.2671178195456775
fruits_nuts_rice,qwen3,1001303421,1,감돌다,0.34447904608610025
fruits_nuts_rice,qwen3,5159977,2,감돌다,0.26236357802624344
fruits_nuts_rice,qwen3,5031442,1,감싸다,0.19614385796377437
fruits_nuts_rice,qwen3,5031442,2,감싸다,0.2562518205452598
fruits_nuts_rice,qwen3,1000763360,2,갓,0.2191890979319903
fruits_nuts_rice,qwen3,5068728,2,갓,0.22238971503439284
fruits_nuts_rice,qwen3,5159977,2,갓,0.24565215095706625
fruits_nuts_rice,qwen3,1000032485,1,같다,0.4180007659255043
fruits_nuts_rice,qwen3,5049631,2,같다,0.25712720013048157
fruits_nuts_rice,qwen3,5094562,1,개방,0.27234109884190527
fruits_nuts_rice,qwen3,5045631,1,개별,0.14245721005521644
fruits_nuts_rice,qwen3,5052626,1,개별,0.3746480203595773
fruits_nuts_rice,qwen3,1000066062,2,검다,0.1911467944794538
fruits_nuts_rice,qwen3,1000102438,1,검다,0.20018745684392314
fruits_nuts_rice,qwen3,1000102438,2,검다,0.2458622866992798
fruits_nuts_rice,qwen3,5025577,1,검다,0.16511304946836577
fruits_nuts_rice,qwen3,5025577,2,검다,0.14451480157156402
fruits_nuts_rice,qwen3,5036748,2,검다,0.11709565534753111
fruits_nuts_rice,qwen3,5051031,2,검다,0.24761200962775246
fruits_nuts_rice,qwen3,5132780,1,검다,0.2701483654196196
fruits_nuts_rice,qwen3,5132780,2,검다,0.22089549446887347
fruits_nuts_rice,qwen3,1000066062,1,검은색,0.519099139200504
fruits_nuts_rice,qwen3,1000032485,2,겉면,0.37112100560435146
fruits_nuts_rice,qwen3,1000253378,1,겉면,0.28986166628226623
fruits_nuts_rice,qwen3,1000102438,1,격자,0.2729475100865634
fruits_nuts_rice,qwen3,5094562,1,격자,0.2499060295028953
fruits_nuts_rice,qwen3,1000973922,1,견과,0.48025679755170164
fruits_nuts_rice,qwen3,1000973922,2,견과,0.2365750095638807
fruits_nuts_rice,qwen3,5045631,1,견과,0.34719662559668524
fruits_nuts_rice,qwen3,5045631,2,견과,0.16871325359894387
fruits_nuts_rice,qwen3,5052626,1,견과,0.30436397569231677
fruits_nuts_rice,qwen3,5052626,2,견과,0.1708930710612054
fruits_nuts_rice,qwen3,5094562,2,고급,0.22399401842266106
fruits_nuts_rice,qwen3,1001729429,1,고시혜카리,0.3359572381663878
fruits_nuts_rice,qwen3,1000066062,1,곡물,0.259549569600252
fruits_nuts_rice,qwen3,1000908371,2,골판지,0.33160221127745265
fruits_nuts_rice,qwen3,1000122762,1,과육,0.13179444392194276
fruits_nuts_rice,qwen3,1000122762,2,과육,0.16434169744712437
fruits_nuts_rice,qwen3,1000908371,1,과육,0.19218352985737172
fruits_nuts_rice,qwen3,1001303421,1,과육,0.23874485166257314
fruits_nuts_rice,qwen3,1001303421,2,과육,0.19668896873716457
fruits_nuts_rice,qwen3,5025577,1,과육,0.15602524681141877
fruits_nuts_rice,qwen3,5025577,2,과육,0.1365607240354826
fruits_nuts_rice,qwen3,5036748,2,과육,0.11065072436714773
fruits_nuts_rice,qwen3,5049631,2,과육,0.17820472957946215
fruits_nuts_rice,qwen3,5132780,1,과육,0.2552794314320569
fruits_nuts_rice,qwen3,5132780,2,과육,0.20873743265603983
fruits_nuts_rice,qwen3,5045631,2,과일,0.2263163058138707
fruits_nuts_rice,qwen3,1001882653,2,과즙,0.23800929459515088
fruits_nuts_rice,qwen3,5034841,1,과즙,0.15947333774752825
fruits_nuts_rice,qwen3,5034841,2,과즙,0.18039027059152957
fruits_nuts_rice,qwen3,5056014,2,과즙,0.20225136855299833
fruits_nuts_rice,qwen3,5063690,2,과즙,0.1430587089200656
fruits_nuts_rice,qwen3,5068728,1,과즙,0.24913407930093653
fruits_nuts_rice,qwen3,5068728,2,과즙,0.16919064035208706
fruits_nuts_rice,qwen3,5159977,1,과즙,0.22186875824923433
fruits_nuts_rice,qwen3,5159977,2,과즙,0.18688834021782877
fruits_nuts_rice,qwen3,5162187,2,과즙,0.21102120744670697
fruits_nuts_rice,qwen3,5045631,1,구분,0.15524616673540592
fruits_nuts_rice,qwen3,5045631,1,구역,0.15524616673540592
fruits_nuts_rice,qwen3,5034841,1,귤,0.7275104226315838
fruits_nuts_rice,qwen3,5034841,2,귤,0.6171994195877901
fruits_nuts_rice,qwen3,5068728,1,귤,0.28413470534350194
fruits_nuts_rice,qwen3,5068728,2,귤,0.5788802504845183
fruits_nuts_rice,qwen3,5162187,1,귤,0.4206992444209288
fruits_nuts_rice,qwen3,5162187,2,귤,0.4813347797887938
fruits_nuts_rice,qwen3,5045631,2,그레이,0.2263163058138707
fruits_nuts_rice,qwen3,1002140343,2,그리고,0.24399236059214385
fruits_nuts_rice,qwen3,5132780,2,그리고,0.30118208280964787
fruits_nuts_rice,qwen3,1000048867,1,그리다,0.5439663284286436
fruits_nuts_rice,qwen3,1000867511,1,그리다,0.24907132986842356
fruits_nuts_rice,qwen3,1001729429,1,그리다,0.233294006635918
fruits_nuts_rice,qwen3,5036748,2,그리다,0.12082007095374321
fruits_nuts_rice,qwen3,5045631,1,그리다,0.1078053875256384
fruits_nuts_rice,qwen3,5048547,1,그리다,0.18484948799409368
fruits_nuts_rice,qwen3,5051031,1,그리다,0.17904934667907302
fruits_nuts_rice,qwen3,5051038,1,그리다,0.18297779783211157
fruits_nuts_rice,qwen3,1000867511,1,그림,0.32913018145182915
fruits_nuts_rice,qwen3,5036748,2,그림,0.1596551955499464
fruits_nuts_rice,qwen3,5052626,2,글씨,0.22924036912771273
fruits_nuts_rice,qwen3,1000066062,1,글자,0.259549569600252
fruits_nuts_rice,qwen3,1001729429,1,금색,0.3082815624595031
fruits_nuts_rice,qwen3,5052626,2,금색,0.21035587612041232
fruits_nuts_rice,qwen3,1001502284,2,깔다,0.4141588374231403
fruits_nuts_rice,qwen3,5049631,1,깔리다,0.23699516884348337
fruits_nuts_rice,qwen3,5063690,2,깔리다,0.1880410491012666
fruits_nuts_rice,qwen3,5068728,2,깔리다,0.22238971503439284
fruits_nuts_rice,qwen3,5051038,1,껍데기,0.26349890634515555
fruits_nuts_rice,qwen3,1000908371,1,껍질,0.2033773977021714
fruits_nuts_rice,qwen3,5003716,2,껍질,0.32031606032432064
fruits_nuts_rice,qwen3,5025577,2,껍질,0.14451480157156402
fruits_nuts_rice,qwen3,5027321,2,껍질,0.21606151557474854
fruits_nuts_rice,qwen3,5031442,1,껍질,0.2877149536104643
fruits_nuts_rice,qwen3,5031442,2,껍질,0.3758847278021477
fruits_nuts_rice,qwen3,5132780,2,껍질,0.22089549446887347
fruits_nuts_rice,qwen3,5162187,1,껍질,0.1899020511558991
fruits_nuts_rice,qwen3,5162187,2,껍질,0.21727270297426204
fruits_nuts_rice,qwen3,5031442,2,꽂히다,0.2562518205452598
fruits_nuts_rice,qwen3,5053663,2,꽂히다,0.46541091444530563
fruits_nuts_rice,qwen3,1000763360,2,나다,0.255116397765653
fruits_nuts_rice,qwen3,5025577,1,나무,0.13581487261562952
fruits_nuts_rice,qwen3,5025577,2,나무,0.11887164236691877
fruits_nuts_rice,qwen3,5027321,1,나무,0.24805850030085144
fruits_nuts_rice,qwen3,5031442,1,나무,0.1183309553667458
fruits_nuts_rice,qwen3,5031442,2,나무,0.15459328196342878
fruits_nuts_rice,qwen3,5049631,1,나무,0.15270249199262947
fruits_nuts_rice,qwen3,5052626,1,나무,0.22602011929222138
fruits_nuts_rice,qwen3,5053663,1,나무,0.20077984149873246
fruits_nuts_rice,qwen3,5053663,2,나무,0.2807761543805012
fruits_nuts_rice,qwen3,5056014,1,나무,0.17829535728777782
fruits_nuts_rice,qwen3,5056014,2,나무,0.17129175723090362
fruits_nuts_rice,qwen3,5061259,2,나무,0.14619980374901373
fruits_nuts_rice,qwen3,5063578,1,나무,0.23079329565490025
fruits_nuts_rice,qwen3,5063578,2,나무,0.16850209172473135
fruits_nuts_rice,qwen3,5063690,1,나무,0.17275260297524325
fruits_nuts_rice,qwen3,5063690,2,나무,0.12116000901957359
fruits_nuts_rice,qwen3,5094562,2,나무,0.12400055465749221
fruits_nuts_rice,qwen3,5159977,1,나뭇잎,0.33943290550719624
fruits_nuts_rice,qwen3,5063690,1,나오다,0.312059489090852
fruits_nuts_rice,qwen3,5063578,2,남다,0.30438138556960004
fruits_nuts_rice,qwen3,1000032485,2,내리다,0.3474821999985808
fruits_nuts_rice,qwen3,1000253378,1,내리다,0.2713987297242744
fruits_nuts_rice,qwen3,5038123,1,내리다,0.2980614202567642
fruits_nuts_rice,qwen3,5045631,1,내용물,0.15524616673540592
fruits_nuts_rice,qwen3,5051031,2,냄비,0.36791748711788036
fruits_nuts_rice,qwen3,1000032485,1,냉동,0.37072408863382467
fruits_nuts_rice,qwen3,1000032485,2,냉동,0.32914651787997384
fruits_nuts_rice,qwen3,1000253378,1,냉동,0.2570777635405725
fruits_nuts_rice,qwen3,1000338204,1,냉동,0.4517444152239569
fruits_nuts_rice,qwen3,5159977,1,넘치다,0.33943290550719624
fruits_nuts_rice,qwen3,1000122762,1,노란색,0.12842432782256863
fruits_nuts_rice,qwen3,1000122762,2,노란색,0.16013931543553478
fruits_nuts_rice,qwen3,1001303421,1,노란색,0.23263990638348941
fruits_nuts_rice,qwen3,1001303421,2,노란색,0.19165943455966158
fruits_nuts_rice,qwen3,1001882653,1,노란색,0.304705840799258
fruits_nuts_rice,qwen3,1001882653,2,노란색,0.22565068684036577
fruits_nuts_rice,qwen3,5027321,1,노란색,0.2776846419225728
fruits_nuts_rice,qwen3,5027321,2,노란색,0.19894869612973756
fruits_nuts_rice,qwen3,5036748,1,노란색,0.1313556432237204
fruits_nuts_rice,qwen3,5036748,2,노란색,0.10782127438048522
fruits_nuts_rice,qwen3,5159977,1,노란색,0.21034824615785738
fruits_nuts_rice,qwen3,5159977,2,노란색,0.1771841826779995
fruits_nuts_rice,qwen3,1000253378,2,녹색,0.20751778900885193
fruits_nuts_rice,qwen3,1000867509,1,녹색,0.2296117144009951
fruits_nuts_rice,qwen3,1000867509,2,녹색,0.21398089521917882
fruits_nuts_rice,qwen3,1000867511,1,녹색,0.2168737811023536
fruits_nuts_rice,qwen3,1000867511,2,녹색,0.17089745641356463
fruits_nuts_rice,qwen3,1001502284,1,녹색,0.2002083138835459
fruits_nuts_rice,qwen3,1001502284,2,녹색,0.25042046868351403
fruits_nuts_rice,qwen3,5027321,1,녹색,0.27093792357929825
fruits_nuts_rice,qwen3,5036748,1,녹색,0.12816418286244766
fruits_nuts_rice,qwen3,5036748,2,녹색,0.10520161286582036
fruits_nuts_rice,qwen3,5052626,2,녹색,0.13860981703377775
fruits_nuts_rice,qwen3,5132780,1,녹색,0.2427079268727814
fruits_nuts_rice,qwen3,5132780,2,녹색,0.198457937862409
fruits_nuts_rice,qwen3,5051031,1,농부,0.2578417031504499
fruits_nuts_rice,qwen3,1001303421,2,느끼다,0.2657209669576332
fruits_nuts_rice,qwen3,5035954,2,느끼다,0.22588927581848964
fruits_nuts_rice,qwen3,5162187,1,느끼다,0.2424314484826
fruits_nuts_rice,qwen3,1000122762,1,다,0.19016294594634844
fruits_nuts_rice,qwen3,1000122762,2,다,0.23712457367988862
fruits_nuts_rice,qwen3,5003716,1,다발,0.4443937751865514
fruits_nuts_rice,qwen3,1000066062,1,다양,0.21123096873876937
fruits_nuts_rice,qwen3,1000066062,2,다양,0.23114421177880634
fruits_nuts_rice,qwen3,1000973922,2,다양,0.25826930196409437
fruits_nuts_rice,qwen3,5094562,1,다양,0.22164118485866577
fruits_nuts_rice,qwen3,1000066062,1,달리다,0.22299795907895528
fruits_nuts_rice,qwen3,1001502284,1,달리다,0.28448527503637266
fruits_nuts_rice,qwen3,5063690,1,달리다,0.26811305942698793
fruits_nuts_rice,qwen3,1000032485,1,담기다,0.198924560644775
fruits_nuts_rice,qwen3,1000102438,1,담기다,0.12989441156366568
fruits_nuts_rice,qwen3,1000102438,2,담기다,0.15953115924440428
fruits_nuts_rice,qwen3,1000118138,1,담기다,0.15483141213329948
fruits_nuts_rice,qwen3,1000118138,2,담기다,0.1996750515477612
fruits_nuts_rice,qwen3,1000144509,2,담기다,0.38132366684845115
fruits_nuts_rice,qwen3,1000253378,1,담기다,0.13794377741221275
fruits_nuts_rice,qwen3,1000253378,2,담기다,0.14987435238271765
fruits_nuts_rice,qwen3,1000858612,1,담기다,0.13265474677067335
fruits_nuts_rice,qwen3,1000867509,1,담기다,0.1658311181884592
fruits_nuts_rice,qwen3,1000867509,2,담기다,0.15454216357268818
fruits_nuts_rice,qwen3,1000867511,2,담기다,0.12342626492972202
fruits_nuts_rice,qwen3,1000973922,1,담기다,0.14066467549929074
fruits_nuts_rice,qwen3,1000973922,2,담기다,0.13858313769296474
fruits_nuts_rice,qwen3,1001234463,1,담기다,0.1827601462742197
fruits_nuts_rice,qwen3,1001234463,2,담기다,0.2057531959677344
fruits_nuts_rice,qwen3,1001729429,2,담기다,0.18846520029333036
fruits_nuts_rice,qwen3,1001882653,1,담기다,0.21471911305977312
fruits_nuts_rice,qwen3,1002140343,2,담기다,0.11611479472772973
fruits_nuts_rice,qwen3,5035954,2,담기다,0.22962539297784085
fruits_nuts_rice,qwen3,5036748,1,담기다,0.09256326407925529
fruits_nuts_rice,qwen3,5036748,2,담기다,0.07597914218915294
fruits_nuts_rice,qwen3,5045631,1,담기다,0.0677947033378517
fruits_nuts_rice,qwen3,5045631,2,담기다,0.09883043901058011
fruits_nuts_rice,qwen3,5051031,2,담기다,0.16066649126658294
fruits_nuts_rice,qwen3,5053663,2,담기다,0.2214868230452363
fruits_nuts_rice,qwen3,5063690,1,담기다,0.13627377043539576
fruits_nuts_rice,qwen3,5094562,2,담기다,0.09781631551843217
fruits_nuts_rice,qwen3,5121007,2,담기다,0.38132366684845115
fruits_nuts_rice,qwen3,5132780,1,담기다,0.1752895187055913
fruits_nuts_rice,qwen3,5132780,2,담기다,0.14333110936850532
fruits_nuts_rice,qwen3,5134096,1,담다,0.43603312891800705
fruits_nuts_rice,qwen3,5061259,1,대,0.40991916254604643
fruits_nuts_rice,qwen3,5035954,1,대리석,0.28110457401646954
fruits_nuts_rice,qwen3,5036748,1,대리석,0.1821144292371562
fruits_nuts_rice,qwen3,5061259,1,대리석,0.3521914398698896
fruits_nuts_rice,qwen3,5094562,2,대추,0.22399401842266106
fruits_nuts_rice,qwen3,5094562,1,대추야자,0.27234109884190527
fruits_nuts_rice,qwen3,5034841,2,더,0.22459918535413478
fruits_nuts_rice,qwen3,5035954,2,더,0.21396971862843192
fruits_nuts_rice,qwen3,5061259,2,더,0.2149299118763139
fruits_nuts_rice,qwen3,5063690,2,더,0.17811863897037566
fruits_nuts_rice,qwen3,1000032485,2,덮이다,0.37112100560435146
fruits_nuts_rice,qwen3,5061259,1,덮이다,0.3761506095284643
fruits_nuts_rice,qwen3,5162187,1,도다,0.2821684035634865
fruits_nuts_rice,qwen3,5025577,1,도마,0.3993258247170112
fruits_nuts_rice,qwen3,5025577,2,도마,0.17475448641761196
fruits_nuts_rice,qwen3,5056014,1,도마,0.5242278641578068
fruits_nuts_rice,qwen3,5056014,2,도마,0.5036357278561043
fruits_nuts_rice,qwen3,1000118138,2,도자기,0.45724495896093115
fruits_nuts_rice,qwen3,1000253378,1,돋보이다,0.28986166628226623
fruits_nuts_rice,qwen3,1000338204,2,돋보이다,0.3679144212486228
fruits_nuts_rice,qwen3,1000066062,1,되다,0.1934878364154539
fruits_nuts_rice,qwen3,5025577,1,되다,0.18289148203657815
fruits_nuts_rice,qwen3,5025577,2,되다,0.16007533214816688
fruits_nuts_rice,qwen3,5034841,1,되다,0.18187760565789596
fruits_nuts_rice,qwen3,5036748,1,되다,0.15801457124841464
fruits_nuts_rice,qwen3,5063690,2,되다,0.1631569001715128
fruits_nuts_rice,qwen3,5049631,1,둥글다,0.2531176715956266
fruits_nuts_rice,qwen3,5162187,2,둥글다,0.29624255296294066
fruits_nuts_rice,qwen3,1000122762,1,드러나다,0.11028665503443899
fruits_nuts_rice,qwen3,1000122762,2,드러나다,0.13752245963312212
fruits_nuts_rice,qwen3,1001303421,1,드러나다,0.19978361995406324
fruits_nuts_rice,qwen3,1001303421,2,드러나다,0.16459091748239962
fruits_nuts_rice,qwen3,1001882653,2,드러나다,0.19378150448434162
fruits_nuts_rice,qwen3,5025577,1,드러나다,0.13056318657822594
fruits_nuts_rice,qwen3,5034841,1,드러나다,0.1298393970975837
fruits_nuts_rice,qwen3,5034841,2,드러나다,0.14686946612326238
fruits_nuts_rice,qwen3,5036748,2,드러나다,0.09259341975613176
fruits_nuts_rice,qwen3,5049631,2,드러나다,0.1491231568781137
fruits_nuts_rice,qwen3,5056014,2,드러나다,0.16466825192219017
fruits_nuts_rice,qwen3,5063690,2,드러나다,0.11647499687469187
fruits_nuts_rice,qwen3,5068728,1,드러나다,0.20283903948951224
fruits_nuts_rice,qwen3,5068728,2,드러나다,0.13775099366545732
fruits_nuts_rice,qwen3,5132780,1,드러나다,0.2136198898370068
fruits_nuts_rice,qwen3,5132780,2,드러나다,0.17467316939206945
fruits_nuts_rice,qwen3,5159977,1,드러나다,0.180640263838189
fruits_nuts_rice,qwen3,5159977,2,드러나다,0.15216003979842135
fruits_nuts_rice,qwen3,5162187,2,드러나다,0.17180844608056897
fruits_nuts_rice,qwen3,1002140343,2,드러내다,0.24399236059214385
fruits_nuts_rice,qwen3,5025577,2,드러내다,0.1970400937275785
fruits_nuts_rice,qwen3,1000102438,1,들다,0.20018745684392314
fruits_nuts_rice,qwen3,1000102438,2,들다,0.2458622866992798
fruits_nuts_rice,qwen3,1000122762,1,들다,0.13947090604664183
fruits_nuts_rice,qwen3,1000122762,2,들다,0.17391389774950425
fruits_nuts_rice,qwen3,1000858612,1,들다,0.20444156199344893
fruits_nuts_rice,qwen3,5045631,1,들다,0.10448216428495719
fruits_nuts_rice,qwen3,5051038,1,들다,0.1773372998547751
fruits_nuts_rice,qwen3,5061259,2,들다,0.17773823266759306
fruits_nuts_rice,qwen3,5063690,2,들다,0.14729681792253377
fruits_nuts_rice,qwen3,1000032485,2,듯,0.3474821999985808
fruits_nuts_rice,qwen3,1000253378,1,듯,0.2713987297242744
fruits_nuts_rice,qwen3,1000763360,2,듯,0.2191890979319903
fruits_nuts_rice,qwen3,1000867511,2,디자인,0.24283611877930653
fruits_nuts_rice,qwen3,5045631,1,디자인,0.13338330088601738
fruits_nuts_rice,qwen3,5094562,2,디자인,0.19244959269660383
fruits_nuts_rice,qwen3,5068728,2,따다,0.2588416282332989
fruits_nuts_rice,qwen3,1000763360,2,따오다,0.255116397765653
fruits_nuts_rice,qwen3,5038123,1,또,0.3469166877652547
fruits_nuts_rice,qwen3,1000066062,1,뚜껑,0.22299795907895528
fruits_nuts_rice,qwen3,5094562,1,뚜껑,0.23398809448461494
fruits_nuts_rice,qwen3,5094562,2,뚜껑,0.19244959269660383
fruits_nuts_rice,qwen3,1000066062,1,라벨,0.20161663758303183
fruits_nuts_rice,qwen3,1000858612,1,라벨,0.23596846663488102
fruits_nuts_rice,qwen3,5036748,1,라벨,0.32930614279880643
fruits_nuts_rice,qwen3,5036748,2,라벨,0.13515295995854706
fruits_nuts_rice,qwen3,5121007,1,라벨,0.343747285990294
fruits_nuts_rice,qwen3,5045631,2,레이,0.2263163058138707
fruits_nuts_rice,qwen3,5068728,1,리넨,0.38114561538665376
fruits_nuts_rice,qwen3,1001729429,1,마크,0.3082815624595031
fruits_nuts_rice,qwen3,5051031,1,마크,0.23660107324454357
fruits_nuts_rice,qwen3,5094562,2,만들다,0.22399401842266106
fruits_nuts_rice,qwen3,1000867511,2,말리다,0.25935597448963443
fruits_nuts_rice,qwen3,5045631,2,말리다,0.20767269295090643
fruits_nuts_rice,qwen3,5045631,1,매일,0.15524616673540592
fruits_nuts_rice,qwen3,1000763360,2,맺히다,0.23410027461079486
fruits_nuts_rice,qwen3,1001502284,2,맺히다,0.3800410260664866
fruits_nuts_rice,qwen3,5049631,1,멜론,0.551682125923727
fruits_nuts_rice,qwen3,5048547,1,명,0.2442655505830934
fruits_nuts_rice,qwen3,5094562,1,명,0.2499060295028953
fruits_nuts_rice,qwen3,1000253378,2,몇,0.2243337682657021
fruits_nuts_rice,qwen3,1000763360,2,몇,0.33351132116496085
fruits_nuts_rice,qwen3,1001729429,2,몇,0.2820970225832209
fruits_nuts_rice,qwen3,5035954,1,몇,0.21385999292454635
fruits_nuts_rice,qwen3,5048547,2,몇,0.32425548741842336
fruits_nuts_rice,qwen3,5048580,1,몇,0.30623619122170054
fruits_nuts_rice,qwen3,5051038,2,몇,0.33381139670535126
fruits_nuts_rice,qwen3,5056014,1,몇,0.2105208131497469
fruits_nuts_rice,qwen3,5056014,2,몇,0.20225136855299833
fruits_nuts_rice,qwen3,5159977,2,몇,0.18688834021782877
fruits_nuts_rice,qwen3,1000122762,1,몇개,0.11472275146817065
fruits_nuts_rice,qwen3,1000858612,1,몇개,0.16816481064872074
fruits_nuts_rice,qwen3,1000867509,2,몇개,0.1959112229837685
fruits_nuts_rice,qwen3,1000908371,1,몇개,0.16728947500367441
fruits_nuts_rice,qwen3,1001234463,1,몇개,0.23168281678956956
fruits_nuts_rice,qwen3,1001234463,2,몇개,0.26083082650708794
fruits_nuts_rice,qwen3,1001882653,1,몇개,0.27219681066354895
fruits_nuts_rice,qwen3,1001882653,2,몇개,0.20157604173545063
fruits_nuts_rice,qwen3,5025577,1,몇개,0.13581487261562952
fruits_nuts_rice,qwen3,5027321,2,몇개,0.177722883257307
fruits_nuts_rice,qwen3,5038123,2,몇개,0.2128383552078334
fruits_nuts_rice,qwen3,5048580,2,몇개,0.23853634694496686
fruits_nuts_rice,qwen3,5056014,1,몇개,0.17829535728777782
fruits_nuts_rice,qwen3,5056014,2,몇개,0.17129175723090362
fruits_nuts_rice,qwen3,5061259,1,몇개,0.22692661115856863
fruits_nuts_rice,qwen3,5063578,1,몇개,0.23079329565490025
fruits_nuts_rice,qwen3,5159977,2,몇개,0.15828042317295987
fruits_nuts_rice,qwen3,5048547,1,모서리,0.26619425144462927
fruits_nuts_rice,qwen3,5027321,2,모습,0.2758269637600226
fruits_nuts_rice,qwen3,5045631,1,모습,0.13338330088601738
fruits_nuts_rice,qwen3,5052626,2,모습,0.19695711510028507
fruits_nuts_rice,qwen3,1000102438,1,모양,0.2729475100865634
fruits_nuts_rice,qwen3,5094562,1,모양,0.2499060295028953
fruits_nuts_rice,qwen3,5045631,2,목,0.2263163058138707
fruits_nuts_rice,qwen3,1000118138,2,무늬,0.4195777746732
fruits_nuts_rice,qwen3,5051038,1,무늬,0.24179224414930914
fruits_nuts_rice,qwen3,1001303421,2,무더기,0.24024331036295013
fruits_nuts_rice,qwen3,1001502284,1,무더기,0.2572084732596566
fruits_nuts_rice,qwen3,1001502284,2,무더기,0.3217162423160882
fruits_nuts_rice,qwen3,5034841,2,무더기,0.2143763900973747
fruits_nuts_rice,qwen3,5068728,2,무더기,0.2010667127334902
fruits_nuts_rice,qwen3,1000122762,1,문구,0.14886613637571489
fruits_nuts_rice,qwen3,1000867511,2,문구,0.20303283416277837
fruits_nuts_rice,qwen3,1001729429,1,문구,0.24133347793298685
fruits_nuts_rice,qwen3,5036748,1,문구,0.15226404085118925
fruits_nuts_rice,qwen3,5051031,1,문구,0.1852195098313214
fruits_nuts_rice,qwen3,5094562,2,문구,0.16090516697054663
fruits_nuts_rice,qwen3,5121007,1,문구,0.3178826264925737
fruits_nuts_rice,qwen3,5048547,1,문양,0.26619425144462927
fruits_nuts_rice,qwen3,1000763360,2,물방울,0.2191890979319903
fruits_nuts_rice,qwen3,1001502284,2,물방울,0.3558340536727419
fruits_nuts_rice,qwen3,5027321,2,물방울,0.2758269637600226
fruits_nuts_rice,qwen3,1000867511,2,미니멀,0.2826394033958347
fruits_nuts_rice,qwen3,5035954,1,민트,0.30022778775258446
fruits_nuts_rice,qwen3,5035954,2,민트,0.2412562577229538
fruits_nuts_rice,qwen3,1000867509,1,밀,0.3797442006038011
fruits_nuts_rice,qwen3,1000122762,1,밀봉,0.19016294594634844
fruits_nuts_rice,qwen3,1000122762,2,밀봉,0.23712457367988862
fruits_nuts_rice,qwen3,5052626,2,바,0.45848073825542546
fruits_nuts_rice,qwen3,5063690,1,바구니,0.5079309380963974
fruits_nuts_rice,qwen3,5063690,2,바구니,0.17811863897037566
fruits_nuts_rice,qwen3,5162187,1,바구니,0.4592780124735711
fruits_nuts_rice,qwen3,5162187,2,바구니,0.2627369598679551
fruits_nuts_rice,qwen3,5003716,1,바나나,0.36166396954041796
fruits_nuts_rice,qwen3,5003716,2,바나나,0.38734211308846245
fruits_nuts_rice,qwen3,5031442,1,바나나,0.6958384664558425
fruits_nuts_rice,qwen3,5031442,2,바나나,0.4545385098616323
fruits_nuts_rice,qwen3,5063690,1,밖,0.312059489090852
fruits_nuts_rice,qwen3,1000122762,1,반,0.1922396733244909
fruits_nuts_rice,qwen3,1000122762,2,반,0.11985707929212455
fruits_nuts_rice,qwen3,1000763360,1,반,0.19518865561366902
fruits_nuts_rice,qwen3,1000763360,2,반,0.11832841590771796
fruits_nuts_rice,qwen3,1000908371,2,반,0.153804164356385
fruits_nuts_rice,qwen3,1001303421,1,반,0.17412051269285614
fruits_nuts_rice,qwen3,1001303421,2,반,0.14344847161750576
fruits_nuts_rice,qwen3,1001882653,1,반,0.22805862521719095
fruits_nuts_rice,qwen3,1001882653,2,반,0.16888939603239142
fruits_nuts_rice,qwen3,1002140343,1,반,0.17106237470273383
fruits_nuts_rice,qwen3,1002140343,2,반,0.1233284735374752
fruits_nuts_rice,qwen3,5025577,1,반,0.11379175625629846
fruits_nuts_rice,qwen3,5025577,2,반,0.099595962456071
fruits_nuts_rice,qwen3,5034841,1,반,0.22632188159931085
fruits_nuts_rice,qwen3,5034841,2,반,0.25600684126344864
fruits_nuts_rice,qwen3,5056014,1,반,0.14938380051748223
fruits_nuts_rice,qwen3,5056014,2,반,0.14351587209962857
fruits_nuts_rice,qwen3,5063578,2,반,0.14117856594750083
fruits_nuts_rice,qwen3,5063690,2,반,0.101513258075829
fruits_nuts_rice,qwen3,5068728,1,반,0.1767834498051503
fruits_nuts_rice,qwen3,5068728,2,반,0.12005625709702726
fruits_nuts_rice,qwen3,5132780,1,반,0.18617945129016858
fruits_nuts_rice,qwen3,5132780,2,반,0.152235612785605
fruits_nuts_rice,qwen3,5159977,1,반,0.15743620703093866
fruits_nuts_rice,qwen3,5159977,2,반,0.13261439625109603
fruits_nuts_rice,qwen3,5162187,1,반,0.13087571204869147
fruits_nuts_rice,qwen3,5162187,2,반,0.14973887610701075
fruits_nuts_rice,qwen3,5061259,2,반사,0.26409463751836015
fruits_nuts_rice,qwen3,1000118138,2,반점,0.4195777746732
fruits_nuts_rice,qwen3,1001303421,2,반점,0.28379765198873563
fruits_nuts_rice,qwen3,5027321,2,반짝이다,0.321037780003675
fruits_nuts_rice,qwen3,5049631,1,받침대,0.22448958415575707
fruits_nuts_rice,qwen3,5063578,2,받침대,0.24771674651181186
fruits_nuts_rice,qwen3,5063690,1,받침대,0.2539654690481987
fruits_nuts_rice,qwen3,5063690,2,받침대,0.17811863897037566
fruits_nuts_rice,qwen3,1000030900,2,밝다,0.35359514165189593
fruits_nuts_rice,qwen3,1000032485,1,밝다,0.198924560644775
fruits_nuts_rice,qwen3,1000048867,2,밝다,0.2662933869903118
fruits_nuts_rice,qwen3,1000118138,2,밝다,0.1996750515477612
fruits_nuts_rice,qwen3,1000144509,1,밝다,0.19041920091425127
fruits_nuts_rice,qwen3,1000144509,2,밝다,0.38132366684845115
fruits_nuts_rice,qwen3,1000338204,1,밝다,0.2423987598251725
fruits_nuts_rice,qwen3,1000763360,1,밝다,0.36754352064328155
fruits_nuts_rice,qwen3,1000908371,1,밝다,0.1319642489912329
fruits_nuts_rice,qwen3,1000973922,1,밝다,0.14066467549929074
fruits_nuts_rice,qwen3,1001234463,1,밝다,0.3655202925484394
fruits_nuts_rice,qwen3,1001234463,2,밝다,0.4115063919354688
fruits_nuts_rice,qwen3,1001303421,1,밝다,0.16393592662990772
fruits_nuts_rice,qwen3,1001303421,2,밝다,0.13505794208027658
fruits_nuts_rice,qwen3,5003716,1,밝다,0.19406304701428245
fruits_nuts_rice,qwen3,5003716,2,밝다,0.207841524270217
fruits_nuts_rice,qwen3,5034841,1,밝다,0.10654197717087681
fruits_nuts_rice,qwen3,5038123,2,밝다,0.16789492405851644
fruits_nuts_rice,qwen3,5048547,1,밝다,0.11624480453477366
fruits_nuts_rice,qwen3,5048580,1,밝다,0.2045922519392705
fruits_nuts_rice,qwen3,5049631,2,밝다,0.12236560189675082
fruits_nuts_rice,qwen3,5051038,1,밝다,0.1150677698597508
fruits_nuts_rice,qwen3,5052626,1,밝다,0.1782931968592271
fruits_nuts_rice,qwen3,5068728,2,밝다,0.2260679508753491
fruits_nuts_rice,qwen3,5070409,1,밝다,0.2089672050605478
fruits_nuts_rice,qwen3,5070409,2,밝다,0.3104860907623905
fruits_nuts_rice,qwen3,5121007,1,밝다,0.19324492728389037
fruits_nuts_rice,qwen3,5121007,2,밝다,0.38132366684845115
fruits_nuts_rice,qwen3,5134096,1,밝다,0.19041202267398605
fruits_nuts_rice,qwen3,5134096,2,밝다,0.22185866283196495
fruits_nuts_rice,qwen3,5159977,1,밝다,0.14822751257482278
fruits_nuts_rice,qwen3,1000118138,1,밥,0.2885502623152996
fruits_nuts_rice,qwen3,1000867509,1,밥,0.30904977222660207
fruits_nuts_rice,qwen3,1000867511,1,밥,0.29190493536645906
fruits_nuts_rice,qwen3,1000867511,2,밥,0.23002232319244817
fruits_nuts_rice,qwen3,1000030900,1,밥그릇,0.36122964131805524
fruits_nuts_rice,qwen3,1000048867,1,밥그릇,0.2635989749531303
fruits_nuts_rice,qwen3,1000144509,1,밥그릇,0.2934655548794901
fruits_nuts_rice,qwen3,1001729429,1,밥그릇,0.2261024545014782
fruits_nuts_rice,qwen3,5048547,1,밥그릇,0.17915129304642557
fruits_nuts_rice,qwen3,5051038,1,밥그릇,0.1773372998547751
fruits_nuts_rice,qwen3,5053663,1,밥그릇,0.24409235353371606
fruits_nuts_rice,qwen3,5070409,1,밥그릇,0.32205090920597507
fruits_nuts_rice,qwen3,5121007,1,밥그릇,0.297820437963876
fruits_nuts_rice,qwen3,5045631,2,방식,0.2263163058138707
fruits_nuts_rice,qwen3,1000763360,2,방울,0.23410027461079486
fruits_nuts_rice,qwen3,1001234463,1,방울,0.3840344343386519
fruits_nuts_rice,qwen3,1000032485,1,배경,0.30657363484613076
fruits_nuts_rice,qwen3,1000048867,2,배경,0.4103994565602755
fruits_nuts_rice,qwen3,1000908371,2,배경,0.2231714794929252
fruits_nuts_rice,qwen3,1001502284,1,배경,0.4456875342798996
fruits_nuts_rice,qwen3,5038123,1,배경,0.23347826955405285
fruits_nuts_rice,qwen3,5048580,1,배경,0.3153084271498427
fruits_nuts_rice,qwen3,5061259,2,배경,0.17773823266759306
fruits_nuts_rice,qwen3,5070409,2,배경,0.47850727484661615
fruits_nuts_rice,qwen3,5134096,2,배경,0.3419186472803412
fruits_nuts_rice,qwen3,1000102438,1,배열,0.2974511058056544
fruits_nuts_rice,qwen3,1001729429,1,백미,0.3359572381663878
fruits_nuts_rice,qwen3,1000118138,1,백진주,0.32534770292451837
fruits_nuts_rice,qwen3,5051038,1,백진주,0.24179224414930914
fruits_nuts_rice,qwen3,5003716,2,벗기다,0.40891968256264244
fruits_nuts_rice,qwen3,5031442,1,벗기다,0.1836503411346176
fruits_nuts_rice,qwen3,5031442,2,벗기다,0.239929686037864
fruits_nuts_rice,qwen3,1000253378,1,베리,0.315883713828295
fruits_nuts_rice,qwen3,1000908371,2,베이지,0.2849036369231131
fruits_nuts_rice,qwen3,5049631,1,베이지,0.23699516884348337
fruits_nuts_rice,qwen3,5051031,1,베이지,0.22153060649088566
fruits_nuts_rice,qwen3,1000867509,2,벼,0.30405537436555113
fruits_nuts_rice,qwen3,1000867511,2,벼,0.24283611877930653
fruits_nuts_rice,qwen3,5051031,1,벼,0.22153060649088566
fruits_nuts_rice,qwen3,1000048867,1,보라색,0.3042485359616344
fruits_nuts_rice,qwen3,1000338204,2,보라색,0.3114507039492572
fruits_nuts_rice,qwen3,5038123,1,보라색,0.2694829208015965
fruits_nuts_rice,qwen3,5038123,2,보라색,0.29865427924985827
fruits_nuts_rice,qwen3,5053663,1,보라색,0.2817338011851813
fruits_nuts_rice,qwen3,5025577,2,보송보송,0.1970400937275785
fruits_nuts_rice,qwen3,5132780,2,보송보송,0.30118208280964787
fruits_nuts_rice,qwen3,1000118138,1,보이다,0.24620891551055366
fruits_nuts_rice,qwen3,1000763360,2,보이다,0.17715685162227407
fruits_nuts_rice,qwen3,1000908371,2,보이다,0.2302698072542585
fruits_nuts_rice,qwen3,5045631,1,보이다,0.1078053875256384
fruits_nuts_rice,qwen3,5048547,1,보이다,0.36969897598818735
fruits_nuts_rice,qwen3,5048580,1,보이다,0.3253373186860975
fruits_nuts_rice,qwen3,5052626,2,보이다,0.15918812908568425
fruits_nuts_rice,qwen3,5061259,2,보이다,0.18339148295773458
fruits_nuts_rice,qwen3,5027321,1,복숭아,0.3340413746894225
fruits_nuts_rice,qwen3,5027321,2,복숭아,0.23932578873546795
fruits_nuts_rice,qwen3,5056014,1,복숭아,0.24009669564605773
fruits_nuts_rice,qwen3,5056014,2,복숭아,0.23066548410549054
fruits_nuts_rice,qwen3,5159977,1,복숭아,0.2530389034971254
fruits_nuts_rice,qwen3,5159977,2,복숭아,0.4262882350654731
fruits_nuts_rice,qwen3,1000030900,1,봉지,0.29713192190784865
fruits_nuts_rice,qwen3,1000032485,1,봉지,0.25217424848007003
fruits_nuts_rice,qwen3,1000048867,1,봉지,0.21682514689263854
fruits_nuts_rice,qwen3,1000118138,1,봉지,0.3925557997390339
fruits_nuts_rice,qwen3,1000122762,1,봉지,0.11472275146817065
fruits_nuts_rice,qwen3,1000122762,2,봉지,0.1430540708017263
fruits_nuts_rice,qwen3,1000144509,1,봉지,0.24139210729476132
fruits_nuts_rice,qwen3,1000338204,1,봉지,0.3072859625442106
fruits_nuts_rice,qwen3,1000867509,2,봉지,0.1959112229837685
fruits_nuts_rice,qwen3,1000867511,1,봉지,0.1985598183676916
fruits_nuts_rice,qwen3,1001729429,1,봉지,0.18598212651921756
fruits_nuts_rice,qwen3,5048547,1,봉지,0.14736212626662978
fruits_nuts_rice,qwen3,5051031,1,봉지,0.14273825001950877
fruits_nuts_rice,qwen3,5053663,1,봉지,0.20077984149873246
fruits_nuts_rice,qwen3,5070409,1,봉지,0.26490518678196445
fruits_nuts_rice,qwen3,5121007,1,봉지,0.24497424627933104
fruits_nuts_rice,qwen3,5134096,1,봉지,0.2413830075267969
fruits_nuts_rice,qwen3,1000908371,1,붉다,0.2098461428635925
fruits_nuts_rice,qwen3,1000908371,2,붉다,0.2302698072542585
fruits_nuts_rice,qwen3,1001234463,2,붉다,0.3271834219172071
fruits_nuts_rice,qwen3,1001303421,1,붉다,0.260686679483475
fruits_nuts_rice,qwen3,1001502284,2,붉다,0.28759843095943455
fruits_nuts_rice,qwen3,5063578,1,붉다,0.2895046618497295
fruits_nuts_rice,qwen3,5063578,2,붉다,0.2113672364152347
fruits_nuts_rice,qwen3,5159977,2,붉다,0.19854528381378012
fruits_nuts_rice,qwen3,5027321,2,붉은색,0.2945911478741434
fruits_nuts_rice,qwen3,5048547,1,붉은색,0.2442655505830934
fruits_nuts_rice,qwen3,5061259,2,붓,0.26409463751836015
fruits_nuts_rice,qwen3,1000122762,1,붙다,0.1439070024803735
fruits_nuts_rice,qwen3,1000122762,2,붙다,0.17944550891810843
fruits_nuts_rice,qwen3,1000858612,1,붙다,0.21094415461131275
fruits_nuts_rice,qwen3,1001729429,1,붙다,0.233294006635918
fruits_nuts_rice,qwen3,5025577,2,붙다,0.14911132721296672
fruits_nuts_rice,qwen3,5036748,1,붙다,0.14719171356165023
fruits_nuts_rice,qwen3,5036748,2,붙다,0.12082007095374321
fruits_nuts_rice,qwen3,5051031,1,붙다,0.17904934667907302
fruits_nuts_rice,qwen3,1000118138,1,브랜드,0.2754166872834817
fruits_nuts_rice,qwen3,5045631,2,브랜드,0.17580122625008376
fruits_nuts_rice,qwen3,5048547,1,브랜드,0.20677818885562949
fruits_nuts_rice,qwen3,5053663,1,브랜드,0.2817338011851813
fruits_nuts_rice,qwen3,5094562,1,브랜드,0.21155302514560498
fruits_nuts_rice,qwen3,1000032485,1,블루베리,0.632649404535528
fruits_nuts_rice,qwen3,1000032485,2,블루베리,0.28084814950801223
fruits_nuts_rice,qwen3,1000253378,1,블루베리,0.21935463463221694
fruits_nuts_rice,qwen3,1000253378,2,블루베리,0.4766526540651415
fruits_nuts_rice,qwen3,1000338204,1,블루베리,0.7709125035464738
fruits_nuts_rice,qwen3,1000338204,2,블루베리,0.556843093355616
fruits_nuts_rice,qwen3,5035954,1,블루베리,0.4543985241896475
fruits_nuts_rice,qwen3,5035954,2,블루베리,0.365144373482077
fruits_nuts_rice,qwen3,1000122762,1,비닐,0.19016294594634844
fruits_nuts_rice,qwen3,1000122762,2,비닐,0.23712457367988862
fruits_nuts_rice,qwen3,1000867511,1,비다,0.3586775215345028
fruits_nuts_rice,qwen3,1001303421,1,빛,0.30551781437759035
fruits_nuts_rice,qwen3,1001303421,2,빛,0.2516996007339707
fruits_nuts_rice,qwen3,5159977,2,빛,0.23268976108006187
fruits_nuts_rice,qwen3,5162187,1,빛,0.22963900623678554
fruits_nuts_rice,qwen3,1000122762,1,빨간색,0.14886613637571489
fruits_nuts_rice,qwen3,1000122762,2,빨간색,0.18562932409252247
fruits_nuts_rice,qwen3,1001234463,1,빨간색,0.3006354481453912
fruits_nuts_rice,qwen3,1001502284,1,빨간색,0.2378552744071212
fruits_nuts_rice,qwen3,1001882653,1,빨간색,0.35320707548159586
fruits_nuts_rice,qwen3,1001882653,2,빨간색,0.2615683997728379
fruits_nuts_rice,qwen3,5027321,1,빨간색,0.3218848054318784
fruits_nuts_rice,qwen3,1000908371,1,뽐내다,0.30219092043090523
fruits_nuts_rice,qwen3,1000102438,1,사과,0.3686638355255642
fruits_nuts_rice,qwen3,1000102438,2,사과,0.4527782861855856
fruits_nuts_rice,qwen3,1000122762,1,사과,0.5136973112902745
fruits_nuts_rice,qwen3,1000122762,2,사과,0.48041794630660434
fruits_nuts_rice,qwen3,1000908371,1,사과,0.5618076128107319
fruits_nuts_rice,qwen3,1000908371,2,사과,0.2054955263104291
fruits_nuts_rice,qwen3,1001303421,1,사과,0.23263990638348941
fruits_nuts_rice,qwen3,1001303421,2,사과,0.38331886911932317
fruits_nuts_rice,qwen3,1001882653,1,사과,0.304705840799258
fruits_nuts_rice,qwen3,1001882653,2,사과,0.45130137368073153
fruits_nuts_rice,qwen3,5061259,1,사과,0.5080578547870367
fruits_nuts_rice,qwen3,5061259,2,사과,0.4909822493963044
fruits_nuts_rice,qwen3,1000048867,1,산,0.3916719250306303
fruits_nuts_rice,qwen3,5051031,1,삽화,0.2578417031504499
fruits_nuts_rice,qwen3,5048547,1,상단,0.26619425144462927
fruits_nuts_rice,qwen3,1000102438,1,상자,0.20018745684392314
fruits_nuts_rice,qwen3,1000102438,2,상자,0.2458622866992798
fruits_nuts_rice,qwen3,1000908371,1,상자,0.2033773977021714
fruits_nuts_rice,qwen3,1000908371,2,상자,0.2231714794929252
fruits_nuts_rice,qwen3,1000973922,1,상자,0.4335722117217781
fruits_nuts_rice,qwen3,5045631,1,상자,0.20896432856991437
fruits_nuts_rice,qwen3,5052626,1,상자,0.2747774998336069
fruits_nuts_rice,qwen3,5094562,1,상자,0.3665763610027509
fruits_nuts_rice,qwen3,5094562,2,상자,0.3015002601844822
fruits_nuts_rice,qwen3,1000066062,2,상태,0.2840179214297543
fruits_nuts_rice,qwen3,5035954,1,상판,0.30022778775258446
fruits_nuts_rice,qwen3,5063578,1,상판,0.3825599756346416
fruits_nuts_rice,qwen3,1000118138,2,색,0.28335695691681917
fruits_nuts_rice,qwen3,1000908371,1,색,0.18726920427024396
fruits_nuts_rice,qwen3,1000908371,2,색,0.2054955263104291
fruits_nuts_rice,qwen3,1001234463,2,색,0.29198239356097894
fruits_nuts_rice,qwen3,1001303421,1,색,0.23263990638348941
fruits_nuts_rice,qwen3,1001303421,2,색,0.19165943455966158
fruits_nuts_rice,qwen3,5003716,1,색,0.2753930149296573
fruits_nuts_rice,qwen3,5003716,2,색,0.2949459202922752
fruits_nuts_rice,qwen3,5049631,1,색,0.17094006759788638
fruits_nuts_rice,qwen3,5049631,2,색,0.17364785593389287
fruits_nuts_rice,qwen3,5051031,1,색,0.15978577552170226
fruits_nuts_rice,qwen3,5068728,2,색,0.16040543402874138
fruits_nuts_rice,qwen3,5045631,1,색상,0.14245721005521644
fruits_nuts_rice,qwen3,5045631,2,색상,0.20767269295090643
fruits_nuts_rice,qwen3,5159977,1,생기,0.33943290550719624
fruits_nuts_rice,qwen3,1000032485,2,서리,0.3474821999985808
fruits_nuts_rice,qwen3,1000253378,1,서리,0.2713987297242744
fruits_nuts_rice,qwen3,5038123,1,서리,0.2980614202567642
fruits_nuts_rice,qwen3,1000066062,1,섞이다,0.20161663758303183
fruits_nuts_rice,qwen3,1000066062,2,섞이다,0.44124702976916963
fruits_nuts_rice,qwen3,1000973922,2,섞이다,0.2465139868638979
fruits_nuts_rice,qwen3,5045631,2,섞이다,0.17580122625008376
fruits_nuts_rice,qwen3,5052626,2,섞이다,0.17807262209298466
fruits_nuts_rice,qwen3,1000908371,1,선명,0.22527591730791163
fruits_nuts_rice,qwen3,1001234463,1,선명,0.3119894965036189
fruits_nuts_rice,qwen3,5034841,2,선명,0.20573313986259673
fruits_nuts_rice,qwen3,5068728,1,선명,0.28413470534350194
fruits_nuts_rice,qwen3,5068728,2,선명,0.19296008349483945
fruits_nuts_rice,qwen3,5132780,2,선명,0.244680262939213
fruits_nuts_rice,qwen3,5094562,2,선물,0.22399401842266106
fruits_nuts_rice,qwen3,1000973922,1,소,0.32211442179365773
fruits_nuts_rice,qwen3,5094562,2,소재,0.22399401842266106
fruits_nuts_rice,qwen3,1001882653,2,속,0.2963391179440544
fruits_nuts_rice,qwen3,5056014,2,속,0.25181786392805217
fruits_nuts_rice,qwen3,5063690,2,속,0.17811863897037566
fruits_nuts_rice,qwen3,5068728,1,속,0.31019029502786394
fruits_nuts_rice,qwen3,5159977,1,속살,0.3114709093069231
fruits_nuts_rice,qwen3,5159977,2,속살,0.26236357802624344
fruits_nuts_rice,qwen3,5051031,2,손,0.36791748711788036
fruits_nuts_rice,qwen3,1000763360,1,송이,0.3137164209110733
fruits_nuts_rice,qwen3,1000763360,2,송이,0.19018301557504336
fruits_nuts_rice,qwen3,5038123,1,송이,0.5172357591306869
fruits_nuts_rice,qwen3,5038123,2,송이,0.28661310406227686
fruits_nuts_rice,qwen3,5048580,1,송이,0.3492590423696687
fruits_nuts_rice,qwen3,5048580,2,송이,0.32121862040708415
fruits_nuts_rice,qwen3,5051031,1,수확,0.23660107324454357
fruits_nuts_rice,qwen3,5159977,2,수확,0.26236357802624344
fruits_nuts_rice,qwen3,1000253378,1,숟가락,0.23548355885023917
fruits_nuts_rice,qwen3,1000253378,2,숟가락,0.25585022058655427
fruits_nuts_rice,qwen3,1002140343,2,숟가락,0.1982193442183495
fruits_nuts_rice,qwen3,5035954,2,숟가락,0.19599653480280643
fruits_nuts_rice,qwen3,5053663,1,숟가락,0.2703748276427468
fruits_nuts_rice,qwen3,5053663,2,숟가락,0.3780997324240866
fruits_nuts_rice,qwen3,5045631,1,스낵,0.13338330088601738
fruits_nuts_rice,qwen3,5045631,2,스낵,0.19444483911304805
fruits_nuts_rice,qwen3,5052626,2,스낵,0.39391423020057015
fruits_nuts_rice,qwen3,5061259,2,스타,0.26409463751836015
fruits_nuts_rice,qwen3,1000122762,1,스티커,0.17805038738791773
fruits_nuts_rice,qwen3,1000122762,2,스티커,0.2220207622089046
fruits_nuts_rice,qwen3,5025577,2,스티커,0.18448949055009442
fruits_nuts_rice,qwen3,5094562,1,슬로건,0.27234109884190527
fruits_nuts_rice,qwen3,5025577,1,식탁,0.24533534678748778
fruits_nuts_rice,qwen3,5068728,1,식탁보,0.38114561538665376
fruits_nuts_rice,qwen3,5094562,2,심플,0.22399401842266106
fruits_nuts_rice,qwen3,1000030900,1,쌀,0.3033650064451707
fruits_nuts_rice,qwen3,1000048867,1,쌀,0.22137359615289082
fruits_nuts_rice,qwen3,1000066062,2,쌀,0.4815821453160593
fruits_nuts_rice,qwen3,1000118138,1,쌀,0.20039531927985602
fruits_nuts_rice,qwen3,1000144509,1,쌀,0.24645590993753896
fruits_nuts_rice,qwen3,1000867509,1,쌀,0.21463202730012873
fruits_nuts_rice,qwen3,1000867509,2,쌀,0.2000209504301743
fruits_nuts_rice,qwen3,1000867511,1,쌀,0.20272510672060368
fruits_nuts_rice,qwen3,1000867511,2,쌀,0.15974824118259273
fruits_nuts_rice,qwen3,5048547,1,쌀,0.15045341509457436
fruits_nuts_rice,qwen3,5051031,1,쌀,0.14573254148899598
fruits_nuts_rice,qwen3,5051031,2,쌀,0.2079475499921281
fruits_nuts_rice,qwen3,5051038,1,쌀,0.1489300017493444
fruits_nuts_rice,qwen3,5053663,1,쌀,0.4099834007684546
fruits_nuts_rice,qwen3,5121007,1,쌀,0.25011319323838377
fruits_nuts_rice,qwen3,5134096,1,쌀,0.4928932385584059
fruits_nuts_rice,qwen3,1001729429,2,쌀밥,0.3960224811736181
fruits_nuts_rice,qwen3,5053663,2,쌀밥,0.46541091444530563
fruits_nuts_rice,qwen3,1000030900,2,쌀알,0.4676247452391533
fruits_nuts_rice,qwen3,1000048867,2,쌀알,0.35216936711423313
fruits_nuts_rice,qwen3,1000066062,2,쌀알,0.16402566953169662
fruits_nuts_rice,qwen3,1000118138,2,쌀알,0.2640675284010537
fruits_nuts_rice,qwen3,1000144509,2,쌀알,0.5042953410802629
fruits_nuts_rice,qwen3,1000867509,2,쌀알,0.2043799005036425
fruits_nuts_rice,qwen3,1000867511,1,쌀알,0.20714298703230685
fruits_nuts_rice,qwen3,1001729429,2,쌀알,0.24924265322733702
fruits_nuts_rice,qwen3,5048547,1,쌀알,0.15373216626223757
fruits_nuts_rice,qwen3,5048547,2,쌀알,0.572982282957979
fruits_nuts_rice,qwen3,5051038,1,쌀알,0.152175553981102
fruits_nuts_rice,qwen3,5051038,2,쌀알,0.5898682476722719
fruits_nuts_rice,qwen3,5070409,2,쌀알,0.41061361424473347
fruits_nuts_rice,qwen3,5121007,2,쌀알,0.5042953410802629
fruits_nuts_rice,qwen3,5134096,2,쌀알,0.2934050513285398
fruits_nuts_rice,qwen3,1000066062,2,쌓이다,0.2606209321839374
fruits_nuts_rice,qwen3,5068728,2,쌓이다,0.23751862593239628
fruits_nuts_rice,qwen3,1000908371,1,썰다,0.2098461428635925
fruits_nuts_rice,qwen3,5025577,1,썰다,0.3407294710115387
fruits_nuts_rice,qwen3,5025577,2,썰다,0.14911132721296672
fruits_nuts_rice,qwen3,5031442,1,썰다,0.2968661903509485
fruits_nuts_rice,qwen3,5031442,2,썰다,0.19392017299317107
fruits_nuts_rice,qwen3,5036748,1,썰다,0.29438342712330046
fruits_nuts_rice,qwen3,5036748,2,썰다,0.3624602128612296
fruits_nuts_rice,qwen3,5049631,2,썰다,0.38916524397332763
fruits_nuts_rice,qwen3,1002140343,2,씨,0.2065469252517067
fruits_nuts_rice,qwen3,5025577,1,씨,0.19057510970155864
fruits_nuts_rice,qwen3,5025577,2,씨,0.16680040888153055
fruits_nuts_rice,qwen3,5036748,2,씨,0.13515295995854706
fruits_nuts_rice,qwen3,5049631,1,씨,0.21427177747724646
fruits_nuts_rice,qwen3,5049631,2,씨방,0.2802105429987896
fruits_nuts_rice,qwen3,5051031,1,씨아나온_완전미_고시하카리,0.2578417031504499
fruits_nuts_rice,qwen3,1000066062,1,씨앗,0.17467935821747266
fruits_nuts_rice,qwen3,1000122762,1,씨앗,0.13947090604664183
fruits_nuts_rice,qwen3,1000122762,2,씨앗,0.17391389774950425
fruits_nuts_rice,qwen3,1001303421,1,씨앗,0.2526507171658268
fruits_nuts_rice,qwen3,1001303421,2,씨앗,0.20814525910818515
fruits_nuts_rice,qwen3,5045631,1,씨앗,0.3134464928548716
fruits_nuts_rice,qwen3,5052626,2,씨앗,0.15428097460704288
fruits_nuts_rice,qwen3,5132780,1,씨앗,0.2701483654196196
fruits_nuts_rice,qwen3,5132780,2,씨앗,0.22089549446887347
fruits_nuts_rice,qwen3,5061259,2,아니스,0.26409463751836015
fruits_nuts_rice,qwen3,5063690,2,아래,0.2188628701491085
fruits_nuts_rice,qwen3,1000973922,2,아몬드,0.31734781394029005
fruits_nuts_rice,qwen3,1002140343,1,아보카도,0.676857686064446
fruits_nuts_rice,qwen3,1002140343,2,아보카도,0.7319770817764316
fruits_nuts_rice,qwen3,1000908371,1,아삭아삭,0.30219092043090523
fruits_nuts_rice,qwen3,1000102438,1,안,0.23105833652606625
fruits_nuts_rice,qwen3,1000102438,2,안,0.2837766754963142
fruits_nuts_rice,qwen3,5035954,2,안,0.20423073127976407
fruits_nuts_rice,qwen3,5051038,1,안,0.20468446002795795
fruits_nuts_rice,qwen3,5094562,1,안,0.21155302514560498
fruits_nuts_rice,qwen3,1000253378,2,알,0.23832632703257076
fruits_nuts_rice,qwen3,1000763360,2,알,0.17715685162227407
fruits_nuts_rice,qwen3,1001729429,2,알,0.29969249738387255
fruits_nuts_rice,qwen3,5035954,1,알,0.22719926209482375
fruits_nuts_rice,qwen3,5048547,2,알,0.3444805475966489
fruits_nuts_rice,qwen3,5048580,2,알,0.2992174632508921
fruits_nuts_rice,qwen3,5051038,2,알,0.3546324956489482
fruits_nuts_rice,qwen3,5068728,2,알,0.17974371043258758
fruits_nuts_rice,qwen3,5038123,2,알갱이,0.38447020329188325
fruits_nuts_rice,qwen3,1000858612,1,앞,0.278747810597473
fruits_nuts_rice,qwen3,5036748,1,앞,0.19450345978537018
fruits_nuts_rice,qwen3,1000973922,1,앞쪽,0.276751985220066
fruits_nuts_rice,qwen3,5025577,1,앞쪽,0.21078548389734791
fruits_nuts_rice,qwen3,5162187,1,앞쪽,0.2424314484826
fruits_nuts_rice,qwen3,5094562,2,야자,0.22399401842266106
fruits_nuts_rice,qwen3,5053663,1,야채혼배남,0.36268776087163024
fruits_nuts_rice,qwen3,5031442,1,얇다,0.1836503411346176
fruits_nuts_rice,qwen3,5031442,2,얇다,0.239929686037864
fruits_nuts_rice,qwen3,5036748,2,얇다,0.44845754689005285
fruits_nuts_rice,qwen3,1000253378,2,얹다,0.31493141865189994
fruits_nuts_rice,qwen3,5094562,2,얹다,0.20554171226613385
fruits_nuts_rice,qwen3,1000253378,2,얼리다,0.31493141865189994
fruits_nuts_rice,qwen3,1000338204,2,얼리다,0.3679144212486228
fruits_nuts_rice,qwen3,5051031,2,에나멜,0.36791748711788036
fruits_nuts_rice,qwen3,1000122762,2,여러개,0.2007331355635065
fruits_nuts_rice,qwen3,1000908371,2,여러개,0.25758672208868577
fruits_nuts_rice,qwen3,5025577,2,여러개,0.16680040888153055
fruits_nuts_rice,qwen3,5031442,1,여러개,0.16604171815504593
fruits_nuts_rice,qwen3,5063690,2,여러개,0.17001143958434103
fruits_nuts_rice,qwen3,5048547,1,여주대왕일포,0.26619425144462927
fruits_nuts_rice,qwen3,5063690,2,엮다,0.2188628701491085
fruits_nuts_rice,qwen3,1000253378,1,연두색,0.315883713828295
fruits_nuts_rice,qwen3,1000122762,1,연하다,0.13947090604664183
fruits_nuts_rice,qwen3,1000122762,2,연하다,0.17391389774950425
fruits_nuts_rice,qwen3,1000253378,2,연하다,0.23097964791903877
fruits_nuts_rice,qwen3,1000867509,1,연하다,0.2555715016227666
fruits_nuts_rice,qwen3,1000867509,2,연하다,0.23817346973091716
fruits_nuts_rice,qwen3,1000867511,1,연하다,0.2413934238657271
fruits_nuts_rice,qwen3,1000867511,2,연하다,0.19021903857591999
fruits_nuts_rice,qwen3,1001303421,1,연하다,0.2526507171658268
fruits_nuts_rice,qwen3,1001303421,2,연하다,0.20814525910818515
fruits_nuts_rice,qwen3,5045631,1,열리다,0.15524616673540592
fruits_nuts_rice,qwen3,5031442,2,옅다,0.27925657706760626
fruits_nuts_rice,qwen3,1000144509,1,옆,0.20881447631592587
fruits_nuts_rice,qwen3,1000763360,1,옆,0.20152486571193923
fruits_nuts_rice,qwen3,1000867509,1,옆,0.1818510840038711
fruits_nuts_rice,qwen3,1000867509,2,옆,0.16947157009493494
fruits_nuts_rice,qwen3,1000867511,1,옆,0.1717627181538536
fruits_nuts_rice,qwen3,1000867511,2,옆,0.1353497480883595
fruits_nuts_rice,qwen3,1000973922,2,옆,0.15197083689373103
fruits_nuts_rice,qwen3,1001729429,1,옆,0.16088247784261955
fruits_nuts_rice,qwen3,1001729429,2,옆,0.20667171122490788
fruits_nuts_rice,qwen3,1001882653,1,옆,0.23546185958834664
fruits_nuts_rice,qwen3,1001882653,2,옆,0.1743718801105094
fruits_nuts_rice,qwen3,1002140343,1,옆,0.1766153979694694
fruits_nuts_rice,qwen3,5003716,2,옆,0.22791986752813334
fruits_nuts_rice,qwen3,5034841,1,옆,0.11683436891754612
fruits_nuts_rice,qwen3,5034841,2,옆,0.13215866502269527
fruits_nuts_rice,qwen3,5035954,2,옆,0.12590407362621678
fruits_nuts_rice,qwen3,5036748,2,옆,0.08331903878908589
fruits_nuts_rice,qwen3,5048547,2,옆,0.23755811332273935
fruits_nuts_rice,qwen3,5051038,1,옆,0.12618378813030226
fruits_nuts_rice,qwen3,5053663,1,옆,0.17368313292098383
fruits_nuts_rice,qwen3,5056014,2,옆,0.14817468136905437
fruits_nuts_rice,qwen3,5063578,2,옆,0.14576150163299678
fruits_nuts_rice,qwen3,5063690,2,옆,0.10480857935823726
fruits_nuts_rice,qwen3,5070409,1,옆,0.22915429369736023
fruits_nuts_rice,qwen3,5134096,1,옆,0.20880660462822498
fruits_nuts_rice,qwen3,1000102438,1,예쁘다,0.2974511058056544
fruits_nuts_rice,qwen3,5048547,1,오른쪽,0.26619425144462927
fruits_nuts_rice,qwen3,5049631,2,오이,0.5604210859975792
fruits_nuts_rice,qwen3,5053663,1,오크라이스,0.36268776087163024
fruits_nuts_rice,qwen3,5035954,2,올리다,0.2629148022616794
fruits_nuts_rice,qwen3,1000867509,2,왼쪽,0.35389311129650547
fruits_nuts_rice,qwen3,5035954,2,요거트,0.2629148022616794
fruits_nuts_rice,qwen3,5045631,2,요일,0.2263163058138707
fruits_nuts_rice,qwen3,5048547,1,용,0.26619425144462927
fruits_nuts_rice,qwen3,1000066062,1,용기,0.21123096873876937
fruits_nuts_rice,qwen3,1000858612,1,용기,0.24722090595604093
fruits_nuts_rice,qwen3,5036748,1,용기,0.34500950114482803
fruits_nuts_rice,qwen3,5036748,2,용기,0.14159789093893044
fruits_nuts_rice,qwen3,1000066062,1,원통,0.259549569600252
fruits_nuts_rice,qwen3,5051038,1,원형,0.26349890634515555
fruits_nuts_rice,qwen3,5045631,1,월요일,0.15524616673540592
fruits_nuts_rice,qwen3,1000118138,1,위쪽,0.3545554746974464
fruits_nuts_rice,qwen3,5121007,1,유기농,0.4425203257012571
fruits_nuts_rice,qwen3,5035954,1,유리,0.28110457401646954
fruits_nuts_rice,qwen3,5035954,2,유리,0.4517785516369793
fruits_nuts_rice,qwen3,5051031,2,유리,0.316104738155056
fruits_nuts_rice,qwen3,5061259,2,육두구,0.26409463751836015
fruits_nuts_rice,qwen3,1000763360,2,윤기,0.255116397765653
fruits_nuts_rice,qwen3,1002140343,2,으깨다,0.26589653608947833
fruits_nuts_rice,qwen3,1000253378,1,은색,0.28986166628226623
fruits_nuts_rice,qwen3,1000253378,2,은색,0.31493141865189994
fruits_nuts_rice,qwen3,1000867509,1,이삭,0.3484614176971388
fruits_nuts_rice,qwen3,1000867509,2,이삭,0.3247399040710913
fruits_nuts_rice,qwen3,5003716,1,익다,0.3312846567604478
fruits_nuts_rice,qwen3,5003716,2,익다,0.3548058689574199
fruits_nuts_rice,qwen3,5027321,2,익다,0.23932578873546795
fruits_nuts_rice,qwen3,5031442,1,익다,0.15934723039557452
fruits_nuts_rice,qwen3,5031442,2,익다,0.2081789269957785
fruits_nuts_rice,qwen3,5063690,2,익다,0.1631569001715128
fruits_nuts_rice,qwen3,5052626,2,인쇄,0.22924036912771273
fruits_nuts_rice,qwen3,5051031,1,인증,0.2578417031504499
fruits_nuts_rice,qwen3,5051038,1,일러스트,0.26349890634515555
fruits_nuts_rice,qwen3,1000122762,1,일부,0.287814004960747
fruits_nuts_rice,qwen3,1000122762,2,일부,0.17944550891810843
fruits_nuts_rice,qwen3,1000908371,2,일부,0.460539614508517
fruits_nuts_rice,qwen3,1001303421,2,일부,0.2147656537682671
fruits_nuts_rice,qwen3,5056014,1,일부,0.22365180485206557
fruits_nuts_rice,qwen3,5056014,2,일부,0.2148665632338346
fruits_nuts_rice,qwen3,5068728,2,일부,0.17974371043258758
fruits_nuts_rice,qwen3,5162187,2,일부,0.44836682132656763
fruits_nuts_rice,qwen3,5045631,1,일요일,0.15524616673540592
fruits_nuts_rice,qwen3,5045631,1,일정,0.15524616673540592
fruits_nuts_rice,qwen3,5035954,1,잎,0.3271804437134074
fruits_nuts_rice,qwen3,5027321,1,잎사귀,0.3340413746894225
fruits_nuts_rice,qwen3,5027321,2,잎사귀,0.23932578873546795
fruits_nuts_rice,qwen3,5048580,1,잎사귀,0.3492590423696687
fruits_nuts_rice,qwen3,5056014,1,잎사귀,0.24009669564605773
fruits_nuts_rice,qwen3,5056014,2,잎사귀,0.23066548410549054
fruits_nuts_rice,qwen3,5159977,2,잎사귀,0.21314411753273654
fruits_nuts_rice,qwen3,5094562,2,자랑,0.22399401842266106
fruits_nuts_rice,qwen3,5056014,1,자루,0.3220718943984208
fruits_nuts_rice,qwen3,1002140343,2,자르다,0.2065469252517067
fruits_nuts_rice,qwen3,5063578,2,자르다,0.2364417386471657
fruits_nuts_rice,qwen3,5063690,2,자르다,0.17001143958434103
fruits_nuts_rice,qwen3,5132780,1,자르다,0.3118079070146697
fruits_nuts_rice,qwen3,5132780,2,자르다,0.25495975773284385
fruits_nuts_rice,qwen3,1000066062,2,자연,0.2606209321839374
fruits_nuts_rice,qwen3,5094562,2,자연,0.20554171226613385
fruits_nuts_rice,qwen3,1000030900,1,작다,0.26576039570551185
fruits_nuts_rice,qwen3,1000032485,1,작다,0.2255494045624225
fruits_nuts_rice,qwen3,1000048867,1,작다,0.19393250131826795
fruits_nuts_rice,qwen3,1000102438,1,작다,0.14727998940507186
fruits_nuts_rice,qwen3,1000102438,2,작다,0.18088343571100157
fruits_nuts_rice,qwen3,1000118138,1,작다,0.17555465600140818
fruits_nuts_rice,qwen3,1000144509,1,작다,0.21590565410450627
fruits_nuts_rice,qwen3,1000867509,1,작다,0.18802660588563236
fruits_nuts_rice,qwen3,1000867509,2,작다,0.17522669327822832
fruits_nuts_rice,qwen3,1000867511,1,작다,0.17759564694963323
fruits_nuts_rice,qwen3,1000867511,2,작다,0.13994612064004994
fruits_nuts_rice,qwen3,1000973922,1,작다,0.15949178773598943
fruits_nuts_rice,qwen3,1001729429,1,작다,0.16634592210940172
fruits_nuts_rice,qwen3,5034841,1,작다,0.12080197354165007
fruits_nuts_rice,qwen3,5036748,1,작다,0.10495229462746926
fruits_nuts_rice,qwen3,5036748,2,작다,0.0861484887757484
fruits_nuts_rice,qwen3,5045631,1,작다,0.07686861250705077
fruits_nuts_rice,qwen3,5048547,1,작다,0.1318034654007017
fruits_nuts_rice,qwen3,5051038,1,작다,0.2609377835705112
fruits_nuts_rice,qwen3,5053663,1,작다,0.17958127751397154
fruits_nuts_rice,qwen3,5070409,1,작다,0.23693619592125612
fruits_nuts_rice,qwen3,5121007,1,작다,0.2191095867816107
fruits_nuts_rice,qwen3,5134096,1,작다,0.21589751510039146
fruits_nuts_rice,qwen3,5003716,1,잘,0.30859404876398494
fruits_nuts_rice,qwen3,5003716,2,잘,0.33050422768588134
fruits_nuts_rice,qwen3,5027321,2,잘,0.22293369950095943
fruits_nuts_rice,qwen3,5031442,1,잘,0.14843309517547426
fruits_nuts_rice,qwen3,5031442,2,잘,0.19392017299317107
fruits_nuts_rice,qwen3,5063690,2,잘,0.15198183006741547
fruits_nuts_rice,qwen3,5132780,1,잘,0.27874086857590974
fruits_nuts_rice,qwen3,5132780,2,잘,0.22792143086677039
fruits_nuts_rice,qwen3,1000122762,1,잘리다,0.20880424363500852
fruits_nuts_rice,qwen3,1000122762,2,잘리다,0.13018471345219962
fruits_nuts_rice,qwen3,1000763360,1,잘리다,0.21200732864725522
fruits_nuts_rice,qwen3,1000763360,2,잘리다,0.12852433088790566
fruits_nuts_rice,qwen3,1000908371,2,잘리다,0.16705689128040216
fruits_nuts_rice,qwen3,1001303421,1,잘리다,0.18912382301442413
fruits_nuts_rice,qwen3,1001303421,2,잘리다,0.15580888740969048
fruits_nuts_rice,qwen3,1001882653,1,잘리다,0.24770958002272472
fruits_nuts_rice,qwen3,1001882653,2,잘리다,0.18344196068722846
fruits_nuts_rice,qwen3,1002140343,1,잘리다,0.18580217676463504
fruits_nuts_rice,qwen3,5025577,1,잘리다,0.12359676432080502
fruits_nuts_rice,qwen3,5025577,2,잘리다,0.10817777230945409
fruits_nuts_rice,qwen3,5034841,1,잘리다,0.24582318773309955
fruits_nuts_rice,qwen3,5034841,2,잘리다,0.27806598883037115
fruits_nuts_rice,qwen3,5056014,1,잘리다,0.16225564129900177
fruits_nuts_rice,qwen3,5056014,2,잘리다,0.15588209553810076
fruits_nuts_rice,qwen3,5068728,1,잘리다,0.1920162154117084
fruits_nuts_rice,qwen3,5068728,2,잘리다,0.13040105366014093
fruits_nuts_rice,qwen3,5159977,1,잘리다,0.17100189342483538
fruits_nuts_rice,qwen3,5159977,2,잘리다,0.1440412804779549
fruits_nuts_rice,qwen3,5162187,1,잘리다,0.14215278039092852
fruits_nuts_rice,qwen3,5162187,2,잘리다,0.16264131241788474
fruits_nuts_rice,qwen3,5048580,1,장,0.3812866339675896
fruits_nuts_rice,qwen3,5056014,1,장,0.2621139320789034
fruits_nuts_rice,qwen3,5056014,2,장,0.25181786392805217
fruits_nuts_rice,qwen3,5159977,2,장,0.23268976108006187
fruits_nuts_rice,qwen3,5094562,2,쟁반,0.22399401842266106
fruits_nuts_rice,qwen3,1000030900,1,적히다,0.2856424323144183
fruits_nuts_rice,qwen3,1000066062,1,적히다,0.13812774769617595
fruits_nuts_rice,qwen3,1000118138,1,적히다,0.18868823103322618
fruits_nuts_rice,qwen3,1000122762,1,적히다,0.11028665503443899
fruits_nuts_rice,qwen3,1000858612,1,적히다,0.16166221803085692
fruits_nuts_rice,qwen3,1000867509,1,적히다,0.2020932310189311
fruits_nuts_rice,qwen3,1000867509,2,적히다,0.18833573279996282
fruits_nuts_rice,qwen3,1000867511,1,적히다,0.19088191236499513
fruits_nuts_rice,qwen3,1000867511,2,적히다,0.30083150791878366
fruits_nuts_rice,qwen3,1000973922,2,적히다,0.1688869638404317
fruits_nuts_rice,qwen3,1001729429,1,적히다,0.17879057438477772
fruits_nuts_rice,qwen3,5036748,1,적히다,0.11280397380048007
fruits_nuts_rice,qwen3,5045631,1,적히다,0.08261929843556863
fruits_nuts_rice,qwen3,5048547,1,적히다,0.14166393131896168
fruits_nuts_rice,qwen3,5051038,1,적히다,0.1402295157334239
fruits_nuts_rice,qwen3,5053663,1,적히다,0.19301609169811118
fruits_nuts_rice,qwen3,5094562,1,적히다,0.1449351761440851
fruits_nuts_rice,qwen3,5094562,2,적히다,0.1192057043661839
fruits_nuts_rice,qwen3,5121007,1,적히다,0.23550158835953428
fruits_nuts_rice,qwen3,1000253378,2,전경,0.31493141865189994
fruits_nuts_rice,qwen3,5038123,2,전경,0.3527980990582
fruits_nuts_rice,qwen3,5051031,1,전통,0.2578417031504499
fruits_nuts_rice,qwen3,5003716,1,접히다,0.4443937751865514
fruits_nuts_rice,qwen3,5094562,1,정렬,0.27234109884190527
fruits_nuts_rice,qwen3,1000122762,1,정물,0.20723463840012057
fruits_nuts_rice,qwen3,1000030900,1,정미소_비단쌀,0.5367377055177228
fruits_nuts_rice,qwen3,5036748,2,제스프리,0.1739880845547503
fruits_nuts_rice,qwen3,5036748,1,제스프리_썬글드키위,0.2119648176231232
fruits_nuts_rice,qwen3,1000763360,1,조각,0.2329652276257852
fruits_nuts_rice,qwen3,1000858612,1,조각,0.3363296212974415
fruits_nuts_rice,qwen3,1000858612,2,조각,0.39732629262362246
fruits_nuts_rice,qwen3,1000908371,2,조각,0.18357123289991895
fruits_nuts_rice,qwen3,1001882653,1,조각,0.27219681066354895
fruits_nuts_rice,qwen3,1001882653,2,조각,0.20157604173545063
fruits_nuts_rice,qwen3,1002140343,1,조각,0.2041695760213994
fruits_nuts_rice,qwen3,5025577,1,조각,0.13581487261562952
fruits_nuts_rice,qwen3,5031442,1,조각,0.1183309553667458
fruits_nuts_rice,qwen3,5031442,2,조각,0.15459328196342878
fruits_nuts_rice,qwen3,5034841,1,조각,0.13506196991242336
fruits_nuts_rice,qwen3,5034841,2,조각,0.15277704501111627
fruits_nuts_rice,qwen3,5036748,1,조각,0.11734132517568324
fruits_nuts_rice,qwen3,5049631,1,조각,0.15270249199262947
fruits_nuts_rice,qwen3,5049631,2,조각,0.3102427734223082
fruits_nuts_rice,qwen3,5063690,2,조각,0.12116000901957359
fruits_nuts_rice,qwen3,5162187,2,조각,0.17871915376959074
fruits_nuts_rice,qwen3,5051038,1,조개,0.26349890634515555
fruits_nuts_rice,qwen3,5061259,1,조리,0.40991916254604643
fruits_nuts_rice,qwen3,1000066062,2,종류,0.24402050413040174
fruits_nuts_rice,qwen3,5053663,1,종류,0.3116114990360253
fruits_nuts_rice,qwen3,5094562,1,종류,0.23398809448461494
fruits_nuts_rice,qwen3,1000102438,1,종이컵,0.2729475100865634
fruits_nuts_rice,qwen3,1000102438,2,종이컵,0.33522329538897044
fruits_nuts_rice,qwen3,5045631,1,주간,0.31049233347081184
fruits_nuts_rice,qwen3,1000102438,2,주름,0.33522329538897044
fruits_nuts_rice,qwen3,1001502284,1,주름,0.30383847388890806
fruits_nuts_rice,qwen3,5027321,2,주변,0.23932578873546795
fruits_nuts_rice,qwen3,5048580,2,주변,0.32121862040708415
fruits_nuts_rice,qwen3,5056014,1,주변,0.24009669564605773
fruits_nuts_rice,qwen3,5056014,2,주변,0.23066548410549054
fruits_nuts_rice,qwen3,5061259,2,주변,0.1968760730408911
fruits_nuts_rice,qwen3,5159977,2,주변,0.21314411753273654
fruits_nuts_rice,qwen3,1000908371,1,주위,0.21707758471106905
fruits_nuts_rice,qwen3,5027321,1,주위,0.3218848054318784
fruits_nuts_rice,qwen3,5031442,1,주위,0.15354820132588914
fruits_nuts_rice,qwen3,5031442,2,주위,0.2006027950081217
fruits_nuts_rice,qwen3,5035954,1,주위,0.23502870431953168
fruits_nuts_rice,qwen3,5052626,2,주위,0.16467386107285745
fruits_nuts_rice,qwen3,5063578,1,주위,0.29948119083506597
fruits_nuts_rice,qwen3,5034841,1,주황색,0.1752586420291173
fruits_nuts_rice,qwen3,5034841,2,주황색,0.19824601595276073
fruits_nuts_rice,qwen3,5068728,1,주황색,0.273794359848302
fruits_nuts_rice,qwen3,5068728,2,주황색,0.18593780183548675
fruits_nuts_rice,qwen3,5094562,1,주황색,0.19563509012732463
fruits_nuts_rice,qwen3,5162187,1,주황색,0.20269449340171355
fruits_nuts_rice,qwen3,5162187,2,주황색,0.23190892458151827
fruits_nuts_rice,qwen3,1000867511,1,줄기,0.2673852926030856
fruits_nuts_rice,qwen3,1000867511,2,줄기,0.21070074103009281
fruits_nuts_rice,qwen3,1001502284,1,줄기,0.24683831451279734
fruits_nuts_rice,qwen3,1001502284,2,줄기,0.30874525243391243
fruits_nuts_rice,qwen3,5035954,2,줄기,0.19599653480280643
fruits_nuts_rice,qwen3,5063690,1,줄기,0.232632693131009
fruits_nuts_rice,qwen3,5049631,1,줄무늬,0.2531176715956266
fruits_nuts_rice,qwen3,5049631,2,줄무늬,0.25712720013048157
fruits_nuts_rice,qwen3,1000122762,1,중,0.11028665503443899
fruits_nuts_rice,qwen3,1000122762,2,중,0.13752245963312212
fruits_nuts_rice,qwen3,1000763360,2,중,0.1357684910747668
fruits_nuts_rice,qwen3,1000908371,2,중,0.17647290513858566
fruits_nuts_rice,qwen3,1001303421,1,중,0.19978361995406324
fruits_nuts_rice,qwen3,1001303421,2,중,0.16459091748239962
fruits_nuts_rice,qwen3,1001882653,1,중,0.2616715113170395
fruits_nuts_rice,qwen3,1001882653,2,중,0.19378150448434162
fruits_nuts_rice,qwen3,5003716,2,중,0.25329000756017883
fruits_nuts_rice,qwen3,5025577,1,중,0.13056318657822594
fruits_nuts_rice,qwen3,5031442,2,중,0.14861547287133156
fruits_nuts_rice,qwen3,5034841,1,중,0.1298393970975837
fruits_nuts_rice,qwen3,5034841,2,중,0.29373893224652475
fruits_nuts_rice,qwen3,5056014,1,중,0.17140103695032788
fruits_nuts_rice,qwen3,5056014,2,중,0.16466825192219017
fruits_nuts_rice,qwen3,5068728,1,중,0.20283903948951224
fruits_nuts_rice,qwen3,5068728,2,중,0.13775099366545732
fruits_nuts_rice,qwen3,5159977,2,중,0.15216003979842135
fruits_nuts_rice,qwen3,5162187,2,중,0.17180844608056897
fruits_nuts_rice,qwen3,1001502284,1,중성,0.33111527566562404
fruits_nuts_rice,qwen3,1000763360,2,즙,0.255116397765653
fruits_nuts_rice,qwen3,1000102438,2,지다,0.33522329538897044
fruits_nuts_rice,qwen3,1001502284,1,지다,0.30383847388890806
fruits_nuts_rice,qwen3,5052626,1,진열,0.3746480203595773
fruits_nuts_rice,qwen3,5052626,2,진열,0.21035587612041232
fruits_nuts_rice,qwen3,1000122762,1,질감,0.1609786949341456
fruits_nuts_rice,qwen3,1000338204,2,질감,0.3114507039492572
fruits_nuts_rice,qwen3,1001303421,2,질감,0.24024331036295013
fruits_nuts_rice,qwen3,5035954,2,질감,0.20423073127976407
fruits_nuts_rice,qwen3,5162187,1,질감,0.2191868198674404
fruits_nuts_rice,qwen3,1000253378,1,짙다,0.24537668217824565
fruits_nuts_rice,qwen3,1000338204,2,짙다,0.3114507039492572
fruits_nuts_rice,qwen3,1001502284,1,짙다,0.2572084732596566
fruits_nuts_rice,qwen3,5038123,1,짙다,0.2694829208015965
fruits_nuts_rice,qwen3,5038123,2,짙다,0.29865427924985827
fruits_nuts_rice,qwen3,1000030900,2,차다,0.5149513067557665
fruits_nuts_rice,qwen3,1000032485,2,차다,0.25720934390224154
fruits_nuts_rice,qwen3,1000048867,2,차다,0.3878111191529851
fruits_nuts_rice,qwen3,1000338204,2,차다,0.2549869866498917
fruits_nuts_rice,qwen3,5027321,1,차다,0.28497165286636494
fruits_nuts_rice,qwen3,5034841,1,차다,0.15516030597077032
fruits_nuts_rice,qwen3,5035954,1,차다,0.2080760483587088
fruits_nuts_rice,qwen3,5048547,2,차다,0.3154858445378192
fruits_nuts_rice,qwen3,5051038,2,차다,0.32478330974254205
fruits_nuts_rice,qwen3,5070409,2,차다,0.4521702911998288
fruits_nuts_rice,qwen3,5134096,2,차다,0.3230994854925908
fruits_nuts_rice,qwen3,1000066062,2,채,0.2840179214297543
fruits_nuts_rice,qwen3,1000122762,1,천,0.10261019290973991
fruits_nuts_rice,qwen3,1000122762,2,천,0.12795025933074225
fruits_nuts_rice,qwen3,1000867509,2,천,0.17522669327822832
fruits_nuts_rice,qwen3,1000908371,1,천,0.14962686199745365
fruits_nuts_rice,qwen3,1000908371,2,천,0.1641895733800067
fruits_nuts_rice,qwen3,1001303421,1,천,0.1858777544508096
fruits_nuts_rice,qwen3,1001303421,2,천,0.15313462711137904
fruits_nuts_rice,qwen3,1001502284,1,천,0.16394847200115378
fruits_nuts_rice,qwen3,1001502284,2,천,0.20506667481529145
fruits_nuts_rice,qwen3,1001729429,2,천,0.2136901223715981
fruits_nuts_rice,qwen3,5003716,1,천,0.2200372068676001
fruits_nuts_rice,qwen3,5003716,2,천,0.23565984959597824
fruits_nuts_rice,qwen3,5027321,1,천,0.22186820175624067
fruits_nuts_rice,qwen3,5027321,2,천,0.15895869914318614
fruits_nuts_rice,qwen3,5049631,1,천,0.13657998924048625
fruits_nuts_rice,qwen3,5061259,1,천,0.20296744149999388
fruits_nuts_rice,qwen3,5061259,2,천,0.13076386221624525
fruits_nuts_rice,qwen3,5063690,2,천,0.10836779748865726
fruits_nuts_rice,qwen3,5068728,2,천,0.128162886335678
fruits_nuts_rice,qwen3,5159977,1,천,0.16806686460764303
fruits_nuts_rice,qwen3,5159977,2,천,0.14156899610378268
fruits_nuts_rice,qwen3,5162187,1,천,0.13971290970566747
fruits_nuts_rice,qwen3,5162187,2,천,0.15984978228186142
fruits_nuts_rice,qwen3,1001234463,2,체리,0.3659972020576495
fruits_nuts_rice,qwen3,1001502284,1,체리,0.2572084732596566
fruits_nuts_rice,qwen3,1001502284,2,체리,0.3217162423160882
fruits_nuts_rice,qwen3,5063578,1,체리,0.32384860943981236
fruits_nuts_rice,qwen3,5063578,2,체리,0.2364417386471657
fruits_nuts_rice,qwen3,5162187,1,초록,0.2821684035634865
fruits_nuts_rice,qwen3,1000763360,1,초록색,0.30229952561904505
fruits_nuts_rice,qwen3,1000763360,2,초록색,0.18326179809832757
fruits_nuts_rice,qwen3,5027321,2,초록색,0.2306161475163702
fruits_nuts_rice,qwen3,5048580,2,초록색,0.3095287020266976
fruits_nuts_rice,qwen3,5063690,1,초록색,0.2241666297631239
fruits_nuts_rice,qwen3,5121007,1,초록색,0.3178826264925737
fruits_nuts_rice,qwen3,5162187,2,초록색,0.23190892458151827
fruits_nuts_rice,qwen3,5045631,2,촬영,0.2263163058138707
fruits_nuts_rice,qwen3,5056014,1,칼,0.27671544683413307
fruits_nuts_rice,qwen3,5056014,2,칼,0.26584581820966213
fruits_nuts_rice,qwen3,5159977,1,칼,0.29163155727410284
fruits_nuts_rice,qwen3,1000973922,2,캐슈넛,0.31734781394029005
fruits_nuts_rice,qwen3,1000144509,1,컬리,0.4360495666960371
fruits_nuts_rice,qwen3,1000122762,2,클로즈업,0.18562932409252247
fruits_nuts_rice,qwen3,1000253378,2,클로즈업,0.24653921553812227
fruits_nuts_rice,qwen3,1000908371,2,클로즈업,0.23820506256877355
fruits_nuts_rice,qwen3,5027321,2,클로즈업,0.2306161475163702
fruits_nuts_rice,qwen3,5048580,1,클로즈업,0.3365486655747643
fruits_nuts_rice,qwen3,5061259,2,클로즈업,0.18971127910091848
fruits_nuts_rice,qwen3,5159977,2,클로즈업,0.205387290316246
fruits_nuts_rice,qwen3,5132780,1,키,0.3683363825972825
fruits_nuts_rice,qwen3,5132780,2,키,0.30118208280964787
fruits_nuts_rice,qwen3,5025577,1,키위,0.5989887370755169
fruits_nuts_rice,qwen3,5025577,2,키위,0.6990179456704478
fruits_nuts_rice,qwen3,5036748,1,키위,0.5175142517172421
fruits_nuts_rice,qwen3,5036748,2,키위,0.5663915637557217
fruits_nuts_rice,qwen3,5036748,2,키프루트,0.1739880845547503
fruits_nuts_rice,qwen3,5094562,1,타무르_프리미엄_대추야자_디저트,0.27234109884190527
fruits_nuts_rice,qwen3,1001234463,1,타원,0.32509678340306614
fruits_nuts_rice,qwen3,1001882653,1,타원,0.38194592428348373
fruits_nuts_rice,qwen3,1001882653,2,타원,0.2828510274840006
fruits_nuts_rice,qwen3,1002140343,1,타원,0.28649026869183397
fruits_nuts_rice,qwen3,5034841,1,타원,0.18951863839989058
fruits_nuts_rice,qwen3,5034841,2,탁자,0.27597573518363316
fruits_nuts_rice,qwen3,1002140343,1,테두리,0.31687238702187964
fruits_nuts_rice,qwen3,1002140343,2,테두리,0.22845110074904118
fruits_nuts_rice,qwen3,5051031,2,테두리,0.316104738155056
fruits_nuts_rice,qwen3,1001234463,1,토마토,0.3119894965036189
fruits_nuts_rice,qwen3,1001234463,2,토마토,0.35124088770243544
fruits_nuts_rice,qwen3,5063578,1,토마토,0.6215832931035469
fruits_nuts_rice,qwen3,5063578,2,토마토,0.6807265659855224
fruits_nuts_rice,qwen3,5063690,1,토마토,0.465265386262018
fruits_nuts_rice,qwen3,5063690,2,토마토,0.6526276006860512
fruits_nuts_rice,qwen3,5094562,2,토핑,0.22399401842266106
fruits_nuts_rice,qwen3,1000908371,1,통,0.25963425257098716
fruits_nuts_rice,qwen3,1002140343,2,통,0.22845110074904118
fruits_nuts_rice,qwen3,5063578,2,통,0.2615162408790967
fruits_nuts_rice,qwen3,1000122762,1,통째,0.12530408767444828
fruits_nuts_rice,qwen3,1000122762,2,통째,0.15624851740850668
fruits_nuts_rice,qwen3,1000908371,2,통째,0.20050273871072452
fruits_nuts_rice,qwen3,1001303421,2,통째,0.1870028132432913
fruits_nuts_rice,qwen3,5025577,1,통째,0.1483416191464383
fruits_nuts_rice,qwen3,5025577,2,통째,0.12983564730211894
fruits_nuts_rice,qwen3,5034841,1,통째,0.1475192732287757
fruits_nuts_rice,qwen3,5056014,1,통째,0.19474024808176998
fruits_nuts_rice,qwen3,5056014,2,통째,0.18709067810255955
fruits_nuts_rice,qwen3,5063690,2,통째,0.1323350791236709
fruits_nuts_rice,qwen3,5068728,2,통째,0.15650817029593336
fruits_nuts_rice,qwen3,5132780,2,통째,0.198457937862409
fruits_nuts_rice,qwen3,5159977,1,통째,0.20523755526403203
fruits_nuts_rice,qwen3,5036748,1,통키위,0.1821144292371562
fruits_nuts_rice,qwen3,5036748,2,통키위,0.14948584896335096
fruits_nuts_rice,qwen3,5132780,1,통키위,0.3448749454534297
fruits_nuts_rice,qwen3,1000066062,1,투명,0.20161663758303183
fruits_nuts_rice,qwen3,1000122762,1,투명,0.1609786949341456
fruits_nuts_rice,qwen3,1000122762,2,투명,0.2007331355635065
fruits_nuts_rice,qwen3,5035954,1,투명,0.25415191805564663
fruits_nuts_rice,qwen3,5035954,2,투명,0.20423073127976407
fruits_nuts_rice,qwen3,1001729429,1,특,0.3359572381663878
fruits_nuts_rice,qwen3,1000118138,1,파란색,0.23175355607920725
fruits_nuts_rice,qwen3,1000253378,1,파란색,0.2064759373682893
fruits_nuts_rice,qwen3,1000763360,1,파란색,0.275071824087021
fruits_nuts_rice,qwen3,1001234463,1,파란색,0.2735576277773751
fruits_nuts_rice,qwen3,1001234463,2,파란색,0.30797390647791606
fruits_nuts_rice,qwen3,1002140343,1,파란색,0.24107158940257215
fruits_nuts_rice,qwen3,5031442,2,파란색,0.18253477780635458
fruits_nuts_rice,qwen3,5045631,1,파란색,0.10147594319139415
fruits_nuts_rice,qwen3,5051038,1,파란색,0.1722348487795374
fruits_nuts_rice,qwen3,5061259,2,파란색,0.17262424572221677
fruits_nuts_rice,qwen3,1000858612,1,파인애플,0.557495621194946
fruits_nuts_rice,qwen3,1000858612,2,파인애플,0.6586029130255984
fruits_nuts_rice,qwen3,5045631,2,팩,0.4526326116277414
fruits_nuts_rice,qwen3,1000867509,1,포대,0.3262659299999656
fruits_nuts_rice,qwen3,1000867511,2,포대,0.24283611877930653
fruits_nuts_rice,qwen3,5051038,1,포대,0.45278224444760873
fruits_nuts_rice,qwen3,1000763360,1,포도,0.6274328418221466
fruits_nuts_rice,qwen3,1000763360,2,포도,0.3803660311500867
fruits_nuts_rice,qwen3,5038123,1,포도,0.25861787956534343
fruits_nuts_rice,qwen3,5038123,2,포도,0.5732262081245537
fruits_nuts_rice,qwen3,5048580,1,포도,0.3492590423696687
fruits_nuts_rice,qwen3,5048580,2,포도,0.6424372408141683
fruits_nuts_rice,qwen3,1000867511,2,포장,0.24283611877930653
fruits_nuts_rice,qwen3,1000973922,1,포장,0.276751985220066
fruits_nuts_rice,qwen3,5052626,1,포장,0.35078455914308015
fruits_nuts_rice,qwen3,1000122762,1,포장지,0.16865515705884468
fruits_nuts_rice,qwen3,1000973922,2,포장지,0.25826930196409437
fruits_nuts_rice,qwen3,5045631,1,포장지,0.12634503013434575
fruits_nuts_rice,qwen3,5052626,2,포장지,0.37312845726894106
fruits_nuts_rice,qwen3,5031442,1,포크,0.19614385796377437
fruits_nuts_rice,qwen3,5031442,2,포크,0.2562518205452598
fruits_nuts_rice,qwen3,5038123,1,표,0.3469166877652547
fruits_nuts_rice,qwen3,5045631,2,표기,0.20767269295090643
fruits_nuts_rice,qwen3,5051031,1,표기,0.23660107324454357
fruits_nuts_rice,qwen3,1000032485,2,표면,0.22389231865695725
fruits_nuts_rice,qwen3,1000763360,2,표면,0.14122955178861135
fruits_nuts_rice,qwen3,1000973922,2,표면,0.17568015978750576
fruits_nuts_rice,qwen3,1001234463,1,표면,0.23168281678956956
fruits_nuts_rice,qwen3,1001234463,2,표면,0.26083082650708794
fruits_nuts_rice,qwen3,1001882653,1,표면,0.27219681066354895
fruits_nuts_rice,qwen3,1001882653,2,표면,0.20157604173545063
fruits_nuts_rice,qwen3,1002140343,1,표면,0.2041695760213994
fruits_nuts_rice,qwen3,5003716,1,표면,0.24601136672091772
fruits_nuts_rice,qwen3,5035954,2,표면,0.14554666029784877
fruits_nuts_rice,qwen3,5036748,1,표면,0.11734132517568324
fruits_nuts_rice,qwen3,5045631,2,표면,0.12528614668629687
fruits_nuts_rice,qwen3,5048547,2,표면,0.274620105807148
fruits_nuts_rice,qwen3,5048580,2,표면,0.23853634694496686
fruits_nuts_rice,qwen3,5051038,2,표면,0.2827132450793704
fruits_nuts_rice,qwen3,5061259,2,표면,0.14619980374901373
fruits_nuts_rice,qwen3,5068728,2,표면,0.1432917972336815
fruits_nuts_rice,qwen3,5045631,1,표시,0.31049233347081184
fruits_nuts_rice,qwen3,5051031,2,푸다,0.36791748711788036
fruits_nuts_rice,qwen3,1000048867,1,풍경,0.3916719250306303
fruits_nuts_rice,qwen3,1000144509,1,프레시,0.4360495666960371
fruits_nuts_rice,qwen3,1000858612,1,플라스틱,0.26099277865844933
fruits_nuts_rice,qwen3,5036748,1,플라스틱,0.1821144292371562
fruits_nuts_rice,qwen3,5036748,2,플라스틱,0.14948584896335096
fruits_nuts_rice,qwen3,5045631,2,플랫,0.2263163058138707
fruits_nuts_rice,qwen3,1000973922,2,피칸,0.31734781394029005
fruits_nuts_rice,qwen3,5031442,1,하늘색,0.21375248094334603
fruits_nuts_rice,qwen3,5048547,1,한국,0.2442655505830934
fruits_nuts_rice,qwen3,5051031,1,한국,0.23660107324454357
fruits_nuts_rice,qwen3,1000066062,1,한국어,0.18644634855765857
fruits_nuts_rice,qwen3,1000122762,1,한국어,0.14886613637571489
fruits_nuts_rice,qwen3,1000867511,2,한국어,0.20303283416277837
fruits_nuts_rice,qwen3,1000973922,2,한국어,0.2279654758166274
fruits_nuts_rice,qwen3,1001729429,1,한국어,0.24133347793298685
fruits_nuts_rice,qwen3,5036748,1,한국어,0.15226404085118925
fruits_nuts_rice,qwen3,5121007,1,한국어,0.3178826264925737
fruits_nuts_rice,qwen3,1000867511,2,함께,0.25935597448963443
fruits_nuts_rice,qwen3,5070409,1,함께,0.43910340425283834
fruits_nuts_rice,qwen3,1000066062,2,현미,0.2840179214297543
fruits_nuts_rice,qwen3,1000973922,2,호두,0.31734781394029005
fruits_nuts_rice,qwen3,1000973922,1,혼합,0.276751985220066
fruits_nuts_rice,qwen3,5045631,1,혼합,0.26676660177203476
fruits_nuts_rice,qwen3,5052626,1,혼합,0.35078455914308015
fruits_nuts_rice,qwen3,5045631,2,화,0.2263163058138707
fruits_nuts_rice,qwen3,1000030900,1,회색,0.21281611233593264
fruits_nuts_rice,qwen3,1000030900,2,회색,0.3210508397721101
fruits_nuts_rice,qwen3,1000032485,2,회색,0.16035938694338192
fruits_nuts_rice,qwen3,1000048867,2,회색,0.2417841917159743
fruits_nuts_rice,qwen3,1000118138,1,회색,0.14058098947930198
fruits_nuts_rice,qwen3,1000144509,1,회색,0.17289333806073445
fruits_nuts_rice,qwen3,1000144509,2,회색,0.3462272781654865
fruits_nuts_rice,qwen3,1000253378,1,회색,0.12524766424287345
fruits_nuts_rice,qwen3,1000338204,1,회색,0.22008878583010472
fruits_nuts_rice,qwen3,1000763360,1,회색,0.1668577167153093
fruits_nuts_rice,qwen3,1000858612,1,회색,0.12044542708227829
fruits_nuts_rice,qwen3,1000973922,1,회색,0.12771813544818966
fruits_nuts_rice,qwen3,1000973922,2,회색,0.12582817887917022
fruits_nuts_rice,qwen3,1001234463,1,회색,0.16593920992267486
fruits_nuts_rice,qwen3,1001502284,1,회색,0.13128696750348198
fruits_nuts_rice,qwen3,1001502284,2,회색,0.16421367972452228
fruits_nuts_rice,qwen3,1001882653,1,회색,0.1949567271793232
fruits_nuts_rice,qwen3,1001882653,2,회색,0.14437570109181577
fruits_nuts_rice,qwen3,1002140343,1,회색,0.1462332796394238
fruits_nuts_rice,qwen3,5034841,1,회색,0.09673603285919914
fruits_nuts_rice,qwen3,5035954,2,회색,0.10424552908749124
fruits_nuts_rice,qwen3,5038123,1,회색,0.13755221598126072
fruits_nuts_rice,qwen3,5038123,2,회색,0.15244215774753797
fruits_nuts_rice,qwen3,5048547,1,회색,0.10554582831846374
fruits_nuts_rice,qwen3,5048547,2,회색,0.19669237459206818
fruits_nuts_rice,qwen3,5048580,1,회색,0.18576192531693322
fruits_nuts_rice,qwen3,5048580,2,회색,0.1708479441780979
fruits_nuts_rice,qwen3,5051038,1,회색,0.10447712593445588
fruits_nuts_rice,qwen3,5051038,2,회색,0.20248895957509058
fruits_nuts_rice,qwen3,5052626,1,회색,0.1618833910157659
fruits_nuts_rice,qwen3,5052626,2,회색,0.09089364068648069
fruits_nuts_rice,qwen3,5070409,1,회색,0.18973421511420782
fruits_nuts_rice,qwen3,5070409,2,회색,0.281909473391348
fruits_nuts_rice,qwen3,5121007,1,회색,0.1754589893298685
fruits_nuts_rice,qwen3,5121007,2,회색,0.3462272781654865
fruits_nuts_rice,qwen3,5134096,1,회색,0.17288682049362517
fruits_nuts_rice,qwen3,5134096,2,회색,0.20143916480346208
fruits_nuts_rice,qwen3,5159977,1,회색,0.13458490172449095
fruits_nuts_rice,qwen3,1001882653,2,흐르다,0.31284720650269426
fruits_nuts_rice,qwen3,5034841,1,흐르다,0.20961697445823757
fruits_nuts_rice,qwen3,5159977,1,흐르다,0.29163155727410284
fruits_nuts_rice,qwen3,1001303421,2,흩뿌리다,0.2657209669576332
fruits_nuts_rice,qwen3,5027321,1,흩뿌리다,0.3849882565420027
fruits_nuts_rice,qwen3,5068728,1,흩뿌리다,0.32746998761747786
fruits_nuts_rice,qwen3,1000908371,1,흩어지다,0.16082072984225332
fruits_nuts_rice,qwen3,1001234463,1,흩어지다,0.22272411152697597
fruits_nuts_rice,qwen3,1001234463,2,흩어지다,0.25074502674664195
fruits_nuts_rice,qwen3,1001729429,2,흩어지다,0.22967668359218593
fruits_nuts_rice,qwen3,5027321,2,흩어지다,0.17085069933109612
fruits_nuts_rice,qwen3,5035954,1,흩어지다,0.17411971767078033
fruits_nuts_rice,qwen3,5038123,2,흩어지다,0.20460832710603408
fruits_nuts_rice,qwen3,5048547,1,흩어지다,0.14166393131896168
fruits_nuts_rice,qwen3,5048547,2,흩어지다,0.264001102545706
fruits_nuts_rice,qwen3,5048580,2,흩어지다,0.22931262955276738
fruits_nuts_rice,qwen3,5051038,2,흩어지다,0.27178129651454486
fruits_nuts_rice,qwen3,5052626,2,흩어지다,0.12199772057961525
fruits_nuts_rice,qwen3,5056014,1,흩어지다,0.17140103695032788
fruits_nuts_rice,qwen3,5056014,2,흩어지다,0.16466825192219017
fruits_nuts_rice,qwen3,5061259,1,흩어지다,0.21815181873425482
fruits_nuts_rice,qwen3,5061259,2,흩어지다,0.1405465534588722
fruits_nuts_rice,qwen3,5063578,1,흩어지다,0.22186898637290106
fruits_nuts_rice,qwen3,5159977,1,흩어지다,0.180640263838189
fruits_nuts_rice,qwen3,5159977,2,흩어지다,0.15216003979842135
fruits_nuts_rice,qwen3,1000030900,2,희다,0.3942060791519395
fruits_nuts_rice,qwen3,1000048867,2,희다,0.5937551715169503
fruits_nuts_rice,qwen3,1000066062,2,희다,0.1382730848285058
fruits_nuts_rice,qwen3,1000144509,2,희다,0.4251192674591499
fruits_nuts_rice,qwen3,1000763360,2,희다,0.12420248388486872
fruits_nuts_rice,qwen3,1000858612,2,희다,0.3494234162159223
fruits_nuts_rice,qwen3,1000867509,2,희다,0.34458313019256637
fruits_nuts_rice,qwen3,1001502284,1,희다,0.16120225924352696
fruits_nuts_rice,qwen3,1001502284,2,희다,0.2016317131369789
fruits_nuts_rice,qwen3,1001729429,2,희다,0.6303321418711045
fruits_nuts_rice,qwen3,1002140343,2,희다,0.1294507547454172
fruits_nuts_rice,qwen3,5003716,1,희다,0.21635148185121736
fruits_nuts_rice,qwen3,5027321,2,희다,0.1562960673894745
fruits_nuts_rice,qwen3,5038123,1,희다,0.16889511885134154
fruits_nuts_rice,qwen3,5048547,2,희다,0.24151106361242256
fruits_nuts_rice,qwen3,5049631,2,희다,0.1364194765839669
fruits_nuts_rice,qwen3,5051031,2,희다,0.3582385622008978
fruits_nuts_rice,qwen3,5051038,2,희다,0.24862846919295387
fruits_nuts_rice,qwen3,5053663,2,희다,0.49384984017929523
fruits_nuts_rice,qwen3,5068728,2,희다,0.12601609869433397
fruits_nuts_rice,qwen3,5070409,2,희다,0.3461458884838129
fruits_nuts_rice,qwen3,5121007,2,희다,0.4251192674591499
fruits_nuts_rice,qwen3,5134096,2,희다,0.7420183987169788
fruits_nuts_rice,qwen3,5162187,2,희다,0.15717222447331272
fruits_nuts_rice,qwen3,1000030900,1,흰색,0.2343888695031751
fruits_nuts_rice,qwen3,1000066062,1,흰색,0.2266862550301303
fruits_nuts_rice,qwen3,1000102438,2,흰색,0.15953115924440428
fruits_nuts_rice,qwen3,1000122762,1,흰색,0.09049763435130918
fruits_nuts_rice,qwen3,1000122762,2,흰색,0.11284644785975824
fruits_nuts_rice,qwen3,1000338204,2,흰색,0.17508870932261
fruits_nuts_rice,qwen3,1000858612,1,흰색,0.13265474677067335
fruits_nuts_rice,qwen3,1000867511,1,흰색,0.1566314755315749
fruits_nuts_rice,qwen3,1000867511,2,흰색,0.12342626492972202
fruits_nuts_rice,qwen3,1000973922,1,흰색,0.2813293509985815
fruits_nuts_rice,qwen3,1000973922,2,흰색,0.2771662753859295
fruits_nuts_rice,qwen3,1002140343,1,흰색,0.16105666400071267
fruits_nuts_rice,qwen3,5003716,2,흰색,0.207841524270217
fruits_nuts_rice,qwen3,5027321,1,흰색,0.19567790321162992
fruits_nuts_rice,qwen3,5031442,1,흰색,0.09334392170843221
fruits_nuts_rice,qwen3,5034841,1,흰색,0.10654197717087681
fruits_nuts_rice,qwen3,5035954,2,흰색,0.22962539297784085
fruits_nuts_rice,qwen3,5036748,1,흰색,0.18512652815851058
fruits_nuts_rice,qwen3,5036748,2,흰색,0.15195828437830589
fruits_nuts_rice,qwen3,5045631,1,흰색,0.0677947033378517
fruits_nuts_rice,qwen3,5049631,1,흰색,0.36137245946502905
fruits_nuts_rice,qwen3,5051031,1,흰색,0.1125973165121929
fruits_nuts_rice,qwen3,5051038,1,흰색,0.1150677698597508
fruits_nuts_rice,qwen3,5052626,2,흰색,0.10010735301800214
fruits_nuts_rice,qwen3,5061259,2,흰색,0.11532792068347679
fruits_nuts_rice,qwen3,5063578,1,흰색,0.18205845844540747
fruits_nuts_rice,qwen3,5063578,2,흰색,0.13292080680758675
fruits_nuts_rice,qwen3,5063690,2,흰색,0.19115117191548187
fruits_nuts_rice,qwen3,5068728,1,흰색,0.16644310430995035
fruits_nuts_rice,qwen3,5134096,1,흰색,0.19041202267398605
fruits_nuts_rice,qwen3,5162187,1,흰색,0.1232205832399406
vegetables,hyperclovax,1000079725,1,1.5kg,0.5409868249747006
vegetables,hyperclovax,1000952172,1,15,0.29344684597755544
vegetables,hyperclovax,1002318657,1,1개,0.4403683891029603
vegetables,hyperclovax,5001063,1,1개,0.6959522161459268
vegetables,hyperclovax,5001063,2,1개,0.2637752771724334
vegetables,hyperclovax,5026451,2,1개,0.296129624625933
vegetables,hyperclovax,5027319,1,1개,0.637280817032244
vegetables,hyperclovax,5031395,2,1개,0.3006131782706427
vegetables,hyperclovax,5053496,1,1개,0.5048414879687072
vegetables,hyperclovax,5054660,1,1개,0.5279332555725171
vegetables,hyperclovax,5054660,2,1개,0.5279332555725171
vegetables,hyperclovax,1000952172,1,20,0.29344684597755544
vegetables,hyperclovax,1000443684,1,2개,0.3510070481949248
vegetables,hyperclovax,1000443684,2,2개,0.3510070481949248
vegetables,hyperclovax,1000952172,2,2개,0.2954456095537029
vegetables,hyperclovax,1002318659,1,2개,0.43006953306321344
vegetables,hyperclovax,5000333,1,2개,0.6104611546978764
vegetables,hyperclovax,5030557,1,2개,0.3582291273303599
vegetables,hyperclovax,5031391,1,2개,0.49830969823809534
vegetables,hyperclovax,5044050,1,2개,0.1718104203428832
vegetables,hyperclovax,5044050,2,2개,0.22157937199207314
vegetables,hyperclovax,5054661,1,2개,0.3219212738190346
vegetables,hyperclovax,1000952172,1,300g,0.29344684597755544
vegetables,hyperclovax,5000070,1,3개,0.5350502539617447
vegetables,hyperclovax,5001063,2,3개,0.30445202572148383
vegetables,hyperclovax,5053496,2,3개,0.6461096660950911
vegetables,hyperclovax,5054657,1,3개,0.49691779624877186
vegetables,hyperclovax,5054657,2,3개,0.49691779624877186
vegetables,hyperclovax,1000178619,1,4개,0.4175239151949581
vegetables,hyperclovax,1000178619,2,4개,0.33871358780225763
vegetables,hyperclovax,1001544134,1,6개,0.7260018609592503
vegetables,hyperclovax,5026448,1,6개,0.546653183423109
vegetables,hyperclovax,5026450,2,6개,0.5258590424754016
vegetables,hyperclovax,1000952172,1,Kf365_커리프레쉬,0.29344684597755544
vegetables,hyperclovax,5054661,1,가지,0.4519298375890366
vegetables,hyperclovax,5054661,2,가지,0.5332252019770681
vegetables,hyperclovax,1002318659,1,갈색,0.5354682736207754
vegetables,hyperclovax,5026448,1,갈색,0.517807795082608
vegetables,hyperclovax,5044050,1,갈색,0.21391663928339938
vegetables,hyperclovax,5061435,1,갈색,0.501103530017818
vegetables,hyperclovax,1001544134,1,감자,0.6876927350813772
vegetables,hyperclovax,1001544134,2,감자,0.5973718607417678
vegetables,hyperclovax,5026448,1,감자,0.517807795082608
vegetables,hyperclovax,5026448,2,감자,0.5761954047532981
vegetables,hyperclovax,1000952172,1,개별,0.29344684597755544
vegetables,hyperclovax,5054661,2,검다,0.5810949728803929
vegetables,hyperclovax,1000441195,2,검은색,0.6231979501617599
vegetables,hyperclovax,1000258072,1,겹,0.5729399082166445
vegetables,hyperclovax,1000079725,1,고구마,0.3440499055422222
vegetables,hyperclovax,1000079725,2,고구마,0.5342837456278294
vegetables,hyperclovax,1000441195,1,고구마,0.3792617118303803
vegetables,hyperclovax,1000441195,2,고구마,0.39633348907764426
vegetables,hyperclovax,5026449,1,고구마,0.6753895395895642
vegetables,hyperclovax,5026449,2,고구마,0.7058265154603423
vegetables,hyperclovax,5026450,1,고구마,0.8388153504098105
vegetables,hyperclovax,5026450,2,고구마,0.38924543271773754
vegetables,hyperclovax,5044050,2,고구마,0.6467599595149393
vegetables,hyperclovax,5061435,1,고구마,0.39158400038119345
vegetables,hyperclovax,5061435,2,고구마,0.3997447879436202
vegetables,hyperclovax,5104176,1,과자,0.3530885717271016
vegetables,hyperclovax,5048049,1,국산,0.5317449737660225
vegetables,hyperclovax,5048049,2,국산,0.3976808154222049
vegetables,hyperclovax,1001227997,2,그대로,0.3366552468757875
vegetables,hyperclovax,1001544134,2,그대로,0.2986859303708839
vegetables,hyperclovax,5000070,2,그대로,0.3176842617661768
vegetables,hyperclovax,5026448,2,그대로,0.28809770237664906
vegetables,hyperclovax,5000718,1,금속,0.44654394278759274
vegetables,hyperclovax,5030559,1,길다,0.6137871745379982
vegetables,hyperclovax,1001227997,1,껍질,0.5252362765516042
vegetables,hyperclovax,1001227997,2,껍질,0.5745101222167939
vegetables,hyperclovax,1001544134,2,껍질,0.5097145877103356
vegetables,hyperclovax,5000070,2,껍질,0.5421356885044425
vegetables,hyperclovax,5026448,2,껍질,0.49164552680759094
vegetables,hyperclovax,5027318,2,껍질,0.45866802433176773
vegetables,hyperclovax,5044050,1,껍질,0.18252689616368256
vegetables,hyperclovax,5044050,2,껍질,0.23540012848403707
vegetables,hyperclovax,1000178619,2,나란히,0.33871358780225763
vegetables,hyperclovax,5030557,1,나란히,0.5029006918787214
vegetables,hyperclovax,1001985604,2,나무,0.3330841206322709
vegetables,hyperclovax,5027318,1,나무,0.6445411524471227
vegetables,hyperclovax,5027318,2,나무,0.47447403868109134
vegetables,hyperclovax,5044050,1,나무,0.18881689805361995
vegetables,hyperclovax,5044050,2,나무,0.24351217818288415
vegetables,hyperclovax,5054657,1,나무,0.45952809130519606
vegetables,hyperclovax,5054657,2,나무,0.45952809130519606
vegetables,hyperclovax,1000441195,2,냄비,0.6231979501617599
vegetables,hyperclovax,1000118036,2,노란색,0.35923658503271305
vegetables,hyperclovax,1000178619,1,노란색,0.33919634395343085
vegetables,hyperclovax,1000178619,2,노란색,0.5503416999537782
vegetables,hyperclovax,1000952172,2,노란색,0.3369525014446995
vegetables,hyperclovax,5030557,1,노란색,0.4085564200011436
vegetables,hyperclovax,5030557,2,노란색,0.2904802095848485
vegetables,hyperclovax,1000443684,1,녹색,0.37290070596844105
vegetables,hyperclovax,1000443684,2,녹색,0.37290070596844105
vegetables,hyperclovax,1002318657,1,녹색,0.45437501382349166
vegetables,hyperclovax,5026449,1,녹색,0.7374611649524309
vegetables,hyperclovax,5030559,1,녹색,0.42622349782144225
vegetables,hyperclovax,5036663,1,녹색,0.4517766757553
vegetables,hyperclovax,5045384,1,녹색,0.43433159000875426
vegetables,hyperclovax,5053496,1,녹색,0.520898783270344
vegetables,hyperclovax,5026451,2,다발,0.3580946719766864
vegetables,hyperclovax,5049924,1,다발,0.7071067811865476
vegetables,hyperclovax,5049924,2,다발,0.7071067811865476
vegetables,hyperclovax,5063699,1,다발,0.3489989676662913
vegetables,hyperclovax,1000443684,1,다양,0.4171379290247405
vegetables,hyperclovax,1000443684,2,다양,0.4171379290247405
vegetables,hyperclovax,1000661274,2,다양,0.5062952592974934
vegetables,hyperclovax,1001176677,1,다양,0.536237981285658
vegetables,hyperclovax,1001176677,2,다양,0.536237981285658
vegetables,hyperclovax,1000118036,1,다지다,0.49341181188671857
vegetables,hyperclovax,1000118036,2,다지다,0.41402615674909826
vegetables,hyperclovax,5048049,1,다지다,0.497875114941321
vegetables,hyperclovax,5104176,2,단호박,0.784871791706331
vegetables,hyperclovax,1000079725,1,담기다,0.22329858624032078
vegetables,hyperclovax,1000079725,2,담기다,0.34676598693393995
vegetables,hyperclovax,1000118036,2,담기다,0.19890536110267723
vegetables,hyperclovax,1000120872,1,담기다,0.4105503863668001
vegetables,hyperclovax,1000120872,2,담기다,0.4105503863668001
vegetables,hyperclovax,1000441195,1,담기다,0.246152092189471
vegetables,hyperclovax,1000441195,2,담기다,0.25723218162567024
vegetables,hyperclovax,1000443684,1,담기다,0.22165264134288723
vegetables,hyperclovax,1000443684,2,담기다,0.22165264134288723
vegetables,hyperclovax,1000661274,1,담기다,0.17361039226526373
vegetables,hyperclovax,1000661274,2,담기다,0.26902775728173
vegetables,hyperclovax,1000952172,2,담기다,0.18656690817892382
vegetables,hyperclovax,1001176677,1,담기다,0.2849382822085554
vegetables,hyperclovax,1001176677,2,담기다,0.2849382822085554
vegetables,hyperclovax,5000718,1,담기다,0.18431619129229482
vegetables,hyperclovax,5026448,1,담기다,0.2626216896547282
vegetables,hyperclovax,5026449,2,담기다,0.458102329035182
vegetables,hyperclovax,5026450,1,담기다,0.5444160246694314
vegetables,hyperclovax,5026450,2,담기다,0.2526318229600735
vegetables,hyperclovax,5026451,1,담기다,0.220787089145391
vegetables,hyperclovax,5027318,1,담기다,0.37035342627110934
vegetables,hyperclovax,5027320,1,담기다,0.2629383391068006
vegetables,hyperclovax,5042793,1,담기다,0.43762360036352765
vegetables,hyperclovax,5042793,2,담기다,0.2957700922660397
vegetables,hyperclovax,5044050,1,담기다,0.10849421307940113
vegetables,hyperclovax,5058732,1,담기다,0.23572052568611324
vegetables,hyperclovax,5058732,2,담기다,0.3191055028638774
vegetables,hyperclovax,5061435,1,담기다,0.2541496226881509
vegetables,hyperclovax,5061435,2,담기다,0.2594462156996373
vegetables,hyperclovax,5063699,1,담기다,0.1770052506869952
vegetables,hyperclovax,5071326,1,담기다,0.4091803794680546
vegetables,hyperclovax,5071326,2,담기다,0.4692346654610003
vegetables,hyperclovax,5071327,2,담기다,0.4105503863668001
vegetables,hyperclovax,5104176,1,담기다,0.14574140301469088
vegetables,hyperclovax,5104176,2,담기다,0.3239649347766045
vegetables,hyperclovax,1000118036,1,담다,0.5742869752701876
vegetables,hyperclovax,5000070,1,당근,0.6320509217963942
vegetables,hyperclovax,5000070,2,당근,0.7163940451245033
vegetables,hyperclovax,1001985604,1,대,0.4651300757337802
vegetables,hyperclovax,1001985604,2,도마,0.3601856563761645
vegetables,hyperclovax,5000333,2,도마,0.7455325197699098
vegetables,hyperclovax,5030559,2,도마,0.6262506298937652
vegetables,hyperclovax,5044050,1,도마,0.2041800678797216
vegetables,hyperclovax,5044050,2,도마,0.26332565349527476
vegetables,hyperclovax,1000118036,2,도자기,0.4818892120417444
vegetables,hyperclovax,1000120884,1,루콜라,0.5714683847315448
vegetables,hyperclovax,1000120884,2,루콜라,0.5714683847315448
vegetables,hyperclovax,1000118036,1,마늘,0.4281168506568619
vegetables,hyperclovax,5000718,1,마늘,0.3328875539553723
vegetables,hyperclovax,5000718,2,마늘,0.4007352769006024
vegetables,hyperclovax,5027318,1,마늘,0.668883429643301
vegetables,hyperclovax,5027318,2,마늘,0.4923934198224109
vegetables,hyperclovax,5048049,1,마늘,0.43198950875144
vegetables,hyperclovax,5048049,2,마요네즈,0.43338222161291795
vegetables,hyperclovax,5026451,1,망,0.5349022058904715
vegetables,hyperclovax,5000718,1,몇,0.38365845889889033
vegetables,hyperclovax,5000718,2,몇,0.46185409137500133
vegetables,hyperclovax,5031395,2,몇,0.38376672499066955
vegetables,hyperclovax,1001985604,2,모습,0.3456636525415871
vegetables,hyperclovax,5001063,2,모습,0.2921770963712854
vegetables,hyperclovax,5026448,2,모습,0.26389786233504137
vegetables,hyperclovax,5044050,1,모습,0.195947914055148
vegetables,hyperclovax,5061435,2,모습,0.4685774783088231
vegetables,hyperclovax,5104176,1,모습,0.2632188676395068
vegetables,hyperclovax,1000952172,1,모양,0.2692731154432523
vegetables,hyperclovax,5104176,1,모양,0.32400164131815884
vegetables,hyperclovax,5031395,1,무,1.0
vegetables,hyperclovax,5031395,2,무,0.8197478483594703
vegetables,hyperclovax,1000079725,1,무게,0.5409868249747006
vegetables,hyperclovax,5000718,1,바구니,0.36341385487453043
vegetables,hyperclovax,5000718,2,바구니,0.4374833184126318
vegetables,hyperclovax,5061435,1,바구니,0.501103530017818
vegetables,hyperclovax,5061435,2,바구니,0.5115467540802839
vegetables,hyperclovax,5063699,1,바닥,0.42883168310770825
vegetables,hyperclovax,5026450,2,반,0.47543902385664777
vegetables,hyperclovax,5027319,2,반,0.5196323907889315
vegetables,hyperclovax,5031100,1,반,0.339807369831119
vegetables,hyperclovax,5031100,2,반,0.5546466674201364
vegetables,hyperclovax,5054661,2,반,0.4513912881034272
vegetables,hyperclovax,1001544134,2,반쪽,0.3367759244517837
vegetables,hyperclovax,5026448,2,반쪽,0.3248374301724017
vegetables,hyperclovax,5048049,2,밥,0.43338222161291795
vegetables,hyperclovax,1000178619,1,배경,0.37030117062288587
vegetables,hyperclovax,1000178619,2,배경,0.3004044403312499
vegetables,hyperclovax,1000952172,2,배경,0.3678515643034537
vegetables,hyperclovax,5036663,1,배경,0.529470177904821
vegetables,hyperclovax,1000258072,1,배열,0.5729399082166445
vegetables,hyperclovax,1002318657,1,배추,0.5325153606091345
vegetables,hyperclovax,1002318657,2,배추,0.6646485885932628
vegetables,hyperclovax,5027319,1,배추,0.7706316631457051
vegetables,hyperclovax,5027319,2,배추,0.5444116845227384
vegetables,hyperclovax,5031391,2,버섯,0.8991077731571885
vegetables,hyperclovax,1001227997,1,벗겨지다,0.5875450733738873
vegetables,hyperclovax,1001227997,2,벗겨지다,0.3213321384882894
vegetables,hyperclovax,1001544134,2,벗겨지다,0.2850910230365496
vegetables,hyperclovax,5000070,2,벗겨지다,0.3032246315622206
vegetables,hyperclovax,5026448,2,벗겨지다,0.27498472593955414
vegetables,hyperclovax,5027318,2,벗기다,0.567491630060601
vegetables,hyperclovax,5044050,1,벗기다,0.22583323959576065
vegetables,hyperclovax,5044050,2,벗기다,0.29125117850651255
vegetables,hyperclovax,5054661,1,보라색,0.42314385830764856
vegetables,hyperclovax,5061435,1,보라색,0.529018378074236
vegetables,hyperclovax,5061435,2,보라색,0.5400433601876031
vegetables,hyperclovax,1000120884,1,보이다,0.5068342294626389
vegetables,hyperclovax,1000120884,2,보이다,0.5068342294626389
vegetables,hyperclovax,1000258072,2,보이다,0.622594177146412
vegetables,hyperclovax,5058732,2,보이다,0.6291762003888863
vegetables,hyperclovax,1000441195,1,붉다,0.5963541509893191
vegetables,hyperclovax,1002318659,1,브로콜리,0.45689462168785283
vegetables,hyperclovax,1002318659,2,브로콜리,0.6285936899224213
vegetables,hyperclovax,5001063,1,브로콜리,0.7180880954601413
vegetables,hyperclovax,5001063,2,브로콜리,0.5443301480184017
vegetables,hyperclovax,5042793,1,브로콜리,0.7362427469184187
vegetables,hyperclovax,5042793,2,브로콜리,0.4975933313591275
vegetables,hyperclovax,5054660,1,브로콜리,0.5447250216739749
vegetables,hyperclovax,5054660,2,브로콜리,0.5447250216739749
vegetables,hyperclovax,5026451,1,비닐,0.5349022058904715
vegetables,hyperclovax,1000178619,1,빨간색,0.37030117062288587
vegetables,hyperclovax,1000178619,2,빨간색,0.3004044403312499
vegetables,hyperclovax,5030557,1,빨간색,0.4460216723700588
vegetables,hyperclovax,5030557,2,빨간색,0.3171176917721098
vegetables,hyperclovax,5044050,1,뿌리채소,0.26284958113790136
vegetables,hyperclovax,1000952172,1,사각,0.29344684597755544
vegetables,hyperclovax,5071327,1,삭,0.6347174719260065
vegetables,hyperclovax,1000079725,1,상자,0.4964211058033763
vegetables,hyperclovax,1000079725,2,상자,0.770904812193845
vegetables,hyperclovax,1000258072,1,상추,0.466279531991125
vegetables,hyperclovax,1000258072,2,상추,0.622594177146412
vegetables,hyperclovax,1001176677,1,상추,0.5618091325168717
vegetables,hyperclovax,1001176677,2,상추,0.5618091325168717
vegetables,hyperclovax,1000441195,1,색,0.5963541509893191
vegetables,hyperclovax,5071327,1,숙주나물,0.6347174719260065
vegetables,hyperclovax,5000718,1,시금치,0.36341385487453043
vegetables,hyperclovax,5000718,2,시금치,0.4374833184126318
vegetables,hyperclovax,5049924,1,시금치,0.7071067811865476
vegetables,hyperclovax,5049924,2,시금치,0.7071067811865476
vegetables,hyperclovax,5044050,1,썰다,0.26284958113790136
vegetables,hyperclovax,5044050,1,아마도,0.26284958113790136
vegetables,hyperclovax,1000661274,1,야채,0.8412138784713735
vegetables,hyperclovax,5044050,1,얇다,0.26284958113790136
vegetables,hyperclovax,5053496,1,양배추,0.6883309738875746
vegetables,hyperclovax,5053496,2,양배추,0.7632445868648462
vegetables,hyperclovax,5031100,1,양상추,0.8028238833443228
vegetables,hyperclovax,5031100,2,양상추,0.6552000205933182
vegetables,hyperclovax,1001227997,1,양파,0.615562864822335
vegetables,hyperclovax,1001227997,2,양파,0.673310493751575
vegetables,hyperclovax,5026451,1,양파,0.43532305333724297
vegetables,hyperclovax,5026451,2,양파,0.7161893439533727
vegetables,hyperclovax,1001985604,1,여러,0.42681332682911344
vegetables,hyperclovax,5045384,2,여러,0.6629228787216163
vegetables,hyperclovax,1001544134,2,여러개,0.3153247522179314
vegetables,hyperclovax,1002318659,2,여러개,0.7777338702857906
vegetables,hyperclovax,5026448,2,여러개,0.3041466884753128
vegetables,hyperclovax,1002030400,1,연두색,0.8213809973165752
vegetables,hyperclovax,1002318657,1,연하다,0.5621800595957572
vegetables,hyperclovax,1002318659,1,연하다,0.5652974697883316
vegetables,hyperclovax,5044050,1,연하다,0.22583323959576065
vegetables,hyperclovax,5026451,2,옆,0.3780429616199196
vegetables,hyperclovax,5031100,1,옆,0.3758437342311113
vegetables,hyperclovax,5044050,1,옆,0.22583323959576065
vegetables,hyperclovax,5030557,2,오른쪽,0.3896576382881953
vegetables,hyperclovax,1002030400,1,오이,0.5703799236011275
vegetables,hyperclovax,1002030400,2,오이,0.6664692505776459
vegetables,hyperclovax,5000333,1,오이,0.6485379616272882
vegetables,hyperclovax,5000333,2,오이,0.6664692505776459
vegetables,hyperclovax,5030559,1,오이,0.42622349782144225
vegetables,hyperclovax,5030559,2,오이,0.559837132400193
vegetables,hyperclovax,5054657,1,오이,0.44421996691281157
vegetables,hyperclovax,5054657,2,오이,0.44421996691281157
vegetables,hyperclovax,5030557,2,왼쪽,0.3896576382881953
vegetables,hyperclovax,1000952172,2,용기,0.4519967680961414
vegetables,hyperclovax,1000952172,1,용량,0.29344684597755544
vegetables,hyperclovax,5044050,1,우엉,0.5256991622758027
vegetables,hyperclovax,1000118036,2,음식,0.44219186951118
vegetables,hyperclovax,1000952172,2,음식,0.41476192224890496
vegetables,hyperclovax,1000120884,1,잎,0.3859345090378631
vegetables,hyperclovax,1000120884,2,잎,0.3859345090378631
vegetables,hyperclovax,1000258072,1,잎,0.3550536877593911
vegetables,hyperclovax,1000258072,2,잎,0.47408119680785105
vegetables,hyperclovax,1000443684,1,잎,0.3327810438904088
vegetables,hyperclovax,1000443684,2,잎,0.3327810438904088
vegetables,hyperclovax,1001985604,1,잎,0.28824340268270715
vegetables,hyperclovax,1002318657,2,잎,0.5061039918188045
vegetables,hyperclovax,5000718,1,잎,0.276725484400019
vegetables,hyperclovax,5045384,1,잎,0.38760269853156737
vegetables,hyperclovax,5045384,2,잎,0.4476972349915393
vegetables,hyperclovax,5063699,2,잎,0.5596654628699387
vegetables,hyperclovax,5044050,2,자르다,0.3389901788301409
vegetables,hyperclovax,5045384,1,자주색,0.6254633092888531
vegetables,hyperclovax,1000952172,2,작다,0.4519967680961414
vegetables,hyperclovax,1000118036,2,잘다,0.4818892120417444
vegetables,hyperclovax,1001985604,2,잘리다,0.3330841206322709
vegetables,hyperclovax,5001063,2,잘리다,0.2815440689182999
vegetables,hyperclovax,5026450,2,잘리다,0.4396654513364914
vegetables,hyperclovax,5027319,2,잘리다,0.4805335661596033
vegetables,hyperclovax,5031100,1,잘리다,0.3142391623900689
vegetables,hyperclovax,5031100,2,잘리다,0.5129132551750365
vegetables,hyperclovax,5054661,2,잘리다,0.41742714513311097
vegetables,hyperclovax,5054657,1,쟁반,0.587005330528308
vegetables,hyperclovax,5054657,2,쟁반,0.587005330528308
vegetables,hyperclovax,1000952172,1,제품,0.2692731154432523
vegetables,hyperclovax,5048049,1,제품,0.5317449737660225
vegetables,hyperclovax,1002318657,2,조각,0.5496371559001948
vegetables,hyperclovax,5001063,2,조각,0.2637752771724334
vegetables,hyperclovax,5027319,2,조각,0.4502061616548886
vegetables,hyperclovax,5030559,2,조각,0.5425795183598354
vegetables,hyperclovax,5031395,2,조각,0.3006131782706427
vegetables,hyperclovax,5042793,2,조각,0.48225445302350284
vegetables,hyperclovax,5044050,2,조각,0.22814365275687132
vegetables,hyperclovax,5104176,1,조각,0.23763200685790808
vegetables,hyperclovax,5104176,2,조각,0.5282262693381352
vegetables,hyperclovax,1000661274,1,조리,0.42060693923568676
vegetables,hyperclovax,1000443684,1,종류,0.4370296514308874
vegetables,hyperclovax,1000443684,2,종류,0.4370296514308874
vegetables,hyperclovax,1001176677,1,종류,0.5618091325168717
vegetables,hyperclovax,1001176677,2,종류,0.5618091325168717
vegetables,hyperclovax,5001063,2,주변,0.3919338859492337
vegetables,hyperclovax,1000178619,1,주황색,0.37030117062288587
vegetables,hyperclovax,1000178619,2,주황색,0.3004044403312499
vegetables,hyperclovax,5026451,1,주황색,0.43532305333724297
vegetables,hyperclovax,5026451,2,주황색,0.3580946719766864
vegetables,hyperclovax,1001985604,1,줄기,0.4651300757337802
vegetables,hyperclovax,5054661,1,짙다,0.4925013966780504
vegetables,hyperclovax,5000718,1,쪽,0.40975829287299737
vegetables,hyperclovax,5000718,2,쪽,0.4932734823086609
vegetables,hyperclovax,5048049,2,참깨,0.43338222161291795
vegetables,hyperclovax,1000443684,1,채소,0.46137515208104
vegetables,hyperclovax,1000443684,2,채소,0.46137515208104
vegetables,hyperclovax,1000661274,2,채소,0.5599875628726062
vegetables,hyperclovax,1000120884,1,천,0.41913114565445625
vegetables,hyperclovax,1000120884,2,천,0.41913114565445625
vegetables,hyperclovax,5030559,1,천,0.41308467548431377
vegetables,hyperclovax,5031391,1,천,0.5130721047637973
vegetables,hyperclovax,5045384,1,천,0.42094282654147536
vegetables,hyperclovax,5045384,2,천,0.4862064692689269
vegetables,hyperclovax,5054660,1,천,0.5279332555725171
vegetables,hyperclovax,5054660,2,천,0.5279332555725171
vegetables,hyperclovax,5054661,1,천,0.33145817974358616
vegetables,hyperclovax,5063699,1,청경채,0.7870102875122956
vegetables,hyperclovax,5063699,2,청경채,0.8287186311834539
vegetables,hyperclovax,1000178619,1,초록색,0.3534466435476983
vegetables,hyperclovax,1000178619,2,초록색,0.2867313137663168
vegetables,hyperclovax,1001985604,1,초록색,0.36131041192870716
vegetables,hyperclovax,1002030400,2,초록색,0.7455325197699098
vegetables,hyperclovax,5036663,2,초록색,0.5755653588377891
vegetables,hyperclovax,1000120872,1,콩나물,0.7726329670235152
vegetables,hyperclovax,1000120872,2,콩나물,0.7726329670235152
vegetables,hyperclovax,5071326,1,콩나물,0.7700546903243071
vegetables,hyperclovax,5071326,2,콩나물,0.8830735126418996
vegetables,hyperclovax,5071327,2,콩나물,0.7726329670235152
vegetables,hyperclovax,1000952172,1,크기,0.29344684597755544
vegetables,hyperclovax,5001063,2,크다,0.3919338859492337
vegetables,hyperclovax,1001985604,1,파,0.3467430600794106
vegetables,hyperclovax,1001985604,2,파,0.6913273050831742
vegetables,hyperclovax,5027320,1,파,0.47488449024830803
vegetables,hyperclovax,5027320,2,파,0.7317214366148811
vegetables,hyperclovax,5036663,1,파,0.48499535736166083
vegetables,hyperclovax,5036663,2,파,0.5523596531131748
vegetables,hyperclovax,5104176,1,패키지,0.3530885717271016
vegetables,hyperclovax,1000178619,1,페퍼,0.4175239151949581
vegetables,hyperclovax,5030557,2,페퍼,0.7151164011907457
vegetables,hyperclovax,1000661274,1,포장,0.2920760945908407
vegetables,hyperclovax,1000952172,1,포장,0.40754823921294114
vegetables,hyperclovax,5027320,2,포장,0.6816037992839054
vegetables,hyperclovax,5048049,2,포장,0.30094745223134317
vegetables,hyperclovax,5058732,1,포장,0.3965680260206128
vegetables,hyperclovax,5071102,1,포장,0.6664692505776459
vegetables,hyperclovax,5071102,2,포장,0.6664692505776459
vegetables,hyperclovax,5071327,1,포장,0.4407578265484554
vegetables,hyperclovax,1000118036,1,포장지,0.49341181188671857
vegetables,hyperclovax,5027320,1,포장지,0.5473122966564147
vegetables,hyperclovax,5071326,1,포장지,0.4258592603767079
vegetables,hyperclovax,5031391,1,표고버섯,0.5921928821798171
vegetables,hyperclovax,5058732,1,표고버섯,0.8872258080716414
vegetables,hyperclovax,5058732,2,표고버섯,0.6005387880720948
vegetables,hyperclovax,5071102,1,표고버섯,0.7455325197699098
vegetables,hyperclovax,5071102,2,표고버섯,0.7455325197699098
vegetables,hyperclovax,5027320,1,플라스틱,0.6370222921358738
vegetables,hyperclovax,1000178619,2,피망,0.33871358780225763
vegetables,hyperclovax,5030557,1,피망,0.5029006918787214
vegetables,hyperclovax,5048049,2,현미,0.43338222161291795
vegetables,hyperclovax,5104176,1,호박,0.7061771434542032
vegetables,hyperclovax,5000070,1,회색,0.5605647669911129
vegetables,hyperclovax,5036663,1,회색,0.529470177904821
vegetables,hyperclovax,5036663,2,회색,0.6030118832316823
vegetables,hyperclovax,5054661,1,회색,0.400815718113988
vegetables,hyperclovax,5044050,1,후,0.24119640942186232
vegetables,hyperclovax,5044050,2,후,0.31106465381890314
vegetables,hyperclovax,1000661274,2,희다,0.5980828585178188
vegetables,hyperclovax,5042793,2,희다,0.6575344642274396
vegetables,hyperclovax,1000120872,1,흰색,0.4842382456214203
vegetables,hyperclovax,1000120872,2,흰색,0.4842382456214203
vegetables,hyperclovax,1000120884,1,흰색,0.3031939751601586
vegetables,hyperclovax,1000120884,2,흰색,0.3031939751601586
vegetables,hyperclovax,1000441195,1,흰색,0.29033283425381423
vegetables,hyperclovax,1000952172,2,흰색,0.22005297110318447
vegetables,hyperclovax,1001985604,1,흰색,0.22644687382564782
vegetables,hyperclovax,1001985604,2,흰색,0.22574194706383177
vegetables,hyperclovax,5000333,1,흰색,0.4546819668001554
vegetables,hyperclovax,5026448,1,흰색,0.30975848637228964
vegetables,hyperclovax,5026449,2,흰색,0.5403250745668325
vegetables,hyperclovax,5026450,2,흰색,0.29797558302388194
vegetables,hyperclovax,5030559,1,흰색,0.29882003791979855
vegetables,hyperclovax,5031391,1,흰색,0.3711496332352583
vegetables,hyperclovax,5031391,2,흰색,0.437727326366908
vegetables,hyperclovax,5042793,1,흰색,0.516170710148188
vegetables,hyperclovax,5045384,1,흰색,0.304504521359247
vegetables,hyperclovax,5045384,2,흰색,0.351715384777834
vegetables,hyperclovax,5054660,1,흰색,0.38189999487234144
vegetables,hyperclovax,5054660,2,흰색,0.38189999487234144
vegetables,hyperclovax,5058732,2,흰색,0.3763803274974603
vegetables,hyperclovax,5063699,1,흰색,0.20877513431901032
vegetables,hyperclovax,5071326,1,흰색,0.24131117114488823
vegetables,hyperclovax,5071327,2,흰색,0.4842382456214203
