category,model,product_id,image_order,model_id,image_name,image_path,prev_alt_KOR,metadata_status,keywords_image_only,keyword_count_image_only,alt_image_only,alt_ENG_image_only,alt_KOR_direct_image_only,status_image_only,translation_status_image_only,source_image_only,english_check_image_only,hit_token_limit_image_only,error_image_only,keywords_1gram,keyword_count_1gram,alt_1gram,alt_ENG_1gram,alt_KOR_direct_1gram,status_1gram,translation_status_1gram,source_1gram,english_check_1gram,hit_token_limit_1gram,error_1gram,keywords_2gram,keyword_count_2gram,alt_2gram,alt_ENG_2gram,alt_KOR_direct_2gram,status_2gram,translation_status_2gram,source_2gram,english_check_2gram,hit_token_limit_2gram,error_2gram,keywords_3gram,keyword_count_3gram,alt_3gram,alt_ENG_3gram,alt_KOR_direct_3gram,status_3gram,translation_status_3gram,source_3gram,english_check_3gram,hit_token_limit_3gram,error_3gram,all_ngram_ok
bakery,qwen3,1000128336,1,Qwen/Qwen3-VL-2B-Instruct,kurly_1000128336_1.jpg,bakery/images/kurly_1000128336_1.jpg,상품-대표-이미지 1,matched,,0,"금빛 갈색 껍질과 잘게 썬 호두가 듬뿍 들어간 부드럽고 폭신폭신한 속살을 가진 소박한 빵 한 덩이가, 접어 놓은 체크무늬 식탁보 위에 놓여 있다.",,,reused,reused_translation,alt_preprocessed_5.csv:qwen_3_deepl_KOR,,,,금빛 / 듬뿍 / 잘다 / 호두 / 체크,5,"황금빛 갈색을 띠고 겉은 바삭하며, 속은 촘촘하면서도 폭신폭신한 호두가 가득 들어간 빵 한 덩이가 얇게 썰려 체크무늬 식탁보 위에 놓여 있다.","A golden-brown, crusty loaf of bread with a dense, airy interior filled with walnuts, sliced and resting on a checkered cloth.",,ok,translated,vlm + deepl_api,latin_text_present,False,,가지다 빵 / 금빛 갈색 / 껍질 잘다 / 덩이 체크 / 들어가다 폭신폭신,5,"황금빛 갈색을 띠고 겉은 바삭하며, 속은 촘촘하면서도 폭신폭신한 빵 한 덩어리가 잘게 다진 견과류가 가득 들어 있어, 얇게 썰린 뒤 흰색과 검은색이 바뀐 체크무늬 식탁보 위에 놓여 있다.","A golden-brown, crusty loaf of bread with a dense, airy interior filled with chopped nuts, sliced and resting on a white and black checkered cloth.",,ok,translated,vlm + deepl_api,latin_text_present,False,,가지다 빵 덩이 / 갈색 껍질 잘다 / 금빛 갈색 껍질 / 껍질 잘다 썰다 / 덩이 체크 무늬,5,"황금빛 갈색을 띠고 겉은 바삭하며, 속은 촘촘하면서도 폭신폭신한 빵 한 덩어리에 잘게 다진 견과류가 가득 들어 있고, 얇게 썰어 흰색과 회색의 체크무늬 식탁보 위에 놓여 있다.","A golden-brown, crusty loaf of bread with a dense, airy interior filled with chopped nuts, sliced and resting on a white and grey checkered cloth.",,ok,translated,vlm + deepl_api,latin_text_present,False,,True
bakery,qwen3,1000128336,2,Qwen/Qwen3-VL-2B-Instruct,kurly_1000128336_2.jpg,bakery/images/kurly_1000128336_2.jpg,,matched,,0,"황금빛 갈색 껍질과 부드럽고 폭신폭신한 속살에 호두가 듬뿍 박힌 소박하고 정성스럽게 만든 수제 빵 한 덩어리가, 썰려서 체크무늬 식탁보 위에 놓여 있다.",,,reused,reused_translation,alt_preprocessed_5.csv:qwen_3_deepl_KOR,,,,만들다 / 박히다 / 서다 / 정성 / 듬뿍,5,"갓 구워낸 소박한 빵 한 덩어리로, 겉은 황금빛 갈색을 띠고 속은 촘촘하면서도 폭신하며 잘게 썬 호두가 가득 들어 있으며, 체크무늬 식탁보 위에 담겨 있다.","A freshly baked, rustic loaf of bread with a golden-brown crust and a dense, airy interior filled with chopped walnuts, served on a checkered cloth.",,ok,translated,vlm + deepl_api,latin_text_present,False,,껍질 폭신폭신 / 듬뿍 박히다 / 만들다 수제 / 박히다 정성 / 서다 체크,5,"갓 구워낸 수제 빵 한 덩어리. 겉은 황금빛 갈색을 띠고 속은 촘촘하면서도 폭신하며, 호두가 듬뿍 박혀 있고, 썰어서 체크무늬 식탁보 위에 올려져 있다.","A freshly baked, artisanal loaf of bread with a golden-brown crust and a dense, airy interior studded with walnuts, sliced and resting on a checkered cloth.",,ok,translated,vlm + deepl_api,latin_text_present,False,,갈색 껍질 폭신폭신 / 껍질 폭신폭신 속살 / 덩어리 썰다 서다 / 듬뿍 박히다 정성 / 만들다 수제 빵,5,"갓 구워낸 황금빛 호두 빵 한 덩어리가 체크무늬 식탁보 위에 놓여 있는데, 촘촘하면서도 폭신폭신한 속살이 드러나고, 썰어 보니 고소한 호두 속이 엿보인다.","A freshly baked, golden-brown loaf of walnut bread with a dense, airy interior, sliced to reveal the nutty filling, rests on a checkered cloth.",,ok,translated,vlm + deepl_api,latin_text_present,False,,True
bakery,qwen3,1000196053,1,Qwen/Qwen3-VL-2B-Instruct,kurly_1000196053_1.jpg,bakery/images/kurly_1000196053_1.jpg,상품-대표-이미지 1,matched,,0,"어두운 색에 갈라진 겉면과 황금빛 갈색 속살을 가진 소박한 타원형 빵 한 덩어리가, 나무 도마 위의 유산지 위에 놓여 있다.",,,reused,reused_translation,alt_preprocessed_5.csv:qwen_3_deepl_KOR,,,,유사 / 타원 / 갈라지다 / 가지다 / 겉면,5,"나무 도마 위에 놓인 유산지 위에, 갈라진 짙은 색 껍질과 속이 드러난 녹색 올리브가 보이는 소박한 타원형 빵 한 덩어리.","A rustic, oval-shaped loaf of bread with a cracked, dark crust and visible green olives inside, resting on parchment paper on a wooden cutting board.",,ok,translated,vlm + deepl_api,latin_text_present,False,,가지다 타원 / 갈색 속살 / 도마 유사 / 타원 빵 / 갈라지다 겉면,5,"금빛 갈색을 띤 타원형 빵 한 덩어리가, 갈라진 소박한 겉껍질과 속이 보이는 녹색 올리브를 품고, 나무 도마 위의 유산지 위에 놓여 있다.","A golden-brown, oval-shaped loaf of bread with a cracked, rustic crust and visible green olives inside, resting on parchment paper on a wooden cutting board.",,ok,translated,vlm + deepl_api,latin_text_present,False,,가지다 타원 빵 / 갈라지다 겉면 황금빛 / 갈색 속살 가지다 / 나무 도마 유사 / 색 갈라지다 겉면,5,"금빛 갈색을 띤 타원형 빵으로, 표면은 갈라진 소박한 껍질을 띠고 있으며 속에는 녹색 올리브가 훤히 드러나 있고, 나무 판 위에 놓인 유산지 위에 놓여 있다.","A golden-brown, oval-shaped bread with a cracked, rustic crust and visible green olives inside, resting on parchment paper on a wooden board.",,ok,translated,vlm + deepl_api,latin_text_present,False,,True
bakery,qwen3,1000196053,2,Qwen/Qwen3-VL-2B-Instruct,kurly_1000196053_2.jpg,bakery/images/kurly_1000196053_2.jpg,,matched,,0,"황금빛 갈색 껍질을 띤 수제 빵 세 조각의 클로즈업 사진으로, 빵을 잘라내니 녹색 올리브가 가득 들어간 부드럽고 폭신폭신한 속이 드러나 있다.",,,reused,reused_translation,alt_preprocessed_5.csv:qwen_3_deepl_KOR,,,,클로즈업 / 빵 / 수제 / 올리브 / 자르다,5,"갓 구워낸 수제 빵 롤 세 개를 클로즈업한 사진으로, 빵 겉면은 황금빛 갈색을 띠고 속에는 녹색 올리브가 선명하게 보이며, 반으로 잘라내어 속이 푹신하고 기공이 많은 모습을 드러내고 있다.","A close-up of three freshly baked, handcrafted bread rolls with a golden-brown crust and visible green olives inside, cut in half to reveal their airy, porous interior.",,ok,translated,vlm + deepl_api,latin_text_present,False,,가득 들다 / 녹색 올리브 / 들다 폭신폭신 / 띠다 수제 / 빵 자르다,5,"황금빛 갈색 껍질을 띠고 속에는 녹색 올리브가 선명하게 보이는 수제 빵 세 조각의 클로즈업 사진으로, 빵을 잘라내어 속이 푹신하고 기공이 많은 모습을 드러낸 채, 나무 판 위에 놓인 유산지 위에 놓여 있다.","A close-up of three pieces of artisanal bread with a golden-brown crust and visible green olives inside, cut to reveal their airy, porous interior, resting on parchment paper on a wooden board.",,ok,translated,vlm + deepl_api,latin_text_present,False,,가득 들다 폭신폭신 / 껍질 띠다 수제 / 녹색 올리브 가득 / 들다 폭신폭신 속 / 띠다 수제 빵,5,"황금빛 갈색 껍질을 띤 수제 빵 세 조각이, 속에는 녹색 올리브가 듬뿍 들어 있고, 나무 판 위에 놓인 유산지 위에 놓여 있는 모습의 클로즈업 사진.","A close-up of three pieces of artisanal bread with a golden-brown crust, filled with green olives, resting on parchment paper on a wooden board.",,ok,translated,vlm + deepl_api,latin_text_present,False,,True
bakery,qwen3,1000217187,1,Qwen/Qwen3-VL-2B-Instruct,kurly_1000217187_1.jpg,bakery/images/kurly_1000217187_1.jpg,상품-대표-이미지 1,matched,,0,"하얀 타원형 접시 위에는 황금빛 갈색의 둥근 빵 몇 개가 놓여 있고, 그 옆의 밝은 색 천 위에는 같은 빵이 들어 있는 투명한 비닐봉지가 놓여 있다.",,,reused,reused_translation,alt_preprocessed_5.csv:qwen_3_deepl_KOR,,,,빵 / 봉지 / 타원 / 비닐 / 투명,5,"하얀 타원형 접시 위에는 황금빛 갈색의 빵 몇 개가 놓여 있고, 그 옆에는 빵이 더 들어 있는 투명한 비닐봉지와 밝은 색 천 위에 ‘""미모모방"" (Mimomofang)’라고 적힌 라벨이 놓여 있다.","A white oval plate holds several golden-brown buns, with a clear plastic bag containing more buns and a label that reads ""미모모방"" (Mimomofang) on a light-colored cloth.",,ok,translated,vlm + deepl_api,latin_text_with_quoted_names,False,,갈색 둥글다 / 같다 빵 / 몇개 옆 / 빵 들다 / 옆 밝다,5,"하얀 접시 위에는 황금빛 갈색의 둥근 빵 몇 개가 놓여 있고, 그 옆의 밝은 색 식탁보 위에는 같은 빵이 들어 있는 투명한 비닐봉지가 놓여 있다.","A white plate holds several golden-brown, round buns, with a clear plastic bag of the same buns placed beside it on a light-colored cloth.",,ok,translated,vlm + deepl_api,latin_text_present,False,,갈색 둥글다 빵 / 같다 빵 들다 / 둥글다 빵 몇개 / 들다 투명 비닐 / 몇개 옆 밝다,5,"하얀 접시 위에는 황금빛 갈색의 둥근 빵 몇 개가 놓여 있고, 그 옆의 밝은 색 식탁보 위에는 같은 빵이 들어 있는 투명한 비닐봉지가 놓여 있다.","A white plate holds several golden-brown, round buns, with a clear plastic bag of the same buns placed beside it on a light-colored cloth.",,ok,translated,vlm + deepl_cached_translation,latin_text_present,False,,True
bakery,qwen3,1000217187,2,Qwen/Qwen3-VL-2B-Instruct,kurly_1000217187_2.jpg,bakery/images/kurly_1000217187_2.jpg,,matched,,0,"하얀 접시 위에는 황금빛 갈색을 띠고 부드러워 보이는 빵 몇 개가 놓여 있는데, 그중 하나는 반으로 갈라져 속이 폭신폭신한 모습이 드러나 있다.",,,reused,reused_translation,alt_preprocessed_5.csv:qwen_3_deepl_KOR,,,,갈라지다 / 모습 / 반 / 중 / 폭신폭신,5,"하얀 접시 위에는 황금빛 갈색을 띠고 부드러워 보이는 빵 몇 개가 놓여 있는데, 그중 하나는 반으로 갈라져 속이 폭신폭신한 모습이 드러나 있다.","A white plate holds several golden-brown, soft-looking buns, with one broken in half to reveal its fluffy interior.",,ok,translated,vlm + deepl_api,latin_text_present,False,,갈라지다 속 / 띠다 보이다 / 폭신폭신 모습 / 반 갈라지다 / 속 폭신폭신,5,"하얀 접시 위에는 황금빛 갈색을 띠고 부드러워 보이는 빵 몇 개가 놓여 있는데, 그중 하나는 반으로 갈라져 속이 폭신하고 푹신한 모습이 드러나 있다.","A white plate holds several golden-brown, soft-looking buns, with one broken in half to reveal its fluffy, airy interior.",,ok,translated,vlm + deepl_api,latin_text_present,False,,갈라지다 속 폭신폭신 / 갈색 띠다 보이다 / 띠다 보이다 빵 / 반 갈라지다 속 / 보이다 빵 몇개,5,"하얀 접시 위에는 황금빛 갈색을 띠고 부드러워 보이는 빵 몇 개가 놓여 있는데, 그중 하나는 반으로 갈라져 속이 폭신하고 푹신한 모습이 드러나 있다.","A white plate holds several golden-brown, soft-looking buns, with one broken in half to reveal its fluffy, airy interior.",,ok,translated,vlm + deepl_cached_translation,latin_text_present,False,,True
bakery,qwen3,1000220024,1,Qwen/Qwen3-VL-2B-Instruct,kurly_1000220024_1.jpg,bakery/images/kurly_1000220024_1.jpg,상품-대표-이미지 1,matched,,0,"하얀 접시 위에는 황금빛 갈색의 빵 몇 개가 놓여 있는데, 그중 하나는 반으로 잘려 있어 녹아내린 치즈와 햄이 속을 채우고 있는 모습이 드러나 있다.",,,reused,reused_translation,alt_preprocessed_5.csv:qwen_3_deepl_KOR,,,,내리다 / 채우다 / 녹다 / 햄 / 치즈,5,"하얀 접시 위에는 황금빛 갈색의 빵 몇 개가 놓여 있는데, 그중 하나는 반으로 갈라져 안쪽에 녹아내린 치즈와 햄이 드러나 있다.","A white plate holds several golden-brown buns, with one cut open to reveal a layer of melted cheese and ham inside.",,ok,translated,vlm + deepl_api,latin_text_present,False,,채우다 모습 / 갈색 빵 / 내리다 치즈 / 녹다 내리다 / 속 채우다,5,"하얀 접시 위에는 황금빛 갈색의 빵 몇 개가 놓여 있는데, 그중 하나는 반으로 갈라져 있어 안쪽에 녹아내린 치즈와 햄 한 조각이 드러나 있다.","A white plate holds several golden-brown buns, with one cut open to reveal a melted cheese filling and a slice of ham inside.",,ok,translated,vlm + deepl_api,latin_text_present,False,,갈색 빵 몇개 / 속 채우다 모습 / 중 반 잘리다 / 채우다 모습 드러나다 / 내리다 치즈 햄,5,"하얀 접시 위에는 황금빛 갈색의 빵 몇 개가 놓여 있는데, 그중 하나는 반으로 잘려 있어 크림 같은 치즈와 햄이 들어간 속이 드러나 있다.","A white plate holds several golden-brown buns, with one cut in half to reveal a creamy cheese and ham filling.",,ok,translated,vlm + deepl_api,latin_text_present,False,,True
bakery,qwen3,1000220024,2,Qwen/Qwen3-VL-2B-Instruct,kurly_1000220024_2.jpg,bakery/images/kurly_1000220024_2.jpg,,matched,,0,"하얀 접시 위에는 황금빛 갈색의 빵 6개가 놓여 있는데, 그중 두 개는 반으로 잘려 있어 녹아내린 치즈와 햄이 속을 채우고 있는 것이 보인다. 빵들은 유산지 위에 놓여 있으며, 빵의 부드럽고 기공이 많은 질감이 눈에 띈다.",,,reused,reused_translation,alt_preprocessed_5.csv:qwen_3_deepl_KOR,,,,빵 / 유산지 / 내리다 / 눈 / 띄다,5,"하얀 접시 위에는 황금빛 갈색을 띠고 부드러워 보이는 빵 몇 개가 놓여 있는데, 그중 두 개는 반으로 잘려 있어 녹아내린 치즈와 햄으로 채워진 속이 드러나 있다.","A white plate holds several golden-brown, soft-looking buns, with two cut in half to reveal a filling of melted cheese and ham.",,ok,translated,vlm + deepl_api,latin_text_present,False,,2개 반 / 6개 중 / 빵 6개 / 빵 유산지 / 유산지 빵,5,"흰색 접시 위에는 황금빛 갈색의 빵 여섯 개가 놓여 있는데, 그중 두 개는 반으로 잘려 햄과 치즈가 들어간 속이 드러나 있으며, 이 빵들은 유산지 위에 놓여 있다.","A white plate holds six golden-brown buns, with two cut in half to reveal a filling of ham and cheese, resting on parchment paper.",,ok,translated,vlm + deepl_api,latin_text_present,False,,2개 반 잘리다 / 6개 중 2개 / 갈색 빵 6개 / 많다 질감 눈 / 보이다 빵 유산지,5,"흰색 접시 위에는 황금빛 갈색의 빵 여섯 개가 놓여 있는데, 그중 두 개는 반으로 잘려 햄과 치즈가 들어간 속이 드러나 있으며, 이 빵들은 유산지 위에 놓여 있다.","A white plate holds six golden-brown buns, with two cut in half to reveal a filling of ham and cheese, resting on parchment paper.",,ok,translated,vlm + deepl_cached_translation,latin_text_present,False,,True
bakery,qwen3,1000229955,1,Qwen/Qwen3-VL-2B-Instruct,kurly_1000229955_1.jpg,bakery/images/kurly_1000229955_1.jpg,상품-대표-이미지 1,matched,,0,"뚜껑에 파스텔 톤의 산 그림이 그려진 “CHARMANT” 쿠키 상자를 열어보니, 검은색 쟁반 위에 개별 포장된 쿠키 9개가 놓여 있습니다.",,,reused,reused_translation,alt_preprocessed_5.csv:qwen_3_deepl_KOR,,,,쿠키 / 산 / 톤 / 파스텔 / 9개,5,"""Grains"" 브랜드의 ""CHARMANT"" 테마가 적용된 9종 혼합 쿠키 상자로, 뚜껑에는 파스텔 톤의 산 그림이 그려져 있습니다.","A box of nine assorted cookies from the brand ""Grains"" with a ""CHARMANT"" theme, featuring a pastel mountain design on the lid.",,ok,translated,vlm + deepl_api,latin_text_with_quoted_names,False,,CHARMANT 쿠키 / 검은색 쟁반 / 그리다 CHARMANT / 뚜껑 파스텔 / 산 그림,5,"""CHARMANT"" 브랜드의 9종 혼합 쿠키 한 상자로, 파스텔 톤의 산을 모티브로 한 뚜껑이 달린 검은색 트레이에 담겨 있습니다.","A box of nine assorted cookies from the ""CHARMANT"" brand, presented in a black tray with a pastel-colored, mountain-themed lid.",,ok,translated,vlm + deepl_api,latin_text_with_quoted_names,False,,CHARMANT 쿠키 상자 / 검은색 쟁반 개별 / 그리다 CHARMANT 쿠키 / 그림 그리다 CHARMANT / 뚜껑 파스텔 톤,5,"‘""CHARMANT""’라고 적힌 분홍색과 파란색의 파스텔 톤 상자 안에는 검은색 쟁반이 들어 있으며, 그 위에는 각각 다른 디자인의 개별 포장된 쿠키 9개가 담겨 있습니다.","A pink and blue pastel-toned box labeled ""CHARMANT"" contains a black tray with nine individually wrapped cookies, each with a different design.",,ok,translated,vlm + deepl_api,latin_text_with_quoted_names,False,,True
bakery,qwen3,1000229955,2,Qwen/Qwen3-VL-2B-Instruct,kurly_1000229955_2.jpg,bakery/images/kurly_1000229955_2.jpg,,matched,,0,"“CHARMANT” 브랜드의 9종 혼합 쿠키 한 상자가 연한 베이지색 바탕 위에 놓여 있으며, 상자는 열려 있고 뚜껑은 그 옆에 놓여 있습니다. 쿠키들은 투명한 비닐로 개별 포장되어 있으며, 둥근 모양, 사각형, 체크무늬 등 다양한 모양과 색상을 띠고 있습니다.",,,reused,reused_translation,alt_preprocessed_5.csv:qwen_3_deepl_KOR,,,,모양 / 쿠키 / 9 / 사각 / 종,5,"각각 개별 포장된 9개의 다양한 쿠키가 들어 있는 상자가 밝은 색상의 표면 위에 놓여 있으며, 상자와 쿠키 모두에 ‘""CHARMANT""’라는 브랜드명이 표시되어 있다.","A box of nine assorted cookies, each individually wrapped, is displayed on a light-colored surface with the brand ""CHARMANT"" visible on both the box and the cookies.",,ok,translated,vlm + deepl_api,latin_text_with_quoted_names,False,,9 종 / CHARMANT 브랜드 / 다양 모양 / 둥글다 모양 / 모양 사각,5,"CHARMANT 브랜드의 9종 혼합 쿠키 한 상자로, 둥근 모양, 사각형, 체크무늬 등 다양한 디자인의 쿠키가 들어 있으며, 세련되고 현대적인 패키지에 담겨 있습니다.","A box of nine assorted cookies from the CHARMANT brand, featuring various shapes including round, square, and checkered designs, presented in a sleek, modern packaging.",,ok,translated,vlm + deepl_api,latin_text_present,False,,9 종 혼합 / CHARMANT 브랜드 9 / 개별 포장 둥글다 / 다양 모양 색상 / 둥글다 모양 사각,5,"CHARMANT 브랜드의 9개가 들어 있는 혼합 쿠키 상자로, 각 쿠키가 개별 포장되어 있으며 다양한 모양, 색상, 식감을 자랑합니다.","A box of nine assorted, individually wrapped cookies from the CHARMANT brand, featuring a variety of shapes, colors, and textures.",,ok,translated,vlm + deepl_api,latin_text_present,False,,True
bakery,qwen3,1000234669,1,Qwen/Qwen3-VL-2B-Instruct,kurly_1000234669_1.jpg,bakery/images/kurly_1000234669_1.jpg,상품-대표-이미지 1,matched,,0,"밝은 회색 바탕 위에 필라델피아 오리지널 크림치즈 용기 두 개가 놓여 있는데, 그중 하나는 뚜껑이 열린 상태입니다.",,,reused,reused_translation,alt_preprocessed_5.csv:qwen_3_deepl_KOR,,,,오리지널 / 필라델피아 / 상태 / 용기 / 치즈,5,"필라델피아 오리지널 프레시 크림 치즈 두 통이 있는데, 그중 한 통은 뚜껑을 열어둔 채로 조리대 위에 놓여 있다.","Two containers of Philadelphia Original Fresh Cream Cheese, one open with the lid resting on the counter.",,ok,translated,vlm + deepl_api,latin_text_present,False,,열리다 상태 / 오리지널 크림 / 용기 2개 / 치즈 용기 / 크림 치즈,5,"밝은 회색 바탕 위에 필라델피아 오리지널 크림 치즈 두 통이 놓여 있는데, 그중 하나는 뚜껑이 열려 있어 크리미한 스프레드가 드러나 있다.","Two containers of Philadelphia Original Cream Cheese, one open to reveal the creamy spread, on a light gray surface.",,ok,translated,vlm + deepl_api,latin_text_present,False,,2개 중 뚜껑 / 뚜껑 열리다 상태 / 밝다 회색 필라델피아 / 오리지널 크림 치즈 / 용기 2개 중,5,"밝은 회색 바탕 위에 필라델피아 오리지널 크림치즈 두 통이 놓여 있는데, 그중 하나는 뚜껑이 열려 있다.","Two containers of Philadelphia Original Cream Cheese, one with the lid open, on a light gray surface.",,ok,translated,vlm + deepl_api,latin_text_present,False,,True
bakery,qwen3,1000234669,2,Qwen/Qwen3-VL-2B-Instruct,kurly_1000234669_2.jpg,bakery/images/kurly_1000234669_2.jpg,,matched,,0,"크리미한 흰색 스프레드가 소용돌이 모양으로 보이는 ‘필라델피아 오리지널 프레시 크리미 토핑’ 용기가 밝은 색상의 표면 위에 뚜껑을 연 채 놓여 있고, 밀봉된 뚜껑은 그 옆에 놓여 있다.",,,reused,reused_translation,alt_preprocessed_5.csv:qwen_3_deepl_KOR,,,,뚜껑 / 밀봉 / 소용돌이 / 필라델피아_오리지널_프레시_크리미_토핑 / 열다,5,"뚜껑이 열려 있고, 크림 같은 스프레드가 표면에 소용돌이 모양으로 퍼져 있는 ‘필라델피아 오리지널 프레시 크리미 토핑’ 용기가 밝은 색상의 표면 위에 놓여 있다.","A container of Philadelphia Original Fresh Creamy Topping, with its lid open and the creamy spread swirled on top, sits on a light surface.",,ok,translated,vlm + deepl_api,latin_text_present,False,,뚜껑 열다 / 모양 보이다 / 밀봉 뚜껑 / 보이다 필라델피아_오리지널_프레시_크리미_토핑 / 소용돌이 모양,5,"뚜껑이 열려 있고, 크림 같은 스프레드가 위쪽에 소용돌이 모양으로 펴져 있어 부드럽고 연한 노란색의 질감이 드러나는 ‘필라델피아 오리지널 프레시 크리미 토핑’ 용기.","A container of Philadelphia Original Fresh Creamy Topping, with its lid open and the creamy spread swirled on top, revealing a smooth, pale yellow texture.",,ok,translated,vlm + deepl_api,latin_text_present,False,,뚜껑 열다 채 / 모양 보이다 필라델피아_오리지널_프레시_크리미_토핑 / 밀봉 뚜껑 옆 / 밝다 색상 표면 / 보이다 필라델피아_오리지널_프레시_크리미_토핑 용기,5,"파란색 라벨이 붙은 흰색 용기에 담긴 하얗고 크리미한 ‘필라델피아 오리지널 프레시 크리미 토핑’이, 뚜껑을 살짝 열어 매끄러운 질감이 드러나도록, 연회색 바탕 위에 놓여 있다.","A white, creamy Philadelphia Original Fresh Creamy Topping spread in a white tub with a blue label, open to reveal its smooth texture, placed on a light gray surface with its lid slightly ajar.",,ok,translated,vlm + deepl_api,latin_text_present,False,,True
bakery,qwen3,1000321559,1,Qwen/Qwen3-VL-2B-Instruct,kurly_1000321559_1.jpg,bakery/images/kurly_1000321559_1.jpg,상품-대표-이미지 1,matched,,0,"OLHGOK 땅콩버터 두 병(하나은 부드러운 타입, 다른 하나는 바삭한 타입)이 회색 바탕 위에 놓여 있으며, 그 옆에는 이 땅콩버터를 담은 그릇 두 개가 놓여 있습니다. 라벨은 한국어와 영어로 되어 있습니다.",,,reused,reused_translation,alt_preprocessed_5.csv:qwen_3_deepl_KOR,,,,타입 / 땅콩 / 버터 / 영어 / 바삭,5,"OLHGOK 땅콩버터 두 병(하나는 부드러운 타입, 다른 하나는 바삭한 타입)이 회색 바탕 위에 스프레드가 담긴 그릇들과 함께 진열되어 있다.","Two jars of OLHGOK peanut butter, one smooth and one crunchy, are displayed with bowls of the spread on a gray surface.",,ok,translated,vlm + deepl_api,latin_text_present,False,,땅콩 버터 / 2개 라벨 / 영어 되다 / 옆 땅콩 / 한국어 영어,5,"회색 바탕 위에 한국어와 영어로 된 라벨이 붙은 땅콩버터 병 두 개와, 그 땅콩버터를 담은 그릇 두 개가 놓여 있다.","Two jars of peanut butter with labels in Korean and English, accompanied by two bowls of the spread, on a gray surface.",,ok,translated,vlm + deepl_api,latin_text_present,False,,2개 라벨 한국어 / 담다 2개 라벨 / 라벨 한국어 영어 / 옆 땅콩 버터 / 타입 회색 옆,5,"OLHGOK 땅콩버터 두 병(하나는 부드러운 타입, 다른 하나는 바삭한 타입)이 회색 바탕 위에 놓여 있으며, 그 옆에는 이 땅콩버터를 담은 그릇 두 개가 놓여 있다.","Two jars of OLHGOK peanut butter, one smooth and one crunchy, are displayed on a gray surface with two bowls of the spread.",,ok,translated,vlm + deepl_api,latin_text_present,False,,True
bakery,qwen3,1000321559,2,Qwen/Qwen3-VL-2B-Instruct,kurly_1000321559_2.jpg,bakery/images/kurly_1000321559_2.jpg,,matched,,0,"부드럽고 연한 갈색의 소스(아마도 땅콩 소스일 것)가 가득 담긴 두 개의 흰색 그릇이, 눈에 띄는 땅콩 조각들이 흩어져 있는 회색의 질감이 느껴지는 표면 위에 놓여 있다.",,,reused,reused_translation,alt_preprocessed_5.csv:qwen_3_deepl_KOR,,,,소스 / 땅콩 / 가 / 눈 / 느끼다,5,"부드럽고 연한 갈색 소스가 가득 담긴 흰색 그릇 두 개가 있는데, 하나는 으깬 땅콩이 눈에 띄고 다른 하나는 더 매끄러운 질감이며, 두 그릇 모두 질감이 느껴지는 회색 표면 위에 놓여 있다.","Two white bowls filled with a smooth, light brown sauce, one containing visible ground peanuts, the other a smoother version, both placed on a textured gray surface.",,ok,translated,vlm + deepl_api,latin_text_present,False,,2개 흰색 / 가 가득 / 갈색 소스 / 느끼다 표면 / 땅콩 소스,5,"두 개의 하얀 그릇에 걸쭉하고 주황색을 띤 땅콩 소스가 가득 담겨 있는데, 한 그릇에는 땅콩 알갱이가 훤히 보이고 다른 한 그릇은 매끄럽게 닦여 있으며, 둘 다 회색의 질감이 느껴지는 표면 위에 놓여 있다.","Two white bowls filled with a thick, orange-colored peanut sauce, one with visible peanuts and the other smooth, resting on a gray textured surface.",,ok,translated,vlm + deepl_api,latin_text_present,False,,2개 흰색 눈 / 가 가득 담기다 / 가득 담기다 2개 / 갈색 소스 아마도 / 눈 띄다 땅콩,5,"두 개의 흰 그릇에는 걸쭉한 연한 갈색 소스가 가득 담겨 있었고, 그중 하나에는 땅콩이 눈에 띄게 들어 있었다.","Two white bowls filled with a thick, light brown sauce, one containing visible peanuts.",,ok,translated,vlm + deepl_api,latin_text_present,False,,True
bakery,qwen3,1000352096,1,Qwen/Qwen3-VL-2B-Instruct,kurly_1000352096_1.jpg,bakery/images/kurly_1000352096_1.jpg,상품-대표-이미지 1,matched,,0,"500g짜리 파스키에 슬라이스 브리오슈 빵 한 팩이, 빵 두 조각이 담긴 흰색 접시 옆의 하늘색 바탕 위에 놓여 있다.",,,reused,reused_translation,alt_preprocessed_5.csv:qwen_3_deepl_KOR,,,,500g / 브리오슈 / 슬라이스 / 파스키 / 팩,5,"하늘색과 노란색 포장지에 담긴 500g짜리 파스키에(Pasquier) 슬라이스 브리오슈 빵 한 팩과, 흰 접시 위에 놓인 빵 두 조각이 연한 파란색 배경을 배경으로 담겨 있다.","A blue and yellow package of 500g Pasquier Sliced Brioche bread, with two slices on a white plate, set against a light blue background.",,ok,translated,vlm + deepl_api,latin_text_present,False,,500g 파스키 / 빵 팩 / 슬라이스 브리오슈 / 옆 하늘색 / 파스키 슬라이스,5,"하늘색과 노란색 포장지에 담긴 500g짜리 파스키에(Pasquier) 슬라이스 브리오슈 빵 한 팩과, 흰 접시 위에 놓인 빵 두 조각이 연한 파란색 배경을 배경으로 담겨 있다.","A blue and yellow package of 500g Pasquier Sliced Brioche bread, with two slices on a white plate, set against a light blue background.",,ok,translated,vlm + deepl_cached_translation,latin_text_present,False,,500g 파스키 슬라이스 / 브리오슈 빵 팩 / 빵 조각 담기다 / 빵 팩 빵 / 슬라이스 브리오슈 빵,5,"파스키에(Pasquier) 슬라이스 브리오슈 빵 500g이 들어 있는 파란색과 노란색 포장지, 흰색 접시에 담긴 빵 두 조각이 연한 파란색 배경 앞에 놓여 있다.","A blue and yellow package of 500g Pasquier Sliced Brioche bread, with two slices served on a white plate, set against a light blue background.",,ok,translated,vlm + deepl_api,latin_text_present,False,,True
bakery,qwen3,1000352096,2,Qwen/Qwen3-VL-2B-Instruct,kurly_1000352096_2.jpg,bakery/images/kurly_1000352096_2.jpg,,matched,,0,"하얀 접시 위에는 노릇노릇하고 부드러워 보이는 브리오슈 빵 두 조각이 놓여 있고, 그 옆에는 연한 파란색 바탕 위에 파란색과 노란색 포장지의 “Pasquier Sliced Brioche” 빵이 놓여 있다.",,,reused,reused_translation,alt_preprocessed_5.csv:qwen_3_deepl_KOR,,,,파란색 / Pasquier_Sliced_Brioche / 브리오슈 / 빵 / 노릇노릇,5,"하늘색 접시 위에는 노릇노릇하고 폭신폭신한 브리오슈 토스트 두 조각이 놓여 있고, 그 옆에는 파란색 ""Pasquier Sliced Brioche"" 빵 포장지가 있으며, 이 모든 것이 짙은 파란색 배경에 어우러져 있다.","A light blue plate holds two slices of golden-brown, fluffy brioche toast, next to a blue package of ""Pasquier Sliced Brioche"" bread, set against a solid blue background.",,ok,translated,vlm + deepl_api,latin_text_with_quoted_names,False,,Pasquier_Sliced_Brioche 빵 / 노란색 포장지 / 노릇노릇 보이다 / 보이다 브리오슈 / 연하다 파란색,5,"하얀 접시 위에는 노릇노릇하고 부드러운 브리오슈 토스트 두 조각이 놓여 있고, 그 옆에는 파란색과 노란색으로 된 ""Pasquier Sliced Brioche"" 빵 포장지가 연한 파란색 배경에 어우러져 있다.","A white plate holds two slices of golden-brown, soft brioche toast, next to a blue and yellow package of ""Pasquier Sliced Brioche"" bread, set against a light blue background.",,ok,translated,vlm + deepl_api,latin_text_with_quoted_names,False,,노란색 포장지 Pasquier_Sliced_Brioche / 노릇노릇 보이다 브리오슈 / 보이다 브리오슈 빵 / 브리오슈 빵 조각 / 빵 조각 옆,5,"하얀 접시 위에는 노릇노릇하고 뚫린 구멍이 많은 브리오슈 빵 두 조각이 놓여 있고, 그 옆에는 ‘""Made in France""’라고 적혀 있으며 빵 그림이 그려진 파란색 ‘""Pasquier Sliced Brioche""’ 빵 포장지가 놓여 있다.","A white plate holds two slices of golden-brown, porous brioche bread, next to a blue package of ""Pasquier Sliced Brioche"" bread, which is labeled ""Made in France"" and features an image of the bread.",,ok,translated,vlm + deepl_api,latin_text_with_quoted_names,False,,True
bakery,qwen3,1000400055,1,Qwen/Qwen3-VL-2B-Instruct,kurly_1000400055_1.jpg,bakery/images/kurly_1000400055_1.jpg,상품-대표-이미지 1,matched,,0,“WHAT'S THE BETTER?”라는 문구가 적힌 파란색 상자 두 개와 작은 파란색 봉지가 밝은 회색 바탕 위에 놓여 있는 누담(Nudam) 마카롱의 제품 사진입니다. 알록달록한 마카롱이 담긴 접시와 마카롱 세 개가 담긴 흰색 접시도 함께 보입니다.,,,reused,reused_translation,alt_preprocessed_5.csv:qwen_3_deepl_KOR,,,,마카롱 / 파란색 / WHAT'S_THE_BETTER? / 누 / 담,5,"‘""WHAT'S THE BETTER?""’라는 슬로건이 적힌 ""Nudam"" 마카롱의 파란색 상자와 포장재가, 접시 위에 놓인 여러 가지 색깔의 마카롱과 함께 진열되어 있다.","A blue box and packaging for ""Nudam"" macarons, featuring the slogan ""WHAT'S THE BETTER?"", are displayed with several colorful macarons on plates.",,ok,translated,vlm + deepl_api,latin_text_with_quoted_names,False,,WHAT'S_THE_BETTER? 문구 / 누 담 / 담 마카롱 / 담기다 마카롱 / 마카롱 3개,5,"‘""WHAT'S THE BETTER?""’라는 슬로건이 적힌 ""Nudam"" 마카롱의 파란색 상자와 포장재가, 접시 위에 놓인 여러 가지 색색의 마카롱과 함께 전시되어 있어 다양한 맛과 디자인을 선보이고 있다.","A blue box and packaging for ""Nudam"" macarons, featuring the slogan ""WHAT'S THE BETTER?"", are displayed with several colorful macarons on plates, showcasing a variety of flavors and designs.",,ok,translated,vlm + deepl_api,latin_text_with_quoted_names,False,,2개 작다 파란색 / 3개 담기다 흰색 / WHAT'S_THE_BETTER? 문구 적히다 / 누 담 마카롱 / 담 마카롱 제품,5,"밝은 회색 바탕 위에, ""Nudam WHAT'S THE BETTER?"" 마카롱이 담긴 파란색 상자와 더 작은 파란색 포장지, 그리고 알록달록한 마카롱이 담긴 접시와 마카롱 세 개가 올려진 흰색 접시가 함께 진열되어 있다.","A blue box and a smaller blue packet of ""Nudam WHAT'S THE BETTER?"" macarons, displayed with a plate of colorful macarons and a white plate with three macarons, on a light gray surface.",,ok,translated,vlm + deepl_api,latin_text_with_quoted_names,False,,True
bakery,qwen3,1000400055,2,Qwen/Qwen3-VL-2B-Instruct,kurly_1000400055_2.jpg,bakery/images/kurly_1000400055_2.jpg,,matched,,0,"하얀 접시 위에는 여러 개의 마카롱이 놓여 있는데, 그중에는 반으로 잘라 녹색과 초콜릿 속이 드러난 노란색 마카롱과, 흰색 아이싱과 초콜릿 칩이 얹어진 분홍색 마카롱, 그리고 흰색 크림이 들어간 녹색 마카롱이 함께 있다.",,,reused,reused_translation,alt_preprocessed_5.csv:qwen_3_deepl_KOR,,,,마카롱 / 녹색 / 초콜릿 / 아이싱 / 여러개,5,"하얀 접시 위에는 여러 개의 알록달록한 마카롱이 놓여 있는데, 그중 노란색 마카롱 하나는 반으로 잘려 안쪽의 초록색과 초콜릿 필링이 드러나 있고, 그 옆에는 분홍색, 흰색, 초록색 겉면이 있는 마카롱들이 놓여 있으며, 모두 흰색 아이싱으로 장식되어 있다.","A white plate holds several colorful macarons, including a yellow one cut in half to reveal a green and chocolate filling, alongside others with pink, white, and green shells, all topped with white icing.",,ok,translated,vlm + deepl_api,latin_text_present,False,,그리고 흰색 / 노란색 마카롱 / 녹색 마카롱 / 녹색 초콜릿 / 드러나다 노란색,5,"하얀 접시 위에는 반으로 잘린 노란색 마카롱이 놓여 있는데, 잘린 면을 통해 초콜릿 조각이 들어간 초록색 속이 드러나 있으며, 흰색 아이싱이 얹힌 분홍색 마카롱과 초록색 마카롱 등 다른 알록달록한 마카롱들도 함께 놓여 있고, 이 모든 것이 밝은 회색 배경 위에 어우러져 있다.","A white plate holds a yellow macaron cut in half, revealing a green filling with a dark chocolate piece, alongside other colorful macarons including a pink one with white icing and a green one, all set against a light gray background.",,ok,translated,vlm + deepl_api,latin_text_present,False,,그리고 흰색 크림 / 노란색 마카롱 흰색 / 녹색 마카롱 함께 / 녹색 초콜릿 속 / 드러나다 노란색 마카롱,5,"하얀 접시 위에는 반으로 잘린 노란색 마카롱이 놓여 있는데, 잘린 면을 통해 초콜릿 조각이 들어간 초록색 속이 드러나 있으며, 그 옆에는 흰색 아이싱이 얹힌 분홍색 마카롱과 흰색 크림이 들어간 초록색 마카롱을 비롯한 다채로운 색상의 마카롱들이 함께 놓여 있다.","A white plate holds a yellow macaron cut in half, revealing a green filling with a chocolate piece, alongside other colorful macarons including a pink one with white icing and a green one with a white cream.",,ok,translated,vlm + deepl_api,latin_text_present,False,,True
bakery,qwen3,1000447291,1,Qwen/Qwen3-VL-2B-Instruct,kurly_1000447291_1.jpg,bakery/images/kurly_1000447291_1.jpg,상품-대표-이미지 1,matched,,0,"황금빛 껍질이 감도는 흰 빵 한 덩이가 비닐에 싸여 있고, 나무 도마 위에는 빵 몇 조각이 쌓여 있다. 그 앞에는 빵 한 조각이 놓여 있고, 흰 식탁보 위에는 그 옆에 우유 한 잔이 놓여 있다.",,,reused,reused_translation,alt_preprocessed_5.csv:qwen_3_deepl_KOR,,,,빵 / 희다 / 감도 / 몇 / 싸이다,5,"나무 도마 위에 얇게 썬 흰 빵이 쌓여 있고, 앞쪽에는 빵 한 조각이 잘려 있으며, 그 옆에는 우유 한 잔이 놓여 있다. 이 모든 것이 흰 식탁보 위에 놓여 있고, 배경에는 포장된 빵 한 덩이가 보인다.","A stack of sliced white bread on a wooden board, with a single slice cut in front, next to a cup of milk, all on a white cloth, with a packaged loaf of bread in the background.",,ok,translated,vlm + deepl_api,latin_text_present,False,,감도 희다 / 껍질 감도 / 덩이 비닐 / 몇 조각 / 비닐 싸이다,5,"나무 도마 위에 얇게 썬 흰 빵이 쌓여 있고, 그 앞쪽에는 빵 한 조각이 놓여 있으며, 그 옆에는 우유 한 잔이 놓여 있다. 이 모든 것이 흰 식탁보 위에 놓여 있고, 배경에는 포장된 빵 한 덩이가 보인다.","A stack of sliced white bread on a wooden board, with a single slice in front, next to a cup of milk, all on a white cloth, with a packaged loaf of bread in the background.",,ok,translated,vlm + deepl_api,latin_text_present,False,,감도 희다 빵 / 껍질 감도 희다 / 덩이 비닐 싸이다 / 도마 빵 몇 / 몇 조각 쌓이다,5,"나무 도마 위에 얇게 썬 흰 빵이 쌓여 있고, 앞쪽에는 빵 한 조각이 잘려 있으며, 그 옆에는 우유 한 잔이 놓여 있다. 이 모든 것이 흰 식탁보 위에 놓여 있고, 배경에는 포장된 빵 한 덩이가 보인다.","A stack of sliced white bread on a wooden board, with a single slice cut in front, next to a cup of milk, all on a white cloth, with a packaged loaf of bread in the background.",,ok,translated,vlm + deepl_cached_translation,latin_text_present,False,,True
bakery,qwen3,1000447291,2,Qwen/Qwen3-VL-2B-Instruct,kurly_1000447291_2.jpg,bakery/images/kurly_1000447291_2.jpg,,matched,,0,"나무 도마 위에 흰 빵 조각들이 쌓여 있고, 그중 한 조각은 잘라내어 흰 식탁보 위에 놓인 우유 잔 옆에 놓여 있다.",,,reused,reused_translation,alt_preprocessed_5.csv:qwen_3_deepl_KOR,,,,희다 / 조각 / 우유 / 잔 / 식탁보,5,"나무 도마 위에 놓인 흰 빵 조각 더미와 우유 한 잔, 이 모든 것이 흰 식탁보 위에 놓여 있다.","A stack of white bread slices and a cup of milk on a wooden cutting board, all placed on a white cloth.",,ok,translated,vlm + deepl_api,latin_text_present,False,,도마 희다 / 식탁보 우유 / 쌓이다 중 / 자르다 희다 / 잔 옆,5,"나무 도마 위에 갓 썰어 놓은 흰 빵이 쌓여 있고, 그 옆 흰 식탁보 위에는 우유 한 잔이 놓여 있다.","A stack of freshly sliced white bread on a wooden cutting board, with a cup of milk beside it on a white cloth.",,ok,translated,vlm + deepl_api,latin_text_present,False,,나무 도마 희다 / 도마 희다 빵 / 빵 조각 쌓이다 / 식탁보 우유 잔 / 쌓이다 중 조각,5,"나무 도마 위에 흰 빵 조각들이 쌓여 있고, 그 앞쪽에는 흰 식탁보 위에 놓인 우유 한 잔 옆에 빵 한 조각이 놓여 있다.","A stack of white bread slices on a wooden cutting board, with a single slice placed in front, next to a cup of milk on a white cloth.",,ok,translated,vlm + deepl_api,latin_text_present,False,,True
bakery,qwen3,1000528793,1,Qwen/Qwen3-VL-2B-Instruct,kurly_1000528793_1.jpg,bakery/images/kurly_1000528793_1.jpg,상품-대표-이미지 1,matched,,0,"나무 쟁반 위에는 개별 포장된 베이글 여러 개가 놓여 있는데, 각 포장지에는 만화 캐릭터 얼굴이 그려져 있으며, 같은 로고가 새겨진 노란색 종이 봉투도 함께 놓여 있다. 배경에 있는 접시 위에는 밝은 색상의 바탕 위에 베이글 몇 개가 놓여 있는데, 그중 일부는 반으로 잘려 있다.",,,reused,reused_translation,alt_preprocessed_5.csv:qwen_3_deepl_KOR,,,,베이글 / 봉투 / 종이 / 얼굴 / 여러개,5,"나무 쟁반 위에는 개별 포장된 베이글 몇 개와 웃는 얼굴 로고가 그려진 노란색 종이 봉지가 놓여 있으며, 이 모든 것이 흰색 식탁보 위에 정갈하게 차려져 있다.","A wooden tray holds several individually wrapped bagels and a yellow paper bag with a smiling face logo, all arranged on a white cloth.",,ok,translated,vlm + deepl_api,latin_text_present,False,,같다 로고 / 그리다 같다 / 노란색 종이 / 배경 밝다 / 베이글 여러개,5,"밝고 하얀 배경 위에 나무 쟁반이 놓여 있고, 그 위에는 개별 포장된 베이글 몇 개와 웃는 얼굴 로고가 그려진 노란색 종이 봉지가 놓여 있다.","A wooden tray holds several individually wrapped bagels and a yellow paper bag with a smiling face logo, all set against a bright, white background.",,ok,translated,vlm + deepl_api,latin_text_present,False,,같다 로고 새기다 / 개별 포장 베이글 / 그리다 같다 로고 / 나무 쟁반 개별 / 노란색 종이 봉투,5,"나무 그릇에는 개별 포장된 황금빛 베이글 몇 개가 담겨 있고, 웃는 얼굴 로고가 그려진 노란색 종이 봉투가 흰색 식탁보 위에 가지런히 놓여 있다.","A wooden bowl holds several individually wrapped, golden-brown bagels, with a yellow paper bag featuring a smiling face logo, all arranged on a white cloth.",,ok,translated,vlm + deepl_api,latin_text_present,False,,True
bakery,qwen3,1000528793,2,Qwen/Qwen3-VL-2B-Instruct,kurly_1000528793_2.jpg,bakery/images/kurly_1000528793_2.jpg,,matched,,0,"갓 구워낸 베이글 한 접시. 일부는 통째로, 일부는 썰어 놓은 상태이며, 포장지에는 유쾌한 만화 캐릭터 얼굴이 그려져 있다.",,,reused,reused_translation,alt_preprocessed_5.csv:qwen_3_deepl_KOR,,,,일부 / 갓 / 상태 / 얼굴 / 만화,5,"접시 위에는 황금빛 갈색의 베이글 세 개가 놓여 있는데, 그중 하나는 반으로 잘려 있고, 포장지에 만화 캐릭터 얼굴이 그려진 베이글 한 개도 곁에 놓여 있으며, 이 모든 것이 흰색 식탁보 위에 차려져 있다.","A plate holds three golden-brown bagels, one of which is sliced, alongside a packaged bagel with a cartoon face on its wrapper, all set on a white cloth.",,ok,translated,vlm + deepl_api,latin_text_present,False,,갓 베이글 / 베이글 일부 / 상태 포장지 / 썰다 상태 / 일부 썰다,5,"접시 위에는 황금빛 갈색의 베이글 세 개가 놓여 있는데, 그중 하나는 반으로 잘려 있고, 그 옆에는 투명한 비닐 포장지에 싸인, 반쯤 열린 미소 짓는 모양의 베이글이 놓여 있다.","A plate holds three golden-brown bagels, one of which is sliced in half, alongside a partially opened, smiling bagel in a clear plastic wrapper.",,ok,translated,vlm + deepl_api,latin_text_present,False,,갓 베이글 일부 / 베이글 일부 통째 / 상태 포장지 만화 / 썰다 상태 포장지 / 일부 썰다 상태,5,"접시 위에는 황금빛 갈색의 베이글 세 개가 놓여 있는데, 그중 하나는 반으로 잘려 있고, 그 옆에는 만화 캐릭터 얼굴이 그려진 반쯤 열린 투명한 포장지가 놓여 있다.","A plate holds three golden-brown bagels, one of which is sliced in half, alongside a partially opened, transparent packaging with a cartoon face design.",,ok,translated,vlm + deepl_api,latin_text_present,False,,True
bakery,qwen3,1000634077,1,Qwen/Qwen3-VL-2B-Instruct,kurly_1000634077_1.jpg,bakery/images/kurly_1000634077_1.jpg,상품-대표-이미지 1,matched,,0,"흰색 접시 위에 다양한 종류의 도넛 5개와 작은 케이크가 담겨 있으며, 배경에는 파도 위를 항해하는 배가 그려진 일본화 스타일의 그림이 있는 상자가 놓여 있다.",,,reused,reused_translation,alt_preprocessed_5.csv:qwen_3_deepl_KOR,,,,5개 / 배 / 스타일 / 일본화 / 파도,5,"흰색 접시 위에 놓인 다섯 개의 다양한 도넛 뒤쪽에는 일본풍의 파도와 배 그림이 그려진 흰색 직사각형 상자가 놓여 있으며, 작은 흰색 받침대 위에는 노란색 사각형 장식이 얹어진 초록색 도넛이 놓여 있다.","A white rectangular box with a Japanese-style wave and boat illustration sits behind five assorted donuts on a white plate, with a small white pedestal holding a green donut topped with a yellow square.",,ok,translated,vlm + deepl_api,latin_text_present,False,,5개 작다 / 그리다 일본화 / 그림 상자 / 도넛 5개 / 배 그리다,5,"파도 위를 항해하는 배가 그려진 일본풍 그림이 있는 흰색 직사각형 상자와, 흰색 접시 위에 놓인 다섯 개의 다양한 도넛, 그리고 작은 흰색 받침대가 모두 밝은 배경 위에 배치되어 있다.","A white rectangular box with a Japanese-style painting of a boat on waves, accompanied by five assorted donuts on a white plate and a small white pedestal, all set against a light background.",,ok,translated,vlm + deepl_api,latin_text_present,False,,5개 작다 케이크 / 그리다 일본화 스타일 / 다양 종류 도넛 / 담기다 배경 파도 / 도넛 5개 작다,5,"각기 다른 토핑과 맛을 지닌 5가지 도넛이 흰 접시와 작은 받침대 위에 진열되어 있으며, 배경에는 일본풍의 파도와 배 일러스트가 그려진 상자가 함께 있습니다.","A collection of five assorted donuts, each with a unique topping and flavor, displayed on a white plate and a small pedestal, with a box featuring a Japanese-style wave and boat illustration in the background.",,ok,translated,vlm + deepl_api,latin_text_present,False,,True
bakery,qwen3,1000634077,2,Qwen/Qwen3-VL-2B-Instruct,kurly_1000634077_2.jpg,bakery/images/kurly_1000634077_2.jpg,,matched,,0,"흰색 접시와 진열대에 올려진 작고 알록달록한 케이크와 페이스트리 모음으로, 초콜릿, 코코넛, 과일 글레이즈 등 다양한 토핑이 곁들여져 있습니다.",,,reused,reused_translation,alt_preprocessed_5.csv:qwen_3_deepl_KOR,,,,곁들이다 / 모음 / 코코넛 / 진열대 / 글레이즈,5,"흰색 접시와 작은 진열대 위에, 코코넛이나 초콜릿 같은 프로스팅과 토핑이 얹어진 것도 있고 없는 것도 있는, 알록달록한 한 입 크기의 케이크와 페이스트리 모음.","A collection of colorful, bite-sized cakes and pastries, some with frosting and toppings like coconut and chocolate, displayed on white plates and a small stand.",,ok,translated,vlm + deepl_api,latin_text_present,False,,과일 글레이즈 / 글레이즈 다양 / 다양 토핑 / 모음 초콜릿 / 알록달록 케이크,5,"흰 접시 위에 진열된, 초콜릿, 코코넛, 과일 글레이즈 등 다양한 토핑이 얹어진 여러 종류의 작은 케이크와 페이스트리 모음.","A collection of various small cakes and pastries, featuring diverse toppings such as chocolate, coconut, and fruit glaze, displayed on white plates.",,ok,translated,vlm + deepl_api,latin_text_present,False,,과일 글레이즈 다양 / 글레이즈 다양 토핑 / 다양 토핑 곁들이다 / 모음 초콜릿 코코넛 / 알록달록 케이크 페이스트리,5,"흰색 접시와 작은 스탠드 위에 진열된, 알록달록한 글레이즈와 토핑이 얹어진 다양한 종류의 한 입 크기 케이크와 페이스트리 모음.","A collection of assorted, bite-sized cakes and pastries with various colorful glazes and toppings, displayed on white plates and a small stand.",,ok,translated,vlm + deepl_api,latin_text_present,False,,True
bakery,qwen3,1000635372,1,Qwen/Qwen3-VL-2B-Instruct,kurly_1000635372_1.jpg,bakery/images/kurly_1000635372_1.jpg,상품-대표-이미지 1,matched,,0,"나무 쟁반 위에는 ‘Oh Nutty 피스타치오 버터’가 담긴 두 개의 병(큰 병 하나와 작은 병 하나)이 놓여 있고, 그 옆에는 이 스프레드가 담긴 작은 그릇과 나무 손잡이가 달린 칼이 초록색 천 위에 놓여 있다.",,,reused,reused_translation,alt_preprocessed_5.csv:qwen_3_deepl_KOR,,,,병 / Oh_Nutty_피스타치오_버터 / 작다 / 손잡이 / 나무,5,"나무 쟁반 위에는 ‘Oh Nutty 피스타치오 버터’ 병 두 개와, 이 스프레드가 담긴 작은 그릇, 나무 손잡이가 달린 칼, 그리고 연한 녹색 천이 놓여 있다.","A wooden tray holds two jars of Oh Nutty Pistachio Butter, a small bowl of the spread, a wooden-handled knife, and a light green cloth.",,ok,translated,vlm + deepl_api,latin_text_present,False,,2개 병 / Oh_Nutty_피스타치오_버터 담기다 / 나무 손잡이 / 달리다 칼 / 병 옆,5,"나무 쟁반 위에는 ‘오 너티 피스타치오 버터’ 병 두 개와 이 스프레드가 담긴 그릇, 나무 손잡이가 달린 칼, 그리고 금속 주걱이 놓여 있으며, 이 모든 것이 연한 녹색 천 위에 정갈하게 차려져 있다.","A wooden tray holds two jars of Oh Nutty Pistachio Butter, a bowl of the spread, a wooden-handled knife, and a metal spatula, all arranged on a light green cloth.",,ok,translated,vlm + deepl_api,latin_text_present,False,,2개 병 크다 / Oh_Nutty_피스타치오_버터 담기다 2개 / 나무 손잡이 달리다 / 나무 쟁반 Oh_Nutty_피스타치오_버터 / 달리다 칼 초록색,5,"나무 쟁반 위에는 ‘Oh_Nutty 피스타치오 버터’ 병 두 개와 이 스프레드가 담긴 작은 그릇, 나무 손잡이가 달린 칼, 그리고 초록색 천이 놓여 있으며, 이 모든 것이 따뜻하고 자연스러운 느낌의 배경 위에 정갈하게 배치되어 있다.","A wooden tray holds two jars of Oh_Nutty Pistachio Butter, a small bowl of the spread, a wooden-handled knife, and a green cloth, all arranged on a warm, earthy background.",,ok,translated,vlm + deepl_api,latin_text_present,False,,True
bakery,qwen3,1000635372,2,Qwen/Qwen3-VL-2B-Instruct,kurly_1000635372_2.jpg,bakery/images/kurly_1000635372_2.jpg,,matched,,0,"연두색 식탁보 위에는 피스타치오나 그와 비슷한 견과류를 주재료로 한 것으로 보이는 부드럽고 황록색을 띤 딥이 가득 담긴 흰색 그릇이 놓여 있다. 그릇 주변에는 통째로 된 피스타치오와 껍질이 깨진 피스타치오가 몇 개 흩어져 있어, 신선하고 고소한 견과류 향이 느껴진다.",,,reused,reused_translation,alt_preprocessed_5.csv:qwen_3_deepl_KOR,,,,피스타치오 / 견과 / 고소하다 / 깨지다 / 딥,5,"하얀 그릇에 담긴 크림처럼 부드럽고 황금빛을 띤 피스타치오 딥, 그 주위에는 연한 녹색 식탁보 위에 피스타치오가 흩뿌려져 있다.","A creamy, golden-brown pistachio dip in a white bowl, surrounded by scattered pistachios on a light green cloth.",,ok,translated,vlm + deepl_api,latin_text_present,False,,견과 주재료 / 견과 향 / 고소하다 견과 / 깨지다 피스타치오 / 껍질 깨지다,5,"하얀 그릇에 담긴 크림처럼 부드럽고 황금빛을 띤 딥 소스, 연한 녹색 식탁보 위에는 피스타치오가 흩뿌려져 있다.","A creamy, golden-brown dip in a white bowl, surrounded by scattered pistachios on a light green cloth.",,ok,translated,vlm + deepl_api,latin_text_present,False,,견과 주재료 하다 / 견과 향 느끼다 / 고소하다 견과 향 / 깨지다 피스타치오 몇개 / 껍질 깨지다 피스타치오,5,"하얀 그릇에 담긴 크림처럼 부드럽고 황금빛을 띤 딥 소스, 연한 녹색 식탁보 위에는 피스타치오가 흩뿌려져 있다.","A creamy, golden-brown dip in a white bowl, surrounded by scattered pistachios on a light green cloth.",,ok,translated,vlm + deepl_cached_translation,latin_text_present,False,,True
bakery,qwen3,1000637683,1,Qwen/Qwen3-VL-2B-Instruct,kurly_1000637683_1.jpg,bakery/images/kurly_1000637683_1.jpg,상품-대표-이미지 1,matched,,0,"“피넛 버터 오리지널”이라고 적힌 병 하나와 “피넛 버터 크런치”라고 적힌 병 하나, 총 두 개의 피넛 버터 병이 베이지색 천 위에 피넛 버터 한 그릇과 숟가락과 함께 진열되어 있다. 병에는 “OH NUTTY”라고 적혀 있으며, 땅콩 그림이 그려져 있다.",,,reused,reused_translation,alt_preprocessed_5.csv:qwen_3_deepl_KOR,,,,병 / 피넛 / 적히다 / 버터 / OH_NUTTY,5,"베이지색 천 위에는 OH_NUTTY 땅콩버터 두 병(오리지널 한 병, 크런치 한 병)이 놓여 있으며, 그 옆에는 땅콩버터를 덜어 먹을 그릇과 칼이 함께 놓여 있다.","Two jars of OH_NUTTY peanut butter, one original and one crunchy, are displayed on a beige cloth with bowls of the spread and a knife.",,ok,translated,vlm + deepl_api,latin_text_present,False,,피넛 버터 / 적히다 병 / 2개 피넛 / OH_NUTTY 적히다 / 땅콩 그림,5,"베이지색 천 위에는 OH_NUTTY 땅콩버터 두 병(오리지널 한 병, 크런치 한 병)이 놓여 있으며, 그 옆에는 땅콩버터를 덜어 먹을 그릇과 칼이 함께 놓여 있다.","Two jars of OH_NUTTY peanut butter, one original and one crunchy, are displayed on a beige cloth with bowls of the spread and a knife.",,ok,translated,vlm + deepl_cached_translation,latin_text_present,False,,2개 피넛 버터 / OH_NUTTY 적히다 땅콩 / 땅콩 그림 그리다 / 버터 병 베이지 / 버터 숟가락 함께,5,"베이지색 천 위에는 OH_NUTTY 땅콩버터 두 병(오리지널 한 병, 크런치 한 병)이 놓여 있으며, 그 옆에는 땅콩버터를 덜어 먹을 그릇과 칼이 함께 놓여 있다.","Two jars of OH_NUTTY peanut butter, one original and one crunchy, are displayed on a beige cloth with bowls of the spread and a knife.",,ok,translated,vlm + deepl_cached_translation,latin_text_present,False,,True
bakery,qwen3,1000637683,2,Qwen/Qwen3-VL-2B-Instruct,kurly_1000637683_2.jpg,bakery/images/kurly_1000637683_2.jpg,,matched,,0,"땅콩버터가 담긴 흰색 그릇 두 개가 베이지색 탁자 위에 놓여 있는데, 하나는 덩어리가 씹히는 종류이고 다른 하나는 부드러운 종류이며, 부드러운 종류가 담긴 그릇 안에는 나무 숟가락이 꽂혀 있다.",,,reused,reused_translation,alt_preprocessed_5.csv:qwen_3_deepl_KOR,,,,종류 / 씹히다 / 탁자 / 베이지 / 담기다,5,"부드럽고 황금빛 갈색의 땅콩버터로 가득 찬 두 개의 흰색 그릇이, 하나는 그 안에 숟가락이 놓인 채로, 연노란색 바탕 위에 깔린 베이지색 천 위에 놓여 있다.","Two white bowls filled with a smooth, golden-brown peanut butter, one with a spoon resting in it, placed on a beige cloth on a light yellow surface.",,ok,translated,vlm + deepl_api,latin_text_present,False,,종류 종류 / 2개 베이지 / 담기다 안 / 덩어리 씹히다 / 색 탁자,5,"베이지색 식탁보 위에, 부드럽고 황금빛 갈색의 땅콩버터가 가득 담긴 두 개의 흰색 그릇이 놓여 있는데, 그중 하나에는 숟가락이 꽂혀 있다.","Two white bowls filled with a smooth, golden-brown peanut butter, one with a spoon resting in it, placed on a beige cloth.",,ok,translated,vlm + deepl_api,latin_text_present,False,,2개 베이지 색 / 담기다 안 나무 / 덩어리 씹히다 종류 / 버터 담기다 흰색 / 베이지 색 탁자,5,"크리미하고 황금빛 갈색의 땅콩버터로 가득 찬 두 개의 흰색 그릇이, 하나는 덩어리가 훤히 보이고 다른 하나는 매끄러운 질감으로, 밝은 색상의 표면 위에 놓인 베이지색 천 위에 놓여 있다.","Two white bowls filled with a creamy, golden-brown peanut butter, one with visible chunks and the other smooth, resting on a beige cloth on a light-colored surface.",,ok,translated,vlm + deepl_api,latin_text_present,False,,True
bakery,qwen3,1000659491,1,Qwen/Qwen3-VL-2B-Instruct,kurly_1000659491_1.jpg,bakery/images/kurly_1000659491_1.jpg,상품-대표-이미지 1,matched,,0,"하얀 타원형 접시 위에는 황금빛 갈색 베이글 네 개가 놓여 있고, 연한 녹색 배경 위에는 베이글 세 개가 더 흩어져 있다. 그 옆에는 “I am bagel”이라고 적힌 하얀 포장지가 놓여 있는데, 여기에는 브랜드 이름과 베이글의 작은 이미지가 그려져 있다.",,,reused,reused_translation,alt_preprocessed_5.csv:qwen_3_deepl_KOR,,,,베이글 / I_am_bagel / 이름 / 4개 / 흩어지다,5,"하얀 접시 위에는 황금빛 갈색 베이글 네 개가 놓여 있고, 그 주변에 세 개가 더 흩어져 있으며, 바로 옆에는 ‘""I am bagel""’라고 적힌 포장지와 포장지에 ‘""Plain Bagel""’라는 한국어 문구가 적혀 있다.","A white plate holds four golden-brown bagels, with three more scattered around, next to a package labeled ""I am bagel"" and a Korean text ""Plain Bagel"" on the packaging.",,ok,translated,vlm + deepl_api,latin_text_with_quoted_names,False,,3개 더 / 4개 연하다 / I_am_bagel 적히다 / 갈색 베이글 / 더 흩어지다,5,"하얀 접시 위에는 황금빛 갈색 베이글 네 개가 놓여 있고, 그 주변에 세 개가 더 흩어져 있으며, 바로 옆에는 ‘""I am bagel""’라고 적힌 포장지와 포장지에 ‘""Plain Bagel""’라는 한국어 문구가 적혀 있다.","A white plate holds four golden-brown bagels, with three more scattered around, next to a package labeled ""I am bagel"" and a Korean text ""Plain Bagel"" on the packaging.",,ok,translated,vlm + deepl_cached_translation,latin_text_with_quoted_names,False,,3개 더 흩어지다 / 4개 연하다 녹색 / I_am_bagel 적히다 포장지 / 갈색 베이글 4개 / 녹색 배경 베이글,5,"하얀 타원형 접시 위에는 황금빛 갈색 베이글 네 개가 놓여 있고, 녹색 배경 위에는 세 개가 더 흩어져 있으며, 그 옆에는 한국어로 ‘""I am bagel""’라고 적힌 하얀색 포장지가 놓여 있다.","A white oval plate holds four golden-brown bagels, with three more scattered on a green background, next to a white package labeled ""I am bagel"" with Korean text.",,ok,translated,vlm + deepl_api,latin_text_with_quoted_names,False,,True
bakery,qwen3,1000659491,2,Qwen/Qwen3-VL-2B-Instruct,kurly_1000659491_2.jpg,bakery/images/kurly_1000659491_2.jpg,,matched,,0,"나무 도마 위에는 베이글 몇 개가 놓여 있는데, 어떤 것은 통째로 있고 어떤 것은 반으로 갈라져 부드럽고 기공이 많은 속이 드러나 있다. 베이글 중 하나는 짙은 보라색 속이 들어 있는데, 아마 블루베리일 것이고, 또 다른 하나는 황금빛 갈색 껍질을 띠고 있다. 베이글들은 연한 녹색 배경 위에 놓여 있다.",,,reused,reused_translation,alt_preprocessed_5.csv:qwen_3_deepl_KOR,,,,베이글 / 보라색 / 아마 / 속 / 또,5,"나무 판 위에는 여러 개의 베이글이 놓여 있는데, 어떤 것은 통째로 있고 어떤 것은 반으로 갈라져 블루베리 속이 드러나 있으며, 겉은 황금빛 갈색을 띠고 속은 부드럽고 기공이 많은 질감을 띠고 있다.","A wooden board displays several bagels, some whole and others broken in half to reveal a blueberry filling, with a golden-brown crust and a soft, porous interior.",,ok,translated,vlm + deepl_api,latin_text_present,False,,갈라지다 기공 / 도마 베이글 / 드러나다 베이글 / 들다 아마 / 또 황금빛,5,"밝은 녹색 배경 위에 나무 판에 여러 개의 베이글이 놓여 있는데, 어떤 것은 통째로 있고 어떤 것은 반으로 갈라져 부드럽고 폭신폭신한 속과 보라색 속이 드러나 있다.","A wooden board displays several bagels, some whole and others broken in half to reveal a soft, airy interior and a purple filling, all set against a light green background.",,ok,translated,vlm + deepl_api,latin_text_present,False,,갈라지다 기공 많다 / 껍질 띠다 베이글 / 나무 도마 베이글 / 도마 베이글 몇개 / 드러나다 베이글 중,5,"나무 판 위에는 여러 개의 베이글이 놓여 있는데, 어떤 것은 통째로 있고 어떤 것은 반으로 갈라져 부드럽고 기공이 많은 속이 드러나 있으며, 그중 몇 개는 블루베리 필링이 들어 있다.","A wooden board displays several bagels, some whole and others broken in half to reveal their soft, porous interiors, with a few showing a blueberry filling.",,ok,translated,vlm + deepl_api,latin_text_present,False,,True
bakery,qwen3,1000794499,1,Qwen/Qwen3-VL-2B-Instruct,kurly_1000794499_1.jpg,bakery/images/kurly_1000794499_1.jpg,상품-대표-이미지 1,matched,,0,"황금빛 노란색 케이크 본체와 갈색 토핑이 올라간 직사각형 케이크 두 개가 작은 직사각형 접시에 담겨 있다. 케이크 옆에는 나무 포크가 놓여 있다. 배경에는 녹색 상자와 노란색 상자 두 개가 있는데, 두 상자 모두 한국어 문구와 로고가 적혀 있다.",,,reused,reused_translation,alt_preprocessed_5.csv:qwen_3_deepl_KOR,,,,케이크 / 노란색 / 상자 / 2개 / 모두,5,"윗면이 갈색인 직사각형 케이크 두 개가, 초록색과 노란색 상자가 놓인 작은 접시 위에 담겨 있고, 나무 포크 하나가 곁들여져 있다.","Two rectangular cakes with brown tops, presented on small plates with green and yellow boxes, and a wooden fork.",,ok,translated,vlm + deepl_api,latin_text_present,False,,2개 상자 / 갈색 토핑 / 노란색 상자 / 노란색 케이크 / 녹색 상자,5,"갈색 토핑이 얹어진 직사각형 케이크 두 개가 작은 접시에 담겨 나무 포크와 함께 놓여 있고, 밝은 배경 위에는 녹색 상자 하나와 노란색 상자 하나가 곁에 놓여 있다.","Two rectangular cakes with brown toppings, presented on small plates with wooden forks, accompanied by two boxes—one green and one yellow—on a light background.",,ok,translated,vlm + deepl_api,latin_text_present,False,,2개 상자 모두 / 2개 작다 직사각 / 갈색 토핑 올라가다 / 나무 포크 배경 / 노란색 상자 2개,5,"갈색 토핑이 올라간 직사각형 케이크 두 개가 작은 접시에 담겨 나무 포크와 함께 놓여 있고, 밝은 배경 위에 초록색 상자 하나와 노란색 상자 하나가 곁에 놓여 있다.","Two rectangular cakes with brown toppings, served on small plates with wooden forks, accompanied by two boxes, one green and one yellow, on a light background.",,ok,translated,vlm + deepl_api,latin_text_present,False,,True
bakery,qwen3,1000794499,2,Qwen/Qwen3-VL-2B-Instruct,kurly_1000794499_2.jpg,bakery/images/kurly_1000794499_2.jpg,,matched,,0,"두 개의 접시에 담겨 있는, 직사각형으로 잘라진 녹차 케이크의 클로즈업 사진이다. 한 접시에는 케이크 전체가 담겨 있고, 다른 접시에는 흰 접시 위에 나무 포크와 함께 한 조각이 놓여 있다. 케이크는 겉면이 황금빛 갈색을 띠고 속은 연한 녹색이다.",,,reused,reused_translation,alt_preprocessed_5.csv:qwen_3_deepl_KOR,,,,케이크 / 전체 / 녹차 / 다 / 클로즈업,5,"썰어서 나무 포크와 함께 접시에 담긴 녹차 케이크의 클로즈업 사진과, 쟁반 위에 통째로 놓인 케이크의 모습.","A close-up of a green tea cake, sliced and served on a plate with a wooden fork, with the whole cake displayed on a tray.",,ok,translated,vlm + deepl_api,latin_text_present,False,,2개 담기다 / 녹차 케이크 / 다 케이크 / 속 연하다 / 자르다 녹차,5,"썰어서 나무 포크와 함께 접시에 담긴 두 개의 직사각형 녹차 케이크의 클로즈업 사진으로, 촉촉한 식감과 황금빛 갈색의 겉면이 돋보인다.","A close-up of two rectangular loaves of green tea cake, sliced and served on plates with a wooden fork, showcasing their moist texture and golden-brown crust.",,ok,translated,vlm + deepl_api,latin_text_present,False,,2개 담기다 직사각형 / 녹차 케이크 클로즈업 / 다 케이크 전체 / 담기다 직사각형 자르다 / 담기다 희다 나무,5,"초록색과 노란색의 직사각형 케이크 두 개가 잘려 접시에 담겨 있고, 나무 포크가 꽂혀 있는 모습을 클로즈업한 사진.","A close-up of two rectangular cakes, one green and one yellow, sliced and served on plates with a wooden fork.",,ok,translated,vlm + deepl_api,latin_text_present,False,,True
bakery,qwen3,1000831954,1,Qwen/Qwen3-VL-2B-Instruct,kurly_1000831954_1.jpg,bakery/images/kurly_1000831954_1.jpg,상품-대표-이미지 1,matched,,0,"세 개의 흰색 접시 위에는 가루 설탕을 살짝 뿌린 둥근 빵, 검은 올리브가 들어간 직사각형 빵, 치즈 토핑이 올라간 황금빛 갈색 페이스트리 등 다양한 종류의 제과류가 중성적인 배경 위에 진열되어 있다.",,,reused,reused_translation,alt_preprocessed_5.csv:qwen_3_deepl_KOR,,,,제과 / 설탕 / 올라가다 / 빵 / 살짝,5,"세 개의 흰색 접시 위에는 가루 설탕을 살짝 뿌린 황금빛 빵, 검은 올리브가 들어간 직사각형 빵, 노란색 속이 들어간 둥근 빵 등 다양한 종류의 제과류가 담겨 있으며, 이 모든 것이 중성적인 배경 위에 놓여 있다.","Three white plates display various types of baked goods, including a golden-brown loaf with a dusting of powdered sugar, a rectangular loaf with black olives, and a round loaf with a yellow filling, all presented on a neutral background.",,ok,translated,vlm + deepl_api,latin_text_present,False,,3개 흰색 / 들어가다 직사각형 / 빵 검다 / 빵 치즈 / 뿌리다 둥글다,5,"세 개의 흰 접시 위에는 각각 다른 속재료와 토핑이 올라간 다양한 종류의 빵이 놓여 있는데, 속이 훤히 보이는 황금빛 갈색 빵, 올리브가 들어간 직사각형 빵, 치즈 토핑이 올라간 둥근 빵 등이 있다.","Three white plates display various types of bread, each with a different filling and topping, including a golden-brown loaf with a visible filling, a rectangular loaf with olives, and a round loaf with a cheesy topping.",,ok,translated,vlm + deepl_api,latin_text_present,False,,3개 흰색 가루 / 갈색 페이스트리 다양 / 검다 올리브 들어가다 / 다양 종류 제과 / 둥글다 빵 검다,5,"세 개의 흰 접시 위에는 황금빛 갈색의 다양한 페이스트리가 놓여 있는데, 각각 속재료와 토핑이 다릅니다. 노란색 속재료가 들어간 얇게 썬 페이스트리, 검은 올리브가 올라간 직사각형 페이스트리, 그리고 빨간색 치즈 토핑이 얹어진 둥근 페이스트리 등이 있습니다.","Three white plates display a variety of golden-brown pastries, each with a different filling and topping, including a sliced one with a yellow filling, a rectangular one with black olives, and a round one with a red, cheesy topping.",,ok,translated,vlm + deepl_api,latin_text_present,False,,True
bakery,qwen3,1000831954,2,Qwen/Qwen3-VL-2B-Instruct,kurly_1000831954_2.jpg,bakery/images/kurly_1000831954_2.jpg,,matched,,0,"하얀 접시 위에는 각각 다른 짭짤한 속재료를 얹은 빵 세 조각이 놓여 있다. 한 조각에는 검은 올리브와 녹은 치즈가, 다른 조각에는 노란 호박이 들어간 크림 같은 속재료가, 그리고 세 번째 조각에는 은은한 허브 향이 나는 하얗고 크림 같은 속재료가 얹혀 있다.",,,reused,reused_translation,alt_preprocessed_5.csv:qwen_3_deepl_KOR,,,,재료 / 조각 / 속 / 같다 / 크림,5,"하얀 접시 위에는 빵 세 조각이 놓여 있는데, 각 빵 속에는 검은 올리브와 노란빛이 도는 주황색 속재료(아마도 호박일 것)가 섞인 크리미하고 고소한 속이 채워져 있으며, 은은한 녹색 허브 향이 감돈다.","A white plate holds three slices of bread, each filled with a creamy, savory mixture of black olives and a yellow-orange filling, possibly a squash or pumpkin, with a hint of green herbs.",,ok,translated,vlm + deepl_api,latin_text_present,False,,속 재료 / 같다 속 / 크림 같다 / 그리고 번 / 나다 크림,5,"하얀 접시 위에는 빵 세 조각이 놓여 있는데, 각 빵에는 검은 올리브와 녹아내린 치즈, 그리고 노란빛이 도는 주황색 속재료(아마도 호박이나 단호박일 것)가 섞인 풍미 가득한 속이 채워져 있으며, 은은한 녹색 허브 향이 감돈다.","A white plate holds three slices of bread, each filled with a savory mixture of black olives, melted cheese, and a yellow-orange filling, possibly squash or pumpkin, with a hint of green herbs.",,ok,translated,vlm + deepl_api,latin_text_present,False,,같다 속 재료 / 크림 같다 속 / 각각 속 재료 / 검다 올리브 녹다 / 그리고 번 조각,5,"하얀 접시 위에는 빵 세 조각이 놓여 있는데, 각각 다른 짭짤한 속재료가 들어 있다. 하나는 검은 올리브와 녹은 치즈가, 다른 하나는 크림 같은 속재료가, 세 번째는 노란빛이 도는 주황색 속재료가 들어 있으며, 모두 심플하면서도 식욕을 돋우는 방식으로 담겨 있다.","A white plate holds three slices of bread, each filled with a different savory mixture: one with black olives and melted cheese, another with a creamy filling, and the third with a yellow-orange filling, all presented in a simple, appetizing manner.",,ok,translated,vlm + deepl_api,latin_text_present,False,,True
bakery,qwen3,1000870987,1,Qwen/Qwen3-VL-2B-Instruct,kurly_1000870987_1.jpg,bakery/images/kurly_1000870987_1.jpg,상품-대표-이미지 1,matched,,0,"빨간색과 분홍색 상자에 담긴 하트 모양 디저트로, 크림 같은 속과 잘게 썬 피스타치오가 들어 있으며, 빨간색 배경 위에 놓여 있습니다.",,,reused,reused_translation,alt_preprocessed_5.csv:qwen_3_deepl_KOR,,,,빨간색 / 디저트 / 잘다 / 하트 / 피스타치오,5,"내부가 흰색인 빨간색 하트 모양 디저트 상자에는 잘게 썬 피스타치오가 얹어진 크림 같은 연노란색 디저트가 가득 담겨 있으며, 이 상자는 선명한 빨간색 배경을 배경으로 빨간색 숟가락이 곁들여진 흰색 접시 위에 놓여 있다.","A red, heart-shaped dessert box with a white interior, filled with a creamy, pale yellow dessert topped with chopped pistachios, sits on a white plate with a red spoon, against a vibrant red background.",,ok,translated,vlm + deepl_api,latin_text_present,False,,담기다 하트 / 들다 빨간색 / 디저트 크림 / 모양 디저트 / 분홍색 상자,5,"빨간색과 분홍색의 하트 모양 디저트 박스 세트로, 빨간색 배경 위에 피스타치오와 딸기가 들어간 크리미한 디저트가 담겨 있습니다.","A red and pink heart-shaped dessert box set, featuring a creamy dessert with pistachios and a strawberry, presented on a red background.",,ok,translated,vlm + deepl_api,latin_text_present,False,,같다 속 잘다 / 담기다 하트 모양 / 들다 빨간색 배경 / 디저트 크림 같다 / 모양 디저트 크림,5,"빨간색과 분홍색의 하트 모양 디저트 박스 세트로, 빨간색 배경 위에 피스타치오와 딸기가 들어간 크리미한 디저트가 담겨 있습니다.","A red and pink heart-shaped dessert box set, featuring a creamy dessert with pistachios and a strawberry, presented on a red background.",,ok,translated,vlm + deepl_cached_translation,latin_text_present,False,,True
bakery,qwen3,1000870987,2,Qwen/Qwen3-VL-2B-Instruct,kurly_1000870987_2.jpg,bakery/images/kurly_1000870987_2.jpg,pc_Holiday-Edition_24_01.jpg,matched,,0,"빨간색을 테마로 한 디저트 진열대에는 하트 모양의 ‘하트 티라미수’ 캔이 놓여 있는데, 그중 하나는 뚜껑이 열려 코코아 가루와 빨간 숟가락이 얹어진 초콜릿 맛이, 다른 하나는 검은깨가 얹어진 크림색 버전이, 세 번째는 노란 피스타치오가 얹어진 연노란색 버전이 담겨 있습니다. 통들은 빨간색 배경을 배경으로 흰색 원형 받침대 위에 진열되어 있으며, 그 위로는 “HAVE A HARTY TIME!”이라고 적힌 빨간 풍선이 떠 있습니다.",,,reused,reused_translation,alt_preprocessed_5.csv:qwen_3_deepl_KOR,,,,얹다 / 버전 / 빨간색 / HAVE_A_HARTY_TIME! / 깨,5,"빨간색 배경 위에, 빨간색 깡통 용기에 담긴 하트 모양 타르트와 ""HAVE A HARTY TIME!"" 풍선, 숟가락이 함께 담긴 발렌타인 데이 테마의 빨간색 디저트 세트.","A red Valentine's Day-themed dessert set featuring heart-shaped tarts in red tin containers, with a ""HAVE A HARTY TIME!"" balloon and a spoon, all on a red background.",,ok,translated,vlm + deepl_api,latin_text_with_quoted_names,False,,HAVE_A_HARTY_TIME! 적히다 / 가루 숟가락 / 검다 깨 / 깨 얹다 / 노란색 버전,5,"빨간색 배경 위에, 빨간색 상자에 담긴 하트 모양 타르트와 ""HAVE A HARTY TIME!"" 풍선, 빨간색 숟가락이 함께 담긴 발렌타인 데이 테마의 빨간색 디저트 세트.","A red Valentine's Day-themed dessert set featuring heart-shaped tarts in red boxes, with a ""HAVE A HARTY TIME!"" balloon and a red spoon, all on a red background.",,ok,translated,vlm + deepl_api,latin_text_with_quoted_names,False,,HAVE_A_HARTY_TIME! 적히다 풍선 / 가루 숟가락 얹다 / 검다 깨 얹다 / 깨 얹다 크림 / 노란색 버전 담기다,5,"빨간색 틴 용기에 담긴 하트 모양 타르트와 ""HAVE A HARTY TIME!"" 풍선, 하트 모양 손잡이가 달린 숟가락이 빨간색 배경 위에 정갈하게 배치된, 발렌타인 데이를 테마로 한 빨간색 디저트 세트입니다.","A red Valentine's Day-themed dessert set featuring heart-shaped tarts in red tin containers, with a ""HAVE A HARTY TIME!"" balloon and a spoon with a heart-shaped handle, all arranged on a red background.",,ok,translated,vlm + deepl_api,latin_text_with_quoted_names,False,,True
bakery,qwen3,1000894225,1,Qwen/Qwen3-VL-2B-Instruct,kurly_1000894225_1.jpg,bakery/images/kurly_1000894225_1.jpg,상품-대표-이미지 1,matched,,0,"황금빛 갈색 껍질이 돋보이는 흰 빵 한 덩어리가 얇게 썰려 나무 도마 위에 놓여 있고, 배경에는 포장지가 보인다.",,,reused,reused_translation,alt_preprocessed_5.csv:qwen_3_deepl_KOR,,,,돋보이다 / 얇다 / 포장지 / 덩어리 / 도마,5,"나무 판 위에 얇게 썰어 진열된 흰 빵 한 덩어리와, 그 뒤편에 포장된 같은 종류의 빵 한 덩어리가 놓여 있다.","A loaf of white bread, sliced and displayed on a wooden board, with a packaged loaf of the same bread in the background.",,ok,translated,vlm + deepl_api,latin_text_present,False,,도마 배경 / 돋보이다 희다 / 배경 포장지 / 포장지 보이다 / 껍질 돋보이다,5,"하얀 천을 깐 나무 판 위에 얇게 썰어 진열된 흰 빵 한 덩이가, 밝은 회색 배경 위에 포장된 쌀빵 한 덩이 앞에 놓여 있다.","A loaf of white bread, sliced and displayed on a wooden board with a white cloth, sits in front of a packaged loaf of rice bread on a light gray background.",,ok,translated,vlm + deepl_api,latin_text_present,False,,갈색 껍질 돋보이다 / 껍질 돋보이다 희다 / 나무 도마 배경 / 도마 배경 포장지 / 돋보이다 희다 빵,5,"노릇노릇한 겉면이 돋보이는 흰 빵 한 덩어리가 얇게 썰려 나무 판 위에 진열되어 있고, 그 뒤쪽에는 같은 빵이 포장된 채 놓여 있다.","A loaf of white bread with a golden-brown crust, sliced and displayed on a wooden board, with a packaged loaf of the same bread in the background.",,ok,translated,vlm + deepl_api,latin_text_present,False,,True
bakery,qwen3,1000894225,2,Qwen/Qwen3-VL-2B-Instruct,kurly_1000894225_2.jpg,bakery/images/kurly_1000894225_2.jpg,PC_mildo_toast_241018_01.jpg,matched,,0,"나무 도마 위에 얇게 썬 흰 빵 한 덩이가 놓여 있으며, 빵 조각들이 일렬로 가지런히 정렬되어 있다. 빵은 황금빛 갈색의 겉면과 부드럽고 기공이 많은 속을 가지고 있다.",,,reused,reused_translation,alt_preprocessed_5.csv:qwen_3_deepl_KOR,,,,빵 / 일렬 / 정렬 / 얇다 / 가지다,5,나무 도마 위에 가지런히 줄지어 놓인 흰 식빵 한 덩이가 흰 식탁보 위에 놓여 있다.,"A loaf of sliced white bread, neatly arranged in a row on a wooden cutting board, rests on a white cloth.",,ok,translated,vlm + deepl_api,latin_text_present,False,,가지런히 정렬 / 덩이 빵 / 도마 얇다 / 일렬 가지런히 / 정렬 빵,5,"흰 빵 한 덩어리가 얇게 썰려 나무 도마 위에 가지런히 줄지어 놓여 있고, 그 아래에는 밝은 색의 천이 깔려 있다.","A loaf of white bread, sliced and arranged neatly in a row on a wooden cutting board, with a light-colored cloth underneath.",,ok,translated,vlm + deepl_api,latin_text_present,False,,가지런히 정렬 빵 / 나무 도마 얇다 / 덩이 빵 조각 / 도마 얇다 썰다 / 빵 덩이 빵,5,"얇은 나무 도마 위에 깔끔하게 놓인 흰 빵 한 덩어리. 그 아래에는 밝은 색의 천이 깔려 있으며, 중성적인 배경을 배경으로 하고 있다.","A loaf of sliced white bread, neatly arranged on a thin wooden cutting board, with a light-colored cloth underneath, set against a neutral background.",,ok,translated,vlm + deepl_api,latin_text_present,False,,True
bakery,qwen3,1001194675,1,Qwen/Qwen3-VL-2B-Instruct,kurly_1001194675_1.jpg,bakery/images/kurly_1001194675_1.jpg,상품-대표-이미지 1,matched,,0,밝은 회색 바탕 위에 땅콩버터 두 병과 같은 제품의 그릇 두 개가 진열되어 있다.,,,reused,reused_translation,alt_preprocessed_5.csv:qwen_3_deepl_KOR,,,,제품 / 같다 / 땅콩 / 버터 / 진열,5,"땅콩버터가 담긴 항아리 두 개와 그릇 두 개로, 각각 한국어로 ‘""100% peanut butter""’와 ‘""100% peanut butter""’라고 적힌 라벨이 붙어 있다.","Two jars and two bowls of peanut butter, with labels indicating ""100% peanut butter"" and ""100% peanut butter"" in Korean.",,ok,translated,vlm + deepl_saved_response_recovery,latin_text_with_quoted_names,False,,병 같다 / 제품 2개 / 회색 땅콩 / 2개 진열 / 같다 제품,5,회색 바탕 위에 놓인 연한 갈색 땅콩버터가 든 항아리 두 개와 그릇 두 개.,"Two jars and two bowls of light brown peanut butter, displayed on a gray surface.",,ok,translated,vlm + deepl_api,latin_text_present,False,,같다 제품 2개 / 밝다 회색 땅콩 / 버터 병 같다 / 병 같다 제품 / 제품 2개 진열,5,"밝은 회색 바탕 위에, 한국어로 ‘""100% peanut butter""’와 ‘""100% peanut butter""’라고 적힌 라벨이 붙은 연한 갈색 땅콩버터가 담긴 항아리 두 개와 그릇 두 개가 놓여 있다.","Two jars and two bowls of light brown peanut butter, with labels indicating ""100% peanut butter"" and ""100% peanut butter"" in Korean, displayed on a light gray surface.",,ok,translated,vlm + deepl_api,latin_text_with_quoted_names,False,,True
bakery,qwen3,1001194675,2,Qwen/Qwen3-VL-2B-Instruct,kurly_1001194675_2.jpg,bakery/images/kurly_1001194675_2.jpg,,matched,,0,"크리미한 땅콩버터가 가득 담긴 흰색 그릇 두 개(그중 하나에는 나무 숟가락이 꽂혀 있음)가, 한국어로 “My Normal”이라고 적힌 땅콩버터 병 두 개 앞에 진열되어 있다. 병에는 땅콩 일러스트와 “100% 땅콩”이라는 문구가 표시되어 있다.",,,reused,reused_translation,alt_preprocessed_5.csv:qwen_3_deepl_KOR,,,,땅콩 / 버터 / 병 / 2개 / 100%_땅콩,5,"‘""100% peanut""’라고 적힌 땅콩버터 병 하나와 ‘""100% peanut,""’라고 적힌 병 하나, 그리고 땅콩버터가 담긴 그릇 두 개가 보여지는데, 그중 하나에는 나무 숟가락이 꽂혀 있다.","Two jars of peanut butter, one labeled ""100% peanut"" and the other ""100% peanut,"" are shown with two bowls of the spread, one with a wooden spoon.",,ok,translated,vlm + deepl_api,latin_text_with_quoted_names,False,,땅콩 버터 / 100%_땅콩 문구 / 2개 앞 / My_Normal 적히다 / 가다 한국어,5,"""My Normal"" 땅콩버터 두 병이 진열되어 있는데, 한 병에는 ""크리미""(크리미), 다른 한 병에는 ""크린치""(크리스프)라고 적혀 있으며, 이 땅콩버터가 담긴 그릇 두 개도 함께 놓여 있는데, 그중 하나에는 나무 숟가락이 꽂혀 있다.","Two jars of ""My Normal"" peanut butter, one labeled ""크리미"" (Creamy) and the other ""크린치"" (Crisp), are displayed with two bowls of the spread, one with a wooden spoon.",,ok,translated,vlm + deepl_api,latin_text_with_quoted_names,False,,100%_땅콩 문구 표시 / 2개 앞 진열 / 2개 중 나무 / My_Normal 적히다 땅콩 / 가다 한국어 My_Normal,5,"""My Normal"" 땅콩버터 두 병이 ""100% peanut""와 ""100% peanut""라는 라벨과 ""My Normal"" 로고가 붙어 있는 채로, 크리미하고 황금빛을 띤 땅콩버터가 가득 담긴 흰색 그릇 두 개와 함께 진열되어 있으며, 그중 하나에는 나무 숟가락이 꽂혀 있다.","Two jars of ""My Normal"" peanut butter, each labeled ""100% peanut"" and ""100% peanut"" with a ""My Normal"" logo, are displayed with two white bowls filled with the creamy, golden peanut butter, one with a wooden spoon.",,ok,translated,vlm + deepl_api,latin_text_with_quoted_names,False,,True
bakery,qwen3,1001385477,1,Qwen/Qwen3-VL-2B-Instruct,kurly_1001385477_1.jpg,bakery/images/kurly_1001385477_1.jpg,상품-대표-이미지 1,matched,,0,"블루베리, 사과 & 시나몬, 라즈베리, 망고 & 패션프루트, 피그 로얄 등 6가지 맛의 세인트 달푸르 과일 스프레드 병이 밝은 색상의 받침대 위에 진열되어 있으며, 전경에는 잼이 담긴 작은 그릇 두 개와 나무 숟가락이 놓여 있다.",,,reused,reused_translation,alt_preprocessed_5.csv:qwen_3_deepl_KOR,,,,6 / 가지 / 달 / 로얄 / 망고,5,"블루베리, 사과 & 시나몬, 라즈베리, 망고 & 패션프루트, 피그 로얄 등 다양한 맛의 세인트 달푸르 과일 잼 6종이 유리병에 담겨 있으며, 밝은 색상의 받침대 위에 작은 잼 그릇과 나무 숟가락과 함께 진열되어 있습니다.","A collection of six St. Dalfour fruit spreads in glass jars, featuring flavors like Blueberry, Apple & Cinnamon, Raspberry, Mango & Passion Fruit, and Fig Royale, displayed on a light surface with small bowls of jam and a wooden spoon.",,ok,translated,vlm + deepl_api,latin_text_present,False,,2개 나무 / 6 가지 / 라즈베리 망고 / 로얄 6 / 맛 세인트,5,"블루베리, 사과 & 시나몬, 라즈베리, 망고 & 패션프루트, 피그 로얄 등의 맛이 담긴 유리병에 담긴 세인트 달푸르 과일 스프레드 6종 세트로, 밝은 색상의 받침대 위에 작은 잼 그릇과 나무 숟가락과 함께 진열되어 있습니다.","A collection of six St. Dalfour fruit spreads in glass jars, featuring flavors like blueberry, apple & cinnamon, raspberry, mango & passion fruit, and fig royale, displayed on a light surface with small bowls of jam and a wooden spoon.",,ok,translated,vlm + deepl_api,latin_text_present,False,,2개 나무 숟가락 / 6 가지 맛 / 가지 맛 세인트 / 과일 스프레드 병 / 담기다 작다 2개,5,"유리병에 담긴 세인트 달푸르 과일 스프레드 6종 세트가, 잼이 담긴 작은 그릇 두 개와 나무 숟가락과 함께 밝은 색상의 받침대 위에 진열되어 있다.","A collection of six St. Dalfour fruit spreads in glass jars, displayed on a light surface with two small bowls of jam and a wooden spoon.",,ok,translated,vlm + deepl_api,latin_text_present,False,,True
bakery,qwen3,1001385477,2,Qwen/Qwen3-VL-2B-Instruct,kurly_1001385477_2.jpg,bakery/images/kurly_1001385477_2.jpg,,matched,,0,"블루베리, 사과 & 시나몬, 피그 로얄, 망고 & 패션프루트, 라즈베리 등의 맛이 담긴 세인트 달푸르 과일 스프레드 유리병 세트가 밝은 배경 위에 진열되어 있으며, 전경에는 나무 숟가락과 스프레드가 담긴 작은 그릇들이 놓여 있다.",,,reused,reused_translation,alt_preprocessed_5.csv:qwen_3_deepl_KOR,,,,스프레드 / 달 / 로얄 / 망고 / 사과,5,"블루베리, 사과 & 시나몬, 피그 로얄, 망고 & 패션프루트, 라즈베리 등 다양한 맛의 세인트 달푸르 과일 스프레드 제품들이 밝은 색상의 받침대 위에 나무 숟가락과 스프레드가 담긴 그릇들과 함께 진열되어 있습니다.","A collection of St Dalfour fruit spreads in various flavors, including Blueberry, Apple & Cinnamon, Fig Royale, Mango & Passion Fruit, and Raspberry, displayed on a light surface with a wooden spoon and bowls of spread.",,ok,translated,vlm + deepl_api,latin_text_present,False,,담기다 세인트 / 라즈베리 맛 / 로얄 망고 / 맛 담기다 / 밝다 배경,5,"블루베리, 사과 & 시나몬, 피그 로얄, 망고 & 패션프루트, 라즈베리 등 다양한 맛의 세인트 달푸르 과일 스프레드 제품들이 밝은 색상의 받침대 위에 나무 숟가락과 스프레드가 담긴 그릇들과 함께 진열되어 있습니다.","A collection of St Dalfour fruit spreads in various flavors, including Blueberry, Apple & Cinnamon, Fig Royale, Mango & Passion Fruit, and Raspberry, displayed on a light surface with a wooden spoon and bowls of spread.",,ok,translated,vlm + deepl_cached_translation,latin_text_present,False,,과일 스프레드 유리병 / 나무 숟가락 스프레드 / 담기다 세인트 달 / 라즈베리 맛 담기다 / 로얄 망고 패션프루트,5,"블루베리, 사과 & 시나몬, 피그 로얄, 망고 & 패션프루트, 라즈베리 등 다양한 맛의 세인트 달푸르 과일 스프레드가 유리병에 담겨 있으며, 나무 숟가락과 작은 그릇과 함께 밝은 색상의 받침대 위에 진열되어 있습니다.","A collection of St Dalfour fruit spreads in glass jars, featuring various flavors like Blueberry, Apple & Cinnamon, Fig Royale, Mango & Passion Fruit, and Raspberry, displayed on a light surface with a wooden spoon and small bowls.",,ok,translated,vlm + deepl_api,latin_text_present,False,,True
bakery,qwen3,1001493094,1,Qwen/Qwen3-VL-2B-Instruct,kurly_1001493094_1.jpg,bakery/images/kurly_1001493094_1.jpg,상품-대표-이미지 1,matched,,0,"회색 바탕 위에 ‘Nuts Green’ 땅콩버터 두 병(하나는 부드러운 타입, 다른 하나는 바삭한 타입)과 이 땅콩버터를 담은 그릇 두 개가 진열되어 있다.",,,reused,reused_translation,alt_preprocessed_5.csv:qwen_3_deepl_KOR,,,,타입 / 땅콩 / 버터 / Nuts_Green / 바삭,5,"회색 바탕 위에 ‘Nuts Green’ 땅콩버터 두 병(하나는 부드러운 타입, 다른 하나는 바삭한 타입)과 이 땅콩버터를 담은 그릇 두 개가 진열되어 있다.","Two jars of Nuts Green peanut butter, one smooth and one crunchy, are displayed with two bowls of the spread on a gray surface.",,ok,translated,vlm + deepl_api,latin_text_present,False,,땅콩 버터 / Nuts_Green 땅콩 / 타입 땅콩 / 회색 Nuts_Green / 2개 진열,5,"회색 바탕 위에 ‘Nuts Green’ 땅콩버터 두 병—하나는 부드러운 타입, 다른 하나는 바삭한 타입—이 크림처럼 부드러운 내용물이 담긴 열린 그릇과 함께 진열되어 있다.","Two jars of Nuts Green peanut butter, one smooth and one crunchy, are displayed with their creamy contents in open bowls on a gray surface.",,ok,translated,vlm + deepl_api,latin_text_present,False,,Nuts_Green 땅콩 버터 / 담다 2개 진열 / 바삭 타입 땅콩 / 타입 땅콩 버터 / 회색 Nuts_Green 땅콩,5,"회색 바탕 위에 ‘Nuts Green’ 땅콩버터 두 병(하나는 부드러운 타입, 다른 하나는 바삭한 타입)과 이 땅콩버터를 담은 그릇 두 개가 놓여 있다.","Two jars of Nuts Green peanut butter, one smooth and one crunchy, are displayed on a gray surface with two bowls of the spread.",,ok,translated,vlm + deepl_api,latin_text_present,False,,True
bakery,qwen3,1001493094,2,Qwen/Qwen3-VL-2B-Instruct,kurly_1001493094_2.jpg,bakery/images/kurly_1001493094_2.jpg,,matched,,0,"“Nuts Green” 식물성 땅콩버터 두 병(하나는 부드러운 타입, 다른 하나는 바삭한 타입)이 회색 바탕 위에 놓인 두 그릇의 제품과 함께 진열되어 있다.",,,reused,reused_translation,alt_preprocessed_5.csv:qwen_3_deepl_KOR,,,,타입 / 식물 / Nuts_Green / 바삭 / 제품,5,"밝은 회색 바탕 위에 ""Nuts Green"" 식물성 땅콩버터 두 병(하나는 부드러운 타입, 다른 하나는 크런치 타입)과 이 제품을 담은 그릇들이 진열되어 있다.","Two jars of ""Nuts Green"" plant-based peanut butter, one smooth and one crunchy, are displayed with bowls of the product on a light gray surface.",,ok,translated,vlm + deepl_api,latin_text_with_quoted_names,False,,Nuts_Green 식물 / 식물 땅콩 / 제품 함께 / 회색 제품 / 타입 회색,5,"회색 바탕 위에 ""Nuts Green"" 식물성 땅콩버터 두 병(하나는 부드러운 타입, 다른 하나는 크런치 타입)과 이 제품으로 채워진 그릇 두 개가 진열되어 있다.","Two jars of ""Nuts Green"" plant-based peanut butter, one smooth and one crunchy, are displayed with two bowls of the product on a gray surface.",,ok,translated,vlm + deepl_api,latin_text_with_quoted_names,False,,Nuts_Green 식물 땅콩 / 식물 땅콩 버터 / 제품 함께 진열 / 타입 회색 제품 / 회색 제품 함께,5,"회색 바탕 위에 ""Nuts Green"" 식물성 땅콩버터 두 병(하나는 부드러운 타입, 다른 하나는 크런치 타입)과 이 제품으로 채워진 그릇 두 개가 진열되어 있다.","Two jars of ""Nuts Green"" plant-based peanut butter, one smooth and one crunchy, are displayed with two bowls of the product on a gray surface.",,ok,translated,vlm + deepl_cached_translation,latin_text_with_quoted_names,False,,True
bakery,qwen3,1001501168,1,Qwen/Qwen3-VL-2B-Instruct,kurly_1001501168_1.jpg,bakery/images/kurly_1001501168_1.jpg,상품-대표-이미지 1,matched,,0,"‘아르티제(Artis?e)’의 ‘랑그 드 샤(Langue de Chat)’ 쿠키 세 가지 맛(밀크 크림, 솔트 카라멜 초콜릿, 밀크 초콜릿)을 포장지와 함께 작은 접시에 몇 개씩 담아 플랫 레이로 연출한 사진입니다.",,,reused,reused_translation,alt_preprocessed_5.csv:qwen_3_deepl_KOR,,,,밀크 / 초콜릿 / 레이 / 솔 / 아르티제(Artis?e),5,"‘Artis?e Langue de Chat’ 쿠키의 세 가지 맛(밀크 크림, 솔트 카라멜 초콜릿, 밀크 초콜릿)을 포장지와 함께 작은 접시에 담아 플랫 레이로 연출한 사진.","A flat lay of Artis?e Langue de Chat cookies in three flavors: Milk Cream, Salt Caramel Chocolate, and Milk Chocolate, displayed with their packaging and a small plate of the cookies.",,ok,translated,vlm + deepl_api,latin_text_present,False,,담다 플랫 / 레이 연출 / 맛 밀크 / 몇개 담다 / 밀크 초콜릿,5,"‘아르티제(Artisée)’의 ‘랑그 드 샤(Langue de Chat)’ 쿠키 3가지 맛(밀크 크림, 솔트 카라멜 초콜릿, 밀크 초콜릿)을 흰 접시에 소량씩 담아 개별 포장한 상태로 평면 촬영한 사진.","A flat lay of Artisée Langue de Chat cookies in three flavors—Milk Cream, Salt Caramel Chocolate, and Milk Chocolate—arranged with small portions on white plates and in individual wrappers.",,ok,translated,vlm + deepl_api,latin_text_present,False,,가지 맛 밀크 / 담다 플랫 레이 / 랑그_드_샤(Langue_de_Chat) 쿠키 가지 / 맛 밀크 크림 / 몇개 담다 플랫,5,"‘아르티제(Artisée)’의 ‘랑그 드 샤(Langue de Chat)’ 쿠키 3가지 맛(밀크 크림, 솔트 카라멜 초콜릿, 밀크 초콜릿)을 플랫 레이로 연출한 사진으로, 각 쿠키는 서로 다른 색상의 상자에 담겨 있으며, 쿠키 한 개와 소포장이 담긴 작은 접시가 함께 놓여 있습니다.","A flat lay of Artisée Langue de Chat cookies in three different flavors—Milk Cream, Salt Caramel Chocolate, and Milk Chocolate—each presented in a distinct colored box and accompanied by a small plate with a cookie and a packet.",,ok,translated,vlm + deepl_api,latin_text_present,False,,True
bakery,qwen3,1001501168,2,Qwen/Qwen3-VL-2B-Instruct,kurly_1001501168_2.jpg,bakery/images/kurly_1001501168_2.jpg,,matched,,0,"아르티제(Artis?e)의 ‘랑그 드 샤(Langue de Chat)’ 쿠키를 위에서 내려다본 모습으로, 플레인, 초콜릿 코팅, 밀크 크림 맛 등이 밝은 색상의 배경 위에 놓여 있으며, 일부는 흰색 접시에 담겨 있고 다른 일부는 개별 포장지에 담겨 있다.",,,reused,reused_translation,alt_preprocessed_5.csv:qwen_3_deepl_KOR,,,,일부 / 아르티제 / 플레인 / 내려다보다 / 랑그_드_샤(Langue_de_Chat),5,"‘아르티제 랑그 드 샤(Artisée Langue de Chat)’ 쿠키의 위에서 내려다본 사진으로, 솔트 카라멜 초콜릿, 밀크 초콜릿, 밀크 크림 등 다양한 맛의 쿠키들이 밝은 색상의 배경 위에 놓여 있으며, 일부는 접시에 담겨 있고 다른 일부는 개별 포장지에 담겨 있다.","A top-down photograph of Artisée Langue de Chat cookies, featuring various flavors like Salt-Caramel Chocolate, Milk Chocolate, and Milk Cream, arranged on a light-colored surface with some cookies on a plate and others in individual wrappers.",,ok,translated,vlm + deepl_api,latin_text_present,False,,담기다 일부 / 맛 밝다 / 모습 플레인 / 배경 일부 / 색상 배경,5,"‘아르티제 랑그 드 샤(Artisée Langue de Chat)’ 쿠키를 위에서 내려다본 사진으로, 다양한 맛과 식감을 잘 보여주고 있으며, 밝은 색상의 배경 위에 일부는 접시에 담겨 있고 다른 일부는 개별 포장지에 싸여 진열되어 있다.","A top-down photograph of Artisée Langue de Chat cookies, showcasing their various flavors and textures, arranged on a light-colored surface with some cookies on a plate and others in individual wrappers.",,ok,translated,vlm + deepl_api,latin_text_present,False,,개별 포장지 담기다 / 내려다보다 모습 플레인 / 담기다 일부 개별 / 랑그_드_샤(Langue_de_Chat) 쿠키 내려다보다 / 맛 밝다 색상,5,"아르티제(Artisée)의 ‘랑그 드 샤(Langue de Chat)’ 쿠키를 위에서 내려다본 사진으로, 개별 포장된 쿠키들이 밝은 색상의 표면 위에 진열되어 있으며, 솔트 카라멜 초콜릿, 밀크 초콜릿, 밀크 크림 등 다양한 맛이 담겨 있습니다. 일부 쿠키는 반으로 갈라져 크림 같은 속이 드러나 있습니다.","A top-down photograph of Artisée Langue de Chat cookies, showcasing their individual packaging and various flavors like Salt-Caramel Chocolate, Milk Chocolate, and Milk Cream, arranged on a light-colored surface with some cookies broken open to reveal their creamy fillings.",,ok,translated,vlm + deepl_api,latin_text_present,False,,True
bakery,qwen3,1001556191,1,Qwen/Qwen3-VL-2B-Instruct,kurly_1001556191_1.jpg,bakery/images/kurly_1001556191_1.jpg,상품-대표-이미지 1,matched,,0,"소박하고 갈라진 겉면과 부드럽고 폭신폭신한 속살을 지닌 수제 빵 한 덩어리가, 얇게 썰려 다공성 질감이 드러난 채, 따뜻하고 중성적인 배경을 배경으로 흰색 타원형 접시 위에 담겨 있다.",,,reused,reused_translation,alt_preprocessed_5.csv:qwen_3_deepl_KOR,,,,다공 / 배경 / 중성 / 채 / 지니다,5,"갓 구워낸 수제 빵으로, 겉은 황금빛을 띠고 속은 기포가 가득해 폭신폭신한 식감을 자랑하며, 얇게 썰어 중성적이고 따뜻한 색감의 배경 위에 흰색 타원형 접시에 담겨 있다.","A freshly baked, artisanal bread with a golden crust and a porous, airy interior, sliced and served on a white, oval plate against a neutral, warm background.",,ok,translated,vlm + deepl_api,latin_text_present,False,,겉면 폭신폭신 / 다공 질감 / 속살 지니다 / 썰다 다공 / 지니다 수제,5,"겉면은 갈라진 듯한 모양에 밀가루가 살짝 묻어 있고, 속은 부드럽고 폭신폭신한 소박하고 정성스럽게 만든 수제 빵으로, 흰색의 홈이 파인 접시에 담겨 나옵니다.","A rustic, artisanal bread with a cracked, flour-dusted crust and a soft, airy interior, served on a white, ridged plate.",,ok,translated,vlm + deepl_api,latin_text_present,False,,갈라지다 겉면 폭신폭신 / 겉면 폭신폭신 속살 / 다공 질감 드러나다 / 드러나다 채 중성 / 배경 흰색 타원,5,"겉면은 갈라지고 밀가루가 살짝 묻어 있으며, 속은 공기가 가득 차고 구멍이 숭숭 뚫린 소박하고 수제 풍미의 빵 한 덩어리가 흰색 타원형 접시에 담겨 나옵니다.","A rustic, artisanal loaf of bread with a cracked, flour-dusted crust and a airy, porous interior, served on a white oval plate.",,ok,translated,vlm + deepl_api,latin_text_present,False,,True
bakery,qwen3,1001556191,2,Qwen/Qwen3-VL-2B-Instruct,kurly_1001556191_2.jpg,bakery/images/kurly_1001556191_2.jpg,,matched,,0,겉은 황금빛 갈색을 띠고 속은 기포가 가득해 폭신폭신한 수제 빵 한 덩어리를 썰어 흰 접시에 담아낸 모습.,,,reused,reused_translation,alt_preprocessed_5.csv:qwen_3_deepl_KOR,,,,겉 / 기포 / 담다 / 수제 / 가득,5,"갓 구워낸 수제 빵 한 덩어리로, 겉은 황금빛 갈색을 띠고 속은 기포가 가득해 폭신폭신한 이 빵을 얇게 썰어 하얀 접시에 담아 낸 모습이다.","A freshly baked, artisanal loaf of bread with a golden-brown crust and a porous, airy interior, sliced and served on a white plate.",,ok,translated,vlm + deepl_api,latin_text_present,False,,겉 황금빛 / 담다 모습 / 희다 담다 / 덩어리 썰다 / 폭신폭신 수제,5,"갓 구워낸 수제 빵 한 덩어리로, 겉은 황금빛 껍질이 있고 속은 기포가 가득해 폭신폭신한 이 빵을 얇게 썰어 하얀 접시에 담아 낸 모습.","A freshly baked, artisanal loaf of bread with a golden crust and a porous, airy interior, sliced and served on a white plate.",,ok,translated,vlm + deepl_api,latin_text_present,False,,겉 황금빛 갈색 / 덩어리 썰다 희다 / 썰다 희다 담다 / 희다 담다 모습 / 가득 폭신폭신 수제,5,"갓 구워낸 수제 빵 한 덩어리로, 겉은 황금빛 갈색을 띠고 속은 기포가 가득해 폭신폭신한 이 빵을 얇게 썰어 하얀 접시에 담아 낸 모습이다.","A freshly baked, artisanal loaf of bread with a golden-brown crust and a porous, airy interior, sliced and served on a white plate.",,ok,translated,vlm + deepl_cached_translation,latin_text_present,False,,True
bakery,qwen3,1001737663,1,Qwen/Qwen3-VL-2B-Instruct,kurly_1001737663_1.jpg,bakery/images/kurly_1001737663_1.jpg,상품-대표-이미지 1,matched,,0,"생기 넘치는 주황색 젤리가 얹어진 둥근 흰색 무스 케이크가 대리석 판 위에 놓여 있고, 그 옆 작은 접시에는 케이크 한 조각이 담겨 있다. 케이크는 흰색과 분홍색의 대리석 무늬가 들어간 상자에 담겨 있으며, 상자에는 “JOSUN DELI”라는 브랜드명이 적혀 있다.",,,reused,reused_translation,alt_preprocessed_5.csv:qwen_3_deepl_KOR,,,,케이크 / 대리석 / JOSUN_DELI / 무스 / 넘치다,5,"생기 넘치는 주황색 젤리가 얹어진 둥근 흰색 무스 케이크가 대리석 판 위에 놓여 있고, 접시에는 케이크 한 조각이 담겨 있으며, 배경에는 ‘""JOSUN DELI""’라고 적힌 분홍색과 흰색 상자가 보인다.","A round, white mousse cake with a vibrant orange jelly topping sits on a marble board, with a slice on a plate and a pink and white box labeled ""JOSUN DELI"" in the background.",,ok,translated,vlm + deepl_api,latin_text_with_quoted_names,False,,JOSUN_DELI 브랜드 / 대리석 무늬 / 들어가다 상자 / 명 적히다 / 무스 케이크,5,"생기 넘치는 주황색 글레이즈가 얹어진 둥근 흰색 무스 케이크 한 조각이 흰색 접시에 담겨 있으며, 대리석 판 위에 놓여 있고, 배경에는 ‘""JOSUN DELI""’라고 적힌 분홍색과 흰색 대리석 무늬 상자가 보인다.","A round, white mousse cake with a vibrant orange glaze and a slice served on a white plate, presented on a marble slab with a pink and white marble-patterned box labeled ""JOSUN DELI"" in the background.",,ok,translated,vlm + deepl_api,latin_text_with_quoted_names,False,,JOSUN_DELI 브랜드 명 / 담기다 상자 JOSUN_DELI / 담기다 케이크 흰색 / 대리석 무늬 들어가다 / 대리석 판 옆,5,"생기 넘치는 오렌지색 글레이즈가 입혀진 둥근 흰색 프로스팅 케이크 한 조각이 흰색 접시에 담겨, 분홍색과 흰색의 ""JOSUN DELI"" 상자 옆의 대리석 판 위에 놓여 있다.","A round, white-frosted cake with a vibrant orange glaze and a slice served on a white plate, presented on a marble slab next to a pink and white ""JOSUN DELI"" box.",,ok,translated,vlm + deepl_api,latin_text_with_quoted_names,False,,True
bakery,qwen3,1001737663,2,Qwen/Qwen3-VL-2B-Instruct,kurly_1001737663_2.jpg,bakery/images/kurly_1001737663_2.jpg,,matched,,0,"생기 넘치는 주황색 젤리가 얹어진 둥근 흰색 케이크가 흰색 대리석 판 위에 놓여 있으며, 전경에는 한 조각이 잘려 흰색 접시에 담겨 있다. 케이크는 부드럽고 크리미한 식감을 지녔으며, 겉면은 황금빛 갈색을 띠고 있다.",,,reused,reused_translation,alt_preprocessed_5.csv:qwen_3_deepl_KOR,,,,흰색 / 케이크 / 넘치다 / 생기 / 젤리,5,"생기 넘치는 주황색 젤리가 얹어진 둥근 흰색 케이크가 대리석 판 위에 놓여 있고, 흰색 접시에는 한 조각이 담겨 있어 층층이 쌓인 속이 잘 드러나 있다.","A round, white cake with a vibrant orange jelly topping sits on a marble board, with a single slice served on a white plate, showcasing its layered interior.",,ok,translated,vlm + deepl_api,latin_text_present,False,,잘리다 흰색 / 전경 조각 / 지니다 겉면 / 케이크 크리미 / 크리미 식감,5,"생기 넘치는 주황색 젤리가 얹어진 둥글고 하얗고 크림 같은 케이크로, 흰 접시에 한 조각이 담겨 나와 층층이 쌓인 속과 부드러운 식감을 잘 드러내고 있다.","A round, white, creamy cake with a vibrant orange jelly topping, served with a single slice on a white plate, showcasing its layered interior and smooth texture.",,ok,translated,vlm + deepl_api,latin_text_present,False,,담기다 케이크 크리미 / 대리석 판 전경 / 둥글다 흰색 케이크 / 식감 지니다 겉면 / 잘리다 흰색 담기다,5,"생기 넘치는 주황색 젤리가 얹어진 둥글고 하얗고 크림 같은 케이크가 대리석 판 위에 놓여 있으며, 한 조각이 잘려 흰 접시에 담겨 그 층층이 쌓인 속을 드러내고 있다.","A round, white, creamy cake with a vibrant orange jelly topping sits on a marble board, with a single slice cut and served on a white plate, showcasing its layered interior.",,ok,translated,vlm + deepl_api,latin_text_present,False,,True
bakery,qwen3,1001737665,1,Qwen/Qwen3-VL-2B-Instruct,kurly_1001737665_1.jpg,bakery/images/kurly_1001737665_1.jpg,상품-대표-이미지 1,matched,,0,"흰색 대리석 상자가 배경으로 놓인 초콜릿 케이크 사진으로, 흰색 접시에 담긴 한 조각과 대리석 접시 위에 놓인 통째의 케이크가 담겨 있다.",,,reused,reused_translation,alt_preprocessed_5.csv:qwen_3_deepl_KOR,,,,대리석 / 케이크 / 통 / 담기다 / 흰색,5,"흰색 대리석 상자 위에 놓인 초콜릿 케이크와 흰색 접시에 담긴 케이크 한 조각이, 둘 다 대리석 표면 위에 놓여 있다.","A chocolate cake with a white marble box and a slice on a white plate, both on a marble surface.",,ok,translated,vlm + deepl_api,latin_text_present,False,,담기다 조각 / 대리석 상자 / 대리석 통 / 배경 초콜릿 / 상자 배경,5,"한 조각이 잘려 나간 초콜릿 케이크 위에 베리와 초콜릿 가루가 올려져 있으며, 이 케이크는 대리석 무늬가 들어간 흰색 대리석 상자 옆의 대리석 접시 위에 놓여 있고, 이 모든 것이 중성적인 회색 배경을 배경으로 펼쳐져 있다.","A chocolate cake with a slice cut out, topped with berries and chocolate shavings, sits on a marble plate next to a white marble box with a marbled design, all set against a neutral gray background.",,ok,translated,vlm + deepl_api,latin_text_present,False,,담기다 조각 대리석 / 대리석 상자 배경 / 대리석 통 케이크 / 배경 초콜릿 케이크 / 상자 배경 초콜릿,5,"한 조각이 잘려 나간 초콜릿 케이크 위에 베리와 초콜릿 가루가 올려져 있으며, 이 케이크는 대리석 무늬가 들어간 흰색 대리석 상자 옆의 대리석 접시 위에 놓여 있고, 이 모든 것이 중성적인 회색 배경을 배경으로 펼쳐져 있다.","A chocolate cake with a slice cut out, topped with berries and chocolate shavings, sits on a marble plate next to a white marble box with a marbled design, all set against a neutral gray background.",,ok,translated,vlm + deepl_cached_translation,latin_text_present,False,,True
bakery,qwen3,1001737665,2,Qwen/Qwen3-VL-2B-Instruct,kurly_1001737665_2.jpg,bakery/images/kurly_1001737665_2.jpg,,matched,,0,"흰색 대리석 접시 위에, 윗면에 초콜릿 가루와 신선한 베리가 얹어진 크고 둥근 초콜릿 케이크가 놓여 있다. 한 조각을 잘라 작은 흰색 접시에 올리자, 초콜릿 케이크와 크림, 과일이 층층이 쌓인 모습이 드러난다.",,,reused,reused_translation,alt_preprocessed_5.csv:qwen_3_deepl_KOR,,,,초콜릿 / 케이크 / 베리 / 윗면 / 크다,5,초콜릿 가루를 뿌리고 신선한 베리를 곁들인 크고 풍미 가득한 초콜릿 케이크 한 조각을 흰 접시에 담아 낸 모습.,"A large, rich chocolate cake with a chocolate shavings topping and fresh berries, served with a slice on a white plate.",,ok,translated,vlm + deepl_api,latin_text_present,False,,초콜릿 케이크 / 가루 베리 / 과일 층층이 / 대리석 윗면 / 둥글다 초콜릿,5,"초콜릿 부스러기가 얹어진 크고 둥근 초콜릿 케이크 한 조각이 흰 접시에 담겨 있으며, 내부에는 과일과 크림이 층층이 쌓여 있다.","A large, round chocolate cake with a chocolate shavings topping and a slice served on a white plate, featuring a layered interior with fruit and cream.",,ok,translated,vlm + deepl_api,latin_text_present,False,,가루 베리 얹다 / 과일 층층이 쌓이다 / 대리석 윗면 초콜릿 / 둥글다 초콜릿 케이크 / 베리 얹다 크다,5,"초콜릿 부스러기와 신선한 베리를 얹은 크고 둥근 초콜릿 케이크로, 흰 접시에 한 조각이 담겨 있어 층층이 쌓인 속이 잘 드러나 있습니다.","A large, round chocolate cake with a chocolate shavings topping and fresh berries, served with a slice on a white plate, showcasing its layered interior.",,ok,translated,vlm + deepl_api,latin_text_present,False,,True
bakery,qwen3,1002104461,1,Qwen/Qwen3-VL-2B-Instruct,kurly_1002104461_1.jpg,bakery/images/kurly_1002104461_1.jpg,상품-대표-이미지 1,matched,,0,"“Butter & Shelter”라고 적힌 흰색 상자가 초록색 바탕 위에 놓여 있으며, 그 옆에는 개별 포장된 쿠키 몇 개와 크림이 들어간 다양한 종류의 버터 쿠키가 담긴 접시가 놓여 있다. 상자에는 “커피와 빵을 즐기세요”라는 문구가 적혀 있다. 쿠키들은 초록색 테두리가 있는 흰색 접시 위에 가지런히 놓여 있다.",,,reused,reused_translation,alt_preprocessed_5.csv:qwen_3_deepl_KOR,,,,쿠키 / 초록색 / 적히다 / Butter_&_Shelter / 커피와_빵을_즐기세요,5,"짙은 녹색 바탕 위에 흰색 상자와 개별 포장된 ""Butter & Shelter"" 쿠키 여러 개가 놓여 있으며, 쿠키가 담긴 접시와 흩어져 있는 쿠키 몇 개가 함께 있고, 그 옆에는 ‘""Enjoy your coffee and bread.""’라는 문구가 적혀 있다.","A white box and several individually wrapped ""Butter & Shelter"" cookies are displayed on a dark green surface, with a plate of the cookies and a few loose ones, accompanied by the text ""Enjoy your coffee and bread.""",,ok,translated,vlm + deepl_api,latin_text_with_quoted_names,False,,Butter_&_Shelter 적히다 / 들어가다 다양 / 몇개 크림 / 버터 쿠키 / 상자 초록색,5,"초록색 바탕 위에 흰색 상자와 개별 포장된 ""Butter & Shelter"" 쿠키 여러 개가 놓여 있으며, 쿠키가 담긴 접시와 흩어져 있는 쿠키 몇 개가 어우러져 아늑하고 풍성한 간식 분위기를 자아냅니다.","A white box and several individually wrapped ""Butter & Shelter"" cookies are displayed on a green surface, with a plate of the cookies and a few loose ones, suggesting a cozy, indulgent treat.",,ok,translated,vlm + deepl_api,latin_text_with_quoted_names,False,,Butter_&_Shelter 적히다 흰색 / 다양 종류 버터 / 담기다 상자 커피와_빵을_즐기세요 / 들어가다 다양 종류 / 몇개 크림 들어가다,5,"초록색 바탕 위에 흰색 상자와 개별 포장된 ""Butter & Shelter"" 쿠키 몇 개가 놓여 있고, 그 옆에는 다양한 종류의 쿠키가 담긴 접시와 흩어져 있는 쿠키 몇 개가 함께 놓여 있어, 아늑한 ‘커피와 빵’을 테마로 한 간식 분위기를 자아냅니다.","A white box and several individually wrapped ""Butter & Shelter"" cookies are displayed on a green surface, with a plate of assorted cookies and a few loose ones, all suggesting a cozy, coffee-and-bread-themed treat.",,ok,translated,vlm + deepl_api,latin_text_with_quoted_names,False,,True
bakery,qwen3,1002104461,2,Qwen/Qwen3-VL-2B-Instruct,kurly_1002104461_2.jpg,bakery/images/kurly_1002104461_2.jpg,,matched,,0,초록색 테두리가 있는 흰색 접시 위에는 바삭바삭한 식감의 황금빛 갈색 직사각형 쿠키 몇 개가 놓여 있다. 일부는 겹쳐져 있어 크림색의 흰색 속과 캐러멜 같은 토핑이 드러나 있다. 쿠키 한 개는 반으로 잘려 있어 층이 선명하게 보인다. 접시는 짙은 초록색 배경 위에 놓여 있다.,,,reused,reused_translation,alt_preprocessed_5.csv:qwen_3_deepl_KOR,,,,초록색 / 쿠키 / 겹쳐지다 / 선명 / 층,5,"초록색 테두리가 있는 흰색 접시 위에는 크림이 샌드된 황금빛 갈색의 직사각형 쿠키 몇 개가 카라멜 시럽을 뿌린 채, 짙은 초록색 바탕 위에 자연스럽고 매력적으로 놓여 있다.","A white plate with a green rim holds several golden-brown, rectangular cookies with a creamy filling and a caramel drizzle, arranged in a casual, appealing manner on a dark green surface.",,ok,translated,vlm + deepl_api,latin_text_present,False,,1개 반 / 같다 토핑 / 겹쳐지다 크림 / 드러나다 쿠키 / 몇개 일부,5,"초록색 테두리가 있는 흰색 접시 위에는 가장자리가 주름진 황금빛 갈색의 직사각형 쿠키 여러 개가 놓여 있는데, 일부는 쌓여 있고 일부는 나란히 놓여 있어 크림색의 흰색 속과 캐러멜 같은 토핑이 드러나 있다.","A white plate with a green rim holds several golden-brown, rectangular cookies with a fluted edge, some stacked and others laid out, revealing a creamy white filling and a caramel-like topping.",,ok,translated,vlm + deepl_api,latin_text_present,False,,1개 반 잘리다 / 갈색 직사각형 쿠키 / 같다 토핑 드러나다 / 겹쳐지다 크림 색 / 드러나다 쿠키 1개,5,"초록색 테두리가 있는 흰색 접시 위에는 가장자리가 물결 모양으로 처리된 황금빛 갈색의 직사각형 쿠키 여러 개가 놓여 있는데, 일부는 겹쳐져 있고, 다른 일부는 반으로 잘려 크림색의 흰색 속과 캐러멜 같은 토핑이 드러나 있다.","A white plate with a green rim holds several golden-brown, rectangular cookies with a fluted edge, some stacked and others cut in half to reveal a creamy white filling and a caramel-like topping.",,ok,translated,vlm + deepl_api,latin_text_present,False,,True
bakery,qwen3,1002202568,1,Qwen/Qwen3-VL-2B-Instruct,kurly_1002202568_1.jpg,bakery/images/kurly_1002202568_1.jpg,상품-대표-이미지 1,matched,,0,"부드러운 땅콩버터 제품 3개의 개별 포장지가 같은 제품의 더 큰 상자 위에 진열되어 있으며, 이 모든 것이 회색 바탕 위에 놓여 있다.",,,reused,reused_translation,alt_preprocessed_5.csv:qwen_3_deepl_KOR,,,,제품 / 크다 / 더 / 개별 / 3개,5,"흰색 상자와 ""Nuts Green"" 땅콩 버터 스무디 개별 포장 3개. 각 포장에는 한국어 문구가 적혀 있고 땅콩 일러스트가 그려져 있다.","A white box and three individual packets of ""Nuts Green"" peanut butter smoothie, each labeled with Korean text and featuring illustrations of peanuts.",,ok,translated,vlm + deepl_api,latin_text_with_quoted_names,False,,3개 개별 / 더 크다 / 버터 제품 / 상자 진열 / 제품 3개,5,"회색 바탕 위에 부드러운 땅콩버터 제품 3개의 개별 포장지가 놓여 있고, 그 아래에는 제품 상자가 놓여 있다.","Three individual packets of a smooth peanut butter product are displayed on a gray surface, with the product's box positioned below them.",,ok,translated,vlm + deepl_api,latin_text_present,False,,3개 개별 포장지 / 같다 제품 더 / 개별 포장지 같다 / 더 크다 상자 / 땅콩 버터 제품,5,더 큰 상자 위에는 같은 제품이 들어 있는 땅콩버터 스무디 제품 3개의 개별 포장지가 진열되어 있습니다.,"Three individual packets of a peanut butter smoothie product are displayed above a larger box, which contains the same product.",,ok,translated,vlm + deepl_api,latin_text_present,False,,True
bakery,qwen3,1002202568,2,Qwen/Qwen3-VL-2B-Instruct,kurly_1002202568_2.jpg,bakery/images/kurly_1002202568_2.jpg,,matched,,0,"“100% 한국산 땅콩”과 “비건”이라고 적힌 흰색 ‘넛츠 그린’ 스무스 땅콩버터 포장지가, 크림처럼 부드러운 연한 갈색 땅콩버터가 발라진 흰색 접시 옆에 놓여 있다.",,,reused,reused_translation,alt_preprocessed_5.csv:qwen_3_deepl_KOR,,,,땅콩 / 버터 / 100%_한국산_땅콩 / 넛츠_그린 / 비건,5,"‘100% 한국산 땅콩버터’라고 표시된 ""Nuts Green"" 스무스 땅콩버터의 흰색 포장지가, 크림처럼 부드럽고 연한 갈색의 땅콩버터가 발라진 흰색 접시 옆에 놓여 있다.","A white packet of ""Nuts Green"" smooth peanut butter, labeled as 100% Korean peanut butter, is shown next to a white plate with a creamy, light brown peanut butter spread.",,ok,translated,vlm + deepl_api,latin_text_with_quoted_names,False,,땅콩 버터 / 100%_한국산_땅콩 비건 / 넛츠_그린 스무스 / 바르다 흰색 / 버터 바르다,5,"‘""Nuts Green""’ 스무스 땅콩버터가 들어 있는 흰색 포장지 위에 ‘""100% Korean Peanut""’와 ‘""Vegan,""’라고 적혀 있으며, 그 옆에는 크림처럼 부드럽고 연한 갈색의 땅콩버터가 가득 담긴 흰색 그릇이 놓여 있다.","A white packet of ""Nuts Green"" smooth peanut butter, labeled ""100% Korean Peanut"" and ""Vegan,"" sits next to a white bowl filled with the creamy, light-brown spread.",,ok,translated,vlm + deepl_api,latin_text_with_quoted_names,False,,100%_한국산_땅콩 비건 적히다 / 넛츠_그린 스무스 땅콩 / 땅콩 버터 바르다 / 땅콩 버터 포장지 / 바르다 흰색 옆,5,"‘""Nuts Green""’ 스무스 땅콩버터가 들어 있는 흰색 포장지(라벨에 ‘""100% Korean Peanut""’와 ‘""Vegan,""’라고 적혀 있음)가, 크림처럼 부드럽고 연한 갈색의 땅콩버터가 소용돌이 모양으로 담긴 흰색 접시 옆에 놓여 있다.","A white packet of ""Nuts Green"" smooth peanut butter, labeled ""100% Korean Peanut"" and ""Vegan,"" sits next to a white plate with a swirl of creamy, light-brown peanut butter.",,ok,translated,vlm + deepl_api,latin_text_with_quoted_names,False,,True
bakery,qwen3,5003416,1,Qwen/Qwen3-VL-2B-Instruct,kurly_5003416_1.jpg,bakery/images/kurly_5003416_1.jpg,상품-대표-이미지 1,matched,,0,"잼, 바나나, 견과류 등 각기 다른 속재료를 담은 다양한 미니 타르트가 들어 있는 검은색 상자가 줄무늬 천이 깔린 어두운 배경 위에 놓여 있다. 전경에는 부서진 타르트와 포크가 놓인 작은 접시가 있다.",,,reused,reused_translation,alt_preprocessed_5.csv:qwen_3_deepl_KOR,,,,타르트 / 각기 / 미니 / 바나나 / 깔리다,5,"잼, 바나나, 견과류 등 각각 다른 속재료를 담은 16개의 미니 타르트가 격자 모양으로 배열된 검은색 상자와, 작은 접시 위에 뚜껑이 열린 타르트 하나, 그리고 그 옆에 줄무늬 천이 놓여 있다.","A black box of 16 mini tartlets, each with a different filling like jam, banana, and nuts, arranged in a grid, with one opened tartlet on a small plate and a striped cloth nearby.",,ok,translated,vlm + deepl_api,latin_text_present,False,,각기 속 / 견과 각기 / 깔리다 배경 / 다양 미니 / 담다 다양,5,"각기 다른 속재료와 토핑이 들어간 다양한 미니 페이스트리가 담긴 검은색 상자가 줄무늬 천이 깔린 어두운 배경 위에 놓여 있으며, 작은 접시에는 페이스트리 하나가 담겨 있고, 무늬가 그려진 상자도 함께 놓여 있다.","A black box of assorted mini pastries, each with a different filling and topping, is displayed on a dark surface with a striped cloth, with one pastry on a small plate and a box with a design on it.",,ok,translated,vlm + deepl_api,latin_text_present,False,,각기 속 재료 / 검은색 상자 줄무늬 / 견과 각기 속 / 깔리다 배경 전경 / 다양 미니 타르트,5,"각각 다른 토핑이 올려진 16개의 미니 타르트가 격자 모양으로 배열된 검은색 상자가, 줄무늬 천이 깔린 어두운 질감의 표면 위에 놓여 있으며, 그 옆에는 부서진 타르트와 포크가 담긴 작은 접시가 놓여 있다.","A black box containing a grid of 16 mini tarts, each with a different topping, is displayed on a dark, textured surface with a striped cloth, and a small plate with a broken tart and a fork.",,ok,translated,vlm + deepl_api,latin_text_present,False,,True
bakery,qwen3,5003416,2,Qwen/Qwen3-VL-2B-Instruct,kurly_5003416_2.jpg,bakery/images/kurly_5003416_2.jpg,,matched,,0,"잼, 견과류, 과일 등 다양한 속재료를 넣은 작고 황금빛 갈색의 페이스트리 16개가 들어 있는 상자. 줄무늬 천이 깔린 검은색 쟁반 위에 정갈하게 놓여 있으며, 배경에는 “Le Chateau de Ma Vie”라고 적힌 검은색 상자가 보인다.",,,reused,reused_translation,alt_preprocessed_5.csv:qwen_3_deepl_KOR,,,,16개 / Le_Chateau_de_Ma_Vie / 넣다 / 깔리다 / 줄무늬,5,"""Le Chateau de Ma Vie""의 16가지 미니 페이스트리가 들어 있는 검은색 상자가 줄무늬 천이 깔린 어두운 배경 위에 놓여 있으며, 작은 접시에는 페이스트리 한 개와 포크가 함께 담겨 있다.","A black box of 16 assorted mini pastries from ""Le Chateau de Ma Vie"" is displayed on a dark surface with a striped cloth, one pastry on a small plate with a fork.",,ok,translated,vlm + deepl_api,latin_text_with_quoted_names,False,,16개 들다 / Le_Chateau_de_Ma_Vie 적히다 / 검다 색 / 견과 과일 / 과일 다양,5,"각기 다른 속재료와 토핑이 들어간 16개의 다양한 미니 페이스트리가 담긴 검은색 상자가, 파란색과 흰색 줄무늬 천이 깔린 어두운 표면 위에 놓여 있으며, 작은 접시 하나에는 페이스트리 한 개와 포크가 함께 놓여 있다.","A black box of 16 assorted mini pastries, each with a different filling and topping, sits on a dark surface with a blue and white striped cloth, one pastry on a small plate with a fork.",,ok,translated,vlm + deepl_api,latin_text_present,False,,16개 들다 상자 / Le_Chateau_de_Ma_Vie 적히다 검은색 / 갈색 페이스트리 16개 / 검다 색 쟁반 / 검은색 상자 보이다,5,"각각 종이 컵에 담겨 있는 16개의 다양한 페이스트리가 들어 있는 검은색 상자가, 파란색과 흰색 줄무늬 천이 깔린 어두운 바탕 위에 놓여 있으며, 작은 검은색 접시 위에는 페이스트리 한 개와 포크가 놓여 있다.","A black box containing 16 assorted pastries, each in a paper liner, is displayed on a dark surface with a blue and white striped cloth, with one pastry on a small black plate and a fork.",,ok,translated,vlm + deepl_api,latin_text_present,False,,True
bakery,qwen3,5007270,1,Qwen/Qwen3-VL-2B-Instruct,kurly_5007270_1.jpg,bakery/images/kurly_5007270_1.jpg,상품-대표-이미지 1,matched,,0,"녹색, 분홍색, 흰색 층이 드러나는 단면을 가진 알록달록한 빵 한 덩어리가 나무 도마 위에 칼과 함께 썰려 놓인, 아름답게 차려진 아침 식사 장면입니다. 접시 위에는 빵 한 조각과 숟가락, 작은 잼 병이 놓여 있습니다. 흰색 주전자와 숟가락, 잼 병이 담긴 작은 접시도 함께 있습니다.",,,reused,reused_translation,alt_preprocessed_5.csv:qwen_3_deepl_KOR,,,,잼 / 함께 / 숟가락 / 병 / 식사,5,"밝은 색상의 바탕 위에 알록달록한 빵 한 덩어리, 접시에 담긴 잼을 바른 빵 한 조각, 작은 잼 병, 흰색 주전자, 그리고 칼이 놓인 나무 도마가 어우러진 아름답게 차려진 아침 식사 장면입니다.","A beautifully arranged breakfast scene featuring a loaf of multi-colored bread, a slice with jam on a plate, a small jar of jam, a white pitcher, and a wooden cutting board with a knife, all set on a light-colored surface.",,ok,translated,vlm + deepl_api,latin_text_present,False,,잼 병 / 가지다 알록달록 / 녹색 분홍색 / 단면 가지다 / 도마 칼,5,"초록색, 분홍색, 노란색 층이 어우러진 알록달록한 빵 한 덩어리를 썰어 접시에 담고 잼을 곁들인, 아름답게 차려진 아침 식사 장면이다. 그 옆에는 흰색 주전자와 접시 위에 놓인 작은 잼 병이 함께 놓여 있다.","A beautifully arranged breakfast scene featuring a loaf of multicolored bread with green, pink, and yellow layers, sliced and served with jam on a plate, accompanied by a white pitcher and a small jar of jam on a saucer.",,ok,translated,vlm + deepl_api,latin_text_present,False,,가지다 알록달록 빵 / 나무 도마 칼 / 녹색 분홍색 흰색 / 단면 가지다 알록달록 / 담기다 작다 함께,5,"초록색, 분홍색, 흰색 층이 어우러진 알록달록한 슬라이스 빵 한 덩어리를 중심으로, 나무 판 위에 칼, 토스트 한 조각과 잼이 담긴 작은 접시, 흰색 주전자, 그리고 작은 잼 병이 함께 아름답게 배치된 정물화입니다. 이 모든 것이 밝은 색상의 바탕 위에 놓여 있습니다.","A beautifully arranged still life featuring a loaf of multicolored, sliced bread with green, pink, and white layers, served on a wooden board with a knife, a small plate with a slice of toast and jam, a white pitcher, and a small jar of jam, all set on a light-colored surface.",,ok,translated,vlm + deepl_api,latin_text_present,False,,True
bakery,qwen3,5007270,2,Qwen/Qwen3-VL-2B-Instruct,kurly_5007270_2.jpg,bakery/images/kurly_5007270_2.jpg,,matched,,0,"유리 접시 위에 햄과 치즈 토스트 한 조각이 놓여 있고, 나무 코스터 위에는 작은 우유 잔이, 은색 쟁반 위에는 빵 한 조각과 작은 우유 그릇이, 그리고 나무 판 위에는 레드 와인 한 잔과 말차 빵과 분홍색 빵 두 조각이 놓인 아침 식탁을 위에서 내려다본 모습.",,,reused,reused_translation,alt_preprocessed_5.csv:qwen_3_deepl_KOR,,,,우유 / 잔 / 조각 / 빵 / 레드,5,"유리 접시 위에 햄과 치즈 토스트 한 조각이 놓여 있고, 나무 판 위에는 말차와 분홍색 소용돌이 무늬 빵 두 조각이, 나무 코스터 위에는 작은 우유 잔이, 은색 쟁반 위에는 빵 한 조각과 작은 우유 그릇이, 그리고 레드 와인 한 잔이 놓인 아침 식탁을 위에서 내려다본 모습입니다.","A top-down view of a breakfast table featuring a slice of ham and cheese toast on a glass plate, a wooden board with two slices of matcha and pink swirl bread, a small glass of milk on a wooden coaster, a silver tray with a piece of bread and a small bowl of milk, and a glass of red wine.",,ok,translated,vlm + deepl_api,latin_text_present,False,,작다 우유 / 빵 조각 / 그리고 나무 / 나무 코스터 / 레드 와인,5,"유리 접시 위에 햄과 치즈 토스트 한 조각이 놓여 있고, 분홍색과 초록색이 층을 이룬 빵 한 조각이 담긴 접시, 작은 우유 잔, 레드 와인 한 잔, 그리고 우유 잔이 올려진 나무 컵받침이 있는 아침 식사 테이블을 위에서 내려다본 모습.","A top-down view of a breakfast table featuring a slice of ham and cheese toast on a glass plate, a plate with a slice of pink and green layered bread, a small glass of milk, a glass of red wine, and a wooden coaster with a glass of milk.",,ok,translated,vlm + deepl_api,latin_text_present,False,,그리고 나무 판 / 나무 코스터 작다 / 나무 판 레드 / 레드 와인 잔 / 말차 빵 분홍색,5,"유리 접시 위에 햄과 치즈 토스트 한 조각이 놓여 있고, 나무 도마 위에는 말차와 딸기 토스트 두 조각이, 나무 코스터 위에는 작은 유리잔에 담긴 우유 한 잔이, 레드 와인 한 잔이, 그리고 은 쟁반 위에는 빵 한 조각과 우유가 담긴 작은 그릇이 놓인 아침 식탁을 위에서 내려다본 모습이다.","A top-down view of a breakfast table featuring a slice of ham and cheese toast on a glass plate, a wooden cutting board with two slices of matcha and strawberry toast, a small glass of milk on a wooden coaster, a glass of red wine, and a silver tray with a piece of bread and a small bowl of milk.",,ok,translated,vlm + deepl_api,latin_text_present,False,,True
bakery,qwen3,5012764,1,Qwen/Qwen3-VL-2B-Instruct,kurly_5012764_1.jpg,bakery/images/kurly_5012764_1.jpg,상품-대표-이미지 1,matched,,0,"흰색 접시 위에 연한 색의 가루가 뿌려진 롤케이크 두 조각이 담겨 있고, 배경에는 흰 꽃이 꽂힌 작은 꽃병과 상자들이 놓여 있다.",,,reused,reused_translation,alt_preprocessed_5.csv:qwen_3_deepl_KOR,,,,꽃 / 꽃병 / 롤 / 뿌리다 / 가루,5,"흰 크림이 들어간 황금빛 갈색 롤케이크 두 개가 가루 설탕을 살짝 뿌린 채 섬세한 접시 위에 놓여 있고, 배경에는 꽃병에 꽂힌 흰 꽃 장식과 상자들이 보인다.","Two golden-brown roll cakes with white cream filling, dusted with powdered sugar, are presented on delicate plates, with a white flower arrangement in a vase and boxes in the background.",,ok,translated,vlm + deepl_api,latin_text_present,False,,가루 뿌리다 / 꽃병 상자 / 뿌리다 롤 / 색 가루 / 연하다 색,5,"금빛 갈색을 띠고 가루가 뿌려진 ""Riri Da"" 롤 두 개가 섬세한 흰색 접시 위에 놓여 있으며, 꽃병에 꽂힌 흰색 꽃 장식과 흰색 상자가 배경에 자리 잡고 있고, 이 모든 것이 부드러운 흰색 배경을 배경으로 펼쳐져 있다.","Two golden-brown, powdered ""Riri Da"" rolls are presented on delicate white plates, with a white flower arrangement in a vase and a white box in the background, all set against a soft, white backdrop.",,ok,translated,vlm + deepl_api,latin_text_with_quoted_names,False,,가루 뿌리다 롤 / 담기다 배경 희다 / 롤 케이크 조각 / 배경 희다 꽃 / 뿌리다 롤 케이크,5,"연한 색상의 가루가 뿌려진 롤케이크 두 조각이 섬세한 접시 위에 담겨 있으며, 부드럽고 밝은 배경 속에는 흰색 꽃 장식과 상자들이 놓여 있다.","Two slices of a light-colored, powdered roll cake are presented on delicate plates, with a white floral arrangement and boxes in the soft, bright background.",,ok,translated,vlm + deepl_api,latin_text_present,False,,True
bakery,qwen3,5012764,2,Qwen/Qwen3-VL-2B-Instruct,kurly_5012764_2.jpg,bakery/images/kurly_5012764_2.jpg,,matched,,0,"크리미한 필링이 들어간 바닐라 롤케이크가 가루 설탕을 살짝 뿌려 아름답게 담겨 흰 접시 위에 놓여 있고, 한 조각은 더 작은 접시에 담겨 있습니다. 찻잔과 찻받침, 그리고 흰 꽃이 꽂힌 작은 꽃병이 더해져 우아하고 평온한 분위기를 완성합니다.",,,reused,reused_translation,alt_preprocessed_5.csv:qwen_3_deepl_KOR,,,,더 / 희다 / 바닐라 / 분위기 / 완성,5,"바닐라 롤케이크와 섬세한 꽃들이 어우러진, 아름답게 차려진 흰색 티 세트와 부드럽고 우아한 분위기.","A beautifully arranged white tea set with a vanilla roll cake, delicate flowers, and a soft, elegant atmosphere.",,ok,translated,vlm + deepl_api,latin_text_present,False,,그리고 희다 / 꽃병 더 / 담기다 찻잔 / 더 작다 / 더 평온,5,"아름답게 차려진 흰색 티 세트 위에 황금빛 갈색의 케이크 롤이 놓여 있고, 그 중 한 조각은 작은 접시에 포크와 함께 담겨 있으며, 꽃병에는 섬세한 흰 꽃꽂이가 꽂혀 있고, 이 모든 것이 흰색 식탁보 위에 차려져 있다.","A beautifully arranged white tea set with a golden-brown cake roll, a slice of which is served on a small plate with a fork, and a delicate white flower arrangement in a vase, all set on a white tablecloth.",,ok,translated,vlm + deepl_api,latin_text_present,False,,그리고 희다 꽃 / 꽃병 더 평온 / 담기다 찻잔 찻받침 / 담기다 희다 조각 / 더 작다 담기다,5,"크리미한 필링이 들어간, 가루 설탕을 살짝 뿌린 섬세한 바닐라 롤케이크가 흰 접시 위에 담겨 있고, 차 한 잔과 꽃병에 꽂힌 작은 흰 장미 꽃다발이 곁들여져 있으며, 이 모든 것이 부드럽고 질감이 살아 있는 흰색 식탁보 위에 차려져 있다.","A delicate, powdered sugar-dusted vanilla roll cake with a creamy filling is presented on a white plate, accompanied by a cup of tea and a small bouquet of white roses in a vase, all set on a soft, white textured tablecloth.",,ok,translated,vlm + deepl_api,latin_text_present,False,,True
bakery,qwen3,5025646,1,Qwen/Qwen3-VL-2B-Instruct,kurly_5025646_1.jpg,bakery/images/kurly_5025646_1.jpg,상품-대표-이미지 1,matched,,0,"“크런치”라고 적힌 병 하나와 “스무스”라고 적힌 병 하나 등 슈퍼넛츠(SuperNuts) 땅콩버터 3병이 회색 바탕 위에 진열되어 있으며, 전경에는 스무스 맛 땅콩버터가 담긴 작은 그릇이 놓여 있다. 뚜껑이 열린 병의 뚜껑 위에는 땅콩버터가 묻은 나무 숟가락이 놓여 있다.",,,reused,reused_translation,alt_preprocessed_5.csv:qwen_3_deepl_KOR,,,,병 / 땅콩 / 버터 / 스무스 / 뚜껑,5,"밝은 회색 바탕 위에 ‘슈퍼넛츠’ 땅콩버터 3병(한 병은 부드러운 타입, 한 병은 바삭한 타입)이 놓여 있고, 전경에는 부드러운 타입의 땅콩버터가 담긴 작은 그릇이 놓여 있다.","Three jars of SuperNuts peanut butter, one smooth and one crunchy, with a small bowl of the smooth variety in the foreground, all on a light gray surface.",,ok,translated,vlm + deepl_api,latin_text_present,False,,땅콩 버터 / 적히다 병 / 3 병 / 뚜껑 땅콩 / 맛 땅콩,5,"밝은 회색 바탕 위에 ‘슈퍼넛츠’ 땅콩버터 3병(한 병은 부드러운 타입, 한 병은 바삭한 타입)이 놓여 있고, 전경에는 부드러운 타입의 땅콩버터가 담긴 작은 그릇이 놓여 있다.","Three jars of SuperNuts peanut butter, one smooth and one crunchy, with a small bowl of the smooth variety in the foreground, all on a light gray surface.",,ok,translated,vlm + deepl_cached_translation,latin_text_present,False,,3 병 회색 / 담기다 작다 뚜껑 / 땅콩 버터 3 / 땅콩 버터 나무 / 뚜껑 땅콩 버터,5,"회색 바탕 위에 ‘슈퍼넛츠’ 땅콩버터 3병(부드러운 타입 1병, 바삭한 타입 2병)이 진열되어 있으며, 전경에는 부드러운 타입의 땅콩버터가 담긴 작은 그릇이 놓여 있다.","Three jars of SuperNuts peanut butter, one smooth and two crunchy, are displayed on a gray surface with a small bowl of the smooth variety in the foreground.",,ok,translated,vlm + deepl_api,latin_text_present,False,,True
bakery,qwen3,5025646,2,Qwen/Qwen3-VL-2B-Instruct,kurly_5025646_2.jpg,bakery/images/kurly_5025646_2.jpg,,matched,,0,"부드럽고 연한 갈색의 땅콩버터가 가득 담긴 유리병 세 개가 놓여 있으며, 앞쪽에 있는 한 병에서는 나무 숟가락으로 땅콩버터를 한 숟가락 떠 올리고 있는 모습이 보인다.",,,reused,reused_translation,alt_preprocessed_5.csv:qwen_3_deepl_KOR,,,,숟가락 / 땅콩 / 버터 / 앞쪽 / 뜨다,5,"부드럽고 연한 갈색의 땅콩버터가 가득 담긴 유리병 세 개가 놓여 있으며, 앞쪽에 있는 한 병에서는 나무 숟가락으로 땅콩버터를 한 숟가락 떠 올리고 있는 모습이 보인다.","Three glass jars filled with smooth, light-brown peanut butter, with one jar in the foreground showing a wooden spoon lifting a dollop of the spread.",,ok,translated,vlm + deepl_api,latin_text_present,False,,땅콩 버터 / 3개 앞쪽 / 담기다 유리병 / 뜨다 올리다 / 숟가락 땅콩,5,"크리미한 땅콩버터로 가득 찬 유리병 세 개와, 그중 하나에는 나무 숟가락이 땅콩버터를 떠 올리고 있는 모습이, 밝은 회색의 질감이 느껴지는 표면 위에 놓여 있다.","Three glass jars filled with creamy peanut butter, one with a wooden spoon lifting a portion, set on a light gray textured surface.",,ok,translated,vlm + deepl_api,latin_text_present,False,,3개 앞쪽 병 / 가득 담기다 유리병 / 나무 숟가락 땅콩 / 담기다 유리병 3개 / 땅콩 버터 숟가락,5,"땅콩버터로 가득 찬 유리병 세 개와, 그중 하나에는 나무 숟가락이 땅콩버터 덩어리를 떠 올리고 있다.","Three glass jars filled with peanut butter, one with a wooden spoon lifting a clump of the spread.",,ok,translated,vlm + deepl_api,latin_text_present,False,,True
bakery,qwen3,5040946,1,Qwen/Qwen3-VL-2B-Instruct,kurly_5040946_1.jpg,bakery/images/kurly_5040946_1.jpg,상품-대표-이미지 1,matched,,0,"하늘색 배경 위에 파스키에 마카롱 한 상자가 놓여 있고, 그 위에는 알록달록한 마카롱이 담긴 접시 두 개가 놓여 있습니다. 한 접시에는 포크가 꽂힌 마카롱 몇 개가 담겨 있고, 다른 접시에는 다양한 색상의 마카롱들이 진열되어 있습니다.",,,reused,reused_translation,alt_preprocessed_5.csv:qwen_3_deepl_KOR,,,,마카롱 / 파스키 / 하늘색 / 담기다 / 포크,5,"하늘색 배경 위에 알록달록한 마카롱이 담긴 접시 두 개와 파스키에(Pasquier) 마카롱 한 상자가 놓여 있으며, 접시 하나 위에는 포크가 놓여 있습니다.","A light blue background features two plates with colorful macarons and a box of Pasquier macarons, with a fork resting on one plate.",,ok,translated,vlm + deepl_api,latin_text_present,False,,2개 포크 / 꽂히다 마카롱 / 다양 색상 / 담기다 다양 / 마카롱 몇개,5,"하늘색 배경 위에 알록달록한 마카롱이 담긴 접시 두 개와 파스키에(Pasquier) 마카롱 한 상자가 놓여 있으며, 접시 하나 위에는 포크가 놓여 있습니다.","A light blue background features two plates with colorful macarons and a box of Pasquier macarons, with a fork resting on one plate.",,ok,translated,vlm + deepl_cached_translation,latin_text_present,False,,2개 포크 꽂히다 / 꽂히다 마카롱 몇개 / 다양 색상 마카롱 / 담기다 2개 포크 / 담기다 다양 색상,5,"하늘색 배경 위에 알록달록한 마카롱이 담긴 접시 두 개와 파스키에(Pasquier) 마카롱 한 상자가 놓여 있으며, 접시 하나 위에는 포크가 놓여 있습니다.","A light blue background features two plates with colorful macarons and a box of Pasquier macarons, with a fork resting on one plate.",,ok,translated,vlm + deepl_cached_translation,latin_text_present,False,,True
bakery,qwen3,5040946,2,Qwen/Qwen3-VL-2B-Instruct,kurly_5040946_2.jpg,bakery/images/kurly_5040946_2.jpg,,matched,,0,"파란색과 흰색 무늬가 들어간 접시 위에 분홍색, 노란색, 초록색, 갈색 등 다양한 색조의 알록달록한 마카롱이 담겨 있다. 배경에는 마카롱이 담긴 또 다른 접시가 보인다.",,,reused,reused_translation,alt_preprocessed_5.csv:qwen_3_deepl_KOR,,,,마카롱 / 색조 / 또 / 담기다 / 파란색,5,"파란색과 흰색 무늬가 들어간 접시 위에 분홍색, 노란색, 초록색, 갈색 등 다양한 색조의 알록달록한 마카롱이 담겨 있는 모습을 클로즈업한 사진으로, 배경에는 더 많은 마카롱이 보인다.","A close-up of a plate of colorful macarons, featuring various shades including pink, yellow, green, and brown, arranged on a blue and white patterned plate, with more macarons visible in the background.",,ok,translated,vlm + deepl_api,latin_text_present,False,,마카롱 담기다 / 갈색 다양 / 노란색 초록색 / 다양 색조 / 담기다 또,5,"분홍색, 노란색, 초록색, 갈색 등 알록달록한 마카롱으로 가득 찬 접시의 클로즈업 샷으로, 배경에는 또 다른 마카롱 접시가 놓여 있으며, 이 모든 것이 연한 파란색 바탕 위에 놓여 있다.","A close-up of a plate filled with colorful macarons in shades of pink, yellow, green, and brown, with a second plate of macarons in the background, all set on a light blue surface.",,ok,translated,vlm + deepl_api,latin_text_present,False,,갈색 다양 색조 / 노란색 초록색 갈색 / 다양 색조 알록달록 / 담기다 또 보이다 / 담기다 배경 마카롱,5,"갈색, 노란색, 초록색, 분홍색 등 다양한 색상의 마카롱들이 파란색과 흰색 무늬가 있는 접시 위에 정갈하게 놓여 있으며, 배경에는 더 많은 마카롱들이 보인다.","A collection of colorful macarons in shades of brown, yellow, green, and pink, arranged on a blue and white patterned plate, with more macarons visible in the background.",,ok,translated,vlm + deepl_api,latin_text_present,False,,True
bakery,qwen3,5043336,1,Qwen/Qwen3-VL-2B-Instruct,kurly_5043336_1.jpg,bakery/images/kurly_5043336_1.jpg,상품-대표-이미지 1,matched,,0,"검은색 뚜껑이 달린 작은 유리병들이 한 세트로 모여 있으며, 각 병에는 서로 다른 종류의 크림 같은 스프레드가 들어 있습니다. 라벨은 알록달록하며, 영어와 한국어로 된 브랜드명 “FOURB SPREAD”가 적혀 있고, “블랙 올리브”, “토마토”, “블루베리”, “시나몬”, “딸기 크림치즈” 등 다양한 맛이 표시되어 있습니다.",,,reused,reused_translation,alt_preprocessed_5.csv:qwen_3_deepl_KOR,,,,딸기_크림치즈 / 모이다 / 블랙_올리브 / 서로 / FOURB_SPREAD,5,"검은색 뚜껑이 달린 유리병들이 흰색 바탕 위에 피라미드 모양으로 배열되어 있으며, 각 병에는 서로 다른 크림 같은 스프레드가 들어 있습니다. 라벨에는 브랜드명 ‘""FOURB_SPREAD""’와 함께 한국어로 표기된 다양한 맛 이름이 적혀 있는데, 여기에는 ""딸기_크림치즈""(딸기 크림치즈), ""모이다""(곰팡이), ""블랙_올리브""(블랙 올리브), ""서로""(설탕), ""토마토""(토마토) 등이 포함된다.","A collection of glass jars with black lids, each containing a different creamy spread, arranged in a pyramid-like formation on a white surface. The labels feature the brand name ""FOURB_SPREAD"" and various flavor names in Korean, including ""딸기_크림치즈"" (strawberry cream cheese), ""모이다"" (mold), ""블랙_올리브"" (black olive), ""서로"" (sugar), and ""토마토"" (tomato).",,ok,translated,vlm + deepl_api,latin_text_with_quoted_names,False,,같다 스프레드 / 검은색 뚜껑 / 다르다 종류 / 달리다 작다 / 되다 브랜드,5,"검은색 뚜껑이 달린 작은 유리병들이 흰색 바탕 위에 놓여 있는데, 각 병에는 서로 다른 종류의 크림 스프레드가 들어 있다.","A collection of small glass jars with black lids, each containing a different type of cream spread, arranged on a white surface.",,ok,translated,vlm + deepl_api,latin_text_present,False,,FOURB_SPREAD 적히다 블랙_올리브 / 같다 스프레드 들다 / 검은색 뚜껑 달리다 / 다르다 종류 크림 / 다양 맛 표시,5,"흰색 바탕 위에, 각각 다른 맛의 크림 스프레드가 들어 있는 검은색 뚜껑이 달린 유리병들이 나란히 놓여 있다.","A collection of glass jars with black lids, each containing a different flavored cream spread, arranged on a white surface.",,ok,translated,vlm + deepl_api,latin_text_present,False,,True
bakery,qwen3,5043336,2,Qwen/Qwen3-VL-2B-Instruct,kurly_5043336_2.jpg,bakery/images/kurly_5043336_2.jpg,,matched,,0,"크리미한 스프레드가 가득 담긴 8개의 유리병 세트로, 각각 다른 맛과 색상을 띠고 있으며 흰색 바탕 위에 정갈하게 진열되어 있습니다. 병에는 “FOURB SPREAD”라고 적혀 있으며, 블랙 올리브, 토마토, 시나몬 & 건포도 크림치즈 등 다양한 맛의 제품이 포함되어 있습니다.",,,reused,reused_translation,alt_preprocessed_5.csv:qwen_3_deepl_KOR,,,,맛 / 건포도 / 블랙 / 크림치즈 / 포함,5,"각기 다른 맛과 재료가 들어간 ‘Fourb Spread’ 크림치즈가 담긴 열린 병들이 한데 모여 있는데, 여기에는 블랙 올리브, 토마토를 비롯해 다양한 토핑이 포함되어 있습니다.","A collection of open jars of Fourb Spread cream cheese, each with a different flavor and ingredient, including black olive, tomato, and a variety of other toppings.",,ok,translated,vlm + deepl_api,latin_text_present,False,,8개 유리병 / 각각 다르다 / 건포도 크림치즈 / 다르다 맛 / 담기다 8개,5,각기 다른 맛과 토핑이 얹어진 ‘Fourb Spread’ 크림치즈 8개의 유리병이 흰색 바탕 위에 정갈하게 놓여 있다.,"Eight glass jars of Fourb Spread cream cheese, each with a different flavor and topping, arranged on a white surface.",,ok,translated,vlm + deepl_api,latin_text_present,False,,8개 유리병 세트 / FOURB_SPREAD 적히다 블랙 / 가득 담기다 8개 / 각각 다르다 맛 / 건포도 크림치즈 다양,5,"각기 다른 맛과 토핑이 들어간 FOURB_SPREAD 크림치즈 유리병 8개가 한 세트로 구성되어 있으며, 뚜껑을 열어 크림처럼 부드러운 내용물이 드러나도록 진열되어 있다.","A collection of eight glass jars of FOURB_SPREAD cream cheese, each with a different flavor and topping, displayed open to reveal their creamy contents.",,ok,translated,vlm + deepl_api,latin_text_present,False,,True
bakery,qwen3,5044137,1,Qwen/Qwen3-VL-2B-Instruct,kurly_5044137_1.jpg,bakery/images/kurly_5044137_1.jpg,상품-대표-이미지 1,matched,,0,"매끄러운 초콜릿 글레이즈가 발라져 있고, 윗면에 섬세한 물결무늬가 새겨진 직사각형 초콜릿 케이크가 나무 접시 위에 놓여 있다. 케이크 안에는 초콜릿과 크림 필링이 여러 겹으로 들어 있다. 그 옆에는 파란색 테두리가 둘러진 흰색 상자가 놓여 있으며, 상자에는 “NAPOLION”이라는 브랜드명이 인쇄되어 있다.",,,reused,reused_translation,alt_preprocessed_5.csv:qwen_3_deepl_KOR,,,,초콜릿 / 케이크 / NAPOLION / 겹 / 두르다,5,"초콜릿과 크림이 여러 겹으로 쌓인 직사각형 초콜릿 케이크가, 브랜드명 ‘""NAPOLION""’와 장식용 엠블럼이 새겨진 흰색 상자 옆에 나무 접시 위에 놓여 있다.","A rectangular chocolate cake with multiple layers of chocolate and cream, presented on a wooden board next to its white box, which features the brand name ""NAPOLION"" and a decorative emblem.",,ok,translated,vlm + deepl_api,latin_text_with_quoted_names,False,,NAPOLION 브랜드 / 겹 들다 / 글레이즈 바르다 / 나무 케이크 / 두르다 흰색,5,"흰색 크림이 층층이 쌓여 있고 장식용 초콜릿 글레이즈가 씌워진 직사각형 초콜릿 케이크가, 브랜드 로고가 새겨진 상자 옆에 나무 접시 위에 놓여 있다.","A rectangular chocolate cake with white cream layers and a decorative chocolate glaze, presented on a wooden board next to its branded box.",,ok,translated,vlm + deepl_api,latin_text_present,False,,NAPOLION 브랜드 명 / 겹 들다 옆 / 글레이즈 바르다 윗면 / 나무 케이크 안 / 두르다 흰색 상자,5,"흰색 크림이 층층이 쌓인 직사각형 초콜릿 케이크로, 윗면에는 장식용 초콜릿 글레이즈가 발라져 있으며, 흰색 상자 옆에 나무 접시 위에 담겨 있다.","A rectangular chocolate cake with white cream layers and a decorative chocolate glaze on top, presented on a wooden board next to its white box.",,ok,translated,vlm + deepl_api,latin_text_present,False,,True
bakery,qwen3,5044137,2,Qwen/Qwen3-VL-2B-Instruct,kurly_5044137_2.jpg,bakery/images/kurly_5044137_2.jpg,,matched,,0,흰 크림이 층층이 쌓인 직사각형 초콜릿 케이크가 나무 판과 흰 접시 위에 놓여 있다. 접시 위에는 나무 포크와 함께 케이크 한 조각이 담겨 있다.,,,reused,reused_translation,alt_preprocessed_5.csv:qwen_3_deepl_KOR,,,,케이크 / 희다 / 나무 / 층층이 / 판,5,"초콜릿 스펀지와 화이트 크림이 여러 겹으로 쌓인 직사각형 초콜릿 케이크 위에 초콜릿 글레이즈를 바르고 소용돌이 무늬로 장식한 것이 나무 판과 흰색 접시 위에 놓여 있으며, 접시에는 한 조각이 담겨 있고 나무 포크가 꽂혀 있습니다.","A rectangular chocolate cake with multiple layers of chocolate sponge and white cream, topped with a chocolate glaze and a decorative swirl pattern, is presented on a wooden board and a white plate, with a slice served on the plate and a wooden fork.",,ok,translated,vlm + deepl_api,latin_text_present,False,,쌓이다 직사각형 / 크림 층층이 / 판 희다 / 함께 케이크 / 희다 크림,5,"초콜릿 스펀지와 크림이 여러 겹으로 쌓인 직사각형 초콜릿 케이크로, 나무 판과 흰색 접시 위에 나무 포크와 함께 담겨 있습니다.","A rectangular chocolate cake with multiple layers of chocolate sponge and cream, presented on a wooden board and a white plate with a wooden fork.",,ok,translated,vlm + deepl_api,latin_text_present,False,,나무 판 희다 / 쌓이다 직사각형 초콜릿 / 층층이 쌓이다 직사각형 / 케이크 나무 판 / 크림 층층이 쌓이다,5,"초콜릿 스펀지와 크림이 여러 겹으로 쌓인 직사각형 초콜릿 케이크로, 나무 판과 흰색 접시 위에 나무 포크와 함께 담겨 있습니다.","A rectangular chocolate cake with multiple layers of chocolate sponge and cream, presented on a wooden board and a white plate with a wooden fork.",,ok,translated,vlm + deepl_cached_translation,latin_text_present,False,,True
bakery,qwen3,5044138,1,Qwen/Qwen3-VL-2B-Instruct,kurly_5044138_1.jpg,bakery/images/kurly_5044138_1.jpg,상품-대표-이미지 1,matched,,0,"나폴레옹 케이크가 담긴 직사각형 상자가, 얇게 썬 나폴레옹 롤이 담긴 흰색 접시 옆에 놓여 있어, 케이크 속의 층층이 쌓인 단면이 잘 드러나 있습니다.",,,reused,reused_translation,alt_preprocessed_5.csv:qwen_3_deepl_KOR,,,,나폴레옹 / 케이크 / 잘 / 롤 / 담기다,5,"‘""NAPOLEON""’라고 적힌 흰색 상자가 흰 접시 위에 놓인 황금빛 갈색의 얇게 썬 나폴레옹 롤 옆에 놓여 있으며, 그 층층이 쌓인 바삭바삭한 식감을 돋보이게 하고 있다.","A white box labeled ""NAPOLEON"" sits beside a golden-brown, sliced Napoleon roll on a white plate, showcasing its layered, flaky texture.",,ok,translated,vlm + deepl_api,latin_text_with_quoted_names,False,,나폴레옹 롤 / 나폴레옹 케이크 / 단면 잘 / 롤 담기다 / 상자 얇다,5,"하얀 상자와 하얀 접시 위에 나폴레옹 롤이 놓여 있으며, 롤에서 두 조각이 잘려 나와 층층이 쌓인 속이 드러나 있다.","A white box and a white plate display a Napoleon roll, with two slices cut from the roll, revealing its layered interior.",,ok,translated,vlm + deepl_api,latin_text_present,False,,나폴레옹 롤 담기다 / 나폴레옹 케이크 담기다 / 단면 잘 드러나다 / 담기다 직사각형 상자 / 롤 담기다 흰색,5,"‘""NAPOLEON""’라고 적힌 흰색 직사각형 상자가, 황금빛 갈색의 나폴레옹 롤이 담긴 흰색 접시 옆에 놓여 있는데, 롤을 가르면 크림과 스펀지 케이크 층이 드러나 있다.","A white rectangular box labeled ""NAPOLEON"" sits beside a white plate displaying a golden-brown Napoleon roll with a cross-section revealing layers of cream and sponge cake.",,ok,translated,vlm + deepl_api,latin_text_with_quoted_names,False,,True
bakery,qwen3,5044138,2,Qwen/Qwen3-VL-2B-Instruct,kurly_5044138_2.jpg,bakery/images/kurly_5044138_2.jpg,,matched,,0,"바깥쪽은 황금빛 갈색을 띠며 바삭바삭하고, 안쪽은 층층이 쌓인 바삭한 식감을 지닌 길쭉한 직사각형 케이크가, 잘라내어 정교한 단면이 드러난 채로 부드러운 분홍색 배경을 배경으로 흰 접시 위에 담겨 있다.",,,reused,reused_translation,alt_preprocessed_5.csv:qwen_3_deepl_KOR,,,,바깥쪽 / 배경 / 안쪽 / 직사각 / 채,5,"표면은 질감이 살아 있고 황금빛 갈색을 띠며, 속은 층층이 쌓인 바삭한 식감을 자랑하는 길쭉한 직사각형 케이크가, 잘라내어 정교한 단면이 드러난 채로 부드러운 분홍색 배경을 배경으로 흰 접시 위에 담겨 있다.","A long, rectangular cake with a textured, golden-brown exterior and a layered, flaky interior, sliced to reveal its intricate structure, is presented on a white plate against a soft pink background.",,ok,translated,vlm + deepl_api,latin_text_present,False,,단면 드러나다 / 띠다 바삭바삭 / 바깥쪽 황금빛 / 바삭 식감 / 바삭바삭 안쪽,5,"겉은 바삭하고 속은 부드럽고 폭신폭신한 황금빛 갈색의 층층이 쌓인 롤케이크로, 한 조각을 잘라내면 정교하게 쌓인 층들이 드러납니다.","A golden-brown, layered cake roll with a crispy exterior and a soft, airy interior, sliced to reveal its intricate layers.",,ok,translated,vlm + deepl_api,latin_text_present,False,,갈색 띠다 바삭바삭 / 단면 드러나다 채 / 드러나다 채 분홍색 / 띠다 바삭바삭 안쪽 / 바깥쪽 황금빛 갈색,5,"황금빛 갈색을 띠고 바삭바삭하며 층층이 쌓인 케이크 롤로, 겉은 촘촘하고 바스라지는 식감을, 속은 뚜렷한 층이 드러나며, 정교한 구조를 보여주기 위해 한 조각 잘라낸 모습이 부드러운 분홍색 배경을 배경으로 흰 접시 위에 담겨 있다.","A golden-brown, flaky, layered cake roll with a dense, crumbly exterior and a visible, layered interior, sliced to reveal its intricate structure, presented on a white plate against a soft pink background.",,ok,translated,vlm + deepl_api,latin_text_present,False,,True
bakery,qwen3,5052041,1,Qwen/Qwen3-VL-2B-Instruct,kurly_5052041_1.jpg,bakery/images/kurly_5052041_1.jpg,상품-대표-이미지 1,matched,,0,"황금빛 갈색 껍질을 가진 짙은 색의 소박한 빵 한 덩어리가 두 조각으로 잘려, 중성적인 색상의 표면 위에 놓인 구겨진 밝은 색의 리넨 천 위에 놓여 있다.",,,reused,reused_translation,alt_preprocessed_5.csv:qwen_3_deepl_KOR,,,,색 / 구겨지다 / 리넨 / 중성 / 표면,5,"황금빛 갈색 껍질과 크고 폭신폭신한 속살을 가진 짙은 색의 소박한 수제 빵 한 덩어리가, 얇게 썰려 질감이 느껴지는 밝은 색의 표면 위에 구겨진 리넨 천 위에 놓여 있다.","A dark, rustic loaf of artisan bread with a golden-brown crust and a large, airy crumb, sliced and resting on a crumpled linen cloth on a light, textured surface.",,ok,translated,vlm + deepl_api,latin_text_present,False,,가지다 짙다 / 구겨지다 밝다 / 껍질 가지다 / 덩어리 조각 / 색 리넨,5,"황금빛 갈색 껍질과 크고 폭신폭신한 속살을 가진 짙은 색의 소박한 빵 한 덩어리가 두 조각으로 잘려, 구겨진 연한 색의 리넨 천 위에 놓여 있다.","A dark, rustic loaf of bread with a golden-brown crust and a large, airy crumb, sliced into two pieces and resting on a crumpled, light-colored linen cloth.",,ok,translated,vlm + deepl_api,latin_text_present,False,,가지다 짙다 색 / 갈색 껍질 가지다 / 구겨지다 밝다 색 / 껍질 가지다 짙다 / 덩어리 조각 잘리다,5,"황금빛 갈색 겉껍질과 크고 폭신폭신한 속살을 가진 짙은 색의 소박한 빵 한 덩어리가 두 조각으로 잘려, 질감이 느껴지는 줄무늬 천 위에 놓여 있다.","A dark, rustic loaf of bread with a golden-brown crust and a large, airy crumb, sliced into two pieces and resting on a textured, striped cloth.",,ok,translated,vlm + deepl_api,latin_text_present,False,,True
bakery,qwen3,5052041,2,Qwen/Qwen3-VL-2B-Instruct,kurly_5052041_2.jpg,bakery/images/kurly_5052041_2.jpg,,matched,,0,겉은 짙은 갈색을 띠고 속은 기포가 가득해 폭신폭신한 수제 빵 한 덩어리가 여러 조각으로 잘려 구겨진 리넨 천 위에 놓여 있다.,,,reused,reused_translation,alt_preprocessed_5.csv:qwen_3_deepl_KOR,,,,겉 / 구겨지다 / 리넨 / 기포 / 여러,5,"소박한 수제 빵 한 덩어리가 얇게 썰려 구겨진 리넨 천 위에 놓여 있는데, 황금빛 갈색의 겉면과 기포가 선명하게 보이는 다공성이고 폭신폭신한 속살이 돋보인다.","A rustic loaf of artisan bread, sliced and resting on a crumpled linen cloth, showcasing a golden-brown crust and a porous, airy interior with visible gas pockets.",,ok,translated,vlm + deepl_api,latin_text_present,False,,겉 짙다 / 구겨지다 리넨 / 잘리다 구겨지다 / 짙다 갈색 / 덩어리 여러,5,"겉은 짙은 색에 바삭한 껍질이 있고, 속은 기공이 많아 폭신폭신한 소박한 빵 한 덩어리가 얇게 썰려 구겨진 리넨 천 위에 놓여 있다.","A rustic loaf of bread with a dark, crusty exterior and a porous, airy interior, sliced and resting on a crumpled linen cloth.",,ok,translated,vlm + deepl_api,latin_text_present,False,,겉 짙다 갈색 / 구겨지다 리넨 천 / 잘리다 구겨지다 리넨 / 조각 잘리다 구겨지다 / 짙다 갈색 띠다,5,"겉은 짙은 색에 바삭한 껍질을 띠고 속은 가볍고 폭신폭신한 수제 빵 한 덩어리가, 얇게 썰려 구겨진 리넨 천 위에 놓여 있다.","A loaf of artisanal bread with a dark, crusty exterior and a light, airy interior, sliced and resting on a crumpled linen cloth.",,ok,translated,vlm + deepl_api,latin_text_present,False,,True
bakery,qwen3,5052044,1,Qwen/Qwen3-VL-2B-Instruct,kurly_5052044_1.jpg,bakery/images/kurly_5052044_1.jpg,상품-대표-이미지 1,matched,,0,"짙은 색의 갈라진 껍질과 가루가 살짝 뿌려진 소박한 직사각형 모양의 빵 한 덩이가 밝은 색의 표면 위에 놓여 있다. 배경에는 나무 도마 위에 빵 한 조각이 놓여 있는데, 그 단면에서는 공기 주머니가 선명하게 보이는 부드럽고 폭신폭신한 속살이 드러나 있다.",,,reused,reused_translation,alt_preprocessed_5.csv:qwen_3_deepl_KOR,,,,색 / 공기 / 주머니 / 선명 / 빵,5,"짙은 색의 갈라진 껍질과 가루가 살짝 뿌려진 소박한 직사각형 모양의 수제 빵 한 덩이가 밝은 색의 표면 위에 놓여 있고, 배경의 나무 판자 위에는 빵 한 조각이 더 놓여 있다.","A rustic, rectangular loaf of artisan bread with a dark, cracked crust and a dusting of flour, resting on a light-colored surface with a second slice of bread on a wooden board in the background.",,ok,translated,vlm + deepl_api,latin_text_present,False,,가루 살짝 / 갈라지다 껍질 / 공기 주머니 / 껍질 가루 / 단면 공기,5,"짙은 색에 갈라진 겉껍질과 가루가 살짝 뿌려진 소박한 직사각형 모양의 빵으로, 한 조각을 잘라내면 공기가 가득 차고 기포가 많은 속살이 드러난다.","A rustic, rectangular loaf of bread with a dark, cracked crust and a dusting of flour, sliced to reveal airy, bubble-filled crumb.",,ok,translated,vlm + deepl_api,latin_text_present,False,,가루 살짝 뿌리다 / 갈라지다 껍질 가루 / 공기 주머니 선명 / 껍질 가루 살짝 / 단면 공기 주머니,5,"짙은 색의 갈라진 껍질과 가루가 살짝 뿌려진 소박한 직사각형 모양의 수제 빵 한 덩어리가 밝은 색의 받침대 위에 놓여 있으며, 나무 판자 위에는 얇게 썬 빵 한 조각이 올려져 있어 속이 공기가 가득 찬 거품 같은 구멍이 훤히 드러나 있다.","A rustic, rectangular loaf of artisan bread with a dark, cracked crust and a dusting of flour, displayed on a light surface with a wooden board holding a sliced piece revealing airy, bubble-like holes.",,ok,translated,vlm + deepl_api,latin_text_present,False,,True
bakery,qwen3,5052044,2,Qwen/Qwen3-VL-2B-Instruct,kurly_5052044_2.jpg,bakery/images/kurly_5052044_2.jpg,,matched,,0,"갓 구워낸 수제 빵을 썰어 소박한 나무 도마 위에 올려놓은 근접 촬영 사진이다. 빵은 짙은 황금빛 껍질을 띠고 있으며, 속은 기포가 가득하고 폭신폭신해, 잘 부풀어 오른 풍미 가득한 빵임을 짐작하게 한다.",,,reused,reused_translation,alt_preprocessed_5.csv:qwen_3_deepl_KOR,,,,빵 / 가득 / 근접 / 부풀다 / 오르다,5,"갓 구워낸 수제 빵의 클로즈업 사진으로, 겉은 황금빛 갈색을 띠고 속은 기포가 가득해 폭신폭신한 이 빵이 얇게 썰려 소박한 나무 판 위에 정갈하게 놓여 있다.","A close-up of freshly baked, artisanal bread with a golden-brown crust and a porous, airy interior, sliced and arranged on a rustic wooden board.",,ok,translated,vlm + deepl_api,latin_text_present,False,,가득 빵 / 갓 수제 / 근접 촬영 / 다 빵 / 도마 올려놓다,5,"금빛 갈색의 겉면과 폭신폭신한 속을 자랑하는 갓 구워낸 수제 빵 조각들이, 밝은 색상의 표면이 있는 나무 도마 위에 정갈하게 놓여 있는 근접 촬영 사진.","A close-up of freshly baked, artisanal bread slices with a golden-brown crust and airy interior, arranged on a wooden cutting board and a light-colored surface.",,ok,translated,vlm + deepl_api,latin_text_present,False,,가득 빵 짐작 / 가득 폭신폭신 잘 / 갓 수제 빵 / 근접 촬영 다 / 껍질 띠다 속,5,"갓 구워낸 수제 빵의 클로즈업 사진으로, 겉은 짙은 색에 갈라진 껍질이 있고 속은 기공이 많아 폭신폭신한 빵이 소박한 나무 판 위에 얇게 썰려 정갈하게 놓여 있다.","A close-up of freshly baked, artisanal bread with a dark, cracked crust and a porous, airy interior, sliced and arranged on a rustic wooden board.",,ok,translated,vlm + deepl_api,latin_text_present,False,,True
bakery,qwen3,5057085,1,Qwen/Qwen3-VL-2B-Instruct,kurly_5057085_1.jpg,bakery/images/kurly_5057085_1.jpg,상품-대표-이미지 1,matched,,0,"PNB 브랜드 페이스트리가 3×4 격자 모양으로 가지런히 배열된 상자입니다. 각 페이스트리는 투명한 비닐로 개별 포장되어 있습니다. 상자는 주황색이며, 밀 이삭과 “PNB”, “SINCE 1951”이라는 문구가 들어간 로고가 있습니다. 뚜껑이 열려 있어 안의 페이스트리가 보입니다.",,,reused,reused_translation,alt_preprocessed_5.csv:qwen_3_deepl_KOR,,,,트리 / 페이스 / 4 / PNB / SINCE_1951,5,"PNB 브랜드 페이스트리가 담긴 열린 상자로, 다양한 색상과 디자인의 개별 포장된 과자들이 3x4 격자 모양으로 배열되어 있으며, 주황색 상자에는 ‘""PNB""’와 ‘""SINCE 1951""’라고 적혀 있다.","An open box of PNB brand pastries, featuring a 3x4 grid of individually wrapped treats in various colors and designs, with the orange box labeled ""PNB"" and ""SINCE 1951"".",,ok,translated,vlm + deepl_api,latin_text_with_quoted_names,False,,페이스 트리 / 3 4 / 4 격자 / PNB SINCE_1951 / SINCE_1951 문구,5,"PNB 브랜드 페이스트리가 3×4 격자 모양으로 진열된 열린 상자. 주황색 PNB 상자에는 브랜드 로고와 ‘""SINCE 1951""’라는 문구가 적혀 있다.","An open box of PNB brand pastries, arranged in a 3x4 grid, with the orange PNB box featuring the brand logo and ""SINCE 1951"" text.",,ok,translated,vlm + deepl_api,latin_text_with_quoted_names,False,,3 4 격자 / 4 격자 모양 / PNB SINCE_1951 문구 / SINCE_1951 문구 들어가다 / 가지런히 배열 상자,5,개봉된 주황색 PNB 선물 상자 안에는 개별 포장된 다양한 종류의 페이스트리가 3x4 격자 모양으로 담겨 있는 모습을 위에서 내려다본 모습입니다.,"A top-down view of an open, orange PNB gift box containing a 3x4 grid of individually wrapped, assorted pastries.",,ok,translated,vlm + deepl_api,latin_text_present,False,,True
bakery,qwen3,5057085,2,Qwen/Qwen3-VL-2B-Instruct,kurly_5057085_2.jpg,bakery/images/kurly_5057085_2.jpg,,matched,,0,"하얀 접시 위에는 초콜릿으로 코팅된 쿠키 두 개가 놓여 있는데, 각 쿠키 위에는 삼각형 모양의 초콜릿 조각과 초록색 말차가 올려져 있다. 배경에는 주황색 상자 안에 같은 쿠키가 더 들어 있고, 오른쪽에는 투명한 비닐 봉지에 쿠키 한 개가 들어 있다.",,,reused,reused_translation,alt_preprocessed_5.csv:qwen_3_deepl_KOR,,,,쿠키 / 초콜릿 / 들다 / 말 / 삼각,5,"하얀 접시 위에는 초콜릿으로 코팅된 쿠키 두 개가 놓여 있는데, 각 쿠키에는 서로 다른 맛(초콜릿과 말차)의 삼각형 모양 조각이 드러나 있으며, 배경에는 비슷한 쿠키가 들어 있는 상자가 보인다.","A white plate holds two chocolate-covered cookies, each with a triangular slice of a different flavor (chocolate and matcha) visible, with a box of similar cookies in the background.",,ok,translated,vlm + deepl_api,latin_text_present,False,,1개 들다 / 2개 쿠키 / 같다 쿠키 / 더 들다 / 들다 오른쪽,5,"흰색 접시 위에는 초콜릿으로 코팅된 쿠키 두 개가 놓여 있는데, 각 쿠키의 윗면에는 서로 다른 맛(초콜릿과 말차)의 삼각형 모양 조각이 드러나 있으며, 배경에는 비슷한 쿠키가 들어 있는 주황색 상자가 보인다.","A white plate holds two chocolate-covered cookies, each with a triangular slice of a different flavor (chocolate and matcha) visible on the top, with an orange box of similar cookies in the background.",,ok,translated,vlm + deepl_api,latin_text_present,False,,2개 쿠키 삼각 / 같다 쿠키 더 / 더 들다 오른쪽 / 들다 오른쪽 투명 / 말 차 올리다,5,"흰색 접시 위에는 초콜릿과 초록색 말차로 삼각형 모양을 낸 초콜릿 코팅 쿠키 두 개가 놓여 있고, 배경에는 비슷한 모양의 쿠키가 든 상자가 보인다.","A white plate holds two chocolate-coated cookies with triangular sections of chocolate and green matcha, with a box of similar cookies in the background.",,ok,translated,vlm + deepl_api,latin_text_present,False,,True
bakery,qwen3,5063069,1,Qwen/Qwen3-VL-2B-Instruct,kurly_5063069_1.jpg,bakery/images/kurly_5063069_1.jpg,상품-대표-이미지 1,matched,,0,"하얀 접시 위에는 둥글고 황금빛 갈색을 띤 구운 과자 세 개가 놓여 있는데, 각각 속은 부드럽고 폭신폭신하다. 포장재는 갈색 판지 상자로, 상자에는 만화 속 감자 캐릭터가 그려져 있으며, 상자에 적힌 글씨는 한국어다.",,,reused,reused_translation,alt_preprocessed_5.csv:qwen_3_deepl_KOR,,,,상자 / 감자 / 글씨 / 판지 / 포장재,5,"하얀 접시 위에는 둥글고 황금빛 갈색을 띤 감자 스낵 세 개가 놓여 있으며, 배경에는 만화 속 감자 캐릭터와 한국어 문구가 그려진 갈색 골판지 상자가 보인다.","A white plate holds three round, golden-brown potato snacks, with a brown cardboard box featuring a cartoon potato character and Korean text in the background.",,ok,translated,vlm + deepl_api,latin_text_present,False,,3개 각각 / 갈색 판지 / 감자 캐릭터 / 과자 3개 / 그리다 상자,5,"하얀 접시 위에는 속이 훤히 보이는 둥근 황금빛 갈색 페이스트리 세 개가 놓여 있고, 그 옆에는 만화 속 감자 캐릭터가 그려진 갈색 골판지 상자가 놓여 있다.","A white plate holds three round, golden-brown pastries, each with a visible filling, next to a brown cardboard box featuring a cartoon potato character.",,ok,translated,vlm + deepl_api,latin_text_present,False,,3개 각각 속 / 각각 속 폭신폭신 / 갈색 띠다 과자 / 갈색 판지 상자 / 감자 캐릭터 그리다,5,"하얀 접시 위에는 둥글고 황금빛 갈색을 띤 감자 케이크 세 개가 놓여 있는데, 그중 하나는 반으로 잘려 있어 크림처럼 부드러운 연한 색의 속이 드러나 있으며, 배경에는 만화 속 감자 캐릭터가 그려진 갈색 판지 상자가 보인다.","A white plate holds three round, golden-brown potato cakes, one of which is cut in half to reveal a creamy, light-colored interior, with a brown cardboard box featuring a cartoon potato character in the background.",,ok,translated,vlm + deepl_api,latin_text_present,False,,True
bakery,qwen3,5063069,2,Qwen/Qwen3-VL-2B-Instruct,kurly_5063069_2.jpg,bakery/images/kurly_5063069_2.jpg,,matched,,0,"흰 접시 위에, 부드럽고 크리미한 속이 들어간 둥근 황금빛 페이스트리 세 개가 담겨 있다.",,,reused,reused_translation,alt_preprocessed_5.csv:qwen_3_deepl_KOR,,,,크리미 / 페이스트리 / 3개 / 둥글다 / 들어가다,5,"흰 접시 위에 올려진, 둥글고 황금빛 갈색을 띤 페이스트리 세 개. 속은 크림처럼 노란색이다.","Three round, golden-brown pastries with a creamy, yellow interior, served on a white plate.",,ok,translated,vlm + deepl_api,latin_text_present,False,,들어가다 둥글다 / 크리미 속 / 페이스트리 3개 / 황금빛 페이스트리 / 희다 크리미,5,"크림이 듬뿍 들어간 황금빛 둥근 페이스트리 세 개로, 그중 하나는 잘려 있어 속이 드러나 있다.","Three golden, round pastries with a creamy filling, one of which is sliced to reveal the inside.",,ok,translated,vlm + deepl_api,latin_text_present,False,,둥글다 황금빛 페이스트리 / 들어가다 둥글다 황금빛 / 속 들어가다 둥글다 / 크리미 속 들어가다 / 페이스트리 3개 담기다,5,크림이 듬뿍 들어간 황금빛 둥근 페이스트리 세 개가 하얀 접시에 담겨 있다.,"Three golden, round pastries with a creamy filling, served on a white plate.",,ok,translated,vlm + deepl_api,latin_text_present,False,,True
bakery,qwen3,5071363,1,Qwen/Qwen3-VL-2B-Instruct,kurly_5071363_1.jpg,bakery/images/kurly_5071363_1.jpg,상품-대표-이미지 1,matched,,0,"나무 뚜껑이 달린 딸기잼 유리병으로, 한국어로 된 글자와 딸기 일러스트가 그려진 라벨이 붙어 있습니다.",,,reused,reused_translation,alt_preprocessed_5.csv:qwen_3_deepl_KOR,,,,딸기 / 글자 / 붙다 / 일러스트 / 달리다,5,"금색 뚜껑이 달린 빨간 딸기잼 유리병으로, 라벨에는 한국어 문구와 딸기 일러스트가 그려져 있다.","A glass jar of red strawberry jam with a gold lid, featuring a label with Korean text and illustrations of strawberries.",,ok,translated,vlm + deepl_api,latin_text_present,False,,글자 딸기 / 나무 뚜껑 / 되다 글자 / 유리병 한국어 / 그리다 라벨,5,"나무 뚜껑이 달린 빨간 딸기 잼이 든 유리병으로, 라벨에는 한국어 문구와 딸기 일러스트가 그려져 있다.",A glass jar of red strawberry jam with a wooden lid and a label featuring Korean text and illustrations of strawberries.,,ok,translated,vlm + deepl_api,latin_text_present,False,,글자 딸기 일러스트 / 나무 뚜껑 달리다 / 되다 글자 딸기 / 유리병 한국어 되다 / 잼 유리병 한국어,5,"나무 뚜껑이 달린 빨간 딸기잼이 든 유리병으로, 라벨에는 한국어 문구와 딸기 일러스트가 그려져 있다.","A glass jar of red strawberry jam with a wooden lid, featuring a label with Korean text and illustrations of strawberries.",,ok,translated,vlm + deepl_api,latin_text_present,False,,True
bakery,qwen3,5071363,2,Qwen/Qwen3-VL-2B-Instruct,kurly_5071363_2.jpg,bakery/images/kurly_5071363_2.jpg,,matched,,0,"금색 뚜껑이 달린 딸기잼 유리병으로, 라벨에는 한국어 문구와 딸기 일러스트가 그려져 있다.",,,reused,reused_translation,alt_preprocessed_5.csv:qwen_3_deepl_KOR,,,,딸기 / 금색 / 일러스트 / 달리다 / 라벨,5,"밝은 회색 바탕 위에, 금색 뚜껑이 달린 빨간 딸기 잼 유리병이 놓여 있으며, 병 라벨에는 딸기 일러스트와 한국어 문구가 그려져 있다.","A glass jar of red strawberry jam with a gold lid and a label featuring illustrations of strawberries and Korean text, placed on a light gray surface.",,ok,translated,vlm + deepl_api,latin_text_present,False,,금색 뚜껑 / 문구 딸기 / 유리병 라벨 / 달리다 딸기 / 딸기 일러스트,5,"금색 뚜껑이 달린 빨간 딸기잼 유리병으로, 라벨에는 한국어 문구와 딸기 일러스트가 그려져 있다.","A glass jar of red strawberry jam with a gold lid, featuring a label with Korean text and a strawberry illustration.",,ok,translated,vlm + deepl_api,latin_text_present,False,,금색 뚜껑 달리다 / 라벨 한국어 문구 / 문구 딸기 일러스트 / 유리병 라벨 한국어 / 잼 유리병 라벨,5,"금색 뚜껑이 달린 빨간 딸기잼이 든 유리병으로, 라벨에는 한국어 문구와 딸기 일러스트가 그려져 있다.",A glass jar of red strawberry jam with a gold lid and a label featuring Korean text and illustrations of strawberries.,,ok,translated,vlm + deepl_api,latin_text_present,False,,True
bakery,qwen3,5074339,1,Qwen/Qwen3-VL-2B-Instruct,kurly_5074339_1.jpg,bakery/images/kurly_5074339_1.jpg,상품-대표-이미지 1,matched,,0,"손잡이가 달린 흰색 상자에는 악기를 연주하는 곰들의 그림이 그려져 있고, 작은 흰색 접시 위에는 황금빛 갈색의 구운 과자 하나가 놓여 있다.",,,reused,reused_translation,alt_preprocessed_5.csv:qwen_3_deepl_KOR,,,,곰 / 악기 / 연주 / 과자 / 손잡이,5,"흰색 상자 하나와, 포장지에 악기를 연주하는 만화 속 곰들이 그려진 황금빛 갈색 케이크 한 개가 들어 있다.","A white box and a single, golden-brown cake with a bear illustration on the packaging, featuring cartoon bears playing musical instruments.",,ok,translated,vlm + deepl_api,latin_text_present,False,,갈색 과자 / 곰 그림 / 그리다 작다 / 달리다 흰색 / 상자 악기,5,"흰색 상자와 포장지에 곰 그림이 그려진 황금빛 갈색 케이크 한 개로, 둘 다 악기를 연주하는 만화 속 곰들이 그려져 있다.","A white box and a single, golden-brown cake with a bear illustration on the packaging, both featuring cartoon bears playing musical instruments.",,ok,translated,vlm + deepl_api,latin_text_present,False,,곰 그림 그리다 / 그리다 작다 흰색 / 그림 그리다 작다 / 달리다 흰색 상자 / 상자 악기 연주,5,"손잡이가 달린 흰색 상자에는 악기를 연주하는 곰들의 그림이 그려져 있으며, 작은 접시 위에는 곰 모양의 과자 하나가 놓여 있다.","A white box with a handle and illustrations of bears playing musical instruments, accompanied by a single bear-shaped pastry on a small plate.",,ok,translated,vlm + deepl_api,latin_text_present,False,,True
bakery,qwen3,5074339,2,Qwen/Qwen3-VL-2B-Instruct,kurly_5074339_2.jpg,bakery/images/kurly_5074339_2.jpg,,matched,,0,"밝은 회색 배경을 배경으로, 흰색 접시 위에 노릇노릇하고 폭신폭신한 케이크 두 조각이 쌓여 있다.",,,reused,reused_translation,alt_preprocessed_5.csv:qwen_3_deepl_KOR,,,,배경 / 노릇노릇 / 쌓이다 / 폭신폭신 / 케이크,5,"밝고 중성적인 색감의 배경을 배경으로, 하얀 접시 위에 황금빛 갈색의 폭신폭신한 케이크 두 개가 쌓여 있다.","A stack of two golden-brown, fluffy cakes on a white plate, with a light, neutral background.",,ok,translated,vlm + deepl_api,latin_text_present,False,,노릇노릇 폭신폭신 / 폭신폭신 케이크 / 회색 배경 / 흰색 노릇노릇 / 배경 흰색,5,"밝은 회색 배경을 배경으로, 흰색 접시 위에 황금빛 갈색의 구멍이 숭숭 뚫린 스펀지 케이크 두 개가 쌓여 있다.","A stack of two golden-brown, porous sponge cakes on a white plate against a light gray background.",,ok,translated,vlm + deepl_api,latin_text_present,False,,노릇노릇 폭신폭신 케이크 / 밝다 회색 배경 / 배경 흰색 노릇노릇 / 케이크 조각 쌓이다 / 폭신폭신 케이크 조각,5,"밝고 중성적인 배경을 배경으로, 흰색 접시 위에 황금빛 갈색의 푹신한 케이크 조각 두 개가 겹쳐 놓여 있다.","Two golden-brown, porous cake slices stacked on a white plate against a bright, neutral background.",,ok,translated,vlm + deepl_api,latin_text_present,False,,True
bakery,qwen3,5097791,1,Qwen/Qwen3-VL-2B-Instruct,kurly_5097791_1.jpg,bakery/images/kurly_5097791_1.jpg,상품-대표-이미지 1,matched,,0,"“Pastel de Nata Original”이라고 적힌 포르투갈식 페이스트리 4개가 들어 있는 상자가, 캐러멜화된 속이 들어간 황금빛 갈색의 바삭바삭한 페이스트리 4개가 담긴 흰 접시 위에 놓여 있다.",,,reused,reused_translation,alt_preprocessed_5.csv:qwen_3_deepl_KOR,,,,4개 / Pastel_de_Nata_Original / 포르투갈식 / 트리 / 페이스,5,"‘""Pastel de Nata Original""’라고 적힌 검은 상자 안에, 흰 접시 위에 황금빛 갈색의 포르투갈식 에그타르트 네 개가 놓여 있다.","A black box labeled ""Pastel de Nata Original"" with four golden-brown Portuguese egg tarts on a white plate.",,ok,translated,vlm + deepl_api,latin_text_with_quoted_names,False,,4개 담기다 / 4개 들다 / Pastel_de_Nata_Original 적히다 / 갈색 바삭바삭 / 들어가다 황금빛,5,"""Pastel de Nata Original"" 포르투갈 타르트가 들어 있는 검은색 상자. 연한 파란색 접시 위에는 황금빛 갈색을 띠고 바삭바삭한 페이스트리 4개가 정갈하게 놓여 있다.","A black box of ""Pastel de Nata Original"" Portuguese tarts, with four golden-brown, flaky pastries arranged on a light blue plate.",,ok,translated,vlm + deepl_api,latin_text_with_quoted_names,False,,4개 담기다 희다 / 4개 들다 상자 / Pastel_de_Nata_Original 적히다 포르투갈식 / 갈색 바삭바삭 페이스트리 / 들다 상자 캐러멜,5,"‘""Pastel de Nata Original""’라고 적힌 검은 상자와 흰 접시 위에 놓인 황금빛 갈색의 바삭바삭한 페이스트리 네 개가 담긴 사진으로, 포르투갈의 전통 디저트를 보여주고 있다.","A black box labeled ""Pastel de Nata Original"" with four golden-brown, flaky pastries on a white plate, showcasing a traditional Portuguese dessert.",,ok,translated,vlm + deepl_api,latin_text_with_quoted_names,False,,True
bakery,qwen3,5097791,2,Qwen/Qwen3-VL-2B-Instruct,kurly_5097791_2.jpg,bakery/images/kurly_5097791_2.jpg,,matched,,0,"하얀 접시 위에는 에그 타르트 세 개가 놓여 있는데, 두 개는 통째로 있고 하나는 반으로 잘려 있어, 황금빛으로 캐러멜화된 윗면과 크림처럼 부드러운 연노란색 속이 드러나 있다. 타르트는 바삭바삭하고 황금빛 갈색의 페이스트리 껍질로 감싸여 있으며, 반으로 잘린 타르트 안쪽은 커스터드처럼 매끄러운 모습을 보여준다.",,,reused,reused_translation,alt_preprocessed_5.csv:qwen_3_deepl_KOR,,,,타르트 / 반 / 잘리다 / 감싸이다 / 에그,5,"하얀 접시 위에는 에그타르트 세 개가 놓여 있다. 두 개는 통째로 있고, 하나는 반으로 잘려 있어, 크림처럼 부드럽고 황금빛을 띤 커스터드 속이 드러나며, 윗면은 진한 카라멜 색을 띠고 있다.","A white plate holds three egg tarts: two whole and one cut in half, revealing a creamy, golden custard filling with a dark, caramelized top.",,ok,translated,vlm + deepl_api,latin_text_present,False,,반 잘리다 / 2개 통째 / 3개 2개 / 감싸이다 반 / 껍질 감싸이다,5,"하얀 접시 위에 에그 타르트 세 개가 놓여 있는데, 그중 하나는 반으로 잘려 있어 크림 같은 속과 노릇노릇한 겉면이 드러나 있다.","Three egg tarts on a white plate, with one cut in half to reveal the creamy filling and golden-brown crust.",,ok,translated,vlm + deepl_api,latin_text_present,False,,2개 통째 반 / 3개 2개 통째 / 갈색 페이스트리 껍질 / 감싸이다 반 잘리다 / 껍질 감싸이다 반,5,"포르투갈식 페이스트리 세 개(두 개는 통째로, 하나는 반으로 잘린 것)로, 황금빛 갈색의 캐러멜화된 겉면과 크림처럼 부드러운 연노란색 속이 돋보입니다.","Three Portuguese pastries, two whole and one cut in half, showcasing a golden-brown, caramelized crust and a creamy, pale yellow filling.",,ok,translated,vlm + deepl_api,latin_text_present,False,,True
bakery,qwen3,5115048,1,Qwen/Qwen3-VL-2B-Instruct,kurly_5115048_1.jpg,bakery/images/kurly_5115048_1.jpg,상품-대표-이미지 1,matched,,0,"6개의 작은 육각형 잼 병 세트로, 각 병에는 녹색 뚜껑이 달려 있으며 “darbo since 1853”과 “과일 함량 70%”라고 적힌 라벨이 붙어 있습니다. 라즈베리, 살구, 블루베리, 딸기, 사워 체리 등 다양한 과일 맛이 들어 있습니다. 한 병은 뚜껑이 열려 있고, 나무 숟가락과 작은 칼 위에 살구 잼 한 덩어리가 올려져 있는 반면, 나머지 병들은 흰색 표면 위에 피라미드 모양으로 쌓여 있습니다.",,,reused,reused_translation,alt_preprocessed_5.csv:qwen_3_deepl_KOR,,,,병 / 살구 / 잼 / 뚜껑 / darbo_since_1853,5,"초록색 뚜껑과 과일 일러스트가 그려진 라벨이 달린 작은 육각형 잼 병 여섯 개가 흰색 표면 위에 놓여 있으며, 그중 한 병은 뚜껑이 열려 있고 테이블 위에는 살구 잼 한 숟가락이 놓여 있다.","A collection of six small hexagonal jars of jam, each with a green lid and a label featuring fruit illustrations, arranged on a white surface with one jar open and a spoonful of apricot jam on the table.",,ok,translated,vlm + deepl_api,latin_text_present,False,,6개 작다 / darbo_since_1853 과일_함량_70% / 과일 맛 / 과일_함량_70% 적히다 / 나머지 병,5,"‘Darbo Since 1853’ 잼이 담긴 작은 육각형 병 6개가 한 세트로, 각 병에는 녹색 뚜껑이 달려 있고 과일 함량이 70%임을 나타내는 라벨이 붙어 있다. 이 병들은 흰색 바탕 위에 진열되어 있으며, 그중 한 병은 뚜껑이 열려 있고 테이블 위에는 살구 잼 한 숟가락이 놓여 있다.","A collection of six small hexagonal jars of Darbo Since 1853 jam, each with a green lid and a label indicating 70% fruit content, displayed on a white surface with one jar open and a spoonful of apricot jam on the table.",,ok,translated,vlm + deepl_api,latin_text_present,False,,6개 작다 육각 / darbo_since_1853 과일_함량_70% 적히다 / 과일 맛 들다 / 과일_함량_70% 적히다 라벨 / 나머지 병 흰색,5,"‘Darbo Since 1853’ 잼이 담긴 육각형 유리병 6개가 한 세트로, 각 병에는 녹색 뚜껑이 달려 있고 과일 함량이 70%임을 나타내는 라벨이 붙어 있으며, 흰색 바탕 위에 진열되어 있다. 그중 한 병은 뚜껑이 열려 있고, 테이블 위에는 살구 잼 한 숟가락이 놓여 있다.","A collection of six hexagonal glass jars of Darbo Since 1853 jam, each with a green lid and a label indicating 70% fruit content, displayed on a white surface with one jar open and a spoonful of apricot jam on the table.",,ok,translated,vlm + deepl_api,latin_text_present,False,,True
bakery,qwen3,5115048,2,Qwen/Qwen3-VL-2B-Instruct,kurly_5115048_2.jpg,bakery/images/kurly_5115048_2.jpg,,matched,,0,"흰색 바탕 위에 놓인, 각각 녹색 뚜껑과 과일 일러스트가 그려진 라벨이 붙은 다르보(Darbo) 잼이 담긴 육각형 유리병 6개 세트입니다. 병에는 라즈베리, 로즈 살구, 야생 블루베리, 정원 딸기, 사워 체리, 그리고 짙은 빨간색 잼 등 다양한 맛이 들어 있습니다. 한 병에는 나무 숟가락이 꽂혀 있고, 다른 한 병의 뚜껑 위에는 숟가락 한 숟가락 분량의 잼이 올려져 있다.",,,reused,reused_translation,alt_preprocessed_5.csv:qwen_3_deepl_KOR,,,,병 / 잼 / 숟가락 / 뚜껑 / 다르보,5,"하얀 바탕 위에 다르보(Darbo) 잼이 담긴 육각형 유리병 다섯 개가 놓여 있는데, 각 병에는 녹색 뚜껑이 씌워져 있고 과일 종류와 ‘""70% RICH IN FRUIT""’ 문구가 적힌 라벨이 붙어 있으며, 그중 한 병은 뚜껑이 열려 있고 나무 숟가락이 그 안에 꽂혀 있다.","A white surface displays five hexagonal glass jars of Darbo jam, each with a green lid and a label indicating the fruit type and ""70% RICH IN FRUIT"" claim, with one jar open and a wooden spoon resting in it.",,ok,translated,vlm + deepl_api,latin_text_with_quoted_names,False,,6개 세트 / 각각 녹색 / 과일 일러스트 / 그리고 짙다 / 꽂히다 병,5,"하얀 바탕 위에 녹색 뚜껑이 달린 다르보(Darbo) 잼이 든 육각형 유리병 여섯 개가 놓여 있는데, 각 병에는 다양한 과일이 그려진 라벨이 붙어 있으며, 그중 한 병은 뚜껑이 열려 있고 안에는 나무 숟가락이 놓여 있다.","A white surface displays six hexagonal glass jars of Darbo jam, each with a green lid and a label featuring illustrations of various fruits, with one jar open and a wooden spoon resting inside.",,ok,translated,vlm + deepl_api,latin_text_present,False,,6개 세트 병 / 각각 녹색 뚜껑 / 과일 일러스트 그리다 / 그리고 짙다 빨간색 / 꽂히다 병 뚜껑,5,"다르보(Darbo) 잼이 들어 있는 육각형 유리병 6개가 한 세트로, 각 병에는 녹색 뚜껑이 달려 있고 다양한 과일 일러스트가 그려진 라벨이 붙어 있으며, 밝은 색상의 표면 위에 놓여 있다. 병 중 일부는 뚜껑이 열려 있고, 한 병 안에는 나무 숟가락이 꽂혀 있다.","A collection of six hexagonal glass jars of Darbo jam, each with a green lid and a label featuring illustrations of various fruits, arranged on a light surface with some jars open and a wooden spoon resting in one.",,ok,translated,vlm + deepl_api,latin_text_present,False,,True
bakery,qwen3,5116362,1,Qwen/Qwen3-VL-2B-Instruct,kurly_5116362_1.jpg,bakery/images/kurly_5116362_1.jpg,상품-대표-이미지 1,matched,,0,"오설록의 녹차 쿠키 한 상자. 밝은 회색 바탕 위에 흰 접시가 놓여 있고, 그 위에는 정사각형 쿠키 세 개와 반으로 부러진 쿠키 한 개가 담겨 있다.",,,reused,reused_translation,alt_preprocessed_5.csv:qwen_3_deepl_KOR,,,,쿠키 / 록 / 설 / 정사각형 / 녹차,5,"연두색의 사각형 차 비스킷이, 녹색 다이아몬드 무늬가 들어간 흰색 상자에 담겨 연회색 바탕 위에 진열되어 있으며, 작은 흰색 접시 위에는 비스킷 몇 개가 놓여 있고, 개별 포장된 비스킷이 들어 있는 청록색 상자도 함께 놓여 있다.","A light green, square-shaped tea biscuit, packaged in a white box with a green diamond design, is displayed on a light gray surface, with a few biscuits on a small white plate and a teal box containing individual packets.",,ok,translated,vlm + deepl_api,latin_text_present,False,,1개 담기다 / 3개 반 / 녹차 쿠키 / 록 녹차 / 부러지다 쿠키,5,"‘""Green Tea Longue de Chat,""’로 알려진 연한 녹색의 사각형 차 쿠키는 흰색 상자와 접시 위에 진열되어 있으며, 주변에 몇 조각이 흩어져 있어 신선하고 심플한 느낌을 자아냅니다.","A light green, square-shaped tea cookie, known as ""Green Tea Longue de Chat,"" is displayed in a white box and on a plate, with a few pieces scattered around, suggesting a fresh and simple presentation.",,ok,translated,vlm + deepl_api,latin_text_with_quoted_names,False,,3개 반 부러지다 / 녹차 쿠키 상자 / 록 녹차 쿠키 / 반 부러지다 쿠키 / 밝다 회색 희다,5,"연두색의 사각형 녹차 쿠키가 청록색 뚜껑이 달린 흰색 상자에 깔끔하게 포장되어 연회색 바탕 위에 놓여 있으며, 작은 흰색 접시 위에는 쿠키 몇 개가 담겨 있고, 상자 옆에는 부서진 쿠키 한 조각이 놓여 있다.","A light green, square-shaped green tea cookie, neatly packaged in a white box with a teal lid, is displayed on a light gray surface, with a few cookies on a small white plate and one broken cookie beside the box.",,ok,translated,vlm + deepl_api,latin_text_present,False,,True
bakery,qwen3,5116362,2,Qwen/Qwen3-VL-2B-Instruct,kurly_5116362_2.jpg,bakery/images/kurly_5116362_2.jpg,,matched,,0,"연두색 상자와 포장으로 된 초록색 말차 쿠키 한 상자로, 쿠키 몇 개가 부서져 안쪽의 초록색 속이 드러나 있다.",,,reused,reused_translation,alt_preprocessed_5.csv:qwen_3_deepl_KOR,,,,초록색 / 쿠키 / 말차 / 부서지다 / 상자,5,"말차 필링이 들어간 연한 녹색의 사각형 쿠키가 반으로 갈라져 크림처럼 부드러운 녹색 필링이 드러난 채, 흰색 바탕 위에 같은 쿠키가 들어 있는 청록색 상자 옆에 놓여 있다.","A light green, square-shaped cookie with a matcha filling, broken in half to reveal the creamy green filling, sits on a white surface next to a teal box of the same cookies.",,ok,translated,vlm + deepl_api,latin_text_present,False,,되다 초록색 / 말차 쿠키 / 몇개 부서지다 / 부서지다 안쪽 / 상자 쿠키,5,"부드럽고 푹신한 식감의 연한 녹색 사각형 말차 쿠키가 반으로 갈라져 크림 같은 녹색 속이 드러난 채, 흰색 바탕 위에 같은 쿠키가 들어 있는 청록색 상자 옆에 놓여 있다.","A light green, square-shaped matcha cookie with a soft, porous texture, broken in half to reveal a creamy green filling, sits on a white surface next to a teal box of the same cookies.",,ok,translated,vlm + deepl_api,latin_text_present,False,,되다 초록색 말차 / 말차 쿠키 상자 / 몇개 부서지다 안쪽 / 부서지다 안쪽 초록색 / 상자 쿠키 몇개,5,"부드럽고 푹신한 식감의 연한 녹색 사각형 말차 쿠키가 반으로 갈라져 크림 같은 녹색 속이 드러난 채, 흰색 바탕 위에 놓여 있으며, 그 옆에는 같은 쿠키가 들어 있는 청록색 상자가 놓여 있고, 포장지에는 ‘""OSULLOC""’라는 브랜드명이 적혀 있다.","A light green, square-shaped matcha cookie with a soft, porous texture, broken in half to reveal a creamy green filling, is displayed on a white surface next to a teal-colored box of the same cookies, with the brand name ""OSULLOC"" visible on the packaging.",,ok,translated,vlm + deepl_api,latin_text_with_quoted_names,False,,True
bakery,qwen3,5122986,1,Qwen/Qwen3-VL-2B-Instruct,kurly_5122986_1.jpg,bakery/images/kurly_5122986_1.jpg,상품-대표-이미지 1,matched,,0,"크리스피 크림 도넛 한 상자가 밝은 회색 바탕 위에 열려 있는 모습과 닫혀 있는 모습으로 보여지는데, 상자 안에는 황금빛 갈색 도넛 9개가 3×3 격자 모양으로 배열되어 있습니다. 닫혀 있는 상자는 흰색 바탕에 녹색과 빨간색 로고와 검은색 물방울 무늬가 그려져 있습니다.",,,reused,reused_translation,alt_preprocessed_5.csv:qwen_3_deepl_KOR,,,,닫히다 / 도넛 / 3 / 상자 / 모습,5,"폴카 도트 무늬와 크리스피 크림 로고가 그려진 흰색 상자 안에, 3×3 격자 모양으로 배열된 황금빛 갈색 도넛 9개가 들어 있다.","A white box with a polka dot pattern and the Krispy Kreme logo, containing nine golden-brown doughnuts arranged in a 3x3 grid.",,ok,translated,vlm + deepl_api,latin_text_present,False,,9개 3 / 갈색 도넛 / 검은색 물방울 / 닫히다 모습 / 닫히다 상자,5,"폴카 도트 무늬와 크리스피 크림 로고가 그려진 흰색 상자 안에, 3×3 격자 모양으로 배열된 황금빛 갈색 도넛 9개가 들어 있다.","A white box with a polka dot pattern and the Krispy Kreme logo, containing nine golden-brown donuts arranged in a 3x3 grid.",,ok,translated,vlm + deepl_api,latin_text_present,False,,9개 3 3 / 갈색 도넛 9개 / 검은색 물방울 무늬 / 닫히다 모습 보이다 / 닫히다 상자 흰색,5,"검은색 물방울 무늬가 있는 흰색 상자 안에 황금빛 갈색의 크리스피 크림 도넛 9개가 들어 있으며, 이 상자가 밝은 회색 바탕 위에서 열린 상태와 닫힌 상태로 보여진다.","A white box with a black polka dot pattern, containing nine golden-brown Krispy Kreme doughnuts, is shown open and closed on a light gray surface.",,ok,translated,vlm + deepl_api,latin_text_present,False,,True
bakery,qwen3,5122986,2,Qwen/Qwen3-VL-2B-Instruct,kurly_5122986_2.jpg,bakery/images/kurly_5122986_2.jpg,,matched,,0,뚜껑이 열려 있는 크리스피 크림 도넛 상자 안에는 3×3 격자 모양으로 배열된 황금빛 갈색의 글레이즈 도넛 8개가 들어 있다. 상자는 흰색 바탕에 녹색과 빨간색 로고와 점무늬가 그려져 있다.,,,reused,reused_translation,alt_preprocessed_5.csv:qwen_3_deepl_KOR,,,,도넛 / 3 / 8개 / 크리스피 / 상자,5,"밝은 회색 바탕 위에, 폴카 도트 무늬와 크리스피 크림 로고가 새겨진 흰색 상자가 놓여 있으며, 그 안에는 글레이즈 도넛 8개가 들어 있다.","A white box with a polka dot pattern and the Krispy Kreme logo, containing eight glazed doughnuts, is shown on a light gray surface.",,ok,translated,vlm + deepl_api,latin_text_present,False,,8개 들다 / 갈색 글레이즈 / 글레이즈 도넛 / 도넛 8개 / 로고 점,5,"초록색과 빨간색의 크리스피 크림 로고와 물방울 무늬가 그려진 흰색 상자 안에, 황금빛 갈색의 글레이즈 도넛 8개가 들어 있다.","A white box with a green and red Krispy Kreme logo and a polka dot pattern, containing eight golden-brown glazed doughnuts.",,ok,translated,vlm + deepl_api,latin_text_present,False,,8개 들다 상자 / 갈색 글레이즈 도넛 / 글레이즈 도넛 8개 / 도넛 8개 들다 / 도넛 상자 안,5,"폴카 도트 무늬와 크리스피 크림 로고가 새겨진 흰색 상자 안에, 3×3 격자 모양으로 배열된 황금빛 갈색 글레이즈 도넛 8개가 들어 있다.","A white box with a polka dot pattern and the Krispy Kreme logo, containing eight golden-brown glazed doughnuts arranged in a 3x3 grid.",,ok,translated,vlm + deepl_api,latin_text_present,False,,True
bakery,qwen3,5128440,1,Qwen/Qwen3-VL-2B-Instruct,kurly_5128440_1.jpg,bakery/images/kurly_5128440_1.jpg,상품-대표-이미지 1,matched,,0,"나무 도마 위에 슬라이스된 빵 한 덩이가 놓여 있고, 배경에는 포장된 빵 한 덩이가 보인다. 빵은 황금빛 갈색의 겉면과 부드럽고 기공이 많은 속을 가지고 있다.",,,reused,reused_translation,alt_preprocessed_5.csv:qwen_3_deepl_KOR,,,,덩이 / 빵 / 슬라이스 / 가지다 / 겉면,5,"노릇노릇한 겉면이 돋보이는 슬라이스 빵 한 덩이가 나무 도마 위에 놓여 있고, 배경에는 노란색 밀 이삭 그림이 그려진 포장된 빵 한 덩이가 놓여 있다.","A loaf of sliced bread, with a golden-brown crust, rests on a wooden cutting board, while a packaged loaf with a yellow illustration of a wheat stalk sits in the background.",,ok,translated,vlm + deepl_api,latin_text_present,False,,빵 덩이 / 덩이 배경 / 덩이 보이다 / 도마 슬라이스 / 되다 빵,5,"얇게 썬 빵 한 덩어리가 밝은 색의 표면 위에 놓여 있는데, 일부는 나무 도마 위에 있고 나머지는 비닐봉지에 담겨 있다.","A loaf of sliced bread, with a portion on a wooden cutting board and the rest in a plastic bag, is displayed on a light-colored surface.",,ok,translated,vlm + deepl_api,latin_text_present,False,,나무 도마 슬라이스 / 덩이 배경 포장 / 덩이 보이다 빵 / 도마 슬라이스 되다 / 되다 빵 덩이,5,"밝은 색상의 표면 위에, 나무 도마와 포장된 빵 한 덩이가 배경으로 놓인 채, 썰어 놓은 빵 한 덩이가 진열되어 있다.","A loaf of sliced bread, with a wooden cutting board and a packaged loaf in the background, is displayed on a light-colored surface.",,ok,translated,vlm + deepl_api,latin_text_present,False,,True
bakery,qwen3,5128440,2,Qwen/Qwen3-VL-2B-Instruct,kurly_5128440_2.jpg,bakery/images/kurly_5128440_2.jpg,,matched,,0,"노릇노릇한 껍질이 돋보이는 얇게 썬 흰 빵 한 덩어리가, 밑에 밝은 색의 천을 깔고 나무 도마 위에 가지런히 놓여 있다.",,,reused,reused_translation,alt_preprocessed_5.csv:qwen_3_deepl_KOR,,,,깔다 / 밑 / 돋보이다 / 노릇노릇 / 얇다,5,"겉은 황금빛 갈색으로 바삭하고 속은 부드럽고 기공이 많은 슬라이스 빵 한 덩이가, 밑에 밝은 색의 천을 깔아둔 나무 도마 위에 놓여 있다.","A loaf of sliced bread with a golden-brown crust and a soft, porous interior, resting on a wooden cutting board with a light-colored cloth underneath.",,ok,translated,vlm + deepl_api,latin_text_present,False,,깔다 나무 / 노릇노릇 껍질 / 덩어리 밑 / 도마 가지런히 / 돋보이다 얇다,5,"겉은 황금빛 갈색으로 바삭하고 속은 부드럽고 기공이 많은 슬라이스 빵 한 덩이가, 밑에 밝은 색의 천을 깔아둔 나무 도마 위에 놓여 있다.","A loaf of sliced bread with a golden-brown crust and a soft, porous interior, resting on a wooden cutting board with a light-colored cloth underneath.",,ok,translated,vlm + deepl_cached_translation,latin_text_present,False,,깔다 나무 도마 / 껍질 돋보이다 얇다 / 나무 도마 가지런히 / 노릇노릇 껍질 돋보이다 / 덩어리 밑 밝다,5,"옅은 색의 나무 도마 위에, 겉은 노릇노릇하고 속은 부드럽고 기공이 많은 슬라이스 빵 한 덩이가 가지런히 놓여 있다.","A loaf of sliced bread with a golden-brown crust and a soft, porous interior, neatly arranged on a light-colored wooden cutting board.",,ok,translated,vlm + deepl_api,latin_text_present,False,,True
bakery,qwen3,5131242,1,Qwen/Qwen3-VL-2B-Instruct,kurly_5131242_1.jpg,bakery/images/kurly_5131242_1.jpg,상품-대표-이미지 1,matched,,0,연두색의 직사각형 접시 위에는 작은 검은 점들(아마도 올리브일 것)이 흩뿌려진 황금빛 갈색의 직사각형 빵 몇 개가 가지런히 놓여 있다. 일부는 잘려 있어 부드럽고 기공이 많은 속살이 드러나 있다. 접시는 연회색 바탕 위에 놓여 있다.,,,reused,reused_translation,alt_preprocessed_5.csv:qwen_3_deepl_KOR,,,,직사각형 / 아마도 / 흩뿌리다 / 연두색 / 점,5,"연두색의 직사각형 접시 위에는 짙은 반점이 있는 황금빛 갈색의 직사각형 빵 몇 개가 놓여 있는데, 그중 일부는 썰어서 접시에 정갈하게 담겨 있다.","A light green rectangular plate holds several rectangular, golden-brown baked goods with dark specks, some of which are sliced and arranged on the plate.",,ok,translated,vlm + deepl_api,latin_text_present,False,,가지런히 일부 / 드러나다 회색 / 많다 속살 / 몇개 가지런히 / 아마도 올리브,5,"연두색 접시 위에는 짙은 반점이 있는 황금빛 갈색의 직사각형 빵 몇 개가 놓여 있으며, 그중 일부는 썰어서 연회색 바탕 위에 정갈하게 배열되어 있다.","A light green plate holds several rectangular, golden-brown bread rolls with dark specks, some sliced and arranged on a light gray surface.",,ok,translated,vlm + deepl_api,latin_text_present,False,,가지런히 일부 잘리다 / 갈색 직사각형 빵 / 검다 점 아마도 / 기공 많다 속살 / 많다 속살 드러나다,5,"연두색의 직사각형 접시 위에는 짙은 반점이 있는 황금빛 갈색의 직사각형 빵 롤이 몇 개 놓여 있으며, 그중 일부는 썰어서 접시 옆에 나란히 놓여 있어 속이 푹신하고 공기가 가득 찬 모습을 뽐내고 있다.","A light green rectangular plate holds several golden-brown, rectangular bread rolls with dark specks, some of which are sliced and arranged beside the plate, showcasing their porous, airy interior.",,ok,translated,vlm + deepl_api,latin_text_present,False,,True
bakery,qwen3,5131242,2,Qwen/Qwen3-VL-2B-Instruct,kurly_5131242_2.jpg,bakery/images/kurly_5131242_2.jpg,,matched,,0,"밝은 회색 바탕 위에, 올리브로 보이는 작은 검은 점들이 흩뿌려진 직사각형의 황금빛 갈색 브레드스틱 한 접시가 놓여 있다. 브레드스틱 하나가 반으로 부러져 있어, 부드럽고 기공이 많은 속이 드러나 있다.",,,reused,reused_translation,alt_preprocessed_5.csv:qwen_3_deepl_KOR,,,,브레드 / 브레드스틱 / 스틱 / 부러지다 / 흩뿌리다,5,"옅은 회색 바탕 위에, 어두운 반점이 흩뿌려진 직사각형의 황금빛 갈색 브레드스틱 한 접시가 놓여 있는데, 그중 일부는 부러져 부드럽고 폭신폭신한 속이 드러나 있다.","A plate of rectangular, golden-brown breadsticks with dark specks, some broken to reveal a soft, airy interior, arranged on a light gray surface.",,ok,translated,vlm + deepl_api,latin_text_present,False,,갈색 브레드 / 보이다 작다 / 부러지다 기공 / 브레드 스틱 / 브레드스틱 반,5,"밝은 회색 바탕 위에, 겉면이 황금빛 갈색을 띠고 작은 검은 반점이 흩어져 있는 밝은 색의 직사각형 브레드스틱이 통째로 및 썰린 상태로 함께 보여진다.","A light-colored, rectangular breadstick with a golden-brown crust and small dark specks, shown both whole and sliced, on a light gray surface.",,ok,translated,vlm + deepl_api,latin_text_present,False,,갈색 브레드 스틱 / 검다 점 흩뿌리다 / 반 부러지다 기공 / 밝다 회색 올리브 / 보이다 작다 검다,5,"옅은 색의 직사각형 모양 빵 스틱으로, 표면에 어두운 반점이 흩어져 있으며, 잘린 단면에서도 일부가 보입니다. 이 빵 스틱은 밝은 회색 바탕 위에 놓여 있는데, 접시에는 몇 조각이 담겨 있고, 하나는 반으로 부러져 있습니다.","A light-colored, rectangular bread stick with dark specks, some of which are visible in the cut section, is displayed on a light gray surface with a few pieces on a plate and one broken in half.",,ok,translated,vlm + deepl_api,latin_text_present,False,,True
bakery,qwen3,5132010,1,Qwen/Qwen3-VL-2B-Instruct,kurly_5132010_1.jpg,bakery/images/kurly_5132010_1.jpg,상품-대표-이미지 1,matched,,0,"투명한 플라스틱 쟁반 위에는 둥근 다크 초콜릿 칩 쿠키 12개가 격자 모양으로 가지런히 놓여 있습니다. 그 아래에는 미니멀한 디자인의 흰색 상자가 놓여 있는데, 상자에는 “Real Brownie Cookie”와 한국어로 “리얼 브라우니쿠키”라는 문구가 적혀 있으며, 초콜릿 칩 쿠키와 작은 토끼 캐릭터가 그려진 쿠키 더미 일러스트가 함께 그려져 있다.",,,reused,reused_translation,alt_preprocessed_5.csv:qwen_3_deepl_KOR,,,,쿠키 / 칩 / 초콜릿 / 그리다 / 12개,5,"투명한 플라스틱 트레이에는 각각 다크 초콜릿 칩이 들어간 밝은 색상의 쿠키 12개가 담겨 있으며, 이 트레이는 토끼와 쿠키 더미 그림이 그려진 ‘""Real Brownie Cookie""’라고 적힌 흰색 상자 위에 진열되어 있다.","A clear plastic tray holds 12 individual cookies, each with a dark chocolate chip and a light-colored base, displayed above a white box labeled ""Real Brownie Cookie"" with illustrations of a bunny and a stack of cookies.",,ok,translated,vlm + deepl_api,latin_text_with_quoted_names,False,,칩 쿠키 / 초콜릿 칩 / 12개 격자 / Real_Brownie_Cookie 한국어 / 가지런히 아래,5,"작고 둥근 초콜릿 칩 쿠키가 12줄로 진열된 투명한 플라스틱 쟁반이, 쿠키와 작은 토끼 그림이 그려진 ‘""Real Brownie Cookie""’라고 적힌 흰색 상자 위에 놓여 있다.","A clear plastic tray containing 12 rows of small, round, chocolate chip cookies, displayed above a white box labeled ""Real Brownie Cookie"" with illustrations of the cookies and a small rabbit.",,ok,translated,vlm + deepl_api,latin_text_with_quoted_names,False,,초콜릿 칩 쿠키 / 12개 격자 모양 / Real_Brownie_Cookie 한국어 리얼_브라우니쿠키 / 가지런히 아래 미니멀 / 그리다 쿠키 더미,5,"투명한 플라스틱 트레이에는 초콜릿 칩이 들어간 정사각형 모양의 쿠키 12개가 담겨 있으며, 그 위에는 한국어로 ‘""Real Brownie Cookie""’라고 적힌 흰색 상자가 놓여 있고, 상자에는 쿠키와 토끼 그림이 그려져 있습니다.","A clear plastic tray holds 12 individual, square-shaped cookies with chocolate chips, displayed above a white box labeled ""Real Brownie Cookie"" in Korean, featuring illustrations of a cookie and a rabbit.",,ok,translated,vlm + deepl_api,latin_text_with_quoted_names,False,,True
bakery,qwen3,5132010,2,Qwen/Qwen3-VL-2B-Instruct,kurly_5132010_2.jpg,bakery/images/kurly_5132010_2.jpg,,matched,,0,"“리얼 브라우니 쿠키” 한 팩으로, 쿠키 한 개와 쿠키 더미를 들고 있는 만화 속 토끼가 그려진 흰색 상자와, 개별 포장된 쿠키가 들어 있는 투명 플라스틱 트레이로 구성되어 있습니다.",,,reused,reused_translation,alt_preprocessed_5.csv:qwen_3_deepl_KOR,,,,쿠키 / 들다 / 구성 / 리얼_브라우니_쿠키 / 트레이,5,"투명한 플라스틱 쟁반에는 다크 초콜릿 칩이 들어간 밝은 색상의 쿠키가 개별 포장되어 놓여 있으며, 그 옆에는 한국어로 ‘""Real Brownie Cookie""’라고 적힌 흰색 상자가 놓여 있는데, 상자에는 토끼와 쿠키 더미가 그려져 있다.","A clear plastic tray holds individually wrapped, light-colored cookies with dark chocolate chips, next to a white box labeled ""Real Brownie Cookie"" in Korean, featuring illustrations of rabbits and a stack of cookies.",,ok,translated,vlm + deepl_api,latin_text_with_quoted_names,False,,1개 쿠키 / 그리다 흰색 / 더미 들다 / 들다 만화 / 리얼_브라우니_쿠키 팩,5,"투명한 플라스틱 트레이에는 다크 초콜릿 칩이 들어간 밝은 색상의 쿠키 20개가 개별 포장되어 들어 있으며, 그 옆에는 한국어로 ‘""Real Brownie Cookie""’라고 적힌 흰색 상자가 놓여 있는데, 상자에는 귀여운 만화 토끼와 쿠키가 쌓여 있는 일러스트가 그려져 있다.","A clear plastic tray holds 20 individually wrapped, light-colored cookies with dark chocolate chips, next to a white box labeled ""Real Brownie Cookie"" in Korean, featuring cute cartoon bunnies and an illustration of a stack of cookies.",,ok,translated,vlm + deepl_api,latin_text_with_quoted_names,False,,1개 쿠키 더미 / 그리다 흰색 상자 / 더미 들다 만화 / 들다 만화 속 / 들다 투명 플라스틱,5,"투명한 플라스틱 트레이에는 다크 초콜릿 칩이 들어간 밝은 색상의 쿠키 20개가 개별 포장되어 들어 있으며, 그 옆에는 한국어로 ‘""Real Brownie Cookie""’라고 적힌 흰색 상자가 놓여 있는데, 상자에는 귀여운 만화 토끼와 쿠키가 쌓여 있는 일러스트가 그려져 있다.","A clear plastic tray holds 20 individually wrapped, light-colored cookies with dark chocolate chips, next to a white box labeled ""Real Brownie Cookie"" in Korean, featuring cute cartoon bunnies and an illustration of a stack of cookies.",,ok,translated,vlm + deepl_cached_translation,latin_text_with_quoted_names,False,,True
bakery,qwen3,5138995,1,Qwen/Qwen3-VL-2B-Instruct,kurly_5138995_1.jpg,bakery/images/kurly_5138995_1.jpg,상품-대표-이미지 1,matched,,0,"황금빛 갈색 껍질을 띤 흰 빵 한 덩이가 흰 식탁보 위에 놓여 있으며, 그 옆에는 “TAKUMIYA”와 “artisan baking”이라고 적힌 미니멀한 흰색 상자가 놓여 있다. 빵은 부드럽고 기공이 많은 식감을 지녔으며, 껍질에는 작은 로고가 새겨져 있다.",,,reused,reused_translation,alt_preprocessed_5.csv:qwen_3_deepl_KOR,,,,껍질 / 희다 / TAKUMIYA / artisan_baking / 미니멀,5,"TAKUMIYA의 수제 빵 한 덩어리(직사각형 모양)가 미니멀한 흰색 상자 옆에 흰 천 위에 놓여 있으며, 황금빛 갈색의 겉면과 부드럽고 폭신폭신한 속살이 돋보입니다.","A single, rectangular loaf of artisanal bread from TAKUMIYA, presented on a white cloth next to its minimalist white box, showcasing a golden-brown crust and a soft, airy interior.",,ok,translated,vlm + deepl_api,latin_text_present,False,,TAKUMIYA artisan_baking / artisan_baking 적히다 / 껍질 작다 / 덩이 희다 / 띠다 희다,5,"TAKUMIYA의 수제 빵 한 덩어리가, 질감이 느껴지는 회색 바탕 위에 미니멀한 흰색 상자에 담겨 있습니다.","A loaf of artisanal bread from TAKUMIYA, presented in a minimalist white box on a textured grey surface.",,ok,translated,vlm + deepl_api,latin_text_present,False,,TAKUMIYA artisan_baking 적히다 / artisan_baking 적히다 미니멀 / 기공 많다 식감 / 껍질 띠다 희다 / 껍질 작다 로고,5,"TAKUMIYA의 수제 빵 한 덩이가, 심플한 로고가 새겨진 미니멀한 흰색 상자에 담겨 회색 바탕 위의 흰색 천 위에 놓여 있다.","A loaf of artisanal bread from TAKUMIYA, presented in a minimalist white box with a simple logo, rests on a white cloth on a grey surface.",,ok,translated,vlm + deepl_api,latin_text_present,False,,True
bakery,qwen3,5138995,2,Qwen/Qwen3-VL-2B-Instruct,kurly_5138995_2.jpg,bakery/images/kurly_5138995_2.jpg,,matched,,0,"황금빛 갈색 껍질이 있는 흰 빵 한 덩어리가 여러 조각으로 잘려 나무 도마 위에 놓여 있다. 빵은 부드럽고 기공이 많은 질감을 띠고 있으며, 연회색 바탕 위에 놓여 있다.",,,reused,reused_translation,alt_preprocessed_5.csv:qwen_3_deepl_KOR,,,,빵 / 여러 / 질감 / 기공 / 많다,5,"속은 부드럽고 기공이 많으며 겉은 황금빛을 띤 흰 빵 한 덩어리를 여러 조각으로 썰어 나무 도마 위에 올려놓았는데, 빵의 가볍고 폭신폭신한 식감과 도마의 은은하고 자연스러운 나뭇결이 잘 드러나 있다.","A loaf of white bread with a soft, porous interior and a golden crust, sliced into several pieces and arranged on a wooden cutting board, showcasing its light, airy texture and the subtle, natural grain of the board.",,ok,translated,vlm + deepl_api,latin_text_present,False,,껍질 희다 / 띠다 회색 / 잘리다 나무 / 질감 띠다 / 덩어리 여러,5,"황금빛 갈색 껍질이 있는 흰 빵 한 덩어리를 여러 조각으로 썰어 밝은 색의 나무 도마 위에 올려놓은 모습이, 중성적인 회색 배경에 어우러져 있다.","A loaf of white bread with a golden-brown crust, sliced into several pieces and arranged on a light-colored wooden cutting board, set against a neutral gray background.",,ok,translated,vlm + deepl_api,latin_text_present,False,,갈색 껍질 희다 / 껍질 희다 빵 / 도마 빵 기공 / 많다 질감 띠다 / 잘리다 나무 도마,5,"속이 부드럽고 기공이 많은 연한 색의 슬라이스 빵 한 덩어리가 나무 도마 위에 놓여 있으며, 그중 몇 조각은 잘라져 대각선으로 나란히 놓여 있다.","A loaf of light-colored, sliced bread with a soft, porous interior, resting on a wooden cutting board with a few slices cut and arranged in a diagonal line.",,ok,translated,vlm + deepl_api,latin_text_present,False,,True
convenience_meals,hyperclovax,1000029142,1,naver-hyperclovax/HyperCLOVAX-SEED-Vision-Instruct-3B,kurly_1000029142_1.jpg,convenience_meals/images/kurly_1000029142_1.jpg,상품-대표-이미지 1,matched,,0,이미지에는 세 개의 샌드위치가 포장된 비닐봉지가 있고 그 옆에 흰색 접시 위에 샌드위치가 놓여 있습니다.,,,reused,not_required,alt_preprocessed_5.csv:HyperCLOVAX_KOR,,,,샌드위치 / 봉지 / 비닐 / 3개 / 옆,5,이미지에는 비닐에 싸인 샌드위치 3개가 나란히 놓여 있고 그 옆에는 샌드위치가 담긴 흰색 접시가 있습니다.,,이미지에는 비닐에 싸인 샌드위치 3개가 나란히 놓여 있고 그 옆에는 샌드위치가 담긴 흰색 접시가 있습니다.,ok,not_required,vlm,,False,,3개 샌드위치 / 봉지 옆 / 비닐 봉지 / 옆 흰색 / 포장 비닐,5,이미지에는 비닐로 포장된 샌드위치가 놓인 흰색 접시가 있습니다.,,이미지에는 비닐로 포장된 샌드위치가 놓인 흰색 접시가 있습니다.,ok,not_required,vlm,,False,,3개 샌드위치 포장 / 봉지 옆 흰색 / 비닐 봉지 옆 / 샌드위치 포장 비닐 / 옆 흰색 샌드위치,5,"이미지에는 세 개의 샌드위치가 포장된 비닐봉지가 있고, 그 옆에는 흰색 접시에 샌드위치가 놓여 있습니다.",,"이미지에는 세 개의 샌드위치가 포장된 비닐봉지가 있고, 그 옆에는 흰색 접시에 샌드위치가 놓여 있습니다.",ok,not_required,vlm,,False,,True
convenience_meals,hyperclovax,1000029142,2,naver-hyperclovax/HyperCLOVAX-SEED-Vision-Instruct-3B,kurly_1000029142_2.jpg,convenience_meals/images/kurly_1000029142_2.jpg,,matched,,0,이미지에는 세 조각의 삼각형 모양 샌드위치가 있는 모습입니다.,,,reused,not_required,alt_preprocessed_5.csv:HyperCLOVAX_KOR,,,,모양 / 삼각 / 조각 / 모습 / 샌드위치,5,이미지에는 삼각형 모양의 샌드위치 조각이 세 개 놓인 모습입니다.,,이미지에는 삼각형 모양의 샌드위치 조각이 세 개 놓인 모습입니다.,ok,not_required,vlm,,False,,모양 샌드위치 / 삼각 모양 / 조각 삼각 / 샌드위치 모습,4,이미지에는 삼각 모양의 샌드위치가 놓인 모습이 있습니다.,,이미지에는 삼각 모양의 샌드위치가 놓인 모습이 있습니다.,ok,not_required,vlm,,False,,모양 샌드위치 모습 / 삼각 모양 샌드위치 / 조각 삼각 모양,3,이미지에는 삼각 모양의 샌드위치가 세 개 놓인 모습이 있습니다.,,이미지에는 삼각 모양의 샌드위치가 세 개 놓인 모습이 있습니다.,ok,not_required,vlm,,False,,True
convenience_meals,hyperclovax,1000127954,1,naver-hyperclovax/HyperCLOVAX-SEED-Vision-Instruct-3B,kurly_1000127954_1.jpg,convenience_meals/images/kurly_1000127954_1.jpg,상품-대표-이미지 1,matched,,0,이미지에는 다양한 맛의 버루카로 포장된 스낵들이 있습니다.,,,reused,not_required,alt_preprocessed_5.csv:HyperCLOVAX_KOR,,,,버루카 / 스낵 / 맛 / 포장 / 다양,5,이미지에는 다양한 맛의 스낵이 포장된 모습이 있습니다.,,이미지에는 다양한 맛의 스낵이 포장된 모습이 있습니다.,ok,not_required,vlm,,False,,맛 버루카 / 버루카 포장 / 포장 스낵 / 다양 맛,4,이미지에는 다양한 맛의 포장 스낵이 있습니다.,,이미지에는 다양한 맛의 포장 스낵이 있습니다.,ok,not_required,vlm,,False,,다양 맛 버루카 / 맛 버루카 포장 / 버루카 포장 스낵,3,이미지에는 다양한 맛의 포장된 스낵이 있습니다.,,이미지에는 다양한 맛의 포장된 스낵이 있습니다.,ok,not_required,vlm,,False,,True
convenience_meals,hyperclovax,1000127954,2,naver-hyperclovax/HyperCLOVAX-SEED-Vision-Instruct-3B,kurly_1000127954_2.jpg,convenience_meals/images/kurly_1000127954_2.jpg,,matched,,0,이미지에는 접시 위에 놓인 여러 개의 토르티야 랩이 있습니다.,,,reused,not_required,alt_preprocessed_5.csv:HyperCLOVAX_KOR,,,,토르티야 / 랩 / 여러개,3,이미지에는 여러 개의 토르티야 랩이 놓인 모습이 있습니다.,,이미지에는 여러 개의 토르티야 랩이 놓인 모습이 있습니다.,ok,not_required,vlm,,False,,여러개 토르티야 / 토르티야 랩,2,이미지에는 여러 개의 토르티야 랩이 놓인 흰색 접시가 있습니다.,,이미지에는 여러 개의 토르티야 랩이 놓인 흰색 접시가 있습니다.,ok,not_required,vlm,,False,,여러개 토르티야 랩,1,이미지에는 여러 개의 토르티야 랩이 있습니다.,,이미지에는 여러 개의 토르티야 랩이 있습니다.,ok,not_required,vlm,,False,,True
convenience_meals,hyperclovax,1000165839,1,naver-hyperclovax/HyperCLOVAX-SEED-Vision-Instruct-3B,kurly_1000165839_1.jpg,convenience_meals/images/kurly_1000165839_1.jpg,상품-대표-이미지 1,matched,,0,이미지에는 작은공기 1개와 큰 상자 1개가 있습니다.,,,reused,not_required,alt_preprocessed_5.csv:HyperCLOVAX_KOR,,,,1개 / 공기 / 크다 / 작다 / 상자,5,이미지에는 작은 공기가 6개 들어있는 상자가 있습니다.,,이미지에는 작은 공기가 6개 들어있는 상자가 있습니다.,ok,not_required,vlm,,False,,1개 크다 / 공기 1개 / 상자 1개 / 작다 공기 / 크다 상자,5,"이미지에는 작은 공기와 큰 상자가 있습니다. 작은 공기는 흰색의 원형 용기에 담겨 있으며, 상자는 흰색 바탕에 빨간색 글씨로 '햇반 작은 공기와 큰 상자'라고 적혀 있습니다. 상자 위에는 밥이 담긴 그릇의 이미지가 있고, 상자 앞면 하단에는 '6개입'이라고 적혀 있습니다.",,"이미지에는 작은 공기와 큰 상자가 있습니다. 작은 공기는 흰색의 원형 용기에 담겨 있으며, 상자는 흰색 바탕에 빨간색 글씨로 '햇반 작은 공기와 큰 상자'라고 적혀 있습니다. 상자 위에는 밥이 담긴 그릇의 이미지가 있고, 상자 앞면 하단에는 '6개입'이라고 적혀 있습니다.",ok,not_required,vlm,,False,,1개 크다 상자 / 공기 1개 크다 / 작다 공기 1개 / 크다 상자 1개,4,이미지에는 '햇반 작은공기' 상자와 '햇반 작은공기' 공기가 있습니다.,,이미지에는 '햇반 작은공기' 상자와 '햇반 작은공기' 공기가 있습니다.,ok,not_required,vlm,,False,,True
convenience_meals,hyperclovax,1000165839,2,naver-hyperclovax/HyperCLOVAX-SEED-Vision-Instruct-3B,kurly_1000165839_2.jpg,convenience_meals/images/kurly_1000165839_2.jpg,,matched,,0,이미지에는 6개입의 '햇반 작은공기' 즉석밥이 있습니다.,,,reused,not_required,alt_preprocessed_5.csv:HyperCLOVAX_KOR,,,,즉석밥 / 햇반_작은공기 / 6개입,3,"이미지에는 즉석밥 제품인 '햇반 작은공기'가 6개입으로 포장되어 있으며, 상표명은 따로 기재되어 있지 않습니다.",,"이미지에는 즉석밥 제품인 '햇반 작은공기'가 6개입으로 포장되어 있으며, 상표명은 따로 기재되어 있지 않습니다.",ok,not_required,vlm,,False,,6개입 햇반_작은공기 / 햇반_작은공기 즉석밥,2,이미지에는 6개입 햇반 작은공기 즉석밥이 있습니다.,,이미지에는 6개입 햇반 작은공기 즉석밥이 있습니다.,ok,not_required,vlm,,False,,6개입 햇반_작은공기 즉석밥,1,이미지에는 6개입 햇반 작은공기 즉석밥이 있습니다.,,이미지에는 6개입 햇반 작은공기 즉석밥이 있습니다.,ok,not_required,vlm,,False,,True
convenience_meals,hyperclovax,1000169817,1,naver-hyperclovax/HyperCLOVAX-SEED-Vision-Instruct-3B,kurly_1000169817_1.jpg,convenience_meals/images/kurly_1000169817_1.jpg,상품-대표-이미지 1,matched,,0,이미지에는 흰색의 포장지에 담긴 상온HMR 제품과 상자 형태의 포장재가 놓여 있습니다.,,,reused,not_required,alt_preprocessed_5.csv:HyperCLOVAX_KOR,,,,포장재 / 형태 / 상온 / 상자 / 포장지,5,이미지에는 상온에서 보관 가능한 상자에 포장된 '옛날 쌀' 제품이 놓여 있습니다.,,이미지에는 상온에서 보관 가능한 상자에 포장된 '옛날 쌀' 제품이 놓여 있습니다.,ok,not_required,vlm,,False,,담기다 상온 / 상자 형태 / 제품 상자 / 포장지 담기다 / 형태 포장재,5,"이미지에는 상온에서 보관 가능한 즉석밥 제품 상자가 있으며, 상자에는 '옛날밥'이라는 글자가 적혀 있습니다.",,"이미지에는 상온에서 보관 가능한 즉석밥 제품 상자가 있으며, 상자에는 '옛날밥'이라는 글자가 적혀 있습니다.",ok,not_required,vlm,,False,,담기다 상온 제품 / 상온 제품 상자 / 상자 형태 포장재 / 제품 상자 형태 / 포장지 담기다 상온,5,이미지에는 상온에서 보관 가능한 즉석밥 제품 상자와 포장된 즉석밥이 있습니다.,,이미지에는 상온에서 보관 가능한 즉석밥 제품 상자와 포장된 즉석밥이 있습니다.,ok,not_required,vlm,,False,,True
convenience_meals,hyperclovax,1000169817,2,naver-hyperclovax/HyperCLOVAX-SEED-Vision-Instruct-3B,kurly_1000169817_2.jpg,convenience_meals/images/kurly_1000169817_2.jpg,,matched,,0,이미지에는 흰밥이 들어있는 상온HMR 제품들이 있습니다.,,,reused,not_required,alt_preprocessed_5.csv:HyperCLOVAX_KOR,,,,희다 / 상온 / 들다 / 밥 / 제품,5,"이미지에는 상온에서 보관할 수 있는 흰색의 포장된 밥 제품이 여러 개 쌓여 있고, 그 옆에는 해당 제품의 상자가 놓여 있습니다.",,"이미지에는 상온에서 보관할 수 있는 흰색의 포장된 밥 제품이 여러 개 쌓여 있고, 그 옆에는 해당 제품의 상자가 놓여 있습니다.",ok,not_required,vlm,,False,,들다 상온 / 밥 들다 / 희다 밥 / 상온 제품,4,"이미지에는 상온에서 보관할 수 있는 '옛날밥'이라는 상표의 즉석밥 제품들이 쌓여 있고, 그 옆에는 상온에서 보관할 수 있는 '옛날밥'이라는 상표의 상온 즉석밥 제품들의 포장 박스가 놓여 있습니다.",,"이미지에는 상온에서 보관할 수 있는 '옛날밥'이라는 상표의 즉석밥 제품들이 쌓여 있고, 그 옆에는 상온에서 보관할 수 있는 '옛날밥'이라는 상표의 상온 즉석밥 제품들의 포장 박스가 놓여 있습니다.",ok,not_required,vlm,,False,,들다 상온 제품 / 밥 들다 상온 / 희다 밥 들다,3,"이미지에는 상온에서 보관할 수 있는 즉석밥 제품들이 쌓여 있고, 상자에는 해당 제품들의 이름이 적혀 있습니다.",,"이미지에는 상온에서 보관할 수 있는 즉석밥 제품들이 쌓여 있고, 상자에는 해당 제품들의 이름이 적혀 있습니다.",ok,not_required,vlm,,False,,True
convenience_meals,hyperclovax,1000170826,1,naver-hyperclovax/HyperCLOVAX-SEED-Vision-Instruct-3B,kurly_1000170826_1.jpg,convenience_meals/images/kurly_1000170826_1.jpg,상품-대표-이미지 1,matched,,0,이미지에는 크리미치즈 소시지 핫도그가 놓인 접시가 있습니다.,,,reused,not_required,alt_preprocessed_5.csv:HyperCLOVAX_KOR,,,,소시지 / 크리미 / 핫도그 / 치즈,4,"이미지에는 소시지와 치즈가 들어간 핫도그가 있으며, 핫도그 위에는 빵가루를 묻혀 튀긴 것으로 보입니다.",,"이미지에는 소시지와 치즈가 들어간 핫도그가 있으며, 핫도그 위에는 빵가루를 묻혀 튀긴 것으로 보입니다.",ok,not_required,vlm,,False,,소시지 핫도그 / 치즈 소시지 / 크리미 치즈,3,"이미지에는 소시지가 들어간 핫도그가 있으며, 핫도그 중 하나는 치즈 소시지입니다.",,"이미지에는 소시지가 들어간 핫도그가 있으며, 핫도그 중 하나는 치즈 소시지입니다.",ok,not_required,vlm,,False,,치즈 소시지 핫도그 / 크리미 치즈 소시지,2,이미지에는 크리미 치즈 소시지 핫도그가 놓인 접시가 있습니다.,,이미지에는 크리미 치즈 소시지 핫도그가 놓인 접시가 있습니다.,ok,not_required,vlm,,False,,True
convenience_meals,hyperclovax,1000170826,2,naver-hyperclovax/HyperCLOVAX-SEED-Vision-Instruct-3B,kurly_1000170826_2.jpg,convenience_meals/images/kurly_1000170826_2.jpg,,matched,,0,"이미지에는 노란색 배경 위에 놓인 두 개의 접시에 담긴 콘도그가 있습니다. 왼쪽 접시에는 전체 콘도그와 반으로 잘린 콘도그가 놓여 있고, 오른쪽 접시에는 세 개의 콘도그가 놓여 있으며 그 중 한 개는 반으로 잘려 안에 치즈가 흘러나오고 있습니다.",,,reused,not_required,alt_preprocessed_5.csv:HyperCLOVAX_KOR,,,,콘도그 / 잘리다 / 반 / 노란색 / 배경,5,"이미지에는 노란색 배경 위에 놓인 두 개의 접시에 담긴 콘도그가 있습니다. 왼쪽 접시에는 반으로 잘린 콘도그가 있고, 오른쪽 접시에는 온전한 콘도그가 놓여 있습니다.",,"이미지에는 노란색 배경 위에 놓인 두 개의 접시에 담긴 콘도그가 있습니다. 왼쪽 접시에는 반으로 잘린 콘도그가 있고, 오른쪽 접시에는 온전한 콘도그가 놓여 있습니다.",ok,not_required,vlm,,False,,반 잘리다 / 1개 반 / 3개 콘도그 / 노란색 배경 / 담기다 콘도그,5,"이미지에는 노란색 배경 위에 놓인 두 개의 접시에 담긴 콘도그가 있습니다. 왼쪽 접시에는 반으로 잘린 콘도그가 놓여 있고, 오른쪽 접시에는 온전한 콘도그 세 개가 놓여 있습니다.",,"이미지에는 노란색 배경 위에 놓인 두 개의 접시에 담긴 콘도그가 있습니다. 왼쪽 접시에는 반으로 잘린 콘도그가 놓여 있고, 오른쪽 접시에는 온전한 콘도그 세 개가 놓여 있습니다.",ok,not_required,vlm,,False,,1개 반 잘리다 / 2개 담기다 콘도그 / 3개 콘도그 중 / 노란색 배경 2개 / 담기다 콘도그 왼쪽,5,"이미지에는 노란색 배경 위에 놓인 두 개의 접시에 담긴 콘도그가 있습니다. 왼쪽 접시에는 반으로 잘린 콘도그가 놓여 있고, 오른쪽 접시에는 세 개의 콘도그가 모두 온전한 상태로 놓여 있습니다.",,"이미지에는 노란색 배경 위에 놓인 두 개의 접시에 담긴 콘도그가 있습니다. 왼쪽 접시에는 반으로 잘린 콘도그가 놓여 있고, 오른쪽 접시에는 세 개의 콘도그가 모두 온전한 상태로 놓여 있습니다.",ok,not_required,vlm,,False,,True
convenience_meals,hyperclovax,1000185462,1,naver-hyperclovax/HyperCLOVAX-SEED-Vision-Instruct-3B,kurly_1000185462_1.jpg,convenience_meals/images/kurly_1000185462_1.jpg,상품-대표-이미지 1,matched,,0,이미지에는 6가지 종류의 냉동 주먹밥 제품이 있습니다.,,,reused,not_required,alt_preprocessed_5.csv:HyperCLOVAX_KOR,,,,냉동 / 6 / 가지 / 종류 / 주먹밥,5,이미지에는 6가지 종류의 냉동 주먹밥이 있습니다.,,이미지에는 6가지 종류의 냉동 주먹밥이 있습니다.,ok,not_required,vlm,,False,,가지 종류 / 냉동 주먹밥 / 종류 냉동 / 6 가지 / 주먹밥 제품,5,이미지에는 6가지 종류의 냉동 주먹밥이 있습니다.,,이미지에는 6가지 종류의 냉동 주먹밥이 있습니다.,ok,not_required,vlm,,False,,6 가지 종류 / 가지 종류 냉동 / 냉동 주먹밥 제품 / 종류 냉동 주먹밥,4,이미지에는 6가지 종류의 냉동 주먹밥 제품이 있습니다.,,이미지에는 6가지 종류의 냉동 주먹밥 제품이 있습니다.,ok,not_required,vlm,,False,,True
convenience_meals,hyperclovax,1000185462,2,naver-hyperclovax/HyperCLOVAX-SEED-Vision-Instruct-3B,kurly_1000185462_2.jpg,convenience_meals/images/kurly_1000185462_2.jpg,,matched,,0,이미지에는 6가지 맛의 해반 브랜드 주먹밥 제품이 있습니다.,,,reused,not_required,alt_preprocessed_5.csv:HyperCLOVAX_KOR,,,,해 / 6 / 가지 / 반 / 맛,5,이미지에는 6가지 맛의 해반 브랜드 주먹밥이 있습니다.,,이미지에는 6가지 맛의 해반 브랜드 주먹밥이 있습니다.,ok,not_required,vlm,,False,,가지 맛 / 맛 해 / 반 브랜드 / 브랜드 주먹밥 / 해 반,5,이미지에는 다양한 맛의 주먹밥이 포장된 상품들이 있습니다.,,이미지에는 다양한 맛의 주먹밥이 포장된 상품들이 있습니다.,ok,not_required,vlm,,False,,6 가지 맛 / 가지 맛 해 / 맛 해 반 / 반 브랜드 주먹밥 / 브랜드 주먹밥 제품,5,이미지에는 6가지 맛의 해반 브랜드 주먹밥이 있습니다.,,이미지에는 6가지 맛의 해반 브랜드 주먹밥이 있습니다.,ok,not_required,vlm,,False,,True
convenience_meals,hyperclovax,1000202889,1,naver-hyperclovax/HyperCLOVAX-SEED-Vision-Instruct-3B,kurly_1000202889_1.jpg,convenience_meals/images/kurly_1000202889_1.jpg,상품-대표-이미지 1,matched,,0,이미지에는 흰색의 포장지에 '한반'이라는 브랜드명과 '현제나 홀드큰쌀밥'이라는 제품명이 적혀 있는 상자가 있고 그 옆에는 동일한 상자의 뚜껑과 밥이 담긴 흰색 그릇이 놓여 있습니다.,,,reused,not_required,alt_preprocessed_5.csv:HyperCLOVAX_KOR,,,,명 / 상자 / 흰색 / 동일 / 한반,5,"이미지에는 흰색의 상자에 포장된 '한반'이라는 브랜드의 '현제나 홀드큰쌀밥'이 있으며, 그 옆에는 동일한 제품의 뚜껑이 열린 용기와 밥이 담긴 흰색 그릇이 놓여 있습니다.",,"이미지에는 흰색의 상자에 포장된 '한반'이라는 브랜드의 '현제나 홀드큰쌀밥'이 있으며, 그 옆에는 동일한 제품의 뚜껑이 열린 용기와 밥이 담긴 흰색 그릇이 놓여 있습니다.",ok,not_required,vlm,,False,,동일 상자 / 뚜껑 밥 / 명 현제나_홀드큰쌀밥 / 밥 담기다 / 상자 뚜껑,5,이미지에는 현제나 홀드큰쌀밥 상자와 뚜껑 밥이 놓여 있습니다.,,이미지에는 현제나 홀드큰쌀밥 상자와 뚜껑 밥이 놓여 있습니다.,ok,not_required,vlm,,False,,동일 상자 뚜껑 / 뚜껑 밥 담기다 / 명 적히다 상자 / 명 현제나_홀드큰쌀밥 제품 / 밥 담기다 흰색,5,"이미지에는 현제나 홀드큰쌀밥 제품의 상자와 뚜껑, 그리고 밥이 담긴 흰색 그릇이 있습니다.",,"이미지에는 현제나 홀드큰쌀밥 제품의 상자와 뚜껑, 그리고 밥이 담긴 흰색 그릇이 있습니다.",ok,not_required,vlm,,False,,True
convenience_meals,hyperclovax,1000202889,2,naver-hyperclovax/HyperCLOVAX-SEED-Vision-Instruct-3B,kurly_1000202889_2.jpg,convenience_meals/images/kurly_1000202889_2.jpg,,matched,,0,이미지에는 햇반 연제나향긋한골든퀴쌀밥 6개입 제품이 있습니다.,,,reused,not_required,alt_preprocessed_5.csv:HyperCLOVAX_KOR,,,,골든 / 쌀밥 / 연제 / 퀴 / 햇반,5,이미지에는 '햇반 연제나향긋한골든퀴쌀밥'이라는 상품명과 함께 상품의 포장 박스와 그릇에 담긴 쌀밥의 모습이 있습니다.,,이미지에는 '햇반 연제나향긋한골든퀴쌀밥'이라는 상품명과 함께 상품의 포장 박스와 그릇에 담긴 쌀밥의 모습이 있습니다.,ok,not_required,vlm,,False,,6개입 제품 / 골든 퀴 / 쌀밥 6개입 / 연제 골든 / 퀴 쌀밥,5,"이미지에는 연제 골든 퀴 쌀밥 6개입 제품이 있으며, 상자에는 6개입이라고 적혀 있고, 작은 용기에도 연제 골든 퀴 쌀밥이라고 적혀 있습니다.",,"이미지에는 연제 골든 퀴 쌀밥 6개입 제품이 있으며, 상자에는 6개입이라고 적혀 있고, 작은 용기에도 연제 골든 퀴 쌀밥이라고 적혀 있습니다.",ok,not_required,vlm,,False,,쌀밥 6개입 제품 / 골든 퀴 쌀밥 / 연제 골든 퀴 / 퀴 쌀밥 6개입 / 햇반 연제 골든,5,"이미지에는 쌀밥 6개입 제품과 상자가 보이며, 상자에는 '연제나 골든 퀴 쌀밥'이라고 적혀 있습니다.",,"이미지에는 쌀밥 6개입 제품과 상자가 보이며, 상자에는 '연제나 골든 퀴 쌀밥'이라고 적혀 있습니다.",ok,not_required,vlm,,False,,True
convenience_meals,hyperclovax,1000308975,1,naver-hyperclovax/HyperCLOVAX-SEED-Vision-Instruct-3B,kurly_1000308975_1.jpg,convenience_meals/images/kurly_1000308975_1.jpg,상품-대표-이미지 1,matched,,0,이미지에는 99닭강정 포장이 있고 그 옆에는 닭강정 한 조각이 놓인 포크가 있습니다.,,,reused,not_required,alt_preprocessed_5.csv:HyperCLOVAX_KOR,,,,강정 / 닭 / 99 / 포크 / 옆,5,"이미지에는 강정 한 봉지와 그 옆 접시에 담긴 강정, 포크가 놓여 있습니다.",,"이미지에는 강정 한 봉지와 그 옆 접시에 담긴 강정, 포크가 놓여 있습니다.",ok,not_required,vlm,,False,,닭 강정 / 99 닭 / 강정 조각 / 강정 포장 / 옆 닭,5,"이미지에는 윤기 나는 소스에 버무려진 닭강정 한 접시와 포장된 닭강정 한 봉지가 있으며, 포장지에는 '99닭강정'이라는 글자가 적혀 있습니다.",,"이미지에는 윤기 나는 소스에 버무려진 닭강정 한 접시와 포장된 닭강정 한 봉지가 있으며, 포장지에는 '99닭강정'이라는 글자가 적혀 있습니다.",ok,not_required,vlm,,False,,99 닭 강정 / 강정 조각 포크 / 강정 포장 옆 / 닭 강정 조각 / 닭 강정 포장,5,이미지에는 99닭강정이라는 이름의 닭강정 제품이 있으며 포장 옆에는 닭강정 조각과 포크가 놓여 있습니다.,,이미지에는 99닭강정이라는 이름의 닭강정 제품이 있으며 포장 옆에는 닭강정 조각과 포크가 놓여 있습니다.,ok,not_required,vlm,,False,,True
convenience_meals,hyperclovax,1000308975,2,naver-hyperclovax/HyperCLOVAX-SEED-Vision-Instruct-3B,kurly_1000308975_2.jpg,convenience_meals/images/kurly_1000308975_2.jpg,,matched,,0,이미지에는 윤기 나는 양념 치킨이 담긴 접시가 있습니다.,,,reused,not_required,alt_preprocessed_5.csv:HyperCLOVAX_KOR,,,,나다 / 양념 / 윤기 / 치킨 / 담기다,5,이미지에는 윤기 나는 양념 치킨이 담긴 접시와 포크가 놓여 있습니다.,,이미지에는 윤기 나는 양념 치킨이 담긴 접시와 포크가 놓여 있습니다.,ok,not_required,vlm,,False,,나다 양념 / 양념 치킨 / 치킨 담기다 / 윤기 나다,4,이미지에는 윤기 나는 양념 치킨이 담긴 접시와 포크가 놓여 있습니다.,,이미지에는 윤기 나는 양념 치킨이 담긴 접시와 포크가 놓여 있습니다.,ok,not_required,vlm,,False,,나다 양념 치킨 / 양념 치킨 담기다 / 윤기 나다 양념,3,이미지에는 윤기 나는 양념 치킨이 담긴 접시와 포크가 놓여 있습니다.,,이미지에는 윤기 나는 양념 치킨이 담긴 접시와 포크가 놓여 있습니다.,ok,not_required,vlm,,False,,True
convenience_meals,hyperclovax,1000572062,1,naver-hyperclovax/HyperCLOVAX-SEED-Vision-Instruct-3B,kurly_1000572062_1.jpg,convenience_meals/images/kurly_1000572062_1.jpg,상품-대표-이미지 1,matched,,0,이미지에는 검은색 냄비에 담긴 육개장이 있습니다.,,,reused,not_required,alt_preprocessed_5.csv:HyperCLOVAX_KOR,,,,육개장 / 냄비 / 검은색 / 담기다,4,이미지에는 육개장이 담긴 검은색 냄비가 있습니다.,,이미지에는 육개장이 담긴 검은색 냄비가 있습니다.,ok,not_required,vlm,,False,,담기다 육개장 / 검은색 냄비 / 냄비 담기다,3,이미지에는 육개장이 담긴 검은색 냄비가 있습니다.,,이미지에는 육개장이 담긴 검은색 냄비가 있습니다.,ok,not_required,vlm,,False,,냄비 담기다 육개장 / 검은색 냄비 담기다,2,이미지에는 육개장이 담긴 검은색 냄비가 있습니다.,,이미지에는 육개장이 담긴 검은색 냄비가 있습니다.,ok,not_required,vlm,,False,,True
convenience_meals,hyperclovax,1000572062,2,naver-hyperclovax/HyperCLOVAX-SEED-Vision-Instruct-3B,kurly_1000572062_2.jpg,convenience_meals/images/kurly_1000572062_2.jpg,,matched,,0,이미지에는 검은색 냄비에 담긴 소고기 국물 요리가 있습니다.,,,reused,not_required,alt_preprocessed_5.csv:HyperCLOVAX_KOR,,,,소고기 / 냄비 / 검은색 / 국물 / 요리,5,이미지에는 검은색 냄비에 담긴 소고기 국물 요리가 있습니다.,,이미지에는 검은색 냄비에 담긴 소고기 국물 요리가 있습니다.,ok,not_required,vlm,,False,,담기다 소고기 / 소고기 국물 / 검은색 냄비 / 냄비 담기다 / 국물 요리,5,이미지에는 검은색 냄비에 담긴 소고기 국물 요리가 있습니다.,,이미지에는 검은색 냄비에 담긴 소고기 국물 요리가 있습니다.,ok,not_required,vlm,,False,,냄비 담기다 소고기 / 담기다 소고기 국물 / 소고기 국물 요리 / 검은색 냄비 담기다,4,이미지에는 검은색 냄비에 담긴 소고기 국물 요리가 있습니다.,,이미지에는 검은색 냄비에 담긴 소고기 국물 요리가 있습니다.,ok,not_required,vlm,,False,,True
convenience_meals,hyperclovax,1000619042,1,naver-hyperclovax/HyperCLOVAX-SEED-Vision-Instruct-3B,kurly_1000619042_1.jpg,convenience_meals/images/kurly_1000619042_1.jpg,상품-대표-이미지 1,matched,,0,이미지에는 통새우 만두가 담긴 흰색 접시와 통새우 만두가 그려진 포장지가 있습니다.,,,reused,not_required,alt_preprocessed_5.csv:HyperCLOVAX_KOR,,,,통 / 새우 / 만두 / 그리다 / 포장지,5,이미지에는 통새우 만두가 포장지에 싸여 있고 왼쪽에는 통새우 만두가 놓인 접시가 있습니다.,,이미지에는 통새우 만두가 포장지에 싸여 있고 왼쪽에는 통새우 만두가 놓인 접시가 있습니다.,ok,not_required,vlm,,False,,새우 만두 / 통 새우 / 그리다 포장지 / 만두 그리다 / 만두 담기다,5,이미지에는 통새우 만두가 포장된 모습과 함께 조리된 만두가 담긴 접시가 있습니다.,,이미지에는 통새우 만두가 포장된 모습과 함께 조리된 만두가 담긴 접시가 있습니다.,ok,not_required,vlm,,False,,통 새우 만두 / 담기다 흰색 통 / 만두 그리다 포장지 / 만두 담기다 흰색 / 새우 만두 그리다,5,이미지에는 흰색 접시에 담긴 통새우 만두와 그 포장지가 있습니다.,,이미지에는 흰색 접시에 담긴 통새우 만두와 그 포장지가 있습니다.,ok,not_required,vlm,,False,,True
convenience_meals,hyperclovax,1000619042,2,naver-hyperclovax/HyperCLOVAX-SEED-Vision-Instruct-3B,kurly_1000619042_2.jpg,convenience_meals/images/kurly_1000619042_2.jpg,,matched,,0,이미지에는 접시 위에 놓인 새우가 들어간 만두가 있습니다.,,,reused,not_required,alt_preprocessed_5.csv:HyperCLOVAX_KOR,,,,새우 / 만두 / 들어가다,3,이미지에는 구운 새우가 들어간 만두가 하얀 접시 위에 놓여 있습니다.,,이미지에는 구운 새우가 들어간 만두가 하얀 접시 위에 놓여 있습니다.,ok,not_required,vlm,,False,,들어가다 만두 / 새우 들어가다,2,"이미지에는 접시 위에 놓인 여러 개의 만두가 있으며, 그 중 일부는 새우가 들어있는 것으로 보입니다.",,"이미지에는 접시 위에 놓인 여러 개의 만두가 있으며, 그 중 일부는 새우가 들어있는 것으로 보입니다.",ok,not_required,vlm,,False,,새우 들어가다 만두,1,이미지에는 새우가 들어간 만두가 하얀 접시 위에 놓여 있습니다.,,이미지에는 새우가 들어간 만두가 하얀 접시 위에 놓여 있습니다.,ok,not_required,vlm,,False,,True
convenience_meals,hyperclovax,1000765126,1,naver-hyperclovax/HyperCLOVAX-SEED-Vision-Instruct-3B,kurly_1000765126_1.jpg,convenience_meals/images/kurly_1000765126_1.jpg,상품-대표-이미지 1,matched,,0,이미지에는 접시에 담긴 만두와 만두 포장지가 있습니다.,,,reused,not_required,alt_preprocessed_5.csv:HyperCLOVAX_KOR,,,,만두 / 포장지 / 담기다,3,"이미지에는 포장지에 포장된 만두가 담긴 접시가 보이며, 접시 옆에는 보라색 젓가락과 냅킨이 놓여 있습니다.",,"이미지에는 포장지에 포장된 만두가 담긴 접시가 보이며, 접시 옆에는 보라색 젓가락과 냅킨이 놓여 있습니다.",ok,not_required,vlm,,False,,담기다 만두 / 만두 만두 / 만두 포장지,3,"이미지에는 구운 만두가 담긴 접시가 보이며, 접시 옆에는 만두 포장지가 놓여 있습니다.",,"이미지에는 구운 만두가 담긴 접시가 보이며, 접시 옆에는 만두 포장지가 놓여 있습니다.",ok,not_required,vlm,,False,,담기다 만두 만두 / 만두 만두 포장지,2,"이미지에는 구운 만두가 담긴 접시가 보이며, 접시 옆에는 만두 포장지가 놓여 있습니다.",,"이미지에는 구운 만두가 담긴 접시가 보이며, 접시 옆에는 만두 포장지가 놓여 있습니다.",ok,not_required,vlm,,False,,True
convenience_meals,hyperclovax,1000765126,2,naver-hyperclovax/HyperCLOVAX-SEED-Vision-Instruct-3B,kurly_1000765126_2.jpg,convenience_meals/images/kurly_1000765126_2.jpg,,matched,,0,이미지에는 접시 위에 놓인 만두가 있습니다.,,,reused,not_required,alt_preprocessed_5.csv:HyperCLOVAX_KOR,,,,만두,1,이미지에는 만두가 있습니다.,,이미지에는 만두가 있습니다.,ok,not_required,vlm,,False,,,0,,,,no_keywords,not_required,vlm,,,이 이미지·모델에 해당하는 핵심어가 없음.,,0,,,,no_keywords,not_required,vlm,,,이 이미지·모델에 해당하는 핵심어가 없음.,False
convenience_meals,hyperclovax,1000811962,1,naver-hyperclovax/HyperCLOVAX-SEED-Vision-Instruct-3B,kurly_1000811962_1.jpg,convenience_meals/images/kurly_1000811962_1.jpg,상품-대표-이미지 1,matched,,0,이미지에는 검은색 프라이팬에 담긴 해산물 요리가 있습니다.,,,reused,not_required,alt_preprocessed_5.csv:HyperCLOVAX_KOR,,,,프라이팬 / 해산물 / 검은색 / 요리 / 담기다,5,이미지에는 검은색 프라이팬에 담긴 해산물 요리가 있습니다.,,이미지에는 검은색 프라이팬에 담긴 해산물 요리가 있습니다.,ok,not_required,vlm,,False,,프라이팬 담기다 / 검은색 프라이팬 / 담기다 해산물 / 해산물 요리,4,이미지에는 검은색 프라이팬에 담긴 해산물 요리가 있습니다.,,이미지에는 검은색 프라이팬에 담긴 해산물 요리가 있습니다.,ok,not_required,vlm,,False,,검은색 프라이팬 담기다 / 프라이팬 담기다 해산물 / 담기다 해산물 요리,3,이미지에는 검은색 프라이팬에 담긴 해산물 요리가 있습니다.,,이미지에는 검은색 프라이팬에 담긴 해산물 요리가 있습니다.,ok,not_required,vlm,,False,,True
convenience_meals,hyperclovax,1000811962,2,naver-hyperclovax/HyperCLOVAX-SEED-Vision-Instruct-3B,kurly_1000811962_2.jpg,convenience_meals/images/kurly_1000811962_2.jpg,,matched,,0,이미지에는 매콤한 해산물 요리가 담긴 검은색 프라이팬이 있습니다.,,,reused,not_required,alt_preprocessed_5.csv:HyperCLOVAX_KOR,,,,프라이팬 / 해산물 / 검은색 / 요리 / 담기다,5,이미지에는 검은색 프라이팬에 담긴 해산물 요리가 있습니다.,,이미지에는 검은색 프라이팬에 담긴 해산물 요리가 있습니다.,ok,not_required,vlm,,False,,담기다 검은색 / 검은색 프라이팬 / 해산물 요리 / 요리 담기다,4,이미지에는 검은색 프라이팬에 담긴 해산물 요리가 있습니다.,,이미지에는 검은색 프라이팬에 담긴 해산물 요리가 있습니다.,ok,not_required,vlm,,False,,담기다 검은색 프라이팬 / 요리 담기다 검은색 / 해산물 요리 담기다,3,이미지에는 검은색 프라이팬에 담긴 해산물 요리가 있습니다.,,이미지에는 검은색 프라이팬에 담긴 해산물 요리가 있습니다.,ok,not_required,vlm,,False,,True
convenience_meals,hyperclovax,1000832403,1,naver-hyperclovax/HyperCLOVAX-SEED-Vision-Instruct-3B,kurly_1000832403_1.jpg,convenience_meals/images/kurly_1000832403_1.jpg,상품-대표-이미지 1,matched,,0,이미지에는 햇반 브랜드의 현미밥 상품이 있습니다.,,,reused,not_required,alt_preprocessed_5.csv:HyperCLOVAX_KOR,,,,현미밥 / 상품 / 햇반 / 브랜드,4,이미지에는 현미밥 상품인 '햇반'이 있습니다.,,이미지에는 현미밥 상품인 '햇반'이 있습니다.,ok,not_required,vlm,,False,,브랜드 현미밥 / 햇반 브랜드 / 현미밥 상품,3,이미지에는 현미밥 상품이 있습니다.,,이미지에는 현미밥 상품이 있습니다.,ok,not_required,vlm,,False,,브랜드 현미밥 상품 / 햇반 브랜드 현미밥,2,이미지에는 브랜드 현미밥 상품이 있습니다.,,이미지에는 브랜드 현미밥 상품이 있습니다.,ok,not_required,vlm,,False,,True
convenience_meals,hyperclovax,1000832403,2,naver-hyperclovax/HyperCLOVAX-SEED-Vision-Instruct-3B,kurly_1000832403_2.jpg,convenience_meals/images/kurly_1000832403_2.jpg,,matched,,0,이미지에는 흰색 그릇에 담긴 밥과 밥을 떠서 들고 있는 나무 숟가락이 있습니다.,,,reused,not_required,alt_preprocessed_5.csv:HyperCLOVAX_KOR,,,,밥 / 나무 / 뜨다 / 숟가락 / 들다,5,"이미지에는 밥이 담긴 그릇이 있으며, 그릇을 들고 있는 나무 숟가락이 있습니다. 숟가락에는 밥이 떠져 있으며, 숟가락을 들고 있는 그릇에는 밥이 가득 담겨 있습니다.",,"이미지에는 밥이 담긴 그릇이 있으며, 그릇을 들고 있는 나무 숟가락이 있습니다. 숟가락에는 밥이 떠져 있으며, 숟가락을 들고 있는 그릇에는 밥이 가득 담겨 있습니다.",ok,not_required,vlm,,False,,나무 숟가락 / 담기다 밥 / 들다 나무 / 뜨다 들다 / 밥 뜨다,5,이미지에는 흰색 그릇에 담긴 밥과 나무 숟가락이 있습니다.,,이미지에는 흰색 그릇에 담긴 밥과 나무 숟가락이 있습니다.,ok,not_required,vlm,,False,,담기다 밥 밥 / 들다 나무 숟가락 / 뜨다 들다 나무 / 밥 뜨다 들다 / 밥 밥 뜨다,5,"이미지에는 밥이 담긴 흰색 그릇이 보이며, 그릇 위에는 나무 숟가락이 밥을 떠서 들어 올리고 있는 모습입니다.",,"이미지에는 밥이 담긴 흰색 그릇이 보이며, 그릇 위에는 나무 숟가락이 밥을 떠서 들어 올리고 있는 모습입니다.",ok,not_required,vlm,,False,,True
convenience_meals,hyperclovax,1000942597,1,naver-hyperclovax/HyperCLOVAX-SEED-Vision-Instruct-3B,kurly_1000942597_1.jpg,convenience_meals/images/kurly_1000942597_1.jpg,상품-대표-이미지 1,matched,,0,이미지에는 크림 소스에 버섯과 붉은 고추가 들어간 파스타가 담긴 그릇이 있습니다.,,,reused,not_required,alt_preprocessed_5.csv:HyperCLOVAX_KOR,,,,고추 / 버섯 / 붉다 / 크림 / 파스타,5,"이미지에는 크림 소스와 붉은 고추, 버섯이 얹어진 파스타가 담긴 그릇이 보라색 천 위에 놓여 있고, 그릇에는 '나나짬뽕'이라는 글자가 적혀 있습니다.",,"이미지에는 크림 소스와 붉은 고추, 버섯이 얹어진 파스타가 담긴 그릇이 보라색 천 위에 놓여 있고, 그릇에는 '나나짬뽕'이라는 글자가 적혀 있습니다.",ok,not_required,vlm,,False,,고추 들어가다 / 들어가다 파스타 / 버섯 붉다 / 붉다 고추 / 소스 버섯,5,"이미지에는 파스타 요리가 담긴 그릇이 보이며, 그릇에는 '나무솥'이라는 글자가 적혀 있습니다. 파스타 위에는 붉은 고추와 버섯이 토핑으로 올라가 있고, 크림 소스가 묻어 있는 것으로 보입니다.",,"이미지에는 파스타 요리가 담긴 그릇이 보이며, 그릇에는 '나무솥'이라는 글자가 적혀 있습니다. 파스타 위에는 붉은 고추와 버섯이 토핑으로 올라가 있고, 크림 소스가 묻어 있는 것으로 보입니다.",ok,not_required,vlm,,False,,고추 들어가다 파스타 / 들어가다 파스타 담기다 / 버섯 붉다 고추 / 붉다 고추 들어가다 / 소스 버섯 붉다,5,"이미지에는 소스가 뿌려진 파스타가 담긴 그릇이 보이며, 그릇에는 '나나냉면'이라는 글씨가 적혀 있습니다.",,"이미지에는 소스가 뿌려진 파스타가 담긴 그릇이 보이며, 그릇에는 '나나냉면'이라는 글씨가 적혀 있습니다.",ok,not_required,vlm,,False,,True
convenience_meals,hyperclovax,1000942597,2,naver-hyperclovax/HyperCLOVAX-SEED-Vision-Instruct-3B,kurly_1000942597_2.jpg,convenience_meals/images/kurly_1000942597_2.jpg,,matched,,0,이미지에는 크림소스에 버무려진 파스타가 담긴 그릇이 있습니다.,,,reused,not_required,alt_preprocessed_5.csv:HyperCLOVAX_KOR,,,,크림 / 파스타 / 버무리다 / 소스 / 담기다,5,이미지에는 크림소스와 파스타가 담긴 그릇이 있습니다.,,이미지에는 크림소스와 파스타가 담긴 그릇이 있습니다.,ok,not_required,vlm,,False,,버무리다 파스타 / 크림 소스 / 파스타 담기다 / 소스 버무리다,4,이미지에는 크림 소스가 묻은 파스타가 담긴 그릇이 있습니다.,,이미지에는 크림 소스가 묻은 파스타가 담긴 그릇이 있습니다.,ok,not_required,vlm,,False,,버무리다 파스타 담기다 / 소스 버무리다 파스타 / 크림 소스 버무리다,3,이미지에는 크림 소스가 묻은 파스타가 담긴 그릇이 있습니다.,,이미지에는 크림 소스가 묻은 파스타가 담긴 그릇이 있습니다.,ok,not_required,vlm,,False,,True
convenience_meals,hyperclovax,1001150374,1,naver-hyperclovax/HyperCLOVAX-SEED-Vision-Instruct-3B,kurly_1001150374_1.jpg,convenience_meals/images/kurly_1001150374_1.jpg,상품-대표-이미지 1,matched,,0,이미지에는 접시에 담긴 랩과 여러 개의 랩 포장지가 놓여 있습니다.,,,reused,not_required,alt_preprocessed_5.csv:HyperCLOVAX_KOR,,,,랩 / 여러개 / 포장지 / 담기다,4,이미지에는 여러 개의 포장지에 싸인 랩이 담긴 흰색 접시가 있습니다.,,이미지에는 여러 개의 포장지에 싸인 랩이 담긴 흰색 접시가 있습니다.,ok,not_required,vlm,,False,,담기다 랩 / 랩 여러개 / 랩 포장지 / 여러개 랩,4,이미지에는 여러 개의 포장된 랩과 그 중 일부가 담긴 접시가 있습니다.,,이미지에는 여러 개의 포장된 랩과 그 중 일부가 담긴 접시가 있습니다.,ok,not_required,vlm,,False,,담기다 랩 여러개 / 랩 여러개 랩 / 여러개 랩 포장지,3,이미지에는 여러 개의 포장된 랩과 그 중 일부가 담긴 접시가 있습니다.,,이미지에는 여러 개의 포장된 랩과 그 중 일부가 담긴 접시가 있습니다.,ok,not_required,vlm,,False,,True
convenience_meals,hyperclovax,1001150374,2,naver-hyperclovax/HyperCLOVAX-SEED-Vision-Instruct-3B,kurly_1001150374_2.jpg,convenience_meals/images/kurly_1001150374_2.jpg,,matched,,0,이미지에는 세 개의 랩이 담긴 접시가 있습니다.,,,reused,not_required,alt_preprocessed_5.csv:HyperCLOVAX_KOR,,,,3개 / 랩 / 담기다,3,이미지에는 세 개의 랩이 담긴 접시가 있습니다.,,이미지에는 세 개의 랩이 담긴 접시가 있습니다.,ok,not_required,vlm,,False,,3개 랩 / 랩 담기다,2,이미지에는 세 개의 랩이 접시에 담겨 있습니다.,,이미지에는 세 개의 랩이 접시에 담겨 있습니다.,ok,not_required,vlm,,False,,3개 랩 담기다,1,이미지에는 세 개의 랩이 담긴 접시가 있습니다.,,이미지에는 세 개의 랩이 담긴 접시가 있습니다.,ok,not_required,vlm,,False,,True
convenience_meals,hyperclovax,1001191650,1,naver-hyperclovax/HyperCLOVAX-SEED-Vision-Instruct-3B,kurly_1001191650_1.jpg,convenience_meals/images/kurly_1001191650_1.jpg,상품-대표-이미지 1,matched,,0,이미지에는 다양한 종류의 쌀과자 패키지와 그 제품들이 담긴 접시가 있습니다.,,,reused,not_required,alt_preprocessed_5.csv:HyperCLOVAX_KOR,,,,과자 / 쌀 / 패키지 / 종류 / 제품,5,"이미지에는 쌀로 만든 과자 종류가 여러 개 있으며, 각각의 과자는 패키지에 담겨 있고, 패키지에는 제품명이 적혀 있습니다.",,"이미지에는 쌀로 만든 과자 종류가 여러 개 있으며, 각각의 과자는 패키지에 담겨 있고, 패키지에는 제품명이 적혀 있습니다.",ok,not_required,vlm,,False,,과자 패키지 / 쌀 과자 / 제품 담기다 / 종류 쌀 / 패키지 제품,5,이미지에는 다양한 종류의 쌀 과자 패키지가 보라색 배경 위에 놓여 있습니다.,,이미지에는 다양한 종류의 쌀 과자 패키지가 보라색 배경 위에 놓여 있습니다.,ok,not_required,vlm,,False,,과자 패키지 제품 / 다양 종류 쌀 / 쌀 과자 패키지 / 종류 쌀 과자 / 패키지 제품 담기다,5,이미지에는 다양한 종류의 쌀 과자 패키지가 보라색 배경 위에 놓여 있습니다.,,이미지에는 다양한 종류의 쌀 과자 패키지가 보라색 배경 위에 놓여 있습니다.,ok,not_required,vlm,,False,,True
convenience_meals,hyperclovax,1001191650,2,naver-hyperclovax/HyperCLOVAX-SEED-Vision-Instruct-3B,kurly_1001191650_2.jpg,convenience_meals/images/kurly_1001191650_2.jpg,,matched,,0,이미지에는 다양한 맛의 곤약 젤리 제품이 포장된 모습이 있습니다.,,,reused,not_required,alt_preprocessed_5.csv:HyperCLOVAX_KOR,,,,곤약 / 젤리 / 맛 / 모습 / 포장,5,"이미지에는 곤약 젤리로 포장된 제품이 여러 개 있으며, 각각의 포장에는 제품의 이름과 맛, 그리고 젤리 형태의 모습이 나타나 있습니다.",,"이미지에는 곤약 젤리로 포장된 제품이 여러 개 있으며, 각각의 포장에는 제품의 이름과 맛, 그리고 젤리 형태의 모습이 나타나 있습니다.",ok,not_required,vlm,,False,,곤약 젤리 / 맛 곤약 / 제품 포장 / 젤리 제품 / 포장 모습,5,이미지에는 곤약 젤리 제품이 포장된 모습과 실제 제품이 놓인 접시가 있습니다.,,이미지에는 곤약 젤리 제품이 포장된 모습과 실제 제품이 놓인 접시가 있습니다.,ok,not_required,vlm,,False,,곤약 젤리 제품 / 다양 맛 곤약 / 맛 곤약 젤리 / 제품 포장 모습 / 젤리 제품 포장,5,"이미지에는 곤약 젤리 제품이 있으며, 포장에는 '다양 맛 곤약'이라고 적혀 있고, 젤리 제품은 포장된 모습과 실제 제품이 잘려진 모습으로 나타나 있습니다.",,"이미지에는 곤약 젤리 제품이 있으며, 포장에는 '다양 맛 곤약'이라고 적혀 있고, 젤리 제품은 포장된 모습과 실제 제품이 잘려진 모습으로 나타나 있습니다.",ok,not_required,vlm,,False,,True
convenience_meals,hyperclovax,1001207466,1,naver-hyperclovax/HyperCLOVAX-SEED-Vision-Instruct-3B,kurly_1001207466_1.jpg,convenience_meals/images/kurly_1001207466_1.jpg,상품-대표-이미지 1,matched,,0,이미지에는 조리된 닭갈비가 담긴 냄비와 닭갈비 재료가 담긴 포장 상자가 있습니다.,,,reused,not_required,alt_preprocessed_5.csv:HyperCLOVAX_KOR,,,,갈비 / 닭갈비 / 닭 / 조리 / 상자,5,"이미지 속 음식은 닭갈비이며, 닭갈비는 닭고기와 각종 채소를 매콤하게 조리하여 먹는 한국의 전통 음식입니다.",,"이미지 속 음식은 닭갈비이며, 닭갈비는 닭고기와 각종 채소를 매콤하게 조리하여 먹는 한국의 전통 음식입니다.",ok,not_required,vlm,,False,,갈비 담기다 / 냄비 닭갈비 / 닭 갈비 / 닭갈비 재료 / 담기다 포장,5,이미지에는 닭갈비 재료가 담긴 포장 상자와 닭갈비가 담긴 냄비 그리고 닭갈비 조각이 담긴 접시가 있습니다.,,이미지에는 닭갈비 재료가 담긴 포장 상자와 닭갈비가 담긴 냄비 그리고 닭갈비 조각이 담긴 접시가 있습니다.,ok,not_required,vlm,,False,,갈비 담기다 냄비 / 냄비 닭갈비 재료 / 닭 갈비 담기다 / 닭갈비 재료 담기다 / 담기다 냄비 닭갈비,5,이미지에는 닭갈비 재료가 담긴 냄비와 닭갈비 재료가 담긴 포장 용기가 놓인 모습이 있습니다.,,이미지에는 닭갈비 재료가 담긴 냄비와 닭갈비 재료가 담긴 포장 용기가 놓인 모습이 있습니다.,ok,not_required,vlm,,False,,True
convenience_meals,hyperclovax,1001207466,2,naver-hyperclovax/HyperCLOVAX-SEED-Vision-Instruct-3B,kurly_1001207466_2.jpg,convenience_meals/images/kurly_1001207466_2.jpg,,matched,,0,이미지에는 다양한 재료가 들어간 매콤해 보이는 국물 요리가 담긴 냄비가 있습니다.,,,reused,not_required,alt_preprocessed_5.csv:HyperCLOVAX_KOR,,,,보이다 / 냄비 / 들어가다 / 재료 / 국물,5,이미지에는 다양한 재료가 들어간 국물 요리가 담긴 냄비가 있습니다.,,이미지에는 다양한 재료가 들어간 국물 요리가 담긴 냄비가 있습니다.,ok,not_required,vlm,,False,,들어가다 보이다 / 재료 들어가다 / 담기다 냄비 / 보이다 국물 / 다양 재료,5,"이미지에는 다양한 재료가 들어간 국물 요리가 담긴 냄비가 보이며, 국물은 빨간색으로 매운맛이 나는 것으로 보입니다.",,"이미지에는 다양한 재료가 들어간 국물 요리가 담긴 냄비가 보이며, 국물은 빨간색으로 매운맛이 나는 것으로 보입니다.",ok,not_required,vlm,,False,,다양 재료 들어가다 / 들어가다 보이다 국물 / 재료 들어가다 보이다 / 요리 담기다 냄비 / 보이다 국물 요리,5,이미지에는 다양한 재료가 들어간 매콤한 국물 요리가 담긴 냄비가 있습니다.,,이미지에는 다양한 재료가 들어간 매콤한 국물 요리가 담긴 냄비가 있습니다.,ok,not_required,vlm,,False,,True
convenience_meals,hyperclovax,1001207695,1,naver-hyperclovax/HyperCLOVAX-SEED-Vision-Instruct-3B,kurly_1001207695_1.jpg,convenience_meals/images/kurly_1001207695_1.jpg,상품-대표-이미지 1,matched,,0,이미지에는 한우수보로주먹밥이 있습니다.,,,reused,not_required,alt_preprocessed_5.csv:HyperCLOVAX_KOR,,,,우수 / 보 / 주먹밥,3,이미지에는 한우수보로주먹밥이 있습니다.,,이미지에는 한우수보로주먹밥이 있습니다.,ok,not_required,vlm,,False,,우수 보 / 보 주먹밥,2,이미지에는 한우수보 주먹밥이 있습니다.,,이미지에는 한우수보 주먹밥이 있습니다.,ok,not_required,vlm,,False,,우수 보 주먹밥,1,이미지에는 한우수보주먹밥이 있습니다.,,이미지에는 한우수보주먹밥이 있습니다.,ok,not_required,vlm,,False,,True
convenience_meals,hyperclovax,1001207695,2,naver-hyperclovax/HyperCLOVAX-SEED-Vision-Instruct-3B,kurly_1001207695_2.jpg,convenience_meals/images/kurly_1001207695_2.jpg,,matched,,0,이미지에는 한우리가 만든 한우수보로주먹밥이 있습니다.,,,reused,not_required,alt_preprocessed_5.csv:HyperCLOVAX_KOR,,,,만들다 / 우리 / 한우 / 보 / 주먹밥,5,"이미지에는 갈색 바탕에 회색 접시 위에 삼각형 모양의 한우가 아낌없이 들어간 주먹밥이 놓여 있고, 오른쪽에는 한 우 소보로 주먹밥이라고 적힌 포장지가 있습니다.",,"이미지에는 갈색 바탕에 회색 접시 위에 삼각형 모양의 한우가 아낌없이 들어간 주먹밥이 놓여 있고, 오른쪽에는 한 우 소보로 주먹밥이라고 적힌 포장지가 있습니다.",ok,not_required,vlm,,False,,만들다 한우 / 우리 만들다 / 한우 보 / 보 주먹밥,4,"이미지에는 갈색 바탕 위에 회색 접시에 담긴 보 주먹밥과 보 주먹밥이 들어있는 포장지, 그리고 보 주먹밥이 들어있는 포장지 아래에 놓인 보라색 바탕 위에 놓인 보 주먹밥 패키지가 있습니다.",,"이미지에는 갈색 바탕 위에 회색 접시에 담긴 보 주먹밥과 보 주먹밥이 들어있는 포장지, 그리고 보 주먹밥이 들어있는 포장지 아래에 놓인 보라색 바탕 위에 놓인 보 주먹밥 패키지가 있습니다.",ok,not_required,vlm,,False,,만들다 한우 보 / 우리 만들다 한우 / 한우 보 주먹밥,3,"이미지에는 갈색 바탕 위에 회색 접시에 담긴 삼각형 모양의 주먹밥과 검은색 패키지에 담긴 주먹밥, 그리고 연두색 패키지에 '한우보주먹밥'이라고 적힌 제품이 놓여 있습니다.",,"이미지에는 갈색 바탕 위에 회색 접시에 담긴 삼각형 모양의 주먹밥과 검은색 패키지에 담긴 주먹밥, 그리고 연두색 패키지에 '한우보주먹밥'이라고 적힌 제품이 놓여 있습니다.",ok,not_required,vlm,,False,,True
convenience_meals,hyperclovax,1001401863,1,naver-hyperclovax/HyperCLOVAX-SEED-Vision-Instruct-3B,kurly_1001401863_1.jpg,convenience_meals/images/kurly_1001401863_1.jpg,상품-대표-이미지 1,matched,,0,이미지에는 김치가 들어간 볶음밥이 담긴 그릇이 있습니다.,,,reused,not_required,alt_preprocessed_5.csv:HyperCLOVAX_KOR,,,,김치 / 볶음밥 / 들어가다 / 담기다,4,이미지에는 볶음밥이 담긴 그릇과 그릇 뒤에 있는 요리책이 있습니다.,,이미지에는 볶음밥이 담긴 그릇과 그릇 뒤에 있는 요리책이 있습니다.,ok,not_required,vlm,,False,,김치 들어가다 / 들어가다 볶음밥 / 볶음밥 담기다,3,이미지에는 볶음밥이 담긴 그릇과 그릇 옆에 있는 요리책이 있습니다.,,이미지에는 볶음밥이 담긴 그릇과 그릇 옆에 있는 요리책이 있습니다.,ok,not_required,vlm,,False,,김치 들어가다 볶음밥 / 들어가다 볶음밥 담기다,2,이미지에는 볶음밥이 담긴 그릇과 그릇 뒤에 있는 요리책이 있습니다.,,이미지에는 볶음밥이 담긴 그릇과 그릇 뒤에 있는 요리책이 있습니다.,ok,not_required,vlm,,False,,True
convenience_meals,hyperclovax,1001401863,2,naver-hyperclovax/HyperCLOVAX-SEED-Vision-Instruct-3B,kurly_1001401863_2.jpg,convenience_meals/images/kurly_1001401863_2.jpg,,matched,,0,이미지에는 밥과 김치가 섞인 볶음밥이 담긴 흰색 그릇이 있습니다.,,,reused,not_required,alt_preprocessed_5.csv:HyperCLOVAX_KOR,,,,섞이다 / 김치 / 볶음밥 / 밥 / 흰색,5,이미지에는 흰색 그릇에 담긴 김치 볶음밥이 있습니다.,,이미지에는 흰색 그릇에 담긴 김치 볶음밥이 있습니다.,ok,not_required,vlm,,False,,김치 섞이다 / 밥 김치 / 섞이다 볶음밥 / 볶음밥 담기다 / 담기다 흰색,5,이미지에는 흰색 접시에 담긴 김치 섞이다 볶음밥이 있습니다.,,이미지에는 흰색 접시에 담긴 김치 섞이다 볶음밥이 있습니다.,ok,not_required,vlm,,False,,김치 섞이다 볶음밥 / 밥 김치 섞이다 / 볶음밥 담기다 흰색 / 섞이다 볶음밥 담기다,4,이미지에는 흰색 그릇에 담긴 김치 볶음밥이 있습니다.,,이미지에는 흰색 그릇에 담긴 김치 볶음밥이 있습니다.,ok,not_required,vlm,,False,,True
convenience_meals,hyperclovax,1001422945,1,naver-hyperclovax/HyperCLOVAX-SEED-Vision-Instruct-3B,kurly_1001422945_1.jpg,convenience_meals/images/kurly_1001422945_1.jpg,상품-대표-이미지 1,matched,,0,이미지에는 미미네 엣날떡볶이 한 팩과 그릇에 담긴 떡볶이가 있습니다.,,,reused,not_required,alt_preprocessed_5.csv:HyperCLOVAX_KOR,,,,미미네 / 엣날떡볶이 / 떡볶이 / 팩 / 담기다,5,이미지에는 미미네 엣날떡볶이 팩이 있고 그 옆에는 떡볶이가 담긴 그릇이 있습니다.,,이미지에는 미미네 엣날떡볶이 팩이 있고 그 옆에는 떡볶이가 담긴 그릇이 있습니다.,ok,not_required,vlm,,False,,담기다 떡볶이 / 미미네 엣날떡볶이 / 엣날떡볶이 팩 / 팩 담기다,4,이미지에는 미미네 엣날떡볶이 팩과 그 안에 담긴 떡볶이가 있습니다.,,이미지에는 미미네 엣날떡볶이 팩과 그 안에 담긴 떡볶이가 있습니다.,ok,not_required,vlm,,False,,미미네 엣날떡볶이 팩 / 엣날떡볶이 팩 담기다 / 팩 담기다 떡볶이,3,이미지에는 미미네 엣날떡볶이 팩이 있고 그 옆에는 엣날떡볶이가 담긴 접시가 있습니다.,,이미지에는 미미네 엣날떡볶이 팩이 있고 그 옆에는 엣날떡볶이가 담긴 접시가 있습니다.,ok,not_required,vlm,,False,,True
convenience_meals,hyperclovax,1001422945,2,naver-hyperclovax/HyperCLOVAX-SEED-Vision-Instruct-3B,kurly_1001422945_2.jpg,convenience_meals/images/kurly_1001422945_2.jpg,,matched,,0,이미지에는 빨간 소스에 버무려진 떡볶이가 있습니다.,,,reused,not_required,alt_preprocessed_5.csv:HyperCLOVAX_KOR,,,,떡볶이 / 버무리다 / 소스,3,이미지에는 떡볶이가 있습니다.,,이미지에는 떡볶이가 있습니다.,ok,not_required,vlm,,False,,버무리다 떡볶이 / 소스 버무리다,2,이미지에는 떡볶이가 담긴 그릇이 있습니다.,,이미지에는 떡볶이가 담긴 그릇이 있습니다.,ok,not_required,vlm,,False,,소스 버무리다 떡볶이,1,이미지에는 빨간 소스에 버무린 떡볶이가 있습니다.,,이미지에는 빨간 소스에 버무린 떡볶이가 있습니다.,ok,not_required,vlm,,False,,True
convenience_meals,hyperclovax,1001485256,1,naver-hyperclovax/HyperCLOVAX-SEED-Vision-Instruct-3B,kurly_1001485256_1.jpg,convenience_meals/images/kurly_1001485256_1.jpg,상품-대표-이미지 1,matched,,0,이미지에는 골든콘샌드밥 210g 6개입 상자가 있습니다.,,,reused,not_required,alt_preprocessed_5.csv:HyperCLOVAX_KOR,,,,210g / 골든콘샌드밥 / 6개입 / 상자,4,이미지에는 상자 모양의 포장지에 '해찬가 골든콘샌드밥 210g 6개입'이라고 적혀 있습니다.,,이미지에는 상자 모양의 포장지에 '해찬가 골든콘샌드밥 210g 6개입'이라고 적혀 있습니다.,ok,not_required,vlm,,False,,210g 6개입 / 6개입 상자 / 골든콘샌드밥 210g,3,이미지에는 골든콘샌드밥 210g 6개입 상자가 있습니다.,,이미지에는 골든콘샌드밥 210g 6개입 상자가 있습니다.,ok,not_required,vlm,,False,,210g 6개입 상자 / 골든콘샌드밥 210g 6개입,2,이미지에는 골든콘샌드밥 210g 6개입 상자가 있습니다.,,이미지에는 골든콘샌드밥 210g 6개입 상자가 있습니다.,ok,not_required,vlm,,False,,True
convenience_meals,hyperclovax,1001485256,2,naver-hyperclovax/HyperCLOVAX-SEED-Vision-Instruct-3B,kurly_1001485256_2.jpg,convenience_meals/images/kurly_1001485256_2.jpg,,matched,,0,이미지에는 햇반 연제나향긋한골든퀴쌀밥 6개입 상품이 있습니다.,,,reused,not_required,alt_preprocessed_5.csv:HyperCLOVAX_KOR,,,,골든 / 쌀밥 / 연제 / 퀴 / 상품,5,"이미지에는 연제나 쌀밥이 담긴 흰색 플라스틱 용기와 상자가 보이며, 상자에는 '연제나 쌀밥'이라는 글자가 크게 적혀 있습니다.",,"이미지에는 연제나 쌀밥이 담긴 흰색 플라스틱 용기와 상자가 보이며, 상자에는 '연제나 쌀밥'이라는 글자가 크게 적혀 있습니다.",ok,not_required,vlm,,False,,6개입 상품 / 골든 퀴 / 쌀밥 6개입 / 연제 골든 / 퀴 쌀밥,5,이미지에는 연제 골든 퀴 쌀밥 6개입 상품이 있습니다.,,이미지에는 연제 골든 퀴 쌀밥 6개입 상품이 있습니다.,ok,not_required,vlm,,False,,쌀밥 6개입 상품 / 골든 퀴 쌀밥 / 연제 골든 퀴 / 퀴 쌀밥 6개입 / 햇반 연제 골든,5,"이미지에는 6개입 쌀밥 상품이 있습니다. 상단에는 '연제나 골든 퀴 쌀밥'이라고 적혀 있고, 하단에는 '햇반'이라고 적혀 있습니다.",,"이미지에는 6개입 쌀밥 상품이 있습니다. 상단에는 '연제나 골든 퀴 쌀밥'이라고 적혀 있고, 하단에는 '햇반'이라고 적혀 있습니다.",ok,not_required,vlm,,False,,True
convenience_meals,hyperclovax,1001502057,1,naver-hyperclovax/HyperCLOVAX-SEED-Vision-Instruct-3B,kurly_1001502057_1.jpg,convenience_meals/images/kurly_1001502057_1.jpg,상품-대표-이미지 1,matched,,0,이미지에는 새우 볶음밥이 담긴 그릇과 작은 그릇에 담긴 반찬이 놓인 식탁이 있습니다.,,,reused,not_required,alt_preprocessed_5.csv:HyperCLOVAX_KOR,,,,식탁 / 반찬 / 작다 / 볶음밥 / 새우,5,이미지에는 식탁 위에 놓인 볶음밥과 작은 그릇에 담긴 반찬이 있습니다.,,이미지에는 식탁 위에 놓인 볶음밥과 작은 그릇에 담긴 반찬이 있습니다.,ok,not_required,vlm,,False,,담기다 반찬 / 담기다 작다 / 반찬 식탁 / 새우 볶음밥 / 작다 담기다,5,이미지에는 새우 볶음밥이 담긴 그릇과 작은 그릇에 담긴 반찬이 놓인 식탁이 있습니다.,,이미지에는 새우 볶음밥이 담긴 그릇과 작은 그릇에 담긴 반찬이 놓인 식탁이 있습니다.,ok,not_required,vlm,,False,,담기다 반찬 식탁 / 담기다 작다 담기다 / 볶음밥 담기다 작다 / 새우 볶음밥 담기다 / 작다 담기다 반찬,5,이미지에는 새우 볶음밥이 담긴 그릇과 작은 그릇에 담긴 반찬이 놓인 식탁이 있습니다.,,이미지에는 새우 볶음밥이 담긴 그릇과 작은 그릇에 담긴 반찬이 놓인 식탁이 있습니다.,ok,not_required,vlm,,False,,True
convenience_meals,hyperclovax,1001502057,2,naver-hyperclovax/HyperCLOVAX-SEED-Vision-Instruct-3B,kurly_1001502057_2.jpg,convenience_meals/images/kurly_1001502057_2.jpg,,matched,,0,이미지에는 밥 위에 새우와 채소가 올려져 있는 요리가 있습니다.,,,reused,not_required,alt_preprocessed_5.csv:HyperCLOVAX_KOR,,,,올리다 / 채소 / 새우 / 밥 / 요리,5,"이미지에는 밥과 채소, 새우가 들어간 요리 한 그릇이 있습니다.",,"이미지에는 밥과 채소, 새우가 들어간 요리 한 그릇이 있습니다.",ok,not_required,vlm,,False,,밥 새우 / 새우 채소 / 올리다 요리 / 채소 올리다,4,이미지에는 밥 위에 새우와 채소가 올려져 있는 요리입니다.,,이미지에는 밥 위에 새우와 채소가 올려져 있는 요리입니다.,ok,not_required,vlm,,False,,밥 새우 채소 / 새우 채소 올리다 / 채소 올리다 요리,3,"이미지에는 밥과 새우, 채소가 들어간 채소 올리다 요리 한 그릇이 있습니다.",,"이미지에는 밥과 새우, 채소가 들어간 채소 올리다 요리 한 그릇이 있습니다.",ok,not_required,vlm,,False,,True
convenience_meals,hyperclovax,1001529704,1,naver-hyperclovax/HyperCLOVAX-SEED-Vision-Instruct-3B,kurly_1001529704_1.jpg,convenience_meals/images/kurly_1001529704_1.jpg,상품-대표-이미지 1,matched,,0,이미지에는 튀긴 치킨이 담긴 접시가 있습니다.,,,reused,not_required,alt_preprocessed_5.csv:HyperCLOVAX_KOR,,,,치킨 / 튀기다 / 담기다,3,이미지에는 튀긴 닭고기 요리가 담긴 접시가 있습니다.,,이미지에는 튀긴 닭고기 요리가 담긴 접시가 있습니다.,ok,not_required,vlm,,False,,치킨 담기다 / 튀기다 치킨,2,이미지에는 튀긴 치킨이 담긴 접시가 있고 그 옆에는 치킨 패키지가 놓여 있습니다.,,이미지에는 튀긴 치킨이 담긴 접시가 있고 그 옆에는 치킨 패키지가 놓여 있습니다.,ok,not_required,vlm,,False,,튀기다 치킨 담기다,1,이미지에는 튀긴 치킨이 담긴 접시가 있습니다.,,이미지에는 튀긴 치킨이 담긴 접시가 있습니다.,ok,not_required,vlm,,False,,True
convenience_meals,hyperclovax,1001529704,2,naver-hyperclovax/HyperCLOVAX-SEED-Vision-Instruct-3B,kurly_1001529704_2.jpg,convenience_meals/images/kurly_1001529704_2.jpg,,matched,,0,이미지에는 튀김옷을 입힌 닭튀김 요리가 담긴 접시가 있습니다.,,,reused,not_required,alt_preprocessed_5.csv:HyperCLOVAX_KOR,,,,튀김 / 옷 / 입히다 / 닭 / 요리,5,이미지에는 튀긴 닭 요리가 담긴 접시가 있습니다.,,이미지에는 튀긴 닭 요리가 담긴 접시가 있습니다.,ok,not_required,vlm,,False,,닭 튀김 / 옷 입히다 / 입히다 닭 / 튀김 옷 / 튀김 요리,5,이미지에는 튀긴 닭 요리가 담긴 접시가 있습니다.,,이미지에는 튀긴 닭 요리가 담긴 접시가 있습니다.,ok,not_required,vlm,,False,,닭 튀김 요리 / 옷 입히다 닭 / 입히다 닭 튀김 / 튀김 옷 입히다 / 튀김 요리 담기다,5,이미지에는 튀긴 닭 요리가 담긴 접시가 있습니다.,,이미지에는 튀긴 닭 요리가 담긴 접시가 있습니다.,ok,not_required,vlm,,False,,True
convenience_meals,hyperclovax,1001706193,1,naver-hyperclovax/HyperCLOVAX-SEED-Vision-Instruct-3B,kurly_1001706193_1.jpg,convenience_meals/images/kurly_1001706193_1.jpg,상품-대표-이미지 1,matched,,0,이미지에는 매콤해 보이는 해산물 요리가 담긴 냄비가 있습니다.,,,reused,not_required,alt_preprocessed_5.csv:HyperCLOVAX_KOR,,,,해산물 / 보이다 / 냄비 / 요리 / 담기다,5,"이미지에는 해산물이 들어간 매운탕이 담긴 냄비가 있고, 그 옆에는 고추와 파가 담긴 작은 그릇이 있으며, 그 위에는 요리책이 놓여 있습니다.",,"이미지에는 해산물이 들어간 매운탕이 담긴 냄비가 있고, 그 옆에는 고추와 파가 담긴 작은 그릇이 있으며, 그 위에는 요리책이 놓여 있습니다.",ok,not_required,vlm,,False,,보이다 해산물 / 담기다 냄비 / 해산물 요리 / 요리 담기다,4,이미지에는 해산물이 들어간 매운탕이 담긴 냄비가 있습니다.,,이미지에는 해산물이 들어간 매운탕이 담긴 냄비가 있습니다.,ok,not_required,vlm,,False,,보이다 해산물 요리 / 해산물 요리 담기다 / 요리 담기다 냄비,3,이미지에는 해산물이 들어간 매운탕이 담긴 냄비가 있습니다.,,이미지에는 해산물이 들어간 매운탕이 담긴 냄비가 있습니다.,ok,not_required,vlm,,False,,True
convenience_meals,hyperclovax,1001706193,2,naver-hyperclovax/HyperCLOVAX-SEED-Vision-Instruct-3B,kurly_1001706193_2.jpg,convenience_meals/images/kurly_1001706193_2.jpg,,matched,,0,이미지에는 검은색 뚝배기에 담긴 해산물 요리가 있습니다.,,,reused,not_required,alt_preprocessed_5.csv:HyperCLOVAX_KOR,,,,뚝배기 / 해산물 / 검은색 / 요리 / 담기다,5,"이미지에는 해산물이 들어간 빨간 국물 요리가 뚝배기에 담겨 있고, 그 옆에는 붉은 고추가 담긴 작은 그릇과 나무 숟가락이 놓여 있는 모습입니다.",,"이미지에는 해산물이 들어간 빨간 국물 요리가 뚝배기에 담겨 있고, 그 옆에는 붉은 고추가 담긴 작은 그릇과 나무 숟가락이 놓여 있는 모습입니다.",ok,not_required,vlm,,False,,검은색 뚝배기 / 뚝배기 담기다 / 담기다 해산물 / 해산물 요리,4,이미지에는 해산물 요리가 담긴 검은색 뚝배기가 있습니다.,,이미지에는 해산물 요리가 담긴 검은색 뚝배기가 있습니다.,ok,not_required,vlm,,False,,검은색 뚝배기 담기다 / 뚝배기 담기다 해산물 / 담기다 해산물 요리,3,"이미지에는 해산물이 들어간 매콤한 국물 요리가 검은색 뚝배기에 담겨 있고, 그 옆에는 붉은 고추와 파가 담긴 작은 그릇이 있으며, 뚝배기 옆에는 나무 숟가락이 놓여 있는 모습입니다.",,"이미지에는 해산물이 들어간 매콤한 국물 요리가 검은색 뚝배기에 담겨 있고, 그 옆에는 붉은 고추와 파가 담긴 작은 그릇이 있으며, 뚝배기 옆에는 나무 숟가락이 놓여 있는 모습입니다.",ok,not_required,vlm,,False,,True
convenience_meals,hyperclovax,1001837821,1,naver-hyperclovax/HyperCLOVAX-SEED-Vision-Instruct-3B,kurly_1001837821_1.jpg,convenience_meals/images/kurly_1001837821_1.jpg,상품-대표-이미지 1,matched,,0,이미지에는 갈색 소스에 조리된 소고기 조각과 으깬 감자가 담긴 흰색 접시가 있습니다.,,,reused,not_required,alt_preprocessed_5.csv:HyperCLOVAX_KOR,,,,감자 / 으깨다 / 소고기 / 조리 / 갈색,5,이미지에는 갈색의 조리된 소고기 조각과 으깬 감자가 담긴 흰색 접시가 있습니다.,,이미지에는 갈색의 조리된 소고기 조각과 으깬 감자가 담긴 흰색 접시가 있습니다.,ok,not_required,vlm,,False,,감자 담기다 / 소고기 조각 / 소스 조리 / 으깨다 감자 / 조각 으깨다,5,"이미지에는 소고기 조각이 담긴 접시가 있으며, 접시 옆에는 으깬 감자가 놓여 있습니다.",,"이미지에는 소고기 조각이 담긴 접시가 있으며, 접시 옆에는 으깬 감자가 놓여 있습니다.",ok,not_required,vlm,,False,,감자 담기다 흰색 / 갈색 소스 조리 / 소고기 조각 으깨다 / 소스 조리 소고기 / 으깨다 감자 담기다,5,이미지에는 흰색 접시에 갈색 소스에 조리된 소고기 조각과 으깬 감자가 담겨 있습니다.,,이미지에는 흰색 접시에 갈색 소스에 조리된 소고기 조각과 으깬 감자가 담겨 있습니다.,ok,not_required,vlm,,False,,True
convenience_meals,hyperclovax,1001837821,2,naver-hyperclovax/HyperCLOVAX-SEED-Vision-Instruct-3B,kurly_1001837821_2.jpg,convenience_meals/images/kurly_1001837821_2.jpg,,matched,,0,이미지에는 갈색 소스에 조리된 소고기 조각과 으깬 감자가 담긴 접시가 있습니다.,,,reused,not_required,alt_preprocessed_5.csv:HyperCLOVAX_KOR,,,,감자 / 으깨다 / 소고기 / 조리 / 갈색,5,이미지에는 갈색의 조리된 소고기 조각과 으깬 감자가 담긴 흰색 접시가 있습니다.,,이미지에는 갈색의 조리된 소고기 조각과 으깬 감자가 담긴 흰색 접시가 있습니다.,ok,not_required,vlm,,False,,감자 담기다 / 소고기 조각 / 소스 조리 / 으깨다 감자 / 조각 으깨다,5,이미지에는 흰 접시에 담긴 갈색 소스가 묻은 소고기 조각과 으깬 감자가 있습니다.,,이미지에는 흰 접시에 담긴 갈색 소스가 묻은 소고기 조각과 으깬 감자가 있습니다.,ok,not_required,vlm,,False,,갈색 소스 조리 / 소고기 조각 으깨다 / 소스 조리 소고기 / 으깨다 감자 담기다 / 조각 으깨다 감자,5,이미지에는 갈색 소스로 조리된 소고기 조각과 으깬 감자가 담긴 접시가 있습니다.,,이미지에는 갈색 소스로 조리된 소고기 조각과 으깬 감자가 담긴 접시가 있습니다.,ok,not_required,vlm,,False,,True
convenience_meals,hyperclovax,1001861172,1,naver-hyperclovax/HyperCLOVAX-SEED-Vision-Instruct-3B,kurly_1001861172_1.jpg,convenience_meals/images/kurly_1001861172_1.jpg,상품-대표-이미지 1,matched,,0,이미지에는 두 개의 그릇에 담긴 매운 국물 요리가 있습니다.,,,reused,not_required,alt_preprocessed_5.csv:HyperCLOVAX_KOR,,,,2개 / 국물 / 요리 / 담기다,4,"이미지에는 두 개의 그릇에 담긴 국물 요리가 있습니다. 그릇은 붉은색과 흰색 무늬가 있으며, 국물은 붉은색으로 보이며 면과 버섯 등의 재료가 들어있습니다.",,"이미지에는 두 개의 그릇에 담긴 국물 요리가 있습니다. 그릇은 붉은색과 흰색 무늬가 있으며, 국물은 붉은색으로 보이며 면과 버섯 등의 재료가 들어있습니다.",ok,not_required,vlm,,False,,담기다 국물 / 2개 담기다 / 국물 요리,3,"이미지에는 두 개의 그릇에 담긴 국물 요리가 있습니다. 그릇에는 면과 버섯, 고기 등의 재료가 들어 있으며 붉은색 국물이 특징입니다.",,"이미지에는 두 개의 그릇에 담긴 국물 요리가 있습니다. 그릇에는 면과 버섯, 고기 등의 재료가 들어 있으며 붉은색 국물이 특징입니다.",ok,not_required,vlm,,False,,2개 담기다 국물 / 담기다 국물 요리,2,"이미지에는 두 개의 그릇에 담긴 국물 요리가 있습니다. 그릇은 전통적인 무늬가 그려져 있으며, 국물은 붉은색으로 보이며 면과 버섯 등의 재료가 들어있습니다.",,"이미지에는 두 개의 그릇에 담긴 국물 요리가 있습니다. 그릇은 전통적인 무늬가 그려져 있으며, 국물은 붉은색으로 보이며 면과 버섯 등의 재료가 들어있습니다.",ok,not_required,vlm,,False,,True
convenience_meals,hyperclovax,1001861172,2,naver-hyperclovax/HyperCLOVAX-SEED-Vision-Instruct-3B,kurly_1001861172_2.jpg,convenience_meals/images/kurly_1001861172_2.jpg,,matched,,0,"이미지에는 붉은 국물에 면과 다양한 채소, 고기가 들어간 음식이 담긴 그릇이 있습니다.",,,reused,not_required,alt_preprocessed_5.csv:HyperCLOVAX_KOR,,,,붉다 / 면 / 채소 / 음식 / 고기,5,"붉은색 국물에 면과 채소, 고기가 들어간 음식입니다.",,"붉은색 국물에 면과 채소, 고기가 들어간 음식입니다.",ok,not_required,vlm,,False,,국물 면 / 다양 채소 / 들어가다 음식 / 면 다양 / 붉다 국물,5,이미지에는 붉은 국물에 면과 다양한 채소가 들어간 음식이 담긴 그릇이 있습니다.,,이미지에는 붉은 국물에 면과 다양한 채소가 들어간 음식이 담긴 그릇이 있습니다.,ok,not_required,vlm,,False,,고기 들어가다 음식 / 국물 면 다양 / 다양 채소 고기 / 들어가다 음식 담기다 / 면 다양 채소,5,"이미지에는 붉은 국물에 면과 채소, 고기가 들어간 음식이 담긴 그릇과 젓가락이 놓여 있습니다.",,"이미지에는 붉은 국물에 면과 채소, 고기가 들어간 음식이 담긴 그릇과 젓가락이 놓여 있습니다.",ok,not_required,vlm,,False,,True
convenience_meals,hyperclovax,1001866269,1,naver-hyperclovax/HyperCLOVAX-SEED-Vision-Instruct-3B,kurly_1001866269_1.jpg,convenience_meals/images/kurly_1001866269_1.jpg,상품-대표-이미지 1,matched,,0,이미지에는 다양한 재료가 담긴 그릇이 있습니다.,,,reused,not_required,alt_preprocessed_5.csv:HyperCLOVAX_KOR,,,,재료 / 다양 / 담기다,3,이미지에는 다양한 재료가 담긴 그릇이 있습니다.,,이미지에는 다양한 재료가 담긴 그릇이 있습니다.,ok,not_required,vlm,,False,,재료 담기다 / 다양 재료,2,이미지에는 다양한 재료가 담긴 그릇이 있습니다.,,이미지에는 다양한 재료가 담긴 그릇이 있습니다.,ok,not_required,vlm,,False,,다양 재료 담기다,1,이미지에는 다양한 재료가 담긴 그릇이 있습니다.,,이미지에는 다양한 재료가 담긴 그릇이 있습니다.,ok,not_required,vlm,,False,,True
convenience_meals,hyperclovax,1001866269,2,naver-hyperclovax/HyperCLOVAX-SEED-Vision-Instruct-3B,kurly_1001866269_2.jpg,convenience_meals/images/kurly_1001866269_2.jpg,,matched,,0,이미지에는 다양한 재료가 담긴 한국식 전골 요리가 있습니다.,,,reused,not_required,alt_preprocessed_5.csv:HyperCLOVAX_KOR,,,,전골 / 한국식 / 재료 / 다양 / 요리,5,"이미지에는 한국식 전골 요리가 있습니다. 전골은 다양한 재료로 구성되어 있으며, 그릇에 담겨져 있습니다.",,"이미지에는 한국식 전골 요리가 있습니다. 전골은 다양한 재료로 구성되어 있으며, 그릇에 담겨져 있습니다.",ok,not_required,vlm,,False,,담기다 한국식 / 전골 요리 / 한국식 전골 / 재료 담기다 / 다양 재료,5,"이미지에는 한국식 전골 요리가 담긴 그릇이 있습니다. 그릇에는 다양한 재료가 담겨 있으며, 그릇 옆에는 소스가 담긴 작은 그릇 두 개가 놓여 있습니다.",,"이미지에는 한국식 전골 요리가 담긴 그릇이 있습니다. 그릇에는 다양한 재료가 담겨 있으며, 그릇 옆에는 소스가 담긴 작은 그릇 두 개가 놓여 있습니다.",ok,not_required,vlm,,False,,담기다 한국식 전골 / 재료 담기다 한국식 / 한국식 전골 요리 / 다양 재료 담기다,4,"이미지에는 한국식 전골 요리가 담긴 그릇이 있습니다. 그릇에는 다양한 재료가 담겨 있으며, 그릇 옆에는 소스가 담긴 작은 그릇 두 개가 놓여 있습니다.",,"이미지에는 한국식 전골 요리가 담긴 그릇이 있습니다. 그릇에는 다양한 재료가 담겨 있으며, 그릇 옆에는 소스가 담긴 작은 그릇 두 개가 놓여 있습니다.",ok,not_required,vlm,,False,,True
convenience_meals,hyperclovax,1001929136,1,naver-hyperclovax/HyperCLOVAX-SEED-Vision-Instruct-3B,kurly_1001929136_1.jpg,convenience_meals/images/kurly_1001929136_1.jpg,상품-대표-이미지 1,matched,,0,이미지에는 윤기가 나는 갈색 소스가 뿌려진 튀김 요리가 담긴 접시가 있습니다.,,,reused,not_required,alt_preprocessed_5.csv:HyperCLOVAX_KOR,,,,나다 / 뿌리다 / 윤기 / 튀김 / 갈색,5,이미지에는 윤기가 나는 갈색의 튀긴 음식이 담긴 접시와 젓가락이 놓여 있습니다.,,이미지에는 윤기가 나는 갈색의 튀긴 음식이 담긴 접시와 젓가락이 놓여 있습니다.,ok,not_required,vlm,,False,,나다 갈색 / 뿌리다 튀김 / 소스 뿌리다 / 윤기 나다 / 튀김 요리,5,이미지에는 윤기 나는 갈색 소스가 뿌려진 튀김 요리가 담긴 접시와 젓가락이 놓여 있습니다.,,이미지에는 윤기 나는 갈색 소스가 뿌려진 튀김 요리가 담긴 접시와 젓가락이 놓여 있습니다.,ok,not_required,vlm,,False,,갈색 소스 뿌리다 / 나다 갈색 소스 / 윤기 나다 갈색 / 뿌리다 튀김 요리 / 소스 뿌리다 튀김,5,이미지에는 갈색 소스를 뿌린 튀김 요리가 담긴 접시와 젓가락이 놓여 있습니다.,,이미지에는 갈색 소스를 뿌린 튀김 요리가 담긴 접시와 젓가락이 놓여 있습니다.,ok,not_required,vlm,,False,,True
convenience_meals,hyperclovax,1001929136,2,naver-hyperclovax/HyperCLOVAX-SEED-Vision-Instruct-3B,kurly_1001929136_2.jpg,convenience_meals/images/kurly_1001929136_2.jpg,,matched,,0,이미지에는 윤기 나는 소스가 뿌려진 튀김 요리가 담긴 접시가 있습니다.,,,reused,not_required,alt_preprocessed_5.csv:HyperCLOVAX_KOR,,,,나다 / 뿌리다 / 윤기 / 튀김 / 소스,5,이미지에는 윤기가 나는 튀김 요리가 담긴 접시가 있습니다.,,이미지에는 윤기가 나는 튀김 요리가 담긴 접시가 있습니다.,ok,not_required,vlm,,False,,나다 소스 / 뿌리다 튀김 / 소스 뿌리다 / 윤기 나다 / 튀김 요리,5,이미지에는 윤기 나는 소스가 뿌려진 튀김 요리가 담긴 접시가 있습니다.,,이미지에는 윤기 나는 소스가 뿌려진 튀김 요리가 담긴 접시가 있습니다.,ok,not_required,vlm,,False,,나다 소스 뿌리다 / 윤기 나다 소스 / 뿌리다 튀김 요리 / 소스 뿌리다 튀김 / 튀김 요리 담기다,5,이미지에는 윤기 나는 소스가 뿌려진 튀김 요리가 담긴 접시가 있습니다.,,이미지에는 윤기 나는 소스가 뿌려진 튀김 요리가 담긴 접시가 있습니다.,ok,not_required,vlm,,False,,True
convenience_meals,hyperclovax,1001931649,1,naver-hyperclovax/HyperCLOVAX-SEED-Vision-Instruct-3B,kurly_1001931649_1.jpg,convenience_meals/images/kurly_1001931649_1.jpg,상품-대표-이미지 1,matched,,0,이미지에는 튀긴 치킨너겟이 담긴 접시가 있습니다.,,,reused,not_required,alt_preprocessed_5.csv:HyperCLOVAX_KOR,,,,치킨너겟 / 튀기다 / 담기다,3,"이미지에는 튀긴 치킨너겟이 담긴 접시가 있고, 그 옆에는 케첩이 담긴 작은 그릇과 포크가 놓여 있습니다.",,"이미지에는 튀긴 치킨너겟이 담긴 접시가 있고, 그 옆에는 케첩이 담긴 작은 그릇과 포크가 놓여 있습니다.",ok,not_required,vlm,,False,,치킨너겟 담기다 / 튀기다 치킨너겟,2,"이미지에는 튀긴 치킨너겟이 담긴 접시와 케첩이 담긴 작은 그릇, 그리고 포장지가 놓여 있습니다.",,"이미지에는 튀긴 치킨너겟이 담긴 접시와 케첩이 담긴 작은 그릇, 그리고 포장지가 놓여 있습니다.",ok,not_required,vlm,,False,,튀기다 치킨너겟 담기다,1,"이미지에는 튀긴 치킨너겟이 담긴 접시와 케첩이 담긴 작은 그릇, 그리고 포장지가 놓여 있는 모습입니다.",,"이미지에는 튀긴 치킨너겟이 담긴 접시와 케첩이 담긴 작은 그릇, 그리고 포장지가 놓여 있는 모습입니다.",ok,not_required,vlm,,False,,True
convenience_meals,hyperclovax,1001931649,2,naver-hyperclovax/HyperCLOVAX-SEED-Vision-Instruct-3B,kurly_1001931649_2.jpg,convenience_meals/images/kurly_1001931649_2.jpg,,matched,,0,이미지에는 종이 위에 놓인 튀긴 치킨 너겟이 담긴 접시가 있습니다.,,,reused,not_required,alt_preprocessed_5.csv:HyperCLOVAX_KOR,,,,너겟 / 종이 / 치킨 / 튀기다 / 담기다,5,이미지에는 종이 위에 놓인 튀긴 치킨 너겟이 담긴 접시가 있습니다.,,이미지에는 종이 위에 놓인 튀긴 치킨 너겟이 담긴 접시가 있습니다.,ok,not_required,vlm,,False,,너겟 담기다 / 종이 튀기다 / 치킨 너겟 / 튀기다 치킨,4,"이미지에는 종이 위에 종이 접시에 담긴 튀긴 치킨 너겟과 왼쪽에 케첩이 담긴 작은 그릇, 그리고 포크가 놓인 갈색 천이 있습니다.",,"이미지에는 종이 위에 종이 접시에 담긴 튀긴 치킨 너겟과 왼쪽에 케첩이 담긴 작은 그릇, 그리고 포크가 놓인 갈색 천이 있습니다.",ok,not_required,vlm,,False,,종이 튀기다 치킨 / 치킨 너겟 담기다 / 튀기다 치킨 너겟,3,이미지에는 종이 위에 놓인 튀긴 치킨 너겟이 담긴 접시가 있습니다.,,이미지에는 종이 위에 놓인 튀긴 치킨 너겟이 담긴 접시가 있습니다.,ok,not_required,vlm,,False,,True
convenience_meals,hyperclovax,1001946226,1,naver-hyperclovax/HyperCLOVAX-SEED-Vision-Instruct-3B,kurly_1001946226_1.jpg,convenience_meals/images/kurly_1001946226_1.jpg,상품-대표-이미지 1,matched,,0,이미지에는 밥 위에 시금치나물 반찬이 올려져 있는 모습입니다.,,,reused,not_required,alt_preprocessed_5.csv:HyperCLOVAX_KOR,,,,나물 / 반찬 / 시금치 / 올리다 / 모습,5,이미지에는 시금치나물이 담긴 그릇과 시금치나물 반찬이 적힌 포장지가 있습니다.,,이미지에는 시금치나물이 담긴 그릇과 시금치나물 반찬이 적힌 포장지가 있습니다.,ok,not_required,vlm,,False,,나물 반찬 / 반찬 올리다 / 올리다 모습 / 밥 시금치 / 시금치 나물,5,이미지에는 시금치 나물이 담긴 그릇과 시금치 나물 반찬이 들어 있는 포장지가 있습니다.,,이미지에는 시금치 나물이 담긴 그릇과 시금치 나물 반찬이 들어 있는 포장지가 있습니다.,ok,not_required,vlm,,False,,나물 반찬 올리다 / 반찬 올리다 모습 / 시금치 나물 반찬 / 밥 시금치 나물,4,이미지에는 밥 위에 시금치 나물 반찬이 올려져 있는 모습입니다.,,이미지에는 밥 위에 시금치 나물 반찬이 올려져 있는 모습입니다.,ok,not_required,vlm,,False,,True
convenience_meals,hyperclovax,1001946226,2,naver-hyperclovax/HyperCLOVAX-SEED-Vision-Instruct-3B,kurly_1001946226_2.jpg,convenience_meals/images/kurly_1001946226_2.jpg,,matched,,0,이미지에는 밥 위에 시금치나물 무침이 담긴 접시와 참기름과 깨가 뿌려진 양념장이 놓여 있습니다.,,,reused,not_required,alt_preprocessed_5.csv:HyperCLOVAX_KOR,,,,깨 / 무침 / 양념장 / 참기름 / 나물,5,이미지에는 참기름과 깨를 넣은 나물 무침이 담긴 그릇과 양념장이 놓인 모습이 있습니다.,,이미지에는 참기름과 깨를 넣은 나물 무침이 담긴 그릇과 양념장이 놓인 모습이 있습니다.,ok,not_required,vlm,,False,,깨 뿌리다 / 나물 무침 / 담기다 참기름 / 무침 담기다 / 뿌리다 양념장,5,이미지에는 참기름을 뿌린 나물 무침이 담긴 그릇과 양념장이 놓인 작은 그릇이 있습니다.,,이미지에는 참기름을 뿌린 나물 무침이 담긴 그릇과 양념장이 놓인 작은 그릇이 있습니다.,ok,not_required,vlm,,False,,깨 뿌리다 양념장 / 나물 무침 담기다 / 담기다 참기름 깨 / 무침 담기다 참기름 / 시금치 나물 무침,5,이미지에는 참기름과 깨를 뿌린 시금치 나물 무침이 담긴 접시와 양념장이 놓인 작은 그릇이 있습니다.,,이미지에는 참기름과 깨를 뿌린 시금치 나물 무침이 담긴 접시와 양념장이 놓인 작은 그릇이 있습니다.,ok,not_required,vlm,,False,,True
convenience_meals,hyperclovax,1002066864,1,naver-hyperclovax/HyperCLOVAX-SEED-Vision-Instruct-3B,kurly_1002066864_1.jpg,convenience_meals/images/kurly_1002066864_1.jpg,상품-대표-이미지 1,matched,,0,이미지에는 빨간색 소스가 묻어 있는 면 요리가 담긴 그릇이 있습니다.,,,reused,not_required,alt_preprocessed_5.csv:HyperCLOVAX_KOR,,,,빨간색 / 면 / 소스 / 요리 / 담기다,5,이미지에는 빨간색 면 요리가 담긴 그릇이 있습니다.,,이미지에는 빨간색 면 요리가 담긴 그릇이 있습니다.,ok,not_required,vlm,,False,,면 요리 / 빨간색 소스 / 소스 면 / 요리 담기다,4,"이미지에는 면 요리가 담긴 그릇이 있습니다. 그릇에는 빨간색 소스가 묻어 있고 면과 함께 소스에 버무려져 있습니다. 그릇은 흰색이며 손잡이가 달려 있고 그릇 위에는 ""푸드링""이라는 글자가 적혀 있습니다. 그릇 옆에는 검은색 젓가락이 놓여 있고 젓가락은 빨간색 천 위에 놓여 있습니다.",,"이미지에는 면 요리가 담긴 그릇이 있습니다. 그릇에는 빨간색 소스가 묻어 있고 면과 함께 소스에 버무려져 있습니다. 그릇은 흰색이며 손잡이가 달려 있고 그릇 위에는 ""푸드링""이라는 글자가 적혀 있습니다. 그릇 옆에는 검은색 젓가락이 놓여 있고 젓가락은 빨간색 천 위에 놓여 있습니다.",ok,not_required,vlm,,False,,면 요리 담기다 / 빨간색 소스 면 / 소스 면 요리,3,이미지에는 빨간색 소스가 묻어있는 면 요리가 담긴 그릇과 젓가락이 놓인 모습입니다.,,이미지에는 빨간색 소스가 묻어있는 면 요리가 담긴 그릇과 젓가락이 놓인 모습입니다.,ok,not_required,vlm,,False,,True
convenience_meals,hyperclovax,1002066864,2,naver-hyperclovax/HyperCLOVAX-SEED-Vision-Instruct-3B,kurly_1002066864_2.jpg,convenience_meals/images/kurly_1002066864_2.jpg,,matched,,0,이미지에는 퓨전 짬뽕&피자라는 이름의 음식이 담긴 그릇이 있습니다.,,,reused,not_required,alt_preprocessed_5.csv:HyperCLOVAX_KOR,,,,짬뽕 / 퓨전 / 피자 / 이름 / 음식,5,이미지에는 퓨전 짬뽕&피자라는 이름의 음식이 담긴 그릇이 있습니다.,,이미지에는 퓨전 짬뽕&피자라는 이름의 음식이 담긴 그릇이 있습니다.,ok,not_required,vlm,,False,,이름 음식 / 짬뽕 피자 / 퓨전 짬뽕 / 피자 이름 / 음식 담기다,5,이미지에는 퓨전 짬뽕이라는 이름의 음식이 담긴 그릇이 있습니다.,,이미지에는 퓨전 짬뽕이라는 이름의 음식이 담긴 그릇이 있습니다.,ok,not_required,vlm,,False,,이름 음식 담기다 / 짬뽕 피자 이름 / 퓨전 짬뽕 피자 / 피자 이름 음식,4,이미지에는 퓨전 짬뽕 피자라는 이름의 음식이 담긴 그릇이 있습니다.,,이미지에는 퓨전 짬뽕 피자라는 이름의 음식이 담긴 그릇이 있습니다.,ok,not_required,vlm,,False,,True
convenience_meals,hyperclovax,1002309661,1,naver-hyperclovax/HyperCLOVAX-SEED-Vision-Instruct-3B,kurly_1002309661_1.jpg,convenience_meals/images/kurly_1002309661_1.jpg,상품-대표-이미지 1,matched,,0,이미지에는 빨간 소스에 버무려진 닭고기 요리가 담긴 접시가 있습니다.,,,reused,not_required,alt_preprocessed_5.csv:HyperCLOVAX_KOR,,,,닭고기 / 버무리다 / 소스 / 요리 / 담기다,5,"이미지에는 닭고기와 버섯, 채소 등을 소스에 버무려 요리한 음식을 담을 수 있는 그릇이 있습니다.",,"이미지에는 닭고기와 버섯, 채소 등을 소스에 버무려 요리한 음식을 담을 수 있는 그릇이 있습니다.",ok,not_required,vlm,,False,,버무리다 닭고기 / 닭고기 요리 / 소스 버무리다 / 요리 담기다,4,이미지에는 소스에 버무린 닭고기 요리가 담긴 접시가 있습니다.,,이미지에는 소스에 버무린 닭고기 요리가 담긴 접시가 있습니다.,ok,not_required,vlm,,False,,소스 버무리다 닭고기 / 닭고기 요리 담기다 / 버무리다 닭고기 요리,3,이미지에는 소스를 버무린 닭고기 요리가 담긴 접시가 있습니다.,,이미지에는 소스를 버무린 닭고기 요리가 담긴 접시가 있습니다.,ok,not_required,vlm,,False,,True
convenience_meals,hyperclovax,1002309661,2,naver-hyperclovax/HyperCLOVAX-SEED-Vision-Instruct-3B,kurly_1002309661_2.jpg,convenience_meals/images/kurly_1002309661_2.jpg,,matched,,0,이미지에는 빨간 소스에 버무려진 닭고기 요리가 담긴 그릇이 있습니다.,,,reused,not_required,alt_preprocessed_5.csv:HyperCLOVAX_KOR,,,,닭고기 / 버무리다 / 소스 / 요리 / 담기다,5,"이미지에는 닭고기와 버섯, 채소 등을 소스에 버무려 요리한 음식이 담긴 그릇이 있습니다.",,"이미지에는 닭고기와 버섯, 채소 등을 소스에 버무려 요리한 음식이 담긴 그릇이 있습니다.",ok,not_required,vlm,,False,,버무리다 닭고기 / 닭고기 요리 / 소스 버무리다 / 요리 담기다,4,이미지에는 소스 버무린 닭고기 요리가 담긴 그릇이 있습니다.,,이미지에는 소스 버무린 닭고기 요리가 담긴 그릇이 있습니다.,ok,not_required,vlm,,False,,소스 버무리다 닭고기 / 닭고기 요리 담기다 / 버무리다 닭고기 요리,3,이미지에는 소스 버무린 닭고기 요리가 담긴 그릇이 있습니다.,,이미지에는 소스 버무린 닭고기 요리가 담긴 그릇이 있습니다.,ok,not_required,vlm,,False,,True
convenience_meals,hyperclovax,1002347378,1,naver-hyperclovax/HyperCLOVAX-SEED-Vision-Instruct-3B,kurly_1002347378_1.jpg,convenience_meals/images/kurly_1002347378_1.jpg,상품-대표-이미지 1,matched,,0,이미지에는 접시 위에 놓인 샌드위치와 포장된 샌드위치 제품이 있습니다.,,,reused,not_required,alt_preprocessed_5.csv:HyperCLOVAX_KOR,,,,샌드위치 / 포장 / 제품,3,이미지에는 포장된 샌드위치가 담긴 접시가 있습니다.,,이미지에는 포장된 샌드위치가 담긴 접시가 있습니다.,ok,not_required,vlm,,False,,샌드위치 제품 / 포장 샌드위치 / 샌드위치 포장,3,이미지에는 포장 샌드위치가 담긴 접시가 있습니다.,,이미지에는 포장 샌드위치가 담긴 접시가 있습니다.,ok,not_required,vlm,,False,,샌드위치 포장 샌드위치 / 포장 샌드위치 제품,2,이미지에는 포장 샌드위치 제품이 놓인 모습이 있습니다.,,이미지에는 포장 샌드위치 제품이 놓인 모습이 있습니다.,ok,not_required,vlm,,False,,True
convenience_meals,hyperclovax,1002347378,2,naver-hyperclovax/HyperCLOVAX-SEED-Vision-Instruct-3B,kurly_1002347378_2.jpg,convenience_meals/images/kurly_1002347378_2.jpg,,matched,,0,이미지에는 접시 위에 놓인 샌드위치가 있습니다.,,,reused,not_required,alt_preprocessed_5.csv:HyperCLOVAX_KOR,,,,샌드위치,1,이미지에는 샌드위치가 있습니다.,,이미지에는 샌드위치가 있습니다.,ok,not_required,vlm,,False,,,0,,,,no_keywords,not_required,vlm,,,이 이미지·모델에 해당하는 핵심어가 없음.,,0,,,,no_keywords,not_required,vlm,,,이 이미지·모델에 해당하는 핵심어가 없음.,False
convenience_meals,hyperclovax,1002361676,1,naver-hyperclovax/HyperCLOVAX-SEED-Vision-Instruct-3B,kurly_1002361676_1.jpg,convenience_meals/images/kurly_1002361676_1.jpg,상품-대표-이미지 1,matched,,0,이미지에는 인도식 커리와 난이 나와 있습니다.,,,reused,not_required,alt_preprocessed_5.csv:HyperCLOVAX_KOR,,,,난 / 커리 / 나오다 / 식 / 인도,5,이미지에는 인도식 커리와 난이 나와 있습니다.,,이미지에는 인도식 커리와 난이 나와 있습니다.,ok,not_required,vlm,,False,,난 나오다 / 식 커리 / 커리 난 / 인도 식,4,이미지에는 인도식 커리 난이 함께 제공되는 커리 요리가 있습니다.,,이미지에는 인도식 커리 난이 함께 제공되는 커리 요리가 있습니다.,ok,not_required,vlm,,False,,식 커리 난 / 인도 식 커리 / 커리 난 나오다,3,이미지에는 인도식 커리와 난이 나와 있습니다.,,이미지에는 인도식 커리와 난이 나와 있습니다.,ok,not_required,vlm,,False,,True
convenience_meals,hyperclovax,1002361676,2,naver-hyperclovax/HyperCLOVAX-SEED-Vision-Instruct-3B,kurly_1002361676_2.jpg,convenience_meals/images/kurly_1002361676_2.jpg,,matched,,0,이미지에는 인도식 카레 요리가 담긴 냄비가 있습니다.,,,reused,not_required,alt_preprocessed_5.csv:HyperCLOVAX_KOR,,,,카레 / 식 / 인도 / 냄비 / 요리,5,"이미지에는 인도 카레가 담긴 냄비가 있으며, 카레 위에는 인도 빵인 난이 올려져 있습니다.",,"이미지에는 인도 카레가 담긴 냄비가 있으며, 카레 위에는 인도 빵인 난이 올려져 있습니다.",ok,not_required,vlm,,False,,식 카레 / 카레 요리 / 인도 식 / 담기다 냄비 / 요리 담기다,5,"이미지에는 인도식 카레 요리가 담긴 냄비가 있으며, 카레 요리 위에는 인도식 빵인 난이 올려져 있습니다.",,"이미지에는 인도식 카레 요리가 담긴 냄비가 있으며, 카레 요리 위에는 인도식 빵인 난이 올려져 있습니다.",ok,not_required,vlm,,False,,식 카레 요리 / 인도 식 카레 / 카레 요리 담기다 / 요리 담기다 냄비,4,"이미지에는 인도식 카레 요리가 담긴 냄비가 있으며, 카레 요리 옆에는 빵이 놓여 있습니다.",,"이미지에는 인도식 카레 요리가 담긴 냄비가 있으며, 카레 요리 옆에는 빵이 놓여 있습니다.",ok,not_required,vlm,,False,,True
convenience_meals,hyperclovax,1002382999,1,naver-hyperclovax/HyperCLOVAX-SEED-Vision-Instruct-3B,kurly_1002382999_1.jpg,convenience_meals/images/kurly_1002382999_1.jpg,상품-대표-이미지 1,matched,,0,"이미지에는 두부, 파, 고기 등이 들어간 국물 요리가 그릇에 담겨 있습니다.",,,reused,not_required,alt_preprocessed_5.csv:HyperCLOVAX_KOR,,,,두부 / 파 / 고기 / 들어가다 / 국물,5,"이미지에는 두부와 파, 고기가 들어간 국물 요리 그릇이 있습니다.",,"이미지에는 두부와 파, 고기가 들어간 국물 요리 그릇이 있습니다.",ok,not_required,vlm,,False,,두부 파 / 들어가다 국물 / 파 고기 / 고기 들어가다 / 국물 요리,5,"이미지에는 두부와 파, 고기가 들어간 국물 요리가 담긴 그릇과 그릇 옆에 놓인 나무 숟가락이 있습니다.",,"이미지에는 두부와 파, 고기가 들어간 국물 요리가 담긴 그릇과 그릇 옆에 놓인 나무 숟가락이 있습니다.",ok,not_required,vlm,,False,,고기 들어가다 국물 / 두부 파 고기 / 들어가다 국물 요리 / 파 고기 들어가다 / 국물 요리 담기다,5,"이미지에는 두부와 고기, 파가 들어간 국물 요리가 그릇에 담겨 있습니다.",,"이미지에는 두부와 고기, 파가 들어간 국물 요리가 그릇에 담겨 있습니다.",ok,not_required,vlm,,False,,True
convenience_meals,hyperclovax,1002382999,2,naver-hyperclovax/HyperCLOVAX-SEED-Vision-Instruct-3B,kurly_1002382999_2.jpg,convenience_meals/images/kurly_1002382999_2.jpg,,matched,,0,"이미지에는 두부와 고기, 파를 넣은 국물 요리가 담긴 그릇이 있습니다.",,,reused,not_required,alt_preprocessed_5.csv:HyperCLOVAX_KOR,,,,넣다 / 두부 / 파 / 고기 / 국물,5,"이미지에는 두부와 고기, 파가 들어간 국물 요리가 담긴 그릇이 있습니다.",,"이미지에는 두부와 고기, 파가 들어간 국물 요리가 담긴 그릇이 있습니다.",ok,not_required,vlm,,False,,넣다 국물 / 두부 고기 / 파 넣다 / 고기 파 / 국물 요리,5,"이미지에는 두부와 고기, 파를 넣은 국물 요리가 담긴 그릇이 있습니다.",,"이미지에는 두부와 고기, 파를 넣은 국물 요리가 담긴 그릇이 있습니다.",ok,not_required,vlm,,False,,고기 파 넣다 / 넣다 국물 요리 / 두부 고기 파 / 파 넣다 국물 / 국물 요리 담기다,5,"이미지에는 두부와 고기, 파를 넣은 국물 요리가 담긴 그릇이 있습니다.",,"이미지에는 두부와 고기, 파를 넣은 국물 요리가 담긴 그릇이 있습니다.",ok,not_required,vlm,,False,,True
convenience_meals,hyperclovax,5009669,1,naver-hyperclovax/HyperCLOVAX-SEED-Vision-Instruct-3B,kurly_5009669_1.jpg,convenience_meals/images/kurly_5009669_1.jpg,상품-대표-이미지 1,matched,,0,이미지에는 다양한 재료가 들어있는 샐러드가 담긴 용기들이 있습니다.,,,reused,not_required,alt_preprocessed_5.csv:HyperCLOVAX_KOR,,,,들다 / 용기 / 샐러드 / 재료 / 다양,5,이미지에는 다양한 재료가 들어있는 샐러드가 담긴 용기들이 있습니다.,,이미지에는 다양한 재료가 들어있는 샐러드가 담긴 용기들이 있습니다.,ok,not_required,vlm,,False,,담기다 용기 / 들다 샐러드 / 재료 들다 / 샐러드 담기다 / 다양 재료,5,이미지에는 다양한 재료가 들어있는 샐러드가 담긴 용기들이 있습니다.,,이미지에는 다양한 재료가 들어있는 샐러드가 담긴 용기들이 있습니다.,ok,not_required,vlm,,False,,다양 재료 들다 / 들다 샐러드 담기다 / 샐러드 담기다 용기 / 재료 들다 샐러드,4,이미지에는 다양한 재료가 들어있는 샐러드가 담긴 용기들이 있습니다.,,이미지에는 다양한 재료가 들어있는 샐러드가 담긴 용기들이 있습니다.,ok,not_required,vlm,,False,,True
convenience_meals,hyperclovax,5009669,2,naver-hyperclovax/HyperCLOVAX-SEED-Vision-Instruct-3B,kurly_5009669_2.jpg,convenience_meals/images/kurly_5009669_2.jpg,,matched,,0,이미지에는 네 개의 접시에 담긴 다양한 샐러드가 있습니다.,,,reused,not_required,alt_preprocessed_5.csv:HyperCLOVAX_KOR,,,,4개 / 샐러드 / 다양 / 담기다,4,"이미지에는 네 개의 접시에 각각 다른 종류의 샐러드가 담겨 있으며, 각각의 샐러드는 다양한 재료로 구성되어 있습니다.",,"이미지에는 네 개의 접시에 각각 다른 종류의 샐러드가 담겨 있으며, 각각의 샐러드는 다양한 재료로 구성되어 있습니다.",ok,not_required,vlm,,False,,4개 담기다 / 다양 샐러드 / 담기다 다양,3,"이미지에는 네 개의 접시에 각각 다른 종류의 샐러드가 담겨 있으며, 각각의 샐러드에는 다양한 재료가 포함되어 있습니다.",,"이미지에는 네 개의 접시에 각각 다른 종류의 샐러드가 담겨 있으며, 각각의 샐러드에는 다양한 재료가 포함되어 있습니다.",ok,not_required,vlm,,False,,담기다 다양 샐러드 / 4개 담기다 다양,2,이미지에는 다양한 샐러드가 네 접시에 담겨 있는 모습입니다.,,이미지에는 다양한 샐러드가 네 접시에 담겨 있는 모습입니다.,ok,not_required,vlm,,False,,True
convenience_meals,hyperclovax,5037794,1,naver-hyperclovax/HyperCLOVAX-SEED-Vision-Instruct-3B,kurly_5037794_1.jpg,convenience_meals/images/kurly_5037794_1.jpg,상품-대표-이미지 1,matched,,0,이미지에는 검은색 접시 위에 놓인 노릇노릇하게 구워진 전이 있습니다.,,,reused,not_required,alt_preprocessed_5.csv:HyperCLOVAX_KOR,,,,노릇노릇 / 전 / 검은색,3,"이미지에는 검은색 접시 위에 노릇노릇하게 구워진 전이 담겨 있으며, 전 옆에는 나무젓가락이 놓여 있습니다.",,"이미지에는 검은색 접시 위에 노릇노릇하게 구워진 전이 담겨 있으며, 전 옆에는 나무젓가락이 놓여 있습니다.",ok,not_required,vlm,,False,,검은색 노릇노릇 / 노릇노릇 전,2,이미지에는 검은색 접시 위에 놓인 노릇노릇하게 구워진 전이 있습니다.,,이미지에는 검은색 접시 위에 놓인 노릇노릇하게 구워진 전이 있습니다.,ok,not_required,vlm,,False,,검은색 노릇노릇 전,1,이미지에는 검은색 접시 위에 놓인 노릇노릇하게 부친 전이 있습니다.,,이미지에는 검은색 접시 위에 놓인 노릇노릇하게 부친 전이 있습니다.,ok,not_required,vlm,,False,,True
convenience_meals,hyperclovax,5037794,2,naver-hyperclovax/HyperCLOVAX-SEED-Vision-Instruct-3B,kurly_5037794_2.jpg,convenience_meals/images/kurly_5037794_2.jpg,,matched,,0,이미지에는 검은색 접시에 담긴 노릇하게 구워진 전이 있습니다.,,,reused,not_required,alt_preprocessed_5.csv:HyperCLOVAX_KOR,,,,전 / 검은색 / 담기다,3,이미지에는 검은색 접시에 담긴 전이 있습니다.,,이미지에는 검은색 접시에 담긴 전이 있습니다.,ok,not_required,vlm,,False,,검은색 담기다 / 담기다 전,2,이미지에는 검은색 접시에 담긴 전이 있습니다.,,이미지에는 검은색 접시에 담긴 전이 있습니다.,ok,not_required,vlm,,False,,검은색 담기다 전,1,이미지에는 검은색 접시에 담긴 전이 있습니다.,,이미지에는 검은색 접시에 담긴 전이 있습니다.,ok,not_required,vlm,,False,,True
convenience_meals,hyperclovax,5049405,1,naver-hyperclovax/HyperCLOVAX-SEED-Vision-Instruct-3B,kurly_5049405_1.jpg,convenience_meals/images/kurly_5049405_1.jpg,상품-대표-이미지 1,matched,,0,이미지에는 접시에 담긴 요리가 있습니다.,,,reused,not_required,alt_preprocessed_5.csv:HyperCLOVAX_KOR,,,,요리 / 담기다,2,이미지에는 접시에 담긴 요리가 있습니다.,,이미지에는 접시에 담긴 요리가 있습니다.,ok,not_required,vlm,,False,,담기다 요리,1,이미지에는 접시에 담긴 요리가 있습니다.,,이미지에는 접시에 담긴 요리가 있습니다.,ok,not_required,vlm,,False,,,0,,,,no_keywords,not_required,vlm,,,이 이미지·모델에 해당하는 핵심어가 없음.,False
convenience_meals,hyperclovax,5049405,2,naver-hyperclovax/HyperCLOVAX-SEED-Vision-Instruct-3B,kurly_5049405_2.jpg,convenience_meals/images/kurly_5049405_2.jpg,,matched,,0,이미지에는 접시에 담긴 닭고기 요리가 있습니다.,,,reused,not_required,alt_preprocessed_5.csv:HyperCLOVAX_KOR,,,,닭고기 / 요리 / 담기다,3,이미지에는 닭고기와 야채가 들어간 요리가 담긴 그릇이 있습니다.,,이미지에는 닭고기와 야채가 들어간 요리가 담긴 그릇이 있습니다.,ok,not_required,vlm,,False,,담기다 닭고기 / 닭고기 요리,2,이미지에는 접시에 담긴 닭고기 요리가 있습니다.,,이미지에는 접시에 담긴 닭고기 요리가 있습니다.,ok,not_required,vlm,,False,,담기다 닭고기 요리,1,이미지에는 담기다 닭고기 요리가 있습니다.,,이미지에는 담기다 닭고기 요리가 있습니다.,ok,not_required,vlm,,False,,True
convenience_meals,hyperclovax,5050290,1,naver-hyperclovax/HyperCLOVAX-SEED-Vision-Instruct-3B,kurly_5050290_1.jpg,convenience_meals/images/kurly_5050290_1.jpg,상품-대표-이미지 1,matched,,0,이미지에는 매콤한 양념에 버무린 닭고기 요리가 담긴 그릇이 있습니다.,,,reused,not_required,alt_preprocessed_5.csv:HyperCLOVAX_KOR,,,,매콤하다 / 양념 / 닭고기 / 버무리다 / 요리,5,이미지에는 매콤한 양념으로 버무린 닭고기 요리가 담긴 그릇이 있습니다.,,이미지에는 매콤한 양념으로 버무린 닭고기 요리가 담긴 그릇이 있습니다.,ok,not_required,vlm,,False,,매콤하다 양념 / 양념 버무리다 / 버무리다 닭고기 / 닭고기 요리 / 요리 담기다,5,이미지에는 매콤한 양념으로 버무린 닭고기 요리가 담긴 그릇이 있습니다.,,이미지에는 매콤한 양념으로 버무린 닭고기 요리가 담긴 그릇이 있습니다.,ok,not_required,vlm,,False,,매콤하다 양념 버무리다 / 양념 버무리다 닭고기 / 닭고기 요리 담기다 / 버무리다 닭고기 요리,4,이미지에는 매콤한 양념에 버무린 닭고기 요리가 담긴 그릇이 있습니다.,,이미지에는 매콤한 양념에 버무린 닭고기 요리가 담긴 그릇이 있습니다.,ok,not_required,vlm,,False,,True
convenience_meals,hyperclovax,5050290,2,naver-hyperclovax/HyperCLOVAX-SEED-Vision-Instruct-3B,kurly_5050290_2.jpg,convenience_meals/images/kurly_5050290_2.jpg,,matched,,0,이미지에는 매콤한 양념에 버무려진 닭고기 요리가 담긴 그릇이 있습니다.,,,reused,not_required,alt_preprocessed_5.csv:HyperCLOVAX_KOR,,,,매콤하다 / 양념 / 닭고기 / 버무리다 / 요리,5,이미지에는 매콤한 양념으로 버무린 닭고기 요리가 담긴 그릇이 있습니다.,,이미지에는 매콤한 양념으로 버무린 닭고기 요리가 담긴 그릇이 있습니다.,ok,not_required,vlm,,False,,매콤하다 양념 / 양념 버무리다 / 버무리다 닭고기 / 닭고기 요리 / 요리 담기다,5,이미지에는 매콤한 양념으로 버무린 닭고기 요리가 담긴 그릇이 있습니다.,,이미지에는 매콤한 양념으로 버무린 닭고기 요리가 담긴 그릇이 있습니다.,ok,not_required,vlm,,False,,매콤하다 양념 버무리다 / 양념 버무리다 닭고기 / 닭고기 요리 담기다 / 버무리다 닭고기 요리,4,이미지에는 매콤한 양념으로 버무린 닭고기 요리가 담긴 그릇이 있습니다.,,이미지에는 매콤한 양념으로 버무린 닭고기 요리가 담긴 그릇이 있습니다.,ok,not_required,vlm,,False,,True
convenience_meals,hyperclovax,5060255,1,naver-hyperclovax/HyperCLOVAX-SEED-Vision-Instruct-3B,kurly_5060255_1.jpg,convenience_meals/images/kurly_5060255_1.jpg,상품-대표-이미지 1,matched,,0,이미지에는 흰색 그릇에 담긴 짙은 갈색 소스에 버무린 고기와 노란색 면이 있는 음식이 있습니다.,,,reused,not_required,alt_preprocessed_5.csv:HyperCLOVAX_KOR,,,,색 / 짙다 / 면 / 갈색 / 음식,5,이미지에는 짙은 갈색 소스에 조리된 음식과 면이 담긴 그릇이 있습니다.,,이미지에는 짙은 갈색 소스에 조리된 음식과 면이 담긴 그릇이 있습니다.,ok,not_required,vlm,,False,,고기 색 / 담기다 짙다 / 면 음식 / 버무리다 고기 / 색 면,5,이미지에는 짙은 갈색 소스에 버무린 고기와 면이 담긴 그릇이 있습니다.,,이미지에는 짙은 갈색 소스에 버무린 고기와 면이 담긴 그릇이 있습니다.,ok,not_required,vlm,,False,,갈색 소스 버무리다 / 고기 색 면 / 담기다 짙다 갈색 / 버무리다 고기 색 / 색 면 음식,5,이미지에는 짙은 갈색 소스에 버무린 고기와 면이 담긴 그릇이 있습니다.,,이미지에는 짙은 갈색 소스에 버무린 고기와 면이 담긴 그릇이 있습니다.,ok,not_required,vlm,,False,,True
convenience_meals,hyperclovax,5060255,2,naver-hyperclovax/HyperCLOVAX-SEED-Vision-Instruct-3B,kurly_5060255_2.jpg,convenience_meals/images/kurly_5060255_2.jpg,,matched,,0,이미지에는 그릇에 담긴 짜장면이 있습니다.,,,reused,not_required,alt_preprocessed_5.csv:HyperCLOVAX_KOR,,,,짜장면 / 담기다,2,이미지에는 짜장면이 담긴 그릇이 있습니다.,,이미지에는 짜장면이 담긴 그릇이 있습니다.,ok,not_required,vlm,,False,,담기다 짜장면,1,이미지에는 짜장면이 담긴 그릇이 있습니다.,,이미지에는 짜장면이 담긴 그릇이 있습니다.,ok,not_required,vlm,,False,,,0,,,,no_keywords,not_required,vlm,,,이 이미지·모델에 해당하는 핵심어가 없음.,False
convenience_meals,hyperclovax,5063596,1,naver-hyperclovax/HyperCLOVAX-SEED-Vision-Instruct-3B,kurly_5063596_1.jpg,convenience_meals/images/kurly_5063596_1.jpg,상품-대표-이미지 1,matched,,0,"이미지에는 빨간색 뚜껑이 달린 여러 개의 그라놀라 제품이 나란히 놓여 있습니다. 각 제품에는 'Granola House'라는 브랜드명과 함께 '그라놀라'라는 제품명이 적혀 있으며, 그 아래에는 다양한 맛의 이름이 적혀 있습니다.",,,reused,not_required,alt_preprocessed_5.csv:HyperCLOVAX_KOR,,,,그라놀라 / 제품 / 명 / 적히다 / Granola_House,5,"이미지에는 그라놀라 제품 여섯 개가 나란히 놓여 있습니다. 각 제품에는 빨간색 뚜껑과 함께 그라놀라 하우스라는 브랜드명이 적혀 있으며, 그 아래에는 다양한 맛의 이름이 적혀 있습니다.",,"이미지에는 그라놀라 제품 여섯 개가 나란히 놓여 있습니다. 각 제품에는 빨간색 뚜껑과 함께 그라놀라 하우스라는 브랜드명이 적혀 있으며, 그 아래에는 다양한 맛의 이름이 적혀 있습니다.",ok,not_required,vlm,,False,,그라놀라 제품 / Granola_House 브랜드 / 나란히 제품 / 달리다 여러개 / 뚜껑 달리다,5,"이미지에는 그라놀라 제품이 나란히 배치되어 있으며, 각 제품에는 'Granola_House' 브랜드의 로고가 붙어 있습니다.",,"이미지에는 그라놀라 제품이 나란히 배치되어 있으며, 각 제품에는 'Granola_House' 브랜드의 로고가 붙어 있습니다.",ok,not_required,vlm,,False,,Granola_House 브랜드 명 / 그라놀라 제품 나란히 / 그라놀라 제품 명 / 나란히 제품 Granola_House / 다양 맛 이름,5,"이미지에는 그라놀라 제품이 나란히 배치되어 있으며, 각 제품에는 'Granola_House'라는 브랜드 명과 그라놀라 제품명, 그리고 다양한 맛의 이름이 적혀 있습니다.",,"이미지에는 그라놀라 제품이 나란히 배치되어 있으며, 각 제품에는 'Granola_House'라는 브랜드 명과 그라놀라 제품명, 그리고 다양한 맛의 이름이 적혀 있습니다.",ok,not_required,vlm,,False,,True
convenience_meals,hyperclovax,5063596,2,naver-hyperclovax/HyperCLOVAX-SEED-Vision-Instruct-3B,kurly_5063596_2.jpg,convenience_meals/images/kurly_5063596_2.jpg,,matched,,0,이미지에는 네 개의 그릇에 담긴 다양한 종류의 그래놀라가 있습니다.,,,reused,not_required,alt_preprocessed_5.csv:HyperCLOVAX_KOR,,,,그래놀라 / 종류 / 4개 / 다양 / 담기다,5,이미지에는 네 개의 그릇에 각각 다른 종류의 그래놀라가 담겨 있습니다.,,이미지에는 네 개의 그릇에 각각 다른 종류의 그래놀라가 담겨 있습니다.,ok,not_required,vlm,,False,,종류 그래놀라 / 4개 담기다 / 다양 종류 / 담기다 다양,4,이미지에는 네 개의 그릇에 각각 다른 종류의 그래놀라가 담겨 있습니다.,,이미지에는 네 개의 그릇에 각각 다른 종류의 그래놀라가 담겨 있습니다.,ok,not_required,vlm,,False,,다양 종류 그래놀라 / 담기다 다양 종류 / 4개 담기다 다양,3,이미지에는 네 개의 그릇에 각각 다른 종류의 그래놀라가 담겨 있습니다.,,이미지에는 네 개의 그릇에 각각 다른 종류의 그래놀라가 담겨 있습니다.,ok,not_required,vlm,,False,,True
convenience_meals,hyperclovax,5066426,1,naver-hyperclovax/HyperCLOVAX-SEED-Vision-Instruct-3B,kurly_5066426_1.jpg,convenience_meals/images/kurly_5066426_1.jpg,상품-대표-이미지 1,matched,,0,이미지에는 테스티 브랜드의 다양한 샐러드 팩이 나란히 배열되어 있습니다.,,,reused,not_required,alt_preprocessed_5.csv:HyperCLOVAX_KOR,,,,테스티 / 배열 / 나란히 / 팩 / 브랜드,5,이미지에는 다양한 종류의 테스티 샐러드 팩이 나란히 배열되어 있습니다.,,이미지에는 다양한 종류의 테스티 샐러드 팩이 나란히 배열되어 있습니다.,ok,not_required,vlm,,False,,브랜드 다양 / 테스티 브랜드 / 팩 나란히 / 나란히 배열 / 다양 샐러드,5,이미지에는 테스티 브랜드의 다양한 샐러드 팩이 나란히 배열되어 있습니다.,,이미지에는 테스티 브랜드의 다양한 샐러드 팩이 나란히 배열되어 있습니다.,ok,not_required,vlm,,False,,다양 샐러드 팩 / 브랜드 다양 샐러드 / 샐러드 팩 나란히 / 테스티 브랜드 다양 / 팩 나란히 배열,5,이미지에는 다양한 종류의 샐러드가 포장된 팩들이 나란히 배열되어 있습니다.,,이미지에는 다양한 종류의 샐러드가 포장된 팩들이 나란히 배열되어 있습니다.,ok,not_required,vlm,,False,,True
convenience_meals,hyperclovax,5066426,2,naver-hyperclovax/HyperCLOVAX-SEED-Vision-Instruct-3B,kurly_5066426_2.jpg,convenience_meals/images/kurly_5066426_2.jpg,,matched,,0,이미지에는 다양한 재료로 구성된 여러 개의 샐러드 용기가 나란히 배열되어 있습니다.,,,reused,not_required,alt_preprocessed_5.csv:HyperCLOVAX_KOR,,,,구성 / 배열 / 나란히 / 용기 / 여러개,5,이미지에는 여러 개의 용기에 담긴 샐러드가 나란히 배열되어 있습니다.,,이미지에는 여러 개의 용기에 담긴 샐러드가 나란히 배열되어 있습니다.,ok,not_required,vlm,,False,,구성 여러개 / 샐러드 용기 / 여러개 샐러드 / 용기 나란히 / 재료 구성,5,"이미지에는 여러 개의 샐러드 용기가 나란히 놓여 있으며, 각 용기에는 다양한 재료로 구성된 샐러드가 들어 있습니다.",,"이미지에는 여러 개의 샐러드 용기가 나란히 놓여 있으며, 각 용기에는 다양한 재료로 구성된 샐러드가 들어 있습니다.",ok,not_required,vlm,,False,,구성 여러개 샐러드 / 다양 재료 구성 / 샐러드 용기 나란히 / 여러개 샐러드 용기 / 용기 나란히 배열,5,"이미지에는 여러 개의 샐러드 용기가 나란히 배열되어 있으며, 각 용기에는 다양한 재료로 구성된 샐러드가 들어 있습니다.",,"이미지에는 여러 개의 샐러드 용기가 나란히 배열되어 있으며, 각 용기에는 다양한 재료로 구성된 샐러드가 들어 있습니다.",ok,not_required,vlm,,False,,True
convenience_meals,hyperclovax,5072582,1,naver-hyperclovax/HyperCLOVAX-SEED-Vision-Instruct-3B,kurly_5072582_1.jpg,convenience_meals/images/kurly_5072582_1.jpg,상품-대표-이미지 1,matched,,0,이미지에는 달걀 샐러드가 담긴 그릇과 달걀 샐러드 팩이 있습니다.,,,reused,not_required,alt_preprocessed_5.csv:HyperCLOVAX_KOR,,,,달걀 / 샐러드 / 팩 / 담기다,4,이미지에는 달걀 샐러드가 들어있는 팩이 있습니다.,,이미지에는 달걀 샐러드가 들어있는 팩이 있습니다.,ok,not_required,vlm,,False,,달걀 샐러드 / 담기다 달걀 / 샐러드 팩 / 샐러드 담기다,4,이미지에는 달걀 샐러드가 담긴 그릇과 달걀 샐러드가 들어 있는 포장 팩이 있습니다.,,이미지에는 달걀 샐러드가 담긴 그릇과 달걀 샐러드가 들어 있는 포장 팩이 있습니다.,ok,not_required,vlm,,False,,달걀 샐러드 담기다 / 달걀 샐러드 팩 / 담기다 달걀 샐러드 / 샐러드 담기다 달걀,4,이미지에는 달걀 샐러드가 담긴 그릇과 달걀 샐러드가 담긴 팩이 있습니다.,,이미지에는 달걀 샐러드가 담긴 그릇과 달걀 샐러드가 담긴 팩이 있습니다.,ok,not_required,vlm,,False,,True
convenience_meals,hyperclovax,5072582,2,naver-hyperclovax/HyperCLOVAX-SEED-Vision-Instruct-3B,kurly_5072582_2.jpg,convenience_meals/images/kurly_5072582_2.jpg,,matched,,0,"이미지에는 빵 한 조각 위에 스크램블 에그가 올려져 있고, 옆에는 계란 샐러드가 담긴 그릇과 우유가 담긴 컵이 놓여 있는 모습입니다.",,,reused,not_required,alt_preprocessed_5.csv:HyperCLOVAX_KOR,,,,계란 / 빵 / 스크램블 / 에그 / 우유,5,이미지에는 스크램블 에그를 올린 빵이 있습니다.,,이미지에는 스크램블 에그를 올린 빵이 있습니다.,ok,not_required,vlm,,False,,계란 샐러드 / 담기다 우유 / 담기다 컵 / 빵 조각 / 스크램블 에그,5,이미지에는 계란 샐러드가 담긴 빵 조각이 있습니다.,,이미지에는 계란 샐러드가 담긴 빵 조각이 있습니다.,ok,not_required,vlm,,False,,계란 샐러드 담기다 / 담기다 우유 담기다 / 담기다 컵 모습 / 빵 조각 스크램블 / 샐러드 담기다 우유,5,이미지에는 계란 샐러드가 담긴 빵 한 조각이 놓인 모습이 있습니다.,,이미지에는 계란 샐러드가 담긴 빵 한 조각이 놓인 모습이 있습니다.,ok,not_required,vlm,,False,,True
convenience_meals,hyperclovax,5073094,1,naver-hyperclovax/HyperCLOVAX-SEED-Vision-Instruct-3B,kurly_5073094_1.jpg,convenience_meals/images/kurly_5073094_1.jpg,상품-대표-이미지 1,matched,,0,이미지에는 그릇에 담긴 국수 요리가 있습니다.,,,reused,not_required,alt_preprocessed_5.csv:HyperCLOVAX_KOR,,,,국수 / 요리 / 담기다,3,이미지에는 국수가 담긴 요리가 있습니다.,,이미지에는 국수가 담긴 요리가 있습니다.,ok,not_required,vlm,,False,,국수 요리 / 담기다 국수,2,이미지에는 국수 요리가 있습니다.,,이미지에는 국수 요리가 있습니다.,ok,not_required,vlm,,False,,담기다 국수 요리,1,이미지에는 국수 요리가 있습니다.,,이미지에는 국수 요리가 있습니다.,ok,not_required,vlm,,False,,True
convenience_meals,hyperclovax,5073094,2,naver-hyperclovax/HyperCLOVAX-SEED-Vision-Instruct-3B,kurly_5073094_2.jpg,convenience_meals/images/kurly_5073094_2.jpg,,matched,,0,이미지에는 국수 위에 고기와 파를 얹은 음식이 있습니다.,,,reused,not_required,alt_preprocessed_5.csv:HyperCLOVAX_KOR,,,,얹다 / 파 / 음식 / 고기 / 국수,5,이미지에는 고기와 파가 얹어진 국수 요리가 있습니다.,,이미지에는 고기와 파가 얹어진 국수 요리가 있습니다.,ok,not_required,vlm,,False,,국수 고기 / 얹다 음식 / 파 얹다 / 고기 파,4,"이미지에는 국수와 고기, 파가 얹어진 음식이 있습니다.",,"이미지에는 국수와 고기, 파가 얹어진 음식이 있습니다.",ok,not_required,vlm,,False,,고기 파 얹다 / 국수 고기 파 / 파 얹다 음식,3,"이미지에는 국수와 고기, 파가 들어간 음식이 그릇에 담겨 있습니다.",,"이미지에는 국수와 고기, 파가 들어간 음식이 그릇에 담겨 있습니다.",ok,not_required,vlm,,False,,True
convenience_meals,hyperclovax,5082274,1,naver-hyperclovax/HyperCLOVAX-SEED-Vision-Instruct-3B,kurly_5082274_1.jpg,convenience_meals/images/kurly_5082274_1.jpg,상품-대표-이미지 1,matched,,0,이미지에는 비비고 왕교자 냉동식품이 있습니다.,,,reused,not_required,alt_preprocessed_5.csv:HyperCLOVAX_KOR,,,,냉동식품 / 비비고_왕교자,2,이미지에는 비비고 왕교자 냉동식품이 있습니다.,,이미지에는 비비고 왕교자 냉동식품이 있습니다.,ok,not_required,vlm,,False,,비비고_왕교자 냉동식품,1,이미지에는 비비고 왕교자 냉동식품이 있습니다.,,이미지에는 비비고 왕교자 냉동식품이 있습니다.,ok,not_required,vlm,,False,,,0,,,,no_keywords,not_required,vlm,,,이 이미지·모델에 해당하는 핵심어가 없음.,False
convenience_meals,hyperclovax,5082274,2,naver-hyperclovax/HyperCLOVAX-SEED-Vision-Instruct-3B,kurly_5082274_2.jpg,convenience_meals/images/kurly_5082274_2.jpg,,matched,,0,이미지에는 비비고 왕교자 냉동식품이 있습니다.,,,reused,not_required,alt_preprocessed_5.csv:HyperCLOVAX_KOR,,,,냉동식품 / 비비고_왕교자,2,이미지에는 비비고 왕교자 냉동식품이 있습니다.,,이미지에는 비비고 왕교자 냉동식품이 있습니다.,ok,not_required,vlm,,False,,비비고_왕교자 냉동식품,1,이미지에는 비비고 왕교자 냉동식품이 있습니다.,,이미지에는 비비고 왕교자 냉동식품이 있습니다.,ok,not_required,vlm,,False,,,0,,,,no_keywords,not_required,vlm,,,이 이미지·모델에 해당하는 핵심어가 없음.,False
convenience_meals,hyperclovax,5088325,1,naver-hyperclovax/HyperCLOVAX-SEED-Vision-Instruct-3B,kurly_5088325_1.jpg,convenience_meals/images/kurly_5088325_1.jpg,상품-대표-이미지 1,matched,,0,이미지에는 그릇에 담긴 국수 요리가 있습니다.,,,reused,not_required,alt_preprocessed_5.csv:HyperCLOVAX_KOR,,,,국수 / 요리 / 담기다,3,이미지에는 국수가 담긴 그릇과 젓가락이 놓여 있습니다.,,이미지에는 국수가 담긴 그릇과 젓가락이 놓여 있습니다.,ok,not_required,vlm,,False,,국수 요리 / 담기다 국수,2,이미지에는 국수 요리가 담긴 그릇과 젓가락이 놓여 있습니다.,,이미지에는 국수 요리가 담긴 그릇과 젓가락이 놓여 있습니다.,ok,not_required,vlm,,False,,담기다 국수 요리,1,이미지에는 국물이 담긴 그릇에 담긴 국수 요리가 있습니다.,,이미지에는 국물이 담긴 그릇에 담긴 국수 요리가 있습니다.,ok,not_required,vlm,,False,,True
convenience_meals,hyperclovax,5088325,2,naver-hyperclovax/HyperCLOVAX-SEED-Vision-Instruct-3B,kurly_5088325_2.jpg,convenience_meals/images/kurly_5088325_2.jpg,,matched,,0,이미지에는 국물이 담긴 그릇에 담긴 국수 요리가 있습니다.,,,reused,not_required,alt_preprocessed_5.csv:HyperCLOVAX_KOR,,,,국수 / 국물 / 담기다 / 요리,4,"이미지에는 국물이 담긴 그릇에 국수가 담겨 있으며, 국물 위에는 김가루와 고춧가루, 참깨가 뿌려져 있는 모습입니다.",,"이미지에는 국물이 담긴 그릇에 국수가 담겨 있으며, 국물 위에는 김가루와 고춧가루, 참깨가 뿌려져 있는 모습입니다.",ok,not_required,vlm,,False,,국물 담기다 / 담기다 담기다 / 국수 요리 / 담기다 국수,4,"이미지에는 국물이 담긴 그릇에 국수가 담겨 있으며, 국수 위에는 김가루와 고춧가루, 참깨가 뿌려져 있는 모습입니다.",,"이미지에는 국물이 담긴 그릇에 국수가 담겨 있으며, 국수 위에는 김가루와 고춧가루, 참깨가 뿌려져 있는 모습입니다.",ok,not_required,vlm,,False,,국물 담기다 담기다 / 담기다 담기다 국수 / 담기다 국수 요리,3,이미지에는 국물이 담긴 그릇에 국수가 담겨 있습니다.,,이미지에는 국물이 담긴 그릇에 국수가 담겨 있습니다.,ok,not_required,vlm,,False,,True
convenience_meals,hyperclovax,5090388,1,naver-hyperclovax/HyperCLOVAX-SEED-Vision-Instruct-3B,kurly_5090388_1.jpg,convenience_meals/images/kurly_5090388_1.jpg,상품-대표-이미지 1,matched,,0,"이미지에는 매콤해 보이는 국물 요리가 담긴 그릇과 함께 국수, 만두, 채소 등이 함께 제공되는 모습이 있습니다.",,,reused,not_required,alt_preprocessed_5.csv:HyperCLOVAX_KOR,,,,함께 / 제공 / 채소 / 국수 / 만두,5,"이미지에는 채소, 국수, 만두가 들어간 매운탕이 그릇에 담겨 있고, 그릇 옆에는 만두와 채소가 담긴 비닐봉지가 놓여 있습니다.",,"이미지에는 채소, 국수, 만두가 들어간 매운탕이 그릇에 담겨 있고, 그릇 옆에는 만두와 채소가 담긴 비닐봉지가 놓여 있습니다.",ok,not_required,vlm,,False,,국수 만두 / 담기다 함께 / 만두 채소 / 제공 모습 / 채소 함께,5,"이미지에는 국수와 만두, 채소가 함께 담긴 그릇이 있습니다.",,"이미지에는 국수와 만두, 채소가 함께 담긴 그릇이 있습니다.",ok,not_required,vlm,,False,,국수 만두 채소 / 담기다 함께 국수 / 만두 채소 함께 / 요리 담기다 함께 / 채소 함께 제공,5,"이미지에는 국수와 만두, 채소가 들어간 요리가 그릇에 담겨 있습니다.",,"이미지에는 국수와 만두, 채소가 들어간 요리가 그릇에 담겨 있습니다.",ok,not_required,vlm,,False,,True
convenience_meals,hyperclovax,5090388,2,naver-hyperclovax/HyperCLOVAX-SEED-Vision-Instruct-3B,kurly_5090388_2.jpg,convenience_meals/images/kurly_5090388_2.jpg,,matched,,0,이미지에는 매콤해 보이는 국물 요리가 담긴 그릇이 있습니다.,,,reused,not_required,alt_preprocessed_5.csv:HyperCLOVAX_KOR,,,,보이다 / 국물 / 요리 / 담기다,4,이미지에는 매콤한 국물 요리가 담긴 그릇이 있습니다.,,이미지에는 매콤한 국물 요리가 담긴 그릇이 있습니다.,ok,not_required,vlm,,False,,보이다 국물 / 국물 요리 / 요리 담기다,3,"이미지에는 붉은 국물이 담긴 그릇이 있으며, 그릇에는 두부와 김치가 들어 있습니다.",,"이미지에는 붉은 국물이 담긴 그릇이 있으며, 그릇에는 두부와 김치가 들어 있습니다.",ok,not_required,vlm,,False,,보이다 국물 요리 / 국물 요리 담기다,2,이미지에는 매콤한 국물 요리가 담긴 그릇이 있습니다.,,이미지에는 매콤한 국물 요리가 담긴 그릇이 있습니다.,ok,not_required,vlm,,False,,True
convenience_meals,hyperclovax,5135831,1,naver-hyperclovax/HyperCLOVAX-SEED-Vision-Instruct-3B,kurly_5135831_1.jpg,convenience_meals/images/kurly_5135831_1.jpg,상품-대표-이미지 1,matched,,0,이미지에는 네 개의 용기에 각각 다른 종류의 한식이 담겨 있으며 상단에는 해당 상품의 포장 박스가 놓여 있습니다.,,,reused,not_required,alt_preprocessed_5.csv:HyperCLOVAX_KOR,,,,각각 / 박스 / 상단 / 해당 / 한식,5,이미지에는 상단에 한식 도시락 4개가 나란히 놓여 있고 상단에는 한식 도시락 상자가 있습니다.,,이미지에는 상단에 한식 도시락 4개가 나란히 놓여 있고 상단에는 한식 도시락 상자가 있습니다.,ok,not_required,vlm,,False,,4개 용기 / 각각 종류 / 담기다 상단 / 상단 해당 / 상품 포장,5,"이미지에는 4개의 용기에 각각 다른 종류의 한식이 담겨 있으며, 상단에 상품 포장이 놓여 있습니다.",,"이미지에는 4개의 용기에 각각 다른 종류의 한식이 담겨 있으며, 상단에 상품 포장이 놓여 있습니다.",ok,not_required,vlm,,False,,4개 용기 각각 / 각각 종류 한식 / 담기다 상단 해당 / 상단 해당 상품 / 상품 포장 박스,5,"이미지에는 한식이 담긴 4개의 용기와 그 위 상품 포장 박스가 있습니다. 상단에는 '온더고'라는 브랜드명이 적혀 있으며, 4개의 용기 각각에는 한식이 담겨 있습니다.",,"이미지에는 한식이 담긴 4개의 용기와 그 위 상품 포장 박스가 있습니다. 상단에는 '온더고'라는 브랜드명이 적혀 있으며, 4개의 용기 각각에는 한식이 담겨 있습니다.",ok,not_required,vlm,,False,,True
convenience_meals,hyperclovax,5135831,2,naver-hyperclovax/HyperCLOVAX-SEED-Vision-Instruct-3B,kurly_5135831_2.jpg,convenience_meals/images/kurly_5135831_2.jpg,,matched,,0,이미지에는 네 개의 포장된 한식 도시락이 있습니다.,,,reused,not_required,alt_preprocessed_5.csv:HyperCLOVAX_KOR,,,,도시락 / 한식 / 4개 / 포장,4,이미지에는 한식이 담긴 4개의 포장된 도시락이 있습니다.,,이미지에는 한식이 담긴 4개의 포장된 도시락이 있습니다.,ok,not_required,vlm,,False,,4개 포장 / 포장 한식 / 한식 도시락,3,이미지에는 한식 도시락 4개 포장이 있습니다.,,이미지에는 한식 도시락 4개 포장이 있습니다.,ok,not_required,vlm,,False,,4개 포장 한식 / 포장 한식 도시락,2,"이미지에는 한식 도시락 네 개가 나란히 놓여 있으며, 각각의 도시락에는 밥과 반찬이 함께 포장되어 있습니다.",,"이미지에는 한식 도시락 네 개가 나란히 놓여 있으며, 각각의 도시락에는 밥과 반찬이 함께 포장되어 있습니다.",ok,not_required,vlm,,False,,True
convenience_meals,hyperclovax,5136646,1,naver-hyperclovax/HyperCLOVAX-SEED-Vision-Instruct-3B,kurly_5136646_1.jpg,convenience_meals/images/kurly_5136646_1.jpg,상품-대표-이미지 1,matched,,0,이미지에는 네 개의 샌드위치가 놓인 접시가 있습니다.,,,reused,not_required,alt_preprocessed_5.csv:HyperCLOVAX_KOR,,,,4개 / 샌드위치,2,이미지에는 네 개의 샌드위치가 놓인 접시가 있습니다.,,이미지에는 네 개의 샌드위치가 놓인 접시가 있습니다.,ok,not_required,vlm,,False,,4개 샌드위치,1,이미지에는 네 개의 샌드위치가 놓인 접시가 있습니다.,,이미지에는 네 개의 샌드위치가 놓인 접시가 있습니다.,ok,not_required,vlm,,False,,,0,,,,no_keywords,not_required,vlm,,,이 이미지·모델에 해당하는 핵심어가 없음.,False
convenience_meals,hyperclovax,5136646,2,naver-hyperclovax/HyperCLOVAX-SEED-Vision-Instruct-3B,kurly_5136646_2.jpg,convenience_meals/images/kurly_5136646_2.jpg,,matched,,0,이미지에는 네 개의 샌드위치가 있는 모습입니다.,,,reused,not_required,alt_preprocessed_5.csv:HyperCLOVAX_KOR,,,,4개 / 모습 / 샌드위치,3,이미지에는 네 개의 샌드위치가 있는 모습입니다.,,이미지에는 네 개의 샌드위치가 있는 모습입니다.,ok,not_required,vlm,,False,,4개 샌드위치 / 샌드위치 모습,2,"이미지에는 네 개의 샌드위치가 흰색 접시 위에 놓여 있으며, 각각의 샌드위치는 다양한 재료로 구성되어 있고 소스가 뿌려져 있습니다.",,"이미지에는 네 개의 샌드위치가 흰색 접시 위에 놓여 있으며, 각각의 샌드위치는 다양한 재료로 구성되어 있고 소스가 뿌려져 있습니다.",ok,not_required,vlm,,False,,4개 샌드위치 모습,1,"이미지에는 네 개의 샌드위치가 흰색 접시에 담겨 있고, 각각의 샌드위치는 다양한 재료로 구성되어 있으며 소스가 뿌려져 있는 모습입니다.",,"이미지에는 네 개의 샌드위치가 흰색 접시에 담겨 있고, 각각의 샌드위치는 다양한 재료로 구성되어 있으며 소스가 뿌려져 있는 모습입니다.",ok,not_required,vlm,,False,,True
convenience_meals,hyperclovax,5156742,1,naver-hyperclovax/HyperCLOVAX-SEED-Vision-Instruct-3B,kurly_5156742_1.jpg,convenience_meals/images/kurly_5156742_1.jpg,상품-대표-이미지 1,matched,,0,이미지에는 두 개의 그릇에 담긴 매운 국물 요리가 있습니다.,,,reused,not_required,alt_preprocessed_5.csv:HyperCLOVAX_KOR,,,,2개 / 국물 / 요리 / 담기다,4,이미지에는 두 개의 그릇에 담긴 매콤해 보이는 국물 요리가 있습니다.,,이미지에는 두 개의 그릇에 담긴 매콤해 보이는 국물 요리가 있습니다.,ok,not_required,vlm,,False,,담기다 국물 / 2개 담기다 / 국물 요리,3,이미지에는 두 개의 그릇에 담긴 매콤해 보이는 국물 요리가 있습니다.,,이미지에는 두 개의 그릇에 담긴 매콤해 보이는 국물 요리가 있습니다.,ok,not_required,vlm,,False,,2개 담기다 국물 / 담기다 국물 요리,2,이미지에는 두 개의 그릇에 담긴 국물 요리가 있습니다.,,이미지에는 두 개의 그릇에 담긴 국물 요리가 있습니다.,ok,not_required,vlm,,False,,True
convenience_meals,hyperclovax,5156742,2,naver-hyperclovax/HyperCLOVAX-SEED-Vision-Instruct-3B,kurly_5156742_2.jpg,convenience_meals/images/kurly_5156742_2.jpg,,matched,,0,이미지에는 매콤해 보이는 국물 요리가 담긴 그릇이 있습니다.,,,reused,not_required,alt_preprocessed_5.csv:HyperCLOVAX_KOR,,,,보이다 / 국물 / 요리 / 담기다,4,이미지에는 매콤한 국물 요리가 담긴 그릇이 있습니다.,,이미지에는 매콤한 국물 요리가 담긴 그릇이 있습니다.,ok,not_required,vlm,,False,,보이다 국물 / 국물 요리 / 요리 담기다,3,이미지에는 매콤한 국물 요리가 담긴 그릇이 있습니다.,,이미지에는 매콤한 국물 요리가 담긴 그릇이 있습니다.,ok,not_required,vlm,,False,,보이다 국물 요리 / 국물 요리 담기다,2,이미지에는 매콤한 국물 요리가 담긴 그릇이 있습니다.,,이미지에는 매콤한 국물 요리가 담긴 그릇이 있습니다.,ok,not_required,vlm,,False,,True
fruits_nuts_rice,hyperclovax,1000030900,1,naver-hyperclovax/HyperCLOVAX-SEED-Vision-Instruct-3B,kurly_1000030900_1.jpg,fruits_nuts_rice/images/kurly_1000030900_1.jpg,상품-대표-이미지 1,matched,,0,이미지에는 4kg 비단쌀이 포장된 모습이 있습니다.,,,reused,not_required,alt_preprocessed_5.csv:HyperCLOVAX_KOR,,,,비단 / 4kg / 모습 / 포장 / 쌀,5,이미지에는 비단쌀 4kg이 포장된 모습입니다.,,이미지에는 비단쌀 4kg이 포장된 모습입니다.,ok,not_required,vlm,,False,,4kg 비단 / 비단 쌀 / 포장 모습 / 쌀 포장,4,이미지에는 4kg 비단 쌀이 포장된 모습입니다.,,이미지에는 4kg 비단 쌀이 포장된 모습입니다.,ok,not_required,vlm,,False,,4kg 비단 쌀 / 비단 쌀 포장 / 쌀 포장 모습,3,이미지에는 4kg 비단 쌀이 포장된 모습입니다.,,이미지에는 4kg 비단 쌀이 포장된 모습입니다.,ok,not_required,vlm,,False,,True
fruits_nuts_rice,hyperclovax,1000030900,2,naver-hyperclovax/HyperCLOVAX-SEED-Vision-Instruct-3B,kurly_1000030900_2.jpg,fruits_nuts_rice/images/kurly_1000030900_2.jpg,,matched,,0,이미지에는 흰 쌀이 담긴 그릇이 있습니다.,,,reused,not_required,alt_preprocessed_5.csv:HyperCLOVAX_KOR,,,,희다 / 쌀 / 담기다,3,이미지에는 흰 쌀이 담긴 그릇이 있습니다.,,이미지에는 흰 쌀이 담긴 그릇이 있습니다.,ok,not_required,vlm,,False,,희다 쌀 / 쌀 담기다,2,이미지에는 흰 쌀이 담긴 그릇이 있습니다.,,이미지에는 흰 쌀이 담긴 그릇이 있습니다.,ok,not_required,vlm,,False,,희다 쌀 담기다,1,이미지에는 흰 쌀이 담긴 그릇이 있습니다.,,이미지에는 흰 쌀이 담긴 그릇이 있습니다.,ok,not_required,vlm,,False,,True
fruits_nuts_rice,hyperclovax,1000032485,1,naver-hyperclovax/HyperCLOVAX-SEED-Vision-Instruct-3B,kurly_1000032485_1.jpg,fruits_nuts_rice/images/kurly_1000032485_1.jpg,상품-대표-이미지 1,matched,,0,이미지에는 냉동 블루베리 제품이 있습니다.,,,reused,not_required,alt_preprocessed_5.csv:HyperCLOVAX_KOR,,,,냉동 / 블루베리 / 제품,3,이미지에는 냉동 블루베리 제품이 있습니다.,,이미지에는 냉동 블루베리 제품이 있습니다.,ok,not_required,vlm,,False,,블루베리 제품 / 냉동 블루베리,2,이미지에는 냉동 블루베리 제품이 있습니다.,,이미지에는 냉동 블루베리 제품이 있습니다.,ok,not_required,vlm,,False,,냉동 블루베리 제품,1,이미지에는 냉동 블루베리 제품이 있습니다.,,이미지에는 냉동 블루베리 제품이 있습니다.,ok,not_required,vlm,,False,,True
fruits_nuts_rice,hyperclovax,1000032485,2,naver-hyperclovax/HyperCLOVAX-SEED-Vision-Instruct-3B,kurly_1000032485_2.jpg,fruits_nuts_rice/images/kurly_1000032485_2.jpg,,matched,,0,이미지에는 얼어있는 블루베리가 담긴 흰색 그릇이 있습니다.,,,reused,not_required,alt_preprocessed_5.csv:HyperCLOVAX_KOR,,,,얼다 / 블루베리 / 흰색 / 담기다,4,이미지에는 흰색 그릇에 담긴 얼어있는 블루베리가 있습니다.,,이미지에는 흰색 그릇에 담긴 얼어있는 블루베리가 있습니다.,ok,not_required,vlm,,False,,얼다 블루베리 / 블루베리 담기다 / 담기다 흰색,3,이미지에는 흰색 그릇에 담긴 얼어있는 블루베리의 모습입니다.,,이미지에는 흰색 그릇에 담긴 얼어있는 블루베리의 모습입니다.,ok,not_required,vlm,,False,,블루베리 담기다 흰색 / 얼다 블루베리 담기다,2,이미지에는 흰색 그릇에 담긴 냉동 블루베리가 있습니다.,,이미지에는 흰색 그릇에 담긴 냉동 블루베리가 있습니다.,ok,not_required,vlm,,False,,True
fruits_nuts_rice,hyperclovax,1000048867,1,naver-hyperclovax/HyperCLOVAX-SEED-Vision-Instruct-3B,kurly_1000048867_1.jpg,fruits_nuts_rice/images/kurly_1000048867_1.jpg,상품-대표-이미지 1,matched,,0,이미지에는 시월미소미쌀 10kg 제품이 있습니다.,,,reused,not_required,alt_preprocessed_5.csv:HyperCLOVAX_KOR,,,,시월미소미쌀 / 10kg / 제품,3,이미지에는 시월미소미쌀 10kg 제품이 있습니다.,,이미지에는 시월미소미쌀 10kg 제품이 있습니다.,ok,not_required,vlm,,False,,10kg 제품 / 시월미소미쌀 10kg,2,"이미지에는 10kg 용량의 시월미소미쌀이 있으며, 쌀알이 담긴 흰색 그릇이 함께 놓여 있습니다.",,"이미지에는 10kg 용량의 시월미소미쌀이 있으며, 쌀알이 담긴 흰색 그릇이 함께 놓여 있습니다.",ok,not_required,vlm,,False,,시월미소미쌀 10kg 제품,1,이미지에는 시월미소미쌀 10kg 제품이 있습니다.,,이미지에는 시월미소미쌀 10kg 제품이 있습니다.,ok,not_required,vlm,,False,,True
fruits_nuts_rice,hyperclovax,1000048867,2,naver-hyperclovax/HyperCLOVAX-SEED-Vision-Instruct-3B,kurly_1000048867_2.jpg,fruits_nuts_rice/images/kurly_1000048867_2.jpg,,matched,,0,이미지에는 흰 쌀이 담긴 그릇이 있습니다.,,,reused,not_required,alt_preprocessed_5.csv:HyperCLOVAX_KOR,,,,희다 / 쌀 / 담기다,3,이미지에는 흰 쌀이 담긴 그릇이 있습니다.,,이미지에는 흰 쌀이 담긴 그릇이 있습니다.,ok,not_required,vlm,,False,,희다 쌀 / 쌀 담기다,2,이미지에는 흰 쌀이 담긴 그릇이 있습니다.,,이미지에는 흰 쌀이 담긴 그릇이 있습니다.,ok,not_required,vlm,,False,,희다 쌀 담기다,1,이미지에는 흰 쌀이 담긴 그릇이 있습니다.,,이미지에는 흰 쌀이 담긴 그릇이 있습니다.,ok,not_required,vlm,,False,,True
fruits_nuts_rice,hyperclovax,1000066062,1,naver-hyperclovax/HyperCLOVAX-SEED-Vision-Instruct-3B,kurly_1000066062_1.jpg,fruits_nuts_rice/images/kurly_1000066062_1.jpg,상품-대표-이미지 1,matched,,0,이미지에는 투명한 용기에 담긴 다양한 곡물들이 들어 있습니다.,,,reused,not_required,alt_preprocessed_5.csv:HyperCLOVAX_KOR,,,,투명 / 곡물 / 다양 / 용기 / 들다,5,이미지에는 투명 용기에 담긴 다양한 곡물이 들어 있는 상품이 있습니다.,,이미지에는 투명 용기에 담긴 다양한 곡물이 들어 있는 상품이 있습니다.,ok,not_required,vlm,,False,,곡물 들다 / 다양 곡물 / 담기다 다양 / 용기 담기다 / 투명 용기,5,이미지에는 다양한 곡물이 담긴 투명 용기가 있습니다.,,이미지에는 다양한 곡물이 담긴 투명 용기가 있습니다.,ok,not_required,vlm,,False,,다양 곡물 들다 / 담기다 다양 곡물 / 용기 담기다 다양 / 투명 용기 담기다,4,이미지에는 다양한 곡물이 담긴 투명 용기가 있습니다.,,이미지에는 다양한 곡물이 담긴 투명 용기가 있습니다.,ok,not_required,vlm,,False,,True
fruits_nuts_rice,hyperclovax,1000066062,2,naver-hyperclovax/HyperCLOVAX-SEED-Vision-Instruct-3B,kurly_1000066062_2.jpg,fruits_nuts_rice/images/kurly_1000066062_2.jpg,,matched,,0,이미지에는 여러 종류의 곡물이 담긴 그릇이 있습니다.,,,reused,not_required,alt_preprocessed_5.csv:HyperCLOVAX_KOR,,,,여러 / 종류 / 곡물 / 담기다,4,이미지에는 여러 종류의 곡물이 담긴 그릇이 있습니다.,,이미지에는 여러 종류의 곡물이 담긴 그릇이 있습니다.,ok,not_required,vlm,,False,,곡물 담기다 / 여러 종류 / 종류 곡물,3,이미지에는 여러 종류의 곡물이 담긴 그릇이 있습니다.,,이미지에는 여러 종류의 곡물이 담긴 그릇이 있습니다.,ok,not_required,vlm,,False,,여러 종류 곡물 / 종류 곡물 담기다,2,이미지에는 여러 종류의 곡물이 담긴 그릇이 있습니다.,,이미지에는 여러 종류의 곡물이 담긴 그릇이 있습니다.,ok,not_required,vlm,,False,,True
fruits_nuts_rice,hyperclovax,1000102438,1,naver-hyperclovax/HyperCLOVAX-SEED-Vision-Instruct-3B,kurly_1000102438_1.jpg,fruits_nuts_rice/images/kurly_1000102438_1.jpg,상품-대표-이미지 1,matched,,0,이미지에는 검은색 상자에 담긴 붉은색 사과들이 정렬되어 있는 모습입니다.,,,reused,not_required,alt_preprocessed_5.csv:HyperCLOVAX_KOR,,,,정렬 / 검은색 / 붉은색 / 상자 / 모습,5,이미지에는 검은색 상자에 정렬된 붉은색 사과들이 담겨 있습니다.,,이미지에는 검은색 상자에 정렬된 붉은색 사과들이 담겨 있습니다.,ok,not_required,vlm,,False,,담기다 붉은색 / 붉은색 사과 / 사과 정렬 / 정렬 모습 / 검은색 상자,5,이미지에는 검은색 상자 안에 붉은색 사과가 정렬되어 있는 모습입니다.,,이미지에는 검은색 상자 안에 붉은색 사과가 정렬되어 있는 모습입니다.,ok,not_required,vlm,,False,,담기다 붉은색 사과 / 붉은색 사과 정렬 / 사과 정렬 모습 / 상자 담기다 붉은색 / 검은색 상자 담기다,5,이미지에는 검은색 상자에 담긴 붉은색 사과들이 정렬되어 있는 모습입니다.,,이미지에는 검은색 상자에 담긴 붉은색 사과들이 정렬되어 있는 모습입니다.,ok,not_required,vlm,,False,,True
fruits_nuts_rice,hyperclovax,1000102438,2,naver-hyperclovax/HyperCLOVAX-SEED-Vision-Instruct-3B,kurly_1000102438_2.jpg,fruits_nuts_rice/images/kurly_1000102438_2.jpg,,matched,,0,이미지에는 검은색 상자에 담긴 12개의 붉은 사과가 있습니다.,,,reused,not_required,alt_preprocessed_5.csv:HyperCLOVAX_KOR,,,,12개 / 검은색 / 붉다 / 상자 / 사과,5,이미지에는 검은색 상자에 담긴 12개의 붉게 익은 사과가 있습니다.,,이미지에는 검은색 상자에 담긴 12개의 붉게 익은 사과가 있습니다.,ok,not_required,vlm,,False,,12개 붉다 / 담기다 12개 / 검은색 상자 / 붉다 사과 / 상자 담기다,5,이미지에는 검은색 상자에 담긴 12개의 붉게 익은 사과가 있습니다.,,이미지에는 검은색 상자에 담긴 12개의 붉게 익은 사과가 있습니다.,ok,not_required,vlm,,False,,12개 붉다 사과 / 담기다 12개 붉다 / 상자 담기다 12개 / 검은색 상자 담기다,4,이미지에는 검은색 상자에 담긴 12개의 붉게 익은 사과가 있습니다.,,이미지에는 검은색 상자에 담긴 12개의 붉게 익은 사과가 있습니다.,ok,not_required,vlm,,False,,True
fruits_nuts_rice,hyperclovax,1000118138,1,naver-hyperclovax/HyperCLOVAX-SEED-Vision-Instruct-3B,kurly_1000118138_1.jpg,fruits_nuts_rice/images/kurly_1000118138_1.jpg,상품-대표-이미지 1,matched,,0,이미지에는 4kg 용량의 백진주 쌀 패키지가 있습니다.,,,reused,not_required,alt_preprocessed_5.csv:HyperCLOVAX_KOR,,,,백진주 / 패키지 / 4kg / 용량 / 쌀,5,"이미지에는 4kg 용량의 백진주 쌀 패키지가 있으며, 패키지 중앙에는 쌀알 그림과 함께 '백진주'라는 글자가 적혀 있습니다.",,"이미지에는 4kg 용량의 백진주 쌀 패키지가 있으며, 패키지 중앙에는 쌀알 그림과 함께 '백진주'라는 글자가 적혀 있습니다.",ok,not_required,vlm,,False,,4kg 용량 / 백진주 쌀 / 용량 백진주 / 쌀 패키지,4,이미지에는 4kg 용량의 백진주 쌀이 들어 있는 쌀 패키지가 있습니다.,,이미지에는 4kg 용량의 백진주 쌀이 들어 있는 쌀 패키지가 있습니다.,ok,not_required,vlm,,False,,4kg 용량 백진주 / 백진주 쌀 패키지 / 용량 백진주 쌀,3,이미지에는 4kg 용량의 백진주 쌀이 들어 있는 패키지가 있습니다.,,이미지에는 4kg 용량의 백진주 쌀이 들어 있는 패키지가 있습니다.,ok,not_required,vlm,,False,,True
fruits_nuts_rice,hyperclovax,1000118138,2,naver-hyperclovax/HyperCLOVAX-SEED-Vision-Instruct-3B,kurly_1000118138_2.jpg,fruits_nuts_rice/images/kurly_1000118138_2.jpg,,matched,,0,이미지에는 흰 쌀이 담긴 그릇이 있습니다.,,,reused,not_required,alt_preprocessed_5.csv:HyperCLOVAX_KOR,,,,희다 / 쌀 / 담기다,3,이미지에는 흰 쌀이 담긴 그릇이 있습니다.,,이미지에는 흰 쌀이 담긴 그릇이 있습니다.,ok,not_required,vlm,,False,,희다 쌀 / 쌀 담기다,2,이미지에는 흰 쌀이 담긴 그릇이 있습니다.,,이미지에는 흰 쌀이 담긴 그릇이 있습니다.,ok,not_required,vlm,,False,,희다 쌀 담기다,1,이미지에는 흰 쌀이 담긴 그릇이 있습니다.,,이미지에는 흰 쌀이 담긴 그릇이 있습니다.,ok,not_required,vlm,,False,,True
fruits_nuts_rice,hyperclovax,1000122762,1,naver-hyperclovax/HyperCLOVAX-SEED-Vision-Instruct-3B,kurly_1000122762_1.jpg,fruits_nuts_rice/images/kurly_1000122762_1.jpg,상품-대표-이미지 1,matched,,0,이미지에는 빨간 사과와 사과가 담긴 포장지가 있습니다.,,,reused,not_required,alt_preprocessed_5.csv:HyperCLOVAX_KOR,,,,사과 / 포장지 / 담기다,3,이미지에는 포장지에 담긴 사과와 사과 조각이 흰색 천 위에 놓여 있는 모습입니다.,,이미지에는 포장지에 담긴 사과와 사과 조각이 흰색 천 위에 놓여 있는 모습입니다.,ok,not_required,vlm,,False,,담기다 포장지 / 사과 담기다 / 사과 사과,3,이미지에는 포장지에 담긴 사과와 반으로 잘린 사과가 흰색 천 위에 놓여 있습니다.,,이미지에는 포장지에 담긴 사과와 반으로 잘린 사과가 흰색 천 위에 놓여 있습니다.,ok,not_required,vlm,,False,,사과 담기다 포장지 / 사과 사과 담기다,2,이미지에는 포장된 사과와 반으로 잘린 사과가 흰색 천 위에 놓여 있습니다.,,이미지에는 포장된 사과와 반으로 잘린 사과가 흰색 천 위에 놓여 있습니다.,ok,not_required,vlm,,False,,True
fruits_nuts_rice,hyperclovax,1000122762,2,naver-hyperclovax/HyperCLOVAX-SEED-Vision-Instruct-3B,kurly_1000122762_2.jpg,fruits_nuts_rice/images/kurly_1000122762_2.jpg,,matched,,0,이미지에는 반으로 잘린 붉은 사과와 포장된 사과가 놓인 모습입니다.,,,reused,not_required,alt_preprocessed_5.csv:HyperCLOVAX_KOR,,,,사과 / 붉다 / 모습 / 반 / 잘리다,5,이미지에는 잘린 붉은 사과의 모습이 있습니다.,,이미지에는 잘린 붉은 사과의 모습이 있습니다.,ok,not_required,vlm,,False,,사과 모습 / 사과 포장 / 잘리다 붉다 / 포장 사과 / 붉다 사과,5,이미지에는 잘린 붉은 사과와 포장된 붉은 사과가 있습니다.,,이미지에는 잘린 붉은 사과와 포장된 붉은 사과가 있습니다.,ok,not_required,vlm,,False,,반 잘리다 붉다 / 붉다 사과 포장 / 사과 포장 사과 / 잘리다 붉다 사과 / 포장 사과 모습,5,이미지에는 잘린 붉은 색의 사과와 포장된 붉은 색의 사과가 있습니다.,,이미지에는 잘린 붉은 색의 사과와 포장된 붉은 색의 사과가 있습니다.,ok,not_required,vlm,,False,,True
fruits_nuts_rice,hyperclovax,1000144509,1,naver-hyperclovax/HyperCLOVAX-SEED-Vision-Instruct-3B,kurly_1000144509_1.jpg,fruits_nuts_rice/images/kurly_1000144509_1.jpg,상품-대표-이미지 1,matched,,0,이미지에는 쌀이 들어있는 포장 봉지가 있습니다.,,,reused,not_required,alt_preprocessed_5.csv:HyperCLOVAX_KOR,,,,봉지 / 들다 / 포장 / 쌀,4,이미지에는 쌀이 담긴 포장 봉지가 있습니다.,,이미지에는 쌀이 담긴 포장 봉지가 있습니다.,ok,not_required,vlm,,False,,포장 봉지 / 들다 포장 / 쌀 들다,3,"이미지에는 쌀이 담긴 포장 봉지가 있으며, 포장 봉지에는 'Kf365 커리프레시'라는 글자가 적혀 있고, 포장 봉지 옆에는 쌀이 담긴 그릇이 있습니다.",,"이미지에는 쌀이 담긴 포장 봉지가 있으며, 포장 봉지에는 'Kf365 커리프레시'라는 글자가 적혀 있고, 포장 봉지 옆에는 쌀이 담긴 그릇이 있습니다.",ok,not_required,vlm,,False,,들다 포장 봉지 / 쌀 들다 포장,2,"이미지에는 쌀이 담긴 포장 봉지가 있으며, 포장지에는 'Kf365 커리프레시'라는 글자가 적혀 있습니다.",,"이미지에는 쌀이 담긴 포장 봉지가 있으며, 포장지에는 'Kf365 커리프레시'라는 글자가 적혀 있습니다.",ok,not_required,vlm,,False,,True
fruits_nuts_rice,hyperclovax,1000144509,2,naver-hyperclovax/HyperCLOVAX-SEED-Vision-Instruct-3B,kurly_1000144509_2.jpg,fruits_nuts_rice/images/kurly_1000144509_2.jpg,,matched,,0,이미지에는 흰 쌀이 담긴 그릇이 있습니다.,,,reused,not_required,alt_preprocessed_5.csv:HyperCLOVAX_KOR,,,,희다 / 쌀 / 담기다,3,이미지에는 흰 쌀이 담긴 그릇이 있습니다.,,이미지에는 흰 쌀이 담긴 그릇이 있습니다.,ok,not_required,vlm,,False,,희다 쌀 / 쌀 담기다,2,이미지에는 흰 쌀이 담긴 그릇이 있습니다.,,이미지에는 흰 쌀이 담긴 그릇이 있습니다.,ok,not_required,vlm,,False,,희다 쌀 담기다,1,이미지에는 흰 쌀이 담긴 그릇이 있습니다.,,이미지에는 흰 쌀이 담긴 그릇이 있습니다.,ok,not_required,vlm,,False,,True
fruits_nuts_rice,hyperclovax,1000253378,1,naver-hyperclovax/HyperCLOVAX-SEED-Vision-Instruct-3B,kurly_1000253378_1.jpg,fruits_nuts_rice/images/kurly_1000253378_1.jpg,상품-대표-이미지 1,matched,,0,이미지에는 녹색 접시에 담긴 냉동 블루베리와 숟가락이 있습니다.,,,reused,not_required,alt_preprocessed_5.csv:HyperCLOVAX_KOR,,,,숟가락 / 녹색 / 냉동 / 블루베리 / 담기다,5,이미지에는 녹색 접시에 담긴 냉동 블루베리와 숟가락이 놓여 있습니다.,,이미지에는 녹색 접시에 담긴 냉동 블루베리와 숟가락이 놓여 있습니다.,ok,not_required,vlm,,False,,녹색 담기다 / 담기다 냉동 / 블루베리 숟가락 / 냉동 블루베리,4,이미지에는 녹색 접시에 담긴 냉동 블루베리와 숟가락이 놓여 있습니다.,,이미지에는 녹색 접시에 담긴 냉동 블루베리와 숟가락이 놓여 있습니다.,ok,not_required,vlm,,False,,냉동 블루베리 숟가락 / 녹색 담기다 냉동 / 담기다 냉동 블루베리,3,이미지에는 녹색 접시에 담긴 냉동 블루베리와 숟가락이 놓여 있습니다.,,이미지에는 녹색 접시에 담긴 냉동 블루베리와 숟가락이 놓여 있습니다.,ok,not_required,vlm,,False,,True
fruits_nuts_rice,hyperclovax,1000253378,2,naver-hyperclovax/HyperCLOVAX-SEED-Vision-Instruct-3B,kurly_1000253378_2.jpg,fruits_nuts_rice/images/kurly_1000253378_2.jpg,,matched,,0,이미지에는 얼음이 묻어 있는 블루베리가 담긴 접시가 있습니다.,,,reused,not_required,alt_preprocessed_5.csv:HyperCLOVAX_KOR,,,,얼음 / 블루베리 / 담기다,3,이미지에는 얼음으로 덮인 블루베리가 담긴 그릇과 숟가락이 있습니다.,,이미지에는 얼음으로 덮인 블루베리가 담긴 그릇과 숟가락이 있습니다.,ok,not_required,vlm,,False,,얼음 블루베리 / 블루베리 담기다,2,이미지에는 얼음 블루베리가 담긴 그릇과 숟가락이 있습니다.,,이미지에는 얼음 블루베리가 담긴 그릇과 숟가락이 있습니다.,ok,not_required,vlm,,False,,얼음 블루베리 담기다,1,이미지에는 얼음으로 덮인 블루베리가 담긴 그릇과 숟가락이 있습니다.,,이미지에는 얼음으로 덮인 블루베리가 담긴 그릇과 숟가락이 있습니다.,ok,not_required,vlm,,False,,True
fruits_nuts_rice,hyperclovax,1000338204,1,naver-hyperclovax/HyperCLOVAX-SEED-Vision-Instruct-3B,kurly_1000338204_1.jpg,fruits_nuts_rice/images/kurly_1000338204_1.jpg,상품-대표-이미지 1,matched,,0,이미지에는 냉동 블루베리 1kg 제품이 있습니다.,,,reused,not_required,alt_preprocessed_5.csv:HyperCLOVAX_KOR,,,,1kg / 냉동 / 블루베리 / 제품,4,이미지에는 1kg 냉동 블루베리 제품입니다.,,이미지에는 1kg 냉동 블루베리 제품입니다.,ok,not_required,vlm,,False,,1kg 제품 / 블루베리 1kg / 냉동 블루베리,3,이미지에는 1kg 냉동 블루베리 제품이 있습니다.,,이미지에는 1kg 냉동 블루베리 제품이 있습니다.,ok,not_required,vlm,,False,,냉동 블루베리 1kg / 블루베리 1kg 제품,2,이미지에는 냉동 블루베리 1kg 제품이 있습니다.,,이미지에는 냉동 블루베리 1kg 제품이 있습니다.,ok,not_required,vlm,,False,,True
fruits_nuts_rice,hyperclovax,1000338204,2,naver-hyperclovax/HyperCLOVAX-SEED-Vision-Instruct-3B,kurly_1000338204_2.jpg,fruits_nuts_rice/images/kurly_1000338204_2.jpg,,matched,,0,이미지에는 흰색 그릇에 담긴 건조된 블루베리가 있습니다.,,,reused,not_required,alt_preprocessed_5.csv:HyperCLOVAX_KOR,,,,건조 / 블루베리 / 흰색 / 담기다,4,이미지에는 흰색 그릇에 담긴 건조된 블루베리가 있습니다.,,이미지에는 흰색 그릇에 담긴 건조된 블루베리가 있습니다.,ok,not_required,vlm,,False,,건조 블루베리 / 담기다 건조 / 흰색 담기다,3,이미지에는 흰색 그릇에 담긴 건조 블루베리가 있습니다.,,이미지에는 흰색 그릇에 담긴 건조 블루베리가 있습니다.,ok,not_required,vlm,,False,,담기다 건조 블루베리 / 흰색 담기다 건조,2,이미지에는 건조된 블루베리가 흰색 그릇에 담겨 있는 모습입니다.,,이미지에는 건조된 블루베리가 흰색 그릇에 담겨 있는 모습입니다.,ok,not_required,vlm,,False,,True
fruits_nuts_rice,hyperclovax,1000763360,1,naver-hyperclovax/HyperCLOVAX-SEED-Vision-Instruct-3B,kurly_1000763360_1.jpg,fruits_nuts_rice/images/kurly_1000763360_1.jpg,상품-대표-이미지 1,matched,,0,이미지에는 연두색 포도송이가 놓인 접시가 있습니다.,,,reused,not_required,alt_preprocessed_5.csv:HyperCLOVAX_KOR,,,,연두색 / 포도송이,2,이미지에는 연두색 포도송이가 있습니다.,,이미지에는 연두색 포도송이가 있습니다.,ok,not_required,vlm,,False,,연두색 포도송이,1,이미지에는 연두색 포도송이가 있습니다.,,이미지에는 연두색 포도송이가 있습니다.,ok,not_required,vlm,,False,,,0,,,,no_keywords,not_required,vlm,,,이 이미지·모델에 해당하는 핵심어가 없음.,False
fruits_nuts_rice,hyperclovax,1000763360,2,naver-hyperclovax/HyperCLOVAX-SEED-Vision-Instruct-3B,kurly_1000763360_2.jpg,fruits_nuts_rice/images/kurly_1000763360_2.jpg,,matched,,0,이미지에는 초록색 포도송이가 있습니다.,,,reused,not_required,alt_preprocessed_5.csv:HyperCLOVAX_KOR,,,,초록색 / 포도송이,2,이미지에는 초록색 포도송이가 있습니다.,,이미지에는 초록색 포도송이가 있습니다.,ok,not_required,vlm,,False,,초록색 포도송이,1,이미지에는 초록색 포도송이가 있습니다.,,이미지에는 초록색 포도송이가 있습니다.,ok,not_required,vlm,,False,,,0,,,,no_keywords,not_required,vlm,,,이 이미지·모델에 해당하는 핵심어가 없음.,False
fruits_nuts_rice,hyperclovax,1000858612,1,naver-hyperclovax/HyperCLOVAX-SEED-Vision-Instruct-3B,kurly_1000858612_1.jpg,fruits_nuts_rice/images/kurly_1000858612_1.jpg,상품-대표-이미지 1,matched,,0,이미지에는 포장된 파인애플과 그릇에 담긴 파인애플 조각이 있습니다.,,,reused,not_required,alt_preprocessed_5.csv:HyperCLOVAX_KOR,,,,파인애플 / 조각 / 포장 / 담기다,4,이미지에는 포장된 파인애플 조각이 담긴 흰색 접시가 있습니다.,,이미지에는 포장된 파인애플 조각이 담긴 흰색 접시가 있습니다.,ok,not_required,vlm,,False,,담기다 파인애플 / 파인애플 담기다 / 파인애플 조각 / 포장 파인애플,4,이미지에는 포장된 파인애플 조각이 담긴 용기와 그 옆에 놓인 파인애플 조각 두 개가 놓인 흰색 접시가 있습니다.,,이미지에는 포장된 파인애플 조각이 담긴 용기와 그 옆에 놓인 파인애플 조각 두 개가 놓인 흰색 접시가 있습니다.,ok,not_required,vlm,,False,,담기다 파인애플 조각 / 파인애플 담기다 파인애플 / 포장 파인애플 담기다,3,이미지에는 포장된 파인애플 조각이 담긴 용기와 그 옆에 놓인 파인애플 조각 두 개가 놓인 흰색 접시가 있습니다.,,이미지에는 포장된 파인애플 조각이 담긴 용기와 그 옆에 놓인 파인애플 조각 두 개가 놓인 흰색 접시가 있습니다.,ok,not_required,vlm,,False,,True
fruits_nuts_rice,hyperclovax,1000858612,2,naver-hyperclovax/HyperCLOVAX-SEED-Vision-Instruct-3B,kurly_1000858612_2.jpg,fruits_nuts_rice/images/kurly_1000858612_2.jpg,241008_kurly0582_KF365 ????????????????1kg.jpg,matched,,0,이미지에는 흰색 접시 위에 놓인 세 조각의 파인애플이 있습니다.,,,reused,not_required,alt_preprocessed_5.csv:HyperCLOVAX_KOR,,,,파인애플 / 조각 / 흰색,3,이미지에는 흰색 접시 위에 놓인 세 조각의 파인애플이 있습니다.,,이미지에는 흰색 접시 위에 놓인 세 조각의 파인애플이 있습니다.,ok,not_required,vlm,,False,,조각 파인애플 / 흰색 조각,2,이미지에는 흰색 접시 위에 놓인 세 조각의 파인애플이 있습니다.,,이미지에는 흰색 접시 위에 놓인 세 조각의 파인애플이 있습니다.,ok,not_required,vlm,,False,,흰색 조각 파인애플,1,이미지에는 흰색 조각 파인애플이 있습니다.,,이미지에는 흰색 조각 파인애플이 있습니다.,ok,not_required,vlm,,False,,True
fruits_nuts_rice,hyperclovax,1000867509,1,naver-hyperclovax/HyperCLOVAX-SEED-Vision-Instruct-3B,kurly_1000867509_1.jpg,fruits_nuts_rice/images/kurly_1000867509_1.jpg,상품-대표-이미지 1,matched,,0,이미지에는 7인분 양의 쌀이 들어있는 4kg 쌀 패키지가 있습니다.,,,reused,not_required,alt_preprocessed_5.csv:HyperCLOVAX_KOR,,,,7 / 양 / 인 / 쌀 / 패키지,5,이미지에는 7인분 양의 쌀이 들어있는 패키지가 있습니다.,,이미지에는 7인분 양의 쌀이 들어있는 패키지가 있습니다.,ok,not_required,vlm,,False,,7 인 / 들다 4kg / 양 쌀 / 인 양 / 쌀 패키지,5,"이미지에는 7인용 쌀 4kg 패키지가 있으며, 패키지에는 '양'이라는 글자가 크게 적혀 있습니다.",,"이미지에는 7인용 쌀 4kg 패키지가 있으며, 패키지에는 '양'이라는 글자가 크게 적혀 있습니다.",ok,not_required,vlm,,False,,4kg 쌀 패키지 / 7 인 양 / 들다 4kg 쌀 / 쌀 들다 4kg / 양 쌀 들다,5,"이미지에는 4kg 쌀 패키지가 있으며, 패키지에는 '7 인 양미'라고 적혀 있습니다.",,"이미지에는 4kg 쌀 패키지가 있으며, 패키지에는 '7 인 양미'라고 적혀 있습니다.",ok,not_required,vlm,,False,,True
fruits_nuts_rice,hyperclovax,1000867509,2,naver-hyperclovax/HyperCLOVAX-SEED-Vision-Instruct-3B,kurly_1000867509_2.jpg,fruits_nuts_rice/images/kurly_1000867509_2.jpg,,matched,,0,이미지에는 4kg 쌀이 포장된 제품이 있습니다.,,,reused,not_required,alt_preprocessed_5.csv:HyperCLOVAX_KOR,,,,4kg / 제품 / 포장 / 쌀,4,이미지에는 4kg 쌀이 들어있는 포장 제품이 있습니다.,,이미지에는 4kg 쌀이 들어있는 포장 제품이 있습니다.,ok,not_required,vlm,,False,,4kg 쌀 / 포장 제품 / 쌀 포장,3,이미지에는 4kg 쌀이 들어있는 포장 제품이 있습니다.,,이미지에는 4kg 쌀이 들어있는 포장 제품이 있습니다.,ok,not_required,vlm,,False,,4kg 쌀 포장 / 쌀 포장 제품,2,이미지에는 4kg 쌀 포장 제품이 있습니다.,,이미지에는 4kg 쌀 포장 제품이 있습니다.,ok,not_required,vlm,,False,,True
fruits_nuts_rice,hyperclovax,1000867511,1,naver-hyperclovax/HyperCLOVAX-SEED-Vision-Instruct-3B,kurly_1000867511_1.jpg,fruits_nuts_rice/images/kurly_1000867511_1.jpg,상품-대표-이미지 1,matched,,0,이미지에는 8kg 용량의 쌀이 포장된 제품이 있습니다.,,,reused,not_required,alt_preprocessed_5.csv:HyperCLOVAX_KOR,,,,8kg / 용량 / 제품 / 포장 / 쌀,5,이미지에는 8kg 용량의 쌀이 포장된 모습이 있습니다.,,이미지에는 8kg 용량의 쌀이 포장된 모습이 있습니다.,ok,not_required,vlm,,False,,8kg 용량 / 용량 쌀 / 포장 제품 / 쌀 포장,4,이미지에는 8kg 용량의 쌀이 포장된 제품이 있습니다.,,이미지에는 8kg 용량의 쌀이 포장된 제품이 있습니다.,ok,not_required,vlm,,False,,8kg 용량 쌀 / 용량 쌀 포장 / 쌀 포장 제품,3,이미지에는 8kg 용량의 쌀이 포장된 제품이 있습니다.,,이미지에는 8kg 용량의 쌀이 포장된 제품이 있습니다.,ok,not_required,vlm,,False,,True
fruits_nuts_rice,hyperclovax,1000867511,2,naver-hyperclovax/HyperCLOVAX-SEED-Vision-Instruct-3B,kurly_1000867511_2.jpg,fruits_nuts_rice/images/kurly_1000867511_2.jpg,,matched,,0,이미지에는 8kg 쌀이 포장된 제품이 있습니다.,,,reused,not_required,alt_preprocessed_5.csv:HyperCLOVAX_KOR,,,,8kg / 제품 / 포장 / 쌀,4,이미지에는 8kg 쌀 제품의 포장지가 있고 그 옆에는 쌀이 담긴 그릇이 있습니다.,,이미지에는 8kg 쌀 제품의 포장지가 있고 그 옆에는 쌀이 담긴 그릇이 있습니다.,ok,not_required,vlm,,False,,8kg 쌀 / 포장 제품 / 쌀 포장,3,이미지에는 8kg 쌀이 포장된 제품이 있습니다.,,이미지에는 8kg 쌀이 포장된 제품이 있습니다.,ok,not_required,vlm,,False,,8kg 쌀 포장 / 쌀 포장 제품,2,이미지에는 8kg 쌀 포장 제품이 있습니다.,,이미지에는 8kg 쌀 포장 제품이 있습니다.,ok,not_required,vlm,,False,,True
fruits_nuts_rice,hyperclovax,1000908371,1,naver-hyperclovax/HyperCLOVAX-SEED-Vision-Instruct-3B,kurly_1000908371_1.jpg,fruits_nuts_rice/images/kurly_1000908371_1.jpg,상품-대표-이미지 1,matched,,0,이미지에는 갈색 골판지 상자에 담긴 빨간 사과와 그 옆에 놓인 천 위에 놓인 사과 조각들이 있습니다.,,,reused,not_required,alt_preprocessed_5.csv:HyperCLOVAX_KOR,,,,사과 / 골판지 / 갈색 / 조각 / 옆,5,이미지에는 골판지 상자에 담긴 사과와 그 옆에 놓인 사과 조각들이 있습니다.,,이미지에는 골판지 상자에 담긴 사과와 그 옆에 놓인 사과 조각들이 있습니다.,ok,not_required,vlm,,False,,갈색 골판지 / 골판지 상자 / 담기다 사과 / 사과 옆 / 사과 조각,5,이미지에는 골판지 상자에 담긴 빨간 사과와 사과 조각이 놓인 모습이 있습니다.,,이미지에는 골판지 상자에 담긴 빨간 사과와 사과 조각이 놓인 모습이 있습니다.,ok,not_required,vlm,,False,,갈색 골판지 상자 / 골판지 상자 담기다 / 담기다 사과 옆 / 사과 옆 천 / 상자 담기다 사과,5,이미지에는 골판지 상자에 담긴 사과와 사과 옆 천 위에 놓인 사과 조각들이 있습니다.,,이미지에는 골판지 상자에 담긴 사과와 사과 옆 천 위에 놓인 사과 조각들이 있습니다.,ok,not_required,vlm,,False,,True
fruits_nuts_rice,hyperclovax,1000908371,2,naver-hyperclovax/HyperCLOVAX-SEED-Vision-Instruct-3B,kurly_1000908371_2.jpg,fruits_nuts_rice/images/kurly_1000908371_2.jpg,,matched,,0,이미지에는 적갈색의 사과가 여러 개 있으며 그중 일부는 반으로 잘려져 있고 갈색 종이 상자 위에 놓여 있습니다.,,,reused,not_required,alt_preprocessed_5.csv:HyperCLOVAX_KOR,,,,일부 / 적갈색 / 종이 / 중 / 갈색,5,이미지에는 종이 위에 놓인 적갈색 사과들이 있습니다.,,이미지에는 종이 위에 놓인 적갈색 사과들이 있습니다.,ok,not_required,vlm,,False,,갈색 종이 / 사과 여러개 / 여러개 중 / 일부 반 / 잘리다 갈색,5,"이미지에는 갈색 종이 위에 놓인 여러 개의 사과가 있으며, 그중 일부는 잘려져 반으로 잘린 모습입니다.",,"이미지에는 갈색 종이 위에 놓인 여러 개의 사과가 있으며, 그중 일부는 잘려져 반으로 잘린 모습입니다.",ok,not_required,vlm,,False,,갈색 종이 상자 / 반 잘리다 갈색 / 사과 여러개 중 / 여러개 중 일부 / 일부 반 잘리다,5,이미지에는 갈색 종이 상자 위에 놓인 여러 개의 사과가 있으며 그중 일부는 반으로 잘려져 있습니다.,,이미지에는 갈색 종이 상자 위에 놓인 여러 개의 사과가 있으며 그중 일부는 반으로 잘려져 있습니다.,ok,not_required,vlm,,False,,True
fruits_nuts_rice,hyperclovax,1000973922,1,naver-hyperclovax/HyperCLOVAX-SEED-Vision-Instruct-3B,kurly_1000973922_1.jpg,fruits_nuts_rice/images/kurly_1000973922_1.jpg,상품-대표-이미지 1,matched,,0,이미지에는 견과류가 담긴 그릇과 견과류 가공식품이 담긴 패키지가 있는 모습입니다.,,,reused,not_required,alt_preprocessed_5.csv:HyperCLOVAX_KOR,,,,견과 / 가공 / 식품 / 패키지 / 담기다,5,이미지에는 견과류 가공 식품이 들어있는 상자와 그 내용물이 담긴 패키지가 있습니다.,,이미지에는 견과류 가공 식품이 들어있는 상자와 그 내용물이 담긴 패키지가 있습니다.,ok,not_required,vlm,,False,,가공 식품 / 견과 가공 / 담기다 패키지 / 식품 담기다 / 패키지 모습,5,"이미지에는 견과류 가공식품인 'Kf365 커리프레쉬'의 패키지가 있으며, 그 안에는 견과류가 담긴 그릇과 개별 포장된 제품이 놓여 있습니다.",,"이미지에는 견과류 가공식품인 'Kf365 커리프레쉬'의 패키지가 있으며, 그 안에는 견과류가 담긴 그릇과 개별 포장된 제품이 놓여 있습니다.",ok,not_required,vlm,,False,,가공 식품 담기다 / 견과 가공 식품 / 담기다 견과 가공 / 담기다 패키지 모습 / 식품 담기다 패키지,5,이미지에는 견과 가공 식품이 담긴 패키지가 있습니다.,,이미지에는 견과 가공 식품이 담긴 패키지가 있습니다.,ok,not_required,vlm,,False,,True
fruits_nuts_rice,hyperclovax,1000973922,2,naver-hyperclovax/HyperCLOVAX-SEED-Vision-Instruct-3B,kurly_1000973922_2.jpg,fruits_nuts_rice/images/kurly_1000973922_2.jpg,pc_samjin_241209_01.jpg,matched,,0,이미지에는 견과류가 담긴 그릇과 견과류 패키지가 놓여 있습니다.,,,reused,not_required,alt_preprocessed_5.csv:HyperCLOVAX_KOR,,,,견과 / 패키지 / 담기다,3,이미지에는 견과류가 담긴 흰색 접시가 있고 그 옆에는 'KF365 커리프레시'라고 적힌 패키지가 놓여 있습니다.,,이미지에는 견과류가 담긴 흰색 접시가 있고 그 옆에는 'KF365 커리프레시'라고 적힌 패키지가 놓여 있습니다.,ok,not_required,vlm,,False,,견과 패키지 / 견과 담기다 / 담기다 견과,3,이미지에는 견과류 패키지가 있고 그 안에는 견과 담기다라는 문구가 적혀 있습니다.,,이미지에는 견과류 패키지가 있고 그 안에는 견과 담기다라는 문구가 적혀 있습니다.,ok,not_required,vlm,,False,,담기다 견과 패키지 / 견과 담기다 견과,2,"이미지에는 견과 담기다 견과 패키지가 있고 그 안에는 아몬드, 호두, 캐슈너트가 담겨 있습니다.",,"이미지에는 견과 담기다 견과 패키지가 있고 그 안에는 아몬드, 호두, 캐슈너트가 담겨 있습니다.",ok,not_required,vlm,,False,,True
fruits_nuts_rice,hyperclovax,1001234463,1,naver-hyperclovax/HyperCLOVAX-SEED-Vision-Instruct-3B,kurly_1001234463_1.jpg,fruits_nuts_rice/images/kurly_1001234463_1.jpg,상품-대표-이미지 1,matched,,0,이미지에는 파란색 그릇에 담긴 방울토마토와 바닥에 놓인 방울토마토 세 개가 있습니다.,,,reused,not_required,alt_preprocessed_5.csv:HyperCLOVAX_KOR,,,,방울토마토 / 바닥 / 파란색 / 3개 / 담기다,5,이미지에는 바닥에 놓인 파란색 그릇에 담긴 방울토마토와 바닥에 놓인 방울토마토 세 개가 있습니다.,,이미지에는 바닥에 놓인 파란색 그릇에 담긴 방울토마토와 바닥에 놓인 방울토마토 세 개가 있습니다.,ok,not_required,vlm,,False,,바닥 방울토마토 / 방울토마토 3개 / 방울토마토 바닥 / 담기다 방울토마토 / 파란색 담기다,5,이미지에는 바닥에 놓인 방울토마토와 그릇에 담긴 방울토마토가 있습니다.,,이미지에는 바닥에 놓인 방울토마토와 그릇에 담긴 방울토마토가 있습니다.,ok,not_required,vlm,,False,,담기다 방울토마토 바닥 / 바닥 방울토마토 3개 / 방울토마토 바닥 방울토마토 / 파란색 담기다 방울토마토,4,이미지에는 바닥에 놓인 파란색 그릇에 담긴 방울토마토와 바닥에 놓인 방울토마토 3개가 있습니다.,,이미지에는 바닥에 놓인 파란색 그릇에 담긴 방울토마토와 바닥에 놓인 방울토마토 3개가 있습니다.,ok,not_required,vlm,,False,,True
fruits_nuts_rice,hyperclovax,1001234463,2,naver-hyperclovax/HyperCLOVAX-SEED-Vision-Instruct-3B,kurly_1001234463_2.jpg,fruits_nuts_rice/images/kurly_1001234463_2.jpg,,matched,,0,이미지에는 파란색 그릇에 담긴 방울토마토가 있습니다.,,,reused,not_required,alt_preprocessed_5.csv:HyperCLOVAX_KOR,,,,파란색 / 방울토마토 / 담기다,3,"이미지에는 파란색 그릇에 방울토마토가 담겨 있으며, 그릇 밖에 몇 개의 방울토마토가 놓여 있습니다.",,"이미지에는 파란색 그릇에 방울토마토가 담겨 있으며, 그릇 밖에 몇 개의 방울토마토가 놓여 있습니다.",ok,not_required,vlm,,False,,담기다 방울토마토 / 파란색 담기다,2,이미지에는 파란색 그릇에 담긴 방울토마토가 있습니다.,,이미지에는 파란색 그릇에 담긴 방울토마토가 있습니다.,ok,not_required,vlm,,False,,파란색 담기다 방울토마토,1,이미지에는 파란색 그릇에 담긴 방울토마토가 있습니다.,,이미지에는 파란색 그릇에 담긴 방울토마토가 있습니다.,ok,not_required,vlm,,False,,True
fruits_nuts_rice,hyperclovax,1001303421,1,naver-hyperclovax/HyperCLOVAX-SEED-Vision-Instruct-3B,kurly_1001303421_1.jpg,fruits_nuts_rice/images/kurly_1001303421_1.jpg,상품-대표-이미지 1,matched,,0,이미지에는 반으로 잘린 사과와 온전한 사과 세 개가 있습니다.,,,reused,not_required,alt_preprocessed_5.csv:HyperCLOVAX_KOR,,,,사과 / 3개 / 반 / 잘리다,4,이미지에는 잘린 반쪽과 온전한 상태의 사과 세 개가 있습니다.,,이미지에는 잘린 반쪽과 온전한 상태의 사과 세 개가 있습니다.,ok,not_required,vlm,,False,,사과 3개 / 잘리다 사과 / 사과 사과 / 반 잘리다,4,이미지에는 잘린 사과와 온전한 사과 세 개가 있습니다.,,이미지에는 잘린 사과와 온전한 사과 세 개가 있습니다.,ok,not_required,vlm,,False,,반 잘리다 사과 / 사과 사과 3개 / 잘리다 사과 사과,3,이미지에는 반 잘린 사과와 사과 3개가 있습니다.,,이미지에는 반 잘린 사과와 사과 3개가 있습니다.,ok,not_required,vlm,,False,,True
fruits_nuts_rice,hyperclovax,1001303421,2,naver-hyperclovax/HyperCLOVAX-SEED-Vision-Instruct-3B,kurly_1001303421_2.jpg,fruits_nuts_rice/images/kurly_1001303421_2.jpg,,matched,,0,이미지에는 껍질이 붉은 색인 사과 다섯 개가 있습니다.,,,reused,not_required,alt_preprocessed_5.csv:HyperCLOVAX_KOR,,,,색 / 5개 / 껍질 / 붉다 / 사과,5,이미지에는 껍질이 붉고 5개의 사과가 있습니다.,,이미지에는 껍질이 붉고 5개의 사과가 있습니다.,ok,not_required,vlm,,False,,껍질 붉다 / 붉다 색 / 사과 5개 / 색 사과,4,이미지에는 껍질이 붉고 색이 고른 사과 5개가 있습니다.,,이미지에는 껍질이 붉고 색이 고른 사과 5개가 있습니다.,ok,not_required,vlm,,False,,껍질 붉다 색 / 붉다 색 사과 / 색 사과 5개,3,이미지에는 붉은색 껍질을 가진 사과 다섯 개가 있습니다.,,이미지에는 붉은색 껍질을 가진 사과 다섯 개가 있습니다.,ok,not_required,vlm,,False,,True
fruits_nuts_rice,hyperclovax,1001502284,1,naver-hyperclovax/HyperCLOVAX-SEED-Vision-Instruct-3B,kurly_1001502284_1.jpg,fruits_nuts_rice/images/kurly_1001502284_1.jpg,상품-대표-이미지 1,matched,,0,이미지에는 흰 천 위에 놓인 붉은 체리 여러 개가 있습니다.,,,reused,not_required,alt_preprocessed_5.csv:HyperCLOVAX_KOR,,,,체리 / 붉다 / 여러개 / 천 / 희다,5,이미지에는 여러 개의 붉게 익은 체리가 흰 천 위에 놓여 있는 모습입니다.,,이미지에는 여러 개의 붉게 익은 체리가 흰 천 위에 놓여 있는 모습입니다.,ok,not_required,vlm,,False,,붉다 체리 / 천 붉다 / 희다 천 / 체리 여러개,4,이미지에는 여러 개의 붉게 익은 체리가 희고 주름진 천 위에 놓여 있는 모습입니다.,,이미지에는 여러 개의 붉게 익은 체리가 희고 주름진 천 위에 놓여 있는 모습입니다.,ok,not_required,vlm,,False,,붉다 체리 여러개 / 천 붉다 체리 / 희다 천 붉다,3,이미지에는 여러 개의 붉은 체리가 흰 천 위에 놓여 있는 모습입니다.,,이미지에는 여러 개의 붉은 체리가 흰 천 위에 놓여 있는 모습입니다.,ok,not_required,vlm,,False,,True
fruits_nuts_rice,hyperclovax,1001502284,2,naver-hyperclovax/HyperCLOVAX-SEED-Vision-Instruct-3B,kurly_1001502284_2.jpg,fruits_nuts_rice/images/kurly_1001502284_2.jpg,,matched,,0,이미지에는 젖은 체리 여러 개가 흰색 천 위에 놓여 있습니다.,,,reused,not_required,alt_preprocessed_5.csv:HyperCLOVAX_KOR,,,,젖다 / 체리 / 여러개 / 천 / 흰색,5,이미지에는 여러 개의 젖은 체리가 흰색 천 위에 놓여 있는 모습입니다.,,이미지에는 여러 개의 젖은 체리가 흰색 천 위에 놓여 있는 모습입니다.,ok,not_required,vlm,,False,,젖다 체리 / 여러개 흰색 / 체리 여러개 / 흰색 천,4,이미지에는 여러 개의 젖은 체리가 흰색 천 위에 놓여 있는 모습입니다.,,이미지에는 여러 개의 젖은 체리가 흰색 천 위에 놓여 있는 모습입니다.,ok,not_required,vlm,,False,,젖다 체리 여러개 / 체리 여러개 흰색 / 여러개 흰색 천,3,이미지에는 여러 개의 젖은 체리가 흰색 천 위에 놓여 있는 모습입니다.,,이미지에는 여러 개의 젖은 체리가 흰색 천 위에 놓여 있는 모습입니다.,ok,not_required,vlm,,False,,True
fruits_nuts_rice,hyperclovax,1001729429,1,naver-hyperclovax/HyperCLOVAX-SEED-Vision-Instruct-3B,kurly_1001729429_1.jpg,fruits_nuts_rice/images/kurly_1001729429_1.jpg,상품-대표-이미지 1,matched,,0,이미지에는 10kg 용량의 쌀이 들어 있는 포장지가 있습니다.,,,reused,not_required,alt_preprocessed_5.csv:HyperCLOVAX_KOR,,,,포장지 / 10kg / 용량 / 들다 / 쌀,5,이미지에는 포장지에 담긴 쌀이 있고 그 옆에는 쌀이 담긴 그릇이 있습니다. 포장지에는 '고시히카리'라는 글자가 크게 적혀 있고 그 아래에는 '10kg'이라는 용량이 적혀 있습니다. 포장지에는 쌀의 특징을 설명하는 문구도 적혀 있습니다.,,이미지에는 포장지에 담긴 쌀이 있고 그 옆에는 쌀이 담긴 그릇이 있습니다. 포장지에는 '고시히카리'라는 글자가 크게 적혀 있고 그 아래에는 '10kg'이라는 용량이 적혀 있습니다. 포장지에는 쌀의 특징을 설명하는 문구도 적혀 있습니다.,ok,not_required,vlm,,False,,용량 쌀 / 들다 포장지 / 10kg 용량 / 쌀 들다,4,이미지에는 쌀 10kg이 담긴 포장지가 있고 그 옆에는 쌀이 담긴 그릇이 있습니다.,,이미지에는 쌀 10kg이 담긴 포장지가 있고 그 옆에는 쌀이 담긴 그릇이 있습니다.,ok,not_required,vlm,,False,,10kg 용량 쌀 / 용량 쌀 들다 / 쌀 들다 포장지,3,"이미지에는 10kg 용량의 쌀이 포장된 상품이 있으며, 포장지에는 '고시히카리'라는 이름이 적혀 있습니다.",,"이미지에는 10kg 용량의 쌀이 포장된 상품이 있으며, 포장지에는 '고시히카리'라는 이름이 적혀 있습니다.",ok,not_required,vlm,,False,,True
fruits_nuts_rice,hyperclovax,1001729429,2,naver-hyperclovax/HyperCLOVAX-SEED-Vision-Instruct-3B,kurly_1001729429_2.jpg,fruits_nuts_rice/images/kurly_1001729429_2.jpg,,matched,,0,이미지에는 흰 쌀이 담긴 그릇이 있습니다.,,,reused,not_required,alt_preprocessed_5.csv:HyperCLOVAX_KOR,,,,희다 / 쌀 / 담기다,3,이미지에는 흰 쌀이 담긴 흰색 그릇이 있습니다.,,이미지에는 흰 쌀이 담긴 흰색 그릇이 있습니다.,ok,not_required,vlm,,False,,희다 쌀 / 쌀 담기다,2,이미지에는 흰 쌀이 담긴 흰색 그릇이 있습니다.,,이미지에는 흰 쌀이 담긴 흰색 그릇이 있습니다.,ok,not_required,vlm,,False,,희다 쌀 담기다,1,이미지에는 흰 쌀이 담긴 흰색 그릇이 있습니다.,,이미지에는 흰 쌀이 담긴 흰색 그릇이 있습니다.,ok,not_required,vlm,,False,,True
fruits_nuts_rice,hyperclovax,1001882653,1,naver-hyperclovax/HyperCLOVAX-SEED-Vision-Instruct-3B,kurly_1001882653_1.jpg,fruits_nuts_rice/images/kurly_1001882653_1.jpg,상품-대표-이미지 1,matched,,0,이미지에는 흰색 접시 위에 놓인 여러 개의 사과가 있습니다.,,,reused,not_required,alt_preprocessed_5.csv:HyperCLOVAX_KOR,,,,여러개 / 사과 / 흰색,3,이미지에는 흰색 접시에 여러 개의 사과가 놓여 있습니다.,,이미지에는 흰색 접시에 여러 개의 사과가 놓여 있습니다.,ok,not_required,vlm,,False,,여러개 사과 / 흰색 여러개,2,이미지에는 흰색 접시 위에 놓인 여러 개의 사과가 있습니다.,,이미지에는 흰색 접시 위에 놓인 여러 개의 사과가 있습니다.,ok,not_required,vlm,,False,,흰색 여러개 사과,1,이미지에는 흰색 여러 개 사과가 있습니다.,,이미지에는 흰색 여러 개 사과가 있습니다.,ok,not_required,vlm,,False,,True
fruits_nuts_rice,hyperclovax,1001882653,2,naver-hyperclovax/HyperCLOVAX-SEED-Vision-Instruct-3B,kurly_1001882653_2.jpg,fruits_nuts_rice/images/kurly_1001882653_2.jpg,,matched,,0,이미지에는 흰색 접시 위에 놓인 여러 개의 사과가 있습니다.,,,reused,not_required,alt_preprocessed_5.csv:HyperCLOVAX_KOR,,,,여러개 / 사과 / 흰색,3,이미지에는 흰색 접시 위에 놓인 여러 개의 사과가 있습니다.,,이미지에는 흰색 접시 위에 놓인 여러 개의 사과가 있습니다.,ok,not_required,vlm,,False,,여러개 사과 / 흰색 여러개,2,이미지에는 여러 개의 흰색 사과가 그릇에 담겨 있는 모습입니다.,,이미지에는 여러 개의 흰색 사과가 그릇에 담겨 있는 모습입니다.,ok,not_required,vlm,,False,,흰색 여러개 사과,1,이미지에는 흰색 여러 개 사과가 있습니다.,,이미지에는 흰색 여러 개 사과가 있습니다.,ok,not_required,vlm,,False,,True
fruits_nuts_rice,hyperclovax,1002140343,1,naver-hyperclovax/HyperCLOVAX-SEED-Vision-Instruct-3B,kurly_1002140343_1.jpg,fruits_nuts_rice/images/kurly_1002140343_1.jpg,상품-대표-이미지 1,matched,,0,이미지에는 세 개의 아보카도가 있는 접시가 있습니다.,,,reused,not_required,alt_preprocessed_5.csv:HyperCLOVAX_KOR,,,,아보카도 / 3개,2,이미지에는 아보카도 세 개가 놓인 접시가 있습니다.,,이미지에는 아보카도 세 개가 놓인 접시가 있습니다.,ok,not_required,vlm,,False,,3개 아보카도,1,이미지에는 세 개의 아보카도가 있는 모습입니다.,,이미지에는 세 개의 아보카도가 있는 모습입니다.,ok,not_required,vlm,,False,,,0,,,,no_keywords,not_required,vlm,,,이 이미지·모델에 해당하는 핵심어가 없음.,False
fruits_nuts_rice,hyperclovax,1002140343,2,naver-hyperclovax/HyperCLOVAX-SEED-Vision-Instruct-3B,kurly_1002140343_2.jpg,fruits_nuts_rice/images/kurly_1002140343_2.jpg,241008_kurly0658_??????????????????3???.jpg,matched,,0,이미지에는 반으로 잘린 아보카도 세 개가 놓인 접시가 있습니다.,,,reused,not_required,alt_preprocessed_5.csv:HyperCLOVAX_KOR,,,,아보카도 / 3개 / 반 / 잘리다,4,이미지에는 반으로 잘린 아보카도 세 개가 놓인 모습이 있습니다.,,이미지에는 반으로 잘린 아보카도 세 개가 놓인 모습이 있습니다.,ok,not_required,vlm,,False,,아보카도 3개 / 잘리다 아보카도 / 반 잘리다,3,이미지에는 반으로 잘린 아보카도 3개가 놓인 흰색 접시가 있습니다.,,이미지에는 반으로 잘린 아보카도 3개가 놓인 흰색 접시가 있습니다.,ok,not_required,vlm,,False,,반 잘리다 아보카도 / 잘리다 아보카도 3개,2,이미지에는 반으로 잘린 아보카도 3개가 있는 모습입니다.,,이미지에는 반으로 잘린 아보카도 3개가 있는 모습입니다.,ok,not_required,vlm,,False,,True
fruits_nuts_rice,hyperclovax,5003716,1,naver-hyperclovax/HyperCLOVAX-SEED-Vision-Instruct-3B,kurly_5003716_1.jpg,fruits_nuts_rice/images/kurly_5003716_1.jpg,상품-대표-이미지 1,matched,,0,이미지에는 흰색 천 위에 놓인 노란 바나나 한 다발이 있습니다.,,,reused,not_required,alt_preprocessed_5.csv:HyperCLOVAX_KOR,,,,다발 / 바나나 / 천 / 흰색,4,이미지에는 흰색 천 위에 놓인 노란 바나나 다발이 있습니다.,,이미지에는 흰색 천 위에 놓인 노란 바나나 다발이 있습니다.,ok,not_required,vlm,,False,,천 바나나 / 바나나 다발 / 흰색 천,3,이미지에는 흰색 천 위에 놓인 바나나 다발이 있습니다.,,이미지에는 흰색 천 위에 놓인 바나나 다발이 있습니다.,ok,not_required,vlm,,False,,천 바나나 다발 / 흰색 천 바나나,2,이미지에는 흰색 천 위에 놓인 노란 바나나 다발이 있습니다.,,이미지에는 흰색 천 위에 놓인 노란 바나나 다발이 있습니다.,ok,not_required,vlm,,False,,True
fruits_nuts_rice,hyperclovax,5003716,2,naver-hyperclovax/HyperCLOVAX-SEED-Vision-Instruct-3B,kurly_5003716_2.jpg,fruits_nuts_rice/images/kurly_5003716_2.jpg,,matched,,0,이미지에는 흰색 배경 위에 놓인 바나나 한 다발과 반으로 잘린 바나나 한 개가 있습니다.,,,reused,not_required,alt_preprocessed_5.csv:HyperCLOVAX_KOR,,,,바나나 / 1개 / 다발 / 배경 / 반,5,이미지에는 흰색 배경 위에 놓인 바나나 한 다발과 반으로 잘린 바나나 한 개가 있습니다.,,이미지에는 흰색 배경 위에 놓인 바나나 한 다발과 반으로 잘린 바나나 한 개가 있습니다.,ok,not_required,vlm,,False,,다발 반 / 배경 바나나 / 바나나 1개 / 바나나 다발 / 잘리다 바나나,5,이미지에는 잘린 바나나 1개와 다발 반의 바나나가 있습니다.,,이미지에는 잘린 바나나 1개와 다발 반의 바나나가 있습니다.,ok,not_required,vlm,,False,,다발 반 잘리다 / 바나나 다발 반 / 배경 바나나 다발 / 잘리다 바나나 1개 / 흰색 배경 바나나,5,이미지에는 흰색 배경 위에 놓인 바나나 다발과 반으로 잘린 바나나가 있습니다.,,이미지에는 흰색 배경 위에 놓인 바나나 다발과 반으로 잘린 바나나가 있습니다.,ok,not_required,vlm,,False,,True
fruits_nuts_rice,hyperclovax,5025577,1,naver-hyperclovax/HyperCLOVAX-SEED-Vision-Instruct-3B,kurly_5025577_1.jpg,fruits_nuts_rice/images/kurly_5025577_1.jpg,상품-대표-이미지 1,matched,,0,이미지에는 나무 도마 위에 놓인 키위 과일들이 있습니다.,,,reused,not_required,alt_preprocessed_5.csv:HyperCLOVAX_KOR,,,,과일 / 도마 / 키위 / 나무,4,이미지에는 도마 위에 놓인 키위 여러 개와 잘려져 있는 키위 반쪽이 있습니다.,,이미지에는 도마 위에 놓인 키위 여러 개와 잘려져 있는 키위 반쪽이 있습니다.,ok,not_required,vlm,,False,,도마 키위 / 나무 도마 / 키위 과일,3,이미지에는 나무 도마 위에 놓인 키위 과일들이 있습니다.,,이미지에는 나무 도마 위에 놓인 키위 과일들이 있습니다.,ok,not_required,vlm,,False,,나무 도마 키위 / 도마 키위 과일,2,이미지에는 나무 도마 위에 놓인 키위 과일들이 있습니다.,,이미지에는 나무 도마 위에 놓인 키위 과일들이 있습니다.,ok,not_required,vlm,,False,,True
fruits_nuts_rice,hyperclovax,5025577,2,naver-hyperclovax/HyperCLOVAX-SEED-Vision-Instruct-3B,kurly_5025577_2.jpg,fruits_nuts_rice/images/kurly_5025577_2.jpg,,matched,,0,이미지에는 반으로 잘린 키위 여러 개가 나무 도마 위에 놓여 있습니다.,,,reused,not_required,alt_preprocessed_5.csv:HyperCLOVAX_KOR,,,,키 / 도마 / 여러개 / 나무 / 반,5,"이미지에는 여러 개의 키위 과일이 나무 도마 위에 놓여 있으며, 그중 일부는 반으로 잘려 있습니다.",,"이미지에는 여러 개의 키위 과일이 나무 도마 위에 놓여 있으며, 그중 일부는 반으로 잘려 있습니다.",ok,not_required,vlm,,False,,여러개 나무 / 잘리다 키 / 키 여러개 / 나무 도마 / 반 잘리다,5,"이미지에는 여러 개의 키위 과일이 나무 도마 위에 놓여 있으며, 그 중 하나는 반으로 잘려 내부의 과육과 씨가 드러나 있습니다.",,"이미지에는 여러 개의 키위 과일이 나무 도마 위에 놓여 있으며, 그 중 하나는 반으로 잘려 내부의 과육과 씨가 드러나 있습니다.",ok,not_required,vlm,,False,,반 잘리다 키 / 여러개 나무 도마 / 잘리다 키 여러개 / 키 여러개 나무,4,"이미지에는 여러 개의 키위가 나무 도마 위에 놓여 있으며, 그 중 한 개는 반으로 잘려 내부의 과육과 씨가 드러나 있습니다.",,"이미지에는 여러 개의 키위가 나무 도마 위에 놓여 있으며, 그 중 한 개는 반으로 잘려 내부의 과육과 씨가 드러나 있습니다.",ok,not_required,vlm,,False,,True
fruits_nuts_rice,hyperclovax,5027321,1,naver-hyperclovax/HyperCLOVAX-SEED-Vision-Instruct-3B,kurly_5027321_1.jpg,fruits_nuts_rice/images/kurly_5027321_1.jpg,상품-대표-이미지 1,matched,,0,이미지에는 흰색 배경 위에 놓인 나무 접시 위에 놓인 붉은색과 노란색으로 익은 복숭아 여덟 개가 있습니다.,,,reused,not_required,alt_preprocessed_5.csv:HyperCLOVAX_KOR,,,,8개 / 익다 / 노란색 / 붉은색 / 배경,5,이미지에는 익어 붉은색을 띠는 복숭아 8개가 흰색 천 위에 놓여 있습니다.,,이미지에는 익어 붉은색을 띠는 복숭아 8개가 흰색 천 위에 놓여 있습니다.,ok,not_required,vlm,,False,,나무 붉은색 / 노란색 익다 / 배경 나무 / 복숭아 8개 / 붉은색 노란색,5,이미지에는 나무 배경 위에 흰색 천 위에 놓인 붉은색과 노란색의 복숭아 8개가 놓여 있습니다.,,이미지에는 나무 배경 위에 흰색 천 위에 놓인 붉은색과 노란색의 복숭아 8개가 놓여 있습니다.,ok,not_required,vlm,,False,,나무 붉은색 노란색 / 노란색 익다 복숭아 / 배경 나무 붉은색 / 붉은색 노란색 익다 / 익다 복숭아 8개,5,"이미지에는 나무 배경 위에 붉은색과 노란색이 섞인 익은 복숭아 여덟 개가 놓여 있고, 그 아래에는 흰색 천이 깔려 있으며, 복숭아 주변에는 녹색 잎사귀가 몇 개 놓여 있는 모습입니다.",,"이미지에는 나무 배경 위에 붉은색과 노란색이 섞인 익은 복숭아 여덟 개가 놓여 있고, 그 아래에는 흰색 천이 깔려 있으며, 복숭아 주변에는 녹색 잎사귀가 몇 개 놓여 있는 모습입니다.",ok,not_required,vlm,,False,,True
fruits_nuts_rice,hyperclovax,5027321,2,naver-hyperclovax/HyperCLOVAX-SEED-Vision-Instruct-3B,kurly_5027321_2.jpg,fruits_nuts_rice/images/kurly_5027321_2.jpg,,matched,,0,이미지에는 반질반질한 표면의 복숭아들이 흰색 천 위에 놓여 있습니다.,,,reused,not_required,alt_preprocessed_5.csv:HyperCLOVAX_KOR,,,,반질반질 / 표면 / 복숭아 / 천 / 흰색,5,이미지에는 반질반질한 표면의 복숭아들이 흰색 천 위에 놓여 있는 모습입니다.,,이미지에는 반질반질한 표면의 복숭아들이 흰색 천 위에 놓여 있는 모습입니다.,ok,not_required,vlm,,False,,반질반질 표면 / 복숭아 흰색 / 표면 복숭아 / 흰색 천,4,이미지에는 흰색 천 위에 반질반질한 표면의 복숭아들이 놓여 있습니다.,,이미지에는 흰색 천 위에 반질반질한 표면의 복숭아들이 놓여 있습니다.,ok,not_required,vlm,,False,,반질반질 표면 복숭아 / 복숭아 흰색 천 / 표면 복숭아 흰색,3,이미지에는 반질반질한 표면의 복숭아들이 흰색 천 위에 놓여 있는 모습입니다.,,이미지에는 반질반질한 표면의 복숭아들이 흰색 천 위에 놓여 있는 모습입니다.,ok,not_required,vlm,,False,,True
fruits_nuts_rice,hyperclovax,5031442,1,naver-hyperclovax/HyperCLOVAX-SEED-Vision-Instruct-3B,kurly_5031442_1.jpg,fruits_nuts_rice/images/kurly_5031442_1.jpg,상품-대표-이미지 1,matched,,0,"이미지에는 나무 접시 위에 반으로 잘린 바나나가 놓여 있고, 그 옆에는 바나나 껍질이 벗겨진 바나나 한 개가 놓여 있습니다.",,,reused,not_required,alt_preprocessed_5.csv:HyperCLOVAX_KOR,,,,바나나 / 1개 / 벗겨지다 / 껍질 / 옆,5,"이미지에는 껍질을 벗긴 바나나 한 개가 나무 접시 위에 놓여 있고, 옆에는 껍질이 벗겨진 바나나 한 개가 놓여 있는 모습이 있습니다.",,"이미지에는 껍질을 벗긴 바나나 한 개가 나무 접시 위에 놓여 있고, 옆에는 껍질이 벗겨진 바나나 한 개가 놓여 있는 모습이 있습니다.",ok,not_required,vlm,,False,,나무 반 / 바나나 껍질 / 바나나 옆 / 벗겨지다 바나나 / 옆 바나나,5,"이미지에는 나무 접시 위에 껍질을 벗긴 바나나 반쪽과 껍질이 벗겨진 바나나 한 개가 놓여 있으며, 접시 옆에는 껍질이 벗겨진 바나나 한 다발이 놓여 있습니다.",,"이미지에는 나무 접시 위에 껍질을 벗긴 바나나 반쪽과 껍질이 벗겨진 바나나 한 개가 놓여 있으며, 접시 옆에는 껍질이 벗겨진 바나나 한 다발이 놓여 있습니다.",ok,not_required,vlm,,False,,껍질 벗겨지다 바나나 / 나무 반 잘리다 / 바나나 껍질 벗겨지다 / 바나나 옆 바나나 / 벗겨지다 바나나 1개,5,"이미지에는 껍질이 벗겨진 바나나 여러 개가 나무 접시 위에 놓여 있고, 접시 옆에는 껍질이 벗겨진 바나나 한 개가 놓여 있으며, 접시 위에는 포크가 놓여 있습니다.",,"이미지에는 껍질이 벗겨진 바나나 여러 개가 나무 접시 위에 놓여 있고, 접시 옆에는 껍질이 벗겨진 바나나 한 개가 놓여 있으며, 접시 위에는 포크가 놓여 있습니다.",ok,not_required,vlm,,False,,True
fruits_nuts_rice,hyperclovax,5031442,2,naver-hyperclovax/HyperCLOVAX-SEED-Vision-Instruct-3B,kurly_5031442_2.jpg,fruits_nuts_rice/images/kurly_5031442_2.jpg,,matched,,0,이미지에는 반으로 잘린 바나나가 나무 접시 위에 놓여 있고 포크가 놓여 있는 모습이 있습니다.,,,reused,not_required,alt_preprocessed_5.csv:HyperCLOVAX_KOR,,,,포크 / 바나나 / 모습 / 나무 / 반,5,이미지에는 나무 도마 위에 놓인 반으로 잘린 바나나와 포크가 놓여 있는 모습입니다.,,이미지에는 나무 도마 위에 놓인 반으로 잘린 바나나와 포크가 놓여 있는 모습입니다.,ok,not_required,vlm,,False,,나무 포크 / 바나나 나무 / 포크 모습 / 잘리다 바나나 / 반 잘리다,5,이미지에는 나무 포크와 잘린 바나나가 놓인 나무 접시가 있습니다.,,이미지에는 나무 포크와 잘린 바나나가 놓인 나무 접시가 있습니다.,ok,not_required,vlm,,False,,나무 포크 모습 / 바나나 나무 포크 / 잘리다 바나나 나무 / 반 잘리다 바나나,4,"이미지에는 나무 포크 위에 반으로 잘린 바나나가 놓여 있고, 그 옆에는 바나나 한 다발이 놓여 있는 모습입니다.",,"이미지에는 나무 포크 위에 반으로 잘린 바나나가 놓여 있고, 그 옆에는 바나나 한 다발이 놓여 있는 모습입니다.",ok,not_required,vlm,,False,,True
fruits_nuts_rice,hyperclovax,5034841,1,naver-hyperclovax/HyperCLOVAX-SEED-Vision-Instruct-3B,kurly_5034841_1.jpg,fruits_nuts_rice/images/kurly_5034841_1.jpg,상품-대표-이미지 1,matched,,0,이미지에는 흰색 접시에 담긴 귤과 반으로 잘린 귤이 놓여 있습니다.,,,reused,not_required,alt_preprocessed_5.csv:HyperCLOVAX_KOR,,,,귤 / 반 / 잘리다 / 흰색 / 담기다,5,이미지에는 흰색 접시에 담긴 귤과 반으로 잘린 귤이 놓여 있습니다.,,이미지에는 흰색 접시에 담긴 귤과 반으로 잘린 귤이 놓여 있습니다.,ok,not_required,vlm,,False,,귤 반 / 잘리다 귤 / 흰색 담기다 / 담기다 귤 / 반 잘리다,5,이미지에는 흰색 접시에 귤 반과 잘린 귤이 담겨 있습니다.,,이미지에는 흰색 접시에 귤 반과 잘린 귤이 담겨 있습니다.,ok,not_required,vlm,,False,,귤 반 잘리다 / 담기다 귤 반 / 흰색 담기다 귤 / 반 잘리다 귤,4,이미지에는 흰색 접시에 귤 반 조각과 귤 반 개가 놓여 있는 모습입니다.,,이미지에는 흰색 접시에 귤 반 조각과 귤 반 개가 놓여 있는 모습입니다.,ok,not_required,vlm,,False,,True
fruits_nuts_rice,hyperclovax,5034841,2,naver-hyperclovax/HyperCLOVAX-SEED-Vision-Instruct-3B,kurly_5034841_2.jpg,fruits_nuts_rice/images/kurly_5034841_2.jpg,,matched,,0,이미지에는 흰색 접시 위에 놓인 귤들이 있습니다.,,,reused,not_required,alt_preprocessed_5.csv:HyperCLOVAX_KOR,,,,귤 / 흰색,2,이미지에는 흰색 접시 위에 귤이 놓여 있습니다.,,이미지에는 흰색 접시 위에 귤이 놓여 있습니다.,ok,not_required,vlm,,False,,흰색 귤,1,이미지에는 흰색 귤이 있습니다.,,이미지에는 흰색 귤이 있습니다.,ok,not_required,vlm,,False,,,0,,,,no_keywords,not_required,vlm,,,이 이미지·모델에 해당하는 핵심어가 없음.,False
fruits_nuts_rice,hyperclovax,5035954,1,naver-hyperclovax/HyperCLOVAX-SEED-Vision-Instruct-3B,kurly_5035954_1.jpg,fruits_nuts_rice/images/kurly_5035954_1.jpg,상품-대표-이미지 1,matched,,0,이미지에는 유리 그릇에 담긴 블루베리가 있습니다.,,,reused,not_required,alt_preprocessed_5.csv:HyperCLOVAX_KOR,,,,유리 / 블루베리 / 담기다,3,이미지에는 유리 그릇에 담긴 블루베리가 있습니다.,,이미지에는 유리 그릇에 담긴 블루베리가 있습니다.,ok,not_required,vlm,,False,,담기다 블루베리 / 유리 담기다,2,이미지에는 유리 그릇에 담긴 블루베리가 있습니다.,,이미지에는 유리 그릇에 담긴 블루베리가 있습니다.,ok,not_required,vlm,,False,,유리 담기다 블루베리,1,이미지에는 유리 그릇에 담긴 블루베리가 있습니다.,,이미지에는 유리 그릇에 담긴 블루베리가 있습니다.,ok,not_required,vlm,,False,,True
fruits_nuts_rice,hyperclovax,5035954,2,naver-hyperclovax/HyperCLOVAX-SEED-Vision-Instruct-3B,kurly_5035954_2.jpg,fruits_nuts_rice/images/kurly_5035954_2.jpg,,matched,,0,이미지에는 그릇에 담긴 요거트와 그 옆에 놓인 블루베리가 있습니다.,,,reused,not_required,alt_preprocessed_5.csv:HyperCLOVAX_KOR,,,,요거트 / 옆 / 블루베리 / 담기다,4,이미지에는 요거트가 담긴 그릇과 옆에는 블루베리가 담긴 그릇이 있습니다.,,이미지에는 요거트가 담긴 그릇과 옆에는 블루베리가 담긴 그릇이 있습니다.,ok,not_required,vlm,,False,,담기다 요거트 / 옆 블루베리 / 요거트 옆,3,이미지에는 요거트가 담긴 그릇과 옆쪽에 블루베리가 담긴 그릇이 놓여 있습니다.,,이미지에는 요거트가 담긴 그릇과 옆쪽에 블루베리가 담긴 그릇이 놓여 있습니다.,ok,not_required,vlm,,False,,담기다 요거트 옆 / 요거트 옆 블루베리,2,이미지에는 요거트가 담긴 그릇과 그 옆의 블루베리가 있습니다.,,이미지에는 요거트가 담긴 그릇과 그 옆의 블루베리가 있습니다.,ok,not_required,vlm,,False,,True
fruits_nuts_rice,hyperclovax,5036748,1,naver-hyperclovax/HyperCLOVAX-SEED-Vision-Instruct-3B,kurly_5036748_1.jpg,fruits_nuts_rice/images/kurly_5036748_1.jpg,상품-대표-이미지 1,matched,,0,이미지에는 키위 과일이 담긴 포장 박스와 접시에 담긴 키위 과일이 있습니다.,,,reused,not_required,alt_preprocessed_5.csv:HyperCLOVAX_KOR,,,,과일 / 키위 / 박스 / 담기다 / 포장,5,이미지에는 키위 과일 한 박스와 접시에 담긴 키위 과일이 있습니다.,,이미지에는 키위 과일 한 박스와 접시에 담긴 키위 과일이 있습니다.,ok,not_required,vlm,,False,,키위 과일 / 과일 담기다 / 박스 담기다 / 담기다 키위 / 담기다 포장,5,이미지에는 키위 과일이 담긴 포장 박스가 있고 그 옆에는 키위 과일이 담긴 접시가 있습니다.,,이미지에는 키위 과일이 담긴 포장 박스가 있고 그 옆에는 키위 과일이 담긴 접시가 있습니다.,ok,not_required,vlm,,False,,과일 담기다 포장 / 담기다 키위 과일 / 담기다 포장 박스 / 박스 담기다 키위 / 키위 과일 담기다,5,이미지에는 키위 과일이 포장된 상품이 있습니다.,,이미지에는 키위 과일이 포장된 상품이 있습니다.,ok,not_required,vlm,,False,,True
fruits_nuts_rice,hyperclovax,5036748,2,naver-hyperclovax/HyperCLOVAX-SEED-Vision-Instruct-3B,kurly_5036748_2.jpg,fruits_nuts_rice/images/kurly_5036748_2.jpg,,matched,,0,이미지에는 포장된 키위 한 팩과 접시에 담긴 키위 세 개가 있습니다.,,,reused,not_required,alt_preprocessed_5.csv:HyperCLOVAX_KOR,,,,키위 / 팩 / 3개 / 포장 / 담기다,5,이미지에는 키위 3개가 들어있는 팩이 있습니다.,,이미지에는 키위 3개가 들어있는 팩이 있습니다.,ok,not_required,vlm,,False,,키위 3개 / 키위 팩 / 팩 담기다 / 포장 키위 / 담기다 키위,5,"이미지에는 키위 3개가 포장된 팩이 있고, 그 옆에는 키위 3개가 담긴 접시가 있습니다.",,"이미지에는 키위 3개가 포장된 팩이 있고, 그 옆에는 키위 3개가 담긴 접시가 있습니다.",ok,not_required,vlm,,False,,담기다 키위 3개 / 키위 팩 담기다 / 팩 담기다 키위 / 포장 키위 팩,4,이미지에는 포장된 키위 팩과 그 옆에 놓인 키위 3개가 있습니다.,,이미지에는 포장된 키위 팩과 그 옆에 놓인 키위 3개가 있습니다.,ok,not_required,vlm,,False,,True
fruits_nuts_rice,hyperclovax,5038123,1,naver-hyperclovax/HyperCLOVAX-SEED-Vision-Instruct-3B,kurly_5038123_1.jpg,fruits_nuts_rice/images/kurly_5038123_1.jpg,상품-대표-이미지 1,matched,,0,이미지에는 접시 위에 놓인 포도송이가 있습니다.,,,reused,not_required,alt_preprocessed_5.csv:HyperCLOVAX_KOR,,,,포도송이,1,이미지에는 포도송이가 있습니다.,,이미지에는 포도송이가 있습니다.,ok,not_required,vlm,,False,,,0,,,,no_keywords,not_required,vlm,,,이 이미지·모델에 해당하는 핵심어가 없음.,,0,,,,no_keywords,not_required,vlm,,,이 이미지·모델에 해당하는 핵심어가 없음.,False
fruits_nuts_rice,hyperclovax,5038123,2,naver-hyperclovax/HyperCLOVAX-SEED-Vision-Instruct-3B,kurly_5038123_2.jpg,fruits_nuts_rice/images/kurly_5038123_2.jpg,,matched,,0,이미지에는 포도송이가 있고 그 아래에 포도알이 놓여 있습니다.,,,reused,not_required,alt_preprocessed_5.csv:HyperCLOVAX_KOR,,,,포도 / 아래 / 알 / 송이,4,이미지에는 포도 송이가 있고 아래에는 포도알이 놓여 있습니다.,,이미지에는 포도 송이가 있고 아래에는 포도알이 놓여 있습니다.,ok,not_required,vlm,,False,,송이 아래 / 아래 포도 / 포도 알 / 포도 송이,4,이미지에는 포도 송이 아래 포도 알이 놓여 있는 모습입니다.,,이미지에는 포도 송이 아래 포도 알이 놓여 있는 모습입니다.,ok,not_required,vlm,,False,,송이 아래 포도 / 아래 포도 알 / 포도 송이 아래,3,이미지에는 포도송이 아래에 포도알이 놓여 있는 모습입니다.,,이미지에는 포도송이 아래에 포도알이 놓여 있는 모습입니다.,ok,not_required,vlm,,False,,True
fruits_nuts_rice,hyperclovax,5045631,1,naver-hyperclovax/HyperCLOVAX-SEED-Vision-Instruct-3B,kurly_5045631_1.jpg,fruits_nuts_rice/images/kurly_5045631_1.jpg,상품-대표-이미지 1,matched,,0,이미지에는 다양한 견과류가 들어있는 HBAF 6주간의 견과류 제품이 있습니다.,,,reused,not_required,alt_preprocessed_5.csv:HyperCLOVAX_KOR,,,,견과 / 6 / 주 / 다양 / 들다,5,이미지에는 견과류가 들어있는 6주간의 다양한 견과류 간식 패키지가 있습니다.,,이미지에는 견과류가 들어있는 6주간의 다양한 견과류 간식 패키지가 있습니다.,ok,not_required,vlm,,False,,6 주 / 견과 제품 / 다양 견과 / 들다 6 / 주 견과,5,이미지에는 6주 동안 매일 다른 견과 제품을 맛볼 수 있는 '6주 견과 제품'이 있습니다.,,이미지에는 6주 동안 매일 다른 견과 제품을 맛볼 수 있는 '6주 견과 제품'이 있습니다.,ok,not_required,vlm,,False,,6 주 견과 / 견과 들다 6 / 다양 견과 들다 / 들다 6 주 / 주 견과 제품,5,이미지에는 다양한 견과류가 들어있는 6주 견과 제품들이 있습니다.,,이미지에는 다양한 견과류가 들어있는 6주 견과 제품들이 있습니다.,ok,not_required,vlm,,False,,True
fruits_nuts_rice,hyperclovax,5045631,2,naver-hyperclovax/HyperCLOVAX-SEED-Vision-Instruct-3B,kurly_5045631_2.jpg,fruits_nuts_rice/images/kurly_5045631_2.jpg,,matched,,0,이미지에는 목요일부터 일요일까지의 날짜가 적힌 6개의 견과류 바가 있습니다.,,,reused,not_required,alt_preprocessed_5.csv:HyperCLOVAX_KOR,,,,6개 / 날짜 / 목요일 / 바 / 일요일,5,"이미지에는 목요일부터 일요일까지의 날짜가 적힌 6개의 바가 있으며, 각각의 바 위에는 해당 요일에 맞는 견과류가 들어있는 그릇이 놓여 있습니다.",,"이미지에는 목요일부터 일요일까지의 날짜가 적힌 6개의 바가 있으며, 각각의 바 위에는 해당 요일에 맞는 견과류가 들어있는 그릇이 놓여 있습니다.",ok,not_required,vlm,,False,,6개 견과 / 견과 바 / 날짜 적히다 / 목요일 일요일 / 일요일 날짜,5,"이미지에는 목요일부터 일요일까지의 날짜가 적힌 견과 바가 있으며, 각각의 바 위에는 해당 요일의 이름이 적혀 있고, 바 옆에는 요일에 맞는 견과류가 담긴 그릇이 놓여 있습니다.",,"이미지에는 목요일부터 일요일까지의 날짜가 적힌 견과 바가 있으며, 각각의 바 위에는 해당 요일의 이름이 적혀 있고, 바 옆에는 요일에 맞는 견과류가 담긴 그릇이 놓여 있습니다.",ok,not_required,vlm,,False,,6개 견과 바 / 날짜 적히다 6개 / 목요일 일요일 날짜 / 일요일 날짜 적히다 / 적히다 6개 견과,5,"이미지에는 목요일부터 일요일까지의 날짜가 적힌 6개 견과 바가 있으며, 각각의 바 위에는 해당 요일의 이름이 적혀 있습니다.",,"이미지에는 목요일부터 일요일까지의 날짜가 적힌 6개 견과 바가 있으며, 각각의 바 위에는 해당 요일의 이름이 적혀 있습니다.",ok,not_required,vlm,,False,,True
fruits_nuts_rice,hyperclovax,5048547,1,naver-hyperclovax/HyperCLOVAX-SEED-Vision-Instruct-3B,kurly_5048547_1.jpg,fruits_nuts_rice/images/kurly_5048547_1.jpg,상품-대표-이미지 1,matched,,0,이미지에는 10kg 용량의 여주쌀이 있습니다.,,,reused,not_required,alt_preprocessed_5.csv:HyperCLOVAX_KOR,,,,여주쌀 / 10kg / 용량,3,이미지에는 여주쌀 10kg 상품이 있습니다.,,이미지에는 여주쌀 10kg 상품이 있습니다.,ok,not_required,vlm,,False,,용량 여주쌀 / 10kg 용량,2,이미지에는 여주쌀 10kg 상품이 있습니다.,,이미지에는 여주쌀 10kg 상품이 있습니다.,ok,not_required,vlm,,False,,10kg 용량 여주쌀,1,이미지에는 10kg 용량의 여주쌀이 있습니다.,,이미지에는 10kg 용량의 여주쌀이 있습니다.,ok,not_required,vlm,,False,,True
fruits_nuts_rice,hyperclovax,5048547,2,naver-hyperclovax/HyperCLOVAX-SEED-Vision-Instruct-3B,kurly_5048547_2.jpg,fruits_nuts_rice/images/kurly_5048547_2.jpg,,matched,,0,이미지에는 흰 쌀이 담긴 그릇이 있습니다.,,,reused,not_required,alt_preprocessed_5.csv:HyperCLOVAX_KOR,,,,희다 / 쌀 / 담기다,3,이미지에는 흰 쌀이 담긴 그릇이 있습니다.,,이미지에는 흰 쌀이 담긴 그릇이 있습니다.,ok,not_required,vlm,,False,,희다 쌀 / 쌀 담기다,2,이미지에는 흰 쌀이 담긴 그릇이 있습니다.,,이미지에는 흰 쌀이 담긴 그릇이 있습니다.,ok,not_required,vlm,,False,,희다 쌀 담기다,1,이미지에는 흰 쌀이 담긴 그릇이 있습니다.,,이미지에는 흰 쌀이 담긴 그릇이 있습니다.,ok,not_required,vlm,,False,,True
fruits_nuts_rice,hyperclovax,5048580,1,naver-hyperclovax/HyperCLOVAX-SEED-Vision-Instruct-3B,kurly_5048580_1.jpg,fruits_nuts_rice/images/kurly_5048580_1.jpg,상품-대표-이미지 1,matched,,0,이미지에는 초록색 포도송이가 있습니다.,,,reused,not_required,alt_preprocessed_5.csv:HyperCLOVAX_KOR,,,,초록색 / 포도송이,2,이미지에는 초록색 포도송이가 있습니다.,,이미지에는 초록색 포도송이가 있습니다.,ok,not_required,vlm,,False,,초록색 포도송이,1,이미지에는 초록색 포도송이가 있습니다.,,이미지에는 초록색 포도송이가 있습니다.,ok,not_required,vlm,,False,,,0,,,,no_keywords,not_required,vlm,,,이 이미지·모델에 해당하는 핵심어가 없음.,False
fruits_nuts_rice,hyperclovax,5048580,2,naver-hyperclovax/HyperCLOVAX-SEED-Vision-Instruct-3B,kurly_5048580_2.jpg,fruits_nuts_rice/images/kurly_5048580_2.jpg,,matched,,0,이미지에는 녹색 포도 송이가 담긴 흰색 접시가 있습니다.,,,reused,not_required,alt_preprocessed_5.csv:HyperCLOVAX_KOR,,,,녹색 / 송이 / 포도 / 흰색 / 담기다,5,이미지에는 흰색 접시에 담긴 녹색 포도 송이가 있습니다.,,이미지에는 흰색 접시에 담긴 녹색 포도 송이가 있습니다.,ok,not_required,vlm,,False,,녹색 포도 / 송이 담기다 / 포도 송이 / 담기다 흰색,4,이미지에는 흰색 접시 위에 녹색 포도 송이가 담겨 있습니다.,,이미지에는 흰색 접시 위에 녹색 포도 송이가 담겨 있습니다.,ok,not_required,vlm,,False,,녹색 포도 송이 / 송이 담기다 흰색 / 포도 송이 담기다,3,이미지에는 흰색 접시 위에 녹색 포도 송이가 담겨 있습니다.,,이미지에는 흰색 접시 위에 녹색 포도 송이가 담겨 있습니다.,ok,not_required,vlm,,False,,True
fruits_nuts_rice,hyperclovax,5049631,1,naver-hyperclovax/HyperCLOVAX-SEED-Vision-Instruct-3B,kurly_5049631_1.jpg,fruits_nuts_rice/images/kurly_5049631_1.jpg,상품-대표-이미지 1,matched,,0,이미지에는 접시 위에 놓인 멜론과 멜론 반쪽이 있습니다.,,,reused,not_required,alt_preprocessed_5.csv:HyperCLOVAX_KOR,,,,멜론 / 반쪽,2,이미지에는 멜론 반쪽이 놓인 접시가 있습니다.,,이미지에는 멜론 반쪽이 놓인 접시가 있습니다.,ok,not_required,vlm,,False,,멜론 반쪽 / 멜론 멜론,2,이미지에는 멜론 반쪽과 멜론이 놓인 모습이 있습니다.,,이미지에는 멜론 반쪽과 멜론이 놓인 모습이 있습니다.,ok,not_required,vlm,,False,,멜론 멜론 반쪽,1,이미지에는 멜론 반쪽과 멜론이 놓인 접시가 있습니다.,,이미지에는 멜론 반쪽과 멜론이 놓인 접시가 있습니다.,ok,not_required,vlm,,False,,True
fruits_nuts_rice,hyperclovax,5049631,2,naver-hyperclovax/HyperCLOVAX-SEED-Vision-Instruct-3B,kurly_5049631_2.jpg,fruits_nuts_rice/images/kurly_5049631_2.jpg,,matched,,0,이미지에는 접시 위에 놓인 멜론과 멜론의 단면이 있습니다.,,,reused,not_required,alt_preprocessed_5.csv:HyperCLOVAX_KOR,,,,멜론 / 단면,2,이미지에는 멜론의 단면과 껍질이 벗겨진 멜론이 놓인 모습이 있습니다.,,이미지에는 멜론의 단면과 껍질이 벗겨진 멜론이 놓인 모습이 있습니다.,ok,not_required,vlm,,False,,멜론 단면 / 멜론 멜론,2,이미지에는 멜론 단면과 멜론이 있습니다.,,이미지에는 멜론 단면과 멜론이 있습니다.,ok,not_required,vlm,,False,,멜론 멜론 단면,1,이미지에는 멜론 단면과 멜론이 놓인 접시가 있습니다.,,이미지에는 멜론 단면과 멜론이 놓인 접시가 있습니다.,ok,not_required,vlm,,False,,True
fruits_nuts_rice,hyperclovax,5051031,1,naver-hyperclovax/HyperCLOVAX-SEED-Vision-Instruct-3B,kurly_5051031_1.jpg,fruits_nuts_rice/images/kurly_5051031_1.jpg,상품-대표-이미지 1,matched,,0,이미지에는 고시하리 쌀 4kg 제품이 있습니다.,,,reused,not_required,alt_preprocessed_5.csv:HyperCLOVAX_KOR,,,,고시하리 / 4kg / 제품 / 쌀,4,이미지에는 쌀 4kg 용량의 고시하리 제품이 있습니다.,,이미지에는 쌀 4kg 용량의 고시하리 제품이 있습니다.,ok,not_required,vlm,,False,,4kg 제품 / 고시하리 쌀 / 쌀 4kg,3,이미지에는 4kg 고시하리 쌀이 있습니다.,,이미지에는 4kg 고시하리 쌀이 있습니다.,ok,not_required,vlm,,False,,고시하리 쌀 4kg / 쌀 4kg 제품,2,이미지에는 고시하리 쌀 4kg 제품이 있습니다.,,이미지에는 고시하리 쌀 4kg 제품이 있습니다.,ok,not_required,vlm,,False,,True
fruits_nuts_rice,hyperclovax,5051031,2,naver-hyperclovax/HyperCLOVAX-SEED-Vision-Instruct-3B,kurly_5051031_2.jpg,fruits_nuts_rice/images/kurly_5051031_2.jpg,,matched,,0,이미지에는 손이 그릇에 쌀을 붓고 있는 모습이 있습니다.,,,reused,not_required,alt_preprocessed_5.csv:HyperCLOVAX_KOR,,,,손 / 모습 / 쌀,3,이미지에는 손이 그릇에 쌀을 붓고 있는 모습입니다.,,이미지에는 손이 그릇에 쌀을 붓고 있는 모습입니다.,ok,not_required,vlm,,False,,손 쌀 / 쌀 모습,2,이미지에는 손 쌀을 그릇에 붓고 있는 모습이 있습니다.,,이미지에는 손 쌀을 그릇에 붓고 있는 모습이 있습니다.,ok,not_required,vlm,,False,,손 쌀 모습,1,이미지에는 손이 유리 그릇에서 쌀을 퍼서 냄비에 붓고 있는 모습입니다.,,이미지에는 손이 유리 그릇에서 쌀을 퍼서 냄비에 붓고 있는 모습입니다.,ok,not_required,vlm,,False,,True
fruits_nuts_rice,hyperclovax,5051038,1,naver-hyperclovax/HyperCLOVAX-SEED-Vision-Instruct-3B,kurly_5051038_1.jpg,fruits_nuts_rice/images/kurly_5051038_1.jpg,상품-대표-이미지 1,matched,,0,이미지에는 10kg 용량의 배진주 쌀이 있습니다.,,,reused,not_required,alt_preprocessed_5.csv:HyperCLOVAX_KOR,,,,배진주 / 10kg / 용량 / 쌀,4,이미지에는 10kg 용량의 배진주 쌀이 있습니다.,,이미지에는 10kg 용량의 배진주 쌀이 있습니다.,ok,not_required,vlm,,False,,배진주 쌀 / 용량 배진주 / 10kg 용량,3,"이미지에는 배진주 쌀 10kg이 있으며, 왼쪽 상단에는 10kg이라고 적혀 있고 오른쪽 상단에는 쌀이 담긴 그릇이 있습니다.",,"이미지에는 배진주 쌀 10kg이 있으며, 왼쪽 상단에는 10kg이라고 적혀 있고 오른쪽 상단에는 쌀이 담긴 그릇이 있습니다.",ok,not_required,vlm,,False,,10kg 용량 배진주 / 용량 배진주 쌀,2,이미지에는 10kg 용량의 배진주 쌀이 있습니다.,,이미지에는 10kg 용량의 배진주 쌀이 있습니다.,ok,not_required,vlm,,False,,True
fruits_nuts_rice,hyperclovax,5051038,2,naver-hyperclovax/HyperCLOVAX-SEED-Vision-Instruct-3B,kurly_5051038_2.jpg,fruits_nuts_rice/images/kurly_5051038_2.jpg,,matched,,0,이미지에는 흰 쌀이 담긴 그릇이 있습니다.,,,reused,not_required,alt_preprocessed_5.csv:HyperCLOVAX_KOR,,,,희다 / 쌀 / 담기다,3,이미지에는 흰 쌀이 담긴 그릇이 있습니다.,,이미지에는 흰 쌀이 담긴 그릇이 있습니다.,ok,not_required,vlm,,False,,희다 쌀 / 쌀 담기다,2,이미지에는 흰 쌀이 담긴 그릇이 있습니다.,,이미지에는 흰 쌀이 담긴 그릇이 있습니다.,ok,not_required,vlm,,False,,희다 쌀 담기다,1,이미지에는 흰 쌀이 담긴 그릇이 있습니다.,,이미지에는 흰 쌀이 담긴 그릇이 있습니다.,ok,not_required,vlm,,False,,True
fruits_nuts_rice,hyperclovax,5052626,1,naver-hyperclovax/HyperCLOVAX-SEED-Vision-Instruct-3B,kurly_5052626_1.jpg,fruits_nuts_rice/images/kurly_5052626_1.jpg,상품-대표-이미지 1,matched,,0,"이미지에는 견과류가 들어있는 포장 박스가 있고 그 옆에는 'It's Real Seven'이라는 문구가 적힌 포장 봉투가 있습니다. 포장 박스와 포장 봉투에는 아몬드, 호두, 캐슈너트 등의 견과류 그림이 그려져 있고 '20g'이라는 중량 표시가 있습니다. 포장 박스와 포장 봉투는 나무 무늬로 디자인되어 있으며 견과류 이미지와 함께 'It's Real Seven'이라는 문구가 적혀 있습니다. 포장 박스와 포장 봉투는 회색 바탕 위에 놓여 있으며 포장 박스 위에는 견과류가 조금 흩어져 있습니다.",,,reused,not_required,alt_preprocessed_5.csv:HyperCLOVAX_KOR,,,,포장 / 박스 / 봉투 / 견과 / It's_Real_Seven,5,이미지에는 포장된 견과류가 들어 있는 상자가 있고 그 아래에는 개봉된 포장지 안에 견과류가 들어 있는 봉투가 두 개 놓여 있습니다.,,이미지에는 포장된 견과류가 들어 있는 상자가 있고 그 아래에는 개봉된 포장지 안에 견과류가 들어 있는 봉투가 두 개 놓여 있습니다.,ok,not_required,vlm,,False,,포장 박스 / 포장 봉투 / 박스 포장 / It's_Real_Seven 문구 / 문구 적히다,5,"이미지에는 포장 박스와 포장 봉투가 있으며, 포장 박스에는 'It's REAL SEVEN'이라는 문구가 적혀 있고, 포장 봉투에는 'It's REAL SEVEN'이라는 문구와 함께 견과류 이미지가 인쇄되어 있습니다.",,"이미지에는 포장 박스와 포장 봉투가 있으며, 포장 박스에는 'It's REAL SEVEN'이라는 문구가 적혀 있고, 포장 봉투에는 'It's REAL SEVEN'이라는 문구와 함께 견과류 이미지가 인쇄되어 있습니다.",ok,not_required,vlm,,False,,박스 포장 봉투 / 포장 박스 포장 / It's_Real_Seven 문구 적히다 / 문구 적히다 포장 / 20g 중량 표시,5,"이미지에는 견과류가 들어있는 포장 박스와 포장 봉투가 있으며, 포장 박스에는 'It's REAL SEVEN'이라는 문구가 적혀 있고, 포장 봉투에는 '20g'이라는 중량 표시가 있습니다.",,"이미지에는 견과류가 들어있는 포장 박스와 포장 봉투가 있으며, 포장 박스에는 'It's REAL SEVEN'이라는 문구가 적혀 있고, 포장 봉투에는 '20g'이라는 중량 표시가 있습니다.",ok,not_required,vlm,,False,,True
fruits_nuts_rice,hyperclovax,5052626,2,naver-hyperclovax/HyperCLOVAX-SEED-Vision-Instruct-3B,kurly_5052626_2.jpg,fruits_nuts_rice/images/kurly_5052626_2.jpg,,matched,,0,"이미지에는 아몬드, 호두, 캐슈넛 등 견과류가 들어있는 포장지가 세 개 놓여 있습니다.",,,reused,not_required,alt_preprocessed_5.csv:HyperCLOVAX_KOR,,,,캐슈넛 / 아몬드 / 호두 / 포장지 / 견과,5,"이미지에는 견과류 제품이 포장된 세 개의 패키지가 있으며, 포장지에는 아몬드, 호두, 캐슈넛 등의 견과류가 그려져 있고 '허브&요거트'라는 문구가 적혀 있습니다.",,"이미지에는 견과류 제품이 포장된 세 개의 패키지가 있으며, 포장지에는 아몬드, 호두, 캐슈넛 등의 견과류가 그려져 있고 '허브&요거트'라는 문구가 적혀 있습니다.",ok,not_required,vlm,,False,,캐슈넛 견과 / 포장지 3개 / 호두 캐슈넛 / 아몬드 호두 / 견과 들다,5,"이미지에는 견과류가 들어있는 포장지가 세 개 놓여 있고 포장지 위에는 견과류가 올려져 있습니다. 포장지에는 '허브&요거트'라는 글자가 적혀 있고 포장지 아래에는 견과류가 흩어져 있습니다. 포장지 위에는 아몬드, 호두, 캐슈넛이 올려져 있고 포장지 아래에도 아몬드, 호두, 캐슈넛이 흩어져 있습니다.",,"이미지에는 견과류가 들어있는 포장지가 세 개 놓여 있고 포장지 위에는 견과류가 올려져 있습니다. 포장지에는 '허브&요거트'라는 글자가 적혀 있고 포장지 아래에는 견과류가 흩어져 있습니다. 포장지 위에는 아몬드, 호두, 캐슈넛이 올려져 있고 포장지 아래에도 아몬드, 호두, 캐슈넛이 흩어져 있습니다.",ok,not_required,vlm,,False,,견과 들다 포장지 / 들다 포장지 3개 / 아몬드 호두 캐슈넛 / 캐슈넛 견과 들다 / 호두 캐슈넛 견과,5,"이미지에는 견과류가 들어 있는 포장지가 세 개 놓여 있으며, 포장지에는 아몬드, 호두, 캐슈넛 등의 견과류가 그려져 있고 'IT'S REAL SEVEN'이라는 문구와 함께 '허브&요거트'라는 글자가 적혀 있습니다.",,"이미지에는 견과류가 들어 있는 포장지가 세 개 놓여 있으며, 포장지에는 아몬드, 호두, 캐슈넛 등의 견과류가 그려져 있고 'IT'S REAL SEVEN'이라는 문구와 함께 '허브&요거트'라는 글자가 적혀 있습니다.",ok,not_required,vlm,,False,,True
fruits_nuts_rice,hyperclovax,5053663,1,naver-hyperclovax/HyperCLOVAX-SEED-Vision-Instruct-3B,kurly_5053663_1.jpg,fruits_nuts_rice/images/kurly_5053663_1.jpg,상품-대표-이미지 1,matched,,0,이미지에는 10kg 용량의 보라색 포장 쌀이 있습니다.,,,reused,not_required,alt_preprocessed_5.csv:HyperCLOVAX_KOR,,,,보라색 / 10kg / 용량 / 포장 / 쌀,5,"이미지에는 보라색 포장의 쌀 10kg이 있으며, 왼쪽 상단에는 쌀이 담긴 그릇이 놓여 있습니다.",,"이미지에는 보라색 포장의 쌀 10kg이 있으며, 왼쪽 상단에는 쌀이 담긴 그릇이 놓여 있습니다.",ok,not_required,vlm,,False,,보라색 포장 / 용량 보라색 / 포장 쌀 / 10kg 용량,4,이미지에는 보라색 포장의 10kg 용량 쌀이 있습니다.,,이미지에는 보라색 포장의 10kg 용량 쌀이 있습니다.,ok,not_required,vlm,,False,,10kg 용량 보라색 / 보라색 포장 쌀 / 용량 보라색 포장,3,"이미지에는 10kg 용량의 보라색 포장에 담긴 쌀이 있으며, 그 옆에는 쌀이 담긴 작은 그릇이 놓여 있습니다.",,"이미지에는 10kg 용량의 보라색 포장에 담긴 쌀이 있으며, 그 옆에는 쌀이 담긴 작은 그릇이 놓여 있습니다.",ok,not_required,vlm,,False,,True
fruits_nuts_rice,hyperclovax,5053663,2,naver-hyperclovax/HyperCLOVAX-SEED-Vision-Instruct-3B,kurly_5053663_2.jpg,fruits_nuts_rice/images/kurly_5053663_2.jpg,,matched,,0,이미지에는 흰 쌀이 담긴 그릇이 있습니다.,,,reused,not_required,alt_preprocessed_5.csv:HyperCLOVAX_KOR,,,,희다 / 쌀 / 담기다,3,이미지에는 흰 쌀이 담긴 그릇이 있습니다.,,이미지에는 흰 쌀이 담긴 그릇이 있습니다.,ok,not_required,vlm,,False,,희다 쌀 / 쌀 담기다,2,이미지에는 흰 쌀이 담긴 그릇과 그릇 위에 놓인 나무 주걱이 있습니다.,,이미지에는 흰 쌀이 담긴 그릇과 그릇 위에 놓인 나무 주걱이 있습니다.,ok,not_required,vlm,,False,,희다 쌀 담기다,1,이미지에는 흰 쌀이 담긴 그릇이 있습니다.,,이미지에는 흰 쌀이 담긴 그릇이 있습니다.,ok,not_required,vlm,,False,,True
fruits_nuts_rice,hyperclovax,5056014,1,naver-hyperclovax/HyperCLOVAX-SEED-Vision-Instruct-3B,kurly_5056014_1.jpg,fruits_nuts_rice/images/kurly_5056014_1.jpg,상품-대표-이미지 1,matched,,0,이미지에는 나무 도마 위에 놓인 여러 개의 복숭아가 있습니다.,,,reused,not_required,alt_preprocessed_5.csv:HyperCLOVAX_KOR,,,,도마 / 복숭아 / 여러개 / 나무,4,이미지에는 여러 개의 복숭아가 나무 도마 위에 놓여 있는 모습입니다.,,이미지에는 여러 개의 복숭아가 나무 도마 위에 놓여 있는 모습입니다.,ok,not_required,vlm,,False,,도마 여러개 / 여러개 복숭아 / 나무 도마,3,이미지에는 나무 도마 위에 여러 개의 복숭아가 놓여 있으며 일부는 반으로 잘려있습니다.,,이미지에는 나무 도마 위에 여러 개의 복숭아가 놓여 있으며 일부는 반으로 잘려있습니다.,ok,not_required,vlm,,False,,나무 도마 여러개 / 도마 여러개 복숭아,2,이미지에는 나무 도마 위에 놓인 여러 개의 복숭아가 있습니다.,,이미지에는 나무 도마 위에 놓인 여러 개의 복숭아가 있습니다.,ok,not_required,vlm,,False,,True
fruits_nuts_rice,hyperclovax,5056014,2,naver-hyperclovax/HyperCLOVAX-SEED-Vision-Instruct-3B,kurly_5056014_2.jpg,fruits_nuts_rice/images/kurly_5056014_2.jpg,,matched,,0,이미지에는 나무 도마 위에 놓인 복숭아들이 있습니다.,,,reused,not_required,alt_preprocessed_5.csv:HyperCLOVAX_KOR,,,,도마 / 복숭아 / 나무,3,이미지에는 나무 도마 위에 놓인 복숭아들이 있습니다.,,이미지에는 나무 도마 위에 놓인 복숭아들이 있습니다.,ok,not_required,vlm,,False,,도마 복숭아 / 나무 도마,2,이미지에는 나무 도마 위에 놓인 복숭아들이 있습니다.,,이미지에는 나무 도마 위에 놓인 복숭아들이 있습니다.,ok,not_required,vlm,,False,,나무 도마 복숭아,1,이미지에는 나무 도마 위에 놓인 복숭아들이 있습니다.,,이미지에는 나무 도마 위에 놓인 복숭아들이 있습니다.,ok,not_required,vlm,,False,,True
fruits_nuts_rice,hyperclovax,5061259,1,naver-hyperclovax/HyperCLOVAX-SEED-Vision-Instruct-3B,kurly_5061259_1.jpg,fruits_nuts_rice/images/kurly_5061259_1.jpg,상품-대표-이미지 1,matched,,0,이미지에는 사과가 담긴 그릇이 있습니다.,,,reused,not_required,alt_preprocessed_5.csv:HyperCLOVAX_KOR,,,,사과 / 담기다,2,이미지에는 여러 개의 사과가 금속 그릇에 담겨 있는 모습입니다.,,이미지에는 여러 개의 사과가 금속 그릇에 담겨 있는 모습입니다.,ok,not_required,vlm,,False,,사과 담기다,1,이미지에는 사과가 담긴 그릇이 있습니다.,,이미지에는 사과가 담긴 그릇이 있습니다.,ok,not_required,vlm,,False,,,0,,,,no_keywords,not_required,vlm,,,이 이미지·모델에 해당하는 핵심어가 없음.,False
fruits_nuts_rice,hyperclovax,5061259,2,naver-hyperclovax/HyperCLOVAX-SEED-Vision-Instruct-3B,kurly_5061259_2.jpg,fruits_nuts_rice/images/kurly_5061259_2.jpg,,matched,,0,"이미지에는 사과와 계피, 나무 솔방울이 놓인 모습이 있습니다.",,,reused,not_required,alt_preprocessed_5.csv:HyperCLOVAX_KOR,,,,계피 / 솔방울 / 모습 / 나무 / 사과,5,"이미지에는 반질반질한 표면의 대리석 위에 놓인 사과와 계피, 솔방울이 있습니다.",,"이미지에는 반질반질한 표면의 대리석 위에 놓인 사과와 계피, 솔방울이 있습니다.",ok,not_required,vlm,,False,,계피 나무 / 나무 솔방울 / 사과 계피 / 솔방울 모습,4,"이미지에는 반질반질한 표면의 대리석 테이블 위에 놓인 사과와 계피 나무, 나무 솔방울이 있습니다.",,"이미지에는 반질반질한 표면의 대리석 테이블 위에 놓인 사과와 계피 나무, 나무 솔방울이 있습니다.",ok,not_required,vlm,,False,,계피 나무 솔방울 / 나무 솔방울 모습 / 사과 계피 나무,3,이미지에는 반질반질한 표면의 대리석 위에 놓인 사과와 계피 나무 솔방울이 있습니다.,,이미지에는 반질반질한 표면의 대리석 위에 놓인 사과와 계피 나무 솔방울이 있습니다.,ok,not_required,vlm,,False,,True
fruits_nuts_rice,hyperclovax,5063578,1,naver-hyperclovax/HyperCLOVAX-SEED-Vision-Instruct-3B,kurly_5063578_1.jpg,fruits_nuts_rice/images/kurly_5063578_1.jpg,상품-대표-이미지 1,matched,,0,이미지에는 나무 테이블 위에 놓인 토마토가 담긴 그릇이 있습니다.,,,reused,not_required,alt_preprocessed_5.csv:HyperCLOVAX_KOR,,,,테이블 / 토마토 / 나무 / 담기다,4,이미지에는 나무 테이블 위에 토마토가 담긴 그릇이 있습니다.,,이미지에는 나무 테이블 위에 토마토가 담긴 그릇이 있습니다.,ok,not_required,vlm,,False,,나무 테이블 / 테이블 토마토 / 토마토 담기다,3,이미지에는 나무 테이블 위에 테이블 토마토가 담긴 그릇이 놓여 있습니다.,,이미지에는 나무 테이블 위에 테이블 토마토가 담긴 그릇이 놓여 있습니다.,ok,not_required,vlm,,False,,나무 테이블 토마토 / 테이블 토마토 담기다,2,이미지에는 나무 테이블 위에 놓인 토마토가 담긴 그릇이 있습니다.,,이미지에는 나무 테이블 위에 놓인 토마토가 담긴 그릇이 있습니다.,ok,not_required,vlm,,False,,True
fruits_nuts_rice,hyperclovax,5063578,2,naver-hyperclovax/HyperCLOVAX-SEED-Vision-Instruct-3B,kurly_5063578_2.jpg,fruits_nuts_rice/images/kurly_5063578_2.jpg,,matched,,0,이미지에는 나무 표면 위에 놓인 방울토마토가 있습니다.,,,reused,not_required,alt_preprocessed_5.csv:HyperCLOVAX_KOR,,,,표면 / 방울토마토 / 나무,3,이미지에는 나무 표면 위에 놓인 방울토마토가 있습니다.,,이미지에는 나무 표면 위에 놓인 방울토마토가 있습니다.,ok,not_required,vlm,,False,,나무 표면 / 표면 방울토마토,2,이미지에는 나무 표면 위에 놓인 방울토마토가 있습니다.,,이미지에는 나무 표면 위에 놓인 방울토마토가 있습니다.,ok,not_required,vlm,,False,,나무 표면 방울토마토,1,이미지에는 나무 표면 위에 놓인 방울토마토가 있습니다.,,이미지에는 나무 표면 위에 놓인 방울토마토가 있습니다.,ok,not_required,vlm,,False,,True
fruits_nuts_rice,hyperclovax,5063690,1,naver-hyperclovax/HyperCLOVAX-SEED-Vision-Instruct-3B,kurly_5063690_1.jpg,fruits_nuts_rice/images/kurly_5063690_1.jpg,상품-대표-이미지 1,matched,,0,이미지에는 흰색 배경 위에 놓인 다섯 개의 방울토마토가 있습니다.,,,reused,not_required,alt_preprocessed_5.csv:HyperCLOVAX_KOR,,,,5개 / 방울토마토 / 배경 / 흰색,4,이미지에는 흰색 배경 위에 놓인 다섯 개의 방울토마토가 있습니다.,,이미지에는 흰색 배경 위에 놓인 다섯 개의 방울토마토가 있습니다.,ok,not_required,vlm,,False,,5개 방울토마토 / 배경 5개 / 흰색 배경,3,이미지에는 흰색 배경 위에 놓인 다섯 개의 방울토마토가 있습니다.,,이미지에는 흰색 배경 위에 놓인 다섯 개의 방울토마토가 있습니다.,ok,not_required,vlm,,False,,배경 5개 방울토마토 / 흰색 배경 5개,2,이미지에는 흰색 배경 위에 놓인 방울토마토 다섯 개가 있습니다.,,이미지에는 흰색 배경 위에 놓인 방울토마토 다섯 개가 있습니다.,ok,not_required,vlm,,False,,True
fruits_nuts_rice,hyperclovax,5063690,2,naver-hyperclovax/HyperCLOVAX-SEED-Vision-Instruct-3B,kurly_5063690_2.jpg,fruits_nuts_rice/images/kurly_5063690_2.jpg,,matched,,0,이미지에는 반으로 잘린 토마토와 토마토가 담긴 바구니가 있습니다.,,,reused,not_required,alt_preprocessed_5.csv:HyperCLOVAX_KOR,,,,토마토 / 바구니 / 반 / 잘리다 / 담기다,5,이미지에는 잘린 반으로 잘려있는 토마토와 토마토가 담긴 바구니가 있습니다.,,이미지에는 잘린 반으로 잘려있는 토마토와 토마토가 담긴 바구니가 있습니다.,ok,not_required,vlm,,False,,담기다 바구니 / 잘리다 토마토 / 토마토 토마토 / 토마토 담기다 / 반 잘리다,5,이미지에는 잘린 토마토와 토마토가 담긴 바구니가 있습니다.,,이미지에는 잘린 토마토와 토마토가 담긴 바구니가 있습니다.,ok,not_required,vlm,,False,,반 잘리다 토마토 / 잘리다 토마토 토마토 / 토마토 담기다 바구니 / 토마토 토마토 담기다,4,이미지에는 반으로 잘린 토마토와 토마토가 담긴 바구니가 있습니다.,,이미지에는 반으로 잘린 토마토와 토마토가 담긴 바구니가 있습니다.,ok,not_required,vlm,,False,,True
fruits_nuts_rice,hyperclovax,5068728,1,naver-hyperclovax/HyperCLOVAX-SEED-Vision-Instruct-3B,kurly_5068728_1.jpg,fruits_nuts_rice/images/kurly_5068728_1.jpg,상품-대표-이미지 1,matched,,0,이미지에는 흰색 천 위에 놓인 오렌지들이 있습니다.,,,reused,not_required,alt_preprocessed_5.csv:HyperCLOVAX_KOR,,,,오렌지 / 천 / 흰색,3,이미지에는 흰색 천 위에 놓인 오렌지들이 있습니다.,,이미지에는 흰색 천 위에 놓인 오렌지들이 있습니다.,ok,not_required,vlm,,False,,천 오렌지 / 흰색 천,2,이미지에는 흰색 천 위에 놓인 천 오렌지 여러 개와 반으로 잘린 천 오렌지가 있습니다.,,이미지에는 흰색 천 위에 놓인 천 오렌지 여러 개와 반으로 잘린 천 오렌지가 있습니다.,ok,not_required,vlm,,False,,흰색 천 오렌지,1,이미지에는 흰색 천 위에 놓인 오렌지들이 있습니다.,,이미지에는 흰색 천 위에 놓인 오렌지들이 있습니다.,ok,not_required,vlm,,False,,True
fruits_nuts_rice,hyperclovax,5068728,2,naver-hyperclovax/HyperCLOVAX-SEED-Vision-Instruct-3B,kurly_5068728_2.jpg,fruits_nuts_rice/images/kurly_5068728_2.jpg,,matched,,0,이미지에는 반으로 잘린 귤과 귤 여러 개가 흰색 천 위에 놓여 있습니다.,,,reused,not_required,alt_preprocessed_5.csv:HyperCLOVAX_KOR,,,,귤 / 여러개 / 천 / 반 / 잘리다,5,이미지에는 여러 개의 귤이 천 위에 놓여 있으며 그중 하나는 반으로 잘려 있습니다.,,이미지에는 여러 개의 귤이 천 위에 놓여 있으며 그중 하나는 반으로 잘려 있습니다.,ok,not_required,vlm,,False,,귤 여러개 / 귤 귤 / 여러개 흰색 / 잘리다 귤 / 흰색 천,5,"이미지에는 여러 개의 귤이 흰색 천 위에 놓여 있으며, 그 중 하나는 반으로 잘려져 있습니다.",,"이미지에는 여러 개의 귤이 흰색 천 위에 놓여 있으며, 그 중 하나는 반으로 잘려져 있습니다.",ok,not_required,vlm,,False,,귤 귤 여러개 / 귤 여러개 흰색 / 잘리다 귤 귤 / 반 잘리다 귤 / 여러개 흰색 천,5,"이미지에는 귤 여러 개가 흰색 천 위에 놓여 있으며, 그 중 일부는 반으로 잘려져 있습니다.",,"이미지에는 귤 여러 개가 흰색 천 위에 놓여 있으며, 그 중 일부는 반으로 잘려져 있습니다.",ok,not_required,vlm,,False,,True
fruits_nuts_rice,hyperclovax,5070409,1,naver-hyperclovax/HyperCLOVAX-SEED-Vision-Instruct-3B,kurly_5070409_1.jpg,fruits_nuts_rice/images/kurly_5070409_1.jpg,상품-대표-이미지 1,matched,,0,이미지에는 4kg 쌀이 들어있는 포장지가 있습니다.,,,reused,not_required,alt_preprocessed_5.csv:HyperCLOVAX_KOR,,,,포장지 / 4kg / 들다 / 쌀,4,"이미지에는 포장지에 담긴 쌀과 그 옆에 놓인 쌀의 모습이 있습니다. 포장지에는 '4kg'이라는 무게가 표시되어 있으며, 포장지에는 '달보드레쌀'이라는 쌀의 이름이 적혀 있습니다.",,"이미지에는 포장지에 담긴 쌀과 그 옆에 놓인 쌀의 모습이 있습니다. 포장지에는 '4kg'이라는 무게가 표시되어 있으며, 포장지에는 '달보드레쌀'이라는 쌀의 이름이 적혀 있습니다.",ok,not_required,vlm,,False,,4kg 쌀 / 들다 포장지 / 쌀 들다,3,이미지에는 4kg 쌀이 포장된 모습입니다.,,이미지에는 4kg 쌀이 포장된 모습입니다.,ok,not_required,vlm,,False,,4kg 쌀 들다 / 쌀 들다 포장지,2,이미지에는 4kg 쌀 들다 포장지가 있고 그 옆에는 쌀이 담긴 그릇이 있습니다.,,이미지에는 4kg 쌀 들다 포장지가 있고 그 옆에는 쌀이 담긴 그릇이 있습니다.,ok,not_required,vlm,,False,,True
fruits_nuts_rice,hyperclovax,5070409,2,naver-hyperclovax/HyperCLOVAX-SEED-Vision-Instruct-3B,kurly_5070409_2.jpg,fruits_nuts_rice/images/kurly_5070409_2.jpg,,matched,,0,이미지에는 흰 쌀이 담긴 그릇이 있습니다.,,,reused,not_required,alt_preprocessed_5.csv:HyperCLOVAX_KOR,,,,희다 / 쌀 / 담기다,3,이미지에는 흰 쌀이 담긴 그릇의 모습입니다.,,이미지에는 흰 쌀이 담긴 그릇의 모습입니다.,ok,not_required,vlm,,False,,희다 쌀 / 쌀 담기다,2,이미지에는 흰 쌀이 담긴 그릇이 있습니다.,,이미지에는 흰 쌀이 담긴 그릇이 있습니다.,ok,not_required,vlm,,False,,희다 쌀 담기다,1,이미지에는 흰 쌀이 담긴 그릇이 있습니다.,,이미지에는 흰 쌀이 담긴 그릇이 있습니다.,ok,not_required,vlm,,False,,True
fruits_nuts_rice,hyperclovax,5094562,1,naver-hyperclovax/HyperCLOVAX-SEED-Vision-Instruct-3B,kurly_5094562_1.jpg,fruits_nuts_rice/images/kurly_5094562_1.jpg,상품-대표-이미지 1,matched,,0,이미지에는 타무르 프리미엄 데이츠 디저트 상자가 있습니다.,,,reused,not_required,alt_preprocessed_5.csv:HyperCLOVAX_KOR,,,,데이츠 / 디저트 / 타무르 / 프리미엄 / 상자,5,이미지에는 상자 안에 데이츠 디저트가 들어 있는 상자가 열려 있고 그 아래에 타무르 상자가 놓여 있습니다.,,이미지에는 상자 안에 데이츠 디저트가 들어 있는 상자가 열려 있고 그 아래에 타무르 상자가 놓여 있습니다.,ok,not_required,vlm,,False,,데이츠 디저트 / 디저트 상자 / 타무르 프리미엄 / 프리미엄 데이츠,4,이미지에는 데이츠 디저트가 들어있는 상자가 열려 있고 그 아래에는 상표명이 적힌 상자가 놓여 있습니다.,,이미지에는 데이츠 디저트가 들어있는 상자가 열려 있고 그 아래에는 상표명이 적힌 상자가 놓여 있습니다.,ok,not_required,vlm,,False,,데이츠 디저트 상자 / 타무르 프리미엄 데이츠 / 프리미엄 데이츠 디저트,3,"이미지에는 데이츠 디저트 상자가 있으며, 상자에는 '타무르 프리미엄 데이츠 디저트'라는 글씨가 적혀 있습니다.",,"이미지에는 데이츠 디저트 상자가 있으며, 상자에는 '타무르 프리미엄 데이츠 디저트'라는 글씨가 적혀 있습니다.",ok,not_required,vlm,,False,,True
fruits_nuts_rice,hyperclovax,5094562,2,naver-hyperclovax/HyperCLOVAX-SEED-Vision-Instruct-3B,kurly_5094562_2.jpg,fruits_nuts_rice/images/kurly_5094562_2.jpg,,matched,,0,이미지에는 12개의 호두가 들어간 라즈베리향 바클라바가 담긴 상자가 있습니다.,,,reused,not_required,alt_preprocessed_5.csv:HyperCLOVAX_KOR,,,,들어가다 / 라즈베리 / 바클라바 / 향 / 12개,5,"이미지에는 12개의 바클라바가 들어 있는 상자가 있으며, 상자 안쪽에는 'T'AMUR'이라는 글씨가 적혀 있습니다.",,"이미지에는 12개의 바클라바가 들어 있는 상자가 있으며, 상자 안쪽에는 'T'AMUR'이라는 글씨가 적혀 있습니다.",ok,not_required,vlm,,False,,12개 호두 / 담기다 상자 / 들어가다 라즈베리 / 라즈베리 향 / 바클라바 담기다,5,이미지에는 호두와 라즈베리가 들어간 바클라바가 12개 들어 있는 상자가 있습니다.,,이미지에는 호두와 라즈베리가 들어간 바클라바가 12개 들어 있는 상자가 있습니다.,ok,not_required,vlm,,False,,12개 호두 들어가다 / 들어가다 라즈베리 향 / 라즈베리 향 바클라바 / 바클라바 담기다 상자 / 향 바클라바 담기다,5,이미지에는 호두와 라즈베리 향이 들어간 바클라바가 12개 들어 있는 상자가 있습니다.,,이미지에는 호두와 라즈베리 향이 들어간 바클라바가 12개 들어 있는 상자가 있습니다.,ok,not_required,vlm,,False,,True
fruits_nuts_rice,hyperclovax,5121007,1,naver-hyperclovax/HyperCLOVAX-SEED-Vision-Instruct-3B,kurly_5121007_1.jpg,fruits_nuts_rice/images/kurly_5121007_1.jpg,상품-대표-이미지 1,matched,,0,이미지에는 유기농 쌀이 포장된 제품이 있습니다.,,,reused,not_required,alt_preprocessed_5.csv:HyperCLOVAX_KOR,,,,유기농 / 제품 / 포장 / 쌀,4,이미지에는 유기농 쌀이 담긴 포장 제품이 있습니다.,,이미지에는 유기농 쌀이 담긴 포장 제품이 있습니다.,ok,not_required,vlm,,False,,유기농 쌀 / 포장 제품 / 쌀 포장,3,이미지에는 유기농 쌀이 담긴 포장 제품이 있습니다.,,이미지에는 유기농 쌀이 담긴 포장 제품이 있습니다.,ok,not_required,vlm,,False,,유기농 쌀 포장 / 쌀 포장 제품,2,이미지에는 유기농 쌀 포장 제품이 있습니다.,,이미지에는 유기농 쌀 포장 제품이 있습니다.,ok,not_required,vlm,,False,,True
fruits_nuts_rice,hyperclovax,5121007,2,naver-hyperclovax/HyperCLOVAX-SEED-Vision-Instruct-3B,kurly_5121007_2.jpg,fruits_nuts_rice/images/kurly_5121007_2.jpg,,matched,,0,이미지에는 흰 쌀밥이 담긴 흰색 그릇이 있습니다.,,,reused,not_required,alt_preprocessed_5.csv:HyperCLOVAX_KOR,,,,쌀밥 / 희다 / 흰색 / 담기다,4,이미지에는 흰 쌀밥이 담긴 흰색 그릇이 있습니다.,,이미지에는 흰 쌀밥이 담긴 흰색 그릇이 있습니다.,ok,not_required,vlm,,False,,쌀밥 담기다 / 희다 쌀밥 / 담기다 흰색,3,이미지에는 흰 쌀밥이 담긴 흰색 그릇이 있습니다.,,이미지에는 흰 쌀밥이 담긴 흰색 그릇이 있습니다.,ok,not_required,vlm,,False,,쌀밥 담기다 흰색 / 희다 쌀밥 담기다,2,이미지에는 흰 쌀밥이 담긴 흰색 그릇이 있습니다.,,이미지에는 흰 쌀밥이 담긴 흰색 그릇이 있습니다.,ok,not_required,vlm,,False,,True
fruits_nuts_rice,hyperclovax,5132780,1,naver-hyperclovax/HyperCLOVAX-SEED-Vision-Instruct-3B,kurly_5132780_1.jpg,fruits_nuts_rice/images/kurly_5132780_1.jpg,상품-대표-이미지 1,matched,,0,이미지에는 접시 위에 놓인 키위 과일이 있습니다.,,,reused,not_required,alt_preprocessed_5.csv:HyperCLOVAX_KOR,,,,과일 / 키위,2,이미지에는 키위 과일 여러 개가 놓인 접시가 있습니다.,,이미지에는 키위 과일 여러 개가 놓인 접시가 있습니다.,ok,not_required,vlm,,False,,키위 과일,1,이미지에는 키위 과일이 놓인 접시가 있습니다.,,이미지에는 키위 과일이 놓인 접시가 있습니다.,ok,not_required,vlm,,False,,,0,,,,no_keywords,not_required,vlm,,,이 이미지·모델에 해당하는 핵심어가 없음.,False
fruits_nuts_rice,hyperclovax,5132780,2,naver-hyperclovax/HyperCLOVAX-SEED-Vision-Instruct-3B,kurly_5132780_2.jpg,fruits_nuts_rice/images/kurly_5132780_2.jpg,,matched,,0,이미지에는 테이블 위에 놓인 키위 과일들이 있습니다.,,,reused,not_required,alt_preprocessed_5.csv:HyperCLOVAX_KOR,,,,테이블 / 과일 / 키위,3,이미지에는 테이블 위에 놓인 키위 과일들이 있습니다.,,이미지에는 테이블 위에 놓인 키위 과일들이 있습니다.,ok,not_required,vlm,,False,,테이블 키위 / 키위 과일,2,이미지에는 테이블 위에 놓인 키위 과일들이 있습니다.,,이미지에는 테이블 위에 놓인 키위 과일들이 있습니다.,ok,not_required,vlm,,False,,테이블 키위 과일,1,이미지에는 테이블 위에 놓인 키위 과일이 있습니다.,,이미지에는 테이블 위에 놓인 키위 과일이 있습니다.,ok,not_required,vlm,,False,,True
fruits_nuts_rice,hyperclovax,5134096,1,naver-hyperclovax/HyperCLOVAX-SEED-Vision-Instruct-3B,kurly_5134096_1.jpg,fruits_nuts_rice/images/kurly_5134096_1.jpg,상품-대표-이미지 1,matched,,0,이미지에는 쌀이 담긴 포장 용기가 있습니다.,,,reused,not_required,alt_preprocessed_5.csv:HyperCLOVAX_KOR,,,,용기 / 포장 / 쌀 / 담기다,4,"이미지에는 쌀이 담긴 포장 용기가 있으며, 포장 용기 위쪽에는 쌀이 담긴 그릇이 놓여 있습니다.",,"이미지에는 쌀이 담긴 포장 용기가 있으며, 포장 용기 위쪽에는 쌀이 담긴 그릇이 놓여 있습니다.",ok,not_required,vlm,,False,,포장 용기 / 담기다 포장 / 쌀 담기다,3,이미지에는 쌀이 담긴 포장 용기가 있습니다.,,이미지에는 쌀이 담긴 포장 용기가 있습니다.,ok,not_required,vlm,,False,,담기다 포장 용기 / 쌀 담기다 포장,2,이미지에는 쌀이 담긴 포장 용기가 있습니다.,,이미지에는 쌀이 담긴 포장 용기가 있습니다.,ok,not_required,vlm,,False,,True
fruits_nuts_rice,hyperclovax,5134096,2,naver-hyperclovax/HyperCLOVAX-SEED-Vision-Instruct-3B,kurly_5134096_2.jpg,fruits_nuts_rice/images/kurly_5134096_2.jpg,,matched,,0,이미지에는 흰 쌀이 담긴 그릇이 있습니다.,,,reused,not_required,alt_preprocessed_5.csv:HyperCLOVAX_KOR,,,,희다 / 쌀 / 담기다,3,이미지에는 흰 쌀이 담긴 그릇이 있습니다.,,이미지에는 흰 쌀이 담긴 그릇이 있습니다.,ok,not_required,vlm,,False,,희다 쌀 / 쌀 담기다,2,이미지에는 흰 쌀이 담긴 그릇이 있습니다.,,이미지에는 흰 쌀이 담긴 그릇이 있습니다.,ok,not_required,vlm,,False,,희다 쌀 담기다,1,이미지에는 흰 쌀이 담긴 그릇이 있습니다.,,이미지에는 흰 쌀이 담긴 그릇이 있습니다.,ok,not_required,vlm,,False,,True
fruits_nuts_rice,hyperclovax,5159977,1,naver-hyperclovax/HyperCLOVAX-SEED-Vision-Instruct-3B,kurly_5159977_1.jpg,fruits_nuts_rice/images/kurly_5159977_1.jpg,상품-대표-이미지 1,matched,,0,이미지에는 노란색 천 위에 놓인 복숭아들이 있습니다.,,,reused,not_required,alt_preprocessed_5.csv:HyperCLOVAX_KOR,,,,노란색 / 복숭아 / 천,3,이미지에는 노란색 천 위에 놓인 복숭아들이 있습니다.,,이미지에는 노란색 천 위에 놓인 복숭아들이 있습니다.,ok,not_required,vlm,,False,,노란색 천 / 천 복숭아,2,이미지에는 노란색 천 위에 놓인 천 복숭아들이 있습니다.,,이미지에는 노란색 천 위에 놓인 천 복숭아들이 있습니다.,ok,not_required,vlm,,False,,노란색 천 복숭아,1,이미지에는 노란색 천 위에 놓인 복숭아와 그 일부가 잘려져 있는 모습이 있습니다.,,이미지에는 노란색 천 위에 놓인 복숭아와 그 일부가 잘려져 있는 모습이 있습니다.,ok,not_required,vlm,,False,,True
fruits_nuts_rice,hyperclovax,5159977,2,naver-hyperclovax/HyperCLOVAX-SEED-Vision-Instruct-3B,kurly_5159977_2.jpg,fruits_nuts_rice/images/kurly_5159977_2.jpg,,matched,,0,이미지에는 껍질이 벗겨진 복숭아와 껍질이 그대로 있는 복숭아 세 개가 있습니다.,,,reused,not_required,alt_preprocessed_5.csv:HyperCLOVAX_KOR,,,,껍질 / 복숭아 / 그대로 / 벗겨지다 / 3개,5,이미지에는 껍질이 벗겨진 복숭아 세 개가 노란색 천 위에 놓여 있습니다.,,이미지에는 껍질이 벗겨진 복숭아 세 개가 노란색 천 위에 놓여 있습니다.,ok,not_required,vlm,,False,,그대로 복숭아 / 껍질 그대로 / 벗겨지다 복숭아 / 복숭아 3개 / 복숭아 껍질,5,이미지에는 껍질 그대로 벗겨지다 복숭아 세 개가 있습니다.,,이미지에는 껍질 그대로 벗겨지다 복숭아 세 개가 있습니다.,ok,not_required,vlm,,False,,그대로 복숭아 3개 / 껍질 그대로 복숭아 / 껍질 벗겨지다 복숭아 / 벗겨지다 복숭아 껍질 / 복숭아 껍질 그대로,5,이미지에는 껍질 그대로 복숭아 세 개가 있습니다. 껍질을 벗기지 않은 복숭아 세 개와 껍질을 벗긴 복숭아 한 개가 노란색 천 위에 놓여 있습니다.,,이미지에는 껍질 그대로 복숭아 세 개가 있습니다. 껍질을 벗기지 않은 복숭아 세 개와 껍질을 벗긴 복숭아 한 개가 노란색 천 위에 놓여 있습니다.,ok,not_required,vlm,,False,,True
fruits_nuts_rice,hyperclovax,5162187,1,naver-hyperclovax/HyperCLOVAX-SEED-Vision-Instruct-3B,kurly_5162187_1.jpg,fruits_nuts_rice/images/kurly_5162187_1.jpg,상품-대표-이미지 1,matched,,0,이미지에는 흰색 바탕 위에 놓인 바구니에 담긴 귤과 귤 반쪽이 있습니다.,,,reused,not_required,alt_preprocessed_5.csv:HyperCLOVAX_KOR,,,,귤 / 바구니 / 반쪽 / 흰색 / 담기다,5,이미지에는 흰색 바탕 위에 놓인 바구니에 담긴 귤과 귤 반쪽이 있습니다.,,이미지에는 흰색 바탕 위에 놓인 바구니에 담긴 귤과 귤 반쪽이 있습니다.,ok,not_required,vlm,,False,,귤 반쪽 / 바구니 담기다 / 흰색 바구니 / 귤 귤 / 담기다 귤,5,이미지에는 흰색 바탕 위에 놓인 귤이 담긴 바구니의 모습입니다.,,이미지에는 흰색 바탕 위에 놓인 귤이 담긴 바구니의 모습입니다.,ok,not_required,vlm,,False,,귤 귤 반쪽 / 담기다 귤 귤 / 바구니 담기다 귤 / 흰색 바구니 담기다,4,이미지에는 흰색 바탕 위에 놓인 귤이 담긴 바구니의 모습입니다.,,이미지에는 흰색 바탕 위에 놓인 귤이 담긴 바구니의 모습입니다.,ok,not_required,vlm,,False,,True
fruits_nuts_rice,hyperclovax,5162187,2,naver-hyperclovax/HyperCLOVAX-SEED-Vision-Instruct-3B,kurly_5162187_2.jpg,fruits_nuts_rice/images/kurly_5162187_2.jpg,,matched,,0,이미지에는 흰색 배경 위에 놓인 귤과 그릇에 담긴 귤이 있습니다.,,,reused,not_required,alt_preprocessed_5.csv:HyperCLOVAX_KOR,,,,귤 / 배경 / 흰색 / 담기다,4,"이미지에는 흰색 배경 위에 귤이 놓여 있으며, 그중 일부는 반으로 잘려 내부의 과육이 드러나 있습니다.",,"이미지에는 흰색 배경 위에 귤이 놓여 있으며, 그중 일부는 반으로 잘려 내부의 과육이 드러나 있습니다.",ok,not_required,vlm,,False,,귤 담기다 / 배경 귤 / 담기다 귤 / 흰색 배경,4,이미지에는 귤이 흰색 배경 위에 놓여 있습니다.,,이미지에는 귤이 흰색 배경 위에 놓여 있습니다.,ok,not_required,vlm,,False,,귤 담기다 귤 / 배경 귤 담기다 / 흰색 배경 귤,3,이미지에는 흰색 배경 위에 귤이 놓여 있습니다.,,이미지에는 흰색 배경 위에 귤이 놓여 있습니다.,ok,not_required,vlm,,False,,True
fruits_nuts_rice,qwen3,1000030900,1,Qwen/Qwen3-VL-2B-Instruct,kurly_1000030900_1.jpg,fruits_nuts_rice/images/kurly_1000030900_1.jpg,상품-대표-이미지 1,matched,,0,"“정미소 비단쌀”이라고 적힌 4kg짜리 흰색 쌀 봉지 위에 작은 밥그릇이 놓여 있으며, 이 모든 것이 연회색 바탕 위에 놓여 있다.",,,reused,reused_translation,alt_preprocessed_5.csv:qwen_3_deepl_KOR,,,,정미소_비단쌀 / 4kg / 밥그릇 / 쌀 / 봉지,5,"밝은 회색 바탕 위에 ""Jeongmi So"" ""Bidan Sall"" 쌀이 든 흰색 4kg 봉지와 그 위에 작은 밥그릇이 놓여 있다.","A white 4kg bag of ""Jeongmi So"" ""Bidan Sall"" rice, with a small bowl of rice above it, on a light gray surface.",,ok,translated,vlm + deepl_api,latin_text_with_quoted_names,False,,4kg 흰색 / 밥그릇 회색 / 정미소_비단쌀 적히다 / 봉지 작다 / 흰색 쌀,5,"회색 바탕 위에 ""Jeongmi So"" ""Bidan Sall"" 쌀이 든 흰색 4kg 봉지와 그 위에 작은 밥그릇이 놓여 있다.","A white 4kg bag of ""Jeongmi So"" ""Bidan Sall"" rice, with a small bowl of rice above it, on a gray surface.",,ok,translated,vlm + deepl_api,latin_text_with_quoted_names,False,,4kg 흰색 쌀 / 작다 밥그릇 회색 / 적히다 4kg 흰색 / 정미소_비단쌀 적히다 4kg / 봉지 작다 밥그릇,5,"회색 바탕 위에 ""Jeongmi So"" (정미소) ""Bidan Sall"" (비단쌀) 쌀이 든 흰색 4kg 봉지가 놓여 있고, 그 위에는 작은 그릇에 담긴 밥이 놓여 있다.","A white 4kg bag of ""Jeongmi So"" (정미소) ""Bidan Sall"" (비단쌀) rice, with a small bowl of rice above it, set on a gray surface.",,ok,translated,vlm + deepl_api,latin_text_with_parenthetical_labels_review,False,,True
fruits_nuts_rice,qwen3,1000030900,2,Qwen/Qwen3-VL-2B-Instruct,kurly_1000030900_2.jpg,fruits_nuts_rice/images/kurly_1000030900_2.jpg,,matched,,0,밝은 회색 바탕 위에 흰 쌀알로 가득 찬 하얀 그릇이 놓여 있다.,,,reused,reused_translation,alt_preprocessed_5.csv:qwen_3_deepl_KOR,,,,차다 / 쌀알 / 희다 / 가득 / 밝다,5,"밝은 회색 바탕 위에, 흰 쌀알로 가득 차 신선하고 풍성해 보이는 하얀 그릇이 놓여 있다.","A white bowl filled with white rice grains, appearing fresh and abundant, sits on a light gray surface.",,ok,translated,vlm + deepl_api,latin_text_present,False,,회색 희다 / 쌀알 가득 / 희다 쌀알 / 가득 차다 / 밝다 회색,5,밝은 회색 바탕 위에 흰 쌀알로 가득 찬 하얀 그릇이 놓여 있다.,"A white bowl filled with white rice grains, set on a light gray surface.",,ok,translated,vlm + deepl_api,latin_text_present,False,,밝다 회색 희다 / 회색 희다 쌀알 / 쌀알 가득 차다 / 희다 쌀알 가득,4,흰 쌀알로 가득 차 신선하고 풍성해 보이는 하얀 그릇이 연회색 바탕 위에 놓여 있다.,"A white bowl filled with white rice grains, appearing fresh and full, sits on a light gray surface.",,ok,translated,vlm + deepl_api,latin_text_present,False,,True
fruits_nuts_rice,qwen3,1000032485,1,Qwen/Qwen3-VL-2B-Instruct,kurly_1000032485_1.jpg,fruits_nuts_rice/images/kurly_1000032485_1.jpg,상품-대표-이미지 1,matched,,0,밝은 배경 위에 냉동 블루베리 한 봉지와 그 위에 같은 블루베리가 담긴 작은 그릇이 놓여 있다.,,,reused,reused_translation,alt_preprocessed_5.csv:qwen_3_deepl_KOR,,,,블루베리 / 같다 / 냉동 / 배경 / 봉지,5,"밝은 배경 위에, 그 위에 냉동 블루베리 한 그릇이 놓인 흰색 ""Frozen Blueberry"" (블루베리) 포장지가 놓여 있다.","A white package of ""Frozen Blueberry"" (블루베리) with a bowl of frozen blueberries above it, set against a light background.",,ok,translated,vlm + deepl_api,latin_text_with_parenthetical_labels_review,False,,같다 블루베리 / 밝다 배경 / 배경 냉동 / 봉지 같다 / 블루베리 담기다,5,"밝고 질감이 느껴지는 배경 위에, ""Frozen Blueberry"" (농동 블루베리)의 흰색 패키지와 그 위에 얼린 블루베리 한 그릇이 놓여 있다.","A white package of ""Frozen Blueberry"" (농동 블루베리) with a bowl of frozen blueberries above it, set against a light, textured background.",,ok,translated,vlm + deepl_api,latin_text_with_parenthetical_labels_review,False,,같다 블루베리 담기다 / 밝다 배경 냉동 / 배경 냉동 블루베리 / 봉지 같다 블루베리 / 블루베리 담기다 작다,5,"밝고 질감이 느껴지는 배경 위에, ""Frozen Blueberry"" (농동 블루베리)의 흰색 패키지와 그 위에 작은 그릇에 담긴 냉동 블루베리가 놓여 있다.","A white package of ""Frozen Blueberry"" (농동 블루베리) with a small bowl of frozen blueberries above it, set against a light, textured background.",,ok,translated,vlm + deepl_api,latin_text_with_parenthetical_labels_review,False,,True
fruits_nuts_rice,qwen3,1000032485,2,Qwen/Qwen3-VL-2B-Instruct,kurly_1000032485_2.jpg,fruits_nuts_rice/images/kurly_1000032485_2.jpg,,matched,,0,서리가 내린 듯한 겉면이 덮인 냉동 블루베리로 가득 찬 하얀 그릇이 연회색 표면 위에 놓여 있다.,,,reused,reused_translation,alt_preprocessed_5.csv:qwen_3_deepl_KOR,,,,겉면 / 덮이다 / 내리다 / 듯 / 서리,5,"서리가 내린 듯한 흰색 층으로 표면이 덮인 냉동 블루베리가 가득 담긴 하얀 그릇이, 밝은 색의 질감이 느껴지는 표면 위에 놓여 있다.","A white bowl filled with frozen blueberries, their surfaces coated in a frosty layer, sits on a light-colored textured surface.",,ok,translated,vlm + deepl_api,latin_text_present,False,,겉면 덮이다 / 덮이다 냉동 / 내리다 듯 / 듯 겉면 / 차다 회색,5,얼어붙은 블루베리로 가득 찬 하얀 그릇. 블루베리의 차가운 표면에는 서리가 맺혀 반짝이고 있다.,"A white bowl filled with frozen blueberries, their icy surfaces glistening with frost.",,ok,translated,vlm + deepl_api,latin_text_present,False,,겉면 덮이다 냉동 / 덮이다 냉동 블루베리 / 듯 겉면 덮이다 / 가득 차다 회색 / 내리다 듯 겉면,5,"서리가 내린 듯한 흰색 층으로 표면이 덮인 냉동 블루베리가 가득 담긴 하얀 그릇이, 밝은 회색의 질감이 느껴지는 표면 위에 놓여 있다.","A white bowl filled with frozen blueberries, their surfaces coated in a frosty layer, sits on a light gray textured surface.",,ok,translated,vlm + deepl_api,latin_text_present,False,,True
fruits_nuts_rice,qwen3,1000048867,1,Qwen/Qwen3-VL-2B-Instruct,kurly_1000048867_1.jpg,fruits_nuts_rice/images/kurly_1000048867_1.jpg,상품-대표-이미지 1,matched,,0,"산 풍경이 그려진 10kg짜리 보라색 쌀 봉지로, 그 위에는 작은 밥그릇이 그려져 있습니다.",,,reused,reused_translation,alt_preprocessed_5.csv:qwen_3_deepl_KOR,,,,그리다 / 산 / 풍경 / 10kg / 보라색,5,"산 풍경 일러스트가 그려진 보라색 ""Siwolmi Soo"" 쌀 10kg 봉지 위에 작은 밥그릇이 놓여 있다.","A 10kg bag of purple-colored ""Siwolmi Soo"" rice, featuring a mountain landscape illustration, is displayed with a small bowl of rice above it.",,ok,translated,vlm + deepl_api,latin_text_with_quoted_names,False,,10kg 보라색 / 그리다 10kg / 산 풍경 / 풍경 그리다 / 밥그릇 그리다,5,"산 풍경 일러스트가 그려진 보라색 ""Siwolmi Soo"" 쌀 10kg 봉지 위에 작은 밥그릇이 놓여 있다.","A 10kg bag of purple-colored ""Siwolmi Soo"" rice, featuring a mountain landscape illustration, is displayed with a small bowl of rice above it.",,ok,translated,vlm + deepl_cached_translation,latin_text_with_quoted_names,False,,10kg 보라색 쌀 / 그리다 10kg 보라색 / 산 풍경 그리다 / 풍경 그리다 10kg / 보라색 쌀 봉지,5,"산 풍경이 그려진 10kg짜리 보라색 쌀 봉지로, 그 위에 밥 한 그릇이 그려져 있습니다.","A 10kg bag of purple rice with a mountain landscape design, featuring a bowl of rice above it.",,ok,translated,vlm + deepl_api,latin_text_present,False,,True
fruits_nuts_rice,qwen3,1000048867,2,Qwen/Qwen3-VL-2B-Instruct,kurly_1000048867_2.jpg,fruits_nuts_rice/images/kurly_1000048867_2.jpg,,matched,,0,"밝은 회색 배경 위에, 흰 쌀알로 가득 찬 흰 그릇이 놓여 있다.",,,reused,reused_translation,alt_preprocessed_5.csv:qwen_3_deepl_KOR,,,,희다 / 배경 / 차다 / 쌀알 / 가득,5,"밝은 회색 배경 위에, 흰 쌀알로 가득 차 있어 풍성하고 신선해 보이는 하얀 그릇이 놓여 있다.","A white bowl filled with white rice grains, appearing full and fresh, set against a light gray background.",,ok,translated,vlm + deepl_api,latin_text_present,False,,차다 희다 / 배경 희다 / 회색 배경 / 쌀알 가득 / 희다 쌀알,5,밝은 회색 배경 위에 흰 쌀알로 가득 찬 하얀 그릇이 놓여 있다.,"A white bowl filled with white rice grains, set against a light gray background.",,ok,translated,vlm + deepl_api,latin_text_present,False,,가득 차다 희다 / 밝다 회색 배경 / 배경 희다 쌀알 / 회색 배경 희다 / 쌀알 가득 차다,5,밝은 회색 배경 위에 흰 쌀알로 가득 찬 하얀 그릇이 놓여 있다.,"A white bowl filled with white rice grains, set against a light gray background.",,ok,translated,vlm + deepl_cached_translation,latin_text_present,False,,True
fruits_nuts_rice,qwen3,1000066062,1,Qwen/Qwen3-VL-2B-Instruct,kurly_1000066062_1.jpg,fruits_nuts_rice/images/kurly_1000066062_1.jpg,상품-대표-이미지 1,matched,,0,"검은색 뚜껑이 달린 투명한 원통형 용기에는 검은색, 흰색, 갈색 등 다양한 곡물과 씨앗이 섞여 들어 있으며, 흰색 라벨에는 한국어로 된 글자가 적혀 있다.",,,reused,reused_translation,alt_preprocessed_5.csv:qwen_3_deepl_KOR,,,,검은색 / 곡물 / 글자 / 원통 / 흰색,5,"검은색 뚜껑이 달린 투명한 원통형 용기에는 검은색, 흰색, 갈색 등 다양한 곡물이 섞여 들어 있으며, 흰색 라벨에는 한국어 문구와 녹색 로고가 인쇄되어 있다.","A clear cylindrical container with a black lid holds a mix of various grains, including black, white, and brown ones, with a white label featuring Korean text and a green logo.",,ok,translated,vlm + deepl_api,latin_text_present,False,,갈색 다양 / 검은색 뚜껑 / 검은색 흰색 / 곡물 씨앗 / 글자 적히다,5,"검은색 뚜껑이 달린 투명한 원통형 용기에는 검은색, 흰색, 갈색 등 다양한 곡물과 씨앗이 섞여 들어 있으며, 한국어로 된 라벨이 붙어 있다.","A clear cylindrical container with a black lid holds a mix of various grains and seeds, including black, white, and brown ones, with a label that has Korean text.",,ok,translated,vlm + deepl_api,latin_text_present,False,,갈색 다양 곡물 / 검은색 뚜껑 달리다 / 검은색 흰색 갈색 / 곡물 씨앗 섞이다 / 다양 곡물 씨앗,5,"검은색 뚜껑이 달린 투명한 원통형 용기에는 검은색, 흰색, 갈색 씨앗 등 다양한 곡물이 섞여 들어 있으며, 한국어로 된 듯한 라벨이 붙어 있다.","A clear cylindrical container with a black lid holds a mix of various grains, including black, white, and brown seeds, with a label that appears to be in Korean.",,ok,translated,vlm + deepl_api,latin_text_present,False,,True
fruits_nuts_rice,qwen3,1000066062,2,Qwen/Qwen3-VL-2B-Instruct,kurly_1000066062_2.jpg,fruits_nuts_rice/images/kurly_1000066062_2.jpg,,matched,,0,"흰쌀, 검은쌀, 현미 등 다양한 종류의 쌀이 섞여 있는 그릇으로, 쌀알들이 자연스러운 상태로 섞인 채로 쌓여 있다.",,,reused,reused_translation,alt_preprocessed_5.csv:qwen_3_deepl_KOR,,,,쌀 / 섞이다 / 상태 / 채 / 현미,5,"흰쌀, 검은쌀, 현미 등 다양한 종류의 쌀이 섞여 담긴 밝은 색의 그릇이, 소박하고 자연스러운 분위기 속에서 놓여 있다.","A light-colored bowl filled with a mix of various rice grains, including white, black, and brown varieties, presented in a simple, natural setting.",,ok,translated,vlm + deepl_api,latin_text_present,False,,검다 쌀 / 상태 섞이다 / 섞이다 쌀알 / 섞이다 채 / 쌀 섞이다,5,"흰쌀, 검은쌀, 현미 등 다양한 종류의 쌀이 섞여 담긴 밝은 색의 그릇이 무채색 바탕 위에 놓여 있다.","A light-colored bowl filled with a mix of various rice grains, including white, black, and brown varieties, is presented on a neutral surface.",,ok,translated,vlm + deepl_api,latin_text_present,False,,검다 쌀 현미 / 다양 종류 쌀 / 상태 섞이다 채 / 섞이다 쌀알 자연 / 섞이다 채 쌓이다,5,"흰쌀, 검은쌀, 현미 등 다양한 종류의 쌀이 섞여 있는 밝은 색의 그릇으로, 쌀알들이 자연스럽고 살짝 쌓인 듯한 모양으로 담겨 있다.","A light-colored bowl filled with a mix of various rice grains, including white, black, and brown varieties, arranged in a natural, slightly piled manner.",,ok,translated,vlm + deepl_api,latin_text_present,False,,True
fruits_nuts_rice,qwen3,1000102438,1,Qwen/Qwen3-VL-2B-Instruct,kurly_1000102438_1.jpg,fruits_nuts_rice/images/kurly_1000102438_1.jpg,상품-대표-이미지 1,matched,,0,"검은 상자 안에는 15개의 빨간 사과가 들어 있는데, 각 사과는 작고 예쁜 종이컵에 담겨 3×5 격자 모양으로 배열되어 있다.",,,reused,reused_translation,alt_preprocessed_5.csv:qwen_3_deepl_KOR,,,,사과 / 3 / 5 / 배열 / 예쁘다,5,3×5 격자 모양으로 배열된 15개의 빨간 사과가 들어 있는 검은 상자. 각 사과는 장식용 종이컵에 담겨 있다.,"A black box containing 15 red apples arranged in a 3x5 grid, each nestled in a decorative paper cup.",,ok,translated,vlm + deepl_api,latin_text_present,False,,3 5 / 5 격자 / 담기다 3 / 모양 배열 / 예쁘다 종이컵,5,"베이지색 배경 위에, 종이컵에 하나씩 담겨 있는 빨간 사과들이 3x5 격자 모양으로 가지런히 배열된 검은색 직사각형 상자.","A black rectangular box with a 3x5 grid of red apples, each nestled in a paper cup, arranged neatly on a beige background.",,ok,translated,vlm + deepl_api,latin_text_present,False,,3 5 격자 / 5 격자 모양 / 격자 모양 배열 / 담기다 3 5 / 사과 작다 예쁘다,5,"3x5 격자 무늬가 있는 검은색 직사각형 상자 안에는 15개의 빨간 사과가 들어 있으며, 각 사과는 장식용 주름진 종이컵에 담겨 있습니다.","A black rectangular box with a 3x5 grid pattern holds 15 red apples, each nestled in a decorative, fluted paper cup.",,ok,translated,vlm + deepl_api,latin_text_present,False,,True
fruits_nuts_rice,qwen3,1000102438,2,Qwen/Qwen3-VL-2B-Instruct,kurly_1000102438_2.jpg,fruits_nuts_rice/images/kurly_1000102438_2.jpg,,matched,,0,"검은 상자 안에는 15개의 빨간 사과가 들어 있는데, 각 사과는 작고 흰색의 주름진 종이컵에 담겨 있다.",,,reused,reused_translation,alt_preprocessed_5.csv:qwen_3_deepl_KOR,,,,사과 / 15개 / 종이컵 / 주름 / 지다,5,"물결 모양의 가장자리가 있는 종이컵에 하나씩 담겨 있는 붉은 사과 15개가, 3×5 격자 모양으로 가지런히 배열된 검은 상자.","A black box containing 15 red apples, each nestled in a paper cup with a wavy edge, arranged neatly in a 3x5 grid.",,ok,translated,vlm + deepl_api,latin_text_present,False,,지다 종이컵 / 흰색 주름 / 15개 사과 / 검다 상자 / 들다 사과,5,15개의 빨간 사과가 들어 있는 검은 상자. 각 사과는 흰색의 주름진 종이컵에 하나씩 담겨 있다.,"A black box containing 15 red apples, each nestled in a white, ridged paper cup.",,ok,translated,vlm + deepl_api,latin_text_present,False,,사과 작다 흰색 / 작다 흰색 주름 / 주름 지다 종이컵 / 지다 종이컵 담기다 / 흰색 주름 지다,5,검은 상자 안에는 흰색 주름진 종이컵에 하나씩 담겨 있는 빨간 사과 15개가 들어 있다.,"A black box holds 15 red apples, each nestled in a white, crimped paper cup.",,ok,translated,vlm + deepl_api,latin_text_present,False,,True
fruits_nuts_rice,qwen3,1000118138,1,Qwen/Qwen3-VL-2B-Instruct,kurly_1000118138_1.jpg,fruits_nuts_rice/images/kurly_1000118138_1.jpg,상품-대표-이미지 1,matched,,0,“백진주”라고 적힌 Lgrow 브랜드의 파란색 쌀 봉지(4kg)가 연회색 바탕 위에 놓여 있다. 봉지 위쪽에는 작은 그릇에 담긴 밥이 보인다.,,,reused,reused_translation,alt_preprocessed_5.csv:qwen_3_deepl_KOR,,,,봉지 / 가 / 위쪽 / 백진주 / 밥,5,"4kg짜리 ""Baekjinju"" 쌀이 든 파란색 봉지 위에, 연회색 바탕 위에 작은 밥그릇이 놓여 있다.","A blue bag of 4kg ""Baekjinju"" rice, with a small bowl of rice above it on a light gray surface.",,ok,translated,vlm + deepl_api,latin_text_with_quoted_names,False,,4kg 가 / 가 회색 / 밥 보이다 / 봉지 4kg / 봉지 위쪽,5,"파란색 4kg짜리 Lgrow ""Bakjinju"" 쌀 봉지 위에, 연회색 바탕 위에 작은 그릇에 담긴 밥이 놓여 있다.","A blue 4kg bag of Lgrow ""Bakjinju"" rice, with a small bowl of rice above it on a light gray surface.",,ok,translated,vlm + deepl_api,latin_text_with_quoted_names,False,,4kg 가 회색 / 가 회색 봉지 / 담기다 밥 보이다 / 백진주 적히다 브랜드 / 봉지 4kg 가,5,"파란색 4kg짜리 Lgrow ""백진주"" 쌀 봉지 위에, 연회색 바탕 위에 작은 그릇에 담긴 밥이 놓여 있다.","A blue 4kg bag of Lgrow ""백진주"" rice, with a small bowl of rice above it on a light gray surface.",,ok,translated,vlm + deepl_api,latin_text_with_quoted_names,False,,True
fruits_nuts_rice,qwen3,1000118138,2,Qwen/Qwen3-VL-2B-Instruct,kurly_1000118138_2.jpg,fruits_nuts_rice/images/kurly_1000118138_2.jpg,,matched,,0,반점 무늬가 있는 밝은 색의 도자기 그릇에 하얀 쌀알들이 가지런히 담겨 있다.,,,reused,reused_translation,alt_preprocessed_5.csv:qwen_3_deepl_KOR,,,,가지런히 / 도자기 / 무늬 / 반점 / 색,5,"얼룩덜룩한 흙빛 무늬가 있고 가장자리가 갈색인 밝은 색상의 도자기 그릇에 흰색의 생쌀이 가득 담겨 있으며, 그 그릇은 중성적인 회색 바탕 위에 놓여 있다.","A light-colored ceramic bowl with a speckled, earthy pattern and a brown rim, filled with white, uncooked rice grains, sits on a neutral gray surface.",,ok,translated,vlm + deepl_api,latin_text_present,False,,가지런히 담기다 / 도자기 쌀알 / 무늬 밝다 / 반점 무늬 / 색 도자기,5,"얼룩덜룩한 흙빛 무늬가 있는 밝은 색상의 도자기 그릇에 흰색 생쌀알이 넉넉하게 담겨 있으며, 질감이 느껴지는 중성적인 배경 위에 놓여 있다.","A light-colored ceramic bowl with a speckled, earthy pattern holds a generous pile of white, uncooked rice grains, presented against a neutral, textured background.",,ok,translated,vlm + deepl_api,latin_text_present,False,,도자기 쌀알 가지런히 / 무늬 밝다 색 / 반점 무늬 밝다 / 밝다 색 도자기 / 색 도자기 쌀알,5,"흰 쌀알이 가득 담긴 밝은 색상의 도자기 그릇으로, 겉면에는 얼룩덜룩한 흙빛 무늬가 새겨져 있다.","A light-colored ceramic bowl filled with white rice grains, featuring a speckled, earthy pattern on its exterior.",,ok,translated,vlm + deepl_api,latin_text_present,False,,True
fruits_nuts_rice,qwen3,1000122762,1,Qwen/Qwen3-VL-2B-Instruct,kurly_1000122762_1.jpg,fruits_nuts_rice/images/kurly_1000122762_1.jpg,상품-대표-이미지 1,matched,,0,"흰색 질감의 천 위에 몇 개의 빨간 사과가 놓여 있는 정물 사진이다. 사과 중 일부는 통째로 있고, 일부는 반으로 잘려 있다. 사과 두 개는 빨간색 밀봉 스티커가 붙은 투명한 비닐봉지에 들어 있으며, 포장지에는 한국어 문구가 적혀 있다. 사과 한 개는 반으로 잘려 있어 연한 노란색 과육과 씨앗이 드러나 있다.",,,reused,reused_translation,alt_preprocessed_5.csv:qwen_3_deepl_KOR,,,,사과 / 일부 / 잘리다 / 정물 / 반,5,"흰 천 위에 몇 개의 빨간 사과가 놓여 있는 정물 사진으로, 사과 중 일부는 통째로 있고 일부는 반으로 잘려 있으며, 포장된 사과 두 개가 함께 놓여 있는데 그중 하나는 일부가 잘려 있다.","A still life photograph of several red apples, some whole and some cut in half, arranged on a white cloth with two packaged apples, one of which is partially cut.",,ok,translated,vlm + deepl_api,latin_text_present,False,,반 잘리다 / 1개 반 / 2개 빨간색 / 들다 포장지 / 몇개 사과,5,"포장된 채로 진열된, 흰 천 위에 빨간 사과 몇 개가 놓여 있는데, 그중 일부는 통째로 있고 일부는 반으로 잘려 있다.","A white cloth with several red apples, some whole and some cut in half, displayed with their packaging.",,ok,translated,vlm + deepl_api,latin_text_present,False,,1개 반 잘리다 / 2개 빨간색 밀봉 / 들다 포장지 한국어 / 몇개 사과 정물 / 문구 적히다 사과,5,"흰색 질감이 있는 천 위에 통째로 있는 것과 반으로 잘린 것이 섞여 있는 여러 개의 빨간 사과가 놓여 있고, 사과가 들어 있는 투명한 플라스틱 포장지 두 개가 함께 배치된 정물 사진으로, 그중 하나에는 한국어 라벨이 붙어 있다.","A still life photograph of several red apples, some whole and some cut in half, arranged on a white textured cloth with two clear plastic packages containing apples, one of which has a Korean label.",,ok,translated,vlm + deepl_api,latin_text_present,False,,True
fruits_nuts_rice,qwen3,1000122762,2,Qwen/Qwen3-VL-2B-Instruct,kurly_1000122762_2.jpg,fruits_nuts_rice/images/kurly_1000122762_2.jpg,,matched,,0,"흰색 천 위에 놓인 여러 개의 빨간 사과를 클로즈업한 사진이다. 사과 중 일부는 통째로 있고, 두 개는 반으로 잘려 연한 노란색 과육과 씨앗이 드러나 있다. 사과 한 개는 빨간색 밀봉 스티커가 붙은 투명한 비닐봉지에 들어 있다.",,,reused,reused_translation,alt_preprocessed_5.csv:qwen_3_deepl_KOR,,,,사과 / 다 / 밀봉 / 비닐 / 스티커,5,"흰색 천 위에 놓인 여러 개의 빨간 사과를 클로즈업한 사진으로, 일부는 통째로 있고 두 개는 반으로 잘려 연노란색 과육이 드러나 있으며, 배경에는 비닐봉지와 빨간색 봉인 스티커가 보인다.","A close-up of several red apples, some whole and two cut in half to reveal their pale yellow flesh, resting on a white cloth with a plastic bag and a red seal visible in the background.",,ok,translated,vlm + deepl_api,latin_text_present,False,,1개 빨간색 / 여러개 사과 / 천 여러개 / 클로즈업 다 / 다 사과,5,"하얀 천 위에 놓인 여러 개의 빨간 사과를 클로즈업한 사진으로, 그중 두 개는 반으로 잘려 연노란색 과육이 드러나 있고, 몇 개는 아직 비닐 포장지에 싸인 채로 있다.","A close-up of several red apples, including two cut in half to reveal their pale yellow flesh, resting on a white cloth with a few still in their plastic packaging.",,ok,translated,vlm + deepl_api,latin_text_present,False,,1개 빨간색 밀봉 / 드러나다 사과 1개 / 사과 1개 빨간색 / 사과 클로즈업 다 / 여러개 사과 클로즈업,5,"하얀 천 위에 놓인 여러 개의 빨간 사과를 클로즈업한 사진으로, 그중 두 개는 반으로 잘려 연노란색 과육이 드러나 있고, 한 개는 여전히 빨간색 플라스틱 포장지에 싸인 채로 있다.","A close-up of several red apples, including two cut in half to reveal their pale yellow flesh, resting on a white cloth with one apple still in its red plastic packaging.",,ok,translated,vlm + deepl_api,latin_text_present,False,,True
fruits_nuts_rice,qwen3,1000144509,1,Qwen/Qwen3-VL-2B-Instruct,kurly_1000144509_1.jpg,fruits_nuts_rice/images/kurly_1000144509_1.jpg,상품-대표-이미지 1,matched,,0,"KF365 컬리 프레시 쌀 4kg 한 봉지와, 밝은 회색 바탕 위에 그 옆에 작은 밥그릇이 놓여 있다.",,,reused,reused_translation,alt_preprocessed_5.csv:qwen_3_deepl_KOR,,,,컬리 / 프레시 / 365 / 4kg / 밥그릇,5,"밝은 회색 바탕 위에 ""KF365 KURLY FRESH"" 쌀 4kg이 든 흰색 봉지와 그 옆에 작은 밥그릇이 놓여 있다.","A white bag of ""KF365 KURLY FRESH"" rice, 4kg, with a small bowl of rice beside it, on a light gray surface.",,ok,translated,vlm + deepl_api,latin_text_with_quoted_names,False,,365 컬리 / 4kg 봉지 / 쌀 4kg / 컬리 프레시 / 프레시 쌀,5,"""Kurly Fresh"" 라벨이 붙어 있고, 그 옆에 작은 그릇에 담긴 ""KF365 Kurly Fresh"" 쌀이 놓여 있는 4kg짜리 쌀 봉지.","A 4kg bag of ""KF365 Kurly Fresh"" rice, featuring a ""Kurly Fresh"" label and a small bowl of the rice beside it.",,ok,translated,vlm + deepl_api,latin_text_with_quoted_names,False,,365 컬리 프레시 / 4kg 봉지 밝다 / 쌀 4kg 봉지 / 컬리 프레시 쌀 / 프레시 쌀 4kg,5,"쌀알이 보이는 투명 창이 있는 4kg짜리 ""KF365 Kurly Fresh"" 쌀 한 봉지가 연회색 바탕 위에 진열되어 있고, 그 옆에는 작은 그릇에 담긴 밥이 놓여 있다.","A 4kg bag of ""KF365 Kurly Fresh"" rice, featuring a clear window showing the rice grains, is displayed on a light gray surface with a small bowl of rice beside it.",,ok,translated,vlm + deepl_api,latin_text_with_quoted_names,False,,True
fruits_nuts_rice,qwen3,1000144509,2,Qwen/Qwen3-VL-2B-Instruct,kurly_1000144509_2.jpg,fruits_nuts_rice/images/kurly_1000144509_2.jpg,,matched,,0,밝은 회색 바탕 위에 흰 쌀알이 가득 담긴 하얀 그릇.,,,reused,reused_translation,alt_preprocessed_5.csv:qwen_3_deepl_KOR,,,,쌀알 / 희다 / 가득 / 담기다 / 밝다,5,"밝은 회색 배경 위에, 흰 쌀알로 가득 차 신선하고 풍성해 보이는 흰 그릇이 놓여 있다.","A white bowl filled with white rice grains, appearing fresh and full, set against a light gray background.",,ok,translated,vlm + deepl_api,latin_text_present,False,,회색 희다 / 쌀알 가득 / 희다 쌀알 / 가득 담기다 / 밝다 회색,5,"밝은 회색의 질감이 느껴지는 표면 위에, 흰 쌀알로 가득 찬 하얀 그릇이 놓여 있다.","A white bowl filled with white rice grains, set against a light gray, textured surface.",,ok,translated,vlm + deepl_api,latin_text_present,False,,쌀알 가득 담기다 / 밝다 회색 희다 / 회색 희다 쌀알 / 희다 쌀알 가득,4,"밝은 회색의 질감이 느껴지는 배경 위에, 흰 쌀알로 가득 찬 하얀 그릇이 놓여 있다.","A white bowl filled with white rice grains, set against a light gray, textured background.",,ok,translated,vlm + deepl_api,latin_text_present,False,,True
fruits_nuts_rice,qwen3,1000253378,1,Qwen/Qwen3-VL-2B-Instruct,kurly_1000253378_1.jpg,fruits_nuts_rice/images/kurly_1000253378_1.jpg,상품-대표-이미지 1,matched,,0,"연두색 접시 위에 냉동 블루베리가 가득 담겨 있고, 그 위에 은색 숟가락 하나가 놓여 있다. 베리들은 짙은 파란색에 서리가 내린 듯한 겉면이 돋보이며, 접시는 연회색 바탕 위에 놓여 있다.",,,reused,reused_translation,alt_preprocessed_5.csv:qwen_3_deepl_KOR,,,,베리 / 연두색 / 겉면 / 돋보이다 / 은색,5,"회색 배경 위에, 얼린 블루베리가 가득 담긴 연한 녹색 접시가 놓여 있고, 그 가장자리에 은색 숟가락이 기대어 있다.","A light green plate filled with frozen blueberries, with a silver spoon resting on the edge, set against a gray background.",,ok,translated,vlm + deepl_api,latin_text_present,False,,겉면 돋보이다 / 담기다 은색 / 돋보이다 회색 / 베리 짙다 / 숟가락 베리,5,"회색 배경 위에, 얼린 블루베리가 가득 담긴 연한 녹색 접시가 놓여 있고, 그 가장자리에 은색 숟가락이 기대어 있다.","A light green plate filled with frozen blueberries, with a silver spoon resting on the edge, set against a gray background.",,ok,translated,vlm + deepl_cached_translation,latin_text_present,False,,가득 담기다 은색 / 겉면 돋보이다 회색 / 담기다 은색 숟가락 / 듯 겉면 돋보이다 / 베리 짙다 파란색,5,"회색 배경 위에, 얼린 블루베리가 가득 담긴 연한 녹색 접시가 놓여 있고, 그 가장자리에 은색 숟가락이 기대어 있다.","A light green plate filled with frozen blueberries, with a silver spoon resting on the edge, set against a gray background.",,ok,translated,vlm + deepl_cached_translation,latin_text_present,False,,True
fruits_nuts_rice,qwen3,1000253378,2,Qwen/Qwen3-VL-2B-Instruct,kurly_1000253378_2.jpg,fruits_nuts_rice/images/kurly_1000253378_2.jpg,,matched,,0,"얼린 블루베리가 가득 담긴 연한 녹색 접시의 클로즈업 사진으로, 전경에는 블루베리 몇 알을 얹은 은색 숟가락이 놓여 있다.",,,reused,reused_translation,alt_preprocessed_5.csv:qwen_3_deepl_KOR,,,,블루베리 / 얹다 / 얼리다 / 은색 / 전경,5,"연두색 접시에 얼린 블루베리가 가득 담겨 있고, 전경에는 블루베리 몇 알을 얹은 은색 숟가락이 놓여 있다.","A light green plate filled with frozen blueberries, with a silver spoon holding a few berries in the foreground.",,ok,translated,vlm + deepl_api,latin_text_present,False,,녹색 클로즈업 / 담기다 연하다 / 알 얹다 / 얹다 은색 / 전경 블루베리,5,"얼린 블루베리가 가득 담긴 연한 녹색 접시의 클로즈업 사진으로, 전경에는 블루베리 몇 알을 얹은 숟가락이 놓여 있다.","A close-up of a light green plate filled with frozen blueberries, with a spoon holding a few berries in the foreground.",,ok,translated,vlm + deepl_api,latin_text_present,False,,가득 담기다 연하다 / 녹색 클로즈업 전경 / 담기다 연하다 녹색 / 몇 알 얹다 / 알 얹다 은색,5,"얼린 블루베리가 가득 담긴 연한 녹색 접시의 클로즈업 사진으로, 전경에는 블루베리 몇 알을 얹은 숟가락이 놓여 있다.","A close-up of a light green plate filled with frozen blueberries, with a spoon holding a few berries in the foreground.",,ok,translated,vlm + deepl_cached_translation,latin_text_present,False,,True
fruits_nuts_rice,qwen3,1000338204,1,Qwen/Qwen3-VL-2B-Instruct,kurly_1000338204_1.jpg,fruits_nuts_rice/images/kurly_1000338204_1.jpg,상품-대표-이미지 1,matched,,0,밝은 회색 바탕 위에 냉동 블루베리 한 봉지와 그 위에 신선한 블루베리 한 그릇이 놓여 있다.,,,reused,reused_translation,alt_preprocessed_5.csv:qwen_3_deepl_KOR,,,,블루베리 / 냉동 / 봉지 / 밝다 / 회색,5,"보라색과 초록색 플라스틱 봉지에 담긴 1kg짜리 냉동 블루베리 한 팩과, 그 위 밝은 회색 표면 위에 놓인 신선한 블루베리가 담긴 그릇.","A 1 kg package of frozen blueberries in a purple and green plastic bag, with a bowl of fresh blueberries above it on a light gray surface.",,ok,translated,vlm + deepl_api,latin_text_present,False,,봉지 블루베리 / 회색 냉동 / 블루베리 봉지 / 냉동 블루베리 / 밝다 회색,5,"보라색과 초록색 봉지에 담긴 1kg짜리 냉동 블루베리 한 팩과, 그 위 밝은 회색 바탕 위에 놓인 신선한 블루베리 한 그릇.","A 1 kg package of frozen blueberries in a purple and green bag, with a bowl of fresh blueberries above it on a light gray surface.",,ok,translated,vlm + deepl_api,latin_text_present,False,,밝다 회색 냉동 / 블루베리 봉지 블루베리 / 회색 냉동 블루베리 / 냉동 블루베리 봉지,4,"밝은 회색 바탕 위에 1kg짜리 냉동 블루베리 한 팩이 놓여 있고, 그 위에는 같은 블루베리가 담긴 그릇이 놓여 있다.","A 1 kg package of frozen blueberries, with a bowl of the same berries above it, on a light gray surface.",,ok,translated,vlm + deepl_api,latin_text_present,False,,True
fruits_nuts_rice,qwen3,1000338204,2,Qwen/Qwen3-VL-2B-Instruct,kurly_1000338204_2.jpg,fruits_nuts_rice/images/kurly_1000338204_2.jpg,,matched,,0,얼린 블루베리로 가득 찬 흰색 그릇. 블루베리의 짙은 보라색과 차가운 질감이 돋보인다.,,,reused,reused_translation,alt_preprocessed_5.csv:qwen_3_deepl_KOR,,,,블루베리 / 돋보이다 / 얼리다 / 보라색 / 질감,5,얼린 블루베리가 가득 담긴 흰색 그릇. 블루베리의 짙은 보라색과 울퉁불퉁한 표면이 드러나 있다.,"A white bowl filled with frozen blueberries, showing their dark purple color and textured surface.",,ok,translated,vlm + deepl_api,latin_text_present,False,,보라색 질감 / 블루베리 짙다 / 질감 돋보이다 / 흰색 블루베리 / 얼리다 블루베리,5,"검고 얼어붙은 블루베리로 가득 찬 하얀 그릇에, 블루베리의 진하고 입체감 있는 모습이 돋보인다.","A white bowl filled with dark, frozen blueberries, showcasing their rich, textured appearance.",,ok,translated,vlm + deepl_api,latin_text_present,False,,보라색 질감 돋보이다 / 블루베리 짙다 보라색 / 짙다 보라색 질감 / 차다 흰색 블루베리 / 흰색 블루베리 짙다,5,"짙은 보라색의 얼린 블루베리로 가득 찬 흰색 그릇. 블루베리는 진하고 깊은 보라색을 띠고 있으며, 표면에는 약간의 질감이 느껴진다.","A white bowl filled with dark purple, frozen blueberries, showing a rich, deep purple hue and a slightly textured surface.",,ok,translated,vlm + deepl_api,latin_text_present,False,,True
fruits_nuts_rice,qwen3,1000763360,1,Qwen/Qwen3-VL-2B-Instruct,kurly_1000763360_1.jpg,fruits_nuts_rice/images/kurly_1000763360_1.jpg,상품-대표-이미지 1,matched,,0,"밝은 파란색 접시 위에 싱싱한 초록색 포도 한 송이가 놓여 있고, 그 옆의 밝은 회색 바탕 위에는 반으로 잘린 포도 두 조각이 놓여 있다.",,,reused,reused_translation,alt_preprocessed_5.csv:qwen_3_deepl_KOR,,,,포도 / 밝다 / 송이 / 초록색 / 파란색,5,"하늘색 접시 위에 선명한 녹색 포도 한 송이가 놓여 있고, 그 옆에는 잘라 놓은 포도 반쪽 두 개가 놓여 있다.","A bunch of bright green grapes on a light blue plate, with two cut halves placed beside the main cluster.",,ok,translated,vlm + deepl_api,latin_text_present,False,,송이 옆 / 파란색 초록색 / 포도 조각 / 회색 반 / 옆 밝다,5,"밝은 회색 배경 위에, 연한 파란색 접시에 싱그러운 초록색 포도 한 송이가 담겨 있고, 그 주위에는 잘라 놓은 포도 조각 몇 개가 흩어져 있다.","A light blue plate holds a bunch of fresh, green grapes with a few cut pieces scattered around, set against a light gray background.",,ok,translated,vlm + deepl_api,latin_text_present,False,,밝다 파란색 초록색 / 밝다 회색 반 / 송이 옆 밝다 / 옆 밝다 회색 / 잘리다 포도 조각,5,"하늘색 접시 위에는 싱싱하고 선명한 초록색 포도 한 송이가 놓여 있고, 그 옆의 연회색 표면 위에는 잘라 놓은 포도 두 조각이 놓여 있다.","A light blue plate holds a bunch of fresh, bright green grapes, with two cut pieces placed beside it on a light gray surface.",,ok,translated,vlm + deepl_api,latin_text_present,False,,True
fruits_nuts_rice,qwen3,1000763360,2,Qwen/Qwen3-VL-2B-Instruct,kurly_1000763360_2.jpg,fruits_nuts_rice/images/kurly_1000763360_2.jpg,,matched,,0,"흰 접시 위에 갓 따온 듯한 싱그러운 초록색 포도 한 송이가 놓여 있으며, 그중 몇 알은 반으로 잘려 있다. 포도는 윤기가 나고 즙이 가득해 보이며, 표면에는 물방울 몇 방울이 맺혀 있다.",,,reused,reused_translation,alt_preprocessed_5.csv:qwen_3_deepl_KOR,,,,포도 / 몇 / 나다 / 따오다 / 윤기,5,"흰 접시 위에 놓인 싱싱하고 푸른 포도 한 송이와, 그중 몇 알은 반으로 잘려 있다.","A bunch of fresh, green grapes with a few cut in half, resting on a white plate.",,ok,translated,vlm + deepl_api,latin_text_present,False,,가득 보이다 / 갓 따오다 / 나다 즙 / 듯 초록색 / 따오다 듯,5,"흰 접시 위에는 싱싱하고 생기 넘치는 초록색 포도 한 묶음이 놓여 있는데, 어떤 것은 통째로 있고 어떤 것은 반으로 잘려 있으며, 물방울이 반짝이고 있다.","A bunch of fresh, vibrant green grapes, some whole and others sliced in half, are displayed on a white plate, glistening with water droplets.",,ok,translated,vlm + deepl_api,latin_text_present,False,,가득 보이다 표면 / 갓 따오다 듯 / 나다 즙 가득 / 듯 초록색 포도 / 따오다 듯 초록색,5,"가볍고 부드러운 배경의 흰 접시 위에, 일부는 통째로, 일부는 반으로 잘린 신선하고 생기 넘치는 초록색 포도 한 묶음이 놓여 있다.","A bunch of fresh, vibrant green grapes, some whole and others sliced in half, resting on a white plate with a light, soft background.",,ok,translated,vlm + deepl_api,latin_text_present,False,,True
fruits_nuts_rice,qwen3,1000858612,1,Qwen/Qwen3-VL-2B-Instruct,kurly_1000858612_1.jpg,fruits_nuts_rice/images/kurly_1000858612_1.jpg,상품-대표-이미지 1,matched,,0,"“KF365 KOREA FRESH”라고 적힌 라벨이 붙은, 파인애플 조각 몇 개가 들어 있는 플라스틱 용기가 회색 바탕 위에 놓여 있다. 그 앞에는 흰색 접시 위에 파인애플 조각 두 개가 담겨 있다.",,,reused,reused_translation,alt_preprocessed_5.csv:qwen_3_deepl_KOR,,,,파인애플 / 조각 / KF365_KOREA_FRESH / 앞 / 플라스틱,5,"‘""KF365 KOREA FRESH,""’라고 적힌 얇게 썬 파인애플이 담긴 플라스틱 용기가 흰 접시 위에 두 조각 놓여 있는 모습이 보인다.","A plastic container of sliced pineapple, labeled ""KF365 KOREA FRESH,"" is shown with two pieces on a white plate.",,ok,translated,vlm + deepl_api,latin_text_with_quoted_names,False,,파인애플 조각 / KF365_KOREA_FRESH 적히다 / 들다 플라스틱 / 몇개 들다 / 붙다 파인애플,5,"‘""KF365 KOREA FRESH""’라고 적힌 플라스틱 용기에 파인애플 조각 몇 개가 담겨 있고, 흰 접시 위에 놓인 파인애플 조각 두 개와 나란히 보여진다.","A plastic container with several pineapple chunks, labeled ""KF365 KOREA FRESH"", is shown alongside two pineapple chunks on a white plate.",,ok,translated,vlm + deepl_api,latin_text_with_quoted_names,False,,KF365_KOREA_FRESH 적히다 라벨 / 들다 플라스틱 용기 / 라벨 붙다 파인애플 / 몇개 들다 플라스틱 / 붙다 파인애플 조각,5,"‘""KF365 KOREA FRESH""’라고 적힌 라벨이 붙은 플라스틱 용기 안에는 파인애플 조각이 몇 개 들어 있으며, 그 앞의 흰 접시 위에는 파인애플 조각 두 개가 놓여 있다.","A plastic container with a label reading ""KF365 KOREA FRESH"" holds several pineapple slices, with two slices displayed on a white plate in front.",,ok,translated,vlm + deepl_api,latin_text_with_quoted_names,False,,True
fruits_nuts_rice,qwen3,1000858612,2,Qwen/Qwen3-VL-2B-Instruct,kurly_1000858612_2.jpg,fruits_nuts_rice/images/kurly_1000858612_2.jpg,241008_kurly0582_KF365 ????????????????1kg.jpg,matched,,0,흰 접시 위에 파인애플 조각 세 개가 놓여 있다.,,,reused,reused_translation,alt_preprocessed_5.csv:qwen_3_deepl_KOR,,,,파인애플 / 3개 / 조각 / 희다,4,흰 접시 위에 싱싱한 노란 파인애플 세 조각이 놓여 있다.,"Three pieces of fresh, yellow pineapple are arranged on a white plate.",,ok,translated,vlm + deepl_api,latin_text_present,False,,조각 3개 / 희다 파인애플 / 파인애플 조각,3,껍질을 벗긴 파인애플 세 조각이 흰 접시 위에 놓여 있다.,Three pieces of peeled pineapple are arranged on a white plate.,,ok,translated,vlm + deepl_api,latin_text_present,False,,파인애플 조각 3개 / 희다 파인애플 조각,2,하얀 접시 위에 노란 파인애플 조각 세 개가 놓여 있다.,Three chunks of yellow pineapple on a white plate.,,ok,translated,vlm + deepl_api,latin_text_present,False,,True
fruits_nuts_rice,qwen3,1000867509,1,Qwen/Qwen3-VL-2B-Instruct,kurly_1000867509_1.jpg,fruits_nuts_rice/images/kurly_1000867509_1.jpg,상품-대표-이미지 1,matched,,0,"“7일향미”라고 적힌 4kg짜리 쌀 한 포대가 연한 녹색 바탕 위에 놓여 있고, 그 옆에는 작은 그릇에 담긴 밥 한 그릇과 밀 이삭 한 개가 놓여 있다.",,,reused,reused_translation,alt_preprocessed_5.csv:qwen_3_deepl_KOR,,,,밀 / 이삭 / 포대 / 7일향미 / 밥,5,"밝은 녹색 배경 위에, 밥 한 그릇과 벼 이삭과 함께 진열된 4kg짜리 ""7일향미""(7일 향) 쌀 포장지.","A 4kg package of ""7일향미"" (7-day aroma) rice, displayed with a bowl of rice and stalks of rice, on a light green background.",,ok,translated,vlm + deepl_api,latin_text_with_quoted_names,False,,밀 이삭 / 밥 밀 / 이삭 1개 / 4kg 쌀 / 포대 연하다,5,"연두색 배경 위에 밥 한 그릇과 벼 이삭 한 개와 함께 진열된 ""7일향미""(7일 지속 향) 쌀 4kg 포장.","A 4kg package of ""7일향미"" (7-day fragrance) rice, displayed with a bowl of rice and a stalk of rice husk on a light green background.",,ok,translated,vlm + deepl_api,latin_text_with_quoted_names,False,,4kg 쌀 포대 / 담기다 밥 밀 / 밀 이삭 1개 / 밥 밀 이삭 / 적히다 4kg 쌀,5,"밝은 녹색 배경 위에 ""7일향미"" 쌀 4kg 봉지가 놓여 있으며, 그 옆에는 밥 한 그릇과 볏짚 한 줄기가 함께 보여진다.","A 4kg bag of ""7일향미"" rice, shown with a bowl of rice and a single stalk of rice husk, on a light green background.",,ok,translated,vlm + deepl_api,latin_text_with_quoted_names,False,,True
fruits_nuts_rice,qwen3,1000867509,2,Qwen/Qwen3-VL-2B-Instruct,kurly_1000867509_2.jpg,fruits_nuts_rice/images/kurly_1000867509_2.jpg,,matched,,0,"“7일향미”라고 적힌 4kg짜리 흰 쌀 봉지가 연한 녹색 바탕 위에 놓여 있으며, 그 옆에는 쌀알과 벼 이삭 몇 개가 담긴 작은 그릇이 있다. 왼쪽에는 흰 천이 놓여 있다.",,,reused,reused_translation,alt_preprocessed_5.csv:qwen_3_deepl_KOR,,,,왼쪽 / 희다 / 이삭 / 벼 / 7일향미,5,"밝은 녹색과 흰색의 질감이 느껴지는 표면 위에 4kg짜리 ""7일향미""(7일 향기) 쌀 한 봉지, 쌀알이 담긴 그릇, 그리고 말린 벼줄기가 놓인 미니멀한 정물화.","A minimalist still life featuring a 4kg bag of ""7일향미"" (7-day fragrance) rice, a bowl of rice grains, and dried rice stalks on a light green and white textured surface.",,ok,translated,vlm + deepl_api,latin_text_with_quoted_names,False,,4kg 희다 / 벼 이삭 / 봉지 연하다 / 쌀알 벼 / 옆 쌀알,5,"연두색 바탕 위에 밥 한 그릇, 마른 벼 이삭, 흰 천과 함께 진열된 4kg짜리 ""7일향미""(7일 향기) 쌀 포장지.","A 4kg package of ""7일향미"" (7-day fragrance) rice, displayed with a bowl of rice grains, dried rice stalks, and a white cloth on a light green surface.",,ok,translated,vlm + deepl_api,latin_text_with_quoted_names,False,,4kg 희다 쌀 / 녹색 옆 쌀알 / 담기다 작다 왼쪽 / 몇개 담기다 작다 / 벼 이삭 몇개,5,"4kg짜리 ""7일향미""(7일용 향기) 쌀 한 봉지, 쌀 한 그릇, 그리고 말린 벼 이삭이 부드러운 녹색과 흰색의 질감이 느껴지는 표면 위에 배치된 미니멀한 정물화.","A minimalist still life featuring a 4kg package of ""7일향미"" (7-day fragrance) rice, a bowl of rice grains, and dried rice stalks, all arranged on a soft green and white textured surface.",,ok,translated,vlm + deepl_api,latin_text_with_quoted_names,False,,True
fruits_nuts_rice,qwen3,1000867511,1,Qwen/Qwen3-VL-2B-Instruct,kurly_1000867511_1.jpg,fruits_nuts_rice/images/kurly_1000867511_1.jpg,상품-대표-이미지 1,matched,,0,"쌀알 그림이 작게 그려진 “7일향미”라고 적힌 8kg짜리 흰색 쌀 봉지가, 볏이 한 줄기와 밥 한 그릇이 옆에 놓인 연한 녹색 바탕 위에 놓여 있다.",,,reused,reused_translation,alt_preprocessed_5.csv:qwen_3_deepl_KOR,,,,비다 / 8kg / 그림 / 7일향미 / 밥,5,"쌀알 이미지가 들어간 미니멀한 디자인의 8kg짜리 ""7일향미"" 쌀이 담긴 흰색 봉지가 연한 녹색 바탕 위에 놓여 있으며, 그 옆에는 벼 이삭 한 줄기와 밥 한 그릇이 놓여 있다.","A white bag of 8kg ""7일향미"" rice, featuring a minimalist design with a rice grain image, is displayed on a light green surface with a stalk of rice and a bowl of rice beside it.",,ok,translated,vlm + deepl_api,latin_text_with_quoted_names,False,,8kg 흰색 / 그리다 7일향미 / 그림 작다 / 밥 옆 / 봉지 비다,5,"부드러운 녹색과 베이지색 배경 위에 벼 이삭과 밥 한 그릇과 함께 진열된 ""7-day fragrance"" 백미 8kg 흰색 봉지.","A white 8kg bag of ""7-day fragrance"" white rice, displayed with rice stalks and a bowl of rice on a soft green and beige background.",,ok,translated,vlm + deepl_api,latin_text_with_quoted_names,False,,8kg 흰색 쌀 / 그리다 7일향미 적히다 / 그림 작다 그리다 / 밥 옆 연하다 / 봉지 비다 줄기,5,"‘""7일향미""(7일 향기)’라고 적힌 흰색 8kg 백미 봉지가 연한 녹색 바탕 위에 놓여 있으며, 그 옆에는 작은 밥그릇, 말린 벼 이삭, 그리고 부드럽고 자연스러운 배경이 함께 어우러져 있다.","A white 8kg bag of white rice labeled ""7일향미"" (7-day fragrance) is displayed on a light green surface, accompanied by a small bowl of rice, dried rice stalks, and a soft, natural background.",,ok,translated,vlm + deepl_api,latin_text_with_quoted_names,False,,True
fruits_nuts_rice,qwen3,1000867511,2,Qwen/Qwen3-VL-2B-Instruct,kurly_1000867511_2.jpg,fruits_nuts_rice/images/kurly_1000867511_2.jpg,,matched,,0,"“7일향미”라고 적힌 8kg짜리 쌀 한 포대가 연한 녹색 바탕 위에 놓여 있으며, 그 옆에는 작은 그릇에 담긴 밥과 말린 벼줄기가 함께 놓여 있다. 포장은 흰색 바탕에 한국어 문구가 적힌 미니멀한 디자인이다.",,,reused,reused_translation,alt_preprocessed_5.csv:qwen_3_deepl_KOR,,,,적히다 / 미니멀 / 8kg / 말리다 / 함께,5,"밝은 녹색과 베이지색 배경 위에, 8kg짜리 ""7일향미""(7일 향기) 쌀 한 봉지와 작은 밥그릇, 그리고 말린 볏짚이 담긴 미니멀한 사진.","A minimalist photograph of a 8kg bag of ""7일향미"" (7-day fragrance) rice, with a small bowl of rice and dried rice stalks on a light green and beige background.",,ok,translated,vlm + deepl_api,latin_text_with_quoted_names,False,,8kg 쌀 / 말리다 벼 / 미니멀 디자인 / 밥 말리다 / 벼 줄기,5,"8kg짜리 ""7일향미"" 쌀이 담긴 심플한 흰색 봉지가, 은은한 녹색과 베이지색 배경 위에 밥 한 그릇, 종이 한 장, 마른 벼 이삭과 함께 진열되어 있다.","A minimalist white bag of 8kg ""7일향미"" rice, displayed with a bowl of rice, a piece of paper, and dried rice stalks on a soft green and beige background.",,ok,translated,vlm + deepl_api,latin_text_with_quoted_names,False,,8kg 쌀 포대 / 담기다 밥 말리다 / 말리다 벼 줄기 / 문구 적히다 미니멀 / 밥 말리다 벼,5,"‘""7일향미""(7일 향기)’라고 적힌 8kg 쌀 포대와 밥 한 그릇, 마른 벼 이삭이 연한 녹색과 베이지색 배경 위에 놓여 있는 미니멀한 사진.","A minimalist photograph of an 8kg rice bag labeled ""7일향미"" (7-day fragrance), with a bowl of rice and dried rice stalks on a light green and beige background.",,ok,translated,vlm + deepl_api,latin_text_with_quoted_names,False,,True
fruits_nuts_rice,qwen3,1000908371,1,Qwen/Qwen3-VL-2B-Instruct,kurly_1000908371_1.jpg,fruits_nuts_rice/images/kurly_1000908371_1.jpg,상품-대표-이미지 1,matched,,0,"밝은 색의 천 위에 빨간 사과 한 상자가 놓여 있고, 그 주위에는 통사과와 썰어 놓은 사과 몇 개가 흩어져 있어, 선명한 붉은 껍질과 아삭아삭한 하얀 과육을 뽐내고 있다.",,,reused,reused_translation,alt_preprocessed_5.csv:qwen_3_deepl_KOR,,,,사과 / 뽐내다 / 아삭아삭 / 통 / 선명,5,"밝은 색의 천 위에, 몇 개는 반으로 잘려 아삭하고 즙이 풍부한 속살이 드러난 빨간 사과 한 상자가 놓여 있다.","A box of red apples with a few cut in half, revealing their crisp, juicy interiors, arranged on a light-colored cloth.",,ok,translated,vlm + deepl_api,latin_text_present,False,,과육 뽐내다 / 껍질 아삭아삭 / 붉다 껍질 / 사과 상자 / 사과 썰다,5,"밝은 색의 천 위에, 몇 개는 반으로 잘려 아삭하고 즙이 풍부한 속살이 드러난 빨간 사과 한 상자가 놓여 있다.","A box of red apples with a few cut in half, revealing their crisp, juicy interiors, arranged on a light-colored cloth.",,ok,translated,vlm + deepl_cached_translation,latin_text_present,False,,껍질 아삭아삭 과육 / 몇개 흩어지다 선명 / 붉다 껍질 아삭아삭 / 사과 몇개 흩어지다 / 사과 상자 주위,5,"빨간 사과 한 상자가 있고, 천 위에는 사과 몇 개가 흩어져 있으며, 그중 일부는 반으로 잘려 아삭하고 즙이 풍부한 속이 드러나 있다.","A box of red apples with a few scattered on a cloth, some cut in half to reveal their crisp, juicy interior.",,ok,translated,vlm + deepl_api,latin_text_present,False,,True
fruits_nuts_rice,qwen3,1000908371,2,Qwen/Qwen3-VL-2B-Instruct,kurly_1000908371_2.jpg,fruits_nuts_rice/images/kurly_1000908371_2.jpg,,matched,,0,"붉은 사과 여러 개를 클로즈업한 사진으로, 일부는 통째로 있고 하나는 반으로 잘려 있으며, 그 중 두 조각이 베이지색 천 위에 놓여 있다. 배경에는 골판지 상자가 일부 보인다.",,,reused,reused_translation,alt_preprocessed_5.csv:qwen_3_deepl_KOR,,,,일부 / 골판지 / 베이지 / 여러개 / 클로즈업,5,"베이지색 천 위에 놓인 여러 개의 빨간 사과를 클로즈업한 사진으로, 일부는 통째로 있고 하나는 반으로 잘려 두 조각이 나 있는 상태이며, 그 옆에는 골판지 상자가 놓여 있다.","A close-up of several red apples, some whole and one cut in half with two slices, resting on a beige cloth next to a cardboard box.",,ok,translated,vlm + deepl_api,latin_text_present,False,,골판지 상자 / 배경 골판지 / 사과 여러개 / 상자 일부 / 여러개 클로즈업,5,"베이지색 천 위에 놓인 여러 개의 빨간 사과를 클로즈업한 사진으로, 일부는 통째로 있고 하나는 반으로 잘려 두 조각이 나 있으며, 배경에는 골판지 상자가 부분적으로 보인다.","A close-up of several red apples, some whole and one cut in half with two slices, resting on a beige cloth with a cardboard box partially visible in the background.",,ok,translated,vlm + deepl_api,latin_text_present,False,,골판지 상자 일부 / 반 잘리다 중 / 배경 골판지 상자 / 베이지 색 천 / 붉다 사과 여러개,5,"베이지색 천 위에 놓인 여러 개의 빨간 사과—일부는 통째로 있고, 하나는 반으로 잘려 두 조각이 된 상태—를 클로즈업한 정물 사진으로, 배경에는 골판지 상자가 부분적으로 보인다.","A close-up still life of several red apples, some whole and one cut in half with two slices, resting on a beige cloth with a cardboard box partially visible in the background.",,ok,translated,vlm + deepl_api,latin_text_present,False,,True
fruits_nuts_rice,qwen3,1000973922,1,Qwen/Qwen3-VL-2B-Instruct,kurly_1000973922_1.jpg,fruits_nuts_rice/images/kurly_1000973922_1.jpg,상품-대표-이미지 1,matched,,0,"밝은 회색 바탕 위에 흰색 상자와 KF365 Kurly Fresh 혼합 견과류 소포장이 놓여 있으며, 상자 앞쪽에는 견과류가 담긴 작은 흰색 접시가 놓여 있습니다.",,,reused,reused_translation,alt_preprocessed_5.csv:qwen_3_deepl_KOR,,,,견과 / 상자 / 소 / 365 / 흰색,5,"밝은 회색 바탕 위에 흰색 상자와 ""KF365 KURLY FRESH"" 혼합 견과류 한 봉지, 그리고 견과류가 담긴 작은 흰색 접시가 놓여 있다.","A white box and packet of ""KF365 KURLY FRESH"" mixed nuts, with a small white dish containing the nuts, on a light gray surface.",,ok,translated,vlm + deepl_api,latin_text_with_quoted_names,False,,365 혼합 / 견과 담기다 / 견과 소 / 상자 365 / 상자 앞쪽,5,"밝은 회색 바탕 위에 흰색 상자와 ""KF365 KURLY FRESH"" 혼합 견과류 작은 봉지가 놓여 있고, 그 앞에는 견과류가 담긴 작은 접시가 놓여 있다.","A white box and a small packet of ""KF365 KURLY FRESH"" mixed nuts, with a small dish of nuts in front, on a light gray surface.",,ok,translated,vlm + deepl_api,latin_text_with_quoted_names,False,,365 혼합 견과 / 견과 담기다 작다 / 견과 소 포장 / 담기다 작다 흰색 / 밝다 회색 흰색,5,"밝은 회색 바탕 위에 흰색 상자와 ""KF365 KURLY FRESH"" 혼합 견과류가 들어 있는 작은 흰색 봉지, 그리고 그 앞에는 견과류가 담긴 작은 흰색 접시가 놓여 있다.","A white box and a small white packet of ""KF365 KURLY FRESH"" mixed nuts, with a small white dish of nuts in front, on a light gray surface.",,ok,translated,vlm + deepl_api,latin_text_with_quoted_names,False,,True
fruits_nuts_rice,qwen3,1000973922,2,Qwen/Qwen3-VL-2B-Instruct,kurly_1000973922_2.jpg,fruits_nuts_rice/images/kurly_1000973922_2.jpg,pc_samjin_241209_01.jpg,matched,,0,"아몬드, 캐슈넛, 호두, 피칸 등 다양한 견과류가 섞여 담긴 흰색 그릇이, 한국어로 “KF365 KURLY FRESH”라고 적힌 흰색 포장지 옆의 회색 표면 위에 놓여 있다.",,,reused,reused_translation,alt_preprocessed_5.csv:qwen_3_deepl_KOR,,,,KF365_KURLY_FRESH / 아몬드 / 캐슈넛 / 피칸 / 호두,5,"하얀 접시 위에는 아몬드, 캐슈넛, 피칸, 호두가 섞여 놓여 있고, 그 옆에는 한국어로 ‘""KF365 KURLY FRESH""’라고 적힌 흰색 봉지가 놓여 있다.","A white plate holds a mix of almonds, cashews, pecans, and walnuts, next to a white packet labeled ""KF365 KURLY FRESH"" with Korean text.",,ok,translated,vlm + deepl_api,latin_text_with_quoted_names,False,,KF365_KURLY_FRESH 적히다 / 견과 섞이다 / 다양 견과 / 담기다 흰색 / 아몬드 캐슈넛,5,"흰색 접시 위에는 아몬드, 캐슈넛, 호두, 피칸이 섞여 놓여 있고, 그 옆에는 한국어로 ‘""KF365 KURLY FRESH""’라고 적힌 흰색 봉지가 놓여 있다.","A white plate holds a mix of almonds, cashews, walnuts, and pecans, next to a white packet labeled ""KF365 KURLY FRESH"" with Korean text.",,ok,translated,vlm + deepl_api,latin_text_with_quoted_names,False,,KF365_KURLY_FRESH 적히다 흰색 / 견과 섞이다 담기다 / 다양 견과 섞이다 / 담기다 흰색 한국어 / 섞이다 담기다 흰색,5,"흰색 접시 위에는 아몬드, 호두, 캐슈넛, 피칸 등 다양한 견과류가 섞여 놓여 있고, 그 옆에는 한국어로 ‘""KF365 KURLY FRESH""’라고 적힌 흰색 포장지가 놓여 있다.","A white plate holds a mix of various nuts, including almonds, walnuts, cashews, and pecans, next to a white package labeled ""KF365 KURLY FRESH"" with Korean text.",,ok,translated,vlm + deepl_api,latin_text_with_quoted_names,False,,True
fruits_nuts_rice,qwen3,1001234463,1,Qwen/Qwen3-VL-2B-Instruct,kurly_1001234463_1.jpg,fruits_nuts_rice/images/kurly_1001234463_1.jpg,상품-대표-이미지 1,matched,,0,"밝은 파란색 그릇에 선명한 빨간색의 타원형 방울토마토가 가득 담겨 있고, 밝은 회색 표면 위에는 몇 개가 흩어져 있다.",,,reused,reused_translation,alt_preprocessed_5.csv:qwen_3_deepl_KOR,,,,방울 / 밝다 / 타원 / 선명 / 토마토,5,"밝은 파란색 그릇에 선명한 빨간색의 타원형 방울토마토가 가득 담겨 있고, 밝은 색의 표면 위에는 몇 개가 흩어져 있다.","A light blue bowl filled with bright red, oval-shaped cherry tomatoes, with a few scattered on the light-colored surface.",,ok,translated,vlm + deepl_api,latin_text_present,False,,방울 토마토 / 빨간색 타원 / 선명 빨간색 / 타원 방울 / 파란색 선명,5,"밝은 파란색 그릇에 선명한 빨간색의 타원형 방울토마토가 가득 담겨 있고, 밝은 색의 표면 위에는 몇 개가 흩어져 있다.","A light blue bowl filled with bright red, oval-shaped cherry tomatoes, with a few scattered on the light-colored surface.",,ok,translated,vlm + deepl_cached_translation,latin_text_present,False,,담기다 밝다 회색 / 밝다 파란색 선명 / 밝다 회색 표면 / 방울 토마토 가득 / 빨간색 타원 방울,5,"밝은 빨간색의 타원형 방울토마토로 가득 찬 연한 파란색 그릇 위에, 연한 회색 표면 위로 몇 개가 흩어져 있다.","A light blue bowl filled with bright red, oval-shaped cherry tomatoes, with a few scattered on the light gray surface.",,ok,translated,vlm + deepl_api,latin_text_present,False,,True
fruits_nuts_rice,qwen3,1001234463,2,Qwen/Qwen3-VL-2B-Instruct,kurly_1001234463_2.jpg,fruits_nuts_rice/images/kurly_1001234463_2.jpg,,matched,,0,"밝은 파란색 그릇에 싱싱한 붉은 체리 토마토가 가득 담겨 있고, 밝은 색의 표면 위에는 몇 개가 흩어져 있다.",,,reused,reused_translation,alt_preprocessed_5.csv:qwen_3_deepl_KOR,,,,밝다 / 체리 / 토마토 / 붉다 / 파란색,5,"밝은 파란색 그릇에 선명한 빨간색 방울토마토가 가득 담겨 있고, 밝은 색의 표면 위에는 몇 개가 흩어져 있다.","A light blue bowl filled with vibrant red cherry tomatoes, with a few scattered on the light-colored surface.",,ok,translated,vlm + deepl_api,latin_text_present,False,,파란색 붉다 / 담기다 밝다 / 토마토 가득 / 표면 몇개 / 밝다 파란색,5,"밝은 빨간색 방울토마토로 가득 찬 연한 파란색 그릇 위에, 몇 개가 옅은 색의 표면에 흩어져 있다.","A light blue bowl filled with bright red cherry tomatoes, with a few scattered on the light-colored surface.",,ok,translated,vlm + deepl_api,latin_text_present,False,,담기다 밝다 색 / 밝다 파란색 붉다 / 색 표면 몇개 / 체리 토마토 가득 / 파란색 붉다 체리,5,"밝은 빨간색 방울토마토로 가득 찬 연한 파란색 그릇 위에, 몇 개가 옅은 색의 표면에 흩어져 있다.","A light blue bowl filled with bright red cherry tomatoes, with a few scattered on the light-colored surface.",,ok,translated,vlm + deepl_cached_translation,latin_text_present,False,,True
fruits_nuts_rice,qwen3,1001303421,1,Qwen/Qwen3-VL-2B-Instruct,kurly_1001303421_1.jpg,fruits_nuts_rice/images/kurly_1001303421_1.jpg,상품-대표-이미지 1,matched,,0,"노란빛이 감도는 붉은 사과 네 개가 밝은 색의 천 위에 놓여 있는데, 그중 두 개는 반으로 잘려 연한 노란색 과육과 씨앗이 드러나 있다.",,,reused,reused_translation,alt_preprocessed_5.csv:qwen_3_deepl_KOR,,,,4개 / 감돌다 / 빛 / 붉다 / 씨앗,5,"중성적인 배경을 배경으로, 밝은 색의 천 위에 붉은 사과 네 개가 놓여 있는데, 그중 두 개는 반으로 잘려 연한 노란색 과육과 씨앗이 드러나 있다.","Four red apples, two of which are sliced in half to reveal their pale yellow flesh and seeds, are arranged on a light-colored cloth against a neutral background.",,ok,translated,vlm + deepl_api,latin_text_present,False,,감돌다 붉다 / 사과 4개 / 중 2개 / 천 중 / 4개 밝다,5,"중성적인 배경을 배경으로, 밝은 색의 천 위에 빨간 사과 네 개가 놓여 있으며, 그중 두 개는 반으로 잘려 있다.","Four red apples, two of which are sliced in half, are arranged on a light-colored cloth against a neutral background.",,ok,translated,vlm + deepl_api,latin_text_present,False,,감돌다 붉다 사과 / 붉다 사과 4개 / 빛 감돌다 붉다 / 사과 4개 밝다 / 색 천 중,5,"중성적인 배경을 배경으로, 밝은 색의 천 위에 빨간 사과 네 개가 놓여 있는데, 그중 몇 개는 통째로 있고 하나는 반으로 잘려 있다.","Four red apples, some whole and one cut in half, are arranged on a light-colored cloth against a neutral background.",,ok,translated,vlm + deepl_api,latin_text_present,False,,True
fruits_nuts_rice,qwen3,1001303421,2,Qwen/Qwen3-VL-2B-Instruct,kurly_1001303421_2.jpg,fruits_nuts_rice/images/kurly_1001303421_2.jpg,,matched,,0,"노란빛 반점이 흩뿌려진 빨간 사과들이 한 무더기로 놓여 있는데, 그중 일부는 통째로 있고 두 개는 반으로 잘려 연한 노란색 과육과 씨앗이 드러나 있으며, 이 사과들은 밝은 색의 질감이 느껴지는 천 위에 놓여 있다.",,,reused,reused_translation,alt_preprocessed_5.csv:qwen_3_deepl_KOR,,,,사과 / 반점 / 느끼다 / 흩뿌리다 / 빛,5,"노란빛 반점이 있는 빨간 사과들이 한 무더기로 놓여 있는데, 일부는 통째로 있고 두 개는 반으로 잘려 연한 노란색 과육이 드러나 있으며, 중성적인 배경을 배경으로 밝은 색의 천 위에 놓여 있다.","A group of red apples with yellowish speckles, some whole and two cut in half to reveal their pale yellow flesh, resting on a light-colored cloth against a neutral background.",,ok,translated,vlm + deepl_api,latin_text_present,False,,느끼다 천 / 반점 흩뿌리다 / 빛 반점 / 사과 무더기 / 사과 밝다,5,"밝은 색의 질감이 느껴지는 천 위에, 싱싱한 빨간색과 노란색 사과들이 한 무더기 놓여 있다. 그중 일부는 통째로 있고, 두 개는 반으로 잘려 육즙이 가득한 연한 색의 과육이 드러나 있다.","A cluster of fresh, red-and-yellow apples, some whole and two cut in half to reveal their juicy, pale flesh, arranged on a light-colored, textured cloth.",,ok,translated,vlm + deepl_api,latin_text_present,False,,드러나다 사과 밝다 / 무더기 중 일부 / 반점 흩뿌리다 사과 / 밝다 색 질감 / 빛 반점 흩뿌리다,5,"노란빛이 감도는 붉은 사과 다섯 개가 담긴 정물 사진으로, 일부는 통째로 있고 두 개는 반으로 잘려 연노란색 과육과 씨앗이 드러나 있으며, 중성적인 배경을 배경으로 밝은 색상의 질감이 느껴지는 천 위에 놓여 있다.","A still life photograph of five red apples with yellowish blushes, some whole and two cut in half to reveal their pale yellow flesh and seeds, resting on a light-colored, textured cloth against a neutral background.",,ok,translated,vlm + deepl_api,latin_text_present,False,,True
fruits_nuts_rice,qwen3,1001502284,1,Qwen/Qwen3-VL-2B-Instruct,kurly_1001502284_1.jpg,fruits_nuts_rice/images/kurly_1001502284_1.jpg,상품-대표-이미지 1,matched,,0,"중성적인 회색 배경을 배경으로, 주름진 흰 천 위에 녹색 줄기가 달린 싱싱하고 짙은 빨간색 체리가 한 무더기 놓여 있다.",,,reused,reused_translation,alt_preprocessed_5.csv:qwen_3_deepl_KOR,,,,배경 / 중성 / 주름 / 지다 / 달리다,5,"중성적인 회색 배경을 배경으로, 구겨진 미색 천 위에 줄기가 달린 싱싱한 붉은 체리가 한 무더기 놓여 있다.","A pile of fresh, red cherries with stems, resting on a crumpled, off-white cloth against a neutral gray background.",,ok,translated,vlm + deepl_api,latin_text_present,False,,달리다 짙다 / 배경 배경 / 배경 주름 / 빨간색 체리 / 중성 회색,5,"중성적인 회색 배경을 배경으로, 구겨진 흰 천 위에 줄기가 달린 싱싱하고 붉은 체리가 한 무더기 놓여 있다.","A pile of fresh, red cherries with stems, resting on a crumpled white cloth against a neutral gray background.",,ok,translated,vlm + deepl_api,latin_text_present,False,,녹색 줄기 달리다 / 달리다 짙다 빨간색 / 배경 배경 주름 / 배경 주름 지다 / 빨간색 체리 무더기,5,"중성적인 회색 배경 위에, 주름진 흰 천 위에 녹색 줄기가 달린 싱싱하고 붉은 체리 한 무더기가 놓여 있다.","A pile of fresh, red cherries with green stems rests on a crumpled white cloth against a neutral gray background.",,ok,translated,vlm + deepl_api,latin_text_present,False,,True
fruits_nuts_rice,qwen3,1001502284,2,Qwen/Qwen3-VL-2B-Instruct,kurly_1001502284_2.jpg,fruits_nuts_rice/images/kurly_1001502284_2.jpg,,matched,,0,"회색 바탕 위에 흰 천을 깔고, 그 위에 녹색 줄기와 물방울이 맺힌 싱싱한 붉은 체리가 한 무더기 놓여 있다.",,,reused,reused_translation,alt_preprocessed_5.csv:qwen_3_deepl_KOR,,,,깔다 / 맺히다 / 물방울 / 무더기 / 체리,5,"주름 잡힌 흰 천 위에, 줄기가 달린 싱싱하고 윤기 나는 체리들이 한 무더기 놓여 있다.","A pile of fresh, glistening cherries with stems, resting on a crumpled white cloth.",,ok,translated,vlm + deepl_api,latin_text_present,False,,깔다 녹색 / 맺히다 붉다 / 물방울 맺히다 / 줄기 물방울 / 천 깔다,5,윤기 나는 껍질에 물방울이 맺힌 싱싱한 붉은 체리 한 무더기가 흰 천 위에 놓여 있다.,"A pile of fresh, red cherries with water droplets on their glossy skin, resting on a white cloth.",,ok,translated,vlm + deepl_api,latin_text_present,False,,깔다 녹색 줄기 / 녹색 줄기 물방울 / 맺히다 붉다 체리 / 물방울 맺히다 붉다 / 붉다 체리 무더기,5,"흰 천 위에, 푸른 줄기가 달린 싱싱한 붉은 체리들이 물방울을 머금은 채 한 무더기로 놓여 있다.","A pile of fresh, red cherries with green stems and water droplets resting on a white cloth.",,ok,translated,vlm + deepl_api,latin_text_present,False,,True
fruits_nuts_rice,qwen3,1001729429,1,Qwen/Qwen3-VL-2B-Instruct,kurly_1001729429_1.jpg,fruits_nuts_rice/images/kurly_1001729429_1.jpg,상품-대표-이미지 1,matched,,0,"“고시혜카리”(Gosihye Karil)라고 적힌 10kg짜리 백미 봉지로, 금색 “특” 마크가 붙어 있으며, 한국어 문구와 그 옆에 작은 밥그릇이 그려져 있다.",,,reused,reused_translation,alt_preprocessed_5.csv:qwen_3_deepl_KOR,,,,고시혜카리 / 백미 / 특 / 금색 / 마크,5,"금색 ""특""(스페셜) 마크가 찍힌 특별 프리미엄 백미인 ""Gosihye Karri"" 쌀 10kg 흰색 봉지와 그 옆에 놓인 작은 그릇에 담긴 쌀알들이 함께 보여진다.","A white bag of 10kg ""Gosihye Karri"" rice, a special premium white rice, with a gold ""특"" (special) mark, is shown with a small bowl of rice grains beside it.",,ok,translated,vlm + deepl_api,latin_text_with_quoted_names,False,,10kg 백미 / 고시혜카리 적히다 / 금색 특 / 문구 옆 / 백미 봉지,5,"‘""고시혜카리""(고시헤 카리)’라고 표시된 10kg짜리 백미 봉지에 금색 ‘""특""(스페셜)’ 엠블럼이 붙어 있으며, 그 옆에는 작은 그릇에 담긴 밥이 놓여 있다.","A 10kg bag of white rice labeled ""고시혜카리"" (Gosihye Karri) with a gold ""특"" (special) emblem, displayed with a small bowl of rice beside it.",,ok,translated,vlm + deepl_api,latin_text_with_quoted_names,False,,10kg 백미 봉지 / 고시혜카리 적히다 10kg / 금색 특 마크 / 마크 붙다 한국어 / 문구 옆 작다,5,"‘""고시혜카리""’라고 표시된 10kg짜리 백미 봉지에 금색 ‘""특""(스페셜)’ 마크가 붙어 있으며, 그 옆에는 작은 그릇에 담긴 밥이 놓여 있다.","A 10kg bag of white rice labeled ""고시혜카리"" with a gold ""특"" (special) mark, shown with a small bowl of rice beside it.",,ok,translated,vlm + deepl_api,latin_text_with_quoted_names,False,,True
fruits_nuts_rice,qwen3,1001729429,2,Qwen/Qwen3-VL-2B-Instruct,kurly_1001729429_2.jpg,fruits_nuts_rice/images/kurly_1001729429_2.jpg,,matched,,0,"흰 쌀밥이 가득 담긴 흰 그릇과, 그 옆의 흰 천 위에 흩어져 있는 몇 알의 쌀알.",,,reused,reused_translation,alt_preprocessed_5.csv:qwen_3_deepl_KOR,,,,희다 / 쌀밥 / 알 / 몇 / 쌀알,5,"흰 쌀알로 가득 찬 하얀 그릇과, 흰 천 위에 그릇 주변으로 흩어져 있는 몇 알의 쌀알.","A white bowl filled with white rice grains, with a few scattered around the bowl on a white cloth.",,ok,translated,vlm + deepl_api,latin_text_present,False,,옆 희다 / 천 흩어지다 / 희다 옆 / 쌀밥 가득 / 알 쌀알,5,"흰 쌀알로 가득 찬 하얀 그릇과, 흰 천 위에 그릇 주변으로 흩어져 있는 몇 알의 쌀알.","A white bowl filled with white rice grains, with a few scattered around the bowl on a white cloth.",,ok,translated,vlm + deepl_cached_translation,latin_text_present,False,,담기다 희다 옆 / 옆 희다 천 / 천 흩어지다 몇 / 희다 옆 희다 / 희다 천 흩어지다,5,"흰 쌀밥이 가득 담긴 흰 그릇과, 그 옆의 흰 천 위에 흩어져 있는 쌀알 몇 알.","A white bowl filled with white rice, with a few grains scattered on a white cloth beside it.",,ok,translated,vlm + deepl_api,latin_text_present,False,,True
fruits_nuts_rice,qwen3,1001882653,1,Qwen/Qwen3-VL-2B-Instruct,kurly_1001882653_1.jpg,fruits_nuts_rice/images/kurly_1001882653_1.jpg,상품-대표-이미지 1,matched,,0,"하얀 타원형 그릇에는 빨간색과 노란색 사과 몇 개가 담겨 있고, 그중 하나는 반으로 잘려 있으며, 두 조각은 그릇 옆의 회색 표면 위에 놓여 있다.",,,reused,reused_translation,alt_preprocessed_5.csv:qwen_3_deepl_KOR,,,,타원 / 빨간색 / 노란색 / 사과 / 몇개,5,"하얀 타원형 접시 위에는 빨간색과 노란색 사과 몇 개가 놓여 있는데, 그중 하나는 반으로 잘려 있고, 그 옆의 회색 바탕 위에 사과 조각 두 개가 놓여 있다.","A white oval dish holds several red and yellow apples, with one cut in half and two slices placed beside it on a gray surface.",,ok,translated,vlm + deepl_api,latin_text_present,False,,담기다 중 / 잘리다 조각 / 조각 옆 / 노란색 사과 / 몇개 담기다,5,"하얀 그릇에는 빨간 사과와 노란 사과가 몇 개 담겨 있고, 그중 하나는 반으로 잘려 있으며, 회색 바탕 위에 그 옆에 사과 조각 두 개가 놓여 있다.","A white bowl holds several red and yellow apples, with one cut in half and two slices placed beside it on a gray surface.",,ok,translated,vlm + deepl_api,latin_text_present,False,,담기다 중 반 / 몇개 담기다 중 / 반 잘리다 조각 / 사과 몇개 담기다 / 잘리다 조각 옆,5,"하얀 그릇에는 빨간 사과와 노란 사과가 몇 개 담겨 있고, 그중 하나는 반으로 잘려 있으며, 회색 바탕 위에 그 옆에 사과 조각 두 개가 놓여 있다.","A white bowl holds several red and yellow apples, with one cut in half and two slices placed beside it on a gray surface.",,ok,translated,vlm + deepl_cached_translation,latin_text_present,False,,True
fruits_nuts_rice,qwen3,1001882653,2,Qwen/Qwen3-VL-2B-Instruct,kurly_1001882653_2.jpg,fruits_nuts_rice/images/kurly_1001882653_2.jpg,,matched,,0,"하얀 타원형 접시 위에는 빨간색과 노란색 사과 몇 개가 놓여 있는데, 그중 하나는 반으로 잘려 과즙이 흐르는 속이 드러나 있다. 접시 옆의 회색 표면 위에는 사과 조각 두 개가 놓여 있다.",,,reused,reused_translation,alt_preprocessed_5.csv:qwen_3_deepl_KOR,,,,사과 / 흐르다 / 속 / 타원 / 빨간색,5,"하얀 타원형 접시 위에는 빨간색과 노란색 줄무늬가 있는 사과 몇 개가 놓여 있는데, 그중 하나는 반으로 잘려 있고, 그 옆의 회색 바탕 위에 사과 조각 두 개가 놓여 있다.","A white oval dish holds several red and yellow striped apples, with one cut in half and two slices placed beside it on a gray surface.",,ok,translated,vlm + deepl_api,latin_text_present,False,,사과 조각 / 흐르다 속 / 노란색 사과 / 조각 2개 / 타원 빨간색,5,"하얀 타원형 접시 위에는 빨간색과 노란색 사과 몇 개가 놓여 있는데, 그중 하나는 반으로 잘려 있고, 그 옆의 회색 바탕 위에 사과 조각 두 개가 놓여 있다.","A white oval dish holds several red and yellow apples, with one cut in half and two slices placed beside it on a gray surface.",,ok,translated,vlm + deepl_cached_translation,latin_text_present,False,,과즙 흐르다 속 / 드러나다 옆 회색 / 사과 몇개 중 / 사과 조각 2개 / 표면 사과 조각,5,"하얀 타원형 접시 위에는 빨간색과 노란색 줄무늬가 있는 사과 몇 개가 놓여 있는데, 그중 하나는 반으로 잘려 있고, 그 옆의 회색 바탕 위에 사과 조각 두 개가 놓여 있다.","A white oval dish holds several red and yellow striped apples, with one cut in half and two slices placed beside it on a gray surface.",,ok,translated,vlm + deepl_cached_translation,latin_text_present,False,,True
fruits_nuts_rice,qwen3,1002140343,1,Qwen/Qwen3-VL-2B-Instruct,kurly_1002140343_1.jpg,fruits_nuts_rice/images/kurly_1002140343_1.jpg,상품-대표-이미지 1,matched,,0,"파란색 테두리가 있는 흰색 타원형 접시 위에 아보카도 세 개가 놓여 있고, 접시 옆의 연회색 표면 위에는 반으로 잘린 아보카도 두 조각이 놓여 있다.",,,reused,reused_translation,alt_preprocessed_5.csv:qwen_3_deepl_KOR,,,,아보카도 / 테두리 / 타원 / 3개 / 파란색,5,"파란 테두리가 있는 흰색 타원형 접시 위에 짙은 색의 아보카도 세 개가 놓여 있고, 그 옆에는 아보카도 반쪽 두 개가 곁들여져 있으며, 이 모든 것이 밝은 회색 바탕 위에 차려져 있다.","Three dark-skinned avocados are arranged on a white oval plate with a blue rim, accompanied by two halves of an avocado, all set on a light gray surface.",,ok,translated,vlm + deepl_api,latin_text_present,False,,3개 옆 / 아보카도 3개 / 아보카도 조각 / 잘리다 아보카도 / 타원 아보카도,5,"파란색 테두리가 있는 흰색 타원형 접시 위에 아보카도 세 개가 정갈하게 놓여 있으며, 그 옆에는 반으로 잘려 녹색 과육과 갈색 씨앗이 드러난 아보카도 두 조각이 함께 놓여 있고, 이 모든 것이 연회색 바탕 위에 차려져 있다.","Three whole avocados are arranged on a white oval plate with a blue rim, accompanied by two halves of an avocado cut in half, revealing their green flesh and brown pits, all set on a light gray surface.",,ok,translated,vlm + deepl_api,latin_text_present,False,,3개 옆 회색 / 반 잘리다 아보카도 / 아보카도 3개 옆 / 잘리다 아보카도 조각 / 타원 아보카도 3개,5,"파란색 테두리가 있는 흰색 타원형 접시 위에 아보카도 세 개가 놓여 있고, 그 옆에는 아보카도 반쪽 두 개가 놓여 있으며, 이 모든 것이 연회색 바탕 위에 차려져 있다.","Three whole avocados are arranged on a white oval plate with a blue rim, next to two halves of an avocado, all set on a light gray surface.",,ok,translated,vlm + deepl_api,latin_text_present,False,,True
fruits_nuts_rice,qwen3,1002140343,2,Qwen/Qwen3-VL-2B-Instruct,kurly_1002140343_2.jpg,fruits_nuts_rice/images/kurly_1002140343_2.jpg,241008_kurly0658_??????????????????3???.jpg,matched,,0,"파란 테두리가 있는 흰 접시 위에는 통 아보카도 하나, 씨를 드러낸 반으로 자른 아보카도 하나, 그리고 으깬 아보카도 한 숟가락이 담겨 있다.",,,reused,reused_translation,alt_preprocessed_5.csv:qwen_3_deepl_KOR,,,,아보카도 / 으깨다 / 그리고 / 드러내다 / 테두리,5,"파란 테두리가 있는 흰 접시 위에는 통 아보카도 하나, 씨를 드러낸 반으로 자른 아보카도 하나, 그리고 으깬 아보카도 한 숟가락이 담겨 있으며, 이 모든 것이 중성적인 배경 위에 놓여 있다.","A white plate with a blue rim holds a whole avocado, a halved avocado with its pit exposed, and a spoonful of mashed avocado, all set against a neutral background.",,ok,translated,vlm + deepl_api,latin_text_present,False,,그리고 으깨다 / 드러내다 반 / 숟가락 담기다 / 아보카도 그리고 / 아보카도 숟가락,5,"파란 테두리가 있는 흰 접시 위에는 통 아보카도 하나, 씨를 드러낸 반으로 자른 아보카도 하나, 그리고 으깬 아보카도 한 숟가락이 담겨 있으며, 이 모든 것이 중성적인 배경 위에 놓여 있다.","A white plate with a blue rim holds a whole avocado, a halved avocado with its pit exposed, and a spoonful of mashed avocado, all set against a neutral background.",,ok,translated,vlm + deepl_cached_translation,latin_text_present,False,,그리고 으깨다 아보카도 / 드러내다 반 자르다 / 반 자르다 아보카도 / 씨 드러내다 반 / 아보카도 그리고 으깨다,5,"파란 테두리가 있는 흰 접시 위에는 통째로 된 아보카도, 반으로 자른 아보카도, 속을 파낸 아보카도가 놓여 있으며, 과육과 씨앗이 선명하게 보인다.","A white plate with a blue rim holds a whole, halved, and scooped avocado, with its flesh and pit clearly visible.",,ok,translated,vlm + deepl_api,latin_text_present,False,,True
fruits_nuts_rice,qwen3,5003716,1,Qwen/Qwen3-VL-2B-Instruct,kurly_5003716_1.jpg,fruits_nuts_rice/images/kurly_5003716_1.jpg,상품-대표-이미지 1,matched,,0,잘 익은 노란 바나나 한 다발이 밝은 색의 표면 위에 놓인 접힌 흰 천 위에 놓여 있다.,,,reused,reused_translation,alt_preprocessed_5.csv:qwen_3_deepl_KOR,,,,다발 / 접히다 / 바나나 / 익다 / 잘,5,잘 익은 노란 바나나 한 다발이 밝은 색의 표면 위에 펼쳐진 흰 천 위에 놓여 있다.,"A bunch of ripe, yellow bananas rests on a folded white cloth on a light-colored surface.",,ok,translated,vlm + deepl_api,latin_text_present,False,,다발 밝다 / 바나나 다발 / 접히다 희다 / 표면 접히다 / 색 표면,5,잘 익은 노란 바나나 한 다발이 밝은 색의 표면 위에 펼쳐진 흰 천 위에 놓여 있다.,A bunch of ripe yellow bananas rests on a folded white cloth on a light-colored surface.,,ok,translated,vlm + deepl_api,latin_text_present,False,,다발 밝다 색 / 바나나 다발 밝다 / 색 표면 접히다 / 익다 바나나 다발 / 접히다 희다 천,5,"끝부분이 살짝 초록빛을 띤 잘 익은 노란 바나나 한 다발이, 밝은 색의 표면 위에 펼쳐진 흰 천 위에 놓여 있다.","A bunch of ripe, yellow bananas with a slightly green tip rests on a folded white cloth on a light-colored surface.",,ok,translated,vlm + deepl_api,latin_text_present,False,,True
fruits_nuts_rice,qwen3,5003716,2,Qwen/Qwen3-VL-2B-Instruct,kurly_5003716_2.jpg,fruits_nuts_rice/images/kurly_5003716_2.jpg,,matched,,0,"흰색 천 위에 잘 익은 노란 바나나들이 놓여 있고, 그중 하나는 껍질을 벗겨서 그 옆의 밝은 색 바탕 위에 놓여 있다.",,,reused,reused_translation,alt_preprocessed_5.csv:qwen_3_deepl_KOR,,,,벗기다 / 바나나 / 익다 / 잘 / 껍질,5,"잘 익은 노란 바나나 한 다발이, 그중 하나는 껍질이 벗겨져 크림색의 흰 과육이 드러난 채, 밝은 색의 표면 위에 깔린 흰 천 위에 놓여 있다.","A bunch of ripe yellow bananas, with one peeled and showing its creamy white flesh, rests on a white cloth on a light-colored surface.",,ok,translated,vlm + deepl_api,latin_text_present,False,,벗기다 옆 / 천 잘 / 바나나 중 / 옆 밝다 / 중 껍질,5,"밝은 색의 바탕 위에 잘 익은 노란 바나나 한 다발이 놓여 있고, 그중 하나는 껍질을 벗겨 흰 천 위에 올려져 있다.","A bunch of ripe yellow bananas, with one peeled and resting on a white cloth, on a light-colored surface.",,ok,translated,vlm + deepl_api,latin_text_present,False,,껍질 벗기다 옆 / 벗기다 옆 밝다 / 옆 밝다 색 / 천 잘 익다 / 흰색 천 잘,5,"밝은 색의 바탕 위에 잘 익은 노란 바나나 한 다발이 놓여 있고, 그중 하나는 껍질을 벗겨 흰 천 위에 올려져 있다.","A bunch of ripe yellow bananas, with one peeled and resting on a white cloth, on a light-colored surface.",,ok,translated,vlm + deepl_cached_translation,latin_text_present,False,,True
fruits_nuts_rice,qwen3,5025577,1,Qwen/Qwen3-VL-2B-Instruct,kurly_5025577_1.jpg,fruits_nuts_rice/images/kurly_5025577_1.jpg,상품-대표-이미지 1,matched,,0,"나무 도마 위에는 통째로 된 키위와 썰어 놓은 키위가 몇 개 놓여 있으며, 그중 하나는 반으로 잘려 노란 과육과 검은 씨가 드러나 있다. 도마 앞쪽 식탁 위에는 썰어 놓은 키위 두 조각이 놓여 있다.",,,reused,reused_translation,alt_preprocessed_5.csv:qwen_3_deepl_KOR,,,,키위 / 도마 / 썰다 / 식탁 / 앞쪽,5,"나무 도마 위에는 통째로 된 키위와 썰어 놓은 키위가 여러 개 놓여 있으며, 그중 두 조각은 반으로 잘라 도마 앞쪽 표면에 놓여 있다.","A wooden cutting board holds several whole and sliced kiwis, with two pieces cut in half and placed on the surface in front of the board.",,ok,translated,vlm + deepl_api,latin_text_present,False,,썰다 키위 / 도마 앞쪽 / 식탁 썰다 / 앞쪽 식탁 / 잘리다 과육,5,"밝은 회색 배경 위에 나무 도마가 놓여 있고, 그 위에는 통째로 된 키위와 썰어 놓은 키위가 여러 개 놓여 있으며, 그중 두 조각은 반으로 잘려 노란 과육과 검은 씨가 드러나 있다.","A wooden cutting board holds several whole and sliced kiwis, with two pieces cut in half to reveal their yellow flesh and dark seeds, set against a light gray background.",,ok,translated,vlm + deepl_api,latin_text_present,False,,도마 앞쪽 식탁 / 드러나다 도마 앞쪽 / 반 잘리다 과육 / 식탁 썰다 키위 / 썰다 키위 몇개,5,"밝은 회색 배경 위에 나무 도마가 놓여 있고, 그 위에는 통째로 된 키위와 썰어 놓은 키위가 여러 개 놓여 있으며, 그중 두 조각은 반으로 잘려 노란 과육과 검은 씨가 드러나 있다.","A wooden cutting board holds several whole and sliced kiwis, with two pieces cut in half to reveal their yellow flesh and dark seeds, set against a light gray background.",,ok,translated,vlm + deepl_cached_translation,latin_text_present,False,,True
fruits_nuts_rice,qwen3,5025577,2,Qwen/Qwen3-VL-2B-Instruct,kurly_5025577_2.jpg,fruits_nuts_rice/images/kurly_5025577_2.jpg,,matched,,0,"나무 도마 위에는 통째로 된 키위와 썰어 놓은 키위가 여러 개 놓여 있으며, 전경에는 반으로 잘린 키위 한 개가 노란 과육과 검은 씨를 드러내고 있다. 키위들은 갈색의 보송보송한 껍질을 가지고 있으며, “Zespri” 스티커가 붙어 있다.",,,reused,reused_translation,alt_preprocessed_5.csv:qwen_3_deepl_KOR,,,,키위 / Zespri / 드러내다 / 보송보송 / 가지다,5,"나무 도마 위에는 통째로 된 키위와 썰어 놓은 키위가 여러 개 놓여 있는데, 선명한 노란색 과육과 검은 씨앗이 눈에 띄며, 과일에는 제스프리(Zespri) 스티커가 붙어 있다.","A wooden cutting board holds several whole and sliced kiwis, showcasing their vibrant yellow flesh and dark seeds, with a Zespri sticker visible on the fruit.",,ok,translated,vlm + deepl_api,latin_text_present,False,,1개 과육 / Zespri 스티커 / 가지다 Zespri / 드러내다 키위 / 여러개 반,5,"나무 도마 위에는 통째로 된 키위와 썰어 놓은 키위가 몇 개 놓여 있으며, 과일에는 제스프리(Zespri) 스티커가 붙어 있고, 그 앞쪽에는 썰어 놓은 키위 두 조각이 놓여 있다.","A wooden cutting board holds several whole and sliced kiwis, with a Zespri sticker visible on the fruit, and two slices placed in front.",,ok,translated,vlm + deepl_api,latin_text_present,False,,1개 과육 검다 / Zespri 스티커 붙다 / 가지다 Zespri 스티커 / 검다 씨 드러내다 / 껍질 가지다 Zespri,5,"나무 도마 위에는 통째로 놓인 키위와 썰어 놓은 키위가 몇 개 놓여 있는데, 썰린 부분에서는 노란 과육과 검은 씨가 드러나 있으며, 과일 껍질에는 제스프리(Zespri) 스티커가 붙어 있다.","A wooden cutting board holds several whole and sliced kiwis, with the cut pieces revealing their yellow flesh and dark seeds, and a Zespri sticker visible on the fruit's skin.",,ok,translated,vlm + deepl_api,latin_text_present,False,,True
fruits_nuts_rice,qwen3,5027321,1,Qwen/Qwen3-VL-2B-Instruct,kurly_5027321_1.jpg,fruits_nuts_rice/images/kurly_5027321_1.jpg,상품-대표-이미지 1,matched,,0,"빨간색과 노란색 복숭아로 가득 찬 나무 그릇이, 싱그러운 녹색 잎사귀들이 주위에 흩뿌려진 흰색 천 위에 놓여 있다.",,,reused,reused_translation,alt_preprocessed_5.csv:qwen_3_deepl_KOR,,,,흩뿌리다 / 복숭아 / 잎사귀 / 빨간색 / 주위,5,"흰색 천 위에 흩뿌려진 초록색 잎사귀들 위에 놓인, 빨간색과 노란색 복숭아로 가득 찬 나무 그릇이 하얀 나무 받침대 위에 놓여 있다.","A wooden bowl filled with red and yellow peaches, resting on a white cloth with scattered green leaves, is arranged on a white wooden surface.",,ok,translated,vlm + deepl_api,latin_text_present,False,,나무 녹색 / 노란색 복숭아 / 녹색 잎사귀 / 복숭아 가득 / 잎사귀 주위,5,"빨간색과 노란색 복숭아로 가득 찬 나무 그릇이, 주위에 초록색 나뭇잎이 흩뿌려진 흰색 천 위에 놓여 있어, 신선하고 자연스러운 정물화를 연출하고 있다.","A wooden bowl filled with red and yellow peaches, resting on a white cloth with green leaves scattered around, creating a fresh and natural still life.",,ok,translated,vlm + deepl_api,latin_text_present,False,,가득 차다 나무 / 나무 녹색 잎사귀 / 노란색 복숭아 가득 / 녹색 잎사귀 주위 / 복숭아 가득 차다,5,"흰색 나무 배경을 배경으로, 흰 천 위에 갓 익은 빨간색과 노란색 복숭아로 가득 찬 나무 그릇이 놓여 있고, 그 주위에는 싱그러운 녹색 잎사귀들이 흩어져 있다.","A wooden bowl filled with ripe, red-and-yellow peaches, resting on a white cloth with fresh green leaves scattered around, all set against a white wooden background.",,ok,translated,vlm + deepl_api,latin_text_present,False,,True
fruits_nuts_rice,qwen3,5027321,2,Qwen/Qwen3-VL-2B-Instruct,kurly_5027321_2.jpg,fruits_nuts_rice/images/kurly_5027321_2.jpg,,matched,,0,"붉은색과 노란색 껍질을 가진 잘 익은 복숭아 몇 개가, 물방울에 반짝이며 흰 천 위에 놓여 있고, 주변에는 초록색 잎사귀들이 흩어져 있는 모습의 클로즈업 사진.",,,reused,reused_translation,alt_preprocessed_5.csv:qwen_3_deepl_KOR,,,,반짝이다 / 붉은색 / 가지다 / 모습 / 물방울,5,"껍질에 물방울이 맺힌 붉은색과 노란색의 싱싱한 복숭아 몇 개가, 녹색 잎사귀가 놓인 흰 천 위에 놓여 있는 모습을 클로즈업한 사진.","A close-up of several fresh, red-and-yellow peaches with water droplets on their skin, resting on a white cloth with green leaves.",,ok,translated,vlm + deepl_api,latin_text_present,False,,가지다 잘 / 노란색 껍질 / 몇개 물방울 / 모습 클로즈업 / 물방울 반짝이다,5,"빨간색과 노란색 껍질을 가진 싱싱한 복숭아 여러 개가, 물방울에 반짝이며 녹색 잎사귀와 함께 흰 천 위에 놓여 있는 모습의 클로즈업 사진.","A close-up of several fresh peaches with red and yellow skin, glistening with water droplets, arranged on a white cloth with green leaves.",,ok,translated,vlm + deepl_api,latin_text_present,False,,가지다 잘 익다 / 껍질 가지다 잘 / 노란색 껍질 가지다 / 몇개 물방울 반짝이다 / 물방울 반짝이다 희다,5,"윤기 나는 껍질에 물방울이 맺힌, 잘 익은 빨간색과 노란색 복숭아 몇 개가 녹색 잎사귀가 깔린 흰 천 위에 놓여 있는 모습을 클로즈업한 사진.","A close-up of several ripe, red-and-yellow peaches with water droplets on their glossy skin, resting on a white cloth with green leaves.",,ok,translated,vlm + deepl_api,latin_text_present,False,,True
fruits_nuts_rice,qwen3,5031442,1,Qwen/Qwen3-VL-2B-Instruct,kurly_5031442_1.jpg,fruits_nuts_rice/images/kurly_5031442_1.jpg,상품-대표-이미지 1,matched,,0,"연하늘색 바탕 위에 잘 익은 노란 바나나 여러 개가 놓여 있고, 나무 접시 위에는 껍질을 벗긴 바나나 한 개가 놓여 있다. 바나나는 얇게 썰려 있고, 접시 위에는 흰색 포크가 놓여 있으며, 바나나 껍질이 썰린 조각 주위를 감싸고 있다.",,,reused,reused_translation,alt_preprocessed_5.csv:qwen_3_deepl_KOR,,,,바나나 / 썰다 / 껍질 / 하늘색 / 감싸다,5,"하늘색 배경 위에 잘 익은 바나나 한 다발이 놓여 있고, 그중 하나는 껍질을 벗겨 나무 접시에 썰어 놓았으며, 흰색 포크가 곁에 놓여 있다.","A bunch of ripe bananas on a light blue background, with one peeled and sliced on a wooden plate, accompanied by a white fork.",,ok,translated,vlm + deepl_api,latin_text_present,False,,1개 바나나 / 껍질 썰다 / 나무 껍질 / 바나나 1개 / 바나나 껍질,5,"나무 접시 위에는 껍질을 벗기고 한 조각을 잘라낸 바나나가 놓여 있으며, 그 옆에는 바나나 껍질과 흰색 포크가 함께 놓여 있고, 배경에는 통째로 된 바나나 한 다발이 보인다.","A wooden plate holds a peeled banana with a slice cut from it, accompanied by a banana peel and a white fork, with a bunch of whole bananas in the background.",,ok,translated,vlm + deepl_api,latin_text_present,False,,1개 바나나 얇다 / 껍질 벗기다 바나나 / 껍질 썰다 조각 / 나무 껍질 벗기다 / 바나나 1개 바나나,5,"나무 접시 위에는 껍질을 벗긴 바나나 한 개가 하얀 포크와 함께 놓여 있고, 배경에는 바나나 한 다발이 보인다.","A wooden plate holds a peeled banana with a white fork, and a bunch of bananas are in the background.",,ok,translated,vlm + deepl_api,latin_text_present,False,,True
fruits_nuts_rice,qwen3,5031442,2,Qwen/Qwen3-VL-2B-Instruct,kurly_5031442_2.jpg,fruits_nuts_rice/images/kurly_5031442_2.jpg,,matched,,0,"옅은 파란색 바탕 위에 잘 익은 노란 바나나들이 놓여 있고, 그중 하나는 껍질을 벗겨 나무 접시에 얇게 썰어져 있다. 하얀 포크에는 바나나 한 조각이 꽂혀 있고, 껍질은 접시 주위를 감싸고 있다.",,,reused,reused_translation,alt_preprocessed_5.csv:qwen_3_deepl_KOR,,,,바나나 / 껍질 / 옅다 / 감싸다 / 꽂히다,5,"하늘색 바탕 위에 잘 익은 바나나 한 다발이 놓여 있고, 나무 접시 위에는 껍질을 벗겨 썰어 놓은 바나나 한 개가 흰색 포크와 함께 놓여 있다.","A bunch of ripe bananas rests on a light blue surface, with one peeled and sliced banana on a wooden plate, accompanied by a white fork.",,ok,translated,vlm + deepl_api,latin_text_present,False,,껍질 주위 / 꽂히다 껍질 / 나무 얇다 / 바나나 조각 / 벗기다 나무,5,"하늘색 바탕 위에 잘 익은 바나나 한 묶음이 놓여 있고, 나무 접시 위에는 껍질을 벗겨 썰어 놓은 바나나 한 개가 흰색 포크와 함께 놓여 있으며, 접시 위에는 바나나 껍질이 일부 남아 있다.","A bunch of ripe bananas rests on a light blue surface, with one peeled and sliced banana on a wooden plate, accompanied by a white fork, and the banana peel still partially on the plate.",,ok,translated,vlm + deepl_api,latin_text_present,False,,껍질 벗기다 나무 / 껍질 주위 감싸다 / 꽂히다 껍질 주위 / 나무 얇다 썰다 / 바나나 조각 꽂히다,5,"나무 접시 위에는 껍질을 벗긴 바나나 한 개가 하얀 포크와 함께 놓여 있고, 배경의 연한 파란색 바탕 위에는 바나나 한 다발이 놓여 있다.","A wooden plate holds a peeled banana with a white fork, while a bunch of bananas rests in the background on a light blue surface.",,ok,translated,vlm + deepl_api,latin_text_present,False,,True
fruits_nuts_rice,qwen3,5034841,1,Qwen/Qwen3-VL-2B-Instruct,kurly_5034841_1.jpg,fruits_nuts_rice/images/kurly_5034841_1.jpg,상품-대표-이미지 1,matched,,0,"밝은 주황색의 작은 귤로 가득 찬 흰색 타원형 그릇이 연회색 바탕 위에 놓여 있는데, 그중 하나는 반으로 잘려 과즙이 흐르는 귤 조각이 드러나 있다. 그릇 옆에는 통째로 된 귤 두 개와 반으로 잘린 귤 하나가 놓여 있다.",,,reused,reused_translation,alt_preprocessed_5.csv:qwen_3_deepl_KOR,,,,귤 / 잘리다 / 반 / 흐르다 / 타원,5,"밝은 회색 바탕 위에, 작은 주황색 귤이 가득 담긴 흰색 타원형 그릇이 놓여 있는데, 그중 일부는 반으로 잘려 과즙이 뚝뚝 흐르는 속살이 드러나 있다.","A white oval bowl filled with small, orange mandarins, some of which are cut in half to reveal their juicy interior, sits on a light gray surface.",,ok,translated,vlm + deepl_api,latin_text_present,False,,반 잘리다 / 귤 가득 / 되다 귤 / 옆 통째 / 작다 귤,5,"작고 선명한 주황색 귤로 가득 찬 흰색 타원형 그릇. 귤 중 일부는 통째로 있고, 하나는 반으로 잘려 있으며, 그릇 옆의 연회색 표면 위에는 귤의 나머지 반쪽이 놓여 있다.","A white oval bowl filled with small, vibrant orange tangerines, some whole and one cut in half, with a second half of a tangerine placed beside the bowl on a light gray surface.",,ok,translated,vlm + deepl_api,latin_text_present,False,,과즙 흐르다 귤 / 귤 2개 반 / 귤 가득 차다 / 되다 귤 2개 / 드러나다 옆 통째,5,"신선하고 선명한 주황색 귤로 가득 찬 흰색 타원형 그릇. 그중 일부는 껍질을 벗기고 반으로 잘라져 있으며, 그릇 옆의 연회색 표면 위에는 통째로 남은 귤 몇 개가 놓여 있다.","A white oval bowl filled with fresh, bright orange tangerines, some of which are peeled and cut in half, with a few whole tangerines placed beside the bowl on a light gray surface.",,ok,translated,vlm + deepl_api,latin_text_present,False,,True
fruits_nuts_rice,qwen3,5034841,2,Qwen/Qwen3-VL-2B-Instruct,kurly_5034841_2.jpg,fruits_nuts_rice/images/kurly_5034841_2.jpg,,matched,,0,"하얀 접시 위에는 싱싱하고 선명한 주황색 귤이 한 무더기 놓여 있는데, 그중 하나는 반으로 잘려 과즙이 가득한 귤 조각이 드러나 있다. 접시 옆 탁자 위에는 귤 두 개가 더 놓여 있는데, 그중 하나도 반으로 잘려 있다.",,,reused,reused_translation,alt_preprocessed_5.csv:qwen_3_deepl_KOR,,,,귤 / 중 / 잘리다 / 탁자 / 반,5,"하얀 접시 위에는 싱싱하고 선명한 주황색 귤이 한 무더기 놓여 있는데, 그중 하나는 반으로 잘려 과즙이 가득한 귤 조각이 드러나 있고, 또 다른 귤 하나는 접시 옆 탁자 위에 통째로 놓여 있다.","A white plate holds a pile of fresh, bright orange mandarins, with one cut in half to reveal its juicy segments, and another whole mandarin resting on the table beside the plate.",,ok,translated,vlm + deepl_api,latin_text_present,False,,중 반 / 반 잘리다 / 2개 더 / 더 중 / 옆 탁자,5,"흰색 접시 위에는 싱싱하고 선명한 주황색 귤이 한 무더기 놓여 있으며, 그중 두 개는 반으로 잘려 과즙이 가득한 귤 알갱이가 드러나 있고, 깔끔하고 미니멀한 흰색 배경과 조화를 이루고 있다.","A white plate holds a pile of fresh, bright orange mandarins, with two cut in half to reveal their juicy, segmented interiors, set against a clean, minimalist white background.",,ok,translated,vlm + deepl_api,latin_text_present,False,,중 반 잘리다 / 2개 더 중 / 귤 2개 더 / 귤 무더기 중 / 더 중 반,5,"하얀 접시 위에는 싱싱하고 선명한 주황색의 귤이 한 무더기 놓여 있으며, 그중 두 개는 반으로 잘려 과즙이 가득한 귤 살이 드러나 있고, 깔끔한 흰색 배경과 대비를 이루고 있다.","A white plate holds a pile of fresh, bright orange mandarins, with two cut in half to reveal their juicy, segmented interiors, set against a clean white background.",,ok,translated,vlm + deepl_api,latin_text_present,False,,True
fruits_nuts_rice,qwen3,5035954,1,Qwen/Qwen3-VL-2B-Instruct,kurly_5035954_1.jpg,fruits_nuts_rice/images/kurly_5035954_1.jpg,상품-대표-이미지 1,matched,,0,"신선한 블루베리로 가득 찬 투명한 유리 그릇 두 개가 대리석 상판 위에 놓여 있고, 그 주위에는 블루베리 몇 알과 민트 잎이 흩어져 있다.",,,reused,reused_translation,alt_preprocessed_5.csv:qwen_3_deepl_KOR,,,,블루베리 / 잎 / 민트 / 상판 / 대리석,5,신선한 블루베리로 가득 채워진 투명한 유리 그릇 두 개가 민트 잎으로 장식되어 대리석 상판 위에 놓여 있다.,"Two clear glass bowls filled with fresh blueberries, garnished with mint leaves, are arranged on a marble surface.",,ok,translated,vlm + deepl_api,latin_text_present,False,,2개 대리석 / 대리석 상판 / 민트 잎 / 상판 주위 / 알 민트,5,"신선한 블루베리로 가득 채워진 두 개의 사각 유리 그릇에 민트 잎을 곁들여, 대리석 상판 위에 올려놓았으며, 그 주위에는 블루베리와 민트 잎이 몇 개 흩어져 있다.","Two square glass bowls filled with fresh blueberries, garnished with mint leaves, are arranged on a marble surface with a few scattered berries and mint leaves around.",,ok,translated,vlm + deepl_api,latin_text_present,False,,2개 대리석 상판 / 가득 차다 투명 / 대리석 상판 주위 / 몇 알 민트 / 민트 잎 흩어지다,5,"신선한 블루베리로 가득 채워진 투명한 유리 그릇 두 개가, 민트 잎이 흩뿌려진 흰색 대리석 판 위에 놓여 있고, 그 주위에는 블루베리 몇 알이 흩어져 있다.","Two clear glass bowls filled with fresh blueberries, placed on a white marble board with scattered mint leaves and a few loose berries around.",,ok,translated,vlm + deepl_api,latin_text_present,False,,True
fruits_nuts_rice,qwen3,5035954,2,Qwen/Qwen3-VL-2B-Instruct,kurly_5035954_2.jpg,fruits_nuts_rice/images/kurly_5035954_2.jpg,,matched,,0,"흰색 요거트가 담긴 유리 그릇 위에 신선한 블루베리와 민트 한 줄기가 올려져 있고, 그 안에는 숟가락이 놓여 있으며, 이 그릇은 흰색 접시 위에 놓여 있다. 그 옆에는 질감이 느껴지는 회색 표면 위에 블루베리가 더 가득 담긴 투명한 유리 그릇이 놓여 있다.",,,reused,reused_translation,alt_preprocessed_5.csv:qwen_3_deepl_KOR,,,,유리 / 블루베리 / 올리다 / 요거트 / 민트,5,"블루베리와 민트가 얹어진 흰색 요거트 그릇이 숟가락과 함께 흰색 접시에 담겨 회색 질감의 표면 위에 놓여 있고, 그 옆에는 신선한 블루베리가 담긴 유리 그릇이 놓여 있다.","A white bowl of yogurt topped with blueberries and mint, served on a white plate with a spoon, sits on a gray textured surface, with a glass bowl of fresh blueberries nearby.",,ok,translated,vlm + deepl_api,latin_text_present,False,,느끼다 회색 / 담기다 유리 / 담기다 투명 / 더 가득 / 민트 줄기,5,"블루베리와 민트 잎을 얹은 흰색 요거트 그릇이 흰색 접시 위에 놓여 있고, 그 옆에는 신선한 블루베리가 담긴 유리 그릇이 놓여 있으며, 이 모든 것이 회색의 질감이 느껴지는 표면 위에 놓여 있다.","A white bowl of yogurt topped with blueberries and mint leaves sits on a white plate, with a glass bowl of fresh blueberries nearby, all on a gray textured surface.",,ok,translated,vlm + deepl_api,latin_text_present,False,,가득 담기다 투명 / 느끼다 회색 표면 / 담기다 유리 블루베리 / 담기다 투명 유리 / 더 가득 담기다,5,"블루베리와 민트가 얹어진 흰색 요거트 그릇이 숟가락과 함께 흰색 접시에 담겨, 신선한 블루베리가 가득 담긴 투명한 유리 그릇 옆의 회색 질감의 표면 위에 놓여 있다.","A white bowl of yogurt topped with blueberries and mint, served on a white plate with a spoon, sits on a gray textured surface next to a clear glass bowl filled with fresh blueberries.",,ok,translated,vlm + deepl_api,latin_text_present,False,,True
fruits_nuts_rice,qwen3,5036748,1,Qwen/Qwen3-VL-2B-Instruct,kurly_5036748_1.jpg,fruits_nuts_rice/images/kurly_5036748_1.jpg,상품-대표-이미지 1,matched,,0,"노란색과 녹색 라벨이 붙은 키위 플라스틱 용기로, 라벨에는 썰어 놓은 키위 이미지와 한국어로 된 “제스프리 썬글드키위”라는 문구가 적혀 있다. 이 용기는 흰색 대리석 표면 위에 놓여 있으며, 그 앞의 작은 흰색 접시에는 통키위 두 개와 썰어 놓은 키위 한 조각이 담겨 있다.",,,reused,reused_translation,alt_preprocessed_5.csv:qwen_3_deepl_KOR,,,,키위 / 용기 / 라벨 / 썰다 / 제스프리_썬글드키위,5,"얇게 썬 키위 그림이 그려진 노란색 라벨이 붙은 투명한 플라스틱 용기(""제스프리 썬글드키위""(Jesupri Sun Gold Kiwi)라고 표기됨)가, 통키위 두 개와 얇게 썬 키위 한 개가 담긴 작은 접시 옆의 흰 대리석 상판 위에 놓여 있다.","A clear plastic container with a yellow label featuring images of sliced kiwi fruit, labeled ""제스프리 썬글드키위"" (Jesupri Sun Gold Kiwi), sits on a white marble surface next to a small plate with two whole and one sliced kiwi.",,ok,translated,vlm + deepl_api,latin_text_with_quoted_names,False,,썰다 키위 / 2개 썰다 / 대리석 표면 / 되다 제스프리_썬글드키위 / 라벨 썰다,5,"얇게 썬 키위가 그려진 노란색 라벨이 붙은 ""제스프리 썬글드키위""(Jesupri Sun Gold 키위) 투명 플라스틱 용기가, 통키위 두 개와 얇게 썬 키위 한 개가 담긴 작은 접시 옆의 흰색 대리석 표면 위에 놓여 있다.","A clear plastic container of ""제스프리 썬글드키위"" (Jesupri Sun Gold Kiwi) with a yellow label featuring sliced kiwi, placed on a white marble surface next to a small plate with two whole and one sliced kiwi.",,ok,translated,vlm + deepl_api,latin_text_with_quoted_names,False,,2개 썰다 키위 / 대리석 표면 앞 / 되다 제스프리_썬글드키위 문구 / 라벨 붙다 키위 / 라벨 썰다 키위,5,"""Zorpi"" 브랜드의 ""Sungold Kiwi"" 과일이 담긴 투명한 플라스틱 용기가 흰색 대리석 표면 위에 놓여 있는데, 용기에는 얇게 썬 키위가 그려진 노란색 라벨과 ‘""제스프리 썬글드키위""(Jesupri Sungold Kiwi)’라는 문구가 적혀 있다. 그 옆에는 통키위 두 개와 얇게 썬 키위 한 조각이 담긴 작은 접시가 놓여 있다.","A clear plastic container of ""Zorpi"" brand ""Sungold Kiwi"" fruit, with a yellow label featuring sliced kiwi and the text ""제스프리 썬글드키위"" (Jesupri Sungold Kiwi), sits on a white marble surface next to a small plate with two whole and one sliced kiwi.",,ok,translated,vlm + deepl_api,latin_text_with_quoted_names,False,,True
fruits_nuts_rice,qwen3,5036748,2,Qwen/Qwen3-VL-2B-Instruct,kurly_5036748_2.jpg,fruits_nuts_rice/images/kurly_5036748_2.jpg,,matched,,0,"흰색 바탕 위에, 얇게 썬 키위 그림이 그려진 노란색과 녹색 라벨이 붙은 제스프리 키프루트(Zespri Kiefruit) 키위 플라스틱 용기가 놓여 있다. 그 옆에는 작은 흰색 접시에 통키위 세 개와 얇게 썬 키위 한 개가 담겨 있는데, 얇게 썬 키위에서는 노란 과육과 검은 씨가 드러나 있다.",,,reused,reused_translation,alt_preprocessed_5.csv:qwen_3_deepl_KOR,,,,키위 / 얇다 / 썰다 / 제스프리 / 키프루트,5,"흰색 대리석 상판 위에, 얇게 썬 키위가 그려진 노란색과 녹색 라벨이 붙은 제스프리 키프루트(Zespri Kiefruit) 키위 플라스틱 용기가, 통키위 3개와 얇게 썬 키위 1개가 담긴 작은 접시 옆에 진열되어 있다.","A plastic container of Zespri Kiefruit kiwi, with a yellow and green label featuring sliced kiwi, is displayed next to a small plate with three whole and one sliced kiwi on a white marble surface.",,ok,translated,vlm + deepl_api,latin_text_present,False,,얇다 썰다 / 썰다 키위 / 3개 얇다 / 그리다 노란색 / 그림 그리다,5,"얇게 썬 키위가 그려진 노란색과 녹색 라벨이 붙은 제스프리 키프루트(Zespri Kiefruit) 키위 플라스틱 용기가, 통키위 3개와 얇게 썬 키위 1개가 담긴 작은 접시 옆에 진열되어 있어 노란색 과육을 돋보이게 하고 있다.","A plastic container of Zespri Kiefruit kiwi, with a yellow and green label featuring sliced kiwi, is displayed next to a small plate with three whole and one sliced kiwi, showcasing its yellow flesh.",,ok,translated,vlm + deepl_api,latin_text_present,False,,얇다 썰다 키위 / 1개 담기다 얇다 / 3개 얇다 썰다 / 그리다 노란색 녹색 / 그림 그리다 노란색,5,"얇게 썬 키위가 그려진 노란색과 녹색 라벨이 붙은 제스프리 키프루트(Zespri Kiefruit) 키위 플라스틱 용기가, 통키위 3개와 얇게 썬 키위 1개가 담긴 작은 접시 옆에 진열되어 있어, 노란 과육과 녹색 씨앗이 잘 드러나 있습니다.","A plastic container of Zespri Kiefruit kiwi, with a yellow and green label featuring sliced kiwi, is displayed next to a small plate with three whole and one sliced kiwi, showcasing its yellow flesh and green seeds.",,ok,translated,vlm + deepl_api,latin_text_present,False,,True
fruits_nuts_rice,qwen3,5038123,1,Qwen/Qwen3-VL-2B-Instruct,kurly_5038123_1.jpg,fruits_nuts_rice/images/kurly_5038123_1.jpg,상품-대표-이미지 1,matched,,0,"서리가 내린 짙은 보라색 포도 한 송이가 흰 접시 위에 놓여 있고, 배경의 회색 표위에는 또 다른 송이가 놓여 있다.",,,reused,reused_translation,alt_preprocessed_5.csv:qwen_3_deepl_KOR,,,,송이 / 또 / 표 / 내리다 / 서리,5,"서리가 내려앉은 짙은 보라색 포도 한 송이가 파란 테두리가 있는 흰 접시 위에 놓여 있고, 배경의 회색 바탕 위에는 또 다른 포도 송이가 약간 흐릿하게 비쳐 보인다.","A cluster of dark purple grapes, covered in frost, rests on a white plate with a blue rim, with another cluster slightly blurred in the background on a gray surface.",,ok,translated,vlm + deepl_api,latin_text_present,False,,내리다 짙다 / 또 송이 / 배경 회색 / 송이 희다 / 표 또,5,"중성적인 회색 배경을 배경으로, 파란색 테두리가 있는 흰색 접시 위에 놓인, 서리가 내린 듯한 광택이 도는 짙은 보라색 포도 한 송이의 클로즈업 사진.","A close-up of a bunch of dark purple grapes with a frosty coating, resting on a white plate with a blue rim, set against a neutral gray background.",,ok,translated,vlm + deepl_api,latin_text_present,False,,내리다 짙다 보라색 / 배경 회색 표 / 서리 내리다 짙다 / 송이 희다 배경 / 포도 송이 희다,5,"회색 질감의 배경을 배경으로, 파란색 테두리가 있는 흰색 접시 위에 놓인, 서리가 내린 듯한 광택이 도는 짙은 보라색 포도 한 송이의 클로즈업 사진.","A close-up of a bunch of dark purple grapes with a frosty coating, resting on a white plate with a blue rim, set against a gray textured background.",,ok,translated,vlm + deepl_api,latin_text_present,False,,True
fruits_nuts_rice,qwen3,5038123,2,Qwen/Qwen3-VL-2B-Instruct,kurly_5038123_2.jpg,fruits_nuts_rice/images/kurly_5038123_2.jpg,,matched,,0,"짙은 보라색 포도 한 송이가 밝은 회색 바탕 위에 놓여 있고, 전경에는 포도 알갱이 몇 개가 흩어져 있다.",,,reused,reused_translation,alt_preprocessed_5.csv:qwen_3_deepl_KOR,,,,포도 / 알갱이 / 전경 / 보라색 / 짙다,5,"짙은 보라색 포도 송이가 한 묶음으로 모여 있고, 밝은 회색 바탕 위에 몇 알이 흩어져 있어 그 깊고 진한 색감과 윤기 나는 질감을 뽐내고 있다.","A cluster of dark purple grapes, with a few scattered on a light gray surface, showcasing their deep, rich color and glossy texture.",,ok,translated,vlm + deepl_api,latin_text_present,False,,송이 밝다 / 알갱이 몇개 / 전경 포도 / 포도 알갱이 / 회색 전경,5,"옅은 회색 바탕 위에 짙은 보라색 포도 한 송이가 놓여 있고, 전경에는 포도 알갱이 몇 개가 흩어져 있다.","A cluster of dark purple grapes rests on a light gray surface, with a few individual grapes scattered in the foreground.",,ok,translated,vlm + deepl_api,latin_text_present,False,,밝다 회색 전경 / 송이 밝다 회색 / 알갱이 몇개 흩어지다 / 전경 포도 알갱이 / 포도 송이 밝다,5,"옅은 회색 바탕 위에 짙은 보라색 포도 한 송이가 놓여 있고, 전경에는 포도 알갱이 몇 개가 흩어져 있다.","A cluster of dark purple grapes rests on a light gray surface, with a few individual grapes scattered in the foreground.",,ok,translated,vlm + deepl_cached_translation,latin_text_present,False,,True
fruits_nuts_rice,qwen3,5045631,1,Qwen/Qwen3-VL-2B-Instruct,kurly_5045631_1.jpg,fruits_nuts_rice/images/kurly_5045631_1.jpg,상품-대표-이미지 1,matched,,0,"파란색과 흰색 디자인에 “HBAF”라고 적힌 다채로운 주간 견과류 및 씨앗 간식 상자로, 월요일부터 일요일까지의 주간 일정이 표시되어 있으며, 매일 다른 색상으로 구분된 구역과 혼합 견과류 및 씨앗의 사진이 들어 있습니다. 상자가 열려 있는 모습에서 혼합 견과류와 씨앗이 담긴 작은 그릇과, 내용물 이미지가 그려진 “WED”와 “THU”라고 표시된 개별 스낵 포장지 두 개가 보입니다.",,,reused,reused_translation,alt_preprocessed_5.csv:qwen_3_deepl_KOR,,,,견과 / 씨앗 / 주간 / 표시 / 혼합,5,"앞면에 ‘""HBAF""’라고 적혀 있고, ‘""6 WEEKS""’와 ‘""MON TO SUN""’가 표시된 파란색 주간 식재료 박스로, 견과류와 씨앗이 섞여 있으며, 개별 포장된 제품들과 그 주위에 섞인 견과류가 담긴 그릇이 배치되어 있다.","A blue weekly meal kit box labeled ""HBAF"" with ""6 WEEKS"" and ""MON TO SUN"" on the front, featuring a mix of nuts and seeds, with individual packages and a bowl of mixed nuts displayed around it.",,ok,translated,vlm + deepl_api,latin_text_with_quoted_names,False,,견과 씨앗 / 혼합 견과 / 2개 보이다 / HBAF 적히다 / THU 표시,5,"파란색과 흰색의 ""HBAF"" 주간 견과류 혼합 키트로, 6주 계획에 따라 매일 먹을 수 있는 간식 패키지와 혼합 견과류 한 그릇이 포함되어 있으며, 포장지에 ""THU""와 ""WED""가 선명하게 표시되어 있습니다.","A blue and white ""HBAF"" weekly nut mix kit featuring a 6-week plan with daily snack packages and a bowl of mixed nuts, with ""THU"" and ""WED"" clearly visible on the packaging.",,ok,translated,vlm + deepl_api,latin_text_with_quoted_names,False,,혼합 견과 씨앗 / HBAF 적히다 주간 / THU 표시 개별 / WED THU 표시 / 간식 상자 월요일,5,"‘""HBAF""’라고 표시된 파란색 주간 견과류 및 씨앗 간식 상자로, ‘""6 면투션 WEEKS""’(6주 계획)와 일일 식사 추천 메뉴가 포함되어 있으며, 개별 포장 제품과 혼합 견과류 한 그릇이 들어 있고, 포장지에는 ‘""THU""’와 ‘""WED""’가 눈에 띄게 표시되어 있습니다.","A blue weekly nut and seed snack box labeled ""HBAF"" with a ""6 면투션 WEEKS"" (6-week plan) and daily meal suggestions, featuring individual packages and a bowl of mixed nuts, with ""THU"" and ""WED"" prominently displayed on the packaging.",,ok,translated,vlm + deepl_api,latin_text_with_quoted_names,False,,True
fruits_nuts_rice,qwen3,5045631,2,Qwen/Qwen3-VL-2B-Instruct,kurly_5045631_2.jpg,fruits_nuts_rice/images/kurly_5045631_2.jpg,,matched,,0,"HBAF 브랜드의 “Mon to Sun” 스낵 팩을 플랫 레이 방식으로 촬영한 사진으로, 각 팩에는 요일(목, 화, 수)이 표기되어 있으며, 그레이 색상의 표면과 그릇 위에 견과류와 말린 과일이 섞여 담겨 있다.",,,reused,reused_translation,alt_preprocessed_5.csv:qwen_3_deepl_KOR,,,,팩 / Mon_to_Sun / 과일 / 그레이 / 레이,5,"""Mon to Sun"" 스낵 상자와 ""THU"", ""TUE"", ""WED""라고 표시된 세 개의 개별 포장지가 위에서 내려다본 모습으로, 각 포장지에는 견과류와 말린 과일이 섞여 들어 있으며, 회색 바탕 위에 견과류가 흩어져 있고 혼합 견과류가 담긴 그릇이 놓여 있다.","A top-down view of a ""Mon to Sun"" snack box and three individual packages labeled ""THU"", ""TUE"", and ""WED"", each containing a mix of nuts and dried fruits, arranged on a gray surface with scattered nuts and a bowl of mixed nuts.",,ok,translated,vlm + deepl_api,latin_text_with_quoted_names,False,,Mon_to_Sun 스낵 / 견과 말리다 / 과일 섞이다 / 그레이 색상 / 레이 방식,5,"""Mon to Sun"" 스낵 상자와 ""THU"", ""TUE"", ""WED""라고 표시된 세 개의 개별 포장지가 위에서 내려다본 모습으로, 각 포장지에는 견과류와 말린 과일이 섞여 들어 있으며, 회색 바탕 위에 재료들이 흩어져 놓여 있다.","A top-down view of a ""Mon to Sun"" snack box and three individual packages labeled ""THU"", ""TUE"", and ""WED"", each containing a mix of nuts and dried fruits, arranged on a gray surface with scattered ingredients.",,ok,translated,vlm + deepl_api,latin_text_with_quoted_names,False,,Mon_to_Sun 스낵 팩 / 견과 말리다 과일 / 과일 섞이다 담기다 / 그레이 색상 표면 / 레이 방식 촬영,5,"회색 바탕 위에 ""Mon to Sun"" 스낵 팩 시리즈의 월요일부터 일요일까지 날짜별로 구분된 개별 포장 제품들과 상자, 그리고 혼합 견과류와 말린 과일이 담긴 그릇들이 함께 배치된 모습을 위에서 내려다본 사진.","A top-down photograph of a ""Mon to Sun"" snack pack series, featuring individual packages for Monday through Sunday, alongside a box and bowls of mixed nuts and dried fruits, arranged on a gray surface.",,ok,translated,vlm + deepl_api,latin_text_with_quoted_names,False,,True
fruits_nuts_rice,qwen3,5048547,1,Qwen/Qwen3-VL-2B-Instruct,kurly_5048547_1.jpg,fruits_nuts_rice/images/kurly_5048547_1.jpg,상품-대표-이미지 1,matched,,0,밝은 회색 바탕 위에 용 문양이 그려져 있고 “여주대왕일포”라는 브랜드명이 적힌 붉은색 한국산 쌀 봉지가 보인다. 오른쪽 상단 모서리에는 작은 밥그릇과 흩어진 쌀알들이 보인다.,,,reused,reused_translation,alt_preprocessed_5.csv:qwen_3_deepl_KOR,,,,보이다 / 모서리 / 문양 / 상단 / 여주대왕일포,5,"용 문양이 그려진 ""여주대왕일포"" 쌀 10kg 빨간 봉지와 그 옆에 놓인 작은 밥그릇.","A red bag of ""여주대왕일포"" rice, 10kg, with a dragon design and a small bowl of rice beside it.",,ok,translated,vlm + deepl_api,latin_text_with_quoted_names,False,,그리다 여주대왕일포 / 명 적히다 / 모서리 작다 / 문양 그리다 / 밥그릇 흩어지다,5,"용 문양이 그려진 ""여주대왕일포"" 쌀 10kg 빨간 봉지와 그 근처에 흩어져 있는 작은 그릇에 담긴 밥.","A red bag of ""여주대왕일포"" rice, 10kg, with a dragon design and a small bowl of rice scattered nearby.",,ok,translated,vlm + deepl_api,latin_text_with_quoted_names,False,,그리다 여주대왕일포 브랜드 / 명 적히다 붉은색 / 모서리 작다 밥그릇 / 문양 그리다 여주대왕일포 / 밝다 회색 용,5,"밝은 회색 바탕 위에 용 문양이 그려진 빨간색 ‘""여주대왕일포""’ 쌀 봉지와 그 옆에 작은 밥그릇이 놓여 있다.","A red bag of ""여주대왕일포"" rice, featuring a dragon design and a small bowl of rice beside it on a light gray surface.",,ok,translated,vlm + deepl_api,latin_text_with_quoted_names,False,,True
fruits_nuts_rice,qwen3,5048547,2,Qwen/Qwen3-VL-2B-Instruct,kurly_5048547_2.jpg,fruits_nuts_rice/images/kurly_5048547_2.jpg,,matched,,0,"흰 쌀알로 가득 찬 하얀 그릇과, 그 옆의 연회색 표면 위에 흩어져 있는 몇 알의 쌀알.",,,reused,reused_translation,alt_preprocessed_5.csv:qwen_3_deepl_KOR,,,,쌀알 / 알 / 몇 / 차다 / 표면,5,"흰 쌀알로 가득 찬 하얀 그릇에, 밝은 색의 표면 위로 쌀알 몇 알이 흩어져 있다.","A white bowl filled with white rice grains, with a few scattered on the light-colored surface.",,ok,translated,vlm + deepl_api,latin_text_present,False,,차다 옆 / 표면 흩어지다 / 알 쌀알 / 흩어지다 몇 / 옆 회색,5,"흰 쌀알로 가득 찬 하얀 그릇과, 그 옆의 연회색 표면 위에 몇 알이 흩어져 있다.","A white bowl filled with white rice grains, with a few scattered on the light gray surface beside it.",,ok,translated,vlm + deepl_api,latin_text_present,False,,가득 차다 옆 / 차다 옆 회색 / 표면 흩어지다 몇 / 회색 표면 흩어지다 / 몇 알 쌀알,5,"흰 쌀알로 가득 찬 하얀 그릇과, 그 옆의 연회색 표면 위에 몇 알이 흩어져 있다.","A white bowl filled with white rice grains, with a few scattered on the light gray surface beside it.",,ok,translated,vlm + deepl_cached_translation,latin_text_present,False,,True
fruits_nuts_rice,qwen3,5048580,1,Qwen/Qwen3-VL-2B-Instruct,kurly_5048580_1.jpg,fruits_nuts_rice/images/kurly_5048580_1.jpg,상품-대표-이미지 1,matched,,0,"밝은 회색 바탕 위에 놓인 두 송이의 푸른 포도를 클로즈업한 사진으로, 배경에는 잎사귀 몇 장이 보인다.",,,reused,reused_translation,alt_preprocessed_5.csv:qwen_3_deepl_KOR,,,,장 / 송이 / 잎사귀 / 포도 / 클로즈업,5,"밝은 회색 바탕 위에 놓인, 잎이 달린 녹색 포도 두 송이의 클로즈업 사진.","A close-up of two bunches of green grapes with leaves, resting on a light gray surface.",,ok,translated,vlm + deepl_api,latin_text_present,False,,배경 잎사귀 / 송이 포도 / 장 보이다 / 포도 클로즈업 / 회색 송이,5,"밝은 회색 바탕 위에 놓인 두 송이의 푸른 포도를 클로즈업한 사진으로, 배경에는 푸른 잎사귀 몇 장이 보인다.","A close-up of two bunches of green grapes on a light gray surface, with a few green leaves in the background.",,ok,translated,vlm + deepl_api,latin_text_present,False,,몇 장 보이다 / 밝다 회색 송이 / 배경 잎사귀 몇 / 송이 포도 클로즈업 / 클로즈업 배경 잎사귀,5,"밝은 회색 바탕 위에, 배경에 잎사귀 몇 장이 보이는 두 송이의 녹색 포도를 클로즈업한 사진.",A close-up of two bunches of green grapes with a few leaves in the background on a light gray surface.,,ok,translated,vlm + deepl_api,latin_text_present,False,,True
fruits_nuts_rice,qwen3,5048580,2,Qwen/Qwen3-VL-2B-Instruct,kurly_5048580_2.jpg,fruits_nuts_rice/images/kurly_5048580_2.jpg,,matched,,0,"하얀 접시 위에는 싱싱한 초록색 포도 두 송이가 놓여 있고, 접시 주변의 연회색 표면에는 포도알 몇 개가 흩어져 있다.",,,reused,reused_translation,alt_preprocessed_5.csv:qwen_3_deepl_KOR,,,,포도 / 송이 / 주변 / 초록색 / 알,5,"하얀 접시 위에는 싱싱한 초록색 포도 두 송이가 놓여 있고, 접시 주변의 연회색 표면에는 포도알 몇 알이 흩어져 있다.","A white plate holds two bunches of fresh, green grapes, with a few loose grapes scattered on the light gray surface around the plate.",,ok,translated,vlm + deepl_api,latin_text_present,False,,송이 주변 / 알 몇개 / 주변 회색 / 포도 알 / 표면 포도,5,"하얀 접시 위에는 싱싱하고 연한 녹색의 포도 두 송이가 놓여 있고, 그 주변의 회색 표면에는 포도알 몇 알이 흩어져 있다.","A white plate holds two bunches of fresh, light green grapes, with a few loose grapes scattered on the surrounding gray surface.",,ok,translated,vlm + deepl_api,latin_text_present,False,,송이 주변 회색 / 알 몇개 흩어지다 / 주변 회색 표면 / 포도 송이 주변 / 포도 알 몇개,5,"하얀 접시 위에는 싱싱한 초록색 포도 두 송이가 놓여 있고, 그 주변의 연회색 접시 표면에는 포도알 몇 알이 흩어져 있다.","A white plate holds two bunches of fresh, green grapes, with a few loose grapes scattered on the light gray surface around them.",,ok,translated,vlm + deepl_api,latin_text_present,False,,True
fruits_nuts_rice,qwen3,5049631,1,Qwen/Qwen3-VL-2B-Instruct,kurly_5049631_1.jpg,fruits_nuts_rice/images/kurly_5049631_1.jpg,상품-대표-이미지 1,matched,,0,"둥근 베이지색 접시 위에는 노란 줄무늬가 있는 멜론 세 개와 씨가 가득한 흰색 멜론 조각 다섯 개가 놓여 있으며, 이 모든 것은 흰색 천이 깔린 흰색 나무 받침대 위에 놓여 있다.",,,reused,reused_translation,alt_preprocessed_5.csv:qwen_3_deepl_KOR,,,,멜론 / 흰색 / 5개 / 둥글다 / 줄무늬,5,"둥글고 밝은 색의 접시 위에 흰 줄무늬가 있는 노란 멜론 세 개와 얇게 썬 멜론 한 줄이 놓여 있으며, 이 모든 것이 흰색 식탁보 위에 놓여 있다.","A round, light-colored plate holds three yellow melons with white stripes and a row of sliced melons, all resting on a white cloth.",,ok,translated,vlm + deepl_api,latin_text_present,False,,3개 씨 / 5개 흰색 / 가득 흰색 / 깔리다 흰색 / 둥글다 베이지,5,"베이지색 접시 위에는 노란 줄무늬가 있는 멜론 세 개와 흰색 둥근 과일 조각 다섯 개가 놓여 있으며, 이 모든 것은 흰색 천이 깔린 흰색 나무 받침대 위에 차려져 있다.","A beige plate holds three yellow-striped melons and five slices of a white, round fruit, all set on a white wooden surface with a white cloth.",,ok,translated,vlm + deepl_api,latin_text_present,False,,3개 씨 가득 / 5개 흰색 천 / 가득 흰색 멜론 / 깔리다 흰색 나무 / 둥글다 베이지 색,5,"베이지색 접시 위에는 노란 줄무늬가 있는 멜론 세 개와 흰색 멜론 조각 다섯 개가 놓여 있으며, 이 접시는 밝은 색의 나무 상판 위에 얹힌 흰색 천 위에 놓여 있다.","A beige plate holds three yellow-striped melons and five slices of a white melon, all resting on a white cloth atop a light-colored wooden surface.",,ok,translated,vlm + deepl_api,latin_text_present,False,,True
fruits_nuts_rice,qwen3,5049631,2,Qwen/Qwen3-VL-2B-Instruct,kurly_5049631_2.jpg,fruits_nuts_rice/images/kurly_5049631_2.jpg,,matched,,0,"노란 줄무늬가 있는 오이 세 개와 같은 오이를 썰어 놓은 조각 네 개가 밝은 색 접시 위에 놓여 있는데, 썰어 놓은 조각들은 흰 과육과 씨방이 드러나 있다.",,,reused,reused_translation,alt_preprocessed_5.csv:qwen_3_deepl_KOR,,,,오이 / 썰다 / 조각 / 씨방 / 4개,5,노란 줄무늬가 있는 오이 세 개와 흰 속살과 씨가 드러난 얇게 썬 오이 네 조각이 밝은 색의 접시 위에 차려져 있다.,"Three whole, yellow-striped cucumbers and four sliced pieces, revealing their white flesh and seeds, are arranged on a light-colored plate.",,ok,translated,vlm + deepl_api,latin_text_present,False,,썰다 조각 / 3개 같다 / 같다 오이 / 과육 씨방 / 색 썰다,5,하얀 과육과 씨앗이 드러나도록 얇게 썬 노란 줄무늬 오이 세 개가 밝은 색 접시 위에 담겨 있다.,"Three yellow-striped cucumbers with sliced, white flesh and seeds, arranged on a light-colored plate.",,ok,translated,vlm + deepl_api,latin_text_present,False,,3개 같다 오이 / 같다 오이 썰다 / 과육 씨방 드러나다 / 밝다 색 썰다 / 색 썰다 조각,5,흰 속살이 드러나도록 얇게 썬 노란 줄무늬 오이 세 개가 밝은 색 접시 위에 담겨 있다.,"Three yellow-striped cucumbers with their white flesh cut into slices, displayed on a light-colored plate.",,ok,translated,vlm + deepl_api,latin_text_present,False,,True
fruits_nuts_rice,qwen3,5051031,1,Qwen/Qwen3-VL-2B-Instruct,kurly_5051031_1.jpg,fruits_nuts_rice/images/kurly_5051031_1.jpg,상품-대표-이미지 1,matched,,0,"“Lgrow”라고 표기된 흰색과 베이지색의 4kg 쌀 봉지에는 벼를 수확하는 농부들의 한국 전통 삽화가 그려져 있으며, “씨아나온 완전미 고시하카리” (Cisanaon Wontim Goshihakari)라는 문구와 “100% 국내산”이라는 인증 마크가 붙어 있다.",,,reused,reused_translation,alt_preprocessed_5.csv:qwen_3_deepl_KOR,,,,100%_국내산 / Lgrow / 농부 / 삽화 / 씨아나온_완전미_고시하카리,5,"농부들의 빈티지 일러스트와 ""100% domestic"" 로고가 새겨진 Lgrow 브랜드의 ""Cienan-Oh Wannjeo Goseihakari"" 쌀 4kg 봉지가 평범한 콘크리트 바닥 위에 놓여 있다.","A 4 kg bag of Lgrow brand ""Cienan-Oh Wannjeo Goseihakari"" rice, featuring a vintage illustration of farmers and a ""100% domestic"" seal, is displayed on a plain concrete surface.",,ok,translated,vlm + deepl_api,latin_text_with_quoted_names,False,,100%_국내산 인증 / Lgrow 표기 / 그리다 씨아나온_완전미_고시하카리 / 농부 한국 / 문구 100%_국내산,5,"""Lgrow"" 브랜드의 ""GriDa"" 쌀 4kg 봉지로, 시골 풍경 속에서 일하는 농부들의 일러스트가 그려져 있으며, 라벨에는 ""100% domestic""와 ""100% domestic certified,""라고 표기되어 있다.","A 4 kg bag of ""Lgrow"" brand ""GriDa"" rice, labeled as ""100% domestic"" and ""100% domestic certified,"" featuring an illustration of farmers in a rural setting.",,ok,translated,vlm + deepl_api,latin_text_with_quoted_names,False,,100%_국내산 인증 마크 / 4kg 쌀 봉지 / Lgrow 표기 흰색 / 그리다 씨아나온_완전미_고시하카리 문구 / 농부 한국 전통,5,"한국의 전통적인 농사 풍경과 ""100% domestic"" 인증 마크가 그려진 Lgrow 브랜드의 ""GriDa"" 쌀 4kg 흰색 봉지가 평범한 콘크리트 바닥 위에 놓여 있다.","A 4kg white bag of Lgrow brand ""GriDa"" rice, featuring a traditional Korean farming scene and a ""100% domestic"" certification mark, is displayed on a plain concrete surface.",,ok,translated,vlm + deepl_api,latin_text_with_quoted_names,False,,True
fruits_nuts_rice,qwen3,5051031,2,Qwen/Qwen3-VL-2B-Instruct,kurly_5051031_2.jpg,fruits_nuts_rice/images/kurly_5051031_2.jpg,,matched,,0,한 손이 유리 그릇에 담긴 흰 쌀을 검은 테두리가 있는 흰 에나멜 냄비에 퍼 붓고 있다.,,,reused,reused_translation,alt_preprocessed_5.csv:qwen_3_deepl_KOR,,,,냄비 / 손 / 에나멜 / 푸다 / 희다,5,한 손이 유리 그릇에 담긴 흰 쌀을 검은 테두리가 있는 흰 에나멜 냄비에 퍼 붓고 있다.,A hand pours white rice from a glass bowl into a white enamel pot with a black rim.,,ok,translated,vlm + deepl_api,latin_text_present,False,,검다 테두리 / 냄비 푸다 / 손 유리 / 에나멜 냄비 / 유리 담기다,5,한 손이 투명한 유리 그릇에서 흰 쌀을 검은 테두리가 있는 흰색 에나멜 코팅 냄비로 퍼 붓고 있다.,A hand pours white rice from a clear glass bowl into a white enamel-coated pot with a black rim.,,ok,translated,vlm + deepl_api,latin_text_present,False,,검다 테두리 희다 / 담기다 희다 쌀 / 손 유리 담기다 / 쌀 검다 테두리 / 에나멜 냄비 푸다,5,한 손이 유리 그릇에 담긴 흰 쌀을 검은 테두리가 있는 흰 에나멜 냄비에 퍼 붓고 있다.,A hand pours white rice from a glass bowl into a white enamel pot with a black rim.,,ok,translated,vlm + deepl_cached_translation,latin_text_present,False,,True
fruits_nuts_rice,qwen3,5051038,1,Qwen/Qwen3-VL-2B-Instruct,kurly_5051038_1.jpg,fruits_nuts_rice/images/kurly_5051038_1.jpg,상품-대표-이미지 1,matched,,0,"“백진주”라고 적힌 파란색 10kg 쌀 포대. 포대에는 흰색 원형 무늬와 조개 껍데기 안에 들어 있는 쌀알의 작은 일러스트가 그려져 있으며, 밝은 회색 바탕 위에 놓여 있고 그 옆에는 작은 밥그릇이 놓여 있다.",,,reused,reused_translation,alt_preprocessed_5.csv:qwen_3_deepl_KOR,,,,포대 / 껍데기 / 원형 / 일러스트 / 조개,5,"조개 그림이 그려진 원형 디자인의 파란색 10kg ""Baejinju"" 쌀 봉지가 밝은 색상의 표면 위에 놓여 있고, 그 옆에는 작은 그릇에 담긴 밥이 놓여 있다.","A blue bag of 10 kg ""Baejinju"" rice, featuring a circular design with a shell illustration, is displayed on a light surface with a small bowl of rice beside it.",,ok,translated,vlm + deepl_api,latin_text_with_quoted_names,False,,10kg 쌀 / 그리다 밝다 / 껍데기 안 / 들다 쌀알 / 무늬 조개,5,"조개 껍데기 디자인과 ‘""백진주""(백진주)’라는 한국어 문구가 적힌 파란색 ""L'grow"" 브랜드 10kg 쌀 포대가 밝은 회색 바탕 위에 놓여 있고, 그 옆에는 작은 밥그릇에 담긴 밥이 놓여 있다.","A blue 10kg bag of ""L'grow"" brand rice, featuring a design with a clamshell and the Korean text ""백진주"" (Baekjinju), is displayed on a light gray surface with a small bowl of rice beside it.",,ok,translated,vlm + deepl_api,latin_text_with_quoted_names,False,,10kg 쌀 포대 / 그리다 밝다 회색 / 껍데기 안 들다 / 들다 쌀알 작다 / 무늬 조개 껍데기,5,"조개 그림이 그려진 흰색 원형 디자인이 특징인 ""L'grow"" 브랜드의 파란색 10kg 쌀 포대가, 작은 그릇에 담긴 쌀알들 옆의 밝은 회색 바탕 위에 놓여 있다.","A blue 10kg bag of ""L'grow"" brand rice, featuring a white circular design with a shell illustration, is displayed on a light gray surface next to a small bowl of rice grains.",,ok,translated,vlm + deepl_api,latin_text_with_quoted_names,False,,True
fruits_nuts_rice,qwen3,5051038,2,Qwen/Qwen3-VL-2B-Instruct,kurly_5051038_2.jpg,fruits_nuts_rice/images/kurly_5051038_2.jpg,,matched,,0,흰 쌀알로 가득 찬 하얀 그릇. 연회색 표면 위에는 쌀알 몇 알이 흩어져 있다.,,,reused,reused_translation,alt_preprocessed_5.csv:qwen_3_deepl_KOR,,,,쌀알 / 알 / 몇 / 차다 / 표면,5,"흰 쌀알로 가득 찬 하얀 그릇에, 연회색 표면 위로 쌀알 몇 알이 흩어져 있다.","A white bowl filled with white rice grains, with a few scattered on the light gray surface.",,ok,translated,vlm + deepl_api,latin_text_present,False,,쌀알 몇 / 알 흩어지다 / 표면 쌀알 / 차다 회색 / 몇 알,5,"흰 쌀알로 가득 찬 하얀 그릇에, 연회색 표면 위로 쌀알 몇 알이 흩어져 있다.","A white bowl filled with white rice grains, with a few scattered on the light gray surface.",,ok,translated,vlm + deepl_cached_translation,latin_text_present,False,,몇 알 흩어지다 / 쌀알 몇 알 / 표면 쌀알 몇 / 회색 표면 쌀알 / 가득 차다 회색,5,"흰 쌀알로 가득 찬 하얀 그릇에, 연회색 바탕 위에 쌀알 몇 알이 흩어져 있다.","A white bowl filled with white rice grains, with a few scattered on a light gray surface.",,ok,translated,vlm + deepl_api,latin_text_present,False,,True
fruits_nuts_rice,qwen3,5052626,1,Qwen/Qwen3-VL-2B-Instruct,kurly_5052626_1.jpg,fruits_nuts_rice/images/kurly_5052626_1.jpg,상품-대표-이미지 1,matched,,0,밝은 회색 바탕 위에 나무 상자 하나와 “IT’S REAL SEVEN” 혼합 견과류 개별 포장 두 개가 진열되어 있다.,,,reused,reused_translation,alt_preprocessed_5.csv:qwen_3_deepl_KOR,,,,IT’S_REAL_SEVEN / 개별 / 진열 / 포장 / 혼합,5,"밝은 회색 바탕 위에 밝은 색상의 나무 상자와 ""IT'S REAL SEVEN"" 혼합 견과류 개별 포장 2개가 진열되어 있다.","A light-colored wooden box and two individual packages of ""IT'S REAL SEVEN"" mixed nuts are displayed on a light gray surface.",,ok,translated,vlm + deepl_api,latin_text_with_quoted_names,False,,2개 진열 / IT’S_REAL_SEVEN 혼합 / 개별 포장 / 견과 개별 / 나무 상자,5,"밝은 색상의 나무 상자와 ""IT'S REAL SEVEN"" 혼합 견과류 개별 포장 2개, 그리고 밝은 회색 바탕 위에 흩어져 있는 견과류와 작은 흰색 사탕들.","A light-colored wooden box and two individual packages of ""IT'S REAL SEVEN"" mixed nuts, with scattered nuts and small white candies on a light gray surface.",,ok,translated,vlm + deepl_api,latin_text_with_quoted_names,False,,IT’S_REAL_SEVEN 혼합 견과 / 개별 포장 2개 / 견과 개별 포장 / 나무 상자 IT’S_REAL_SEVEN / 밝다 회색 나무,5,"밝은 색상의 나무 상자와 ""IT'S REAL SEVEN"" 혼합 견과류 개별 포장 2개, 그리고 밝은 회색 바탕 위에 흩어져 있는 견과류와 작은 흰색 사탕들.","A light-colored wooden box and two individual packages of ""IT'S REAL SEVEN"" mixed nuts, with scattered nuts and small white candies on a light gray surface.",,ok,translated,vlm + deepl_cached_translation,latin_text_with_quoted_names,False,,True
fruits_nuts_rice,qwen3,5052626,2,Qwen/Qwen3-VL-2B-Instruct,kurly_5052626_2.jpg,fruits_nuts_rice/images/kurly_5052626_2.jpg,,matched,,0,"견과류와 씨앗이 섞인 “IT’S REAL SEVEN” 스낵바 3개가 연회색 바탕 위에 진열되어 있습니다. 포장지는 흰색 바탕에 금색과 녹색 글씨가 인쇄되어 있으며, 스낵바들이 포장지 주위에 흩어져 있는 모습이 보입니다.",,,reused,reused_translation,alt_preprocessed_5.csv:qwen_3_deepl_KOR,,,,바 / 스낵 / 포장지 / 글씨 / 인쇄,5,"다양한 견과류와 씨앗이 들어간 ""IT'S REAL SEVEN"" 베리 및 요거트 스낵바 3개가 연회색 바탕 위에 진열되어 있다.","Three packages of ""IT'S REAL SEVEN"" berry and yogurt snack bars, featuring various nuts and seeds, are displayed on a light gray surface.",,ok,translated,vlm + deepl_api,latin_text_with_quoted_names,False,,스낵 바 / 3개 회색 / IT’S_REAL_SEVEN 스낵 / 글씨 인쇄 / 금색 녹색,5,"견과류와 씨앗이 섞인 ""IT'S REAL SEVEN"" 스낵바 3개의 흰색 포장지가, 견과류와 작은 흰색 사탕이 흩뿌려진 밝은 회색 바탕 위에 진열되어 있다.","Three white packages of ""IT'S REAL SEVEN"" snack bars, featuring a mix of nuts and seeds, are displayed on a light gray surface with scattered nuts and small white candies.",,ok,translated,vlm + deepl_api,latin_text_with_quoted_names,False,,3개 회색 진열 / IT’S_REAL_SEVEN 스낵 바 / 견과 씨앗 섞이다 / 글씨 인쇄 스낵 / 금색 녹색 글씨,5,"견과류와 씨앗이 섞인 ""IT'S REAL SEVEN"" 스낵바 3개의 흰색 포장지가 밝은 회색 바탕 위에 진열되어 있다.","Three white packages of ""IT'S REAL SEVEN"" snack bars, featuring a mix of nuts and seeds, are displayed on a light gray surface.",,ok,translated,vlm + deepl_api,latin_text_with_quoted_names,False,,True
fruits_nuts_rice,qwen3,5053663,1,Qwen/Qwen3-VL-2B-Instruct,kurly_5053663_1.jpg,fruits_nuts_rice/images/kurly_5053663_1.jpg,상품-대표-이미지 1,matched,,0,"“야채혼배남”(쌀의 한 종류)이라고 적힌 오크라이스(OkRice) 브랜드의 커다란 보라색 쌀 봉지 옆에, 작은 밥그릇과 나무 숟가락이 놓여 있다.",,,reused,reused_translation,alt_preprocessed_5.csv:qwen_3_deepl_KOR,,,,쌀 / 야채혼배남 / 오크라이스 / 종류 / 보라색,5,"보라색을 띠는 쌀인 ""Ok Rice"" 브랜드의 ""Jung-yeon"" 쌀이 담긴 보라색 봉지가, 밝은 회색 바탕 위에 작은 밥그릇과 나무 숟가락과 함께 놓여 있다.","A purple bag of ""Ok Rice"" brand ""Jung-yeon"" rice, a type of rice with a purple hue, is shown with a small bowl of rice and wooden spoon on a light gray surface.",,ok,translated,vlm + deepl_api,latin_text_with_quoted_names,False,,밥그릇 나무 / 브랜드 보라색 / 쌀 종류 / 야채혼배남 쌀 / 오크라이스 브랜드,5,"밝은 회색 바탕 위에 ""Ok Rice"" 브랜드의 ""Jung-yeon"" (야채혼배남 쌀) 쌀이 든 10kg짜리 보라색 봉지와 작은 밥그릇, 나무 숟가락이 놓여 있다.","A purple bag of ""Ok Rice"" brand ""Jung-yeon"" (야채혼배남 쌀) rice, weighing 10 kg, is displayed with a small bowl of rice and a wooden spoon on a light gray surface.",,ok,translated,vlm + deepl_api,latin_text_with_parenthetical_labels_review,False,,밥그릇 나무 숟가락 / 봉지 옆 작다 / 브랜드 보라색 쌀 / 쌀 종류 적히다 / 야채혼배남 쌀 종류,5,"밝은 회색 바탕 위에 ""Ok Rice"" 브랜드의 ""Janggyeong"" 쌀이 든 보라색 봉지가 놓여 있고, 그 옆에는 작은 밥그릇과 나무 숟가락이 놓여 있다.","A purple bag of ""Ok Rice"" brand ""Janggyeong"" rice, with a small bowl of rice and wooden spoon beside it, on a light gray surface.",,ok,translated,vlm + deepl_api,latin_text_with_quoted_names,False,,True
fruits_nuts_rice,qwen3,5053663,2,Qwen/Qwen3-VL-2B-Instruct,kurly_5053663_2.jpg,fruits_nuts_rice/images/kurly_5053663_2.jpg,,matched,,0,흰 쌀밥이 가득 담긴 흰 그릇에 나무 숟가락이 꽂혀 있다.,,,reused,reused_translation,alt_preprocessed_5.csv:qwen_3_deepl_KOR,,,,희다 / 꽂히다 / 쌀밥 / 숟가락 / 나무,5,흰 쌀밥이 가득 담긴 흰 그릇에 나무 숟가락 하나가 놓여 있다.,"A white bowl filled with white rice, with a wooden spoon resting in it.",,ok,translated,vlm + deepl_api,latin_text_present,False,,숟가락 꽂히다 / 희다 나무 / 나무 숟가락 / 쌀밥 가득 / 희다 쌀밥,5,"흰 쌀밥이 가득 담긴 흰 그릇 안에 나무 숟가락이 놓여 있어, 쌀알들이 잘 드러나 있다.","A white bowl filled with white rice, with a wooden spoon resting inside, showcasing the rice grains.",,ok,translated,vlm + deepl_api,latin_text_present,False,,나무 숟가락 꽂히다 / 담기다 희다 나무 / 희다 나무 숟가락 / 가득 담기다 희다 / 쌀밥 가득 담기다,5,"흰 쌀밥이 가득 담긴 흰 그릇 안에, 끈으로 묶인 나무 숟가락이 놓여 있다.","A white bowl filled with white rice, with a wooden spoon resting inside, tied with a piece of twine.",,ok,translated,vlm + deepl_api,latin_text_present,False,,True
fruits_nuts_rice,qwen3,5056014,1,Qwen/Qwen3-VL-2B-Instruct,kurly_5056014_1.jpg,fruits_nuts_rice/images/kurly_5056014_1.jpg,상품-대표-이미지 1,matched,,0,"나무 도마 위에는 신선한 복숭아 몇 개가 놓여 있는데, 그중 일부는 통째로 있고 하나는 반으로 잘려 있으며, 주변에는 잎사귀 몇 장이 흩어져 있다. 도마 위에는 칼 한 자루가 놓여 있다.",,,reused,reused_translation,alt_preprocessed_5.csv:qwen_3_deepl_KOR,,,,도마 / 자루 / 칼 / 장 / 복숭아,5,"나무 도마 위에는 신선한 복숭아 몇 개가 놓여 있는데, 그중 일부는 통째로 있고 하나는 반으로 잘려 있으며, 그 옆의 질감이 느껴지는 표면 위에는 칼이 놓여 있다.","A wooden cutting board holds several fresh peaches, some whole and one cut in half, with a knife resting beside them on a textured surface.",,ok,translated,vlm + deepl_api,latin_text_present,False,,도마 칼 / 잘리다 주변 / 칼 자루 / 흩어지다 도마 / 도마 복숭아,5,"나무 도마 위에는 신선한 복숭아 몇 개가 놓여 있는데, 그중 일부는 통째로 있고 하나는 반으로 잘려 있으며, 그 옆에는 칼 한 자루가 놓여 있다. 이 모든 것이 나뭇잎이 흩뿌려진 질감 있는 표면 위에 정갈하게 배열되어 있다.","A wooden cutting board holds several fresh peaches, some whole and one cut in half, with a knife resting beside them, all arranged on a textured surface with scattered leaves.",,ok,translated,vlm + deepl_api,latin_text_present,False,,도마 칼 자루 / 반 잘리다 주변 / 잘리다 주변 잎사귀 / 장 흩어지다 도마 / 흩어지다 도마 칼,5,"밝은 색의 표면 위에 나무 도마가 놓여 있고, 그 위에는 통째로 있는 것과 반으로 자른 것이 섞여 있는 신선한 복숭아 몇 개가 놓여 있으며, 그 옆에는 칼 한 자루가 놓여 있고, 주변에는 녹색 잎사귀들이 흩어져 있다.","A wooden cutting board holds several fresh peaches, some whole and some halved, with a knife resting beside them, surrounded by scattered green leaves on a light-colored surface.",,ok,translated,vlm + deepl_api,latin_text_present,False,,True
fruits_nuts_rice,qwen3,5056014,2,Qwen/Qwen3-VL-2B-Instruct,kurly_5056014_2.jpg,fruits_nuts_rice/images/kurly_5056014_2.jpg,,matched,,0,"나무 도마 위에는 신선한 복숭아 몇 개가 놓여 있는데, 그중 일부는 통째로 있고, 하나는 반으로 잘려 과즙이 가득한 속이 드러나 있다. 도마 옆에는 칼이 놓여 있고, 주변에는 푸른 잎사귀 몇 장이 흩어져 있다.",,,reused,reused_translation,alt_preprocessed_5.csv:qwen_3_deepl_KOR,,,,도마 / 칼 / 속 / 장 / 복숭아,5,"나무 도마 위에는 신선한 복숭아 몇 개가 놓여 있는데, 그중 하나는 반으로 잘려 과즙이 가득한 속살이 드러나 있으며, 밝은 색의 천 위에는 칼과 푸른 잎사귀 몇 장이 흩어져 있다.","A wooden cutting board holds several fresh peaches, one of which is sliced in half to reveal its juicy interior, with a knife and a few green leaves scattered around on a light-colored cloth.",,ok,translated,vlm + deepl_api,latin_text_present,False,,도마 옆 / 옆 칼 / 칼 주변 / 도마 복숭아 / 드러나다 도마,5,"나무 도마 위에는 신선한 복숭아 몇 개가 놓여 있는데, 그중 하나는 반으로 갈라져 과즙이 가득한 속이 드러나 있고, 칼 한 자루가 도마 옆에 놓여 있다.","A wooden cutting board holds several fresh peaches, one of which is sliced open to reveal its juicy interior, with a knife resting nearby on the board.",,ok,translated,vlm + deepl_api,latin_text_present,False,,도마 옆 칼 / 드러나다 도마 옆 / 속 드러나다 도마 / 옆 칼 주변 / 칼 주변 잎사귀,5,"나무 도마 위에는 신선한 복숭아 몇 개가 놓여 있는데, 그중 하나는 반으로 갈라져 과즙이 흐르는 속살이 드러나 있고, 주변에는 칼과 푸른 잎사귀 몇 장이 흩어져 있다.","A wooden cutting board holds several fresh peaches, one of which is sliced open to reveal its juicy interior, with a knife and a few green leaves scattered around.",,ok,translated,vlm + deepl_api,latin_text_present,False,,True
fruits_nuts_rice,qwen3,5061259,1,Qwen/Qwen3-VL-2B-Instruct,kurly_5061259_1.jpg,fruits_nuts_rice/images/kurly_5061259_1.jpg,상품-대표-이미지 1,matched,,0,"파란 천이 덮인 빨간 사과 한 그릇과, 대리석 조리대 위에 흩어져 있는 사과 몇 개.",,,reused,reused_translation,alt_preprocessed_5.csv:qwen_3_deepl_KOR,,,,사과 / 대 / 조리 / 덮이다 / 대리석,5,"빨간 사과가 담긴 바구니. 일부는 파란 천 위에 놓여 있고, 몇 개는 대리석 표면 위에 놓여 있어, 신선하고 아늑한 주방 풍경을 연상시킨다.","A basket of red apples, some resting on a blue cloth, with a few on a marble surface, suggesting a fresh, homey kitchen scene.",,ok,translated,vlm + deepl_api,latin_text_present,False,,대 흩어지다 / 대리석 조리 / 덮이다 사과 / 사과 대리석 / 조리 대,5,"소박한 금속 체에 신선한 빨간 사과가 가득 담겨 있고, 그중 일부는 파란 천 위에 놓여 있으며, 대리석 조리대 위에는 사과 몇 개가 흩어져 있다.","A rustic metal colander filled with fresh red apples, some resting on a blue cloth, with a few apples scattered on a marble countertop.",,ok,translated,vlm + deepl_api,latin_text_present,False,,대 흩어지다 사과 / 대리석 조리 대 / 덮이다 사과 대리석 / 사과 대리석 조리 / 조리 대 흩어지다,5,"소박한 금속 체에 신선한 빨간 사과가 가득 담겨 있고, 그중 일부는 파란 천 위에 놓여 있으며, 대리석 조리대 위에는 사과 몇 개가 흩어져 있다.","A rustic metal colander filled with fresh red apples, some resting on a blue cloth, with a few apples scattered on a marble countertop.",,ok,translated,vlm + deepl_cached_translation,latin_text_present,False,,True
fruits_nuts_rice,qwen3,5061259,2,Qwen/Qwen3-VL-2B-Instruct,kurly_5061259_2.jpg,fruits_nuts_rice/images/kurly_5061259_2.jpg,,matched,,0,"반사되는 흰색 표면 위에 놓인 싱싱한 빨간 사과들의 클로즈업 사진으로, 배경에는 사과가 더 들어 있는 파란색 천 가방이 보인다. 사과 주변에는 나무 붓, 육두구, 스타 아니스가 흩어져 있다.",,,reused,reused_translation,alt_preprocessed_5.csv:qwen_3_deepl_KOR,,,,사과 / 가방 / 반사 / 붓 / 스타,5,"반사되는 표면 위에 놓인 갓 수확한 붉은 사과들의 클로즈업 사진으로, 배경에는 사과가 더 들어 있는 파란색 천 가방과 나무 붓, 그리고 흩어져 있는 스타아니스와 육두구가 보인다.","A close-up of fresh red apples on a reflective surface, with a blue cloth bag containing more apples in the background, a wooden brush, and scattered star anise and nutmeg.",,ok,translated,vlm + deepl_api,latin_text_present,False,,가방 보이다 / 나무 붓 / 들다 파란색 / 반사 흰색 / 배경 사과,5,"반사되는 흰색 표면 위에 놓인 싱싱한 빨간 사과들의 클로즈업 사진으로, 배경에는 사과가 더 들어 있는 파란색 천 가방과 나무 붓, 그리고 흩어져 있는 스타아니스와 육두구가 보인다.","A close-up of fresh red apples on a reflective white surface, with a blue cloth bag containing more apples in the background, a wooden brush, and scattered star anise and nutmeg.",,ok,translated,vlm + deepl_api,latin_text_present,False,,가방 보이다 사과 / 나무 붓 육두구 / 더 들다 파란색 / 들다 파란색 천 / 반사 흰색 표면,5,"반사되는 흰색 표면 위에 놓인 싱싱한 빨간 사과들의 클로즈업 사진으로, 배경에는 사과가 더 들어 있는 파란색 천 가방과 나무 붓, 그리고 흩어져 있는 스타아니스와 육두구가 보인다.","A close-up of fresh red apples on a reflective white surface, with a blue cloth bag containing more apples in the background, a wooden brush, and scattered star anise and nutmeg.",,ok,translated,vlm + deepl_cached_translation,latin_text_present,False,,True
fruits_nuts_rice,qwen3,5063578,1,Qwen/Qwen3-VL-2B-Instruct,kurly_5063578_1.jpg,fruits_nuts_rice/images/kurly_5063578_1.jpg,상품-대표-이미지 1,matched,,0,"흰색 나무 상판 위에 싱싱한 붉은 체리 토마토 한 그릇이 놓여 있고, 그 주위에는 토마토 몇 개가 흩어져 있다.",,,reused,reused_translation,alt_preprocessed_5.csv:qwen_3_deepl_KOR,,,,토마토 / 상판 / 체리 / 주위 / 붉다,5,"흰색 나무 상판 위에 신선한 붉은 체리 토마토가 담긴 그릇이 놓여 있고, 그릇 주변에도 몇 개가 흩어져 있다.","A bowl of fresh, red cherry tomatoes sits on a white wooden surface, with a few scattered around the bowl.",,ok,translated,vlm + deepl_api,latin_text_present,False,,나무 상판 / 상판 붉다 / 주위 토마토 / 토마토 몇개 / 토마토 주위,5,"흰색 나무 상판 위에 신선한 붉은 체리 토마토가 담긴 그릇이 놓여 있고, 그릇 주변에도 몇 개가 흩어져 있다.","A bowl of fresh, red cherry tomatoes sits on a white wooden surface, with a few scattered around the bowl.",,ok,translated,vlm + deepl_cached_translation,latin_text_present,False,,나무 상판 붉다 / 상판 붉다 체리 / 주위 토마토 몇개 / 체리 토마토 주위 / 토마토 몇개 흩어지다,5,"흰색 나무 상판 위에 신선한 붉은 체리 토마토가 담긴 그릇이 놓여 있고, 그릇 주변에도 몇 개가 흩어져 있다.","A bowl of fresh, red cherry tomatoes sits on a white wooden surface, with a few scattered around the bowl.",,ok,translated,vlm + deepl_cached_translation,latin_text_present,False,,True
fruits_nuts_rice,qwen3,5063578,2,Qwen/Qwen3-VL-2B-Instruct,kurly_5063578_2.jpg,fruits_nuts_rice/images/kurly_5063578_2.jpg,,matched,,0,"흰색 나무 받침대 위에 싱싱한 붉은 체리 토마토 한 그릇이 놓여 있고, 그 옆에는 반으로 자른 토마토 두 개와 통째로 남은 토마토 한 개가 놓여 있다.",,,reused,reused_translation,alt_preprocessed_5.csv:qwen_3_deepl_KOR,,,,토마토 / 남다 / 통 / 받침대 / 자르다,5,"흰색 나무 받침대 위에, 일부는 통째로, 일부는 반으로 자른 싱싱한 붉은 체리 토마토 한 그릇이 놓여 있다.","A bowl of fresh, red cherry tomatoes, some whole and some sliced in half, resting on a white wooden surface.",,ok,translated,vlm + deepl_api,latin_text_present,False,,2개 통 / 남다 토마토 / 받침대 붉다 / 옆 반 / 자르다 토마토,5,"흰색 나무 상판 위에 싱싱하고 붉은 통토마토와 반으로 자른 토마토가 담긴 그릇이 놓여 있고, 그 주변에는 토마토 몇 개가 더 흩어져 있다.","A bowl of fresh, red, whole and halved tomatoes sits on a white wooden surface, with a few more scattered nearby.",,ok,translated,vlm + deepl_api,latin_text_present,False,,2개 통 남다 / 나무 받침대 붉다 / 남다 토마토 1개 / 반 자르다 토마토 / 받침대 붉다 체리,5,"밝은 색의 나무 받침대 위에, 일부는 통째로, 일부는 반으로 자른 싱싱한 붉은 체리 토마토 한 그릇이 놓여 있다.","A bowl of fresh, red cherry tomatoes, some whole and some sliced in half, resting on a light-colored wooden surface.",,ok,translated,vlm + deepl_api,latin_text_present,False,,True
fruits_nuts_rice,qwen3,5063690,1,Qwen/Qwen3-VL-2B-Instruct,kurly_5063690_1.jpg,fruits_nuts_rice/images/kurly_5063690_1.jpg,상품-대표-이미지 1,matched,,0,"초록색 줄기가 달린 싱싱한 빨간 토마토가 담긴 바구니가 하얀 나무 받침대 위에 놓여 있고, 토마토 한 개는 바구니 밖으로 나와 있다.",,,reused,reused_translation,alt_preprocessed_5.csv:qwen_3_deepl_KOR,,,,바구니 / 토마토 / 나오다 / 밖 / 달리다,5,"푸른 줄기가 달린 싱싱한 빨간 토마토가 담긴 바구니가 하얀 나무 받침대 위에 놓여 있고, 토마토 한 개는 바구니 밖으로 빠져나와 있다.","A basket of fresh, red tomatoes with green stems, resting on a white wooden surface, with one tomato lying outside the basket.",,ok,translated,vlm + deepl_api,latin_text_present,False,,1개 바구니 / 달리다 토마토 / 담기다 바구니 / 바구니 나무 / 바구니 밖,5,"흰색 나무 받침대 위에 놓인, 줄기가 초록색인 싱싱한 빨간 토마토가 든 바구니와, 바구니 밖으로 하나 튀어나와 있는 토마토 한 개.","A basket of fresh, red tomatoes with green stems, resting on a white wooden surface, with one tomato placed outside the basket.",,ok,translated,vlm + deepl_api,latin_text_present,False,,1개 바구니 밖 / 나무 받침대 토마토 / 달리다 토마토 담기다 / 담기다 바구니 나무 / 바구니 나무 받침대,5,"흰색 나무 받침대 위에 놓인, 줄기가 초록색인 싱싱한 빨간 토마토가 든 바구니와, 바구니 밖으로 하나 튀어나와 있는 토마토 한 개.","A basket of fresh, red tomatoes with green stems, resting on a white wooden surface, with one tomato placed outside the basket.",,ok,translated,vlm + deepl_cached_translation,latin_text_present,False,,True
fruits_nuts_rice,qwen3,5063690,2,Qwen/Qwen3-VL-2B-Instruct,kurly_5063690_2.jpg,fruits_nuts_rice/images/kurly_5063690_2.jpg,,matched,,0,"신선하고 잘 익은 토마토를 반으로 자르면 과즙이 가득한 속이 드러나며, 그 옆에 토마토 한 조각이 놓여 있다. 흰색 나무 받침대 위에는 통째로 된 토마토 여러 개가 놓여 있고, 그 아래에는 토마토가 더 들어 있는 엮은 바구니와 흰색 천이 깔려 있다.",,,reused,reused_translation,alt_preprocessed_5.csv:qwen_3_deepl_KOR,,,,토마토 / 아래 / 엮다 / 흰색 / 깔리다,5,"반으로 자르고 한 조각을 썰어 놓은 싱싱한 빨간 토마토가 하얀 나무 받침대 위에 놓여 있고, 그 뒤의 엮은 바구니에는 통째로 된 토마토들이 더 들어 있다.","A fresh, red tomato, cut in half and a slice, rests on a white wooden surface, with more whole tomatoes in a woven basket behind it.",,ok,translated,vlm + deepl_api,latin_text_present,False,,되다 토마토 / 들다 엮다 / 바구니 흰색 / 받침대 통째 / 아래 토마토,5,"흰색 나무 받침대 위에 갓 수확한 붉은 토마토들이 통째로 또는 썰린 상태로 놓여 있는 클로즈업 사진으로, 배경에는 엮은 바구니와 흰색 천이 보인다.","A close-up of fresh, red tomatoes, including whole and sliced ones, arranged on a white wooden surface with a woven basket and a white cloth in the background.",,ok,translated,vlm + deepl_api,latin_text_present,False,,나무 받침대 통째 / 더 들다 엮다 / 되다 토마토 여러개 / 드러나다 옆 토마토 / 들다 엮다 바구니,5,"흰색 나무 받침대 위에 놓인 신선하고 잘 익은 토마토(통째로 된 것과 썰어 놓은 것 포함)의 클로즈업 사진으로, 배경에는 엮은 바구니와 천이 보인다.","A close-up of fresh, ripe tomatoes, including whole and sliced ones, arranged on a white wooden surface with a woven basket and a cloth in the background.",,ok,translated,vlm + deepl_api,latin_text_present,False,,True
fruits_nuts_rice,qwen3,5068728,1,Qwen/Qwen3-VL-2B-Instruct,kurly_5068728_1.jpg,fruits_nuts_rice/images/kurly_5068728_1.jpg,상품-대표-이미지 1,matched,,0,"흰색 리넨 식탁보 위에 흩뿌려진 싱싱하고 선명한 주황색 귤들이 놓여 있으며, 그중 하나는 반으로 잘려 과즙이 가득한 속이 드러나 있다.",,,reused,reused_translation,alt_preprocessed_5.csv:qwen_3_deepl_KOR,,,,리넨 / 식탁보 / 흩뿌리다 / 속 / 귤,5,"신선하고 선명한 주황색의 귤들이 흰색 리넨 식탁보 위에 흩어져 있는데, 그중 일부는 통째로 있고 하나는 반으로 잘려 있으며, 몇 개는 밝은 색의 표면 위에 놓여 있다.","A collection of fresh, bright orange mandarins, some whole and one cut in half, are scattered on a white linen cloth, with a few resting on a light-colored surface.",,ok,translated,vlm + deepl_api,latin_text_present,False,,귤 중 / 리넨 식탁보 / 식탁보 흩뿌리다 / 흩뿌리다 선명 / 흰색 리넨,5,"흰색 리넨 식탁보 위에는 싱싱하고 선명한 주황색 귤들이 흩어져 있는데, 그중 일부는 통째로 있고 하나는 반으로 잘려 있어, 심플하고 깔끔한 구도를 이루고 있다.","A collection of fresh, bright orange tangerines, some whole and one cut in half, are scattered on a white linen tablecloth, creating a simple and clean composition.",,ok,translated,vlm + deepl_api,latin_text_present,False,,귤 중 반 / 리넨 식탁보 흩뿌리다 / 식탁보 흩뿌리다 선명 / 주황색 귤 중 / 흩뿌리다 선명 주황색,5,"밝은 주황색 귤들이, 어떤 것은 통째로 있고 어떤 것은 반으로 잘린 채, 하얀 리넨 식탁보 위에 흩어져 있어 깔끔하고 생동감 넘치는 정물화를 연출하고 있다.","A collection of bright orange tangerines, some whole and one cut in half, are scattered on a white linen tablecloth, creating a clean and vibrant still life.",,ok,translated,vlm + deepl_api,latin_text_present,False,,True
fruits_nuts_rice,qwen3,5068728,2,Qwen/Qwen3-VL-2B-Instruct,kurly_5068728_2.jpg,fruits_nuts_rice/images/kurly_5068728_2.jpg,,matched,,0,"선명하고 밝은 주황색의 갓 딴 귤들이 한 무더기 쌓여 있는데, 그중 일부는 통째로 있고, 하나는 반으로 잘려 과즙이 가득한 귤 알이 드러나 있으며, 이 귤들은 밝은 색의 표면 위에 깔린 흰 천 위에 놓여 있다.",,,reused,reused_translation,alt_preprocessed_5.csv:qwen_3_deepl_KOR,,,,귤 / 따다 / 쌓이다 / 밝다 / 갓,5,"밝고 선명한 주황색의 갓 수확한 귤들이 한 무더기 쌓여 있는데, 그중 일부는 통째로 있고, 하나는 반으로 잘려 과즙이 가득한 속이 드러나 있으며, 이 귤들은 밝은 배경을 배경으로 흰 천 위에 놓여 있다.","A pile of fresh, bright orange mandarins, some whole and one cut in half to reveal its juicy interior, rests on a white cloth against a light background.",,ok,translated,vlm + deepl_api,latin_text_present,False,,갓 따다 / 귤 밝다 / 귤 알 / 깔리다 희다 / 드러나다 귤,5,"밝고 선명한 주황색의 갓 수확한 귤들이 한 무더기 쌓여 있는데, 그중 일부는 통째로 있고, 하나는 반으로 잘려 과즙이 가득한 귤 알갱이가 드러나 있다. 이 귤들은 밝은 배경을 배경으로 흰 천 위에 놓여 있다.","A pile of fresh, bright orange mandarins, some whole and one sliced in half to reveal its juicy, segmented interior, rests on a white cloth against a light background.",,ok,translated,vlm + deepl_api,latin_text_present,False,,가득 귤 알 / 갓 따다 귤 / 귤 무더기 쌓이다 / 귤 밝다 색 / 귤 알 드러나다,5,"밝고 선명한 주황색의 갓 딴 귤들이 한 무더기 쌓여 있는데, 그중 일부는 통째로 있고, 하나는 반으로 잘려 과즙이 가득한 귤 알갱이가 드러나 있다. 이 귤들은 밝은 배경을 배경으로 흰 천 위에 놓여 있다.","A pile of fresh, bright orange tangerines, some whole and one cut in half to reveal its juicy, segmented interior, rests on a white cloth against a light background.",,ok,translated,vlm + deepl_api,latin_text_present,False,,True
fruits_nuts_rice,qwen3,5070409,1,Qwen/Qwen3-VL-2B-Instruct,kurly_5070409_1.jpg,fruits_nuts_rice/images/kurly_5070409_1.jpg,상품-대표-이미지 1,matched,,0,4kg짜리 “Our Sweet & Soft Rice” 봉지 한 개와 그 옆에 놓인 작은 밥그릇이 밝은 회색 바탕 위에 함께 놓여 있다.,,,reused,reused_translation,alt_preprocessed_5.csv:qwen_3_deepl_KOR,,,,Our_Sweet_&_Soft_Rice / 함께 / 4kg / 밥그릇 / 1개,5,"밝은 회색 바탕 위에 ""Our Sweet & Soft Rice"" (달보드레쌀) 4kg 봉지 하나와 그 옆에 밥 한 그릇이 놓여 있다.","A 4kg bag of ""Our Sweet & Soft Rice"" (달보드레쌀) with a bowl of rice beside it, on a light gray surface.",,ok,translated,vlm + deepl_api,latin_text_with_parenthetical_labels_review,False,,1개 옆 / 4kg Our_Sweet_&_Soft_Rice / Our_Sweet_&_Soft_Rice 봉지 / 밥그릇 밝다 / 봉지 1개,5,"밝은 회색 바탕 위에 ""Our Sweet & Soft Rice"" (달보드레쌀) 4kg 봉지 하나와 그 옆에 밥 한 그릇이 놓여 있다.","A 4kg bag of ""Our Sweet & Soft Rice"" (달보드레쌀) with a bowl of rice beside it on a light gray surface.",,ok,translated,vlm + deepl_api,latin_text_with_parenthetical_labels_review,False,,1개 옆 작다 / 4kg Our_Sweet_&_Soft_Rice 봉지 / Our_Sweet_&_Soft_Rice 봉지 1개 / 밝다 회색 함께 / 밥그릇 밝다 회색,5,"밝은 회색 바탕 위에 ""Our Sweet & Soft Rice"" (달보드레쌀) 4kg 봉지 하나와 그 옆에 밥 한 그릇이 놓여 있다.","A 4kg bag of ""Our Sweet & Soft Rice"" (달보드레쌀) with a bowl of rice beside it on a light gray surface.",,ok,translated,vlm + deepl_cached_translation,latin_text_with_parenthetical_labels_review,False,,True
fruits_nuts_rice,qwen3,5070409,2,Qwen/Qwen3-VL-2B-Instruct,kurly_5070409_2.jpg,fruits_nuts_rice/images/kurly_5070409_2.jpg,,matched,,0,밝은 회색 배경 위에 흰 쌀알로 가득 찬 하얀 그릇이 놓여 있다.,,,reused,reused_translation,alt_preprocessed_5.csv:qwen_3_deepl_KOR,,,,배경 / 차다 / 쌀알 / 희다 / 가득,5,"질감이 느껴지는 밝은 배경 위에, 흰 쌀알로 가득 찬 하얀 그릇이 놓여 있다.","A white bowl filled with white rice grains, set against a light, textured background.",,ok,translated,vlm + deepl_api,latin_text_present,False,,배경 희다 / 회색 배경 / 쌀알 가득 / 희다 쌀알 / 가득 차다,5,"밝은 회색의 질감이 느껴지는 배경 위에, 흰 쌀알로 가득 찬 하얀 그릇이 놓여 있다.","A white bowl filled with white rice grains, set against a light gray, textured background.",,ok,translated,vlm + deepl_cached_translation,latin_text_present,False,,밝다 회색 배경 / 배경 희다 쌀알 / 회색 배경 희다 / 쌀알 가득 차다 / 희다 쌀알 가득,5,"밝은 회색의 질감이 느껴지는 배경 위에, 흰 쌀알로 가득 찬 하얀 그릇이 놓여 있다.","A white bowl filled with white rice grains, set against a light gray, textured background.",,ok,translated,vlm + deepl_cached_translation,latin_text_present,False,,True
fruits_nuts_rice,qwen3,5094562,1,Qwen/Qwen3-VL-2B-Instruct,kurly_5094562_1.jpg,fruits_nuts_rice/images/kurly_5094562_1.jpg,상품-대표-이미지 1,matched,,0,"‘타무르 프리미엄 대추야자 디저트’의 개방형 우아한 주황색 상자로, 상자 안에는 다양한 종류의 대추야자가 격자 모양으로 정렬되어 있으며, 뚜껑에는 브랜드명과 슬로건이 적혀 있습니다.",,,reused,reused_translation,alt_preprocessed_5.csv:qwen_3_deepl_KOR,,,,상자 / 개방 / 대추야자 / 슬로건 / 정렬,5,"‘""TAMUR""’라고 적힌, 개방형이며 따뜻한 색조의 선물 상자로, ‘""Premium Dates Dessert""’라는 문구와 정갈하게 배열된 날짜가 새겨져 있어 고급스러운 경험을 선사합니다.","An open, warm-toned gift box labeled ""TAMUR"" with a ""Premium Dates Dessert"" inscription and neatly arranged dates, showcasing a luxurious experience.",,ok,translated,vlm + deepl_api,latin_text_with_quoted_names,False,,개방 주황색 / 대추야자 격자 / 뚜껑 브랜드 / 명 슬로건 / 모양 정렬,5,"밝은 색상의 바탕 위에, 12개의 칸으로 나뉜 격자 무늬가 있는 개방형 연한 갈색 직사각형 선물 상자가 놓여 있으며, 각 칸에는 서로 다른 종류의 대추야자가 들어 있습니다. 상자 뚜껑에는 브랜드명 ‘""TAMUR""’와 슬로건이 적혀 있고, 닫힌 뚜껑에는 브랜드 로고와 ‘""Premium Dates Dessert.""’라는 문구가 적혀 있습니다.","An open, light brown, rectangular gift box with a grid of 12 compartments, each containing a different type of date, is displayed on a light-colored surface. The lid of the box features the brand name ""TAMUR"" and a slogan, while the closed lid has the brand logo and the text ""Premium Dates Dessert.""",,ok,translated,vlm + deepl_api,latin_text_with_quoted_names,False,,개방 주황색 상자 / 격자 모양 정렬 / 다양 종류 대추야자 / 대추야자 격자 모양 / 뚜껑 브랜드 명,5,"다양한 종류의 대추야자가 들어 있는 격자 모양의 칸으로 나뉜, 개방형 직사각형의 따뜻한 오렌지색 상자로, 뚜껑에는 브랜드명 ‘""TAMUR""’와 슬로건 ‘""TAMUR gives you a piece of luxurious experience""’가 적혀 있다.","An open, rectangular, warm orange box with a grid of compartments filled with various types of dates, with the brand name ""TAMUR"" and the tagline ""TAMUR gives you a piece of luxurious experience"" on the lid.",,ok,translated,vlm + deepl_api,latin_text_with_quoted_names,False,,True
fruits_nuts_rice,qwen3,5094562,2,Qwen/Qwen3-VL-2B-Instruct,kurly_5094562_2.jpg,fruits_nuts_rice/images/kurly_5094562_2.jpg,,matched,,0,"각기 다른 토핑이 얹어진 대추야자 12개가 나무 쟁반에 정갈하게 담겨 있는 고급스러운 선물 상자입니다. 상자는 따뜻하고 자연스러운 갈색 소재로 만들어졌으며, 뚜껑에는 “TAMUR가 여러분께 고급스러운 경험을 선사합니다”라는 문구가 적혀 있어 심플하면서도 우아한 디자인을 자랑합니다.",,,reused,reused_translation,alt_preprocessed_5.csv:qwen_3_deepl_KOR,,,,상자 / 12개 / TAMUR가_여러분께_고급스러운_경험을_선사합니다 / 각기 / 고급,5,"뚜껑에 ‘""TAMUR gives you a piece of luxurious experience""’라는 문구가 적혀 있는, 개방형으로 따뜻한 색감의 상자 안에 각각 다른 토핑이 얹어진 개별 포장된 대추야자 12개가 들어 있습니다.","An open, warm-toned box containing 12 individually wrapped dates, each with a different topping, with the text ""TAMUR gives you a piece of luxurious experience"" on the lid.",,ok,translated,vlm + deepl_api,latin_text_with_quoted_names,False,,12개 나무 / TAMUR가_여러분께_고급스러운_경험을_선사합니다 문구 / 각기 토핑 / 갈색 소재 / 고급 선물,5,"각기 다른 재료로 토핑된 대추야자 12개가 개별 포장되어 들어 있는 고급스러운 선물 상자로, ‘""TAMUR gives you a piece of luxurious experience""’라는 문구가 적힌 따뜻한 갈색 상자에 담겨 있습니다.","A luxurious gift box containing 12 individually wrapped dates, each topped with different ingredients, presented in a warm brown box with the text ""TAMUR gives you a piece of luxurious experience"".",,ok,translated,vlm + deepl_api,latin_text_with_quoted_names,False,,12개 나무 쟁반 / TAMUR가_여러분께_고급스러운_경험을_선사합니다 문구 적히다 / 각기 토핑 얹다 / 갈색 소재 만들다 / 고급 선물 상자,5,"테라코타 색상의 고급스러운 선물 상자로, 각각 다른 견과류와 설탕에 절인 과일이 얹어진 개별 포장된 대추야자 12개가 들어 있으며, 뚜껑에는 ‘""TAMUR gives you a piece of luxurious experience""’라는 문구가 적혀 있습니다.","A luxurious, terracotta-colored gift box containing 12 individually wrapped dates, each topped with different nuts and candied fruits, with the text ""TAMUR gives you a piece of luxurious experience"" on the lid.",,ok,translated,vlm + deepl_api,latin_text_with_quoted_names,False,,True
fruits_nuts_rice,qwen3,5121007,1,Qwen/Qwen3-VL-2B-Instruct,kurly_5121007_1.jpg,fruits_nuts_rice/images/kurly_5121007_1.jpg,상품-대표-이미지 1,matched,,0,"초록색 라벨과 한국어 문구가 적힌 유기농 쌀 한 봉지가 밝은 회색 바탕 위에 놓여 있고, 그 위에는 작은 밥그릇이 놓여 있다.",,,reused,reused_translation,alt_preprocessed_5.csv:qwen_3_deepl_KOR,,,,유기농 / 라벨 / 문구 / 초록색 / 한국어,5,"‘""Organic Rice""’라는 라벨이 붙은 흰색과 녹색의 유기농 쌀 봉지로, 밝은 회색 바탕 위에 밥 한 그릇이 그려져 있으며 한국어 문구가 적혀 있다.","A white and green bag of organic rice labeled ""Organic Rice"" with Korean text, featuring a bowl of rice above it on a light gray surface.",,ok,translated,vlm + deepl_api,latin_text_with_quoted_names,False,,유기농 쌀 / 적히다 유기농 / 초록색 라벨 / 회색 작다 / 라벨 한국어,5,"밝은 회색 바탕 위에 ‘""Organic Rice""’라고 적힌 흰색과 초록색 유기농 쌀 봉지와 그 위에 작은 밥그릇이 놓여 있다.","A white and green bag of organic rice labeled ""Organic Rice"" with a small bowl of rice above it on a light gray surface.",,ok,translated,vlm + deepl_api,latin_text_with_quoted_names,False,,라벨 한국어 문구 / 문구 적히다 유기농 / 밝다 회색 작다 / 쌀 봉지 밝다 / 유기농 쌀 봉지,5,"‘""Organic Rice""’라는 라벨이 붙은 흰색과 녹색의 유기농 쌀 봉지로, 밝은 회색 바탕 위에 밥 한 그릇이 그려져 있으며 한국어 문구가 적혀 있다.","A white and green bag of organic rice labeled ""Organic Rice"" with Korean text, featuring a bowl of rice above it on a light gray surface.",,ok,translated,vlm + deepl_cached_translation,latin_text_with_quoted_names,False,,True
fruits_nuts_rice,qwen3,5121007,2,Qwen/Qwen3-VL-2B-Instruct,kurly_5121007_2.jpg,fruits_nuts_rice/images/kurly_5121007_2.jpg,,matched,,0,밝은 회색 바탕 위에 흰 쌀알이 가득 담긴 하얀 그릇.,,,reused,reused_translation,alt_preprocessed_5.csv:qwen_3_deepl_KOR,,,,쌀알 / 희다 / 가득 / 담기다 / 밝다,5,흰 쌀알로 가득 차 신선하고 풍성해 보이는 하얀 그릇이 밝은 색의 받침 위에 놓여 있다.,"A white bowl filled with white rice grains, appearing fresh and full, sits on a light-colored surface.",,ok,translated,vlm + deepl_api,latin_text_present,False,,회색 희다 / 쌀알 가득 / 희다 쌀알 / 가득 담기다 / 밝다 회색,5,"밝은 회색의 질감이 느껴지는 표면 위에, 흰 쌀알로 가득 찬 하얀 그릇이 놓여 있다.","A white bowl filled with white rice grains, set on a light gray, textured surface.",,ok,translated,vlm + deepl_api,latin_text_present,False,,쌀알 가득 담기다 / 밝다 회색 희다 / 회색 희다 쌀알 / 희다 쌀알 가득,4,밝은 회색 바탕 위에 흰 쌀알로 가득 찬 하얀 그릇이 놓여 있다.,"A white bowl filled with white rice grains, set on a light gray surface.",,ok,translated,vlm + deepl_cached_translation,latin_text_present,False,,True
fruits_nuts_rice,qwen3,5132780,1,Qwen/Qwen3-VL-2B-Instruct,kurly_5132780_1.jpg,fruits_nuts_rice/images/kurly_5132780_1.jpg,상품-대표-이미지 1,matched,,0,"통키위 6개와 반으로 자른 키위 2개가 담긴 접시로, 녹색 과육과 검은 씨앗이 잘 드러나 있다.",,,reused,reused_translation,alt_preprocessed_5.csv:qwen_3_deepl_KOR,,,,6개 / 키 / 통키위 / 자르다 / 잘,5,"하얀 접시 위에 통째로 된 키위 6개와 반으로 자른 키위 2개가 담겨 있어, 푸른 과육과 검은 씨앗이 잘 드러나 있습니다.","A white plate holds six whole and two cut kiwi fruits, showcasing their green flesh and dark seeds.",,ok,translated,vlm + deepl_api,latin_text_present,False,,담기다 녹색 / 키 2개 / 통키위 6개 / 2개 담기다 / 6개 반,5,"하얀 접시 위에는 통째로 된 키위 6개와 반으로 잘라진 키위 2개가 놓여 있어, 푸른 과육과 검은 씨앗이 눈에 띕니다.","A white plate holds six whole kiwis and two cut halves, showcasing their green flesh and dark seeds.",,ok,translated,vlm + deepl_api,latin_text_present,False,,2개 담기다 녹색 / 과육 검다 씨앗 / 녹색 과육 검다 / 담기다 녹색 과육 / 자르다 키 2개,5,"흰 접시 위에는 통째로 된 키위 6개와 반으로 자른 키위 2개가 담겨 있어, 푸른 과육과 검은 씨앗이 잘 드러나 있다.","A white plate holds six whole and two cut kiwis, showcasing their green flesh and dark seeds.",,ok,translated,vlm + deepl_api,latin_text_present,False,,True
fruits_nuts_rice,qwen3,5132780,2,Qwen/Qwen3-VL-2B-Instruct,kurly_5132780_2.jpg,fruits_nuts_rice/images/kurly_5132780_2.jpg,,matched,,0,"통째로 6개와 반으로 자른 키위 1개가 담긴 접시로, 갈색의 보송보송한 껍질과 선명한 녹색 과육, 그리고 검은 씨앗이 잘 드러나 있다.",,,reused,reused_translation,alt_preprocessed_5.csv:qwen_3_deepl_KOR,,,,6개 / 그리고 / 보송보송 / 키 / 갈색,5,"갈색 키위 6개가 밝은 색 접시 위에 놓여 있는데, 그중 몇 개는 통째로 있고, 하나는 반으로 잘려 녹색 과육과 검은 씨앗이 드러나 있다.","Six brown kiwi fruits, some whole and one cut in half to reveal a green flesh and black seeds, are arranged on a light-colored plate.",,ok,translated,vlm + deepl_api,latin_text_present,False,,과육 그리고 / 그리고 검다 / 껍질 선명 / 담기다 갈색 / 선명 녹색,5,"흰색 접시 위에는 통째로 된 키위 6개와 반으로 자른 키위 1개가 놓여 있는데, 갈색의 보송보송한 껍질과 짙은 씨앗이 박힌 선명한 녹색 과육이 잘 드러나 있다.","A white plate holds six whole and one cut kiwi fruit, showcasing their brown, fuzzy skin and vibrant green flesh with dark seeds.",,ok,translated,vlm + deepl_api,latin_text_present,False,,1개 담기다 갈색 / 과육 그리고 검다 / 그리고 검다 씨앗 / 껍질 선명 녹색 / 녹색 과육 그리고,5,"하얀 접시 위에는 통째로 된 키위 6개와 반으로 자른 키위 1개가 놓여 있는데, 갈색의 보송보송한 껍질과 선명한 녹색 과육, 그리고 검은 씨앗이 잘 드러나 있다.","A white plate holds six whole and one cut kiwi fruit, showcasing their brown, fuzzy skin, bright green flesh, and dark seeds.",,ok,translated,vlm + deepl_api,latin_text_present,False,,True
fruits_nuts_rice,qwen3,5134096,1,Qwen/Qwen3-VL-2B-Instruct,kurly_5134096_1.jpg,fruits_nuts_rice/images/kurly_5134096_1.jpg,상품-대표-이미지 1,matched,,0,"밝은 회색 바탕 위에 10kg짜리 흰색 ‘KF365 컬리 프레시’ 쌀 봉지가 놓여 있고, 그 옆에는 그 쌀을 담은 작은 그릇이 놓여 있다.",,,reused,reused_translation,alt_preprocessed_5.csv:qwen_3_deepl_KOR,,,,쌀 / KF365_컬리_프레시 / 담다 / 10kg / 봉지,5,무게 10kg인 KF365 ‘컬리 프레시’ 쌀이 담긴 흰색 봉지와 그 옆에 작은 그릇에 담긴 쌀이 함께 보여진다.,"A white bag of KF365 Kurly Fresh rice, weighing 10kg, is shown with a small bowl of the rice beside it.",,ok,translated,vlm + deepl_api,latin_text_present,False,,10kg 흰색 / KF365_컬리_프레시 쌀 / 담다 작다 / 쌀 담다 / 옆 쌀,5,"10kg짜리 KF365 ‘커리 프레시’ 쌀이 담긴 흰색 봉지와, 밝은 회색 바탕 위에 그 쌀을 한 그릇 담은 작은 그릇이 옆에 놓여 있다.","A white bag of 10kg KF365 Kurly Fresh rice, with a small bowl of the rice beside it on a light gray surface.",,ok,translated,vlm + deepl_api,latin_text_present,False,,10kg 흰색 KF365_컬리_프레시 / KF365_컬리_프레시 쌀 봉지 / 밝다 회색 10kg / 봉지 옆 쌀 / 쌀 담다 작다,5,"보라색 줄무늬가 있고 안의 쌀이 보이는 원형 창이 있는 10kg짜리 KF365 ""Kurly Fresh"" 쌀이 담긴 흰색 봉지가, 같은 쌀이 가득 담긴 작은 흰색 그릇 옆의 밝은 회색 바탕 위에 놓여 있다.","A white bag of 10kg KF365 ""Kurly Fresh"" rice, featuring a purple stripe and a circular window showing the rice inside, is displayed on a light gray surface next to a small white bowl filled with the same rice.",,ok,translated,vlm + deepl_api,latin_text_with_quoted_names,False,,True
fruits_nuts_rice,qwen3,5134096,2,Qwen/Qwen3-VL-2B-Instruct,kurly_5134096_2.jpg,fruits_nuts_rice/images/kurly_5134096_2.jpg,,matched,,0,"밝은 회색 배경 위에, 흰 쌀알로 가득 찬 흰 그릇이 흰 접시 위에 놓여 있다.",,,reused,reused_translation,alt_preprocessed_5.csv:qwen_3_deepl_KOR,,,,희다 / 배경 / 차다 / 쌀알 / 가득,5,"흰색 접시 위에 흰 쌀알로 가득 찬 흰색 그릇이 놓여 있으며, 배경은 밝고 중립적인 색조입니다.","A white bowl filled with white rice grains sits on a white plate, with a light, neutral background.",,ok,translated,vlm + deepl_api,latin_text_present,False,,희다 희다 / 차다 희다 / 배경 희다 / 회색 배경 / 쌀알 가득,5,"밝은 회색 배경 위에, 흰 쌀알로 가득 찬 흰 그릇이 흰 접시 위에 놓여 있다.",A white bowl filled with white rice grains sits on a white plate against a light gray background.,,ok,translated,vlm + deepl_api,latin_text_present,False,,차다 희다 희다 / 가득 차다 희다 / 밝다 회색 배경 / 배경 희다 쌀알 / 회색 배경 희다,5,"밝은 회색 배경 위에, 흰 쌀알로 가득 찬 흰 그릇이 흰 접시 위에 놓여 있다.",A white bowl filled with white rice grains sits on a white plate against a light gray background.,,ok,translated,vlm + deepl_cached_translation,latin_text_present,False,,True
fruits_nuts_rice,qwen3,5159977,1,Qwen/Qwen3-VL-2B-Instruct,kurly_5159977_1.jpg,fruits_nuts_rice/images/kurly_5159977_1.jpg,상품-대표-이미지 1,matched,,0,"생기 넘치는 노란색 천 위에, 신선한 복숭아들이 놓여 있는데, 어떤 것은 통째로 있고 어떤 것은 반으로 잘려 과즙이 흐르는 속살이 드러나 있으며, 밝은 회색 바탕 위에 칼과 나뭇잎들이 흩어져 있다.",,,reused,reused_translation,alt_preprocessed_5.csv:qwen_3_deepl_KOR,,,,나뭇잎 / 넘치다 / 생기 / 속살 / 칼,5,"생기 넘치는 노란색 천 위에, 통째로 놓인 복숭아와 과즙이 즙이 가득한 속살이 드러나도록 반으로 자른 복숭아가 어우러져 있으며, 푸른 잎과 칼이 함께 배치되어 신선함과 자연의 풍요로움을 자아냅니다.","A vibrant yellow cloth with fresh peaches, some whole and some halved to reveal their juicy interiors, accompanied by green leaves and a knife, evoking a sense of freshness and natural abundance.",,ok,translated,vlm + deepl_api,latin_text_present,False,,나뭇잎 흩어지다 / 넘치다 노란색 / 노란색 천 / 드러나다 밝다 / 복숭아 통째,5,"생기 넘치는 노란색 천 위에, 통째로 있는 것도 있고 반으로 자른 것도 있는 싱싱한 복숭아들이 녹색 잎사귀와 칼과 함께 흩어져 있어, 자연의 풍요로움과 신선함을 자아냅니다.","A vibrant yellow cloth with fresh peaches, some whole and some halved, scattered with green leaves and a knife, evoking a sense of natural abundance and freshness.",,ok,translated,vlm + deepl_api,latin_text_present,False,,과즙 흐르다 속살 / 넘치다 노란색 천 / 노란색 천 복숭아 / 드러나다 밝다 회색 / 밝다 회색 칼,5,"밝은 회색 바탕 위에 싱그러운 복숭아들이 놓인 선명한 노란색 천이 펼쳐져 있는데, 복숭아 중 일부는 통째로 있고, 하나는 잘라져 씨앗이 드러나 있으며, 그 옆에는 칼 한 자루가 놓여 있다.","A vibrant yellow cloth with fresh peaches, some whole and one cut open to reveal the pit, is arranged on a light gray surface, with a knife resting beside them.",,ok,translated,vlm + deepl_api,latin_text_present,False,,True
fruits_nuts_rice,qwen3,5159977,2,Qwen/Qwen3-VL-2B-Instruct,kurly_5159977_2.jpg,fruits_nuts_rice/images/kurly_5159977_2.jpg,,matched,,0,"노란 천 위에 놓인 갓 수확한 복숭아 몇 개를 클로즈업한 사진으로, 그중 하나는 반으로 잘려 과즙이 가득한 속살이 드러나 있다. 복숭아에는 노란색과 붉은빛이 감돌며, 주변에는 푸른 잎사귀 몇 장이 흩어져 있다.",,,reused,reused_translation,alt_preprocessed_5.csv:qwen_3_deepl_KOR,,,,복숭아 / 감돌다 / 속살 / 수확 / 갓,5,"신선한 복숭아들의 클로즈업 샷으로, 그중 하나는 반으로 갈라져 과즙이 가득한 속살이 드러나 있으며, 녹색 잎사귀가 흩뿌려진 노란색 천 위에 놓여 있다.","A close-up of fresh peaches, one of which is sliced open to reveal its juicy interior, resting on a yellow cloth with green leaves.",,ok,translated,vlm + deepl_api,latin_text_present,False,,가득 속살 / 감돌다 주변 / 갓 수확 / 노란색 붉다 / 드러나다 복숭아,5,"노란색과 주황색이 섞인 색조에 붉은 빛이 감도는 신선하고 잘 익은 복숭아들의 클로즈업 샷으로, 그중 하나는 반으로 잘려 과즙이 가득한 속이 드러나 있으며, 녹색 잎사귀가 흩뿌려진 노란색 천 위에 놓여 있다.","A close-up of fresh, ripe peaches with a yellow-orange hue and red blush, one of which is sliced open to reveal its juicy interior, resting on a yellow cloth with green leaves.",,ok,translated,vlm + deepl_api,latin_text_present,False,,가득 속살 드러나다 / 감돌다 주변 잎사귀 / 갓 수확 복숭아 / 과즙 가득 속살 / 노란색 붉다 빛,5,"생기 넘치는 노란색과 빨간색을 띠는 신선하고 잘 익은 복숭아들의 클로즈업 샷으로, 그중 하나는 반으로 잘려 과즙이 가득한 속살이 드러나 있으며, 노란색 천 위에 놓여 있고 주변에는 녹색 잎사귀들이 흩어져 있다.","A close-up of fresh, ripe peaches with a vibrant yellow and red hue, one of which is sliced open to reveal its juicy interior, resting on a yellow cloth with green leaves scattered around.",,ok,translated,vlm + deepl_api,latin_text_present,False,,True
fruits_nuts_rice,qwen3,5162187,1,Qwen/Qwen3-VL-2B-Instruct,kurly_5162187_1.jpg,fruits_nuts_rice/images/kurly_5162187_1.jpg,상품-대표-이미지 1,matched,,0,"초록빛이 도는 껍질을 가진 싱싱한 주황색 귤 한 바구니가 질감이 느껴지는 흰색 천 위에 놓여 있고, 바구니 앞쪽에는 반으로 잘린 귤 두 개가 놓여 있다.",,,reused,reused_translation,alt_preprocessed_5.csv:qwen_3_deepl_KOR,,,,바구니 / 귤 / 도다 / 초록 / 가지다,5,"흰색의 질감이 느껴지는 천 위에, 신선하고 주황색과 초록색의 귤이 가득 담긴 짠 바구니가 놓여 있으며, 그중 두 개는 반으로 잘려 과즙이 흐르는 과육이 드러나 있다.","A woven basket filled with fresh, orange and green mandarins, with two cut halves revealing their juicy segments, resting on a white textured cloth.",,ok,translated,vlm + deepl_api,latin_text_present,False,,가지다 주황색 / 느끼다 흰색 / 도다 껍질 / 바구니 앞쪽 / 바구니 질감,5,"초록빛이 도는 껍질을 가진 작고 둥근 주황색 감귤류 과일들이 한 무더기 쌓여 있는데, 그중 일부는 껍질이 벗겨져 반으로 잘려 있으며, 흰색의 질감이 느껴지는 천 위에 놓인 엮은 바구니 안에 담겨 있다.","A pile of small, round, orange-colored citrus fruits with greenish skin, some peeled and cut in half, resting in a woven basket on a white textured cloth.",,ok,translated,vlm + deepl_api,latin_text_present,False,,가지다 주황색 귤 / 귤 바구니 질감 / 껍질 가지다 주황색 / 느끼다 흰색 천 / 도다 껍질 가지다,5,신선한 주황색 귤로 가득 찬 엮은 바구니. 그중 일부는 껍질이 벗겨져 질감이 느껴지는 흰색 천 위에 진열되어 있다.,"A woven basket filled with fresh, orange-colored tangerines, some of which are peeled and displayed on a white textured cloth.",,ok,translated,vlm + deepl_api,latin_text_present,False,,True
fruits_nuts_rice,qwen3,5162187,2,Qwen/Qwen3-VL-2B-Instruct,kurly_5162187_2.jpg,fruits_nuts_rice/images/kurly_5162187_2.jpg,,matched,,0,"흰 천 위에 놓인, 껍질이 일부는 초록색이고 일부는 주황색인 신선하고 둥근 귤 한 바구니. 그중 하나는 반으로 잘려 있어 과즙이 가득한 귤 조각이 드러나 있다.",,,reused,reused_translation,alt_preprocessed_5.csv:qwen_3_deepl_KOR,,,,귤 / 일부 / 둥글다 / 바구니 / 주황색,5,"흰 천 위에 놓인, 둥글고 주황색을 띠며 약간 푸른빛이 도는 귤 한 바구니. 그중 하나는 반으로 잘려 있어 과즙이 가득한 귤 조각들이 드러나 있다.","A basket of round, orange-colored tangerines with some greenish hues, with one cut in half to reveal its juicy segments, resting on a white cloth.",,ok,translated,vlm + deepl_api,latin_text_present,False,,껍질 일부 / 둥글다 귤 / 바구니 중 / 일부 주황색 / 일부 초록색,5,"흰색 식탁보 위에는 둥글고 주황색과 초록색을 띤 귤 한 바구니가 놓여 있는데, 그중 하나는 반으로 잘려 있어 과즙이 가득한 귤 조각들이 드러나 있다.","A basket of round, orange and green tangerines, with one cut in half to reveal its juicy segments, sits on a white cloth.",,ok,translated,vlm + deepl_api,latin_text_present,False,,귤 바구니 중 / 껍질 일부 초록색 / 둥글다 귤 바구니 / 바구니 중 반 / 일부 주황색 둥글다,5,흰 천 위에 놓인 둥글고 주황색과 초록색의 귤 한 바구니. 그중 하나는 반으로 잘려 있어 과즙이 가득한 귤 조각이 드러나 있다.,"A basket of round, orange and green tangerines, with one cut in half to reveal its juicy segments, resting on a white cloth.",,ok,translated,vlm + deepl_api,latin_text_present,False,,True
vegetables,hyperclovax,1000079725,1,naver-hyperclovax/HyperCLOVAX-SEED-Vision-Instruct-3B,kurly_1000079725_1.jpg,vegetables/images/kurly_1000079725_1.jpg,상품-대표-이미지 1,matched,,0,이미지에는 1.5kg 무게의 고구마가 담긴 상자가 있습니다.,,,reused,not_required,alt_preprocessed_5.csv:HyperCLOVAX_KOR,,,,1.5kg / 무게 / 상자 / 고구마 / 담기다,5,이미지에는 1.5kg 무게의 고구마가 담긴 상자가 있습니다.,,이미지에는 1.5kg 무게의 고구마가 담긴 상자가 있습니다.,ok,not_required,vlm,,False,,1.5kg 무게 / 무게 고구마 / 담기다 상자 / 고구마 담기다,4,이미지에는 1.5kg 무게의 고구마가 담긴 상자가 있습니다.,,이미지에는 1.5kg 무게의 고구마가 담긴 상자가 있습니다.,ok,not_required,vlm,,False,,1.5kg 무게 고구마 / 무게 고구마 담기다 / 고구마 담기다 상자,3,"이미지에는 고구마가 담긴 상자가 있습니다. 상자에는 고구마의 무게가 1.5kg임을 나타내는 글자가 적혀 있으며, 상자의 왼쪽은 초록색, 오른쪽은 주황색으로 되어 있습니다. 상자 위쪽에는 고구마의 이름인 '고구마'가 적혀 있고, 상자 아래쪽에는 고구마에 대한 설명이 적혀 있습니다.",,"이미지에는 고구마가 담긴 상자가 있습니다. 상자에는 고구마의 무게가 1.5kg임을 나타내는 글자가 적혀 있으며, 상자의 왼쪽은 초록색, 오른쪽은 주황색으로 되어 있습니다. 상자 위쪽에는 고구마의 이름인 '고구마'가 적혀 있고, 상자 아래쪽에는 고구마에 대한 설명이 적혀 있습니다.",ok,not_required,vlm,,False,,True
vegetables,hyperclovax,1000079725,2,naver-hyperclovax/HyperCLOVAX-SEED-Vision-Instruct-3B,kurly_1000079725_2.jpg,vegetables/images/kurly_1000079725_2.jpg,,matched,,0,이미지에는 고구마가 담긴 상자가 있습니다.,,,reused,not_required,alt_preprocessed_5.csv:HyperCLOVAX_KOR,,,,상자 / 고구마 / 담기다,3,이미지에는 상자 안에 고구마가 담겨 있습니다.,,이미지에는 상자 안에 고구마가 담겨 있습니다.,ok,not_required,vlm,,False,,담기다 상자 / 고구마 담기다,2,이미지에는 고구마가 담긴 상자가 있습니다.,,이미지에는 고구마가 담긴 상자가 있습니다.,ok,not_required,vlm,,False,,고구마 담기다 상자,1,이미지에는 고구마가 담긴 상자가 있습니다.,,이미지에는 고구마가 담긴 상자가 있습니다.,ok,not_required,vlm,,False,,True
vegetables,hyperclovax,1000118036,1,naver-hyperclovax/HyperCLOVAX-SEED-Vision-Instruct-3B,kurly_1000118036_1.jpg,vegetables/images/kurly_1000118036_1.jpg,상품-대표-이미지 1,matched,,0,이미지에는 다진 마늘을 담은 포장지가 있습니다.,,,reused,not_required,alt_preprocessed_5.csv:HyperCLOVAX_KOR,,,,담다 / 다지다 / 포장지 / 마늘,4,이미지에는 포장지에 담긴 다진 마늘 상품이 있습니다.,,이미지에는 포장지에 담긴 다진 마늘 상품이 있습니다.,ok,not_required,vlm,,False,,담다 포장지 / 마늘 담다 / 다지다 마늘,3,이미지에는 다진 마늘을 담은 포장지가 있습니다.,,이미지에는 다진 마늘을 담은 포장지가 있습니다.,ok,not_required,vlm,,False,,다지다 마늘 담다 / 마늘 담다 포장지,2,이미지에는 다진 마늘을 담은 포장지가 있습니다.,,이미지에는 다진 마늘을 담은 포장지가 있습니다.,ok,not_required,vlm,,False,,True
vegetables,hyperclovax,1000118036,2,naver-hyperclovax/HyperCLOVAX-SEED-Vision-Instruct-3B,kurly_1000118036_2.jpg,vegetables/images/kurly_1000118036_2.jpg,,matched,,0,이미지에는 도자기 그릇에 담긴 잘게 다진 노란색 음식이 있습니다.,,,reused,not_required,alt_preprocessed_5.csv:HyperCLOVAX_KOR,,,,도자기 / 잘다 / 음식 / 다지다 / 노란색,5,이미지에는 잘게 다져진 노란색의 음식이 담긴 도자기 그릇이 있습니다.,,이미지에는 잘게 다져진 노란색의 음식이 담긴 도자기 그릇이 있습니다.,ok,not_required,vlm,,False,,다지다 노란색 / 담기다 잘다 / 도자기 담기다 / 잘다 다지다 / 노란색 음식,5,이미지에는 다져진 노란색 음식이 담긴 도자기 그릇이 있습니다.,,이미지에는 다져진 노란색 음식이 담긴 도자기 그릇이 있습니다.,ok,not_required,vlm,,False,,다지다 노란색 음식 / 담기다 잘다 다지다 / 도자기 담기다 잘다 / 잘다 다지다 노란색,4,이미지에는 다져진 노란색 음식이 담긴 도자기 그릇이 있습니다.,,이미지에는 다져진 노란색 음식이 담긴 도자기 그릇이 있습니다.,ok,not_required,vlm,,False,,True
vegetables,hyperclovax,1000120872,1,naver-hyperclovax/HyperCLOVAX-SEED-Vision-Instruct-3B,kurly_1000120872_1.jpg,vegetables/images/kurly_1000120872_1.jpg,상품-대표-이미지 1,matched,,0,이미지에는 흰색 접시에 담긴 콩나물이 있습니다.,,,reused,not_required,alt_preprocessed_5.csv:HyperCLOVAX_KOR,,,,콩나물 / 흰색 / 담기다,3,이미지에는 흰색 접시에 담긴 콩나물이 있습니다.,,이미지에는 흰색 접시에 담긴 콩나물이 있습니다.,ok,not_required,vlm,,False,,담기다 콩나물 / 흰색 담기다,2,이미지에는 흰색 접시에 담긴 콩나물이 있습니다.,,이미지에는 흰색 접시에 담긴 콩나물이 있습니다.,ok,not_required,vlm,,False,,흰색 담기다 콩나물,1,이미지에는 흰색 접시에 담긴 콩나물이 있습니다.,,이미지에는 흰색 접시에 담긴 콩나물이 있습니다.,ok,not_required,vlm,,False,,True
vegetables,hyperclovax,1000120872,2,naver-hyperclovax/HyperCLOVAX-SEED-Vision-Instruct-3B,kurly_1000120872_2.jpg,vegetables/images/kurly_1000120872_2.jpg,,matched,,0,이미지에는 흰색 그릇에 담긴 콩나물이 있습니다.,,,reused,not_required,alt_preprocessed_5.csv:HyperCLOVAX_KOR,,,,콩나물 / 흰색 / 담기다,3,이미지에는 흰색 그릇에 담긴 콩나물 한 그릇이 있습니다.,,이미지에는 흰색 그릇에 담긴 콩나물 한 그릇이 있습니다.,ok,not_required,vlm,,False,,담기다 콩나물 / 흰색 담기다,2,이미지에는 콩나물이 담긴 흰색 그릇이 있습니다.,,이미지에는 콩나물이 담긴 흰색 그릇이 있습니다.,ok,not_required,vlm,,False,,흰색 담기다 콩나물,1,이미지에는 흰색 그릇에 담긴 콩나물이 있습니다.,,이미지에는 흰색 그릇에 담긴 콩나물이 있습니다.,ok,not_required,vlm,,False,,True
vegetables,hyperclovax,1000120884,1,naver-hyperclovax/HyperCLOVAX-SEED-Vision-Instruct-3B,kurly_1000120884_1.jpg,vegetables/images/kurly_1000120884_1.jpg,상품-대표-이미지 1,matched,,0,이미지에는 흰색 천 위에 놓인 신선해 보이는 루콜라 잎이 있습니다.,,,reused,not_required,alt_preprocessed_5.csv:HyperCLOVAX_KOR,,,,루콜라 / 보이다 / 천 / 잎 / 흰색,5,이미지에는 흰색 천 위에 놓인 루콜라 잎들이 모여 있는 모습입니다.,,이미지에는 흰색 천 위에 놓인 루콜라 잎들이 모여 있는 모습입니다.,ok,not_required,vlm,,False,,루콜라 잎 / 보이다 루콜라 / 천 보이다 / 흰색 천,4,이미지에는 흰색 천 위에 놓인 루콜라 잎이 있습니다.,,이미지에는 흰색 천 위에 놓인 루콜라 잎이 있습니다.,ok,not_required,vlm,,False,,보이다 루콜라 잎 / 천 보이다 루콜라 / 흰색 천 보이다,3,이미지에는 흰색 천 위에 놓인 루콜라 잎이 있습니다.,,이미지에는 흰색 천 위에 놓인 루콜라 잎이 있습니다.,ok,not_required,vlm,,False,,True
vegetables,hyperclovax,1000120884,2,naver-hyperclovax/HyperCLOVAX-SEED-Vision-Instruct-3B,kurly_1000120884_2.jpg,vegetables/images/kurly_1000120884_2.jpg,,matched,,0,이미지에는 흰색 천 위에 놓인 신선해 보이는 루콜라 잎이 있습니다.,,,reused,not_required,alt_preprocessed_5.csv:HyperCLOVAX_KOR,,,,루콜라 / 보이다 / 천 / 잎 / 흰색,5,이미지에는 흰색 천 위에 놓인 루콜라 잎이 있습니다.,,이미지에는 흰색 천 위에 놓인 루콜라 잎이 있습니다.,ok,not_required,vlm,,False,,루콜라 잎 / 보이다 루콜라 / 천 보이다 / 흰색 천,4,이미지에는 흰색 천 위에 놓인 루콜라 잎이 있습니다.,,이미지에는 흰색 천 위에 놓인 루콜라 잎이 있습니다.,ok,not_required,vlm,,False,,보이다 루콜라 잎 / 천 보이다 루콜라 / 흰색 천 보이다,3,이미지에는 흰색 천 위에 놓인 루콜라 잎이 있습니다.,,이미지에는 흰색 천 위에 놓인 루콜라 잎이 있습니다.,ok,not_required,vlm,,False,,True
vegetables,hyperclovax,1000178619,1,naver-hyperclovax/HyperCLOVAX-SEED-Vision-Instruct-3B,kurly_1000178619_1.jpg,vegetables/images/kurly_1000178619_1.jpg,상품-대표-이미지 1,matched,,0,"이미지에는 초록색 배경 위에 빨간색, 노란색, 주황색 벨 페퍼 네 개가 놓여 있습니다.",,,reused,not_required,alt_preprocessed_5.csv:HyperCLOVAX_KOR,,,,4개 / 페퍼 / 배경 / 빨간색 / 주황색,5,"이미지에는 초록색 배경 위에 빨간색, 주황색, 노란색 피망 4개가 놓여 있습니다.",,"이미지에는 초록색 배경 위에 빨간색, 주황색, 노란색 피망 4개가 놓여 있습니다.",ok,not_required,vlm,,False,,주황색 페퍼 / 페퍼 4개 / 노란색 주황색 / 배경 빨간색 / 빨간색 노란색,5,"이미지에는 초록색 배경 위에 빨간색, 노란색, 주황색의 네 가지 색을 가진 벨 페퍼 네 개가 놓여 있습니다.",,"이미지에는 초록색 배경 위에 빨간색, 노란색, 주황색의 네 가지 색을 가진 벨 페퍼 네 개가 놓여 있습니다.",ok,not_required,vlm,,False,,노란색 주황색 페퍼 / 주황색 페퍼 4개 / 배경 빨간색 노란색 / 빨간색 노란색 주황색 / 초록색 배경 빨간색,5,"이미지에는 초록색 배경 위에 빨간색, 노란색, 주황색의 파프리카 4개가 놓여 있습니다.",,"이미지에는 초록색 배경 위에 빨간색, 노란색, 주황색의 파프리카 4개가 놓여 있습니다.",ok,not_required,vlm,,False,,True
vegetables,hyperclovax,1000178619,2,naver-hyperclovax/HyperCLOVAX-SEED-Vision-Instruct-3B,kurly_1000178619_2.jpg,vegetables/images/kurly_1000178619_2.jpg,,matched,,0,"이미지에는 초록색 배경 위에 빨간색, 노란색, 주황색, 노란색 피망 네 개가 나란히 놓여 있습니다.",,,reused,not_required,alt_preprocessed_5.csv:HyperCLOVAX_KOR,,,,노란색 / 4개 / 나란히 / 피망 / 배경,5,"이미지에는 녹색 배경 위에 노란색, 빨간색, 주황색, 노란색의 네 가지 색을 가진 피망 네 개가 나란히 놓여 있습니다.",,"이미지에는 녹색 배경 위에 노란색, 빨간색, 주황색, 노란색의 네 가지 색을 가진 피망 네 개가 나란히 놓여 있습니다.",ok,not_required,vlm,,False,,4개 나란히 / 노란색 피망 / 주황색 노란색 / 피망 4개 / 노란색 주황색,5,"이미지에는 녹색 배경 위에 노란색, 주황색, 빨간색 피망 4개가 나란히 놓여 있습니다.",,"이미지에는 녹색 배경 위에 노란색, 주황색, 빨간색 피망 4개가 나란히 놓여 있습니다.",ok,not_required,vlm,,False,,노란색 주황색 노란색 / 노란색 피망 4개 / 주황색 노란색 피망 / 피망 4개 나란히 / 배경 빨간색 노란색,5,"이미지에는 초록색 배경 위에 노란색, 주황색, 빨간색, 또 다른 노란색 피망 4개가 나란히 놓여 있습니다.",,"이미지에는 초록색 배경 위에 노란색, 주황색, 빨간색, 또 다른 노란색 피망 4개가 나란히 놓여 있습니다.",ok,not_required,vlm,,False,,True
vegetables,hyperclovax,1000258072,1,naver-hyperclovax/HyperCLOVAX-SEED-Vision-Instruct-3B,kurly_1000258072_1.jpg,vegetables/images/kurly_1000258072_1.jpg,상품-대표-이미지 1,matched,,0,이미지에는 세 겹으로 배열된 상추 잎이 있습니다.,,,reused,not_required,alt_preprocessed_5.csv:HyperCLOVAX_KOR,,,,겹 / 배열 / 상추 / 잎,4,이미지에는 세 겹으로 배열된 상추 잎이 있습니다.,,이미지에는 세 겹으로 배열된 상추 잎이 있습니다.,ok,not_required,vlm,,False,,겹 배열 / 배열 상추 / 상추 잎,3,이미지에는 겹 배열된 상추 잎이 있습니다.,,이미지에는 겹 배열된 상추 잎이 있습니다.,ok,not_required,vlm,,False,,겹 배열 상추 / 배열 상추 잎,2,이미지에는 겹 배열 상추 잎이 세 줄로 배열되어 있는 모습입니다.,,이미지에는 겹 배열 상추 잎이 세 줄로 배열되어 있는 모습입니다.,ok,not_required,vlm,,False,,True
vegetables,hyperclovax,1000258072,2,naver-hyperclovax/HyperCLOVAX-SEED-Vision-Instruct-3B,kurly_1000258072_2.jpg,vegetables/images/kurly_1000258072_2.jpg,,matched,,0,이미지에는 신선해 보이는 상추 잎이 있습니다.,,,reused,not_required,alt_preprocessed_5.csv:HyperCLOVAX_KOR,,,,보이다 / 상추 / 잎,3,이미지에는 상추 잎이 있습니다.,,이미지에는 상추 잎이 있습니다.,ok,not_required,vlm,,False,,보이다 상추 / 상추 잎,2,이미지에는 상추 잎이 있습니다.,,이미지에는 상추 잎이 있습니다.,ok,not_required,vlm,,False,,보이다 상추 잎,1,이미지에는 상추 잎이 있습니다.,,이미지에는 상추 잎이 있습니다.,ok,not_required,vlm,,False,,True
vegetables,hyperclovax,1000441195,1,naver-hyperclovax/HyperCLOVAX-SEED-Vision-Instruct-3B,kurly_1000441195_1.jpg,vegetables/images/kurly_1000441195_1.jpg,상품-대표-이미지 1,matched,,0,이미지에는 흰색 접시에 담긴 붉은 색의 고구마들이 있습니다.,,,reused,not_required,alt_preprocessed_5.csv:HyperCLOVAX_KOR,,,,붉다 / 색 / 고구마 / 흰색 / 담기다,5,이미지에는 흰색 접시에 담긴 붉은 색 고구마가 있습니다.,,이미지에는 흰색 접시에 담긴 붉은 색 고구마가 있습니다.,ok,not_required,vlm,,False,,담기다 붉다 / 붉다 색 / 색 고구마 / 흰색 담기다,4,이미지에는 흰색 그릇에 담긴 붉은 색 고구마가 있습니다.,,이미지에는 흰색 그릇에 담긴 붉은 색 고구마가 있습니다.,ok,not_required,vlm,,False,,담기다 붉다 색 / 붉다 색 고구마 / 흰색 담기다 붉다,3,이미지에는 흰색 그릇에 담긴 붉은 색 고구마가 있습니다.,,이미지에는 흰색 그릇에 담긴 붉은 색 고구마가 있습니다.,ok,not_required,vlm,,False,,True
vegetables,hyperclovax,1000441195,2,naver-hyperclovax/HyperCLOVAX-SEED-Vision-Instruct-3B,kurly_1000441195_2.jpg,vegetables/images/kurly_1000441195_2.jpg,,matched,,0,이미지에는 검은색 냄비에 담긴 고구마들이 있습니다.,,,reused,not_required,alt_preprocessed_5.csv:HyperCLOVAX_KOR,,,,검은색 / 냄비 / 고구마 / 담기다,4,검은색 냄비에 담긴 고구마 중 한 개를 반으로 잘라 내부의 노란색 속을 드러낸 모습입니다.,,검은색 냄비에 담긴 고구마 중 한 개를 반으로 잘라 내부의 노란색 속을 드러낸 모습입니다.,ok,not_required,vlm,,False,,검은색 냄비 / 냄비 담기다 / 담기다 고구마,3,이미지에는 검은색 냄비에 고구마가 담겨 있는 모습입니다.,,이미지에는 검은색 냄비에 고구마가 담겨 있는 모습입니다.,ok,not_required,vlm,,False,,검은색 냄비 담기다 / 냄비 담기다 고구마,2,검은색 냄비에 담긴 고구마,,검은색 냄비에 담긴 고구마,ok,not_required,vlm,,False,,True
vegetables,hyperclovax,1000443684,1,naver-hyperclovax/HyperCLOVAX-SEED-Vision-Instruct-3B,kurly_1000443684_1.jpg,vegetables/images/kurly_1000443684_1.jpg,상품-대표-이미지 1,matched,,0,이미지에는 두 개의 그릇에 담긴 다양한 종류의 신선한 녹색 잎채소가 있습니다.,,,reused,not_required,alt_preprocessed_5.csv:HyperCLOVAX_KOR,,,,채소 / 종류 / 다양 / 녹색 / 2개,5,이미지에는 두 개의 그릇에 담긴 다양한 종류의 녹색 채소가 있습니다.,,이미지에는 두 개의 그릇에 담긴 다양한 종류의 녹색 채소가 있습니다.,ok,not_required,vlm,,False,,2개 담기다 / 녹색 잎 / 잎 채소 / 종류 녹색 / 담기다 다양,5,이미지에는 두 개의 그릇에 각각 다양한 종류의 녹색 잎 채소가 담겨 있습니다.,,이미지에는 두 개의 그릇에 각각 다양한 종류의 녹색 잎 채소가 담겨 있습니다.,ok,not_required,vlm,,False,,2개 담기다 다양 / 녹색 잎 채소 / 다양 종류 녹색 / 담기다 다양 종류 / 종류 녹색 잎,5,이미지에는 회색 배경 위에 놓인 두 개의 그릇에 담긴 다양한 종류의 녹색 잎채소가 있습니다.,,이미지에는 회색 배경 위에 놓인 두 개의 그릇에 담긴 다양한 종류의 녹색 잎채소가 있습니다.,ok,not_required,vlm,,False,,True
vegetables,hyperclovax,1000443684,2,naver-hyperclovax/HyperCLOVAX-SEED-Vision-Instruct-3B,kurly_1000443684_2.jpg,vegetables/images/kurly_1000443684_2.jpg,,matched,,0,이미지에는 두 개의 그릇에 담긴 다양한 종류의 신선한 녹색 잎채소가 있습니다.,,,reused,not_required,alt_preprocessed_5.csv:HyperCLOVAX_KOR,,,,채소 / 종류 / 다양 / 녹색 / 2개,5,이미지에는 두 개의 그릇에 담긴 다양한 종류의 녹색 채소가 있습니다.,,이미지에는 두 개의 그릇에 담긴 다양한 종류의 녹색 채소가 있습니다.,ok,not_required,vlm,,False,,2개 담기다 / 녹색 잎 / 잎 채소 / 종류 녹색 / 담기다 다양,5,이미지에는 두 개의 그릇에 각각 다양한 종류의 녹색 잎 채소가 담겨 있습니다.,,이미지에는 두 개의 그릇에 각각 다양한 종류의 녹색 잎 채소가 담겨 있습니다.,ok,not_required,vlm,,False,,2개 담기다 다양 / 녹색 잎 채소 / 다양 종류 녹색 / 담기다 다양 종류 / 종류 녹색 잎,5,이미지에는 두 개의 그릇에 다양한 종류의 녹색 잎 채소가 담겨 있습니다.,,이미지에는 두 개의 그릇에 다양한 종류의 녹색 잎 채소가 담겨 있습니다.,ok,not_required,vlm,,False,,True
vegetables,hyperclovax,1000661274,1,naver-hyperclovax/HyperCLOVAX-SEED-Vision-Instruct-3B,kurly_1000661274_1.jpg,vegetables/images/kurly_1000661274_1.jpg,상품-대표-이미지 1,matched,,0,이미지에는 포장된 야채와 그릇에 담긴 조리된 야채가 있습니다.,,,reused,not_required,alt_preprocessed_5.csv:HyperCLOVAX_KOR,,,,야채 / 조리 / 포장 / 담기다,4,"이미지에는 포장된 야채가 있으며, 그 중 브로콜리, 당근, 버섯, 단호박 등이 들어 있습니다.",,"이미지에는 포장된 야채가 있으며, 그 중 브로콜리, 당근, 버섯, 단호박 등이 들어 있습니다.",ok,not_required,vlm,,False,,담기다 조리 / 야채 담기다 / 조리 야채 / 포장 야채,4,이미지에는 포장된 야채와 그릇에 담긴 조리된 야채가 있습니다.,,이미지에는 포장된 야채와 그릇에 담긴 조리된 야채가 있습니다.,ok,not_required,vlm,,False,,담기다 조리 야채 / 야채 담기다 조리 / 포장 야채 담기다,3,이미지에는 포장된 야채와 그릇에 담긴 조리된 야채가 있습니다.,,이미지에는 포장된 야채와 그릇에 담긴 조리된 야채가 있습니다.,ok,not_required,vlm,,False,,True
vegetables,hyperclovax,1000661274,2,naver-hyperclovax/HyperCLOVAX-SEED-Vision-Instruct-3B,kurly_1000661274_2.jpg,vegetables/images/kurly_1000661274_2.jpg,,matched,,0,이미지에는 흰 접시에 담긴 다양한 채소들이 있습니다.,,,reused,not_required,alt_preprocessed_5.csv:HyperCLOVAX_KOR,,,,희다 / 채소 / 다양 / 담기다,4,이미지에는 흰 접시에 담긴 다양한 채소들이 있습니다.,,이미지에는 흰 접시에 담긴 다양한 채소들이 있습니다.,ok,not_required,vlm,,False,,다양 채소 / 희다 담기다 / 담기다 다양,3,이미지에는 흰 접시에 담긴 다양한 색상의 채소들이 있습니다.,,이미지에는 흰 접시에 담긴 다양한 색상의 채소들이 있습니다.,ok,not_required,vlm,,False,,담기다 다양 채소 / 희다 담기다 다양,2,이미지에는 다양한 색상의 채소들이 흰색 접시에 담겨 있습니다.,,이미지에는 다양한 색상의 채소들이 흰색 접시에 담겨 있습니다.,ok,not_required,vlm,,False,,True
vegetables,hyperclovax,1000952172,1,naver-hyperclovax/HyperCLOVAX-SEED-Vision-Instruct-3B,kurly_1000952172_1.jpg,vegetables/images/kurly_1000952172_1.jpg,상품-대표-이미지 1,matched,,0,"이미지에는 'Kf365 커리프레쉬'라는 제품이 있으며, 300g 용량으로 포장되어 있고, 15cm x 20cm 크기의 사각형 모양으로 개별 포장되어 있습니다.",,,reused,not_required,alt_preprocessed_5.csv:HyperCLOVAX_KOR,,,,포장 / 15 / 20 / 300g / Kf365_커리프레쉬,5,"이미지에는 포장된 식품이 있으며, 이 식품은 'Kf365_커리프레쉬'라는 이름으로 300g 용량으로 포장되어 있습니다.",,"이미지에는 포장된 식품이 있으며, 이 식품은 'Kf365_커리프레쉬'라는 이름으로 300g 용량으로 포장되어 있습니다.",ok,not_required,vlm,,False,,15 20 / 20 크기 / 300g 용량 / Kf365_커리프레쉬 제품 / 개별 포장,5,"이미지에는 300g 용량의 Kf365_커리프레쉬 제품이 있으며, 개별 포장으로 15x20 크기의 작은 사각형 모양으로 포장되어 있습니다.",,"이미지에는 300g 용량의 Kf365_커리프레쉬 제품이 있으며, 개별 포장으로 15x20 크기의 작은 사각형 모양으로 포장되어 있습니다.",ok,not_required,vlm,,False,,15 20 크기 / 20 크기 사각 / 300g 용량 포장 / Kf365_커리프레쉬 제품 300g / 모양 개별 포장,5,"이미지에는 300g 용량의 Kf365_커리프레쉬 제품이 있으며, 개별 포장된 사각형 모양의 15x20 크기의 식품이 들어 있습니다.",,"이미지에는 300g 용량의 Kf365_커리프레쉬 제품이 있으며, 개별 포장된 사각형 모양의 15x20 크기의 식품이 들어 있습니다.",ok,not_required,vlm,,False,,True
vegetables,hyperclovax,1000952172,2,naver-hyperclovax/HyperCLOVAX-SEED-Vision-Instruct-3B,kurly_1000952172_2.jpg,vegetables/images/kurly_1000952172_2.jpg,,matched,,0,이미지에는 흰색 배경 위에 놓인 두 개의 작은 용기에 담긴 노란색 음식이 있습니다.,,,reused,not_required,alt_preprocessed_5.csv:HyperCLOVAX_KOR,,,,용기 / 작다 / 음식 / 배경 / 노란색,5,이미지에는 작은 용기에 담긴 노란색 음식이 두 개 있습니다.,,이미지에는 작은 용기에 담긴 노란색 음식이 두 개 있습니다.,ok,not_required,vlm,,False,,2개 작다 / 담기다 노란색 / 배경 2개 / 용기 담기다 / 작다 용기,5,이미지에는 흰색 배경 위에 놓인 두 개의 작은 용기에 담긴 노란색 음식이 있습니다.,,이미지에는 흰색 배경 위에 놓인 두 개의 작은 용기에 담긴 노란색 음식이 있습니다.,ok,not_required,vlm,,False,,2개 작다 용기 / 담기다 노란색 음식 / 배경 2개 작다 / 용기 담기다 노란색 / 작다 용기 담기다,5,"이미지에는 흰색 배경 위에 놓인 두 개의 작은 용기가 있으며, 각 용기에는 노란색 음식이 담겨 있습니다.",,"이미지에는 흰색 배경 위에 놓인 두 개의 작은 용기가 있으며, 각 용기에는 노란색 음식이 담겨 있습니다.",ok,not_required,vlm,,False,,True
vegetables,hyperclovax,1001176677,1,naver-hyperclovax/HyperCLOVAX-SEED-Vision-Instruct-3B,kurly_1001176677_1.jpg,vegetables/images/kurly_1001176677_1.jpg,상품-대표-이미지 1,matched,,0,이미지에는 다양한 종류의 상추가 담긴 접시가 있습니다.,,,reused,not_required,alt_preprocessed_5.csv:HyperCLOVAX_KOR,,,,상추 / 종류 / 다양 / 담기다,4,이미지에는 다양한 종류의 상추가 흰색 접시에 담겨 있습니다.,,이미지에는 다양한 종류의 상추가 흰색 접시에 담겨 있습니다.,ok,not_required,vlm,,False,,상추 담기다 / 종류 상추 / 다양 종류,3,이미지에는 다양한 종류의 상추가 담긴 접시가 있습니다.,,이미지에는 다양한 종류의 상추가 담긴 접시가 있습니다.,ok,not_required,vlm,,False,,다양 종류 상추 / 종류 상추 담기다,2,이미지에는 다양한 종류의 상추가 담긴 접시가 있습니다.,,이미지에는 다양한 종류의 상추가 담긴 접시가 있습니다.,ok,not_required,vlm,,False,,True
vegetables,hyperclovax,1001176677,2,naver-hyperclovax/HyperCLOVAX-SEED-Vision-Instruct-3B,kurly_1001176677_2.jpg,vegetables/images/kurly_1001176677_2.jpg,,matched,,0,이미지에는 다양한 종류의 상추가 담긴 접시가 있습니다.,,,reused,not_required,alt_preprocessed_5.csv:HyperCLOVAX_KOR,,,,상추 / 종류 / 다양 / 담기다,4,이미지에는 다양한 종류의 상추가 흰색 접시에 담겨 있습니다.,,이미지에는 다양한 종류의 상추가 흰색 접시에 담겨 있습니다.,ok,not_required,vlm,,False,,상추 담기다 / 종류 상추 / 다양 종류,3,이미지에는 다양한 종류의 상추가 흰색 접시에 담겨 있습니다.,,이미지에는 다양한 종류의 상추가 흰색 접시에 담겨 있습니다.,ok,not_required,vlm,,False,,다양 종류 상추 / 종류 상추 담기다,2,이미지에는 다양한 종류의 상추가 흰색 접시에 담겨 있습니다.,,이미지에는 다양한 종류의 상추가 흰색 접시에 담겨 있습니다.,ok,not_required,vlm,,False,,True
vegetables,hyperclovax,1001227997,1,naver-hyperclovax/HyperCLOVAX-SEED-Vision-Instruct-3B,kurly_1001227997_1.jpg,vegetables/images/kurly_1001227997_1.jpg,상품-대표-이미지 1,matched,,0,이미지에는 껍질이 벗겨진 양파가 놓여 있습니다.,,,reused,not_required,alt_preprocessed_5.csv:HyperCLOVAX_KOR,,,,양파 / 벗겨지다 / 껍질,3,이미지에는 껍질이 벗겨진 양파가 있습니다.,,이미지에는 껍질이 벗겨진 양파가 있습니다.,ok,not_required,vlm,,False,,벗겨지다 양파 / 껍질 벗겨지다,2,이미지에는 껍질이 벗겨진 양파가 있습니다.,,이미지에는 껍질이 벗겨진 양파가 있습니다.,ok,not_required,vlm,,False,,껍질 벗겨지다 양파,1,이미지에는 껍질이 벗겨진 양파가 있습니다.,,이미지에는 껍질이 벗겨진 양파가 있습니다.,ok,not_required,vlm,,False,,True
vegetables,hyperclovax,1001227997,2,naver-hyperclovax/HyperCLOVAX-SEED-Vision-Instruct-3B,kurly_1001227997_2.jpg,vegetables/images/kurly_1001227997_2.jpg,,matched,,0,이미지에는 껍질이 벗겨진 양파와 껍질이 그대로 있는 양파가 놓여 있습니다.,,,reused,not_required,alt_preprocessed_5.csv:HyperCLOVAX_KOR,,,,양파 / 껍질 / 그대로 / 벗겨지다,4,이미지에는 껍질이 그대로 벗겨지지 않은 양파 다섯 개가 있습니다.,,이미지에는 껍질이 그대로 벗겨지지 않은 양파 다섯 개가 있습니다.,ok,not_required,vlm,,False,,그대로 양파 / 양파 껍질 / 벗겨지다 양파 / 껍질 그대로 / 껍질 벗겨지다,5,이미지에는 껍질 그대로 놓인 양파들이 있습니다.,,이미지에는 껍질 그대로 놓인 양파들이 있습니다.,ok,not_required,vlm,,False,,껍질 그대로 양파 / 벗겨지다 양파 껍질 / 양파 껍질 그대로 / 껍질 벗겨지다 양파,4,이미지에는 껍질 그대로 양파가 있습니다.,,이미지에는 껍질 그대로 양파가 있습니다.,ok,not_required,vlm,,False,,True
vegetables,hyperclovax,1001544134,1,naver-hyperclovax/HyperCLOVAX-SEED-Vision-Instruct-3B,kurly_1001544134_1.jpg,vegetables/images/kurly_1001544134_1.jpg,상품-대표-이미지 1,matched,,0,이미지에는 접시 위에 놓인 여섯 개의 감자가 있습니다.,,,reused,not_required,alt_preprocessed_5.csv:HyperCLOVAX_KOR,,,,6개 / 감자,2,이미지에는 직사각형 모양의 접시에 감자 여섯 개가 놓여 있습니다.,,이미지에는 직사각형 모양의 접시에 감자 여섯 개가 놓여 있습니다.,ok,not_required,vlm,,False,,6개 감자,1,이미지에는 직사각형 모양의 접시에 담긴 감자 여섯 개가 놓여 있습니다.,,이미지에는 직사각형 모양의 접시에 담긴 감자 여섯 개가 놓여 있습니다.,ok,not_required,vlm,,False,,,0,,,,no_keywords,not_required,vlm,,,이 이미지·모델에 해당하는 핵심어가 없음.,False
vegetables,hyperclovax,1001544134,2,naver-hyperclovax/HyperCLOVAX-SEED-Vision-Instruct-3B,kurly_1001544134_2.jpg,vegetables/images/kurly_1001544134_2.jpg,,matched,,0,이미지에는 껍질이 벗겨진 감자 반쪽과 껍질이 그대로인 감자 여러 개가 놓여 있습니다.,,,reused,not_required,alt_preprocessed_5.csv:HyperCLOVAX_KOR,,,,감자 / 껍질 / 반쪽 / 여러개 / 그대로,5,이미지에는 껍질이 벗겨진 감자 반쪽이 놓인 모습이 있습니다.,,이미지에는 껍질이 벗겨진 감자 반쪽이 놓인 모습이 있습니다.,ok,not_required,vlm,,False,,감자 반쪽 / 감자 여러개 / 그대로 감자 / 반쪽 껍질 / 벗겨지다 감자,5,이미지에는 껍질이 벗겨진 감자 반쪽과 껍질이 그대로인 감자 여러 개가 있습니다.,,이미지에는 껍질이 벗겨진 감자 반쪽과 껍질이 그대로인 감자 여러 개가 있습니다.,ok,not_required,vlm,,False,,감자 반쪽 껍질 / 그대로 감자 여러개 / 껍질 그대로 감자 / 껍질 벗겨지다 감자 / 반쪽 껍질 그대로,5,이미지에는 껍질 그대로인 여러 개의 감자가 있습니다.,,이미지에는 껍질 그대로인 여러 개의 감자가 있습니다.,ok,not_required,vlm,,False,,True
vegetables,hyperclovax,1001985604,1,naver-hyperclovax/HyperCLOVAX-SEED-Vision-Instruct-3B,kurly_1001985604_1.jpg,vegetables/images/kurly_1001985604_1.jpg,상품-대표-이미지 1,matched,,0,이미지에는 초록색 잎과 흰색 줄기가 있는 여러 대의 파가 놓여 있습니다.,,,reused,not_required,alt_preprocessed_5.csv:HyperCLOVAX_KOR,,,,대 / 줄기 / 여러 / 초록색 / 파,5,이미지에는 초록색 대파 여러 줄기가 있습니다.,,이미지에는 초록색 대파 여러 줄기가 있습니다.,ok,not_required,vlm,,False,,대 파 / 여러 대 / 잎 흰색 / 줄기 여러 / 초록색 잎,5,이미지에는 초록색 잎과 흰색 줄기를 가진 여러 대의 대파가 있습니다.,,이미지에는 초록색 잎과 흰색 줄기를 가진 여러 대의 대파가 있습니다.,ok,not_required,vlm,,False,,여러 대 파 / 잎 흰색 줄기 / 줄기 여러 대 / 초록색 잎 흰색 / 흰색 줄기 여러,5,이미지에는 초록색 잎과 흰색 줄기가 있는 여러 대의 파가 있습니다.,,이미지에는 초록색 잎과 흰색 줄기가 있는 여러 대의 파가 있습니다.,ok,not_required,vlm,,False,,True
vegetables,hyperclovax,1001985604,2,naver-hyperclovax/HyperCLOVAX-SEED-Vision-Instruct-3B,kurly_1001985604_2.jpg,vegetables/images/kurly_1001985604_2.jpg,,matched,,0,이미지에는 나무 도마 위에 파와 파의 흰색 부분이 잘린 모습이 있습니다.,,,reused,not_required,alt_preprocessed_5.csv:HyperCLOVAX_KOR,,,,파 / 도마 / 모습 / 나무 / 잘리다,5,이미지에는 나무 도마 위에 파가 잘려 있는 모습입니다.,,이미지에는 나무 도마 위에 파가 잘려 있는 모습입니다.,ok,not_required,vlm,,False,,도마 파 / 잘리다 모습 / 파 파 / 파 흰색 / 흰색 잘리다,5,이미지에는 도마 위에 놓인 파의 잘린 모습이 있습니다.,,이미지에는 도마 위에 놓인 파의 잘린 모습이 있습니다.,ok,not_required,vlm,,False,,나무 도마 파 / 도마 파 파 / 파 파 흰색 / 파 흰색 잘리다 / 흰색 잘리다 모습,5,이미지에는 나무 도마 위에 잘린 파의 모습이 있습니다.,,이미지에는 나무 도마 위에 잘린 파의 모습이 있습니다.,ok,not_required,vlm,,False,,True
vegetables,hyperclovax,1002030400,1,naver-hyperclovax/HyperCLOVAX-SEED-Vision-Instruct-3B,kurly_1002030400_1.jpg,vegetables/images/kurly_1002030400_1.jpg,상품-대표-이미지 1,matched,,0,이미지에는 연두색 오이가 있습니다.,,,reused,not_required,alt_preprocessed_5.csv:HyperCLOVAX_KOR,,,,연두색 / 오이,2,이미지에는 연두색의 오이가 있습니다.,,이미지에는 연두색의 오이가 있습니다.,ok,not_required,vlm,,False,,연두색 오이,1,이미지에는 연두색 오이가 있습니다.,,이미지에는 연두색 오이가 있습니다.,ok,not_required,vlm,,False,,,0,,,,no_keywords,not_required,vlm,,,이 이미지·모델에 해당하는 핵심어가 없음.,False
vegetables,hyperclovax,1002030400,2,naver-hyperclovax/HyperCLOVAX-SEED-Vision-Instruct-3B,kurly_1002030400_2.jpg,vegetables/images/kurly_1002030400_2.jpg,,matched,,0,이미지에는 초록색 오이가 있습니다.,,,reused,not_required,alt_preprocessed_5.csv:HyperCLOVAX_KOR,,,,초록색 / 오이,2,이미지에는 초록색의 오이가 있습니다.,,이미지에는 초록색의 오이가 있습니다.,ok,not_required,vlm,,False,,초록색 오이,1,이미지에는 초록색 오이가 있습니다.,,이미지에는 초록색 오이가 있습니다.,ok,not_required,vlm,,False,,,0,,,,no_keywords,not_required,vlm,,,이 이미지·모델에 해당하는 핵심어가 없음.,False
vegetables,hyperclovax,1002318657,1,naver-hyperclovax/HyperCLOVAX-SEED-Vision-Instruct-3B,kurly_1002318657_1.jpg,vegetables/images/kurly_1002318657_1.jpg,상품-대표-이미지 1,matched,,0,이미지에는 연한 녹색의 배추 한 개가 있습니다.,,,reused,not_required,alt_preprocessed_5.csv:HyperCLOVAX_KOR,,,,연하다 / 배추 / 녹색 / 1개,4,이미지에는 연한 녹색의 배추 한 개가 있습니다.,,이미지에는 연한 녹색의 배추 한 개가 있습니다.,ok,not_required,vlm,,False,,녹색 배추 / 연하다 녹색 / 배추 1개,3,이미지에는 연한 녹색의 배추 1개가 있습니다.,,이미지에는 연한 녹색의 배추 1개가 있습니다.,ok,not_required,vlm,,False,,녹색 배추 1개 / 연하다 녹색 배추,2,이미지에는 연한 녹색의 배추 한 개가 있습니다.,,이미지에는 연한 녹색의 배추 한 개가 있습니다.,ok,not_required,vlm,,False,,True
vegetables,hyperclovax,1002318657,2,naver-hyperclovax/HyperCLOVAX-SEED-Vision-Instruct-3B,kurly_1002318657_2.jpg,vegetables/images/kurly_1002318657_2.jpg,,matched,,0,이미지에는 세 조각의 배추 잎이 있습니다.,,,reused,not_required,alt_preprocessed_5.csv:HyperCLOVAX_KOR,,,,배추 / 조각 / 잎,3,이미지에는 세 조각의 배추가 있습니다.,,이미지에는 세 조각의 배추가 있습니다.,ok,not_required,vlm,,False,,배추 잎 / 조각 배추,2,이미지에는 세 조각의 배추 잎이 있습니다.,,이미지에는 세 조각의 배추 잎이 있습니다.,ok,not_required,vlm,,False,,조각 배추 잎,1,이미지에는 세 조각의 배추 잎이 있습니다.,,이미지에는 세 조각의 배추 잎이 있습니다.,ok,not_required,vlm,,False,,True
vegetables,hyperclovax,1002318659,1,naver-hyperclovax/HyperCLOVAX-SEED-Vision-Instruct-3B,kurly_1002318659_1.jpg,vegetables/images/kurly_1002318659_1.jpg,상품-대표-이미지 1,matched,,0,이미지에는 연한 갈색 바탕 위에 놓인 두 개의 브로콜리가 있습니다.,,,reused,not_required,alt_preprocessed_5.csv:HyperCLOVAX_KOR,,,,연하다 / 갈색 / 브로콜리 / 2개,4,이미지에는 연한 녹색의 브로콜리 두 개가 있습니다.,,이미지에는 연한 녹색의 브로콜리 두 개가 있습니다.,ok,not_required,vlm,,False,,2개 브로콜리 / 갈색 2개 / 연하다 갈색,3,이미지에는 연한 갈색의 브로콜리 두 개가 있습니다.,,이미지에는 연한 갈색의 브로콜리 두 개가 있습니다.,ok,not_required,vlm,,False,,갈색 2개 브로콜리 / 연하다 갈색 2개,2,이미지에는 연한 갈색의 브로콜리 두 개가 있습니다.,,이미지에는 연한 갈색의 브로콜리 두 개가 있습니다.,ok,not_required,vlm,,False,,True
vegetables,hyperclovax,1002318659,2,naver-hyperclovax/HyperCLOVAX-SEED-Vision-Instruct-3B,kurly_1002318659_2.jpg,vegetables/images/kurly_1002318659_2.jpg,,matched,,0,이미지에는 브로콜리 여러 개가 있습니다.,,,reused,not_required,alt_preprocessed_5.csv:HyperCLOVAX_KOR,,,,여러개 / 브로콜리,2,이미지에는 여러 개의 브로콜리가 있습니다.,,이미지에는 여러 개의 브로콜리가 있습니다.,ok,not_required,vlm,,False,,브로콜리 여러개,1,이미지에는 브로콜리가 여러 개 있습니다.,,이미지에는 브로콜리가 여러 개 있습니다.,ok,not_required,vlm,,False,,,0,,,,no_keywords,not_required,vlm,,,이 이미지·모델에 해당하는 핵심어가 없음.,False
vegetables,hyperclovax,5000070,1,naver-hyperclovax/HyperCLOVAX-SEED-Vision-Instruct-3B,kurly_5000070_1.jpg,vegetables/images/kurly_5000070_1.jpg,상품-대표-이미지 1,matched,,0,이미지에는 세 개의 당근이 회색 접시 위에 놓여 있습니다.,,,reused,not_required,alt_preprocessed_5.csv:HyperCLOVAX_KOR,,,,당근 / 회색 / 3개,3,이미지에는 회색 접시 위에 놓인 세 개의 당근이 있습니다.,,이미지에는 회색 접시 위에 놓인 세 개의 당근이 있습니다.,ok,not_required,vlm,,False,,3개 당근 / 당근 회색,2,이미지에는 회색의 접시 위에 놓인 세 개의 당근이 있습니다.,,이미지에는 회색의 접시 위에 놓인 세 개의 당근이 있습니다.,ok,not_required,vlm,,False,,3개 당근 회색,1,이미지에는 회색의 접시 위에 세 개의 당근이 놓여 있습니다.,,이미지에는 회색의 접시 위에 세 개의 당근이 놓여 있습니다.,ok,not_required,vlm,,False,,True
vegetables,hyperclovax,5000070,2,naver-hyperclovax/HyperCLOVAX-SEED-Vision-Instruct-3B,kurly_5000070_2.jpg,vegetables/images/kurly_5000070_2.jpg,,matched,,0,이미지에는 껍질이 벗겨진 당근과 껍질이 그대로 있는 당근이 있습니다.,,,reused,not_required,alt_preprocessed_5.csv:HyperCLOVAX_KOR,,,,당근 / 껍질 / 그대로 / 벗겨지다,4,이미지에는 껍질을 벗기지 않은 당근이 그대로 놓여 있습니다.,,이미지에는 껍질을 벗기지 않은 당근이 그대로 놓여 있습니다.,ok,not_required,vlm,,False,,그대로 당근 / 당근 껍질 / 벗겨지다 당근 / 껍질 그대로 / 껍질 벗겨지다,5,이미지에는 껍질 그대로 벗겨지지 않은 당근이 있습니다.,,이미지에는 껍질 그대로 벗겨지지 않은 당근이 있습니다.,ok,not_required,vlm,,False,,껍질 그대로 당근 / 껍질 벗겨지다 당근 / 당근 껍질 그대로 / 벗겨지다 당근 껍질,4,이미지에는 껍질 그대로의 당근이 있습니다.,,이미지에는 껍질 그대로의 당근이 있습니다.,ok,not_required,vlm,,False,,True
vegetables,hyperclovax,5000333,1,naver-hyperclovax/HyperCLOVAX-SEED-Vision-Instruct-3B,kurly_5000333_1.jpg,vegetables/images/kurly_5000333_1.jpg,상품-대표-이미지 1,matched,,0,이미지에는 흰색 접시 위에 놓인 두 개의 오이가 있습니다.,,,reused,not_required,alt_preprocessed_5.csv:HyperCLOVAX_KOR,,,,오이 / 2개 / 흰색,3,이미지에는 흰색 접시 위에 놓인 두 개의 오이가 있습니다.,,이미지에는 흰색 접시 위에 놓인 두 개의 오이가 있습니다.,ok,not_required,vlm,,False,,2개 오이 / 흰색 2개,2,이미지에는 흰색 접시 위에 놓인 두 개의 오이가 있습니다.,,이미지에는 흰색 접시 위에 놓인 두 개의 오이가 있습니다.,ok,not_required,vlm,,False,,흰색 2개 오이,1,이미지에는 흰색 오이 두 개가 놓인 모습이 있습니다.,,이미지에는 흰색 오이 두 개가 놓인 모습이 있습니다.,ok,not_required,vlm,,False,,True
vegetables,hyperclovax,5000333,2,naver-hyperclovax/HyperCLOVAX-SEED-Vision-Instruct-3B,kurly_5000333_2.jpg,vegetables/images/kurly_5000333_2.jpg,,matched,,0,이미지에는 도마 위에 놓인 오이들이 있습니다.,,,reused,not_required,alt_preprocessed_5.csv:HyperCLOVAX_KOR,,,,도마 / 오이,2,이미지에는 도마 위에 놓인 오이가 있습니다.,,이미지에는 도마 위에 놓인 오이가 있습니다.,ok,not_required,vlm,,False,,도마 오이,1,이미지에는 도마 위에 놓인 오이가 있습니다.,,이미지에는 도마 위에 놓인 오이가 있습니다.,ok,not_required,vlm,,False,,,0,,,,no_keywords,not_required,vlm,,,이 이미지·모델에 해당하는 핵심어가 없음.,False
vegetables,hyperclovax,5000718,1,naver-hyperclovax/HyperCLOVAX-SEED-Vision-Instruct-3B,kurly_5000718_1.jpg,vegetables/images/kurly_5000718_1.jpg,상품-대표-이미지 1,matched,,0,이미지에는 신선한 시금치 잎이 담긴 금속 바구니와 마늘 몇 쪽이 놓여 있습니다.,,,reused,not_required,alt_preprocessed_5.csv:HyperCLOVAX_KOR,,,,금속 / 쪽 / 몇 / 바구니 / 시금치,5,이미지에는 금속 바구니에 담긴 시금치와 마늘 몇 쪽이 놓여 있습니다.,,이미지에는 금속 바구니에 담긴 시금치와 마늘 몇 쪽이 놓여 있습니다.,ok,not_required,vlm,,False,,금속 바구니 / 담기다 금속 / 바구니 마늘 / 시금치 잎 / 잎 담기다,5,이미지에는 금속 바구니에 담긴 시금치 잎과 마늘 몇 쪽이 놓여 있습니다.,,이미지에는 금속 바구니에 담긴 시금치 잎과 마늘 몇 쪽이 놓여 있습니다.,ok,not_required,vlm,,False,,금속 바구니 마늘 / 담기다 금속 바구니 / 바구니 마늘 몇 / 시금치 잎 담기다 / 잎 담기다 금속,5,이미지에는 금속 바구니에 담긴 시금치 잎과 금속 바구니에 담긴 마늘 몇 개가 놓여 있습니다.,,이미지에는 금속 바구니에 담긴 시금치 잎과 금속 바구니에 담긴 마늘 몇 개가 놓여 있습니다.,ok,not_required,vlm,,False,,True
vegetables,hyperclovax,5000718,2,naver-hyperclovax/HyperCLOVAX-SEED-Vision-Instruct-3B,kurly_5000718_2.jpg,vegetables/images/kurly_5000718_2.jpg,,matched,,0,이미지에는 신선한 시금치와 마늘 몇 쪽이 놓인 바구니가 있습니다.,,,reused,not_required,alt_preprocessed_5.csv:HyperCLOVAX_KOR,,,,쪽 / 몇 / 바구니 / 시금치 / 마늘,5,"이미지에는 회색 바탕 위에 놓인 시금치와 마늘 몇 개가 담긴 바구니, 그리고 그 옆에 놓인 마늘 껍질과 마늘 껍질이 벗겨진 마늘 두 개가 놓여 있습니다.",,"이미지에는 회색 바탕 위에 놓인 시금치와 마늘 몇 개가 담긴 바구니, 그리고 그 옆에 놓인 마늘 껍질과 마늘 껍질이 벗겨진 마늘 두 개가 놓여 있습니다.",ok,not_required,vlm,,False,,시금치 마늘 / 쪽 바구니 / 마늘 몇 / 몇 쪽,4,이미지에는 시금치와 마늘 몇 쪽이 담긴 쪽 바구니가 놓인 모습입니다.,,이미지에는 시금치와 마늘 몇 쪽이 담긴 쪽 바구니가 놓인 모습입니다.,ok,not_required,vlm,,False,,몇 쪽 바구니 / 시금치 마늘 몇 / 마늘 몇 쪽,3,이미지에는 회색 철제 바구니에 담긴 시금치와 마늘 몇 쪽이 놓여 있습니다.,,이미지에는 회색 철제 바구니에 담긴 시금치와 마늘 몇 쪽이 놓여 있습니다.,ok,not_required,vlm,,False,,True
vegetables,hyperclovax,5001063,1,naver-hyperclovax/HyperCLOVAX-SEED-Vision-Instruct-3B,kurly_5001063_1.jpg,vegetables/images/kurly_5001063_1.jpg,상품-대표-이미지 1,matched,,0,이미지에는 접시 위에 놓인 브로콜리 한 개가 있습니다.,,,reused,not_required,alt_preprocessed_5.csv:HyperCLOVAX_KOR,,,,브로콜리 / 1개,2,이미지에는 브로콜리 1개가 있습니다.,,이미지에는 브로콜리 1개가 있습니다.,ok,not_required,vlm,,False,,브로콜리 1개,1,이미지에는 접시 위에 놓인 브로콜리 1개가 있습니다.,,이미지에는 접시 위에 놓인 브로콜리 1개가 있습니다.,ok,not_required,vlm,,False,,,0,,,,no_keywords,not_required,vlm,,,이 이미지·모델에 해당하는 핵심어가 없음.,False
vegetables,hyperclovax,5001063,2,naver-hyperclovax/HyperCLOVAX-SEED-Vision-Instruct-3B,kurly_5001063_2.jpg,vegetables/images/kurly_5001063_2.jpg,,matched,,0,이미지에는 접시 위에 놓인 큰 브로콜리 한 개와 그 주변에 잘린 브로콜리 조각 세 개가 놓여 있는 모습입니다.,,,reused,not_required,alt_preprocessed_5.csv:HyperCLOVAX_KOR,,,,브로콜리 / 주변 / 크다 / 3개 / 모습,5,이미지에는 흰색 접시 위에 큰 브로콜리 한 개와 그 조각 세 개가 놓여 있는 모습입니다.,,이미지에는 흰색 접시 위에 큰 브로콜리 한 개와 그 조각 세 개가 놓여 있는 모습입니다.,ok,not_required,vlm,,False,,1개 주변 / 3개 모습 / 잘리다 브로콜리 / 조각 3개 / 주변 잘리다,5,이미지에는 잘린 브로콜리 세 조각이 놓인 모습이 있습니다.,,이미지에는 잘린 브로콜리 세 조각이 놓인 모습이 있습니다.,ok,not_required,vlm,,False,,1개 주변 잘리다 / 브로콜리 1개 주변 / 브로콜리 조각 3개 / 잘리다 브로콜리 조각 / 조각 3개 모습,5,이미지에는 브로콜리 한 개와 그 주변에서 잘린 조각 세 개가 놓인 모습이 있습니다.,,이미지에는 브로콜리 한 개와 그 주변에서 잘린 조각 세 개가 놓인 모습이 있습니다.,ok,not_required,vlm,,False,,True
vegetables,hyperclovax,5026448,1,naver-hyperclovax/HyperCLOVAX-SEED-Vision-Instruct-3B,kurly_5026448_1.jpg,vegetables/images/kurly_5026448_1.jpg,상품-대표-이미지 1,matched,,0,이미지에는 흰색 그릇에 담긴 갈색의 감자 여섯 개가 있습니다.,,,reused,not_required,alt_preprocessed_5.csv:HyperCLOVAX_KOR,,,,6개 / 갈색 / 감자 / 흰색 / 담기다,5,이미지에는 흰색 그릇에 담긴 6개의 갈색 감자가 있습니다.,,이미지에는 흰색 그릇에 담긴 6개의 갈색 감자가 있습니다.,ok,not_required,vlm,,False,,갈색 감자 / 감자 6개 / 담기다 갈색 / 흰색 담기다,4,이미지에는 흰색 그릇에 담긴 갈색 감자 여섯 개가 놓여 있습니다.,,이미지에는 흰색 그릇에 담긴 갈색 감자 여섯 개가 놓여 있습니다.,ok,not_required,vlm,,False,,갈색 감자 6개 / 담기다 갈색 감자 / 흰색 담기다 갈색,3,이미지에는 흰색 그릇에 담긴 갈색 감자 여섯 개가 놓여 있습니다.,,이미지에는 흰색 그릇에 담긴 갈색 감자 여섯 개가 놓여 있습니다.,ok,not_required,vlm,,False,,True
vegetables,hyperclovax,5026448,2,naver-hyperclovax/HyperCLOVAX-SEED-Vision-Instruct-3B,kurly_5026448_2.jpg,vegetables/images/kurly_5026448_2.jpg,,matched,,0,이미지에는 껍질이 벗겨진 감자 반쪽과 껍질이 그대로인 감자 여러 개가 놓인 모습이 있습니다.,,,reused,not_required,alt_preprocessed_5.csv:HyperCLOVAX_KOR,,,,감자 / 껍질 / 반쪽 / 여러개 / 그대로,5,이미지에는 껍질이 벗겨진 여러 개의 감자가 그대로 놓여 있는 모습입니다.,,이미지에는 껍질이 벗겨진 여러 개의 감자가 그대로 놓여 있는 모습입니다.,ok,not_required,vlm,,False,,여러개 모습 / 감자 반쪽 / 감자 여러개 / 그대로 감자 / 반쪽 껍질,5,이미지에는 껍질이 벗겨져 반으로 잘린 감자 여러 개가 놓인 모습이 있습니다.,,이미지에는 껍질이 벗겨져 반으로 잘린 감자 여러 개가 놓인 모습이 있습니다.,ok,not_required,vlm,,False,,감자 여러개 모습 / 감자 반쪽 껍질 / 그대로 감자 여러개 / 껍질 그대로 감자 / 껍질 벗겨지다 감자,5,이미지에는 껍질 그대로의 여러 개의 감자가 있습니다.,,이미지에는 껍질 그대로의 여러 개의 감자가 있습니다.,ok,not_required,vlm,,False,,True
vegetables,hyperclovax,5026449,1,naver-hyperclovax/HyperCLOVAX-SEED-Vision-Instruct-3B,kurly_5026449_1.jpg,vegetables/images/kurly_5026449_1.jpg,상품-대표-이미지 1,matched,,0,이미지에는 녹색 접시 위에 놓인 고구마들이 있습니다.,,,reused,not_required,alt_preprocessed_5.csv:HyperCLOVAX_KOR,,,,녹색 / 고구마,2,이미지에는 녹색 접시 위에 놓인 고구마들이 있습니다.,,이미지에는 녹색 접시 위에 놓인 고구마들이 있습니다.,ok,not_required,vlm,,False,,녹색 고구마,1,이미지에는 녹색 고구마가 접시에 담겨 있는 모습입니다.,,이미지에는 녹색 고구마가 접시에 담겨 있는 모습입니다.,ok,not_required,vlm,,False,,,0,,,,no_keywords,not_required,vlm,,,이 이미지·모델에 해당하는 핵심어가 없음.,False
vegetables,hyperclovax,5026449,2,naver-hyperclovax/HyperCLOVAX-SEED-Vision-Instruct-3B,kurly_5026449_2.jpg,vegetables/images/kurly_5026449_2.jpg,,matched,,0,이미지에는 흰색 그릇에 담긴 고구마들이 있습니다.,,,reused,not_required,alt_preprocessed_5.csv:HyperCLOVAX_KOR,,,,고구마 / 흰색 / 담기다,3,이미지에는 흰색 그릇에 담긴 고구마들이 있습니다.,,이미지에는 흰색 그릇에 담긴 고구마들이 있습니다.,ok,not_required,vlm,,False,,담기다 고구마 / 흰색 담기다,2,이미지에는 흰색 그릇에 담긴 고구마들이 있습니다.,,이미지에는 흰색 그릇에 담긴 고구마들이 있습니다.,ok,not_required,vlm,,False,,흰색 담기다 고구마,1,이미지에는 흰색 그릇에 담긴 고구마들이 있습니다.,,이미지에는 흰색 그릇에 담긴 고구마들이 있습니다.,ok,not_required,vlm,,False,,True
vegetables,hyperclovax,5026450,1,naver-hyperclovax/HyperCLOVAX-SEED-Vision-Instruct-3B,kurly_5026450_1.jpg,vegetables/images/kurly_5026450_1.jpg,상품-대표-이미지 1,matched,,0,이미지에는 구운 고구마가 담긴 접시가 있습니다.,,,reused,not_required,alt_preprocessed_5.csv:HyperCLOVAX_KOR,,,,고구마 / 담기다,2,이미지에는 고구마가 담긴 접시가 있습니다.,,이미지에는 고구마가 담긴 접시가 있습니다.,ok,not_required,vlm,,False,,고구마 담기다,1,이미지에는 고구마가 담긴 접시가 있습니다.,,이미지에는 고구마가 담긴 접시가 있습니다.,ok,not_required,vlm,,False,,,0,,,,no_keywords,not_required,vlm,,,이 이미지·모델에 해당하는 핵심어가 없음.,False
vegetables,hyperclovax,5026450,2,naver-hyperclovax/HyperCLOVAX-SEED-Vision-Instruct-3B,kurly_5026450_2.jpg,vegetables/images/kurly_5026450_2.jpg,,matched,,0,이미지에는 반으로 잘린 고구마 여섯 개가 흰색 그릇에 담겨 있습니다.,,,reused,not_required,alt_preprocessed_5.csv:HyperCLOVAX_KOR,,,,6개 / 반 / 잘리다 / 고구마 / 흰색,5,"이미지에는 흰색 그릇에 담긴 여섯 개의 고구마가 있습니다. 그릇에 담긴 고구마 중 한 개는 반으로 잘려 있으며, 반으로 잘린 고구마의 내부는 노란색입니다.",,"이미지에는 흰색 그릇에 담긴 여섯 개의 고구마가 있습니다. 그릇에 담긴 고구마 중 한 개는 반으로 잘려 있으며, 반으로 잘린 고구마의 내부는 노란색입니다.",ok,not_required,vlm,,False,,6개 흰색 / 고구마 6개 / 잘리다 고구마 / 반 잘리다 / 흰색 담기다,5,"이미지에는 흰색 그릇에 담긴 6개의 고구마가 있습니다. 그릇에 담긴 6개의 고구마 중 2개는 반으로 잘려 있으며, 잘린 단면은 노란색을 띠고 있습니다.",,"이미지에는 흰색 그릇에 담긴 6개의 고구마가 있습니다. 그릇에 담긴 6개의 고구마 중 2개는 반으로 잘려 있으며, 잘린 단면은 노란색을 띠고 있습니다.",ok,not_required,vlm,,False,,6개 흰색 담기다 / 고구마 6개 흰색 / 반 잘리다 고구마 / 잘리다 고구마 6개,4,이미지에는 흰색 그릇에 담긴 고구마 6개가 반으로 잘려 있는 모습입니다.,,이미지에는 흰색 그릇에 담긴 고구마 6개가 반으로 잘려 있는 모습입니다.,ok,not_required,vlm,,False,,True
vegetables,hyperclovax,5026451,1,naver-hyperclovax/HyperCLOVAX-SEED-Vision-Instruct-3B,kurly_5026451_1.jpg,vegetables/images/kurly_5026451_1.jpg,상품-대표-이미지 1,matched,,0,이미지에는 주황색 양파가 비닐망에 담겨 있습니다.,,,reused,not_required,alt_preprocessed_5.csv:HyperCLOVAX_KOR,,,,망 / 비닐 / 양파 / 주황색 / 담기다,5,이미지에는 주황색의 양파가 비닐망에 담겨 있습니다.,,이미지에는 주황색의 양파가 비닐망에 담겨 있습니다.,ok,not_required,vlm,,False,,망 담기다 / 비닐 망 / 양파 비닐 / 주황색 양파,4,이미지에는 주황색 양파가 비닐 망에 담겨 있습니다.,,이미지에는 주황색 양파가 비닐 망에 담겨 있습니다.,ok,not_required,vlm,,False,,비닐 망 담기다 / 양파 비닐 망 / 주황색 양파 비닐,3,이미지에는 주황색 양파가 비닐 망에 담겨 있습니다.,,이미지에는 주황색 양파가 비닐 망에 담겨 있습니다.,ok,not_required,vlm,,False,,True
vegetables,hyperclovax,5026451,2,naver-hyperclovax/HyperCLOVAX-SEED-Vision-Instruct-3B,kurly_5026451_2.jpg,vegetables/images/kurly_5026451_2.jpg,,matched,,0,이미지에는 주황색 양파 한 다발과 그 옆에 놓인 양파 한 개가 있습니다.,,,reused,not_required,alt_preprocessed_5.csv:HyperCLOVAX_KOR,,,,양파 / 옆 / 다발 / 주황색 / 1개,5,이미지에는 주황색의 양파 다발이 있고 그 옆에는 양파 1개가 놓여 있습니다.,,이미지에는 주황색의 양파 다발이 있고 그 옆에는 양파 1개가 놓여 있습니다.,ok,not_required,vlm,,False,,다발 옆 / 양파 1개 / 양파 다발 / 옆 양파 / 주황색 양파,5,이미지에는 주황색 양파 다발 옆에 양파 1개가 놓여 있는 모습입니다.,,이미지에는 주황색 양파 다발 옆에 양파 1개가 놓여 있는 모습입니다.,ok,not_required,vlm,,False,,다발 옆 양파 / 양파 다발 옆 / 옆 양파 1개 / 주황색 양파 다발,4,이미지에는 주황색 양파 다발과 옆 양파 1개가 있습니다.,,이미지에는 주황색 양파 다발과 옆 양파 1개가 있습니다.,ok,not_required,vlm,,False,,True
vegetables,hyperclovax,5027318,1,naver-hyperclovax/HyperCLOVAX-SEED-Vision-Instruct-3B,kurly_5027318_1.jpg,vegetables/images/kurly_5027318_1.jpg,상품-대표-이미지 1,matched,,0,이미지에는 나무 그릇에 담긴 마늘이 있습니다.,,,reused,not_required,alt_preprocessed_5.csv:HyperCLOVAX_KOR,,,,마늘 / 나무 / 담기다,3,이미지에는 나무 그릇에 담긴 마늘이 있습니다.,,이미지에는 나무 그릇에 담긴 마늘이 있습니다.,ok,not_required,vlm,,False,,나무 담기다 / 담기다 마늘,2,이미지에는 나무 그릇에 담긴 마늘이 있습니다.,,이미지에는 나무 그릇에 담긴 마늘이 있습니다.,ok,not_required,vlm,,False,,나무 담기다 마늘,1,나무 그릇에 담긴 마늘,,나무 그릇에 담긴 마늘,ok,not_required,vlm,,False,,True
vegetables,hyperclovax,5027318,2,naver-hyperclovax/HyperCLOVAX-SEED-Vision-Instruct-3B,kurly_5027318_2.jpg,vegetables/images/kurly_5027318_2.jpg,,matched,,0,이미지에는 껍질을 벗긴 마늘이 놓인 나무 그릇이 있습니다.,,,reused,not_required,alt_preprocessed_5.csv:HyperCLOVAX_KOR,,,,벗기다 / 마늘 / 나무 / 껍질,4,이미지에는 껍질을 벗긴 마늘이 나무 그릇에 담겨 있고 그 옆에는 껍질이 벗겨진 마늘이 놓여 있는 모습입니다.,,이미지에는 껍질을 벗긴 마늘이 나무 그릇에 담겨 있고 그 옆에는 껍질이 벗겨진 마늘이 놓여 있는 모습입니다.,ok,not_required,vlm,,False,,마늘 나무 / 벗기다 마늘 / 껍질 벗기다,3,이미지에는 껍질을 벗긴 마늘이 나무 그릇에 담겨 있고 그 옆에는 몇 조각이 놓여 있는 모습입니다.,,이미지에는 껍질을 벗긴 마늘이 나무 그릇에 담겨 있고 그 옆에는 몇 조각이 놓여 있는 모습입니다.,ok,not_required,vlm,,False,,껍질 벗기다 마늘 / 벗기다 마늘 나무,2,이미지에는 껍질을 벗긴 마늘이 나무 그릇에 담겨 있고 그 옆에는 껍질이 벗겨진 마늘 몇 개가 놓여 있는 모습입니다.,,이미지에는 껍질을 벗긴 마늘이 나무 그릇에 담겨 있고 그 옆에는 껍질이 벗겨진 마늘 몇 개가 놓여 있는 모습입니다.,ok,not_required,vlm,,False,,True
vegetables,hyperclovax,5027319,1,naver-hyperclovax/HyperCLOVAX-SEED-Vision-Instruct-3B,kurly_5027319_1.jpg,vegetables/images/kurly_5027319_1.jpg,상품-대표-이미지 1,matched,,0,이미지에는 접시 위에 놓인 배추 한 개가 있습니다.,,,reused,not_required,alt_preprocessed_5.csv:HyperCLOVAX_KOR,,,,배추 / 1개,2,이미지에는 한 개의 배추가 있습니다.,,이미지에는 한 개의 배추가 있습니다.,ok,not_required,vlm,,False,,배추 1개,1,이미지에는 접시 위에 놓인 배추 한 개가 있습니다.,,이미지에는 접시 위에 놓인 배추 한 개가 있습니다.,ok,not_required,vlm,,False,,,0,,,,no_keywords,not_required,vlm,,,이 이미지·모델에 해당하는 핵심어가 없음.,False
vegetables,hyperclovax,5027319,2,naver-hyperclovax/HyperCLOVAX-SEED-Vision-Instruct-3B,kurly_5027319_2.jpg,vegetables/images/kurly_5027319_2.jpg,,matched,,0,이미지에는 반으로 잘린 배추 두 조각이 있습니다.,,,reused,not_required,alt_preprocessed_5.csv:HyperCLOVAX_KOR,,,,배추 / 반 / 잘리다 / 조각,4,이미지에는 반으로 잘린 배추의 모습이 있습니다.,,이미지에는 반으로 잘린 배추의 모습이 있습니다.,ok,not_required,vlm,,False,,배추 조각 / 잘리다 배추 / 반 잘리다,3,이미지에는 반으로 잘린 배추 조각이 있습니다.,,이미지에는 반으로 잘린 배추 조각이 있습니다.,ok,not_required,vlm,,False,,반 잘리다 배추 / 잘리다 배추 조각,2,이미지에는 반으로 잘린 배추 조각이 있습니다.,,이미지에는 반으로 잘린 배추 조각이 있습니다.,ok,not_required,vlm,,False,,True
vegetables,hyperclovax,5027320,1,naver-hyperclovax/HyperCLOVAX-SEED-Vision-Instruct-3B,kurly_5027320_1.jpg,vegetables/images/kurly_5027320_1.jpg,상품-대표-이미지 1,matched,,0,이미지에는 플라스틱 포장지에 담긴 파가 있습니다.,,,reused,not_required,alt_preprocessed_5.csv:HyperCLOVAX_KOR,,,,플라스틱 / 포장지 / 파 / 담기다,4,이미지에는 플라스틱 포장지에 담긴 파가 있습니다.,,이미지에는 플라스틱 포장지에 담긴 파가 있습니다.,ok,not_required,vlm,,False,,담기다 파 / 포장지 담기다 / 플라스틱 포장지,3,이미지에는 플라스틱 포장지에 담긴 파가 놓여 있습니다.,,이미지에는 플라스틱 포장지에 담긴 파가 놓여 있습니다.,ok,not_required,vlm,,False,,포장지 담기다 파 / 플라스틱 포장지 담기다,2,이미지에는 플라스틱 포장지에 담긴 파가 있습니다.,,이미지에는 플라스틱 포장지에 담긴 파가 있습니다.,ok,not_required,vlm,,False,,True
vegetables,hyperclovax,5027320,2,naver-hyperclovax/HyperCLOVAX-SEED-Vision-Instruct-3B,kurly_5027320_2.jpg,vegetables/images/kurly_5027320_2.jpg,,matched,,0,이미지에는 포장된 파가 있습니다.,,,reused,not_required,alt_preprocessed_5.csv:HyperCLOVAX_KOR,,,,파 / 포장,2,이미지에는 포장된 파가 있습니다.,,이미지에는 포장된 파가 있습니다.,ok,not_required,vlm,,False,,포장 파,1,이미지에는 포장된 파가 있습니다.,,이미지에는 포장된 파가 있습니다.,ok,not_required,vlm,,False,,,0,,,,no_keywords,not_required,vlm,,,이 이미지·모델에 해당하는 핵심어가 없음.,False
vegetables,hyperclovax,5030557,1,naver-hyperclovax/HyperCLOVAX-SEED-Vision-Instruct-3B,kurly_5030557_1.jpg,vegetables/images/kurly_5030557_1.jpg,상품-대표-이미지 1,matched,,0,이미지에는 노란색과 빨간색의 피망 두 개가 나란히 놓여 있습니다.,,,reused,not_required,alt_preprocessed_5.csv:HyperCLOVAX_KOR,,,,나란히 / 피망 / 빨간색 / 노란색 / 2개,5,이미지에는 나란히 놓인 노란색과 빨간색 피망 두 개가 있습니다.,,이미지에는 나란히 놓인 노란색과 빨간색 피망 두 개가 있습니다.,ok,not_required,vlm,,False,,2개 나란히 / 노란색 빨간색 / 빨간색 피망 / 피망 2개,4,이미지에는 노란색과 빨간색 피망 두 개가 나란히 놓여 있습니다.,,이미지에는 노란색과 빨간색 피망 두 개가 나란히 놓여 있습니다.,ok,not_required,vlm,,False,,노란색 빨간색 피망 / 빨간색 피망 2개 / 피망 2개 나란히,3,이미지에는 노란색과 빨간색 피망 두 개가 나란히 놓여 있습니다.,,이미지에는 노란색과 빨간색 피망 두 개가 나란히 놓여 있습니다.,ok,not_required,vlm,,False,,True
vegetables,hyperclovax,5030557,2,naver-hyperclovax/HyperCLOVAX-SEED-Vision-Instruct-3B,kurly_5030557_2.jpg,vegetables/images/kurly_5030557_2.jpg,,matched,,0,"이미지에는 왼쪽에 노란색 벨 페퍼, 오른쪽에 빨간색 벨 페퍼가 있습니다.",,,reused,not_required,alt_preprocessed_5.csv:HyperCLOVAX_KOR,,,,페퍼 / 오른쪽 / 왼쪽 / 빨간색 / 노란색,5,"이미지에는 왼쪽에 노란색 페퍼, 오른쪽에 빨간색 페퍼가 있습니다.",,"이미지에는 왼쪽에 노란색 페퍼, 오른쪽에 빨간색 페퍼가 있습니다.",ok,not_required,vlm,,False,,노란색 페퍼 / 빨간색 페퍼 / 오른쪽 빨간색 / 왼쪽 노란색 / 페퍼 오른쪽,5,이미지에는 왼쪽에 노란색 페퍼와 오른쪽에 빨간색 페퍼가 있습니다.,,이미지에는 왼쪽에 노란색 페퍼와 오른쪽에 빨간색 페퍼가 있습니다.,ok,not_required,vlm,,False,,노란색 페퍼 오른쪽 / 오른쪽 빨간색 페퍼 / 왼쪽 노란색 페퍼 / 페퍼 오른쪽 빨간색,4,이미지에는 왼쪽에 노란색 벨 페퍼와 오른쪽에 빨간색 벨 페퍼가 있습니다.,,이미지에는 왼쪽에 노란색 벨 페퍼와 오른쪽에 빨간색 벨 페퍼가 있습니다.,ok,not_required,vlm,,False,,True
vegetables,hyperclovax,5030559,1,naver-hyperclovax/HyperCLOVAX-SEED-Vision-Instruct-3B,kurly_5030559_1.jpg,vegetables/images/kurly_5030559_1.jpg,상품-대표-이미지 1,matched,,0,이미지에는 녹색의 긴 오이가 흰색 천 위에 놓여 있습니다.,,,reused,not_required,alt_preprocessed_5.csv:HyperCLOVAX_KOR,,,,길다 / 녹색 / 오이 / 천 / 흰색,5,이미지에는 녹색 오이가 천 위에 놓여 있습니다.,,이미지에는 녹색 오이가 천 위에 놓여 있습니다.,ok,not_required,vlm,,False,,길다 오이 / 녹색 길다 / 오이 흰색 / 흰색 천,4,이미지에는 길고 녹색인 오이가 흰색 천 위에 놓여 있습니다.,,이미지에는 길고 녹색인 오이가 흰색 천 위에 놓여 있습니다.,ok,not_required,vlm,,False,,길다 오이 흰색 / 녹색 길다 오이 / 오이 흰색 천,3,이미지에는 길고 녹색인 오이가 흰색 천 위에 놓여 있습니다.,,이미지에는 길고 녹색인 오이가 흰색 천 위에 놓여 있습니다.,ok,not_required,vlm,,False,,True
vegetables,hyperclovax,5030559,2,naver-hyperclovax/HyperCLOVAX-SEED-Vision-Instruct-3B,kurly_5030559_2.jpg,vegetables/images/kurly_5030559_2.jpg,,matched,,0,이미지에는 도마 위에 놓인 오이 조각들이 있습니다.,,,reused,not_required,alt_preprocessed_5.csv:HyperCLOVAX_KOR,,,,도마 / 오이 / 조각,3,이미지에는 도마 위에 오이를 얇게 썬 조각들이 놓여 있는 모습입니다.,,이미지에는 도마 위에 오이를 얇게 썬 조각들이 놓여 있는 모습입니다.,ok,not_required,vlm,,False,,오이 조각 / 도마 오이,2,이미지에는 도마 위에 놓인 오이 조각들이 있습니다.,,이미지에는 도마 위에 놓인 오이 조각들이 있습니다.,ok,not_required,vlm,,False,,도마 오이 조각,1,이미지에는 도마 위에 놓인 오이 조각들이 있습니다.,,이미지에는 도마 위에 놓인 오이 조각들이 있습니다.,ok,not_required,vlm,,False,,True
vegetables,hyperclovax,5031100,1,naver-hyperclovax/HyperCLOVAX-SEED-Vision-Instruct-3B,kurly_5031100_1.jpg,vegetables/images/kurly_5031100_1.jpg,상품-대표-이미지 1,matched,,0,이미지에는 접시 위에 놓인 양상추와 그 옆에 반으로 잘린 양상추가 있습니다.,,,reused,not_required,alt_preprocessed_5.csv:HyperCLOVAX_KOR,,,,양상추 / 옆 / 반 / 잘리다,4,이미지에는 반으로 잘린 양상추가 놓인 흰색 접시가 있습니다.,,이미지에는 반으로 잘린 양상추가 놓인 흰색 접시가 있습니다.,ok,not_required,vlm,,False,,양상추 옆 / 옆 반 / 잘리다 양상추 / 반 잘리다,4,이미지에는 양상추 한 개와 반으로 잘린 양상추가 놓인 모습이 있습니다.,,이미지에는 양상추 한 개와 반으로 잘린 양상추가 놓인 모습이 있습니다.,ok,not_required,vlm,,False,,양상추 옆 반 / 옆 반 잘리다 / 반 잘리다 양상추,3,이미지에는 양상추 반과 반 잘린 양상추가 있습니다.,,이미지에는 양상추 반과 반 잘린 양상추가 있습니다.,ok,not_required,vlm,,False,,True
vegetables,hyperclovax,5031100,2,naver-hyperclovax/HyperCLOVAX-SEED-Vision-Instruct-3B,kurly_5031100_2.jpg,vegetables/images/kurly_5031100_2.jpg,,matched,,0,이미지에는 반으로 잘린 양상추가 있습니다.,,,reused,not_required,alt_preprocessed_5.csv:HyperCLOVAX_KOR,,,,양상추 / 반 / 잘리다,3,이미지에는 반으로 잘린 양상추가 있습니다.,,이미지에는 반으로 잘린 양상추가 있습니다.,ok,not_required,vlm,,False,,잘리다 양상추 / 반 잘리다,2,이미지에는 반으로 잘린 양상추가 있습니다.,,이미지에는 반으로 잘린 양상추가 있습니다.,ok,not_required,vlm,,False,,반 잘리다 양상추,1,이미지에는 반으로 잘린 양상추가 있습니다.,,이미지에는 반으로 잘린 양상추가 있습니다.,ok,not_required,vlm,,False,,True
vegetables,hyperclovax,5031391,1,naver-hyperclovax/HyperCLOVAX-SEED-Vision-Instruct-3B,kurly_5031391_1.jpg,vegetables/images/kurly_5031391_1.jpg,상품-대표-이미지 1,matched,,0,이미지에는 흰색 천 위에 놓인 두 개의 표고버섯이 있습니다.,,,reused,not_required,alt_preprocessed_5.csv:HyperCLOVAX_KOR,,,,표고버섯 / 천 / 2개 / 흰색,4,이미지에는 천 위에 놓인 두 개의 흰색 표고버섯이 있습니다.,,이미지에는 천 위에 놓인 두 개의 흰색 표고버섯이 있습니다.,ok,not_required,vlm,,False,,2개 표고버섯 / 천 2개 / 흰색 천,3,이미지에는 천 위에 놓인 두 개의 표고버섯이 있습니다.,,이미지에는 천 위에 놓인 두 개의 표고버섯이 있습니다.,ok,not_required,vlm,,False,,천 2개 표고버섯 / 흰색 천 2개,2,이미지에는 흰색 천 위에 놓인 두 개의 표고버섯이 있습니다.,,이미지에는 흰색 천 위에 놓인 두 개의 표고버섯이 있습니다.,ok,not_required,vlm,,False,,True
vegetables,hyperclovax,5031391,2,naver-hyperclovax/HyperCLOVAX-SEED-Vision-Instruct-3B,kurly_5031391_2.jpg,vegetables/images/kurly_5031391_2.jpg,,matched,,0,이미지에는 흰색 버섯이 있습니다.,,,reused,not_required,alt_preprocessed_5.csv:HyperCLOVAX_KOR,,,,버섯 / 흰색,2,이미지에는 흰색 버섯이 있습니다.,,이미지에는 흰색 버섯이 있습니다.,ok,not_required,vlm,,False,,흰색 버섯,1,이미지에는 흰색 버섯이 있습니다.,,이미지에는 흰색 버섯이 있습니다.,ok,not_required,vlm,,False,,,0,,,,no_keywords,not_required,vlm,,,이 이미지·모델에 해당하는 핵심어가 없음.,False
vegetables,hyperclovax,5031395,1,naver-hyperclovax/HyperCLOVAX-SEED-Vision-Instruct-3B,kurly_5031395_1.jpg,vegetables/images/kurly_5031395_1.jpg,상품-대표-이미지 1,matched,,0,이미지에는 접시 위에 놓인 무가 있습니다.,,,reused,not_required,alt_preprocessed_5.csv:HyperCLOVAX_KOR,,,,무,1,이미지에는 무가 있습니다.,,이미지에는 무가 있습니다.,ok,not_required,vlm,,False,,,0,,,,no_keywords,not_required,vlm,,,이 이미지·모델에 해당하는 핵심어가 없음.,,0,,,,no_keywords,not_required,vlm,,,이 이미지·모델에 해당하는 핵심어가 없음.,False
vegetables,hyperclovax,5031395,2,naver-hyperclovax/HyperCLOVAX-SEED-Vision-Instruct-3B,kurly_5031395_2.jpg,vegetables/images/kurly_5031395_2.jpg,,matched,,0,이미지에는 접시 위에 놓인 무 몇 조각과 무 한 개가 있습니다.,,,reused,not_required,alt_preprocessed_5.csv:HyperCLOVAX_KOR,,,,무 / 몇 / 1개 / 조각,4,이미지에는 무 한 개가 조각으로 잘려져 있는 모습입니다.,,이미지에는 무 한 개가 조각으로 잘려져 있는 모습입니다.,ok,not_required,vlm,,False,,몇 조각 / 무 1개 / 무 몇 / 조각 무,4,이미지에는 무 몇 조각이 있는 접시가 있습니다.,,이미지에는 무 몇 조각이 있는 접시가 있습니다.,ok,not_required,vlm,,False,,몇 조각 무 / 무 몇 조각 / 조각 무 1개,3,이미지에는 몇 조각 무가 놓인 모습이 있습니다.,,이미지에는 몇 조각 무가 놓인 모습이 있습니다.,ok,not_required,vlm,,False,,True
vegetables,hyperclovax,5036663,1,naver-hyperclovax/HyperCLOVAX-SEED-Vision-Instruct-3B,kurly_5036663_1.jpg,vegetables/images/kurly_5036663_1.jpg,상품-대표-이미지 1,matched,,0,이미지에는 회색 배경 위에 놓인 녹색의 대파가 있습니다.,,,reused,not_required,alt_preprocessed_5.csv:HyperCLOVAX_KOR,,,,배경 / 회색 / 파 / 녹색,4,이미지에는 회색 배경 위에 녹색 파가 놓여 있습니다.,,이미지에는 회색 배경 위에 녹색 파가 놓여 있습니다.,ok,not_required,vlm,,False,,녹색 파 / 배경 녹색 / 회색 배경,3,이미지에는 회색 배경 위에 놓인 녹색 파가 있습니다.,,이미지에는 회색 배경 위에 놓인 녹색 파가 있습니다.,ok,not_required,vlm,,False,,배경 녹색 파 / 회색 배경 녹색,2,이미지에는 회색 배경 위에 놓인 녹색 파가 있습니다.,,이미지에는 회색 배경 위에 놓인 녹색 파가 있습니다.,ok,not_required,vlm,,False,,True
vegetables,hyperclovax,5036663,2,naver-hyperclovax/HyperCLOVAX-SEED-Vision-Instruct-3B,kurly_5036663_2.jpg,vegetables/images/kurly_5036663_2.jpg,,matched,,0,이미지에는 회색 바탕 위에 놓인 초록색 대파가 있습니다.,,,reused,not_required,alt_preprocessed_5.csv:HyperCLOVAX_KOR,,,,회색 / 초록색 / 파,3,이미지에는 회색 바탕 위에 놓인 초록색 파의 모습이 있습니다.,,이미지에는 회색 바탕 위에 놓인 초록색 파의 모습이 있습니다.,ok,not_required,vlm,,False,,초록색 파 / 회색 초록색,2,이미지에는 초록색 파가 회색 표면 위에 놓여 있습니다.,,이미지에는 초록색 파가 회색 표면 위에 놓여 있습니다.,ok,not_required,vlm,,False,,회색 초록색 파,1,이미지에는 회색 바탕 위에 놓인 초록색 파가 있습니다.,,이미지에는 회색 바탕 위에 놓인 초록색 파가 있습니다.,ok,not_required,vlm,,False,,True
vegetables,hyperclovax,5042793,1,naver-hyperclovax/HyperCLOVAX-SEED-Vision-Instruct-3B,kurly_5042793_1.jpg,vegetables/images/kurly_5042793_1.jpg,상품-대표-이미지 1,matched,,0,이미지에는 브로콜리가 담긴 흰색 접시가 있습니다.,,,reused,not_required,alt_preprocessed_5.csv:HyperCLOVAX_KOR,,,,브로콜리 / 흰색 / 담기다,3,이미지에는 흰색 접시에 담긴 브로콜리가 있습니다.,,이미지에는 흰색 접시에 담긴 브로콜리가 있습니다.,ok,not_required,vlm,,False,,브로콜리 담기다 / 담기다 흰색,2,이미지에는 흰색 접시에 담긴 브로콜리가 있습니다.,,이미지에는 흰색 접시에 담긴 브로콜리가 있습니다.,ok,not_required,vlm,,False,,브로콜리 담기다 흰색,1,이미지에는 흰색 접시에 담긴 브로콜리가 있습니다.,,이미지에는 흰색 접시에 담긴 브로콜리가 있습니다.,ok,not_required,vlm,,False,,True
vegetables,hyperclovax,5042793,2,naver-hyperclovax/HyperCLOVAX-SEED-Vision-Instruct-3B,kurly_5042793_2.jpg,vegetables/images/kurly_5042793_2.jpg,,matched,,0,이미지에는 흰 접시에 담긴 브로콜리 조각들이 있습니다.,,,reused,not_required,alt_preprocessed_5.csv:HyperCLOVAX_KOR,,,,희다 / 브로콜리 / 조각 / 담기다,4,이미지에는 흰색 접시에 담긴 브로콜리 조각들이 있습니다.,,이미지에는 흰색 접시에 담긴 브로콜리 조각들이 있습니다.,ok,not_required,vlm,,False,,담기다 브로콜리 / 브로콜리 조각 / 희다 담기다,3,이미지에는 흰색 접시에 담긴 브로콜리 조각들이 있습니다.,,이미지에는 흰색 접시에 담긴 브로콜리 조각들이 있습니다.,ok,not_required,vlm,,False,,담기다 브로콜리 조각 / 희다 담기다 브로콜리,2,이미지에는 흰색 접시에 담긴 브로콜리 조각들이 있습니다.,,이미지에는 흰색 접시에 담긴 브로콜리 조각들이 있습니다.,ok,not_required,vlm,,False,,True
vegetables,hyperclovax,5044050,1,naver-hyperclovax/HyperCLOVAX-SEED-Vision-Instruct-3B,kurly_5044050_1.jpg,vegetables/images/kurly_5044050_1.jpg,상품-대표-이미지 1,matched,,0,"이미지에는 나무 도마 위에 두 개의 연한 갈색 뿌리채소, 아마도 우엉이 놓여 있고 그 옆에는 우엉의 껍질을 벗긴 후 얇게 썰어놓은 모습이 담겨 있습니다.",,,reused,not_required,alt_preprocessed_5.csv:HyperCLOVAX_KOR,,,,우엉 / 뿌리채소 / 썰다 / 아마도 / 얇다,5,이미지에는 나무 도마 위에 우엉 두 개와 우엉을 얇게 썰어 놓은 모습이 있습니다.,,이미지에는 나무 도마 위에 우엉 두 개와 우엉을 얇게 썰어 놓은 모습이 있습니다.,ok,not_required,vlm,,False,,2개 연하다 / 갈색 뿌리채소 / 모습 담기다 / 뿌리채소 아마도 / 썰다 모습,5,"이미지에는 갈색 바탕에 연한 색의 뿌리채소 두 개가 나무 도마 위에 놓여 있으며, 오른쪽에는 같은 뿌리채소를 얇게 썰어 도마 위에 올려놓은 모습이 담겨 있습니다.",,"이미지에는 갈색 바탕에 연한 색의 뿌리채소 두 개가 나무 도마 위에 놓여 있으며, 오른쪽에는 같은 뿌리채소를 얇게 썰어 도마 위에 올려놓은 모습이 담겨 있습니다.",ok,not_required,vlm,,False,,2개 연하다 갈색 / 갈색 뿌리채소 아마도 / 도마 2개 연하다 / 벗기다 후 얇다 / 뿌리채소 아마도 우엉,5,"이미지에는 연한 갈색의 도마 위에 우엉이 놓여 있으며, 우엉을 얇게 썰어놓은 도마도 함께 놓여 있습니다.",,"이미지에는 연한 갈색의 도마 위에 우엉이 놓여 있으며, 우엉을 얇게 썰어놓은 도마도 함께 놓여 있습니다.",ok,not_required,vlm,,False,,True
vegetables,hyperclovax,5044050,2,naver-hyperclovax/HyperCLOVAX-SEED-Vision-Instruct-3B,kurly_5044050_2.jpg,vegetables/images/kurly_5044050_2.jpg,,matched,,0,이미지에는 나무 도마 위에 놓인 두 개의 생고구마와 고구마 껍질을 벗긴 후 잘라놓은 고구마 조각들이 있습니다.,,,reused,not_required,alt_preprocessed_5.csv:HyperCLOVAX_KOR,,,,고구마 / 자르다 / 후 / 벗기다 / 도마,5,이미지에는 고구마와 고구마를 자른 모습이 있는 도마가 회색 바탕 위에 놓여 있습니다.,,이미지에는 고구마와 고구마를 자른 모습이 있는 도마가 회색 바탕 위에 놓여 있습니다.,ok,not_required,vlm,,False,,2개 고구마 / 고구마 고구마 / 고구마 껍질 / 고구마 조각 / 자르다 고구마,5,"이미지에는 고구마 두 개와 고구마 껍질, 고구마 조각이 나무 도마 위에 놓여 있는 모습입니다.",,"이미지에는 고구마 두 개와 고구마 껍질, 고구마 조각이 나무 도마 위에 놓여 있는 모습입니다.",ok,not_required,vlm,,False,,2개 고구마 고구마 / 고구마 고구마 껍질 / 고구마 껍질 벗기다 / 도마 2개 고구마 / 벗기다 후 자르다,5,"이미지에는 나무 도마 위에 고구마와 고구마 껍질이 벗겨진 상태로 놓여 있으며, 또 다른 도마 위에는 고구마 껍질이 벗겨진 상태로 여러 조각이 놓여 있는 모습입니다.",,"이미지에는 나무 도마 위에 고구마와 고구마 껍질이 벗겨진 상태로 놓여 있으며, 또 다른 도마 위에는 고구마 껍질이 벗겨진 상태로 여러 조각이 놓여 있는 모습입니다.",ok,not_required,vlm,,False,,True
vegetables,hyperclovax,5045384,1,naver-hyperclovax/HyperCLOVAX-SEED-Vision-Instruct-3B,kurly_5045384_1.jpg,vegetables/images/kurly_5045384_1.jpg,상품-대표-이미지 1,matched,,0,이미지에는 흰색 천 위에 놓인 녹색과 자주색 잎들이 있습니다.,,,reused,not_required,alt_preprocessed_5.csv:HyperCLOVAX_KOR,,,,자주색 / 녹색 / 천 / 잎 / 흰색,5,이미지에는 흰색 천 위에 놓인 녹색 잎과 자주색 잎이 있습니다.,,이미지에는 흰색 천 위에 놓인 녹색 잎과 자주색 잎이 있습니다.,ok,not_required,vlm,,False,,녹색 자주색 / 자주색 잎 / 천 녹색 / 흰색 천,4,이미지에는 녹색과 자주색의 잎이 흰색 천 위에 놓여 있습니다.,,이미지에는 녹색과 자주색의 잎이 흰색 천 위에 놓여 있습니다.,ok,not_required,vlm,,False,,녹색 자주색 잎 / 천 녹색 자주색 / 흰색 천 녹색,3,이미지에는 녹색과 자주색의 잎이 흰색 천 위에 놓여 있습니다.,,이미지에는 녹색과 자주색의 잎이 흰색 천 위에 놓여 있습니다.,ok,not_required,vlm,,False,,True
vegetables,hyperclovax,5045384,2,naver-hyperclovax/HyperCLOVAX-SEED-Vision-Instruct-3B,kurly_5045384_2.jpg,vegetables/images/kurly_5045384_2.jpg,,matched,,0,이미지에는 흰색 천 위에 놓인 여러 잎이 있습니다.,,,reused,not_required,alt_preprocessed_5.csv:HyperCLOVAX_KOR,,,,여러 / 천 / 잎 / 흰색,4,이미지에는 여러 잎이 흰색 천 위에 놓여 있습니다.,,이미지에는 여러 잎이 흰색 천 위에 놓여 있습니다.,ok,not_required,vlm,,False,,여러 잎 / 천 여러 / 흰색 천,3,이미지에는 여러 잎이 흰색 천 위에 놓여 있습니다.,,이미지에는 여러 잎이 흰색 천 위에 놓여 있습니다.,ok,not_required,vlm,,False,,천 여러 잎 / 흰색 천 여러,2,이미지에는 흰색 천 위에 놓인 여러 잎이 있습니다.,,이미지에는 흰색 천 위에 놓인 여러 잎이 있습니다.,ok,not_required,vlm,,False,,True
vegetables,hyperclovax,5048049,1,naver-hyperclovax/HyperCLOVAX-SEED-Vision-Instruct-3B,kurly_5048049_1.jpg,vegetables/images/kurly_5048049_1.jpg,상품-대표-이미지 1,matched,,0,이미지에는 국산 다진 마늘 제품이 있습니다.,,,reused,not_required,alt_preprocessed_5.csv:HyperCLOVAX_KOR,,,,국산 / 제품 / 다지다 / 마늘,4,이미지에는 국산 다진 마늘 제품이 있습니다.,,이미지에는 국산 다진 마늘 제품이 있습니다.,ok,not_required,vlm,,False,,국산 다지다 / 마늘 제품 / 다지다 마늘,3,이미지에는 다진 마늘을 담은 용기와 튜브형 용기가 있습니다.,,이미지에는 다진 마늘을 담은 용기와 튜브형 용기가 있습니다.,ok,not_required,vlm,,False,,국산 다지다 마늘 / 다지다 마늘 제품,2,이미지에는 다지다 마늘 제품이 있습니다.,,이미지에는 다지다 마늘 제품이 있습니다.,ok,not_required,vlm,,False,,True
vegetables,hyperclovax,5048049,2,naver-hyperclovax/HyperCLOVAX-SEED-Vision-Instruct-3B,kurly_5048049_2.jpg,vegetables/images/kurly_5048049_2.jpg,,matched,,0,이미지에는 포장된 현미밥과 국산 참깨마요네즈가 있습니다.,,,reused,not_required,alt_preprocessed_5.csv:HyperCLOVAX_KOR,,,,마요네즈 / 밥 / 참깨 / 현미 / 국산,5,"이미지에는 마요네즈와 밥, 참깨, 현미가 들어있는 용기와 국산 마요네즈 튜브가 놓인 모습이 있습니다.",,"이미지에는 마요네즈와 밥, 참깨, 현미가 들어있는 용기와 국산 마요네즈 튜브가 놓인 모습이 있습니다.",ok,not_required,vlm,,False,,국산 참깨 / 밥 국산 / 참깨 마요네즈 / 포장 현미 / 현미 밥,5,"이미지에는 포장 현미와 국산 밥, 국산 참깨가 들어있는 용기와 참깨 마요네즈 튜브, 그리고 현미밥이 담긴 접시가 있습니다.",,"이미지에는 포장 현미와 국산 밥, 국산 참깨가 들어있는 용기와 참깨 마요네즈 튜브, 그리고 현미밥이 담긴 접시가 있습니다.",ok,not_required,vlm,,False,,국산 참깨 마요네즈 / 밥 국산 참깨 / 포장 현미 밥 / 현미 밥 국산,4,"이미지에는 포장된 현미밥과 국산 참깨 마요네즈, 그리고 밥이 담긴 접시가 있습니다.",,"이미지에는 포장된 현미밥과 국산 참깨 마요네즈, 그리고 밥이 담긴 접시가 있습니다.",ok,not_required,vlm,,False,,True
vegetables,hyperclovax,5049924,1,naver-hyperclovax/HyperCLOVAX-SEED-Vision-Instruct-3B,kurly_5049924_1.jpg,vegetables/images/kurly_5049924_1.jpg,상품-대표-이미지 1,matched,,0,이미지에는 접시 위에 놓인 시금치 한 다발이 있습니다.,,,reused,not_required,alt_preprocessed_5.csv:HyperCLOVAX_KOR,,,,다발 / 시금치,2,이미지에는 시금치 다발이 있습니다.,,이미지에는 시금치 다발이 있습니다.,ok,not_required,vlm,,False,,시금치 다발,1,이미지에는 시금치 다발이 있습니다.,,이미지에는 시금치 다발이 있습니다.,ok,not_required,vlm,,False,,,0,,,,no_keywords,not_required,vlm,,,이 이미지·모델에 해당하는 핵심어가 없음.,False
vegetables,hyperclovax,5049924,2,naver-hyperclovax/HyperCLOVAX-SEED-Vision-Instruct-3B,kurly_5049924_2.jpg,vegetables/images/kurly_5049924_2.jpg,,matched,,0,이미지에는 접시 위에 놓인 신선한 시금치 한 다발이 있습니다.,,,reused,not_required,alt_preprocessed_5.csv:HyperCLOVAX_KOR,,,,다발 / 시금치,2,이미지에는 시금치 다발이 있습니다.,,이미지에는 시금치 다발이 있습니다.,ok,not_required,vlm,,False,,시금치 다발,1,이미지에는 시금치 다발이 있습니다.,,이미지에는 시금치 다발이 있습니다.,ok,not_required,vlm,,False,,,0,,,,no_keywords,not_required,vlm,,,이 이미지·모델에 해당하는 핵심어가 없음.,False
vegetables,hyperclovax,5053496,1,naver-hyperclovax/HyperCLOVAX-SEED-Vision-Instruct-3B,kurly_5053496_1.jpg,vegetables/images/kurly_5053496_1.jpg,상품-대표-이미지 1,matched,,0,이미지에는 녹색 양배추 한 개가 있습니다.,,,reused,not_required,alt_preprocessed_5.csv:HyperCLOVAX_KOR,,,,양배추 / 녹색 / 1개,3,이미지에는 녹색 양배추 한 개가 있습니다.,,이미지에는 녹색 양배추 한 개가 있습니다.,ok,not_required,vlm,,False,,녹색 양배추 / 양배추 1개,2,이미지에는 녹색 양배추 1개가 있습니다.,,이미지에는 녹색 양배추 1개가 있습니다.,ok,not_required,vlm,,False,,녹색 양배추 1개,1,이미지에는 녹색 양배추 1개가 있습니다.,,이미지에는 녹색 양배추 1개가 있습니다.,ok,not_required,vlm,,False,,True
vegetables,hyperclovax,5053496,2,naver-hyperclovax/HyperCLOVAX-SEED-Vision-Instruct-3B,kurly_5053496_2.jpg,vegetables/images/kurly_5053496_2.jpg,,matched,,0,이미지에는 세 개의 양배추가 있습니다.,,,reused,not_required,alt_preprocessed_5.csv:HyperCLOVAX_KOR,,,,양배추 / 3개,2,이미지에는 양배추 세 개가 있습니다.,,이미지에는 양배추 세 개가 있습니다.,ok,not_required,vlm,,False,,3개 양배추,1,이미지에는 세 개의 양배추가 있습니다.,,이미지에는 세 개의 양배추가 있습니다.,ok,not_required,vlm,,False,,,0,,,,no_keywords,not_required,vlm,,,이 이미지·모델에 해당하는 핵심어가 없음.,False
vegetables,hyperclovax,5054657,1,naver-hyperclovax/HyperCLOVAX-SEED-Vision-Instruct-3B,kurly_5054657_1.jpg,vegetables/images/kurly_5054657_1.jpg,상품-대표-이미지 1,matched,,0,이미지에는 나무 쟁반 위에 놓인 세 개의 오이가 있습니다.,,,reused,not_required,alt_preprocessed_5.csv:HyperCLOVAX_KOR,,,,쟁반 / 3개 / 나무 / 오이,4,이미지에는 나무 쟁반 위에 놓인 세 개의 오이가 있습니다.,,이미지에는 나무 쟁반 위에 놓인 세 개의 오이가 있습니다.,ok,not_required,vlm,,False,,3개 오이 / 나무 쟁반 / 쟁반 3개,3,이미지에는 나무 쟁반 위에 놓인 세 개의 오이가 있습니다.,,이미지에는 나무 쟁반 위에 놓인 세 개의 오이가 있습니다.,ok,not_required,vlm,,False,,나무 쟁반 3개 / 쟁반 3개 오이,2,이미지에는 나무 쟁반 위에 놓인 세 개의 오이가 있습니다.,,이미지에는 나무 쟁반 위에 놓인 세 개의 오이가 있습니다.,ok,not_required,vlm,,False,,True
vegetables,hyperclovax,5054657,2,naver-hyperclovax/HyperCLOVAX-SEED-Vision-Instruct-3B,kurly_5054657_2.jpg,vegetables/images/kurly_5054657_2.jpg,,matched,,0,나무 쟁반에 놓인 세 개의 오이.,,,reused,not_required,alt_preprocessed_5.csv:HyperCLOVAX_KOR,,,,쟁반 / 3개 / 나무 / 오이,4,이미지에는 나무 쟁반 위에 놓인 세 개의 오이가 있습니다.,,이미지에는 나무 쟁반 위에 놓인 세 개의 오이가 있습니다.,ok,not_required,vlm,,False,,3개 오이 / 나무 쟁반 / 쟁반 3개,3,이미지에는 나무 쟁반 위에 놓인 세 개의 오이가 있습니다.,,이미지에는 나무 쟁반 위에 놓인 세 개의 오이가 있습니다.,ok,not_required,vlm,,False,,나무 쟁반 3개 / 쟁반 3개 오이,2,이미지에는 나무 쟁반 위에 놓인 세 개의 오이가 있습니다.,,이미지에는 나무 쟁반 위에 놓인 세 개의 오이가 있습니다.,ok,not_required,vlm,,False,,True
vegetables,hyperclovax,5054660,1,naver-hyperclovax/HyperCLOVAX-SEED-Vision-Instruct-3B,kurly_5054660_1.jpg,vegetables/images/kurly_5054660_1.jpg,상품-대표-이미지 1,matched,,0,이미지에는 흰색 천 위에 놓인 브로콜리 한 개가 있습니다.,,,reused,not_required,alt_preprocessed_5.csv:HyperCLOVAX_KOR,,,,브로콜리 / 1개 / 천 / 흰색,4,이미지에는 흰색 천 위에 놓인 브로콜리 1개가 있습니다.,,이미지에는 흰색 천 위에 놓인 브로콜리 1개가 있습니다.,ok,not_required,vlm,,False,,천 브로콜리 / 브로콜리 1개 / 흰색 천,3,이미지에는 흰색 천 위에 놓인 브로콜리 1개가 있습니다.,,이미지에는 흰색 천 위에 놓인 브로콜리 1개가 있습니다.,ok,not_required,vlm,,False,,천 브로콜리 1개 / 흰색 천 브로콜리,2,이미지에는 흰색 천 위에 놓인 브로콜리 한 개가 있습니다.,,이미지에는 흰색 천 위에 놓인 브로콜리 한 개가 있습니다.,ok,not_required,vlm,,False,,True
vegetables,hyperclovax,5054660,2,naver-hyperclovax/HyperCLOVAX-SEED-Vision-Instruct-3B,kurly_5054660_2.jpg,vegetables/images/kurly_5054660_2.jpg,,matched,,0,이미지에는 흰색 천 위에 놓인 브로콜리 한 개가 있습니다.,,,reused,not_required,alt_preprocessed_5.csv:HyperCLOVAX_KOR,,,,브로콜리 / 1개 / 천 / 흰색,4,이미지에는 흰색 천 위에 놓인 브로콜리 1개가 있습니다.,,이미지에는 흰색 천 위에 놓인 브로콜리 1개가 있습니다.,ok,not_required,vlm,,False,,천 브로콜리 / 브로콜리 1개 / 흰색 천,3,이미지에는 흰색 천 위에 놓인 브로콜리 1개가 있습니다.,,이미지에는 흰색 천 위에 놓인 브로콜리 1개가 있습니다.,ok,not_required,vlm,,False,,천 브로콜리 1개 / 흰색 천 브로콜리,2,이미지에는 흰색 천 위에 놓인 브로콜리 한 개가 있습니다.,,이미지에는 흰색 천 위에 놓인 브로콜리 한 개가 있습니다.,ok,not_required,vlm,,False,,True
vegetables,hyperclovax,5054661,1,naver-hyperclovax/HyperCLOVAX-SEED-Vision-Instruct-3B,kurly_5054661_1.jpg,vegetables/images/kurly_5054661_1.jpg,상품-대표-이미지 1,matched,,0,이미지에는 짙은 보라색의 가지 두 개가 회색 천 위에 놓여 있습니다.,,,reused,not_required,alt_preprocessed_5.csv:HyperCLOVAX_KOR,,,,짙다 / 가지 / 보라색 / 회색 / 천,5,이미지에는 짙은 보라색의 가지 두 개가 회색 천 위에 놓여 있습니다.,,이미지에는 짙은 보라색의 가지 두 개가 회색 천 위에 놓여 있습니다.,ok,not_required,vlm,,False,,2개 회색 / 가지 2개 / 보라색 가지 / 짙다 보라색 / 회색 천,5,이미지에는 짙은 보라색의 가지 두 개가 회색 천 위에 놓여 있습니다.,,이미지에는 짙은 보라색의 가지 두 개가 회색 천 위에 놓여 있습니다.,ok,not_required,vlm,,False,,2개 회색 천 / 가지 2개 회색 / 보라색 가지 2개 / 짙다 보라색 가지,4,이미지에는 회색 천 위에 놓인 짙은 보라색의 가지 두 개가 있습니다.,,이미지에는 회색 천 위에 놓인 짙은 보라색의 가지 두 개가 있습니다.,ok,not_required,vlm,,False,,True
vegetables,hyperclovax,5054661,2,naver-hyperclovax/HyperCLOVAX-SEED-Vision-Instruct-3B,kurly_5054661_2.jpg,vegetables/images/kurly_5054661_2.jpg,,matched,,0,이미지에는 반으로 잘린 검은 가지가 있습니다.,,,reused,not_required,alt_preprocessed_5.csv:HyperCLOVAX_KOR,,,,검다 / 가지 / 반 / 잘리다,4,이미지에는 반으로 잘린 가지가 있습니다.,,이미지에는 반으로 잘린 가지가 있습니다.,ok,not_required,vlm,,False,,검다 가지 / 잘리다 검다 / 반 잘리다,3,이미지에는 검다 가지가 있습니다.,,이미지에는 검다 가지가 있습니다.,ok,not_required,vlm,,False,,반 잘리다 검다 / 잘리다 검다 가지,2,이미지에는 반으로 잘린 검고 긴 모양의 채소가 있습니다.,,이미지에는 반으로 잘린 검고 긴 모양의 채소가 있습니다.,ok,not_required,vlm,,False,,True
vegetables,hyperclovax,5058732,1,naver-hyperclovax/HyperCLOVAX-SEED-Vision-Instruct-3B,kurly_5058732_1.jpg,vegetables/images/kurly_5058732_1.jpg,상품-대표-이미지 1,matched,,0,이미지에는 접시에 담긴 표고버섯과 포장된 표고버섯이 있습니다.,,,reused,not_required,alt_preprocessed_5.csv:HyperCLOVAX_KOR,,,,표고버섯 / 포장 / 담기다,3,이미지에는 포장된 표고버섯과 접시에 담긴 표고버섯이 있습니다.,,이미지에는 포장된 표고버섯과 접시에 담긴 표고버섯이 있습니다.,ok,not_required,vlm,,False,,담기다 표고버섯 / 표고버섯 포장 / 포장 표고버섯,3,이미지에는 표고버섯이 담긴 흰색 접시가 있습니다.,,이미지에는 표고버섯이 담긴 흰색 접시가 있습니다.,ok,not_required,vlm,,False,,담기다 표고버섯 포장 / 표고버섯 포장 표고버섯,2,이미지에는 표고버섯이 담긴 포장지가 있고 그 아래에는 표고버섯이 담긴 접시가 있습니다.,,이미지에는 표고버섯이 담긴 포장지가 있고 그 아래에는 표고버섯이 담긴 접시가 있습니다.,ok,not_required,vlm,,False,,True
vegetables,hyperclovax,5058732,2,naver-hyperclovax/HyperCLOVAX-SEED-Vision-Instruct-3B,kurly_5058732_2.jpg,vegetables/images/kurly_5058732_2.jpg,,matched,,0,이미지에는 신선해 보이는 표고버섯이 담긴 흰색 접시가 있습니다.,,,reused,not_required,alt_preprocessed_5.csv:HyperCLOVAX_KOR,,,,보이다 / 표고버섯 / 흰색 / 담기다,4,이미지에는 흰색 접시에 담긴 표고버섯과 포장된 표고버섯이 있습니다.,,이미지에는 흰색 접시에 담긴 표고버섯과 포장된 표고버섯이 있습니다.,ok,not_required,vlm,,False,,보이다 표고버섯 / 표고버섯 담기다 / 담기다 흰색,3,이미지에는 흰색 접시 위에 놓인 표고버섯이 있습니다.,,이미지에는 흰색 접시 위에 놓인 표고버섯이 있습니다.,ok,not_required,vlm,,False,,보이다 표고버섯 담기다 / 표고버섯 담기다 흰색,2,"이미지에는 흰색 접시 위에 표고버섯이 담겨 있으며, 배경에는 표고버섯이 담긴 투명한 플라스틱 용기가 있습니다.",,"이미지에는 흰색 접시 위에 표고버섯이 담겨 있으며, 배경에는 표고버섯이 담긴 투명한 플라스틱 용기가 있습니다.",ok,not_required,vlm,,False,,True
vegetables,hyperclovax,5061435,1,naver-hyperclovax/HyperCLOVAX-SEED-Vision-Instruct-3B,kurly_5061435_1.jpg,vegetables/images/kurly_5061435_1.jpg,상품-대표-이미지 1,matched,,0,이미지에는 갈색 바구니에 담긴 보라색 고구마가 있습니다.,,,reused,not_required,alt_preprocessed_5.csv:HyperCLOVAX_KOR,,,,보라색 / 갈색 / 바구니 / 고구마 / 담기다,5,이미지에는 보라색 고구마가 바구니에 담겨 있는 모습입니다.,,이미지에는 보라색 고구마가 바구니에 담겨 있는 모습입니다.,ok,not_required,vlm,,False,,갈색 바구니 / 담기다 보라색 / 바구니 담기다 / 보라색 고구마,4,이미지에는 보라색 고구마가 갈색 바구니에 담겨 있습니다.,,이미지에는 보라색 고구마가 갈색 바구니에 담겨 있습니다.,ok,not_required,vlm,,False,,갈색 바구니 담기다 / 담기다 보라색 고구마 / 바구니 담기다 보라색,3,이미지에는 보라색 고구마가 담긴 갈색 바구니가 있습니다.,,이미지에는 보라색 고구마가 담긴 갈색 바구니가 있습니다.,ok,not_required,vlm,,False,,True
vegetables,hyperclovax,5061435,2,naver-hyperclovax/HyperCLOVAX-SEED-Vision-Instruct-3B,kurly_5061435_2.jpg,vegetables/images/kurly_5061435_2.jpg,,matched,,0,이미지에는 보라색 고구마가 담긴 바구니의 모습이 있습니다.,,,reused,not_required,alt_preprocessed_5.csv:HyperCLOVAX_KOR,,,,보라색 / 바구니 / 모습 / 고구마 / 담기다,5,이미지에는 고구마가 담긴 바구니의 모습입니다.,,이미지에는 고구마가 담긴 바구니의 모습입니다.,ok,not_required,vlm,,False,,담기다 바구니 / 바구니 모습 / 보라색 고구마 / 고구마 담기다,4,이미지에는 보라색 고구마가 담긴 바구니의 모습입니다.,,이미지에는 보라색 고구마가 담긴 바구니의 모습입니다.,ok,not_required,vlm,,False,,고구마 담기다 바구니 / 담기다 바구니 모습 / 보라색 고구마 담기다,3,이미지에는 고구마가 담긴 바구니의 모습입니다.,,이미지에는 고구마가 담긴 바구니의 모습입니다.,ok,not_required,vlm,,False,,True
vegetables,hyperclovax,5063699,1,naver-hyperclovax/HyperCLOVAX-SEED-Vision-Instruct-3B,kurly_5063699_1.jpg,vegetables/images/kurly_5063699_1.jpg,상품-대표-이미지 1,matched,,0,이미지에는 흰색 그릇에 담긴 청경채와 바닥에 놓인 청경채 한 다발이 있습니다.,,,reused,not_required,alt_preprocessed_5.csv:HyperCLOVAX_KOR,,,,청경채 / 바닥 / 다발 / 흰색 / 담기다,5,이미지에는 바닥에 흰색 그릇에 청경채 다발이 담겨 있습니다.,,이미지에는 바닥에 흰색 그릇에 청경채 다발이 담겨 있습니다.,ok,not_required,vlm,,False,,담기다 청경채 / 바닥 청경채 / 청경채 다발 / 청경채 바닥 / 흰색 담기다,5,이미지에는 청경채 다발이 흰색 그릇에 담겨 있고 바닥에 한 개가 놓여 있는 모습입니다.,,이미지에는 청경채 다발이 흰색 그릇에 담겨 있고 바닥에 한 개가 놓여 있는 모습입니다.,ok,not_required,vlm,,False,,담기다 청경채 바닥 / 바닥 청경채 다발 / 청경채 바닥 청경채 / 흰색 담기다 청경채,4,이미지에는 청경채가 흰색 그릇에 담겨 있고 바닥에 한 개 더 놓여 있는 모습입니다.,,이미지에는 청경채가 흰색 그릇에 담겨 있고 바닥에 한 개 더 놓여 있는 모습입니다.,ok,not_required,vlm,,False,,True
vegetables,hyperclovax,5063699,2,naver-hyperclovax/HyperCLOVAX-SEED-Vision-Instruct-3B,kurly_5063699_2.jpg,vegetables/images/kurly_5063699_2.jpg,,matched,,0,이미지에는 청경채 잎이 있습니다.,,,reused,not_required,alt_preprocessed_5.csv:HyperCLOVAX_KOR,,,,청경채 / 잎,2,이미지에는 청경채 잎이 있습니다.,,이미지에는 청경채 잎이 있습니다.,ok,not_required,vlm,,False,,청경채 잎,1,이미지에는 청경채 잎이 있습니다.,,이미지에는 청경채 잎이 있습니다.,ok,not_required,vlm,,False,,,0,,,,no_keywords,not_required,vlm,,,이 이미지·모델에 해당하는 핵심어가 없음.,False
vegetables,hyperclovax,5071102,1,naver-hyperclovax/HyperCLOVAX-SEED-Vision-Instruct-3B,kurly_5071102_1.jpg,vegetables/images/kurly_5071102_1.jpg,상품-대표-이미지 1,matched,,0,이미지에는 포장된 표고버섯이 있습니다.,,,reused,not_required,alt_preprocessed_5.csv:HyperCLOVAX_KOR,,,,표고버섯 / 포장,2,이미지에는 포장된 표고버섯이 있습니다.,,이미지에는 포장된 표고버섯이 있습니다.,ok,not_required,vlm,,False,,포장 표고버섯,1,이미지에는 포장 표고버섯이 있습니다.,,이미지에는 포장 표고버섯이 있습니다.,ok,not_required,vlm,,False,,,0,,,,no_keywords,not_required,vlm,,,이 이미지·모델에 해당하는 핵심어가 없음.,False
vegetables,hyperclovax,5071102,2,naver-hyperclovax/HyperCLOVAX-SEED-Vision-Instruct-3B,kurly_5071102_2.jpg,vegetables/images/kurly_5071102_2.jpg,,matched,,0,이미지에는 포장된 표고버섯이 있습니다.,,,reused,not_required,alt_preprocessed_5.csv:HyperCLOVAX_KOR,,,,표고버섯 / 포장,2,이미지에는 포장된 표고버섯이 있습니다.,,이미지에는 포장된 표고버섯이 있습니다.,ok,not_required,vlm,,False,,포장 표고버섯,1,"이미지에는 포장된 표고버섯이 있으며, 상자 위쪽에 한글로 '표고버섯'이라고 적혀 있습니다.",,"이미지에는 포장된 표고버섯이 있으며, 상자 위쪽에 한글로 '표고버섯'이라고 적혀 있습니다.",ok,not_required,vlm,,False,,,0,,,,no_keywords,not_required,vlm,,,이 이미지·모델에 해당하는 핵심어가 없음.,False
vegetables,hyperclovax,5071326,1,naver-hyperclovax/HyperCLOVAX-SEED-Vision-Instruct-3B,kurly_5071326_1.jpg,vegetables/images/kurly_5071326_1.jpg,상품-대표-이미지 1,matched,,0,이미지에는 흰색 접시에 담긴 콩나물 한 그릇과 콩나물이 담긴 포장지가 놓여 있습니다.,,,reused,not_required,alt_preprocessed_5.csv:HyperCLOVAX_KOR,,,,콩나물 / 포장지 / 담기다 / 흰색,4,이미지에는 포장지에 담긴 콩나물이 담긴 흰색 접시가 있습니다.,,이미지에는 포장지에 담긴 콩나물이 담긴 흰색 접시가 있습니다.,ok,not_required,vlm,,False,,담기다 포장지 / 콩나물 담기다 / 콩나물 콩나물 / 담기다 콩나물 / 흰색 담기다,5,이미지에는 흰색 접시에 담긴 콩나물 한 봉지가 있습니다.,,이미지에는 흰색 접시에 담긴 콩나물 한 봉지가 있습니다.,ok,not_required,vlm,,False,,담기다 콩나물 콩나물 / 콩나물 담기다 포장지 / 콩나물 콩나물 담기다 / 흰색 담기다 콩나물,4,이미지에는 흰색 접시에 담긴 콩나물과 콩나물이 담긴 포장지가 있습니다.,,이미지에는 흰색 접시에 담긴 콩나물과 콩나물이 담긴 포장지가 있습니다.,ok,not_required,vlm,,False,,True
vegetables,hyperclovax,5071326,2,naver-hyperclovax/HyperCLOVAX-SEED-Vision-Instruct-3B,kurly_5071326_2.jpg,vegetables/images/kurly_5071326_2.jpg,,matched,,0,이미지에는 접시에 담긴 콩나물이 있습니다.,,,reused,not_required,alt_preprocessed_5.csv:HyperCLOVAX_KOR,,,,콩나물 / 담기다,2,이미지에는 콩나물이 담긴 흰색 접시의 모습입니다.,,이미지에는 콩나물이 담긴 흰색 접시의 모습입니다.,ok,not_required,vlm,,False,,담기다 콩나물,1,이미지에는 콩나물이 담긴 흰색 접시의 모습입니다.,,이미지에는 콩나물이 담긴 흰색 접시의 모습입니다.,ok,not_required,vlm,,False,,,0,,,,no_keywords,not_required,vlm,,,이 이미지·모델에 해당하는 핵심어가 없음.,False
vegetables,hyperclovax,5071327,1,naver-hyperclovax/HyperCLOVAX-SEED-Vision-Instruct-3B,kurly_5071327_1.jpg,vegetables/images/kurly_5071327_1.jpg,상품-대표-이미지 1,matched,,0,이미지에는 포장된 아삭숙주나물이 있습니다.,,,reused,not_required,alt_preprocessed_5.csv:HyperCLOVAX_KOR,,,,삭 / 숙주나물 / 포장,3,이미지에는 포장된 숙주나물이 있고 그 옆에는 접시에 담긴 숙주나물이 있습니다.,,이미지에는 포장된 숙주나물이 있고 그 옆에는 접시에 담긴 숙주나물이 있습니다.,ok,not_required,vlm,,False,,삭 숙주나물 / 포장 삭,2,이미지에는 포장된 삭숙주나물이 있고 그 옆에는 삭숙주나물이 담긴 접시가 있습니다.,,이미지에는 포장된 삭숙주나물이 있고 그 옆에는 삭숙주나물이 담긴 접시가 있습니다.,ok,not_required,vlm,,False,,포장 삭 숙주나물,1,"이미지에는 포장된 숙주나물이 있으며, 그 옆에는 숙주나물이 담긴 접시가 있습니다.",,"이미지에는 포장된 숙주나물이 있으며, 그 옆에는 숙주나물이 담긴 접시가 있습니다.",ok,not_required,vlm,,False,,True
vegetables,hyperclovax,5071327,2,naver-hyperclovax/HyperCLOVAX-SEED-Vision-Instruct-3B,kurly_5071327_2.jpg,vegetables/images/kurly_5071327_2.jpg,,matched,,0,이미지에는 흰색 접시에 담긴 콩나물이 있습니다.,,,reused,not_required,alt_preprocessed_5.csv:HyperCLOVAX_KOR,,,,콩나물 / 흰색 / 담기다,3,이미지에는 흰색 접시에 담긴 콩나물이 있습니다.,,이미지에는 흰색 접시에 담긴 콩나물이 있습니다.,ok,not_required,vlm,,False,,담기다 콩나물 / 흰색 담기다,2,이미지에는 흰색 접시에 담긴 콩나물이 있습니다.,,이미지에는 흰색 접시에 담긴 콩나물이 있습니다.,ok,not_required,vlm,,False,,흰색 담기다 콩나물,1,이미지에는 흰색 접시에 담긴 콩나물이 있습니다.,,이미지에는 흰색 접시에 담긴 콩나물이 있습니다.,ok,not_required,vlm,,False,,True
vegetables,hyperclovax,5104176,1,naver-hyperclovax/HyperCLOVAX-SEED-Vision-Instruct-3B,kurly_5104176_1.jpg,vegetables/images/kurly_5104176_1.jpg,상품-대표-이미지 1,matched,,0,이미지에는 호박 조각이 담긴 접시와 호박 모양의 과자 패키지가 있는 모습입니다.,,,reused,not_required,alt_preprocessed_5.csv:HyperCLOVAX_KOR,,,,호박 / 과자 / 패키지 / 모양 / 모습,5,이미지에는 호박 과자 패키지가 있고 그 옆에는 호박 과자 조각이 담긴 접시가 있습니다.,,이미지에는 호박 과자 패키지가 있고 그 옆에는 호박 과자 조각이 담긴 접시가 있습니다.,ok,not_required,vlm,,False,,과자 패키지 / 담기다 호박 / 모양 과자 / 패키지 모습 / 호박 모양,5,"이미지에는 호박 모양 과자가 담긴 노란색 패키지가 있으며, 그 옆에는 호박 조각이 담긴 접시가 있습니다.",,"이미지에는 호박 모양 과자가 담긴 노란색 패키지가 있으며, 그 옆에는 호박 조각이 담긴 접시가 있습니다.",ok,not_required,vlm,,False,,과자 패키지 모습 / 담기다 호박 모양 / 모양 과자 패키지 / 조각 담기다 호박 / 호박 모양 과자,5,"이미지에는 호박 모양 과자 패키지가 있으며, 그 중 일부는 호박 조각이 담겨 있습니다.",,"이미지에는 호박 모양 과자 패키지가 있으며, 그 중 일부는 호박 조각이 담겨 있습니다.",ok,not_required,vlm,,False,,True
vegetables,hyperclovax,5104176,2,naver-hyperclovax/HyperCLOVAX-SEED-Vision-Instruct-3B,kurly_5104176_2.jpg,vegetables/images/kurly_5104176_2.jpg,,matched,,0,이미지에는 구운 단호박 조각이 담긴 접시가 있습니다.,,,reused,not_required,alt_preprocessed_5.csv:HyperCLOVAX_KOR,,,,단호박 / 조각 / 담기다,3,이미지에는 단호박 조각이 종이 위에 담겨 있는 모습입니다.,,이미지에는 단호박 조각이 종이 위에 담겨 있는 모습입니다.,ok,not_required,vlm,,False,,단호박 조각 / 조각 담기다,2,이미지에는 단호박 조각이 접시에 담겨 있습니다.,,이미지에는 단호박 조각이 접시에 담겨 있습니다.,ok,not_required,vlm,,False,,단호박 조각 담기다,1,이미지에는 단호박 조각이 담긴 접시가 있습니다.,,이미지에는 단호박 조각이 담긴 접시가 있습니다.,ok,not_required,vlm,,False,,True
