카테고리,모델,상품ID,이미지순서,이미지경로,기존 컬리 alt,이미지만 넣은 결과,핵심어 추가 1그램,핵심어 추가 2그램,핵심어 추가 3그램,이미지 단독 상태,1그램 상태,2그램 상태,3그램 상태
bakery,qwen3,1000128336,1,bakery/images/kurly_1000128336_1.jpg,상품-대표-이미지 1,"금빛 갈색 껍질과 잘게 썬 호두가 듬뿍 들어간 부드럽고 폭신폭신한 속살을 가진 소박한 빵 한 덩이가, 접어 놓은 체크무늬 식탁보 위에 놓여 있다.","황금빛 갈색을 띠고 겉은 바삭하며, 속은 촘촘하면서도 폭신폭신한 호두가 가득 들어간 빵 한 덩이가 얇게 썰려 체크무늬 식탁보 위에 놓여 있다.","황금빛 갈색을 띠고 겉은 바삭하며, 속은 촘촘하면서도 폭신폭신한 빵 한 덩어리가 잘게 다진 견과류가 가득 들어 있어, 얇게 썰린 뒤 흰색과 검은색이 바뀐 체크무늬 식탁보 위에 놓여 있다.","황금빛 갈색을 띠고 겉은 바삭하며, 속은 촘촘하면서도 폭신폭신한 빵 한 덩어리에 잘게 다진 견과류가 가득 들어 있고, 얇게 썰어 흰색과 회색의 체크무늬 식탁보 위에 놓여 있다.",reused,ok,ok,ok
bakery,qwen3,1000128336,2,bakery/images/kurly_1000128336_2.jpg,,"황금빛 갈색 껍질과 부드럽고 폭신폭신한 속살에 호두가 듬뿍 박힌 소박하고 정성스럽게 만든 수제 빵 한 덩어리가, 썰려서 체크무늬 식탁보 위에 놓여 있다.","갓 구워낸 소박한 빵 한 덩어리로, 겉은 황금빛 갈색을 띠고 속은 촘촘하면서도 폭신하며 잘게 썬 호두가 가득 들어 있으며, 체크무늬 식탁보 위에 담겨 있다.","갓 구워낸 수제 빵 한 덩어리. 겉은 황금빛 갈색을 띠고 속은 촘촘하면서도 폭신하며, 호두가 듬뿍 박혀 있고, 썰어서 체크무늬 식탁보 위에 올려져 있다.","갓 구워낸 황금빛 호두 빵 한 덩어리가 체크무늬 식탁보 위에 놓여 있는데, 촘촘하면서도 폭신폭신한 속살이 드러나고, 썰어 보니 고소한 호두 속이 엿보인다.",reused,ok,ok,ok
bakery,qwen3,1000196053,1,bakery/images/kurly_1000196053_1.jpg,상품-대표-이미지 1,"어두운 색에 갈라진 겉면과 황금빛 갈색 속살을 가진 소박한 타원형 빵 한 덩어리가, 나무 도마 위의 유산지 위에 놓여 있다.","나무 도마 위에 놓인 유산지 위에, 갈라진 짙은 색 껍질과 속이 드러난 녹색 올리브가 보이는 소박한 타원형 빵 한 덩어리.","금빛 갈색을 띤 타원형 빵 한 덩어리가, 갈라진 소박한 겉껍질과 속이 보이는 녹색 올리브를 품고, 나무 도마 위의 유산지 위에 놓여 있다.","금빛 갈색을 띤 타원형 빵으로, 표면은 갈라진 소박한 껍질을 띠고 있으며 속에는 녹색 올리브가 훤히 드러나 있고, 나무 판 위에 놓인 유산지 위에 놓여 있다.",reused,ok,ok,ok
bakery,qwen3,1000196053,2,bakery/images/kurly_1000196053_2.jpg,,"황금빛 갈색 껍질을 띤 수제 빵 세 조각의 클로즈업 사진으로, 빵을 잘라내니 녹색 올리브가 가득 들어간 부드럽고 폭신폭신한 속이 드러나 있다.","갓 구워낸 수제 빵 롤 세 개를 클로즈업한 사진으로, 빵 겉면은 황금빛 갈색을 띠고 속에는 녹색 올리브가 선명하게 보이며, 반으로 잘라내어 속이 푹신하고 기공이 많은 모습을 드러내고 있다.","황금빛 갈색 껍질을 띠고 속에는 녹색 올리브가 선명하게 보이는 수제 빵 세 조각의 클로즈업 사진으로, 빵을 잘라내어 속이 푹신하고 기공이 많은 모습을 드러낸 채, 나무 판 위에 놓인 유산지 위에 놓여 있다.","황금빛 갈색 껍질을 띤 수제 빵 세 조각이, 속에는 녹색 올리브가 듬뿍 들어 있고, 나무 판 위에 놓인 유산지 위에 놓여 있는 모습의 클로즈업 사진.",reused,ok,ok,ok
bakery,qwen3,1000217187,1,bakery/images/kurly_1000217187_1.jpg,상품-대표-이미지 1,"하얀 타원형 접시 위에는 황금빛 갈색의 둥근 빵 몇 개가 놓여 있고, 그 옆의 밝은 색 천 위에는 같은 빵이 들어 있는 투명한 비닐봉지가 놓여 있다.","하얀 타원형 접시 위에는 황금빛 갈색의 빵 몇 개가 놓여 있고, 그 옆에는 빵이 더 들어 있는 투명한 비닐봉지와 밝은 색 천 위에 ‘""미모모방"" (Mimomofang)’라고 적힌 라벨이 놓여 있다.","하얀 접시 위에는 황금빛 갈색의 둥근 빵 몇 개가 놓여 있고, 그 옆의 밝은 색 식탁보 위에는 같은 빵이 들어 있는 투명한 비닐봉지가 놓여 있다.","하얀 접시 위에는 황금빛 갈색의 둥근 빵 몇 개가 놓여 있고, 그 옆의 밝은 색 식탁보 위에는 같은 빵이 들어 있는 투명한 비닐봉지가 놓여 있다.",reused,ok,ok,ok
bakery,qwen3,1000217187,2,bakery/images/kurly_1000217187_2.jpg,,"하얀 접시 위에는 황금빛 갈색을 띠고 부드러워 보이는 빵 몇 개가 놓여 있는데, 그중 하나는 반으로 갈라져 속이 폭신폭신한 모습이 드러나 있다.","하얀 접시 위에는 황금빛 갈색을 띠고 부드러워 보이는 빵 몇 개가 놓여 있는데, 그중 하나는 반으로 갈라져 속이 폭신폭신한 모습이 드러나 있다.","하얀 접시 위에는 황금빛 갈색을 띠고 부드러워 보이는 빵 몇 개가 놓여 있는데, 그중 하나는 반으로 갈라져 속이 폭신하고 푹신한 모습이 드러나 있다.","하얀 접시 위에는 황금빛 갈색을 띠고 부드러워 보이는 빵 몇 개가 놓여 있는데, 그중 하나는 반으로 갈라져 속이 폭신하고 푹신한 모습이 드러나 있다.",reused,ok,ok,ok
bakery,qwen3,1000220024,1,bakery/images/kurly_1000220024_1.jpg,상품-대표-이미지 1,"하얀 접시 위에는 황금빛 갈색의 빵 몇 개가 놓여 있는데, 그중 하나는 반으로 잘려 있어 녹아내린 치즈와 햄이 속을 채우고 있는 모습이 드러나 있다.","하얀 접시 위에는 황금빛 갈색의 빵 몇 개가 놓여 있는데, 그중 하나는 반으로 갈라져 안쪽에 녹아내린 치즈와 햄이 드러나 있다.","하얀 접시 위에는 황금빛 갈색의 빵 몇 개가 놓여 있는데, 그중 하나는 반으로 갈라져 있어 안쪽에 녹아내린 치즈와 햄 한 조각이 드러나 있다.","하얀 접시 위에는 황금빛 갈색의 빵 몇 개가 놓여 있는데, 그중 하나는 반으로 잘려 있어 크림 같은 치즈와 햄이 들어간 속이 드러나 있다.",reused,ok,ok,ok
bakery,qwen3,1000220024,2,bakery/images/kurly_1000220024_2.jpg,,"하얀 접시 위에는 황금빛 갈색의 빵 6개가 놓여 있는데, 그중 두 개는 반으로 잘려 있어 녹아내린 치즈와 햄이 속을 채우고 있는 것이 보인다. 빵들은 유산지 위에 놓여 있으며, 빵의 부드럽고 기공이 많은 질감이 눈에 띈다.","하얀 접시 위에는 황금빛 갈색을 띠고 부드러워 보이는 빵 몇 개가 놓여 있는데, 그중 두 개는 반으로 잘려 있어 녹아내린 치즈와 햄으로 채워진 속이 드러나 있다.","흰색 접시 위에는 황금빛 갈색의 빵 여섯 개가 놓여 있는데, 그중 두 개는 반으로 잘려 햄과 치즈가 들어간 속이 드러나 있으며, 이 빵들은 유산지 위에 놓여 있다.","흰색 접시 위에는 황금빛 갈색의 빵 여섯 개가 놓여 있는데, 그중 두 개는 반으로 잘려 햄과 치즈가 들어간 속이 드러나 있으며, 이 빵들은 유산지 위에 놓여 있다.",reused,ok,ok,ok
bakery,qwen3,1000229955,1,bakery/images/kurly_1000229955_1.jpg,상품-대표-이미지 1,"뚜껑에 파스텔 톤의 산 그림이 그려진 “CHARMANT” 쿠키 상자를 열어보니, 검은색 쟁반 위에 개별 포장된 쿠키 9개가 놓여 있습니다.","""Grains"" 브랜드의 ""CHARMANT"" 테마가 적용된 9종 혼합 쿠키 상자로, 뚜껑에는 파스텔 톤의 산 그림이 그려져 있습니다.","""CHARMANT"" 브랜드의 9종 혼합 쿠키 한 상자로, 파스텔 톤의 산을 모티브로 한 뚜껑이 달린 검은색 트레이에 담겨 있습니다.","‘""CHARMANT""’라고 적힌 분홍색과 파란색의 파스텔 톤 상자 안에는 검은색 쟁반이 들어 있으며, 그 위에는 각각 다른 디자인의 개별 포장된 쿠키 9개가 담겨 있습니다.",reused,ok,ok,ok
bakery,qwen3,1000229955,2,bakery/images/kurly_1000229955_2.jpg,,"“CHARMANT” 브랜드의 9종 혼합 쿠키 한 상자가 연한 베이지색 바탕 위에 놓여 있으며, 상자는 열려 있고 뚜껑은 그 옆에 놓여 있습니다. 쿠키들은 투명한 비닐로 개별 포장되어 있으며, 둥근 모양, 사각형, 체크무늬 등 다양한 모양과 색상을 띠고 있습니다.","각각 개별 포장된 9개의 다양한 쿠키가 들어 있는 상자가 밝은 색상의 표면 위에 놓여 있으며, 상자와 쿠키 모두에 ‘""CHARMANT""’라는 브랜드명이 표시되어 있다.","CHARMANT 브랜드의 9종 혼합 쿠키 한 상자로, 둥근 모양, 사각형, 체크무늬 등 다양한 디자인의 쿠키가 들어 있으며, 세련되고 현대적인 패키지에 담겨 있습니다.","CHARMANT 브랜드의 9개가 들어 있는 혼합 쿠키 상자로, 각 쿠키가 개별 포장되어 있으며 다양한 모양, 색상, 식감을 자랑합니다.",reused,ok,ok,ok
bakery,qwen3,1000234669,1,bakery/images/kurly_1000234669_1.jpg,상품-대표-이미지 1,"밝은 회색 바탕 위에 필라델피아 오리지널 크림치즈 용기 두 개가 놓여 있는데, 그중 하나는 뚜껑이 열린 상태입니다.","필라델피아 오리지널 프레시 크림 치즈 두 통이 있는데, 그중 한 통은 뚜껑을 열어둔 채로 조리대 위에 놓여 있다.","밝은 회색 바탕 위에 필라델피아 오리지널 크림 치즈 두 통이 놓여 있는데, 그중 하나는 뚜껑이 열려 있어 크리미한 스프레드가 드러나 있다.","밝은 회색 바탕 위에 필라델피아 오리지널 크림치즈 두 통이 놓여 있는데, 그중 하나는 뚜껑이 열려 있다.",reused,ok,ok,ok
bakery,qwen3,1000234669,2,bakery/images/kurly_1000234669_2.jpg,,"크리미한 흰색 스프레드가 소용돌이 모양으로 보이는 ‘필라델피아 오리지널 프레시 크리미 토핑’ 용기가 밝은 색상의 표면 위에 뚜껑을 연 채 놓여 있고, 밀봉된 뚜껑은 그 옆에 놓여 있다.","뚜껑이 열려 있고, 크림 같은 스프레드가 표면에 소용돌이 모양으로 퍼져 있는 ‘필라델피아 오리지널 프레시 크리미 토핑’ 용기가 밝은 색상의 표면 위에 놓여 있다.","뚜껑이 열려 있고, 크림 같은 스프레드가 위쪽에 소용돌이 모양으로 펴져 있어 부드럽고 연한 노란색의 질감이 드러나는 ‘필라델피아 오리지널 프레시 크리미 토핑’ 용기.","파란색 라벨이 붙은 흰색 용기에 담긴 하얗고 크리미한 ‘필라델피아 오리지널 프레시 크리미 토핑’이, 뚜껑을 살짝 열어 매끄러운 질감이 드러나도록, 연회색 바탕 위에 놓여 있다.",reused,ok,ok,ok
bakery,qwen3,1000321559,1,bakery/images/kurly_1000321559_1.jpg,상품-대표-이미지 1,"OLHGOK 땅콩버터 두 병(하나은 부드러운 타입, 다른 하나는 바삭한 타입)이 회색 바탕 위에 놓여 있으며, 그 옆에는 이 땅콩버터를 담은 그릇 두 개가 놓여 있습니다. 라벨은 한국어와 영어로 되어 있습니다.","OLHGOK 땅콩버터 두 병(하나는 부드러운 타입, 다른 하나는 바삭한 타입)이 회색 바탕 위에 스프레드가 담긴 그릇들과 함께 진열되어 있다.","회색 바탕 위에 한국어와 영어로 된 라벨이 붙은 땅콩버터 병 두 개와, 그 땅콩버터를 담은 그릇 두 개가 놓여 있다.","OLHGOK 땅콩버터 두 병(하나는 부드러운 타입, 다른 하나는 바삭한 타입)이 회색 바탕 위에 놓여 있으며, 그 옆에는 이 땅콩버터를 담은 그릇 두 개가 놓여 있다.",reused,ok,ok,ok
bakery,qwen3,1000321559,2,bakery/images/kurly_1000321559_2.jpg,,"부드럽고 연한 갈색의 소스(아마도 땅콩 소스일 것)가 가득 담긴 두 개의 흰색 그릇이, 눈에 띄는 땅콩 조각들이 흩어져 있는 회색의 질감이 느껴지는 표면 위에 놓여 있다.","부드럽고 연한 갈색 소스가 가득 담긴 흰색 그릇 두 개가 있는데, 하나는 으깬 땅콩이 눈에 띄고 다른 하나는 더 매끄러운 질감이며, 두 그릇 모두 질감이 느껴지는 회색 표면 위에 놓여 있다.","두 개의 하얀 그릇에 걸쭉하고 주황색을 띤 땅콩 소스가 가득 담겨 있는데, 한 그릇에는 땅콩 알갱이가 훤히 보이고 다른 한 그릇은 매끄럽게 닦여 있으며, 둘 다 회색의 질감이 느껴지는 표면 위에 놓여 있다.","두 개의 흰 그릇에는 걸쭉한 연한 갈색 소스가 가득 담겨 있었고, 그중 하나에는 땅콩이 눈에 띄게 들어 있었다.",reused,ok,ok,ok
bakery,qwen3,1000352096,1,bakery/images/kurly_1000352096_1.jpg,상품-대표-이미지 1,"500g짜리 파스키에 슬라이스 브리오슈 빵 한 팩이, 빵 두 조각이 담긴 흰색 접시 옆의 하늘색 바탕 위에 놓여 있다.","하늘색과 노란색 포장지에 담긴 500g짜리 파스키에(Pasquier) 슬라이스 브리오슈 빵 한 팩과, 흰 접시 위에 놓인 빵 두 조각이 연한 파란색 배경을 배경으로 담겨 있다.","하늘색과 노란색 포장지에 담긴 500g짜리 파스키에(Pasquier) 슬라이스 브리오슈 빵 한 팩과, 흰 접시 위에 놓인 빵 두 조각이 연한 파란색 배경을 배경으로 담겨 있다.","파스키에(Pasquier) 슬라이스 브리오슈 빵 500g이 들어 있는 파란색과 노란색 포장지, 흰색 접시에 담긴 빵 두 조각이 연한 파란색 배경 앞에 놓여 있다.",reused,ok,ok,ok
bakery,qwen3,1000352096,2,bakery/images/kurly_1000352096_2.jpg,,"하얀 접시 위에는 노릇노릇하고 부드러워 보이는 브리오슈 빵 두 조각이 놓여 있고, 그 옆에는 연한 파란색 바탕 위에 파란색과 노란색 포장지의 “Pasquier Sliced Brioche” 빵이 놓여 있다.","하늘색 접시 위에는 노릇노릇하고 폭신폭신한 브리오슈 토스트 두 조각이 놓여 있고, 그 옆에는 파란색 ""Pasquier Sliced Brioche"" 빵 포장지가 있으며, 이 모든 것이 짙은 파란색 배경에 어우러져 있다.","하얀 접시 위에는 노릇노릇하고 부드러운 브리오슈 토스트 두 조각이 놓여 있고, 그 옆에는 파란색과 노란색으로 된 ""Pasquier Sliced Brioche"" 빵 포장지가 연한 파란색 배경에 어우러져 있다.","하얀 접시 위에는 노릇노릇하고 뚫린 구멍이 많은 브리오슈 빵 두 조각이 놓여 있고, 그 옆에는 ‘""Made in France""’라고 적혀 있으며 빵 그림이 그려진 파란색 ‘""Pasquier Sliced Brioche""’ 빵 포장지가 놓여 있다.",reused,ok,ok,ok
bakery,qwen3,1000400055,1,bakery/images/kurly_1000400055_1.jpg,상품-대표-이미지 1,“WHAT'S THE BETTER?”라는 문구가 적힌 파란색 상자 두 개와 작은 파란색 봉지가 밝은 회색 바탕 위에 놓여 있는 누담(Nudam) 마카롱의 제품 사진입니다. 알록달록한 마카롱이 담긴 접시와 마카롱 세 개가 담긴 흰색 접시도 함께 보입니다.,"‘""WHAT'S THE BETTER?""’라는 슬로건이 적힌 ""Nudam"" 마카롱의 파란색 상자와 포장재가, 접시 위에 놓인 여러 가지 색깔의 마카롱과 함께 진열되어 있다.","‘""WHAT'S THE BETTER?""’라는 슬로건이 적힌 ""Nudam"" 마카롱의 파란색 상자와 포장재가, 접시 위에 놓인 여러 가지 색색의 마카롱과 함께 전시되어 있어 다양한 맛과 디자인을 선보이고 있다.","밝은 회색 바탕 위에, ""Nudam WHAT'S THE BETTER?"" 마카롱이 담긴 파란색 상자와 더 작은 파란색 포장지, 그리고 알록달록한 마카롱이 담긴 접시와 마카롱 세 개가 올려진 흰색 접시가 함께 진열되어 있다.",reused,ok,ok,ok
bakery,qwen3,1000400055,2,bakery/images/kurly_1000400055_2.jpg,,"하얀 접시 위에는 여러 개의 마카롱이 놓여 있는데, 그중에는 반으로 잘라 녹색과 초콜릿 속이 드러난 노란색 마카롱과, 흰색 아이싱과 초콜릿 칩이 얹어진 분홍색 마카롱, 그리고 흰색 크림이 들어간 녹색 마카롱이 함께 있다.","하얀 접시 위에는 여러 개의 알록달록한 마카롱이 놓여 있는데, 그중 노란색 마카롱 하나는 반으로 잘려 안쪽의 초록색과 초콜릿 필링이 드러나 있고, 그 옆에는 분홍색, 흰색, 초록색 겉면이 있는 마카롱들이 놓여 있으며, 모두 흰색 아이싱으로 장식되어 있다.","하얀 접시 위에는 반으로 잘린 노란색 마카롱이 놓여 있는데, 잘린 면을 통해 초콜릿 조각이 들어간 초록색 속이 드러나 있으며, 흰색 아이싱이 얹힌 분홍색 마카롱과 초록색 마카롱 등 다른 알록달록한 마카롱들도 함께 놓여 있고, 이 모든 것이 밝은 회색 배경 위에 어우러져 있다.","하얀 접시 위에는 반으로 잘린 노란색 마카롱이 놓여 있는데, 잘린 면을 통해 초콜릿 조각이 들어간 초록색 속이 드러나 있으며, 그 옆에는 흰색 아이싱이 얹힌 분홍색 마카롱과 흰색 크림이 들어간 초록색 마카롱을 비롯한 다채로운 색상의 마카롱들이 함께 놓여 있다.",reused,ok,ok,ok
bakery,qwen3,1000447291,1,bakery/images/kurly_1000447291_1.jpg,상품-대표-이미지 1,"황금빛 껍질이 감도는 흰 빵 한 덩이가 비닐에 싸여 있고, 나무 도마 위에는 빵 몇 조각이 쌓여 있다. 그 앞에는 빵 한 조각이 놓여 있고, 흰 식탁보 위에는 그 옆에 우유 한 잔이 놓여 있다.","나무 도마 위에 얇게 썬 흰 빵이 쌓여 있고, 앞쪽에는 빵 한 조각이 잘려 있으며, 그 옆에는 우유 한 잔이 놓여 있다. 이 모든 것이 흰 식탁보 위에 놓여 있고, 배경에는 포장된 빵 한 덩이가 보인다.","나무 도마 위에 얇게 썬 흰 빵이 쌓여 있고, 그 앞쪽에는 빵 한 조각이 놓여 있으며, 그 옆에는 우유 한 잔이 놓여 있다. 이 모든 것이 흰 식탁보 위에 놓여 있고, 배경에는 포장된 빵 한 덩이가 보인다.","나무 도마 위에 얇게 썬 흰 빵이 쌓여 있고, 앞쪽에는 빵 한 조각이 잘려 있으며, 그 옆에는 우유 한 잔이 놓여 있다. 이 모든 것이 흰 식탁보 위에 놓여 있고, 배경에는 포장된 빵 한 덩이가 보인다.",reused,ok,ok,ok
bakery,qwen3,1000447291,2,bakery/images/kurly_1000447291_2.jpg,,"나무 도마 위에 흰 빵 조각들이 쌓여 있고, 그중 한 조각은 잘라내어 흰 식탁보 위에 놓인 우유 잔 옆에 놓여 있다.","나무 도마 위에 놓인 흰 빵 조각 더미와 우유 한 잔, 이 모든 것이 흰 식탁보 위에 놓여 있다.","나무 도마 위에 갓 썰어 놓은 흰 빵이 쌓여 있고, 그 옆 흰 식탁보 위에는 우유 한 잔이 놓여 있다.","나무 도마 위에 흰 빵 조각들이 쌓여 있고, 그 앞쪽에는 흰 식탁보 위에 놓인 우유 한 잔 옆에 빵 한 조각이 놓여 있다.",reused,ok,ok,ok
bakery,qwen3,1000528793,1,bakery/images/kurly_1000528793_1.jpg,상품-대표-이미지 1,"나무 쟁반 위에는 개별 포장된 베이글 여러 개가 놓여 있는데, 각 포장지에는 만화 캐릭터 얼굴이 그려져 있으며, 같은 로고가 새겨진 노란색 종이 봉투도 함께 놓여 있다. 배경에 있는 접시 위에는 밝은 색상의 바탕 위에 베이글 몇 개가 놓여 있는데, 그중 일부는 반으로 잘려 있다.","나무 쟁반 위에는 개별 포장된 베이글 몇 개와 웃는 얼굴 로고가 그려진 노란색 종이 봉지가 놓여 있으며, 이 모든 것이 흰색 식탁보 위에 정갈하게 차려져 있다.","밝고 하얀 배경 위에 나무 쟁반이 놓여 있고, 그 위에는 개별 포장된 베이글 몇 개와 웃는 얼굴 로고가 그려진 노란색 종이 봉지가 놓여 있다.","나무 그릇에는 개별 포장된 황금빛 베이글 몇 개가 담겨 있고, 웃는 얼굴 로고가 그려진 노란색 종이 봉투가 흰색 식탁보 위에 가지런히 놓여 있다.",reused,ok,ok,ok
bakery,qwen3,1000528793,2,bakery/images/kurly_1000528793_2.jpg,,"갓 구워낸 베이글 한 접시. 일부는 통째로, 일부는 썰어 놓은 상태이며, 포장지에는 유쾌한 만화 캐릭터 얼굴이 그려져 있다.","접시 위에는 황금빛 갈색의 베이글 세 개가 놓여 있는데, 그중 하나는 반으로 잘려 있고, 포장지에 만화 캐릭터 얼굴이 그려진 베이글 한 개도 곁에 놓여 있으며, 이 모든 것이 흰색 식탁보 위에 차려져 있다.","접시 위에는 황금빛 갈색의 베이글 세 개가 놓여 있는데, 그중 하나는 반으로 잘려 있고, 그 옆에는 투명한 비닐 포장지에 싸인, 반쯤 열린 미소 짓는 모양의 베이글이 놓여 있다.","접시 위에는 황금빛 갈색의 베이글 세 개가 놓여 있는데, 그중 하나는 반으로 잘려 있고, 그 옆에는 만화 캐릭터 얼굴이 그려진 반쯤 열린 투명한 포장지가 놓여 있다.",reused,ok,ok,ok
bakery,qwen3,1000634077,1,bakery/images/kurly_1000634077_1.jpg,상품-대표-이미지 1,"흰색 접시 위에 다양한 종류의 도넛 5개와 작은 케이크가 담겨 있으며, 배경에는 파도 위를 항해하는 배가 그려진 일본화 스타일의 그림이 있는 상자가 놓여 있다.","흰색 접시 위에 놓인 다섯 개의 다양한 도넛 뒤쪽에는 일본풍의 파도와 배 그림이 그려진 흰색 직사각형 상자가 놓여 있으며, 작은 흰색 받침대 위에는 노란색 사각형 장식이 얹어진 초록색 도넛이 놓여 있다.","파도 위를 항해하는 배가 그려진 일본풍 그림이 있는 흰색 직사각형 상자와, 흰색 접시 위에 놓인 다섯 개의 다양한 도넛, 그리고 작은 흰색 받침대가 모두 밝은 배경 위에 배치되어 있다.","각기 다른 토핑과 맛을 지닌 5가지 도넛이 흰 접시와 작은 받침대 위에 진열되어 있으며, 배경에는 일본풍의 파도와 배 일러스트가 그려진 상자가 함께 있습니다.",reused,ok,ok,ok
bakery,qwen3,1000634077,2,bakery/images/kurly_1000634077_2.jpg,,"흰색 접시와 진열대에 올려진 작고 알록달록한 케이크와 페이스트리 모음으로, 초콜릿, 코코넛, 과일 글레이즈 등 다양한 토핑이 곁들여져 있습니다.","흰색 접시와 작은 진열대 위에, 코코넛이나 초콜릿 같은 프로스팅과 토핑이 얹어진 것도 있고 없는 것도 있는, 알록달록한 한 입 크기의 케이크와 페이스트리 모음.","흰 접시 위에 진열된, 초콜릿, 코코넛, 과일 글레이즈 등 다양한 토핑이 얹어진 여러 종류의 작은 케이크와 페이스트리 모음.","흰색 접시와 작은 스탠드 위에 진열된, 알록달록한 글레이즈와 토핑이 얹어진 다양한 종류의 한 입 크기 케이크와 페이스트리 모음.",reused,ok,ok,ok
bakery,qwen3,1000635372,1,bakery/images/kurly_1000635372_1.jpg,상품-대표-이미지 1,"나무 쟁반 위에는 ‘Oh Nutty 피스타치오 버터’가 담긴 두 개의 병(큰 병 하나와 작은 병 하나)이 놓여 있고, 그 옆에는 이 스프레드가 담긴 작은 그릇과 나무 손잡이가 달린 칼이 초록색 천 위에 놓여 있다.","나무 쟁반 위에는 ‘Oh Nutty 피스타치오 버터’ 병 두 개와, 이 스프레드가 담긴 작은 그릇, 나무 손잡이가 달린 칼, 그리고 연한 녹색 천이 놓여 있다.","나무 쟁반 위에는 ‘오 너티 피스타치오 버터’ 병 두 개와 이 스프레드가 담긴 그릇, 나무 손잡이가 달린 칼, 그리고 금속 주걱이 놓여 있으며, 이 모든 것이 연한 녹색 천 위에 정갈하게 차려져 있다.","나무 쟁반 위에는 ‘Oh_Nutty 피스타치오 버터’ 병 두 개와 이 스프레드가 담긴 작은 그릇, 나무 손잡이가 달린 칼, 그리고 초록색 천이 놓여 있으며, 이 모든 것이 따뜻하고 자연스러운 느낌의 배경 위에 정갈하게 배치되어 있다.",reused,ok,ok,ok
bakery,qwen3,1000635372,2,bakery/images/kurly_1000635372_2.jpg,,"연두색 식탁보 위에는 피스타치오나 그와 비슷한 견과류를 주재료로 한 것으로 보이는 부드럽고 황록색을 띤 딥이 가득 담긴 흰색 그릇이 놓여 있다. 그릇 주변에는 통째로 된 피스타치오와 껍질이 깨진 피스타치오가 몇 개 흩어져 있어, 신선하고 고소한 견과류 향이 느껴진다.","하얀 그릇에 담긴 크림처럼 부드럽고 황금빛을 띤 피스타치오 딥, 그 주위에는 연한 녹색 식탁보 위에 피스타치오가 흩뿌려져 있다.","하얀 그릇에 담긴 크림처럼 부드럽고 황금빛을 띤 딥 소스, 연한 녹색 식탁보 위에는 피스타치오가 흩뿌려져 있다.","하얀 그릇에 담긴 크림처럼 부드럽고 황금빛을 띤 딥 소스, 연한 녹색 식탁보 위에는 피스타치오가 흩뿌려져 있다.",reused,ok,ok,ok
bakery,qwen3,1000637683,1,bakery/images/kurly_1000637683_1.jpg,상품-대표-이미지 1,"“피넛 버터 오리지널”이라고 적힌 병 하나와 “피넛 버터 크런치”라고 적힌 병 하나, 총 두 개의 피넛 버터 병이 베이지색 천 위에 피넛 버터 한 그릇과 숟가락과 함께 진열되어 있다. 병에는 “OH NUTTY”라고 적혀 있으며, 땅콩 그림이 그려져 있다.","베이지색 천 위에는 OH_NUTTY 땅콩버터 두 병(오리지널 한 병, 크런치 한 병)이 놓여 있으며, 그 옆에는 땅콩버터를 덜어 먹을 그릇과 칼이 함께 놓여 있다.","베이지색 천 위에는 OH_NUTTY 땅콩버터 두 병(오리지널 한 병, 크런치 한 병)이 놓여 있으며, 그 옆에는 땅콩버터를 덜어 먹을 그릇과 칼이 함께 놓여 있다.","베이지색 천 위에는 OH_NUTTY 땅콩버터 두 병(오리지널 한 병, 크런치 한 병)이 놓여 있으며, 그 옆에는 땅콩버터를 덜어 먹을 그릇과 칼이 함께 놓여 있다.",reused,ok,ok,ok
bakery,qwen3,1000637683,2,bakery/images/kurly_1000637683_2.jpg,,"땅콩버터가 담긴 흰색 그릇 두 개가 베이지색 탁자 위에 놓여 있는데, 하나는 덩어리가 씹히는 종류이고 다른 하나는 부드러운 종류이며, 부드러운 종류가 담긴 그릇 안에는 나무 숟가락이 꽂혀 있다.","부드럽고 황금빛 갈색의 땅콩버터로 가득 찬 두 개의 흰색 그릇이, 하나는 그 안에 숟가락이 놓인 채로, 연노란색 바탕 위에 깔린 베이지색 천 위에 놓여 있다.","베이지색 식탁보 위에, 부드럽고 황금빛 갈색의 땅콩버터가 가득 담긴 두 개의 흰색 그릇이 놓여 있는데, 그중 하나에는 숟가락이 꽂혀 있다.","크리미하고 황금빛 갈색의 땅콩버터로 가득 찬 두 개의 흰색 그릇이, 하나는 덩어리가 훤히 보이고 다른 하나는 매끄러운 질감으로, 밝은 색상의 표면 위에 놓인 베이지색 천 위에 놓여 있다.",reused,ok,ok,ok
bakery,qwen3,1000659491,1,bakery/images/kurly_1000659491_1.jpg,상품-대표-이미지 1,"하얀 타원형 접시 위에는 황금빛 갈색 베이글 네 개가 놓여 있고, 연한 녹색 배경 위에는 베이글 세 개가 더 흩어져 있다. 그 옆에는 “I am bagel”이라고 적힌 하얀 포장지가 놓여 있는데, 여기에는 브랜드 이름과 베이글의 작은 이미지가 그려져 있다.","하얀 접시 위에는 황금빛 갈색 베이글 네 개가 놓여 있고, 그 주변에 세 개가 더 흩어져 있으며, 바로 옆에는 ‘""I am bagel""’라고 적힌 포장지와 포장지에 ‘""Plain Bagel""’라는 한국어 문구가 적혀 있다.","하얀 접시 위에는 황금빛 갈색 베이글 네 개가 놓여 있고, 그 주변에 세 개가 더 흩어져 있으며, 바로 옆에는 ‘""I am bagel""’라고 적힌 포장지와 포장지에 ‘""Plain Bagel""’라는 한국어 문구가 적혀 있다.","하얀 타원형 접시 위에는 황금빛 갈색 베이글 네 개가 놓여 있고, 녹색 배경 위에는 세 개가 더 흩어져 있으며, 그 옆에는 한국어로 ‘""I am bagel""’라고 적힌 하얀색 포장지가 놓여 있다.",reused,ok,ok,ok
bakery,qwen3,1000659491,2,bakery/images/kurly_1000659491_2.jpg,,"나무 도마 위에는 베이글 몇 개가 놓여 있는데, 어떤 것은 통째로 있고 어떤 것은 반으로 갈라져 부드럽고 기공이 많은 속이 드러나 있다. 베이글 중 하나는 짙은 보라색 속이 들어 있는데, 아마 블루베리일 것이고, 또 다른 하나는 황금빛 갈색 껍질을 띠고 있다. 베이글들은 연한 녹색 배경 위에 놓여 있다.","나무 판 위에는 여러 개의 베이글이 놓여 있는데, 어떤 것은 통째로 있고 어떤 것은 반으로 갈라져 블루베리 속이 드러나 있으며, 겉은 황금빛 갈색을 띠고 속은 부드럽고 기공이 많은 질감을 띠고 있다.","밝은 녹색 배경 위에 나무 판에 여러 개의 베이글이 놓여 있는데, 어떤 것은 통째로 있고 어떤 것은 반으로 갈라져 부드럽고 폭신폭신한 속과 보라색 속이 드러나 있다.","나무 판 위에는 여러 개의 베이글이 놓여 있는데, 어떤 것은 통째로 있고 어떤 것은 반으로 갈라져 부드럽고 기공이 많은 속이 드러나 있으며, 그중 몇 개는 블루베리 필링이 들어 있다.",reused,ok,ok,ok
bakery,qwen3,1000794499,1,bakery/images/kurly_1000794499_1.jpg,상품-대표-이미지 1,"황금빛 노란색 케이크 본체와 갈색 토핑이 올라간 직사각형 케이크 두 개가 작은 직사각형 접시에 담겨 있다. 케이크 옆에는 나무 포크가 놓여 있다. 배경에는 녹색 상자와 노란색 상자 두 개가 있는데, 두 상자 모두 한국어 문구와 로고가 적혀 있다.","윗면이 갈색인 직사각형 케이크 두 개가, 초록색과 노란색 상자가 놓인 작은 접시 위에 담겨 있고, 나무 포크 하나가 곁들여져 있다.","갈색 토핑이 얹어진 직사각형 케이크 두 개가 작은 접시에 담겨 나무 포크와 함께 놓여 있고, 밝은 배경 위에는 녹색 상자 하나와 노란색 상자 하나가 곁에 놓여 있다.","갈색 토핑이 올라간 직사각형 케이크 두 개가 작은 접시에 담겨 나무 포크와 함께 놓여 있고, 밝은 배경 위에 초록색 상자 하나와 노란색 상자 하나가 곁에 놓여 있다.",reused,ok,ok,ok
bakery,qwen3,1000794499,2,bakery/images/kurly_1000794499_2.jpg,,"두 개의 접시에 담겨 있는, 직사각형으로 잘라진 녹차 케이크의 클로즈업 사진이다. 한 접시에는 케이크 전체가 담겨 있고, 다른 접시에는 흰 접시 위에 나무 포크와 함께 한 조각이 놓여 있다. 케이크는 겉면이 황금빛 갈색을 띠고 속은 연한 녹색이다.","썰어서 나무 포크와 함께 접시에 담긴 녹차 케이크의 클로즈업 사진과, 쟁반 위에 통째로 놓인 케이크의 모습.","썰어서 나무 포크와 함께 접시에 담긴 두 개의 직사각형 녹차 케이크의 클로즈업 사진으로, 촉촉한 식감과 황금빛 갈색의 겉면이 돋보인다.","초록색과 노란색의 직사각형 케이크 두 개가 잘려 접시에 담겨 있고, 나무 포크가 꽂혀 있는 모습을 클로즈업한 사진.",reused,ok,ok,ok
bakery,qwen3,1000831954,1,bakery/images/kurly_1000831954_1.jpg,상품-대표-이미지 1,"세 개의 흰색 접시 위에는 가루 설탕을 살짝 뿌린 둥근 빵, 검은 올리브가 들어간 직사각형 빵, 치즈 토핑이 올라간 황금빛 갈색 페이스트리 등 다양한 종류의 제과류가 중성적인 배경 위에 진열되어 있다.","세 개의 흰색 접시 위에는 가루 설탕을 살짝 뿌린 황금빛 빵, 검은 올리브가 들어간 직사각형 빵, 노란색 속이 들어간 둥근 빵 등 다양한 종류의 제과류가 담겨 있으며, 이 모든 것이 중성적인 배경 위에 놓여 있다.","세 개의 흰 접시 위에는 각각 다른 속재료와 토핑이 올라간 다양한 종류의 빵이 놓여 있는데, 속이 훤히 보이는 황금빛 갈색 빵, 올리브가 들어간 직사각형 빵, 치즈 토핑이 올라간 둥근 빵 등이 있다.","세 개의 흰 접시 위에는 황금빛 갈색의 다양한 페이스트리가 놓여 있는데, 각각 속재료와 토핑이 다릅니다. 노란색 속재료가 들어간 얇게 썬 페이스트리, 검은 올리브가 올라간 직사각형 페이스트리, 그리고 빨간색 치즈 토핑이 얹어진 둥근 페이스트리 등이 있습니다.",reused,ok,ok,ok
bakery,qwen3,1000831954,2,bakery/images/kurly_1000831954_2.jpg,,"하얀 접시 위에는 각각 다른 짭짤한 속재료를 얹은 빵 세 조각이 놓여 있다. 한 조각에는 검은 올리브와 녹은 치즈가, 다른 조각에는 노란 호박이 들어간 크림 같은 속재료가, 그리고 세 번째 조각에는 은은한 허브 향이 나는 하얗고 크림 같은 속재료가 얹혀 있다.","하얀 접시 위에는 빵 세 조각이 놓여 있는데, 각 빵 속에는 검은 올리브와 노란빛이 도는 주황색 속재료(아마도 호박일 것)가 섞인 크리미하고 고소한 속이 채워져 있으며, 은은한 녹색 허브 향이 감돈다.","하얀 접시 위에는 빵 세 조각이 놓여 있는데, 각 빵에는 검은 올리브와 녹아내린 치즈, 그리고 노란빛이 도는 주황색 속재료(아마도 호박이나 단호박일 것)가 섞인 풍미 가득한 속이 채워져 있으며, 은은한 녹색 허브 향이 감돈다.","하얀 접시 위에는 빵 세 조각이 놓여 있는데, 각각 다른 짭짤한 속재료가 들어 있다. 하나는 검은 올리브와 녹은 치즈가, 다른 하나는 크림 같은 속재료가, 세 번째는 노란빛이 도는 주황색 속재료가 들어 있으며, 모두 심플하면서도 식욕을 돋우는 방식으로 담겨 있다.",reused,ok,ok,ok
bakery,qwen3,1000870987,1,bakery/images/kurly_1000870987_1.jpg,상품-대표-이미지 1,"빨간색과 분홍색 상자에 담긴 하트 모양 디저트로, 크림 같은 속과 잘게 썬 피스타치오가 들어 있으며, 빨간색 배경 위에 놓여 있습니다.","내부가 흰색인 빨간색 하트 모양 디저트 상자에는 잘게 썬 피스타치오가 얹어진 크림 같은 연노란색 디저트가 가득 담겨 있으며, 이 상자는 선명한 빨간색 배경을 배경으로 빨간색 숟가락이 곁들여진 흰색 접시 위에 놓여 있다.","빨간색과 분홍색의 하트 모양 디저트 박스 세트로, 빨간색 배경 위에 피스타치오와 딸기가 들어간 크리미한 디저트가 담겨 있습니다.","빨간색과 분홍색의 하트 모양 디저트 박스 세트로, 빨간색 배경 위에 피스타치오와 딸기가 들어간 크리미한 디저트가 담겨 있습니다.",reused,ok,ok,ok
bakery,qwen3,1000870987,2,bakery/images/kurly_1000870987_2.jpg,pc_Holiday-Edition_24_01.jpg,"빨간색을 테마로 한 디저트 진열대에는 하트 모양의 ‘하트 티라미수’ 캔이 놓여 있는데, 그중 하나는 뚜껑이 열려 코코아 가루와 빨간 숟가락이 얹어진 초콜릿 맛이, 다른 하나는 검은깨가 얹어진 크림색 버전이, 세 번째는 노란 피스타치오가 얹어진 연노란색 버전이 담겨 있습니다. 통들은 빨간색 배경을 배경으로 흰색 원형 받침대 위에 진열되어 있으며, 그 위로는 “HAVE A HARTY TIME!”이라고 적힌 빨간 풍선이 떠 있습니다.","빨간색 배경 위에, 빨간색 깡통 용기에 담긴 하트 모양 타르트와 ""HAVE A HARTY TIME!"" 풍선, 숟가락이 함께 담긴 발렌타인 데이 테마의 빨간색 디저트 세트.","빨간색 배경 위에, 빨간색 상자에 담긴 하트 모양 타르트와 ""HAVE A HARTY TIME!"" 풍선, 빨간색 숟가락이 함께 담긴 발렌타인 데이 테마의 빨간색 디저트 세트.","빨간색 틴 용기에 담긴 하트 모양 타르트와 ""HAVE A HARTY TIME!"" 풍선, 하트 모양 손잡이가 달린 숟가락이 빨간색 배경 위에 정갈하게 배치된, 발렌타인 데이를 테마로 한 빨간색 디저트 세트입니다.",reused,ok,ok,ok
bakery,qwen3,1000894225,1,bakery/images/kurly_1000894225_1.jpg,상품-대표-이미지 1,"황금빛 갈색 껍질이 돋보이는 흰 빵 한 덩어리가 얇게 썰려 나무 도마 위에 놓여 있고, 배경에는 포장지가 보인다.","나무 판 위에 얇게 썰어 진열된 흰 빵 한 덩어리와, 그 뒤편에 포장된 같은 종류의 빵 한 덩어리가 놓여 있다.","하얀 천을 깐 나무 판 위에 얇게 썰어 진열된 흰 빵 한 덩이가, 밝은 회색 배경 위에 포장된 쌀빵 한 덩이 앞에 놓여 있다.","노릇노릇한 겉면이 돋보이는 흰 빵 한 덩어리가 얇게 썰려 나무 판 위에 진열되어 있고, 그 뒤쪽에는 같은 빵이 포장된 채 놓여 있다.",reused,ok,ok,ok
bakery,qwen3,1000894225,2,bakery/images/kurly_1000894225_2.jpg,PC_mildo_toast_241018_01.jpg,"나무 도마 위에 얇게 썬 흰 빵 한 덩이가 놓여 있으며, 빵 조각들이 일렬로 가지런히 정렬되어 있다. 빵은 황금빛 갈색의 겉면과 부드럽고 기공이 많은 속을 가지고 있다.",나무 도마 위에 가지런히 줄지어 놓인 흰 식빵 한 덩이가 흰 식탁보 위에 놓여 있다.,"흰 빵 한 덩어리가 얇게 썰려 나무 도마 위에 가지런히 줄지어 놓여 있고, 그 아래에는 밝은 색의 천이 깔려 있다.","얇은 나무 도마 위에 깔끔하게 놓인 흰 빵 한 덩어리. 그 아래에는 밝은 색의 천이 깔려 있으며, 중성적인 배경을 배경으로 하고 있다.",reused,ok,ok,ok
bakery,qwen3,1001194675,1,bakery/images/kurly_1001194675_1.jpg,상품-대표-이미지 1,밝은 회색 바탕 위에 땅콩버터 두 병과 같은 제품의 그릇 두 개가 진열되어 있다.,"땅콩버터가 담긴 항아리 두 개와 그릇 두 개로, 각각 한국어로 ‘""100% peanut butter""’와 ‘""100% peanut butter""’라고 적힌 라벨이 붙어 있다.",회색 바탕 위에 놓인 연한 갈색 땅콩버터가 든 항아리 두 개와 그릇 두 개.,"밝은 회색 바탕 위에, 한국어로 ‘""100% peanut butter""’와 ‘""100% peanut butter""’라고 적힌 라벨이 붙은 연한 갈색 땅콩버터가 담긴 항아리 두 개와 그릇 두 개가 놓여 있다.",reused,ok,ok,ok
bakery,qwen3,1001194675,2,bakery/images/kurly_1001194675_2.jpg,,"크리미한 땅콩버터가 가득 담긴 흰색 그릇 두 개(그중 하나에는 나무 숟가락이 꽂혀 있음)가, 한국어로 “My Normal”이라고 적힌 땅콩버터 병 두 개 앞에 진열되어 있다. 병에는 땅콩 일러스트와 “100% 땅콩”이라는 문구가 표시되어 있다.","‘""100% peanut""’라고 적힌 땅콩버터 병 하나와 ‘""100% peanut,""’라고 적힌 병 하나, 그리고 땅콩버터가 담긴 그릇 두 개가 보여지는데, 그중 하나에는 나무 숟가락이 꽂혀 있다.","""My Normal"" 땅콩버터 두 병이 진열되어 있는데, 한 병에는 ""크리미""(크리미), 다른 한 병에는 ""크린치""(크리스프)라고 적혀 있으며, 이 땅콩버터가 담긴 그릇 두 개도 함께 놓여 있는데, 그중 하나에는 나무 숟가락이 꽂혀 있다.","""My Normal"" 땅콩버터 두 병이 ""100% peanut""와 ""100% peanut""라는 라벨과 ""My Normal"" 로고가 붙어 있는 채로, 크리미하고 황금빛을 띤 땅콩버터가 가득 담긴 흰색 그릇 두 개와 함께 진열되어 있으며, 그중 하나에는 나무 숟가락이 꽂혀 있다.",reused,ok,ok,ok
bakery,qwen3,1001385477,1,bakery/images/kurly_1001385477_1.jpg,상품-대표-이미지 1,"블루베리, 사과 & 시나몬, 라즈베리, 망고 & 패션프루트, 피그 로얄 등 6가지 맛의 세인트 달푸르 과일 스프레드 병이 밝은 색상의 받침대 위에 진열되어 있으며, 전경에는 잼이 담긴 작은 그릇 두 개와 나무 숟가락이 놓여 있다.","블루베리, 사과 & 시나몬, 라즈베리, 망고 & 패션프루트, 피그 로얄 등 다양한 맛의 세인트 달푸르 과일 잼 6종이 유리병에 담겨 있으며, 밝은 색상의 받침대 위에 작은 잼 그릇과 나무 숟가락과 함께 진열되어 있습니다.","블루베리, 사과 & 시나몬, 라즈베리, 망고 & 패션프루트, 피그 로얄 등의 맛이 담긴 유리병에 담긴 세인트 달푸르 과일 스프레드 6종 세트로, 밝은 색상의 받침대 위에 작은 잼 그릇과 나무 숟가락과 함께 진열되어 있습니다.","유리병에 담긴 세인트 달푸르 과일 스프레드 6종 세트가, 잼이 담긴 작은 그릇 두 개와 나무 숟가락과 함께 밝은 색상의 받침대 위에 진열되어 있다.",reused,ok,ok,ok
bakery,qwen3,1001385477,2,bakery/images/kurly_1001385477_2.jpg,,"블루베리, 사과 & 시나몬, 피그 로얄, 망고 & 패션프루트, 라즈베리 등의 맛이 담긴 세인트 달푸르 과일 스프레드 유리병 세트가 밝은 배경 위에 진열되어 있으며, 전경에는 나무 숟가락과 스프레드가 담긴 작은 그릇들이 놓여 있다.","블루베리, 사과 & 시나몬, 피그 로얄, 망고 & 패션프루트, 라즈베리 등 다양한 맛의 세인트 달푸르 과일 스프레드 제품들이 밝은 색상의 받침대 위에 나무 숟가락과 스프레드가 담긴 그릇들과 함께 진열되어 있습니다.","블루베리, 사과 & 시나몬, 피그 로얄, 망고 & 패션프루트, 라즈베리 등 다양한 맛의 세인트 달푸르 과일 스프레드 제품들이 밝은 색상의 받침대 위에 나무 숟가락과 스프레드가 담긴 그릇들과 함께 진열되어 있습니다.","블루베리, 사과 & 시나몬, 피그 로얄, 망고 & 패션프루트, 라즈베리 등 다양한 맛의 세인트 달푸르 과일 스프레드가 유리병에 담겨 있으며, 나무 숟가락과 작은 그릇과 함께 밝은 색상의 받침대 위에 진열되어 있습니다.",reused,ok,ok,ok
bakery,qwen3,1001493094,1,bakery/images/kurly_1001493094_1.jpg,상품-대표-이미지 1,"회색 바탕 위에 ‘Nuts Green’ 땅콩버터 두 병(하나는 부드러운 타입, 다른 하나는 바삭한 타입)과 이 땅콩버터를 담은 그릇 두 개가 진열되어 있다.","회색 바탕 위에 ‘Nuts Green’ 땅콩버터 두 병(하나는 부드러운 타입, 다른 하나는 바삭한 타입)과 이 땅콩버터를 담은 그릇 두 개가 진열되어 있다.","회색 바탕 위에 ‘Nuts Green’ 땅콩버터 두 병—하나는 부드러운 타입, 다른 하나는 바삭한 타입—이 크림처럼 부드러운 내용물이 담긴 열린 그릇과 함께 진열되어 있다.","회색 바탕 위에 ‘Nuts Green’ 땅콩버터 두 병(하나는 부드러운 타입, 다른 하나는 바삭한 타입)과 이 땅콩버터를 담은 그릇 두 개가 놓여 있다.",reused,ok,ok,ok
bakery,qwen3,1001493094,2,bakery/images/kurly_1001493094_2.jpg,,"“Nuts Green” 식물성 땅콩버터 두 병(하나는 부드러운 타입, 다른 하나는 바삭한 타입)이 회색 바탕 위에 놓인 두 그릇의 제품과 함께 진열되어 있다.","밝은 회색 바탕 위에 ""Nuts Green"" 식물성 땅콩버터 두 병(하나는 부드러운 타입, 다른 하나는 크런치 타입)과 이 제품을 담은 그릇들이 진열되어 있다.","회색 바탕 위에 ""Nuts Green"" 식물성 땅콩버터 두 병(하나는 부드러운 타입, 다른 하나는 크런치 타입)과 이 제품으로 채워진 그릇 두 개가 진열되어 있다.","회색 바탕 위에 ""Nuts Green"" 식물성 땅콩버터 두 병(하나는 부드러운 타입, 다른 하나는 크런치 타입)과 이 제품으로 채워진 그릇 두 개가 진열되어 있다.",reused,ok,ok,ok
bakery,qwen3,1001501168,1,bakery/images/kurly_1001501168_1.jpg,상품-대표-이미지 1,"‘아르티제(Artisée)’의 ‘랑그 드 샤(Langue de Chat)’ 쿠키 세 가지 맛(밀크 크림, 솔트 카라멜 초콜릿, 밀크 초콜릿)을 포장지와 함께 작은 접시에 몇 개씩 담아 플랫 레이로 연출한 사진입니다.","‘Artis?e Langue de Chat’ 쿠키의 세 가지 맛(밀크 크림, 솔트 카라멜 초콜릿, 밀크 초콜릿)을 포장지와 함께 작은 접시에 담아 플랫 레이로 연출한 사진.","‘아르티제(Artisée)’의 ‘랑그 드 샤(Langue de Chat)’ 쿠키 3가지 맛(밀크 크림, 솔트 카라멜 초콜릿, 밀크 초콜릿)을 흰 접시에 소량씩 담아 개별 포장한 상태로 평면 촬영한 사진.","‘아르티제(Artisée)’의 ‘랑그 드 샤(Langue de Chat)’ 쿠키 3가지 맛(밀크 크림, 솔트 카라멜 초콜릿, 밀크 초콜릿)을 플랫 레이로 연출한 사진으로, 각 쿠키는 서로 다른 색상의 상자에 담겨 있으며, 쿠키 한 개와 소포장이 담긴 작은 접시가 함께 놓여 있습니다.",reused,ok,ok,ok
bakery,qwen3,1001501168,2,bakery/images/kurly_1001501168_2.jpg,,"아르티제(Artisée)의 ‘랑그 드 샤(Langue de Chat)’ 쿠키를 위에서 내려다본 모습으로, 플레인, 초콜릿 코팅, 밀크 크림 맛 등이 밝은 색상의 배경 위에 놓여 있으며, 일부는 흰색 접시에 담겨 있고 다른 일부는 개별 포장지에 담겨 있다.","‘아르티제 랑그 드 샤(Artisée Langue de Chat)’ 쿠키의 위에서 내려다본 사진으로, 솔트 카라멜 초콜릿, 밀크 초콜릿, 밀크 크림 등 다양한 맛의 쿠키들이 밝은 색상의 배경 위에 놓여 있으며, 일부는 접시에 담겨 있고 다른 일부는 개별 포장지에 담겨 있다.","‘아르티제 랑그 드 샤(Artisée Langue de Chat)’ 쿠키를 위에서 내려다본 사진으로, 다양한 맛과 식감을 잘 보여주고 있으며, 밝은 색상의 배경 위에 일부는 접시에 담겨 있고 다른 일부는 개별 포장지에 싸여 진열되어 있다.","아르티제(Artisée)의 ‘랑그 드 샤(Langue de Chat)’ 쿠키를 위에서 내려다본 사진으로, 개별 포장된 쿠키들이 밝은 색상의 표면 위에 진열되어 있으며, 솔트 카라멜 초콜릿, 밀크 초콜릿, 밀크 크림 등 다양한 맛이 담겨 있습니다. 일부 쿠키는 반으로 갈라져 크림 같은 속이 드러나 있습니다.",reused,ok,ok,ok
bakery,qwen3,1001556191,1,bakery/images/kurly_1001556191_1.jpg,상품-대표-이미지 1,"소박하고 갈라진 겉면과 부드럽고 폭신폭신한 속살을 지닌 수제 빵 한 덩어리가, 얇게 썰려 다공성 질감이 드러난 채, 따뜻하고 중성적인 배경을 배경으로 흰색 타원형 접시 위에 담겨 있다.","갓 구워낸 수제 빵으로, 겉은 황금빛을 띠고 속은 기포가 가득해 폭신폭신한 식감을 자랑하며, 얇게 썰어 중성적이고 따뜻한 색감의 배경 위에 흰색 타원형 접시에 담겨 있다.","겉면은 갈라진 듯한 모양에 밀가루가 살짝 묻어 있고, 속은 부드럽고 폭신폭신한 소박하고 정성스럽게 만든 수제 빵으로, 흰색의 홈이 파인 접시에 담겨 나옵니다.","겉면은 갈라지고 밀가루가 살짝 묻어 있으며, 속은 공기가 가득 차고 구멍이 숭숭 뚫린 소박하고 수제 풍미의 빵 한 덩어리가 흰색 타원형 접시에 담겨 나옵니다.",reused,ok,ok,ok
bakery,qwen3,1001556191,2,bakery/images/kurly_1001556191_2.jpg,,겉은 황금빛 갈색을 띠고 속은 기포가 가득해 폭신폭신한 수제 빵 한 덩어리를 썰어 흰 접시에 담아낸 모습.,"갓 구워낸 수제 빵 한 덩어리로, 겉은 황금빛 갈색을 띠고 속은 기포가 가득해 폭신폭신한 이 빵을 얇게 썰어 하얀 접시에 담아 낸 모습이다.","갓 구워낸 수제 빵 한 덩어리로, 겉은 황금빛 껍질이 있고 속은 기포가 가득해 폭신폭신한 이 빵을 얇게 썰어 하얀 접시에 담아 낸 모습.","갓 구워낸 수제 빵 한 덩어리로, 겉은 황금빛 갈색을 띠고 속은 기포가 가득해 폭신폭신한 이 빵을 얇게 썰어 하얀 접시에 담아 낸 모습이다.",reused,ok,ok,ok
bakery,qwen3,1001737663,1,bakery/images/kurly_1001737663_1.jpg,상품-대표-이미지 1,"생기 넘치는 주황색 젤리가 얹어진 둥근 흰색 무스 케이크가 대리석 판 위에 놓여 있고, 그 옆 작은 접시에는 케이크 한 조각이 담겨 있다. 케이크는 흰색과 분홍색의 대리석 무늬가 들어간 상자에 담겨 있으며, 상자에는 “JOSUN DELI”라는 브랜드명이 적혀 있다.","생기 넘치는 주황색 젤리가 얹어진 둥근 흰색 무스 케이크가 대리석 판 위에 놓여 있고, 접시에는 케이크 한 조각이 담겨 있으며, 배경에는 ‘""JOSUN DELI""’라고 적힌 분홍색과 흰색 상자가 보인다.","생기 넘치는 주황색 글레이즈가 얹어진 둥근 흰색 무스 케이크 한 조각이 흰색 접시에 담겨 있으며, 대리석 판 위에 놓여 있고, 배경에는 ‘""JOSUN DELI""’라고 적힌 분홍색과 흰색 대리석 무늬 상자가 보인다.","생기 넘치는 오렌지색 글레이즈가 입혀진 둥근 흰색 프로스팅 케이크 한 조각이 흰색 접시에 담겨, 분홍색과 흰색의 ""JOSUN DELI"" 상자 옆의 대리석 판 위에 놓여 있다.",reused,ok,ok,ok
bakery,qwen3,1001737663,2,bakery/images/kurly_1001737663_2.jpg,,"생기 넘치는 주황색 젤리가 얹어진 둥근 흰색 케이크가 흰색 대리석 판 위에 놓여 있으며, 전경에는 한 조각이 잘려 흰색 접시에 담겨 있다. 케이크는 부드럽고 크리미한 식감을 지녔으며, 겉면은 황금빛 갈색을 띠고 있다.","생기 넘치는 주황색 젤리가 얹어진 둥근 흰색 케이크가 대리석 판 위에 놓여 있고, 흰색 접시에는 한 조각이 담겨 있어 층층이 쌓인 속이 잘 드러나 있다.","생기 넘치는 주황색 젤리가 얹어진 둥글고 하얗고 크림 같은 케이크로, 흰 접시에 한 조각이 담겨 나와 층층이 쌓인 속과 부드러운 식감을 잘 드러내고 있다.","생기 넘치는 주황색 젤리가 얹어진 둥글고 하얗고 크림 같은 케이크가 대리석 판 위에 놓여 있으며, 한 조각이 잘려 흰 접시에 담겨 그 층층이 쌓인 속을 드러내고 있다.",reused,ok,ok,ok
bakery,qwen3,1001737665,1,bakery/images/kurly_1001737665_1.jpg,상품-대표-이미지 1,"흰색 대리석 상자가 배경으로 놓인 초콜릿 케이크 사진으로, 흰색 접시에 담긴 한 조각과 대리석 접시 위에 놓인 통째의 케이크가 담겨 있다.","흰색 대리석 상자 위에 놓인 초콜릿 케이크와 흰색 접시에 담긴 케이크 한 조각이, 둘 다 대리석 표면 위에 놓여 있다.","한 조각이 잘려 나간 초콜릿 케이크 위에 베리와 초콜릿 가루가 올려져 있으며, 이 케이크는 대리석 무늬가 들어간 흰색 대리석 상자 옆의 대리석 접시 위에 놓여 있고, 이 모든 것이 중성적인 회색 배경을 배경으로 펼쳐져 있다.","한 조각이 잘려 나간 초콜릿 케이크 위에 베리와 초콜릿 가루가 올려져 있으며, 이 케이크는 대리석 무늬가 들어간 흰색 대리석 상자 옆의 대리석 접시 위에 놓여 있고, 이 모든 것이 중성적인 회색 배경을 배경으로 펼쳐져 있다.",reused,ok,ok,ok
bakery,qwen3,1001737665,2,bakery/images/kurly_1001737665_2.jpg,,"흰색 대리석 접시 위에, 윗면에 초콜릿 가루와 신선한 베리가 얹어진 크고 둥근 초콜릿 케이크가 놓여 있다. 한 조각을 잘라 작은 흰색 접시에 올리자, 초콜릿 케이크와 크림, 과일이 층층이 쌓인 모습이 드러난다.",초콜릿 가루를 뿌리고 신선한 베리를 곁들인 크고 풍미 가득한 초콜릿 케이크 한 조각을 흰 접시에 담아 낸 모습.,"초콜릿 부스러기가 얹어진 크고 둥근 초콜릿 케이크 한 조각이 흰 접시에 담겨 있으며, 내부에는 과일과 크림이 층층이 쌓여 있다.","초콜릿 부스러기와 신선한 베리를 얹은 크고 둥근 초콜릿 케이크로, 흰 접시에 한 조각이 담겨 있어 층층이 쌓인 속이 잘 드러나 있습니다.",reused,ok,ok,ok
bakery,qwen3,1002104461,1,bakery/images/kurly_1002104461_1.jpg,상품-대표-이미지 1,"“Butter & Shelter”라고 적힌 흰색 상자가 초록색 바탕 위에 놓여 있으며, 그 옆에는 개별 포장된 쿠키 몇 개와 크림이 들어간 다양한 종류의 버터 쿠키가 담긴 접시가 놓여 있다. 상자에는 “커피와 빵을 즐기세요”라는 문구가 적혀 있다. 쿠키들은 초록색 테두리가 있는 흰색 접시 위에 가지런히 놓여 있다.","짙은 녹색 바탕 위에 흰색 상자와 개별 포장된 ""Butter & Shelter"" 쿠키 여러 개가 놓여 있으며, 쿠키가 담긴 접시와 흩어져 있는 쿠키 몇 개가 함께 있고, 그 옆에는 ‘""Enjoy your coffee and bread.""’라는 문구가 적혀 있다.","초록색 바탕 위에 흰색 상자와 개별 포장된 ""Butter & Shelter"" 쿠키 여러 개가 놓여 있으며, 쿠키가 담긴 접시와 흩어져 있는 쿠키 몇 개가 어우러져 아늑하고 풍성한 간식 분위기를 자아냅니다.","초록색 바탕 위에 흰색 상자와 개별 포장된 ""Butter & Shelter"" 쿠키 몇 개가 놓여 있고, 그 옆에는 다양한 종류의 쿠키가 담긴 접시와 흩어져 있는 쿠키 몇 개가 함께 놓여 있어, 아늑한 ‘커피와 빵’을 테마로 한 간식 분위기를 자아냅니다.",reused,ok,ok,ok
bakery,qwen3,1002104461,2,bakery/images/kurly_1002104461_2.jpg,,초록색 테두리가 있는 흰색 접시 위에는 바삭바삭한 식감의 황금빛 갈색 직사각형 쿠키 몇 개가 놓여 있다. 일부는 겹쳐져 있어 크림색의 흰색 속과 캐러멜 같은 토핑이 드러나 있다. 쿠키 한 개는 반으로 잘려 있어 층이 선명하게 보인다. 접시는 짙은 초록색 배경 위에 놓여 있다.,"초록색 테두리가 있는 흰색 접시 위에는 크림이 샌드된 황금빛 갈색의 직사각형 쿠키 몇 개가 카라멜 시럽을 뿌린 채, 짙은 초록색 바탕 위에 자연스럽고 매력적으로 놓여 있다.","초록색 테두리가 있는 흰색 접시 위에는 가장자리가 주름진 황금빛 갈색의 직사각형 쿠키 여러 개가 놓여 있는데, 일부는 쌓여 있고 일부는 나란히 놓여 있어 크림색의 흰색 속과 캐러멜 같은 토핑이 드러나 있다.","초록색 테두리가 있는 흰색 접시 위에는 가장자리가 물결 모양으로 처리된 황금빛 갈색의 직사각형 쿠키 여러 개가 놓여 있는데, 일부는 겹쳐져 있고, 다른 일부는 반으로 잘려 크림색의 흰색 속과 캐러멜 같은 토핑이 드러나 있다.",reused,ok,ok,ok
bakery,qwen3,1002202568,1,bakery/images/kurly_1002202568_1.jpg,상품-대표-이미지 1,"부드러운 땅콩버터 제품 3개의 개별 포장지가 같은 제품의 더 큰 상자 위에 진열되어 있으며, 이 모든 것이 회색 바탕 위에 놓여 있다.","흰색 상자와 ""Nuts Green"" 땅콩 버터 스무디 개별 포장 3개. 각 포장에는 한국어 문구가 적혀 있고 땅콩 일러스트가 그려져 있다.","회색 바탕 위에 부드러운 땅콩버터 제품 3개의 개별 포장지가 놓여 있고, 그 아래에는 제품 상자가 놓여 있다.",더 큰 상자 위에는 같은 제품이 들어 있는 땅콩버터 스무디 제품 3개의 개별 포장지가 진열되어 있습니다.,reused,ok,ok,ok
bakery,qwen3,1002202568,2,bakery/images/kurly_1002202568_2.jpg,,"“100% 한국산 땅콩”과 “비건”이라고 적힌 흰색 ‘넛츠 그린’ 스무스 땅콩버터 포장지가, 크림처럼 부드러운 연한 갈색 땅콩버터가 발라진 흰색 접시 옆에 놓여 있다.","‘100% 한국산 땅콩버터’라고 표시된 ""Nuts Green"" 스무스 땅콩버터의 흰색 포장지가, 크림처럼 부드럽고 연한 갈색의 땅콩버터가 발라진 흰색 접시 옆에 놓여 있다.","‘""Nuts Green""’ 스무스 땅콩버터가 들어 있는 흰색 포장지 위에 ‘""100% Korean Peanut""’와 ‘""Vegan,""’라고 적혀 있으며, 그 옆에는 크림처럼 부드럽고 연한 갈색의 땅콩버터가 가득 담긴 흰색 그릇이 놓여 있다.","‘""Nuts Green""’ 스무스 땅콩버터가 들어 있는 흰색 포장지(라벨에 ‘""100% Korean Peanut""’와 ‘""Vegan,""’라고 적혀 있음)가, 크림처럼 부드럽고 연한 갈색의 땅콩버터가 소용돌이 모양으로 담긴 흰색 접시 옆에 놓여 있다.",reused,ok,ok,ok
bakery,qwen3,5003416,1,bakery/images/kurly_5003416_1.jpg,상품-대표-이미지 1,"잼, 바나나, 견과류 등 각기 다른 속재료를 담은 다양한 미니 타르트가 들어 있는 검은색 상자가 줄무늬 천이 깔린 어두운 배경 위에 놓여 있다. 전경에는 부서진 타르트와 포크가 놓인 작은 접시가 있다.","잼, 바나나, 견과류 등 각각 다른 속재료를 담은 16개의 미니 타르트가 격자 모양으로 배열된 검은색 상자와, 작은 접시 위에 뚜껑이 열린 타르트 하나, 그리고 그 옆에 줄무늬 천이 놓여 있다.","각기 다른 속재료와 토핑이 들어간 다양한 미니 페이스트리가 담긴 검은색 상자가 줄무늬 천이 깔린 어두운 배경 위에 놓여 있으며, 작은 접시에는 페이스트리 하나가 담겨 있고, 무늬가 그려진 상자도 함께 놓여 있다.","각각 다른 토핑이 올려진 16개의 미니 타르트가 격자 모양으로 배열된 검은색 상자가, 줄무늬 천이 깔린 어두운 질감의 표면 위에 놓여 있으며, 그 옆에는 부서진 타르트와 포크가 담긴 작은 접시가 놓여 있다.",reused,ok,ok,ok
bakery,qwen3,5003416,2,bakery/images/kurly_5003416_2.jpg,,"잼, 견과류, 과일 등 다양한 속재료를 넣은 작고 황금빛 갈색의 페이스트리 16개가 들어 있는 상자. 줄무늬 천이 깔린 검은색 쟁반 위에 정갈하게 놓여 있으며, 배경에는 “Le Chateau de Ma Vie”라고 적힌 검은색 상자가 보인다.","""Le Chateau de Ma Vie""의 16가지 미니 페이스트리가 들어 있는 검은색 상자가 줄무늬 천이 깔린 어두운 배경 위에 놓여 있으며, 작은 접시에는 페이스트리 한 개와 포크가 함께 담겨 있다.","각기 다른 속재료와 토핑이 들어간 16개의 다양한 미니 페이스트리가 담긴 검은색 상자가, 파란색과 흰색 줄무늬 천이 깔린 어두운 표면 위에 놓여 있으며, 작은 접시 하나에는 페이스트리 한 개와 포크가 함께 놓여 있다.","각각 종이 컵에 담겨 있는 16개의 다양한 페이스트리가 들어 있는 검은색 상자가, 파란색과 흰색 줄무늬 천이 깔린 어두운 바탕 위에 놓여 있으며, 작은 검은색 접시 위에는 페이스트리 한 개와 포크가 놓여 있다.",reused,ok,ok,ok
bakery,qwen3,5007270,1,bakery/images/kurly_5007270_1.jpg,상품-대표-이미지 1,"녹색, 분홍색, 흰색 층이 드러나는 단면을 가진 알록달록한 빵 한 덩어리가 나무 도마 위에 칼과 함께 썰려 놓인, 아름답게 차려진 아침 식사 장면입니다. 접시 위에는 빵 한 조각과 숟가락, 작은 잼 병이 놓여 있습니다. 흰색 주전자와 숟가락, 잼 병이 담긴 작은 접시도 함께 있습니다.","밝은 색상의 바탕 위에 알록달록한 빵 한 덩어리, 접시에 담긴 잼을 바른 빵 한 조각, 작은 잼 병, 흰색 주전자, 그리고 칼이 놓인 나무 도마가 어우러진 아름답게 차려진 아침 식사 장면입니다.","초록색, 분홍색, 노란색 층이 어우러진 알록달록한 빵 한 덩어리를 썰어 접시에 담고 잼을 곁들인, 아름답게 차려진 아침 식사 장면이다. 그 옆에는 흰색 주전자와 접시 위에 놓인 작은 잼 병이 함께 놓여 있다.","초록색, 분홍색, 흰색 층이 어우러진 알록달록한 슬라이스 빵 한 덩어리를 중심으로, 나무 판 위에 칼, 토스트 한 조각과 잼이 담긴 작은 접시, 흰색 주전자, 그리고 작은 잼 병이 함께 아름답게 배치된 정물화입니다. 이 모든 것이 밝은 색상의 바탕 위에 놓여 있습니다.",reused,ok,ok,ok
bakery,qwen3,5007270,2,bakery/images/kurly_5007270_2.jpg,,"유리 접시 위에 햄과 치즈 토스트 한 조각이 놓여 있고, 나무 코스터 위에는 작은 우유 잔이, 은색 쟁반 위에는 빵 한 조각과 작은 우유 그릇이, 그리고 나무 판 위에는 레드 와인 한 잔과 말차 빵과 분홍색 빵 두 조각이 놓인 아침 식탁을 위에서 내려다본 모습.","유리 접시 위에 햄과 치즈 토스트 한 조각이 놓여 있고, 나무 판 위에는 말차와 분홍색 소용돌이 무늬 빵 두 조각이, 나무 코스터 위에는 작은 우유 잔이, 은색 쟁반 위에는 빵 한 조각과 작은 우유 그릇이, 그리고 레드 와인 한 잔이 놓인 아침 식탁을 위에서 내려다본 모습입니다.","유리 접시 위에 햄과 치즈 토스트 한 조각이 놓여 있고, 분홍색과 초록색이 층을 이룬 빵 한 조각이 담긴 접시, 작은 우유 잔, 레드 와인 한 잔, 그리고 우유 잔이 올려진 나무 컵받침이 있는 아침 식사 테이블을 위에서 내려다본 모습.","유리 접시 위에 햄과 치즈 토스트 한 조각이 놓여 있고, 나무 도마 위에는 말차와 딸기 토스트 두 조각이, 나무 코스터 위에는 작은 유리잔에 담긴 우유 한 잔이, 레드 와인 한 잔이, 그리고 은 쟁반 위에는 빵 한 조각과 우유가 담긴 작은 그릇이 놓인 아침 식탁을 위에서 내려다본 모습이다.",reused,ok,ok,ok
bakery,qwen3,5012764,1,bakery/images/kurly_5012764_1.jpg,상품-대표-이미지 1,"흰색 접시 위에 연한 색의 가루가 뿌려진 롤케이크 두 조각이 담겨 있고, 배경에는 흰 꽃이 꽂힌 작은 꽃병과 상자들이 놓여 있다.","흰 크림이 들어간 황금빛 갈색 롤케이크 두 개가 가루 설탕을 살짝 뿌린 채 섬세한 접시 위에 놓여 있고, 배경에는 꽃병에 꽂힌 흰 꽃 장식과 상자들이 보인다.","금빛 갈색을 띠고 가루가 뿌려진 ""Riri Da"" 롤 두 개가 섬세한 흰색 접시 위에 놓여 있으며, 꽃병에 꽂힌 흰색 꽃 장식과 흰색 상자가 배경에 자리 잡고 있고, 이 모든 것이 부드러운 흰색 배경을 배경으로 펼쳐져 있다.","연한 색상의 가루가 뿌려진 롤케이크 두 조각이 섬세한 접시 위에 담겨 있으며, 부드럽고 밝은 배경 속에는 흰색 꽃 장식과 상자들이 놓여 있다.",reused,ok,ok,ok
bakery,qwen3,5012764,2,bakery/images/kurly_5012764_2.jpg,,"크리미한 필링이 들어간 바닐라 롤케이크가 가루 설탕을 살짝 뿌려 아름답게 담겨 흰 접시 위에 놓여 있고, 한 조각은 더 작은 접시에 담겨 있습니다. 찻잔과 찻받침, 그리고 흰 꽃이 꽂힌 작은 꽃병이 더해져 우아하고 평온한 분위기를 완성합니다.","바닐라 롤케이크와 섬세한 꽃들이 어우러진, 아름답게 차려진 흰색 티 세트와 부드럽고 우아한 분위기.","아름답게 차려진 흰색 티 세트 위에 황금빛 갈색의 케이크 롤이 놓여 있고, 그 중 한 조각은 작은 접시에 포크와 함께 담겨 있으며, 꽃병에는 섬세한 흰 꽃꽂이가 꽂혀 있고, 이 모든 것이 흰색 식탁보 위에 차려져 있다.","크리미한 필링이 들어간, 가루 설탕을 살짝 뿌린 섬세한 바닐라 롤케이크가 흰 접시 위에 담겨 있고, 차 한 잔과 꽃병에 꽂힌 작은 흰 장미 꽃다발이 곁들여져 있으며, 이 모든 것이 부드럽고 질감이 살아 있는 흰색 식탁보 위에 차려져 있다.",reused,ok,ok,ok
bakery,qwen3,5025646,1,bakery/images/kurly_5025646_1.jpg,상품-대표-이미지 1,"“크런치”라고 적힌 병 하나와 “스무스”라고 적힌 병 하나 등 슈퍼넛츠(SuperNuts) 땅콩버터 3병이 회색 바탕 위에 진열되어 있으며, 전경에는 스무스 맛 땅콩버터가 담긴 작은 그릇이 놓여 있다. 뚜껑이 열린 병의 뚜껑 위에는 땅콩버터가 묻은 나무 숟가락이 놓여 있다.","밝은 회색 바탕 위에 ‘슈퍼넛츠’ 땅콩버터 3병(한 병은 부드러운 타입, 한 병은 바삭한 타입)이 놓여 있고, 전경에는 부드러운 타입의 땅콩버터가 담긴 작은 그릇이 놓여 있다.","밝은 회색 바탕 위에 ‘슈퍼넛츠’ 땅콩버터 3병(한 병은 부드러운 타입, 한 병은 바삭한 타입)이 놓여 있고, 전경에는 부드러운 타입의 땅콩버터가 담긴 작은 그릇이 놓여 있다.","회색 바탕 위에 ‘슈퍼넛츠’ 땅콩버터 3병(부드러운 타입 1병, 바삭한 타입 2병)이 진열되어 있으며, 전경에는 부드러운 타입의 땅콩버터가 담긴 작은 그릇이 놓여 있다.",reused,ok,ok,ok
bakery,qwen3,5025646,2,bakery/images/kurly_5025646_2.jpg,,"부드럽고 연한 갈색의 땅콩버터가 가득 담긴 유리병 세 개가 놓여 있으며, 앞쪽에 있는 한 병에서는 나무 숟가락으로 땅콩버터를 한 숟가락 떠 올리고 있는 모습이 보인다.","부드럽고 연한 갈색의 땅콩버터가 가득 담긴 유리병 세 개가 놓여 있으며, 앞쪽에 있는 한 병에서는 나무 숟가락으로 땅콩버터를 한 숟가락 떠 올리고 있는 모습이 보인다.","크리미한 땅콩버터로 가득 찬 유리병 세 개와, 그중 하나에는 나무 숟가락이 땅콩버터를 떠 올리고 있는 모습이, 밝은 회색의 질감이 느껴지는 표면 위에 놓여 있다.","땅콩버터로 가득 찬 유리병 세 개와, 그중 하나에는 나무 숟가락이 땅콩버터 덩어리를 떠 올리고 있다.",reused,ok,ok,ok
bakery,qwen3,5040946,1,bakery/images/kurly_5040946_1.jpg,상품-대표-이미지 1,"하늘색 배경 위에 파스키에 마카롱 한 상자가 놓여 있고, 그 위에는 알록달록한 마카롱이 담긴 접시 두 개가 놓여 있습니다. 한 접시에는 포크가 꽂힌 마카롱 몇 개가 담겨 있고, 다른 접시에는 다양한 색상의 마카롱들이 진열되어 있습니다.","하늘색 배경 위에 알록달록한 마카롱이 담긴 접시 두 개와 파스키에(Pasquier) 마카롱 한 상자가 놓여 있으며, 접시 하나 위에는 포크가 놓여 있습니다.","하늘색 배경 위에 알록달록한 마카롱이 담긴 접시 두 개와 파스키에(Pasquier) 마카롱 한 상자가 놓여 있으며, 접시 하나 위에는 포크가 놓여 있습니다.","하늘색 배경 위에 알록달록한 마카롱이 담긴 접시 두 개와 파스키에(Pasquier) 마카롱 한 상자가 놓여 있으며, 접시 하나 위에는 포크가 놓여 있습니다.",reused,ok,ok,ok
bakery,qwen3,5040946,2,bakery/images/kurly_5040946_2.jpg,,"파란색과 흰색 무늬가 들어간 접시 위에 분홍색, 노란색, 초록색, 갈색 등 다양한 색조의 알록달록한 마카롱이 담겨 있다. 배경에는 마카롱이 담긴 또 다른 접시가 보인다.","파란색과 흰색 무늬가 들어간 접시 위에 분홍색, 노란색, 초록색, 갈색 등 다양한 색조의 알록달록한 마카롱이 담겨 있는 모습을 클로즈업한 사진으로, 배경에는 더 많은 마카롱이 보인다.","분홍색, 노란색, 초록색, 갈색 등 알록달록한 마카롱으로 가득 찬 접시의 클로즈업 샷으로, 배경에는 또 다른 마카롱 접시가 놓여 있으며, 이 모든 것이 연한 파란색 바탕 위에 놓여 있다.","갈색, 노란색, 초록색, 분홍색 등 다양한 색상의 마카롱들이 파란색과 흰색 무늬가 있는 접시 위에 정갈하게 놓여 있으며, 배경에는 더 많은 마카롱들이 보인다.",reused,ok,ok,ok
bakery,qwen3,5043336,1,bakery/images/kurly_5043336_1.jpg,상품-대표-이미지 1,"검은색 뚜껑이 달린 작은 유리병들이 한 세트로 모여 있으며, 각 병에는 서로 다른 종류의 크림 같은 스프레드가 들어 있습니다. 라벨은 알록달록하며, 영어와 한국어로 된 브랜드명 “FOURB SPREAD”가 적혀 있고, “블랙 올리브”, “토마토”, “블루베리”, “시나몬”, “딸기 크림치즈” 등 다양한 맛이 표시되어 있습니다.","검은색 뚜껑이 달린 유리병들이 흰색 바탕 위에 피라미드 모양으로 배열되어 있으며, 각 병에는 서로 다른 크림 같은 스프레드가 들어 있습니다. 라벨에는 브랜드명 ‘""FOURB_SPREAD""’와 함께 한국어로 표기된 다양한 맛 이름이 적혀 있는데, 여기에는 ""딸기_크림치즈""(딸기 크림치즈), ""모이다""(곰팡이), ""블랙_올리브""(블랙 올리브), ""서로""(설탕), ""토마토""(토마토) 등이 포함된다.","검은색 뚜껑이 달린 작은 유리병들이 흰색 바탕 위에 놓여 있는데, 각 병에는 서로 다른 종류의 크림 스프레드가 들어 있다.","흰색 바탕 위에, 각각 다른 맛의 크림 스프레드가 들어 있는 검은색 뚜껑이 달린 유리병들이 나란히 놓여 있다.",reused,ok,ok,ok
bakery,qwen3,5043336,2,bakery/images/kurly_5043336_2.jpg,,"크리미한 스프레드가 가득 담긴 8개의 유리병 세트로, 각각 다른 맛과 색상을 띠고 있으며 흰색 바탕 위에 정갈하게 진열되어 있습니다. 병에는 “FOURB SPREAD”라고 적혀 있으며, 블랙 올리브, 토마토, 시나몬 & 건포도 크림치즈 등 다양한 맛의 제품이 포함되어 있습니다.","각기 다른 맛과 재료가 들어간 ‘Fourb Spread’ 크림치즈가 담긴 열린 병들이 한데 모여 있는데, 여기에는 블랙 올리브, 토마토를 비롯해 다양한 토핑이 포함되어 있습니다.",각기 다른 맛과 토핑이 얹어진 ‘Fourb Spread’ 크림치즈 8개의 유리병이 흰색 바탕 위에 정갈하게 놓여 있다.,"각기 다른 맛과 토핑이 들어간 FOURB_SPREAD 크림치즈 유리병 8개가 한 세트로 구성되어 있으며, 뚜껑을 열어 크림처럼 부드러운 내용물이 드러나도록 진열되어 있다.",reused,ok,ok,ok
bakery,qwen3,5044137,1,bakery/images/kurly_5044137_1.jpg,상품-대표-이미지 1,"매끄러운 초콜릿 글레이즈가 발라져 있고, 윗면에 섬세한 물결무늬가 새겨진 직사각형 초콜릿 케이크가 나무 접시 위에 놓여 있다. 케이크 안에는 초콜릿과 크림 필링이 여러 겹으로 들어 있다. 그 옆에는 파란색 테두리가 둘러진 흰색 상자가 놓여 있으며, 상자에는 “NAPOLION”이라는 브랜드명이 인쇄되어 있다.","초콜릿과 크림이 여러 겹으로 쌓인 직사각형 초콜릿 케이크가, 브랜드명 ‘""NAPOLION""’와 장식용 엠블럼이 새겨진 흰색 상자 옆에 나무 접시 위에 놓여 있다.","흰색 크림이 층층이 쌓여 있고 장식용 초콜릿 글레이즈가 씌워진 직사각형 초콜릿 케이크가, 브랜드 로고가 새겨진 상자 옆에 나무 접시 위에 놓여 있다.","흰색 크림이 층층이 쌓인 직사각형 초콜릿 케이크로, 윗면에는 장식용 초콜릿 글레이즈가 발라져 있으며, 흰색 상자 옆에 나무 접시 위에 담겨 있다.",reused,ok,ok,ok
bakery,qwen3,5044137,2,bakery/images/kurly_5044137_2.jpg,,흰 크림이 층층이 쌓인 직사각형 초콜릿 케이크가 나무 판과 흰 접시 위에 놓여 있다. 접시 위에는 나무 포크와 함께 케이크 한 조각이 담겨 있다.,"초콜릿 스펀지와 화이트 크림이 여러 겹으로 쌓인 직사각형 초콜릿 케이크 위에 초콜릿 글레이즈를 바르고 소용돌이 무늬로 장식한 것이 나무 판과 흰색 접시 위에 놓여 있으며, 접시에는 한 조각이 담겨 있고 나무 포크가 꽂혀 있습니다.","초콜릿 스펀지와 크림이 여러 겹으로 쌓인 직사각형 초콜릿 케이크로, 나무 판과 흰색 접시 위에 나무 포크와 함께 담겨 있습니다.","초콜릿 스펀지와 크림이 여러 겹으로 쌓인 직사각형 초콜릿 케이크로, 나무 판과 흰색 접시 위에 나무 포크와 함께 담겨 있습니다.",reused,ok,ok,ok
bakery,qwen3,5044138,1,bakery/images/kurly_5044138_1.jpg,상품-대표-이미지 1,"나폴레옹 케이크가 담긴 직사각형 상자가, 얇게 썬 나폴레옹 롤이 담긴 흰색 접시 옆에 놓여 있어, 케이크 속의 층층이 쌓인 단면이 잘 드러나 있습니다.","‘""NAPOLEON""’라고 적힌 흰색 상자가 흰 접시 위에 놓인 황금빛 갈색의 얇게 썬 나폴레옹 롤 옆에 놓여 있으며, 그 층층이 쌓인 바삭바삭한 식감을 돋보이게 하고 있다.","하얀 상자와 하얀 접시 위에 나폴레옹 롤이 놓여 있으며, 롤에서 두 조각이 잘려 나와 층층이 쌓인 속이 드러나 있다.","‘""NAPOLEON""’라고 적힌 흰색 직사각형 상자가, 황금빛 갈색의 나폴레옹 롤이 담긴 흰색 접시 옆에 놓여 있는데, 롤을 가르면 크림과 스펀지 케이크 층이 드러나 있다.",reused,ok,ok,ok
bakery,qwen3,5044138,2,bakery/images/kurly_5044138_2.jpg,,"바깥쪽은 황금빛 갈색을 띠며 바삭바삭하고, 안쪽은 층층이 쌓인 바삭한 식감을 지닌 길쭉한 직사각형 케이크가, 잘라내어 정교한 단면이 드러난 채로 부드러운 분홍색 배경을 배경으로 흰 접시 위에 담겨 있다.","표면은 질감이 살아 있고 황금빛 갈색을 띠며, 속은 층층이 쌓인 바삭한 식감을 자랑하는 길쭉한 직사각형 케이크가, 잘라내어 정교한 단면이 드러난 채로 부드러운 분홍색 배경을 배경으로 흰 접시 위에 담겨 있다.","겉은 바삭하고 속은 부드럽고 폭신폭신한 황금빛 갈색의 층층이 쌓인 롤케이크로, 한 조각을 잘라내면 정교하게 쌓인 층들이 드러납니다.","황금빛 갈색을 띠고 바삭바삭하며 층층이 쌓인 케이크 롤로, 겉은 촘촘하고 바스라지는 식감을, 속은 뚜렷한 층이 드러나며, 정교한 구조를 보여주기 위해 한 조각 잘라낸 모습이 부드러운 분홍색 배경을 배경으로 흰 접시 위에 담겨 있다.",reused,ok,ok,ok
bakery,qwen3,5052041,1,bakery/images/kurly_5052041_1.jpg,상품-대표-이미지 1,"황금빛 갈색 껍질을 가진 짙은 색의 소박한 빵 한 덩어리가 두 조각으로 잘려, 중성적인 색상의 표면 위에 놓인 구겨진 밝은 색의 리넨 천 위에 놓여 있다.","황금빛 갈색 껍질과 크고 폭신폭신한 속살을 가진 짙은 색의 소박한 수제 빵 한 덩어리가, 얇게 썰려 질감이 느껴지는 밝은 색의 표면 위에 구겨진 리넨 천 위에 놓여 있다.","황금빛 갈색 껍질과 크고 폭신폭신한 속살을 가진 짙은 색의 소박한 빵 한 덩어리가 두 조각으로 잘려, 구겨진 연한 색의 리넨 천 위에 놓여 있다.","황금빛 갈색 겉껍질과 크고 폭신폭신한 속살을 가진 짙은 색의 소박한 빵 한 덩어리가 두 조각으로 잘려, 질감이 느껴지는 줄무늬 천 위에 놓여 있다.",reused,ok,ok,ok
bakery,qwen3,5052041,2,bakery/images/kurly_5052041_2.jpg,,겉은 짙은 갈색을 띠고 속은 기포가 가득해 폭신폭신한 수제 빵 한 덩어리가 여러 조각으로 잘려 구겨진 리넨 천 위에 놓여 있다.,"소박한 수제 빵 한 덩어리가 얇게 썰려 구겨진 리넨 천 위에 놓여 있는데, 황금빛 갈색의 겉면과 기포가 선명하게 보이는 다공성이고 폭신폭신한 속살이 돋보인다.","겉은 짙은 색에 바삭한 껍질이 있고, 속은 기공이 많아 폭신폭신한 소박한 빵 한 덩어리가 얇게 썰려 구겨진 리넨 천 위에 놓여 있다.","겉은 짙은 색에 바삭한 껍질을 띠고 속은 가볍고 폭신폭신한 수제 빵 한 덩어리가, 얇게 썰려 구겨진 리넨 천 위에 놓여 있다.",reused,ok,ok,ok
bakery,qwen3,5052044,1,bakery/images/kurly_5052044_1.jpg,상품-대표-이미지 1,"짙은 색의 갈라진 껍질과 가루가 살짝 뿌려진 소박한 직사각형 모양의 빵 한 덩이가 밝은 색의 표면 위에 놓여 있다. 배경에는 나무 도마 위에 빵 한 조각이 놓여 있는데, 그 단면에서는 공기 주머니가 선명하게 보이는 부드럽고 폭신폭신한 속살이 드러나 있다.","짙은 색의 갈라진 껍질과 가루가 살짝 뿌려진 소박한 직사각형 모양의 수제 빵 한 덩이가 밝은 색의 표면 위에 놓여 있고, 배경의 나무 판자 위에는 빵 한 조각이 더 놓여 있다.","짙은 색에 갈라진 겉껍질과 가루가 살짝 뿌려진 소박한 직사각형 모양의 빵으로, 한 조각을 잘라내면 공기가 가득 차고 기포가 많은 속살이 드러난다.","짙은 색의 갈라진 껍질과 가루가 살짝 뿌려진 소박한 직사각형 모양의 수제 빵 한 덩어리가 밝은 색의 받침대 위에 놓여 있으며, 나무 판자 위에는 얇게 썬 빵 한 조각이 올려져 있어 속이 공기가 가득 찬 거품 같은 구멍이 훤히 드러나 있다.",reused,ok,ok,ok
bakery,qwen3,5052044,2,bakery/images/kurly_5052044_2.jpg,,"갓 구워낸 수제 빵을 썰어 소박한 나무 도마 위에 올려놓은 근접 촬영 사진이다. 빵은 짙은 황금빛 껍질을 띠고 있으며, 속은 기포가 가득하고 폭신폭신해, 잘 부풀어 오른 풍미 가득한 빵임을 짐작하게 한다.","갓 구워낸 수제 빵의 클로즈업 사진으로, 겉은 황금빛 갈색을 띠고 속은 기포가 가득해 폭신폭신한 이 빵이 얇게 썰려 소박한 나무 판 위에 정갈하게 놓여 있다.","금빛 갈색의 겉면과 폭신폭신한 속을 자랑하는 갓 구워낸 수제 빵 조각들이, 밝은 색상의 표면이 있는 나무 도마 위에 정갈하게 놓여 있는 근접 촬영 사진.","갓 구워낸 수제 빵의 클로즈업 사진으로, 겉은 짙은 색에 갈라진 껍질이 있고 속은 기공이 많아 폭신폭신한 빵이 소박한 나무 판 위에 얇게 썰려 정갈하게 놓여 있다.",reused,ok,ok,ok
bakery,qwen3,5057085,1,bakery/images/kurly_5057085_1.jpg,상품-대표-이미지 1,"PNB 브랜드 페이스트리가 3×4 격자 모양으로 가지런히 배열된 상자입니다. 각 페이스트리는 투명한 비닐로 개별 포장되어 있습니다. 상자는 주황색이며, 밀 이삭과 “PNB”, “SINCE 1951”이라는 문구가 들어간 로고가 있습니다. 뚜껑이 열려 있어 안의 페이스트리가 보입니다.","PNB 브랜드 페이스트리가 담긴 열린 상자로, 다양한 색상과 디자인의 개별 포장된 과자들이 3x4 격자 모양으로 배열되어 있으며, 주황색 상자에는 ‘""PNB""’와 ‘""SINCE 1951""’라고 적혀 있다.","PNB 브랜드 페이스트리가 3×4 격자 모양으로 진열된 열린 상자. 주황색 PNB 상자에는 브랜드 로고와 ‘""SINCE 1951""’라는 문구가 적혀 있다.",개봉된 주황색 PNB 선물 상자 안에는 개별 포장된 다양한 종류의 페이스트리가 3x4 격자 모양으로 담겨 있는 모습을 위에서 내려다본 모습입니다.,reused,ok,ok,ok
bakery,qwen3,5057085,2,bakery/images/kurly_5057085_2.jpg,,"하얀 접시 위에는 초콜릿으로 코팅된 쿠키 두 개가 놓여 있는데, 각 쿠키 위에는 삼각형 모양의 초콜릿 조각과 초록색 말차가 올려져 있다. 배경에는 주황색 상자 안에 같은 쿠키가 더 들어 있고, 오른쪽에는 투명한 비닐 봉지에 쿠키 한 개가 들어 있다.","하얀 접시 위에는 초콜릿으로 코팅된 쿠키 두 개가 놓여 있는데, 각 쿠키에는 서로 다른 맛(초콜릿과 말차)의 삼각형 모양 조각이 드러나 있으며, 배경에는 비슷한 쿠키가 들어 있는 상자가 보인다.","흰색 접시 위에는 초콜릿으로 코팅된 쿠키 두 개가 놓여 있는데, 각 쿠키의 윗면에는 서로 다른 맛(초콜릿과 말차)의 삼각형 모양 조각이 드러나 있으며, 배경에는 비슷한 쿠키가 들어 있는 주황색 상자가 보인다.","흰색 접시 위에는 초콜릿과 초록색 말차로 삼각형 모양을 낸 초콜릿 코팅 쿠키 두 개가 놓여 있고, 배경에는 비슷한 모양의 쿠키가 든 상자가 보인다.",reused,ok,ok,ok
bakery,qwen3,5063069,1,bakery/images/kurly_5063069_1.jpg,상품-대표-이미지 1,"하얀 접시 위에는 둥글고 황금빛 갈색을 띤 구운 과자 세 개가 놓여 있는데, 각각 속은 부드럽고 폭신폭신하다. 포장재는 갈색 판지 상자로, 상자에는 만화 속 감자 캐릭터가 그려져 있으며, 상자에 적힌 글씨는 한국어다.","하얀 접시 위에는 둥글고 황금빛 갈색을 띤 감자 스낵 세 개가 놓여 있으며, 배경에는 만화 속 감자 캐릭터와 한국어 문구가 그려진 갈색 골판지 상자가 보인다.","하얀 접시 위에는 속이 훤히 보이는 둥근 황금빛 갈색 페이스트리 세 개가 놓여 있고, 그 옆에는 만화 속 감자 캐릭터가 그려진 갈색 골판지 상자가 놓여 있다.","하얀 접시 위에는 둥글고 황금빛 갈색을 띤 감자 케이크 세 개가 놓여 있는데, 그중 하나는 반으로 잘려 있어 크림처럼 부드러운 연한 색의 속이 드러나 있으며, 배경에는 만화 속 감자 캐릭터가 그려진 갈색 판지 상자가 보인다.",reused,ok,ok,ok
bakery,qwen3,5063069,2,bakery/images/kurly_5063069_2.jpg,,"흰 접시 위에, 부드럽고 크리미한 속이 들어간 둥근 황금빛 페이스트리 세 개가 담겨 있다.","흰 접시 위에 올려진, 둥글고 황금빛 갈색을 띤 페이스트리 세 개. 속은 크림처럼 노란색이다.","크림이 듬뿍 들어간 황금빛 둥근 페이스트리 세 개로, 그중 하나는 잘려 있어 속이 드러나 있다.",크림이 듬뿍 들어간 황금빛 둥근 페이스트리 세 개가 하얀 접시에 담겨 있다.,reused,ok,ok,ok
bakery,qwen3,5071363,1,bakery/images/kurly_5071363_1.jpg,상품-대표-이미지 1,"나무 뚜껑이 달린 딸기잼 유리병으로, 한국어로 된 글자와 딸기 일러스트가 그려진 라벨이 붙어 있습니다.","금색 뚜껑이 달린 빨간 딸기잼 유리병으로, 라벨에는 한국어 문구와 딸기 일러스트가 그려져 있다.","나무 뚜껑이 달린 빨간 딸기 잼이 든 유리병으로, 라벨에는 한국어 문구와 딸기 일러스트가 그려져 있다.","나무 뚜껑이 달린 빨간 딸기잼이 든 유리병으로, 라벨에는 한국어 문구와 딸기 일러스트가 그려져 있다.",reused,ok,ok,ok
bakery,qwen3,5071363,2,bakery/images/kurly_5071363_2.jpg,,"금색 뚜껑이 달린 딸기잼 유리병으로, 라벨에는 한국어 문구와 딸기 일러스트가 그려져 있다.","밝은 회색 바탕 위에, 금색 뚜껑이 달린 빨간 딸기 잼 유리병이 놓여 있으며, 병 라벨에는 딸기 일러스트와 한국어 문구가 그려져 있다.","금색 뚜껑이 달린 빨간 딸기잼 유리병으로, 라벨에는 한국어 문구와 딸기 일러스트가 그려져 있다.","금색 뚜껑이 달린 빨간 딸기잼이 든 유리병으로, 라벨에는 한국어 문구와 딸기 일러스트가 그려져 있다.",reused,ok,ok,ok
bakery,qwen3,5074339,1,bakery/images/kurly_5074339_1.jpg,상품-대표-이미지 1,"손잡이가 달린 흰색 상자에는 악기를 연주하는 곰들의 그림이 그려져 있고, 작은 흰색 접시 위에는 황금빛 갈색의 구운 과자 하나가 놓여 있다.","흰색 상자 하나와, 포장지에 악기를 연주하는 만화 속 곰들이 그려진 황금빛 갈색 케이크 한 개가 들어 있다.","흰색 상자와 포장지에 곰 그림이 그려진 황금빛 갈색 케이크 한 개로, 둘 다 악기를 연주하는 만화 속 곰들이 그려져 있다.","손잡이가 달린 흰색 상자에는 악기를 연주하는 곰들의 그림이 그려져 있으며, 작은 접시 위에는 곰 모양의 과자 하나가 놓여 있다.",reused,ok,ok,ok
bakery,qwen3,5074339,2,bakery/images/kurly_5074339_2.jpg,,"밝은 회색 배경을 배경으로, 흰색 접시 위에 노릇노릇하고 폭신폭신한 케이크 두 조각이 쌓여 있다.","밝고 중성적인 색감의 배경을 배경으로, 하얀 접시 위에 황금빛 갈색의 폭신폭신한 케이크 두 개가 쌓여 있다.","밝은 회색 배경을 배경으로, 흰색 접시 위에 황금빛 갈색의 구멍이 숭숭 뚫린 스펀지 케이크 두 개가 쌓여 있다.","밝고 중성적인 배경을 배경으로, 흰색 접시 위에 황금빛 갈색의 푹신한 케이크 조각 두 개가 겹쳐 놓여 있다.",reused,ok,ok,ok
bakery,qwen3,5097791,1,bakery/images/kurly_5097791_1.jpg,상품-대표-이미지 1,"“Pastel de Nata Original”이라고 적힌 포르투갈식 페이스트리 4개가 들어 있는 상자가, 캐러멜화된 속이 들어간 황금빛 갈색의 바삭바삭한 페이스트리 4개가 담긴 흰 접시 위에 놓여 있다.","‘""Pastel de Nata Original""’라고 적힌 검은 상자 안에, 흰 접시 위에 황금빛 갈색의 포르투갈식 에그타르트 네 개가 놓여 있다.","""Pastel de Nata Original"" 포르투갈 타르트가 들어 있는 검은색 상자. 연한 파란색 접시 위에는 황금빛 갈색을 띠고 바삭바삭한 페이스트리 4개가 정갈하게 놓여 있다.","‘""Pastel de Nata Original""’라고 적힌 검은 상자와 흰 접시 위에 놓인 황금빛 갈색의 바삭바삭한 페이스트리 네 개가 담긴 사진으로, 포르투갈의 전통 디저트를 보여주고 있다.",reused,ok,ok,ok
bakery,qwen3,5097791,2,bakery/images/kurly_5097791_2.jpg,,"하얀 접시 위에는 에그 타르트 세 개가 놓여 있는데, 두 개는 통째로 있고 하나는 반으로 잘려 있어, 황금빛으로 캐러멜화된 윗면과 크림처럼 부드러운 연노란색 속이 드러나 있다. 타르트는 바삭바삭하고 황금빛 갈색의 페이스트리 껍질로 감싸여 있으며, 반으로 잘린 타르트 안쪽은 커스터드처럼 매끄러운 모습을 보여준다.","하얀 접시 위에는 에그타르트 세 개가 놓여 있다. 두 개는 통째로 있고, 하나는 반으로 잘려 있어, 크림처럼 부드럽고 황금빛을 띤 커스터드 속이 드러나며, 윗면은 진한 카라멜 색을 띠고 있다.","하얀 접시 위에 에그 타르트 세 개가 놓여 있는데, 그중 하나는 반으로 잘려 있어 크림 같은 속과 노릇노릇한 겉면이 드러나 있다.","포르투갈식 페이스트리 세 개(두 개는 통째로, 하나는 반으로 잘린 것)로, 황금빛 갈색의 캐러멜화된 겉면과 크림처럼 부드러운 연노란색 속이 돋보입니다.",reused,ok,ok,ok
bakery,qwen3,5115048,1,bakery/images/kurly_5115048_1.jpg,상품-대표-이미지 1,"6개의 작은 육각형 잼 병 세트로, 각 병에는 녹색 뚜껑이 달려 있으며 “darbo since 1853”과 “과일 함량 70%”라고 적힌 라벨이 붙어 있습니다. 라즈베리, 살구, 블루베리, 딸기, 사워 체리 등 다양한 과일 맛이 들어 있습니다. 한 병은 뚜껑이 열려 있고, 나무 숟가락과 작은 칼 위에 살구 잼 한 덩어리가 올려져 있는 반면, 나머지 병들은 흰색 표면 위에 피라미드 모양으로 쌓여 있습니다.","초록색 뚜껑과 과일 일러스트가 그려진 라벨이 달린 작은 육각형 잼 병 여섯 개가 흰색 표면 위에 놓여 있으며, 그중 한 병은 뚜껑이 열려 있고 테이블 위에는 살구 잼 한 숟가락이 놓여 있다.","‘Darbo Since 1853’ 잼이 담긴 작은 육각형 병 6개가 한 세트로, 각 병에는 녹색 뚜껑이 달려 있고 과일 함량이 70%임을 나타내는 라벨이 붙어 있다. 이 병들은 흰색 바탕 위에 진열되어 있으며, 그중 한 병은 뚜껑이 열려 있고 테이블 위에는 살구 잼 한 숟가락이 놓여 있다.","‘Darbo Since 1853’ 잼이 담긴 육각형 유리병 6개가 한 세트로, 각 병에는 녹색 뚜껑이 달려 있고 과일 함량이 70%임을 나타내는 라벨이 붙어 있으며, 흰색 바탕 위에 진열되어 있다. 그중 한 병은 뚜껑이 열려 있고, 테이블 위에는 살구 잼 한 숟가락이 놓여 있다.",reused,ok,ok,ok
bakery,qwen3,5115048,2,bakery/images/kurly_5115048_2.jpg,,"흰색 바탕 위에 놓인, 각각 녹색 뚜껑과 과일 일러스트가 그려진 라벨이 붙은 다르보(Darbo) 잼이 담긴 육각형 유리병 6개 세트입니다. 병에는 라즈베리, 로즈 살구, 야생 블루베리, 정원 딸기, 사워 체리, 그리고 짙은 빨간색 잼 등 다양한 맛이 들어 있습니다. 한 병에는 나무 숟가락이 꽂혀 있고, 다른 한 병의 뚜껑 위에는 숟가락 한 숟가락 분량의 잼이 올려져 있다.","하얀 바탕 위에 다르보(Darbo) 잼이 담긴 육각형 유리병 다섯 개가 놓여 있는데, 각 병에는 녹색 뚜껑이 씌워져 있고 과일 종류와 ‘""70% RICH IN FRUIT""’ 문구가 적힌 라벨이 붙어 있으며, 그중 한 병은 뚜껑이 열려 있고 나무 숟가락이 그 안에 꽂혀 있다.","하얀 바탕 위에 녹색 뚜껑이 달린 다르보(Darbo) 잼이 든 육각형 유리병 여섯 개가 놓여 있는데, 각 병에는 다양한 과일이 그려진 라벨이 붙어 있으며, 그중 한 병은 뚜껑이 열려 있고 안에는 나무 숟가락이 놓여 있다.","다르보(Darbo) 잼이 들어 있는 육각형 유리병 6개가 한 세트로, 각 병에는 녹색 뚜껑이 달려 있고 다양한 과일 일러스트가 그려진 라벨이 붙어 있으며, 밝은 색상의 표면 위에 놓여 있다. 병 중 일부는 뚜껑이 열려 있고, 한 병 안에는 나무 숟가락이 꽂혀 있다.",reused,ok,ok,ok
bakery,qwen3,5116362,1,bakery/images/kurly_5116362_1.jpg,상품-대표-이미지 1,"오설록의 녹차 쿠키 한 상자. 밝은 회색 바탕 위에 흰 접시가 놓여 있고, 그 위에는 정사각형 쿠키 세 개와 반으로 부러진 쿠키 한 개가 담겨 있다.","연두색의 사각형 차 비스킷이, 녹색 다이아몬드 무늬가 들어간 흰색 상자에 담겨 연회색 바탕 위에 진열되어 있으며, 작은 흰색 접시 위에는 비스킷 몇 개가 놓여 있고, 개별 포장된 비스킷이 들어 있는 청록색 상자도 함께 놓여 있다.","‘""Green Tea Longue de Chat,""’로 알려진 연한 녹색의 사각형 차 쿠키는 흰색 상자와 접시 위에 진열되어 있으며, 주변에 몇 조각이 흩어져 있어 신선하고 심플한 느낌을 자아냅니다.","연두색의 사각형 녹차 쿠키가 청록색 뚜껑이 달린 흰색 상자에 깔끔하게 포장되어 연회색 바탕 위에 놓여 있으며, 작은 흰색 접시 위에는 쿠키 몇 개가 담겨 있고, 상자 옆에는 부서진 쿠키 한 조각이 놓여 있다.",reused,ok,ok,ok
bakery,qwen3,5116362,2,bakery/images/kurly_5116362_2.jpg,,"연두색 상자와 포장으로 된 초록색 말차 쿠키 한 상자로, 쿠키 몇 개가 부서져 안쪽의 초록색 속이 드러나 있다.","말차 필링이 들어간 연한 녹색의 사각형 쿠키가 반으로 갈라져 크림처럼 부드러운 녹색 필링이 드러난 채, 흰색 바탕 위에 같은 쿠키가 들어 있는 청록색 상자 옆에 놓여 있다.","부드럽고 푹신한 식감의 연한 녹색 사각형 말차 쿠키가 반으로 갈라져 크림 같은 녹색 속이 드러난 채, 흰색 바탕 위에 같은 쿠키가 들어 있는 청록색 상자 옆에 놓여 있다.","부드럽고 푹신한 식감의 연한 녹색 사각형 말차 쿠키가 반으로 갈라져 크림 같은 녹색 속이 드러난 채, 흰색 바탕 위에 놓여 있으며, 그 옆에는 같은 쿠키가 들어 있는 청록색 상자가 놓여 있고, 포장지에는 ‘""OSULLOC""’라는 브랜드명이 적혀 있다.",reused,ok,ok,ok
bakery,qwen3,5122986,1,bakery/images/kurly_5122986_1.jpg,상품-대표-이미지 1,"크리스피 크림 도넛 한 상자가 밝은 회색 바탕 위에 열려 있는 모습과 닫혀 있는 모습으로 보여지는데, 상자 안에는 황금빛 갈색 도넛 9개가 3×3 격자 모양으로 배열되어 있습니다. 닫혀 있는 상자는 흰색 바탕에 녹색과 빨간색 로고와 검은색 물방울 무늬가 그려져 있습니다.","폴카 도트 무늬와 크리스피 크림 로고가 그려진 흰색 상자 안에, 3×3 격자 모양으로 배열된 황금빛 갈색 도넛 9개가 들어 있다.","폴카 도트 무늬와 크리스피 크림 로고가 그려진 흰색 상자 안에, 3×3 격자 모양으로 배열된 황금빛 갈색 도넛 9개가 들어 있다.","검은색 물방울 무늬가 있는 흰색 상자 안에 황금빛 갈색의 크리스피 크림 도넛 9개가 들어 있으며, 이 상자가 밝은 회색 바탕 위에서 열린 상태와 닫힌 상태로 보여진다.",reused,ok,ok,ok
bakery,qwen3,5122986,2,bakery/images/kurly_5122986_2.jpg,,뚜껑이 열려 있는 크리스피 크림 도넛 상자 안에는 3×3 격자 모양으로 배열된 황금빛 갈색의 글레이즈 도넛 8개가 들어 있다. 상자는 흰색 바탕에 녹색과 빨간색 로고와 점무늬가 그려져 있다.,"밝은 회색 바탕 위에, 폴카 도트 무늬와 크리스피 크림 로고가 새겨진 흰색 상자가 놓여 있으며, 그 안에는 글레이즈 도넛 8개가 들어 있다.","초록색과 빨간색의 크리스피 크림 로고와 물방울 무늬가 그려진 흰색 상자 안에, 황금빛 갈색의 글레이즈 도넛 8개가 들어 있다.","폴카 도트 무늬와 크리스피 크림 로고가 새겨진 흰색 상자 안에, 3×3 격자 모양으로 배열된 황금빛 갈색 글레이즈 도넛 8개가 들어 있다.",reused,ok,ok,ok
bakery,qwen3,5128440,1,bakery/images/kurly_5128440_1.jpg,상품-대표-이미지 1,"나무 도마 위에 슬라이스된 빵 한 덩이가 놓여 있고, 배경에는 포장된 빵 한 덩이가 보인다. 빵은 황금빛 갈색의 겉면과 부드럽고 기공이 많은 속을 가지고 있다.","노릇노릇한 겉면이 돋보이는 슬라이스 빵 한 덩이가 나무 도마 위에 놓여 있고, 배경에는 노란색 밀 이삭 그림이 그려진 포장된 빵 한 덩이가 놓여 있다.","얇게 썬 빵 한 덩어리가 밝은 색의 표면 위에 놓여 있는데, 일부는 나무 도마 위에 있고 나머지는 비닐봉지에 담겨 있다.","밝은 색상의 표면 위에, 나무 도마와 포장된 빵 한 덩이가 배경으로 놓인 채, 썰어 놓은 빵 한 덩이가 진열되어 있다.",reused,ok,ok,ok
bakery,qwen3,5128440,2,bakery/images/kurly_5128440_2.jpg,,"노릇노릇한 껍질이 돋보이는 얇게 썬 흰 빵 한 덩어리가, 밑에 밝은 색의 천을 깔고 나무 도마 위에 가지런히 놓여 있다.","겉은 황금빛 갈색으로 바삭하고 속은 부드럽고 기공이 많은 슬라이스 빵 한 덩이가, 밑에 밝은 색의 천을 깔아둔 나무 도마 위에 놓여 있다.","겉은 황금빛 갈색으로 바삭하고 속은 부드럽고 기공이 많은 슬라이스 빵 한 덩이가, 밑에 밝은 색의 천을 깔아둔 나무 도마 위에 놓여 있다.","옅은 색의 나무 도마 위에, 겉은 노릇노릇하고 속은 부드럽고 기공이 많은 슬라이스 빵 한 덩이가 가지런히 놓여 있다.",reused,ok,ok,ok
bakery,qwen3,5131242,1,bakery/images/kurly_5131242_1.jpg,상품-대표-이미지 1,연두색의 직사각형 접시 위에는 작은 검은 점들(아마도 올리브일 것)이 흩뿌려진 황금빛 갈색의 직사각형 빵 몇 개가 가지런히 놓여 있다. 일부는 잘려 있어 부드럽고 기공이 많은 속살이 드러나 있다. 접시는 연회색 바탕 위에 놓여 있다.,"연두색의 직사각형 접시 위에는 짙은 반점이 있는 황금빛 갈색의 직사각형 빵 몇 개가 놓여 있는데, 그중 일부는 썰어서 접시에 정갈하게 담겨 있다.","연두색 접시 위에는 짙은 반점이 있는 황금빛 갈색의 직사각형 빵 몇 개가 놓여 있으며, 그중 일부는 썰어서 연회색 바탕 위에 정갈하게 배열되어 있다.","연두색의 직사각형 접시 위에는 짙은 반점이 있는 황금빛 갈색의 직사각형 빵 롤이 몇 개 놓여 있으며, 그중 일부는 썰어서 접시 옆에 나란히 놓여 있어 속이 푹신하고 공기가 가득 찬 모습을 뽐내고 있다.",reused,ok,ok,ok
bakery,qwen3,5131242,2,bakery/images/kurly_5131242_2.jpg,,"밝은 회색 바탕 위에, 올리브로 보이는 작은 검은 점들이 흩뿌려진 직사각형의 황금빛 갈색 브레드스틱 한 접시가 놓여 있다. 브레드스틱 하나가 반으로 부러져 있어, 부드럽고 기공이 많은 속이 드러나 있다.","옅은 회색 바탕 위에, 어두운 반점이 흩뿌려진 직사각형의 황금빛 갈색 브레드스틱 한 접시가 놓여 있는데, 그중 일부는 부러져 부드럽고 폭신폭신한 속이 드러나 있다.","밝은 회색 바탕 위에, 겉면이 황금빛 갈색을 띠고 작은 검은 반점이 흩어져 있는 밝은 색의 직사각형 브레드스틱이 통째로 및 썰린 상태로 함께 보여진다.","옅은 색의 직사각형 모양 빵 스틱으로, 표면에 어두운 반점이 흩어져 있으며, 잘린 단면에서도 일부가 보입니다. 이 빵 스틱은 밝은 회색 바탕 위에 놓여 있는데, 접시에는 몇 조각이 담겨 있고, 하나는 반으로 부러져 있습니다.",reused,ok,ok,ok
bakery,qwen3,5132010,1,bakery/images/kurly_5132010_1.jpg,상품-대표-이미지 1,"투명한 플라스틱 쟁반 위에는 둥근 다크 초콜릿 칩 쿠키 12개가 격자 모양으로 가지런히 놓여 있습니다. 그 아래에는 미니멀한 디자인의 흰색 상자가 놓여 있는데, 상자에는 “Real Brownie Cookie”와 한국어로 “리얼 브라우니쿠키”라는 문구가 적혀 있으며, 초콜릿 칩 쿠키와 작은 토끼 캐릭터가 그려진 쿠키 더미 일러스트가 함께 그려져 있다.","투명한 플라스틱 트레이에는 각각 다크 초콜릿 칩이 들어간 밝은 색상의 쿠키 12개가 담겨 있으며, 이 트레이는 토끼와 쿠키 더미 그림이 그려진 ‘""Real Brownie Cookie""’라고 적힌 흰색 상자 위에 진열되어 있다.","작고 둥근 초콜릿 칩 쿠키가 12줄로 진열된 투명한 플라스틱 쟁반이, 쿠키와 작은 토끼 그림이 그려진 ‘""Real Brownie Cookie""’라고 적힌 흰색 상자 위에 놓여 있다.","투명한 플라스틱 트레이에는 초콜릿 칩이 들어간 정사각형 모양의 쿠키 12개가 담겨 있으며, 그 위에는 한국어로 ‘""Real Brownie Cookie""’라고 적힌 흰색 상자가 놓여 있고, 상자에는 쿠키와 토끼 그림이 그려져 있습니다.",reused,ok,ok,ok
bakery,qwen3,5132010,2,bakery/images/kurly_5132010_2.jpg,,"“리얼 브라우니 쿠키” 한 팩으로, 쿠키 한 개와 쿠키 더미를 들고 있는 만화 속 토끼가 그려진 흰색 상자와, 개별 포장된 쿠키가 들어 있는 투명 플라스틱 트레이로 구성되어 있습니다.","투명한 플라스틱 쟁반에는 다크 초콜릿 칩이 들어간 밝은 색상의 쿠키가 개별 포장되어 놓여 있으며, 그 옆에는 한국어로 ‘""Real Brownie Cookie""’라고 적힌 흰색 상자가 놓여 있는데, 상자에는 토끼와 쿠키 더미가 그려져 있다.","투명한 플라스틱 트레이에는 다크 초콜릿 칩이 들어간 밝은 색상의 쿠키 20개가 개별 포장되어 들어 있으며, 그 옆에는 한국어로 ‘""Real Brownie Cookie""’라고 적힌 흰색 상자가 놓여 있는데, 상자에는 귀여운 만화 토끼와 쿠키가 쌓여 있는 일러스트가 그려져 있다.","투명한 플라스틱 트레이에는 다크 초콜릿 칩이 들어간 밝은 색상의 쿠키 20개가 개별 포장되어 들어 있으며, 그 옆에는 한국어로 ‘""Real Brownie Cookie""’라고 적힌 흰색 상자가 놓여 있는데, 상자에는 귀여운 만화 토끼와 쿠키가 쌓여 있는 일러스트가 그려져 있다.",reused,ok,ok,ok
bakery,qwen3,5138995,1,bakery/images/kurly_5138995_1.jpg,상품-대표-이미지 1,"황금빛 갈색 껍질을 띤 흰 빵 한 덩이가 흰 식탁보 위에 놓여 있으며, 그 옆에는 “TAKUMIYA”와 “artisan baking”이라고 적힌 미니멀한 흰색 상자가 놓여 있다. 빵은 부드럽고 기공이 많은 식감을 지녔으며, 껍질에는 작은 로고가 새겨져 있다.","TAKUMIYA의 수제 빵 한 덩어리(직사각형 모양)가 미니멀한 흰색 상자 옆에 흰 천 위에 놓여 있으며, 황금빛 갈색의 겉면과 부드럽고 폭신폭신한 속살이 돋보입니다.","TAKUMIYA의 수제 빵 한 덩어리가, 질감이 느껴지는 회색 바탕 위에 미니멀한 흰색 상자에 담겨 있습니다.","TAKUMIYA의 수제 빵 한 덩이가, 심플한 로고가 새겨진 미니멀한 흰색 상자에 담겨 회색 바탕 위의 흰색 천 위에 놓여 있다.",reused,ok,ok,ok
bakery,qwen3,5138995,2,bakery/images/kurly_5138995_2.jpg,,"황금빛 갈색 껍질이 있는 흰 빵 한 덩어리가 여러 조각으로 잘려 나무 도마 위에 놓여 있다. 빵은 부드럽고 기공이 많은 질감을 띠고 있으며, 연회색 바탕 위에 놓여 있다.","속은 부드럽고 기공이 많으며 겉은 황금빛을 띤 흰 빵 한 덩어리를 여러 조각으로 썰어 나무 도마 위에 올려놓았는데, 빵의 가볍고 폭신폭신한 식감과 도마의 은은하고 자연스러운 나뭇결이 잘 드러나 있다.","황금빛 갈색 껍질이 있는 흰 빵 한 덩어리를 여러 조각으로 썰어 밝은 색의 나무 도마 위에 올려놓은 모습이, 중성적인 회색 배경에 어우러져 있다.","속이 부드럽고 기공이 많은 연한 색의 슬라이스 빵 한 덩어리가 나무 도마 위에 놓여 있으며, 그중 몇 조각은 잘라져 대각선으로 나란히 놓여 있다.",reused,ok,ok,ok
convenience_meals,hyperclovax,1000029142,1,convenience_meals/images/kurly_1000029142_1.jpg,상품-대표-이미지 1,이미지에는 세 개의 샌드위치가 포장된 비닐봉지가 있고 그 옆에 흰색 접시 위에 샌드위치가 놓여 있습니다.,이미지에는 비닐에 싸인 샌드위치 3개가 나란히 놓여 있고 그 옆에는 샌드위치가 담긴 흰색 접시가 있습니다.,이미지에는 비닐로 포장된 샌드위치가 놓인 흰색 접시가 있습니다.,"이미지에는 세 개의 샌드위치가 포장된 비닐봉지가 있고, 그 옆에는 흰색 접시에 샌드위치가 놓여 있습니다.",reused,ok,ok,ok
convenience_meals,hyperclovax,1000029142,2,convenience_meals/images/kurly_1000029142_2.jpg,,이미지에는 세 조각의 삼각형 모양 샌드위치가 있는 모습입니다.,이미지에는 삼각형 모양의 샌드위치 조각이 세 개 놓인 모습입니다.,이미지에는 삼각 모양의 샌드위치가 놓인 모습이 있습니다.,이미지에는 삼각 모양의 샌드위치가 세 개 놓인 모습이 있습니다.,reused,ok,ok,ok
convenience_meals,hyperclovax,1000127954,1,convenience_meals/images/kurly_1000127954_1.jpg,상품-대표-이미지 1,이미지에는 다양한 맛의 버루카로 포장된 스낵들이 있습니다.,이미지에는 다양한 맛의 스낵이 포장된 모습이 있습니다.,이미지에는 다양한 맛의 포장 스낵이 있습니다.,이미지에는 다양한 맛의 포장된 스낵이 있습니다.,reused,ok,ok,ok
convenience_meals,hyperclovax,1000127954,2,convenience_meals/images/kurly_1000127954_2.jpg,,이미지에는 접시 위에 놓인 여러 개의 토르티야 랩이 있습니다.,이미지에는 여러 개의 토르티야 랩이 놓인 모습이 있습니다.,이미지에는 여러 개의 토르티야 랩이 놓인 흰색 접시가 있습니다.,이미지에는 여러 개의 토르티야 랩이 있습니다.,reused,ok,ok,ok
convenience_meals,hyperclovax,1000165839,1,convenience_meals/images/kurly_1000165839_1.jpg,상품-대표-이미지 1,이미지에는 작은공기 1개와 큰 상자 1개가 있습니다.,이미지에는 작은 공기가 6개 들어있는 상자가 있습니다.,"이미지에는 작은 공기와 큰 상자가 있습니다. 작은 공기는 흰색의 원형 용기에 담겨 있으며, 상자는 흰색 바탕에 빨간색 글씨로 '햇반 작은 공기와 큰 상자'라고 적혀 있습니다. 상자 위에는 밥이 담긴 그릇의 이미지가 있고, 상자 앞면 하단에는 '6개입'이라고 적혀 있습니다.",이미지에는 '햇반 작은공기' 상자와 '햇반 작은공기' 공기가 있습니다.,reused,ok,ok,ok
convenience_meals,hyperclovax,1000165839,2,convenience_meals/images/kurly_1000165839_2.jpg,,이미지에는 6개입의 '햇반 작은공기' 즉석밥이 있습니다.,"이미지에는 즉석밥 제품인 '햇반 작은공기'가 6개입으로 포장되어 있으며, 상표명은 따로 기재되어 있지 않습니다.",이미지에는 6개입 햇반 작은공기 즉석밥이 있습니다.,이미지에는 6개입 햇반 작은공기 즉석밥이 있습니다.,reused,ok,ok,ok
convenience_meals,hyperclovax,1000169817,1,convenience_meals/images/kurly_1000169817_1.jpg,상품-대표-이미지 1,이미지에는 흰색의 포장지에 담긴 상온HMR 제품과 상자 형태의 포장재가 놓여 있습니다.,이미지에는 상온에서 보관 가능한 상자에 포장된 '옛날 쌀' 제품이 놓여 있습니다.,"이미지에는 상온에서 보관 가능한 즉석밥 제품 상자가 있으며, 상자에는 '옛날밥'이라는 글자가 적혀 있습니다.",이미지에는 상온에서 보관 가능한 즉석밥 제품 상자와 포장된 즉석밥이 있습니다.,reused,ok,ok,ok
convenience_meals,hyperclovax,1000169817,2,convenience_meals/images/kurly_1000169817_2.jpg,,이미지에는 흰밥이 들어있는 상온HMR 제품들이 있습니다.,"이미지에는 상온에서 보관할 수 있는 흰색의 포장된 밥 제품이 여러 개 쌓여 있고, 그 옆에는 해당 제품의 상자가 놓여 있습니다.","이미지에는 상온에서 보관할 수 있는 '옛날밥'이라는 상표의 즉석밥 제품들이 쌓여 있고, 그 옆에는 상온에서 보관할 수 있는 '옛날밥'이라는 상표의 상온 즉석밥 제품들의 포장 박스가 놓여 있습니다.","이미지에는 상온에서 보관할 수 있는 즉석밥 제품들이 쌓여 있고, 상자에는 해당 제품들의 이름이 적혀 있습니다.",reused,ok,ok,ok
convenience_meals,hyperclovax,1000170826,1,convenience_meals/images/kurly_1000170826_1.jpg,상품-대표-이미지 1,이미지에는 크리미치즈 소시지 핫도그가 놓인 접시가 있습니다.,"이미지에는 소시지와 치즈가 들어간 핫도그가 있으며, 핫도그 위에는 빵가루를 묻혀 튀긴 것으로 보입니다.","이미지에는 소시지가 들어간 핫도그가 있으며, 핫도그 중 하나는 치즈 소시지입니다.",이미지에는 크리미 치즈 소시지 핫도그가 놓인 접시가 있습니다.,reused,ok,ok,ok
convenience_meals,hyperclovax,1000170826,2,convenience_meals/images/kurly_1000170826_2.jpg,,"이미지에는 노란색 배경 위에 놓인 두 개의 접시에 담긴 콘도그가 있습니다. 왼쪽 접시에는 전체 콘도그와 반으로 잘린 콘도그가 놓여 있고, 오른쪽 접시에는 세 개의 콘도그가 놓여 있으며 그 중 한 개는 반으로 잘려 안에 치즈가 흘러나오고 있습니다.","이미지에는 노란색 배경 위에 놓인 두 개의 접시에 담긴 콘도그가 있습니다. 왼쪽 접시에는 반으로 잘린 콘도그가 있고, 오른쪽 접시에는 온전한 콘도그가 놓여 있습니다.","이미지에는 노란색 배경 위에 놓인 두 개의 접시에 담긴 콘도그가 있습니다. 왼쪽 접시에는 반으로 잘린 콘도그가 놓여 있고, 오른쪽 접시에는 온전한 콘도그 세 개가 놓여 있습니다.","이미지에는 노란색 배경 위에 놓인 두 개의 접시에 담긴 콘도그가 있습니다. 왼쪽 접시에는 반으로 잘린 콘도그가 놓여 있고, 오른쪽 접시에는 세 개의 콘도그가 모두 온전한 상태로 놓여 있습니다.",reused,ok,ok,ok
convenience_meals,hyperclovax,1000185462,1,convenience_meals/images/kurly_1000185462_1.jpg,상품-대표-이미지 1,이미지에는 6가지 종류의 냉동 주먹밥 제품이 있습니다.,이미지에는 6가지 종류의 냉동 주먹밥이 있습니다.,이미지에는 6가지 종류의 냉동 주먹밥이 있습니다.,이미지에는 6가지 종류의 냉동 주먹밥 제품이 있습니다.,reused,ok,ok,ok
convenience_meals,hyperclovax,1000185462,2,convenience_meals/images/kurly_1000185462_2.jpg,,이미지에는 6가지 맛의 해반 브랜드 주먹밥 제품이 있습니다.,이미지에는 6가지 맛의 해반 브랜드 주먹밥이 있습니다.,이미지에는 다양한 맛의 주먹밥이 포장된 상품들이 있습니다.,이미지에는 6가지 맛의 해반 브랜드 주먹밥이 있습니다.,reused,ok,ok,ok
convenience_meals,hyperclovax,1000202889,1,convenience_meals/images/kurly_1000202889_1.jpg,상품-대표-이미지 1,이미지에는 흰색의 포장지에 '한반'이라는 브랜드명과 '현제나 홀드큰쌀밥'이라는 제품명이 적혀 있는 상자가 있고 그 옆에는 동일한 상자의 뚜껑과 밥이 담긴 흰색 그릇이 놓여 있습니다.,"이미지에는 흰색의 상자에 포장된 '한반'이라는 브랜드의 '현제나 홀드큰쌀밥'이 있으며, 그 옆에는 동일한 제품의 뚜껑이 열린 용기와 밥이 담긴 흰색 그릇이 놓여 있습니다.",이미지에는 현제나 홀드큰쌀밥 상자와 뚜껑 밥이 놓여 있습니다.,"이미지에는 현제나 홀드큰쌀밥 제품의 상자와 뚜껑, 그리고 밥이 담긴 흰색 그릇이 있습니다.",reused,ok,ok,ok
convenience_meals,hyperclovax,1000202889,2,convenience_meals/images/kurly_1000202889_2.jpg,,이미지에는 햇반 연제나향긋한골든퀴쌀밥 6개입 제품이 있습니다.,이미지에는 '햇반 연제나향긋한골든퀴쌀밥'이라는 상품명과 함께 상품의 포장 박스와 그릇에 담긴 쌀밥의 모습이 있습니다.,"이미지에는 연제 골든 퀴 쌀밥 6개입 제품이 있으며, 상자에는 6개입이라고 적혀 있고, 작은 용기에도 연제 골든 퀴 쌀밥이라고 적혀 있습니다.","이미지에는 쌀밥 6개입 제품과 상자가 보이며, 상자에는 '연제나 골든 퀴 쌀밥'이라고 적혀 있습니다.",reused,ok,ok,ok
convenience_meals,hyperclovax,1000308975,1,convenience_meals/images/kurly_1000308975_1.jpg,상품-대표-이미지 1,이미지에는 99닭강정 포장이 있고 그 옆에는 닭강정 한 조각이 놓인 포크가 있습니다.,"이미지에는 강정 한 봉지와 그 옆 접시에 담긴 강정, 포크가 놓여 있습니다.","이미지에는 윤기 나는 소스에 버무려진 닭강정 한 접시와 포장된 닭강정 한 봉지가 있으며, 포장지에는 '99닭강정'이라는 글자가 적혀 있습니다.",이미지에는 99닭강정이라는 이름의 닭강정 제품이 있으며 포장 옆에는 닭강정 조각과 포크가 놓여 있습니다.,reused,ok,ok,ok
convenience_meals,hyperclovax,1000308975,2,convenience_meals/images/kurly_1000308975_2.jpg,,이미지에는 윤기 나는 양념 치킨이 담긴 접시가 있습니다.,이미지에는 윤기 나는 양념 치킨이 담긴 접시와 포크가 놓여 있습니다.,이미지에는 윤기 나는 양념 치킨이 담긴 접시와 포크가 놓여 있습니다.,이미지에는 윤기 나는 양념 치킨이 담긴 접시와 포크가 놓여 있습니다.,reused,ok,ok,ok
convenience_meals,hyperclovax,1000572062,1,convenience_meals/images/kurly_1000572062_1.jpg,상품-대표-이미지 1,이미지에는 검은색 냄비에 담긴 육개장이 있습니다.,이미지에는 육개장이 담긴 검은색 냄비가 있습니다.,이미지에는 육개장이 담긴 검은색 냄비가 있습니다.,이미지에는 육개장이 담긴 검은색 냄비가 있습니다.,reused,ok,ok,ok
convenience_meals,hyperclovax,1000572062,2,convenience_meals/images/kurly_1000572062_2.jpg,,이미지에는 검은색 냄비에 담긴 소고기 국물 요리가 있습니다.,이미지에는 검은색 냄비에 담긴 소고기 국물 요리가 있습니다.,이미지에는 검은색 냄비에 담긴 소고기 국물 요리가 있습니다.,이미지에는 검은색 냄비에 담긴 소고기 국물 요리가 있습니다.,reused,ok,ok,ok
convenience_meals,hyperclovax,1000619042,1,convenience_meals/images/kurly_1000619042_1.jpg,상품-대표-이미지 1,이미지에는 통새우 만두가 담긴 흰색 접시와 통새우 만두가 그려진 포장지가 있습니다.,이미지에는 통새우 만두가 포장지에 싸여 있고 왼쪽에는 통새우 만두가 놓인 접시가 있습니다.,이미지에는 통새우 만두가 포장된 모습과 함께 조리된 만두가 담긴 접시가 있습니다.,이미지에는 흰색 접시에 담긴 통새우 만두와 그 포장지가 있습니다.,reused,ok,ok,ok
convenience_meals,hyperclovax,1000619042,2,convenience_meals/images/kurly_1000619042_2.jpg,,이미지에는 접시 위에 놓인 새우가 들어간 만두가 있습니다.,이미지에는 구운 새우가 들어간 만두가 하얀 접시 위에 놓여 있습니다.,"이미지에는 접시 위에 놓인 여러 개의 만두가 있으며, 그 중 일부는 새우가 들어있는 것으로 보입니다.",이미지에는 새우가 들어간 만두가 하얀 접시 위에 놓여 있습니다.,reused,ok,ok,ok
convenience_meals,hyperclovax,1000765126,1,convenience_meals/images/kurly_1000765126_1.jpg,상품-대표-이미지 1,이미지에는 접시에 담긴 만두와 만두 포장지가 있습니다.,"이미지에는 포장지에 포장된 만두가 담긴 접시가 보이며, 접시 옆에는 보라색 젓가락과 냅킨이 놓여 있습니다.","이미지에는 구운 만두가 담긴 접시가 보이며, 접시 옆에는 만두 포장지가 놓여 있습니다.","이미지에는 구운 만두가 담긴 접시가 보이며, 접시 옆에는 만두 포장지가 놓여 있습니다.",reused,ok,ok,ok
convenience_meals,hyperclovax,1000765126,2,convenience_meals/images/kurly_1000765126_2.jpg,,이미지에는 접시 위에 놓인 만두가 있습니다.,이미지에는 만두가 있습니다.,,,reused,ok,no_keywords,no_keywords
convenience_meals,hyperclovax,1000811962,1,convenience_meals/images/kurly_1000811962_1.jpg,상품-대표-이미지 1,이미지에는 검은색 프라이팬에 담긴 해산물 요리가 있습니다.,이미지에는 검은색 프라이팬에 담긴 해산물 요리가 있습니다.,이미지에는 검은색 프라이팬에 담긴 해산물 요리가 있습니다.,이미지에는 검은색 프라이팬에 담긴 해산물 요리가 있습니다.,reused,ok,ok,ok
convenience_meals,hyperclovax,1000811962,2,convenience_meals/images/kurly_1000811962_2.jpg,,이미지에는 매콤한 해산물 요리가 담긴 검은색 프라이팬이 있습니다.,이미지에는 검은색 프라이팬에 담긴 해산물 요리가 있습니다.,이미지에는 검은색 프라이팬에 담긴 해산물 요리가 있습니다.,이미지에는 검은색 프라이팬에 담긴 해산물 요리가 있습니다.,reused,ok,ok,ok
convenience_meals,hyperclovax,1000832403,1,convenience_meals/images/kurly_1000832403_1.jpg,상품-대표-이미지 1,이미지에는 햇반 브랜드의 현미밥 상품이 있습니다.,이미지에는 현미밥 상품인 '햇반'이 있습니다.,이미지에는 현미밥 상품이 있습니다.,이미지에는 브랜드 현미밥 상품이 있습니다.,reused,ok,ok,ok
convenience_meals,hyperclovax,1000832403,2,convenience_meals/images/kurly_1000832403_2.jpg,,이미지에는 흰색 그릇에 담긴 밥과 밥을 떠서 들고 있는 나무 숟가락이 있습니다.,"이미지에는 밥이 담긴 그릇이 있으며, 그릇을 들고 있는 나무 숟가락이 있습니다. 숟가락에는 밥이 떠져 있으며, 숟가락을 들고 있는 그릇에는 밥이 가득 담겨 있습니다.",이미지에는 흰색 그릇에 담긴 밥과 나무 숟가락이 있습니다.,"이미지에는 밥이 담긴 흰색 그릇이 보이며, 그릇 위에는 나무 숟가락이 밥을 떠서 들어 올리고 있는 모습입니다.",reused,ok,ok,ok
convenience_meals,hyperclovax,1000942597,1,convenience_meals/images/kurly_1000942597_1.jpg,상품-대표-이미지 1,이미지에는 크림 소스에 버섯과 붉은 고추가 들어간 파스타가 담긴 그릇이 있습니다.,"이미지에는 크림 소스와 붉은 고추, 버섯이 얹어진 파스타가 담긴 그릇이 보라색 천 위에 놓여 있고, 그릇에는 '나나짬뽕'이라는 글자가 적혀 있습니다.","이미지에는 파스타 요리가 담긴 그릇이 보이며, 그릇에는 '나무솥'이라는 글자가 적혀 있습니다. 파스타 위에는 붉은 고추와 버섯이 토핑으로 올라가 있고, 크림 소스가 묻어 있는 것으로 보입니다.","이미지에는 소스가 뿌려진 파스타가 담긴 그릇이 보이며, 그릇에는 '나나냉면'이라는 글씨가 적혀 있습니다.",reused,ok,ok,ok
convenience_meals,hyperclovax,1000942597,2,convenience_meals/images/kurly_1000942597_2.jpg,,이미지에는 크림소스에 버무려진 파스타가 담긴 그릇이 있습니다.,이미지에는 크림소스와 파스타가 담긴 그릇이 있습니다.,이미지에는 크림 소스가 묻은 파스타가 담긴 그릇이 있습니다.,이미지에는 크림 소스가 묻은 파스타가 담긴 그릇이 있습니다.,reused,ok,ok,ok
convenience_meals,hyperclovax,1001150374,1,convenience_meals/images/kurly_1001150374_1.jpg,상품-대표-이미지 1,이미지에는 접시에 담긴 랩과 여러 개의 랩 포장지가 놓여 있습니다.,이미지에는 여러 개의 포장지에 싸인 랩이 담긴 흰색 접시가 있습니다.,이미지에는 여러 개의 포장된 랩과 그 중 일부가 담긴 접시가 있습니다.,이미지에는 여러 개의 포장된 랩과 그 중 일부가 담긴 접시가 있습니다.,reused,ok,ok,ok
convenience_meals,hyperclovax,1001150374,2,convenience_meals/images/kurly_1001150374_2.jpg,,이미지에는 세 개의 랩이 담긴 접시가 있습니다.,이미지에는 세 개의 랩이 담긴 접시가 있습니다.,이미지에는 세 개의 랩이 접시에 담겨 있습니다.,이미지에는 세 개의 랩이 담긴 접시가 있습니다.,reused,ok,ok,ok
convenience_meals,hyperclovax,1001191650,1,convenience_meals/images/kurly_1001191650_1.jpg,상품-대표-이미지 1,이미지에는 다양한 종류의 쌀과자 패키지와 그 제품들이 담긴 접시가 있습니다.,"이미지에는 쌀로 만든 과자 종류가 여러 개 있으며, 각각의 과자는 패키지에 담겨 있고, 패키지에는 제품명이 적혀 있습니다.",이미지에는 다양한 종류의 쌀 과자 패키지가 보라색 배경 위에 놓여 있습니다.,이미지에는 다양한 종류의 쌀 과자 패키지가 보라색 배경 위에 놓여 있습니다.,reused,ok,ok,ok
convenience_meals,hyperclovax,1001191650,2,convenience_meals/images/kurly_1001191650_2.jpg,,이미지에는 다양한 맛의 곤약 젤리 제품이 포장된 모습이 있습니다.,"이미지에는 곤약 젤리로 포장된 제품이 여러 개 있으며, 각각의 포장에는 제품의 이름과 맛, 그리고 젤리 형태의 모습이 나타나 있습니다.",이미지에는 곤약 젤리 제품이 포장된 모습과 실제 제품이 놓인 접시가 있습니다.,"이미지에는 곤약 젤리 제품이 있으며, 포장에는 '다양 맛 곤약'이라고 적혀 있고, 젤리 제품은 포장된 모습과 실제 제품이 잘려진 모습으로 나타나 있습니다.",reused,ok,ok,ok
convenience_meals,hyperclovax,1001207466,1,convenience_meals/images/kurly_1001207466_1.jpg,상품-대표-이미지 1,이미지에는 조리된 닭갈비가 담긴 냄비와 닭갈비 재료가 담긴 포장 상자가 있습니다.,"이미지 속 음식은 닭갈비이며, 닭갈비는 닭고기와 각종 채소를 매콤하게 조리하여 먹는 한국의 전통 음식입니다.",이미지에는 닭갈비 재료가 담긴 포장 상자와 닭갈비가 담긴 냄비 그리고 닭갈비 조각이 담긴 접시가 있습니다.,이미지에는 닭갈비 재료가 담긴 냄비와 닭갈비 재료가 담긴 포장 용기가 놓인 모습이 있습니다.,reused,ok,ok,ok
convenience_meals,hyperclovax,1001207466,2,convenience_meals/images/kurly_1001207466_2.jpg,,이미지에는 다양한 재료가 들어간 매콤해 보이는 국물 요리가 담긴 냄비가 있습니다.,이미지에는 다양한 재료가 들어간 국물 요리가 담긴 냄비가 있습니다.,"이미지에는 다양한 재료가 들어간 국물 요리가 담긴 냄비가 보이며, 국물은 빨간색으로 매운맛이 나는 것으로 보입니다.",이미지에는 다양한 재료가 들어간 매콤한 국물 요리가 담긴 냄비가 있습니다.,reused,ok,ok,ok
convenience_meals,hyperclovax,1001207695,1,convenience_meals/images/kurly_1001207695_1.jpg,상품-대표-이미지 1,이미지에는 한우수보로주먹밥이 있습니다.,이미지에는 한우수보로주먹밥이 있습니다.,이미지에는 한우수보 주먹밥이 있습니다.,이미지에는 한우수보주먹밥이 있습니다.,reused,ok,ok,ok
convenience_meals,hyperclovax,1001207695,2,convenience_meals/images/kurly_1001207695_2.jpg,,이미지에는 한우리가 만든 한우수보로주먹밥이 있습니다.,"이미지에는 갈색 바탕에 회색 접시 위에 삼각형 모양의 한우가 아낌없이 들어간 주먹밥이 놓여 있고, 오른쪽에는 한 우 소보로 주먹밥이라고 적힌 포장지가 있습니다.","이미지에는 갈색 바탕 위에 회색 접시에 담긴 보 주먹밥과 보 주먹밥이 들어있는 포장지, 그리고 보 주먹밥이 들어있는 포장지 아래에 놓인 보라색 바탕 위에 놓인 보 주먹밥 패키지가 있습니다.","이미지에는 갈색 바탕 위에 회색 접시에 담긴 삼각형 모양의 주먹밥과 검은색 패키지에 담긴 주먹밥, 그리고 연두색 패키지에 '한우보주먹밥'이라고 적힌 제품이 놓여 있습니다.",reused,ok,ok,ok
convenience_meals,hyperclovax,1001401863,1,convenience_meals/images/kurly_1001401863_1.jpg,상품-대표-이미지 1,이미지에는 김치가 들어간 볶음밥이 담긴 그릇이 있습니다.,이미지에는 볶음밥이 담긴 그릇과 그릇 뒤에 있는 요리책이 있습니다.,이미지에는 볶음밥이 담긴 그릇과 그릇 옆에 있는 요리책이 있습니다.,이미지에는 볶음밥이 담긴 그릇과 그릇 뒤에 있는 요리책이 있습니다.,reused,ok,ok,ok
convenience_meals,hyperclovax,1001401863,2,convenience_meals/images/kurly_1001401863_2.jpg,,이미지에는 밥과 김치가 섞인 볶음밥이 담긴 흰색 그릇이 있습니다.,이미지에는 흰색 그릇에 담긴 김치 볶음밥이 있습니다.,이미지에는 흰색 접시에 담긴 김치 섞이다 볶음밥이 있습니다.,이미지에는 흰색 그릇에 담긴 김치 볶음밥이 있습니다.,reused,ok,ok,ok
convenience_meals,hyperclovax,1001422945,1,convenience_meals/images/kurly_1001422945_1.jpg,상품-대표-이미지 1,이미지에는 미미네 엣날떡볶이 한 팩과 그릇에 담긴 떡볶이가 있습니다.,이미지에는 미미네 엣날떡볶이 팩이 있고 그 옆에는 떡볶이가 담긴 그릇이 있습니다.,이미지에는 미미네 엣날떡볶이 팩과 그 안에 담긴 떡볶이가 있습니다.,이미지에는 미미네 엣날떡볶이 팩이 있고 그 옆에는 엣날떡볶이가 담긴 접시가 있습니다.,reused,ok,ok,ok
convenience_meals,hyperclovax,1001422945,2,convenience_meals/images/kurly_1001422945_2.jpg,,이미지에는 빨간 소스에 버무려진 떡볶이가 있습니다.,이미지에는 떡볶이가 있습니다.,이미지에는 떡볶이가 담긴 그릇이 있습니다.,이미지에는 빨간 소스에 버무린 떡볶이가 있습니다.,reused,ok,ok,ok
convenience_meals,hyperclovax,1001485256,1,convenience_meals/images/kurly_1001485256_1.jpg,상품-대표-이미지 1,이미지에는 골든콘샌드밥 210g 6개입 상자가 있습니다.,이미지에는 상자 모양의 포장지에 '해찬가 골든콘샌드밥 210g 6개입'이라고 적혀 있습니다.,이미지에는 골든콘샌드밥 210g 6개입 상자가 있습니다.,이미지에는 골든콘샌드밥 210g 6개입 상자가 있습니다.,reused,ok,ok,ok
convenience_meals,hyperclovax,1001485256,2,convenience_meals/images/kurly_1001485256_2.jpg,,이미지에는 햇반 연제나향긋한골든퀴쌀밥 6개입 상품이 있습니다.,"이미지에는 연제나 쌀밥이 담긴 흰색 플라스틱 용기와 상자가 보이며, 상자에는 '연제나 쌀밥'이라는 글자가 크게 적혀 있습니다.",이미지에는 연제 골든 퀴 쌀밥 6개입 상품이 있습니다.,"이미지에는 6개입 쌀밥 상품이 있습니다. 상단에는 '연제나 골든 퀴 쌀밥'이라고 적혀 있고, 하단에는 '햇반'이라고 적혀 있습니다.",reused,ok,ok,ok
convenience_meals,hyperclovax,1001502057,1,convenience_meals/images/kurly_1001502057_1.jpg,상품-대표-이미지 1,이미지에는 새우 볶음밥이 담긴 그릇과 작은 그릇에 담긴 반찬이 놓인 식탁이 있습니다.,이미지에는 식탁 위에 놓인 볶음밥과 작은 그릇에 담긴 반찬이 있습니다.,이미지에는 새우 볶음밥이 담긴 그릇과 작은 그릇에 담긴 반찬이 놓인 식탁이 있습니다.,이미지에는 새우 볶음밥이 담긴 그릇과 작은 그릇에 담긴 반찬이 놓인 식탁이 있습니다.,reused,ok,ok,ok
convenience_meals,hyperclovax,1001502057,2,convenience_meals/images/kurly_1001502057_2.jpg,,이미지에는 밥 위에 새우와 채소가 올려져 있는 요리가 있습니다.,"이미지에는 밥과 채소, 새우가 들어간 요리 한 그릇이 있습니다.",이미지에는 밥 위에 새우와 채소가 올려져 있는 요리입니다.,"이미지에는 밥과 새우, 채소가 들어간 채소 올리다 요리 한 그릇이 있습니다.",reused,ok,ok,ok
convenience_meals,hyperclovax,1001529704,1,convenience_meals/images/kurly_1001529704_1.jpg,상품-대표-이미지 1,이미지에는 튀긴 치킨이 담긴 접시가 있습니다.,이미지에는 튀긴 닭고기 요리가 담긴 접시가 있습니다.,이미지에는 튀긴 치킨이 담긴 접시가 있고 그 옆에는 치킨 패키지가 놓여 있습니다.,이미지에는 튀긴 치킨이 담긴 접시가 있습니다.,reused,ok,ok,ok
convenience_meals,hyperclovax,1001529704,2,convenience_meals/images/kurly_1001529704_2.jpg,,이미지에는 튀김옷을 입힌 닭튀김 요리가 담긴 접시가 있습니다.,이미지에는 튀긴 닭 요리가 담긴 접시가 있습니다.,이미지에는 튀긴 닭 요리가 담긴 접시가 있습니다.,이미지에는 튀긴 닭 요리가 담긴 접시가 있습니다.,reused,ok,ok,ok
convenience_meals,hyperclovax,1001706193,1,convenience_meals/images/kurly_1001706193_1.jpg,상품-대표-이미지 1,이미지에는 매콤해 보이는 해산물 요리가 담긴 냄비가 있습니다.,"이미지에는 해산물이 들어간 매운탕이 담긴 냄비가 있고, 그 옆에는 고추와 파가 담긴 작은 그릇이 있으며, 그 위에는 요리책이 놓여 있습니다.",이미지에는 해산물이 들어간 매운탕이 담긴 냄비가 있습니다.,이미지에는 해산물이 들어간 매운탕이 담긴 냄비가 있습니다.,reused,ok,ok,ok
convenience_meals,hyperclovax,1001706193,2,convenience_meals/images/kurly_1001706193_2.jpg,,이미지에는 검은색 뚝배기에 담긴 해산물 요리가 있습니다.,"이미지에는 해산물이 들어간 빨간 국물 요리가 뚝배기에 담겨 있고, 그 옆에는 붉은 고추가 담긴 작은 그릇과 나무 숟가락이 놓여 있는 모습입니다.",이미지에는 해산물 요리가 담긴 검은색 뚝배기가 있습니다.,"이미지에는 해산물이 들어간 매콤한 국물 요리가 검은색 뚝배기에 담겨 있고, 그 옆에는 붉은 고추와 파가 담긴 작은 그릇이 있으며, 뚝배기 옆에는 나무 숟가락이 놓여 있는 모습입니다.",reused,ok,ok,ok
convenience_meals,hyperclovax,1001837821,1,convenience_meals/images/kurly_1001837821_1.jpg,상품-대표-이미지 1,이미지에는 갈색 소스에 조리된 소고기 조각과 으깬 감자가 담긴 흰색 접시가 있습니다.,이미지에는 갈색의 조리된 소고기 조각과 으깬 감자가 담긴 흰색 접시가 있습니다.,"이미지에는 소고기 조각이 담긴 접시가 있으며, 접시 옆에는 으깬 감자가 놓여 있습니다.",이미지에는 흰색 접시에 갈색 소스에 조리된 소고기 조각과 으깬 감자가 담겨 있습니다.,reused,ok,ok,ok
convenience_meals,hyperclovax,1001837821,2,convenience_meals/images/kurly_1001837821_2.jpg,,이미지에는 갈색 소스에 조리된 소고기 조각과 으깬 감자가 담긴 접시가 있습니다.,이미지에는 갈색의 조리된 소고기 조각과 으깬 감자가 담긴 흰색 접시가 있습니다.,이미지에는 흰 접시에 담긴 갈색 소스가 묻은 소고기 조각과 으깬 감자가 있습니다.,이미지에는 갈색 소스로 조리된 소고기 조각과 으깬 감자가 담긴 접시가 있습니다.,reused,ok,ok,ok
convenience_meals,hyperclovax,1001861172,1,convenience_meals/images/kurly_1001861172_1.jpg,상품-대표-이미지 1,이미지에는 두 개의 그릇에 담긴 매운 국물 요리가 있습니다.,"이미지에는 두 개의 그릇에 담긴 국물 요리가 있습니다. 그릇은 붉은색과 흰색 무늬가 있으며, 국물은 붉은색으로 보이며 면과 버섯 등의 재료가 들어있습니다.","이미지에는 두 개의 그릇에 담긴 국물 요리가 있습니다. 그릇에는 면과 버섯, 고기 등의 재료가 들어 있으며 붉은색 국물이 특징입니다.","이미지에는 두 개의 그릇에 담긴 국물 요리가 있습니다. 그릇은 전통적인 무늬가 그려져 있으며, 국물은 붉은색으로 보이며 면과 버섯 등의 재료가 들어있습니다.",reused,ok,ok,ok
convenience_meals,hyperclovax,1001861172,2,convenience_meals/images/kurly_1001861172_2.jpg,,"이미지에는 붉은 국물에 면과 다양한 채소, 고기가 들어간 음식이 담긴 그릇이 있습니다.","붉은색 국물에 면과 채소, 고기가 들어간 음식입니다.",이미지에는 붉은 국물에 면과 다양한 채소가 들어간 음식이 담긴 그릇이 있습니다.,"이미지에는 붉은 국물에 면과 채소, 고기가 들어간 음식이 담긴 그릇과 젓가락이 놓여 있습니다.",reused,ok,ok,ok
convenience_meals,hyperclovax,1001866269,1,convenience_meals/images/kurly_1001866269_1.jpg,상품-대표-이미지 1,이미지에는 다양한 재료가 담긴 그릇이 있습니다.,이미지에는 다양한 재료가 담긴 그릇이 있습니다.,이미지에는 다양한 재료가 담긴 그릇이 있습니다.,이미지에는 다양한 재료가 담긴 그릇이 있습니다.,reused,ok,ok,ok
convenience_meals,hyperclovax,1001866269,2,convenience_meals/images/kurly_1001866269_2.jpg,,이미지에는 다양한 재료가 담긴 한국식 전골 요리가 있습니다.,"이미지에는 한국식 전골 요리가 있습니다. 전골은 다양한 재료로 구성되어 있으며, 그릇에 담겨져 있습니다.","이미지에는 한국식 전골 요리가 담긴 그릇이 있습니다. 그릇에는 다양한 재료가 담겨 있으며, 그릇 옆에는 소스가 담긴 작은 그릇 두 개가 놓여 있습니다.","이미지에는 한국식 전골 요리가 담긴 그릇이 있습니다. 그릇에는 다양한 재료가 담겨 있으며, 그릇 옆에는 소스가 담긴 작은 그릇 두 개가 놓여 있습니다.",reused,ok,ok,ok
convenience_meals,hyperclovax,1001929136,1,convenience_meals/images/kurly_1001929136_1.jpg,상품-대표-이미지 1,이미지에는 윤기가 나는 갈색 소스가 뿌려진 튀김 요리가 담긴 접시가 있습니다.,이미지에는 윤기가 나는 갈색의 튀긴 음식이 담긴 접시와 젓가락이 놓여 있습니다.,이미지에는 윤기 나는 갈색 소스가 뿌려진 튀김 요리가 담긴 접시와 젓가락이 놓여 있습니다.,이미지에는 갈색 소스를 뿌린 튀김 요리가 담긴 접시와 젓가락이 놓여 있습니다.,reused,ok,ok,ok
convenience_meals,hyperclovax,1001929136,2,convenience_meals/images/kurly_1001929136_2.jpg,,이미지에는 윤기 나는 소스가 뿌려진 튀김 요리가 담긴 접시가 있습니다.,이미지에는 윤기가 나는 튀김 요리가 담긴 접시가 있습니다.,이미지에는 윤기 나는 소스가 뿌려진 튀김 요리가 담긴 접시가 있습니다.,이미지에는 윤기 나는 소스가 뿌려진 튀김 요리가 담긴 접시가 있습니다.,reused,ok,ok,ok
convenience_meals,hyperclovax,1001931649,1,convenience_meals/images/kurly_1001931649_1.jpg,상품-대표-이미지 1,이미지에는 튀긴 치킨너겟이 담긴 접시가 있습니다.,"이미지에는 튀긴 치킨너겟이 담긴 접시가 있고, 그 옆에는 케첩이 담긴 작은 그릇과 포크가 놓여 있습니다.","이미지에는 튀긴 치킨너겟이 담긴 접시와 케첩이 담긴 작은 그릇, 그리고 포장지가 놓여 있습니다.","이미지에는 튀긴 치킨너겟이 담긴 접시와 케첩이 담긴 작은 그릇, 그리고 포장지가 놓여 있는 모습입니다.",reused,ok,ok,ok
convenience_meals,hyperclovax,1001931649,2,convenience_meals/images/kurly_1001931649_2.jpg,,이미지에는 종이 위에 놓인 튀긴 치킨 너겟이 담긴 접시가 있습니다.,이미지에는 종이 위에 놓인 튀긴 치킨 너겟이 담긴 접시가 있습니다.,"이미지에는 종이 위에 종이 접시에 담긴 튀긴 치킨 너겟과 왼쪽에 케첩이 담긴 작은 그릇, 그리고 포크가 놓인 갈색 천이 있습니다.",이미지에는 종이 위에 놓인 튀긴 치킨 너겟이 담긴 접시가 있습니다.,reused,ok,ok,ok
convenience_meals,hyperclovax,1001946226,1,convenience_meals/images/kurly_1001946226_1.jpg,상품-대표-이미지 1,이미지에는 밥 위에 시금치나물 반찬이 올려져 있는 모습입니다.,이미지에는 시금치나물이 담긴 그릇과 시금치나물 반찬이 적힌 포장지가 있습니다.,이미지에는 시금치 나물이 담긴 그릇과 시금치 나물 반찬이 들어 있는 포장지가 있습니다.,이미지에는 밥 위에 시금치 나물 반찬이 올려져 있는 모습입니다.,reused,ok,ok,ok
convenience_meals,hyperclovax,1001946226,2,convenience_meals/images/kurly_1001946226_2.jpg,,이미지에는 밥 위에 시금치나물 무침이 담긴 접시와 참기름과 깨가 뿌려진 양념장이 놓여 있습니다.,이미지에는 참기름과 깨를 넣은 나물 무침이 담긴 그릇과 양념장이 놓인 모습이 있습니다.,이미지에는 참기름을 뿌린 나물 무침이 담긴 그릇과 양념장이 놓인 작은 그릇이 있습니다.,이미지에는 참기름과 깨를 뿌린 시금치 나물 무침이 담긴 접시와 양념장이 놓인 작은 그릇이 있습니다.,reused,ok,ok,ok
convenience_meals,hyperclovax,1002066864,1,convenience_meals/images/kurly_1002066864_1.jpg,상품-대표-이미지 1,이미지에는 빨간색 소스가 묻어 있는 면 요리가 담긴 그릇이 있습니다.,이미지에는 빨간색 면 요리가 담긴 그릇이 있습니다.,"이미지에는 면 요리가 담긴 그릇이 있습니다. 그릇에는 빨간색 소스가 묻어 있고 면과 함께 소스에 버무려져 있습니다. 그릇은 흰색이며 손잡이가 달려 있고 그릇 위에는 ""푸드링""이라는 글자가 적혀 있습니다. 그릇 옆에는 검은색 젓가락이 놓여 있고 젓가락은 빨간색 천 위에 놓여 있습니다.",이미지에는 빨간색 소스가 묻어있는 면 요리가 담긴 그릇과 젓가락이 놓인 모습입니다.,reused,ok,ok,ok
convenience_meals,hyperclovax,1002066864,2,convenience_meals/images/kurly_1002066864_2.jpg,,이미지에는 퓨전 짬뽕&피자라는 이름의 음식이 담긴 그릇이 있습니다.,이미지에는 퓨전 짬뽕&피자라는 이름의 음식이 담긴 그릇이 있습니다.,이미지에는 퓨전 짬뽕이라는 이름의 음식이 담긴 그릇이 있습니다.,이미지에는 퓨전 짬뽕 피자라는 이름의 음식이 담긴 그릇이 있습니다.,reused,ok,ok,ok
convenience_meals,hyperclovax,1002309661,1,convenience_meals/images/kurly_1002309661_1.jpg,상품-대표-이미지 1,이미지에는 빨간 소스에 버무려진 닭고기 요리가 담긴 접시가 있습니다.,"이미지에는 닭고기와 버섯, 채소 등을 소스에 버무려 요리한 음식을 담을 수 있는 그릇이 있습니다.",이미지에는 소스에 버무린 닭고기 요리가 담긴 접시가 있습니다.,이미지에는 소스를 버무린 닭고기 요리가 담긴 접시가 있습니다.,reused,ok,ok,ok
convenience_meals,hyperclovax,1002309661,2,convenience_meals/images/kurly_1002309661_2.jpg,,이미지에는 빨간 소스에 버무려진 닭고기 요리가 담긴 그릇이 있습니다.,"이미지에는 닭고기와 버섯, 채소 등을 소스에 버무려 요리한 음식이 담긴 그릇이 있습니다.",이미지에는 소스 버무린 닭고기 요리가 담긴 그릇이 있습니다.,이미지에는 소스 버무린 닭고기 요리가 담긴 그릇이 있습니다.,reused,ok,ok,ok
convenience_meals,hyperclovax,1002347378,1,convenience_meals/images/kurly_1002347378_1.jpg,상품-대표-이미지 1,이미지에는 접시 위에 놓인 샌드위치와 포장된 샌드위치 제품이 있습니다.,이미지에는 포장된 샌드위치가 담긴 접시가 있습니다.,이미지에는 포장 샌드위치가 담긴 접시가 있습니다.,이미지에는 포장 샌드위치 제품이 놓인 모습이 있습니다.,reused,ok,ok,ok
convenience_meals,hyperclovax,1002347378,2,convenience_meals/images/kurly_1002347378_2.jpg,,이미지에는 접시 위에 놓인 샌드위치가 있습니다.,이미지에는 샌드위치가 있습니다.,,,reused,ok,no_keywords,no_keywords
convenience_meals,hyperclovax,1002361676,1,convenience_meals/images/kurly_1002361676_1.jpg,상품-대표-이미지 1,이미지에는 인도식 커리와 난이 나와 있습니다.,이미지에는 인도식 커리와 난이 나와 있습니다.,이미지에는 인도식 커리 난이 함께 제공되는 커리 요리가 있습니다.,이미지에는 인도식 커리와 난이 나와 있습니다.,reused,ok,ok,ok
convenience_meals,hyperclovax,1002361676,2,convenience_meals/images/kurly_1002361676_2.jpg,,이미지에는 인도식 카레 요리가 담긴 냄비가 있습니다.,"이미지에는 인도 카레가 담긴 냄비가 있으며, 카레 위에는 인도 빵인 난이 올려져 있습니다.","이미지에는 인도식 카레 요리가 담긴 냄비가 있으며, 카레 요리 위에는 인도식 빵인 난이 올려져 있습니다.","이미지에는 인도식 카레 요리가 담긴 냄비가 있으며, 카레 요리 옆에는 빵이 놓여 있습니다.",reused,ok,ok,ok
convenience_meals,hyperclovax,1002382999,1,convenience_meals/images/kurly_1002382999_1.jpg,상품-대표-이미지 1,"이미지에는 두부, 파, 고기 등이 들어간 국물 요리가 그릇에 담겨 있습니다.","이미지에는 두부와 파, 고기가 들어간 국물 요리 그릇이 있습니다.","이미지에는 두부와 파, 고기가 들어간 국물 요리가 담긴 그릇과 그릇 옆에 놓인 나무 숟가락이 있습니다.","이미지에는 두부와 고기, 파가 들어간 국물 요리가 그릇에 담겨 있습니다.",reused,ok,ok,ok
convenience_meals,hyperclovax,1002382999,2,convenience_meals/images/kurly_1002382999_2.jpg,,"이미지에는 두부와 고기, 파를 넣은 국물 요리가 담긴 그릇이 있습니다.","이미지에는 두부와 고기, 파가 들어간 국물 요리가 담긴 그릇이 있습니다.","이미지에는 두부와 고기, 파를 넣은 국물 요리가 담긴 그릇이 있습니다.","이미지에는 두부와 고기, 파를 넣은 국물 요리가 담긴 그릇이 있습니다.",reused,ok,ok,ok
convenience_meals,hyperclovax,5009669,1,convenience_meals/images/kurly_5009669_1.jpg,상품-대표-이미지 1,이미지에는 다양한 재료가 들어있는 샐러드가 담긴 용기들이 있습니다.,이미지에는 다양한 재료가 들어있는 샐러드가 담긴 용기들이 있습니다.,이미지에는 다양한 재료가 들어있는 샐러드가 담긴 용기들이 있습니다.,이미지에는 다양한 재료가 들어있는 샐러드가 담긴 용기들이 있습니다.,reused,ok,ok,ok
convenience_meals,hyperclovax,5009669,2,convenience_meals/images/kurly_5009669_2.jpg,,이미지에는 네 개의 접시에 담긴 다양한 샐러드가 있습니다.,"이미지에는 네 개의 접시에 각각 다른 종류의 샐러드가 담겨 있으며, 각각의 샐러드는 다양한 재료로 구성되어 있습니다.","이미지에는 네 개의 접시에 각각 다른 종류의 샐러드가 담겨 있으며, 각각의 샐러드에는 다양한 재료가 포함되어 있습니다.",이미지에는 다양한 샐러드가 네 접시에 담겨 있는 모습입니다.,reused,ok,ok,ok
convenience_meals,hyperclovax,5037794,1,convenience_meals/images/kurly_5037794_1.jpg,상품-대표-이미지 1,이미지에는 검은색 접시 위에 놓인 노릇노릇하게 구워진 전이 있습니다.,"이미지에는 검은색 접시 위에 노릇노릇하게 구워진 전이 담겨 있으며, 전 옆에는 나무젓가락이 놓여 있습니다.",이미지에는 검은색 접시 위에 놓인 노릇노릇하게 구워진 전이 있습니다.,이미지에는 검은색 접시 위에 놓인 노릇노릇하게 부친 전이 있습니다.,reused,ok,ok,ok
convenience_meals,hyperclovax,5037794,2,convenience_meals/images/kurly_5037794_2.jpg,,이미지에는 검은색 접시에 담긴 노릇하게 구워진 전이 있습니다.,이미지에는 검은색 접시에 담긴 전이 있습니다.,이미지에는 검은색 접시에 담긴 전이 있습니다.,이미지에는 검은색 접시에 담긴 전이 있습니다.,reused,ok,ok,ok
convenience_meals,hyperclovax,5049405,1,convenience_meals/images/kurly_5049405_1.jpg,상품-대표-이미지 1,이미지에는 접시에 담긴 요리가 있습니다.,이미지에는 접시에 담긴 요리가 있습니다.,이미지에는 접시에 담긴 요리가 있습니다.,,reused,ok,ok,no_keywords
convenience_meals,hyperclovax,5049405,2,convenience_meals/images/kurly_5049405_2.jpg,,이미지에는 접시에 담긴 닭고기 요리가 있습니다.,이미지에는 닭고기와 야채가 들어간 요리가 담긴 그릇이 있습니다.,이미지에는 접시에 담긴 닭고기 요리가 있습니다.,이미지에는 담기다 닭고기 요리가 있습니다.,reused,ok,ok,ok
convenience_meals,hyperclovax,5050290,1,convenience_meals/images/kurly_5050290_1.jpg,상품-대표-이미지 1,이미지에는 매콤한 양념에 버무린 닭고기 요리가 담긴 그릇이 있습니다.,이미지에는 매콤한 양념으로 버무린 닭고기 요리가 담긴 그릇이 있습니다.,이미지에는 매콤한 양념으로 버무린 닭고기 요리가 담긴 그릇이 있습니다.,이미지에는 매콤한 양념에 버무린 닭고기 요리가 담긴 그릇이 있습니다.,reused,ok,ok,ok
convenience_meals,hyperclovax,5050290,2,convenience_meals/images/kurly_5050290_2.jpg,,이미지에는 매콤한 양념에 버무려진 닭고기 요리가 담긴 그릇이 있습니다.,이미지에는 매콤한 양념으로 버무린 닭고기 요리가 담긴 그릇이 있습니다.,이미지에는 매콤한 양념으로 버무린 닭고기 요리가 담긴 그릇이 있습니다.,이미지에는 매콤한 양념으로 버무린 닭고기 요리가 담긴 그릇이 있습니다.,reused,ok,ok,ok
convenience_meals,hyperclovax,5060255,1,convenience_meals/images/kurly_5060255_1.jpg,상품-대표-이미지 1,이미지에는 흰색 그릇에 담긴 짙은 갈색 소스에 버무린 고기와 노란색 면이 있는 음식이 있습니다.,이미지에는 짙은 갈색 소스에 조리된 음식과 면이 담긴 그릇이 있습니다.,이미지에는 짙은 갈색 소스에 버무린 고기와 면이 담긴 그릇이 있습니다.,이미지에는 짙은 갈색 소스에 버무린 고기와 면이 담긴 그릇이 있습니다.,reused,ok,ok,ok
convenience_meals,hyperclovax,5060255,2,convenience_meals/images/kurly_5060255_2.jpg,,이미지에는 그릇에 담긴 짜장면이 있습니다.,이미지에는 짜장면이 담긴 그릇이 있습니다.,이미지에는 짜장면이 담긴 그릇이 있습니다.,,reused,ok,ok,no_keywords
convenience_meals,hyperclovax,5063596,1,convenience_meals/images/kurly_5063596_1.jpg,상품-대표-이미지 1,"이미지에는 빨간색 뚜껑이 달린 여러 개의 그라놀라 제품이 나란히 놓여 있습니다. 각 제품에는 'Granola House'라는 브랜드명과 함께 '그라놀라'라는 제품명이 적혀 있으며, 그 아래에는 다양한 맛의 이름이 적혀 있습니다.","이미지에는 그라놀라 제품 여섯 개가 나란히 놓여 있습니다. 각 제품에는 빨간색 뚜껑과 함께 그라놀라 하우스라는 브랜드명이 적혀 있으며, 그 아래에는 다양한 맛의 이름이 적혀 있습니다.","이미지에는 그라놀라 제품이 나란히 배치되어 있으며, 각 제품에는 'Granola_House' 브랜드의 로고가 붙어 있습니다.","이미지에는 그라놀라 제품이 나란히 배치되어 있으며, 각 제품에는 'Granola_House'라는 브랜드 명과 그라놀라 제품명, 그리고 다양한 맛의 이름이 적혀 있습니다.",reused,ok,ok,ok
convenience_meals,hyperclovax,5063596,2,convenience_meals/images/kurly_5063596_2.jpg,,이미지에는 네 개의 그릇에 담긴 다양한 종류의 그래놀라가 있습니다.,이미지에는 네 개의 그릇에 각각 다른 종류의 그래놀라가 담겨 있습니다.,이미지에는 네 개의 그릇에 각각 다른 종류의 그래놀라가 담겨 있습니다.,이미지에는 네 개의 그릇에 각각 다른 종류의 그래놀라가 담겨 있습니다.,reused,ok,ok,ok
convenience_meals,hyperclovax,5066426,1,convenience_meals/images/kurly_5066426_1.jpg,상품-대표-이미지 1,이미지에는 테스티 브랜드의 다양한 샐러드 팩이 나란히 배열되어 있습니다.,이미지에는 다양한 종류의 테스티 샐러드 팩이 나란히 배열되어 있습니다.,이미지에는 테스티 브랜드의 다양한 샐러드 팩이 나란히 배열되어 있습니다.,이미지에는 다양한 종류의 샐러드가 포장된 팩들이 나란히 배열되어 있습니다.,reused,ok,ok,ok
convenience_meals,hyperclovax,5066426,2,convenience_meals/images/kurly_5066426_2.jpg,,이미지에는 다양한 재료로 구성된 여러 개의 샐러드 용기가 나란히 배열되어 있습니다.,이미지에는 여러 개의 용기에 담긴 샐러드가 나란히 배열되어 있습니다.,"이미지에는 여러 개의 샐러드 용기가 나란히 놓여 있으며, 각 용기에는 다양한 재료로 구성된 샐러드가 들어 있습니다.","이미지에는 여러 개의 샐러드 용기가 나란히 배열되어 있으며, 각 용기에는 다양한 재료로 구성된 샐러드가 들어 있습니다.",reused,ok,ok,ok
convenience_meals,hyperclovax,5072582,1,convenience_meals/images/kurly_5072582_1.jpg,상품-대표-이미지 1,이미지에는 달걀 샐러드가 담긴 그릇과 달걀 샐러드 팩이 있습니다.,이미지에는 달걀 샐러드가 들어있는 팩이 있습니다.,이미지에는 달걀 샐러드가 담긴 그릇과 달걀 샐러드가 들어 있는 포장 팩이 있습니다.,이미지에는 달걀 샐러드가 담긴 그릇과 달걀 샐러드가 담긴 팩이 있습니다.,reused,ok,ok,ok
convenience_meals,hyperclovax,5072582,2,convenience_meals/images/kurly_5072582_2.jpg,,"이미지에는 빵 한 조각 위에 스크램블 에그가 올려져 있고, 옆에는 계란 샐러드가 담긴 그릇과 우유가 담긴 컵이 놓여 있는 모습입니다.",이미지에는 스크램블 에그를 올린 빵이 있습니다.,이미지에는 계란 샐러드가 담긴 빵 조각이 있습니다.,이미지에는 계란 샐러드가 담긴 빵 한 조각이 놓인 모습이 있습니다.,reused,ok,ok,ok
convenience_meals,hyperclovax,5073094,1,convenience_meals/images/kurly_5073094_1.jpg,상품-대표-이미지 1,이미지에는 그릇에 담긴 국수 요리가 있습니다.,이미지에는 국수가 담긴 요리가 있습니다.,이미지에는 국수 요리가 있습니다.,이미지에는 국수 요리가 있습니다.,reused,ok,ok,ok
convenience_meals,hyperclovax,5073094,2,convenience_meals/images/kurly_5073094_2.jpg,,이미지에는 국수 위에 고기와 파를 얹은 음식이 있습니다.,이미지에는 고기와 파가 얹어진 국수 요리가 있습니다.,"이미지에는 국수와 고기, 파가 얹어진 음식이 있습니다.","이미지에는 국수와 고기, 파가 들어간 음식이 그릇에 담겨 있습니다.",reused,ok,ok,ok
convenience_meals,hyperclovax,5082274,1,convenience_meals/images/kurly_5082274_1.jpg,상품-대표-이미지 1,이미지에는 비비고 왕교자 냉동식품이 있습니다.,이미지에는 비비고 왕교자 냉동식품이 있습니다.,이미지에는 비비고 왕교자 냉동식품이 있습니다.,,reused,ok,ok,no_keywords
convenience_meals,hyperclovax,5082274,2,convenience_meals/images/kurly_5082274_2.jpg,,이미지에는 비비고 왕교자 냉동식품이 있습니다.,이미지에는 비비고 왕교자 냉동식품이 있습니다.,이미지에는 비비고 왕교자 냉동식품이 있습니다.,,reused,ok,ok,no_keywords
convenience_meals,hyperclovax,5088325,1,convenience_meals/images/kurly_5088325_1.jpg,상품-대표-이미지 1,이미지에는 그릇에 담긴 국수 요리가 있습니다.,이미지에는 국수가 담긴 그릇과 젓가락이 놓여 있습니다.,이미지에는 국수 요리가 담긴 그릇과 젓가락이 놓여 있습니다.,이미지에는 국물이 담긴 그릇에 담긴 국수 요리가 있습니다.,reused,ok,ok,ok
convenience_meals,hyperclovax,5088325,2,convenience_meals/images/kurly_5088325_2.jpg,,이미지에는 국물이 담긴 그릇에 담긴 국수 요리가 있습니다.,"이미지에는 국물이 담긴 그릇에 국수가 담겨 있으며, 국물 위에는 김가루와 고춧가루, 참깨가 뿌려져 있는 모습입니다.","이미지에는 국물이 담긴 그릇에 국수가 담겨 있으며, 국수 위에는 김가루와 고춧가루, 참깨가 뿌려져 있는 모습입니다.",이미지에는 국물이 담긴 그릇에 국수가 담겨 있습니다.,reused,ok,ok,ok
convenience_meals,hyperclovax,5090388,1,convenience_meals/images/kurly_5090388_1.jpg,상품-대표-이미지 1,"이미지에는 매콤해 보이는 국물 요리가 담긴 그릇과 함께 국수, 만두, 채소 등이 함께 제공되는 모습이 있습니다.","이미지에는 채소, 국수, 만두가 들어간 매운탕이 그릇에 담겨 있고, 그릇 옆에는 만두와 채소가 담긴 비닐봉지가 놓여 있습니다.","이미지에는 국수와 만두, 채소가 함께 담긴 그릇이 있습니다.","이미지에는 국수와 만두, 채소가 들어간 요리가 그릇에 담겨 있습니다.",reused,ok,ok,ok
convenience_meals,hyperclovax,5090388,2,convenience_meals/images/kurly_5090388_2.jpg,,이미지에는 매콤해 보이는 국물 요리가 담긴 그릇이 있습니다.,이미지에는 매콤한 국물 요리가 담긴 그릇이 있습니다.,"이미지에는 붉은 국물이 담긴 그릇이 있으며, 그릇에는 두부와 김치가 들어 있습니다.",이미지에는 매콤한 국물 요리가 담긴 그릇이 있습니다.,reused,ok,ok,ok
convenience_meals,hyperclovax,5135831,1,convenience_meals/images/kurly_5135831_1.jpg,상품-대표-이미지 1,이미지에는 네 개의 용기에 각각 다른 종류의 한식이 담겨 있으며 상단에는 해당 상품의 포장 박스가 놓여 있습니다.,이미지에는 상단에 한식 도시락 4개가 나란히 놓여 있고 상단에는 한식 도시락 상자가 있습니다.,"이미지에는 4개의 용기에 각각 다른 종류의 한식이 담겨 있으며, 상단에 상품 포장이 놓여 있습니다.","이미지에는 한식이 담긴 4개의 용기와 그 위 상품 포장 박스가 있습니다. 상단에는 '온더고'라는 브랜드명이 적혀 있으며, 4개의 용기 각각에는 한식이 담겨 있습니다.",reused,ok,ok,ok
convenience_meals,hyperclovax,5135831,2,convenience_meals/images/kurly_5135831_2.jpg,,이미지에는 네 개의 포장된 한식 도시락이 있습니다.,이미지에는 한식이 담긴 4개의 포장된 도시락이 있습니다.,이미지에는 한식 도시락 4개 포장이 있습니다.,"이미지에는 한식 도시락 네 개가 나란히 놓여 있으며, 각각의 도시락에는 밥과 반찬이 함께 포장되어 있습니다.",reused,ok,ok,ok
convenience_meals,hyperclovax,5136646,1,convenience_meals/images/kurly_5136646_1.jpg,상품-대표-이미지 1,이미지에는 네 개의 샌드위치가 놓인 접시가 있습니다.,이미지에는 네 개의 샌드위치가 놓인 접시가 있습니다.,이미지에는 네 개의 샌드위치가 놓인 접시가 있습니다.,,reused,ok,ok,no_keywords
convenience_meals,hyperclovax,5136646,2,convenience_meals/images/kurly_5136646_2.jpg,,이미지에는 네 개의 샌드위치가 있는 모습입니다.,이미지에는 네 개의 샌드위치가 있는 모습입니다.,"이미지에는 네 개의 샌드위치가 흰색 접시 위에 놓여 있으며, 각각의 샌드위치는 다양한 재료로 구성되어 있고 소스가 뿌려져 있습니다.","이미지에는 네 개의 샌드위치가 흰색 접시에 담겨 있고, 각각의 샌드위치는 다양한 재료로 구성되어 있으며 소스가 뿌려져 있는 모습입니다.",reused,ok,ok,ok
convenience_meals,hyperclovax,5156742,1,convenience_meals/images/kurly_5156742_1.jpg,상품-대표-이미지 1,이미지에는 두 개의 그릇에 담긴 매운 국물 요리가 있습니다.,이미지에는 두 개의 그릇에 담긴 매콤해 보이는 국물 요리가 있습니다.,이미지에는 두 개의 그릇에 담긴 매콤해 보이는 국물 요리가 있습니다.,이미지에는 두 개의 그릇에 담긴 국물 요리가 있습니다.,reused,ok,ok,ok
convenience_meals,hyperclovax,5156742,2,convenience_meals/images/kurly_5156742_2.jpg,,이미지에는 매콤해 보이는 국물 요리가 담긴 그릇이 있습니다.,이미지에는 매콤한 국물 요리가 담긴 그릇이 있습니다.,이미지에는 매콤한 국물 요리가 담긴 그릇이 있습니다.,이미지에는 매콤한 국물 요리가 담긴 그릇이 있습니다.,reused,ok,ok,ok
fruits_nuts_rice,hyperclovax,1000030900,1,fruits_nuts_rice/images/kurly_1000030900_1.jpg,상품-대표-이미지 1,이미지에는 4kg 비단쌀이 포장된 모습이 있습니다.,이미지에는 비단쌀 4kg이 포장된 모습입니다.,이미지에는 4kg 비단 쌀이 포장된 모습입니다.,이미지에는 4kg 비단 쌀이 포장된 모습입니다.,reused,ok,ok,ok
fruits_nuts_rice,hyperclovax,1000030900,2,fruits_nuts_rice/images/kurly_1000030900_2.jpg,,이미지에는 흰 쌀이 담긴 그릇이 있습니다.,이미지에는 흰 쌀이 담긴 그릇이 있습니다.,이미지에는 흰 쌀이 담긴 그릇이 있습니다.,이미지에는 흰 쌀이 담긴 그릇이 있습니다.,reused,ok,ok,ok
fruits_nuts_rice,hyperclovax,1000032485,1,fruits_nuts_rice/images/kurly_1000032485_1.jpg,상품-대표-이미지 1,이미지에는 냉동 블루베리 제품이 있습니다.,이미지에는 냉동 블루베리 제품이 있습니다.,이미지에는 냉동 블루베리 제품이 있습니다.,이미지에는 냉동 블루베리 제품이 있습니다.,reused,ok,ok,ok
fruits_nuts_rice,hyperclovax,1000032485,2,fruits_nuts_rice/images/kurly_1000032485_2.jpg,,이미지에는 얼어있는 블루베리가 담긴 흰색 그릇이 있습니다.,이미지에는 흰색 그릇에 담긴 얼어있는 블루베리가 있습니다.,이미지에는 흰색 그릇에 담긴 얼어있는 블루베리의 모습입니다.,이미지에는 흰색 그릇에 담긴 냉동 블루베리가 있습니다.,reused,ok,ok,ok
fruits_nuts_rice,hyperclovax,1000048867,1,fruits_nuts_rice/images/kurly_1000048867_1.jpg,상품-대표-이미지 1,이미지에는 시월미소미쌀 10kg 제품이 있습니다.,이미지에는 시월미소미쌀 10kg 제품이 있습니다.,"이미지에는 10kg 용량의 시월미소미쌀이 있으며, 쌀알이 담긴 흰색 그릇이 함께 놓여 있습니다.",이미지에는 시월미소미쌀 10kg 제품이 있습니다.,reused,ok,ok,ok
fruits_nuts_rice,hyperclovax,1000048867,2,fruits_nuts_rice/images/kurly_1000048867_2.jpg,,이미지에는 흰 쌀이 담긴 그릇이 있습니다.,이미지에는 흰 쌀이 담긴 그릇이 있습니다.,이미지에는 흰 쌀이 담긴 그릇이 있습니다.,이미지에는 흰 쌀이 담긴 그릇이 있습니다.,reused,ok,ok,ok
fruits_nuts_rice,hyperclovax,1000066062,1,fruits_nuts_rice/images/kurly_1000066062_1.jpg,상품-대표-이미지 1,이미지에는 투명한 용기에 담긴 다양한 곡물들이 들어 있습니다.,이미지에는 투명 용기에 담긴 다양한 곡물이 들어 있는 상품이 있습니다.,이미지에는 다양한 곡물이 담긴 투명 용기가 있습니다.,이미지에는 다양한 곡물이 담긴 투명 용기가 있습니다.,reused,ok,ok,ok
fruits_nuts_rice,hyperclovax,1000066062,2,fruits_nuts_rice/images/kurly_1000066062_2.jpg,,이미지에는 여러 종류의 곡물이 담긴 그릇이 있습니다.,이미지에는 여러 종류의 곡물이 담긴 그릇이 있습니다.,이미지에는 여러 종류의 곡물이 담긴 그릇이 있습니다.,이미지에는 여러 종류의 곡물이 담긴 그릇이 있습니다.,reused,ok,ok,ok
fruits_nuts_rice,hyperclovax,1000102438,1,fruits_nuts_rice/images/kurly_1000102438_1.jpg,상품-대표-이미지 1,이미지에는 검은색 상자에 담긴 붉은색 사과들이 정렬되어 있는 모습입니다.,이미지에는 검은색 상자에 정렬된 붉은색 사과들이 담겨 있습니다.,이미지에는 검은색 상자 안에 붉은색 사과가 정렬되어 있는 모습입니다.,이미지에는 검은색 상자에 담긴 붉은색 사과들이 정렬되어 있는 모습입니다.,reused,ok,ok,ok
fruits_nuts_rice,hyperclovax,1000102438,2,fruits_nuts_rice/images/kurly_1000102438_2.jpg,,이미지에는 검은색 상자에 담긴 12개의 붉은 사과가 있습니다.,이미지에는 검은색 상자에 담긴 12개의 붉게 익은 사과가 있습니다.,이미지에는 검은색 상자에 담긴 12개의 붉게 익은 사과가 있습니다.,이미지에는 검은색 상자에 담긴 12개의 붉게 익은 사과가 있습니다.,reused,ok,ok,ok
fruits_nuts_rice,hyperclovax,1000118138,1,fruits_nuts_rice/images/kurly_1000118138_1.jpg,상품-대표-이미지 1,이미지에는 4kg 용량의 백진주 쌀 패키지가 있습니다.,"이미지에는 4kg 용량의 백진주 쌀 패키지가 있으며, 패키지 중앙에는 쌀알 그림과 함께 '백진주'라는 글자가 적혀 있습니다.",이미지에는 4kg 용량의 백진주 쌀이 들어 있는 쌀 패키지가 있습니다.,이미지에는 4kg 용량의 백진주 쌀이 들어 있는 패키지가 있습니다.,reused,ok,ok,ok
fruits_nuts_rice,hyperclovax,1000118138,2,fruits_nuts_rice/images/kurly_1000118138_2.jpg,,이미지에는 흰 쌀이 담긴 그릇이 있습니다.,이미지에는 흰 쌀이 담긴 그릇이 있습니다.,이미지에는 흰 쌀이 담긴 그릇이 있습니다.,이미지에는 흰 쌀이 담긴 그릇이 있습니다.,reused,ok,ok,ok
fruits_nuts_rice,hyperclovax,1000122762,1,fruits_nuts_rice/images/kurly_1000122762_1.jpg,상품-대표-이미지 1,이미지에는 빨간 사과와 사과가 담긴 포장지가 있습니다.,이미지에는 포장지에 담긴 사과와 사과 조각이 흰색 천 위에 놓여 있는 모습입니다.,이미지에는 포장지에 담긴 사과와 반으로 잘린 사과가 흰색 천 위에 놓여 있습니다.,이미지에는 포장된 사과와 반으로 잘린 사과가 흰색 천 위에 놓여 있습니다.,reused,ok,ok,ok
fruits_nuts_rice,hyperclovax,1000122762,2,fruits_nuts_rice/images/kurly_1000122762_2.jpg,,이미지에는 반으로 잘린 붉은 사과와 포장된 사과가 놓인 모습입니다.,이미지에는 잘린 붉은 사과의 모습이 있습니다.,이미지에는 잘린 붉은 사과와 포장된 붉은 사과가 있습니다.,이미지에는 잘린 붉은 색의 사과와 포장된 붉은 색의 사과가 있습니다.,reused,ok,ok,ok
fruits_nuts_rice,hyperclovax,1000144509,1,fruits_nuts_rice/images/kurly_1000144509_1.jpg,상품-대표-이미지 1,이미지에는 쌀이 들어있는 포장 봉지가 있습니다.,이미지에는 쌀이 담긴 포장 봉지가 있습니다.,"이미지에는 쌀이 담긴 포장 봉지가 있으며, 포장 봉지에는 'Kf365 커리프레시'라는 글자가 적혀 있고, 포장 봉지 옆에는 쌀이 담긴 그릇이 있습니다.","이미지에는 쌀이 담긴 포장 봉지가 있으며, 포장지에는 'Kf365 커리프레시'라는 글자가 적혀 있습니다.",reused,ok,ok,ok
fruits_nuts_rice,hyperclovax,1000144509,2,fruits_nuts_rice/images/kurly_1000144509_2.jpg,,이미지에는 흰 쌀이 담긴 그릇이 있습니다.,이미지에는 흰 쌀이 담긴 그릇이 있습니다.,이미지에는 흰 쌀이 담긴 그릇이 있습니다.,이미지에는 흰 쌀이 담긴 그릇이 있습니다.,reused,ok,ok,ok
fruits_nuts_rice,hyperclovax,1000253378,1,fruits_nuts_rice/images/kurly_1000253378_1.jpg,상품-대표-이미지 1,이미지에는 녹색 접시에 담긴 냉동 블루베리와 숟가락이 있습니다.,이미지에는 녹색 접시에 담긴 냉동 블루베리와 숟가락이 놓여 있습니다.,이미지에는 녹색 접시에 담긴 냉동 블루베리와 숟가락이 놓여 있습니다.,이미지에는 녹색 접시에 담긴 냉동 블루베리와 숟가락이 놓여 있습니다.,reused,ok,ok,ok
fruits_nuts_rice,hyperclovax,1000253378,2,fruits_nuts_rice/images/kurly_1000253378_2.jpg,,이미지에는 얼음이 묻어 있는 블루베리가 담긴 접시가 있습니다.,이미지에는 얼음으로 덮인 블루베리가 담긴 그릇과 숟가락이 있습니다.,이미지에는 얼음 블루베리가 담긴 그릇과 숟가락이 있습니다.,이미지에는 얼음으로 덮인 블루베리가 담긴 그릇과 숟가락이 있습니다.,reused,ok,ok,ok
fruits_nuts_rice,hyperclovax,1000338204,1,fruits_nuts_rice/images/kurly_1000338204_1.jpg,상품-대표-이미지 1,이미지에는 냉동 블루베리 1kg 제품이 있습니다.,이미지에는 1kg 냉동 블루베리 제품입니다.,이미지에는 1kg 냉동 블루베리 제품이 있습니다.,이미지에는 냉동 블루베리 1kg 제품이 있습니다.,reused,ok,ok,ok
fruits_nuts_rice,hyperclovax,1000338204,2,fruits_nuts_rice/images/kurly_1000338204_2.jpg,,이미지에는 흰색 그릇에 담긴 건조된 블루베리가 있습니다.,이미지에는 흰색 그릇에 담긴 건조된 블루베리가 있습니다.,이미지에는 흰색 그릇에 담긴 건조 블루베리가 있습니다.,이미지에는 건조된 블루베리가 흰색 그릇에 담겨 있는 모습입니다.,reused,ok,ok,ok
fruits_nuts_rice,hyperclovax,1000763360,1,fruits_nuts_rice/images/kurly_1000763360_1.jpg,상품-대표-이미지 1,이미지에는 연두색 포도송이가 놓인 접시가 있습니다.,이미지에는 연두색 포도송이가 있습니다.,이미지에는 연두색 포도송이가 있습니다.,,reused,ok,ok,no_keywords
fruits_nuts_rice,hyperclovax,1000763360,2,fruits_nuts_rice/images/kurly_1000763360_2.jpg,,이미지에는 초록색 포도송이가 있습니다.,이미지에는 초록색 포도송이가 있습니다.,이미지에는 초록색 포도송이가 있습니다.,,reused,ok,ok,no_keywords
fruits_nuts_rice,hyperclovax,1000858612,1,fruits_nuts_rice/images/kurly_1000858612_1.jpg,상품-대표-이미지 1,이미지에는 포장된 파인애플과 그릇에 담긴 파인애플 조각이 있습니다.,이미지에는 포장된 파인애플 조각이 담긴 흰색 접시가 있습니다.,이미지에는 포장된 파인애플 조각이 담긴 용기와 그 옆에 놓인 파인애플 조각 두 개가 놓인 흰색 접시가 있습니다.,이미지에는 포장된 파인애플 조각이 담긴 용기와 그 옆에 놓인 파인애플 조각 두 개가 놓인 흰색 접시가 있습니다.,reused,ok,ok,ok
fruits_nuts_rice,hyperclovax,1000858612,2,fruits_nuts_rice/images/kurly_1000858612_2.jpg,241008_kurly0582_KF365 ????????????????1kg.jpg,이미지에는 흰색 접시 위에 놓인 세 조각의 파인애플이 있습니다.,이미지에는 흰색 접시 위에 놓인 세 조각의 파인애플이 있습니다.,이미지에는 흰색 접시 위에 놓인 세 조각의 파인애플이 있습니다.,이미지에는 흰색 조각 파인애플이 있습니다.,reused,ok,ok,ok
fruits_nuts_rice,hyperclovax,1000867509,1,fruits_nuts_rice/images/kurly_1000867509_1.jpg,상품-대표-이미지 1,이미지에는 7인분 양의 쌀이 들어있는 4kg 쌀 패키지가 있습니다.,이미지에는 7인분 양의 쌀이 들어있는 패키지가 있습니다.,"이미지에는 7인용 쌀 4kg 패키지가 있으며, 패키지에는 '양'이라는 글자가 크게 적혀 있습니다.","이미지에는 4kg 쌀 패키지가 있으며, 패키지에는 '7 인 양미'라고 적혀 있습니다.",reused,ok,ok,ok
fruits_nuts_rice,hyperclovax,1000867509,2,fruits_nuts_rice/images/kurly_1000867509_2.jpg,,이미지에는 4kg 쌀이 포장된 제품이 있습니다.,이미지에는 4kg 쌀이 들어있는 포장 제품이 있습니다.,이미지에는 4kg 쌀이 들어있는 포장 제품이 있습니다.,이미지에는 4kg 쌀 포장 제품이 있습니다.,reused,ok,ok,ok
fruits_nuts_rice,hyperclovax,1000867511,1,fruits_nuts_rice/images/kurly_1000867511_1.jpg,상품-대표-이미지 1,이미지에는 8kg 용량의 쌀이 포장된 제품이 있습니다.,이미지에는 8kg 용량의 쌀이 포장된 모습이 있습니다.,이미지에는 8kg 용량의 쌀이 포장된 제품이 있습니다.,이미지에는 8kg 용량의 쌀이 포장된 제품이 있습니다.,reused,ok,ok,ok
fruits_nuts_rice,hyperclovax,1000867511,2,fruits_nuts_rice/images/kurly_1000867511_2.jpg,,이미지에는 8kg 쌀이 포장된 제품이 있습니다.,이미지에는 8kg 쌀 제품의 포장지가 있고 그 옆에는 쌀이 담긴 그릇이 있습니다.,이미지에는 8kg 쌀이 포장된 제품이 있습니다.,이미지에는 8kg 쌀 포장 제품이 있습니다.,reused,ok,ok,ok
fruits_nuts_rice,hyperclovax,1000908371,1,fruits_nuts_rice/images/kurly_1000908371_1.jpg,상품-대표-이미지 1,이미지에는 갈색 골판지 상자에 담긴 빨간 사과와 그 옆에 놓인 천 위에 놓인 사과 조각들이 있습니다.,이미지에는 골판지 상자에 담긴 사과와 그 옆에 놓인 사과 조각들이 있습니다.,이미지에는 골판지 상자에 담긴 빨간 사과와 사과 조각이 놓인 모습이 있습니다.,이미지에는 골판지 상자에 담긴 사과와 사과 옆 천 위에 놓인 사과 조각들이 있습니다.,reused,ok,ok,ok
fruits_nuts_rice,hyperclovax,1000908371,2,fruits_nuts_rice/images/kurly_1000908371_2.jpg,,이미지에는 적갈색의 사과가 여러 개 있으며 그중 일부는 반으로 잘려져 있고 갈색 종이 상자 위에 놓여 있습니다.,이미지에는 종이 위에 놓인 적갈색 사과들이 있습니다.,"이미지에는 갈색 종이 위에 놓인 여러 개의 사과가 있으며, 그중 일부는 잘려져 반으로 잘린 모습입니다.",이미지에는 갈색 종이 상자 위에 놓인 여러 개의 사과가 있으며 그중 일부는 반으로 잘려져 있습니다.,reused,ok,ok,ok
fruits_nuts_rice,hyperclovax,1000973922,1,fruits_nuts_rice/images/kurly_1000973922_1.jpg,상품-대표-이미지 1,이미지에는 견과류가 담긴 그릇과 견과류 가공식품이 담긴 패키지가 있는 모습입니다.,이미지에는 견과류 가공 식품이 들어있는 상자와 그 내용물이 담긴 패키지가 있습니다.,"이미지에는 견과류 가공식품인 'Kf365 커리프레쉬'의 패키지가 있으며, 그 안에는 견과류가 담긴 그릇과 개별 포장된 제품이 놓여 있습니다.",이미지에는 견과 가공 식품이 담긴 패키지가 있습니다.,reused,ok,ok,ok
fruits_nuts_rice,hyperclovax,1000973922,2,fruits_nuts_rice/images/kurly_1000973922_2.jpg,pc_samjin_241209_01.jpg,이미지에는 견과류가 담긴 그릇과 견과류 패키지가 놓여 있습니다.,이미지에는 견과류가 담긴 흰색 접시가 있고 그 옆에는 'KF365 커리프레시'라고 적힌 패키지가 놓여 있습니다.,이미지에는 견과류 패키지가 있고 그 안에는 견과 담기다라는 문구가 적혀 있습니다.,"이미지에는 견과 담기다 견과 패키지가 있고 그 안에는 아몬드, 호두, 캐슈너트가 담겨 있습니다.",reused,ok,ok,ok
fruits_nuts_rice,hyperclovax,1001234463,1,fruits_nuts_rice/images/kurly_1001234463_1.jpg,상품-대표-이미지 1,이미지에는 파란색 그릇에 담긴 방울토마토와 바닥에 놓인 방울토마토 세 개가 있습니다.,이미지에는 바닥에 놓인 파란색 그릇에 담긴 방울토마토와 바닥에 놓인 방울토마토 세 개가 있습니다.,이미지에는 바닥에 놓인 방울토마토와 그릇에 담긴 방울토마토가 있습니다.,이미지에는 바닥에 놓인 파란색 그릇에 담긴 방울토마토와 바닥에 놓인 방울토마토 3개가 있습니다.,reused,ok,ok,ok
fruits_nuts_rice,hyperclovax,1001234463,2,fruits_nuts_rice/images/kurly_1001234463_2.jpg,,이미지에는 파란색 그릇에 담긴 방울토마토가 있습니다.,"이미지에는 파란색 그릇에 방울토마토가 담겨 있으며, 그릇 밖에 몇 개의 방울토마토가 놓여 있습니다.",이미지에는 파란색 그릇에 담긴 방울토마토가 있습니다.,이미지에는 파란색 그릇에 담긴 방울토마토가 있습니다.,reused,ok,ok,ok
fruits_nuts_rice,hyperclovax,1001303421,1,fruits_nuts_rice/images/kurly_1001303421_1.jpg,상품-대표-이미지 1,이미지에는 반으로 잘린 사과와 온전한 사과 세 개가 있습니다.,이미지에는 잘린 반쪽과 온전한 상태의 사과 세 개가 있습니다.,이미지에는 잘린 사과와 온전한 사과 세 개가 있습니다.,이미지에는 반 잘린 사과와 사과 3개가 있습니다.,reused,ok,ok,ok
fruits_nuts_rice,hyperclovax,1001303421,2,fruits_nuts_rice/images/kurly_1001303421_2.jpg,,이미지에는 껍질이 붉은 색인 사과 다섯 개가 있습니다.,이미지에는 껍질이 붉고 5개의 사과가 있습니다.,이미지에는 껍질이 붉고 색이 고른 사과 5개가 있습니다.,이미지에는 붉은색 껍질을 가진 사과 다섯 개가 있습니다.,reused,ok,ok,ok
fruits_nuts_rice,hyperclovax,1001502284,1,fruits_nuts_rice/images/kurly_1001502284_1.jpg,상품-대표-이미지 1,이미지에는 흰 천 위에 놓인 붉은 체리 여러 개가 있습니다.,이미지에는 여러 개의 붉게 익은 체리가 흰 천 위에 놓여 있는 모습입니다.,이미지에는 여러 개의 붉게 익은 체리가 희고 주름진 천 위에 놓여 있는 모습입니다.,이미지에는 여러 개의 붉은 체리가 흰 천 위에 놓여 있는 모습입니다.,reused,ok,ok,ok
fruits_nuts_rice,hyperclovax,1001502284,2,fruits_nuts_rice/images/kurly_1001502284_2.jpg,,이미지에는 젖은 체리 여러 개가 흰색 천 위에 놓여 있습니다.,이미지에는 여러 개의 젖은 체리가 흰색 천 위에 놓여 있는 모습입니다.,이미지에는 여러 개의 젖은 체리가 흰색 천 위에 놓여 있는 모습입니다.,이미지에는 여러 개의 젖은 체리가 흰색 천 위에 놓여 있는 모습입니다.,reused,ok,ok,ok
fruits_nuts_rice,hyperclovax,1001729429,1,fruits_nuts_rice/images/kurly_1001729429_1.jpg,상품-대표-이미지 1,이미지에는 10kg 용량의 쌀이 들어 있는 포장지가 있습니다.,이미지에는 포장지에 담긴 쌀이 있고 그 옆에는 쌀이 담긴 그릇이 있습니다. 포장지에는 '고시히카리'라는 글자가 크게 적혀 있고 그 아래에는 '10kg'이라는 용량이 적혀 있습니다. 포장지에는 쌀의 특징을 설명하는 문구도 적혀 있습니다.,이미지에는 쌀 10kg이 담긴 포장지가 있고 그 옆에는 쌀이 담긴 그릇이 있습니다.,"이미지에는 10kg 용량의 쌀이 포장된 상품이 있으며, 포장지에는 '고시히카리'라는 이름이 적혀 있습니다.",reused,ok,ok,ok
fruits_nuts_rice,hyperclovax,1001729429,2,fruits_nuts_rice/images/kurly_1001729429_2.jpg,,이미지에는 흰 쌀이 담긴 그릇이 있습니다.,이미지에는 흰 쌀이 담긴 흰색 그릇이 있습니다.,이미지에는 흰 쌀이 담긴 흰색 그릇이 있습니다.,이미지에는 흰 쌀이 담긴 흰색 그릇이 있습니다.,reused,ok,ok,ok
fruits_nuts_rice,hyperclovax,1001882653,1,fruits_nuts_rice/images/kurly_1001882653_1.jpg,상품-대표-이미지 1,이미지에는 흰색 접시 위에 놓인 여러 개의 사과가 있습니다.,이미지에는 흰색 접시에 여러 개의 사과가 놓여 있습니다.,이미지에는 흰색 접시 위에 놓인 여러 개의 사과가 있습니다.,이미지에는 흰색 여러 개 사과가 있습니다.,reused,ok,ok,ok
fruits_nuts_rice,hyperclovax,1001882653,2,fruits_nuts_rice/images/kurly_1001882653_2.jpg,,이미지에는 흰색 접시 위에 놓인 여러 개의 사과가 있습니다.,이미지에는 흰색 접시 위에 놓인 여러 개의 사과가 있습니다.,이미지에는 여러 개의 흰색 사과가 그릇에 담겨 있는 모습입니다.,이미지에는 흰색 여러 개 사과가 있습니다.,reused,ok,ok,ok
fruits_nuts_rice,hyperclovax,1002140343,1,fruits_nuts_rice/images/kurly_1002140343_1.jpg,상품-대표-이미지 1,이미지에는 세 개의 아보카도가 있는 접시가 있습니다.,이미지에는 아보카도 세 개가 놓인 접시가 있습니다.,이미지에는 세 개의 아보카도가 있는 모습입니다.,,reused,ok,ok,no_keywords
fruits_nuts_rice,hyperclovax,1002140343,2,fruits_nuts_rice/images/kurly_1002140343_2.jpg,241008_kurly0658_??????????????????3???.jpg,이미지에는 반으로 잘린 아보카도 세 개가 놓인 접시가 있습니다.,이미지에는 반으로 잘린 아보카도 세 개가 놓인 모습이 있습니다.,이미지에는 반으로 잘린 아보카도 3개가 놓인 흰색 접시가 있습니다.,이미지에는 반으로 잘린 아보카도 3개가 있는 모습입니다.,reused,ok,ok,ok
fruits_nuts_rice,hyperclovax,5003716,1,fruits_nuts_rice/images/kurly_5003716_1.jpg,상품-대표-이미지 1,이미지에는 흰색 천 위에 놓인 노란 바나나 한 다발이 있습니다.,이미지에는 흰색 천 위에 놓인 노란 바나나 다발이 있습니다.,이미지에는 흰색 천 위에 놓인 바나나 다발이 있습니다.,이미지에는 흰색 천 위에 놓인 노란 바나나 다발이 있습니다.,reused,ok,ok,ok
fruits_nuts_rice,hyperclovax,5003716,2,fruits_nuts_rice/images/kurly_5003716_2.jpg,,이미지에는 흰색 배경 위에 놓인 바나나 한 다발과 반으로 잘린 바나나 한 개가 있습니다.,이미지에는 흰색 배경 위에 놓인 바나나 한 다발과 반으로 잘린 바나나 한 개가 있습니다.,이미지에는 잘린 바나나 1개와 다발 반의 바나나가 있습니다.,이미지에는 흰색 배경 위에 놓인 바나나 다발과 반으로 잘린 바나나가 있습니다.,reused,ok,ok,ok
fruits_nuts_rice,hyperclovax,5025577,1,fruits_nuts_rice/images/kurly_5025577_1.jpg,상품-대표-이미지 1,이미지에는 나무 도마 위에 놓인 키위 과일들이 있습니다.,이미지에는 도마 위에 놓인 키위 여러 개와 잘려져 있는 키위 반쪽이 있습니다.,이미지에는 나무 도마 위에 놓인 키위 과일들이 있습니다.,이미지에는 나무 도마 위에 놓인 키위 과일들이 있습니다.,reused,ok,ok,ok
fruits_nuts_rice,hyperclovax,5025577,2,fruits_nuts_rice/images/kurly_5025577_2.jpg,,이미지에는 반으로 잘린 키위 여러 개가 나무 도마 위에 놓여 있습니다.,"이미지에는 여러 개의 키위 과일이 나무 도마 위에 놓여 있으며, 그중 일부는 반으로 잘려 있습니다.","이미지에는 여러 개의 키위 과일이 나무 도마 위에 놓여 있으며, 그 중 하나는 반으로 잘려 내부의 과육과 씨가 드러나 있습니다.","이미지에는 여러 개의 키위가 나무 도마 위에 놓여 있으며, 그 중 한 개는 반으로 잘려 내부의 과육과 씨가 드러나 있습니다.",reused,ok,ok,ok
fruits_nuts_rice,hyperclovax,5027321,1,fruits_nuts_rice/images/kurly_5027321_1.jpg,상품-대표-이미지 1,이미지에는 흰색 배경 위에 놓인 나무 접시 위에 놓인 붉은색과 노란색으로 익은 복숭아 여덟 개가 있습니다.,이미지에는 익어 붉은색을 띠는 복숭아 8개가 흰색 천 위에 놓여 있습니다.,이미지에는 나무 배경 위에 흰색 천 위에 놓인 붉은색과 노란색의 복숭아 8개가 놓여 있습니다.,"이미지에는 나무 배경 위에 붉은색과 노란색이 섞인 익은 복숭아 여덟 개가 놓여 있고, 그 아래에는 흰색 천이 깔려 있으며, 복숭아 주변에는 녹색 잎사귀가 몇 개 놓여 있는 모습입니다.",reused,ok,ok,ok
fruits_nuts_rice,hyperclovax,5027321,2,fruits_nuts_rice/images/kurly_5027321_2.jpg,,이미지에는 반질반질한 표면의 복숭아들이 흰색 천 위에 놓여 있습니다.,이미지에는 반질반질한 표면의 복숭아들이 흰색 천 위에 놓여 있는 모습입니다.,이미지에는 흰색 천 위에 반질반질한 표면의 복숭아들이 놓여 있습니다.,이미지에는 반질반질한 표면의 복숭아들이 흰색 천 위에 놓여 있는 모습입니다.,reused,ok,ok,ok
fruits_nuts_rice,hyperclovax,5031442,1,fruits_nuts_rice/images/kurly_5031442_1.jpg,상품-대표-이미지 1,"이미지에는 나무 접시 위에 반으로 잘린 바나나가 놓여 있고, 그 옆에는 바나나 껍질이 벗겨진 바나나 한 개가 놓여 있습니다.","이미지에는 껍질을 벗긴 바나나 한 개가 나무 접시 위에 놓여 있고, 옆에는 껍질이 벗겨진 바나나 한 개가 놓여 있는 모습이 있습니다.","이미지에는 나무 접시 위에 껍질을 벗긴 바나나 반쪽과 껍질이 벗겨진 바나나 한 개가 놓여 있으며, 접시 옆에는 껍질이 벗겨진 바나나 한 다발이 놓여 있습니다.","이미지에는 껍질이 벗겨진 바나나 여러 개가 나무 접시 위에 놓여 있고, 접시 옆에는 껍질이 벗겨진 바나나 한 개가 놓여 있으며, 접시 위에는 포크가 놓여 있습니다.",reused,ok,ok,ok
fruits_nuts_rice,hyperclovax,5031442,2,fruits_nuts_rice/images/kurly_5031442_2.jpg,,이미지에는 반으로 잘린 바나나가 나무 접시 위에 놓여 있고 포크가 놓여 있는 모습이 있습니다.,이미지에는 나무 도마 위에 놓인 반으로 잘린 바나나와 포크가 놓여 있는 모습입니다.,이미지에는 나무 포크와 잘린 바나나가 놓인 나무 접시가 있습니다.,"이미지에는 나무 포크 위에 반으로 잘린 바나나가 놓여 있고, 그 옆에는 바나나 한 다발이 놓여 있는 모습입니다.",reused,ok,ok,ok
fruits_nuts_rice,hyperclovax,5034841,1,fruits_nuts_rice/images/kurly_5034841_1.jpg,상품-대표-이미지 1,이미지에는 흰색 접시에 담긴 귤과 반으로 잘린 귤이 놓여 있습니다.,이미지에는 흰색 접시에 담긴 귤과 반으로 잘린 귤이 놓여 있습니다.,이미지에는 흰색 접시에 귤 반과 잘린 귤이 담겨 있습니다.,이미지에는 흰색 접시에 귤 반 조각과 귤 반 개가 놓여 있는 모습입니다.,reused,ok,ok,ok
fruits_nuts_rice,hyperclovax,5034841,2,fruits_nuts_rice/images/kurly_5034841_2.jpg,,이미지에는 흰색 접시 위에 놓인 귤들이 있습니다.,이미지에는 흰색 접시 위에 귤이 놓여 있습니다.,이미지에는 흰색 귤이 있습니다.,,reused,ok,ok,no_keywords
fruits_nuts_rice,hyperclovax,5035954,1,fruits_nuts_rice/images/kurly_5035954_1.jpg,상품-대표-이미지 1,이미지에는 유리 그릇에 담긴 블루베리가 있습니다.,이미지에는 유리 그릇에 담긴 블루베리가 있습니다.,이미지에는 유리 그릇에 담긴 블루베리가 있습니다.,이미지에는 유리 그릇에 담긴 블루베리가 있습니다.,reused,ok,ok,ok
fruits_nuts_rice,hyperclovax,5035954,2,fruits_nuts_rice/images/kurly_5035954_2.jpg,,이미지에는 그릇에 담긴 요거트와 그 옆에 놓인 블루베리가 있습니다.,이미지에는 요거트가 담긴 그릇과 옆에는 블루베리가 담긴 그릇이 있습니다.,이미지에는 요거트가 담긴 그릇과 옆쪽에 블루베리가 담긴 그릇이 놓여 있습니다.,이미지에는 요거트가 담긴 그릇과 그 옆의 블루베리가 있습니다.,reused,ok,ok,ok
fruits_nuts_rice,hyperclovax,5036748,1,fruits_nuts_rice/images/kurly_5036748_1.jpg,상품-대표-이미지 1,이미지에는 키위 과일이 담긴 포장 박스와 접시에 담긴 키위 과일이 있습니다.,이미지에는 키위 과일 한 박스와 접시에 담긴 키위 과일이 있습니다.,이미지에는 키위 과일이 담긴 포장 박스가 있고 그 옆에는 키위 과일이 담긴 접시가 있습니다.,이미지에는 키위 과일이 포장된 상품이 있습니다.,reused,ok,ok,ok
fruits_nuts_rice,hyperclovax,5036748,2,fruits_nuts_rice/images/kurly_5036748_2.jpg,,이미지에는 포장된 키위 한 팩과 접시에 담긴 키위 세 개가 있습니다.,이미지에는 키위 3개가 들어있는 팩이 있습니다.,"이미지에는 키위 3개가 포장된 팩이 있고, 그 옆에는 키위 3개가 담긴 접시가 있습니다.",이미지에는 포장된 키위 팩과 그 옆에 놓인 키위 3개가 있습니다.,reused,ok,ok,ok
fruits_nuts_rice,hyperclovax,5038123,1,fruits_nuts_rice/images/kurly_5038123_1.jpg,상품-대표-이미지 1,이미지에는 접시 위에 놓인 포도송이가 있습니다.,이미지에는 포도송이가 있습니다.,,,reused,ok,no_keywords,no_keywords
fruits_nuts_rice,hyperclovax,5038123,2,fruits_nuts_rice/images/kurly_5038123_2.jpg,,이미지에는 포도송이가 있고 그 아래에 포도알이 놓여 있습니다.,이미지에는 포도 송이가 있고 아래에는 포도알이 놓여 있습니다.,이미지에는 포도 송이 아래 포도 알이 놓여 있는 모습입니다.,이미지에는 포도송이 아래에 포도알이 놓여 있는 모습입니다.,reused,ok,ok,ok
fruits_nuts_rice,hyperclovax,5045631,1,fruits_nuts_rice/images/kurly_5045631_1.jpg,상품-대표-이미지 1,이미지에는 다양한 견과류가 들어있는 HBAF 6주간의 견과류 제품이 있습니다.,이미지에는 견과류가 들어있는 6주간의 다양한 견과류 간식 패키지가 있습니다.,이미지에는 6주 동안 매일 다른 견과 제품을 맛볼 수 있는 '6주 견과 제품'이 있습니다.,이미지에는 다양한 견과류가 들어있는 6주 견과 제품들이 있습니다.,reused,ok,ok,ok
fruits_nuts_rice,hyperclovax,5045631,2,fruits_nuts_rice/images/kurly_5045631_2.jpg,,이미지에는 목요일부터 일요일까지의 날짜가 적힌 6개의 견과류 바가 있습니다.,"이미지에는 목요일부터 일요일까지의 날짜가 적힌 6개의 바가 있으며, 각각의 바 위에는 해당 요일에 맞는 견과류가 들어있는 그릇이 놓여 있습니다.","이미지에는 목요일부터 일요일까지의 날짜가 적힌 견과 바가 있으며, 각각의 바 위에는 해당 요일의 이름이 적혀 있고, 바 옆에는 요일에 맞는 견과류가 담긴 그릇이 놓여 있습니다.","이미지에는 목요일부터 일요일까지의 날짜가 적힌 6개 견과 바가 있으며, 각각의 바 위에는 해당 요일의 이름이 적혀 있습니다.",reused,ok,ok,ok
fruits_nuts_rice,hyperclovax,5048547,1,fruits_nuts_rice/images/kurly_5048547_1.jpg,상품-대표-이미지 1,이미지에는 10kg 용량의 여주쌀이 있습니다.,이미지에는 여주쌀 10kg 상품이 있습니다.,이미지에는 여주쌀 10kg 상품이 있습니다.,이미지에는 10kg 용량의 여주쌀이 있습니다.,reused,ok,ok,ok
fruits_nuts_rice,hyperclovax,5048547,2,fruits_nuts_rice/images/kurly_5048547_2.jpg,,이미지에는 흰 쌀이 담긴 그릇이 있습니다.,이미지에는 흰 쌀이 담긴 그릇이 있습니다.,이미지에는 흰 쌀이 담긴 그릇이 있습니다.,이미지에는 흰 쌀이 담긴 그릇이 있습니다.,reused,ok,ok,ok
fruits_nuts_rice,hyperclovax,5048580,1,fruits_nuts_rice/images/kurly_5048580_1.jpg,상품-대표-이미지 1,이미지에는 초록색 포도송이가 있습니다.,이미지에는 초록색 포도송이가 있습니다.,이미지에는 초록색 포도송이가 있습니다.,,reused,ok,ok,no_keywords
fruits_nuts_rice,hyperclovax,5048580,2,fruits_nuts_rice/images/kurly_5048580_2.jpg,,이미지에는 녹색 포도 송이가 담긴 흰색 접시가 있습니다.,이미지에는 흰색 접시에 담긴 녹색 포도 송이가 있습니다.,이미지에는 흰색 접시 위에 녹색 포도 송이가 담겨 있습니다.,이미지에는 흰색 접시 위에 녹색 포도 송이가 담겨 있습니다.,reused,ok,ok,ok
fruits_nuts_rice,hyperclovax,5049631,1,fruits_nuts_rice/images/kurly_5049631_1.jpg,상품-대표-이미지 1,이미지에는 접시 위에 놓인 멜론과 멜론 반쪽이 있습니다.,이미지에는 멜론 반쪽이 놓인 접시가 있습니다.,이미지에는 멜론 반쪽과 멜론이 놓인 모습이 있습니다.,이미지에는 멜론 반쪽과 멜론이 놓인 접시가 있습니다.,reused,ok,ok,ok
fruits_nuts_rice,hyperclovax,5049631,2,fruits_nuts_rice/images/kurly_5049631_2.jpg,,이미지에는 접시 위에 놓인 멜론과 멜론의 단면이 있습니다.,이미지에는 멜론의 단면과 껍질이 벗겨진 멜론이 놓인 모습이 있습니다.,이미지에는 멜론 단면과 멜론이 있습니다.,이미지에는 멜론 단면과 멜론이 놓인 접시가 있습니다.,reused,ok,ok,ok
fruits_nuts_rice,hyperclovax,5051031,1,fruits_nuts_rice/images/kurly_5051031_1.jpg,상품-대표-이미지 1,이미지에는 고시하리 쌀 4kg 제품이 있습니다.,이미지에는 쌀 4kg 용량의 고시하리 제품이 있습니다.,이미지에는 4kg 고시하리 쌀이 있습니다.,이미지에는 고시하리 쌀 4kg 제품이 있습니다.,reused,ok,ok,ok
fruits_nuts_rice,hyperclovax,5051031,2,fruits_nuts_rice/images/kurly_5051031_2.jpg,,이미지에는 손이 그릇에 쌀을 붓고 있는 모습이 있습니다.,이미지에는 손이 그릇에 쌀을 붓고 있는 모습입니다.,이미지에는 손 쌀을 그릇에 붓고 있는 모습이 있습니다.,이미지에는 손이 유리 그릇에서 쌀을 퍼서 냄비에 붓고 있는 모습입니다.,reused,ok,ok,ok
fruits_nuts_rice,hyperclovax,5051038,1,fruits_nuts_rice/images/kurly_5051038_1.jpg,상품-대표-이미지 1,이미지에는 10kg 용량의 배진주 쌀이 있습니다.,이미지에는 10kg 용량의 배진주 쌀이 있습니다.,"이미지에는 배진주 쌀 10kg이 있으며, 왼쪽 상단에는 10kg이라고 적혀 있고 오른쪽 상단에는 쌀이 담긴 그릇이 있습니다.",이미지에는 10kg 용량의 배진주 쌀이 있습니다.,reused,ok,ok,ok
fruits_nuts_rice,hyperclovax,5051038,2,fruits_nuts_rice/images/kurly_5051038_2.jpg,,이미지에는 흰 쌀이 담긴 그릇이 있습니다.,이미지에는 흰 쌀이 담긴 그릇이 있습니다.,이미지에는 흰 쌀이 담긴 그릇이 있습니다.,이미지에는 흰 쌀이 담긴 그릇이 있습니다.,reused,ok,ok,ok
fruits_nuts_rice,hyperclovax,5052626,1,fruits_nuts_rice/images/kurly_5052626_1.jpg,상품-대표-이미지 1,"이미지에는 견과류가 들어있는 포장 박스가 있고 그 옆에는 'It's Real Seven'이라는 문구가 적힌 포장 봉투가 있습니다. 포장 박스와 포장 봉투에는 아몬드, 호두, 캐슈너트 등의 견과류 그림이 그려져 있고 '20g'이라는 중량 표시가 있습니다. 포장 박스와 포장 봉투는 나무 무늬로 디자인되어 있으며 견과류 이미지와 함께 'It's Real Seven'이라는 문구가 적혀 있습니다. 포장 박스와 포장 봉투는 회색 바탕 위에 놓여 있으며 포장 박스 위에는 견과류가 조금 흩어져 있습니다.",이미지에는 포장된 견과류가 들어 있는 상자가 있고 그 아래에는 개봉된 포장지 안에 견과류가 들어 있는 봉투가 두 개 놓여 있습니다.,"이미지에는 포장 박스와 포장 봉투가 있으며, 포장 박스에는 'It's REAL SEVEN'이라는 문구가 적혀 있고, 포장 봉투에는 'It's REAL SEVEN'이라는 문구와 함께 견과류 이미지가 인쇄되어 있습니다.","이미지에는 견과류가 들어있는 포장 박스와 포장 봉투가 있으며, 포장 박스에는 'It's REAL SEVEN'이라는 문구가 적혀 있고, 포장 봉투에는 '20g'이라는 중량 표시가 있습니다.",reused,ok,ok,ok
fruits_nuts_rice,hyperclovax,5052626,2,fruits_nuts_rice/images/kurly_5052626_2.jpg,,"이미지에는 아몬드, 호두, 캐슈넛 등 견과류가 들어있는 포장지가 세 개 놓여 있습니다.","이미지에는 견과류 제품이 포장된 세 개의 패키지가 있으며, 포장지에는 아몬드, 호두, 캐슈넛 등의 견과류가 그려져 있고 '허브&요거트'라는 문구가 적혀 있습니다.","이미지에는 견과류가 들어있는 포장지가 세 개 놓여 있고 포장지 위에는 견과류가 올려져 있습니다. 포장지에는 '허브&요거트'라는 글자가 적혀 있고 포장지 아래에는 견과류가 흩어져 있습니다. 포장지 위에는 아몬드, 호두, 캐슈넛이 올려져 있고 포장지 아래에도 아몬드, 호두, 캐슈넛이 흩어져 있습니다.","이미지에는 견과류가 들어 있는 포장지가 세 개 놓여 있으며, 포장지에는 아몬드, 호두, 캐슈넛 등의 견과류가 그려져 있고 'IT'S REAL SEVEN'이라는 문구와 함께 '허브&요거트'라는 글자가 적혀 있습니다.",reused,ok,ok,ok
fruits_nuts_rice,hyperclovax,5053663,1,fruits_nuts_rice/images/kurly_5053663_1.jpg,상품-대표-이미지 1,이미지에는 10kg 용량의 보라색 포장 쌀이 있습니다.,"이미지에는 보라색 포장의 쌀 10kg이 있으며, 왼쪽 상단에는 쌀이 담긴 그릇이 놓여 있습니다.",이미지에는 보라색 포장의 10kg 용량 쌀이 있습니다.,"이미지에는 10kg 용량의 보라색 포장에 담긴 쌀이 있으며, 그 옆에는 쌀이 담긴 작은 그릇이 놓여 있습니다.",reused,ok,ok,ok
fruits_nuts_rice,hyperclovax,5053663,2,fruits_nuts_rice/images/kurly_5053663_2.jpg,,이미지에는 흰 쌀이 담긴 그릇이 있습니다.,이미지에는 흰 쌀이 담긴 그릇이 있습니다.,이미지에는 흰 쌀이 담긴 그릇과 그릇 위에 놓인 나무 주걱이 있습니다.,이미지에는 흰 쌀이 담긴 그릇이 있습니다.,reused,ok,ok,ok
fruits_nuts_rice,hyperclovax,5056014,1,fruits_nuts_rice/images/kurly_5056014_1.jpg,상품-대표-이미지 1,이미지에는 나무 도마 위에 놓인 여러 개의 복숭아가 있습니다.,이미지에는 여러 개의 복숭아가 나무 도마 위에 놓여 있는 모습입니다.,이미지에는 나무 도마 위에 여러 개의 복숭아가 놓여 있으며 일부는 반으로 잘려있습니다.,이미지에는 나무 도마 위에 놓인 여러 개의 복숭아가 있습니다.,reused,ok,ok,ok
fruits_nuts_rice,hyperclovax,5056014,2,fruits_nuts_rice/images/kurly_5056014_2.jpg,,이미지에는 나무 도마 위에 놓인 복숭아들이 있습니다.,이미지에는 나무 도마 위에 놓인 복숭아들이 있습니다.,이미지에는 나무 도마 위에 놓인 복숭아들이 있습니다.,이미지에는 나무 도마 위에 놓인 복숭아들이 있습니다.,reused,ok,ok,ok
fruits_nuts_rice,hyperclovax,5061259,1,fruits_nuts_rice/images/kurly_5061259_1.jpg,상품-대표-이미지 1,이미지에는 사과가 담긴 그릇이 있습니다.,이미지에는 여러 개의 사과가 금속 그릇에 담겨 있는 모습입니다.,이미지에는 사과가 담긴 그릇이 있습니다.,,reused,ok,ok,no_keywords
fruits_nuts_rice,hyperclovax,5061259,2,fruits_nuts_rice/images/kurly_5061259_2.jpg,,"이미지에는 사과와 계피, 나무 솔방울이 놓인 모습이 있습니다.","이미지에는 반질반질한 표면의 대리석 위에 놓인 사과와 계피, 솔방울이 있습니다.","이미지에는 반질반질한 표면의 대리석 테이블 위에 놓인 사과와 계피 나무, 나무 솔방울이 있습니다.",이미지에는 반질반질한 표면의 대리석 위에 놓인 사과와 계피 나무 솔방울이 있습니다.,reused,ok,ok,ok
fruits_nuts_rice,hyperclovax,5063578,1,fruits_nuts_rice/images/kurly_5063578_1.jpg,상품-대표-이미지 1,이미지에는 나무 테이블 위에 놓인 토마토가 담긴 그릇이 있습니다.,이미지에는 나무 테이블 위에 토마토가 담긴 그릇이 있습니다.,이미지에는 나무 테이블 위에 테이블 토마토가 담긴 그릇이 놓여 있습니다.,이미지에는 나무 테이블 위에 놓인 토마토가 담긴 그릇이 있습니다.,reused,ok,ok,ok
fruits_nuts_rice,hyperclovax,5063578,2,fruits_nuts_rice/images/kurly_5063578_2.jpg,,이미지에는 나무 표면 위에 놓인 방울토마토가 있습니다.,이미지에는 나무 표면 위에 놓인 방울토마토가 있습니다.,이미지에는 나무 표면 위에 놓인 방울토마토가 있습니다.,이미지에는 나무 표면 위에 놓인 방울토마토가 있습니다.,reused,ok,ok,ok
fruits_nuts_rice,hyperclovax,5063690,1,fruits_nuts_rice/images/kurly_5063690_1.jpg,상품-대표-이미지 1,이미지에는 흰색 배경 위에 놓인 다섯 개의 방울토마토가 있습니다.,이미지에는 흰색 배경 위에 놓인 다섯 개의 방울토마토가 있습니다.,이미지에는 흰색 배경 위에 놓인 다섯 개의 방울토마토가 있습니다.,이미지에는 흰색 배경 위에 놓인 방울토마토 다섯 개가 있습니다.,reused,ok,ok,ok
fruits_nuts_rice,hyperclovax,5063690,2,fruits_nuts_rice/images/kurly_5063690_2.jpg,,이미지에는 반으로 잘린 토마토와 토마토가 담긴 바구니가 있습니다.,이미지에는 잘린 반으로 잘려있는 토마토와 토마토가 담긴 바구니가 있습니다.,이미지에는 잘린 토마토와 토마토가 담긴 바구니가 있습니다.,이미지에는 반으로 잘린 토마토와 토마토가 담긴 바구니가 있습니다.,reused,ok,ok,ok
fruits_nuts_rice,hyperclovax,5068728,1,fruits_nuts_rice/images/kurly_5068728_1.jpg,상품-대표-이미지 1,이미지에는 흰색 천 위에 놓인 오렌지들이 있습니다.,이미지에는 흰색 천 위에 놓인 오렌지들이 있습니다.,이미지에는 흰색 천 위에 놓인 천 오렌지 여러 개와 반으로 잘린 천 오렌지가 있습니다.,이미지에는 흰색 천 위에 놓인 오렌지들이 있습니다.,reused,ok,ok,ok
fruits_nuts_rice,hyperclovax,5068728,2,fruits_nuts_rice/images/kurly_5068728_2.jpg,,이미지에는 반으로 잘린 귤과 귤 여러 개가 흰색 천 위에 놓여 있습니다.,이미지에는 여러 개의 귤이 천 위에 놓여 있으며 그중 하나는 반으로 잘려 있습니다.,"이미지에는 여러 개의 귤이 흰색 천 위에 놓여 있으며, 그 중 하나는 반으로 잘려져 있습니다.","이미지에는 귤 여러 개가 흰색 천 위에 놓여 있으며, 그 중 일부는 반으로 잘려져 있습니다.",reused,ok,ok,ok
fruits_nuts_rice,hyperclovax,5070409,1,fruits_nuts_rice/images/kurly_5070409_1.jpg,상품-대표-이미지 1,이미지에는 4kg 쌀이 들어있는 포장지가 있습니다.,"이미지에는 포장지에 담긴 쌀과 그 옆에 놓인 쌀의 모습이 있습니다. 포장지에는 '4kg'이라는 무게가 표시되어 있으며, 포장지에는 '달보드레쌀'이라는 쌀의 이름이 적혀 있습니다.",이미지에는 4kg 쌀이 포장된 모습입니다.,이미지에는 4kg 쌀 들다 포장지가 있고 그 옆에는 쌀이 담긴 그릇이 있습니다.,reused,ok,ok,ok
fruits_nuts_rice,hyperclovax,5070409,2,fruits_nuts_rice/images/kurly_5070409_2.jpg,,이미지에는 흰 쌀이 담긴 그릇이 있습니다.,이미지에는 흰 쌀이 담긴 그릇의 모습입니다.,이미지에는 흰 쌀이 담긴 그릇이 있습니다.,이미지에는 흰 쌀이 담긴 그릇이 있습니다.,reused,ok,ok,ok
fruits_nuts_rice,hyperclovax,5094562,1,fruits_nuts_rice/images/kurly_5094562_1.jpg,상품-대표-이미지 1,이미지에는 타무르 프리미엄 데이츠 디저트 상자가 있습니다.,이미지에는 상자 안에 데이츠 디저트가 들어 있는 상자가 열려 있고 그 아래에 타무르 상자가 놓여 있습니다.,이미지에는 데이츠 디저트가 들어있는 상자가 열려 있고 그 아래에는 상표명이 적힌 상자가 놓여 있습니다.,"이미지에는 데이츠 디저트 상자가 있으며, 상자에는 '타무르 프리미엄 데이츠 디저트'라는 글씨가 적혀 있습니다.",reused,ok,ok,ok
fruits_nuts_rice,hyperclovax,5094562,2,fruits_nuts_rice/images/kurly_5094562_2.jpg,,이미지에는 12개의 호두가 들어간 라즈베리향 바클라바가 담긴 상자가 있습니다.,"이미지에는 12개의 바클라바가 들어 있는 상자가 있으며, 상자 안쪽에는 'T'AMUR'이라는 글씨가 적혀 있습니다.",이미지에는 호두와 라즈베리가 들어간 바클라바가 12개 들어 있는 상자가 있습니다.,이미지에는 호두와 라즈베리 향이 들어간 바클라바가 12개 들어 있는 상자가 있습니다.,reused,ok,ok,ok
fruits_nuts_rice,hyperclovax,5121007,1,fruits_nuts_rice/images/kurly_5121007_1.jpg,상품-대표-이미지 1,이미지에는 유기농 쌀이 포장된 제품이 있습니다.,이미지에는 유기농 쌀이 담긴 포장 제품이 있습니다.,이미지에는 유기농 쌀이 담긴 포장 제품이 있습니다.,이미지에는 유기농 쌀 포장 제품이 있습니다.,reused,ok,ok,ok
fruits_nuts_rice,hyperclovax,5121007,2,fruits_nuts_rice/images/kurly_5121007_2.jpg,,이미지에는 흰 쌀밥이 담긴 흰색 그릇이 있습니다.,이미지에는 흰 쌀밥이 담긴 흰색 그릇이 있습니다.,이미지에는 흰 쌀밥이 담긴 흰색 그릇이 있습니다.,이미지에는 흰 쌀밥이 담긴 흰색 그릇이 있습니다.,reused,ok,ok,ok
fruits_nuts_rice,hyperclovax,5132780,1,fruits_nuts_rice/images/kurly_5132780_1.jpg,상품-대표-이미지 1,이미지에는 접시 위에 놓인 키위 과일이 있습니다.,이미지에는 키위 과일 여러 개가 놓인 접시가 있습니다.,이미지에는 키위 과일이 놓인 접시가 있습니다.,,reused,ok,ok,no_keywords
fruits_nuts_rice,hyperclovax,5132780,2,fruits_nuts_rice/images/kurly_5132780_2.jpg,,이미지에는 테이블 위에 놓인 키위 과일들이 있습니다.,이미지에는 테이블 위에 놓인 키위 과일들이 있습니다.,이미지에는 테이블 위에 놓인 키위 과일들이 있습니다.,이미지에는 테이블 위에 놓인 키위 과일이 있습니다.,reused,ok,ok,ok
fruits_nuts_rice,hyperclovax,5134096,1,fruits_nuts_rice/images/kurly_5134096_1.jpg,상품-대표-이미지 1,이미지에는 쌀이 담긴 포장 용기가 있습니다.,"이미지에는 쌀이 담긴 포장 용기가 있으며, 포장 용기 위쪽에는 쌀이 담긴 그릇이 놓여 있습니다.",이미지에는 쌀이 담긴 포장 용기가 있습니다.,이미지에는 쌀이 담긴 포장 용기가 있습니다.,reused,ok,ok,ok
fruits_nuts_rice,hyperclovax,5134096,2,fruits_nuts_rice/images/kurly_5134096_2.jpg,,이미지에는 흰 쌀이 담긴 그릇이 있습니다.,이미지에는 흰 쌀이 담긴 그릇이 있습니다.,이미지에는 흰 쌀이 담긴 그릇이 있습니다.,이미지에는 흰 쌀이 담긴 그릇이 있습니다.,reused,ok,ok,ok
fruits_nuts_rice,hyperclovax,5159977,1,fruits_nuts_rice/images/kurly_5159977_1.jpg,상품-대표-이미지 1,이미지에는 노란색 천 위에 놓인 복숭아들이 있습니다.,이미지에는 노란색 천 위에 놓인 복숭아들이 있습니다.,이미지에는 노란색 천 위에 놓인 천 복숭아들이 있습니다.,이미지에는 노란색 천 위에 놓인 복숭아와 그 일부가 잘려져 있는 모습이 있습니다.,reused,ok,ok,ok
fruits_nuts_rice,hyperclovax,5159977,2,fruits_nuts_rice/images/kurly_5159977_2.jpg,,이미지에는 껍질이 벗겨진 복숭아와 껍질이 그대로 있는 복숭아 세 개가 있습니다.,이미지에는 껍질이 벗겨진 복숭아 세 개가 노란색 천 위에 놓여 있습니다.,이미지에는 껍질 그대로 벗겨지다 복숭아 세 개가 있습니다.,이미지에는 껍질 그대로 복숭아 세 개가 있습니다. 껍질을 벗기지 않은 복숭아 세 개와 껍질을 벗긴 복숭아 한 개가 노란색 천 위에 놓여 있습니다.,reused,ok,ok,ok
fruits_nuts_rice,hyperclovax,5162187,1,fruits_nuts_rice/images/kurly_5162187_1.jpg,상품-대표-이미지 1,이미지에는 흰색 바탕 위에 놓인 바구니에 담긴 귤과 귤 반쪽이 있습니다.,이미지에는 흰색 바탕 위에 놓인 바구니에 담긴 귤과 귤 반쪽이 있습니다.,이미지에는 흰색 바탕 위에 놓인 귤이 담긴 바구니의 모습입니다.,이미지에는 흰색 바탕 위에 놓인 귤이 담긴 바구니의 모습입니다.,reused,ok,ok,ok
fruits_nuts_rice,hyperclovax,5162187,2,fruits_nuts_rice/images/kurly_5162187_2.jpg,,이미지에는 흰색 배경 위에 놓인 귤과 그릇에 담긴 귤이 있습니다.,"이미지에는 흰색 배경 위에 귤이 놓여 있으며, 그중 일부는 반으로 잘려 내부의 과육이 드러나 있습니다.",이미지에는 귤이 흰색 배경 위에 놓여 있습니다.,이미지에는 흰색 배경 위에 귤이 놓여 있습니다.,reused,ok,ok,ok
fruits_nuts_rice,qwen3,1000030900,1,fruits_nuts_rice/images/kurly_1000030900_1.jpg,상품-대표-이미지 1,"“정미소 비단쌀”이라고 적힌 4kg짜리 흰색 쌀 봉지 위에 작은 밥그릇이 놓여 있으며, 이 모든 것이 연회색 바탕 위에 놓여 있다.","밝은 회색 바탕 위에 ""Jeongmi So"" ""Bidan Sall"" 쌀이 든 흰색 4kg 봉지와 그 위에 작은 밥그릇이 놓여 있다.","회색 바탕 위에 ""Jeongmi So"" ""Bidan Sall"" 쌀이 든 흰색 4kg 봉지와 그 위에 작은 밥그릇이 놓여 있다.","회색 바탕 위에 ""Jeongmi So"" (정미소) ""Bidan Sall"" (비단쌀) 쌀이 든 흰색 4kg 봉지가 놓여 있고, 그 위에는 작은 그릇에 담긴 밥이 놓여 있다.",reused,ok,ok,ok
fruits_nuts_rice,qwen3,1000030900,2,fruits_nuts_rice/images/kurly_1000030900_2.jpg,,밝은 회색 바탕 위에 흰 쌀알로 가득 찬 하얀 그릇이 놓여 있다.,"밝은 회색 바탕 위에, 흰 쌀알로 가득 차 신선하고 풍성해 보이는 하얀 그릇이 놓여 있다.",밝은 회색 바탕 위에 흰 쌀알로 가득 찬 하얀 그릇이 놓여 있다.,흰 쌀알로 가득 차 신선하고 풍성해 보이는 하얀 그릇이 연회색 바탕 위에 놓여 있다.,reused,ok,ok,ok
fruits_nuts_rice,qwen3,1000032485,1,fruits_nuts_rice/images/kurly_1000032485_1.jpg,상품-대표-이미지 1,밝은 배경 위에 냉동 블루베리 한 봉지와 그 위에 같은 블루베리가 담긴 작은 그릇이 놓여 있다.,"밝은 배경 위에, 그 위에 냉동 블루베리 한 그릇이 놓인 흰색 ""Frozen Blueberry"" (블루베리) 포장지가 놓여 있다.","밝고 질감이 느껴지는 배경 위에, ""Frozen Blueberry"" (농동 블루베리)의 흰색 패키지와 그 위에 얼린 블루베리 한 그릇이 놓여 있다.","밝고 질감이 느껴지는 배경 위에, ""Frozen Blueberry"" (농동 블루베리)의 흰색 패키지와 그 위에 작은 그릇에 담긴 냉동 블루베리가 놓여 있다.",reused,ok,ok,ok
fruits_nuts_rice,qwen3,1000032485,2,fruits_nuts_rice/images/kurly_1000032485_2.jpg,,서리가 내린 듯한 겉면이 덮인 냉동 블루베리로 가득 찬 하얀 그릇이 연회색 표면 위에 놓여 있다.,"서리가 내린 듯한 흰색 층으로 표면이 덮인 냉동 블루베리가 가득 담긴 하얀 그릇이, 밝은 색의 질감이 느껴지는 표면 위에 놓여 있다.",얼어붙은 블루베리로 가득 찬 하얀 그릇. 블루베리의 차가운 표면에는 서리가 맺혀 반짝이고 있다.,"서리가 내린 듯한 흰색 층으로 표면이 덮인 냉동 블루베리가 가득 담긴 하얀 그릇이, 밝은 회색의 질감이 느껴지는 표면 위에 놓여 있다.",reused,ok,ok,ok
fruits_nuts_rice,qwen3,1000048867,1,fruits_nuts_rice/images/kurly_1000048867_1.jpg,상품-대표-이미지 1,"산 풍경이 그려진 10kg짜리 보라색 쌀 봉지로, 그 위에는 작은 밥그릇이 그려져 있습니다.","산 풍경 일러스트가 그려진 보라색 ""Siwolmi Soo"" 쌀 10kg 봉지 위에 작은 밥그릇이 놓여 있다.","산 풍경 일러스트가 그려진 보라색 ""Siwolmi Soo"" 쌀 10kg 봉지 위에 작은 밥그릇이 놓여 있다.","산 풍경이 그려진 10kg짜리 보라색 쌀 봉지로, 그 위에 밥 한 그릇이 그려져 있습니다.",reused,ok,ok,ok
fruits_nuts_rice,qwen3,1000048867,2,fruits_nuts_rice/images/kurly_1000048867_2.jpg,,"밝은 회색 배경 위에, 흰 쌀알로 가득 찬 흰 그릇이 놓여 있다.","밝은 회색 배경 위에, 흰 쌀알로 가득 차 있어 풍성하고 신선해 보이는 하얀 그릇이 놓여 있다.",밝은 회색 배경 위에 흰 쌀알로 가득 찬 하얀 그릇이 놓여 있다.,밝은 회색 배경 위에 흰 쌀알로 가득 찬 하얀 그릇이 놓여 있다.,reused,ok,ok,ok
fruits_nuts_rice,qwen3,1000066062,1,fruits_nuts_rice/images/kurly_1000066062_1.jpg,상품-대표-이미지 1,"검은색 뚜껑이 달린 투명한 원통형 용기에는 검은색, 흰색, 갈색 등 다양한 곡물과 씨앗이 섞여 들어 있으며, 흰색 라벨에는 한국어로 된 글자가 적혀 있다.","검은색 뚜껑이 달린 투명한 원통형 용기에는 검은색, 흰색, 갈색 등 다양한 곡물이 섞여 들어 있으며, 흰색 라벨에는 한국어 문구와 녹색 로고가 인쇄되어 있다.","검은색 뚜껑이 달린 투명한 원통형 용기에는 검은색, 흰색, 갈색 등 다양한 곡물과 씨앗이 섞여 들어 있으며, 한국어로 된 라벨이 붙어 있다.","검은색 뚜껑이 달린 투명한 원통형 용기에는 검은색, 흰색, 갈색 씨앗 등 다양한 곡물이 섞여 들어 있으며, 한국어로 된 듯한 라벨이 붙어 있다.",reused,ok,ok,ok
fruits_nuts_rice,qwen3,1000066062,2,fruits_nuts_rice/images/kurly_1000066062_2.jpg,,"흰쌀, 검은쌀, 현미 등 다양한 종류의 쌀이 섞여 있는 그릇으로, 쌀알들이 자연스러운 상태로 섞인 채로 쌓여 있다.","흰쌀, 검은쌀, 현미 등 다양한 종류의 쌀이 섞여 담긴 밝은 색의 그릇이, 소박하고 자연스러운 분위기 속에서 놓여 있다.","흰쌀, 검은쌀, 현미 등 다양한 종류의 쌀이 섞여 담긴 밝은 색의 그릇이 무채색 바탕 위에 놓여 있다.","흰쌀, 검은쌀, 현미 등 다양한 종류의 쌀이 섞여 있는 밝은 색의 그릇으로, 쌀알들이 자연스럽고 살짝 쌓인 듯한 모양으로 담겨 있다.",reused,ok,ok,ok
fruits_nuts_rice,qwen3,1000102438,1,fruits_nuts_rice/images/kurly_1000102438_1.jpg,상품-대표-이미지 1,"검은 상자 안에는 15개의 빨간 사과가 들어 있는데, 각 사과는 작고 예쁜 종이컵에 담겨 3×5 격자 모양으로 배열되어 있다.",3×5 격자 모양으로 배열된 15개의 빨간 사과가 들어 있는 검은 상자. 각 사과는 장식용 종이컵에 담겨 있다.,"베이지색 배경 위에, 종이컵에 하나씩 담겨 있는 빨간 사과들이 3x5 격자 모양으로 가지런히 배열된 검은색 직사각형 상자.","3x5 격자 무늬가 있는 검은색 직사각형 상자 안에는 15개의 빨간 사과가 들어 있으며, 각 사과는 장식용 주름진 종이컵에 담겨 있습니다.",reused,ok,ok,ok
fruits_nuts_rice,qwen3,1000102438,2,fruits_nuts_rice/images/kurly_1000102438_2.jpg,,"검은 상자 안에는 15개의 빨간 사과가 들어 있는데, 각 사과는 작고 흰색의 주름진 종이컵에 담겨 있다.","물결 모양의 가장자리가 있는 종이컵에 하나씩 담겨 있는 붉은 사과 15개가, 3×5 격자 모양으로 가지런히 배열된 검은 상자.",15개의 빨간 사과가 들어 있는 검은 상자. 각 사과는 흰색의 주름진 종이컵에 하나씩 담겨 있다.,검은 상자 안에는 흰색 주름진 종이컵에 하나씩 담겨 있는 빨간 사과 15개가 들어 있다.,reused,ok,ok,ok
fruits_nuts_rice,qwen3,1000118138,1,fruits_nuts_rice/images/kurly_1000118138_1.jpg,상품-대표-이미지 1,“백진주”라고 적힌 Lgrow 브랜드의 파란색 쌀 봉지(4kg)가 연회색 바탕 위에 놓여 있다. 봉지 위쪽에는 작은 그릇에 담긴 밥이 보인다.,"4kg짜리 ""Baekjinju"" 쌀이 든 파란색 봉지 위에, 연회색 바탕 위에 작은 밥그릇이 놓여 있다.","파란색 4kg짜리 Lgrow ""Bakjinju"" 쌀 봉지 위에, 연회색 바탕 위에 작은 그릇에 담긴 밥이 놓여 있다.","파란색 4kg짜리 Lgrow ""백진주"" 쌀 봉지 위에, 연회색 바탕 위에 작은 그릇에 담긴 밥이 놓여 있다.",reused,ok,ok,ok
fruits_nuts_rice,qwen3,1000118138,2,fruits_nuts_rice/images/kurly_1000118138_2.jpg,,반점 무늬가 있는 밝은 색의 도자기 그릇에 하얀 쌀알들이 가지런히 담겨 있다.,"얼룩덜룩한 흙빛 무늬가 있고 가장자리가 갈색인 밝은 색상의 도자기 그릇에 흰색의 생쌀이 가득 담겨 있으며, 그 그릇은 중성적인 회색 바탕 위에 놓여 있다.","얼룩덜룩한 흙빛 무늬가 있는 밝은 색상의 도자기 그릇에 흰색 생쌀알이 넉넉하게 담겨 있으며, 질감이 느껴지는 중성적인 배경 위에 놓여 있다.","흰 쌀알이 가득 담긴 밝은 색상의 도자기 그릇으로, 겉면에는 얼룩덜룩한 흙빛 무늬가 새겨져 있다.",reused,ok,ok,ok
fruits_nuts_rice,qwen3,1000122762,1,fruits_nuts_rice/images/kurly_1000122762_1.jpg,상품-대표-이미지 1,"흰색 질감의 천 위에 몇 개의 빨간 사과가 놓여 있는 정물 사진이다. 사과 중 일부는 통째로 있고, 일부는 반으로 잘려 있다. 사과 두 개는 빨간색 밀봉 스티커가 붙은 투명한 비닐봉지에 들어 있으며, 포장지에는 한국어 문구가 적혀 있다. 사과 한 개는 반으로 잘려 있어 연한 노란색 과육과 씨앗이 드러나 있다.","흰 천 위에 몇 개의 빨간 사과가 놓여 있는 정물 사진으로, 사과 중 일부는 통째로 있고 일부는 반으로 잘려 있으며, 포장된 사과 두 개가 함께 놓여 있는데 그중 하나는 일부가 잘려 있다.","포장된 채로 진열된, 흰 천 위에 빨간 사과 몇 개가 놓여 있는데, 그중 일부는 통째로 있고 일부는 반으로 잘려 있다.","흰색 질감이 있는 천 위에 통째로 있는 것과 반으로 잘린 것이 섞여 있는 여러 개의 빨간 사과가 놓여 있고, 사과가 들어 있는 투명한 플라스틱 포장지 두 개가 함께 배치된 정물 사진으로, 그중 하나에는 한국어 라벨이 붙어 있다.",reused,ok,ok,ok
fruits_nuts_rice,qwen3,1000122762,2,fruits_nuts_rice/images/kurly_1000122762_2.jpg,,"흰색 천 위에 놓인 여러 개의 빨간 사과를 클로즈업한 사진이다. 사과 중 일부는 통째로 있고, 두 개는 반으로 잘려 연한 노란색 과육과 씨앗이 드러나 있다. 사과 한 개는 빨간색 밀봉 스티커가 붙은 투명한 비닐봉지에 들어 있다.","흰색 천 위에 놓인 여러 개의 빨간 사과를 클로즈업한 사진으로, 일부는 통째로 있고 두 개는 반으로 잘려 연노란색 과육이 드러나 있으며, 배경에는 비닐봉지와 빨간색 봉인 스티커가 보인다.","하얀 천 위에 놓인 여러 개의 빨간 사과를 클로즈업한 사진으로, 그중 두 개는 반으로 잘려 연노란색 과육이 드러나 있고, 몇 개는 아직 비닐 포장지에 싸인 채로 있다.","하얀 천 위에 놓인 여러 개의 빨간 사과를 클로즈업한 사진으로, 그중 두 개는 반으로 잘려 연노란색 과육이 드러나 있고, 한 개는 여전히 빨간색 플라스틱 포장지에 싸인 채로 있다.",reused,ok,ok,ok
fruits_nuts_rice,qwen3,1000144509,1,fruits_nuts_rice/images/kurly_1000144509_1.jpg,상품-대표-이미지 1,"KF365 컬리 프레시 쌀 4kg 한 봉지와, 밝은 회색 바탕 위에 그 옆에 작은 밥그릇이 놓여 있다.","밝은 회색 바탕 위에 ""KF365 KURLY FRESH"" 쌀 4kg이 든 흰색 봉지와 그 옆에 작은 밥그릇이 놓여 있다.","""Kurly Fresh"" 라벨이 붙어 있고, 그 옆에 작은 그릇에 담긴 ""KF365 Kurly Fresh"" 쌀이 놓여 있는 4kg짜리 쌀 봉지.","쌀알이 보이는 투명 창이 있는 4kg짜리 ""KF365 Kurly Fresh"" 쌀 한 봉지가 연회색 바탕 위에 진열되어 있고, 그 옆에는 작은 그릇에 담긴 밥이 놓여 있다.",reused,ok,ok,ok
fruits_nuts_rice,qwen3,1000144509,2,fruits_nuts_rice/images/kurly_1000144509_2.jpg,,밝은 회색 바탕 위에 흰 쌀알이 가득 담긴 하얀 그릇.,"밝은 회색 배경 위에, 흰 쌀알로 가득 차 신선하고 풍성해 보이는 흰 그릇이 놓여 있다.","밝은 회색의 질감이 느껴지는 표면 위에, 흰 쌀알로 가득 찬 하얀 그릇이 놓여 있다.","밝은 회색의 질감이 느껴지는 배경 위에, 흰 쌀알로 가득 찬 하얀 그릇이 놓여 있다.",reused,ok,ok,ok
fruits_nuts_rice,qwen3,1000253378,1,fruits_nuts_rice/images/kurly_1000253378_1.jpg,상품-대표-이미지 1,"연두색 접시 위에 냉동 블루베리가 가득 담겨 있고, 그 위에 은색 숟가락 하나가 놓여 있다. 베리들은 짙은 파란색에 서리가 내린 듯한 겉면이 돋보이며, 접시는 연회색 바탕 위에 놓여 있다.","회색 배경 위에, 얼린 블루베리가 가득 담긴 연한 녹색 접시가 놓여 있고, 그 가장자리에 은색 숟가락이 기대어 있다.","회색 배경 위에, 얼린 블루베리가 가득 담긴 연한 녹색 접시가 놓여 있고, 그 가장자리에 은색 숟가락이 기대어 있다.","회색 배경 위에, 얼린 블루베리가 가득 담긴 연한 녹색 접시가 놓여 있고, 그 가장자리에 은색 숟가락이 기대어 있다.",reused,ok,ok,ok
fruits_nuts_rice,qwen3,1000253378,2,fruits_nuts_rice/images/kurly_1000253378_2.jpg,,"얼린 블루베리가 가득 담긴 연한 녹색 접시의 클로즈업 사진으로, 전경에는 블루베리 몇 알을 얹은 은색 숟가락이 놓여 있다.","연두색 접시에 얼린 블루베리가 가득 담겨 있고, 전경에는 블루베리 몇 알을 얹은 은색 숟가락이 놓여 있다.","얼린 블루베리가 가득 담긴 연한 녹색 접시의 클로즈업 사진으로, 전경에는 블루베리 몇 알을 얹은 숟가락이 놓여 있다.","얼린 블루베리가 가득 담긴 연한 녹색 접시의 클로즈업 사진으로, 전경에는 블루베리 몇 알을 얹은 숟가락이 놓여 있다.",reused,ok,ok,ok
fruits_nuts_rice,qwen3,1000338204,1,fruits_nuts_rice/images/kurly_1000338204_1.jpg,상품-대표-이미지 1,밝은 회색 바탕 위에 냉동 블루베리 한 봉지와 그 위에 신선한 블루베리 한 그릇이 놓여 있다.,"보라색과 초록색 플라스틱 봉지에 담긴 1kg짜리 냉동 블루베리 한 팩과, 그 위 밝은 회색 표면 위에 놓인 신선한 블루베리가 담긴 그릇.","보라색과 초록색 봉지에 담긴 1kg짜리 냉동 블루베리 한 팩과, 그 위 밝은 회색 바탕 위에 놓인 신선한 블루베리 한 그릇.","밝은 회색 바탕 위에 1kg짜리 냉동 블루베리 한 팩이 놓여 있고, 그 위에는 같은 블루베리가 담긴 그릇이 놓여 있다.",reused,ok,ok,ok
fruits_nuts_rice,qwen3,1000338204,2,fruits_nuts_rice/images/kurly_1000338204_2.jpg,,얼린 블루베리로 가득 찬 흰색 그릇. 블루베리의 짙은 보라색과 차가운 질감이 돋보인다.,얼린 블루베리가 가득 담긴 흰색 그릇. 블루베리의 짙은 보라색과 울퉁불퉁한 표면이 드러나 있다.,"검고 얼어붙은 블루베리로 가득 찬 하얀 그릇에, 블루베리의 진하고 입체감 있는 모습이 돋보인다.","짙은 보라색의 얼린 블루베리로 가득 찬 흰색 그릇. 블루베리는 진하고 깊은 보라색을 띠고 있으며, 표면에는 약간의 질감이 느껴진다.",reused,ok,ok,ok
fruits_nuts_rice,qwen3,1000763360,1,fruits_nuts_rice/images/kurly_1000763360_1.jpg,상품-대표-이미지 1,"밝은 파란색 접시 위에 싱싱한 초록색 포도 한 송이가 놓여 있고, 그 옆의 밝은 회색 바탕 위에는 반으로 잘린 포도 두 조각이 놓여 있다.","하늘색 접시 위에 선명한 녹색 포도 한 송이가 놓여 있고, 그 옆에는 잘라 놓은 포도 반쪽 두 개가 놓여 있다.","밝은 회색 배경 위에, 연한 파란색 접시에 싱그러운 초록색 포도 한 송이가 담겨 있고, 그 주위에는 잘라 놓은 포도 조각 몇 개가 흩어져 있다.","하늘색 접시 위에는 싱싱하고 선명한 초록색 포도 한 송이가 놓여 있고, 그 옆의 연회색 표면 위에는 잘라 놓은 포도 두 조각이 놓여 있다.",reused,ok,ok,ok
fruits_nuts_rice,qwen3,1000763360,2,fruits_nuts_rice/images/kurly_1000763360_2.jpg,,"흰 접시 위에 갓 따온 듯한 싱그러운 초록색 포도 한 송이가 놓여 있으며, 그중 몇 알은 반으로 잘려 있다. 포도는 윤기가 나고 즙이 가득해 보이며, 표면에는 물방울 몇 방울이 맺혀 있다.","흰 접시 위에 놓인 싱싱하고 푸른 포도 한 송이와, 그중 몇 알은 반으로 잘려 있다.","흰 접시 위에는 싱싱하고 생기 넘치는 초록색 포도 한 묶음이 놓여 있는데, 어떤 것은 통째로 있고 어떤 것은 반으로 잘려 있으며, 물방울이 반짝이고 있다.","가볍고 부드러운 배경의 흰 접시 위에, 일부는 통째로, 일부는 반으로 잘린 신선하고 생기 넘치는 초록색 포도 한 묶음이 놓여 있다.",reused,ok,ok,ok
fruits_nuts_rice,qwen3,1000858612,1,fruits_nuts_rice/images/kurly_1000858612_1.jpg,상품-대표-이미지 1,"“KF365 KOREA FRESH”라고 적힌 라벨이 붙은, 파인애플 조각 몇 개가 들어 있는 플라스틱 용기가 회색 바탕 위에 놓여 있다. 그 앞에는 흰색 접시 위에 파인애플 조각 두 개가 담겨 있다.","‘""KF365 KOREA FRESH,""’라고 적힌 얇게 썬 파인애플이 담긴 플라스틱 용기가 흰 접시 위에 두 조각 놓여 있는 모습이 보인다.","‘""KF365 KOREA FRESH""’라고 적힌 플라스틱 용기에 파인애플 조각 몇 개가 담겨 있고, 흰 접시 위에 놓인 파인애플 조각 두 개와 나란히 보여진다.","‘""KF365 KOREA FRESH""’라고 적힌 라벨이 붙은 플라스틱 용기 안에는 파인애플 조각이 몇 개 들어 있으며, 그 앞의 흰 접시 위에는 파인애플 조각 두 개가 놓여 있다.",reused,ok,ok,ok
fruits_nuts_rice,qwen3,1000858612,2,fruits_nuts_rice/images/kurly_1000858612_2.jpg,241008_kurly0582_KF365 ????????????????1kg.jpg,흰 접시 위에 파인애플 조각 세 개가 놓여 있다.,흰 접시 위에 싱싱한 노란 파인애플 세 조각이 놓여 있다.,껍질을 벗긴 파인애플 세 조각이 흰 접시 위에 놓여 있다.,하얀 접시 위에 노란 파인애플 조각 세 개가 놓여 있다.,reused,ok,ok,ok
fruits_nuts_rice,qwen3,1000867509,1,fruits_nuts_rice/images/kurly_1000867509_1.jpg,상품-대표-이미지 1,"“7일향미”라고 적힌 4kg짜리 쌀 한 포대가 연한 녹색 바탕 위에 놓여 있고, 그 옆에는 작은 그릇에 담긴 밥 한 그릇과 밀 이삭 한 개가 놓여 있다.","밝은 녹색 배경 위에, 밥 한 그릇과 벼 이삭과 함께 진열된 4kg짜리 ""7일향미""(7일 향) 쌀 포장지.","연두색 배경 위에 밥 한 그릇과 벼 이삭 한 개와 함께 진열된 ""7일향미""(7일 지속 향) 쌀 4kg 포장.","밝은 녹색 배경 위에 ""7일향미"" 쌀 4kg 봉지가 놓여 있으며, 그 옆에는 밥 한 그릇과 볏짚 한 줄기가 함께 보여진다.",reused,ok,ok,ok
fruits_nuts_rice,qwen3,1000867509,2,fruits_nuts_rice/images/kurly_1000867509_2.jpg,,"“7일향미”라고 적힌 4kg짜리 흰 쌀 봉지가 연한 녹색 바탕 위에 놓여 있으며, 그 옆에는 쌀알과 벼 이삭 몇 개가 담긴 작은 그릇이 있다. 왼쪽에는 흰 천이 놓여 있다.","밝은 녹색과 흰색의 질감이 느껴지는 표면 위에 4kg짜리 ""7일향미""(7일 향기) 쌀 한 봉지, 쌀알이 담긴 그릇, 그리고 말린 벼줄기가 놓인 미니멀한 정물화.","연두색 바탕 위에 밥 한 그릇, 마른 벼 이삭, 흰 천과 함께 진열된 4kg짜리 ""7일향미""(7일 향기) 쌀 포장지.","4kg짜리 ""7일향미""(7일용 향기) 쌀 한 봉지, 쌀 한 그릇, 그리고 말린 벼 이삭이 부드러운 녹색과 흰색의 질감이 느껴지는 표면 위에 배치된 미니멀한 정물화.",reused,ok,ok,ok
fruits_nuts_rice,qwen3,1000867511,1,fruits_nuts_rice/images/kurly_1000867511_1.jpg,상품-대표-이미지 1,"쌀알 그림이 작게 그려진 “7일향미”라고 적힌 8kg짜리 흰색 쌀 봉지가, 볏이 한 줄기와 밥 한 그릇이 옆에 놓인 연한 녹색 바탕 위에 놓여 있다.","쌀알 이미지가 들어간 미니멀한 디자인의 8kg짜리 ""7일향미"" 쌀이 담긴 흰색 봉지가 연한 녹색 바탕 위에 놓여 있으며, 그 옆에는 벼 이삭 한 줄기와 밥 한 그릇이 놓여 있다.","부드러운 녹색과 베이지색 배경 위에 벼 이삭과 밥 한 그릇과 함께 진열된 ""7-day fragrance"" 백미 8kg 흰색 봉지.","‘""7일향미""(7일 향기)’라고 적힌 흰색 8kg 백미 봉지가 연한 녹색 바탕 위에 놓여 있으며, 그 옆에는 작은 밥그릇, 말린 벼 이삭, 그리고 부드럽고 자연스러운 배경이 함께 어우러져 있다.",reused,ok,ok,ok
fruits_nuts_rice,qwen3,1000867511,2,fruits_nuts_rice/images/kurly_1000867511_2.jpg,,"“7일향미”라고 적힌 8kg짜리 쌀 한 포대가 연한 녹색 바탕 위에 놓여 있으며, 그 옆에는 작은 그릇에 담긴 밥과 말린 벼줄기가 함께 놓여 있다. 포장은 흰색 바탕에 한국어 문구가 적힌 미니멀한 디자인이다.","밝은 녹색과 베이지색 배경 위에, 8kg짜리 ""7일향미""(7일 향기) 쌀 한 봉지와 작은 밥그릇, 그리고 말린 볏짚이 담긴 미니멀한 사진.","8kg짜리 ""7일향미"" 쌀이 담긴 심플한 흰색 봉지가, 은은한 녹색과 베이지색 배경 위에 밥 한 그릇, 종이 한 장, 마른 벼 이삭과 함께 진열되어 있다.","‘""7일향미""(7일 향기)’라고 적힌 8kg 쌀 포대와 밥 한 그릇, 마른 벼 이삭이 연한 녹색과 베이지색 배경 위에 놓여 있는 미니멀한 사진.",reused,ok,ok,ok
fruits_nuts_rice,qwen3,1000908371,1,fruits_nuts_rice/images/kurly_1000908371_1.jpg,상품-대표-이미지 1,"밝은 색의 천 위에 빨간 사과 한 상자가 놓여 있고, 그 주위에는 통사과와 썰어 놓은 사과 몇 개가 흩어져 있어, 선명한 붉은 껍질과 아삭아삭한 하얀 과육을 뽐내고 있다.","밝은 색의 천 위에, 몇 개는 반으로 잘려 아삭하고 즙이 풍부한 속살이 드러난 빨간 사과 한 상자가 놓여 있다.","밝은 색의 천 위에, 몇 개는 반으로 잘려 아삭하고 즙이 풍부한 속살이 드러난 빨간 사과 한 상자가 놓여 있다.","빨간 사과 한 상자가 있고, 천 위에는 사과 몇 개가 흩어져 있으며, 그중 일부는 반으로 잘려 아삭하고 즙이 풍부한 속이 드러나 있다.",reused,ok,ok,ok
fruits_nuts_rice,qwen3,1000908371,2,fruits_nuts_rice/images/kurly_1000908371_2.jpg,,"붉은 사과 여러 개를 클로즈업한 사진으로, 일부는 통째로 있고 하나는 반으로 잘려 있으며, 그 중 두 조각이 베이지색 천 위에 놓여 있다. 배경에는 골판지 상자가 일부 보인다.","베이지색 천 위에 놓인 여러 개의 빨간 사과를 클로즈업한 사진으로, 일부는 통째로 있고 하나는 반으로 잘려 두 조각이 나 있는 상태이며, 그 옆에는 골판지 상자가 놓여 있다.","베이지색 천 위에 놓인 여러 개의 빨간 사과를 클로즈업한 사진으로, 일부는 통째로 있고 하나는 반으로 잘려 두 조각이 나 있으며, 배경에는 골판지 상자가 부분적으로 보인다.","베이지색 천 위에 놓인 여러 개의 빨간 사과—일부는 통째로 있고, 하나는 반으로 잘려 두 조각이 된 상태—를 클로즈업한 정물 사진으로, 배경에는 골판지 상자가 부분적으로 보인다.",reused,ok,ok,ok
fruits_nuts_rice,qwen3,1000973922,1,fruits_nuts_rice/images/kurly_1000973922_1.jpg,상품-대표-이미지 1,"밝은 회색 바탕 위에 흰색 상자와 KF365 Kurly Fresh 혼합 견과류 소포장이 놓여 있으며, 상자 앞쪽에는 견과류가 담긴 작은 흰색 접시가 놓여 있습니다.","밝은 회색 바탕 위에 흰색 상자와 ""KF365 KURLY FRESH"" 혼합 견과류 한 봉지, 그리고 견과류가 담긴 작은 흰색 접시가 놓여 있다.","밝은 회색 바탕 위에 흰색 상자와 ""KF365 KURLY FRESH"" 혼합 견과류 작은 봉지가 놓여 있고, 그 앞에는 견과류가 담긴 작은 접시가 놓여 있다.","밝은 회색 바탕 위에 흰색 상자와 ""KF365 KURLY FRESH"" 혼합 견과류가 들어 있는 작은 흰색 봉지, 그리고 그 앞에는 견과류가 담긴 작은 흰색 접시가 놓여 있다.",reused,ok,ok,ok
fruits_nuts_rice,qwen3,1000973922,2,fruits_nuts_rice/images/kurly_1000973922_2.jpg,pc_samjin_241209_01.jpg,"아몬드, 캐슈넛, 호두, 피칸 등 다양한 견과류가 섞여 담긴 흰색 그릇이, 한국어로 “KF365 KURLY FRESH”라고 적힌 흰색 포장지 옆의 회색 표면 위에 놓여 있다.","하얀 접시 위에는 아몬드, 캐슈넛, 피칸, 호두가 섞여 놓여 있고, 그 옆에는 한국어로 ‘""KF365 KURLY FRESH""’라고 적힌 흰색 봉지가 놓여 있다.","흰색 접시 위에는 아몬드, 캐슈넛, 호두, 피칸이 섞여 놓여 있고, 그 옆에는 한국어로 ‘""KF365 KURLY FRESH""’라고 적힌 흰색 봉지가 놓여 있다.","흰색 접시 위에는 아몬드, 호두, 캐슈넛, 피칸 등 다양한 견과류가 섞여 놓여 있고, 그 옆에는 한국어로 ‘""KF365 KURLY FRESH""’라고 적힌 흰색 포장지가 놓여 있다.",reused,ok,ok,ok
fruits_nuts_rice,qwen3,1001234463,1,fruits_nuts_rice/images/kurly_1001234463_1.jpg,상품-대표-이미지 1,"밝은 파란색 그릇에 선명한 빨간색의 타원형 방울토마토가 가득 담겨 있고, 밝은 회색 표면 위에는 몇 개가 흩어져 있다.","밝은 파란색 그릇에 선명한 빨간색의 타원형 방울토마토가 가득 담겨 있고, 밝은 색의 표면 위에는 몇 개가 흩어져 있다.","밝은 파란색 그릇에 선명한 빨간색의 타원형 방울토마토가 가득 담겨 있고, 밝은 색의 표면 위에는 몇 개가 흩어져 있다.","밝은 빨간색의 타원형 방울토마토로 가득 찬 연한 파란색 그릇 위에, 연한 회색 표면 위로 몇 개가 흩어져 있다.",reused,ok,ok,ok
fruits_nuts_rice,qwen3,1001234463,2,fruits_nuts_rice/images/kurly_1001234463_2.jpg,,"밝은 파란색 그릇에 싱싱한 붉은 체리 토마토가 가득 담겨 있고, 밝은 색의 표면 위에는 몇 개가 흩어져 있다.","밝은 파란색 그릇에 선명한 빨간색 방울토마토가 가득 담겨 있고, 밝은 색의 표면 위에는 몇 개가 흩어져 있다.","밝은 빨간색 방울토마토로 가득 찬 연한 파란색 그릇 위에, 몇 개가 옅은 색의 표면에 흩어져 있다.","밝은 빨간색 방울토마토로 가득 찬 연한 파란색 그릇 위에, 몇 개가 옅은 색의 표면에 흩어져 있다.",reused,ok,ok,ok
fruits_nuts_rice,qwen3,1001303421,1,fruits_nuts_rice/images/kurly_1001303421_1.jpg,상품-대표-이미지 1,"노란빛이 감도는 붉은 사과 네 개가 밝은 색의 천 위에 놓여 있는데, 그중 두 개는 반으로 잘려 연한 노란색 과육과 씨앗이 드러나 있다.","중성적인 배경을 배경으로, 밝은 색의 천 위에 붉은 사과 네 개가 놓여 있는데, 그중 두 개는 반으로 잘려 연한 노란색 과육과 씨앗이 드러나 있다.","중성적인 배경을 배경으로, 밝은 색의 천 위에 빨간 사과 네 개가 놓여 있으며, 그중 두 개는 반으로 잘려 있다.","중성적인 배경을 배경으로, 밝은 색의 천 위에 빨간 사과 네 개가 놓여 있는데, 그중 몇 개는 통째로 있고 하나는 반으로 잘려 있다.",reused,ok,ok,ok
fruits_nuts_rice,qwen3,1001303421,2,fruits_nuts_rice/images/kurly_1001303421_2.jpg,,"노란빛 반점이 흩뿌려진 빨간 사과들이 한 무더기로 놓여 있는데, 그중 일부는 통째로 있고 두 개는 반으로 잘려 연한 노란색 과육과 씨앗이 드러나 있으며, 이 사과들은 밝은 색의 질감이 느껴지는 천 위에 놓여 있다.","노란빛 반점이 있는 빨간 사과들이 한 무더기로 놓여 있는데, 일부는 통째로 있고 두 개는 반으로 잘려 연한 노란색 과육이 드러나 있으며, 중성적인 배경을 배경으로 밝은 색의 천 위에 놓여 있다.","밝은 색의 질감이 느껴지는 천 위에, 싱싱한 빨간색과 노란색 사과들이 한 무더기 놓여 있다. 그중 일부는 통째로 있고, 두 개는 반으로 잘려 육즙이 가득한 연한 색의 과육이 드러나 있다.","노란빛이 감도는 붉은 사과 다섯 개가 담긴 정물 사진으로, 일부는 통째로 있고 두 개는 반으로 잘려 연노란색 과육과 씨앗이 드러나 있으며, 중성적인 배경을 배경으로 밝은 색상의 질감이 느껴지는 천 위에 놓여 있다.",reused,ok,ok,ok
fruits_nuts_rice,qwen3,1001502284,1,fruits_nuts_rice/images/kurly_1001502284_1.jpg,상품-대표-이미지 1,"중성적인 회색 배경을 배경으로, 주름진 흰 천 위에 녹색 줄기가 달린 싱싱하고 짙은 빨간색 체리가 한 무더기 놓여 있다.","중성적인 회색 배경을 배경으로, 구겨진 미색 천 위에 줄기가 달린 싱싱한 붉은 체리가 한 무더기 놓여 있다.","중성적인 회색 배경을 배경으로, 구겨진 흰 천 위에 줄기가 달린 싱싱하고 붉은 체리가 한 무더기 놓여 있다.","중성적인 회색 배경 위에, 주름진 흰 천 위에 녹색 줄기가 달린 싱싱하고 붉은 체리 한 무더기가 놓여 있다.",reused,ok,ok,ok
fruits_nuts_rice,qwen3,1001502284,2,fruits_nuts_rice/images/kurly_1001502284_2.jpg,,"회색 바탕 위에 흰 천을 깔고, 그 위에 녹색 줄기와 물방울이 맺힌 싱싱한 붉은 체리가 한 무더기 놓여 있다.","주름 잡힌 흰 천 위에, 줄기가 달린 싱싱하고 윤기 나는 체리들이 한 무더기 놓여 있다.",윤기 나는 껍질에 물방울이 맺힌 싱싱한 붉은 체리 한 무더기가 흰 천 위에 놓여 있다.,"흰 천 위에, 푸른 줄기가 달린 싱싱한 붉은 체리들이 물방울을 머금은 채 한 무더기로 놓여 있다.",reused,ok,ok,ok
fruits_nuts_rice,qwen3,1001729429,1,fruits_nuts_rice/images/kurly_1001729429_1.jpg,상품-대표-이미지 1,"“고시혜카리”(Gosihye Karil)라고 적힌 10kg짜리 백미 봉지로, 금색 “특” 마크가 붙어 있으며, 한국어 문구와 그 옆에 작은 밥그릇이 그려져 있다.","금색 ""특""(스페셜) 마크가 찍힌 특별 프리미엄 백미인 ""Gosihye Karri"" 쌀 10kg 흰색 봉지와 그 옆에 놓인 작은 그릇에 담긴 쌀알들이 함께 보여진다.","‘""고시혜카리""(고시헤 카리)’라고 표시된 10kg짜리 백미 봉지에 금색 ‘""특""(스페셜)’ 엠블럼이 붙어 있으며, 그 옆에는 작은 그릇에 담긴 밥이 놓여 있다.","‘""고시혜카리""’라고 표시된 10kg짜리 백미 봉지에 금색 ‘""특""(스페셜)’ 마크가 붙어 있으며, 그 옆에는 작은 그릇에 담긴 밥이 놓여 있다.",reused,ok,ok,ok
fruits_nuts_rice,qwen3,1001729429,2,fruits_nuts_rice/images/kurly_1001729429_2.jpg,,"흰 쌀밥이 가득 담긴 흰 그릇과, 그 옆의 흰 천 위에 흩어져 있는 몇 알의 쌀알.","흰 쌀알로 가득 찬 하얀 그릇과, 흰 천 위에 그릇 주변으로 흩어져 있는 몇 알의 쌀알.","흰 쌀알로 가득 찬 하얀 그릇과, 흰 천 위에 그릇 주변으로 흩어져 있는 몇 알의 쌀알.","흰 쌀밥이 가득 담긴 흰 그릇과, 그 옆의 흰 천 위에 흩어져 있는 쌀알 몇 알.",reused,ok,ok,ok
fruits_nuts_rice,qwen3,1001882653,1,fruits_nuts_rice/images/kurly_1001882653_1.jpg,상품-대표-이미지 1,"하얀 타원형 그릇에는 빨간색과 노란색 사과 몇 개가 담겨 있고, 그중 하나는 반으로 잘려 있으며, 두 조각은 그릇 옆의 회색 표면 위에 놓여 있다.","하얀 타원형 접시 위에는 빨간색과 노란색 사과 몇 개가 놓여 있는데, 그중 하나는 반으로 잘려 있고, 그 옆의 회색 바탕 위에 사과 조각 두 개가 놓여 있다.","하얀 그릇에는 빨간 사과와 노란 사과가 몇 개 담겨 있고, 그중 하나는 반으로 잘려 있으며, 회색 바탕 위에 그 옆에 사과 조각 두 개가 놓여 있다.","하얀 그릇에는 빨간 사과와 노란 사과가 몇 개 담겨 있고, 그중 하나는 반으로 잘려 있으며, 회색 바탕 위에 그 옆에 사과 조각 두 개가 놓여 있다.",reused,ok,ok,ok
fruits_nuts_rice,qwen3,1001882653,2,fruits_nuts_rice/images/kurly_1001882653_2.jpg,,"하얀 타원형 접시 위에는 빨간색과 노란색 사과 몇 개가 놓여 있는데, 그중 하나는 반으로 잘려 과즙이 흐르는 속이 드러나 있다. 접시 옆의 회색 표면 위에는 사과 조각 두 개가 놓여 있다.","하얀 타원형 접시 위에는 빨간색과 노란색 줄무늬가 있는 사과 몇 개가 놓여 있는데, 그중 하나는 반으로 잘려 있고, 그 옆의 회색 바탕 위에 사과 조각 두 개가 놓여 있다.","하얀 타원형 접시 위에는 빨간색과 노란색 사과 몇 개가 놓여 있는데, 그중 하나는 반으로 잘려 있고, 그 옆의 회색 바탕 위에 사과 조각 두 개가 놓여 있다.","하얀 타원형 접시 위에는 빨간색과 노란색 줄무늬가 있는 사과 몇 개가 놓여 있는데, 그중 하나는 반으로 잘려 있고, 그 옆의 회색 바탕 위에 사과 조각 두 개가 놓여 있다.",reused,ok,ok,ok
fruits_nuts_rice,qwen3,1002140343,1,fruits_nuts_rice/images/kurly_1002140343_1.jpg,상품-대표-이미지 1,"파란색 테두리가 있는 흰색 타원형 접시 위에 아보카도 세 개가 놓여 있고, 접시 옆의 연회색 표면 위에는 반으로 잘린 아보카도 두 조각이 놓여 있다.","파란 테두리가 있는 흰색 타원형 접시 위에 짙은 색의 아보카도 세 개가 놓여 있고, 그 옆에는 아보카도 반쪽 두 개가 곁들여져 있으며, 이 모든 것이 밝은 회색 바탕 위에 차려져 있다.","파란색 테두리가 있는 흰색 타원형 접시 위에 아보카도 세 개가 정갈하게 놓여 있으며, 그 옆에는 반으로 잘려 녹색 과육과 갈색 씨앗이 드러난 아보카도 두 조각이 함께 놓여 있고, 이 모든 것이 연회색 바탕 위에 차려져 있다.","파란색 테두리가 있는 흰색 타원형 접시 위에 아보카도 세 개가 놓여 있고, 그 옆에는 아보카도 반쪽 두 개가 놓여 있으며, 이 모든 것이 연회색 바탕 위에 차려져 있다.",reused,ok,ok,ok
fruits_nuts_rice,qwen3,1002140343,2,fruits_nuts_rice/images/kurly_1002140343_2.jpg,241008_kurly0658_??????????????????3???.jpg,"파란 테두리가 있는 흰 접시 위에는 통 아보카도 하나, 씨를 드러낸 반으로 자른 아보카도 하나, 그리고 으깬 아보카도 한 숟가락이 담겨 있다.","파란 테두리가 있는 흰 접시 위에는 통 아보카도 하나, 씨를 드러낸 반으로 자른 아보카도 하나, 그리고 으깬 아보카도 한 숟가락이 담겨 있으며, 이 모든 것이 중성적인 배경 위에 놓여 있다.","파란 테두리가 있는 흰 접시 위에는 통 아보카도 하나, 씨를 드러낸 반으로 자른 아보카도 하나, 그리고 으깬 아보카도 한 숟가락이 담겨 있으며, 이 모든 것이 중성적인 배경 위에 놓여 있다.","파란 테두리가 있는 흰 접시 위에는 통째로 된 아보카도, 반으로 자른 아보카도, 속을 파낸 아보카도가 놓여 있으며, 과육과 씨앗이 선명하게 보인다.",reused,ok,ok,ok
fruits_nuts_rice,qwen3,5003716,1,fruits_nuts_rice/images/kurly_5003716_1.jpg,상품-대표-이미지 1,잘 익은 노란 바나나 한 다발이 밝은 색의 표면 위에 놓인 접힌 흰 천 위에 놓여 있다.,잘 익은 노란 바나나 한 다발이 밝은 색의 표면 위에 펼쳐진 흰 천 위에 놓여 있다.,잘 익은 노란 바나나 한 다발이 밝은 색의 표면 위에 펼쳐진 흰 천 위에 놓여 있다.,"끝부분이 살짝 초록빛을 띤 잘 익은 노란 바나나 한 다발이, 밝은 색의 표면 위에 펼쳐진 흰 천 위에 놓여 있다.",reused,ok,ok,ok
fruits_nuts_rice,qwen3,5003716,2,fruits_nuts_rice/images/kurly_5003716_2.jpg,,"흰색 천 위에 잘 익은 노란 바나나들이 놓여 있고, 그중 하나는 껍질을 벗겨서 그 옆의 밝은 색 바탕 위에 놓여 있다.","잘 익은 노란 바나나 한 다발이, 그중 하나는 껍질이 벗겨져 크림색의 흰 과육이 드러난 채, 밝은 색의 표면 위에 깔린 흰 천 위에 놓여 있다.","밝은 색의 바탕 위에 잘 익은 노란 바나나 한 다발이 놓여 있고, 그중 하나는 껍질을 벗겨 흰 천 위에 올려져 있다.","밝은 색의 바탕 위에 잘 익은 노란 바나나 한 다발이 놓여 있고, 그중 하나는 껍질을 벗겨 흰 천 위에 올려져 있다.",reused,ok,ok,ok
fruits_nuts_rice,qwen3,5025577,1,fruits_nuts_rice/images/kurly_5025577_1.jpg,상품-대표-이미지 1,"나무 도마 위에는 통째로 된 키위와 썰어 놓은 키위가 몇 개 놓여 있으며, 그중 하나는 반으로 잘려 노란 과육과 검은 씨가 드러나 있다. 도마 앞쪽 식탁 위에는 썰어 놓은 키위 두 조각이 놓여 있다.","나무 도마 위에는 통째로 된 키위와 썰어 놓은 키위가 여러 개 놓여 있으며, 그중 두 조각은 반으로 잘라 도마 앞쪽 표면에 놓여 있다.","밝은 회색 배경 위에 나무 도마가 놓여 있고, 그 위에는 통째로 된 키위와 썰어 놓은 키위가 여러 개 놓여 있으며, 그중 두 조각은 반으로 잘려 노란 과육과 검은 씨가 드러나 있다.","밝은 회색 배경 위에 나무 도마가 놓여 있고, 그 위에는 통째로 된 키위와 썰어 놓은 키위가 여러 개 놓여 있으며, 그중 두 조각은 반으로 잘려 노란 과육과 검은 씨가 드러나 있다.",reused,ok,ok,ok
fruits_nuts_rice,qwen3,5025577,2,fruits_nuts_rice/images/kurly_5025577_2.jpg,,"나무 도마 위에는 통째로 된 키위와 썰어 놓은 키위가 여러 개 놓여 있으며, 전경에는 반으로 잘린 키위 한 개가 노란 과육과 검은 씨를 드러내고 있다. 키위들은 갈색의 보송보송한 껍질을 가지고 있으며, “Zespri” 스티커가 붙어 있다.","나무 도마 위에는 통째로 된 키위와 썰어 놓은 키위가 여러 개 놓여 있는데, 선명한 노란색 과육과 검은 씨앗이 눈에 띄며, 과일에는 제스프리(Zespri) 스티커가 붙어 있다.","나무 도마 위에는 통째로 된 키위와 썰어 놓은 키위가 몇 개 놓여 있으며, 과일에는 제스프리(Zespri) 스티커가 붙어 있고, 그 앞쪽에는 썰어 놓은 키위 두 조각이 놓여 있다.","나무 도마 위에는 통째로 놓인 키위와 썰어 놓은 키위가 몇 개 놓여 있는데, 썰린 부분에서는 노란 과육과 검은 씨가 드러나 있으며, 과일 껍질에는 제스프리(Zespri) 스티커가 붙어 있다.",reused,ok,ok,ok
fruits_nuts_rice,qwen3,5027321,1,fruits_nuts_rice/images/kurly_5027321_1.jpg,상품-대표-이미지 1,"빨간색과 노란색 복숭아로 가득 찬 나무 그릇이, 싱그러운 녹색 잎사귀들이 주위에 흩뿌려진 흰색 천 위에 놓여 있다.","흰색 천 위에 흩뿌려진 초록색 잎사귀들 위에 놓인, 빨간색과 노란색 복숭아로 가득 찬 나무 그릇이 하얀 나무 받침대 위에 놓여 있다.","빨간색과 노란색 복숭아로 가득 찬 나무 그릇이, 주위에 초록색 나뭇잎이 흩뿌려진 흰색 천 위에 놓여 있어, 신선하고 자연스러운 정물화를 연출하고 있다.","흰색 나무 배경을 배경으로, 흰 천 위에 갓 익은 빨간색과 노란색 복숭아로 가득 찬 나무 그릇이 놓여 있고, 그 주위에는 싱그러운 녹색 잎사귀들이 흩어져 있다.",reused,ok,ok,ok
fruits_nuts_rice,qwen3,5027321,2,fruits_nuts_rice/images/kurly_5027321_2.jpg,,"붉은색과 노란색 껍질을 가진 잘 익은 복숭아 몇 개가, 물방울에 반짝이며 흰 천 위에 놓여 있고, 주변에는 초록색 잎사귀들이 흩어져 있는 모습의 클로즈업 사진.","껍질에 물방울이 맺힌 붉은색과 노란색의 싱싱한 복숭아 몇 개가, 녹색 잎사귀가 놓인 흰 천 위에 놓여 있는 모습을 클로즈업한 사진.","빨간색과 노란색 껍질을 가진 싱싱한 복숭아 여러 개가, 물방울에 반짝이며 녹색 잎사귀와 함께 흰 천 위에 놓여 있는 모습의 클로즈업 사진.","윤기 나는 껍질에 물방울이 맺힌, 잘 익은 빨간색과 노란색 복숭아 몇 개가 녹색 잎사귀가 깔린 흰 천 위에 놓여 있는 모습을 클로즈업한 사진.",reused,ok,ok,ok
fruits_nuts_rice,qwen3,5031442,1,fruits_nuts_rice/images/kurly_5031442_1.jpg,상품-대표-이미지 1,"연하늘색 바탕 위에 잘 익은 노란 바나나 여러 개가 놓여 있고, 나무 접시 위에는 껍질을 벗긴 바나나 한 개가 놓여 있다. 바나나는 얇게 썰려 있고, 접시 위에는 흰색 포크가 놓여 있으며, 바나나 껍질이 썰린 조각 주위를 감싸고 있다.","하늘색 배경 위에 잘 익은 바나나 한 다발이 놓여 있고, 그중 하나는 껍질을 벗겨 나무 접시에 썰어 놓았으며, 흰색 포크가 곁에 놓여 있다.","나무 접시 위에는 껍질을 벗기고 한 조각을 잘라낸 바나나가 놓여 있으며, 그 옆에는 바나나 껍질과 흰색 포크가 함께 놓여 있고, 배경에는 통째로 된 바나나 한 다발이 보인다.","나무 접시 위에는 껍질을 벗긴 바나나 한 개가 하얀 포크와 함께 놓여 있고, 배경에는 바나나 한 다발이 보인다.",reused,ok,ok,ok
fruits_nuts_rice,qwen3,5031442,2,fruits_nuts_rice/images/kurly_5031442_2.jpg,,"옅은 파란색 바탕 위에 잘 익은 노란 바나나들이 놓여 있고, 그중 하나는 껍질을 벗겨 나무 접시에 얇게 썰어져 있다. 하얀 포크에는 바나나 한 조각이 꽂혀 있고, 껍질은 접시 주위를 감싸고 있다.","하늘색 바탕 위에 잘 익은 바나나 한 다발이 놓여 있고, 나무 접시 위에는 껍질을 벗겨 썰어 놓은 바나나 한 개가 흰색 포크와 함께 놓여 있다.","하늘색 바탕 위에 잘 익은 바나나 한 묶음이 놓여 있고, 나무 접시 위에는 껍질을 벗겨 썰어 놓은 바나나 한 개가 흰색 포크와 함께 놓여 있으며, 접시 위에는 바나나 껍질이 일부 남아 있다.","나무 접시 위에는 껍질을 벗긴 바나나 한 개가 하얀 포크와 함께 놓여 있고, 배경의 연한 파란색 바탕 위에는 바나나 한 다발이 놓여 있다.",reused,ok,ok,ok
fruits_nuts_rice,qwen3,5034841,1,fruits_nuts_rice/images/kurly_5034841_1.jpg,상품-대표-이미지 1,"밝은 주황색의 작은 귤로 가득 찬 흰색 타원형 그릇이 연회색 바탕 위에 놓여 있는데, 그중 하나는 반으로 잘려 과즙이 흐르는 귤 조각이 드러나 있다. 그릇 옆에는 통째로 된 귤 두 개와 반으로 잘린 귤 하나가 놓여 있다.","밝은 회색 바탕 위에, 작은 주황색 귤이 가득 담긴 흰색 타원형 그릇이 놓여 있는데, 그중 일부는 반으로 잘려 과즙이 뚝뚝 흐르는 속살이 드러나 있다.","작고 선명한 주황색 귤로 가득 찬 흰색 타원형 그릇. 귤 중 일부는 통째로 있고, 하나는 반으로 잘려 있으며, 그릇 옆의 연회색 표면 위에는 귤의 나머지 반쪽이 놓여 있다.","신선하고 선명한 주황색 귤로 가득 찬 흰색 타원형 그릇. 그중 일부는 껍질을 벗기고 반으로 잘라져 있으며, 그릇 옆의 연회색 표면 위에는 통째로 남은 귤 몇 개가 놓여 있다.",reused,ok,ok,ok
fruits_nuts_rice,qwen3,5034841,2,fruits_nuts_rice/images/kurly_5034841_2.jpg,,"하얀 접시 위에는 싱싱하고 선명한 주황색 귤이 한 무더기 놓여 있는데, 그중 하나는 반으로 잘려 과즙이 가득한 귤 조각이 드러나 있다. 접시 옆 탁자 위에는 귤 두 개가 더 놓여 있는데, 그중 하나도 반으로 잘려 있다.","하얀 접시 위에는 싱싱하고 선명한 주황색 귤이 한 무더기 놓여 있는데, 그중 하나는 반으로 잘려 과즙이 가득한 귤 조각이 드러나 있고, 또 다른 귤 하나는 접시 옆 탁자 위에 통째로 놓여 있다.","흰색 접시 위에는 싱싱하고 선명한 주황색 귤이 한 무더기 놓여 있으며, 그중 두 개는 반으로 잘려 과즙이 가득한 귤 알갱이가 드러나 있고, 깔끔하고 미니멀한 흰색 배경과 조화를 이루고 있다.","하얀 접시 위에는 싱싱하고 선명한 주황색의 귤이 한 무더기 놓여 있으며, 그중 두 개는 반으로 잘려 과즙이 가득한 귤 살이 드러나 있고, 깔끔한 흰색 배경과 대비를 이루고 있다.",reused,ok,ok,ok
fruits_nuts_rice,qwen3,5035954,1,fruits_nuts_rice/images/kurly_5035954_1.jpg,상품-대표-이미지 1,"신선한 블루베리로 가득 찬 투명한 유리 그릇 두 개가 대리석 상판 위에 놓여 있고, 그 주위에는 블루베리 몇 알과 민트 잎이 흩어져 있다.",신선한 블루베리로 가득 채워진 투명한 유리 그릇 두 개가 민트 잎으로 장식되어 대리석 상판 위에 놓여 있다.,"신선한 블루베리로 가득 채워진 두 개의 사각 유리 그릇에 민트 잎을 곁들여, 대리석 상판 위에 올려놓았으며, 그 주위에는 블루베리와 민트 잎이 몇 개 흩어져 있다.","신선한 블루베리로 가득 채워진 투명한 유리 그릇 두 개가, 민트 잎이 흩뿌려진 흰색 대리석 판 위에 놓여 있고, 그 주위에는 블루베리 몇 알이 흩어져 있다.",reused,ok,ok,ok
fruits_nuts_rice,qwen3,5035954,2,fruits_nuts_rice/images/kurly_5035954_2.jpg,,"흰색 요거트가 담긴 유리 그릇 위에 신선한 블루베리와 민트 한 줄기가 올려져 있고, 그 안에는 숟가락이 놓여 있으며, 이 그릇은 흰색 접시 위에 놓여 있다. 그 옆에는 질감이 느껴지는 회색 표면 위에 블루베리가 더 가득 담긴 투명한 유리 그릇이 놓여 있다.","블루베리와 민트가 얹어진 흰색 요거트 그릇이 숟가락과 함께 흰색 접시에 담겨 회색 질감의 표면 위에 놓여 있고, 그 옆에는 신선한 블루베리가 담긴 유리 그릇이 놓여 있다.","블루베리와 민트 잎을 얹은 흰색 요거트 그릇이 흰색 접시 위에 놓여 있고, 그 옆에는 신선한 블루베리가 담긴 유리 그릇이 놓여 있으며, 이 모든 것이 회색의 질감이 느껴지는 표면 위에 놓여 있다.","블루베리와 민트가 얹어진 흰색 요거트 그릇이 숟가락과 함께 흰색 접시에 담겨, 신선한 블루베리가 가득 담긴 투명한 유리 그릇 옆의 회색 질감의 표면 위에 놓여 있다.",reused,ok,ok,ok
fruits_nuts_rice,qwen3,5036748,1,fruits_nuts_rice/images/kurly_5036748_1.jpg,상품-대표-이미지 1,"노란색과 녹색 라벨이 붙은 키위 플라스틱 용기로, 라벨에는 썰어 놓은 키위 이미지와 한국어로 된 “제스프리 썬글드키위”라는 문구가 적혀 있다. 이 용기는 흰색 대리석 표면 위에 놓여 있으며, 그 앞의 작은 흰색 접시에는 통키위 두 개와 썰어 놓은 키위 한 조각이 담겨 있다.","얇게 썬 키위 그림이 그려진 노란색 라벨이 붙은 투명한 플라스틱 용기(""제스프리 썬글드키위""(Jesupri Sun Gold Kiwi)라고 표기됨)가, 통키위 두 개와 얇게 썬 키위 한 개가 담긴 작은 접시 옆의 흰 대리석 상판 위에 놓여 있다.","얇게 썬 키위가 그려진 노란색 라벨이 붙은 ""제스프리 썬글드키위""(Jesupri Sun Gold 키위) 투명 플라스틱 용기가, 통키위 두 개와 얇게 썬 키위 한 개가 담긴 작은 접시 옆의 흰색 대리석 표면 위에 놓여 있다.","""Zorpi"" 브랜드의 ""Sungold Kiwi"" 과일이 담긴 투명한 플라스틱 용기가 흰색 대리석 표면 위에 놓여 있는데, 용기에는 얇게 썬 키위가 그려진 노란색 라벨과 ‘""제스프리 썬글드키위""(Jesupri Sungold Kiwi)’라는 문구가 적혀 있다. 그 옆에는 통키위 두 개와 얇게 썬 키위 한 조각이 담긴 작은 접시가 놓여 있다.",reused,ok,ok,ok
fruits_nuts_rice,qwen3,5036748,2,fruits_nuts_rice/images/kurly_5036748_2.jpg,,"흰색 바탕 위에, 얇게 썬 키위 그림이 그려진 노란색과 녹색 라벨이 붙은 제스프리 키프루트(Zespri Kiefruit) 키위 플라스틱 용기가 놓여 있다. 그 옆에는 작은 흰색 접시에 통키위 세 개와 얇게 썬 키위 한 개가 담겨 있는데, 얇게 썬 키위에서는 노란 과육과 검은 씨가 드러나 있다.","흰색 대리석 상판 위에, 얇게 썬 키위가 그려진 노란색과 녹색 라벨이 붙은 제스프리 키프루트(Zespri Kiefruit) 키위 플라스틱 용기가, 통키위 3개와 얇게 썬 키위 1개가 담긴 작은 접시 옆에 진열되어 있다.","얇게 썬 키위가 그려진 노란색과 녹색 라벨이 붙은 제스프리 키프루트(Zespri Kiefruit) 키위 플라스틱 용기가, 통키위 3개와 얇게 썬 키위 1개가 담긴 작은 접시 옆에 진열되어 있어 노란색 과육을 돋보이게 하고 있다.","얇게 썬 키위가 그려진 노란색과 녹색 라벨이 붙은 제스프리 키프루트(Zespri Kiefruit) 키위 플라스틱 용기가, 통키위 3개와 얇게 썬 키위 1개가 담긴 작은 접시 옆에 진열되어 있어, 노란 과육과 녹색 씨앗이 잘 드러나 있습니다.",reused,ok,ok,ok
fruits_nuts_rice,qwen3,5038123,1,fruits_nuts_rice/images/kurly_5038123_1.jpg,상품-대표-이미지 1,"서리가 내린 짙은 보라색 포도 한 송이가 흰 접시 위에 놓여 있고, 배경의 회색 표위에는 또 다른 송이가 놓여 있다.","서리가 내려앉은 짙은 보라색 포도 한 송이가 파란 테두리가 있는 흰 접시 위에 놓여 있고, 배경의 회색 바탕 위에는 또 다른 포도 송이가 약간 흐릿하게 비쳐 보인다.","중성적인 회색 배경을 배경으로, 파란색 테두리가 있는 흰색 접시 위에 놓인, 서리가 내린 듯한 광택이 도는 짙은 보라색 포도 한 송이의 클로즈업 사진.","회색 질감의 배경을 배경으로, 파란색 테두리가 있는 흰색 접시 위에 놓인, 서리가 내린 듯한 광택이 도는 짙은 보라색 포도 한 송이의 클로즈업 사진.",reused,ok,ok,ok
fruits_nuts_rice,qwen3,5038123,2,fruits_nuts_rice/images/kurly_5038123_2.jpg,,"짙은 보라색 포도 한 송이가 밝은 회색 바탕 위에 놓여 있고, 전경에는 포도 알갱이 몇 개가 흩어져 있다.","짙은 보라색 포도 송이가 한 묶음으로 모여 있고, 밝은 회색 바탕 위에 몇 알이 흩어져 있어 그 깊고 진한 색감과 윤기 나는 질감을 뽐내고 있다.","옅은 회색 바탕 위에 짙은 보라색 포도 한 송이가 놓여 있고, 전경에는 포도 알갱이 몇 개가 흩어져 있다.","옅은 회색 바탕 위에 짙은 보라색 포도 한 송이가 놓여 있고, 전경에는 포도 알갱이 몇 개가 흩어져 있다.",reused,ok,ok,ok
fruits_nuts_rice,qwen3,5045631,1,fruits_nuts_rice/images/kurly_5045631_1.jpg,상품-대표-이미지 1,"파란색과 흰색 디자인에 “HBAF”라고 적힌 다채로운 주간 견과류 및 씨앗 간식 상자로, 월요일부터 일요일까지의 주간 일정이 표시되어 있으며, 매일 다른 색상으로 구분된 구역과 혼합 견과류 및 씨앗의 사진이 들어 있습니다. 상자가 열려 있는 모습에서 혼합 견과류와 씨앗이 담긴 작은 그릇과, 내용물 이미지가 그려진 “WED”와 “THU”라고 표시된 개별 스낵 포장지 두 개가 보입니다.","앞면에 ‘""HBAF""’라고 적혀 있고, ‘""6 WEEKS""’와 ‘""MON TO SUN""’가 표시된 파란색 주간 식재료 박스로, 견과류와 씨앗이 섞여 있으며, 개별 포장된 제품들과 그 주위에 섞인 견과류가 담긴 그릇이 배치되어 있다.","파란색과 흰색의 ""HBAF"" 주간 견과류 혼합 키트로, 6주 계획에 따라 매일 먹을 수 있는 간식 패키지와 혼합 견과류 한 그릇이 포함되어 있으며, 포장지에 ""THU""와 ""WED""가 선명하게 표시되어 있습니다.","‘""HBAF""’라고 표시된 파란색 주간 견과류 및 씨앗 간식 상자로, ‘""6 면투션 WEEKS""’(6주 계획)와 일일 식사 추천 메뉴가 포함되어 있으며, 개별 포장 제품과 혼합 견과류 한 그릇이 들어 있고, 포장지에는 ‘""THU""’와 ‘""WED""’가 눈에 띄게 표시되어 있습니다.",reused,ok,ok,ok
fruits_nuts_rice,qwen3,5045631,2,fruits_nuts_rice/images/kurly_5045631_2.jpg,,"HBAF 브랜드의 “Mon to Sun” 스낵 팩을 플랫 레이 방식으로 촬영한 사진으로, 각 팩에는 요일(목, 화, 수)이 표기되어 있으며, 그레이 색상의 표면과 그릇 위에 견과류와 말린 과일이 섞여 담겨 있다.","""Mon to Sun"" 스낵 상자와 ""THU"", ""TUE"", ""WED""라고 표시된 세 개의 개별 포장지가 위에서 내려다본 모습으로, 각 포장지에는 견과류와 말린 과일이 섞여 들어 있으며, 회색 바탕 위에 견과류가 흩어져 있고 혼합 견과류가 담긴 그릇이 놓여 있다.","""Mon to Sun"" 스낵 상자와 ""THU"", ""TUE"", ""WED""라고 표시된 세 개의 개별 포장지가 위에서 내려다본 모습으로, 각 포장지에는 견과류와 말린 과일이 섞여 들어 있으며, 회색 바탕 위에 재료들이 흩어져 놓여 있다.","회색 바탕 위에 ""Mon to Sun"" 스낵 팩 시리즈의 월요일부터 일요일까지 날짜별로 구분된 개별 포장 제품들과 상자, 그리고 혼합 견과류와 말린 과일이 담긴 그릇들이 함께 배치된 모습을 위에서 내려다본 사진.",reused,ok,ok,ok
fruits_nuts_rice,qwen3,5048547,1,fruits_nuts_rice/images/kurly_5048547_1.jpg,상품-대표-이미지 1,밝은 회색 바탕 위에 용 문양이 그려져 있고 “여주대왕일포”라는 브랜드명이 적힌 붉은색 한국산 쌀 봉지가 보인다. 오른쪽 상단 모서리에는 작은 밥그릇과 흩어진 쌀알들이 보인다.,"용 문양이 그려진 ""여주대왕일포"" 쌀 10kg 빨간 봉지와 그 옆에 놓인 작은 밥그릇.","용 문양이 그려진 ""여주대왕일포"" 쌀 10kg 빨간 봉지와 그 근처에 흩어져 있는 작은 그릇에 담긴 밥.","밝은 회색 바탕 위에 용 문양이 그려진 빨간색 ‘""여주대왕일포""’ 쌀 봉지와 그 옆에 작은 밥그릇이 놓여 있다.",reused,ok,ok,ok
fruits_nuts_rice,qwen3,5048547,2,fruits_nuts_rice/images/kurly_5048547_2.jpg,,"흰 쌀알로 가득 찬 하얀 그릇과, 그 옆의 연회색 표면 위에 흩어져 있는 몇 알의 쌀알.","흰 쌀알로 가득 찬 하얀 그릇에, 밝은 색의 표면 위로 쌀알 몇 알이 흩어져 있다.","흰 쌀알로 가득 찬 하얀 그릇과, 그 옆의 연회색 표면 위에 몇 알이 흩어져 있다.","흰 쌀알로 가득 찬 하얀 그릇과, 그 옆의 연회색 표면 위에 몇 알이 흩어져 있다.",reused,ok,ok,ok
fruits_nuts_rice,qwen3,5048580,1,fruits_nuts_rice/images/kurly_5048580_1.jpg,상품-대표-이미지 1,"밝은 회색 바탕 위에 놓인 두 송이의 푸른 포도를 클로즈업한 사진으로, 배경에는 잎사귀 몇 장이 보인다.","밝은 회색 바탕 위에 놓인, 잎이 달린 녹색 포도 두 송이의 클로즈업 사진.","밝은 회색 바탕 위에 놓인 두 송이의 푸른 포도를 클로즈업한 사진으로, 배경에는 푸른 잎사귀 몇 장이 보인다.","밝은 회색 바탕 위에, 배경에 잎사귀 몇 장이 보이는 두 송이의 녹색 포도를 클로즈업한 사진.",reused,ok,ok,ok
fruits_nuts_rice,qwen3,5048580,2,fruits_nuts_rice/images/kurly_5048580_2.jpg,,"하얀 접시 위에는 싱싱한 초록색 포도 두 송이가 놓여 있고, 접시 주변의 연회색 표면에는 포도알 몇 개가 흩어져 있다.","하얀 접시 위에는 싱싱한 초록색 포도 두 송이가 놓여 있고, 접시 주변의 연회색 표면에는 포도알 몇 알이 흩어져 있다.","하얀 접시 위에는 싱싱하고 연한 녹색의 포도 두 송이가 놓여 있고, 그 주변의 회색 표면에는 포도알 몇 알이 흩어져 있다.","하얀 접시 위에는 싱싱한 초록색 포도 두 송이가 놓여 있고, 그 주변의 연회색 접시 표면에는 포도알 몇 알이 흩어져 있다.",reused,ok,ok,ok
fruits_nuts_rice,qwen3,5049631,1,fruits_nuts_rice/images/kurly_5049631_1.jpg,상품-대표-이미지 1,"둥근 베이지색 접시 위에는 노란 줄무늬가 있는 멜론 세 개와 씨가 가득한 흰색 멜론 조각 다섯 개가 놓여 있으며, 이 모든 것은 흰색 천이 깔린 흰색 나무 받침대 위에 놓여 있다.","둥글고 밝은 색의 접시 위에 흰 줄무늬가 있는 노란 멜론 세 개와 얇게 썬 멜론 한 줄이 놓여 있으며, 이 모든 것이 흰색 식탁보 위에 놓여 있다.","베이지색 접시 위에는 노란 줄무늬가 있는 멜론 세 개와 흰색 둥근 과일 조각 다섯 개가 놓여 있으며, 이 모든 것은 흰색 천이 깔린 흰색 나무 받침대 위에 차려져 있다.","베이지색 접시 위에는 노란 줄무늬가 있는 멜론 세 개와 흰색 멜론 조각 다섯 개가 놓여 있으며, 이 접시는 밝은 색의 나무 상판 위에 얹힌 흰색 천 위에 놓여 있다.",reused,ok,ok,ok
fruits_nuts_rice,qwen3,5049631,2,fruits_nuts_rice/images/kurly_5049631_2.jpg,,"노란 줄무늬가 있는 오이 세 개와 같은 오이를 썰어 놓은 조각 네 개가 밝은 색 접시 위에 놓여 있는데, 썰어 놓은 조각들은 흰 과육과 씨방이 드러나 있다.",노란 줄무늬가 있는 오이 세 개와 흰 속살과 씨가 드러난 얇게 썬 오이 네 조각이 밝은 색의 접시 위에 차려져 있다.,하얀 과육과 씨앗이 드러나도록 얇게 썬 노란 줄무늬 오이 세 개가 밝은 색 접시 위에 담겨 있다.,흰 속살이 드러나도록 얇게 썬 노란 줄무늬 오이 세 개가 밝은 색 접시 위에 담겨 있다.,reused,ok,ok,ok
fruits_nuts_rice,qwen3,5051031,1,fruits_nuts_rice/images/kurly_5051031_1.jpg,상품-대표-이미지 1,"“Lgrow”라고 표기된 흰색과 베이지색의 4kg 쌀 봉지에는 벼를 수확하는 농부들의 한국 전통 삽화가 그려져 있으며, “씨아나온 완전미 고시하카리” (Cisanaon Wontim Goshihakari)라는 문구와 “100% 국내산”이라는 인증 마크가 붙어 있다.","농부들의 빈티지 일러스트와 ""100% domestic"" 로고가 새겨진 Lgrow 브랜드의 ""Cienan-Oh Wannjeo Goseihakari"" 쌀 4kg 봉지가 평범한 콘크리트 바닥 위에 놓여 있다.","""Lgrow"" 브랜드의 ""GriDa"" 쌀 4kg 봉지로, 시골 풍경 속에서 일하는 농부들의 일러스트가 그려져 있으며, 라벨에는 ""100% domestic""와 ""100% domestic certified,""라고 표기되어 있다.","한국의 전통적인 농사 풍경과 ""100% domestic"" 인증 마크가 그려진 Lgrow 브랜드의 ""GriDa"" 쌀 4kg 흰색 봉지가 평범한 콘크리트 바닥 위에 놓여 있다.",reused,ok,ok,ok
fruits_nuts_rice,qwen3,5051031,2,fruits_nuts_rice/images/kurly_5051031_2.jpg,,한 손이 유리 그릇에 담긴 흰 쌀을 검은 테두리가 있는 흰 에나멜 냄비에 퍼 붓고 있다.,한 손이 유리 그릇에 담긴 흰 쌀을 검은 테두리가 있는 흰 에나멜 냄비에 퍼 붓고 있다.,한 손이 투명한 유리 그릇에서 흰 쌀을 검은 테두리가 있는 흰색 에나멜 코팅 냄비로 퍼 붓고 있다.,한 손이 유리 그릇에 담긴 흰 쌀을 검은 테두리가 있는 흰 에나멜 냄비에 퍼 붓고 있다.,reused,ok,ok,ok
fruits_nuts_rice,qwen3,5051038,1,fruits_nuts_rice/images/kurly_5051038_1.jpg,상품-대표-이미지 1,"“백진주”라고 적힌 파란색 10kg 쌀 포대. 포대에는 흰색 원형 무늬와 조개 껍데기 안에 들어 있는 쌀알의 작은 일러스트가 그려져 있으며, 밝은 회색 바탕 위에 놓여 있고 그 옆에는 작은 밥그릇이 놓여 있다.","조개 그림이 그려진 원형 디자인의 파란색 10kg ""Baejinju"" 쌀 봉지가 밝은 색상의 표면 위에 놓여 있고, 그 옆에는 작은 그릇에 담긴 밥이 놓여 있다.","조개 껍데기 디자인과 ‘""백진주""(백진주)’라는 한국어 문구가 적힌 파란색 ""L'grow"" 브랜드 10kg 쌀 포대가 밝은 회색 바탕 위에 놓여 있고, 그 옆에는 작은 밥그릇에 담긴 밥이 놓여 있다.","조개 그림이 그려진 흰색 원형 디자인이 특징인 ""L'grow"" 브랜드의 파란색 10kg 쌀 포대가, 작은 그릇에 담긴 쌀알들 옆의 밝은 회색 바탕 위에 놓여 있다.",reused,ok,ok,ok
fruits_nuts_rice,qwen3,5051038,2,fruits_nuts_rice/images/kurly_5051038_2.jpg,,흰 쌀알로 가득 찬 하얀 그릇. 연회색 표면 위에는 쌀알 몇 알이 흩어져 있다.,"흰 쌀알로 가득 찬 하얀 그릇에, 연회색 표면 위로 쌀알 몇 알이 흩어져 있다.","흰 쌀알로 가득 찬 하얀 그릇에, 연회색 표면 위로 쌀알 몇 알이 흩어져 있다.","흰 쌀알로 가득 찬 하얀 그릇에, 연회색 바탕 위에 쌀알 몇 알이 흩어져 있다.",reused,ok,ok,ok
fruits_nuts_rice,qwen3,5052626,1,fruits_nuts_rice/images/kurly_5052626_1.jpg,상품-대표-이미지 1,밝은 회색 바탕 위에 나무 상자 하나와 “IT’S REAL SEVEN” 혼합 견과류 개별 포장 두 개가 진열되어 있다.,"밝은 회색 바탕 위에 밝은 색상의 나무 상자와 ""IT'S REAL SEVEN"" 혼합 견과류 개별 포장 2개가 진열되어 있다.","밝은 색상의 나무 상자와 ""IT'S REAL SEVEN"" 혼합 견과류 개별 포장 2개, 그리고 밝은 회색 바탕 위에 흩어져 있는 견과류와 작은 흰색 사탕들.","밝은 색상의 나무 상자와 ""IT'S REAL SEVEN"" 혼합 견과류 개별 포장 2개, 그리고 밝은 회색 바탕 위에 흩어져 있는 견과류와 작은 흰색 사탕들.",reused,ok,ok,ok
fruits_nuts_rice,qwen3,5052626,2,fruits_nuts_rice/images/kurly_5052626_2.jpg,,"견과류와 씨앗이 섞인 “IT’S REAL SEVEN” 스낵바 3개가 연회색 바탕 위에 진열되어 있습니다. 포장지는 흰색 바탕에 금색과 녹색 글씨가 인쇄되어 있으며, 스낵바들이 포장지 주위에 흩어져 있는 모습이 보입니다.","다양한 견과류와 씨앗이 들어간 ""IT'S REAL SEVEN"" 베리 및 요거트 스낵바 3개가 연회색 바탕 위에 진열되어 있다.","견과류와 씨앗이 섞인 ""IT'S REAL SEVEN"" 스낵바 3개의 흰색 포장지가, 견과류와 작은 흰색 사탕이 흩뿌려진 밝은 회색 바탕 위에 진열되어 있다.","견과류와 씨앗이 섞인 ""IT'S REAL SEVEN"" 스낵바 3개의 흰색 포장지가 밝은 회색 바탕 위에 진열되어 있다.",reused,ok,ok,ok
fruits_nuts_rice,qwen3,5053663,1,fruits_nuts_rice/images/kurly_5053663_1.jpg,상품-대표-이미지 1,"“야채혼배남”(쌀의 한 종류)이라고 적힌 오크라이스(OkRice) 브랜드의 커다란 보라색 쌀 봉지 옆에, 작은 밥그릇과 나무 숟가락이 놓여 있다.","보라색을 띠는 쌀인 ""Ok Rice"" 브랜드의 ""Jung-yeon"" 쌀이 담긴 보라색 봉지가, 밝은 회색 바탕 위에 작은 밥그릇과 나무 숟가락과 함께 놓여 있다.","밝은 회색 바탕 위에 ""Ok Rice"" 브랜드의 ""Jung-yeon"" (야채혼배남 쌀) 쌀이 든 10kg짜리 보라색 봉지와 작은 밥그릇, 나무 숟가락이 놓여 있다.","밝은 회색 바탕 위에 ""Ok Rice"" 브랜드의 ""Janggyeong"" 쌀이 든 보라색 봉지가 놓여 있고, 그 옆에는 작은 밥그릇과 나무 숟가락이 놓여 있다.",reused,ok,ok,ok
fruits_nuts_rice,qwen3,5053663,2,fruits_nuts_rice/images/kurly_5053663_2.jpg,,흰 쌀밥이 가득 담긴 흰 그릇에 나무 숟가락이 꽂혀 있다.,흰 쌀밥이 가득 담긴 흰 그릇에 나무 숟가락 하나가 놓여 있다.,"흰 쌀밥이 가득 담긴 흰 그릇 안에 나무 숟가락이 놓여 있어, 쌀알들이 잘 드러나 있다.","흰 쌀밥이 가득 담긴 흰 그릇 안에, 끈으로 묶인 나무 숟가락이 놓여 있다.",reused,ok,ok,ok
fruits_nuts_rice,qwen3,5056014,1,fruits_nuts_rice/images/kurly_5056014_1.jpg,상품-대표-이미지 1,"나무 도마 위에는 신선한 복숭아 몇 개가 놓여 있는데, 그중 일부는 통째로 있고 하나는 반으로 잘려 있으며, 주변에는 잎사귀 몇 장이 흩어져 있다. 도마 위에는 칼 한 자루가 놓여 있다.","나무 도마 위에는 신선한 복숭아 몇 개가 놓여 있는데, 그중 일부는 통째로 있고 하나는 반으로 잘려 있으며, 그 옆의 질감이 느껴지는 표면 위에는 칼이 놓여 있다.","나무 도마 위에는 신선한 복숭아 몇 개가 놓여 있는데, 그중 일부는 통째로 있고 하나는 반으로 잘려 있으며, 그 옆에는 칼 한 자루가 놓여 있다. 이 모든 것이 나뭇잎이 흩뿌려진 질감 있는 표면 위에 정갈하게 배열되어 있다.","밝은 색의 표면 위에 나무 도마가 놓여 있고, 그 위에는 통째로 있는 것과 반으로 자른 것이 섞여 있는 신선한 복숭아 몇 개가 놓여 있으며, 그 옆에는 칼 한 자루가 놓여 있고, 주변에는 녹색 잎사귀들이 흩어져 있다.",reused,ok,ok,ok
fruits_nuts_rice,qwen3,5056014,2,fruits_nuts_rice/images/kurly_5056014_2.jpg,,"나무 도마 위에는 신선한 복숭아 몇 개가 놓여 있는데, 그중 일부는 통째로 있고, 하나는 반으로 잘려 과즙이 가득한 속이 드러나 있다. 도마 옆에는 칼이 놓여 있고, 주변에는 푸른 잎사귀 몇 장이 흩어져 있다.","나무 도마 위에는 신선한 복숭아 몇 개가 놓여 있는데, 그중 하나는 반으로 잘려 과즙이 가득한 속살이 드러나 있으며, 밝은 색의 천 위에는 칼과 푸른 잎사귀 몇 장이 흩어져 있다.","나무 도마 위에는 신선한 복숭아 몇 개가 놓여 있는데, 그중 하나는 반으로 갈라져 과즙이 가득한 속이 드러나 있고, 칼 한 자루가 도마 옆에 놓여 있다.","나무 도마 위에는 신선한 복숭아 몇 개가 놓여 있는데, 그중 하나는 반으로 갈라져 과즙이 흐르는 속살이 드러나 있고, 주변에는 칼과 푸른 잎사귀 몇 장이 흩어져 있다.",reused,ok,ok,ok
fruits_nuts_rice,qwen3,5061259,1,fruits_nuts_rice/images/kurly_5061259_1.jpg,상품-대표-이미지 1,"파란 천이 덮인 빨간 사과 한 그릇과, 대리석 조리대 위에 흩어져 있는 사과 몇 개.","빨간 사과가 담긴 바구니. 일부는 파란 천 위에 놓여 있고, 몇 개는 대리석 표면 위에 놓여 있어, 신선하고 아늑한 주방 풍경을 연상시킨다.","소박한 금속 체에 신선한 빨간 사과가 가득 담겨 있고, 그중 일부는 파란 천 위에 놓여 있으며, 대리석 조리대 위에는 사과 몇 개가 흩어져 있다.","소박한 금속 체에 신선한 빨간 사과가 가득 담겨 있고, 그중 일부는 파란 천 위에 놓여 있으며, 대리석 조리대 위에는 사과 몇 개가 흩어져 있다.",reused,ok,ok,ok
fruits_nuts_rice,qwen3,5061259,2,fruits_nuts_rice/images/kurly_5061259_2.jpg,,"반사되는 흰색 표면 위에 놓인 싱싱한 빨간 사과들의 클로즈업 사진으로, 배경에는 사과가 더 들어 있는 파란색 천 가방이 보인다. 사과 주변에는 나무 붓, 육두구, 스타 아니스가 흩어져 있다.","반사되는 표면 위에 놓인 갓 수확한 붉은 사과들의 클로즈업 사진으로, 배경에는 사과가 더 들어 있는 파란색 천 가방과 나무 붓, 그리고 흩어져 있는 스타아니스와 육두구가 보인다.","반사되는 흰색 표면 위에 놓인 싱싱한 빨간 사과들의 클로즈업 사진으로, 배경에는 사과가 더 들어 있는 파란색 천 가방과 나무 붓, 그리고 흩어져 있는 스타아니스와 육두구가 보인다.","반사되는 흰색 표면 위에 놓인 싱싱한 빨간 사과들의 클로즈업 사진으로, 배경에는 사과가 더 들어 있는 파란색 천 가방과 나무 붓, 그리고 흩어져 있는 스타아니스와 육두구가 보인다.",reused,ok,ok,ok
fruits_nuts_rice,qwen3,5063578,1,fruits_nuts_rice/images/kurly_5063578_1.jpg,상품-대표-이미지 1,"흰색 나무 상판 위에 싱싱한 붉은 체리 토마토 한 그릇이 놓여 있고, 그 주위에는 토마토 몇 개가 흩어져 있다.","흰색 나무 상판 위에 신선한 붉은 체리 토마토가 담긴 그릇이 놓여 있고, 그릇 주변에도 몇 개가 흩어져 있다.","흰색 나무 상판 위에 신선한 붉은 체리 토마토가 담긴 그릇이 놓여 있고, 그릇 주변에도 몇 개가 흩어져 있다.","흰색 나무 상판 위에 신선한 붉은 체리 토마토가 담긴 그릇이 놓여 있고, 그릇 주변에도 몇 개가 흩어져 있다.",reused,ok,ok,ok
fruits_nuts_rice,qwen3,5063578,2,fruits_nuts_rice/images/kurly_5063578_2.jpg,,"흰색 나무 받침대 위에 싱싱한 붉은 체리 토마토 한 그릇이 놓여 있고, 그 옆에는 반으로 자른 토마토 두 개와 통째로 남은 토마토 한 개가 놓여 있다.","흰색 나무 받침대 위에, 일부는 통째로, 일부는 반으로 자른 싱싱한 붉은 체리 토마토 한 그릇이 놓여 있다.","흰색 나무 상판 위에 싱싱하고 붉은 통토마토와 반으로 자른 토마토가 담긴 그릇이 놓여 있고, 그 주변에는 토마토 몇 개가 더 흩어져 있다.","밝은 색의 나무 받침대 위에, 일부는 통째로, 일부는 반으로 자른 싱싱한 붉은 체리 토마토 한 그릇이 놓여 있다.",reused,ok,ok,ok
fruits_nuts_rice,qwen3,5063690,1,fruits_nuts_rice/images/kurly_5063690_1.jpg,상품-대표-이미지 1,"초록색 줄기가 달린 싱싱한 빨간 토마토가 담긴 바구니가 하얀 나무 받침대 위에 놓여 있고, 토마토 한 개는 바구니 밖으로 나와 있다.","푸른 줄기가 달린 싱싱한 빨간 토마토가 담긴 바구니가 하얀 나무 받침대 위에 놓여 있고, 토마토 한 개는 바구니 밖으로 빠져나와 있다.","흰색 나무 받침대 위에 놓인, 줄기가 초록색인 싱싱한 빨간 토마토가 든 바구니와, 바구니 밖으로 하나 튀어나와 있는 토마토 한 개.","흰색 나무 받침대 위에 놓인, 줄기가 초록색인 싱싱한 빨간 토마토가 든 바구니와, 바구니 밖으로 하나 튀어나와 있는 토마토 한 개.",reused,ok,ok,ok
fruits_nuts_rice,qwen3,5063690,2,fruits_nuts_rice/images/kurly_5063690_2.jpg,,"신선하고 잘 익은 토마토를 반으로 자르면 과즙이 가득한 속이 드러나며, 그 옆에 토마토 한 조각이 놓여 있다. 흰색 나무 받침대 위에는 통째로 된 토마토 여러 개가 놓여 있고, 그 아래에는 토마토가 더 들어 있는 엮은 바구니와 흰색 천이 깔려 있다.","반으로 자르고 한 조각을 썰어 놓은 싱싱한 빨간 토마토가 하얀 나무 받침대 위에 놓여 있고, 그 뒤의 엮은 바구니에는 통째로 된 토마토들이 더 들어 있다.","흰색 나무 받침대 위에 갓 수확한 붉은 토마토들이 통째로 또는 썰린 상태로 놓여 있는 클로즈업 사진으로, 배경에는 엮은 바구니와 흰색 천이 보인다.","흰색 나무 받침대 위에 놓인 신선하고 잘 익은 토마토(통째로 된 것과 썰어 놓은 것 포함)의 클로즈업 사진으로, 배경에는 엮은 바구니와 천이 보인다.",reused,ok,ok,ok
fruits_nuts_rice,qwen3,5068728,1,fruits_nuts_rice/images/kurly_5068728_1.jpg,상품-대표-이미지 1,"흰색 리넨 식탁보 위에 흩뿌려진 싱싱하고 선명한 주황색 귤들이 놓여 있으며, 그중 하나는 반으로 잘려 과즙이 가득한 속이 드러나 있다.","신선하고 선명한 주황색의 귤들이 흰색 리넨 식탁보 위에 흩어져 있는데, 그중 일부는 통째로 있고 하나는 반으로 잘려 있으며, 몇 개는 밝은 색의 표면 위에 놓여 있다.","흰색 리넨 식탁보 위에는 싱싱하고 선명한 주황색 귤들이 흩어져 있는데, 그중 일부는 통째로 있고 하나는 반으로 잘려 있어, 심플하고 깔끔한 구도를 이루고 있다.","밝은 주황색 귤들이, 어떤 것은 통째로 있고 어떤 것은 반으로 잘린 채, 하얀 리넨 식탁보 위에 흩어져 있어 깔끔하고 생동감 넘치는 정물화를 연출하고 있다.",reused,ok,ok,ok
fruits_nuts_rice,qwen3,5068728,2,fruits_nuts_rice/images/kurly_5068728_2.jpg,,"선명하고 밝은 주황색의 갓 딴 귤들이 한 무더기 쌓여 있는데, 그중 일부는 통째로 있고, 하나는 반으로 잘려 과즙이 가득한 귤 알이 드러나 있으며, 이 귤들은 밝은 색의 표면 위에 깔린 흰 천 위에 놓여 있다.","밝고 선명한 주황색의 갓 수확한 귤들이 한 무더기 쌓여 있는데, 그중 일부는 통째로 있고, 하나는 반으로 잘려 과즙이 가득한 속이 드러나 있으며, 이 귤들은 밝은 배경을 배경으로 흰 천 위에 놓여 있다.","밝고 선명한 주황색의 갓 수확한 귤들이 한 무더기 쌓여 있는데, 그중 일부는 통째로 있고, 하나는 반으로 잘려 과즙이 가득한 귤 알갱이가 드러나 있다. 이 귤들은 밝은 배경을 배경으로 흰 천 위에 놓여 있다.","밝고 선명한 주황색의 갓 딴 귤들이 한 무더기 쌓여 있는데, 그중 일부는 통째로 있고, 하나는 반으로 잘려 과즙이 가득한 귤 알갱이가 드러나 있다. 이 귤들은 밝은 배경을 배경으로 흰 천 위에 놓여 있다.",reused,ok,ok,ok
fruits_nuts_rice,qwen3,5070409,1,fruits_nuts_rice/images/kurly_5070409_1.jpg,상품-대표-이미지 1,4kg짜리 “Our Sweet & Soft Rice” 봉지 한 개와 그 옆에 놓인 작은 밥그릇이 밝은 회색 바탕 위에 함께 놓여 있다.,"밝은 회색 바탕 위에 ""Our Sweet & Soft Rice"" (달보드레쌀) 4kg 봉지 하나와 그 옆에 밥 한 그릇이 놓여 있다.","밝은 회색 바탕 위에 ""Our Sweet & Soft Rice"" (달보드레쌀) 4kg 봉지 하나와 그 옆에 밥 한 그릇이 놓여 있다.","밝은 회색 바탕 위에 ""Our Sweet & Soft Rice"" (달보드레쌀) 4kg 봉지 하나와 그 옆에 밥 한 그릇이 놓여 있다.",reused,ok,ok,ok
fruits_nuts_rice,qwen3,5070409,2,fruits_nuts_rice/images/kurly_5070409_2.jpg,,밝은 회색 배경 위에 흰 쌀알로 가득 찬 하얀 그릇이 놓여 있다.,"질감이 느껴지는 밝은 배경 위에, 흰 쌀알로 가득 찬 하얀 그릇이 놓여 있다.","밝은 회색의 질감이 느껴지는 배경 위에, 흰 쌀알로 가득 찬 하얀 그릇이 놓여 있다.","밝은 회색의 질감이 느껴지는 배경 위에, 흰 쌀알로 가득 찬 하얀 그릇이 놓여 있다.",reused,ok,ok,ok
fruits_nuts_rice,qwen3,5094562,1,fruits_nuts_rice/images/kurly_5094562_1.jpg,상품-대표-이미지 1,"‘타무르 프리미엄 대추야자 디저트’의 개방형 우아한 주황색 상자로, 상자 안에는 다양한 종류의 대추야자가 격자 모양으로 정렬되어 있으며, 뚜껑에는 브랜드명과 슬로건이 적혀 있습니다.","‘""TAMUR""’라고 적힌, 개방형이며 따뜻한 색조의 선물 상자로, ‘""Premium Dates Dessert""’라는 문구와 정갈하게 배열된 날짜가 새겨져 있어 고급스러운 경험을 선사합니다.","밝은 색상의 바탕 위에, 12개의 칸으로 나뉜 격자 무늬가 있는 개방형 연한 갈색 직사각형 선물 상자가 놓여 있으며, 각 칸에는 서로 다른 종류의 대추야자가 들어 있습니다. 상자 뚜껑에는 브랜드명 ‘""TAMUR""’와 슬로건이 적혀 있고, 닫힌 뚜껑에는 브랜드 로고와 ‘""Premium Dates Dessert.""’라는 문구가 적혀 있습니다.","다양한 종류의 대추야자가 들어 있는 격자 모양의 칸으로 나뉜, 개방형 직사각형의 따뜻한 오렌지색 상자로, 뚜껑에는 브랜드명 ‘""TAMUR""’와 슬로건 ‘""TAMUR gives you a piece of luxurious experience""’가 적혀 있다.",reused,ok,ok,ok
fruits_nuts_rice,qwen3,5094562,2,fruits_nuts_rice/images/kurly_5094562_2.jpg,,"각기 다른 토핑이 얹어진 대추야자 12개가 나무 쟁반에 정갈하게 담겨 있는 고급스러운 선물 상자입니다. 상자는 따뜻하고 자연스러운 갈색 소재로 만들어졌으며, 뚜껑에는 “TAMUR가 여러분께 고급스러운 경험을 선사합니다”라는 문구가 적혀 있어 심플하면서도 우아한 디자인을 자랑합니다.","뚜껑에 ‘""TAMUR gives you a piece of luxurious experience""’라는 문구가 적혀 있는, 개방형으로 따뜻한 색감의 상자 안에 각각 다른 토핑이 얹어진 개별 포장된 대추야자 12개가 들어 있습니다.","각기 다른 재료로 토핑된 대추야자 12개가 개별 포장되어 들어 있는 고급스러운 선물 상자로, ‘""TAMUR gives you a piece of luxurious experience""’라는 문구가 적힌 따뜻한 갈색 상자에 담겨 있습니다.","테라코타 색상의 고급스러운 선물 상자로, 각각 다른 견과류와 설탕에 절인 과일이 얹어진 개별 포장된 대추야자 12개가 들어 있으며, 뚜껑에는 ‘""TAMUR gives you a piece of luxurious experience""’라는 문구가 적혀 있습니다.",reused,ok,ok,ok
fruits_nuts_rice,qwen3,5121007,1,fruits_nuts_rice/images/kurly_5121007_1.jpg,상품-대표-이미지 1,"초록색 라벨과 한국어 문구가 적힌 유기농 쌀 한 봉지가 밝은 회색 바탕 위에 놓여 있고, 그 위에는 작은 밥그릇이 놓여 있다.","‘""Organic Rice""’라는 라벨이 붙은 흰색과 녹색의 유기농 쌀 봉지로, 밝은 회색 바탕 위에 밥 한 그릇이 그려져 있으며 한국어 문구가 적혀 있다.","밝은 회색 바탕 위에 ‘""Organic Rice""’라고 적힌 흰색과 초록색 유기농 쌀 봉지와 그 위에 작은 밥그릇이 놓여 있다.","‘""Organic Rice""’라는 라벨이 붙은 흰색과 녹색의 유기농 쌀 봉지로, 밝은 회색 바탕 위에 밥 한 그릇이 그려져 있으며 한국어 문구가 적혀 있다.",reused,ok,ok,ok
fruits_nuts_rice,qwen3,5121007,2,fruits_nuts_rice/images/kurly_5121007_2.jpg,,밝은 회색 바탕 위에 흰 쌀알이 가득 담긴 하얀 그릇.,흰 쌀알로 가득 차 신선하고 풍성해 보이는 하얀 그릇이 밝은 색의 받침 위에 놓여 있다.,"밝은 회색의 질감이 느껴지는 표면 위에, 흰 쌀알로 가득 찬 하얀 그릇이 놓여 있다.",밝은 회색 바탕 위에 흰 쌀알로 가득 찬 하얀 그릇이 놓여 있다.,reused,ok,ok,ok
fruits_nuts_rice,qwen3,5132780,1,fruits_nuts_rice/images/kurly_5132780_1.jpg,상품-대표-이미지 1,"통키위 6개와 반으로 자른 키위 2개가 담긴 접시로, 녹색 과육과 검은 씨앗이 잘 드러나 있다.","하얀 접시 위에 통째로 된 키위 6개와 반으로 자른 키위 2개가 담겨 있어, 푸른 과육과 검은 씨앗이 잘 드러나 있습니다.","하얀 접시 위에는 통째로 된 키위 6개와 반으로 잘라진 키위 2개가 놓여 있어, 푸른 과육과 검은 씨앗이 눈에 띕니다.","흰 접시 위에는 통째로 된 키위 6개와 반으로 자른 키위 2개가 담겨 있어, 푸른 과육과 검은 씨앗이 잘 드러나 있다.",reused,ok,ok,ok
fruits_nuts_rice,qwen3,5132780,2,fruits_nuts_rice/images/kurly_5132780_2.jpg,,"통째로 6개와 반으로 자른 키위 1개가 담긴 접시로, 갈색의 보송보송한 껍질과 선명한 녹색 과육, 그리고 검은 씨앗이 잘 드러나 있다.","갈색 키위 6개가 밝은 색 접시 위에 놓여 있는데, 그중 몇 개는 통째로 있고, 하나는 반으로 잘려 녹색 과육과 검은 씨앗이 드러나 있다.","흰색 접시 위에는 통째로 된 키위 6개와 반으로 자른 키위 1개가 놓여 있는데, 갈색의 보송보송한 껍질과 짙은 씨앗이 박힌 선명한 녹색 과육이 잘 드러나 있다.","하얀 접시 위에는 통째로 된 키위 6개와 반으로 자른 키위 1개가 놓여 있는데, 갈색의 보송보송한 껍질과 선명한 녹색 과육, 그리고 검은 씨앗이 잘 드러나 있다.",reused,ok,ok,ok
fruits_nuts_rice,qwen3,5134096,1,fruits_nuts_rice/images/kurly_5134096_1.jpg,상품-대표-이미지 1,"밝은 회색 바탕 위에 10kg짜리 흰색 ‘KF365 컬리 프레시’ 쌀 봉지가 놓여 있고, 그 옆에는 그 쌀을 담은 작은 그릇이 놓여 있다.",무게 10kg인 KF365 ‘컬리 프레시’ 쌀이 담긴 흰색 봉지와 그 옆에 작은 그릇에 담긴 쌀이 함께 보여진다.,"10kg짜리 KF365 ‘커리 프레시’ 쌀이 담긴 흰색 봉지와, 밝은 회색 바탕 위에 그 쌀을 한 그릇 담은 작은 그릇이 옆에 놓여 있다.","보라색 줄무늬가 있고 안의 쌀이 보이는 원형 창이 있는 10kg짜리 KF365 ""Kurly Fresh"" 쌀이 담긴 흰색 봉지가, 같은 쌀이 가득 담긴 작은 흰색 그릇 옆의 밝은 회색 바탕 위에 놓여 있다.",reused,ok,ok,ok
fruits_nuts_rice,qwen3,5134096,2,fruits_nuts_rice/images/kurly_5134096_2.jpg,,"밝은 회색 배경 위에, 흰 쌀알로 가득 찬 흰 그릇이 흰 접시 위에 놓여 있다.","흰색 접시 위에 흰 쌀알로 가득 찬 흰색 그릇이 놓여 있으며, 배경은 밝고 중립적인 색조입니다.","밝은 회색 배경 위에, 흰 쌀알로 가득 찬 흰 그릇이 흰 접시 위에 놓여 있다.","밝은 회색 배경 위에, 흰 쌀알로 가득 찬 흰 그릇이 흰 접시 위에 놓여 있다.",reused,ok,ok,ok
fruits_nuts_rice,qwen3,5159977,1,fruits_nuts_rice/images/kurly_5159977_1.jpg,상품-대표-이미지 1,"생기 넘치는 노란색 천 위에, 신선한 복숭아들이 놓여 있는데, 어떤 것은 통째로 있고 어떤 것은 반으로 잘려 과즙이 흐르는 속살이 드러나 있으며, 밝은 회색 바탕 위에 칼과 나뭇잎들이 흩어져 있다.","생기 넘치는 노란색 천 위에, 통째로 놓인 복숭아와 과즙이 즙이 가득한 속살이 드러나도록 반으로 자른 복숭아가 어우러져 있으며, 푸른 잎과 칼이 함께 배치되어 신선함과 자연의 풍요로움을 자아냅니다.","생기 넘치는 노란색 천 위에, 통째로 있는 것도 있고 반으로 자른 것도 있는 싱싱한 복숭아들이 녹색 잎사귀와 칼과 함께 흩어져 있어, 자연의 풍요로움과 신선함을 자아냅니다.","밝은 회색 바탕 위에 싱그러운 복숭아들이 놓인 선명한 노란색 천이 펼쳐져 있는데, 복숭아 중 일부는 통째로 있고, 하나는 잘라져 씨앗이 드러나 있으며, 그 옆에는 칼 한 자루가 놓여 있다.",reused,ok,ok,ok
fruits_nuts_rice,qwen3,5159977,2,fruits_nuts_rice/images/kurly_5159977_2.jpg,,"노란 천 위에 놓인 갓 수확한 복숭아 몇 개를 클로즈업한 사진으로, 그중 하나는 반으로 잘려 과즙이 가득한 속살이 드러나 있다. 복숭아에는 노란색과 붉은빛이 감돌며, 주변에는 푸른 잎사귀 몇 장이 흩어져 있다.","신선한 복숭아들의 클로즈업 샷으로, 그중 하나는 반으로 갈라져 과즙이 가득한 속살이 드러나 있으며, 녹색 잎사귀가 흩뿌려진 노란색 천 위에 놓여 있다.","노란색과 주황색이 섞인 색조에 붉은 빛이 감도는 신선하고 잘 익은 복숭아들의 클로즈업 샷으로, 그중 하나는 반으로 잘려 과즙이 가득한 속이 드러나 있으며, 녹색 잎사귀가 흩뿌려진 노란색 천 위에 놓여 있다.","생기 넘치는 노란색과 빨간색을 띠는 신선하고 잘 익은 복숭아들의 클로즈업 샷으로, 그중 하나는 반으로 잘려 과즙이 가득한 속살이 드러나 있으며, 노란색 천 위에 놓여 있고 주변에는 녹색 잎사귀들이 흩어져 있다.",reused,ok,ok,ok
fruits_nuts_rice,qwen3,5162187,1,fruits_nuts_rice/images/kurly_5162187_1.jpg,상품-대표-이미지 1,"초록빛이 도는 껍질을 가진 싱싱한 주황색 귤 한 바구니가 질감이 느껴지는 흰색 천 위에 놓여 있고, 바구니 앞쪽에는 반으로 잘린 귤 두 개가 놓여 있다.","흰색의 질감이 느껴지는 천 위에, 신선하고 주황색과 초록색의 귤이 가득 담긴 짠 바구니가 놓여 있으며, 그중 두 개는 반으로 잘려 과즙이 흐르는 과육이 드러나 있다.","초록빛이 도는 껍질을 가진 작고 둥근 주황색 감귤류 과일들이 한 무더기 쌓여 있는데, 그중 일부는 껍질이 벗겨져 반으로 잘려 있으며, 흰색의 질감이 느껴지는 천 위에 놓인 엮은 바구니 안에 담겨 있다.",신선한 주황색 귤로 가득 찬 엮은 바구니. 그중 일부는 껍질이 벗겨져 질감이 느껴지는 흰색 천 위에 진열되어 있다.,reused,ok,ok,ok
fruits_nuts_rice,qwen3,5162187,2,fruits_nuts_rice/images/kurly_5162187_2.jpg,,"흰 천 위에 놓인, 껍질이 일부는 초록색이고 일부는 주황색인 신선하고 둥근 귤 한 바구니. 그중 하나는 반으로 잘려 있어 과즙이 가득한 귤 조각이 드러나 있다.","흰 천 위에 놓인, 둥글고 주황색을 띠며 약간 푸른빛이 도는 귤 한 바구니. 그중 하나는 반으로 잘려 있어 과즙이 가득한 귤 조각들이 드러나 있다.","흰색 식탁보 위에는 둥글고 주황색과 초록색을 띤 귤 한 바구니가 놓여 있는데, 그중 하나는 반으로 잘려 있어 과즙이 가득한 귤 조각들이 드러나 있다.",흰 천 위에 놓인 둥글고 주황색과 초록색의 귤 한 바구니. 그중 하나는 반으로 잘려 있어 과즙이 가득한 귤 조각이 드러나 있다.,reused,ok,ok,ok
vegetables,hyperclovax,1000079725,1,vegetables/images/kurly_1000079725_1.jpg,상품-대표-이미지 1,이미지에는 1.5kg 무게의 고구마가 담긴 상자가 있습니다.,이미지에는 1.5kg 무게의 고구마가 담긴 상자가 있습니다.,이미지에는 1.5kg 무게의 고구마가 담긴 상자가 있습니다.,"이미지에는 고구마가 담긴 상자가 있습니다. 상자에는 고구마의 무게가 1.5kg임을 나타내는 글자가 적혀 있으며, 상자의 왼쪽은 초록색, 오른쪽은 주황색으로 되어 있습니다. 상자 위쪽에는 고구마의 이름인 '고구마'가 적혀 있고, 상자 아래쪽에는 고구마에 대한 설명이 적혀 있습니다.",reused,ok,ok,ok
vegetables,hyperclovax,1000079725,2,vegetables/images/kurly_1000079725_2.jpg,,이미지에는 고구마가 담긴 상자가 있습니다.,이미지에는 상자 안에 고구마가 담겨 있습니다.,이미지에는 고구마가 담긴 상자가 있습니다.,이미지에는 고구마가 담긴 상자가 있습니다.,reused,ok,ok,ok
vegetables,hyperclovax,1000118036,1,vegetables/images/kurly_1000118036_1.jpg,상품-대표-이미지 1,이미지에는 다진 마늘을 담은 포장지가 있습니다.,이미지에는 포장지에 담긴 다진 마늘 상품이 있습니다.,이미지에는 다진 마늘을 담은 포장지가 있습니다.,이미지에는 다진 마늘을 담은 포장지가 있습니다.,reused,ok,ok,ok
vegetables,hyperclovax,1000118036,2,vegetables/images/kurly_1000118036_2.jpg,,이미지에는 도자기 그릇에 담긴 잘게 다진 노란색 음식이 있습니다.,이미지에는 잘게 다져진 노란색의 음식이 담긴 도자기 그릇이 있습니다.,이미지에는 다져진 노란색 음식이 담긴 도자기 그릇이 있습니다.,이미지에는 다져진 노란색 음식이 담긴 도자기 그릇이 있습니다.,reused,ok,ok,ok
vegetables,hyperclovax,1000120872,1,vegetables/images/kurly_1000120872_1.jpg,상품-대표-이미지 1,이미지에는 흰색 접시에 담긴 콩나물이 있습니다.,이미지에는 흰색 접시에 담긴 콩나물이 있습니다.,이미지에는 흰색 접시에 담긴 콩나물이 있습니다.,이미지에는 흰색 접시에 담긴 콩나물이 있습니다.,reused,ok,ok,ok
vegetables,hyperclovax,1000120872,2,vegetables/images/kurly_1000120872_2.jpg,,이미지에는 흰색 그릇에 담긴 콩나물이 있습니다.,이미지에는 흰색 그릇에 담긴 콩나물 한 그릇이 있습니다.,이미지에는 콩나물이 담긴 흰색 그릇이 있습니다.,이미지에는 흰색 그릇에 담긴 콩나물이 있습니다.,reused,ok,ok,ok
vegetables,hyperclovax,1000120884,1,vegetables/images/kurly_1000120884_1.jpg,상품-대표-이미지 1,이미지에는 흰색 천 위에 놓인 신선해 보이는 루콜라 잎이 있습니다.,이미지에는 흰색 천 위에 놓인 루콜라 잎들이 모여 있는 모습입니다.,이미지에는 흰색 천 위에 놓인 루콜라 잎이 있습니다.,이미지에는 흰색 천 위에 놓인 루콜라 잎이 있습니다.,reused,ok,ok,ok
vegetables,hyperclovax,1000120884,2,vegetables/images/kurly_1000120884_2.jpg,,이미지에는 흰색 천 위에 놓인 신선해 보이는 루콜라 잎이 있습니다.,이미지에는 흰색 천 위에 놓인 루콜라 잎이 있습니다.,이미지에는 흰색 천 위에 놓인 루콜라 잎이 있습니다.,이미지에는 흰색 천 위에 놓인 루콜라 잎이 있습니다.,reused,ok,ok,ok
vegetables,hyperclovax,1000178619,1,vegetables/images/kurly_1000178619_1.jpg,상품-대표-이미지 1,"이미지에는 초록색 배경 위에 빨간색, 노란색, 주황색 벨 페퍼 네 개가 놓여 있습니다.","이미지에는 초록색 배경 위에 빨간색, 주황색, 노란색 피망 4개가 놓여 있습니다.","이미지에는 초록색 배경 위에 빨간색, 노란색, 주황색의 네 가지 색을 가진 벨 페퍼 네 개가 놓여 있습니다.","이미지에는 초록색 배경 위에 빨간색, 노란색, 주황색의 파프리카 4개가 놓여 있습니다.",reused,ok,ok,ok
vegetables,hyperclovax,1000178619,2,vegetables/images/kurly_1000178619_2.jpg,,"이미지에는 초록색 배경 위에 빨간색, 노란색, 주황색, 노란색 피망 네 개가 나란히 놓여 있습니다.","이미지에는 녹색 배경 위에 노란색, 빨간색, 주황색, 노란색의 네 가지 색을 가진 피망 네 개가 나란히 놓여 있습니다.","이미지에는 녹색 배경 위에 노란색, 주황색, 빨간색 피망 4개가 나란히 놓여 있습니다.","이미지에는 초록색 배경 위에 노란색, 주황색, 빨간색, 또 다른 노란색 피망 4개가 나란히 놓여 있습니다.",reused,ok,ok,ok
vegetables,hyperclovax,1000258072,1,vegetables/images/kurly_1000258072_1.jpg,상품-대표-이미지 1,이미지에는 세 겹으로 배열된 상추 잎이 있습니다.,이미지에는 세 겹으로 배열된 상추 잎이 있습니다.,이미지에는 겹 배열된 상추 잎이 있습니다.,이미지에는 겹 배열 상추 잎이 세 줄로 배열되어 있는 모습입니다.,reused,ok,ok,ok
vegetables,hyperclovax,1000258072,2,vegetables/images/kurly_1000258072_2.jpg,,이미지에는 신선해 보이는 상추 잎이 있습니다.,이미지에는 상추 잎이 있습니다.,이미지에는 상추 잎이 있습니다.,이미지에는 상추 잎이 있습니다.,reused,ok,ok,ok
vegetables,hyperclovax,1000441195,1,vegetables/images/kurly_1000441195_1.jpg,상품-대표-이미지 1,이미지에는 흰색 접시에 담긴 붉은 색의 고구마들이 있습니다.,이미지에는 흰색 접시에 담긴 붉은 색 고구마가 있습니다.,이미지에는 흰색 그릇에 담긴 붉은 색 고구마가 있습니다.,이미지에는 흰색 그릇에 담긴 붉은 색 고구마가 있습니다.,reused,ok,ok,ok
vegetables,hyperclovax,1000441195,2,vegetables/images/kurly_1000441195_2.jpg,,이미지에는 검은색 냄비에 담긴 고구마들이 있습니다.,검은색 냄비에 담긴 고구마 중 한 개를 반으로 잘라 내부의 노란색 속을 드러낸 모습입니다.,이미지에는 검은색 냄비에 고구마가 담겨 있는 모습입니다.,검은색 냄비에 담긴 고구마,reused,ok,ok,ok
vegetables,hyperclovax,1000443684,1,vegetables/images/kurly_1000443684_1.jpg,상품-대표-이미지 1,이미지에는 두 개의 그릇에 담긴 다양한 종류의 신선한 녹색 잎채소가 있습니다.,이미지에는 두 개의 그릇에 담긴 다양한 종류의 녹색 채소가 있습니다.,이미지에는 두 개의 그릇에 각각 다양한 종류의 녹색 잎 채소가 담겨 있습니다.,이미지에는 회색 배경 위에 놓인 두 개의 그릇에 담긴 다양한 종류의 녹색 잎채소가 있습니다.,reused,ok,ok,ok
vegetables,hyperclovax,1000443684,2,vegetables/images/kurly_1000443684_2.jpg,,이미지에는 두 개의 그릇에 담긴 다양한 종류의 신선한 녹색 잎채소가 있습니다.,이미지에는 두 개의 그릇에 담긴 다양한 종류의 녹색 채소가 있습니다.,이미지에는 두 개의 그릇에 각각 다양한 종류의 녹색 잎 채소가 담겨 있습니다.,이미지에는 두 개의 그릇에 다양한 종류의 녹색 잎 채소가 담겨 있습니다.,reused,ok,ok,ok
vegetables,hyperclovax,1000661274,1,vegetables/images/kurly_1000661274_1.jpg,상품-대표-이미지 1,이미지에는 포장된 야채와 그릇에 담긴 조리된 야채가 있습니다.,"이미지에는 포장된 야채가 있으며, 그 중 브로콜리, 당근, 버섯, 단호박 등이 들어 있습니다.",이미지에는 포장된 야채와 그릇에 담긴 조리된 야채가 있습니다.,이미지에는 포장된 야채와 그릇에 담긴 조리된 야채가 있습니다.,reused,ok,ok,ok
vegetables,hyperclovax,1000661274,2,vegetables/images/kurly_1000661274_2.jpg,,이미지에는 흰 접시에 담긴 다양한 채소들이 있습니다.,이미지에는 흰 접시에 담긴 다양한 채소들이 있습니다.,이미지에는 흰 접시에 담긴 다양한 색상의 채소들이 있습니다.,이미지에는 다양한 색상의 채소들이 흰색 접시에 담겨 있습니다.,reused,ok,ok,ok
vegetables,hyperclovax,1000952172,1,vegetables/images/kurly_1000952172_1.jpg,상품-대표-이미지 1,"이미지에는 'Kf365 커리프레쉬'라는 제품이 있으며, 300g 용량으로 포장되어 있고, 15cm x 20cm 크기의 사각형 모양으로 개별 포장되어 있습니다.","이미지에는 포장된 식품이 있으며, 이 식품은 'Kf365_커리프레쉬'라는 이름으로 300g 용량으로 포장되어 있습니다.","이미지에는 300g 용량의 Kf365_커리프레쉬 제품이 있으며, 개별 포장으로 15x20 크기의 작은 사각형 모양으로 포장되어 있습니다.","이미지에는 300g 용량의 Kf365_커리프레쉬 제품이 있으며, 개별 포장된 사각형 모양의 15x20 크기의 식품이 들어 있습니다.",reused,ok,ok,ok
vegetables,hyperclovax,1000952172,2,vegetables/images/kurly_1000952172_2.jpg,,이미지에는 흰색 배경 위에 놓인 두 개의 작은 용기에 담긴 노란색 음식이 있습니다.,이미지에는 작은 용기에 담긴 노란색 음식이 두 개 있습니다.,이미지에는 흰색 배경 위에 놓인 두 개의 작은 용기에 담긴 노란색 음식이 있습니다.,"이미지에는 흰색 배경 위에 놓인 두 개의 작은 용기가 있으며, 각 용기에는 노란색 음식이 담겨 있습니다.",reused,ok,ok,ok
vegetables,hyperclovax,1001176677,1,vegetables/images/kurly_1001176677_1.jpg,상품-대표-이미지 1,이미지에는 다양한 종류의 상추가 담긴 접시가 있습니다.,이미지에는 다양한 종류의 상추가 흰색 접시에 담겨 있습니다.,이미지에는 다양한 종류의 상추가 담긴 접시가 있습니다.,이미지에는 다양한 종류의 상추가 담긴 접시가 있습니다.,reused,ok,ok,ok
vegetables,hyperclovax,1001176677,2,vegetables/images/kurly_1001176677_2.jpg,,이미지에는 다양한 종류의 상추가 담긴 접시가 있습니다.,이미지에는 다양한 종류의 상추가 흰색 접시에 담겨 있습니다.,이미지에는 다양한 종류의 상추가 흰색 접시에 담겨 있습니다.,이미지에는 다양한 종류의 상추가 흰색 접시에 담겨 있습니다.,reused,ok,ok,ok
vegetables,hyperclovax,1001227997,1,vegetables/images/kurly_1001227997_1.jpg,상품-대표-이미지 1,이미지에는 껍질이 벗겨진 양파가 놓여 있습니다.,이미지에는 껍질이 벗겨진 양파가 있습니다.,이미지에는 껍질이 벗겨진 양파가 있습니다.,이미지에는 껍질이 벗겨진 양파가 있습니다.,reused,ok,ok,ok
vegetables,hyperclovax,1001227997,2,vegetables/images/kurly_1001227997_2.jpg,,이미지에는 껍질이 벗겨진 양파와 껍질이 그대로 있는 양파가 놓여 있습니다.,이미지에는 껍질이 그대로 벗겨지지 않은 양파 다섯 개가 있습니다.,이미지에는 껍질 그대로 놓인 양파들이 있습니다.,이미지에는 껍질 그대로 양파가 있습니다.,reused,ok,ok,ok
vegetables,hyperclovax,1001544134,1,vegetables/images/kurly_1001544134_1.jpg,상품-대표-이미지 1,이미지에는 접시 위에 놓인 여섯 개의 감자가 있습니다.,이미지에는 직사각형 모양의 접시에 감자 여섯 개가 놓여 있습니다.,이미지에는 직사각형 모양의 접시에 담긴 감자 여섯 개가 놓여 있습니다.,,reused,ok,ok,no_keywords
vegetables,hyperclovax,1001544134,2,vegetables/images/kurly_1001544134_2.jpg,,이미지에는 껍질이 벗겨진 감자 반쪽과 껍질이 그대로인 감자 여러 개가 놓여 있습니다.,이미지에는 껍질이 벗겨진 감자 반쪽이 놓인 모습이 있습니다.,이미지에는 껍질이 벗겨진 감자 반쪽과 껍질이 그대로인 감자 여러 개가 있습니다.,이미지에는 껍질 그대로인 여러 개의 감자가 있습니다.,reused,ok,ok,ok
vegetables,hyperclovax,1001985604,1,vegetables/images/kurly_1001985604_1.jpg,상품-대표-이미지 1,이미지에는 초록색 잎과 흰색 줄기가 있는 여러 대의 파가 놓여 있습니다.,이미지에는 초록색 대파 여러 줄기가 있습니다.,이미지에는 초록색 잎과 흰색 줄기를 가진 여러 대의 대파가 있습니다.,이미지에는 초록색 잎과 흰색 줄기가 있는 여러 대의 파가 있습니다.,reused,ok,ok,ok
vegetables,hyperclovax,1001985604,2,vegetables/images/kurly_1001985604_2.jpg,,이미지에는 나무 도마 위에 파와 파의 흰색 부분이 잘린 모습이 있습니다.,이미지에는 나무 도마 위에 파가 잘려 있는 모습입니다.,이미지에는 도마 위에 놓인 파의 잘린 모습이 있습니다.,이미지에는 나무 도마 위에 잘린 파의 모습이 있습니다.,reused,ok,ok,ok
vegetables,hyperclovax,1002030400,1,vegetables/images/kurly_1002030400_1.jpg,상품-대표-이미지 1,이미지에는 연두색 오이가 있습니다.,이미지에는 연두색의 오이가 있습니다.,이미지에는 연두색 오이가 있습니다.,,reused,ok,ok,no_keywords
vegetables,hyperclovax,1002030400,2,vegetables/images/kurly_1002030400_2.jpg,,이미지에는 초록색 오이가 있습니다.,이미지에는 초록색의 오이가 있습니다.,이미지에는 초록색 오이가 있습니다.,,reused,ok,ok,no_keywords
vegetables,hyperclovax,1002318657,1,vegetables/images/kurly_1002318657_1.jpg,상품-대표-이미지 1,이미지에는 연한 녹색의 배추 한 개가 있습니다.,이미지에는 연한 녹색의 배추 한 개가 있습니다.,이미지에는 연한 녹색의 배추 1개가 있습니다.,이미지에는 연한 녹색의 배추 한 개가 있습니다.,reused,ok,ok,ok
vegetables,hyperclovax,1002318657,2,vegetables/images/kurly_1002318657_2.jpg,,이미지에는 세 조각의 배추 잎이 있습니다.,이미지에는 세 조각의 배추가 있습니다.,이미지에는 세 조각의 배추 잎이 있습니다.,이미지에는 세 조각의 배추 잎이 있습니다.,reused,ok,ok,ok
vegetables,hyperclovax,1002318659,1,vegetables/images/kurly_1002318659_1.jpg,상품-대표-이미지 1,이미지에는 연한 갈색 바탕 위에 놓인 두 개의 브로콜리가 있습니다.,이미지에는 연한 녹색의 브로콜리 두 개가 있습니다.,이미지에는 연한 갈색의 브로콜리 두 개가 있습니다.,이미지에는 연한 갈색의 브로콜리 두 개가 있습니다.,reused,ok,ok,ok
vegetables,hyperclovax,1002318659,2,vegetables/images/kurly_1002318659_2.jpg,,이미지에는 브로콜리 여러 개가 있습니다.,이미지에는 여러 개의 브로콜리가 있습니다.,이미지에는 브로콜리가 여러 개 있습니다.,,reused,ok,ok,no_keywords
vegetables,hyperclovax,5000070,1,vegetables/images/kurly_5000070_1.jpg,상품-대표-이미지 1,이미지에는 세 개의 당근이 회색 접시 위에 놓여 있습니다.,이미지에는 회색 접시 위에 놓인 세 개의 당근이 있습니다.,이미지에는 회색의 접시 위에 놓인 세 개의 당근이 있습니다.,이미지에는 회색의 접시 위에 세 개의 당근이 놓여 있습니다.,reused,ok,ok,ok
vegetables,hyperclovax,5000070,2,vegetables/images/kurly_5000070_2.jpg,,이미지에는 껍질이 벗겨진 당근과 껍질이 그대로 있는 당근이 있습니다.,이미지에는 껍질을 벗기지 않은 당근이 그대로 놓여 있습니다.,이미지에는 껍질 그대로 벗겨지지 않은 당근이 있습니다.,이미지에는 껍질 그대로의 당근이 있습니다.,reused,ok,ok,ok
vegetables,hyperclovax,5000333,1,vegetables/images/kurly_5000333_1.jpg,상품-대표-이미지 1,이미지에는 흰색 접시 위에 놓인 두 개의 오이가 있습니다.,이미지에는 흰색 접시 위에 놓인 두 개의 오이가 있습니다.,이미지에는 흰색 접시 위에 놓인 두 개의 오이가 있습니다.,이미지에는 흰색 오이 두 개가 놓인 모습이 있습니다.,reused,ok,ok,ok
vegetables,hyperclovax,5000333,2,vegetables/images/kurly_5000333_2.jpg,,이미지에는 도마 위에 놓인 오이들이 있습니다.,이미지에는 도마 위에 놓인 오이가 있습니다.,이미지에는 도마 위에 놓인 오이가 있습니다.,,reused,ok,ok,no_keywords
vegetables,hyperclovax,5000718,1,vegetables/images/kurly_5000718_1.jpg,상품-대표-이미지 1,이미지에는 신선한 시금치 잎이 담긴 금속 바구니와 마늘 몇 쪽이 놓여 있습니다.,이미지에는 금속 바구니에 담긴 시금치와 마늘 몇 쪽이 놓여 있습니다.,이미지에는 금속 바구니에 담긴 시금치 잎과 마늘 몇 쪽이 놓여 있습니다.,이미지에는 금속 바구니에 담긴 시금치 잎과 금속 바구니에 담긴 마늘 몇 개가 놓여 있습니다.,reused,ok,ok,ok
vegetables,hyperclovax,5000718,2,vegetables/images/kurly_5000718_2.jpg,,이미지에는 신선한 시금치와 마늘 몇 쪽이 놓인 바구니가 있습니다.,"이미지에는 회색 바탕 위에 놓인 시금치와 마늘 몇 개가 담긴 바구니, 그리고 그 옆에 놓인 마늘 껍질과 마늘 껍질이 벗겨진 마늘 두 개가 놓여 있습니다.",이미지에는 시금치와 마늘 몇 쪽이 담긴 쪽 바구니가 놓인 모습입니다.,이미지에는 회색 철제 바구니에 담긴 시금치와 마늘 몇 쪽이 놓여 있습니다.,reused,ok,ok,ok
vegetables,hyperclovax,5001063,1,vegetables/images/kurly_5001063_1.jpg,상품-대표-이미지 1,이미지에는 접시 위에 놓인 브로콜리 한 개가 있습니다.,이미지에는 브로콜리 1개가 있습니다.,이미지에는 접시 위에 놓인 브로콜리 1개가 있습니다.,,reused,ok,ok,no_keywords
vegetables,hyperclovax,5001063,2,vegetables/images/kurly_5001063_2.jpg,,이미지에는 접시 위에 놓인 큰 브로콜리 한 개와 그 주변에 잘린 브로콜리 조각 세 개가 놓여 있는 모습입니다.,이미지에는 흰색 접시 위에 큰 브로콜리 한 개와 그 조각 세 개가 놓여 있는 모습입니다.,이미지에는 잘린 브로콜리 세 조각이 놓인 모습이 있습니다.,이미지에는 브로콜리 한 개와 그 주변에서 잘린 조각 세 개가 놓인 모습이 있습니다.,reused,ok,ok,ok
vegetables,hyperclovax,5026448,1,vegetables/images/kurly_5026448_1.jpg,상품-대표-이미지 1,이미지에는 흰색 그릇에 담긴 갈색의 감자 여섯 개가 있습니다.,이미지에는 흰색 그릇에 담긴 6개의 갈색 감자가 있습니다.,이미지에는 흰색 그릇에 담긴 갈색 감자 여섯 개가 놓여 있습니다.,이미지에는 흰색 그릇에 담긴 갈색 감자 여섯 개가 놓여 있습니다.,reused,ok,ok,ok
vegetables,hyperclovax,5026448,2,vegetables/images/kurly_5026448_2.jpg,,이미지에는 껍질이 벗겨진 감자 반쪽과 껍질이 그대로인 감자 여러 개가 놓인 모습이 있습니다.,이미지에는 껍질이 벗겨진 여러 개의 감자가 그대로 놓여 있는 모습입니다.,이미지에는 껍질이 벗겨져 반으로 잘린 감자 여러 개가 놓인 모습이 있습니다.,이미지에는 껍질 그대로의 여러 개의 감자가 있습니다.,reused,ok,ok,ok
vegetables,hyperclovax,5026449,1,vegetables/images/kurly_5026449_1.jpg,상품-대표-이미지 1,이미지에는 녹색 접시 위에 놓인 고구마들이 있습니다.,이미지에는 녹색 접시 위에 놓인 고구마들이 있습니다.,이미지에는 녹색 고구마가 접시에 담겨 있는 모습입니다.,,reused,ok,ok,no_keywords
vegetables,hyperclovax,5026449,2,vegetables/images/kurly_5026449_2.jpg,,이미지에는 흰색 그릇에 담긴 고구마들이 있습니다.,이미지에는 흰색 그릇에 담긴 고구마들이 있습니다.,이미지에는 흰색 그릇에 담긴 고구마들이 있습니다.,이미지에는 흰색 그릇에 담긴 고구마들이 있습니다.,reused,ok,ok,ok
vegetables,hyperclovax,5026450,1,vegetables/images/kurly_5026450_1.jpg,상품-대표-이미지 1,이미지에는 구운 고구마가 담긴 접시가 있습니다.,이미지에는 고구마가 담긴 접시가 있습니다.,이미지에는 고구마가 담긴 접시가 있습니다.,,reused,ok,ok,no_keywords
vegetables,hyperclovax,5026450,2,vegetables/images/kurly_5026450_2.jpg,,이미지에는 반으로 잘린 고구마 여섯 개가 흰색 그릇에 담겨 있습니다.,"이미지에는 흰색 그릇에 담긴 여섯 개의 고구마가 있습니다. 그릇에 담긴 고구마 중 한 개는 반으로 잘려 있으며, 반으로 잘린 고구마의 내부는 노란색입니다.","이미지에는 흰색 그릇에 담긴 6개의 고구마가 있습니다. 그릇에 담긴 6개의 고구마 중 2개는 반으로 잘려 있으며, 잘린 단면은 노란색을 띠고 있습니다.",이미지에는 흰색 그릇에 담긴 고구마 6개가 반으로 잘려 있는 모습입니다.,reused,ok,ok,ok
vegetables,hyperclovax,5026451,1,vegetables/images/kurly_5026451_1.jpg,상품-대표-이미지 1,이미지에는 주황색 양파가 비닐망에 담겨 있습니다.,이미지에는 주황색의 양파가 비닐망에 담겨 있습니다.,이미지에는 주황색 양파가 비닐 망에 담겨 있습니다.,이미지에는 주황색 양파가 비닐 망에 담겨 있습니다.,reused,ok,ok,ok
vegetables,hyperclovax,5026451,2,vegetables/images/kurly_5026451_2.jpg,,이미지에는 주황색 양파 한 다발과 그 옆에 놓인 양파 한 개가 있습니다.,이미지에는 주황색의 양파 다발이 있고 그 옆에는 양파 1개가 놓여 있습니다.,이미지에는 주황색 양파 다발 옆에 양파 1개가 놓여 있는 모습입니다.,이미지에는 주황색 양파 다발과 옆 양파 1개가 있습니다.,reused,ok,ok,ok
vegetables,hyperclovax,5027318,1,vegetables/images/kurly_5027318_1.jpg,상품-대표-이미지 1,이미지에는 나무 그릇에 담긴 마늘이 있습니다.,이미지에는 나무 그릇에 담긴 마늘이 있습니다.,이미지에는 나무 그릇에 담긴 마늘이 있습니다.,나무 그릇에 담긴 마늘,reused,ok,ok,ok
vegetables,hyperclovax,5027318,2,vegetables/images/kurly_5027318_2.jpg,,이미지에는 껍질을 벗긴 마늘이 놓인 나무 그릇이 있습니다.,이미지에는 껍질을 벗긴 마늘이 나무 그릇에 담겨 있고 그 옆에는 껍질이 벗겨진 마늘이 놓여 있는 모습입니다.,이미지에는 껍질을 벗긴 마늘이 나무 그릇에 담겨 있고 그 옆에는 몇 조각이 놓여 있는 모습입니다.,이미지에는 껍질을 벗긴 마늘이 나무 그릇에 담겨 있고 그 옆에는 껍질이 벗겨진 마늘 몇 개가 놓여 있는 모습입니다.,reused,ok,ok,ok
vegetables,hyperclovax,5027319,1,vegetables/images/kurly_5027319_1.jpg,상품-대표-이미지 1,이미지에는 접시 위에 놓인 배추 한 개가 있습니다.,이미지에는 한 개의 배추가 있습니다.,이미지에는 접시 위에 놓인 배추 한 개가 있습니다.,,reused,ok,ok,no_keywords
vegetables,hyperclovax,5027319,2,vegetables/images/kurly_5027319_2.jpg,,이미지에는 반으로 잘린 배추 두 조각이 있습니다.,이미지에는 반으로 잘린 배추의 모습이 있습니다.,이미지에는 반으로 잘린 배추 조각이 있습니다.,이미지에는 반으로 잘린 배추 조각이 있습니다.,reused,ok,ok,ok
vegetables,hyperclovax,5027320,1,vegetables/images/kurly_5027320_1.jpg,상품-대표-이미지 1,이미지에는 플라스틱 포장지에 담긴 파가 있습니다.,이미지에는 플라스틱 포장지에 담긴 파가 있습니다.,이미지에는 플라스틱 포장지에 담긴 파가 놓여 있습니다.,이미지에는 플라스틱 포장지에 담긴 파가 있습니다.,reused,ok,ok,ok
vegetables,hyperclovax,5027320,2,vegetables/images/kurly_5027320_2.jpg,,이미지에는 포장된 파가 있습니다.,이미지에는 포장된 파가 있습니다.,이미지에는 포장된 파가 있습니다.,,reused,ok,ok,no_keywords
vegetables,hyperclovax,5030557,1,vegetables/images/kurly_5030557_1.jpg,상품-대표-이미지 1,이미지에는 노란색과 빨간색의 피망 두 개가 나란히 놓여 있습니다.,이미지에는 나란히 놓인 노란색과 빨간색 피망 두 개가 있습니다.,이미지에는 노란색과 빨간색 피망 두 개가 나란히 놓여 있습니다.,이미지에는 노란색과 빨간색 피망 두 개가 나란히 놓여 있습니다.,reused,ok,ok,ok
vegetables,hyperclovax,5030557,2,vegetables/images/kurly_5030557_2.jpg,,"이미지에는 왼쪽에 노란색 벨 페퍼, 오른쪽에 빨간색 벨 페퍼가 있습니다.","이미지에는 왼쪽에 노란색 페퍼, 오른쪽에 빨간색 페퍼가 있습니다.",이미지에는 왼쪽에 노란색 페퍼와 오른쪽에 빨간색 페퍼가 있습니다.,이미지에는 왼쪽에 노란색 벨 페퍼와 오른쪽에 빨간색 벨 페퍼가 있습니다.,reused,ok,ok,ok
vegetables,hyperclovax,5030559,1,vegetables/images/kurly_5030559_1.jpg,상품-대표-이미지 1,이미지에는 녹색의 긴 오이가 흰색 천 위에 놓여 있습니다.,이미지에는 녹색 오이가 천 위에 놓여 있습니다.,이미지에는 길고 녹색인 오이가 흰색 천 위에 놓여 있습니다.,이미지에는 길고 녹색인 오이가 흰색 천 위에 놓여 있습니다.,reused,ok,ok,ok
vegetables,hyperclovax,5030559,2,vegetables/images/kurly_5030559_2.jpg,,이미지에는 도마 위에 놓인 오이 조각들이 있습니다.,이미지에는 도마 위에 오이를 얇게 썬 조각들이 놓여 있는 모습입니다.,이미지에는 도마 위에 놓인 오이 조각들이 있습니다.,이미지에는 도마 위에 놓인 오이 조각들이 있습니다.,reused,ok,ok,ok
vegetables,hyperclovax,5031100,1,vegetables/images/kurly_5031100_1.jpg,상품-대표-이미지 1,이미지에는 접시 위에 놓인 양상추와 그 옆에 반으로 잘린 양상추가 있습니다.,이미지에는 반으로 잘린 양상추가 놓인 흰색 접시가 있습니다.,이미지에는 양상추 한 개와 반으로 잘린 양상추가 놓인 모습이 있습니다.,이미지에는 양상추 반과 반 잘린 양상추가 있습니다.,reused,ok,ok,ok
vegetables,hyperclovax,5031100,2,vegetables/images/kurly_5031100_2.jpg,,이미지에는 반으로 잘린 양상추가 있습니다.,이미지에는 반으로 잘린 양상추가 있습니다.,이미지에는 반으로 잘린 양상추가 있습니다.,이미지에는 반으로 잘린 양상추가 있습니다.,reused,ok,ok,ok
vegetables,hyperclovax,5031391,1,vegetables/images/kurly_5031391_1.jpg,상품-대표-이미지 1,이미지에는 흰색 천 위에 놓인 두 개의 표고버섯이 있습니다.,이미지에는 천 위에 놓인 두 개의 흰색 표고버섯이 있습니다.,이미지에는 천 위에 놓인 두 개의 표고버섯이 있습니다.,이미지에는 흰색 천 위에 놓인 두 개의 표고버섯이 있습니다.,reused,ok,ok,ok
vegetables,hyperclovax,5031391,2,vegetables/images/kurly_5031391_2.jpg,,이미지에는 흰색 버섯이 있습니다.,이미지에는 흰색 버섯이 있습니다.,이미지에는 흰색 버섯이 있습니다.,,reused,ok,ok,no_keywords
vegetables,hyperclovax,5031395,1,vegetables/images/kurly_5031395_1.jpg,상품-대표-이미지 1,이미지에는 접시 위에 놓인 무가 있습니다.,이미지에는 무가 있습니다.,,,reused,ok,no_keywords,no_keywords
vegetables,hyperclovax,5031395,2,vegetables/images/kurly_5031395_2.jpg,,이미지에는 접시 위에 놓인 무 몇 조각과 무 한 개가 있습니다.,이미지에는 무 한 개가 조각으로 잘려져 있는 모습입니다.,이미지에는 무 몇 조각이 있는 접시가 있습니다.,이미지에는 몇 조각 무가 놓인 모습이 있습니다.,reused,ok,ok,ok
vegetables,hyperclovax,5036663,1,vegetables/images/kurly_5036663_1.jpg,상품-대표-이미지 1,이미지에는 회색 배경 위에 놓인 녹색의 대파가 있습니다.,이미지에는 회색 배경 위에 녹색 파가 놓여 있습니다.,이미지에는 회색 배경 위에 놓인 녹색 파가 있습니다.,이미지에는 회색 배경 위에 놓인 녹색 파가 있습니다.,reused,ok,ok,ok
vegetables,hyperclovax,5036663,2,vegetables/images/kurly_5036663_2.jpg,,이미지에는 회색 바탕 위에 놓인 초록색 대파가 있습니다.,이미지에는 회색 바탕 위에 놓인 초록색 파의 모습이 있습니다.,이미지에는 초록색 파가 회색 표면 위에 놓여 있습니다.,이미지에는 회색 바탕 위에 놓인 초록색 파가 있습니다.,reused,ok,ok,ok
vegetables,hyperclovax,5042793,1,vegetables/images/kurly_5042793_1.jpg,상품-대표-이미지 1,이미지에는 브로콜리가 담긴 흰색 접시가 있습니다.,이미지에는 흰색 접시에 담긴 브로콜리가 있습니다.,이미지에는 흰색 접시에 담긴 브로콜리가 있습니다.,이미지에는 흰색 접시에 담긴 브로콜리가 있습니다.,reused,ok,ok,ok
vegetables,hyperclovax,5042793,2,vegetables/images/kurly_5042793_2.jpg,,이미지에는 흰 접시에 담긴 브로콜리 조각들이 있습니다.,이미지에는 흰색 접시에 담긴 브로콜리 조각들이 있습니다.,이미지에는 흰색 접시에 담긴 브로콜리 조각들이 있습니다.,이미지에는 흰색 접시에 담긴 브로콜리 조각들이 있습니다.,reused,ok,ok,ok
vegetables,hyperclovax,5044050,1,vegetables/images/kurly_5044050_1.jpg,상품-대표-이미지 1,"이미지에는 나무 도마 위에 두 개의 연한 갈색 뿌리채소, 아마도 우엉이 놓여 있고 그 옆에는 우엉의 껍질을 벗긴 후 얇게 썰어놓은 모습이 담겨 있습니다.",이미지에는 나무 도마 위에 우엉 두 개와 우엉을 얇게 썰어 놓은 모습이 있습니다.,"이미지에는 갈색 바탕에 연한 색의 뿌리채소 두 개가 나무 도마 위에 놓여 있으며, 오른쪽에는 같은 뿌리채소를 얇게 썰어 도마 위에 올려놓은 모습이 담겨 있습니다.","이미지에는 연한 갈색의 도마 위에 우엉이 놓여 있으며, 우엉을 얇게 썰어놓은 도마도 함께 놓여 있습니다.",reused,ok,ok,ok
vegetables,hyperclovax,5044050,2,vegetables/images/kurly_5044050_2.jpg,,이미지에는 나무 도마 위에 놓인 두 개의 생고구마와 고구마 껍질을 벗긴 후 잘라놓은 고구마 조각들이 있습니다.,이미지에는 고구마와 고구마를 자른 모습이 있는 도마가 회색 바탕 위에 놓여 있습니다.,"이미지에는 고구마 두 개와 고구마 껍질, 고구마 조각이 나무 도마 위에 놓여 있는 모습입니다.","이미지에는 나무 도마 위에 고구마와 고구마 껍질이 벗겨진 상태로 놓여 있으며, 또 다른 도마 위에는 고구마 껍질이 벗겨진 상태로 여러 조각이 놓여 있는 모습입니다.",reused,ok,ok,ok
vegetables,hyperclovax,5045384,1,vegetables/images/kurly_5045384_1.jpg,상품-대표-이미지 1,이미지에는 흰색 천 위에 놓인 녹색과 자주색 잎들이 있습니다.,이미지에는 흰색 천 위에 놓인 녹색 잎과 자주색 잎이 있습니다.,이미지에는 녹색과 자주색의 잎이 흰색 천 위에 놓여 있습니다.,이미지에는 녹색과 자주색의 잎이 흰색 천 위에 놓여 있습니다.,reused,ok,ok,ok
vegetables,hyperclovax,5045384,2,vegetables/images/kurly_5045384_2.jpg,,이미지에는 흰색 천 위에 놓인 여러 잎이 있습니다.,이미지에는 여러 잎이 흰색 천 위에 놓여 있습니다.,이미지에는 여러 잎이 흰색 천 위에 놓여 있습니다.,이미지에는 흰색 천 위에 놓인 여러 잎이 있습니다.,reused,ok,ok,ok
vegetables,hyperclovax,5048049,1,vegetables/images/kurly_5048049_1.jpg,상품-대표-이미지 1,이미지에는 국산 다진 마늘 제품이 있습니다.,이미지에는 국산 다진 마늘 제품이 있습니다.,이미지에는 다진 마늘을 담은 용기와 튜브형 용기가 있습니다.,이미지에는 다지다 마늘 제품이 있습니다.,reused,ok,ok,ok
vegetables,hyperclovax,5048049,2,vegetables/images/kurly_5048049_2.jpg,,이미지에는 포장된 현미밥과 국산 참깨마요네즈가 있습니다.,"이미지에는 마요네즈와 밥, 참깨, 현미가 들어있는 용기와 국산 마요네즈 튜브가 놓인 모습이 있습니다.","이미지에는 포장 현미와 국산 밥, 국산 참깨가 들어있는 용기와 참깨 마요네즈 튜브, 그리고 현미밥이 담긴 접시가 있습니다.","이미지에는 포장된 현미밥과 국산 참깨 마요네즈, 그리고 밥이 담긴 접시가 있습니다.",reused,ok,ok,ok
vegetables,hyperclovax,5049924,1,vegetables/images/kurly_5049924_1.jpg,상품-대표-이미지 1,이미지에는 접시 위에 놓인 시금치 한 다발이 있습니다.,이미지에는 시금치 다발이 있습니다.,이미지에는 시금치 다발이 있습니다.,,reused,ok,ok,no_keywords
vegetables,hyperclovax,5049924,2,vegetables/images/kurly_5049924_2.jpg,,이미지에는 접시 위에 놓인 신선한 시금치 한 다발이 있습니다.,이미지에는 시금치 다발이 있습니다.,이미지에는 시금치 다발이 있습니다.,,reused,ok,ok,no_keywords
vegetables,hyperclovax,5053496,1,vegetables/images/kurly_5053496_1.jpg,상품-대표-이미지 1,이미지에는 녹색 양배추 한 개가 있습니다.,이미지에는 녹색 양배추 한 개가 있습니다.,이미지에는 녹색 양배추 1개가 있습니다.,이미지에는 녹색 양배추 1개가 있습니다.,reused,ok,ok,ok
vegetables,hyperclovax,5053496,2,vegetables/images/kurly_5053496_2.jpg,,이미지에는 세 개의 양배추가 있습니다.,이미지에는 양배추 세 개가 있습니다.,이미지에는 세 개의 양배추가 있습니다.,,reused,ok,ok,no_keywords
vegetables,hyperclovax,5054657,1,vegetables/images/kurly_5054657_1.jpg,상품-대표-이미지 1,이미지에는 나무 쟁반 위에 놓인 세 개의 오이가 있습니다.,이미지에는 나무 쟁반 위에 놓인 세 개의 오이가 있습니다.,이미지에는 나무 쟁반 위에 놓인 세 개의 오이가 있습니다.,이미지에는 나무 쟁반 위에 놓인 세 개의 오이가 있습니다.,reused,ok,ok,ok
vegetables,hyperclovax,5054657,2,vegetables/images/kurly_5054657_2.jpg,,나무 쟁반에 놓인 세 개의 오이.,이미지에는 나무 쟁반 위에 놓인 세 개의 오이가 있습니다.,이미지에는 나무 쟁반 위에 놓인 세 개의 오이가 있습니다.,이미지에는 나무 쟁반 위에 놓인 세 개의 오이가 있습니다.,reused,ok,ok,ok
vegetables,hyperclovax,5054660,1,vegetables/images/kurly_5054660_1.jpg,상품-대표-이미지 1,이미지에는 흰색 천 위에 놓인 브로콜리 한 개가 있습니다.,이미지에는 흰색 천 위에 놓인 브로콜리 1개가 있습니다.,이미지에는 흰색 천 위에 놓인 브로콜리 1개가 있습니다.,이미지에는 흰색 천 위에 놓인 브로콜리 한 개가 있습니다.,reused,ok,ok,ok
vegetables,hyperclovax,5054660,2,vegetables/images/kurly_5054660_2.jpg,,이미지에는 흰색 천 위에 놓인 브로콜리 한 개가 있습니다.,이미지에는 흰색 천 위에 놓인 브로콜리 1개가 있습니다.,이미지에는 흰색 천 위에 놓인 브로콜리 1개가 있습니다.,이미지에는 흰색 천 위에 놓인 브로콜리 한 개가 있습니다.,reused,ok,ok,ok
vegetables,hyperclovax,5054661,1,vegetables/images/kurly_5054661_1.jpg,상품-대표-이미지 1,이미지에는 짙은 보라색의 가지 두 개가 회색 천 위에 놓여 있습니다.,이미지에는 짙은 보라색의 가지 두 개가 회색 천 위에 놓여 있습니다.,이미지에는 짙은 보라색의 가지 두 개가 회색 천 위에 놓여 있습니다.,이미지에는 회색 천 위에 놓인 짙은 보라색의 가지 두 개가 있습니다.,reused,ok,ok,ok
vegetables,hyperclovax,5054661,2,vegetables/images/kurly_5054661_2.jpg,,이미지에는 반으로 잘린 검은 가지가 있습니다.,이미지에는 반으로 잘린 가지가 있습니다.,이미지에는 검다 가지가 있습니다.,이미지에는 반으로 잘린 검고 긴 모양의 채소가 있습니다.,reused,ok,ok,ok
vegetables,hyperclovax,5058732,1,vegetables/images/kurly_5058732_1.jpg,상품-대표-이미지 1,이미지에는 접시에 담긴 표고버섯과 포장된 표고버섯이 있습니다.,이미지에는 포장된 표고버섯과 접시에 담긴 표고버섯이 있습니다.,이미지에는 표고버섯이 담긴 흰색 접시가 있습니다.,이미지에는 표고버섯이 담긴 포장지가 있고 그 아래에는 표고버섯이 담긴 접시가 있습니다.,reused,ok,ok,ok
vegetables,hyperclovax,5058732,2,vegetables/images/kurly_5058732_2.jpg,,이미지에는 신선해 보이는 표고버섯이 담긴 흰색 접시가 있습니다.,이미지에는 흰색 접시에 담긴 표고버섯과 포장된 표고버섯이 있습니다.,이미지에는 흰색 접시 위에 놓인 표고버섯이 있습니다.,"이미지에는 흰색 접시 위에 표고버섯이 담겨 있으며, 배경에는 표고버섯이 담긴 투명한 플라스틱 용기가 있습니다.",reused,ok,ok,ok
vegetables,hyperclovax,5061435,1,vegetables/images/kurly_5061435_1.jpg,상품-대표-이미지 1,이미지에는 갈색 바구니에 담긴 보라색 고구마가 있습니다.,이미지에는 보라색 고구마가 바구니에 담겨 있는 모습입니다.,이미지에는 보라색 고구마가 갈색 바구니에 담겨 있습니다.,이미지에는 보라색 고구마가 담긴 갈색 바구니가 있습니다.,reused,ok,ok,ok
vegetables,hyperclovax,5061435,2,vegetables/images/kurly_5061435_2.jpg,,이미지에는 보라색 고구마가 담긴 바구니의 모습이 있습니다.,이미지에는 고구마가 담긴 바구니의 모습입니다.,이미지에는 보라색 고구마가 담긴 바구니의 모습입니다.,이미지에는 고구마가 담긴 바구니의 모습입니다.,reused,ok,ok,ok
vegetables,hyperclovax,5063699,1,vegetables/images/kurly_5063699_1.jpg,상품-대표-이미지 1,이미지에는 흰색 그릇에 담긴 청경채와 바닥에 놓인 청경채 한 다발이 있습니다.,이미지에는 바닥에 흰색 그릇에 청경채 다발이 담겨 있습니다.,이미지에는 청경채 다발이 흰색 그릇에 담겨 있고 바닥에 한 개가 놓여 있는 모습입니다.,이미지에는 청경채가 흰색 그릇에 담겨 있고 바닥에 한 개 더 놓여 있는 모습입니다.,reused,ok,ok,ok
vegetables,hyperclovax,5063699,2,vegetables/images/kurly_5063699_2.jpg,,이미지에는 청경채 잎이 있습니다.,이미지에는 청경채 잎이 있습니다.,이미지에는 청경채 잎이 있습니다.,,reused,ok,ok,no_keywords
vegetables,hyperclovax,5071102,1,vegetables/images/kurly_5071102_1.jpg,상품-대표-이미지 1,이미지에는 포장된 표고버섯이 있습니다.,이미지에는 포장된 표고버섯이 있습니다.,이미지에는 포장 표고버섯이 있습니다.,,reused,ok,ok,no_keywords
vegetables,hyperclovax,5071102,2,vegetables/images/kurly_5071102_2.jpg,,이미지에는 포장된 표고버섯이 있습니다.,이미지에는 포장된 표고버섯이 있습니다.,"이미지에는 포장된 표고버섯이 있으며, 상자 위쪽에 한글로 '표고버섯'이라고 적혀 있습니다.",,reused,ok,ok,no_keywords
vegetables,hyperclovax,5071326,1,vegetables/images/kurly_5071326_1.jpg,상품-대표-이미지 1,이미지에는 흰색 접시에 담긴 콩나물 한 그릇과 콩나물이 담긴 포장지가 놓여 있습니다.,이미지에는 포장지에 담긴 콩나물이 담긴 흰색 접시가 있습니다.,이미지에는 흰색 접시에 담긴 콩나물 한 봉지가 있습니다.,이미지에는 흰색 접시에 담긴 콩나물과 콩나물이 담긴 포장지가 있습니다.,reused,ok,ok,ok
vegetables,hyperclovax,5071326,2,vegetables/images/kurly_5071326_2.jpg,,이미지에는 접시에 담긴 콩나물이 있습니다.,이미지에는 콩나물이 담긴 흰색 접시의 모습입니다.,이미지에는 콩나물이 담긴 흰색 접시의 모습입니다.,,reused,ok,ok,no_keywords
vegetables,hyperclovax,5071327,1,vegetables/images/kurly_5071327_1.jpg,상품-대표-이미지 1,이미지에는 포장된 아삭숙주나물이 있습니다.,이미지에는 포장된 숙주나물이 있고 그 옆에는 접시에 담긴 숙주나물이 있습니다.,이미지에는 포장된 삭숙주나물이 있고 그 옆에는 삭숙주나물이 담긴 접시가 있습니다.,"이미지에는 포장된 숙주나물이 있으며, 그 옆에는 숙주나물이 담긴 접시가 있습니다.",reused,ok,ok,ok
vegetables,hyperclovax,5071327,2,vegetables/images/kurly_5071327_2.jpg,,이미지에는 흰색 접시에 담긴 콩나물이 있습니다.,이미지에는 흰색 접시에 담긴 콩나물이 있습니다.,이미지에는 흰색 접시에 담긴 콩나물이 있습니다.,이미지에는 흰색 접시에 담긴 콩나물이 있습니다.,reused,ok,ok,ok
vegetables,hyperclovax,5104176,1,vegetables/images/kurly_5104176_1.jpg,상품-대표-이미지 1,이미지에는 호박 조각이 담긴 접시와 호박 모양의 과자 패키지가 있는 모습입니다.,이미지에는 호박 과자 패키지가 있고 그 옆에는 호박 과자 조각이 담긴 접시가 있습니다.,"이미지에는 호박 모양 과자가 담긴 노란색 패키지가 있으며, 그 옆에는 호박 조각이 담긴 접시가 있습니다.","이미지에는 호박 모양 과자 패키지가 있으며, 그 중 일부는 호박 조각이 담겨 있습니다.",reused,ok,ok,ok
vegetables,hyperclovax,5104176,2,vegetables/images/kurly_5104176_2.jpg,,이미지에는 구운 단호박 조각이 담긴 접시가 있습니다.,이미지에는 단호박 조각이 종이 위에 담겨 있는 모습입니다.,이미지에는 단호박 조각이 접시에 담겨 있습니다.,이미지에는 단호박 조각이 담긴 접시가 있습니다.,reused,ok,ok,ok
