category,model,product_id,image_order,condition,source_english,deepl_korean,qwen_korean_direct,generation_status,translation_status,translation_error,deepl_request_xml,deepl_response_xml,protected_names_json,translation_method
bakery,qwen3,1000128336,1,1gram,"A golden-brown, crusty loaf of bread with a dense, airy interior filled with walnuts, sliced and resting on a checkered cloth.","황금빛 갈색을 띠고 겉은 바삭하며, 속은 촘촘하면서도 폭신폭신한 호두가 가득 들어간 빵 한 덩이가 얇게 썰려 체크무늬 식탁보 위에 놓여 있다.",,ok,translated,,"<text>A golden-brown, crusty loaf of bread with a dense, airy interior filled with walnuts, sliced and resting on a checkered cloth.</text>","<text>황금빛 갈색을 띠고 겉은 바삭하며, 속은 촘촘하면서도 폭신폭신한 호두가 가득 들어간 빵 한 덩이가 얇게 썰려 체크무늬 식탁보 위에 놓여 있다.</text>",[],quoted_labels_xml_literal_v5
bakery,qwen3,1000128336,1,2gram,"A golden-brown, crusty loaf of bread with a dense, airy interior filled with chopped nuts, sliced and resting on a white and black checkered cloth.","황금빛 갈색을 띠고 겉은 바삭하며, 속은 촘촘하면서도 폭신폭신한 빵 한 덩어리가 잘게 다진 견과류가 가득 들어 있어, 얇게 썰린 뒤 흰색과 검은색이 바뀐 체크무늬 식탁보 위에 놓여 있다.",,ok,translated,,"<text>A golden-brown, crusty loaf of bread with a dense, airy interior filled with chopped nuts, sliced and resting on a white and black checkered cloth.</text>","<text>황금빛 갈색을 띠고 겉은 바삭하며, 속은 촘촘하면서도 폭신폭신한 빵 한 덩어리가 잘게 다진 견과류가 가득 들어 있어, 얇게 썰린 뒤 흰색과 검은색이 바뀐 체크무늬 식탁보 위에 놓여 있다.</text>",[],quoted_labels_xml_literal_v5
bakery,qwen3,1000128336,1,3gram,"A golden-brown, crusty loaf of bread with a dense, airy interior filled with chopped nuts, sliced and resting on a white and grey checkered cloth.","황금빛 갈색을 띠고 겉은 바삭하며, 속은 촘촘하면서도 폭신폭신한 빵 한 덩어리에 잘게 다진 견과류가 가득 들어 있고, 얇게 썰어 흰색과 회색의 체크무늬 식탁보 위에 놓여 있다.",,ok,translated,,"<text>A golden-brown, crusty loaf of bread with a dense, airy interior filled with chopped nuts, sliced and resting on a white and grey checkered cloth.</text>","<text>황금빛 갈색을 띠고 겉은 바삭하며, 속은 촘촘하면서도 폭신폭신한 빵 한 덩어리에 잘게 다진 견과류가 가득 들어 있고, 얇게 썰어 흰색과 회색의 체크무늬 식탁보 위에 놓여 있다.</text>",[],quoted_labels_xml_literal_v5
bakery,qwen3,1000128336,2,1gram,"A freshly baked, rustic loaf of bread with a golden-brown crust and a dense, airy interior filled with chopped walnuts, served on a checkered cloth.","갓 구워낸 소박한 빵 한 덩어리로, 겉은 황금빛 갈색을 띠고 속은 촘촘하면서도 폭신하며 잘게 썬 호두가 가득 들어 있으며, 체크무늬 식탁보 위에 담겨 있다.",,ok,translated,,"<text>A freshly baked, rustic loaf of bread with a golden-brown crust and a dense, airy interior filled with chopped walnuts, served on a checkered cloth.</text>","<text>갓 구워낸 소박한 빵 한 덩어리로, 겉은 황금빛 갈색을 띠고 속은 촘촘하면서도 폭신하며 잘게 썬 호두가 가득 들어 있으며, 체크무늬 식탁보 위에 담겨 있다.</text>",[],quoted_labels_xml_literal_v5
bakery,qwen3,1000128336,2,2gram,"A freshly baked, artisanal loaf of bread with a golden-brown crust and a dense, airy interior studded with walnuts, sliced and resting on a checkered cloth.","갓 구워낸 수제 빵 한 덩어리. 겉은 황금빛 갈색을 띠고 속은 촘촘하면서도 폭신하며, 호두가 듬뿍 박혀 있고, 썰어서 체크무늬 식탁보 위에 올려져 있다.",,ok,translated,,"<text>A freshly baked, artisanal loaf of bread with a golden-brown crust and a dense, airy interior studded with walnuts, sliced and resting on a checkered cloth.</text>","<text>갓 구워낸 수제 빵 한 덩어리. 겉은 황금빛 갈색을 띠고 속은 촘촘하면서도 폭신하며, 호두가 듬뿍 박혀 있고, 썰어서 체크무늬 식탁보 위에 올려져 있다.</text>",[],quoted_labels_xml_literal_v5
bakery,qwen3,1000128336,2,3gram,"A freshly baked, golden-brown loaf of walnut bread with a dense, airy interior, sliced to reveal the nutty filling, rests on a checkered cloth.","갓 구워낸 황금빛 호두 빵 한 덩어리가 체크무늬 식탁보 위에 놓여 있는데, 촘촘하면서도 폭신폭신한 속살이 드러나고, 썰어 보니 고소한 호두 속이 엿보인다.",,ok,translated,,"<text>A freshly baked, golden-brown loaf of walnut bread with a dense, airy interior, sliced to reveal the nutty filling, rests on a checkered cloth.</text>","<text>갓 구워낸 황금빛 호두 빵 한 덩어리가 체크무늬 식탁보 위에 놓여 있는데, 촘촘하면서도 폭신폭신한 속살이 드러나고, 썰어 보니 고소한 호두 속이 엿보인다.</text>",[],quoted_labels_xml_literal_v5
bakery,qwen3,1000196053,1,1gram,"A rustic, oval-shaped loaf of bread with a cracked, dark crust and visible green olives inside, resting on parchment paper on a wooden cutting board.","나무 도마 위에 놓인 유산지 위에, 갈라진 짙은 색 껍질과 속이 드러난 녹색 올리브가 보이는 소박한 타원형 빵 한 덩어리.",,ok,translated,,"<text>A rustic, oval-shaped loaf of bread with a cracked, dark crust and visible green olives inside, resting on parchment paper on a wooden cutting board.</text>","<text>나무 도마 위에 놓인 유산지 위에, 갈라진 짙은 색 껍질과 속이 드러난 녹색 올리브가 보이는 소박한 타원형 빵 한 덩어리.</text>",[],quoted_labels_xml_literal_v5
bakery,qwen3,1000196053,1,2gram,"A golden-brown, oval-shaped loaf of bread with a cracked, rustic crust and visible green olives inside, resting on parchment paper on a wooden cutting board.","금빛 갈색을 띤 타원형 빵 한 덩어리가, 갈라진 소박한 겉껍질과 속이 보이는 녹색 올리브를 품고, 나무 도마 위의 유산지 위에 놓여 있다.",,ok,translated,,"<text>A golden-brown, oval-shaped loaf of bread with a cracked, rustic crust and visible green olives inside, resting on parchment paper on a wooden cutting board.</text>","<text>금빛 갈색을 띤 타원형 빵 한 덩어리가, 갈라진 소박한 겉껍질과 속이 보이는 녹색 올리브를 품고, 나무 도마 위의 유산지 위에 놓여 있다.</text>",[],quoted_labels_xml_literal_v5
bakery,qwen3,1000196053,1,3gram,"A golden-brown, oval-shaped bread with a cracked, rustic crust and visible green olives inside, resting on parchment paper on a wooden board.","금빛 갈색을 띤 타원형 빵으로, 표면은 갈라진 소박한 껍질을 띠고 있으며 속에는 녹색 올리브가 훤히 드러나 있고, 나무 판 위에 놓인 유산지 위에 놓여 있다.",,ok,translated,,"<text>A golden-brown, oval-shaped bread with a cracked, rustic crust and visible green olives inside, resting on parchment paper on a wooden board.</text>","<text>금빛 갈색을 띤 타원형 빵으로, 표면은 갈라진 소박한 껍질을 띠고 있으며 속에는 녹색 올리브가 훤히 드러나 있고, 나무 판 위에 놓인 유산지 위에 놓여 있다.</text>",[],quoted_labels_xml_literal_v5
bakery,qwen3,1000196053,2,1gram,"A close-up of three freshly baked, handcrafted bread rolls with a golden-brown crust and visible green olives inside, cut in half to reveal their airy, porous interior.","갓 구워낸 수제 빵 롤 세 개를 클로즈업한 사진으로, 빵 겉면은 황금빛 갈색을 띠고 속에는 녹색 올리브가 선명하게 보이며, 반으로 잘라내어 속이 푹신하고 기공이 많은 모습을 드러내고 있다.",,ok,translated,,"<text>A close-up of three freshly baked, handcrafted bread rolls with a golden-brown crust and visible green olives inside, cut in half to reveal their airy, porous interior.</text>","<text>갓 구워낸 수제 빵 롤 세 개를 클로즈업한 사진으로, 빵 겉면은 황금빛 갈색을 띠고 속에는 녹색 올리브가 선명하게 보이며, 반으로 잘라내어 속이 푹신하고 기공이 많은 모습을 드러내고 있다.</text>",[],quoted_labels_xml_literal_v5
bakery,qwen3,1000196053,2,2gram,"A close-up of three pieces of artisanal bread with a golden-brown crust and visible green olives inside, cut to reveal their airy, porous interior, resting on parchment paper on a wooden board.","황금빛 갈색 껍질을 띠고 속에는 녹색 올리브가 선명하게 보이는 수제 빵 세 조각의 클로즈업 사진으로, 빵을 잘라내어 속이 푹신하고 기공이 많은 모습을 드러낸 채, 나무 판 위에 놓인 유산지 위에 놓여 있다.",,ok,translated,,"<text>A close-up of three pieces of artisanal bread with a golden-brown crust and visible green olives inside, cut to reveal their airy, porous interior, resting on parchment paper on a wooden board.</text>","<text>황금빛 갈색 껍질을 띠고 속에는 녹색 올리브가 선명하게 보이는 수제 빵 세 조각의 클로즈업 사진으로, 빵을 잘라내어 속이 푹신하고 기공이 많은 모습을 드러낸 채, 나무 판 위에 놓인 유산지 위에 놓여 있다.</text>",[],quoted_labels_xml_literal_v5
bakery,qwen3,1000196053,2,3gram,"A close-up of three pieces of artisanal bread with a golden-brown crust, filled with green olives, resting on parchment paper on a wooden board.","황금빛 갈색 껍질을 띤 수제 빵 세 조각이, 속에는 녹색 올리브가 듬뿍 들어 있고, 나무 판 위에 놓인 유산지 위에 놓여 있는 모습의 클로즈업 사진.",,ok,translated,,"<text>A close-up of three pieces of artisanal bread with a golden-brown crust, filled with green olives, resting on parchment paper on a wooden board.</text>","<text>황금빛 갈색 껍질을 띤 수제 빵 세 조각이, 속에는 녹색 올리브가 듬뿍 들어 있고, 나무 판 위에 놓인 유산지 위에 놓여 있는 모습의 클로즈업 사진.</text>",[],quoted_labels_xml_literal_v5
bakery,qwen3,1000217187,1,1gram,"A white oval plate holds several golden-brown buns, with a clear plastic bag containing more buns and a label that reads ""미모모방"" (Mimomofang) on a light-colored cloth.","하얀 타원형 접시 위에는 황금빛 갈색의 빵 몇 개가 놓여 있고, 그 옆에는 빵이 더 들어 있는 투명한 비닐봉지와 밝은 색 천 위에 ‘""미모모방"" (Mimomofang)’라고 적힌 라벨이 놓여 있다.",,ok,translated,,"<text>A white oval plate holds several golden-brown buns, with a clear plastic bag containing more buns and a label that reads <keep id=""n0"">KEEP0X</keep> (Mimomofang) on a light-colored cloth.</text>","<text>하얀 타원형 접시 위에는 황금빛 갈색의 빵 몇 개가 놓여 있고, 그 옆에는 빵이 더 들어 있는 투명한 비닐봉지와 밝은 색 천 위에 <keep id=""n0"">‘KEEP0X</keep> (Mimomofang)’라고 적힌 라벨이 놓여 있다.</text>","[{""id"": ""n0"", ""token"": ""KEEP0X"", ""original"": ""\""미모모방\"""", ""mode"": ""short_marker""}]",quoted_labels_xml_short_marker_v5
bakery,qwen3,1000217187,1,2gram,"A white plate holds several golden-brown, round buns, with a clear plastic bag of the same buns placed beside it on a light-colored cloth.","하얀 접시 위에는 황금빛 갈색의 둥근 빵 몇 개가 놓여 있고, 그 옆의 밝은 색 식탁보 위에는 같은 빵이 들어 있는 투명한 비닐봉지가 놓여 있다.",,ok,translated,,"<text>A white plate holds several golden-brown, round buns, with a clear plastic bag of the same buns placed beside it on a light-colored cloth.</text>","<text>하얀 접시 위에는 황금빛 갈색의 둥근 빵 몇 개가 놓여 있고, 그 옆의 밝은 색 식탁보 위에는 같은 빵이 들어 있는 투명한 비닐봉지가 놓여 있다.</text>",[],quoted_labels_xml_literal_v5
bakery,qwen3,1000217187,1,3gram,"A white plate holds several golden-brown, round buns, with a clear plastic bag of the same buns placed beside it on a light-colored cloth.","하얀 접시 위에는 황금빛 갈색의 둥근 빵 몇 개가 놓여 있고, 그 옆의 밝은 색 식탁보 위에는 같은 빵이 들어 있는 투명한 비닐봉지가 놓여 있다.",,ok,translated,,"<text>A white plate holds several golden-brown, round buns, with a clear plastic bag of the same buns placed beside it on a light-colored cloth.</text>","<text>하얀 접시 위에는 황금빛 갈색의 둥근 빵 몇 개가 놓여 있고, 그 옆의 밝은 색 식탁보 위에는 같은 빵이 들어 있는 투명한 비닐봉지가 놓여 있다.</text>",[],quoted_labels_xml_literal_v5
bakery,qwen3,1000217187,2,1gram,"A white plate holds several golden-brown, soft-looking buns, with one broken in half to reveal its fluffy interior.","하얀 접시 위에는 황금빛 갈색을 띠고 부드러워 보이는 빵 몇 개가 놓여 있는데, 그중 하나는 반으로 갈라져 속이 폭신폭신한 모습이 드러나 있다.",,ok,translated,,"<text>A white plate holds several golden-brown, soft-looking buns, with one broken in half to reveal its fluffy interior.</text>","<text>하얀 접시 위에는 황금빛 갈색을 띠고 부드러워 보이는 빵 몇 개가 놓여 있는데, 그중 하나는 반으로 갈라져 속이 폭신폭신한 모습이 드러나 있다.</text>",[],quoted_labels_xml_literal_v5
bakery,qwen3,1000217187,2,2gram,"A white plate holds several golden-brown, soft-looking buns, with one broken in half to reveal its fluffy, airy interior.","하얀 접시 위에는 황금빛 갈색을 띠고 부드러워 보이는 빵 몇 개가 놓여 있는데, 그중 하나는 반으로 갈라져 속이 폭신하고 푹신한 모습이 드러나 있다.",,ok,translated,,"<text>A white plate holds several golden-brown, soft-looking buns, with one broken in half to reveal its fluffy, airy interior.</text>","<text>하얀 접시 위에는 황금빛 갈색을 띠고 부드러워 보이는 빵 몇 개가 놓여 있는데, 그중 하나는 반으로 갈라져 속이 폭신하고 푹신한 모습이 드러나 있다.</text>",[],quoted_labels_xml_literal_v5
bakery,qwen3,1000217187,2,3gram,"A white plate holds several golden-brown, soft-looking buns, with one broken in half to reveal its fluffy, airy interior.","하얀 접시 위에는 황금빛 갈색을 띠고 부드러워 보이는 빵 몇 개가 놓여 있는데, 그중 하나는 반으로 갈라져 속이 폭신하고 푹신한 모습이 드러나 있다.",,ok,translated,,"<text>A white plate holds several golden-brown, soft-looking buns, with one broken in half to reveal its fluffy, airy interior.</text>","<text>하얀 접시 위에는 황금빛 갈색을 띠고 부드러워 보이는 빵 몇 개가 놓여 있는데, 그중 하나는 반으로 갈라져 속이 폭신하고 푹신한 모습이 드러나 있다.</text>",[],quoted_labels_xml_literal_v5
bakery,qwen3,1000220024,1,1gram,"A white plate holds several golden-brown buns, with one cut open to reveal a layer of melted cheese and ham inside.","하얀 접시 위에는 황금빛 갈색의 빵 몇 개가 놓여 있는데, 그중 하나는 반으로 갈라져 안쪽에 녹아내린 치즈와 햄이 드러나 있다.",,ok,translated,,"<text>A white plate holds several golden-brown buns, with one cut open to reveal a layer of melted cheese and ham inside.</text>","<text>하얀 접시 위에는 황금빛 갈색의 빵 몇 개가 놓여 있는데, 그중 하나는 반으로 갈라져 안쪽에 녹아내린 치즈와 햄이 드러나 있다.</text>",[],quoted_labels_xml_literal_v5
bakery,qwen3,1000220024,1,2gram,"A white plate holds several golden-brown buns, with one cut open to reveal a melted cheese filling and a slice of ham inside.","하얀 접시 위에는 황금빛 갈색의 빵 몇 개가 놓여 있는데, 그중 하나는 반으로 갈라져 있어 안쪽에 녹아내린 치즈와 햄 한 조각이 드러나 있다.",,ok,translated,,"<text>A white plate holds several golden-brown buns, with one cut open to reveal a melted cheese filling and a slice of ham inside.</text>","<text>하얀 접시 위에는 황금빛 갈색의 빵 몇 개가 놓여 있는데, 그중 하나는 반으로 갈라져 있어 안쪽에 녹아내린 치즈와 햄 한 조각이 드러나 있다.</text>",[],quoted_labels_xml_literal_v5
bakery,qwen3,1000220024,1,3gram,"A white plate holds several golden-brown buns, with one cut in half to reveal a creamy cheese and ham filling.","하얀 접시 위에는 황금빛 갈색의 빵 몇 개가 놓여 있는데, 그중 하나는 반으로 잘려 있어 크림 같은 치즈와 햄이 들어간 속이 드러나 있다.",,ok,translated,,"<text>A white plate holds several golden-brown buns, with one cut in half to reveal a creamy cheese and ham filling.</text>","<text>하얀 접시 위에는 황금빛 갈색의 빵 몇 개가 놓여 있는데, 그중 하나는 반으로 잘려 있어 크림 같은 치즈와 햄이 들어간 속이 드러나 있다.</text>",[],quoted_labels_xml_literal_v5
bakery,qwen3,1000220024,2,1gram,"A white plate holds several golden-brown, soft-looking buns, with two cut in half to reveal a filling of melted cheese and ham.","하얀 접시 위에는 황금빛 갈색을 띠고 부드러워 보이는 빵 몇 개가 놓여 있는데, 그중 두 개는 반으로 잘려 있어 녹아내린 치즈와 햄으로 채워진 속이 드러나 있다.",,ok,translated,,"<text>A white plate holds several golden-brown, soft-looking buns, with two cut in half to reveal a filling of melted cheese and ham.</text>","<text>하얀 접시 위에는 황금빛 갈색을 띠고 부드러워 보이는 빵 몇 개가 놓여 있는데, 그중 두 개는 반으로 잘려 있어 녹아내린 치즈와 햄으로 채워진 속이 드러나 있다.</text>",[],quoted_labels_xml_literal_v5
bakery,qwen3,1000220024,2,2gram,"A white plate holds six golden-brown buns, with two cut in half to reveal a filling of ham and cheese, resting on parchment paper.","흰색 접시 위에는 황금빛 갈색의 빵 여섯 개가 놓여 있는데, 그중 두 개는 반으로 잘려 햄과 치즈가 들어간 속이 드러나 있으며, 이 빵들은 유산지 위에 놓여 있다.",,ok,translated,,"<text>A white plate holds six golden-brown buns, with two cut in half to reveal a filling of ham and cheese, resting on parchment paper.</text>","<text>흰색 접시 위에는 황금빛 갈색의 빵 여섯 개가 놓여 있는데, 그중 두 개는 반으로 잘려 햄과 치즈가 들어간 속이 드러나 있으며, 이 빵들은 유산지 위에 놓여 있다.</text>",[],quoted_labels_xml_literal_v5
bakery,qwen3,1000220024,2,3gram,"A white plate holds six golden-brown buns, with two cut in half to reveal a filling of ham and cheese, resting on parchment paper.","흰색 접시 위에는 황금빛 갈색의 빵 여섯 개가 놓여 있는데, 그중 두 개는 반으로 잘려 햄과 치즈가 들어간 속이 드러나 있으며, 이 빵들은 유산지 위에 놓여 있다.",,ok,translated,,"<text>A white plate holds six golden-brown buns, with two cut in half to reveal a filling of ham and cheese, resting on parchment paper.</text>","<text>흰색 접시 위에는 황금빛 갈색의 빵 여섯 개가 놓여 있는데, 그중 두 개는 반으로 잘려 햄과 치즈가 들어간 속이 드러나 있으며, 이 빵들은 유산지 위에 놓여 있다.</text>",[],quoted_labels_xml_literal_v5
bakery,qwen3,1000229955,1,1gram,"A box of nine assorted cookies from the brand ""Grains"" with a ""CHARMANT"" theme, featuring a pastel mountain design on the lid.","""Grains"" 브랜드의 ""CHARMANT"" 테마가 적용된 9종 혼합 쿠키 상자로, 뚜껑에는 파스텔 톤의 산 그림이 그려져 있습니다.",,ok,translated,,"<text>A box of nine assorted cookies from the brand <keep id=""n0"">KEEP0X</keep> with a <keep id=""n1"">KEEP1X</keep> theme, featuring a pastel mountain design on the lid.</text>","<text><keep id=""n0"">KEEP0X</keep> 브랜드의 <keep id=""n1"">KEEP1X</keep> 테마가 적용된 9종 혼합 쿠키 상자로, 뚜껑에는 파스텔 톤의 산 그림이 그려져 있습니다.</text>","[{""id"": ""n0"", ""token"": ""KEEP0X"", ""original"": ""\""Grains\"""", ""mode"": ""short_marker""}, {""id"": ""n1"", ""token"": ""KEEP1X"", ""original"": ""\""CHARMANT\"""", ""mode"": ""short_marker""}]",quoted_labels_xml_short_marker_v5
bakery,qwen3,1000229955,1,2gram,"A box of nine assorted cookies from the ""CHARMANT"" brand, presented in a black tray with a pastel-colored, mountain-themed lid.","""CHARMANT"" 브랜드의 9종 혼합 쿠키 한 상자로, 파스텔 톤의 산을 모티브로 한 뚜껑이 달린 검은색 트레이에 담겨 있습니다.",,ok,translated,,"<text>A box of nine assorted cookies from the <keep id=""n0"">KEEP0X</keep> brand, presented in a black tray with a pastel-colored, mountain-themed lid.</text>","<text><keep id=""n0"">KEEP0X</keep> 브랜드의 9종 혼합 쿠키 한 상자로, 파스텔 톤의 산을 모티브로 한 뚜껑이 달린 검은색 트레이에 담겨 있습니다.</text>","[{""id"": ""n0"", ""token"": ""KEEP0X"", ""original"": ""\""CHARMANT\"""", ""mode"": ""short_marker""}]",quoted_labels_xml_short_marker_v5
bakery,qwen3,1000229955,1,3gram,"A pink and blue pastel-toned box labeled ""CHARMANT"" contains a black tray with nine individually wrapped cookies, each with a different design.","‘""CHARMANT""’라고 적힌 분홍색과 파란색의 파스텔 톤 상자 안에는 검은색 쟁반이 들어 있으며, 그 위에는 각각 다른 디자인의 개별 포장된 쿠키 9개가 담겨 있습니다.",,ok,translated,,"<text>A pink and blue pastel-toned box labeled <keep id=""n0"">KEEP0X</keep> contains a black tray with nine individually wrapped cookies, each with a different design.</text>","<text><keep id=""n0"">‘KEEP0X’라고</keep> 적힌 분홍색과 파란색의 파스텔 톤 상자 안에는 검은색 쟁반이 들어 있으며, 그 위에는 각각 다른 디자인의 개별 포장된 쿠키 9개가 담겨 있습니다.</text>","[{""id"": ""n0"", ""token"": ""KEEP0X"", ""original"": ""\""CHARMANT\"""", ""mode"": ""short_marker""}]",quoted_labels_xml_short_marker_v5
bakery,qwen3,1000229955,2,1gram,"A box of nine assorted cookies, each individually wrapped, is displayed on a light-colored surface with the brand ""CHARMANT"" visible on both the box and the cookies.","각각 개별 포장된 9개의 다양한 쿠키가 들어 있는 상자가 밝은 색상의 표면 위에 놓여 있으며, 상자와 쿠키 모두에 ‘""CHARMANT""’라는 브랜드명이 표시되어 있다.",,ok,translated,,"<text>A box of nine assorted cookies, each individually wrapped, is displayed on a light-colored surface with the brand <keep id=""n0"">KEEP0X</keep> visible on both the box and the cookies.</text>","<text>각각 개별 포장된 9개의 다양한 쿠키가 들어 있는 상자가 밝은 색상의 표면 위에 놓여 있으며, 상자와 쿠키 모두에 <keep id=""n0"">‘KEEP0X’라는</keep> 브랜드명이 표시되어 있다.</text>","[{""id"": ""n0"", ""token"": ""KEEP0X"", ""original"": ""\""CHARMANT\"""", ""mode"": ""short_marker""}]",quoted_labels_xml_short_marker_v5
bakery,qwen3,1000229955,2,2gram,"A box of nine assorted cookies from the CHARMANT brand, featuring various shapes including round, square, and checkered designs, presented in a sleek, modern packaging.","CHARMANT 브랜드의 9종 혼합 쿠키 한 상자로, 둥근 모양, 사각형, 체크무늬 등 다양한 디자인의 쿠키가 들어 있으며, 세련되고 현대적인 패키지에 담겨 있습니다.",,ok,translated,,"<text>A box of nine assorted cookies from the CHARMANT brand, featuring various shapes including round, square, and checkered designs, presented in a sleek, modern packaging.</text>","<text>CHARMANT 브랜드의 9종 혼합 쿠키 한 상자로, 둥근 모양, 사각형, 체크무늬 등 다양한 디자인의 쿠키가 들어 있으며, 세련되고 현대적인 패키지에 담겨 있습니다.</text>",[],quoted_labels_xml_literal_v5
bakery,qwen3,1000229955,2,3gram,"A box of nine assorted, individually wrapped cookies from the CHARMANT brand, featuring a variety of shapes, colors, and textures.","CHARMANT 브랜드의 9개가 들어 있는 혼합 쿠키 상자로, 각 쿠키가 개별 포장되어 있으며 다양한 모양, 색상, 식감을 자랑합니다.",,ok,translated,,"<text>A box of nine assorted, individually wrapped cookies from the CHARMANT brand, featuring a variety of shapes, colors, and textures.</text>","<text>CHARMANT 브랜드의 9개가 들어 있는 혼합 쿠키 상자로, 각 쿠키가 개별 포장되어 있으며 다양한 모양, 색상, 식감을 자랑합니다.</text>",[],quoted_labels_xml_literal_v5
bakery,qwen3,1000234669,1,1gram,"Two containers of Philadelphia Original Fresh Cream Cheese, one open with the lid resting on the counter.","필라델피아 오리지널 프레시 크림 치즈 두 통이 있는데, 그중 한 통은 뚜껑을 열어둔 채로 조리대 위에 놓여 있다.",,ok,translated,,"<text>Two containers of Philadelphia Original Fresh Cream Cheese, one open with the lid resting on the counter.</text>","<text>필라델피아 오리지널 프레시 크림 치즈 두 통이 있는데, 그중 한 통은 뚜껑을 열어둔 채로 조리대 위에 놓여 있다.</text>",[],quoted_labels_xml_literal_v5
bakery,qwen3,1000234669,1,2gram,"Two containers of Philadelphia Original Cream Cheese, one open to reveal the creamy spread, on a light gray surface.","밝은 회색 바탕 위에 필라델피아 오리지널 크림 치즈 두 통이 놓여 있는데, 그중 하나는 뚜껑이 열려 있어 크리미한 스프레드가 드러나 있다.",,ok,translated,,"<text>Two containers of Philadelphia Original Cream Cheese, one open to reveal the creamy spread, on a light gray surface.</text>","<text>밝은 회색 바탕 위에 필라델피아 오리지널 크림 치즈 두 통이 놓여 있는데, 그중 하나는 뚜껑이 열려 있어 크리미한 스프레드가 드러나 있다.</text>",[],quoted_labels_xml_literal_v5
bakery,qwen3,1000234669,1,3gram,"Two containers of Philadelphia Original Cream Cheese, one with the lid open, on a light gray surface.","밝은 회색 바탕 위에 필라델피아 오리지널 크림치즈 두 통이 놓여 있는데, 그중 하나는 뚜껑이 열려 있다.",,ok,translated,,"<text>Two containers of Philadelphia Original Cream Cheese, one with the lid open, on a light gray surface.</text>","<text>밝은 회색 바탕 위에 필라델피아 오리지널 크림치즈 두 통이 놓여 있는데, 그중 하나는 뚜껑이 열려 있다.</text>",[],quoted_labels_xml_literal_v5
bakery,qwen3,1000234669,2,1gram,"A container of Philadelphia Original Fresh Creamy Topping, with its lid open and the creamy spread swirled on top, sits on a light surface.","뚜껑이 열려 있고, 크림 같은 스프레드가 표면에 소용돌이 모양으로 퍼져 있는 ‘필라델피아 오리지널 프레시 크리미 토핑’ 용기가 밝은 색상의 표면 위에 놓여 있다.",,ok,translated,,"<text>A container of Philadelphia Original Fresh Creamy Topping, with its lid open and the creamy spread swirled on top, sits on a light surface.</text>","<text>뚜껑이 열려 있고, 크림 같은 스프레드가 표면에 소용돌이 모양으로 퍼져 있는 ‘필라델피아 오리지널 프레시 크리미 토핑’ 용기가 밝은 색상의 표면 위에 놓여 있다.</text>",[],quoted_labels_xml_literal_v5
bakery,qwen3,1000234669,2,2gram,"A container of Philadelphia Original Fresh Creamy Topping, with its lid open and the creamy spread swirled on top, revealing a smooth, pale yellow texture.","뚜껑이 열려 있고, 크림 같은 스프레드가 위쪽에 소용돌이 모양으로 펴져 있어 부드럽고 연한 노란색의 질감이 드러나는 ‘필라델피아 오리지널 프레시 크리미 토핑’ 용기.",,ok,translated,,"<text>A container of Philadelphia Original Fresh Creamy Topping, with its lid open and the creamy spread swirled on top, revealing a smooth, pale yellow texture.</text>","<text>뚜껑이 열려 있고, 크림 같은 스프레드가 위쪽에 소용돌이 모양으로 펴져 있어 부드럽고 연한 노란색의 질감이 드러나는 ‘필라델피아 오리지널 프레시 크리미 토핑’ 용기.</text>",[],quoted_labels_xml_literal_v5
bakery,qwen3,1000234669,2,3gram,"A white, creamy Philadelphia Original Fresh Creamy Topping spread in a white tub with a blue label, open to reveal its smooth texture, placed on a light gray surface with its lid slightly ajar.","파란색 라벨이 붙은 흰색 용기에 담긴 하얗고 크리미한 ‘필라델피아 오리지널 프레시 크리미 토핑’이, 뚜껑을 살짝 열어 매끄러운 질감이 드러나도록, 연회색 바탕 위에 놓여 있다.",,ok,translated,,"<text>A white, creamy Philadelphia Original Fresh Creamy Topping spread in a white tub with a blue label, open to reveal its smooth texture, placed on a light gray surface with its lid slightly ajar.</text>","<text>파란색 라벨이 붙은 흰색 용기에 담긴 하얗고 크리미한 ‘필라델피아 오리지널 프레시 크리미 토핑’이, 뚜껑을 살짝 열어 매끄러운 질감이 드러나도록, 연회색 바탕 위에 놓여 있다.</text>",[],quoted_labels_xml_literal_v5
bakery,qwen3,1000321559,1,1gram,"Two jars of OLHGOK peanut butter, one smooth and one crunchy, are displayed with bowls of the spread on a gray surface.","OLHGOK 땅콩버터 두 병(하나는 부드러운 타입, 다른 하나는 바삭한 타입)이 회색 바탕 위에 스프레드가 담긴 그릇들과 함께 진열되어 있다.",,ok,translated,,"<text>Two jars of OLHGOK peanut butter, one smooth and one crunchy, are displayed with bowls of the spread on a gray surface.</text>","<text>OLHGOK 땅콩버터 두 병(하나는 부드러운 타입, 다른 하나는 바삭한 타입)이 회색 바탕 위에 스프레드가 담긴 그릇들과 함께 진열되어 있다.</text>",[],quoted_labels_xml_literal_v5
bakery,qwen3,1000321559,1,2gram,"Two jars of peanut butter with labels in Korean and English, accompanied by two bowls of the spread, on a gray surface.","회색 바탕 위에 한국어와 영어로 된 라벨이 붙은 땅콩버터 병 두 개와, 그 땅콩버터를 담은 그릇 두 개가 놓여 있다.",,ok,translated,,"<text>Two jars of peanut butter with labels in Korean and English, accompanied by two bowls of the spread, on a gray surface.</text>","<text>회색 바탕 위에 한국어와 영어로 된 라벨이 붙은 땅콩버터 병 두 개와, 그 땅콩버터를 담은 그릇 두 개가 놓여 있다.</text>",[],quoted_labels_xml_literal_v5
bakery,qwen3,1000321559,1,3gram,"Two jars of OLHGOK peanut butter, one smooth and one crunchy, are displayed on a gray surface with two bowls of the spread.","OLHGOK 땅콩버터 두 병(하나는 부드러운 타입, 다른 하나는 바삭한 타입)이 회색 바탕 위에 놓여 있으며, 그 옆에는 이 땅콩버터를 담은 그릇 두 개가 놓여 있다.",,ok,translated,,"<text>Two jars of OLHGOK peanut butter, one smooth and one crunchy, are displayed on a gray surface with two bowls of the spread.</text>","<text>OLHGOK 땅콩버터 두 병(하나는 부드러운 타입, 다른 하나는 바삭한 타입)이 회색 바탕 위에 놓여 있으며, 그 옆에는 이 땅콩버터를 담은 그릇 두 개가 놓여 있다.</text>",[],quoted_labels_xml_literal_v5
bakery,qwen3,1000321559,2,1gram,"Two white bowls filled with a smooth, light brown sauce, one containing visible ground peanuts, the other a smoother version, both placed on a textured gray surface.","부드럽고 연한 갈색 소스가 가득 담긴 흰색 그릇 두 개가 있는데, 하나는 으깬 땅콩이 눈에 띄고 다른 하나는 더 매끄러운 질감이며, 두 그릇 모두 질감이 느껴지는 회색 표면 위에 놓여 있다.",,ok,translated,,"<text>Two white bowls filled with a smooth, light brown sauce, one containing visible ground peanuts, the other a smoother version, both placed on a textured gray surface.</text>","<text>부드럽고 연한 갈색 소스가 가득 담긴 흰색 그릇 두 개가 있는데, 하나는 으깬 땅콩이 눈에 띄고 다른 하나는 더 매끄러운 질감이며, 두 그릇 모두 질감이 느껴지는 회색 표면 위에 놓여 있다.</text>",[],quoted_labels_xml_literal_v5
bakery,qwen3,1000321559,2,2gram,"Two white bowls filled with a thick, orange-colored peanut sauce, one with visible peanuts and the other smooth, resting on a gray textured surface.","두 개의 하얀 그릇에 걸쭉하고 주황색을 띤 땅콩 소스가 가득 담겨 있는데, 한 그릇에는 땅콩 알갱이가 훤히 보이고 다른 한 그릇은 매끄럽게 닦여 있으며, 둘 다 회색의 질감이 느껴지는 표면 위에 놓여 있다.",,ok,translated,,"<text>Two white bowls filled with a thick, orange-colored peanut sauce, one with visible peanuts and the other smooth, resting on a gray textured surface.</text>","<text>두 개의 하얀 그릇에 걸쭉하고 주황색을 띤 땅콩 소스가 가득 담겨 있는데, 한 그릇에는 땅콩 알갱이가 훤히 보이고 다른 한 그릇은 매끄럽게 닦여 있으며, 둘 다 회색의 질감이 느껴지는 표면 위에 놓여 있다.</text>",[],quoted_labels_xml_literal_v5
bakery,qwen3,1000321559,2,3gram,"Two white bowls filled with a thick, light brown sauce, one containing visible peanuts.","두 개의 흰 그릇에는 걸쭉한 연한 갈색 소스가 가득 담겨 있었고, 그중 하나에는 땅콩이 눈에 띄게 들어 있었다.",,ok,translated,,"<text>Two white bowls filled with a thick, light brown sauce, one containing visible peanuts.</text>","<text>두 개의 흰 그릇에는 걸쭉한 연한 갈색 소스가 가득 담겨 있었고, 그중 하나에는 땅콩이 눈에 띄게 들어 있었다.</text>",[],quoted_labels_xml_literal_v5
bakery,qwen3,1000352096,1,1gram,"A blue and yellow package of 500g Pasquier Sliced Brioche bread, with two slices on a white plate, set against a light blue background.","하늘색과 노란색 포장지에 담긴 500g짜리 파스키에(Pasquier) 슬라이스 브리오슈 빵 한 팩과, 흰 접시 위에 놓인 빵 두 조각이 연한 파란색 배경을 배경으로 담겨 있다.",,ok,translated,,"<text>A blue and yellow package of 500g Pasquier Sliced Brioche bread, with two slices on a white plate, set against a light blue background.</text>","<text>하늘색과 노란색 포장지에 담긴 500g짜리 파스키에(Pasquier) 슬라이스 브리오슈 빵 한 팩과, 흰 접시 위에 놓인 빵 두 조각이 연한 파란색 배경을 배경으로 담겨 있다.</text>",[],quoted_labels_xml_literal_v5
bakery,qwen3,1000352096,1,2gram,"A blue and yellow package of 500g Pasquier Sliced Brioche bread, with two slices on a white plate, set against a light blue background.","하늘색과 노란색 포장지에 담긴 500g짜리 파스키에(Pasquier) 슬라이스 브리오슈 빵 한 팩과, 흰 접시 위에 놓인 빵 두 조각이 연한 파란색 배경을 배경으로 담겨 있다.",,ok,translated,,"<text>A blue and yellow package of 500g Pasquier Sliced Brioche bread, with two slices on a white plate, set against a light blue background.</text>","<text>하늘색과 노란색 포장지에 담긴 500g짜리 파스키에(Pasquier) 슬라이스 브리오슈 빵 한 팩과, 흰 접시 위에 놓인 빵 두 조각이 연한 파란색 배경을 배경으로 담겨 있다.</text>",[],quoted_labels_xml_literal_v5
bakery,qwen3,1000352096,1,3gram,"A blue and yellow package of 500g Pasquier Sliced Brioche bread, with two slices served on a white plate, set against a light blue background.","파스키에(Pasquier) 슬라이스 브리오슈 빵 500g이 들어 있는 파란색과 노란색 포장지, 흰색 접시에 담긴 빵 두 조각이 연한 파란색 배경 앞에 놓여 있다.",,ok,translated,,"<text>A blue and yellow package of 500g Pasquier Sliced Brioche bread, with two slices served on a white plate, set against a light blue background.</text>","<text>파스키에(Pasquier) 슬라이스 브리오슈 빵 500g이 들어 있는 파란색과 노란색 포장지, 흰색 접시에 담긴 빵 두 조각이 연한 파란색 배경 앞에 놓여 있다.</text>",[],quoted_labels_xml_literal_v5
bakery,qwen3,1000352096,2,1gram,"A light blue plate holds two slices of golden-brown, fluffy brioche toast, next to a blue package of ""Pasquier Sliced Brioche"" bread, set against a solid blue background.","하늘색 접시 위에는 노릇노릇하고 폭신폭신한 브리오슈 토스트 두 조각이 놓여 있고, 그 옆에는 파란색 ""Pasquier Sliced Brioche"" 빵 포장지가 있으며, 이 모든 것이 짙은 파란색 배경에 어우러져 있다.",,ok,translated,,"<text>A light blue plate holds two slices of golden-brown, fluffy brioche toast, next to a blue package of <keep id=""n0"">KEEP0X</keep> bread, set against a solid blue background.</text>","<text>하늘색 접시 위에는 노릇노릇하고 폭신폭신한 브리오슈 토스트 두 조각이 놓여 있고, 그 옆에는 파란색 <keep id=""n0"">KEEP0X</keep> 빵 포장지가 있으며, 이 모든 것이 짙은 파란색 배경에 어우러져 있다.</text>","[{""id"": ""n0"", ""token"": ""KEEP0X"", ""original"": ""\""Pasquier Sliced Brioche\"""", ""mode"": ""short_marker""}]",quoted_labels_xml_short_marker_v5
bakery,qwen3,1000352096,2,2gram,"A white plate holds two slices of golden-brown, soft brioche toast, next to a blue and yellow package of ""Pasquier Sliced Brioche"" bread, set against a light blue background.","하얀 접시 위에는 노릇노릇하고 부드러운 브리오슈 토스트 두 조각이 놓여 있고, 그 옆에는 파란색과 노란색으로 된 ""Pasquier Sliced Brioche"" 빵 포장지가 연한 파란색 배경에 어우러져 있다.",,ok,translated,,"<text>A white plate holds two slices of golden-brown, soft brioche toast, next to a blue and yellow package of <keep id=""n0"">KEEP0X</keep> bread, set against a light blue background.</text>","<text>하얀 접시 위에는 노릇노릇하고 부드러운 브리오슈 토스트 두 조각이 놓여 있고, 그 옆에는 파란색과 노란색으로 된 <keep id=""n0"">KEEP0X</keep> 빵 포장지가 연한 파란색 배경에 어우러져 있다.</text>","[{""id"": ""n0"", ""token"": ""KEEP0X"", ""original"": ""\""Pasquier Sliced Brioche\"""", ""mode"": ""short_marker""}]",quoted_labels_xml_short_marker_v5
bakery,qwen3,1000352096,2,3gram,"A white plate holds two slices of golden-brown, porous brioche bread, next to a blue package of ""Pasquier Sliced Brioche"" bread, which is labeled ""Made in France"" and features an image of the bread.","하얀 접시 위에는 노릇노릇하고 뚫린 구멍이 많은 브리오슈 빵 두 조각이 놓여 있고, 그 옆에는 ‘""Made in France""’라고 적혀 있으며 빵 그림이 그려진 파란색 ‘""Pasquier Sliced Brioche""’ 빵 포장지가 놓여 있다.",,ok,translated,,"<text>A white plate holds two slices of golden-brown, porous brioche bread, next to a blue package of <keep id=""n0"">KEEP0X</keep> bread, which is labeled <keep id=""n1"">KEEP1X</keep> and features an image of the bread.</text>","<text>하얀 접시 위에는 노릇노릇하고 뚫린 구멍이 많은 브리오슈 빵 두 조각이 놓여 있고, 그 옆에는 <keep id=""n1"">‘KEEP1X’라고</keep> 적혀 있으며 빵 그림이 그려진 파란색 <keep id=""n0"">‘KEEP0X’</keep> 빵 포장지가 놓여 있다.</text>","[{""id"": ""n0"", ""token"": ""KEEP0X"", ""original"": ""\""Pasquier Sliced Brioche\"""", ""mode"": ""short_marker""}, {""id"": ""n1"", ""token"": ""KEEP1X"", ""original"": ""\""Made in France\"""", ""mode"": ""short_marker""}]",quoted_labels_xml_short_marker_v5
bakery,qwen3,1000400055,1,1gram,"A blue box and packaging for ""Nudam"" macarons, featuring the slogan ""WHAT'S THE BETTER?"", are displayed with several colorful macarons on plates.","‘""WHAT'S THE BETTER?""’라는 슬로건이 적힌 ""Nudam"" 마카롱의 파란색 상자와 포장재가, 접시 위에 놓인 여러 가지 색깔의 마카롱과 함께 진열되어 있다.",,ok,translated,,"<text>A blue box and packaging for <keep id=""n0"">KEEP0X</keep> macarons, featuring the slogan <keep id=""n1"">KEEP1X</keep>, are displayed with several colorful macarons on plates.</text>","<text><keep id=""n1"">‘KEEP1X’라는</keep> 슬로건이 적힌 <keep id=""n0"">KEEP0X</keep> 마카롱의 파란색 상자와 포장재가, 접시 위에 놓인 여러 가지 색깔의 마카롱과 함께 진열되어 있다.</text>","[{""id"": ""n0"", ""token"": ""KEEP0X"", ""original"": ""\""Nudam\"""", ""mode"": ""short_marker""}, {""id"": ""n1"", ""token"": ""KEEP1X"", ""original"": ""\""WHAT'S THE BETTER?\"""", ""mode"": ""short_marker""}]",quoted_labels_xml_short_marker_v5
bakery,qwen3,1000400055,1,2gram,"A blue box and packaging for ""Nudam"" macarons, featuring the slogan ""WHAT'S THE BETTER?"", are displayed with several colorful macarons on plates, showcasing a variety of flavors and designs.","‘""WHAT'S THE BETTER?""’라는 슬로건이 적힌 ""Nudam"" 마카롱의 파란색 상자와 포장재가, 접시 위에 놓인 여러 가지 색색의 마카롱과 함께 전시되어 있어 다양한 맛과 디자인을 선보이고 있다.",,ok,translated,,"<text>A blue box and packaging for <keep id=""n0"">KEEP0X</keep> macarons, featuring the slogan <keep id=""n1"">KEEP1X</keep>, are displayed with several colorful macarons on plates, showcasing a variety of flavors and designs.</text>","<text><keep id=""n1"">‘KEEP1X’라는</keep> 슬로건이 적힌 <keep id=""n0"">KEEP0X</keep> 마카롱의 파란색 상자와 포장재가, 접시 위에 놓인 여러 가지 색색의 마카롱과 함께 전시되어 있어 다양한 맛과 디자인을 선보이고 있다.</text>","[{""id"": ""n0"", ""token"": ""KEEP0X"", ""original"": ""\""Nudam\"""", ""mode"": ""short_marker""}, {""id"": ""n1"", ""token"": ""KEEP1X"", ""original"": ""\""WHAT'S THE BETTER?\"""", ""mode"": ""short_marker""}]",quoted_labels_xml_short_marker_v5
bakery,qwen3,1000400055,1,3gram,"A blue box and a smaller blue packet of ""Nudam WHAT'S THE BETTER?"" macarons, displayed with a plate of colorful macarons and a white plate with three macarons, on a light gray surface.","밝은 회색 바탕 위에, ""Nudam WHAT'S THE BETTER?"" 마카롱이 담긴 파란색 상자와 더 작은 파란색 포장지, 그리고 알록달록한 마카롱이 담긴 접시와 마카롱 세 개가 올려진 흰색 접시가 함께 진열되어 있다.",,ok,translated,,"<text>A blue box and a smaller blue packet of <keep id=""n0"">KEEP0X</keep> macarons, displayed with a plate of colorful macarons and a white plate with three macarons, on a light gray surface.</text>","<text>밝은 회색 바탕 위에, <keep id=""n0"">KEEP0X</keep> 마카롱이 담긴 파란색 상자와 더 작은 파란색 포장지, 그리고 알록달록한 마카롱이 담긴 접시와 마카롱 세 개가 올려진 흰색 접시가 함께 진열되어 있다.</text>","[{""id"": ""n0"", ""token"": ""KEEP0X"", ""original"": ""\""Nudam WHAT'S THE BETTER?\"""", ""mode"": ""short_marker""}]",quoted_labels_xml_short_marker_v5
bakery,qwen3,1000400055,2,1gram,"A white plate holds several colorful macarons, including a yellow one cut in half to reveal a green and chocolate filling, alongside others with pink, white, and green shells, all topped with white icing.","하얀 접시 위에는 여러 개의 알록달록한 마카롱이 놓여 있는데, 그중 노란색 마카롱 하나는 반으로 잘려 안쪽의 초록색과 초콜릿 필링이 드러나 있고, 그 옆에는 분홍색, 흰색, 초록색 겉면이 있는 마카롱들이 놓여 있으며, 모두 흰색 아이싱으로 장식되어 있다.",,ok,translated,,"<text>A white plate holds several colorful macarons, including a yellow one cut in half to reveal a green and chocolate filling, alongside others with pink, white, and green shells, all topped with white icing.</text>","<text>하얀 접시 위에는 여러 개의 알록달록한 마카롱이 놓여 있는데, 그중 노란색 마카롱 하나는 반으로 잘려 안쪽의 초록색과 초콜릿 필링이 드러나 있고, 그 옆에는 분홍색, 흰색, 초록색 겉면이 있는 마카롱들이 놓여 있으며, 모두 흰색 아이싱으로 장식되어 있다.</text>",[],quoted_labels_xml_literal_v5
bakery,qwen3,1000400055,2,2gram,"A white plate holds a yellow macaron cut in half, revealing a green filling with a dark chocolate piece, alongside other colorful macarons including a pink one with white icing and a green one, all set against a light gray background.","하얀 접시 위에는 반으로 잘린 노란색 마카롱이 놓여 있는데, 잘린 면을 통해 초콜릿 조각이 들어간 초록색 속이 드러나 있으며, 흰색 아이싱이 얹힌 분홍색 마카롱과 초록색 마카롱 등 다른 알록달록한 마카롱들도 함께 놓여 있고, 이 모든 것이 밝은 회색 배경 위에 어우러져 있다.",,ok,translated,,"<text>A white plate holds a yellow macaron cut in half, revealing a green filling with a dark chocolate piece, alongside other colorful macarons including a pink one with white icing and a green one, all set against a light gray background.</text>","<text>하얀 접시 위에는 반으로 잘린 노란색 마카롱이 놓여 있는데, 잘린 면을 통해 초콜릿 조각이 들어간 초록색 속이 드러나 있으며, 흰색 아이싱이 얹힌 분홍색 마카롱과 초록색 마카롱 등 다른 알록달록한 마카롱들도 함께 놓여 있고, 이 모든 것이 밝은 회색 배경 위에 어우러져 있다.</text>",[],quoted_labels_xml_literal_v5
bakery,qwen3,1000400055,2,3gram,"A white plate holds a yellow macaron cut in half, revealing a green filling with a chocolate piece, alongside other colorful macarons including a pink one with white icing and a green one with a white cream.","하얀 접시 위에는 반으로 잘린 노란색 마카롱이 놓여 있는데, 잘린 면을 통해 초콜릿 조각이 들어간 초록색 속이 드러나 있으며, 그 옆에는 흰색 아이싱이 얹힌 분홍색 마카롱과 흰색 크림이 들어간 초록색 마카롱을 비롯한 다채로운 색상의 마카롱들이 함께 놓여 있다.",,ok,translated,,"<text>A white plate holds a yellow macaron cut in half, revealing a green filling with a chocolate piece, alongside other colorful macarons including a pink one with white icing and a green one with a white cream.</text>","<text>하얀 접시 위에는 반으로 잘린 노란색 마카롱이 놓여 있는데, 잘린 면을 통해 초콜릿 조각이 들어간 초록색 속이 드러나 있으며, 그 옆에는 흰색 아이싱이 얹힌 분홍색 마카롱과 흰색 크림이 들어간 초록색 마카롱을 비롯한 다채로운 색상의 마카롱들이 함께 놓여 있다.</text>",[],quoted_labels_xml_literal_v5
bakery,qwen3,1000447291,1,1gram,"A stack of sliced white bread on a wooden board, with a single slice cut in front, next to a cup of milk, all on a white cloth, with a packaged loaf of bread in the background.","나무 도마 위에 얇게 썬 흰 빵이 쌓여 있고, 앞쪽에는 빵 한 조각이 잘려 있으며, 그 옆에는 우유 한 잔이 놓여 있다. 이 모든 것이 흰 식탁보 위에 놓여 있고, 배경에는 포장된 빵 한 덩이가 보인다.",,ok,translated,,"<text>A stack of sliced white bread on a wooden board, with a single slice cut in front, next to a cup of milk, all on a white cloth, with a packaged loaf of bread in the background.</text>","<text>나무 도마 위에 얇게 썬 흰 빵이 쌓여 있고, 앞쪽에는 빵 한 조각이 잘려 있으며, 그 옆에는 우유 한 잔이 놓여 있다. 이 모든 것이 흰 식탁보 위에 놓여 있고, 배경에는 포장된 빵 한 덩이가 보인다.</text>",[],quoted_labels_xml_literal_v5
bakery,qwen3,1000447291,1,2gram,"A stack of sliced white bread on a wooden board, with a single slice in front, next to a cup of milk, all on a white cloth, with a packaged loaf of bread in the background.","나무 도마 위에 얇게 썬 흰 빵이 쌓여 있고, 그 앞쪽에는 빵 한 조각이 놓여 있으며, 그 옆에는 우유 한 잔이 놓여 있다. 이 모든 것이 흰 식탁보 위에 놓여 있고, 배경에는 포장된 빵 한 덩이가 보인다.",,ok,translated,,"<text>A stack of sliced white bread on a wooden board, with a single slice in front, next to a cup of milk, all on a white cloth, with a packaged loaf of bread in the background.</text>","<text>나무 도마 위에 얇게 썬 흰 빵이 쌓여 있고, 그 앞쪽에는 빵 한 조각이 놓여 있으며, 그 옆에는 우유 한 잔이 놓여 있다. 이 모든 것이 흰 식탁보 위에 놓여 있고, 배경에는 포장된 빵 한 덩이가 보인다.</text>",[],quoted_labels_xml_literal_v5
bakery,qwen3,1000447291,1,3gram,"A stack of sliced white bread on a wooden board, with a single slice cut in front, next to a cup of milk, all on a white cloth, with a packaged loaf of bread in the background.","나무 도마 위에 얇게 썬 흰 빵이 쌓여 있고, 앞쪽에는 빵 한 조각이 잘려 있으며, 그 옆에는 우유 한 잔이 놓여 있다. 이 모든 것이 흰 식탁보 위에 놓여 있고, 배경에는 포장된 빵 한 덩이가 보인다.",,ok,translated,,"<text>A stack of sliced white bread on a wooden board, with a single slice cut in front, next to a cup of milk, all on a white cloth, with a packaged loaf of bread in the background.</text>","<text>나무 도마 위에 얇게 썬 흰 빵이 쌓여 있고, 앞쪽에는 빵 한 조각이 잘려 있으며, 그 옆에는 우유 한 잔이 놓여 있다. 이 모든 것이 흰 식탁보 위에 놓여 있고, 배경에는 포장된 빵 한 덩이가 보인다.</text>",[],quoted_labels_xml_literal_v5
bakery,qwen3,1000447291,2,1gram,"A stack of white bread slices and a cup of milk on a wooden cutting board, all placed on a white cloth.","나무 도마 위에 놓인 흰 빵 조각 더미와 우유 한 잔, 이 모든 것이 흰 식탁보 위에 놓여 있다.",,ok,translated,,"<text>A stack of white bread slices and a cup of milk on a wooden cutting board, all placed on a white cloth.</text>","<text>나무 도마 위에 놓인 흰 빵 조각 더미와 우유 한 잔, 이 모든 것이 흰 식탁보 위에 놓여 있다.</text>",[],quoted_labels_xml_literal_v5
bakery,qwen3,1000447291,2,2gram,"A stack of freshly sliced white bread on a wooden cutting board, with a cup of milk beside it on a white cloth.","나무 도마 위에 갓 썰어 놓은 흰 빵이 쌓여 있고, 그 옆 흰 식탁보 위에는 우유 한 잔이 놓여 있다.",,ok,translated,,"<text>A stack of freshly sliced white bread on a wooden cutting board, with a cup of milk beside it on a white cloth.</text>","<text>나무 도마 위에 갓 썰어 놓은 흰 빵이 쌓여 있고, 그 옆 흰 식탁보 위에는 우유 한 잔이 놓여 있다.</text>",[],quoted_labels_xml_literal_v5
bakery,qwen3,1000447291,2,3gram,"A stack of white bread slices on a wooden cutting board, with a single slice placed in front, next to a cup of milk on a white cloth.","나무 도마 위에 흰 빵 조각들이 쌓여 있고, 그 앞쪽에는 흰 식탁보 위에 놓인 우유 한 잔 옆에 빵 한 조각이 놓여 있다.",,ok,translated,,"<text>A stack of white bread slices on a wooden cutting board, with a single slice placed in front, next to a cup of milk on a white cloth.</text>","<text>나무 도마 위에 흰 빵 조각들이 쌓여 있고, 그 앞쪽에는 흰 식탁보 위에 놓인 우유 한 잔 옆에 빵 한 조각이 놓여 있다.</text>",[],quoted_labels_xml_literal_v5
bakery,qwen3,1000528793,1,1gram,"A wooden tray holds several individually wrapped bagels and a yellow paper bag with a smiling face logo, all arranged on a white cloth.","나무 쟁반 위에는 개별 포장된 베이글 몇 개와 웃는 얼굴 로고가 그려진 노란색 종이 봉지가 놓여 있으며, 이 모든 것이 흰색 식탁보 위에 정갈하게 차려져 있다.",,ok,translated,,"<text>A wooden tray holds several individually wrapped bagels and a yellow paper bag with a smiling face logo, all arranged on a white cloth.</text>","<text>나무 쟁반 위에는 개별 포장된 베이글 몇 개와 웃는 얼굴 로고가 그려진 노란색 종이 봉지가 놓여 있으며, 이 모든 것이 흰색 식탁보 위에 정갈하게 차려져 있다.</text>",[],quoted_labels_xml_literal_v5
bakery,qwen3,1000528793,1,2gram,"A wooden tray holds several individually wrapped bagels and a yellow paper bag with a smiling face logo, all set against a bright, white background.","밝고 하얀 배경 위에 나무 쟁반이 놓여 있고, 그 위에는 개별 포장된 베이글 몇 개와 웃는 얼굴 로고가 그려진 노란색 종이 봉지가 놓여 있다.",,ok,translated,,"<text>A wooden tray holds several individually wrapped bagels and a yellow paper bag with a smiling face logo, all set against a bright, white background.</text>","<text>밝고 하얀 배경 위에 나무 쟁반이 놓여 있고, 그 위에는 개별 포장된 베이글 몇 개와 웃는 얼굴 로고가 그려진 노란색 종이 봉지가 놓여 있다.</text>",[],quoted_labels_xml_literal_v5
bakery,qwen3,1000528793,1,3gram,"A wooden bowl holds several individually wrapped, golden-brown bagels, with a yellow paper bag featuring a smiling face logo, all arranged on a white cloth.","나무 그릇에는 개별 포장된 황금빛 베이글 몇 개가 담겨 있고, 웃는 얼굴 로고가 그려진 노란색 종이 봉투가 흰색 식탁보 위에 가지런히 놓여 있다.",,ok,translated,,"<text>A wooden bowl holds several individually wrapped, golden-brown bagels, with a yellow paper bag featuring a smiling face logo, all arranged on a white cloth.</text>","<text>나무 그릇에는 개별 포장된 황금빛 베이글 몇 개가 담겨 있고, 웃는 얼굴 로고가 그려진 노란색 종이 봉투가 흰색 식탁보 위에 가지런히 놓여 있다.</text>",[],quoted_labels_xml_literal_v5
bakery,qwen3,1000528793,2,1gram,"A plate holds three golden-brown bagels, one of which is sliced, alongside a packaged bagel with a cartoon face on its wrapper, all set on a white cloth.","접시 위에는 황금빛 갈색의 베이글 세 개가 놓여 있는데, 그중 하나는 반으로 잘려 있고, 포장지에 만화 캐릭터 얼굴이 그려진 베이글 한 개도 곁에 놓여 있으며, 이 모든 것이 흰색 식탁보 위에 차려져 있다.",,ok,translated,,"<text>A plate holds three golden-brown bagels, one of which is sliced, alongside a packaged bagel with a cartoon face on its wrapper, all set on a white cloth.</text>","<text>접시 위에는 황금빛 갈색의 베이글 세 개가 놓여 있는데, 그중 하나는 반으로 잘려 있고, 포장지에 만화 캐릭터 얼굴이 그려진 베이글 한 개도 곁에 놓여 있으며, 이 모든 것이 흰색 식탁보 위에 차려져 있다.</text>",[],quoted_labels_xml_literal_v5
bakery,qwen3,1000528793,2,2gram,"A plate holds three golden-brown bagels, one of which is sliced in half, alongside a partially opened, smiling bagel in a clear plastic wrapper.","접시 위에는 황금빛 갈색의 베이글 세 개가 놓여 있는데, 그중 하나는 반으로 잘려 있고, 그 옆에는 투명한 비닐 포장지에 싸인, 반쯤 열린 미소 짓는 모양의 베이글이 놓여 있다.",,ok,translated,,"<text>A plate holds three golden-brown bagels, one of which is sliced in half, alongside a partially opened, smiling bagel in a clear plastic wrapper.</text>","<text>접시 위에는 황금빛 갈색의 베이글 세 개가 놓여 있는데, 그중 하나는 반으로 잘려 있고, 그 옆에는 투명한 비닐 포장지에 싸인, 반쯤 열린 미소 짓는 모양의 베이글이 놓여 있다.</text>",[],quoted_labels_xml_literal_v5
bakery,qwen3,1000528793,2,3gram,"A plate holds three golden-brown bagels, one of which is sliced in half, alongside a partially opened, transparent packaging with a cartoon face design.","접시 위에는 황금빛 갈색의 베이글 세 개가 놓여 있는데, 그중 하나는 반으로 잘려 있고, 그 옆에는 만화 캐릭터 얼굴이 그려진 반쯤 열린 투명한 포장지가 놓여 있다.",,ok,translated,,"<text>A plate holds three golden-brown bagels, one of which is sliced in half, alongside a partially opened, transparent packaging with a cartoon face design.</text>","<text>접시 위에는 황금빛 갈색의 베이글 세 개가 놓여 있는데, 그중 하나는 반으로 잘려 있고, 그 옆에는 만화 캐릭터 얼굴이 그려진 반쯤 열린 투명한 포장지가 놓여 있다.</text>",[],quoted_labels_xml_literal_v5
bakery,qwen3,1000634077,1,1gram,"A white rectangular box with a Japanese-style wave and boat illustration sits behind five assorted donuts on a white plate, with a small white pedestal holding a green donut topped with a yellow square.","흰색 접시 위에 놓인 다섯 개의 다양한 도넛 뒤쪽에는 일본풍의 파도와 배 그림이 그려진 흰색 직사각형 상자가 놓여 있으며, 작은 흰색 받침대 위에는 노란색 사각형 장식이 얹어진 초록색 도넛이 놓여 있다.",,ok,translated,,"<text>A white rectangular box with a Japanese-style wave and boat illustration sits behind five assorted donuts on a white plate, with a small white pedestal holding a green donut topped with a yellow square.</text>","<text>흰색 접시 위에 놓인 다섯 개의 다양한 도넛 뒤쪽에는 일본풍의 파도와 배 그림이 그려진 흰색 직사각형 상자가 놓여 있으며, 작은 흰색 받침대 위에는 노란색 사각형 장식이 얹어진 초록색 도넛이 놓여 있다.</text>",[],quoted_labels_xml_literal_v5
bakery,qwen3,1000634077,1,2gram,"A white rectangular box with a Japanese-style painting of a boat on waves, accompanied by five assorted donuts on a white plate and a small white pedestal, all set against a light background.","파도 위를 항해하는 배가 그려진 일본풍 그림이 있는 흰색 직사각형 상자와, 흰색 접시 위에 놓인 다섯 개의 다양한 도넛, 그리고 작은 흰색 받침대가 모두 밝은 배경 위에 배치되어 있다.",,ok,translated,,"<text>A white rectangular box with a Japanese-style painting of a boat on waves, accompanied by five assorted donuts on a white plate and a small white pedestal, all set against a light background.</text>","<text>파도 위를 항해하는 배가 그려진 일본풍 그림이 있는 흰색 직사각형 상자와, 흰색 접시 위에 놓인 다섯 개의 다양한 도넛, 그리고 작은 흰색 받침대가 모두 밝은 배경 위에 배치되어 있다.</text>",[],quoted_labels_xml_literal_v5
bakery,qwen3,1000634077,1,3gram,"A collection of five assorted donuts, each with a unique topping and flavor, displayed on a white plate and a small pedestal, with a box featuring a Japanese-style wave and boat illustration in the background.","각기 다른 토핑과 맛을 지닌 5가지 도넛이 흰 접시와 작은 받침대 위에 진열되어 있으며, 배경에는 일본풍의 파도와 배 일러스트가 그려진 상자가 함께 있습니다.",,ok,translated,,"<text>A collection of five assorted donuts, each with a unique topping and flavor, displayed on a white plate and a small pedestal, with a box featuring a Japanese-style wave and boat illustration in the background.</text>","<text>각기 다른 토핑과 맛을 지닌 5가지 도넛이 흰 접시와 작은 받침대 위에 진열되어 있으며, 배경에는 일본풍의 파도와 배 일러스트가 그려진 상자가 함께 있습니다.</text>",[],quoted_labels_xml_literal_v5
bakery,qwen3,1000634077,2,1gram,"A collection of colorful, bite-sized cakes and pastries, some with frosting and toppings like coconut and chocolate, displayed on white plates and a small stand.","흰색 접시와 작은 진열대 위에, 코코넛이나 초콜릿 같은 프로스팅과 토핑이 얹어진 것도 있고 없는 것도 있는, 알록달록한 한 입 크기의 케이크와 페이스트리 모음.",,ok,translated,,"<text>A collection of colorful, bite-sized cakes and pastries, some with frosting and toppings like coconut and chocolate, displayed on white plates and a small stand.</text>","<text>흰색 접시와 작은 진열대 위에, 코코넛이나 초콜릿 같은 프로스팅과 토핑이 얹어진 것도 있고 없는 것도 있는, 알록달록한 한 입 크기의 케이크와 페이스트리 모음.</text>",[],quoted_labels_xml_literal_v5
bakery,qwen3,1000634077,2,2gram,"A collection of various small cakes and pastries, featuring diverse toppings such as chocolate, coconut, and fruit glaze, displayed on white plates.","흰 접시 위에 진열된, 초콜릿, 코코넛, 과일 글레이즈 등 다양한 토핑이 얹어진 여러 종류의 작은 케이크와 페이스트리 모음.",,ok,translated,,"<text>A collection of various small cakes and pastries, featuring diverse toppings such as chocolate, coconut, and fruit glaze, displayed on white plates.</text>","<text>흰 접시 위에 진열된, 초콜릿, 코코넛, 과일 글레이즈 등 다양한 토핑이 얹어진 여러 종류의 작은 케이크와 페이스트리 모음.</text>",[],quoted_labels_xml_literal_v5
bakery,qwen3,1000634077,2,3gram,"A collection of assorted, bite-sized cakes and pastries with various colorful glazes and toppings, displayed on white plates and a small stand.","흰색 접시와 작은 스탠드 위에 진열된, 알록달록한 글레이즈와 토핑이 얹어진 다양한 종류의 한 입 크기 케이크와 페이스트리 모음.",,ok,translated,,"<text>A collection of assorted, bite-sized cakes and pastries with various colorful glazes and toppings, displayed on white plates and a small stand.</text>","<text>흰색 접시와 작은 스탠드 위에 진열된, 알록달록한 글레이즈와 토핑이 얹어진 다양한 종류의 한 입 크기 케이크와 페이스트리 모음.</text>",[],quoted_labels_xml_literal_v5
bakery,qwen3,1000635372,1,1gram,"A wooden tray holds two jars of Oh Nutty Pistachio Butter, a small bowl of the spread, a wooden-handled knife, and a light green cloth.","나무 쟁반 위에는 ‘Oh Nutty 피스타치오 버터’ 병 두 개와, 이 스프레드가 담긴 작은 그릇, 나무 손잡이가 달린 칼, 그리고 연한 녹색 천이 놓여 있다.",,ok,translated,,"<text>A wooden tray holds two jars of Oh Nutty Pistachio Butter, a small bowl of the spread, a wooden-handled knife, and a light green cloth.</text>","<text>나무 쟁반 위에는 ‘Oh Nutty 피스타치오 버터’ 병 두 개와, 이 스프레드가 담긴 작은 그릇, 나무 손잡이가 달린 칼, 그리고 연한 녹색 천이 놓여 있다.</text>",[],quoted_labels_xml_literal_v5
bakery,qwen3,1000635372,1,2gram,"A wooden tray holds two jars of Oh Nutty Pistachio Butter, a bowl of the spread, a wooden-handled knife, and a metal spatula, all arranged on a light green cloth.","나무 쟁반 위에는 ‘오 너티 피스타치오 버터’ 병 두 개와 이 스프레드가 담긴 그릇, 나무 손잡이가 달린 칼, 그리고 금속 주걱이 놓여 있으며, 이 모든 것이 연한 녹색 천 위에 정갈하게 차려져 있다.",,ok,translated,,"<text>A wooden tray holds two jars of Oh Nutty Pistachio Butter, a bowl of the spread, a wooden-handled knife, and a metal spatula, all arranged on a light green cloth.</text>","<text>나무 쟁반 위에는 ‘오 너티 피스타치오 버터’ 병 두 개와 이 스프레드가 담긴 그릇, 나무 손잡이가 달린 칼, 그리고 금속 주걱이 놓여 있으며, 이 모든 것이 연한 녹색 천 위에 정갈하게 차려져 있다.</text>",[],quoted_labels_xml_literal_v5
bakery,qwen3,1000635372,1,3gram,"A wooden tray holds two jars of Oh_Nutty Pistachio Butter, a small bowl of the spread, a wooden-handled knife, and a green cloth, all arranged on a warm, earthy background.","나무 쟁반 위에는 ‘Oh_Nutty 피스타치오 버터’ 병 두 개와 이 스프레드가 담긴 작은 그릇, 나무 손잡이가 달린 칼, 그리고 초록색 천이 놓여 있으며, 이 모든 것이 따뜻하고 자연스러운 느낌의 배경 위에 정갈하게 배치되어 있다.",,ok,translated,,"<text>A wooden tray holds two jars of Oh_Nutty Pistachio Butter, a small bowl of the spread, a wooden-handled knife, and a green cloth, all arranged on a warm, earthy background.</text>","<text>나무 쟁반 위에는 ‘Oh_Nutty 피스타치오 버터’ 병 두 개와 이 스프레드가 담긴 작은 그릇, 나무 손잡이가 달린 칼, 그리고 초록색 천이 놓여 있으며, 이 모든 것이 따뜻하고 자연스러운 느낌의 배경 위에 정갈하게 배치되어 있다.</text>",[],quoted_labels_xml_literal_v5
bakery,qwen3,1000635372,2,1gram,"A creamy, golden-brown pistachio dip in a white bowl, surrounded by scattered pistachios on a light green cloth.","하얀 그릇에 담긴 크림처럼 부드럽고 황금빛을 띤 피스타치오 딥, 그 주위에는 연한 녹색 식탁보 위에 피스타치오가 흩뿌려져 있다.",,ok,translated,,"<text>A creamy, golden-brown pistachio dip in a white bowl, surrounded by scattered pistachios on a light green cloth.</text>","<text>하얀 그릇에 담긴 크림처럼 부드럽고 황금빛을 띤 피스타치오 딥, 그 주위에는 연한 녹색 식탁보 위에 피스타치오가 흩뿌려져 있다.</text>",[],quoted_labels_xml_literal_v5
bakery,qwen3,1000635372,2,2gram,"A creamy, golden-brown dip in a white bowl, surrounded by scattered pistachios on a light green cloth.","하얀 그릇에 담긴 크림처럼 부드럽고 황금빛을 띤 딥 소스, 연한 녹색 식탁보 위에는 피스타치오가 흩뿌려져 있다.",,ok,translated,,"<text>A creamy, golden-brown dip in a white bowl, surrounded by scattered pistachios on a light green cloth.</text>","<text>하얀 그릇에 담긴 크림처럼 부드럽고 황금빛을 띤 딥 소스, 연한 녹색 식탁보 위에는 피스타치오가 흩뿌려져 있다.</text>",[],quoted_labels_xml_literal_v5
bakery,qwen3,1000635372,2,3gram,"A creamy, golden-brown dip in a white bowl, surrounded by scattered pistachios on a light green cloth.","하얀 그릇에 담긴 크림처럼 부드럽고 황금빛을 띤 딥 소스, 연한 녹색 식탁보 위에는 피스타치오가 흩뿌려져 있다.",,ok,translated,,"<text>A creamy, golden-brown dip in a white bowl, surrounded by scattered pistachios on a light green cloth.</text>","<text>하얀 그릇에 담긴 크림처럼 부드럽고 황금빛을 띤 딥 소스, 연한 녹색 식탁보 위에는 피스타치오가 흩뿌려져 있다.</text>",[],quoted_labels_xml_literal_v5
bakery,qwen3,1000637683,1,1gram,"Two jars of OH_NUTTY peanut butter, one original and one crunchy, are displayed on a beige cloth with bowls of the spread and a knife.","베이지색 천 위에는 OH_NUTTY 땅콩버터 두 병(오리지널 한 병, 크런치 한 병)이 놓여 있으며, 그 옆에는 땅콩버터를 덜어 먹을 그릇과 칼이 함께 놓여 있다.",,ok,translated,,"<text>Two jars of OH_NUTTY peanut butter, one original and one crunchy, are displayed on a beige cloth with bowls of the spread and a knife.</text>","<text>베이지색 천 위에는 OH_NUTTY 땅콩버터 두 병(오리지널 한 병, 크런치 한 병)이 놓여 있으며, 그 옆에는 땅콩버터를 덜어 먹을 그릇과 칼이 함께 놓여 있다.</text>",[],quoted_labels_xml_literal_v5
bakery,qwen3,1000637683,1,2gram,"Two jars of OH_NUTTY peanut butter, one original and one crunchy, are displayed on a beige cloth with bowls of the spread and a knife.","베이지색 천 위에는 OH_NUTTY 땅콩버터 두 병(오리지널 한 병, 크런치 한 병)이 놓여 있으며, 그 옆에는 땅콩버터를 덜어 먹을 그릇과 칼이 함께 놓여 있다.",,ok,translated,,"<text>Two jars of OH_NUTTY peanut butter, one original and one crunchy, are displayed on a beige cloth with bowls of the spread and a knife.</text>","<text>베이지색 천 위에는 OH_NUTTY 땅콩버터 두 병(오리지널 한 병, 크런치 한 병)이 놓여 있으며, 그 옆에는 땅콩버터를 덜어 먹을 그릇과 칼이 함께 놓여 있다.</text>",[],quoted_labels_xml_literal_v5
bakery,qwen3,1000637683,1,3gram,"Two jars of OH_NUTTY peanut butter, one original and one crunchy, are displayed on a beige cloth with bowls of the spread and a knife.","베이지색 천 위에는 OH_NUTTY 땅콩버터 두 병(오리지널 한 병, 크런치 한 병)이 놓여 있으며, 그 옆에는 땅콩버터를 덜어 먹을 그릇과 칼이 함께 놓여 있다.",,ok,translated,,"<text>Two jars of OH_NUTTY peanut butter, one original and one crunchy, are displayed on a beige cloth with bowls of the spread and a knife.</text>","<text>베이지색 천 위에는 OH_NUTTY 땅콩버터 두 병(오리지널 한 병, 크런치 한 병)이 놓여 있으며, 그 옆에는 땅콩버터를 덜어 먹을 그릇과 칼이 함께 놓여 있다.</text>",[],quoted_labels_xml_literal_v5
bakery,qwen3,1000637683,2,1gram,"Two white bowls filled with a smooth, golden-brown peanut butter, one with a spoon resting in it, placed on a beige cloth on a light yellow surface.","부드럽고 황금빛 갈색의 땅콩버터로 가득 찬 두 개의 흰색 그릇이, 하나는 그 안에 숟가락이 놓인 채로, 연노란색 바탕 위에 깔린 베이지색 천 위에 놓여 있다.",,ok,translated,,"<text>Two white bowls filled with a smooth, golden-brown peanut butter, one with a spoon resting in it, placed on a beige cloth on a light yellow surface.</text>","<text>부드럽고 황금빛 갈색의 땅콩버터로 가득 찬 두 개의 흰색 그릇이, 하나는 그 안에 숟가락이 놓인 채로, 연노란색 바탕 위에 깔린 베이지색 천 위에 놓여 있다.</text>",[],quoted_labels_xml_literal_v5
bakery,qwen3,1000637683,2,2gram,"Two white bowls filled with a smooth, golden-brown peanut butter, one with a spoon resting in it, placed on a beige cloth.","베이지색 식탁보 위에, 부드럽고 황금빛 갈색의 땅콩버터가 가득 담긴 두 개의 흰색 그릇이 놓여 있는데, 그중 하나에는 숟가락이 꽂혀 있다.",,ok,translated,,"<text>Two white bowls filled with a smooth, golden-brown peanut butter, one with a spoon resting in it, placed on a beige cloth.</text>","<text>베이지색 식탁보 위에, 부드럽고 황금빛 갈색의 땅콩버터가 가득 담긴 두 개의 흰색 그릇이 놓여 있는데, 그중 하나에는 숟가락이 꽂혀 있다.</text>",[],quoted_labels_xml_literal_v5
bakery,qwen3,1000637683,2,3gram,"Two white bowls filled with a creamy, golden-brown peanut butter, one with visible chunks and the other smooth, resting on a beige cloth on a light-colored surface.","크리미하고 황금빛 갈색의 땅콩버터로 가득 찬 두 개의 흰색 그릇이, 하나는 덩어리가 훤히 보이고 다른 하나는 매끄러운 질감으로, 밝은 색상의 표면 위에 놓인 베이지색 천 위에 놓여 있다.",,ok,translated,,"<text>Two white bowls filled with a creamy, golden-brown peanut butter, one with visible chunks and the other smooth, resting on a beige cloth on a light-colored surface.</text>","<text>크리미하고 황금빛 갈색의 땅콩버터로 가득 찬 두 개의 흰색 그릇이, 하나는 덩어리가 훤히 보이고 다른 하나는 매끄러운 질감으로, 밝은 색상의 표면 위에 놓인 베이지색 천 위에 놓여 있다.</text>",[],quoted_labels_xml_literal_v5
bakery,qwen3,1000659491,1,1gram,"A white plate holds four golden-brown bagels, with three more scattered around, next to a package labeled ""I am bagel"" and a Korean text ""Plain Bagel"" on the packaging.","하얀 접시 위에는 황금빛 갈색 베이글 네 개가 놓여 있고, 그 주변에 세 개가 더 흩어져 있으며, 바로 옆에는 ‘""I am bagel""’라고 적힌 포장지와 포장지에 ‘""Plain Bagel""’라는 한국어 문구가 적혀 있다.",,ok,translated,,"<text>A white plate holds four golden-brown bagels, with three more scattered around, next to a package labeled <keep id=""n0"">KEEP0X</keep> and a Korean text <keep id=""n1"">KEEP1X</keep> on the packaging.</text>","<text>하얀 접시 위에는 황금빛 갈색 베이글 네 개가 놓여 있고, 그 주변에 세 개가 더 흩어져 있으며, 바로 옆에는 <keep id=""n0"">‘KEEP0X’라고</keep> 적힌 포장지와 포장지에 <keep id=""n1"">‘KEEP1X’라는</keep> 한국어 문구가 적혀 있다.</text>","[{""id"": ""n0"", ""token"": ""KEEP0X"", ""original"": ""\""I am bagel\"""", ""mode"": ""short_marker""}, {""id"": ""n1"", ""token"": ""KEEP1X"", ""original"": ""\""Plain Bagel\"""", ""mode"": ""short_marker""}]",quoted_labels_xml_short_marker_v5
bakery,qwen3,1000659491,1,2gram,"A white plate holds four golden-brown bagels, with three more scattered around, next to a package labeled ""I am bagel"" and a Korean text ""Plain Bagel"" on the packaging.","하얀 접시 위에는 황금빛 갈색 베이글 네 개가 놓여 있고, 그 주변에 세 개가 더 흩어져 있으며, 바로 옆에는 ‘""I am bagel""’라고 적힌 포장지와 포장지에 ‘""Plain Bagel""’라는 한국어 문구가 적혀 있다.",,ok,translated,,"<text>A white plate holds four golden-brown bagels, with three more scattered around, next to a package labeled <keep id=""n0"">KEEP0X</keep> and a Korean text <keep id=""n1"">KEEP1X</keep> on the packaging.</text>","<text>하얀 접시 위에는 황금빛 갈색 베이글 네 개가 놓여 있고, 그 주변에 세 개가 더 흩어져 있으며, 바로 옆에는 <keep id=""n0"">‘KEEP0X’라고</keep> 적힌 포장지와 포장지에 <keep id=""n1"">‘KEEP1X’라는</keep> 한국어 문구가 적혀 있다.</text>","[{""id"": ""n0"", ""token"": ""KEEP0X"", ""original"": ""\""I am bagel\"""", ""mode"": ""short_marker""}, {""id"": ""n1"", ""token"": ""KEEP1X"", ""original"": ""\""Plain Bagel\"""", ""mode"": ""short_marker""}]",quoted_labels_xml_short_marker_v5
bakery,qwen3,1000659491,1,3gram,"A white oval plate holds four golden-brown bagels, with three more scattered on a green background, next to a white package labeled ""I am bagel"" with Korean text.","하얀 타원형 접시 위에는 황금빛 갈색 베이글 네 개가 놓여 있고, 녹색 배경 위에는 세 개가 더 흩어져 있으며, 그 옆에는 한국어로 ‘""I am bagel""’라고 적힌 하얀색 포장지가 놓여 있다.",,ok,translated,,"<text>A white oval plate holds four golden-brown bagels, with three more scattered on a green background, next to a white package labeled <keep id=""n0"">KEEP0X</keep> with Korean text.</text>","<text>하얀 타원형 접시 위에는 황금빛 갈색 베이글 네 개가 놓여 있고, 녹색 배경 위에는 세 개가 더 흩어져 있으며, 그 옆에는 한국어로 <keep id=""n0"">‘KEEP0X’라고</keep> 적힌 하얀색 포장지가 놓여 있다.</text>","[{""id"": ""n0"", ""token"": ""KEEP0X"", ""original"": ""\""I am bagel\"""", ""mode"": ""short_marker""}]",quoted_labels_xml_short_marker_v5
bakery,qwen3,1000659491,2,1gram,"A wooden board displays several bagels, some whole and others broken in half to reveal a blueberry filling, with a golden-brown crust and a soft, porous interior.","나무 판 위에는 여러 개의 베이글이 놓여 있는데, 어떤 것은 통째로 있고 어떤 것은 반으로 갈라져 블루베리 속이 드러나 있으며, 겉은 황금빛 갈색을 띠고 속은 부드럽고 기공이 많은 질감을 띠고 있다.",,ok,translated,,"<text>A wooden board displays several bagels, some whole and others broken in half to reveal a blueberry filling, with a golden-brown crust and a soft, porous interior.</text>","<text>나무 판 위에는 여러 개의 베이글이 놓여 있는데, 어떤 것은 통째로 있고 어떤 것은 반으로 갈라져 블루베리 속이 드러나 있으며, 겉은 황금빛 갈색을 띠고 속은 부드럽고 기공이 많은 질감을 띠고 있다.</text>",[],quoted_labels_xml_literal_v5
bakery,qwen3,1000659491,2,2gram,"A wooden board displays several bagels, some whole and others broken in half to reveal a soft, airy interior and a purple filling, all set against a light green background.","밝은 녹색 배경 위에 나무 판에 여러 개의 베이글이 놓여 있는데, 어떤 것은 통째로 있고 어떤 것은 반으로 갈라져 부드럽고 폭신폭신한 속과 보라색 속이 드러나 있다.",,ok,translated,,"<text>A wooden board displays several bagels, some whole and others broken in half to reveal a soft, airy interior and a purple filling, all set against a light green background.</text>","<text>밝은 녹색 배경 위에 나무 판에 여러 개의 베이글이 놓여 있는데, 어떤 것은 통째로 있고 어떤 것은 반으로 갈라져 부드럽고 폭신폭신한 속과 보라색 속이 드러나 있다.</text>",[],quoted_labels_xml_literal_v5
bakery,qwen3,1000659491,2,3gram,"A wooden board displays several bagels, some whole and others broken in half to reveal their soft, porous interiors, with a few showing a blueberry filling.","나무 판 위에는 여러 개의 베이글이 놓여 있는데, 어떤 것은 통째로 있고 어떤 것은 반으로 갈라져 부드럽고 기공이 많은 속이 드러나 있으며, 그중 몇 개는 블루베리 필링이 들어 있다.",,ok,translated,,"<text>A wooden board displays several bagels, some whole and others broken in half to reveal their soft, porous interiors, with a few showing a blueberry filling.</text>","<text>나무 판 위에는 여러 개의 베이글이 놓여 있는데, 어떤 것은 통째로 있고 어떤 것은 반으로 갈라져 부드럽고 기공이 많은 속이 드러나 있으며, 그중 몇 개는 블루베리 필링이 들어 있다.</text>",[],quoted_labels_xml_literal_v5
bakery,qwen3,1000794499,1,1gram,"Two rectangular cakes with brown tops, presented on small plates with green and yellow boxes, and a wooden fork.","윗면이 갈색인 직사각형 케이크 두 개가, 초록색과 노란색 상자가 놓인 작은 접시 위에 담겨 있고, 나무 포크 하나가 곁들여져 있다.",,ok,translated,,"<text>Two rectangular cakes with brown tops, presented on small plates with green and yellow boxes, and a wooden fork.</text>","<text>윗면이 갈색인 직사각형 케이크 두 개가, 초록색과 노란색 상자가 놓인 작은 접시 위에 담겨 있고, 나무 포크 하나가 곁들여져 있다.</text>",[],quoted_labels_xml_literal_v5
bakery,qwen3,1000794499,1,2gram,"Two rectangular cakes with brown toppings, presented on small plates with wooden forks, accompanied by two boxes—one green and one yellow—on a light background.","갈색 토핑이 얹어진 직사각형 케이크 두 개가 작은 접시에 담겨 나무 포크와 함께 놓여 있고, 밝은 배경 위에는 녹색 상자 하나와 노란색 상자 하나가 곁에 놓여 있다.",,ok,translated,,"<text>Two rectangular cakes with brown toppings, presented on small plates with wooden forks, accompanied by two boxes—one green and one yellow—on a light background.</text>","<text>갈색 토핑이 얹어진 직사각형 케이크 두 개가 작은 접시에 담겨 나무 포크와 함께 놓여 있고, 밝은 배경 위에는 녹색 상자 하나와 노란색 상자 하나가 곁에 놓여 있다.</text>",[],quoted_labels_xml_literal_v5
bakery,qwen3,1000794499,1,3gram,"Two rectangular cakes with brown toppings, served on small plates with wooden forks, accompanied by two boxes, one green and one yellow, on a light background.","갈색 토핑이 올라간 직사각형 케이크 두 개가 작은 접시에 담겨 나무 포크와 함께 놓여 있고, 밝은 배경 위에 초록색 상자 하나와 노란색 상자 하나가 곁에 놓여 있다.",,ok,translated,,"<text>Two rectangular cakes with brown toppings, served on small plates with wooden forks, accompanied by two boxes, one green and one yellow, on a light background.</text>","<text>갈색 토핑이 올라간 직사각형 케이크 두 개가 작은 접시에 담겨 나무 포크와 함께 놓여 있고, 밝은 배경 위에 초록색 상자 하나와 노란색 상자 하나가 곁에 놓여 있다.</text>",[],quoted_labels_xml_literal_v5
bakery,qwen3,1000794499,2,1gram,"A close-up of a green tea cake, sliced and served on a plate with a wooden fork, with the whole cake displayed on a tray.","썰어서 나무 포크와 함께 접시에 담긴 녹차 케이크의 클로즈업 사진과, 쟁반 위에 통째로 놓인 케이크의 모습.",,ok,translated,,"<text>A close-up of a green tea cake, sliced and served on a plate with a wooden fork, with the whole cake displayed on a tray.</text>","<text>썰어서 나무 포크와 함께 접시에 담긴 녹차 케이크의 클로즈업 사진과, 쟁반 위에 통째로 놓인 케이크의 모습.</text>",[],quoted_labels_xml_literal_v5
bakery,qwen3,1000794499,2,2gram,"A close-up of two rectangular loaves of green tea cake, sliced and served on plates with a wooden fork, showcasing their moist texture and golden-brown crust.","썰어서 나무 포크와 함께 접시에 담긴 두 개의 직사각형 녹차 케이크의 클로즈업 사진으로, 촉촉한 식감과 황금빛 갈색의 겉면이 돋보인다.",,ok,translated,,"<text>A close-up of two rectangular loaves of green tea cake, sliced and served on plates with a wooden fork, showcasing their moist texture and golden-brown crust.</text>","<text>썰어서 나무 포크와 함께 접시에 담긴 두 개의 직사각형 녹차 케이크의 클로즈업 사진으로, 촉촉한 식감과 황금빛 갈색의 겉면이 돋보인다.</text>",[],quoted_labels_xml_literal_v5
bakery,qwen3,1000794499,2,3gram,"A close-up of two rectangular cakes, one green and one yellow, sliced and served on plates with a wooden fork.","초록색과 노란색의 직사각형 케이크 두 개가 잘려 접시에 담겨 있고, 나무 포크가 꽂혀 있는 모습을 클로즈업한 사진.",,ok,translated,,"<text>A close-up of two rectangular cakes, one green and one yellow, sliced and served on plates with a wooden fork.</text>","<text>초록색과 노란색의 직사각형 케이크 두 개가 잘려 접시에 담겨 있고, 나무 포크가 꽂혀 있는 모습을 클로즈업한 사진.</text>",[],quoted_labels_xml_literal_v5
bakery,qwen3,1000831954,1,1gram,"Three white plates display various types of baked goods, including a golden-brown loaf with a dusting of powdered sugar, a rectangular loaf with black olives, and a round loaf with a yellow filling, all presented on a neutral background.","세 개의 흰색 접시 위에는 가루 설탕을 살짝 뿌린 황금빛 빵, 검은 올리브가 들어간 직사각형 빵, 노란색 속이 들어간 둥근 빵 등 다양한 종류의 제과류가 담겨 있으며, 이 모든 것이 중성적인 배경 위에 놓여 있다.",,ok,translated,,"<text>Three white plates display various types of baked goods, including a golden-brown loaf with a dusting of powdered sugar, a rectangular loaf with black olives, and a round loaf with a yellow filling, all presented on a neutral background.</text>","<text>세 개의 흰색 접시 위에는 가루 설탕을 살짝 뿌린 황금빛 빵, 검은 올리브가 들어간 직사각형 빵, 노란색 속이 들어간 둥근 빵 등 다양한 종류의 제과류가 담겨 있으며, 이 모든 것이 중성적인 배경 위에 놓여 있다.</text>",[],quoted_labels_xml_literal_v5
bakery,qwen3,1000831954,1,2gram,"Three white plates display various types of bread, each with a different filling and topping, including a golden-brown loaf with a visible filling, a rectangular loaf with olives, and a round loaf with a cheesy topping.","세 개의 흰 접시 위에는 각각 다른 속재료와 토핑이 올라간 다양한 종류의 빵이 놓여 있는데, 속이 훤히 보이는 황금빛 갈색 빵, 올리브가 들어간 직사각형 빵, 치즈 토핑이 올라간 둥근 빵 등이 있다.",,ok,translated,,"<text>Three white plates display various types of bread, each with a different filling and topping, including a golden-brown loaf with a visible filling, a rectangular loaf with olives, and a round loaf with a cheesy topping.</text>","<text>세 개의 흰 접시 위에는 각각 다른 속재료와 토핑이 올라간 다양한 종류의 빵이 놓여 있는데, 속이 훤히 보이는 황금빛 갈색 빵, 올리브가 들어간 직사각형 빵, 치즈 토핑이 올라간 둥근 빵 등이 있다.</text>",[],quoted_labels_xml_literal_v5
bakery,qwen3,1000831954,1,3gram,"Three white plates display a variety of golden-brown pastries, each with a different filling and topping, including a sliced one with a yellow filling, a rectangular one with black olives, and a round one with a red, cheesy topping.","세 개의 흰 접시 위에는 황금빛 갈색의 다양한 페이스트리가 놓여 있는데, 각각 속재료와 토핑이 다릅니다. 노란색 속재료가 들어간 얇게 썬 페이스트리, 검은 올리브가 올라간 직사각형 페이스트리, 그리고 빨간색 치즈 토핑이 얹어진 둥근 페이스트리 등이 있습니다.",,ok,translated,,"<text>Three white plates display a variety of golden-brown pastries, each with a different filling and topping, including a sliced one with a yellow filling, a rectangular one with black olives, and a round one with a red, cheesy topping.</text>","<text>세 개의 흰 접시 위에는 황금빛 갈색의 다양한 페이스트리가 놓여 있는데, 각각 속재료와 토핑이 다릅니다. 노란색 속재료가 들어간 얇게 썬 페이스트리, 검은 올리브가 올라간 직사각형 페이스트리, 그리고 빨간색 치즈 토핑이 얹어진 둥근 페이스트리 등이 있습니다.</text>",[],quoted_labels_xml_literal_v5
bakery,qwen3,1000831954,2,1gram,"A white plate holds three slices of bread, each filled with a creamy, savory mixture of black olives and a yellow-orange filling, possibly a squash or pumpkin, with a hint of green herbs.","하얀 접시 위에는 빵 세 조각이 놓여 있는데, 각 빵 속에는 검은 올리브와 노란빛이 도는 주황색 속재료(아마도 호박일 것)가 섞인 크리미하고 고소한 속이 채워져 있으며, 은은한 녹색 허브 향이 감돈다.",,ok,translated,,"<text>A white plate holds three slices of bread, each filled with a creamy, savory mixture of black olives and a yellow-orange filling, possibly a squash or pumpkin, with a hint of green herbs.</text>","<text>하얀 접시 위에는 빵 세 조각이 놓여 있는데, 각 빵 속에는 검은 올리브와 노란빛이 도는 주황색 속재료(아마도 호박일 것)가 섞인 크리미하고 고소한 속이 채워져 있으며, 은은한 녹색 허브 향이 감돈다.</text>",[],quoted_labels_xml_literal_v5
bakery,qwen3,1000831954,2,2gram,"A white plate holds three slices of bread, each filled with a savory mixture of black olives, melted cheese, and a yellow-orange filling, possibly squash or pumpkin, with a hint of green herbs.","하얀 접시 위에는 빵 세 조각이 놓여 있는데, 각 빵에는 검은 올리브와 녹아내린 치즈, 그리고 노란빛이 도는 주황색 속재료(아마도 호박이나 단호박일 것)가 섞인 풍미 가득한 속이 채워져 있으며, 은은한 녹색 허브 향이 감돈다.",,ok,translated,,"<text>A white plate holds three slices of bread, each filled with a savory mixture of black olives, melted cheese, and a yellow-orange filling, possibly squash or pumpkin, with a hint of green herbs.</text>","<text>하얀 접시 위에는 빵 세 조각이 놓여 있는데, 각 빵에는 검은 올리브와 녹아내린 치즈, 그리고 노란빛이 도는 주황색 속재료(아마도 호박이나 단호박일 것)가 섞인 풍미 가득한 속이 채워져 있으며, 은은한 녹색 허브 향이 감돈다.</text>",[],quoted_labels_xml_literal_v5
bakery,qwen3,1000831954,2,3gram,"A white plate holds three slices of bread, each filled with a different savory mixture: one with black olives and melted cheese, another with a creamy filling, and the third with a yellow-orange filling, all presented in a simple, appetizing manner.","하얀 접시 위에는 빵 세 조각이 놓여 있는데, 각각 다른 짭짤한 속재료가 들어 있다. 하나는 검은 올리브와 녹은 치즈가, 다른 하나는 크림 같은 속재료가, 세 번째는 노란빛이 도는 주황색 속재료가 들어 있으며, 모두 심플하면서도 식욕을 돋우는 방식으로 담겨 있다.",,ok,translated,,"<text>A white plate holds three slices of bread, each filled with a different savory mixture: one with black olives and melted cheese, another with a creamy filling, and the third with a yellow-orange filling, all presented in a simple, appetizing manner.</text>","<text>하얀 접시 위에는 빵 세 조각이 놓여 있는데, 각각 다른 짭짤한 속재료가 들어 있다. 하나는 검은 올리브와 녹은 치즈가, 다른 하나는 크림 같은 속재료가, 세 번째는 노란빛이 도는 주황색 속재료가 들어 있으며, 모두 심플하면서도 식욕을 돋우는 방식으로 담겨 있다.</text>",[],quoted_labels_xml_literal_v5
bakery,qwen3,1000870987,1,1gram,"A red, heart-shaped dessert box with a white interior, filled with a creamy, pale yellow dessert topped with chopped pistachios, sits on a white plate with a red spoon, against a vibrant red background.","내부가 흰색인 빨간색 하트 모양 디저트 상자에는 잘게 썬 피스타치오가 얹어진 크림 같은 연노란색 디저트가 가득 담겨 있으며, 이 상자는 선명한 빨간색 배경을 배경으로 빨간색 숟가락이 곁들여진 흰색 접시 위에 놓여 있다.",,ok,translated,,"<text>A red, heart-shaped dessert box with a white interior, filled with a creamy, pale yellow dessert topped with chopped pistachios, sits on a white plate with a red spoon, against a vibrant red background.</text>","<text>내부가 흰색인 빨간색 하트 모양 디저트 상자에는 잘게 썬 피스타치오가 얹어진 크림 같은 연노란색 디저트가 가득 담겨 있으며, 이 상자는 선명한 빨간색 배경을 배경으로 빨간색 숟가락이 곁들여진 흰색 접시 위에 놓여 있다.</text>",[],quoted_labels_xml_literal_v5
bakery,qwen3,1000870987,1,2gram,"A red and pink heart-shaped dessert box set, featuring a creamy dessert with pistachios and a strawberry, presented on a red background.","빨간색과 분홍색의 하트 모양 디저트 박스 세트로, 빨간색 배경 위에 피스타치오와 딸기가 들어간 크리미한 디저트가 담겨 있습니다.",,ok,translated,,"<text>A red and pink heart-shaped dessert box set, featuring a creamy dessert with pistachios and a strawberry, presented on a red background.</text>","<text>빨간색과 분홍색의 하트 모양 디저트 박스 세트로, 빨간색 배경 위에 피스타치오와 딸기가 들어간 크리미한 디저트가 담겨 있습니다.</text>",[],quoted_labels_xml_literal_v5
bakery,qwen3,1000870987,1,3gram,"A red and pink heart-shaped dessert box set, featuring a creamy dessert with pistachios and a strawberry, presented on a red background.","빨간색과 분홍색의 하트 모양 디저트 박스 세트로, 빨간색 배경 위에 피스타치오와 딸기가 들어간 크리미한 디저트가 담겨 있습니다.",,ok,translated,,"<text>A red and pink heart-shaped dessert box set, featuring a creamy dessert with pistachios and a strawberry, presented on a red background.</text>","<text>빨간색과 분홍색의 하트 모양 디저트 박스 세트로, 빨간색 배경 위에 피스타치오와 딸기가 들어간 크리미한 디저트가 담겨 있습니다.</text>",[],quoted_labels_xml_literal_v5
bakery,qwen3,1000870987,2,1gram,"A red Valentine's Day-themed dessert set featuring heart-shaped tarts in red tin containers, with a ""HAVE A HARTY TIME!"" balloon and a spoon, all on a red background.","빨간색 배경 위에, 빨간색 깡통 용기에 담긴 하트 모양 타르트와 ""HAVE A HARTY TIME!"" 풍선, 숟가락이 함께 담긴 발렌타인 데이 테마의 빨간색 디저트 세트.",,ok,translated,,"<text>A red Valentine's Day-themed dessert set featuring heart-shaped tarts in red tin containers, with a <keep id=""n0"">KEEP0X</keep> balloon and a spoon, all on a red background.</text>","<text>빨간색 배경 위에, 빨간색 깡통 용기에 담긴 하트 모양 타르트와 <keep id=""n0"">KEEP0X</keep> 풍선, 숟가락이 함께 담긴 발렌타인 데이 테마의 빨간색 디저트 세트.</text>","[{""id"": ""n0"", ""token"": ""KEEP0X"", ""original"": ""\""HAVE A HARTY TIME!\"""", ""mode"": ""short_marker""}]",quoted_labels_xml_short_marker_v5
bakery,qwen3,1000870987,2,2gram,"A red Valentine's Day-themed dessert set featuring heart-shaped tarts in red boxes, with a ""HAVE A HARTY TIME!"" balloon and a red spoon, all on a red background.","빨간색 배경 위에, 빨간색 상자에 담긴 하트 모양 타르트와 ""HAVE A HARTY TIME!"" 풍선, 빨간색 숟가락이 함께 담긴 발렌타인 데이 테마의 빨간색 디저트 세트.",,ok,translated,,"<text>A red Valentine's Day-themed dessert set featuring heart-shaped tarts in red boxes, with a <keep id=""n0"">KEEP0X</keep> balloon and a red spoon, all on a red background.</text>","<text>빨간색 배경 위에, 빨간색 상자에 담긴 하트 모양 타르트와 <keep id=""n0"">KEEP0X</keep> 풍선, 빨간색 숟가락이 함께 담긴 발렌타인 데이 테마의 빨간색 디저트 세트.</text>","[{""id"": ""n0"", ""token"": ""KEEP0X"", ""original"": ""\""HAVE A HARTY TIME!\"""", ""mode"": ""short_marker""}]",quoted_labels_xml_short_marker_v5
bakery,qwen3,1000870987,2,3gram,"A red Valentine's Day-themed dessert set featuring heart-shaped tarts in red tin containers, with a ""HAVE A HARTY TIME!"" balloon and a spoon with a heart-shaped handle, all arranged on a red background.","빨간색 틴 용기에 담긴 하트 모양 타르트와 ""HAVE A HARTY TIME!"" 풍선, 하트 모양 손잡이가 달린 숟가락이 빨간색 배경 위에 정갈하게 배치된, 발렌타인 데이를 테마로 한 빨간색 디저트 세트입니다.",,ok,translated,,"<text>A red Valentine's Day-themed dessert set featuring heart-shaped tarts in red tin containers, with a <keep id=""n0"">KEEP0X</keep> balloon and a spoon with a heart-shaped handle, all arranged on a red background.</text>","<text>빨간색 틴 용기에 담긴 하트 모양 타르트와 <keep id=""n0"">KEEP0X</keep> 풍선, 하트 모양 손잡이가 달린 숟가락이 빨간색 배경 위에 정갈하게 배치된, 발렌타인 데이를 테마로 한 빨간색 디저트 세트입니다.</text>","[{""id"": ""n0"", ""token"": ""KEEP0X"", ""original"": ""\""HAVE A HARTY TIME!\"""", ""mode"": ""short_marker""}]",quoted_labels_xml_short_marker_v5
bakery,qwen3,1000894225,1,1gram,"A loaf of white bread, sliced and displayed on a wooden board, with a packaged loaf of the same bread in the background.","나무 판 위에 얇게 썰어 진열된 흰 빵 한 덩어리와, 그 뒤편에 포장된 같은 종류의 빵 한 덩어리가 놓여 있다.",,ok,translated,,"<text>A loaf of white bread, sliced and displayed on a wooden board, with a packaged loaf of the same bread in the background.</text>","<text>나무 판 위에 얇게 썰어 진열된 흰 빵 한 덩어리와, 그 뒤편에 포장된 같은 종류의 빵 한 덩어리가 놓여 있다.</text>",[],quoted_labels_xml_literal_v5
bakery,qwen3,1000894225,1,2gram,"A loaf of white bread, sliced and displayed on a wooden board with a white cloth, sits in front of a packaged loaf of rice bread on a light gray background.","하얀 천을 깐 나무 판 위에 얇게 썰어 진열된 흰 빵 한 덩이가, 밝은 회색 배경 위에 포장된 쌀빵 한 덩이 앞에 놓여 있다.",,ok,translated,,"<text>A loaf of white bread, sliced and displayed on a wooden board with a white cloth, sits in front of a packaged loaf of rice bread on a light gray background.</text>","<text>하얀 천을 깐 나무 판 위에 얇게 썰어 진열된 흰 빵 한 덩이가, 밝은 회색 배경 위에 포장된 쌀빵 한 덩이 앞에 놓여 있다.</text>",[],quoted_labels_xml_literal_v5
bakery,qwen3,1000894225,1,3gram,"A loaf of white bread with a golden-brown crust, sliced and displayed on a wooden board, with a packaged loaf of the same bread in the background.","노릇노릇한 겉면이 돋보이는 흰 빵 한 덩어리가 얇게 썰려 나무 판 위에 진열되어 있고, 그 뒤쪽에는 같은 빵이 포장된 채 놓여 있다.",,ok,translated,,"<text>A loaf of white bread with a golden-brown crust, sliced and displayed on a wooden board, with a packaged loaf of the same bread in the background.</text>","<text>노릇노릇한 겉면이 돋보이는 흰 빵 한 덩어리가 얇게 썰려 나무 판 위에 진열되어 있고, 그 뒤쪽에는 같은 빵이 포장된 채 놓여 있다.</text>",[],quoted_labels_xml_literal_v5
bakery,qwen3,1000894225,2,1gram,"A loaf of sliced white bread, neatly arranged in a row on a wooden cutting board, rests on a white cloth.",나무 도마 위에 가지런히 줄지어 놓인 흰 식빵 한 덩이가 흰 식탁보 위에 놓여 있다.,,ok,translated,,"<text>A loaf of sliced white bread, neatly arranged in a row on a wooden cutting board, rests on a white cloth.</text>",<text>나무 도마 위에 가지런히 줄지어 놓인 흰 식빵 한 덩이가 흰 식탁보 위에 놓여 있다.</text>,[],quoted_labels_xml_literal_v5
bakery,qwen3,1000894225,2,2gram,"A loaf of white bread, sliced and arranged neatly in a row on a wooden cutting board, with a light-colored cloth underneath.","흰 빵 한 덩어리가 얇게 썰려 나무 도마 위에 가지런히 줄지어 놓여 있고, 그 아래에는 밝은 색의 천이 깔려 있다.",,ok,translated,,"<text>A loaf of white bread, sliced and arranged neatly in a row on a wooden cutting board, with a light-colored cloth underneath.</text>","<text>흰 빵 한 덩어리가 얇게 썰려 나무 도마 위에 가지런히 줄지어 놓여 있고, 그 아래에는 밝은 색의 천이 깔려 있다.</text>",[],quoted_labels_xml_literal_v5
bakery,qwen3,1000894225,2,3gram,"A loaf of sliced white bread, neatly arranged on a thin wooden cutting board, with a light-colored cloth underneath, set against a neutral background.","얇은 나무 도마 위에 깔끔하게 놓인 흰 빵 한 덩어리. 그 아래에는 밝은 색의 천이 깔려 있으며, 중성적인 배경을 배경으로 하고 있다.",,ok,translated,,"<text>A loaf of sliced white bread, neatly arranged on a thin wooden cutting board, with a light-colored cloth underneath, set against a neutral background.</text>","<text>얇은 나무 도마 위에 깔끔하게 놓인 흰 빵 한 덩어리. 그 아래에는 밝은 색의 천이 깔려 있으며, 중성적인 배경을 배경으로 하고 있다.</text>",[],quoted_labels_xml_literal_v5
bakery,qwen3,1001194675,1,1gram,"Two jars and two bowls of peanut butter, with labels indicating ""100% peanut butter"" and ""100% peanut butter"" in Korean.","땅콩버터가 담긴 항아리 두 개와 그릇 두 개로, 각각 한국어로 ‘""100% peanut butter""’와 ‘""100% peanut butter""’라고 적힌 라벨이 붙어 있다.",,ok,translated,,"<text>Two jars and two bowls of peanut butter, with labels indicating <keep id=""n0"">KEEP0X</keep> and <keep id=""n1"">KEEP1X</keep> in Korean.</text>","<text>땅콩버터가 담긴 항아리 두 개와 그릇 두 개로, <keep id=""n1"">각각</keep> 한국어로 <keep id=""n0"">‘KEEP0X</keep>’와 ‘KEEP1X’라고 적힌 라벨이 붙어 있다.</text>","[{""id"": ""n0"", ""token"": ""KEEP0X"", ""original"": ""\""100% peanut butter\"""", ""mode"": ""short_marker""}, {""id"": ""n1"", ""token"": ""KEEP1X"", ""original"": ""\""100% peanut butter\"""", ""mode"": ""short_marker""}]",quoted_labels_xml_short_marker_v6_saved_response
bakery,qwen3,1001194675,1,2gram,"Two jars and two bowls of light brown peanut butter, displayed on a gray surface.",회색 바탕 위에 놓인 연한 갈색 땅콩버터가 든 항아리 두 개와 그릇 두 개.,,ok,translated,,"<text>Two jars and two bowls of light brown peanut butter, displayed on a gray surface.</text>",<text>회색 바탕 위에 놓인 연한 갈색 땅콩버터가 든 항아리 두 개와 그릇 두 개.</text>,[],quoted_labels_xml_literal_v5
bakery,qwen3,1001194675,1,3gram,"Two jars and two bowls of light brown peanut butter, with labels indicating ""100% peanut butter"" and ""100% peanut butter"" in Korean, displayed on a light gray surface.","밝은 회색 바탕 위에, 한국어로 ‘""100% peanut butter""’와 ‘""100% peanut butter""’라고 적힌 라벨이 붙은 연한 갈색 땅콩버터가 담긴 항아리 두 개와 그릇 두 개가 놓여 있다.",,ok,translated,,"<text>Two jars and two bowls of light brown peanut butter, with labels indicating <keep id=""n0"">KEEP0X</keep> and <keep id=""n1"">KEEP1X</keep> in Korean, displayed on a light gray surface.</text>","<text>밝은 회색 바탕 위에, 한국어로 <keep id=""n0"">‘KEEP0X’</keep>와 <keep id=""n1"">‘KEEP1X’라고</keep> 적힌 라벨이 붙은 연한 갈색 땅콩버터가 담긴 항아리 두 개와 그릇 두 개가 놓여 있다.</text>","[{""id"": ""n0"", ""token"": ""KEEP0X"", ""original"": ""\""100% peanut butter\"""", ""mode"": ""short_marker""}, {""id"": ""n1"", ""token"": ""KEEP1X"", ""original"": ""\""100% peanut butter\"""", ""mode"": ""short_marker""}]",quoted_labels_xml_short_marker_v5
bakery,qwen3,1001194675,2,1gram,"Two jars of peanut butter, one labeled ""100% peanut"" and the other ""100% peanut,"" are shown with two bowls of the spread, one with a wooden spoon.","‘""100% peanut""’라고 적힌 땅콩버터 병 하나와 ‘""100% peanut,""’라고 적힌 병 하나, 그리고 땅콩버터가 담긴 그릇 두 개가 보여지는데, 그중 하나에는 나무 숟가락이 꽂혀 있다.",,ok,translated,,"<text>Two jars of peanut butter, one labeled <keep id=""n0"">KEEP0X</keep> and the other <keep id=""n1"">KEEP1X</keep> are shown with two bowls of the spread, one with a wooden spoon.</text>","<text><keep id=""n0"">‘KEEP0X’라고</keep> 적힌 땅콩버터 병 하나와 <keep id=""n1"">‘KEEP1X’라고</keep> 적힌 병 하나, 그리고 땅콩버터가 담긴 그릇 두 개가 보여지는데, 그중 하나에는 나무 숟가락이 꽂혀 있다.</text>","[{""id"": ""n0"", ""token"": ""KEEP0X"", ""original"": ""\""100% peanut\"""", ""mode"": ""short_marker""}, {""id"": ""n1"", ""token"": ""KEEP1X"", ""original"": ""\""100% peanut,\"""", ""mode"": ""short_marker""}]",quoted_labels_xml_short_marker_v5
bakery,qwen3,1001194675,2,2gram,"Two jars of ""My Normal"" peanut butter, one labeled ""크리미"" (Creamy) and the other ""크린치"" (Crisp), are displayed with two bowls of the spread, one with a wooden spoon.","""My Normal"" 땅콩버터 두 병이 진열되어 있는데, 한 병에는 ""크리미""(크리미), 다른 한 병에는 ""크린치""(크리스프)라고 적혀 있으며, 이 땅콩버터가 담긴 그릇 두 개도 함께 놓여 있는데, 그중 하나에는 나무 숟가락이 꽂혀 있다.",,ok,translated,,"<text>Two jars of <keep id=""n0"">KEEP0X</keep> peanut butter, one labeled <keep id=""n1"">KEEP1X</keep> (Creamy) and the other <keep id=""n2"">KEEP2X</keep> (Crisp), are displayed with two bowls of the spread, one with a wooden spoon.</text>","<text><keep id=""n0"">KEEP0X</keep> 땅콩버터 두 병이 진열되어 있는데, 한 병에는 <keep id=""n1"">KEEP1X</keep>(크리미), 다른 한 병에는 <keep id=""n2"">KEEP2X</keep>(크리스프)라고 적혀 있으며, 이 땅콩버터가 담긴 그릇 두 개도 함께 놓여 있는데, 그중 하나에는 나무 숟가락이 꽂혀 있다.</text>","[{""id"": ""n0"", ""token"": ""KEEP0X"", ""original"": ""\""My Normal\"""", ""mode"": ""short_marker""}, {""id"": ""n1"", ""token"": ""KEEP1X"", ""original"": ""\""크리미\"""", ""mode"": ""short_marker""}, {""id"": ""n2"", ""token"": ""KEEP2X"", ""original"": ""\""크린치\"""", ""mode"": ""short_marker""}]",quoted_labels_xml_short_marker_v5
bakery,qwen3,1001194675,2,3gram,"Two jars of ""My Normal"" peanut butter, each labeled ""100% peanut"" and ""100% peanut"" with a ""My Normal"" logo, are displayed with two white bowls filled with the creamy, golden peanut butter, one with a wooden spoon.","""My Normal"" 땅콩버터 두 병이 ""100% peanut""와 ""100% peanut""라는 라벨과 ""My Normal"" 로고가 붙어 있는 채로, 크리미하고 황금빛을 띤 땅콩버터가 가득 담긴 흰색 그릇 두 개와 함께 진열되어 있으며, 그중 하나에는 나무 숟가락이 꽂혀 있다.",,ok,translated,,"<text>Two jars of <keep id=""n0"">KEEP0X</keep> peanut butter, each labeled <keep id=""n1"">KEEP1X</keep> and <keep id=""n2"">KEEP2X</keep> with a <keep id=""n3"">KEEP3X</keep> logo, are displayed with two white bowls filled with the creamy, golden peanut butter, one with a wooden spoon.</text>","<text><keep id=""n0"">KEEP0X</keep> 땅콩버터 두 병이 <keep id=""n1"">KEEP1X와</keep> <keep id=""n2"">KEEP2X라는</keep> 라벨과 <keep id=""n3"">KEEP3X</keep> 로고가 붙어 있는 채로, 크리미하고 황금빛을 띤 땅콩버터가 가득 담긴 흰색 그릇 두 개와 함께 진열되어 있으며, 그중 하나에는 나무 숟가락이 꽂혀 있다.</text>","[{""id"": ""n0"", ""token"": ""KEEP0X"", ""original"": ""\""My Normal\"""", ""mode"": ""short_marker""}, {""id"": ""n1"", ""token"": ""KEEP1X"", ""original"": ""\""100% peanut\"""", ""mode"": ""short_marker""}, {""id"": ""n2"", ""token"": ""KEEP2X"", ""original"": ""\""100% peanut\"""", ""mode"": ""short_marker""}, {""id"": ""n3"", ""token"": ""KEEP3X"", ""original"": ""\""My Normal\"""", ""mode"": ""short_marker""}]",quoted_labels_xml_short_marker_v5
bakery,qwen3,1001385477,1,1gram,"A collection of six St. Dalfour fruit spreads in glass jars, featuring flavors like Blueberry, Apple & Cinnamon, Raspberry, Mango & Passion Fruit, and Fig Royale, displayed on a light surface with small bowls of jam and a wooden spoon.","블루베리, 사과 & 시나몬, 라즈베리, 망고 & 패션프루트, 피그 로얄 등 다양한 맛의 세인트 달푸르 과일 잼 6종이 유리병에 담겨 있으며, 밝은 색상의 받침대 위에 작은 잼 그릇과 나무 숟가락과 함께 진열되어 있습니다.",,ok,translated,,"<text>A collection of six St. Dalfour fruit spreads in glass jars, featuring flavors like Blueberry, Apple &amp; Cinnamon, Raspberry, Mango &amp; Passion Fruit, and Fig Royale, displayed on a light surface with small bowls of jam and a wooden spoon.</text>","<text>블루베리, 사과 &amp; 시나몬, 라즈베리, 망고 &amp; 패션프루트, 피그 로얄 등 다양한 맛의 세인트 달푸르 과일 잼 6종이 유리병에 담겨 있으며, 밝은 색상의 받침대 위에 작은 잼 그릇과 나무 숟가락과 함께 진열되어 있습니다.</text>",[],quoted_labels_xml_literal_v5
bakery,qwen3,1001385477,1,2gram,"A collection of six St. Dalfour fruit spreads in glass jars, featuring flavors like blueberry, apple & cinnamon, raspberry, mango & passion fruit, and fig royale, displayed on a light surface with small bowls of jam and a wooden spoon.","블루베리, 사과 & 시나몬, 라즈베리, 망고 & 패션프루트, 피그 로얄 등의 맛이 담긴 유리병에 담긴 세인트 달푸르 과일 스프레드 6종 세트로, 밝은 색상의 받침대 위에 작은 잼 그릇과 나무 숟가락과 함께 진열되어 있습니다.",,ok,translated,,"<text>A collection of six St. Dalfour fruit spreads in glass jars, featuring flavors like blueberry, apple &amp; cinnamon, raspberry, mango &amp; passion fruit, and fig royale, displayed on a light surface with small bowls of jam and a wooden spoon.</text>","<text>블루베리, 사과 &amp; 시나몬, 라즈베리, 망고 &amp; 패션프루트, 피그 로얄 등의 맛이 담긴 유리병에 담긴 세인트 달푸르 과일 스프레드 6종 세트로, 밝은 색상의 받침대 위에 작은 잼 그릇과 나무 숟가락과 함께 진열되어 있습니다.</text>",[],quoted_labels_xml_literal_v5
bakery,qwen3,1001385477,1,3gram,"A collection of six St. Dalfour fruit spreads in glass jars, displayed on a light surface with two small bowls of jam and a wooden spoon.","유리병에 담긴 세인트 달푸르 과일 스프레드 6종 세트가, 잼이 담긴 작은 그릇 두 개와 나무 숟가락과 함께 밝은 색상의 받침대 위에 진열되어 있다.",,ok,translated,,"<text>A collection of six St. Dalfour fruit spreads in glass jars, displayed on a light surface with two small bowls of jam and a wooden spoon.</text>","<text>유리병에 담긴 세인트 달푸르 과일 스프레드 6종 세트가, 잼이 담긴 작은 그릇 두 개와 나무 숟가락과 함께 밝은 색상의 받침대 위에 진열되어 있다.</text>",[],quoted_labels_xml_literal_v5
bakery,qwen3,1001385477,2,1gram,"A collection of St Dalfour fruit spreads in various flavors, including Blueberry, Apple & Cinnamon, Fig Royale, Mango & Passion Fruit, and Raspberry, displayed on a light surface with a wooden spoon and bowls of spread.","블루베리, 사과 & 시나몬, 피그 로얄, 망고 & 패션프루트, 라즈베리 등 다양한 맛의 세인트 달푸르 과일 스프레드 제품들이 밝은 색상의 받침대 위에 나무 숟가락과 스프레드가 담긴 그릇들과 함께 진열되어 있습니다.",,ok,translated,,"<text>A collection of St Dalfour fruit spreads in various flavors, including Blueberry, Apple &amp; Cinnamon, Fig Royale, Mango &amp; Passion Fruit, and Raspberry, displayed on a light surface with a wooden spoon and bowls of spread.</text>","<text>블루베리, 사과 &amp; 시나몬, 피그 로얄, 망고 &amp; 패션프루트, 라즈베리 등 다양한 맛의 세인트 달푸르 과일 스프레드 제품들이 밝은 색상의 받침대 위에 나무 숟가락과 스프레드가 담긴 그릇들과 함께 진열되어 있습니다.</text>",[],quoted_labels_xml_literal_v5
bakery,qwen3,1001385477,2,2gram,"A collection of St Dalfour fruit spreads in various flavors, including Blueberry, Apple & Cinnamon, Fig Royale, Mango & Passion Fruit, and Raspberry, displayed on a light surface with a wooden spoon and bowls of spread.","블루베리, 사과 & 시나몬, 피그 로얄, 망고 & 패션프루트, 라즈베리 등 다양한 맛의 세인트 달푸르 과일 스프레드 제품들이 밝은 색상의 받침대 위에 나무 숟가락과 스프레드가 담긴 그릇들과 함께 진열되어 있습니다.",,ok,translated,,"<text>A collection of St Dalfour fruit spreads in various flavors, including Blueberry, Apple &amp; Cinnamon, Fig Royale, Mango &amp; Passion Fruit, and Raspberry, displayed on a light surface with a wooden spoon and bowls of spread.</text>","<text>블루베리, 사과 &amp; 시나몬, 피그 로얄, 망고 &amp; 패션프루트, 라즈베리 등 다양한 맛의 세인트 달푸르 과일 스프레드 제품들이 밝은 색상의 받침대 위에 나무 숟가락과 스프레드가 담긴 그릇들과 함께 진열되어 있습니다.</text>",[],quoted_labels_xml_literal_v5
bakery,qwen3,1001385477,2,3gram,"A collection of St Dalfour fruit spreads in glass jars, featuring various flavors like Blueberry, Apple & Cinnamon, Fig Royale, Mango & Passion Fruit, and Raspberry, displayed on a light surface with a wooden spoon and small bowls.","블루베리, 사과 & 시나몬, 피그 로얄, 망고 & 패션프루트, 라즈베리 등 다양한 맛의 세인트 달푸르 과일 스프레드가 유리병에 담겨 있으며, 나무 숟가락과 작은 그릇과 함께 밝은 색상의 받침대 위에 진열되어 있습니다.",,ok,translated,,"<text>A collection of St Dalfour fruit spreads in glass jars, featuring various flavors like Blueberry, Apple &amp; Cinnamon, Fig Royale, Mango &amp; Passion Fruit, and Raspberry, displayed on a light surface with a wooden spoon and small bowls.</text>","<text>블루베리, 사과 &amp; 시나몬, 피그 로얄, 망고 &amp; 패션프루트, 라즈베리 등 다양한 맛의 세인트 달푸르 과일 스프레드가 유리병에 담겨 있으며, 나무 숟가락과 작은 그릇과 함께 밝은 색상의 받침대 위에 진열되어 있습니다.</text>",[],quoted_labels_xml_literal_v5
bakery,qwen3,1001493094,1,1gram,"Two jars of Nuts Green peanut butter, one smooth and one crunchy, are displayed with two bowls of the spread on a gray surface.","회색 바탕 위에 ‘Nuts Green’ 땅콩버터 두 병(하나는 부드러운 타입, 다른 하나는 바삭한 타입)과 이 땅콩버터를 담은 그릇 두 개가 진열되어 있다.",,ok,translated,,"<text>Two jars of Nuts Green peanut butter, one smooth and one crunchy, are displayed with two bowls of the spread on a gray surface.</text>","<text>회색 바탕 위에 ‘Nuts Green’ 땅콩버터 두 병(하나는 부드러운 타입, 다른 하나는 바삭한 타입)과 이 땅콩버터를 담은 그릇 두 개가 진열되어 있다.</text>",[],quoted_labels_xml_literal_v5
bakery,qwen3,1001493094,1,2gram,"Two jars of Nuts Green peanut butter, one smooth and one crunchy, are displayed with their creamy contents in open bowls on a gray surface.","회색 바탕 위에 ‘Nuts Green’ 땅콩버터 두 병—하나는 부드러운 타입, 다른 하나는 바삭한 타입—이 크림처럼 부드러운 내용물이 담긴 열린 그릇과 함께 진열되어 있다.",,ok,translated,,"<text>Two jars of Nuts Green peanut butter, one smooth and one crunchy, are displayed with their creamy contents in open bowls on a gray surface.</text>","<text>회색 바탕 위에 ‘Nuts Green’ 땅콩버터 두 병—하나는 부드러운 타입, 다른 하나는 바삭한 타입—이 크림처럼 부드러운 내용물이 담긴 열린 그릇과 함께 진열되어 있다.</text>",[],quoted_labels_xml_literal_v5
bakery,qwen3,1001493094,1,3gram,"Two jars of Nuts Green peanut butter, one smooth and one crunchy, are displayed on a gray surface with two bowls of the spread.","회색 바탕 위에 ‘Nuts Green’ 땅콩버터 두 병(하나는 부드러운 타입, 다른 하나는 바삭한 타입)과 이 땅콩버터를 담은 그릇 두 개가 놓여 있다.",,ok,translated,,"<text>Two jars of Nuts Green peanut butter, one smooth and one crunchy, are displayed on a gray surface with two bowls of the spread.</text>","<text>회색 바탕 위에 ‘Nuts Green’ 땅콩버터 두 병(하나는 부드러운 타입, 다른 하나는 바삭한 타입)과 이 땅콩버터를 담은 그릇 두 개가 놓여 있다.</text>",[],quoted_labels_xml_literal_v5
bakery,qwen3,1001493094,2,1gram,"Two jars of ""Nuts Green"" plant-based peanut butter, one smooth and one crunchy, are displayed with bowls of the product on a light gray surface.","밝은 회색 바탕 위에 ""Nuts Green"" 식물성 땅콩버터 두 병(하나는 부드러운 타입, 다른 하나는 크런치 타입)과 이 제품을 담은 그릇들이 진열되어 있다.",,ok,translated,,"<text>Two jars of <keep id=""n0"">KEEP0X</keep> plant-based peanut butter, one smooth and one crunchy, are displayed with bowls of the product on a light gray surface.</text>","<text>밝은 회색 바탕 위에 <keep id=""n0"">KEEP0X</keep> 식물성 땅콩버터 두 병(하나는 부드러운 타입, 다른 하나는 크런치 타입)과 이 제품을 담은 그릇들이 진열되어 있다.</text>","[{""id"": ""n0"", ""token"": ""KEEP0X"", ""original"": ""\""Nuts Green\"""", ""mode"": ""short_marker""}]",quoted_labels_xml_short_marker_v5
bakery,qwen3,1001493094,2,2gram,"Two jars of ""Nuts Green"" plant-based peanut butter, one smooth and one crunchy, are displayed with two bowls of the product on a gray surface.","회색 바탕 위에 ""Nuts Green"" 식물성 땅콩버터 두 병(하나는 부드러운 타입, 다른 하나는 크런치 타입)과 이 제품으로 채워진 그릇 두 개가 진열되어 있다.",,ok,translated,,"<text>Two jars of <keep id=""n0"">KEEP0X</keep> plant-based peanut butter, one smooth and one crunchy, are displayed with two bowls of the product on a gray surface.</text>","<text>회색 바탕 위에 <keep id=""n0"">KEEP0X</keep> 식물성 땅콩버터 두 병(하나는 부드러운 타입, 다른 하나는 크런치 타입)과 이 제품으로 채워진 그릇 두 개가 진열되어 있다.</text>","[{""id"": ""n0"", ""token"": ""KEEP0X"", ""original"": ""\""Nuts Green\"""", ""mode"": ""short_marker""}]",quoted_labels_xml_short_marker_v5
bakery,qwen3,1001493094,2,3gram,"Two jars of ""Nuts Green"" plant-based peanut butter, one smooth and one crunchy, are displayed with two bowls of the product on a gray surface.","회색 바탕 위에 ""Nuts Green"" 식물성 땅콩버터 두 병(하나는 부드러운 타입, 다른 하나는 크런치 타입)과 이 제품으로 채워진 그릇 두 개가 진열되어 있다.",,ok,translated,,"<text>Two jars of <keep id=""n0"">KEEP0X</keep> plant-based peanut butter, one smooth and one crunchy, are displayed with two bowls of the product on a gray surface.</text>","<text>회색 바탕 위에 <keep id=""n0"">KEEP0X</keep> 식물성 땅콩버터 두 병(하나는 부드러운 타입, 다른 하나는 크런치 타입)과 이 제품으로 채워진 그릇 두 개가 진열되어 있다.</text>","[{""id"": ""n0"", ""token"": ""KEEP0X"", ""original"": ""\""Nuts Green\"""", ""mode"": ""short_marker""}]",quoted_labels_xml_short_marker_v5
bakery,qwen3,1001501168,1,1gram,"A flat lay of Artis?e Langue de Chat cookies in three flavors: Milk Cream, Salt Caramel Chocolate, and Milk Chocolate, displayed with their packaging and a small plate of the cookies.","‘Artis?e Langue de Chat’ 쿠키의 세 가지 맛(밀크 크림, 솔트 카라멜 초콜릿, 밀크 초콜릿)을 포장지와 함께 작은 접시에 담아 플랫 레이로 연출한 사진.",,ok,translated,,"<text>A flat lay of Artis?e Langue de Chat cookies in three flavors: Milk Cream, Salt Caramel Chocolate, and Milk Chocolate, displayed with their packaging and a small plate of the cookies.</text>","<text>‘Artis?e Langue de Chat’ 쿠키의 세 가지 맛(밀크 크림, 솔트 카라멜 초콜릿, 밀크 초콜릿)을 포장지와 함께 작은 접시에 담아 플랫 레이로 연출한 사진.</text>",[],quoted_labels_xml_literal_v5
bakery,qwen3,1001501168,1,2gram,"A flat lay of Artisée Langue de Chat cookies in three flavors—Milk Cream, Salt Caramel Chocolate, and Milk Chocolate—arranged with small portions on white plates and in individual wrappers.","‘아르티제(Artisée)’의 ‘랑그 드 샤(Langue de Chat)’ 쿠키 3가지 맛(밀크 크림, 솔트 카라멜 초콜릿, 밀크 초콜릿)을 흰 접시에 소량씩 담아 개별 포장한 상태로 평면 촬영한 사진.",,ok,translated,,"<text>A flat lay of Artisée Langue de Chat cookies in three flavors—Milk Cream, Salt Caramel Chocolate, and Milk Chocolate—arranged with small portions on white plates and in individual wrappers.</text>","<text>‘아르티제(Artisée)’의 ‘랑그 드 샤(Langue de Chat)’ 쿠키 3가지 맛(밀크 크림, 솔트 카라멜 초콜릿, 밀크 초콜릿)을 흰 접시에 소량씩 담아 개별 포장한 상태로 평면 촬영한 사진.</text>",[],quoted_labels_xml_literal_v5
bakery,qwen3,1001501168,1,3gram,"A flat lay of Artisée Langue de Chat cookies in three different flavors—Milk Cream, Salt Caramel Chocolate, and Milk Chocolate—each presented in a distinct colored box and accompanied by a small plate with a cookie and a packet.","‘아르티제(Artisée)’의 ‘랑그 드 샤(Langue de Chat)’ 쿠키 3가지 맛(밀크 크림, 솔트 카라멜 초콜릿, 밀크 초콜릿)을 플랫 레이로 연출한 사진으로, 각 쿠키는 서로 다른 색상의 상자에 담겨 있으며, 쿠키 한 개와 소포장이 담긴 작은 접시가 함께 놓여 있습니다.",,ok,translated,,"<text>A flat lay of Artisée Langue de Chat cookies in three different flavors—Milk Cream, Salt Caramel Chocolate, and Milk Chocolate—each presented in a distinct colored box and accompanied by a small plate with a cookie and a packet.</text>","<text>‘아르티제(Artisée)’의 ‘랑그 드 샤(Langue de Chat)’ 쿠키 3가지 맛(밀크 크림, 솔트 카라멜 초콜릿, 밀크 초콜릿)을 플랫 레이로 연출한 사진으로, 각 쿠키는 서로 다른 색상의 상자에 담겨 있으며, 쿠키 한 개와 소포장이 담긴 작은 접시가 함께 놓여 있습니다.</text>",[],quoted_labels_xml_literal_v5
bakery,qwen3,1001501168,2,1gram,"A top-down photograph of Artisée Langue de Chat cookies, featuring various flavors like Salt-Caramel Chocolate, Milk Chocolate, and Milk Cream, arranged on a light-colored surface with some cookies on a plate and others in individual wrappers.","‘아르티제 랑그 드 샤(Artisée Langue de Chat)’ 쿠키의 위에서 내려다본 사진으로, 솔트 카라멜 초콜릿, 밀크 초콜릿, 밀크 크림 등 다양한 맛의 쿠키들이 밝은 색상의 배경 위에 놓여 있으며, 일부는 접시에 담겨 있고 다른 일부는 개별 포장지에 담겨 있다.",,ok,translated,,"<text>A top-down photograph of Artisée Langue de Chat cookies, featuring various flavors like Salt-Caramel Chocolate, Milk Chocolate, and Milk Cream, arranged on a light-colored surface with some cookies on a plate and others in individual wrappers.</text>","<text>‘아르티제 랑그 드 샤(Artisée Langue de Chat)’ 쿠키의 위에서 내려다본 사진으로, 솔트 카라멜 초콜릿, 밀크 초콜릿, 밀크 크림 등 다양한 맛의 쿠키들이 밝은 색상의 배경 위에 놓여 있으며, 일부는 접시에 담겨 있고 다른 일부는 개별 포장지에 담겨 있다.</text>",[],quoted_labels_xml_literal_v5
bakery,qwen3,1001501168,2,2gram,"A top-down photograph of Artisée Langue de Chat cookies, showcasing their various flavors and textures, arranged on a light-colored surface with some cookies on a plate and others in individual wrappers.","‘아르티제 랑그 드 샤(Artisée Langue de Chat)’ 쿠키를 위에서 내려다본 사진으로, 다양한 맛과 식감을 잘 보여주고 있으며, 밝은 색상의 배경 위에 일부는 접시에 담겨 있고 다른 일부는 개별 포장지에 싸여 진열되어 있다.",,ok,translated,,"<text>A top-down photograph of Artisée Langue de Chat cookies, showcasing their various flavors and textures, arranged on a light-colored surface with some cookies on a plate and others in individual wrappers.</text>","<text>‘아르티제 랑그 드 샤(Artisée Langue de Chat)’ 쿠키를 위에서 내려다본 사진으로, 다양한 맛과 식감을 잘 보여주고 있으며, 밝은 색상의 배경 위에 일부는 접시에 담겨 있고 다른 일부는 개별 포장지에 싸여 진열되어 있다.</text>",[],quoted_labels_xml_literal_v5
bakery,qwen3,1001501168,2,3gram,"A top-down photograph of Artisée Langue de Chat cookies, showcasing their individual packaging and various flavors like Salt-Caramel Chocolate, Milk Chocolate, and Milk Cream, arranged on a light-colored surface with some cookies broken open to reveal their creamy fillings.","아르티제(Artisée)의 ‘랑그 드 샤(Langue de Chat)’ 쿠키를 위에서 내려다본 사진으로, 개별 포장된 쿠키들이 밝은 색상의 표면 위에 진열되어 있으며, 솔트 카라멜 초콜릿, 밀크 초콜릿, 밀크 크림 등 다양한 맛이 담겨 있습니다. 일부 쿠키는 반으로 갈라져 크림 같은 속이 드러나 있습니다.",,ok,translated,,"<text>A top-down photograph of Artisée Langue de Chat cookies, showcasing their individual packaging and various flavors like Salt-Caramel Chocolate, Milk Chocolate, and Milk Cream, arranged on a light-colored surface with some cookies broken open to reveal their creamy fillings.</text>","<text>아르티제(Artisée)의 ‘랑그 드 샤(Langue de Chat)’ 쿠키를 위에서 내려다본 사진으로, 개별 포장된 쿠키들이 밝은 색상의 표면 위에 진열되어 있으며, 솔트 카라멜 초콜릿, 밀크 초콜릿, 밀크 크림 등 다양한 맛이 담겨 있습니다. 일부 쿠키는 반으로 갈라져 크림 같은 속이 드러나 있습니다.</text>",[],quoted_labels_xml_literal_v5
bakery,qwen3,1001556191,1,1gram,"A freshly baked, artisanal bread with a golden crust and a porous, airy interior, sliced and served on a white, oval plate against a neutral, warm background.","갓 구워낸 수제 빵으로, 겉은 황금빛을 띠고 속은 기포가 가득해 폭신폭신한 식감을 자랑하며, 얇게 썰어 중성적이고 따뜻한 색감의 배경 위에 흰색 타원형 접시에 담겨 있다.",,ok,translated,,"<text>A freshly baked, artisanal bread with a golden crust and a porous, airy interior, sliced and served on a white, oval plate against a neutral, warm background.</text>","<text>갓 구워낸 수제 빵으로, 겉은 황금빛을 띠고 속은 기포가 가득해 폭신폭신한 식감을 자랑하며, 얇게 썰어 중성적이고 따뜻한 색감의 배경 위에 흰색 타원형 접시에 담겨 있다.</text>",[],quoted_labels_xml_literal_v5
bakery,qwen3,1001556191,1,2gram,"A rustic, artisanal bread with a cracked, flour-dusted crust and a soft, airy interior, served on a white, ridged plate.","겉면은 갈라진 듯한 모양에 밀가루가 살짝 묻어 있고, 속은 부드럽고 폭신폭신한 소박하고 정성스럽게 만든 수제 빵으로, 흰색의 홈이 파인 접시에 담겨 나옵니다.",,ok,translated,,"<text>A rustic, artisanal bread with a cracked, flour-dusted crust and a soft, airy interior, served on a white, ridged plate.</text>","<text>겉면은 갈라진 듯한 모양에 밀가루가 살짝 묻어 있고, 속은 부드럽고 폭신폭신한 소박하고 정성스럽게 만든 수제 빵으로, 흰색의 홈이 파인 접시에 담겨 나옵니다.</text>",[],quoted_labels_xml_literal_v5
bakery,qwen3,1001556191,1,3gram,"A rustic, artisanal loaf of bread with a cracked, flour-dusted crust and a airy, porous interior, served on a white oval plate.","겉면은 갈라지고 밀가루가 살짝 묻어 있으며, 속은 공기가 가득 차고 구멍이 숭숭 뚫린 소박하고 수제 풍미의 빵 한 덩어리가 흰색 타원형 접시에 담겨 나옵니다.",,ok,translated,,"<text>A rustic, artisanal loaf of bread with a cracked, flour-dusted crust and a airy, porous interior, served on a white oval plate.</text>","<text>겉면은 갈라지고 밀가루가 살짝 묻어 있으며, 속은 공기가 가득 차고 구멍이 숭숭 뚫린 소박하고 수제 풍미의 빵 한 덩어리가 흰색 타원형 접시에 담겨 나옵니다.</text>",[],quoted_labels_xml_literal_v5
bakery,qwen3,1001556191,2,1gram,"A freshly baked, artisanal loaf of bread with a golden-brown crust and a porous, airy interior, sliced and served on a white plate.","갓 구워낸 수제 빵 한 덩어리로, 겉은 황금빛 갈색을 띠고 속은 기포가 가득해 폭신폭신한 이 빵을 얇게 썰어 하얀 접시에 담아 낸 모습이다.",,ok,translated,,"<text>A freshly baked, artisanal loaf of bread with a golden-brown crust and a porous, airy interior, sliced and served on a white plate.</text>","<text>갓 구워낸 수제 빵 한 덩어리로, 겉은 황금빛 갈색을 띠고 속은 기포가 가득해 폭신폭신한 이 빵을 얇게 썰어 하얀 접시에 담아 낸 모습이다.</text>",[],quoted_labels_xml_literal_v5
bakery,qwen3,1001556191,2,2gram,"A freshly baked, artisanal loaf of bread with a golden crust and a porous, airy interior, sliced and served on a white plate.","갓 구워낸 수제 빵 한 덩어리로, 겉은 황금빛 껍질이 있고 속은 기포가 가득해 폭신폭신한 이 빵을 얇게 썰어 하얀 접시에 담아 낸 모습.",,ok,translated,,"<text>A freshly baked, artisanal loaf of bread with a golden crust and a porous, airy interior, sliced and served on a white plate.</text>","<text>갓 구워낸 수제 빵 한 덩어리로, 겉은 황금빛 껍질이 있고 속은 기포가 가득해 폭신폭신한 이 빵을 얇게 썰어 하얀 접시에 담아 낸 모습.</text>",[],quoted_labels_xml_literal_v5
bakery,qwen3,1001556191,2,3gram,"A freshly baked, artisanal loaf of bread with a golden-brown crust and a porous, airy interior, sliced and served on a white plate.","갓 구워낸 수제 빵 한 덩어리로, 겉은 황금빛 갈색을 띠고 속은 기포가 가득해 폭신폭신한 이 빵을 얇게 썰어 하얀 접시에 담아 낸 모습이다.",,ok,translated,,"<text>A freshly baked, artisanal loaf of bread with a golden-brown crust and a porous, airy interior, sliced and served on a white plate.</text>","<text>갓 구워낸 수제 빵 한 덩어리로, 겉은 황금빛 갈색을 띠고 속은 기포가 가득해 폭신폭신한 이 빵을 얇게 썰어 하얀 접시에 담아 낸 모습이다.</text>",[],quoted_labels_xml_literal_v5
bakery,qwen3,1001737663,1,1gram,"A round, white mousse cake with a vibrant orange jelly topping sits on a marble board, with a slice on a plate and a pink and white box labeled ""JOSUN DELI"" in the background.","생기 넘치는 주황색 젤리가 얹어진 둥근 흰색 무스 케이크가 대리석 판 위에 놓여 있고, 접시에는 케이크 한 조각이 담겨 있으며, 배경에는 ‘""JOSUN DELI""’라고 적힌 분홍색과 흰색 상자가 보인다.",,ok,translated,,"<text>A round, white mousse cake with a vibrant orange jelly topping sits on a marble board, with a slice on a plate and a pink and white box labeled <keep id=""n0"">KEEP0X</keep> in the background.</text>","<text>생기 넘치는 주황색 젤리가 얹어진 둥근 흰색 무스 케이크가 대리석 판 위에 놓여 있고, 접시에는 케이크 한 조각이 담겨 있으며, 배경에는 <keep id=""n0"">‘KEEP0X’라고</keep> 적힌 분홍색과 흰색 상자가 보인다.</text>","[{""id"": ""n0"", ""token"": ""KEEP0X"", ""original"": ""\""JOSUN DELI\"""", ""mode"": ""short_marker""}]",quoted_labels_xml_short_marker_v5
bakery,qwen3,1001737663,1,2gram,"A round, white mousse cake with a vibrant orange glaze and a slice served on a white plate, presented on a marble slab with a pink and white marble-patterned box labeled ""JOSUN DELI"" in the background.","생기 넘치는 주황색 글레이즈가 얹어진 둥근 흰색 무스 케이크 한 조각이 흰색 접시에 담겨 있으며, 대리석 판 위에 놓여 있고, 배경에는 ‘""JOSUN DELI""’라고 적힌 분홍색과 흰색 대리석 무늬 상자가 보인다.",,ok,translated,,"<text>A round, white mousse cake with a vibrant orange glaze and a slice served on a white plate, presented on a marble slab with a pink and white marble-patterned box labeled <keep id=""n0"">KEEP0X</keep> in the background.</text>","<text>생기 넘치는 주황색 글레이즈가 얹어진 둥근 흰색 무스 케이크 한 조각이 흰색 접시에 담겨 있으며, 대리석 판 위에 놓여 있고, 배경에는 <keep id=""n0"">‘KEEP0X’라고</keep> 적힌 분홍색과 흰색 대리석 무늬 상자가 보인다.</text>","[{""id"": ""n0"", ""token"": ""KEEP0X"", ""original"": ""\""JOSUN DELI\"""", ""mode"": ""short_marker""}]",quoted_labels_xml_short_marker_v5
bakery,qwen3,1001737663,1,3gram,"A round, white-frosted cake with a vibrant orange glaze and a slice served on a white plate, presented on a marble slab next to a pink and white ""JOSUN DELI"" box.","생기 넘치는 오렌지색 글레이즈가 입혀진 둥근 흰색 프로스팅 케이크 한 조각이 흰색 접시에 담겨, 분홍색과 흰색의 ""JOSUN DELI"" 상자 옆의 대리석 판 위에 놓여 있다.",,ok,translated,,"<text>A round, white-frosted cake with a vibrant orange glaze and a slice served on a white plate, presented on a marble slab next to a pink and white <keep id=""n0"">KEEP0X</keep> box.</text>","<text>생기 넘치는 오렌지색 글레이즈가 입혀진 둥근 흰색 프로스팅 케이크 한 조각이 흰색 접시에 담겨, 분홍색과 흰색의 <keep id=""n0"">KEEP0X</keep> 상자 옆의 대리석 판 위에 놓여 있다.</text>","[{""id"": ""n0"", ""token"": ""KEEP0X"", ""original"": ""\""JOSUN DELI\"""", ""mode"": ""short_marker""}]",quoted_labels_xml_short_marker_v5
bakery,qwen3,1001737663,2,1gram,"A round, white cake with a vibrant orange jelly topping sits on a marble board, with a single slice served on a white plate, showcasing its layered interior.","생기 넘치는 주황색 젤리가 얹어진 둥근 흰색 케이크가 대리석 판 위에 놓여 있고, 흰색 접시에는 한 조각이 담겨 있어 층층이 쌓인 속이 잘 드러나 있다.",,ok,translated,,"<text>A round, white cake with a vibrant orange jelly topping sits on a marble board, with a single slice served on a white plate, showcasing its layered interior.</text>","<text>생기 넘치는 주황색 젤리가 얹어진 둥근 흰색 케이크가 대리석 판 위에 놓여 있고, 흰색 접시에는 한 조각이 담겨 있어 층층이 쌓인 속이 잘 드러나 있다.</text>",[],quoted_labels_xml_literal_v5
bakery,qwen3,1001737663,2,2gram,"A round, white, creamy cake with a vibrant orange jelly topping, served with a single slice on a white plate, showcasing its layered interior and smooth texture.","생기 넘치는 주황색 젤리가 얹어진 둥글고 하얗고 크림 같은 케이크로, 흰 접시에 한 조각이 담겨 나와 층층이 쌓인 속과 부드러운 식감을 잘 드러내고 있다.",,ok,translated,,"<text>A round, white, creamy cake with a vibrant orange jelly topping, served with a single slice on a white plate, showcasing its layered interior and smooth texture.</text>","<text>생기 넘치는 주황색 젤리가 얹어진 둥글고 하얗고 크림 같은 케이크로, 흰 접시에 한 조각이 담겨 나와 층층이 쌓인 속과 부드러운 식감을 잘 드러내고 있다.</text>",[],quoted_labels_xml_literal_v5
bakery,qwen3,1001737663,2,3gram,"A round, white, creamy cake with a vibrant orange jelly topping sits on a marble board, with a single slice cut and served on a white plate, showcasing its layered interior.","생기 넘치는 주황색 젤리가 얹어진 둥글고 하얗고 크림 같은 케이크가 대리석 판 위에 놓여 있으며, 한 조각이 잘려 흰 접시에 담겨 그 층층이 쌓인 속을 드러내고 있다.",,ok,translated,,"<text>A round, white, creamy cake with a vibrant orange jelly topping sits on a marble board, with a single slice cut and served on a white plate, showcasing its layered interior.</text>","<text>생기 넘치는 주황색 젤리가 얹어진 둥글고 하얗고 크림 같은 케이크가 대리석 판 위에 놓여 있으며, 한 조각이 잘려 흰 접시에 담겨 그 층층이 쌓인 속을 드러내고 있다.</text>",[],quoted_labels_xml_literal_v5
bakery,qwen3,1001737665,1,1gram,"A chocolate cake with a white marble box and a slice on a white plate, both on a marble surface.","흰색 대리석 상자 위에 놓인 초콜릿 케이크와 흰색 접시에 담긴 케이크 한 조각이, 둘 다 대리석 표면 위에 놓여 있다.",,ok,translated,,"<text>A chocolate cake with a white marble box and a slice on a white plate, both on a marble surface.</text>","<text>흰색 대리석 상자 위에 놓인 초콜릿 케이크와 흰색 접시에 담긴 케이크 한 조각이, 둘 다 대리석 표면 위에 놓여 있다.</text>",[],quoted_labels_xml_literal_v5
bakery,qwen3,1001737665,1,2gram,"A chocolate cake with a slice cut out, topped with berries and chocolate shavings, sits on a marble plate next to a white marble box with a marbled design, all set against a neutral gray background.","한 조각이 잘려 나간 초콜릿 케이크 위에 베리와 초콜릿 가루가 올려져 있으며, 이 케이크는 대리석 무늬가 들어간 흰색 대리석 상자 옆의 대리석 접시 위에 놓여 있고, 이 모든 것이 중성적인 회색 배경을 배경으로 펼쳐져 있다.",,ok,translated,,"<text>A chocolate cake with a slice cut out, topped with berries and chocolate shavings, sits on a marble plate next to a white marble box with a marbled design, all set against a neutral gray background.</text>","<text>한 조각이 잘려 나간 초콜릿 케이크 위에 베리와 초콜릿 가루가 올려져 있으며, 이 케이크는 대리석 무늬가 들어간 흰색 대리석 상자 옆의 대리석 접시 위에 놓여 있고, 이 모든 것이 중성적인 회색 배경을 배경으로 펼쳐져 있다.</text>",[],quoted_labels_xml_literal_v5
bakery,qwen3,1001737665,1,3gram,"A chocolate cake with a slice cut out, topped with berries and chocolate shavings, sits on a marble plate next to a white marble box with a marbled design, all set against a neutral gray background.","한 조각이 잘려 나간 초콜릿 케이크 위에 베리와 초콜릿 가루가 올려져 있으며, 이 케이크는 대리석 무늬가 들어간 흰색 대리석 상자 옆의 대리석 접시 위에 놓여 있고, 이 모든 것이 중성적인 회색 배경을 배경으로 펼쳐져 있다.",,ok,translated,,"<text>A chocolate cake with a slice cut out, topped with berries and chocolate shavings, sits on a marble plate next to a white marble box with a marbled design, all set against a neutral gray background.</text>","<text>한 조각이 잘려 나간 초콜릿 케이크 위에 베리와 초콜릿 가루가 올려져 있으며, 이 케이크는 대리석 무늬가 들어간 흰색 대리석 상자 옆의 대리석 접시 위에 놓여 있고, 이 모든 것이 중성적인 회색 배경을 배경으로 펼쳐져 있다.</text>",[],quoted_labels_xml_literal_v5
bakery,qwen3,1001737665,2,1gram,"A large, rich chocolate cake with a chocolate shavings topping and fresh berries, served with a slice on a white plate.",초콜릿 가루를 뿌리고 신선한 베리를 곁들인 크고 풍미 가득한 초콜릿 케이크 한 조각을 흰 접시에 담아 낸 모습.,,ok,translated,,"<text>A large, rich chocolate cake with a chocolate shavings topping and fresh berries, served with a slice on a white plate.</text>",<text>초콜릿 가루를 뿌리고 신선한 베리를 곁들인 크고 풍미 가득한 초콜릿 케이크 한 조각을 흰 접시에 담아 낸 모습.</text>,[],quoted_labels_xml_literal_v5
bakery,qwen3,1001737665,2,2gram,"A large, round chocolate cake with a chocolate shavings topping and a slice served on a white plate, featuring a layered interior with fruit and cream.","초콜릿 부스러기가 얹어진 크고 둥근 초콜릿 케이크 한 조각이 흰 접시에 담겨 있으며, 내부에는 과일과 크림이 층층이 쌓여 있다.",,ok,translated,,"<text>A large, round chocolate cake with a chocolate shavings topping and a slice served on a white plate, featuring a layered interior with fruit and cream.</text>","<text>초콜릿 부스러기가 얹어진 크고 둥근 초콜릿 케이크 한 조각이 흰 접시에 담겨 있으며, 내부에는 과일과 크림이 층층이 쌓여 있다.</text>",[],quoted_labels_xml_literal_v5
bakery,qwen3,1001737665,2,3gram,"A large, round chocolate cake with a chocolate shavings topping and fresh berries, served with a slice on a white plate, showcasing its layered interior.","초콜릿 부스러기와 신선한 베리를 얹은 크고 둥근 초콜릿 케이크로, 흰 접시에 한 조각이 담겨 있어 층층이 쌓인 속이 잘 드러나 있습니다.",,ok,translated,,"<text>A large, round chocolate cake with a chocolate shavings topping and fresh berries, served with a slice on a white plate, showcasing its layered interior.</text>","<text>초콜릿 부스러기와 신선한 베리를 얹은 크고 둥근 초콜릿 케이크로, 흰 접시에 한 조각이 담겨 있어 층층이 쌓인 속이 잘 드러나 있습니다.</text>",[],quoted_labels_xml_literal_v5
bakery,qwen3,1002104461,1,1gram,"A white box and several individually wrapped ""Butter & Shelter"" cookies are displayed on a dark green surface, with a plate of the cookies and a few loose ones, accompanied by the text ""Enjoy your coffee and bread.""","짙은 녹색 바탕 위에 흰색 상자와 개별 포장된 ""Butter & Shelter"" 쿠키 여러 개가 놓여 있으며, 쿠키가 담긴 접시와 흩어져 있는 쿠키 몇 개가 함께 있고, 그 옆에는 ‘""Enjoy your coffee and bread.""’라는 문구가 적혀 있다.",,ok,translated,,"<text>A white box and several individually wrapped <keep id=""n0"">KEEP0X</keep> cookies are displayed on a dark green surface, with a plate of the cookies and a few loose ones, accompanied by the text <keep id=""n1"">KEEP1X</keep></text>","<text>짙은 녹색 바탕 위에 흰색 상자와 개별 포장된 <keep id=""n0"">KEEP0X</keep> 쿠키 여러 개가 놓여 있으며, 쿠키가 담긴 접시와 흩어져 있는 쿠키 몇 개가 함께 있고, 그 옆에는 <keep id=""n1"">‘KEEP1X’라는</keep> 문구가 적혀 있다.</text>","[{""id"": ""n0"", ""token"": ""KEEP0X"", ""original"": ""\""Butter & Shelter\"""", ""mode"": ""short_marker""}, {""id"": ""n1"", ""token"": ""KEEP1X"", ""original"": ""\""Enjoy your coffee and bread.\"""", ""mode"": ""short_marker""}]",quoted_labels_xml_short_marker_v5
bakery,qwen3,1002104461,1,2gram,"A white box and several individually wrapped ""Butter & Shelter"" cookies are displayed on a green surface, with a plate of the cookies and a few loose ones, suggesting a cozy, indulgent treat.","초록색 바탕 위에 흰색 상자와 개별 포장된 ""Butter & Shelter"" 쿠키 여러 개가 놓여 있으며, 쿠키가 담긴 접시와 흩어져 있는 쿠키 몇 개가 어우러져 아늑하고 풍성한 간식 분위기를 자아냅니다.",,ok,translated,,"<text>A white box and several individually wrapped <keep id=""n0"">KEEP0X</keep> cookies are displayed on a green surface, with a plate of the cookies and a few loose ones, suggesting a cozy, indulgent treat.</text>","<text>초록색 바탕 위에 흰색 상자와 개별 포장된 <keep id=""n0"">KEEP0X</keep> 쿠키 여러 개가 놓여 있으며, 쿠키가 담긴 접시와 흩어져 있는 쿠키 몇 개가 어우러져 아늑하고 풍성한 간식 분위기를 자아냅니다.</text>","[{""id"": ""n0"", ""token"": ""KEEP0X"", ""original"": ""\""Butter & Shelter\"""", ""mode"": ""short_marker""}]",quoted_labels_xml_short_marker_v5
bakery,qwen3,1002104461,1,3gram,"A white box and several individually wrapped ""Butter & Shelter"" cookies are displayed on a green surface, with a plate of assorted cookies and a few loose ones, all suggesting a cozy, coffee-and-bread-themed treat.","초록색 바탕 위에 흰색 상자와 개별 포장된 ""Butter & Shelter"" 쿠키 몇 개가 놓여 있고, 그 옆에는 다양한 종류의 쿠키가 담긴 접시와 흩어져 있는 쿠키 몇 개가 함께 놓여 있어, 아늑한 ‘커피와 빵’을 테마로 한 간식 분위기를 자아냅니다.",,ok,translated,,"<text>A white box and several individually wrapped <keep id=""n0"">KEEP0X</keep> cookies are displayed on a green surface, with a plate of assorted cookies and a few loose ones, all suggesting a cozy, coffee-and-bread-themed treat.</text>","<text>초록색 바탕 위에 흰색 상자와 개별 포장된 <keep id=""n0"">KEEP0X</keep> 쿠키 몇 개가 놓여 있고, 그 옆에는 다양한 종류의 쿠키가 담긴 접시와 흩어져 있는 쿠키 몇 개가 함께 놓여 있어, 아늑한 ‘커피와 빵’을 테마로 한 간식 분위기를 자아냅니다.</text>","[{""id"": ""n0"", ""token"": ""KEEP0X"", ""original"": ""\""Butter & Shelter\"""", ""mode"": ""short_marker""}]",quoted_labels_xml_short_marker_v5
bakery,qwen3,1002104461,2,1gram,"A white plate with a green rim holds several golden-brown, rectangular cookies with a creamy filling and a caramel drizzle, arranged in a casual, appealing manner on a dark green surface.","초록색 테두리가 있는 흰색 접시 위에는 크림이 샌드된 황금빛 갈색의 직사각형 쿠키 몇 개가 카라멜 시럽을 뿌린 채, 짙은 초록색 바탕 위에 자연스럽고 매력적으로 놓여 있다.",,ok,translated,,"<text>A white plate with a green rim holds several golden-brown, rectangular cookies with a creamy filling and a caramel drizzle, arranged in a casual, appealing manner on a dark green surface.</text>","<text>초록색 테두리가 있는 흰색 접시 위에는 크림이 샌드된 황금빛 갈색의 직사각형 쿠키 몇 개가 카라멜 시럽을 뿌린 채, 짙은 초록색 바탕 위에 자연스럽고 매력적으로 놓여 있다.</text>",[],quoted_labels_xml_literal_v5
bakery,qwen3,1002104461,2,2gram,"A white plate with a green rim holds several golden-brown, rectangular cookies with a fluted edge, some stacked and others laid out, revealing a creamy white filling and a caramel-like topping.","초록색 테두리가 있는 흰색 접시 위에는 가장자리가 주름진 황금빛 갈색의 직사각형 쿠키 여러 개가 놓여 있는데, 일부는 쌓여 있고 일부는 나란히 놓여 있어 크림색의 흰색 속과 캐러멜 같은 토핑이 드러나 있다.",,ok,translated,,"<text>A white plate with a green rim holds several golden-brown, rectangular cookies with a fluted edge, some stacked and others laid out, revealing a creamy white filling and a caramel-like topping.</text>","<text>초록색 테두리가 있는 흰색 접시 위에는 가장자리가 주름진 황금빛 갈색의 직사각형 쿠키 여러 개가 놓여 있는데, 일부는 쌓여 있고 일부는 나란히 놓여 있어 크림색의 흰색 속과 캐러멜 같은 토핑이 드러나 있다.</text>",[],quoted_labels_xml_literal_v5
bakery,qwen3,1002104461,2,3gram,"A white plate with a green rim holds several golden-brown, rectangular cookies with a fluted edge, some stacked and others cut in half to reveal a creamy white filling and a caramel-like topping.","초록색 테두리가 있는 흰색 접시 위에는 가장자리가 물결 모양으로 처리된 황금빛 갈색의 직사각형 쿠키 여러 개가 놓여 있는데, 일부는 겹쳐져 있고, 다른 일부는 반으로 잘려 크림색의 흰색 속과 캐러멜 같은 토핑이 드러나 있다.",,ok,translated,,"<text>A white plate with a green rim holds several golden-brown, rectangular cookies with a fluted edge, some stacked and others cut in half to reveal a creamy white filling and a caramel-like topping.</text>","<text>초록색 테두리가 있는 흰색 접시 위에는 가장자리가 물결 모양으로 처리된 황금빛 갈색의 직사각형 쿠키 여러 개가 놓여 있는데, 일부는 겹쳐져 있고, 다른 일부는 반으로 잘려 크림색의 흰색 속과 캐러멜 같은 토핑이 드러나 있다.</text>",[],quoted_labels_xml_literal_v5
bakery,qwen3,1002202568,1,1gram,"A white box and three individual packets of ""Nuts Green"" peanut butter smoothie, each labeled with Korean text and featuring illustrations of peanuts.","흰색 상자와 ""Nuts Green"" 땅콩 버터 스무디 개별 포장 3개. 각 포장에는 한국어 문구가 적혀 있고 땅콩 일러스트가 그려져 있다.",,ok,translated,,"<text>A white box and three individual packets of <keep id=""n0"">KEEP0X</keep> peanut butter smoothie, each labeled with Korean text and featuring illustrations of peanuts.</text>","<text>흰색 상자와 <keep id=""n0"">KEEP0X</keep> 땅콩 버터 스무디 개별 포장 3개. 각 포장에는 한국어 문구가 적혀 있고 땅콩 일러스트가 그려져 있다.</text>","[{""id"": ""n0"", ""token"": ""KEEP0X"", ""original"": ""\""Nuts Green\"""", ""mode"": ""short_marker""}]",quoted_labels_xml_short_marker_v5
bakery,qwen3,1002202568,1,2gram,"Three individual packets of a smooth peanut butter product are displayed on a gray surface, with the product's box positioned below them.","회색 바탕 위에 부드러운 땅콩버터 제품 3개의 개별 포장지가 놓여 있고, 그 아래에는 제품 상자가 놓여 있다.",,ok,translated,,"<text>Three individual packets of a smooth peanut butter product are displayed on a gray surface, with the product's box positioned below them.</text>","<text>회색 바탕 위에 부드러운 땅콩버터 제품 3개의 개별 포장지가 놓여 있고, 그 아래에는 제품 상자가 놓여 있다.</text>",[],quoted_labels_xml_literal_v5
bakery,qwen3,1002202568,1,3gram,"Three individual packets of a peanut butter smoothie product are displayed above a larger box, which contains the same product.",더 큰 상자 위에는 같은 제품이 들어 있는 땅콩버터 스무디 제품 3개의 개별 포장지가 진열되어 있습니다.,,ok,translated,,"<text>Three individual packets of a peanut butter smoothie product are displayed above a larger box, which contains the same product.</text>",<text>더 큰 상자 위에는 같은 제품이 들어 있는 땅콩버터 스무디 제품 3개의 개별 포장지가 진열되어 있습니다.</text>,[],quoted_labels_xml_literal_v5
bakery,qwen3,1002202568,2,1gram,"A white packet of ""Nuts Green"" smooth peanut butter, labeled as 100% Korean peanut butter, is shown next to a white plate with a creamy, light brown peanut butter spread.","‘100% 한국산 땅콩버터’라고 표시된 ""Nuts Green"" 스무스 땅콩버터의 흰색 포장지가, 크림처럼 부드럽고 연한 갈색의 땅콩버터가 발라진 흰색 접시 옆에 놓여 있다.",,ok,translated,,"<text>A white packet of <keep id=""n0"">KEEP0X</keep> smooth peanut butter, labeled as 100% Korean peanut butter, is shown next to a white plate with a creamy, light brown peanut butter spread.</text>","<text>‘100% 한국산 땅콩버터’라고 표시된 <keep id=""n0"">KEEP0X</keep> 스무스 땅콩버터의 흰색 포장지가, 크림처럼 부드럽고 연한 갈색의 땅콩버터가 발라진 흰색 접시 옆에 놓여 있다.</text>","[{""id"": ""n0"", ""token"": ""KEEP0X"", ""original"": ""\""Nuts Green\"""", ""mode"": ""short_marker""}]",quoted_labels_xml_short_marker_v5
bakery,qwen3,1002202568,2,2gram,"A white packet of ""Nuts Green"" smooth peanut butter, labeled ""100% Korean Peanut"" and ""Vegan,"" sits next to a white bowl filled with the creamy, light-brown spread.","‘""Nuts Green""’ 스무스 땅콩버터가 들어 있는 흰색 포장지 위에 ‘""100% Korean Peanut""’와 ‘""Vegan,""’라고 적혀 있으며, 그 옆에는 크림처럼 부드럽고 연한 갈색의 땅콩버터가 가득 담긴 흰색 그릇이 놓여 있다.",,ok,translated,,"<text>A white packet of <keep id=""n0"">KEEP0X</keep> smooth peanut butter, labeled <keep id=""n1"">KEEP1X</keep> and <keep id=""n2"">KEEP2X</keep> sits next to a white bowl filled with the creamy, light-brown spread.</text>","<text><keep id=""n0"">‘KEEP0X’</keep> 스무스 땅콩버터가 들어 있는 흰색 포장지 위에 <keep id=""n1"">‘KEEP1X’</keep>와 <keep id=""n2"">‘KEEP2X’라고</keep> 적혀 있으며, 그 옆에는 크림처럼 부드럽고 연한 갈색의 땅콩버터가 가득 담긴 흰색 그릇이 놓여 있다.</text>","[{""id"": ""n0"", ""token"": ""KEEP0X"", ""original"": ""\""Nuts Green\"""", ""mode"": ""short_marker""}, {""id"": ""n1"", ""token"": ""KEEP1X"", ""original"": ""\""100% Korean Peanut\"""", ""mode"": ""short_marker""}, {""id"": ""n2"", ""token"": ""KEEP2X"", ""original"": ""\""Vegan,\"""", ""mode"": ""short_marker""}]",quoted_labels_xml_short_marker_v5
bakery,qwen3,1002202568,2,3gram,"A white packet of ""Nuts Green"" smooth peanut butter, labeled ""100% Korean Peanut"" and ""Vegan,"" sits next to a white plate with a swirl of creamy, light-brown peanut butter.","‘""Nuts Green""’ 스무스 땅콩버터가 들어 있는 흰색 포장지(라벨에 ‘""100% Korean Peanut""’와 ‘""Vegan,""’라고 적혀 있음)가, 크림처럼 부드럽고 연한 갈색의 땅콩버터가 소용돌이 모양으로 담긴 흰색 접시 옆에 놓여 있다.",,ok,translated,,"<text>A white packet of <keep id=""n0"">KEEP0X</keep> smooth peanut butter, labeled <keep id=""n1"">KEEP1X</keep> and <keep id=""n2"">KEEP2X</keep> sits next to a white plate with a swirl of creamy, light-brown peanut butter.</text>","<text><keep id=""n0"">‘KEEP0X’</keep> 스무스 땅콩버터가 들어 있는 흰색 포장지(라벨에 <keep id=""n1"">‘KEEP1X’</keep>와 <keep id=""n2"">‘KEEP2X’라고</keep> 적혀 있음)가, 크림처럼 부드럽고 연한 갈색의 땅콩버터가 소용돌이 모양으로 담긴 흰색 접시 옆에 놓여 있다.</text>","[{""id"": ""n0"", ""token"": ""KEEP0X"", ""original"": ""\""Nuts Green\"""", ""mode"": ""short_marker""}, {""id"": ""n1"", ""token"": ""KEEP1X"", ""original"": ""\""100% Korean Peanut\"""", ""mode"": ""short_marker""}, {""id"": ""n2"", ""token"": ""KEEP2X"", ""original"": ""\""Vegan,\"""", ""mode"": ""short_marker""}]",quoted_labels_xml_short_marker_v5
bakery,qwen3,5003416,1,1gram,"A black box of 16 mini tartlets, each with a different filling like jam, banana, and nuts, arranged in a grid, with one opened tartlet on a small plate and a striped cloth nearby.","잼, 바나나, 견과류 등 각각 다른 속재료를 담은 16개의 미니 타르트가 격자 모양으로 배열된 검은색 상자와, 작은 접시 위에 뚜껑이 열린 타르트 하나, 그리고 그 옆에 줄무늬 천이 놓여 있다.",,ok,translated,,"<text>A black box of 16 mini tartlets, each with a different filling like jam, banana, and nuts, arranged in a grid, with one opened tartlet on a small plate and a striped cloth nearby.</text>","<text>잼, 바나나, 견과류 등 각각 다른 속재료를 담은 16개의 미니 타르트가 격자 모양으로 배열된 검은색 상자와, 작은 접시 위에 뚜껑이 열린 타르트 하나, 그리고 그 옆에 줄무늬 천이 놓여 있다.</text>",[],quoted_labels_xml_literal_v5
bakery,qwen3,5003416,1,2gram,"A black box of assorted mini pastries, each with a different filling and topping, is displayed on a dark surface with a striped cloth, with one pastry on a small plate and a box with a design on it.","각기 다른 속재료와 토핑이 들어간 다양한 미니 페이스트리가 담긴 검은색 상자가 줄무늬 천이 깔린 어두운 배경 위에 놓여 있으며, 작은 접시에는 페이스트리 하나가 담겨 있고, 무늬가 그려진 상자도 함께 놓여 있다.",,ok,translated,,"<text>A black box of assorted mini pastries, each with a different filling and topping, is displayed on a dark surface with a striped cloth, with one pastry on a small plate and a box with a design on it.</text>","<text>각기 다른 속재료와 토핑이 들어간 다양한 미니 페이스트리가 담긴 검은색 상자가 줄무늬 천이 깔린 어두운 배경 위에 놓여 있으며, 작은 접시에는 페이스트리 하나가 담겨 있고, 무늬가 그려진 상자도 함께 놓여 있다.</text>",[],quoted_labels_xml_literal_v5
bakery,qwen3,5003416,1,3gram,"A black box containing a grid of 16 mini tarts, each with a different topping, is displayed on a dark, textured surface with a striped cloth, and a small plate with a broken tart and a fork.","각각 다른 토핑이 올려진 16개의 미니 타르트가 격자 모양으로 배열된 검은색 상자가, 줄무늬 천이 깔린 어두운 질감의 표면 위에 놓여 있으며, 그 옆에는 부서진 타르트와 포크가 담긴 작은 접시가 놓여 있다.",,ok,translated,,"<text>A black box containing a grid of 16 mini tarts, each with a different topping, is displayed on a dark, textured surface with a striped cloth, and a small plate with a broken tart and a fork.</text>","<text>각각 다른 토핑이 올려진 16개의 미니 타르트가 격자 모양으로 배열된 검은색 상자가, 줄무늬 천이 깔린 어두운 질감의 표면 위에 놓여 있으며, 그 옆에는 부서진 타르트와 포크가 담긴 작은 접시가 놓여 있다.</text>",[],quoted_labels_xml_literal_v5
bakery,qwen3,5003416,2,1gram,"A black box of 16 assorted mini pastries from ""Le Chateau de Ma Vie"" is displayed on a dark surface with a striped cloth, one pastry on a small plate with a fork.","""Le Chateau de Ma Vie""의 16가지 미니 페이스트리가 들어 있는 검은색 상자가 줄무늬 천이 깔린 어두운 배경 위에 놓여 있으며, 작은 접시에는 페이스트리 한 개와 포크가 함께 담겨 있다.",,ok,translated,,"<text>A black box of 16 assorted mini pastries from <keep id=""n0"">KEEP0X</keep> is displayed on a dark surface with a striped cloth, one pastry on a small plate with a fork.</text>","<text><keep id=""n0"">KEEP0X의</keep> 16가지 미니 페이스트리가 들어 있는 검은색 상자가 줄무늬 천이 깔린 어두운 배경 위에 놓여 있으며, 작은 접시에는 페이스트리 한 개와 포크가 함께 담겨 있다.</text>","[{""id"": ""n0"", ""token"": ""KEEP0X"", ""original"": ""\""Le Chateau de Ma Vie\"""", ""mode"": ""short_marker""}]",quoted_labels_xml_short_marker_v5
bakery,qwen3,5003416,2,2gram,"A black box of 16 assorted mini pastries, each with a different filling and topping, sits on a dark surface with a blue and white striped cloth, one pastry on a small plate with a fork.","각기 다른 속재료와 토핑이 들어간 16개의 다양한 미니 페이스트리가 담긴 검은색 상자가, 파란색과 흰색 줄무늬 천이 깔린 어두운 표면 위에 놓여 있으며, 작은 접시 하나에는 페이스트리 한 개와 포크가 함께 놓여 있다.",,ok,translated,,"<text>A black box of 16 assorted mini pastries, each with a different filling and topping, sits on a dark surface with a blue and white striped cloth, one pastry on a small plate with a fork.</text>","<text>각기 다른 속재료와 토핑이 들어간 16개의 다양한 미니 페이스트리가 담긴 검은색 상자가, 파란색과 흰색 줄무늬 천이 깔린 어두운 표면 위에 놓여 있으며, 작은 접시 하나에는 페이스트리 한 개와 포크가 함께 놓여 있다.</text>",[],quoted_labels_xml_literal_v5
bakery,qwen3,5003416,2,3gram,"A black box containing 16 assorted pastries, each in a paper liner, is displayed on a dark surface with a blue and white striped cloth, with one pastry on a small black plate and a fork.","각각 종이 컵에 담겨 있는 16개의 다양한 페이스트리가 들어 있는 검은색 상자가, 파란색과 흰색 줄무늬 천이 깔린 어두운 바탕 위에 놓여 있으며, 작은 검은색 접시 위에는 페이스트리 한 개와 포크가 놓여 있다.",,ok,translated,,"<text>A black box containing 16 assorted pastries, each in a paper liner, is displayed on a dark surface with a blue and white striped cloth, with one pastry on a small black plate and a fork.</text>","<text>각각 종이 컵에 담겨 있는 16개의 다양한 페이스트리가 들어 있는 검은색 상자가, 파란색과 흰색 줄무늬 천이 깔린 어두운 바탕 위에 놓여 있으며, 작은 검은색 접시 위에는 페이스트리 한 개와 포크가 놓여 있다.</text>",[],quoted_labels_xml_literal_v5
bakery,qwen3,5007270,1,1gram,"A beautifully arranged breakfast scene featuring a loaf of multi-colored bread, a slice with jam on a plate, a small jar of jam, a white pitcher, and a wooden cutting board with a knife, all set on a light-colored surface.","밝은 색상의 바탕 위에 알록달록한 빵 한 덩어리, 접시에 담긴 잼을 바른 빵 한 조각, 작은 잼 병, 흰색 주전자, 그리고 칼이 놓인 나무 도마가 어우러진 아름답게 차려진 아침 식사 장면입니다.",,ok,translated,,"<text>A beautifully arranged breakfast scene featuring a loaf of multi-colored bread, a slice with jam on a plate, a small jar of jam, a white pitcher, and a wooden cutting board with a knife, all set on a light-colored surface.</text>","<text>밝은 색상의 바탕 위에 알록달록한 빵 한 덩어리, 접시에 담긴 잼을 바른 빵 한 조각, 작은 잼 병, 흰색 주전자, 그리고 칼이 놓인 나무 도마가 어우러진 아름답게 차려진 아침 식사 장면입니다.</text>",[],quoted_labels_xml_literal_v5
bakery,qwen3,5007270,1,2gram,"A beautifully arranged breakfast scene featuring a loaf of multicolored bread with green, pink, and yellow layers, sliced and served with jam on a plate, accompanied by a white pitcher and a small jar of jam on a saucer.","초록색, 분홍색, 노란색 층이 어우러진 알록달록한 빵 한 덩어리를 썰어 접시에 담고 잼을 곁들인, 아름답게 차려진 아침 식사 장면이다. 그 옆에는 흰색 주전자와 접시 위에 놓인 작은 잼 병이 함께 놓여 있다.",,ok,translated,,"<text>A beautifully arranged breakfast scene featuring a loaf of multicolored bread with green, pink, and yellow layers, sliced and served with jam on a plate, accompanied by a white pitcher and a small jar of jam on a saucer.</text>","<text>초록색, 분홍색, 노란색 층이 어우러진 알록달록한 빵 한 덩어리를 썰어 접시에 담고 잼을 곁들인, 아름답게 차려진 아침 식사 장면이다. 그 옆에는 흰색 주전자와 접시 위에 놓인 작은 잼 병이 함께 놓여 있다.</text>",[],quoted_labels_xml_literal_v5
bakery,qwen3,5007270,1,3gram,"A beautifully arranged still life featuring a loaf of multicolored, sliced bread with green, pink, and white layers, served on a wooden board with a knife, a small plate with a slice of toast and jam, a white pitcher, and a small jar of jam, all set on a light-colored surface.","초록색, 분홍색, 흰색 층이 어우러진 알록달록한 슬라이스 빵 한 덩어리를 중심으로, 나무 판 위에 칼, 토스트 한 조각과 잼이 담긴 작은 접시, 흰색 주전자, 그리고 작은 잼 병이 함께 아름답게 배치된 정물화입니다. 이 모든 것이 밝은 색상의 바탕 위에 놓여 있습니다.",,ok,translated,,"<text>A beautifully arranged still life featuring a loaf of multicolored, sliced bread with green, pink, and white layers, served on a wooden board with a knife, a small plate with a slice of toast and jam, a white pitcher, and a small jar of jam, all set on a light-colored surface.</text>","<text>초록색, 분홍색, 흰색 층이 어우러진 알록달록한 슬라이스 빵 한 덩어리를 중심으로, 나무 판 위에 칼, 토스트 한 조각과 잼이 담긴 작은 접시, 흰색 주전자, 그리고 작은 잼 병이 함께 아름답게 배치된 정물화입니다. 이 모든 것이 밝은 색상의 바탕 위에 놓여 있습니다.</text>",[],quoted_labels_xml_literal_v5
bakery,qwen3,5007270,2,1gram,"A top-down view of a breakfast table featuring a slice of ham and cheese toast on a glass plate, a wooden board with two slices of matcha and pink swirl bread, a small glass of milk on a wooden coaster, a silver tray with a piece of bread and a small bowl of milk, and a glass of red wine.","유리 접시 위에 햄과 치즈 토스트 한 조각이 놓여 있고, 나무 판 위에는 말차와 분홍색 소용돌이 무늬 빵 두 조각이, 나무 코스터 위에는 작은 우유 잔이, 은색 쟁반 위에는 빵 한 조각과 작은 우유 그릇이, 그리고 레드 와인 한 잔이 놓인 아침 식탁을 위에서 내려다본 모습입니다.",,ok,translated,,"<text>A top-down view of a breakfast table featuring a slice of ham and cheese toast on a glass plate, a wooden board with two slices of matcha and pink swirl bread, a small glass of milk on a wooden coaster, a silver tray with a piece of bread and a small bowl of milk, and a glass of red wine.</text>","<text>유리 접시 위에 햄과 치즈 토스트 한 조각이 놓여 있고, 나무 판 위에는 말차와 분홍색 소용돌이 무늬 빵 두 조각이, 나무 코스터 위에는 작은 우유 잔이, 은색 쟁반 위에는 빵 한 조각과 작은 우유 그릇이, 그리고 레드 와인 한 잔이 놓인 아침 식탁을 위에서 내려다본 모습입니다.</text>",[],quoted_labels_xml_literal_v5
bakery,qwen3,5007270,2,2gram,"A top-down view of a breakfast table featuring a slice of ham and cheese toast on a glass plate, a plate with a slice of pink and green layered bread, a small glass of milk, a glass of red wine, and a wooden coaster with a glass of milk.","유리 접시 위에 햄과 치즈 토스트 한 조각이 놓여 있고, 분홍색과 초록색이 층을 이룬 빵 한 조각이 담긴 접시, 작은 우유 잔, 레드 와인 한 잔, 그리고 우유 잔이 올려진 나무 컵받침이 있는 아침 식사 테이블을 위에서 내려다본 모습.",,ok,translated,,"<text>A top-down view of a breakfast table featuring a slice of ham and cheese toast on a glass plate, a plate with a slice of pink and green layered bread, a small glass of milk, a glass of red wine, and a wooden coaster with a glass of milk.</text>","<text>유리 접시 위에 햄과 치즈 토스트 한 조각이 놓여 있고, 분홍색과 초록색이 층을 이룬 빵 한 조각이 담긴 접시, 작은 우유 잔, 레드 와인 한 잔, 그리고 우유 잔이 올려진 나무 컵받침이 있는 아침 식사 테이블을 위에서 내려다본 모습.</text>",[],quoted_labels_xml_literal_v5
bakery,qwen3,5007270,2,3gram,"A top-down view of a breakfast table featuring a slice of ham and cheese toast on a glass plate, a wooden cutting board with two slices of matcha and strawberry toast, a small glass of milk on a wooden coaster, a glass of red wine, and a silver tray with a piece of bread and a small bowl of milk.","유리 접시 위에 햄과 치즈 토스트 한 조각이 놓여 있고, 나무 도마 위에는 말차와 딸기 토스트 두 조각이, 나무 코스터 위에는 작은 유리잔에 담긴 우유 한 잔이, 레드 와인 한 잔이, 그리고 은 쟁반 위에는 빵 한 조각과 우유가 담긴 작은 그릇이 놓인 아침 식탁을 위에서 내려다본 모습이다.",,ok,translated,,"<text>A top-down view of a breakfast table featuring a slice of ham and cheese toast on a glass plate, a wooden cutting board with two slices of matcha and strawberry toast, a small glass of milk on a wooden coaster, a glass of red wine, and a silver tray with a piece of bread and a small bowl of milk.</text>","<text>유리 접시 위에 햄과 치즈 토스트 한 조각이 놓여 있고, 나무 도마 위에는 말차와 딸기 토스트 두 조각이, 나무 코스터 위에는 작은 유리잔에 담긴 우유 한 잔이, 레드 와인 한 잔이, 그리고 은 쟁반 위에는 빵 한 조각과 우유가 담긴 작은 그릇이 놓인 아침 식탁을 위에서 내려다본 모습이다.</text>",[],quoted_labels_xml_literal_v5
bakery,qwen3,5012764,1,1gram,"Two golden-brown roll cakes with white cream filling, dusted with powdered sugar, are presented on delicate plates, with a white flower arrangement in a vase and boxes in the background.","흰 크림이 들어간 황금빛 갈색 롤케이크 두 개가 가루 설탕을 살짝 뿌린 채 섬세한 접시 위에 놓여 있고, 배경에는 꽃병에 꽂힌 흰 꽃 장식과 상자들이 보인다.",,ok,translated,,"<text>Two golden-brown roll cakes with white cream filling, dusted with powdered sugar, are presented on delicate plates, with a white flower arrangement in a vase and boxes in the background.</text>","<text>흰 크림이 들어간 황금빛 갈색 롤케이크 두 개가 가루 설탕을 살짝 뿌린 채 섬세한 접시 위에 놓여 있고, 배경에는 꽃병에 꽂힌 흰 꽃 장식과 상자들이 보인다.</text>",[],quoted_labels_xml_literal_v5
bakery,qwen3,5012764,1,2gram,"Two golden-brown, powdered ""Riri Da"" rolls are presented on delicate white plates, with a white flower arrangement in a vase and a white box in the background, all set against a soft, white backdrop.","금빛 갈색을 띠고 가루가 뿌려진 ""Riri Da"" 롤 두 개가 섬세한 흰색 접시 위에 놓여 있으며, 꽃병에 꽂힌 흰색 꽃 장식과 흰색 상자가 배경에 자리 잡고 있고, 이 모든 것이 부드러운 흰색 배경을 배경으로 펼쳐져 있다.",,ok,translated,,"<text>Two golden-brown, powdered <keep id=""n0"">KEEP0X</keep> rolls are presented on delicate white plates, with a white flower arrangement in a vase and a white box in the background, all set against a soft, white backdrop.</text>","<text>금빛 갈색을 띠고 가루가 뿌려진 <keep id=""n0"">KEEP0X</keep> 롤 두 개가 섬세한 흰색 접시 위에 놓여 있으며, 꽃병에 꽂힌 흰색 꽃 장식과 흰색 상자가 배경에 자리 잡고 있고, 이 모든 것이 부드러운 흰색 배경을 배경으로 펼쳐져 있다.</text>","[{""id"": ""n0"", ""token"": ""KEEP0X"", ""original"": ""\""Riri Da\"""", ""mode"": ""short_marker""}]",quoted_labels_xml_short_marker_v5
bakery,qwen3,5012764,1,3gram,"Two slices of a light-colored, powdered roll cake are presented on delicate plates, with a white floral arrangement and boxes in the soft, bright background.","연한 색상의 가루가 뿌려진 롤케이크 두 조각이 섬세한 접시 위에 담겨 있으며, 부드럽고 밝은 배경 속에는 흰색 꽃 장식과 상자들이 놓여 있다.",,ok,translated,,"<text>Two slices of a light-colored, powdered roll cake are presented on delicate plates, with a white floral arrangement and boxes in the soft, bright background.</text>","<text>연한 색상의 가루가 뿌려진 롤케이크 두 조각이 섬세한 접시 위에 담겨 있으며, 부드럽고 밝은 배경 속에는 흰색 꽃 장식과 상자들이 놓여 있다.</text>",[],quoted_labels_xml_literal_v5
bakery,qwen3,5012764,2,1gram,"A beautifully arranged white tea set with a vanilla roll cake, delicate flowers, and a soft, elegant atmosphere.","바닐라 롤케이크와 섬세한 꽃들이 어우러진, 아름답게 차려진 흰색 티 세트와 부드럽고 우아한 분위기.",,ok,translated,,"<text>A beautifully arranged white tea set with a vanilla roll cake, delicate flowers, and a soft, elegant atmosphere.</text>","<text>바닐라 롤케이크와 섬세한 꽃들이 어우러진, 아름답게 차려진 흰색 티 세트와 부드럽고 우아한 분위기.</text>",[],quoted_labels_xml_literal_v5
bakery,qwen3,5012764,2,2gram,"A beautifully arranged white tea set with a golden-brown cake roll, a slice of which is served on a small plate with a fork, and a delicate white flower arrangement in a vase, all set on a white tablecloth.","아름답게 차려진 흰색 티 세트 위에 황금빛 갈색의 케이크 롤이 놓여 있고, 그 중 한 조각은 작은 접시에 포크와 함께 담겨 있으며, 꽃병에는 섬세한 흰 꽃꽂이가 꽂혀 있고, 이 모든 것이 흰색 식탁보 위에 차려져 있다.",,ok,translated,,"<text>A beautifully arranged white tea set with a golden-brown cake roll, a slice of which is served on a small plate with a fork, and a delicate white flower arrangement in a vase, all set on a white tablecloth.</text>","<text>아름답게 차려진 흰색 티 세트 위에 황금빛 갈색의 케이크 롤이 놓여 있고, 그 중 한 조각은 작은 접시에 포크와 함께 담겨 있으며, 꽃병에는 섬세한 흰 꽃꽂이가 꽂혀 있고, 이 모든 것이 흰색 식탁보 위에 차려져 있다.</text>",[],quoted_labels_xml_literal_v5
bakery,qwen3,5012764,2,3gram,"A delicate, powdered sugar-dusted vanilla roll cake with a creamy filling is presented on a white plate, accompanied by a cup of tea and a small bouquet of white roses in a vase, all set on a soft, white textured tablecloth.","크리미한 필링이 들어간, 가루 설탕을 살짝 뿌린 섬세한 바닐라 롤케이크가 흰 접시 위에 담겨 있고, 차 한 잔과 꽃병에 꽂힌 작은 흰 장미 꽃다발이 곁들여져 있으며, 이 모든 것이 부드럽고 질감이 살아 있는 흰색 식탁보 위에 차려져 있다.",,ok,translated,,"<text>A delicate, powdered sugar-dusted vanilla roll cake with a creamy filling is presented on a white plate, accompanied by a cup of tea and a small bouquet of white roses in a vase, all set on a soft, white textured tablecloth.</text>","<text>크리미한 필링이 들어간, 가루 설탕을 살짝 뿌린 섬세한 바닐라 롤케이크가 흰 접시 위에 담겨 있고, 차 한 잔과 꽃병에 꽂힌 작은 흰 장미 꽃다발이 곁들여져 있으며, 이 모든 것이 부드럽고 질감이 살아 있는 흰색 식탁보 위에 차려져 있다.</text>",[],quoted_labels_xml_literal_v5
bakery,qwen3,5025646,1,1gram,"Three jars of SuperNuts peanut butter, one smooth and one crunchy, with a small bowl of the smooth variety in the foreground, all on a light gray surface.","밝은 회색 바탕 위에 ‘슈퍼넛츠’ 땅콩버터 3병(한 병은 부드러운 타입, 한 병은 바삭한 타입)이 놓여 있고, 전경에는 부드러운 타입의 땅콩버터가 담긴 작은 그릇이 놓여 있다.",,ok,translated,,"<text>Three jars of SuperNuts peanut butter, one smooth and one crunchy, with a small bowl of the smooth variety in the foreground, all on a light gray surface.</text>","<text>밝은 회색 바탕 위에 ‘슈퍼넛츠’ 땅콩버터 3병(한 병은 부드러운 타입, 한 병은 바삭한 타입)이 놓여 있고, 전경에는 부드러운 타입의 땅콩버터가 담긴 작은 그릇이 놓여 있다.</text>",[],quoted_labels_xml_literal_v5
bakery,qwen3,5025646,1,2gram,"Three jars of SuperNuts peanut butter, one smooth and one crunchy, with a small bowl of the smooth variety in the foreground, all on a light gray surface.","밝은 회색 바탕 위에 ‘슈퍼넛츠’ 땅콩버터 3병(한 병은 부드러운 타입, 한 병은 바삭한 타입)이 놓여 있고, 전경에는 부드러운 타입의 땅콩버터가 담긴 작은 그릇이 놓여 있다.",,ok,translated,,"<text>Three jars of SuperNuts peanut butter, one smooth and one crunchy, with a small bowl of the smooth variety in the foreground, all on a light gray surface.</text>","<text>밝은 회색 바탕 위에 ‘슈퍼넛츠’ 땅콩버터 3병(한 병은 부드러운 타입, 한 병은 바삭한 타입)이 놓여 있고, 전경에는 부드러운 타입의 땅콩버터가 담긴 작은 그릇이 놓여 있다.</text>",[],quoted_labels_xml_literal_v5
bakery,qwen3,5025646,1,3gram,"Three jars of SuperNuts peanut butter, one smooth and two crunchy, are displayed on a gray surface with a small bowl of the smooth variety in the foreground.","회색 바탕 위에 ‘슈퍼넛츠’ 땅콩버터 3병(부드러운 타입 1병, 바삭한 타입 2병)이 진열되어 있으며, 전경에는 부드러운 타입의 땅콩버터가 담긴 작은 그릇이 놓여 있다.",,ok,translated,,"<text>Three jars of SuperNuts peanut butter, one smooth and two crunchy, are displayed on a gray surface with a small bowl of the smooth variety in the foreground.</text>","<text>회색 바탕 위에 ‘슈퍼넛츠’ 땅콩버터 3병(부드러운 타입 1병, 바삭한 타입 2병)이 진열되어 있으며, 전경에는 부드러운 타입의 땅콩버터가 담긴 작은 그릇이 놓여 있다.</text>",[],quoted_labels_xml_literal_v5
bakery,qwen3,5025646,2,1gram,"Three glass jars filled with smooth, light-brown peanut butter, with one jar in the foreground showing a wooden spoon lifting a dollop of the spread.","부드럽고 연한 갈색의 땅콩버터가 가득 담긴 유리병 세 개가 놓여 있으며, 앞쪽에 있는 한 병에서는 나무 숟가락으로 땅콩버터를 한 숟가락 떠 올리고 있는 모습이 보인다.",,ok,translated,,"<text>Three glass jars filled with smooth, light-brown peanut butter, with one jar in the foreground showing a wooden spoon lifting a dollop of the spread.</text>","<text>부드럽고 연한 갈색의 땅콩버터가 가득 담긴 유리병 세 개가 놓여 있으며, 앞쪽에 있는 한 병에서는 나무 숟가락으로 땅콩버터를 한 숟가락 떠 올리고 있는 모습이 보인다.</text>",[],quoted_labels_xml_literal_v5
bakery,qwen3,5025646,2,2gram,"Three glass jars filled with creamy peanut butter, one with a wooden spoon lifting a portion, set on a light gray textured surface.","크리미한 땅콩버터로 가득 찬 유리병 세 개와, 그중 하나에는 나무 숟가락이 땅콩버터를 떠 올리고 있는 모습이, 밝은 회색의 질감이 느껴지는 표면 위에 놓여 있다.",,ok,translated,,"<text>Three glass jars filled with creamy peanut butter, one with a wooden spoon lifting a portion, set on a light gray textured surface.</text>","<text>크리미한 땅콩버터로 가득 찬 유리병 세 개와, 그중 하나에는 나무 숟가락이 땅콩버터를 떠 올리고 있는 모습이, 밝은 회색의 질감이 느껴지는 표면 위에 놓여 있다.</text>",[],quoted_labels_xml_literal_v5
bakery,qwen3,5025646,2,3gram,"Three glass jars filled with peanut butter, one with a wooden spoon lifting a clump of the spread.","땅콩버터로 가득 찬 유리병 세 개와, 그중 하나에는 나무 숟가락이 땅콩버터 덩어리를 떠 올리고 있다.",,ok,translated,,"<text>Three glass jars filled with peanut butter, one with a wooden spoon lifting a clump of the spread.</text>","<text>땅콩버터로 가득 찬 유리병 세 개와, 그중 하나에는 나무 숟가락이 땅콩버터 덩어리를 떠 올리고 있다.</text>",[],quoted_labels_xml_literal_v5
bakery,qwen3,5040946,1,1gram,"A light blue background features two plates with colorful macarons and a box of Pasquier macarons, with a fork resting on one plate.","하늘색 배경 위에 알록달록한 마카롱이 담긴 접시 두 개와 파스키에(Pasquier) 마카롱 한 상자가 놓여 있으며, 접시 하나 위에는 포크가 놓여 있습니다.",,ok,translated,,"<text>A light blue background features two plates with colorful macarons and a box of Pasquier macarons, with a fork resting on one plate.</text>","<text>하늘색 배경 위에 알록달록한 마카롱이 담긴 접시 두 개와 파스키에(Pasquier) 마카롱 한 상자가 놓여 있으며, 접시 하나 위에는 포크가 놓여 있습니다.</text>",[],quoted_labels_xml_literal_v5
bakery,qwen3,5040946,1,2gram,"A light blue background features two plates with colorful macarons and a box of Pasquier macarons, with a fork resting on one plate.","하늘색 배경 위에 알록달록한 마카롱이 담긴 접시 두 개와 파스키에(Pasquier) 마카롱 한 상자가 놓여 있으며, 접시 하나 위에는 포크가 놓여 있습니다.",,ok,translated,,"<text>A light blue background features two plates with colorful macarons and a box of Pasquier macarons, with a fork resting on one plate.</text>","<text>하늘색 배경 위에 알록달록한 마카롱이 담긴 접시 두 개와 파스키에(Pasquier) 마카롱 한 상자가 놓여 있으며, 접시 하나 위에는 포크가 놓여 있습니다.</text>",[],quoted_labels_xml_literal_v5
bakery,qwen3,5040946,1,3gram,"A light blue background features two plates with colorful macarons and a box of Pasquier macarons, with a fork resting on one plate.","하늘색 배경 위에 알록달록한 마카롱이 담긴 접시 두 개와 파스키에(Pasquier) 마카롱 한 상자가 놓여 있으며, 접시 하나 위에는 포크가 놓여 있습니다.",,ok,translated,,"<text>A light blue background features two plates with colorful macarons and a box of Pasquier macarons, with a fork resting on one plate.</text>","<text>하늘색 배경 위에 알록달록한 마카롱이 담긴 접시 두 개와 파스키에(Pasquier) 마카롱 한 상자가 놓여 있으며, 접시 하나 위에는 포크가 놓여 있습니다.</text>",[],quoted_labels_xml_literal_v5
bakery,qwen3,5040946,2,1gram,"A close-up of a plate of colorful macarons, featuring various shades including pink, yellow, green, and brown, arranged on a blue and white patterned plate, with more macarons visible in the background.","파란색과 흰색 무늬가 들어간 접시 위에 분홍색, 노란색, 초록색, 갈색 등 다양한 색조의 알록달록한 마카롱이 담겨 있는 모습을 클로즈업한 사진으로, 배경에는 더 많은 마카롱이 보인다.",,ok,translated,,"<text>A close-up of a plate of colorful macarons, featuring various shades including pink, yellow, green, and brown, arranged on a blue and white patterned plate, with more macarons visible in the background.</text>","<text>파란색과 흰색 무늬가 들어간 접시 위에 분홍색, 노란색, 초록색, 갈색 등 다양한 색조의 알록달록한 마카롱이 담겨 있는 모습을 클로즈업한 사진으로, 배경에는 더 많은 마카롱이 보인다.</text>",[],quoted_labels_xml_literal_v5
bakery,qwen3,5040946,2,2gram,"A close-up of a plate filled with colorful macarons in shades of pink, yellow, green, and brown, with a second plate of macarons in the background, all set on a light blue surface.","분홍색, 노란색, 초록색, 갈색 등 알록달록한 마카롱으로 가득 찬 접시의 클로즈업 샷으로, 배경에는 또 다른 마카롱 접시가 놓여 있으며, 이 모든 것이 연한 파란색 바탕 위에 놓여 있다.",,ok,translated,,"<text>A close-up of a plate filled with colorful macarons in shades of pink, yellow, green, and brown, with a second plate of macarons in the background, all set on a light blue surface.</text>","<text>분홍색, 노란색, 초록색, 갈색 등 알록달록한 마카롱으로 가득 찬 접시의 클로즈업 샷으로, 배경에는 또 다른 마카롱 접시가 놓여 있으며, 이 모든 것이 연한 파란색 바탕 위에 놓여 있다.</text>",[],quoted_labels_xml_literal_v5
bakery,qwen3,5040946,2,3gram,"A collection of colorful macarons in shades of brown, yellow, green, and pink, arranged on a blue and white patterned plate, with more macarons visible in the background.","갈색, 노란색, 초록색, 분홍색 등 다양한 색상의 마카롱들이 파란색과 흰색 무늬가 있는 접시 위에 정갈하게 놓여 있으며, 배경에는 더 많은 마카롱들이 보인다.",,ok,translated,,"<text>A collection of colorful macarons in shades of brown, yellow, green, and pink, arranged on a blue and white patterned plate, with more macarons visible in the background.</text>","<text>갈색, 노란색, 초록색, 분홍색 등 다양한 색상의 마카롱들이 파란색과 흰색 무늬가 있는 접시 위에 정갈하게 놓여 있으며, 배경에는 더 많은 마카롱들이 보인다.</text>",[],quoted_labels_xml_literal_v5
bakery,qwen3,5043336,1,1gram,"A collection of glass jars with black lids, each containing a different creamy spread, arranged in a pyramid-like formation on a white surface. The labels feature the brand name ""FOURB_SPREAD"" and various flavor names in Korean, including ""딸기_크림치즈"" (strawberry cream cheese), ""모이다"" (mold), ""블랙_올리브"" (black olive), ""서로"" (sugar), and ""토마토"" (tomato).","검은색 뚜껑이 달린 유리병들이 흰색 바탕 위에 피라미드 모양으로 배열되어 있으며, 각 병에는 서로 다른 크림 같은 스프레드가 들어 있습니다. 라벨에는 브랜드명 ‘""FOURB_SPREAD""’와 함께 한국어로 표기된 다양한 맛 이름이 적혀 있는데, 여기에는 ""딸기_크림치즈""(딸기 크림치즈), ""모이다""(곰팡이), ""블랙_올리브""(블랙 올리브), ""서로""(설탕), ""토마토""(토마토) 등이 포함된다.",,ok,translated,,"<text>A collection of glass jars with black lids, each containing a different creamy spread, arranged in a pyramid-like formation on a white surface. The labels feature the brand name <keep id=""n0"">KEEP0X</keep> and various flavor names in Korean, including <keep id=""n1"">KEEP1X</keep> (strawberry cream cheese), <keep id=""n2"">KEEP2X</keep> (mold), <keep id=""n3"">KEEP3X</keep> (black olive), <keep id=""n4"">KEEP4X</keep> (sugar), and <keep id=""n5"">KEEP5X</keep> (tomato).</text>","<text>검은색 뚜껑이 달린 유리병들이 흰색 바탕 위에 피라미드 모양으로 배열되어 있으며, 각 병에는 서로 다른 크림 같은 스프레드가 들어 있습니다. 라벨에는 브랜드명 <keep id=""n0"">‘KEEP0X’와</keep> 함께 한국어로 표기된 다양한 맛 이름이 적혀 있는데, 여기에는 <keep id=""n1"">KEEP1X</keep>(딸기 크림치즈), <keep id=""n2"">KEEP2X</keep>(곰팡이), <keep id=""n3"">KEEP3X</keep>(블랙 올리브), <keep id=""n4"">KEEP4X</keep>(설탕), <keep id=""n5"">KEEP5X</keep>(토마토) 등이 포함된다.</text>","[{""id"": ""n0"", ""token"": ""KEEP0X"", ""original"": ""\""FOURB_SPREAD\"""", ""mode"": ""short_marker""}, {""id"": ""n1"", ""token"": ""KEEP1X"", ""original"": ""\""딸기_크림치즈\"""", ""mode"": ""short_marker""}, {""id"": ""n2"", ""token"": ""KEEP2X"", ""original"": ""\""모이다\"""", ""mode"": ""short_marker""}, {""id"": ""n3"", ""token"": ""KEEP3X"", ""original"": ""\""블랙_올리브\"""", ""mode"": ""short_marker""}, {""id"": ""n4"", ""token"": ""KEEP4X"", ""original"": ""\""서로\"""", ""mode"": ""short_marker""}, {""id"": ""n5"", ""token"": ""KEEP5X"", ""original"": ""\""토마토\"""", ""mode"": ""short_marker""}]",quoted_labels_xml_short_marker_v5
bakery,qwen3,5043336,1,2gram,"A collection of small glass jars with black lids, each containing a different type of cream spread, arranged on a white surface.","검은색 뚜껑이 달린 작은 유리병들이 흰색 바탕 위에 놓여 있는데, 각 병에는 서로 다른 종류의 크림 스프레드가 들어 있다.",,ok,translated,,"<text>A collection of small glass jars with black lids, each containing a different type of cream spread, arranged on a white surface.</text>","<text>검은색 뚜껑이 달린 작은 유리병들이 흰색 바탕 위에 놓여 있는데, 각 병에는 서로 다른 종류의 크림 스프레드가 들어 있다.</text>",[],quoted_labels_xml_literal_v5
bakery,qwen3,5043336,1,3gram,"A collection of glass jars with black lids, each containing a different flavored cream spread, arranged on a white surface.","흰색 바탕 위에, 각각 다른 맛의 크림 스프레드가 들어 있는 검은색 뚜껑이 달린 유리병들이 나란히 놓여 있다.",,ok,translated,,"<text>A collection of glass jars with black lids, each containing a different flavored cream spread, arranged on a white surface.</text>","<text>흰색 바탕 위에, 각각 다른 맛의 크림 스프레드가 들어 있는 검은색 뚜껑이 달린 유리병들이 나란히 놓여 있다.</text>",[],quoted_labels_xml_literal_v5
bakery,qwen3,5043336,2,1gram,"A collection of open jars of Fourb Spread cream cheese, each with a different flavor and ingredient, including black olive, tomato, and a variety of other toppings.","각기 다른 맛과 재료가 들어간 ‘Fourb Spread’ 크림치즈가 담긴 열린 병들이 한데 모여 있는데, 여기에는 블랙 올리브, 토마토를 비롯해 다양한 토핑이 포함되어 있습니다.",,ok,translated,,"<text>A collection of open jars of Fourb Spread cream cheese, each with a different flavor and ingredient, including black olive, tomato, and a variety of other toppings.</text>","<text>각기 다른 맛과 재료가 들어간 ‘Fourb Spread’ 크림치즈가 담긴 열린 병들이 한데 모여 있는데, 여기에는 블랙 올리브, 토마토를 비롯해 다양한 토핑이 포함되어 있습니다.</text>",[],quoted_labels_xml_literal_v5
bakery,qwen3,5043336,2,2gram,"Eight glass jars of Fourb Spread cream cheese, each with a different flavor and topping, arranged on a white surface.",각기 다른 맛과 토핑이 얹어진 ‘Fourb Spread’ 크림치즈 8개의 유리병이 흰색 바탕 위에 정갈하게 놓여 있다.,,ok,translated,,"<text>Eight glass jars of Fourb Spread cream cheese, each with a different flavor and topping, arranged on a white surface.</text>",<text>각기 다른 맛과 토핑이 얹어진 ‘Fourb Spread’ 크림치즈 8개의 유리병이 흰색 바탕 위에 정갈하게 놓여 있다.</text>,[],quoted_labels_xml_literal_v5
bakery,qwen3,5043336,2,3gram,"A collection of eight glass jars of FOURB_SPREAD cream cheese, each with a different flavor and topping, displayed open to reveal their creamy contents.","각기 다른 맛과 토핑이 들어간 FOURB_SPREAD 크림치즈 유리병 8개가 한 세트로 구성되어 있으며, 뚜껑을 열어 크림처럼 부드러운 내용물이 드러나도록 진열되어 있다.",,ok,translated,,"<text>A collection of eight glass jars of FOURB_SPREAD cream cheese, each with a different flavor and topping, displayed open to reveal their creamy contents.</text>","<text>각기 다른 맛과 토핑이 들어간 FOURB_SPREAD 크림치즈 유리병 8개가 한 세트로 구성되어 있으며, 뚜껑을 열어 크림처럼 부드러운 내용물이 드러나도록 진열되어 있다.</text>",[],quoted_labels_xml_literal_v5
bakery,qwen3,5044137,1,1gram,"A rectangular chocolate cake with multiple layers of chocolate and cream, presented on a wooden board next to its white box, which features the brand name ""NAPOLION"" and a decorative emblem.","초콜릿과 크림이 여러 겹으로 쌓인 직사각형 초콜릿 케이크가, 브랜드명 ‘""NAPOLION""’와 장식용 엠블럼이 새겨진 흰색 상자 옆에 나무 접시 위에 놓여 있다.",,ok,translated,,"<text>A rectangular chocolate cake with multiple layers of chocolate and cream, presented on a wooden board next to its white box, which features the brand name <keep id=""n0"">KEEP0X</keep> and a decorative emblem.</text>","<text>초콜릿과 크림이 여러 겹으로 쌓인 직사각형 초콜릿 케이크가, 브랜드명 <keep id=""n0"">‘KEEP0X</keep>’와 장식용 엠블럼이 새겨진 흰색 상자 옆에 나무 접시 위에 놓여 있다.</text>","[{""id"": ""n0"", ""token"": ""KEEP0X"", ""original"": ""\""NAPOLION\"""", ""mode"": ""short_marker""}]",quoted_labels_xml_short_marker_v5
bakery,qwen3,5044137,1,2gram,"A rectangular chocolate cake with white cream layers and a decorative chocolate glaze, presented on a wooden board next to its branded box.","흰색 크림이 층층이 쌓여 있고 장식용 초콜릿 글레이즈가 씌워진 직사각형 초콜릿 케이크가, 브랜드 로고가 새겨진 상자 옆에 나무 접시 위에 놓여 있다.",,ok,translated,,"<text>A rectangular chocolate cake with white cream layers and a decorative chocolate glaze, presented on a wooden board next to its branded box.</text>","<text>흰색 크림이 층층이 쌓여 있고 장식용 초콜릿 글레이즈가 씌워진 직사각형 초콜릿 케이크가, 브랜드 로고가 새겨진 상자 옆에 나무 접시 위에 놓여 있다.</text>",[],quoted_labels_xml_literal_v5
bakery,qwen3,5044137,1,3gram,"A rectangular chocolate cake with white cream layers and a decorative chocolate glaze on top, presented on a wooden board next to its white box.","흰색 크림이 층층이 쌓인 직사각형 초콜릿 케이크로, 윗면에는 장식용 초콜릿 글레이즈가 발라져 있으며, 흰색 상자 옆에 나무 접시 위에 담겨 있다.",,ok,translated,,"<text>A rectangular chocolate cake with white cream layers and a decorative chocolate glaze on top, presented on a wooden board next to its white box.</text>","<text>흰색 크림이 층층이 쌓인 직사각형 초콜릿 케이크로, 윗면에는 장식용 초콜릿 글레이즈가 발라져 있으며, 흰색 상자 옆에 나무 접시 위에 담겨 있다.</text>",[],quoted_labels_xml_literal_v5
bakery,qwen3,5044137,2,1gram,"A rectangular chocolate cake with multiple layers of chocolate sponge and white cream, topped with a chocolate glaze and a decorative swirl pattern, is presented on a wooden board and a white plate, with a slice served on the plate and a wooden fork.","초콜릿 스펀지와 화이트 크림이 여러 겹으로 쌓인 직사각형 초콜릿 케이크 위에 초콜릿 글레이즈를 바르고 소용돌이 무늬로 장식한 것이 나무 판과 흰색 접시 위에 놓여 있으며, 접시에는 한 조각이 담겨 있고 나무 포크가 꽂혀 있습니다.",,ok,translated,,"<text>A rectangular chocolate cake with multiple layers of chocolate sponge and white cream, topped with a chocolate glaze and a decorative swirl pattern, is presented on a wooden board and a white plate, with a slice served on the plate and a wooden fork.</text>","<text>초콜릿 스펀지와 화이트 크림이 여러 겹으로 쌓인 직사각형 초콜릿 케이크 위에 초콜릿 글레이즈를 바르고 소용돌이 무늬로 장식한 것이 나무 판과 흰색 접시 위에 놓여 있으며, 접시에는 한 조각이 담겨 있고 나무 포크가 꽂혀 있습니다.</text>",[],quoted_labels_xml_literal_v5
bakery,qwen3,5044137,2,2gram,"A rectangular chocolate cake with multiple layers of chocolate sponge and cream, presented on a wooden board and a white plate with a wooden fork.","초콜릿 스펀지와 크림이 여러 겹으로 쌓인 직사각형 초콜릿 케이크로, 나무 판과 흰색 접시 위에 나무 포크와 함께 담겨 있습니다.",,ok,translated,,"<text>A rectangular chocolate cake with multiple layers of chocolate sponge and cream, presented on a wooden board and a white plate with a wooden fork.</text>","<text>초콜릿 스펀지와 크림이 여러 겹으로 쌓인 직사각형 초콜릿 케이크로, 나무 판과 흰색 접시 위에 나무 포크와 함께 담겨 있습니다.</text>",[],quoted_labels_xml_literal_v5
bakery,qwen3,5044137,2,3gram,"A rectangular chocolate cake with multiple layers of chocolate sponge and cream, presented on a wooden board and a white plate with a wooden fork.","초콜릿 스펀지와 크림이 여러 겹으로 쌓인 직사각형 초콜릿 케이크로, 나무 판과 흰색 접시 위에 나무 포크와 함께 담겨 있습니다.",,ok,translated,,"<text>A rectangular chocolate cake with multiple layers of chocolate sponge and cream, presented on a wooden board and a white plate with a wooden fork.</text>","<text>초콜릿 스펀지와 크림이 여러 겹으로 쌓인 직사각형 초콜릿 케이크로, 나무 판과 흰색 접시 위에 나무 포크와 함께 담겨 있습니다.</text>",[],quoted_labels_xml_literal_v5
bakery,qwen3,5044138,1,1gram,"A white box labeled ""NAPOLEON"" sits beside a golden-brown, sliced Napoleon roll on a white plate, showcasing its layered, flaky texture.","‘""NAPOLEON""’라고 적힌 흰색 상자가 흰 접시 위에 놓인 황금빛 갈색의 얇게 썬 나폴레옹 롤 옆에 놓여 있으며, 그 층층이 쌓인 바삭바삭한 식감을 돋보이게 하고 있다.",,ok,translated,,"<text>A white box labeled <keep id=""n0"">KEEP0X</keep> sits beside a golden-brown, sliced Napoleon roll on a white plate, showcasing its layered, flaky texture.</text>","<text><keep id=""n0"">‘KEEP0X’라고</keep> 적힌 흰색 상자가 흰 접시 위에 놓인 황금빛 갈색의 얇게 썬 나폴레옹 롤 옆에 놓여 있으며, 그 층층이 쌓인 바삭바삭한 식감을 돋보이게 하고 있다.</text>","[{""id"": ""n0"", ""token"": ""KEEP0X"", ""original"": ""\""NAPOLEON\"""", ""mode"": ""short_marker""}]",quoted_labels_xml_short_marker_v5
bakery,qwen3,5044138,1,2gram,"A white box and a white plate display a Napoleon roll, with two slices cut from the roll, revealing its layered interior.","하얀 상자와 하얀 접시 위에 나폴레옹 롤이 놓여 있으며, 롤에서 두 조각이 잘려 나와 층층이 쌓인 속이 드러나 있다.",,ok,translated,,"<text>A white box and a white plate display a Napoleon roll, with two slices cut from the roll, revealing its layered interior.</text>","<text>하얀 상자와 하얀 접시 위에 나폴레옹 롤이 놓여 있으며, 롤에서 두 조각이 잘려 나와 층층이 쌓인 속이 드러나 있다.</text>",[],quoted_labels_xml_literal_v5
bakery,qwen3,5044138,1,3gram,"A white rectangular box labeled ""NAPOLEON"" sits beside a white plate displaying a golden-brown Napoleon roll with a cross-section revealing layers of cream and sponge cake.","‘""NAPOLEON""’라고 적힌 흰색 직사각형 상자가, 황금빛 갈색의 나폴레옹 롤이 담긴 흰색 접시 옆에 놓여 있는데, 롤을 가르면 크림과 스펀지 케이크 층이 드러나 있다.",,ok,translated,,"<text>A white rectangular box labeled <keep id=""n0"">KEEP0X</keep> sits beside a white plate displaying a golden-brown Napoleon roll with a cross-section revealing layers of cream and sponge cake.</text>","<text><keep id=""n0"">‘KEEP0X’라고</keep> 적힌 흰색 직사각형 상자가, 황금빛 갈색의 나폴레옹 롤이 담긴 흰색 접시 옆에 놓여 있는데, 롤을 가르면 크림과 스펀지 케이크 층이 드러나 있다.</text>","[{""id"": ""n0"", ""token"": ""KEEP0X"", ""original"": ""\""NAPOLEON\"""", ""mode"": ""short_marker""}]",quoted_labels_xml_short_marker_v5
bakery,qwen3,5044138,2,1gram,"A long, rectangular cake with a textured, golden-brown exterior and a layered, flaky interior, sliced to reveal its intricate structure, is presented on a white plate against a soft pink background.","표면은 질감이 살아 있고 황금빛 갈색을 띠며, 속은 층층이 쌓인 바삭한 식감을 자랑하는 길쭉한 직사각형 케이크가, 잘라내어 정교한 단면이 드러난 채로 부드러운 분홍색 배경을 배경으로 흰 접시 위에 담겨 있다.",,ok,translated,,"<text>A long, rectangular cake with a textured, golden-brown exterior and a layered, flaky interior, sliced to reveal its intricate structure, is presented on a white plate against a soft pink background.</text>","<text>표면은 질감이 살아 있고 황금빛 갈색을 띠며, 속은 층층이 쌓인 바삭한 식감을 자랑하는 길쭉한 직사각형 케이크가, 잘라내어 정교한 단면이 드러난 채로 부드러운 분홍색 배경을 배경으로 흰 접시 위에 담겨 있다.</text>",[],quoted_labels_xml_literal_v5
bakery,qwen3,5044138,2,2gram,"A golden-brown, layered cake roll with a crispy exterior and a soft, airy interior, sliced to reveal its intricate layers.","겉은 바삭하고 속은 부드럽고 폭신폭신한 황금빛 갈색의 층층이 쌓인 롤케이크로, 한 조각을 잘라내면 정교하게 쌓인 층들이 드러납니다.",,ok,translated,,"<text>A golden-brown, layered cake roll with a crispy exterior and a soft, airy interior, sliced to reveal its intricate layers.</text>","<text>겉은 바삭하고 속은 부드럽고 폭신폭신한 황금빛 갈색의 층층이 쌓인 롤케이크로, 한 조각을 잘라내면 정교하게 쌓인 층들이 드러납니다.</text>",[],quoted_labels_xml_literal_v5
bakery,qwen3,5044138,2,3gram,"A golden-brown, flaky, layered cake roll with a dense, crumbly exterior and a visible, layered interior, sliced to reveal its intricate structure, presented on a white plate against a soft pink background.","황금빛 갈색을 띠고 바삭바삭하며 층층이 쌓인 케이크 롤로, 겉은 촘촘하고 바스라지는 식감을, 속은 뚜렷한 층이 드러나며, 정교한 구조를 보여주기 위해 한 조각 잘라낸 모습이 부드러운 분홍색 배경을 배경으로 흰 접시 위에 담겨 있다.",,ok,translated,,"<text>A golden-brown, flaky, layered cake roll with a dense, crumbly exterior and a visible, layered interior, sliced to reveal its intricate structure, presented on a white plate against a soft pink background.</text>","<text>황금빛 갈색을 띠고 바삭바삭하며 층층이 쌓인 케이크 롤로, 겉은 촘촘하고 바스라지는 식감을, 속은 뚜렷한 층이 드러나며, 정교한 구조를 보여주기 위해 한 조각 잘라낸 모습이 부드러운 분홍색 배경을 배경으로 흰 접시 위에 담겨 있다.</text>",[],quoted_labels_xml_literal_v5
bakery,qwen3,5052041,1,1gram,"A dark, rustic loaf of artisan bread with a golden-brown crust and a large, airy crumb, sliced and resting on a crumpled linen cloth on a light, textured surface.","황금빛 갈색 껍질과 크고 폭신폭신한 속살을 가진 짙은 색의 소박한 수제 빵 한 덩어리가, 얇게 썰려 질감이 느껴지는 밝은 색의 표면 위에 구겨진 리넨 천 위에 놓여 있다.",,ok,translated,,"<text>A dark, rustic loaf of artisan bread with a golden-brown crust and a large, airy crumb, sliced and resting on a crumpled linen cloth on a light, textured surface.</text>","<text>황금빛 갈색 껍질과 크고 폭신폭신한 속살을 가진 짙은 색의 소박한 수제 빵 한 덩어리가, 얇게 썰려 질감이 느껴지는 밝은 색의 표면 위에 구겨진 리넨 천 위에 놓여 있다.</text>",[],quoted_labels_xml_literal_v5
bakery,qwen3,5052041,1,2gram,"A dark, rustic loaf of bread with a golden-brown crust and a large, airy crumb, sliced into two pieces and resting on a crumpled, light-colored linen cloth.","황금빛 갈색 껍질과 크고 폭신폭신한 속살을 가진 짙은 색의 소박한 빵 한 덩어리가 두 조각으로 잘려, 구겨진 연한 색의 리넨 천 위에 놓여 있다.",,ok,translated,,"<text>A dark, rustic loaf of bread with a golden-brown crust and a large, airy crumb, sliced into two pieces and resting on a crumpled, light-colored linen cloth.</text>","<text>황금빛 갈색 껍질과 크고 폭신폭신한 속살을 가진 짙은 색의 소박한 빵 한 덩어리가 두 조각으로 잘려, 구겨진 연한 색의 리넨 천 위에 놓여 있다.</text>",[],quoted_labels_xml_literal_v5
bakery,qwen3,5052041,1,3gram,"A dark, rustic loaf of bread with a golden-brown crust and a large, airy crumb, sliced into two pieces and resting on a textured, striped cloth.","황금빛 갈색 겉껍질과 크고 폭신폭신한 속살을 가진 짙은 색의 소박한 빵 한 덩어리가 두 조각으로 잘려, 질감이 느껴지는 줄무늬 천 위에 놓여 있다.",,ok,translated,,"<text>A dark, rustic loaf of bread with a golden-brown crust and a large, airy crumb, sliced into two pieces and resting on a textured, striped cloth.</text>","<text>황금빛 갈색 겉껍질과 크고 폭신폭신한 속살을 가진 짙은 색의 소박한 빵 한 덩어리가 두 조각으로 잘려, 질감이 느껴지는 줄무늬 천 위에 놓여 있다.</text>",[],quoted_labels_xml_literal_v5
bakery,qwen3,5052041,2,1gram,"A rustic loaf of artisan bread, sliced and resting on a crumpled linen cloth, showcasing a golden-brown crust and a porous, airy interior with visible gas pockets.","소박한 수제 빵 한 덩어리가 얇게 썰려 구겨진 리넨 천 위에 놓여 있는데, 황금빛 갈색의 겉면과 기포가 선명하게 보이는 다공성이고 폭신폭신한 속살이 돋보인다.",,ok,translated,,"<text>A rustic loaf of artisan bread, sliced and resting on a crumpled linen cloth, showcasing a golden-brown crust and a porous, airy interior with visible gas pockets.</text>","<text>소박한 수제 빵 한 덩어리가 얇게 썰려 구겨진 리넨 천 위에 놓여 있는데, 황금빛 갈색의 겉면과 기포가 선명하게 보이는 다공성이고 폭신폭신한 속살이 돋보인다.</text>",[],quoted_labels_xml_literal_v5
bakery,qwen3,5052041,2,2gram,"A rustic loaf of bread with a dark, crusty exterior and a porous, airy interior, sliced and resting on a crumpled linen cloth.","겉은 짙은 색에 바삭한 껍질이 있고, 속은 기공이 많아 폭신폭신한 소박한 빵 한 덩어리가 얇게 썰려 구겨진 리넨 천 위에 놓여 있다.",,ok,translated,,"<text>A rustic loaf of bread with a dark, crusty exterior and a porous, airy interior, sliced and resting on a crumpled linen cloth.</text>","<text>겉은 짙은 색에 바삭한 껍질이 있고, 속은 기공이 많아 폭신폭신한 소박한 빵 한 덩어리가 얇게 썰려 구겨진 리넨 천 위에 놓여 있다.</text>",[],quoted_labels_xml_literal_v5
bakery,qwen3,5052041,2,3gram,"A loaf of artisanal bread with a dark, crusty exterior and a light, airy interior, sliced and resting on a crumpled linen cloth.","겉은 짙은 색에 바삭한 껍질을 띠고 속은 가볍고 폭신폭신한 수제 빵 한 덩어리가, 얇게 썰려 구겨진 리넨 천 위에 놓여 있다.",,ok,translated,,"<text>A loaf of artisanal bread with a dark, crusty exterior and a light, airy interior, sliced and resting on a crumpled linen cloth.</text>","<text>겉은 짙은 색에 바삭한 껍질을 띠고 속은 가볍고 폭신폭신한 수제 빵 한 덩어리가, 얇게 썰려 구겨진 리넨 천 위에 놓여 있다.</text>",[],quoted_labels_xml_literal_v5
bakery,qwen3,5052044,1,1gram,"A rustic, rectangular loaf of artisan bread with a dark, cracked crust and a dusting of flour, resting on a light-colored surface with a second slice of bread on a wooden board in the background.","짙은 색의 갈라진 껍질과 가루가 살짝 뿌려진 소박한 직사각형 모양의 수제 빵 한 덩이가 밝은 색의 표면 위에 놓여 있고, 배경의 나무 판자 위에는 빵 한 조각이 더 놓여 있다.",,ok,translated,,"<text>A rustic, rectangular loaf of artisan bread with a dark, cracked crust and a dusting of flour, resting on a light-colored surface with a second slice of bread on a wooden board in the background.</text>","<text>짙은 색의 갈라진 껍질과 가루가 살짝 뿌려진 소박한 직사각형 모양의 수제 빵 한 덩이가 밝은 색의 표면 위에 놓여 있고, 배경의 나무 판자 위에는 빵 한 조각이 더 놓여 있다.</text>",[],quoted_labels_xml_literal_v5
bakery,qwen3,5052044,1,2gram,"A rustic, rectangular loaf of bread with a dark, cracked crust and a dusting of flour, sliced to reveal airy, bubble-filled crumb.","짙은 색에 갈라진 겉껍질과 가루가 살짝 뿌려진 소박한 직사각형 모양의 빵으로, 한 조각을 잘라내면 공기가 가득 차고 기포가 많은 속살이 드러난다.",,ok,translated,,"<text>A rustic, rectangular loaf of bread with a dark, cracked crust and a dusting of flour, sliced to reveal airy, bubble-filled crumb.</text>","<text>짙은 색에 갈라진 겉껍질과 가루가 살짝 뿌려진 소박한 직사각형 모양의 빵으로, 한 조각을 잘라내면 공기가 가득 차고 기포가 많은 속살이 드러난다.</text>",[],quoted_labels_xml_literal_v5
bakery,qwen3,5052044,1,3gram,"A rustic, rectangular loaf of artisan bread with a dark, cracked crust and a dusting of flour, displayed on a light surface with a wooden board holding a sliced piece revealing airy, bubble-like holes.","짙은 색의 갈라진 껍질과 가루가 살짝 뿌려진 소박한 직사각형 모양의 수제 빵 한 덩어리가 밝은 색의 받침대 위에 놓여 있으며, 나무 판자 위에는 얇게 썬 빵 한 조각이 올려져 있어 속이 공기가 가득 찬 거품 같은 구멍이 훤히 드러나 있다.",,ok,translated,,"<text>A rustic, rectangular loaf of artisan bread with a dark, cracked crust and a dusting of flour, displayed on a light surface with a wooden board holding a sliced piece revealing airy, bubble-like holes.</text>","<text>짙은 색의 갈라진 껍질과 가루가 살짝 뿌려진 소박한 직사각형 모양의 수제 빵 한 덩어리가 밝은 색의 받침대 위에 놓여 있으며, 나무 판자 위에는 얇게 썬 빵 한 조각이 올려져 있어 속이 공기가 가득 찬 거품 같은 구멍이 훤히 드러나 있다.</text>",[],quoted_labels_xml_literal_v5
bakery,qwen3,5052044,2,1gram,"A close-up of freshly baked, artisanal bread with a golden-brown crust and a porous, airy interior, sliced and arranged on a rustic wooden board.","갓 구워낸 수제 빵의 클로즈업 사진으로, 겉은 황금빛 갈색을 띠고 속은 기포가 가득해 폭신폭신한 이 빵이 얇게 썰려 소박한 나무 판 위에 정갈하게 놓여 있다.",,ok,translated,,"<text>A close-up of freshly baked, artisanal bread with a golden-brown crust and a porous, airy interior, sliced and arranged on a rustic wooden board.</text>","<text>갓 구워낸 수제 빵의 클로즈업 사진으로, 겉은 황금빛 갈색을 띠고 속은 기포가 가득해 폭신폭신한 이 빵이 얇게 썰려 소박한 나무 판 위에 정갈하게 놓여 있다.</text>",[],quoted_labels_xml_literal_v5
bakery,qwen3,5052044,2,2gram,"A close-up of freshly baked, artisanal bread slices with a golden-brown crust and airy interior, arranged on a wooden cutting board and a light-colored surface.","금빛 갈색의 겉면과 폭신폭신한 속을 자랑하는 갓 구워낸 수제 빵 조각들이, 밝은 색상의 표면이 있는 나무 도마 위에 정갈하게 놓여 있는 근접 촬영 사진.",,ok,translated,,"<text>A close-up of freshly baked, artisanal bread slices with a golden-brown crust and airy interior, arranged on a wooden cutting board and a light-colored surface.</text>","<text>금빛 갈색의 겉면과 폭신폭신한 속을 자랑하는 갓 구워낸 수제 빵 조각들이, 밝은 색상의 표면이 있는 나무 도마 위에 정갈하게 놓여 있는 근접 촬영 사진.</text>",[],quoted_labels_xml_literal_v5
bakery,qwen3,5052044,2,3gram,"A close-up of freshly baked, artisanal bread with a dark, cracked crust and a porous, airy interior, sliced and arranged on a rustic wooden board.","갓 구워낸 수제 빵의 클로즈업 사진으로, 겉은 짙은 색에 갈라진 껍질이 있고 속은 기공이 많아 폭신폭신한 빵이 소박한 나무 판 위에 얇게 썰려 정갈하게 놓여 있다.",,ok,translated,,"<text>A close-up of freshly baked, artisanal bread with a dark, cracked crust and a porous, airy interior, sliced and arranged on a rustic wooden board.</text>","<text>갓 구워낸 수제 빵의 클로즈업 사진으로, 겉은 짙은 색에 갈라진 껍질이 있고 속은 기공이 많아 폭신폭신한 빵이 소박한 나무 판 위에 얇게 썰려 정갈하게 놓여 있다.</text>",[],quoted_labels_xml_literal_v5
bakery,qwen3,5057085,1,1gram,"An open box of PNB brand pastries, featuring a 3x4 grid of individually wrapped treats in various colors and designs, with the orange box labeled ""PNB"" and ""SINCE 1951"".","PNB 브랜드 페이스트리가 담긴 열린 상자로, 다양한 색상과 디자인의 개별 포장된 과자들이 3x4 격자 모양으로 배열되어 있으며, 주황색 상자에는 ‘""PNB""’와 ‘""SINCE 1951""’라고 적혀 있다.",,ok,translated,,"<text>An open box of PNB brand pastries, featuring a 3x4 grid of individually wrapped treats in various colors and designs, with the orange box labeled <keep id=""n0"">KEEP0X</keep> and <keep id=""n1"">KEEP1X</keep>.</text>","<text>PNB 브랜드 페이스트리가 담긴 열린 상자로, 다양한 색상과 디자인의 개별 포장된 과자들이 3x4 격자 모양으로 배열되어 있으며, 주황색 상자에는 <keep id=""n0"">‘KEEP0X’와</keep> <keep id=""n1"">‘KEEP1X’라고</keep> 적혀 있다.</text>","[{""id"": ""n0"", ""token"": ""KEEP0X"", ""original"": ""\""PNB\"""", ""mode"": ""short_marker""}, {""id"": ""n1"", ""token"": ""KEEP1X"", ""original"": ""\""SINCE 1951\"""", ""mode"": ""short_marker""}]",quoted_labels_xml_short_marker_v5
bakery,qwen3,5057085,1,2gram,"An open box of PNB brand pastries, arranged in a 3x4 grid, with the orange PNB box featuring the brand logo and ""SINCE 1951"" text.","PNB 브랜드 페이스트리가 3×4 격자 모양으로 진열된 열린 상자. 주황색 PNB 상자에는 브랜드 로고와 ‘""SINCE 1951""’라는 문구가 적혀 있다.",,ok,translated,,"<text>An open box of PNB brand pastries, arranged in a 3x4 grid, with the orange PNB box featuring the brand logo and <keep id=""n0"">KEEP0X</keep> text.</text>","<text>PNB 브랜드 페이스트리가 3×4 격자 모양으로 진열된 열린 상자. 주황색 PNB 상자에는 브랜드 로고와 <keep id=""n0"">‘KEEP0X’라는</keep> 문구가 적혀 있다.</text>","[{""id"": ""n0"", ""token"": ""KEEP0X"", ""original"": ""\""SINCE 1951\"""", ""mode"": ""short_marker""}]",quoted_labels_xml_short_marker_v5
bakery,qwen3,5057085,1,3gram,"A top-down view of an open, orange PNB gift box containing a 3x4 grid of individually wrapped, assorted pastries.",개봉된 주황색 PNB 선물 상자 안에는 개별 포장된 다양한 종류의 페이스트리가 3x4 격자 모양으로 담겨 있는 모습을 위에서 내려다본 모습입니다.,,ok,translated,,"<text>A top-down view of an open, orange PNB gift box containing a 3x4 grid of individually wrapped, assorted pastries.</text>",<text>개봉된 주황색 PNB 선물 상자 안에는 개별 포장된 다양한 종류의 페이스트리가 3x4 격자 모양으로 담겨 있는 모습을 위에서 내려다본 모습입니다.</text>,[],quoted_labels_xml_literal_v5
bakery,qwen3,5057085,2,1gram,"A white plate holds two chocolate-covered cookies, each with a triangular slice of a different flavor (chocolate and matcha) visible, with a box of similar cookies in the background.","하얀 접시 위에는 초콜릿으로 코팅된 쿠키 두 개가 놓여 있는데, 각 쿠키에는 서로 다른 맛(초콜릿과 말차)의 삼각형 모양 조각이 드러나 있으며, 배경에는 비슷한 쿠키가 들어 있는 상자가 보인다.",,ok,translated,,"<text>A white plate holds two chocolate-covered cookies, each with a triangular slice of a different flavor (chocolate and matcha) visible, with a box of similar cookies in the background.</text>","<text>하얀 접시 위에는 초콜릿으로 코팅된 쿠키 두 개가 놓여 있는데, 각 쿠키에는 서로 다른 맛(초콜릿과 말차)의 삼각형 모양 조각이 드러나 있으며, 배경에는 비슷한 쿠키가 들어 있는 상자가 보인다.</text>",[],quoted_labels_xml_literal_v5
bakery,qwen3,5057085,2,2gram,"A white plate holds two chocolate-covered cookies, each with a triangular slice of a different flavor (chocolate and matcha) visible on the top, with an orange box of similar cookies in the background.","흰색 접시 위에는 초콜릿으로 코팅된 쿠키 두 개가 놓여 있는데, 각 쿠키의 윗면에는 서로 다른 맛(초콜릿과 말차)의 삼각형 모양 조각이 드러나 있으며, 배경에는 비슷한 쿠키가 들어 있는 주황색 상자가 보인다.",,ok,translated,,"<text>A white plate holds two chocolate-covered cookies, each with a triangular slice of a different flavor (chocolate and matcha) visible on the top, with an orange box of similar cookies in the background.</text>","<text>흰색 접시 위에는 초콜릿으로 코팅된 쿠키 두 개가 놓여 있는데, 각 쿠키의 윗면에는 서로 다른 맛(초콜릿과 말차)의 삼각형 모양 조각이 드러나 있으며, 배경에는 비슷한 쿠키가 들어 있는 주황색 상자가 보인다.</text>",[],quoted_labels_xml_literal_v5
bakery,qwen3,5057085,2,3gram,"A white plate holds two chocolate-coated cookies with triangular sections of chocolate and green matcha, with a box of similar cookies in the background.","흰색 접시 위에는 초콜릿과 초록색 말차로 삼각형 모양을 낸 초콜릿 코팅 쿠키 두 개가 놓여 있고, 배경에는 비슷한 모양의 쿠키가 든 상자가 보인다.",,ok,translated,,"<text>A white plate holds two chocolate-coated cookies with triangular sections of chocolate and green matcha, with a box of similar cookies in the background.</text>","<text>흰색 접시 위에는 초콜릿과 초록색 말차로 삼각형 모양을 낸 초콜릿 코팅 쿠키 두 개가 놓여 있고, 배경에는 비슷한 모양의 쿠키가 든 상자가 보인다.</text>",[],quoted_labels_xml_literal_v5
bakery,qwen3,5063069,1,1gram,"A white plate holds three round, golden-brown potato snacks, with a brown cardboard box featuring a cartoon potato character and Korean text in the background.","하얀 접시 위에는 둥글고 황금빛 갈색을 띤 감자 스낵 세 개가 놓여 있으며, 배경에는 만화 속 감자 캐릭터와 한국어 문구가 그려진 갈색 골판지 상자가 보인다.",,ok,translated,,"<text>A white plate holds three round, golden-brown potato snacks, with a brown cardboard box featuring a cartoon potato character and Korean text in the background.</text>","<text>하얀 접시 위에는 둥글고 황금빛 갈색을 띤 감자 스낵 세 개가 놓여 있으며, 배경에는 만화 속 감자 캐릭터와 한국어 문구가 그려진 갈색 골판지 상자가 보인다.</text>",[],quoted_labels_xml_literal_v5
bakery,qwen3,5063069,1,2gram,"A white plate holds three round, golden-brown pastries, each with a visible filling, next to a brown cardboard box featuring a cartoon potato character.","하얀 접시 위에는 속이 훤히 보이는 둥근 황금빛 갈색 페이스트리 세 개가 놓여 있고, 그 옆에는 만화 속 감자 캐릭터가 그려진 갈색 골판지 상자가 놓여 있다.",,ok,translated,,"<text>A white plate holds three round, golden-brown pastries, each with a visible filling, next to a brown cardboard box featuring a cartoon potato character.</text>","<text>하얀 접시 위에는 속이 훤히 보이는 둥근 황금빛 갈색 페이스트리 세 개가 놓여 있고, 그 옆에는 만화 속 감자 캐릭터가 그려진 갈색 골판지 상자가 놓여 있다.</text>",[],quoted_labels_xml_literal_v5
bakery,qwen3,5063069,1,3gram,"A white plate holds three round, golden-brown potato cakes, one of which is cut in half to reveal a creamy, light-colored interior, with a brown cardboard box featuring a cartoon potato character in the background.","하얀 접시 위에는 둥글고 황금빛 갈색을 띤 감자 케이크 세 개가 놓여 있는데, 그중 하나는 반으로 잘려 있어 크림처럼 부드러운 연한 색의 속이 드러나 있으며, 배경에는 만화 속 감자 캐릭터가 그려진 갈색 판지 상자가 보인다.",,ok,translated,,"<text>A white plate holds three round, golden-brown potato cakes, one of which is cut in half to reveal a creamy, light-colored interior, with a brown cardboard box featuring a cartoon potato character in the background.</text>","<text>하얀 접시 위에는 둥글고 황금빛 갈색을 띤 감자 케이크 세 개가 놓여 있는데, 그중 하나는 반으로 잘려 있어 크림처럼 부드러운 연한 색의 속이 드러나 있으며, 배경에는 만화 속 감자 캐릭터가 그려진 갈색 판지 상자가 보인다.</text>",[],quoted_labels_xml_literal_v5
bakery,qwen3,5063069,2,1gram,"Three round, golden-brown pastries with a creamy, yellow interior, served on a white plate.","흰 접시 위에 올려진, 둥글고 황금빛 갈색을 띤 페이스트리 세 개. 속은 크림처럼 노란색이다.",,ok,translated,,"<text>Three round, golden-brown pastries with a creamy, yellow interior, served on a white plate.</text>","<text>흰 접시 위에 올려진, 둥글고 황금빛 갈색을 띤 페이스트리 세 개. 속은 크림처럼 노란색이다.</text>",[],quoted_labels_xml_literal_v5
bakery,qwen3,5063069,2,2gram,"Three golden, round pastries with a creamy filling, one of which is sliced to reveal the inside.","크림이 듬뿍 들어간 황금빛 둥근 페이스트리 세 개로, 그중 하나는 잘려 있어 속이 드러나 있다.",,ok,translated,,"<text>Three golden, round pastries with a creamy filling, one of which is sliced to reveal the inside.</text>","<text>크림이 듬뿍 들어간 황금빛 둥근 페이스트리 세 개로, 그중 하나는 잘려 있어 속이 드러나 있다.</text>",[],quoted_labels_xml_literal_v5
bakery,qwen3,5063069,2,3gram,"Three golden, round pastries with a creamy filling, served on a white plate.",크림이 듬뿍 들어간 황금빛 둥근 페이스트리 세 개가 하얀 접시에 담겨 있다.,,ok,translated,,"<text>Three golden, round pastries with a creamy filling, served on a white plate.</text>",<text>크림이 듬뿍 들어간 황금빛 둥근 페이스트리 세 개가 하얀 접시에 담겨 있다.</text>,[],quoted_labels_xml_literal_v5
bakery,qwen3,5071363,1,1gram,"A glass jar of red strawberry jam with a gold lid, featuring a label with Korean text and illustrations of strawberries.","금색 뚜껑이 달린 빨간 딸기잼 유리병으로, 라벨에는 한국어 문구와 딸기 일러스트가 그려져 있다.",,ok,translated,,"<text>A glass jar of red strawberry jam with a gold lid, featuring a label with Korean text and illustrations of strawberries.</text>","<text>금색 뚜껑이 달린 빨간 딸기잼 유리병으로, 라벨에는 한국어 문구와 딸기 일러스트가 그려져 있다.</text>",[],quoted_labels_xml_literal_v5
bakery,qwen3,5071363,1,2gram,A glass jar of red strawberry jam with a wooden lid and a label featuring Korean text and illustrations of strawberries.,"나무 뚜껑이 달린 빨간 딸기 잼이 든 유리병으로, 라벨에는 한국어 문구와 딸기 일러스트가 그려져 있다.",,ok,translated,,<text>A glass jar of red strawberry jam with a wooden lid and a label featuring Korean text and illustrations of strawberries.</text>,"<text>나무 뚜껑이 달린 빨간 딸기 잼이 든 유리병으로, 라벨에는 한국어 문구와 딸기 일러스트가 그려져 있다.</text>",[],quoted_labels_xml_literal_v5
bakery,qwen3,5071363,1,3gram,"A glass jar of red strawberry jam with a wooden lid, featuring a label with Korean text and illustrations of strawberries.","나무 뚜껑이 달린 빨간 딸기잼이 든 유리병으로, 라벨에는 한국어 문구와 딸기 일러스트가 그려져 있다.",,ok,translated,,"<text>A glass jar of red strawberry jam with a wooden lid, featuring a label with Korean text and illustrations of strawberries.</text>","<text>나무 뚜껑이 달린 빨간 딸기잼이 든 유리병으로, 라벨에는 한국어 문구와 딸기 일러스트가 그려져 있다.</text>",[],quoted_labels_xml_literal_v5
bakery,qwen3,5071363,2,1gram,"A glass jar of red strawberry jam with a gold lid and a label featuring illustrations of strawberries and Korean text, placed on a light gray surface.","밝은 회색 바탕 위에, 금색 뚜껑이 달린 빨간 딸기 잼 유리병이 놓여 있으며, 병 라벨에는 딸기 일러스트와 한국어 문구가 그려져 있다.",,ok,translated,,"<text>A glass jar of red strawberry jam with a gold lid and a label featuring illustrations of strawberries and Korean text, placed on a light gray surface.</text>","<text>밝은 회색 바탕 위에, 금색 뚜껑이 달린 빨간 딸기 잼 유리병이 놓여 있으며, 병 라벨에는 딸기 일러스트와 한국어 문구가 그려져 있다.</text>",[],quoted_labels_xml_literal_v5
bakery,qwen3,5071363,2,2gram,"A glass jar of red strawberry jam with a gold lid, featuring a label with Korean text and a strawberry illustration.","금색 뚜껑이 달린 빨간 딸기잼 유리병으로, 라벨에는 한국어 문구와 딸기 일러스트가 그려져 있다.",,ok,translated,,"<text>A glass jar of red strawberry jam with a gold lid, featuring a label with Korean text and a strawberry illustration.</text>","<text>금색 뚜껑이 달린 빨간 딸기잼 유리병으로, 라벨에는 한국어 문구와 딸기 일러스트가 그려져 있다.</text>",[],quoted_labels_xml_literal_v5
bakery,qwen3,5071363,2,3gram,A glass jar of red strawberry jam with a gold lid and a label featuring Korean text and illustrations of strawberries.,"금색 뚜껑이 달린 빨간 딸기잼이 든 유리병으로, 라벨에는 한국어 문구와 딸기 일러스트가 그려져 있다.",,ok,translated,,<text>A glass jar of red strawberry jam with a gold lid and a label featuring Korean text and illustrations of strawberries.</text>,"<text>금색 뚜껑이 달린 빨간 딸기잼이 든 유리병으로, 라벨에는 한국어 문구와 딸기 일러스트가 그려져 있다.</text>",[],quoted_labels_xml_literal_v5
bakery,qwen3,5074339,1,1gram,"A white box and a single, golden-brown cake with a bear illustration on the packaging, featuring cartoon bears playing musical instruments.","흰색 상자 하나와, 포장지에 악기를 연주하는 만화 속 곰들이 그려진 황금빛 갈색 케이크 한 개가 들어 있다.",,ok,translated,,"<text>A white box and a single, golden-brown cake with a bear illustration on the packaging, featuring cartoon bears playing musical instruments.</text>","<text>흰색 상자 하나와, 포장지에 악기를 연주하는 만화 속 곰들이 그려진 황금빛 갈색 케이크 한 개가 들어 있다.</text>",[],quoted_labels_xml_literal_v5
bakery,qwen3,5074339,1,2gram,"A white box and a single, golden-brown cake with a bear illustration on the packaging, both featuring cartoon bears playing musical instruments.","흰색 상자와 포장지에 곰 그림이 그려진 황금빛 갈색 케이크 한 개로, 둘 다 악기를 연주하는 만화 속 곰들이 그려져 있다.",,ok,translated,,"<text>A white box and a single, golden-brown cake with a bear illustration on the packaging, both featuring cartoon bears playing musical instruments.</text>","<text>흰색 상자와 포장지에 곰 그림이 그려진 황금빛 갈색 케이크 한 개로, 둘 다 악기를 연주하는 만화 속 곰들이 그려져 있다.</text>",[],quoted_labels_xml_literal_v5
bakery,qwen3,5074339,1,3gram,"A white box with a handle and illustrations of bears playing musical instruments, accompanied by a single bear-shaped pastry on a small plate.","손잡이가 달린 흰색 상자에는 악기를 연주하는 곰들의 그림이 그려져 있으며, 작은 접시 위에는 곰 모양의 과자 하나가 놓여 있다.",,ok,translated,,"<text>A white box with a handle and illustrations of bears playing musical instruments, accompanied by a single bear-shaped pastry on a small plate.</text>","<text>손잡이가 달린 흰색 상자에는 악기를 연주하는 곰들의 그림이 그려져 있으며, 작은 접시 위에는 곰 모양의 과자 하나가 놓여 있다.</text>",[],quoted_labels_xml_literal_v5
bakery,qwen3,5074339,2,1gram,"A stack of two golden-brown, fluffy cakes on a white plate, with a light, neutral background.","밝고 중성적인 색감의 배경을 배경으로, 하얀 접시 위에 황금빛 갈색의 폭신폭신한 케이크 두 개가 쌓여 있다.",,ok,translated,,"<text>A stack of two golden-brown, fluffy cakes on a white plate, with a light, neutral background.</text>","<text>밝고 중성적인 색감의 배경을 배경으로, 하얀 접시 위에 황금빛 갈색의 폭신폭신한 케이크 두 개가 쌓여 있다.</text>",[],quoted_labels_xml_literal_v5
bakery,qwen3,5074339,2,2gram,"A stack of two golden-brown, porous sponge cakes on a white plate against a light gray background.","밝은 회색 배경을 배경으로, 흰색 접시 위에 황금빛 갈색의 구멍이 숭숭 뚫린 스펀지 케이크 두 개가 쌓여 있다.",,ok,translated,,"<text>A stack of two golden-brown, porous sponge cakes on a white plate against a light gray background.</text>","<text>밝은 회색 배경을 배경으로, 흰색 접시 위에 황금빛 갈색의 구멍이 숭숭 뚫린 스펀지 케이크 두 개가 쌓여 있다.</text>",[],quoted_labels_xml_literal_v5
bakery,qwen3,5074339,2,3gram,"Two golden-brown, porous cake slices stacked on a white plate against a bright, neutral background.","밝고 중성적인 배경을 배경으로, 흰색 접시 위에 황금빛 갈색의 푹신한 케이크 조각 두 개가 겹쳐 놓여 있다.",,ok,translated,,"<text>Two golden-brown, porous cake slices stacked on a white plate against a bright, neutral background.</text>","<text>밝고 중성적인 배경을 배경으로, 흰색 접시 위에 황금빛 갈색의 푹신한 케이크 조각 두 개가 겹쳐 놓여 있다.</text>",[],quoted_labels_xml_literal_v5
bakery,qwen3,5097791,1,1gram,"A black box labeled ""Pastel de Nata Original"" with four golden-brown Portuguese egg tarts on a white plate.","‘""Pastel de Nata Original""’라고 적힌 검은 상자 안에, 흰 접시 위에 황금빛 갈색의 포르투갈식 에그타르트 네 개가 놓여 있다.",,ok,translated,,"<text>A black box labeled <keep id=""n0"">KEEP0X</keep> with four golden-brown Portuguese egg tarts on a white plate.</text>","<text><keep id=""n0"">‘KEEP0X’라고</keep> 적힌 검은 상자 안에, 흰 접시 위에 황금빛 갈색의 포르투갈식 에그타르트 네 개가 놓여 있다.</text>","[{""id"": ""n0"", ""token"": ""KEEP0X"", ""original"": ""\""Pastel de Nata Original\"""", ""mode"": ""short_marker""}]",quoted_labels_xml_short_marker_v5
bakery,qwen3,5097791,1,2gram,"A black box of ""Pastel de Nata Original"" Portuguese tarts, with four golden-brown, flaky pastries arranged on a light blue plate.","""Pastel de Nata Original"" 포르투갈 타르트가 들어 있는 검은색 상자. 연한 파란색 접시 위에는 황금빛 갈색을 띠고 바삭바삭한 페이스트리 4개가 정갈하게 놓여 있다.",,ok,translated,,"<text>A black box of <keep id=""n0"">KEEP0X</keep> Portuguese tarts, with four golden-brown, flaky pastries arranged on a light blue plate.</text>","<text><keep id=""n0"">KEEP0X</keep> 포르투갈 타르트가 들어 있는 검은색 상자. 연한 파란색 접시 위에는 황금빛 갈색을 띠고 바삭바삭한 페이스트리 4개가 정갈하게 놓여 있다.</text>","[{""id"": ""n0"", ""token"": ""KEEP0X"", ""original"": ""\""Pastel de Nata Original\"""", ""mode"": ""short_marker""}]",quoted_labels_xml_short_marker_v5
bakery,qwen3,5097791,1,3gram,"A black box labeled ""Pastel de Nata Original"" with four golden-brown, flaky pastries on a white plate, showcasing a traditional Portuguese dessert.","‘""Pastel de Nata Original""’라고 적힌 검은 상자와 흰 접시 위에 놓인 황금빛 갈색의 바삭바삭한 페이스트리 네 개가 담긴 사진으로, 포르투갈의 전통 디저트를 보여주고 있다.",,ok,translated,,"<text>A black box labeled <keep id=""n0"">KEEP0X</keep> with four golden-brown, flaky pastries on a white plate, showcasing a traditional Portuguese dessert.</text>","<text><keep id=""n0"">‘KEEP0X’라고</keep> 적힌 검은 상자와 흰 접시 위에 놓인 황금빛 갈색의 바삭바삭한 페이스트리 네 개가 담긴 사진으로, 포르투갈의 전통 디저트를 보여주고 있다.</text>","[{""id"": ""n0"", ""token"": ""KEEP0X"", ""original"": ""\""Pastel de Nata Original\"""", ""mode"": ""short_marker""}]",quoted_labels_xml_short_marker_v5
bakery,qwen3,5097791,2,1gram,"A white plate holds three egg tarts: two whole and one cut in half, revealing a creamy, golden custard filling with a dark, caramelized top.","하얀 접시 위에는 에그타르트 세 개가 놓여 있다. 두 개는 통째로 있고, 하나는 반으로 잘려 있어, 크림처럼 부드럽고 황금빛을 띤 커스터드 속이 드러나며, 윗면은 진한 카라멜 색을 띠고 있다.",,ok,translated,,"<text>A white plate holds three egg tarts: two whole and one cut in half, revealing a creamy, golden custard filling with a dark, caramelized top.</text>","<text>하얀 접시 위에는 에그타르트 세 개가 놓여 있다. 두 개는 통째로 있고, 하나는 반으로 잘려 있어, 크림처럼 부드럽고 황금빛을 띤 커스터드 속이 드러나며, 윗면은 진한 카라멜 색을 띠고 있다.</text>",[],quoted_labels_xml_literal_v5
bakery,qwen3,5097791,2,2gram,"Three egg tarts on a white plate, with one cut in half to reveal the creamy filling and golden-brown crust.","하얀 접시 위에 에그 타르트 세 개가 놓여 있는데, 그중 하나는 반으로 잘려 있어 크림 같은 속과 노릇노릇한 겉면이 드러나 있다.",,ok,translated,,"<text>Three egg tarts on a white plate, with one cut in half to reveal the creamy filling and golden-brown crust.</text>","<text>하얀 접시 위에 에그 타르트 세 개가 놓여 있는데, 그중 하나는 반으로 잘려 있어 크림 같은 속과 노릇노릇한 겉면이 드러나 있다.</text>",[],quoted_labels_xml_literal_v5
bakery,qwen3,5097791,2,3gram,"Three Portuguese pastries, two whole and one cut in half, showcasing a golden-brown, caramelized crust and a creamy, pale yellow filling.","포르투갈식 페이스트리 세 개(두 개는 통째로, 하나는 반으로 잘린 것)로, 황금빛 갈색의 캐러멜화된 겉면과 크림처럼 부드러운 연노란색 속이 돋보입니다.",,ok,translated,,"<text>Three Portuguese pastries, two whole and one cut in half, showcasing a golden-brown, caramelized crust and a creamy, pale yellow filling.</text>","<text>포르투갈식 페이스트리 세 개(두 개는 통째로, 하나는 반으로 잘린 것)로, 황금빛 갈색의 캐러멜화된 겉면과 크림처럼 부드러운 연노란색 속이 돋보입니다.</text>",[],quoted_labels_xml_literal_v5
bakery,qwen3,5115048,1,1gram,"A collection of six small hexagonal jars of jam, each with a green lid and a label featuring fruit illustrations, arranged on a white surface with one jar open and a spoonful of apricot jam on the table.","초록색 뚜껑과 과일 일러스트가 그려진 라벨이 달린 작은 육각형 잼 병 여섯 개가 흰색 표면 위에 놓여 있으며, 그중 한 병은 뚜껑이 열려 있고 테이블 위에는 살구 잼 한 숟가락이 놓여 있다.",,ok,translated,,"<text>A collection of six small hexagonal jars of jam, each with a green lid and a label featuring fruit illustrations, arranged on a white surface with one jar open and a spoonful of apricot jam on the table.</text>","<text>초록색 뚜껑과 과일 일러스트가 그려진 라벨이 달린 작은 육각형 잼 병 여섯 개가 흰색 표면 위에 놓여 있으며, 그중 한 병은 뚜껑이 열려 있고 테이블 위에는 살구 잼 한 숟가락이 놓여 있다.</text>",[],quoted_labels_xml_literal_v5
bakery,qwen3,5115048,1,2gram,"A collection of six small hexagonal jars of Darbo Since 1853 jam, each with a green lid and a label indicating 70% fruit content, displayed on a white surface with one jar open and a spoonful of apricot jam on the table.","‘Darbo Since 1853’ 잼이 담긴 작은 육각형 병 6개가 한 세트로, 각 병에는 녹색 뚜껑이 달려 있고 과일 함량이 70%임을 나타내는 라벨이 붙어 있다. 이 병들은 흰색 바탕 위에 진열되어 있으며, 그중 한 병은 뚜껑이 열려 있고 테이블 위에는 살구 잼 한 숟가락이 놓여 있다.",,ok,translated,,"<text>A collection of six small hexagonal jars of Darbo Since 1853 jam, each with a green lid and a label indicating 70% fruit content, displayed on a white surface with one jar open and a spoonful of apricot jam on the table.</text>","<text>‘Darbo Since 1853’ 잼이 담긴 작은 육각형 병 6개가 한 세트로, 각 병에는 녹색 뚜껑이 달려 있고 과일 함량이 70%임을 나타내는 라벨이 붙어 있다. 이 병들은 흰색 바탕 위에 진열되어 있으며, 그중 한 병은 뚜껑이 열려 있고 테이블 위에는 살구 잼 한 숟가락이 놓여 있다.</text>",[],quoted_labels_xml_literal_v5
bakery,qwen3,5115048,1,3gram,"A collection of six hexagonal glass jars of Darbo Since 1853 jam, each with a green lid and a label indicating 70% fruit content, displayed on a white surface with one jar open and a spoonful of apricot jam on the table.","‘Darbo Since 1853’ 잼이 담긴 육각형 유리병 6개가 한 세트로, 각 병에는 녹색 뚜껑이 달려 있고 과일 함량이 70%임을 나타내는 라벨이 붙어 있으며, 흰색 바탕 위에 진열되어 있다. 그중 한 병은 뚜껑이 열려 있고, 테이블 위에는 살구 잼 한 숟가락이 놓여 있다.",,ok,translated,,"<text>A collection of six hexagonal glass jars of Darbo Since 1853 jam, each with a green lid and a label indicating 70% fruit content, displayed on a white surface with one jar open and a spoonful of apricot jam on the table.</text>","<text>‘Darbo Since 1853’ 잼이 담긴 육각형 유리병 6개가 한 세트로, 각 병에는 녹색 뚜껑이 달려 있고 과일 함량이 70%임을 나타내는 라벨이 붙어 있으며, 흰색 바탕 위에 진열되어 있다. 그중 한 병은 뚜껑이 열려 있고, 테이블 위에는 살구 잼 한 숟가락이 놓여 있다.</text>",[],quoted_labels_xml_literal_v5
bakery,qwen3,5115048,2,1gram,"A white surface displays five hexagonal glass jars of Darbo jam, each with a green lid and a label indicating the fruit type and ""70% RICH IN FRUIT"" claim, with one jar open and a wooden spoon resting in it.","하얀 바탕 위에 다르보(Darbo) 잼이 담긴 육각형 유리병 다섯 개가 놓여 있는데, 각 병에는 녹색 뚜껑이 씌워져 있고 과일 종류와 ‘""70% RICH IN FRUIT""’ 문구가 적힌 라벨이 붙어 있으며, 그중 한 병은 뚜껑이 열려 있고 나무 숟가락이 그 안에 꽂혀 있다.",,ok,translated,,"<text>A white surface displays five hexagonal glass jars of Darbo jam, each with a green lid and a label indicating the fruit type and <keep id=""n0"">KEEP0X</keep> claim, with one jar open and a wooden spoon resting in it.</text>","<text>하얀 바탕 위에 다르보(Darbo) 잼이 담긴 육각형 유리병 다섯 개가 놓여 있는데, 각 병에는 녹색 뚜껑이 씌워져 있고 과일 종류와 <keep id=""n0"">‘KEEP0X’</keep> 문구가 적힌 라벨이 붙어 있으며, 그중 한 병은 뚜껑이 열려 있고 나무 숟가락이 그 안에 꽂혀 있다.</text>","[{""id"": ""n0"", ""token"": ""KEEP0X"", ""original"": ""\""70% RICH IN FRUIT\"""", ""mode"": ""short_marker""}]",quoted_labels_xml_short_marker_v5
bakery,qwen3,5115048,2,2gram,"A white surface displays six hexagonal glass jars of Darbo jam, each with a green lid and a label featuring illustrations of various fruits, with one jar open and a wooden spoon resting inside.","하얀 바탕 위에 녹색 뚜껑이 달린 다르보(Darbo) 잼이 든 육각형 유리병 여섯 개가 놓여 있는데, 각 병에는 다양한 과일이 그려진 라벨이 붙어 있으며, 그중 한 병은 뚜껑이 열려 있고 안에는 나무 숟가락이 놓여 있다.",,ok,translated,,"<text>A white surface displays six hexagonal glass jars of Darbo jam, each with a green lid and a label featuring illustrations of various fruits, with one jar open and a wooden spoon resting inside.</text>","<text>하얀 바탕 위에 녹색 뚜껑이 달린 다르보(Darbo) 잼이 든 육각형 유리병 여섯 개가 놓여 있는데, 각 병에는 다양한 과일이 그려진 라벨이 붙어 있으며, 그중 한 병은 뚜껑이 열려 있고 안에는 나무 숟가락이 놓여 있다.</text>",[],quoted_labels_xml_literal_v5
bakery,qwen3,5115048,2,3gram,"A collection of six hexagonal glass jars of Darbo jam, each with a green lid and a label featuring illustrations of various fruits, arranged on a light surface with some jars open and a wooden spoon resting in one.","다르보(Darbo) 잼이 들어 있는 육각형 유리병 6개가 한 세트로, 각 병에는 녹색 뚜껑이 달려 있고 다양한 과일 일러스트가 그려진 라벨이 붙어 있으며, 밝은 색상의 표면 위에 놓여 있다. 병 중 일부는 뚜껑이 열려 있고, 한 병 안에는 나무 숟가락이 꽂혀 있다.",,ok,translated,,"<text>A collection of six hexagonal glass jars of Darbo jam, each with a green lid and a label featuring illustrations of various fruits, arranged on a light surface with some jars open and a wooden spoon resting in one.</text>","<text>다르보(Darbo) 잼이 들어 있는 육각형 유리병 6개가 한 세트로, 각 병에는 녹색 뚜껑이 달려 있고 다양한 과일 일러스트가 그려진 라벨이 붙어 있으며, 밝은 색상의 표면 위에 놓여 있다. 병 중 일부는 뚜껑이 열려 있고, 한 병 안에는 나무 숟가락이 꽂혀 있다.</text>",[],quoted_labels_xml_literal_v5
bakery,qwen3,5116362,1,1gram,"A light green, square-shaped tea biscuit, packaged in a white box with a green diamond design, is displayed on a light gray surface, with a few biscuits on a small white plate and a teal box containing individual packets.","연두색의 사각형 차 비스킷이, 녹색 다이아몬드 무늬가 들어간 흰색 상자에 담겨 연회색 바탕 위에 진열되어 있으며, 작은 흰색 접시 위에는 비스킷 몇 개가 놓여 있고, 개별 포장된 비스킷이 들어 있는 청록색 상자도 함께 놓여 있다.",,ok,translated,,"<text>A light green, square-shaped tea biscuit, packaged in a white box with a green diamond design, is displayed on a light gray surface, with a few biscuits on a small white plate and a teal box containing individual packets.</text>","<text>연두색의 사각형 차 비스킷이, 녹색 다이아몬드 무늬가 들어간 흰색 상자에 담겨 연회색 바탕 위에 진열되어 있으며, 작은 흰색 접시 위에는 비스킷 몇 개가 놓여 있고, 개별 포장된 비스킷이 들어 있는 청록색 상자도 함께 놓여 있다.</text>",[],quoted_labels_xml_literal_v5
bakery,qwen3,5116362,1,2gram,"A light green, square-shaped tea cookie, known as ""Green Tea Longue de Chat,"" is displayed in a white box and on a plate, with a few pieces scattered around, suggesting a fresh and simple presentation.","‘""Green Tea Longue de Chat,""’로 알려진 연한 녹색의 사각형 차 쿠키는 흰색 상자와 접시 위에 진열되어 있으며, 주변에 몇 조각이 흩어져 있어 신선하고 심플한 느낌을 자아냅니다.",,ok,translated,,"<text>A light green, square-shaped tea cookie, known as <keep id=""n0"">KEEP0X</keep> is displayed in a white box and on a plate, with a few pieces scattered around, suggesting a fresh and simple presentation.</text>","<text><keep id=""n0"">‘KEEP0X’로</keep> 알려진 연한 녹색의 사각형 차 쿠키는 흰색 상자와 접시 위에 진열되어 있으며, 주변에 몇 조각이 흩어져 있어 신선하고 심플한 느낌을 자아냅니다.</text>","[{""id"": ""n0"", ""token"": ""KEEP0X"", ""original"": ""\""Green Tea Longue de Chat,\"""", ""mode"": ""short_marker""}]",quoted_labels_xml_short_marker_v5
bakery,qwen3,5116362,1,3gram,"A light green, square-shaped green tea cookie, neatly packaged in a white box with a teal lid, is displayed on a light gray surface, with a few cookies on a small white plate and one broken cookie beside the box.","연두색의 사각형 녹차 쿠키가 청록색 뚜껑이 달린 흰색 상자에 깔끔하게 포장되어 연회색 바탕 위에 놓여 있으며, 작은 흰색 접시 위에는 쿠키 몇 개가 담겨 있고, 상자 옆에는 부서진 쿠키 한 조각이 놓여 있다.",,ok,translated,,"<text>A light green, square-shaped green tea cookie, neatly packaged in a white box with a teal lid, is displayed on a light gray surface, with a few cookies on a small white plate and one broken cookie beside the box.</text>","<text>연두색의 사각형 녹차 쿠키가 청록색 뚜껑이 달린 흰색 상자에 깔끔하게 포장되어 연회색 바탕 위에 놓여 있으며, 작은 흰색 접시 위에는 쿠키 몇 개가 담겨 있고, 상자 옆에는 부서진 쿠키 한 조각이 놓여 있다.</text>",[],quoted_labels_xml_literal_v5
bakery,qwen3,5116362,2,1gram,"A light green, square-shaped cookie with a matcha filling, broken in half to reveal the creamy green filling, sits on a white surface next to a teal box of the same cookies.","말차 필링이 들어간 연한 녹색의 사각형 쿠키가 반으로 갈라져 크림처럼 부드러운 녹색 필링이 드러난 채, 흰색 바탕 위에 같은 쿠키가 들어 있는 청록색 상자 옆에 놓여 있다.",,ok,translated,,"<text>A light green, square-shaped cookie with a matcha filling, broken in half to reveal the creamy green filling, sits on a white surface next to a teal box of the same cookies.</text>","<text>말차 필링이 들어간 연한 녹색의 사각형 쿠키가 반으로 갈라져 크림처럼 부드러운 녹색 필링이 드러난 채, 흰색 바탕 위에 같은 쿠키가 들어 있는 청록색 상자 옆에 놓여 있다.</text>",[],quoted_labels_xml_literal_v5
bakery,qwen3,5116362,2,2gram,"A light green, square-shaped matcha cookie with a soft, porous texture, broken in half to reveal a creamy green filling, sits on a white surface next to a teal box of the same cookies.","부드럽고 푹신한 식감의 연한 녹색 사각형 말차 쿠키가 반으로 갈라져 크림 같은 녹색 속이 드러난 채, 흰색 바탕 위에 같은 쿠키가 들어 있는 청록색 상자 옆에 놓여 있다.",,ok,translated,,"<text>A light green, square-shaped matcha cookie with a soft, porous texture, broken in half to reveal a creamy green filling, sits on a white surface next to a teal box of the same cookies.</text>","<text>부드럽고 푹신한 식감의 연한 녹색 사각형 말차 쿠키가 반으로 갈라져 크림 같은 녹색 속이 드러난 채, 흰색 바탕 위에 같은 쿠키가 들어 있는 청록색 상자 옆에 놓여 있다.</text>",[],quoted_labels_xml_literal_v5
bakery,qwen3,5116362,2,3gram,"A light green, square-shaped matcha cookie with a soft, porous texture, broken in half to reveal a creamy green filling, is displayed on a white surface next to a teal-colored box of the same cookies, with the brand name ""OSULLOC"" visible on the packaging.","부드럽고 푹신한 식감의 연한 녹색 사각형 말차 쿠키가 반으로 갈라져 크림 같은 녹색 속이 드러난 채, 흰색 바탕 위에 놓여 있으며, 그 옆에는 같은 쿠키가 들어 있는 청록색 상자가 놓여 있고, 포장지에는 ‘""OSULLOC""’라는 브랜드명이 적혀 있다.",,ok,translated,,"<text>A light green, square-shaped matcha cookie with a soft, porous texture, broken in half to reveal a creamy green filling, is displayed on a white surface next to a teal-colored box of the same cookies, with the brand name <keep id=""n0"">KEEP0X</keep> visible on the packaging.</text>","<text>부드럽고 푹신한 식감의 연한 녹색 사각형 말차 쿠키가 반으로 갈라져 크림 같은 녹색 속이 드러난 채, 흰색 바탕 위에 놓여 있으며, 그 옆에는 같은 쿠키가 들어 있는 청록색 상자가 놓여 있고, 포장지에는 <keep id=""n0"">‘KEEP0X’라는</keep> 브랜드명이 적혀 있다.</text>","[{""id"": ""n0"", ""token"": ""KEEP0X"", ""original"": ""\""OSULLOC\"""", ""mode"": ""short_marker""}]",quoted_labels_xml_short_marker_v5
bakery,qwen3,5122986,1,1gram,"A white box with a polka dot pattern and the Krispy Kreme logo, containing nine golden-brown doughnuts arranged in a 3x3 grid.","폴카 도트 무늬와 크리스피 크림 로고가 그려진 흰색 상자 안에, 3×3 격자 모양으로 배열된 황금빛 갈색 도넛 9개가 들어 있다.",,ok,translated,,"<text>A white box with a polka dot pattern and the Krispy Kreme logo, containing nine golden-brown doughnuts arranged in a 3x3 grid.</text>","<text>폴카 도트 무늬와 크리스피 크림 로고가 그려진 흰색 상자 안에, 3×3 격자 모양으로 배열된 황금빛 갈색 도넛 9개가 들어 있다.</text>",[],quoted_labels_xml_literal_v5
bakery,qwen3,5122986,1,2gram,"A white box with a polka dot pattern and the Krispy Kreme logo, containing nine golden-brown donuts arranged in a 3x3 grid.","폴카 도트 무늬와 크리스피 크림 로고가 그려진 흰색 상자 안에, 3×3 격자 모양으로 배열된 황금빛 갈색 도넛 9개가 들어 있다.",,ok,translated,,"<text>A white box with a polka dot pattern and the Krispy Kreme logo, containing nine golden-brown donuts arranged in a 3x3 grid.</text>","<text>폴카 도트 무늬와 크리스피 크림 로고가 그려진 흰색 상자 안에, 3×3 격자 모양으로 배열된 황금빛 갈색 도넛 9개가 들어 있다.</text>",[],quoted_labels_xml_literal_v5
bakery,qwen3,5122986,1,3gram,"A white box with a black polka dot pattern, containing nine golden-brown Krispy Kreme doughnuts, is shown open and closed on a light gray surface.","검은색 물방울 무늬가 있는 흰색 상자 안에 황금빛 갈색의 크리스피 크림 도넛 9개가 들어 있으며, 이 상자가 밝은 회색 바탕 위에서 열린 상태와 닫힌 상태로 보여진다.",,ok,translated,,"<text>A white box with a black polka dot pattern, containing nine golden-brown Krispy Kreme doughnuts, is shown open and closed on a light gray surface.</text>","<text>검은색 물방울 무늬가 있는 흰색 상자 안에 황금빛 갈색의 크리스피 크림 도넛 9개가 들어 있으며, 이 상자가 밝은 회색 바탕 위에서 열린 상태와 닫힌 상태로 보여진다.</text>",[],quoted_labels_xml_literal_v5
bakery,qwen3,5122986,2,1gram,"A white box with a polka dot pattern and the Krispy Kreme logo, containing eight glazed doughnuts, is shown on a light gray surface.","밝은 회색 바탕 위에, 폴카 도트 무늬와 크리스피 크림 로고가 새겨진 흰색 상자가 놓여 있으며, 그 안에는 글레이즈 도넛 8개가 들어 있다.",,ok,translated,,"<text>A white box with a polka dot pattern and the Krispy Kreme logo, containing eight glazed doughnuts, is shown on a light gray surface.</text>","<text>밝은 회색 바탕 위에, 폴카 도트 무늬와 크리스피 크림 로고가 새겨진 흰색 상자가 놓여 있으며, 그 안에는 글레이즈 도넛 8개가 들어 있다.</text>",[],quoted_labels_xml_literal_v5
bakery,qwen3,5122986,2,2gram,"A white box with a green and red Krispy Kreme logo and a polka dot pattern, containing eight golden-brown glazed doughnuts.","초록색과 빨간색의 크리스피 크림 로고와 물방울 무늬가 그려진 흰색 상자 안에, 황금빛 갈색의 글레이즈 도넛 8개가 들어 있다.",,ok,translated,,"<text>A white box with a green and red Krispy Kreme logo and a polka dot pattern, containing eight golden-brown glazed doughnuts.</text>","<text>초록색과 빨간색의 크리스피 크림 로고와 물방울 무늬가 그려진 흰색 상자 안에, 황금빛 갈색의 글레이즈 도넛 8개가 들어 있다.</text>",[],quoted_labels_xml_literal_v5
bakery,qwen3,5122986,2,3gram,"A white box with a polka dot pattern and the Krispy Kreme logo, containing eight golden-brown glazed doughnuts arranged in a 3x3 grid.","폴카 도트 무늬와 크리스피 크림 로고가 새겨진 흰색 상자 안에, 3×3 격자 모양으로 배열된 황금빛 갈색 글레이즈 도넛 8개가 들어 있다.",,ok,translated,,"<text>A white box with a polka dot pattern and the Krispy Kreme logo, containing eight golden-brown glazed doughnuts arranged in a 3x3 grid.</text>","<text>폴카 도트 무늬와 크리스피 크림 로고가 새겨진 흰색 상자 안에, 3×3 격자 모양으로 배열된 황금빛 갈색 글레이즈 도넛 8개가 들어 있다.</text>",[],quoted_labels_xml_literal_v5
bakery,qwen3,5128440,1,1gram,"A loaf of sliced bread, with a golden-brown crust, rests on a wooden cutting board, while a packaged loaf with a yellow illustration of a wheat stalk sits in the background.","노릇노릇한 겉면이 돋보이는 슬라이스 빵 한 덩이가 나무 도마 위에 놓여 있고, 배경에는 노란색 밀 이삭 그림이 그려진 포장된 빵 한 덩이가 놓여 있다.",,ok,translated,,"<text>A loaf of sliced bread, with a golden-brown crust, rests on a wooden cutting board, while a packaged loaf with a yellow illustration of a wheat stalk sits in the background.</text>","<text>노릇노릇한 겉면이 돋보이는 슬라이스 빵 한 덩이가 나무 도마 위에 놓여 있고, 배경에는 노란색 밀 이삭 그림이 그려진 포장된 빵 한 덩이가 놓여 있다.</text>",[],quoted_labels_xml_literal_v5
bakery,qwen3,5128440,1,2gram,"A loaf of sliced bread, with a portion on a wooden cutting board and the rest in a plastic bag, is displayed on a light-colored surface.","얇게 썬 빵 한 덩어리가 밝은 색의 표면 위에 놓여 있는데, 일부는 나무 도마 위에 있고 나머지는 비닐봉지에 담겨 있다.",,ok,translated,,"<text>A loaf of sliced bread, with a portion on a wooden cutting board and the rest in a plastic bag, is displayed on a light-colored surface.</text>","<text>얇게 썬 빵 한 덩어리가 밝은 색의 표면 위에 놓여 있는데, 일부는 나무 도마 위에 있고 나머지는 비닐봉지에 담겨 있다.</text>",[],quoted_labels_xml_literal_v5
bakery,qwen3,5128440,1,3gram,"A loaf of sliced bread, with a wooden cutting board and a packaged loaf in the background, is displayed on a light-colored surface.","밝은 색상의 표면 위에, 나무 도마와 포장된 빵 한 덩이가 배경으로 놓인 채, 썰어 놓은 빵 한 덩이가 진열되어 있다.",,ok,translated,,"<text>A loaf of sliced bread, with a wooden cutting board and a packaged loaf in the background, is displayed on a light-colored surface.</text>","<text>밝은 색상의 표면 위에, 나무 도마와 포장된 빵 한 덩이가 배경으로 놓인 채, 썰어 놓은 빵 한 덩이가 진열되어 있다.</text>",[],quoted_labels_xml_literal_v5
bakery,qwen3,5128440,2,1gram,"A loaf of sliced bread with a golden-brown crust and a soft, porous interior, resting on a wooden cutting board with a light-colored cloth underneath.","겉은 황금빛 갈색으로 바삭하고 속은 부드럽고 기공이 많은 슬라이스 빵 한 덩이가, 밑에 밝은 색의 천을 깔아둔 나무 도마 위에 놓여 있다.",,ok,translated,,"<text>A loaf of sliced bread with a golden-brown crust and a soft, porous interior, resting on a wooden cutting board with a light-colored cloth underneath.</text>","<text>겉은 황금빛 갈색으로 바삭하고 속은 부드럽고 기공이 많은 슬라이스 빵 한 덩이가, 밑에 밝은 색의 천을 깔아둔 나무 도마 위에 놓여 있다.</text>",[],quoted_labels_xml_literal_v5
bakery,qwen3,5128440,2,2gram,"A loaf of sliced bread with a golden-brown crust and a soft, porous interior, resting on a wooden cutting board with a light-colored cloth underneath.","겉은 황금빛 갈색으로 바삭하고 속은 부드럽고 기공이 많은 슬라이스 빵 한 덩이가, 밑에 밝은 색의 천을 깔아둔 나무 도마 위에 놓여 있다.",,ok,translated,,"<text>A loaf of sliced bread with a golden-brown crust and a soft, porous interior, resting on a wooden cutting board with a light-colored cloth underneath.</text>","<text>겉은 황금빛 갈색으로 바삭하고 속은 부드럽고 기공이 많은 슬라이스 빵 한 덩이가, 밑에 밝은 색의 천을 깔아둔 나무 도마 위에 놓여 있다.</text>",[],quoted_labels_xml_literal_v5
bakery,qwen3,5128440,2,3gram,"A loaf of sliced bread with a golden-brown crust and a soft, porous interior, neatly arranged on a light-colored wooden cutting board.","옅은 색의 나무 도마 위에, 겉은 노릇노릇하고 속은 부드럽고 기공이 많은 슬라이스 빵 한 덩이가 가지런히 놓여 있다.",,ok,translated,,"<text>A loaf of sliced bread with a golden-brown crust and a soft, porous interior, neatly arranged on a light-colored wooden cutting board.</text>","<text>옅은 색의 나무 도마 위에, 겉은 노릇노릇하고 속은 부드럽고 기공이 많은 슬라이스 빵 한 덩이가 가지런히 놓여 있다.</text>",[],quoted_labels_xml_literal_v5
bakery,qwen3,5131242,1,1gram,"A light green rectangular plate holds several rectangular, golden-brown baked goods with dark specks, some of which are sliced and arranged on the plate.","연두색의 직사각형 접시 위에는 짙은 반점이 있는 황금빛 갈색의 직사각형 빵 몇 개가 놓여 있는데, 그중 일부는 썰어서 접시에 정갈하게 담겨 있다.",,ok,translated,,"<text>A light green rectangular plate holds several rectangular, golden-brown baked goods with dark specks, some of which are sliced and arranged on the plate.</text>","<text>연두색의 직사각형 접시 위에는 짙은 반점이 있는 황금빛 갈색의 직사각형 빵 몇 개가 놓여 있는데, 그중 일부는 썰어서 접시에 정갈하게 담겨 있다.</text>",[],quoted_labels_xml_literal_v5
bakery,qwen3,5131242,1,2gram,"A light green plate holds several rectangular, golden-brown bread rolls with dark specks, some sliced and arranged on a light gray surface.","연두색 접시 위에는 짙은 반점이 있는 황금빛 갈색의 직사각형 빵 몇 개가 놓여 있으며, 그중 일부는 썰어서 연회색 바탕 위에 정갈하게 배열되어 있다.",,ok,translated,,"<text>A light green plate holds several rectangular, golden-brown bread rolls with dark specks, some sliced and arranged on a light gray surface.</text>","<text>연두색 접시 위에는 짙은 반점이 있는 황금빛 갈색의 직사각형 빵 몇 개가 놓여 있으며, 그중 일부는 썰어서 연회색 바탕 위에 정갈하게 배열되어 있다.</text>",[],quoted_labels_xml_literal_v5
bakery,qwen3,5131242,1,3gram,"A light green rectangular plate holds several golden-brown, rectangular bread rolls with dark specks, some of which are sliced and arranged beside the plate, showcasing their porous, airy interior.","연두색의 직사각형 접시 위에는 짙은 반점이 있는 황금빛 갈색의 직사각형 빵 롤이 몇 개 놓여 있으며, 그중 일부는 썰어서 접시 옆에 나란히 놓여 있어 속이 푹신하고 공기가 가득 찬 모습을 뽐내고 있다.",,ok,translated,,"<text>A light green rectangular plate holds several golden-brown, rectangular bread rolls with dark specks, some of which are sliced and arranged beside the plate, showcasing their porous, airy interior.</text>","<text>연두색의 직사각형 접시 위에는 짙은 반점이 있는 황금빛 갈색의 직사각형 빵 롤이 몇 개 놓여 있으며, 그중 일부는 썰어서 접시 옆에 나란히 놓여 있어 속이 푹신하고 공기가 가득 찬 모습을 뽐내고 있다.</text>",[],quoted_labels_xml_literal_v5
bakery,qwen3,5131242,2,1gram,"A plate of rectangular, golden-brown breadsticks with dark specks, some broken to reveal a soft, airy interior, arranged on a light gray surface.","옅은 회색 바탕 위에, 어두운 반점이 흩뿌려진 직사각형의 황금빛 갈색 브레드스틱 한 접시가 놓여 있는데, 그중 일부는 부러져 부드럽고 폭신폭신한 속이 드러나 있다.",,ok,translated,,"<text>A plate of rectangular, golden-brown breadsticks with dark specks, some broken to reveal a soft, airy interior, arranged on a light gray surface.</text>","<text>옅은 회색 바탕 위에, 어두운 반점이 흩뿌려진 직사각형의 황금빛 갈색 브레드스틱 한 접시가 놓여 있는데, 그중 일부는 부러져 부드럽고 폭신폭신한 속이 드러나 있다.</text>",[],quoted_labels_xml_literal_v5
bakery,qwen3,5131242,2,2gram,"A light-colored, rectangular breadstick with a golden-brown crust and small dark specks, shown both whole and sliced, on a light gray surface.","밝은 회색 바탕 위에, 겉면이 황금빛 갈색을 띠고 작은 검은 반점이 흩어져 있는 밝은 색의 직사각형 브레드스틱이 통째로 및 썰린 상태로 함께 보여진다.",,ok,translated,,"<text>A light-colored, rectangular breadstick with a golden-brown crust and small dark specks, shown both whole and sliced, on a light gray surface.</text>","<text>밝은 회색 바탕 위에, 겉면이 황금빛 갈색을 띠고 작은 검은 반점이 흩어져 있는 밝은 색의 직사각형 브레드스틱이 통째로 및 썰린 상태로 함께 보여진다.</text>",[],quoted_labels_xml_literal_v5
bakery,qwen3,5131242,2,3gram,"A light-colored, rectangular bread stick with dark specks, some of which are visible in the cut section, is displayed on a light gray surface with a few pieces on a plate and one broken in half.","옅은 색의 직사각형 모양 빵 스틱으로, 표면에 어두운 반점이 흩어져 있으며, 잘린 단면에서도 일부가 보입니다. 이 빵 스틱은 밝은 회색 바탕 위에 놓여 있는데, 접시에는 몇 조각이 담겨 있고, 하나는 반으로 부러져 있습니다.",,ok,translated,,"<text>A light-colored, rectangular bread stick with dark specks, some of which are visible in the cut section, is displayed on a light gray surface with a few pieces on a plate and one broken in half.</text>","<text>옅은 색의 직사각형 모양 빵 스틱으로, 표면에 어두운 반점이 흩어져 있으며, 잘린 단면에서도 일부가 보입니다. 이 빵 스틱은 밝은 회색 바탕 위에 놓여 있는데, 접시에는 몇 조각이 담겨 있고, 하나는 반으로 부러져 있습니다.</text>",[],quoted_labels_xml_literal_v5
bakery,qwen3,5132010,1,1gram,"A clear plastic tray holds 12 individual cookies, each with a dark chocolate chip and a light-colored base, displayed above a white box labeled ""Real Brownie Cookie"" with illustrations of a bunny and a stack of cookies.","투명한 플라스틱 트레이에는 각각 다크 초콜릿 칩이 들어간 밝은 색상의 쿠키 12개가 담겨 있으며, 이 트레이는 토끼와 쿠키 더미 그림이 그려진 ‘""Real Brownie Cookie""’라고 적힌 흰색 상자 위에 진열되어 있다.",,ok,translated,,"<text>A clear plastic tray holds 12 individual cookies, each with a dark chocolate chip and a light-colored base, displayed above a white box labeled <keep id=""n0"">KEEP0X</keep> with illustrations of a bunny and a stack of cookies.</text>","<text>투명한 플라스틱 트레이에는 각각 다크 초콜릿 칩이 들어간 밝은 색상의 쿠키 12개가 담겨 있으며, 이 트레이는 토끼와 쿠키 더미 그림이 그려진 <keep id=""n0"">‘KEEP0X’라고</keep> 적힌 흰색 상자 위에 진열되어 있다.</text>","[{""id"": ""n0"", ""token"": ""KEEP0X"", ""original"": ""\""Real Brownie Cookie\"""", ""mode"": ""short_marker""}]",quoted_labels_xml_short_marker_v5
bakery,qwen3,5132010,1,2gram,"A clear plastic tray containing 12 rows of small, round, chocolate chip cookies, displayed above a white box labeled ""Real Brownie Cookie"" with illustrations of the cookies and a small rabbit.","작고 둥근 초콜릿 칩 쿠키가 12줄로 진열된 투명한 플라스틱 쟁반이, 쿠키와 작은 토끼 그림이 그려진 ‘""Real Brownie Cookie""’라고 적힌 흰색 상자 위에 놓여 있다.",,ok,translated,,"<text>A clear plastic tray containing 12 rows of small, round, chocolate chip cookies, displayed above a white box labeled <keep id=""n0"">KEEP0X</keep> with illustrations of the cookies and a small rabbit.</text>","<text>작고 둥근 초콜릿 칩 쿠키가 12줄로 진열된 투명한 플라스틱 쟁반이, 쿠키와 작은 토끼 그림이 그려진 <keep id=""n0"">‘KEEP0X’라고</keep> 적힌 흰색 상자 위에 놓여 있다.</text>","[{""id"": ""n0"", ""token"": ""KEEP0X"", ""original"": ""\""Real Brownie Cookie\"""", ""mode"": ""short_marker""}]",quoted_labels_xml_short_marker_v5
bakery,qwen3,5132010,1,3gram,"A clear plastic tray holds 12 individual, square-shaped cookies with chocolate chips, displayed above a white box labeled ""Real Brownie Cookie"" in Korean, featuring illustrations of a cookie and a rabbit.","투명한 플라스틱 트레이에는 초콜릿 칩이 들어간 정사각형 모양의 쿠키 12개가 담겨 있으며, 그 위에는 한국어로 ‘""Real Brownie Cookie""’라고 적힌 흰색 상자가 놓여 있고, 상자에는 쿠키와 토끼 그림이 그려져 있습니다.",,ok,translated,,"<text>A clear plastic tray holds 12 individual, square-shaped cookies with chocolate chips, displayed above a white box labeled <keep id=""n0"">KEEP0X</keep> in Korean, featuring illustrations of a cookie and a rabbit.</text>","<text>투명한 플라스틱 트레이에는 초콜릿 칩이 들어간 정사각형 모양의 쿠키 12개가 담겨 있으며, 그 위에는 한국어로 <keep id=""n0"">‘KEEP0X’라고</keep> 적힌 흰색 상자가 놓여 있고, 상자에는 쿠키와 토끼 그림이 그려져 있습니다.</text>","[{""id"": ""n0"", ""token"": ""KEEP0X"", ""original"": ""\""Real Brownie Cookie\"""", ""mode"": ""short_marker""}]",quoted_labels_xml_short_marker_v5
bakery,qwen3,5132010,2,1gram,"A clear plastic tray holds individually wrapped, light-colored cookies with dark chocolate chips, next to a white box labeled ""Real Brownie Cookie"" in Korean, featuring illustrations of rabbits and a stack of cookies.","투명한 플라스틱 쟁반에는 다크 초콜릿 칩이 들어간 밝은 색상의 쿠키가 개별 포장되어 놓여 있으며, 그 옆에는 한국어로 ‘""Real Brownie Cookie""’라고 적힌 흰색 상자가 놓여 있는데, 상자에는 토끼와 쿠키 더미가 그려져 있다.",,ok,translated,,"<text>A clear plastic tray holds individually wrapped, light-colored cookies with dark chocolate chips, next to a white box labeled <keep id=""n0"">KEEP0X</keep> in Korean, featuring illustrations of rabbits and a stack of cookies.</text>","<text>투명한 플라스틱 쟁반에는 다크 초콜릿 칩이 들어간 밝은 색상의 쿠키가 개별 포장되어 놓여 있으며, 그 옆에는 한국어로 <keep id=""n0"">‘KEEP0X’라고</keep> 적힌 흰색 상자가 놓여 있는데, 상자에는 토끼와 쿠키 더미가 그려져 있다.</text>","[{""id"": ""n0"", ""token"": ""KEEP0X"", ""original"": ""\""Real Brownie Cookie\"""", ""mode"": ""short_marker""}]",quoted_labels_xml_short_marker_v5
bakery,qwen3,5132010,2,2gram,"A clear plastic tray holds 20 individually wrapped, light-colored cookies with dark chocolate chips, next to a white box labeled ""Real Brownie Cookie"" in Korean, featuring cute cartoon bunnies and an illustration of a stack of cookies.","투명한 플라스틱 트레이에는 다크 초콜릿 칩이 들어간 밝은 색상의 쿠키 20개가 개별 포장되어 들어 있으며, 그 옆에는 한국어로 ‘""Real Brownie Cookie""’라고 적힌 흰색 상자가 놓여 있는데, 상자에는 귀여운 만화 토끼와 쿠키가 쌓여 있는 일러스트가 그려져 있다.",,ok,translated,,"<text>A clear plastic tray holds 20 individually wrapped, light-colored cookies with dark chocolate chips, next to a white box labeled <keep id=""n0"">KEEP0X</keep> in Korean, featuring cute cartoon bunnies and an illustration of a stack of cookies.</text>","<text>투명한 플라스틱 트레이에는 다크 초콜릿 칩이 들어간 밝은 색상의 쿠키 20개가 개별 포장되어 들어 있으며, 그 옆에는 한국어로 <keep id=""n0"">‘KEEP0X’라고</keep> 적힌 흰색 상자가 놓여 있는데, 상자에는 귀여운 만화 토끼와 쿠키가 쌓여 있는 일러스트가 그려져 있다.</text>","[{""id"": ""n0"", ""token"": ""KEEP0X"", ""original"": ""\""Real Brownie Cookie\"""", ""mode"": ""short_marker""}]",quoted_labels_xml_short_marker_v5
bakery,qwen3,5132010,2,3gram,"A clear plastic tray holds 20 individually wrapped, light-colored cookies with dark chocolate chips, next to a white box labeled ""Real Brownie Cookie"" in Korean, featuring cute cartoon bunnies and an illustration of a stack of cookies.","투명한 플라스틱 트레이에는 다크 초콜릿 칩이 들어간 밝은 색상의 쿠키 20개가 개별 포장되어 들어 있으며, 그 옆에는 한국어로 ‘""Real Brownie Cookie""’라고 적힌 흰색 상자가 놓여 있는데, 상자에는 귀여운 만화 토끼와 쿠키가 쌓여 있는 일러스트가 그려져 있다.",,ok,translated,,"<text>A clear plastic tray holds 20 individually wrapped, light-colored cookies with dark chocolate chips, next to a white box labeled <keep id=""n0"">KEEP0X</keep> in Korean, featuring cute cartoon bunnies and an illustration of a stack of cookies.</text>","<text>투명한 플라스틱 트레이에는 다크 초콜릿 칩이 들어간 밝은 색상의 쿠키 20개가 개별 포장되어 들어 있으며, 그 옆에는 한국어로 <keep id=""n0"">‘KEEP0X’라고</keep> 적힌 흰색 상자가 놓여 있는데, 상자에는 귀여운 만화 토끼와 쿠키가 쌓여 있는 일러스트가 그려져 있다.</text>","[{""id"": ""n0"", ""token"": ""KEEP0X"", ""original"": ""\""Real Brownie Cookie\"""", ""mode"": ""short_marker""}]",quoted_labels_xml_short_marker_v5
bakery,qwen3,5138995,1,1gram,"A single, rectangular loaf of artisanal bread from TAKUMIYA, presented on a white cloth next to its minimalist white box, showcasing a golden-brown crust and a soft, airy interior.","TAKUMIYA의 수제 빵 한 덩어리(직사각형 모양)가 미니멀한 흰색 상자 옆에 흰 천 위에 놓여 있으며, 황금빛 갈색의 겉면과 부드럽고 폭신폭신한 속살이 돋보입니다.",,ok,translated,,"<text>A single, rectangular loaf of artisanal bread from TAKUMIYA, presented on a white cloth next to its minimalist white box, showcasing a golden-brown crust and a soft, airy interior.</text>","<text>TAKUMIYA의 수제 빵 한 덩어리(직사각형 모양)가 미니멀한 흰색 상자 옆에 흰 천 위에 놓여 있으며, 황금빛 갈색의 겉면과 부드럽고 폭신폭신한 속살이 돋보입니다.</text>",[],quoted_labels_xml_literal_v5
bakery,qwen3,5138995,1,2gram,"A loaf of artisanal bread from TAKUMIYA, presented in a minimalist white box on a textured grey surface.","TAKUMIYA의 수제 빵 한 덩어리가, 질감이 느껴지는 회색 바탕 위에 미니멀한 흰색 상자에 담겨 있습니다.",,ok,translated,,"<text>A loaf of artisanal bread from TAKUMIYA, presented in a minimalist white box on a textured grey surface.</text>","<text>TAKUMIYA의 수제 빵 한 덩어리가, 질감이 느껴지는 회색 바탕 위에 미니멀한 흰색 상자에 담겨 있습니다.</text>",[],quoted_labels_xml_literal_v5
bakery,qwen3,5138995,1,3gram,"A loaf of artisanal bread from TAKUMIYA, presented in a minimalist white box with a simple logo, rests on a white cloth on a grey surface.","TAKUMIYA의 수제 빵 한 덩이가, 심플한 로고가 새겨진 미니멀한 흰색 상자에 담겨 회색 바탕 위의 흰색 천 위에 놓여 있다.",,ok,translated,,"<text>A loaf of artisanal bread from TAKUMIYA, presented in a minimalist white box with a simple logo, rests on a white cloth on a grey surface.</text>","<text>TAKUMIYA의 수제 빵 한 덩이가, 심플한 로고가 새겨진 미니멀한 흰색 상자에 담겨 회색 바탕 위의 흰색 천 위에 놓여 있다.</text>",[],quoted_labels_xml_literal_v5
bakery,qwen3,5138995,2,1gram,"A loaf of white bread with a soft, porous interior and a golden crust, sliced into several pieces and arranged on a wooden cutting board, showcasing its light, airy texture and the subtle, natural grain of the board.","속은 부드럽고 기공이 많으며 겉은 황금빛을 띤 흰 빵 한 덩어리를 여러 조각으로 썰어 나무 도마 위에 올려놓았는데, 빵의 가볍고 폭신폭신한 식감과 도마의 은은하고 자연스러운 나뭇결이 잘 드러나 있다.",,ok,translated,,"<text>A loaf of white bread with a soft, porous interior and a golden crust, sliced into several pieces and arranged on a wooden cutting board, showcasing its light, airy texture and the subtle, natural grain of the board.</text>","<text>속은 부드럽고 기공이 많으며 겉은 황금빛을 띤 흰 빵 한 덩어리를 여러 조각으로 썰어 나무 도마 위에 올려놓았는데, 빵의 가볍고 폭신폭신한 식감과 도마의 은은하고 자연스러운 나뭇결이 잘 드러나 있다.</text>",[],quoted_labels_xml_literal_v5
bakery,qwen3,5138995,2,2gram,"A loaf of white bread with a golden-brown crust, sliced into several pieces and arranged on a light-colored wooden cutting board, set against a neutral gray background.","황금빛 갈색 껍질이 있는 흰 빵 한 덩어리를 여러 조각으로 썰어 밝은 색의 나무 도마 위에 올려놓은 모습이, 중성적인 회색 배경에 어우러져 있다.",,ok,translated,,"<text>A loaf of white bread with a golden-brown crust, sliced into several pieces and arranged on a light-colored wooden cutting board, set against a neutral gray background.</text>","<text>황금빛 갈색 껍질이 있는 흰 빵 한 덩어리를 여러 조각으로 썰어 밝은 색의 나무 도마 위에 올려놓은 모습이, 중성적인 회색 배경에 어우러져 있다.</text>",[],quoted_labels_xml_literal_v5
bakery,qwen3,5138995,2,3gram,"A loaf of light-colored, sliced bread with a soft, porous interior, resting on a wooden cutting board with a few slices cut and arranged in a diagonal line.","속이 부드럽고 기공이 많은 연한 색의 슬라이스 빵 한 덩어리가 나무 도마 위에 놓여 있으며, 그중 몇 조각은 잘라져 대각선으로 나란히 놓여 있다.",,ok,translated,,"<text>A loaf of light-colored, sliced bread with a soft, porous interior, resting on a wooden cutting board with a few slices cut and arranged in a diagonal line.</text>","<text>속이 부드럽고 기공이 많은 연한 색의 슬라이스 빵 한 덩어리가 나무 도마 위에 놓여 있으며, 그중 몇 조각은 잘라져 대각선으로 나란히 놓여 있다.</text>",[],quoted_labels_xml_literal_v5
fruits_nuts_rice,qwen3,1000030900,1,1gram,"A white 4kg bag of ""Jeongmi So"" ""Bidan Sall"" rice, with a small bowl of rice above it, on a light gray surface.","밝은 회색 바탕 위에 ""Jeongmi So"" ""Bidan Sall"" 쌀이 든 흰색 4kg 봉지와 그 위에 작은 밥그릇이 놓여 있다.",,ok,translated,,"<text>A white 4kg bag of <keep id=""n0"">KEEP0X</keep> <keep id=""n1"">KEEP1X</keep> rice, with a small bowl of rice above it, on a light gray surface.</text>","<text>밝은 회색 바탕 위에 <keep id=""n0"">KEEP0X</keep> <keep id=""n1"">KEEP1X</keep> 쌀이 든 흰색 4kg 봉지와 그 위에 작은 밥그릇이 놓여 있다.</text>","[{""id"": ""n0"", ""token"": ""KEEP0X"", ""original"": ""\""Jeongmi So\"""", ""mode"": ""short_marker""}, {""id"": ""n1"", ""token"": ""KEEP1X"", ""original"": ""\""Bidan Sall\"""", ""mode"": ""short_marker""}]",quoted_labels_xml_short_marker_v5
fruits_nuts_rice,qwen3,1000030900,1,2gram,"A white 4kg bag of ""Jeongmi So"" ""Bidan Sall"" rice, with a small bowl of rice above it, on a gray surface.","회색 바탕 위에 ""Jeongmi So"" ""Bidan Sall"" 쌀이 든 흰색 4kg 봉지와 그 위에 작은 밥그릇이 놓여 있다.",,ok,translated,,"<text>A white 4kg bag of <keep id=""n0"">KEEP0X</keep> <keep id=""n1"">KEEP1X</keep> rice, with a small bowl of rice above it, on a gray surface.</text>","<text>회색 바탕 위에 <keep id=""n0"">KEEP0X</keep> <keep id=""n1"">KEEP1X</keep> 쌀이 든 흰색 4kg 봉지와 그 위에 작은 밥그릇이 놓여 있다.</text>","[{""id"": ""n0"", ""token"": ""KEEP0X"", ""original"": ""\""Jeongmi So\"""", ""mode"": ""short_marker""}, {""id"": ""n1"", ""token"": ""KEEP1X"", ""original"": ""\""Bidan Sall\"""", ""mode"": ""short_marker""}]",quoted_labels_xml_short_marker_v5
fruits_nuts_rice,qwen3,1000030900,1,3gram,"A white 4kg bag of ""Jeongmi So"" (정미소) ""Bidan Sall"" (비단쌀) rice, with a small bowl of rice above it, set on a gray surface.","회색 바탕 위에 ""Jeongmi So"" (정미소) ""Bidan Sall"" (비단쌀) 쌀이 든 흰색 4kg 봉지가 놓여 있고, 그 위에는 작은 그릇에 담긴 밥이 놓여 있다.",,ok,translated,,"<text>A white 4kg bag of <keep id=""n0"">KEEP0X</keep> <keep id=""n1"">KEEP1X</keep> rice, with a small bowl of rice above it, set on a gray surface.</text>","<text>회색 바탕 위에 <keep id=""n0"">KEEP0X</keep> <keep id=""n1"">KEEP1X</keep> 쌀이 든 흰색 4kg 봉지가 놓여 있고, 그 위에는 작은 그릇에 담긴 밥이 놓여 있다.</text>","[{""id"": ""n0"", ""token"": ""KEEP0X"", ""original"": ""\""Jeongmi So\"" (정미소)"", ""mode"": ""short_marker""}, {""id"": ""n1"", ""token"": ""KEEP1X"", ""original"": ""\""Bidan Sall\"" (비단쌀)"", ""mode"": ""short_marker""}]",quoted_labels_xml_short_marker_v5
fruits_nuts_rice,qwen3,1000030900,2,1gram,"A white bowl filled with white rice grains, appearing fresh and abundant, sits on a light gray surface.","밝은 회색 바탕 위에, 흰 쌀알로 가득 차 신선하고 풍성해 보이는 하얀 그릇이 놓여 있다.",,ok,translated,,"<text>A white bowl filled with white rice grains, appearing fresh and abundant, sits on a light gray surface.</text>","<text>밝은 회색 바탕 위에, 흰 쌀알로 가득 차 신선하고 풍성해 보이는 하얀 그릇이 놓여 있다.</text>",[],quoted_labels_xml_literal_v5
fruits_nuts_rice,qwen3,1000030900,2,2gram,"A white bowl filled with white rice grains, set on a light gray surface.",밝은 회색 바탕 위에 흰 쌀알로 가득 찬 하얀 그릇이 놓여 있다.,,ok,translated,,"<text>A white bowl filled with white rice grains, set on a light gray surface.</text>",<text>밝은 회색 바탕 위에 흰 쌀알로 가득 찬 하얀 그릇이 놓여 있다.</text>,[],quoted_labels_xml_literal_v5
fruits_nuts_rice,qwen3,1000030900,2,3gram,"A white bowl filled with white rice grains, appearing fresh and full, sits on a light gray surface.",흰 쌀알로 가득 차 신선하고 풍성해 보이는 하얀 그릇이 연회색 바탕 위에 놓여 있다.,,ok,translated,,"<text>A white bowl filled with white rice grains, appearing fresh and full, sits on a light gray surface.</text>",<text>흰 쌀알로 가득 차 신선하고 풍성해 보이는 하얀 그릇이 연회색 바탕 위에 놓여 있다.</text>,[],quoted_labels_xml_literal_v5
fruits_nuts_rice,qwen3,1000032485,1,1gram,"A white package of ""Frozen Blueberry"" (블루베리) with a bowl of frozen blueberries above it, set against a light background.","밝은 배경 위에, 그 위에 냉동 블루베리 한 그릇이 놓인 흰색 ""Frozen Blueberry"" (블루베리) 포장지가 놓여 있다.",,ok,translated,,"<text>A white package of <keep id=""n0"">KEEP0X</keep> with a bowl of frozen blueberries above it, set against a light background.</text>","<text>밝은 배경 위에, 그 위에 냉동 블루베리 한 그릇이 놓인 흰색 <keep id=""n0"">KEEP0X</keep> 포장지가 놓여 있다.</text>","[{""id"": ""n0"", ""token"": ""KEEP0X"", ""original"": ""\""Frozen Blueberry\"" (블루베리)"", ""mode"": ""short_marker""}]",quoted_labels_xml_short_marker_v5
fruits_nuts_rice,qwen3,1000032485,1,2gram,"A white package of ""Frozen Blueberry"" (농동 블루베리) with a bowl of frozen blueberries above it, set against a light, textured background.","밝고 질감이 느껴지는 배경 위에, ""Frozen Blueberry"" (농동 블루베리)의 흰색 패키지와 그 위에 얼린 블루베리 한 그릇이 놓여 있다.",,ok,translated,,"<text>A white package of <keep id=""n0"">KEEP0X</keep> with a bowl of frozen blueberries above it, set against a light, textured background.</text>","<text>밝고 질감이 느껴지는 배경 위에, <keep id=""n0"">KEEP0X의</keep> 흰색 패키지와 그 위에 얼린 블루베리 한 그릇이 놓여 있다.</text>","[{""id"": ""n0"", ""token"": ""KEEP0X"", ""original"": ""\""Frozen Blueberry\"" (농동 블루베리)"", ""mode"": ""short_marker""}]",quoted_labels_xml_short_marker_v5
fruits_nuts_rice,qwen3,1000032485,1,3gram,"A white package of ""Frozen Blueberry"" (농동 블루베리) with a small bowl of frozen blueberries above it, set against a light, textured background.","밝고 질감이 느껴지는 배경 위에, ""Frozen Blueberry"" (농동 블루베리)의 흰색 패키지와 그 위에 작은 그릇에 담긴 냉동 블루베리가 놓여 있다.",,ok,translated,,"<text>A white package of <keep id=""n0"">KEEP0X</keep> with a small bowl of frozen blueberries above it, set against a light, textured background.</text>","<text>밝고 질감이 느껴지는 배경 위에, <keep id=""n0"">KEEP0X의</keep> 흰색 패키지와 그 위에 작은 그릇에 담긴 냉동 블루베리가 놓여 있다.</text>","[{""id"": ""n0"", ""token"": ""KEEP0X"", ""original"": ""\""Frozen Blueberry\"" (농동 블루베리)"", ""mode"": ""short_marker""}]",quoted_labels_xml_short_marker_v5
fruits_nuts_rice,qwen3,1000032485,2,1gram,"A white bowl filled with frozen blueberries, their surfaces coated in a frosty layer, sits on a light-colored textured surface.","서리가 내린 듯한 흰색 층으로 표면이 덮인 냉동 블루베리가 가득 담긴 하얀 그릇이, 밝은 색의 질감이 느껴지는 표면 위에 놓여 있다.",,ok,translated,,"<text>A white bowl filled with frozen blueberries, their surfaces coated in a frosty layer, sits on a light-colored textured surface.</text>","<text>서리가 내린 듯한 흰색 층으로 표면이 덮인 냉동 블루베리가 가득 담긴 하얀 그릇이, 밝은 색의 질감이 느껴지는 표면 위에 놓여 있다.</text>",[],quoted_labels_xml_literal_v5
fruits_nuts_rice,qwen3,1000032485,2,2gram,"A white bowl filled with frozen blueberries, their icy surfaces glistening with frost.",얼어붙은 블루베리로 가득 찬 하얀 그릇. 블루베리의 차가운 표면에는 서리가 맺혀 반짝이고 있다.,,ok,translated,,"<text>A white bowl filled with frozen blueberries, their icy surfaces glistening with frost.</text>",<text>얼어붙은 블루베리로 가득 찬 하얀 그릇. 블루베리의 차가운 표면에는 서리가 맺혀 반짝이고 있다.</text>,[],quoted_labels_xml_literal_v5
fruits_nuts_rice,qwen3,1000032485,2,3gram,"A white bowl filled with frozen blueberries, their surfaces coated in a frosty layer, sits on a light gray textured surface.","서리가 내린 듯한 흰색 층으로 표면이 덮인 냉동 블루베리가 가득 담긴 하얀 그릇이, 밝은 회색의 질감이 느껴지는 표면 위에 놓여 있다.",,ok,translated,,"<text>A white bowl filled with frozen blueberries, their surfaces coated in a frosty layer, sits on a light gray textured surface.</text>","<text>서리가 내린 듯한 흰색 층으로 표면이 덮인 냉동 블루베리가 가득 담긴 하얀 그릇이, 밝은 회색의 질감이 느껴지는 표면 위에 놓여 있다.</text>",[],quoted_labels_xml_literal_v5
fruits_nuts_rice,qwen3,1000048867,1,1gram,"A 10kg bag of purple-colored ""Siwolmi Soo"" rice, featuring a mountain landscape illustration, is displayed with a small bowl of rice above it.","산 풍경 일러스트가 그려진 보라색 ""Siwolmi Soo"" 쌀 10kg 봉지 위에 작은 밥그릇이 놓여 있다.",,ok,translated,,"<text>A 10kg bag of purple-colored <keep id=""n0"">KEEP0X</keep> rice, featuring a mountain landscape illustration, is displayed with a small bowl of rice above it.</text>","<text>산 풍경 일러스트가 그려진 보라색 <keep id=""n0"">KEEP0X</keep> 쌀 10kg 봉지 위에 작은 밥그릇이 놓여 있다.</text>","[{""id"": ""n0"", ""token"": ""KEEP0X"", ""original"": ""\""Siwolmi Soo\"""", ""mode"": ""short_marker""}]",quoted_labels_xml_short_marker_v5
fruits_nuts_rice,qwen3,1000048867,1,2gram,"A 10kg bag of purple-colored ""Siwolmi Soo"" rice, featuring a mountain landscape illustration, is displayed with a small bowl of rice above it.","산 풍경 일러스트가 그려진 보라색 ""Siwolmi Soo"" 쌀 10kg 봉지 위에 작은 밥그릇이 놓여 있다.",,ok,translated,,"<text>A 10kg bag of purple-colored <keep id=""n0"">KEEP0X</keep> rice, featuring a mountain landscape illustration, is displayed with a small bowl of rice above it.</text>","<text>산 풍경 일러스트가 그려진 보라색 <keep id=""n0"">KEEP0X</keep> 쌀 10kg 봉지 위에 작은 밥그릇이 놓여 있다.</text>","[{""id"": ""n0"", ""token"": ""KEEP0X"", ""original"": ""\""Siwolmi Soo\"""", ""mode"": ""short_marker""}]",quoted_labels_xml_short_marker_v5
fruits_nuts_rice,qwen3,1000048867,1,3gram,"A 10kg bag of purple rice with a mountain landscape design, featuring a bowl of rice above it.","산 풍경이 그려진 10kg짜리 보라색 쌀 봉지로, 그 위에 밥 한 그릇이 그려져 있습니다.",,ok,translated,,"<text>A 10kg bag of purple rice with a mountain landscape design, featuring a bowl of rice above it.</text>","<text>산 풍경이 그려진 10kg짜리 보라색 쌀 봉지로, 그 위에 밥 한 그릇이 그려져 있습니다.</text>",[],quoted_labels_xml_literal_v5
fruits_nuts_rice,qwen3,1000048867,2,1gram,"A white bowl filled with white rice grains, appearing full and fresh, set against a light gray background.","밝은 회색 배경 위에, 흰 쌀알로 가득 차 있어 풍성하고 신선해 보이는 하얀 그릇이 놓여 있다.",,ok,translated,,"<text>A white bowl filled with white rice grains, appearing full and fresh, set against a light gray background.</text>","<text>밝은 회색 배경 위에, 흰 쌀알로 가득 차 있어 풍성하고 신선해 보이는 하얀 그릇이 놓여 있다.</text>",[],quoted_labels_xml_literal_v5
fruits_nuts_rice,qwen3,1000048867,2,2gram,"A white bowl filled with white rice grains, set against a light gray background.",밝은 회색 배경 위에 흰 쌀알로 가득 찬 하얀 그릇이 놓여 있다.,,ok,translated,,"<text>A white bowl filled with white rice grains, set against a light gray background.</text>",<text>밝은 회색 배경 위에 흰 쌀알로 가득 찬 하얀 그릇이 놓여 있다.</text>,[],quoted_labels_xml_literal_v5
fruits_nuts_rice,qwen3,1000048867,2,3gram,"A white bowl filled with white rice grains, set against a light gray background.",밝은 회색 배경 위에 흰 쌀알로 가득 찬 하얀 그릇이 놓여 있다.,,ok,translated,,"<text>A white bowl filled with white rice grains, set against a light gray background.</text>",<text>밝은 회색 배경 위에 흰 쌀알로 가득 찬 하얀 그릇이 놓여 있다.</text>,[],quoted_labels_xml_literal_v5
fruits_nuts_rice,qwen3,1000066062,1,1gram,"A clear cylindrical container with a black lid holds a mix of various grains, including black, white, and brown ones, with a white label featuring Korean text and a green logo.","검은색 뚜껑이 달린 투명한 원통형 용기에는 검은색, 흰색, 갈색 등 다양한 곡물이 섞여 들어 있으며, 흰색 라벨에는 한국어 문구와 녹색 로고가 인쇄되어 있다.",,ok,translated,,"<text>A clear cylindrical container with a black lid holds a mix of various grains, including black, white, and brown ones, with a white label featuring Korean text and a green logo.</text>","<text>검은색 뚜껑이 달린 투명한 원통형 용기에는 검은색, 흰색, 갈색 등 다양한 곡물이 섞여 들어 있으며, 흰색 라벨에는 한국어 문구와 녹색 로고가 인쇄되어 있다.</text>",[],quoted_labels_xml_literal_v5
fruits_nuts_rice,qwen3,1000066062,1,2gram,"A clear cylindrical container with a black lid holds a mix of various grains and seeds, including black, white, and brown ones, with a label that has Korean text.","검은색 뚜껑이 달린 투명한 원통형 용기에는 검은색, 흰색, 갈색 등 다양한 곡물과 씨앗이 섞여 들어 있으며, 한국어로 된 라벨이 붙어 있다.",,ok,translated,,"<text>A clear cylindrical container with a black lid holds a mix of various grains and seeds, including black, white, and brown ones, with a label that has Korean text.</text>","<text>검은색 뚜껑이 달린 투명한 원통형 용기에는 검은색, 흰색, 갈색 등 다양한 곡물과 씨앗이 섞여 들어 있으며, 한국어로 된 라벨이 붙어 있다.</text>",[],quoted_labels_xml_literal_v5
fruits_nuts_rice,qwen3,1000066062,1,3gram,"A clear cylindrical container with a black lid holds a mix of various grains, including black, white, and brown seeds, with a label that appears to be in Korean.","검은색 뚜껑이 달린 투명한 원통형 용기에는 검은색, 흰색, 갈색 씨앗 등 다양한 곡물이 섞여 들어 있으며, 한국어로 된 듯한 라벨이 붙어 있다.",,ok,translated,,"<text>A clear cylindrical container with a black lid holds a mix of various grains, including black, white, and brown seeds, with a label that appears to be in Korean.</text>","<text>검은색 뚜껑이 달린 투명한 원통형 용기에는 검은색, 흰색, 갈색 씨앗 등 다양한 곡물이 섞여 들어 있으며, 한국어로 된 듯한 라벨이 붙어 있다.</text>",[],quoted_labels_xml_literal_v5
fruits_nuts_rice,qwen3,1000066062,2,1gram,"A light-colored bowl filled with a mix of various rice grains, including white, black, and brown varieties, presented in a simple, natural setting.","흰쌀, 검은쌀, 현미 등 다양한 종류의 쌀이 섞여 담긴 밝은 색의 그릇이, 소박하고 자연스러운 분위기 속에서 놓여 있다.",,ok,translated,,"<text>A light-colored bowl filled with a mix of various rice grains, including white, black, and brown varieties, presented in a simple, natural setting.</text>","<text>흰쌀, 검은쌀, 현미 등 다양한 종류의 쌀이 섞여 담긴 밝은 색의 그릇이, 소박하고 자연스러운 분위기 속에서 놓여 있다.</text>",[],quoted_labels_xml_literal_v5
fruits_nuts_rice,qwen3,1000066062,2,2gram,"A light-colored bowl filled with a mix of various rice grains, including white, black, and brown varieties, is presented on a neutral surface.","흰쌀, 검은쌀, 현미 등 다양한 종류의 쌀이 섞여 담긴 밝은 색의 그릇이 무채색 바탕 위에 놓여 있다.",,ok,translated,,"<text>A light-colored bowl filled with a mix of various rice grains, including white, black, and brown varieties, is presented on a neutral surface.</text>","<text>흰쌀, 검은쌀, 현미 등 다양한 종류의 쌀이 섞여 담긴 밝은 색의 그릇이 무채색 바탕 위에 놓여 있다.</text>",[],quoted_labels_xml_literal_v5
fruits_nuts_rice,qwen3,1000066062,2,3gram,"A light-colored bowl filled with a mix of various rice grains, including white, black, and brown varieties, arranged in a natural, slightly piled manner.","흰쌀, 검은쌀, 현미 등 다양한 종류의 쌀이 섞여 있는 밝은 색의 그릇으로, 쌀알들이 자연스럽고 살짝 쌓인 듯한 모양으로 담겨 있다.",,ok,translated,,"<text>A light-colored bowl filled with a mix of various rice grains, including white, black, and brown varieties, arranged in a natural, slightly piled manner.</text>","<text>흰쌀, 검은쌀, 현미 등 다양한 종류의 쌀이 섞여 있는 밝은 색의 그릇으로, 쌀알들이 자연스럽고 살짝 쌓인 듯한 모양으로 담겨 있다.</text>",[],quoted_labels_xml_literal_v5
fruits_nuts_rice,qwen3,1000102438,1,1gram,"A black box containing 15 red apples arranged in a 3x5 grid, each nestled in a decorative paper cup.",3×5 격자 모양으로 배열된 15개의 빨간 사과가 들어 있는 검은 상자. 각 사과는 장식용 종이컵에 담겨 있다.,,ok,translated,,"<text>A black box containing 15 red apples arranged in a 3x5 grid, each nestled in a decorative paper cup.</text>",<text>3×5 격자 모양으로 배열된 15개의 빨간 사과가 들어 있는 검은 상자. 각 사과는 장식용 종이컵에 담겨 있다.</text>,[],quoted_labels_xml_literal_v5
fruits_nuts_rice,qwen3,1000102438,1,2gram,"A black rectangular box with a 3x5 grid of red apples, each nestled in a paper cup, arranged neatly on a beige background.","베이지색 배경 위에, 종이컵에 하나씩 담겨 있는 빨간 사과들이 3x5 격자 모양으로 가지런히 배열된 검은색 직사각형 상자.",,ok,translated,,"<text>A black rectangular box with a 3x5 grid of red apples, each nestled in a paper cup, arranged neatly on a beige background.</text>","<text>베이지색 배경 위에, 종이컵에 하나씩 담겨 있는 빨간 사과들이 3x5 격자 모양으로 가지런히 배열된 검은색 직사각형 상자.</text>",[],quoted_labels_xml_literal_v5
fruits_nuts_rice,qwen3,1000102438,1,3gram,"A black rectangular box with a 3x5 grid pattern holds 15 red apples, each nestled in a decorative, fluted paper cup.","3x5 격자 무늬가 있는 검은색 직사각형 상자 안에는 15개의 빨간 사과가 들어 있으며, 각 사과는 장식용 주름진 종이컵에 담겨 있습니다.",,ok,translated,,"<text>A black rectangular box with a 3x5 grid pattern holds 15 red apples, each nestled in a decorative, fluted paper cup.</text>","<text>3x5 격자 무늬가 있는 검은색 직사각형 상자 안에는 15개의 빨간 사과가 들어 있으며, 각 사과는 장식용 주름진 종이컵에 담겨 있습니다.</text>",[],quoted_labels_xml_literal_v5
fruits_nuts_rice,qwen3,1000102438,2,1gram,"A black box containing 15 red apples, each nestled in a paper cup with a wavy edge, arranged neatly in a 3x5 grid.","물결 모양의 가장자리가 있는 종이컵에 하나씩 담겨 있는 붉은 사과 15개가, 3×5 격자 모양으로 가지런히 배열된 검은 상자.",,ok,translated,,"<text>A black box containing 15 red apples, each nestled in a paper cup with a wavy edge, arranged neatly in a 3x5 grid.</text>","<text>물결 모양의 가장자리가 있는 종이컵에 하나씩 담겨 있는 붉은 사과 15개가, 3×5 격자 모양으로 가지런히 배열된 검은 상자.</text>",[],quoted_labels_xml_literal_v5
fruits_nuts_rice,qwen3,1000102438,2,2gram,"A black box containing 15 red apples, each nestled in a white, ridged paper cup.",15개의 빨간 사과가 들어 있는 검은 상자. 각 사과는 흰색의 주름진 종이컵에 하나씩 담겨 있다.,,ok,translated,,"<text>A black box containing 15 red apples, each nestled in a white, ridged paper cup.</text>",<text>15개의 빨간 사과가 들어 있는 검은 상자. 각 사과는 흰색의 주름진 종이컵에 하나씩 담겨 있다.</text>,[],quoted_labels_xml_literal_v5
fruits_nuts_rice,qwen3,1000102438,2,3gram,"A black box holds 15 red apples, each nestled in a white, crimped paper cup.",검은 상자 안에는 흰색 주름진 종이컵에 하나씩 담겨 있는 빨간 사과 15개가 들어 있다.,,ok,translated,,"<text>A black box holds 15 red apples, each nestled in a white, crimped paper cup.</text>",<text>검은 상자 안에는 흰색 주름진 종이컵에 하나씩 담겨 있는 빨간 사과 15개가 들어 있다.</text>,[],quoted_labels_xml_literal_v5
fruits_nuts_rice,qwen3,1000118138,1,1gram,"A blue bag of 4kg ""Baekjinju"" rice, with a small bowl of rice above it on a light gray surface.","4kg짜리 ""Baekjinju"" 쌀이 든 파란색 봉지 위에, 연회색 바탕 위에 작은 밥그릇이 놓여 있다.",,ok,translated,,"<text>A blue bag of 4kg <keep id=""n0"">KEEP0X</keep> rice, with a small bowl of rice above it on a light gray surface.</text>","<text>4kg짜리 <keep id=""n0"">KEEP0X</keep> 쌀이 든 파란색 봉지 위에, 연회색 바탕 위에 작은 밥그릇이 놓여 있다.</text>","[{""id"": ""n0"", ""token"": ""KEEP0X"", ""original"": ""\""Baekjinju\"""", ""mode"": ""short_marker""}]",quoted_labels_xml_short_marker_v5
fruits_nuts_rice,qwen3,1000118138,1,2gram,"A blue 4kg bag of Lgrow ""Bakjinju"" rice, with a small bowl of rice above it on a light gray surface.","파란색 4kg짜리 Lgrow ""Bakjinju"" 쌀 봉지 위에, 연회색 바탕 위에 작은 그릇에 담긴 밥이 놓여 있다.",,ok,translated,,"<text>A blue 4kg bag of Lgrow <keep id=""n0"">KEEP0X</keep> rice, with a small bowl of rice above it on a light gray surface.</text>","<text>파란색 4kg짜리 Lgrow <keep id=""n0"">KEEP0X</keep> 쌀 봉지 위에, 연회색 바탕 위에 작은 그릇에 담긴 밥이 놓여 있다.</text>","[{""id"": ""n0"", ""token"": ""KEEP0X"", ""original"": ""\""Bakjinju\"""", ""mode"": ""short_marker""}]",quoted_labels_xml_short_marker_v5
fruits_nuts_rice,qwen3,1000118138,1,3gram,"A blue 4kg bag of Lgrow ""백진주"" rice, with a small bowl of rice above it on a light gray surface.","파란색 4kg짜리 Lgrow ""백진주"" 쌀 봉지 위에, 연회색 바탕 위에 작은 그릇에 담긴 밥이 놓여 있다.",,ok,translated,,"<text>A blue 4kg bag of Lgrow <keep id=""n0"">KEEP0X</keep> rice, with a small bowl of rice above it on a light gray surface.</text>","<text>파란색 4kg짜리 Lgrow <keep id=""n0"">KEEP0X</keep> 쌀 봉지 위에, 연회색 바탕 위에 작은 그릇에 담긴 밥이 놓여 있다.</text>","[{""id"": ""n0"", ""token"": ""KEEP0X"", ""original"": ""\""백진주\"""", ""mode"": ""short_marker""}]",quoted_labels_xml_short_marker_v5
fruits_nuts_rice,qwen3,1000118138,2,1gram,"A light-colored ceramic bowl with a speckled, earthy pattern and a brown rim, filled with white, uncooked rice grains, sits on a neutral gray surface.","얼룩덜룩한 흙빛 무늬가 있고 가장자리가 갈색인 밝은 색상의 도자기 그릇에 흰색의 생쌀이 가득 담겨 있으며, 그 그릇은 중성적인 회색 바탕 위에 놓여 있다.",,ok,translated,,"<text>A light-colored ceramic bowl with a speckled, earthy pattern and a brown rim, filled with white, uncooked rice grains, sits on a neutral gray surface.</text>","<text>얼룩덜룩한 흙빛 무늬가 있고 가장자리가 갈색인 밝은 색상의 도자기 그릇에 흰색의 생쌀이 가득 담겨 있으며, 그 그릇은 중성적인 회색 바탕 위에 놓여 있다.</text>",[],quoted_labels_xml_literal_v5
fruits_nuts_rice,qwen3,1000118138,2,2gram,"A light-colored ceramic bowl with a speckled, earthy pattern holds a generous pile of white, uncooked rice grains, presented against a neutral, textured background.","얼룩덜룩한 흙빛 무늬가 있는 밝은 색상의 도자기 그릇에 흰색 생쌀알이 넉넉하게 담겨 있으며, 질감이 느껴지는 중성적인 배경 위에 놓여 있다.",,ok,translated,,"<text>A light-colored ceramic bowl with a speckled, earthy pattern holds a generous pile of white, uncooked rice grains, presented against a neutral, textured background.</text>","<text>얼룩덜룩한 흙빛 무늬가 있는 밝은 색상의 도자기 그릇에 흰색 생쌀알이 넉넉하게 담겨 있으며, 질감이 느껴지는 중성적인 배경 위에 놓여 있다.</text>",[],quoted_labels_xml_literal_v5
fruits_nuts_rice,qwen3,1000118138,2,3gram,"A light-colored ceramic bowl filled with white rice grains, featuring a speckled, earthy pattern on its exterior.","흰 쌀알이 가득 담긴 밝은 색상의 도자기 그릇으로, 겉면에는 얼룩덜룩한 흙빛 무늬가 새겨져 있다.",,ok,translated,,"<text>A light-colored ceramic bowl filled with white rice grains, featuring a speckled, earthy pattern on its exterior.</text>","<text>흰 쌀알이 가득 담긴 밝은 색상의 도자기 그릇으로, 겉면에는 얼룩덜룩한 흙빛 무늬가 새겨져 있다.</text>",[],quoted_labels_xml_literal_v5
fruits_nuts_rice,qwen3,1000122762,1,1gram,"A still life photograph of several red apples, some whole and some cut in half, arranged on a white cloth with two packaged apples, one of which is partially cut.","흰 천 위에 몇 개의 빨간 사과가 놓여 있는 정물 사진으로, 사과 중 일부는 통째로 있고 일부는 반으로 잘려 있으며, 포장된 사과 두 개가 함께 놓여 있는데 그중 하나는 일부가 잘려 있다.",,ok,translated,,"<text>A still life photograph of several red apples, some whole and some cut in half, arranged on a white cloth with two packaged apples, one of which is partially cut.</text>","<text>흰 천 위에 몇 개의 빨간 사과가 놓여 있는 정물 사진으로, 사과 중 일부는 통째로 있고 일부는 반으로 잘려 있으며, 포장된 사과 두 개가 함께 놓여 있는데 그중 하나는 일부가 잘려 있다.</text>",[],quoted_labels_xml_literal_v5
fruits_nuts_rice,qwen3,1000122762,1,2gram,"A white cloth with several red apples, some whole and some cut in half, displayed with their packaging.","포장된 채로 진열된, 흰 천 위에 빨간 사과 몇 개가 놓여 있는데, 그중 일부는 통째로 있고 일부는 반으로 잘려 있다.",,ok,translated,,"<text>A white cloth with several red apples, some whole and some cut in half, displayed with their packaging.</text>","<text>포장된 채로 진열된, 흰 천 위에 빨간 사과 몇 개가 놓여 있는데, 그중 일부는 통째로 있고 일부는 반으로 잘려 있다.</text>",[],quoted_labels_xml_literal_v5
fruits_nuts_rice,qwen3,1000122762,1,3gram,"A still life photograph of several red apples, some whole and some cut in half, arranged on a white textured cloth with two clear plastic packages containing apples, one of which has a Korean label.","흰색 질감이 있는 천 위에 통째로 있는 것과 반으로 잘린 것이 섞여 있는 여러 개의 빨간 사과가 놓여 있고, 사과가 들어 있는 투명한 플라스틱 포장지 두 개가 함께 배치된 정물 사진으로, 그중 하나에는 한국어 라벨이 붙어 있다.",,ok,translated,,"<text>A still life photograph of several red apples, some whole and some cut in half, arranged on a white textured cloth with two clear plastic packages containing apples, one of which has a Korean label.</text>","<text>흰색 질감이 있는 천 위에 통째로 있는 것과 반으로 잘린 것이 섞여 있는 여러 개의 빨간 사과가 놓여 있고, 사과가 들어 있는 투명한 플라스틱 포장지 두 개가 함께 배치된 정물 사진으로, 그중 하나에는 한국어 라벨이 붙어 있다.</text>",[],quoted_labels_xml_literal_v5
fruits_nuts_rice,qwen3,1000122762,2,1gram,"A close-up of several red apples, some whole and two cut in half to reveal their pale yellow flesh, resting on a white cloth with a plastic bag and a red seal visible in the background.","흰색 천 위에 놓인 여러 개의 빨간 사과를 클로즈업한 사진으로, 일부는 통째로 있고 두 개는 반으로 잘려 연노란색 과육이 드러나 있으며, 배경에는 비닐봉지와 빨간색 봉인 스티커가 보인다.",,ok,translated,,"<text>A close-up of several red apples, some whole and two cut in half to reveal their pale yellow flesh, resting on a white cloth with a plastic bag and a red seal visible in the background.</text>","<text>흰색 천 위에 놓인 여러 개의 빨간 사과를 클로즈업한 사진으로, 일부는 통째로 있고 두 개는 반으로 잘려 연노란색 과육이 드러나 있으며, 배경에는 비닐봉지와 빨간색 봉인 스티커가 보인다.</text>",[],quoted_labels_xml_literal_v5
fruits_nuts_rice,qwen3,1000122762,2,2gram,"A close-up of several red apples, including two cut in half to reveal their pale yellow flesh, resting on a white cloth with a few still in their plastic packaging.","하얀 천 위에 놓인 여러 개의 빨간 사과를 클로즈업한 사진으로, 그중 두 개는 반으로 잘려 연노란색 과육이 드러나 있고, 몇 개는 아직 비닐 포장지에 싸인 채로 있다.",,ok,translated,,"<text>A close-up of several red apples, including two cut in half to reveal their pale yellow flesh, resting on a white cloth with a few still in their plastic packaging.</text>","<text>하얀 천 위에 놓인 여러 개의 빨간 사과를 클로즈업한 사진으로, 그중 두 개는 반으로 잘려 연노란색 과육이 드러나 있고, 몇 개는 아직 비닐 포장지에 싸인 채로 있다.</text>",[],quoted_labels_xml_literal_v5
fruits_nuts_rice,qwen3,1000122762,2,3gram,"A close-up of several red apples, including two cut in half to reveal their pale yellow flesh, resting on a white cloth with one apple still in its red plastic packaging.","하얀 천 위에 놓인 여러 개의 빨간 사과를 클로즈업한 사진으로, 그중 두 개는 반으로 잘려 연노란색 과육이 드러나 있고, 한 개는 여전히 빨간색 플라스틱 포장지에 싸인 채로 있다.",,ok,translated,,"<text>A close-up of several red apples, including two cut in half to reveal their pale yellow flesh, resting on a white cloth with one apple still in its red plastic packaging.</text>","<text>하얀 천 위에 놓인 여러 개의 빨간 사과를 클로즈업한 사진으로, 그중 두 개는 반으로 잘려 연노란색 과육이 드러나 있고, 한 개는 여전히 빨간색 플라스틱 포장지에 싸인 채로 있다.</text>",[],quoted_labels_xml_literal_v5
fruits_nuts_rice,qwen3,1000144509,1,1gram,"A white bag of ""KF365 KURLY FRESH"" rice, 4kg, with a small bowl of rice beside it, on a light gray surface.","밝은 회색 바탕 위에 ""KF365 KURLY FRESH"" 쌀 4kg이 든 흰색 봉지와 그 옆에 작은 밥그릇이 놓여 있다.",,ok,translated,,"<text>A white bag of <keep id=""n0"">KEEP0X</keep> rice, 4kg, with a small bowl of rice beside it, on a light gray surface.</text>","<text>밝은 회색 바탕 위에 <keep id=""n0"">KEEP0X</keep> 쌀 4kg이 든 흰색 봉지와 그 옆에 작은 밥그릇이 놓여 있다.</text>","[{""id"": ""n0"", ""token"": ""KEEP0X"", ""original"": ""\""KF365 KURLY FRESH\"""", ""mode"": ""short_marker""}]",quoted_labels_xml_short_marker_v5
fruits_nuts_rice,qwen3,1000144509,1,2gram,"A 4kg bag of ""KF365 Kurly Fresh"" rice, featuring a ""Kurly Fresh"" label and a small bowl of the rice beside it.","""Kurly Fresh"" 라벨이 붙어 있고, 그 옆에 작은 그릇에 담긴 ""KF365 Kurly Fresh"" 쌀이 놓여 있는 4kg짜리 쌀 봉지.",,ok,translated,,"<text>A 4kg bag of <keep id=""n0"">KEEP0X</keep> rice, featuring a <keep id=""n1"">KEEP1X</keep> label and a small bowl of the rice beside it.</text>","<text><keep id=""n1"">KEEP1X</keep> 라벨이 붙어 있고, 그 옆에 작은 그릇에 담긴 <keep id=""n0"">KEEP0X</keep> 쌀이 놓여 있는 4kg짜리 쌀 봉지.</text>","[{""id"": ""n0"", ""token"": ""KEEP0X"", ""original"": ""\""KF365 Kurly Fresh\"""", ""mode"": ""short_marker""}, {""id"": ""n1"", ""token"": ""KEEP1X"", ""original"": ""\""Kurly Fresh\"""", ""mode"": ""short_marker""}]",quoted_labels_xml_short_marker_v5
fruits_nuts_rice,qwen3,1000144509,1,3gram,"A 4kg bag of ""KF365 Kurly Fresh"" rice, featuring a clear window showing the rice grains, is displayed on a light gray surface with a small bowl of rice beside it.","쌀알이 보이는 투명 창이 있는 4kg짜리 ""KF365 Kurly Fresh"" 쌀 한 봉지가 연회색 바탕 위에 진열되어 있고, 그 옆에는 작은 그릇에 담긴 밥이 놓여 있다.",,ok,translated,,"<text>A 4kg bag of <keep id=""n0"">KEEP0X</keep> rice, featuring a clear window showing the rice grains, is displayed on a light gray surface with a small bowl of rice beside it.</text>","<text>쌀알이 보이는 투명 창이 있는 4kg짜리 <keep id=""n0"">KEEP0X</keep> 쌀 한 봉지가 연회색 바탕 위에 진열되어 있고, 그 옆에는 작은 그릇에 담긴 밥이 놓여 있다.</text>","[{""id"": ""n0"", ""token"": ""KEEP0X"", ""original"": ""\""KF365 Kurly Fresh\"""", ""mode"": ""short_marker""}]",quoted_labels_xml_short_marker_v5
fruits_nuts_rice,qwen3,1000144509,2,1gram,"A white bowl filled with white rice grains, appearing fresh and full, set against a light gray background.","밝은 회색 배경 위에, 흰 쌀알로 가득 차 신선하고 풍성해 보이는 흰 그릇이 놓여 있다.",,ok,translated,,"<text>A white bowl filled with white rice grains, appearing fresh and full, set against a light gray background.</text>","<text>밝은 회색 배경 위에, 흰 쌀알로 가득 차 신선하고 풍성해 보이는 흰 그릇이 놓여 있다.</text>",[],quoted_labels_xml_literal_v5
fruits_nuts_rice,qwen3,1000144509,2,2gram,"A white bowl filled with white rice grains, set against a light gray, textured surface.","밝은 회색의 질감이 느껴지는 표면 위에, 흰 쌀알로 가득 찬 하얀 그릇이 놓여 있다.",,ok,translated,,"<text>A white bowl filled with white rice grains, set against a light gray, textured surface.</text>","<text>밝은 회색의 질감이 느껴지는 표면 위에, 흰 쌀알로 가득 찬 하얀 그릇이 놓여 있다.</text>",[],quoted_labels_xml_literal_v5
fruits_nuts_rice,qwen3,1000144509,2,3gram,"A white bowl filled with white rice grains, set against a light gray, textured background.","밝은 회색의 질감이 느껴지는 배경 위에, 흰 쌀알로 가득 찬 하얀 그릇이 놓여 있다.",,ok,translated,,"<text>A white bowl filled with white rice grains, set against a light gray, textured background.</text>","<text>밝은 회색의 질감이 느껴지는 배경 위에, 흰 쌀알로 가득 찬 하얀 그릇이 놓여 있다.</text>",[],quoted_labels_xml_literal_v5
fruits_nuts_rice,qwen3,1000253378,1,1gram,"A light green plate filled with frozen blueberries, with a silver spoon resting on the edge, set against a gray background.","회색 배경 위에, 얼린 블루베리가 가득 담긴 연한 녹색 접시가 놓여 있고, 그 가장자리에 은색 숟가락이 기대어 있다.",,ok,translated,,"<text>A light green plate filled with frozen blueberries, with a silver spoon resting on the edge, set against a gray background.</text>","<text>회색 배경 위에, 얼린 블루베리가 가득 담긴 연한 녹색 접시가 놓여 있고, 그 가장자리에 은색 숟가락이 기대어 있다.</text>",[],quoted_labels_xml_literal_v5
fruits_nuts_rice,qwen3,1000253378,1,2gram,"A light green plate filled with frozen blueberries, with a silver spoon resting on the edge, set against a gray background.","회색 배경 위에, 얼린 블루베리가 가득 담긴 연한 녹색 접시가 놓여 있고, 그 가장자리에 은색 숟가락이 기대어 있다.",,ok,translated,,"<text>A light green plate filled with frozen blueberries, with a silver spoon resting on the edge, set against a gray background.</text>","<text>회색 배경 위에, 얼린 블루베리가 가득 담긴 연한 녹색 접시가 놓여 있고, 그 가장자리에 은색 숟가락이 기대어 있다.</text>",[],quoted_labels_xml_literal_v5
fruits_nuts_rice,qwen3,1000253378,1,3gram,"A light green plate filled with frozen blueberries, with a silver spoon resting on the edge, set against a gray background.","회색 배경 위에, 얼린 블루베리가 가득 담긴 연한 녹색 접시가 놓여 있고, 그 가장자리에 은색 숟가락이 기대어 있다.",,ok,translated,,"<text>A light green plate filled with frozen blueberries, with a silver spoon resting on the edge, set against a gray background.</text>","<text>회색 배경 위에, 얼린 블루베리가 가득 담긴 연한 녹색 접시가 놓여 있고, 그 가장자리에 은색 숟가락이 기대어 있다.</text>",[],quoted_labels_xml_literal_v5
fruits_nuts_rice,qwen3,1000253378,2,1gram,"A light green plate filled with frozen blueberries, with a silver spoon holding a few berries in the foreground.","연두색 접시에 얼린 블루베리가 가득 담겨 있고, 전경에는 블루베리 몇 알을 얹은 은색 숟가락이 놓여 있다.",,ok,translated,,"<text>A light green plate filled with frozen blueberries, with a silver spoon holding a few berries in the foreground.</text>","<text>연두색 접시에 얼린 블루베리가 가득 담겨 있고, 전경에는 블루베리 몇 알을 얹은 은색 숟가락이 놓여 있다.</text>",[],quoted_labels_xml_literal_v5
fruits_nuts_rice,qwen3,1000253378,2,2gram,"A close-up of a light green plate filled with frozen blueberries, with a spoon holding a few berries in the foreground.","얼린 블루베리가 가득 담긴 연한 녹색 접시의 클로즈업 사진으로, 전경에는 블루베리 몇 알을 얹은 숟가락이 놓여 있다.",,ok,translated,,"<text>A close-up of a light green plate filled with frozen blueberries, with a spoon holding a few berries in the foreground.</text>","<text>얼린 블루베리가 가득 담긴 연한 녹색 접시의 클로즈업 사진으로, 전경에는 블루베리 몇 알을 얹은 숟가락이 놓여 있다.</text>",[],quoted_labels_xml_literal_v5
fruits_nuts_rice,qwen3,1000253378,2,3gram,"A close-up of a light green plate filled with frozen blueberries, with a spoon holding a few berries in the foreground.","얼린 블루베리가 가득 담긴 연한 녹색 접시의 클로즈업 사진으로, 전경에는 블루베리 몇 알을 얹은 숟가락이 놓여 있다.",,ok,translated,,"<text>A close-up of a light green plate filled with frozen blueberries, with a spoon holding a few berries in the foreground.</text>","<text>얼린 블루베리가 가득 담긴 연한 녹색 접시의 클로즈업 사진으로, 전경에는 블루베리 몇 알을 얹은 숟가락이 놓여 있다.</text>",[],quoted_labels_xml_literal_v5
fruits_nuts_rice,qwen3,1000338204,1,1gram,"A 1 kg package of frozen blueberries in a purple and green plastic bag, with a bowl of fresh blueberries above it on a light gray surface.","보라색과 초록색 플라스틱 봉지에 담긴 1kg짜리 냉동 블루베리 한 팩과, 그 위 밝은 회색 표면 위에 놓인 신선한 블루베리가 담긴 그릇.",,ok,translated,,"<text>A 1 kg package of frozen blueberries in a purple and green plastic bag, with a bowl of fresh blueberries above it on a light gray surface.</text>","<text>보라색과 초록색 플라스틱 봉지에 담긴 1kg짜리 냉동 블루베리 한 팩과, 그 위 밝은 회색 표면 위에 놓인 신선한 블루베리가 담긴 그릇.</text>",[],quoted_labels_xml_literal_v5
fruits_nuts_rice,qwen3,1000338204,1,2gram,"A 1 kg package of frozen blueberries in a purple and green bag, with a bowl of fresh blueberries above it on a light gray surface.","보라색과 초록색 봉지에 담긴 1kg짜리 냉동 블루베리 한 팩과, 그 위 밝은 회색 바탕 위에 놓인 신선한 블루베리 한 그릇.",,ok,translated,,"<text>A 1 kg package of frozen blueberries in a purple and green bag, with a bowl of fresh blueberries above it on a light gray surface.</text>","<text>보라색과 초록색 봉지에 담긴 1kg짜리 냉동 블루베리 한 팩과, 그 위 밝은 회색 바탕 위에 놓인 신선한 블루베리 한 그릇.</text>",[],quoted_labels_xml_literal_v5
fruits_nuts_rice,qwen3,1000338204,1,3gram,"A 1 kg package of frozen blueberries, with a bowl of the same berries above it, on a light gray surface.","밝은 회색 바탕 위에 1kg짜리 냉동 블루베리 한 팩이 놓여 있고, 그 위에는 같은 블루베리가 담긴 그릇이 놓여 있다.",,ok,translated,,"<text>A 1 kg package of frozen blueberries, with a bowl of the same berries above it, on a light gray surface.</text>","<text>밝은 회색 바탕 위에 1kg짜리 냉동 블루베리 한 팩이 놓여 있고, 그 위에는 같은 블루베리가 담긴 그릇이 놓여 있다.</text>",[],quoted_labels_xml_literal_v5
fruits_nuts_rice,qwen3,1000338204,2,1gram,"A white bowl filled with frozen blueberries, showing their dark purple color and textured surface.",얼린 블루베리가 가득 담긴 흰색 그릇. 블루베리의 짙은 보라색과 울퉁불퉁한 표면이 드러나 있다.,,ok,translated,,"<text>A white bowl filled with frozen blueberries, showing their dark purple color and textured surface.</text>",<text>얼린 블루베리가 가득 담긴 흰색 그릇. 블루베리의 짙은 보라색과 울퉁불퉁한 표면이 드러나 있다.</text>,[],quoted_labels_xml_literal_v5
fruits_nuts_rice,qwen3,1000338204,2,2gram,"A white bowl filled with dark, frozen blueberries, showcasing their rich, textured appearance.","검고 얼어붙은 블루베리로 가득 찬 하얀 그릇에, 블루베리의 진하고 입체감 있는 모습이 돋보인다.",,ok,translated,,"<text>A white bowl filled with dark, frozen blueberries, showcasing their rich, textured appearance.</text>","<text>검고 얼어붙은 블루베리로 가득 찬 하얀 그릇에, 블루베리의 진하고 입체감 있는 모습이 돋보인다.</text>",[],quoted_labels_xml_literal_v5
fruits_nuts_rice,qwen3,1000338204,2,3gram,"A white bowl filled with dark purple, frozen blueberries, showing a rich, deep purple hue and a slightly textured surface.","짙은 보라색의 얼린 블루베리로 가득 찬 흰색 그릇. 블루베리는 진하고 깊은 보라색을 띠고 있으며, 표면에는 약간의 질감이 느껴진다.",,ok,translated,,"<text>A white bowl filled with dark purple, frozen blueberries, showing a rich, deep purple hue and a slightly textured surface.</text>","<text>짙은 보라색의 얼린 블루베리로 가득 찬 흰색 그릇. 블루베리는 진하고 깊은 보라색을 띠고 있으며, 표면에는 약간의 질감이 느껴진다.</text>",[],quoted_labels_xml_literal_v5
fruits_nuts_rice,qwen3,1000763360,1,1gram,"A bunch of bright green grapes on a light blue plate, with two cut halves placed beside the main cluster.","하늘색 접시 위에 선명한 녹색 포도 한 송이가 놓여 있고, 그 옆에는 잘라 놓은 포도 반쪽 두 개가 놓여 있다.",,ok,translated,,"<text>A bunch of bright green grapes on a light blue plate, with two cut halves placed beside the main cluster.</text>","<text>하늘색 접시 위에 선명한 녹색 포도 한 송이가 놓여 있고, 그 옆에는 잘라 놓은 포도 반쪽 두 개가 놓여 있다.</text>",[],quoted_labels_xml_literal_v5
fruits_nuts_rice,qwen3,1000763360,1,2gram,"A light blue plate holds a bunch of fresh, green grapes with a few cut pieces scattered around, set against a light gray background.","밝은 회색 배경 위에, 연한 파란색 접시에 싱그러운 초록색 포도 한 송이가 담겨 있고, 그 주위에는 잘라 놓은 포도 조각 몇 개가 흩어져 있다.",,ok,translated,,"<text>A light blue plate holds a bunch of fresh, green grapes with a few cut pieces scattered around, set against a light gray background.</text>","<text>밝은 회색 배경 위에, 연한 파란색 접시에 싱그러운 초록색 포도 한 송이가 담겨 있고, 그 주위에는 잘라 놓은 포도 조각 몇 개가 흩어져 있다.</text>",[],quoted_labels_xml_literal_v5
fruits_nuts_rice,qwen3,1000763360,1,3gram,"A light blue plate holds a bunch of fresh, bright green grapes, with two cut pieces placed beside it on a light gray surface.","하늘색 접시 위에는 싱싱하고 선명한 초록색 포도 한 송이가 놓여 있고, 그 옆의 연회색 표면 위에는 잘라 놓은 포도 두 조각이 놓여 있다.",,ok,translated,,"<text>A light blue plate holds a bunch of fresh, bright green grapes, with two cut pieces placed beside it on a light gray surface.</text>","<text>하늘색 접시 위에는 싱싱하고 선명한 초록색 포도 한 송이가 놓여 있고, 그 옆의 연회색 표면 위에는 잘라 놓은 포도 두 조각이 놓여 있다.</text>",[],quoted_labels_xml_literal_v5
fruits_nuts_rice,qwen3,1000763360,2,1gram,"A bunch of fresh, green grapes with a few cut in half, resting on a white plate.","흰 접시 위에 놓인 싱싱하고 푸른 포도 한 송이와, 그중 몇 알은 반으로 잘려 있다.",,ok,translated,,"<text>A bunch of fresh, green grapes with a few cut in half, resting on a white plate.</text>","<text>흰 접시 위에 놓인 싱싱하고 푸른 포도 한 송이와, 그중 몇 알은 반으로 잘려 있다.</text>",[],quoted_labels_xml_literal_v5
fruits_nuts_rice,qwen3,1000763360,2,2gram,"A bunch of fresh, vibrant green grapes, some whole and others sliced in half, are displayed on a white plate, glistening with water droplets.","흰 접시 위에는 싱싱하고 생기 넘치는 초록색 포도 한 묶음이 놓여 있는데, 어떤 것은 통째로 있고 어떤 것은 반으로 잘려 있으며, 물방울이 반짝이고 있다.",,ok,translated,,"<text>A bunch of fresh, vibrant green grapes, some whole and others sliced in half, are displayed on a white plate, glistening with water droplets.</text>","<text>흰 접시 위에는 싱싱하고 생기 넘치는 초록색 포도 한 묶음이 놓여 있는데, 어떤 것은 통째로 있고 어떤 것은 반으로 잘려 있으며, 물방울이 반짝이고 있다.</text>",[],quoted_labels_xml_literal_v5
fruits_nuts_rice,qwen3,1000763360,2,3gram,"A bunch of fresh, vibrant green grapes, some whole and others sliced in half, resting on a white plate with a light, soft background.","가볍고 부드러운 배경의 흰 접시 위에, 일부는 통째로, 일부는 반으로 잘린 신선하고 생기 넘치는 초록색 포도 한 묶음이 놓여 있다.",,ok,translated,,"<text>A bunch of fresh, vibrant green grapes, some whole and others sliced in half, resting on a white plate with a light, soft background.</text>","<text>가볍고 부드러운 배경의 흰 접시 위에, 일부는 통째로, 일부는 반으로 잘린 신선하고 생기 넘치는 초록색 포도 한 묶음이 놓여 있다.</text>",[],quoted_labels_xml_literal_v5
fruits_nuts_rice,qwen3,1000858612,1,1gram,"A plastic container of sliced pineapple, labeled ""KF365 KOREA FRESH,"" is shown with two pieces on a white plate.","‘""KF365 KOREA FRESH,""’라고 적힌 얇게 썬 파인애플이 담긴 플라스틱 용기가 흰 접시 위에 두 조각 놓여 있는 모습이 보인다.",,ok,translated,,"<text>A plastic container of sliced pineapple, labeled <keep id=""n0"">KEEP0X</keep> is shown with two pieces on a white plate.</text>","<text><keep id=""n0"">‘KEEP0X’라고</keep> 적힌 얇게 썬 파인애플이 담긴 플라스틱 용기가 흰 접시 위에 두 조각 놓여 있는 모습이 보인다.</text>","[{""id"": ""n0"", ""token"": ""KEEP0X"", ""original"": ""\""KF365 KOREA FRESH,\"""", ""mode"": ""short_marker""}]",quoted_labels_xml_short_marker_v5
fruits_nuts_rice,qwen3,1000858612,1,2gram,"A plastic container with several pineapple chunks, labeled ""KF365 KOREA FRESH"", is shown alongside two pineapple chunks on a white plate.","‘""KF365 KOREA FRESH""’라고 적힌 플라스틱 용기에 파인애플 조각 몇 개가 담겨 있고, 흰 접시 위에 놓인 파인애플 조각 두 개와 나란히 보여진다.",,ok,translated,,"<text>A plastic container with several pineapple chunks, labeled <keep id=""n0"">KEEP0X</keep>, is shown alongside two pineapple chunks on a white plate.</text>","<text><keep id=""n0"">‘KEEP0X’라고</keep> 적힌 플라스틱 용기에 파인애플 조각 몇 개가 담겨 있고, 흰 접시 위에 놓인 파인애플 조각 두 개와 나란히 보여진다.</text>","[{""id"": ""n0"", ""token"": ""KEEP0X"", ""original"": ""\""KF365 KOREA FRESH\"""", ""mode"": ""short_marker""}]",quoted_labels_xml_short_marker_v5
fruits_nuts_rice,qwen3,1000858612,1,3gram,"A plastic container with a label reading ""KF365 KOREA FRESH"" holds several pineapple slices, with two slices displayed on a white plate in front.","‘""KF365 KOREA FRESH""’라고 적힌 라벨이 붙은 플라스틱 용기 안에는 파인애플 조각이 몇 개 들어 있으며, 그 앞의 흰 접시 위에는 파인애플 조각 두 개가 놓여 있다.",,ok,translated,,"<text>A plastic container with a label reading <keep id=""n0"">KEEP0X</keep> holds several pineapple slices, with two slices displayed on a white plate in front.</text>","<text><keep id=""n0"">‘KEEP0X’라고</keep> 적힌 라벨이 붙은 플라스틱 용기 안에는 파인애플 조각이 몇 개 들어 있으며, 그 앞의 흰 접시 위에는 파인애플 조각 두 개가 놓여 있다.</text>","[{""id"": ""n0"", ""token"": ""KEEP0X"", ""original"": ""\""KF365 KOREA FRESH\"""", ""mode"": ""short_marker""}]",quoted_labels_xml_short_marker_v5
fruits_nuts_rice,qwen3,1000858612,2,1gram,"Three pieces of fresh, yellow pineapple are arranged on a white plate.",흰 접시 위에 싱싱한 노란 파인애플 세 조각이 놓여 있다.,,ok,translated,,"<text>Three pieces of fresh, yellow pineapple are arranged on a white plate.</text>",<text>흰 접시 위에 싱싱한 노란 파인애플 세 조각이 놓여 있다.</text>,[],quoted_labels_xml_literal_v5
fruits_nuts_rice,qwen3,1000858612,2,2gram,Three pieces of peeled pineapple are arranged on a white plate.,껍질을 벗긴 파인애플 세 조각이 흰 접시 위에 놓여 있다.,,ok,translated,,<text>Three pieces of peeled pineapple are arranged on a white plate.</text>,<text>껍질을 벗긴 파인애플 세 조각이 흰 접시 위에 놓여 있다.</text>,[],quoted_labels_xml_literal_v5
fruits_nuts_rice,qwen3,1000858612,2,3gram,Three chunks of yellow pineapple on a white plate.,하얀 접시 위에 노란 파인애플 조각 세 개가 놓여 있다.,,ok,translated,,<text>Three chunks of yellow pineapple on a white plate.</text>,<text>하얀 접시 위에 노란 파인애플 조각 세 개가 놓여 있다.</text>,[],quoted_labels_xml_literal_v5
fruits_nuts_rice,qwen3,1000867509,1,1gram,"A 4kg package of ""7일향미"" (7-day aroma) rice, displayed with a bowl of rice and stalks of rice, on a light green background.","밝은 녹색 배경 위에, 밥 한 그릇과 벼 이삭과 함께 진열된 4kg짜리 ""7일향미""(7일 향) 쌀 포장지.",,ok,translated,,"<text>A 4kg package of <keep id=""n0"">KEEP0X</keep> (7-day aroma) rice, displayed with a bowl of rice and stalks of rice, on a light green background.</text>","<text>밝은 녹색 배경 위에, 밥 한 그릇과 벼 이삭과 함께 진열된 4kg짜리 <keep id=""n0"">KEEP0X</keep>(7일 향) 쌀 포장지.</text>","[{""id"": ""n0"", ""token"": ""KEEP0X"", ""original"": ""\""7일향미\"""", ""mode"": ""short_marker""}]",quoted_labels_xml_short_marker_v5
fruits_nuts_rice,qwen3,1000867509,1,2gram,"A 4kg package of ""7일향미"" (7-day fragrance) rice, displayed with a bowl of rice and a stalk of rice husk on a light green background.","연두색 배경 위에 밥 한 그릇과 벼 이삭 한 개와 함께 진열된 ""7일향미""(7일 지속 향) 쌀 4kg 포장.",,ok,translated,,"<text>A 4kg package of <keep id=""n0"">KEEP0X</keep> (7-day fragrance) rice, displayed with a bowl of rice and a stalk of rice husk on a light green background.</text>","<text>연두색 배경 위에 밥 한 그릇과 벼 이삭 한 개와 함께 진열된 <keep id=""n0"">KEEP0X</keep>(7일 지속 향) 쌀 4kg 포장.</text>","[{""id"": ""n0"", ""token"": ""KEEP0X"", ""original"": ""\""7일향미\"""", ""mode"": ""short_marker""}]",quoted_labels_xml_short_marker_v5
fruits_nuts_rice,qwen3,1000867509,1,3gram,"A 4kg bag of ""7일향미"" rice, shown with a bowl of rice and a single stalk of rice husk, on a light green background.","밝은 녹색 배경 위에 ""7일향미"" 쌀 4kg 봉지가 놓여 있으며, 그 옆에는 밥 한 그릇과 볏짚 한 줄기가 함께 보여진다.",,ok,translated,,"<text>A 4kg bag of <keep id=""n0"">KEEP0X</keep> rice, shown with a bowl of rice and a single stalk of rice husk, on a light green background.</text>","<text>밝은 녹색 배경 위에 <keep id=""n0"">KEEP0X</keep> 쌀 4kg 봉지가 놓여 있으며, 그 옆에는 밥 한 그릇과 볏짚 한 줄기가 함께 보여진다.</text>","[{""id"": ""n0"", ""token"": ""KEEP0X"", ""original"": ""\""7일향미\"""", ""mode"": ""short_marker""}]",quoted_labels_xml_short_marker_v5
fruits_nuts_rice,qwen3,1000867509,2,1gram,"A minimalist still life featuring a 4kg bag of ""7일향미"" (7-day fragrance) rice, a bowl of rice grains, and dried rice stalks on a light green and white textured surface.","밝은 녹색과 흰색의 질감이 느껴지는 표면 위에 4kg짜리 ""7일향미""(7일 향기) 쌀 한 봉지, 쌀알이 담긴 그릇, 그리고 말린 벼줄기가 놓인 미니멀한 정물화.",,ok,translated,,"<text>A minimalist still life featuring a 4kg bag of <keep id=""n0"">KEEP0X</keep> (7-day fragrance) rice, a bowl of rice grains, and dried rice stalks on a light green and white textured surface.</text>","<text>밝은 녹색과 흰색의 질감이 느껴지는 표면 위에 4kg짜리 <keep id=""n0"">KEEP0X</keep>(7일 향기) 쌀 한 봉지, 쌀알이 담긴 그릇, 그리고 말린 벼줄기가 놓인 미니멀한 정물화.</text>","[{""id"": ""n0"", ""token"": ""KEEP0X"", ""original"": ""\""7일향미\"""", ""mode"": ""short_marker""}]",quoted_labels_xml_short_marker_v5
fruits_nuts_rice,qwen3,1000867509,2,2gram,"A 4kg package of ""7일향미"" (7-day fragrance) rice, displayed with a bowl of rice grains, dried rice stalks, and a white cloth on a light green surface.","연두색 바탕 위에 밥 한 그릇, 마른 벼 이삭, 흰 천과 함께 진열된 4kg짜리 ""7일향미""(7일 향기) 쌀 포장지.",,ok,translated,,"<text>A 4kg package of <keep id=""n0"">KEEP0X</keep> (7-day fragrance) rice, displayed with a bowl of rice grains, dried rice stalks, and a white cloth on a light green surface.</text>","<text>연두색 바탕 위에 밥 한 그릇, 마른 벼 이삭, 흰 천과 함께 진열된 4kg짜리 <keep id=""n0"">KEEP0X</keep>(7일 향기) 쌀 포장지.</text>","[{""id"": ""n0"", ""token"": ""KEEP0X"", ""original"": ""\""7일향미\"""", ""mode"": ""short_marker""}]",quoted_labels_xml_short_marker_v5
fruits_nuts_rice,qwen3,1000867509,2,3gram,"A minimalist still life featuring a 4kg package of ""7일향미"" (7-day fragrance) rice, a bowl of rice grains, and dried rice stalks, all arranged on a soft green and white textured surface.","4kg짜리 ""7일향미""(7일용 향기) 쌀 한 봉지, 쌀 한 그릇, 그리고 말린 벼 이삭이 부드러운 녹색과 흰색의 질감이 느껴지는 표면 위에 배치된 미니멀한 정물화.",,ok,translated,,"<text>A minimalist still life featuring a 4kg package of <keep id=""n0"">KEEP0X</keep> (7-day fragrance) rice, a bowl of rice grains, and dried rice stalks, all arranged on a soft green and white textured surface.</text>","<text>4kg짜리 <keep id=""n0"">KEEP0X</keep>(7일용 향기) 쌀 한 봉지, 쌀 한 그릇, 그리고 말린 벼 이삭이 부드러운 녹색과 흰색의 질감이 느껴지는 표면 위에 배치된 미니멀한 정물화.</text>","[{""id"": ""n0"", ""token"": ""KEEP0X"", ""original"": ""\""7일향미\"""", ""mode"": ""short_marker""}]",quoted_labels_xml_short_marker_v5
fruits_nuts_rice,qwen3,1000867511,1,1gram,"A white bag of 8kg ""7일향미"" rice, featuring a minimalist design with a rice grain image, is displayed on a light green surface with a stalk of rice and a bowl of rice beside it.","쌀알 이미지가 들어간 미니멀한 디자인의 8kg짜리 ""7일향미"" 쌀이 담긴 흰색 봉지가 연한 녹색 바탕 위에 놓여 있으며, 그 옆에는 벼 이삭 한 줄기와 밥 한 그릇이 놓여 있다.",,ok,translated,,"<text>A white bag of 8kg <keep id=""n0"">KEEP0X</keep> rice, featuring a minimalist design with a rice grain image, is displayed on a light green surface with a stalk of rice and a bowl of rice beside it.</text>","<text>쌀알 이미지가 들어간 미니멀한 디자인의 8kg짜리 <keep id=""n0"">KEEP0X</keep> 쌀이 담긴 흰색 봉지가 연한 녹색 바탕 위에 놓여 있으며, 그 옆에는 벼 이삭 한 줄기와 밥 한 그릇이 놓여 있다.</text>","[{""id"": ""n0"", ""token"": ""KEEP0X"", ""original"": ""\""7일향미\"""", ""mode"": ""short_marker""}]",quoted_labels_xml_short_marker_v5
fruits_nuts_rice,qwen3,1000867511,1,2gram,"A white 8kg bag of ""7-day fragrance"" white rice, displayed with rice stalks and a bowl of rice on a soft green and beige background.","부드러운 녹색과 베이지색 배경 위에 벼 이삭과 밥 한 그릇과 함께 진열된 ""7-day fragrance"" 백미 8kg 흰색 봉지.",,ok,translated,,"<text>A white 8kg bag of <keep id=""n0"">KEEP0X</keep> white rice, displayed with rice stalks and a bowl of rice on a soft green and beige background.</text>","<text>부드러운 녹색과 베이지색 배경 위에 벼 이삭과 밥 한 그릇과 함께 진열된 <keep id=""n0"">KEEP0X</keep> 백미 8kg 흰색 봉지.</text>","[{""id"": ""n0"", ""token"": ""KEEP0X"", ""original"": ""\""7-day fragrance\"""", ""mode"": ""short_marker""}]",quoted_labels_xml_short_marker_v5
fruits_nuts_rice,qwen3,1000867511,1,3gram,"A white 8kg bag of white rice labeled ""7일향미"" (7-day fragrance) is displayed on a light green surface, accompanied by a small bowl of rice, dried rice stalks, and a soft, natural background.","‘""7일향미""(7일 향기)’라고 적힌 흰색 8kg 백미 봉지가 연한 녹색 바탕 위에 놓여 있으며, 그 옆에는 작은 밥그릇, 말린 벼 이삭, 그리고 부드럽고 자연스러운 배경이 함께 어우러져 있다.",,ok,translated,,"<text>A white 8kg bag of white rice labeled <keep id=""n0"">KEEP0X</keep> (7-day fragrance) is displayed on a light green surface, accompanied by a small bowl of rice, dried rice stalks, and a soft, natural background.</text>","<text><keep id=""n0"">‘KEEP0X</keep>(7일 향기)’라고 적힌 흰색 8kg 백미 봉지가 연한 녹색 바탕 위에 놓여 있으며, 그 옆에는 작은 밥그릇, 말린 벼 이삭, 그리고 부드럽고 자연스러운 배경이 함께 어우러져 있다.</text>","[{""id"": ""n0"", ""token"": ""KEEP0X"", ""original"": ""\""7일향미\"""", ""mode"": ""short_marker""}]",quoted_labels_xml_short_marker_v5
fruits_nuts_rice,qwen3,1000867511,2,1gram,"A minimalist photograph of a 8kg bag of ""7일향미"" (7-day fragrance) rice, with a small bowl of rice and dried rice stalks on a light green and beige background.","밝은 녹색과 베이지색 배경 위에, 8kg짜리 ""7일향미""(7일 향기) 쌀 한 봉지와 작은 밥그릇, 그리고 말린 볏짚이 담긴 미니멀한 사진.",,ok,translated,,"<text>A minimalist photograph of a 8kg bag of <keep id=""n0"">KEEP0X</keep> (7-day fragrance) rice, with a small bowl of rice and dried rice stalks on a light green and beige background.</text>","<text>밝은 녹색과 베이지색 배경 위에, 8kg짜리 <keep id=""n0"">KEEP0X</keep>(7일 향기) 쌀 한 봉지와 작은 밥그릇, 그리고 말린 볏짚이 담긴 미니멀한 사진.</text>","[{""id"": ""n0"", ""token"": ""KEEP0X"", ""original"": ""\""7일향미\"""", ""mode"": ""short_marker""}]",quoted_labels_xml_short_marker_v5
fruits_nuts_rice,qwen3,1000867511,2,2gram,"A minimalist white bag of 8kg ""7일향미"" rice, displayed with a bowl of rice, a piece of paper, and dried rice stalks on a soft green and beige background.","8kg짜리 ""7일향미"" 쌀이 담긴 심플한 흰색 봉지가, 은은한 녹색과 베이지색 배경 위에 밥 한 그릇, 종이 한 장, 마른 벼 이삭과 함께 진열되어 있다.",,ok,translated,,"<text>A minimalist white bag of 8kg <keep id=""n0"">KEEP0X</keep> rice, displayed with a bowl of rice, a piece of paper, and dried rice stalks on a soft green and beige background.</text>","<text>8kg짜리 <keep id=""n0"">KEEP0X</keep> 쌀이 담긴 심플한 흰색 봉지가, 은은한 녹색과 베이지색 배경 위에 밥 한 그릇, 종이 한 장, 마른 벼 이삭과 함께 진열되어 있다.</text>","[{""id"": ""n0"", ""token"": ""KEEP0X"", ""original"": ""\""7일향미\"""", ""mode"": ""short_marker""}]",quoted_labels_xml_short_marker_v5
fruits_nuts_rice,qwen3,1000867511,2,3gram,"A minimalist photograph of an 8kg rice bag labeled ""7일향미"" (7-day fragrance), with a bowl of rice and dried rice stalks on a light green and beige background.","‘""7일향미""(7일 향기)’라고 적힌 8kg 쌀 포대와 밥 한 그릇, 마른 벼 이삭이 연한 녹색과 베이지색 배경 위에 놓여 있는 미니멀한 사진.",,ok,translated,,"<text>A minimalist photograph of an 8kg rice bag labeled <keep id=""n0"">KEEP0X</keep> (7-day fragrance), with a bowl of rice and dried rice stalks on a light green and beige background.</text>","<text><keep id=""n0"">‘KEEP0X</keep>(7일 향기)’라고 적힌 8kg 쌀 포대와 밥 한 그릇, 마른 벼 이삭이 연한 녹색과 베이지색 배경 위에 놓여 있는 미니멀한 사진.</text>","[{""id"": ""n0"", ""token"": ""KEEP0X"", ""original"": ""\""7일향미\"""", ""mode"": ""short_marker""}]",quoted_labels_xml_short_marker_v5
fruits_nuts_rice,qwen3,1000908371,1,1gram,"A box of red apples with a few cut in half, revealing their crisp, juicy interiors, arranged on a light-colored cloth.","밝은 색의 천 위에, 몇 개는 반으로 잘려 아삭하고 즙이 풍부한 속살이 드러난 빨간 사과 한 상자가 놓여 있다.",,ok,translated,,"<text>A box of red apples with a few cut in half, revealing their crisp, juicy interiors, arranged on a light-colored cloth.</text>","<text>밝은 색의 천 위에, 몇 개는 반으로 잘려 아삭하고 즙이 풍부한 속살이 드러난 빨간 사과 한 상자가 놓여 있다.</text>",[],quoted_labels_xml_literal_v5
fruits_nuts_rice,qwen3,1000908371,1,2gram,"A box of red apples with a few cut in half, revealing their crisp, juicy interiors, arranged on a light-colored cloth.","밝은 색의 천 위에, 몇 개는 반으로 잘려 아삭하고 즙이 풍부한 속살이 드러난 빨간 사과 한 상자가 놓여 있다.",,ok,translated,,"<text>A box of red apples with a few cut in half, revealing their crisp, juicy interiors, arranged on a light-colored cloth.</text>","<text>밝은 색의 천 위에, 몇 개는 반으로 잘려 아삭하고 즙이 풍부한 속살이 드러난 빨간 사과 한 상자가 놓여 있다.</text>",[],quoted_labels_xml_literal_v5
fruits_nuts_rice,qwen3,1000908371,1,3gram,"A box of red apples with a few scattered on a cloth, some cut in half to reveal their crisp, juicy interior.","빨간 사과 한 상자가 있고, 천 위에는 사과 몇 개가 흩어져 있으며, 그중 일부는 반으로 잘려 아삭하고 즙이 풍부한 속이 드러나 있다.",,ok,translated,,"<text>A box of red apples with a few scattered on a cloth, some cut in half to reveal their crisp, juicy interior.</text>","<text>빨간 사과 한 상자가 있고, 천 위에는 사과 몇 개가 흩어져 있으며, 그중 일부는 반으로 잘려 아삭하고 즙이 풍부한 속이 드러나 있다.</text>",[],quoted_labels_xml_literal_v5
fruits_nuts_rice,qwen3,1000908371,2,1gram,"A close-up of several red apples, some whole and one cut in half with two slices, resting on a beige cloth next to a cardboard box.","베이지색 천 위에 놓인 여러 개의 빨간 사과를 클로즈업한 사진으로, 일부는 통째로 있고 하나는 반으로 잘려 두 조각이 나 있는 상태이며, 그 옆에는 골판지 상자가 놓여 있다.",,ok,translated,,"<text>A close-up of several red apples, some whole and one cut in half with two slices, resting on a beige cloth next to a cardboard box.</text>","<text>베이지색 천 위에 놓인 여러 개의 빨간 사과를 클로즈업한 사진으로, 일부는 통째로 있고 하나는 반으로 잘려 두 조각이 나 있는 상태이며, 그 옆에는 골판지 상자가 놓여 있다.</text>",[],quoted_labels_xml_literal_v5
fruits_nuts_rice,qwen3,1000908371,2,2gram,"A close-up of several red apples, some whole and one cut in half with two slices, resting on a beige cloth with a cardboard box partially visible in the background.","베이지색 천 위에 놓인 여러 개의 빨간 사과를 클로즈업한 사진으로, 일부는 통째로 있고 하나는 반으로 잘려 두 조각이 나 있으며, 배경에는 골판지 상자가 부분적으로 보인다.",,ok,translated,,"<text>A close-up of several red apples, some whole and one cut in half with two slices, resting on a beige cloth with a cardboard box partially visible in the background.</text>","<text>베이지색 천 위에 놓인 여러 개의 빨간 사과를 클로즈업한 사진으로, 일부는 통째로 있고 하나는 반으로 잘려 두 조각이 나 있으며, 배경에는 골판지 상자가 부분적으로 보인다.</text>",[],quoted_labels_xml_literal_v5
fruits_nuts_rice,qwen3,1000908371,2,3gram,"A close-up still life of several red apples, some whole and one cut in half with two slices, resting on a beige cloth with a cardboard box partially visible in the background.","베이지색 천 위에 놓인 여러 개의 빨간 사과—일부는 통째로 있고, 하나는 반으로 잘려 두 조각이 된 상태—를 클로즈업한 정물 사진으로, 배경에는 골판지 상자가 부분적으로 보인다.",,ok,translated,,"<text>A close-up still life of several red apples, some whole and one cut in half with two slices, resting on a beige cloth with a cardboard box partially visible in the background.</text>","<text>베이지색 천 위에 놓인 여러 개의 빨간 사과—일부는 통째로 있고, 하나는 반으로 잘려 두 조각이 된 상태—를 클로즈업한 정물 사진으로, 배경에는 골판지 상자가 부분적으로 보인다.</text>",[],quoted_labels_xml_literal_v5
fruits_nuts_rice,qwen3,1000973922,1,1gram,"A white box and packet of ""KF365 KURLY FRESH"" mixed nuts, with a small white dish containing the nuts, on a light gray surface.","밝은 회색 바탕 위에 흰색 상자와 ""KF365 KURLY FRESH"" 혼합 견과류 한 봉지, 그리고 견과류가 담긴 작은 흰색 접시가 놓여 있다.",,ok,translated,,"<text>A white box and packet of <keep id=""n0"">KEEP0X</keep> mixed nuts, with a small white dish containing the nuts, on a light gray surface.</text>","<text>밝은 회색 바탕 위에 흰색 상자와 <keep id=""n0"">KEEP0X</keep> 혼합 견과류 한 봉지, 그리고 견과류가 담긴 작은 흰색 접시가 놓여 있다.</text>","[{""id"": ""n0"", ""token"": ""KEEP0X"", ""original"": ""\""KF365 KURLY FRESH\"""", ""mode"": ""short_marker""}]",quoted_labels_xml_short_marker_v5
fruits_nuts_rice,qwen3,1000973922,1,2gram,"A white box and a small packet of ""KF365 KURLY FRESH"" mixed nuts, with a small dish of nuts in front, on a light gray surface.","밝은 회색 바탕 위에 흰색 상자와 ""KF365 KURLY FRESH"" 혼합 견과류 작은 봉지가 놓여 있고, 그 앞에는 견과류가 담긴 작은 접시가 놓여 있다.",,ok,translated,,"<text>A white box and a small packet of <keep id=""n0"">KEEP0X</keep> mixed nuts, with a small dish of nuts in front, on a light gray surface.</text>","<text>밝은 회색 바탕 위에 흰색 상자와 <keep id=""n0"">KEEP0X</keep> 혼합 견과류 작은 봉지가 놓여 있고, 그 앞에는 견과류가 담긴 작은 접시가 놓여 있다.</text>","[{""id"": ""n0"", ""token"": ""KEEP0X"", ""original"": ""\""KF365 KURLY FRESH\"""", ""mode"": ""short_marker""}]",quoted_labels_xml_short_marker_v5
fruits_nuts_rice,qwen3,1000973922,1,3gram,"A white box and a small white packet of ""KF365 KURLY FRESH"" mixed nuts, with a small white dish of nuts in front, on a light gray surface.","밝은 회색 바탕 위에 흰색 상자와 ""KF365 KURLY FRESH"" 혼합 견과류가 들어 있는 작은 흰색 봉지, 그리고 그 앞에는 견과류가 담긴 작은 흰색 접시가 놓여 있다.",,ok,translated,,"<text>A white box and a small white packet of <keep id=""n0"">KEEP0X</keep> mixed nuts, with a small white dish of nuts in front, on a light gray surface.</text>","<text>밝은 회색 바탕 위에 흰색 상자와 <keep id=""n0"">KEEP0X</keep> 혼합 견과류가 들어 있는 작은 흰색 봉지, 그리고 그 앞에는 견과류가 담긴 작은 흰색 접시가 놓여 있다.</text>","[{""id"": ""n0"", ""token"": ""KEEP0X"", ""original"": ""\""KF365 KURLY FRESH\"""", ""mode"": ""short_marker""}]",quoted_labels_xml_short_marker_v5
fruits_nuts_rice,qwen3,1000973922,2,1gram,"A white plate holds a mix of almonds, cashews, pecans, and walnuts, next to a white packet labeled ""KF365 KURLY FRESH"" with Korean text.","하얀 접시 위에는 아몬드, 캐슈넛, 피칸, 호두가 섞여 놓여 있고, 그 옆에는 한국어로 ‘""KF365 KURLY FRESH""’라고 적힌 흰색 봉지가 놓여 있다.",,ok,translated,,"<text>A white plate holds a mix of almonds, cashews, pecans, and walnuts, next to a white packet labeled <keep id=""n0"">KEEP0X</keep> with Korean text.</text>","<text>하얀 접시 위에는 아몬드, 캐슈넛, 피칸, 호두가 섞여 놓여 있고, 그 옆에는 한국어로 <keep id=""n0"">‘KEEP0X’라고</keep> 적힌 흰색 봉지가 놓여 있다.</text>","[{""id"": ""n0"", ""token"": ""KEEP0X"", ""original"": ""\""KF365 KURLY FRESH\"""", ""mode"": ""short_marker""}]",quoted_labels_xml_short_marker_v5
fruits_nuts_rice,qwen3,1000973922,2,2gram,"A white plate holds a mix of almonds, cashews, walnuts, and pecans, next to a white packet labeled ""KF365 KURLY FRESH"" with Korean text.","흰색 접시 위에는 아몬드, 캐슈넛, 호두, 피칸이 섞여 놓여 있고, 그 옆에는 한국어로 ‘""KF365 KURLY FRESH""’라고 적힌 흰색 봉지가 놓여 있다.",,ok,translated,,"<text>A white plate holds a mix of almonds, cashews, walnuts, and pecans, next to a white packet labeled <keep id=""n0"">KEEP0X</keep> with Korean text.</text>","<text>흰색 접시 위에는 아몬드, 캐슈넛, 호두, 피칸이 섞여 놓여 있고, 그 옆에는 한국어로 <keep id=""n0"">‘KEEP0X’라고</keep> 적힌 흰색 봉지가 놓여 있다.</text>","[{""id"": ""n0"", ""token"": ""KEEP0X"", ""original"": ""\""KF365 KURLY FRESH\"""", ""mode"": ""short_marker""}]",quoted_labels_xml_short_marker_v5
fruits_nuts_rice,qwen3,1000973922,2,3gram,"A white plate holds a mix of various nuts, including almonds, walnuts, cashews, and pecans, next to a white package labeled ""KF365 KURLY FRESH"" with Korean text.","흰색 접시 위에는 아몬드, 호두, 캐슈넛, 피칸 등 다양한 견과류가 섞여 놓여 있고, 그 옆에는 한국어로 ‘""KF365 KURLY FRESH""’라고 적힌 흰색 포장지가 놓여 있다.",,ok,translated,,"<text>A white plate holds a mix of various nuts, including almonds, walnuts, cashews, and pecans, next to a white package labeled <keep id=""n0"">KEEP0X</keep> with Korean text.</text>","<text>흰색 접시 위에는 아몬드, 호두, 캐슈넛, 피칸 등 다양한 견과류가 섞여 놓여 있고, 그 옆에는 한국어로 <keep id=""n0"">‘KEEP0X’라고</keep> 적힌 흰색 포장지가 놓여 있다.</text>","[{""id"": ""n0"", ""token"": ""KEEP0X"", ""original"": ""\""KF365 KURLY FRESH\"""", ""mode"": ""short_marker""}]",quoted_labels_xml_short_marker_v5
fruits_nuts_rice,qwen3,1001234463,1,1gram,"A light blue bowl filled with bright red, oval-shaped cherry tomatoes, with a few scattered on the light-colored surface.","밝은 파란색 그릇에 선명한 빨간색의 타원형 방울토마토가 가득 담겨 있고, 밝은 색의 표면 위에는 몇 개가 흩어져 있다.",,ok,translated,,"<text>A light blue bowl filled with bright red, oval-shaped cherry tomatoes, with a few scattered on the light-colored surface.</text>","<text>밝은 파란색 그릇에 선명한 빨간색의 타원형 방울토마토가 가득 담겨 있고, 밝은 색의 표면 위에는 몇 개가 흩어져 있다.</text>",[],quoted_labels_xml_literal_v5
fruits_nuts_rice,qwen3,1001234463,1,2gram,"A light blue bowl filled with bright red, oval-shaped cherry tomatoes, with a few scattered on the light-colored surface.","밝은 파란색 그릇에 선명한 빨간색의 타원형 방울토마토가 가득 담겨 있고, 밝은 색의 표면 위에는 몇 개가 흩어져 있다.",,ok,translated,,"<text>A light blue bowl filled with bright red, oval-shaped cherry tomatoes, with a few scattered on the light-colored surface.</text>","<text>밝은 파란색 그릇에 선명한 빨간색의 타원형 방울토마토가 가득 담겨 있고, 밝은 색의 표면 위에는 몇 개가 흩어져 있다.</text>",[],quoted_labels_xml_literal_v5
fruits_nuts_rice,qwen3,1001234463,1,3gram,"A light blue bowl filled with bright red, oval-shaped cherry tomatoes, with a few scattered on the light gray surface.","밝은 빨간색의 타원형 방울토마토로 가득 찬 연한 파란색 그릇 위에, 연한 회색 표면 위로 몇 개가 흩어져 있다.",,ok,translated,,"<text>A light blue bowl filled with bright red, oval-shaped cherry tomatoes, with a few scattered on the light gray surface.</text>","<text>밝은 빨간색의 타원형 방울토마토로 가득 찬 연한 파란색 그릇 위에, 연한 회색 표면 위로 몇 개가 흩어져 있다.</text>",[],quoted_labels_xml_literal_v5
fruits_nuts_rice,qwen3,1001234463,2,1gram,"A light blue bowl filled with vibrant red cherry tomatoes, with a few scattered on the light-colored surface.","밝은 파란색 그릇에 선명한 빨간색 방울토마토가 가득 담겨 있고, 밝은 색의 표면 위에는 몇 개가 흩어져 있다.",,ok,translated,,"<text>A light blue bowl filled with vibrant red cherry tomatoes, with a few scattered on the light-colored surface.</text>","<text>밝은 파란색 그릇에 선명한 빨간색 방울토마토가 가득 담겨 있고, 밝은 색의 표면 위에는 몇 개가 흩어져 있다.</text>",[],quoted_labels_xml_literal_v5
fruits_nuts_rice,qwen3,1001234463,2,2gram,"A light blue bowl filled with bright red cherry tomatoes, with a few scattered on the light-colored surface.","밝은 빨간색 방울토마토로 가득 찬 연한 파란색 그릇 위에, 몇 개가 옅은 색의 표면에 흩어져 있다.",,ok,translated,,"<text>A light blue bowl filled with bright red cherry tomatoes, with a few scattered on the light-colored surface.</text>","<text>밝은 빨간색 방울토마토로 가득 찬 연한 파란색 그릇 위에, 몇 개가 옅은 색의 표면에 흩어져 있다.</text>",[],quoted_labels_xml_literal_v5
fruits_nuts_rice,qwen3,1001234463,2,3gram,"A light blue bowl filled with bright red cherry tomatoes, with a few scattered on the light-colored surface.","밝은 빨간색 방울토마토로 가득 찬 연한 파란색 그릇 위에, 몇 개가 옅은 색의 표면에 흩어져 있다.",,ok,translated,,"<text>A light blue bowl filled with bright red cherry tomatoes, with a few scattered on the light-colored surface.</text>","<text>밝은 빨간색 방울토마토로 가득 찬 연한 파란색 그릇 위에, 몇 개가 옅은 색의 표면에 흩어져 있다.</text>",[],quoted_labels_xml_literal_v5
fruits_nuts_rice,qwen3,1001303421,1,1gram,"Four red apples, two of which are sliced in half to reveal their pale yellow flesh and seeds, are arranged on a light-colored cloth against a neutral background.","중성적인 배경을 배경으로, 밝은 색의 천 위에 붉은 사과 네 개가 놓여 있는데, 그중 두 개는 반으로 잘려 연한 노란색 과육과 씨앗이 드러나 있다.",,ok,translated,,"<text>Four red apples, two of which are sliced in half to reveal their pale yellow flesh and seeds, are arranged on a light-colored cloth against a neutral background.</text>","<text>중성적인 배경을 배경으로, 밝은 색의 천 위에 붉은 사과 네 개가 놓여 있는데, 그중 두 개는 반으로 잘려 연한 노란색 과육과 씨앗이 드러나 있다.</text>",[],quoted_labels_xml_literal_v5
fruits_nuts_rice,qwen3,1001303421,1,2gram,"Four red apples, two of which are sliced in half, are arranged on a light-colored cloth against a neutral background.","중성적인 배경을 배경으로, 밝은 색의 천 위에 빨간 사과 네 개가 놓여 있으며, 그중 두 개는 반으로 잘려 있다.",,ok,translated,,"<text>Four red apples, two of which are sliced in half, are arranged on a light-colored cloth against a neutral background.</text>","<text>중성적인 배경을 배경으로, 밝은 색의 천 위에 빨간 사과 네 개가 놓여 있으며, 그중 두 개는 반으로 잘려 있다.</text>",[],quoted_labels_xml_literal_v5
fruits_nuts_rice,qwen3,1001303421,1,3gram,"Four red apples, some whole and one cut in half, are arranged on a light-colored cloth against a neutral background.","중성적인 배경을 배경으로, 밝은 색의 천 위에 빨간 사과 네 개가 놓여 있는데, 그중 몇 개는 통째로 있고 하나는 반으로 잘려 있다.",,ok,translated,,"<text>Four red apples, some whole and one cut in half, are arranged on a light-colored cloth against a neutral background.</text>","<text>중성적인 배경을 배경으로, 밝은 색의 천 위에 빨간 사과 네 개가 놓여 있는데, 그중 몇 개는 통째로 있고 하나는 반으로 잘려 있다.</text>",[],quoted_labels_xml_literal_v5
fruits_nuts_rice,qwen3,1001303421,2,1gram,"A group of red apples with yellowish speckles, some whole and two cut in half to reveal their pale yellow flesh, resting on a light-colored cloth against a neutral background.","노란빛 반점이 있는 빨간 사과들이 한 무더기로 놓여 있는데, 일부는 통째로 있고 두 개는 반으로 잘려 연한 노란색 과육이 드러나 있으며, 중성적인 배경을 배경으로 밝은 색의 천 위에 놓여 있다.",,ok,translated,,"<text>A group of red apples with yellowish speckles, some whole and two cut in half to reveal their pale yellow flesh, resting on a light-colored cloth against a neutral background.</text>","<text>노란빛 반점이 있는 빨간 사과들이 한 무더기로 놓여 있는데, 일부는 통째로 있고 두 개는 반으로 잘려 연한 노란색 과육이 드러나 있으며, 중성적인 배경을 배경으로 밝은 색의 천 위에 놓여 있다.</text>",[],quoted_labels_xml_literal_v5
fruits_nuts_rice,qwen3,1001303421,2,2gram,"A cluster of fresh, red-and-yellow apples, some whole and two cut in half to reveal their juicy, pale flesh, arranged on a light-colored, textured cloth.","밝은 색의 질감이 느껴지는 천 위에, 싱싱한 빨간색과 노란색 사과들이 한 무더기 놓여 있다. 그중 일부는 통째로 있고, 두 개는 반으로 잘려 육즙이 가득한 연한 색의 과육이 드러나 있다.",,ok,translated,,"<text>A cluster of fresh, red-and-yellow apples, some whole and two cut in half to reveal their juicy, pale flesh, arranged on a light-colored, textured cloth.</text>","<text>밝은 색의 질감이 느껴지는 천 위에, 싱싱한 빨간색과 노란색 사과들이 한 무더기 놓여 있다. 그중 일부는 통째로 있고, 두 개는 반으로 잘려 육즙이 가득한 연한 색의 과육이 드러나 있다.</text>",[],quoted_labels_xml_literal_v5
fruits_nuts_rice,qwen3,1001303421,2,3gram,"A still life photograph of five red apples with yellowish blushes, some whole and two cut in half to reveal their pale yellow flesh and seeds, resting on a light-colored, textured cloth against a neutral background.","노란빛이 감도는 붉은 사과 다섯 개가 담긴 정물 사진으로, 일부는 통째로 있고 두 개는 반으로 잘려 연노란색 과육과 씨앗이 드러나 있으며, 중성적인 배경을 배경으로 밝은 색상의 질감이 느껴지는 천 위에 놓여 있다.",,ok,translated,,"<text>A still life photograph of five red apples with yellowish blushes, some whole and two cut in half to reveal their pale yellow flesh and seeds, resting on a light-colored, textured cloth against a neutral background.</text>","<text>노란빛이 감도는 붉은 사과 다섯 개가 담긴 정물 사진으로, 일부는 통째로 있고 두 개는 반으로 잘려 연노란색 과육과 씨앗이 드러나 있으며, 중성적인 배경을 배경으로 밝은 색상의 질감이 느껴지는 천 위에 놓여 있다.</text>",[],quoted_labels_xml_literal_v5
fruits_nuts_rice,qwen3,1001502284,1,1gram,"A pile of fresh, red cherries with stems, resting on a crumpled, off-white cloth against a neutral gray background.","중성적인 회색 배경을 배경으로, 구겨진 미색 천 위에 줄기가 달린 싱싱한 붉은 체리가 한 무더기 놓여 있다.",,ok,translated,,"<text>A pile of fresh, red cherries with stems, resting on a crumpled, off-white cloth against a neutral gray background.</text>","<text>중성적인 회색 배경을 배경으로, 구겨진 미색 천 위에 줄기가 달린 싱싱한 붉은 체리가 한 무더기 놓여 있다.</text>",[],quoted_labels_xml_literal_v5
fruits_nuts_rice,qwen3,1001502284,1,2gram,"A pile of fresh, red cherries with stems, resting on a crumpled white cloth against a neutral gray background.","중성적인 회색 배경을 배경으로, 구겨진 흰 천 위에 줄기가 달린 싱싱하고 붉은 체리가 한 무더기 놓여 있다.",,ok,translated,,"<text>A pile of fresh, red cherries with stems, resting on a crumpled white cloth against a neutral gray background.</text>","<text>중성적인 회색 배경을 배경으로, 구겨진 흰 천 위에 줄기가 달린 싱싱하고 붉은 체리가 한 무더기 놓여 있다.</text>",[],quoted_labels_xml_literal_v5
fruits_nuts_rice,qwen3,1001502284,1,3gram,"A pile of fresh, red cherries with green stems rests on a crumpled white cloth against a neutral gray background.","중성적인 회색 배경 위에, 주름진 흰 천 위에 녹색 줄기가 달린 싱싱하고 붉은 체리 한 무더기가 놓여 있다.",,ok,translated,,"<text>A pile of fresh, red cherries with green stems rests on a crumpled white cloth against a neutral gray background.</text>","<text>중성적인 회색 배경 위에, 주름진 흰 천 위에 녹색 줄기가 달린 싱싱하고 붉은 체리 한 무더기가 놓여 있다.</text>",[],quoted_labels_xml_literal_v5
fruits_nuts_rice,qwen3,1001502284,2,1gram,"A pile of fresh, glistening cherries with stems, resting on a crumpled white cloth.","주름 잡힌 흰 천 위에, 줄기가 달린 싱싱하고 윤기 나는 체리들이 한 무더기 놓여 있다.",,ok,translated,,"<text>A pile of fresh, glistening cherries with stems, resting on a crumpled white cloth.</text>","<text>주름 잡힌 흰 천 위에, 줄기가 달린 싱싱하고 윤기 나는 체리들이 한 무더기 놓여 있다.</text>",[],quoted_labels_xml_literal_v5
fruits_nuts_rice,qwen3,1001502284,2,2gram,"A pile of fresh, red cherries with water droplets on their glossy skin, resting on a white cloth.",윤기 나는 껍질에 물방울이 맺힌 싱싱한 붉은 체리 한 무더기가 흰 천 위에 놓여 있다.,,ok,translated,,"<text>A pile of fresh, red cherries with water droplets on their glossy skin, resting on a white cloth.</text>",<text>윤기 나는 껍질에 물방울이 맺힌 싱싱한 붉은 체리 한 무더기가 흰 천 위에 놓여 있다.</text>,[],quoted_labels_xml_literal_v5
fruits_nuts_rice,qwen3,1001502284,2,3gram,"A pile of fresh, red cherries with green stems and water droplets resting on a white cloth.","흰 천 위에, 푸른 줄기가 달린 싱싱한 붉은 체리들이 물방울을 머금은 채 한 무더기로 놓여 있다.",,ok,translated,,"<text>A pile of fresh, red cherries with green stems and water droplets resting on a white cloth.</text>","<text>흰 천 위에, 푸른 줄기가 달린 싱싱한 붉은 체리들이 물방울을 머금은 채 한 무더기로 놓여 있다.</text>",[],quoted_labels_xml_literal_v5
fruits_nuts_rice,qwen3,1001729429,1,1gram,"A white bag of 10kg ""Gosihye Karri"" rice, a special premium white rice, with a gold ""특"" (special) mark, is shown with a small bowl of rice grains beside it.","금색 ""특""(스페셜) 마크가 찍힌 특별 프리미엄 백미인 ""Gosihye Karri"" 쌀 10kg 흰색 봉지와 그 옆에 놓인 작은 그릇에 담긴 쌀알들이 함께 보여진다.",,ok,translated,,"<text>A white bag of 10kg <keep id=""n0"">KEEP0X</keep> rice, a special premium white rice, with a gold <keep id=""n1"">KEEP1X</keep> (special) mark, is shown with a small bowl of rice grains beside it.</text>","<text>금색 <keep id=""n1"">KEEP1X</keep>(스페셜) 마크가 찍힌 특별 프리미엄 백미인 <keep id=""n0"">KEEP0X</keep> 쌀 10kg 흰색 봉지와 그 옆에 놓인 작은 그릇에 담긴 쌀알들이 함께 보여진다.</text>","[{""id"": ""n0"", ""token"": ""KEEP0X"", ""original"": ""\""Gosihye Karri\"""", ""mode"": ""short_marker""}, {""id"": ""n1"", ""token"": ""KEEP1X"", ""original"": ""\""특\"""", ""mode"": ""short_marker""}]",quoted_labels_xml_short_marker_v5
fruits_nuts_rice,qwen3,1001729429,1,2gram,"A 10kg bag of white rice labeled ""고시혜카리"" (Gosihye Karri) with a gold ""특"" (special) emblem, displayed with a small bowl of rice beside it.","‘""고시혜카리""(고시헤 카리)’라고 표시된 10kg짜리 백미 봉지에 금색 ‘""특""(스페셜)’ 엠블럼이 붙어 있으며, 그 옆에는 작은 그릇에 담긴 밥이 놓여 있다.",,ok,translated,,"<text>A 10kg bag of white rice labeled <keep id=""n0"">KEEP0X</keep> (Gosihye Karri) with a gold <keep id=""n1"">KEEP1X</keep> (special) emblem, displayed with a small bowl of rice beside it.</text>","<text><keep id=""n0"">‘KEEP0X</keep>(고시헤 카리)’라고 표시된 10kg짜리 백미 봉지에 금색 <keep id=""n1"">‘KEEP1X</keep>(스페셜)’ 엠블럼이 붙어 있으며, 그 옆에는 작은 그릇에 담긴 밥이 놓여 있다.</text>","[{""id"": ""n0"", ""token"": ""KEEP0X"", ""original"": ""\""고시혜카리\"""", ""mode"": ""short_marker""}, {""id"": ""n1"", ""token"": ""KEEP1X"", ""original"": ""\""특\"""", ""mode"": ""short_marker""}]",quoted_labels_xml_short_marker_v5
fruits_nuts_rice,qwen3,1001729429,1,3gram,"A 10kg bag of white rice labeled ""고시혜카리"" with a gold ""특"" (special) mark, shown with a small bowl of rice beside it.","‘""고시혜카리""’라고 표시된 10kg짜리 백미 봉지에 금색 ‘""특""(스페셜)’ 마크가 붙어 있으며, 그 옆에는 작은 그릇에 담긴 밥이 놓여 있다.",,ok,translated,,"<text>A 10kg bag of white rice labeled <keep id=""n0"">KEEP0X</keep> with a gold <keep id=""n1"">KEEP1X</keep> (special) mark, shown with a small bowl of rice beside it.</text>","<text><keep id=""n0"">‘KEEP0X’라고</keep> 표시된 10kg짜리 백미 봉지에 금색 <keep id=""n1"">‘KEEP1X</keep>(스페셜)’ 마크가 붙어 있으며, 그 옆에는 작은 그릇에 담긴 밥이 놓여 있다.</text>","[{""id"": ""n0"", ""token"": ""KEEP0X"", ""original"": ""\""고시혜카리\"""", ""mode"": ""short_marker""}, {""id"": ""n1"", ""token"": ""KEEP1X"", ""original"": ""\""특\"""", ""mode"": ""short_marker""}]",quoted_labels_xml_short_marker_v5
fruits_nuts_rice,qwen3,1001729429,2,1gram,"A white bowl filled with white rice grains, with a few scattered around the bowl on a white cloth.","흰 쌀알로 가득 찬 하얀 그릇과, 흰 천 위에 그릇 주변으로 흩어져 있는 몇 알의 쌀알.",,ok,translated,,"<text>A white bowl filled with white rice grains, with a few scattered around the bowl on a white cloth.</text>","<text>흰 쌀알로 가득 찬 하얀 그릇과, 흰 천 위에 그릇 주변으로 흩어져 있는 몇 알의 쌀알.</text>",[],quoted_labels_xml_literal_v5
fruits_nuts_rice,qwen3,1001729429,2,2gram,"A white bowl filled with white rice grains, with a few scattered around the bowl on a white cloth.","흰 쌀알로 가득 찬 하얀 그릇과, 흰 천 위에 그릇 주변으로 흩어져 있는 몇 알의 쌀알.",,ok,translated,,"<text>A white bowl filled with white rice grains, with a few scattered around the bowl on a white cloth.</text>","<text>흰 쌀알로 가득 찬 하얀 그릇과, 흰 천 위에 그릇 주변으로 흩어져 있는 몇 알의 쌀알.</text>",[],quoted_labels_xml_literal_v5
fruits_nuts_rice,qwen3,1001729429,2,3gram,"A white bowl filled with white rice, with a few grains scattered on a white cloth beside it.","흰 쌀밥이 가득 담긴 흰 그릇과, 그 옆의 흰 천 위에 흩어져 있는 쌀알 몇 알.",,ok,translated,,"<text>A white bowl filled with white rice, with a few grains scattered on a white cloth beside it.</text>","<text>흰 쌀밥이 가득 담긴 흰 그릇과, 그 옆의 흰 천 위에 흩어져 있는 쌀알 몇 알.</text>",[],quoted_labels_xml_literal_v5
fruits_nuts_rice,qwen3,1001882653,1,1gram,"A white oval dish holds several red and yellow apples, with one cut in half and two slices placed beside it on a gray surface.","하얀 타원형 접시 위에는 빨간색과 노란색 사과 몇 개가 놓여 있는데, 그중 하나는 반으로 잘려 있고, 그 옆의 회색 바탕 위에 사과 조각 두 개가 놓여 있다.",,ok,translated,,"<text>A white oval dish holds several red and yellow apples, with one cut in half and two slices placed beside it on a gray surface.</text>","<text>하얀 타원형 접시 위에는 빨간색과 노란색 사과 몇 개가 놓여 있는데, 그중 하나는 반으로 잘려 있고, 그 옆의 회색 바탕 위에 사과 조각 두 개가 놓여 있다.</text>",[],quoted_labels_xml_literal_v5
fruits_nuts_rice,qwen3,1001882653,1,2gram,"A white bowl holds several red and yellow apples, with one cut in half and two slices placed beside it on a gray surface.","하얀 그릇에는 빨간 사과와 노란 사과가 몇 개 담겨 있고, 그중 하나는 반으로 잘려 있으며, 회색 바탕 위에 그 옆에 사과 조각 두 개가 놓여 있다.",,ok,translated,,"<text>A white bowl holds several red and yellow apples, with one cut in half and two slices placed beside it on a gray surface.</text>","<text>하얀 그릇에는 빨간 사과와 노란 사과가 몇 개 담겨 있고, 그중 하나는 반으로 잘려 있으며, 회색 바탕 위에 그 옆에 사과 조각 두 개가 놓여 있다.</text>",[],quoted_labels_xml_literal_v5
fruits_nuts_rice,qwen3,1001882653,1,3gram,"A white bowl holds several red and yellow apples, with one cut in half and two slices placed beside it on a gray surface.","하얀 그릇에는 빨간 사과와 노란 사과가 몇 개 담겨 있고, 그중 하나는 반으로 잘려 있으며, 회색 바탕 위에 그 옆에 사과 조각 두 개가 놓여 있다.",,ok,translated,,"<text>A white bowl holds several red and yellow apples, with one cut in half and two slices placed beside it on a gray surface.</text>","<text>하얀 그릇에는 빨간 사과와 노란 사과가 몇 개 담겨 있고, 그중 하나는 반으로 잘려 있으며, 회색 바탕 위에 그 옆에 사과 조각 두 개가 놓여 있다.</text>",[],quoted_labels_xml_literal_v5
fruits_nuts_rice,qwen3,1001882653,2,1gram,"A white oval dish holds several red and yellow striped apples, with one cut in half and two slices placed beside it on a gray surface.","하얀 타원형 접시 위에는 빨간색과 노란색 줄무늬가 있는 사과 몇 개가 놓여 있는데, 그중 하나는 반으로 잘려 있고, 그 옆의 회색 바탕 위에 사과 조각 두 개가 놓여 있다.",,ok,translated,,"<text>A white oval dish holds several red and yellow striped apples, with one cut in half and two slices placed beside it on a gray surface.</text>","<text>하얀 타원형 접시 위에는 빨간색과 노란색 줄무늬가 있는 사과 몇 개가 놓여 있는데, 그중 하나는 반으로 잘려 있고, 그 옆의 회색 바탕 위에 사과 조각 두 개가 놓여 있다.</text>",[],quoted_labels_xml_literal_v5
fruits_nuts_rice,qwen3,1001882653,2,2gram,"A white oval dish holds several red and yellow apples, with one cut in half and two slices placed beside it on a gray surface.","하얀 타원형 접시 위에는 빨간색과 노란색 사과 몇 개가 놓여 있는데, 그중 하나는 반으로 잘려 있고, 그 옆의 회색 바탕 위에 사과 조각 두 개가 놓여 있다.",,ok,translated,,"<text>A white oval dish holds several red and yellow apples, with one cut in half and two slices placed beside it on a gray surface.</text>","<text>하얀 타원형 접시 위에는 빨간색과 노란색 사과 몇 개가 놓여 있는데, 그중 하나는 반으로 잘려 있고, 그 옆의 회색 바탕 위에 사과 조각 두 개가 놓여 있다.</text>",[],quoted_labels_xml_literal_v5
fruits_nuts_rice,qwen3,1001882653,2,3gram,"A white oval dish holds several red and yellow striped apples, with one cut in half and two slices placed beside it on a gray surface.","하얀 타원형 접시 위에는 빨간색과 노란색 줄무늬가 있는 사과 몇 개가 놓여 있는데, 그중 하나는 반으로 잘려 있고, 그 옆의 회색 바탕 위에 사과 조각 두 개가 놓여 있다.",,ok,translated,,"<text>A white oval dish holds several red and yellow striped apples, with one cut in half and two slices placed beside it on a gray surface.</text>","<text>하얀 타원형 접시 위에는 빨간색과 노란색 줄무늬가 있는 사과 몇 개가 놓여 있는데, 그중 하나는 반으로 잘려 있고, 그 옆의 회색 바탕 위에 사과 조각 두 개가 놓여 있다.</text>",[],quoted_labels_xml_literal_v5
fruits_nuts_rice,qwen3,1002140343,1,1gram,"Three dark-skinned avocados are arranged on a white oval plate with a blue rim, accompanied by two halves of an avocado, all set on a light gray surface.","파란 테두리가 있는 흰색 타원형 접시 위에 짙은 색의 아보카도 세 개가 놓여 있고, 그 옆에는 아보카도 반쪽 두 개가 곁들여져 있으며, 이 모든 것이 밝은 회색 바탕 위에 차려져 있다.",,ok,translated,,"<text>Three dark-skinned avocados are arranged on a white oval plate with a blue rim, accompanied by two halves of an avocado, all set on a light gray surface.</text>","<text>파란 테두리가 있는 흰색 타원형 접시 위에 짙은 색의 아보카도 세 개가 놓여 있고, 그 옆에는 아보카도 반쪽 두 개가 곁들여져 있으며, 이 모든 것이 밝은 회색 바탕 위에 차려져 있다.</text>",[],quoted_labels_xml_literal_v5
fruits_nuts_rice,qwen3,1002140343,1,2gram,"Three whole avocados are arranged on a white oval plate with a blue rim, accompanied by two halves of an avocado cut in half, revealing their green flesh and brown pits, all set on a light gray surface.","파란색 테두리가 있는 흰색 타원형 접시 위에 아보카도 세 개가 정갈하게 놓여 있으며, 그 옆에는 반으로 잘려 녹색 과육과 갈색 씨앗이 드러난 아보카도 두 조각이 함께 놓여 있고, 이 모든 것이 연회색 바탕 위에 차려져 있다.",,ok,translated,,"<text>Three whole avocados are arranged on a white oval plate with a blue rim, accompanied by two halves of an avocado cut in half, revealing their green flesh and brown pits, all set on a light gray surface.</text>","<text>파란색 테두리가 있는 흰색 타원형 접시 위에 아보카도 세 개가 정갈하게 놓여 있으며, 그 옆에는 반으로 잘려 녹색 과육과 갈색 씨앗이 드러난 아보카도 두 조각이 함께 놓여 있고, 이 모든 것이 연회색 바탕 위에 차려져 있다.</text>",[],quoted_labels_xml_literal_v5
fruits_nuts_rice,qwen3,1002140343,1,3gram,"Three whole avocados are arranged on a white oval plate with a blue rim, next to two halves of an avocado, all set on a light gray surface.","파란색 테두리가 있는 흰색 타원형 접시 위에 아보카도 세 개가 놓여 있고, 그 옆에는 아보카도 반쪽 두 개가 놓여 있으며, 이 모든 것이 연회색 바탕 위에 차려져 있다.",,ok,translated,,"<text>Three whole avocados are arranged on a white oval plate with a blue rim, next to two halves of an avocado, all set on a light gray surface.</text>","<text>파란색 테두리가 있는 흰색 타원형 접시 위에 아보카도 세 개가 놓여 있고, 그 옆에는 아보카도 반쪽 두 개가 놓여 있으며, 이 모든 것이 연회색 바탕 위에 차려져 있다.</text>",[],quoted_labels_xml_literal_v5
fruits_nuts_rice,qwen3,1002140343,2,1gram,"A white plate with a blue rim holds a whole avocado, a halved avocado with its pit exposed, and a spoonful of mashed avocado, all set against a neutral background.","파란 테두리가 있는 흰 접시 위에는 통 아보카도 하나, 씨를 드러낸 반으로 자른 아보카도 하나, 그리고 으깬 아보카도 한 숟가락이 담겨 있으며, 이 모든 것이 중성적인 배경 위에 놓여 있다.",,ok,translated,,"<text>A white plate with a blue rim holds a whole avocado, a halved avocado with its pit exposed, and a spoonful of mashed avocado, all set against a neutral background.</text>","<text>파란 테두리가 있는 흰 접시 위에는 통 아보카도 하나, 씨를 드러낸 반으로 자른 아보카도 하나, 그리고 으깬 아보카도 한 숟가락이 담겨 있으며, 이 모든 것이 중성적인 배경 위에 놓여 있다.</text>",[],quoted_labels_xml_literal_v5
fruits_nuts_rice,qwen3,1002140343,2,2gram,"A white plate with a blue rim holds a whole avocado, a halved avocado with its pit exposed, and a spoonful of mashed avocado, all set against a neutral background.","파란 테두리가 있는 흰 접시 위에는 통 아보카도 하나, 씨를 드러낸 반으로 자른 아보카도 하나, 그리고 으깬 아보카도 한 숟가락이 담겨 있으며, 이 모든 것이 중성적인 배경 위에 놓여 있다.",,ok,translated,,"<text>A white plate with a blue rim holds a whole avocado, a halved avocado with its pit exposed, and a spoonful of mashed avocado, all set against a neutral background.</text>","<text>파란 테두리가 있는 흰 접시 위에는 통 아보카도 하나, 씨를 드러낸 반으로 자른 아보카도 하나, 그리고 으깬 아보카도 한 숟가락이 담겨 있으며, 이 모든 것이 중성적인 배경 위에 놓여 있다.</text>",[],quoted_labels_xml_literal_v5
fruits_nuts_rice,qwen3,1002140343,2,3gram,"A white plate with a blue rim holds a whole, halved, and scooped avocado, with its flesh and pit clearly visible.","파란 테두리가 있는 흰 접시 위에는 통째로 된 아보카도, 반으로 자른 아보카도, 속을 파낸 아보카도가 놓여 있으며, 과육과 씨앗이 선명하게 보인다.",,ok,translated,,"<text>A white plate with a blue rim holds a whole, halved, and scooped avocado, with its flesh and pit clearly visible.</text>","<text>파란 테두리가 있는 흰 접시 위에는 통째로 된 아보카도, 반으로 자른 아보카도, 속을 파낸 아보카도가 놓여 있으며, 과육과 씨앗이 선명하게 보인다.</text>",[],quoted_labels_xml_literal_v5
fruits_nuts_rice,qwen3,5003716,1,1gram,"A bunch of ripe, yellow bananas rests on a folded white cloth on a light-colored surface.",잘 익은 노란 바나나 한 다발이 밝은 색의 표면 위에 펼쳐진 흰 천 위에 놓여 있다.,,ok,translated,,"<text>A bunch of ripe, yellow bananas rests on a folded white cloth on a light-colored surface.</text>",<text>잘 익은 노란 바나나 한 다발이 밝은 색의 표면 위에 펼쳐진 흰 천 위에 놓여 있다.</text>,[],quoted_labels_xml_literal_v5
fruits_nuts_rice,qwen3,5003716,1,2gram,A bunch of ripe yellow bananas rests on a folded white cloth on a light-colored surface.,잘 익은 노란 바나나 한 다발이 밝은 색의 표면 위에 펼쳐진 흰 천 위에 놓여 있다.,,ok,translated,,<text>A bunch of ripe yellow bananas rests on a folded white cloth on a light-colored surface.</text>,<text>잘 익은 노란 바나나 한 다발이 밝은 색의 표면 위에 펼쳐진 흰 천 위에 놓여 있다.</text>,[],quoted_labels_xml_literal_v5
fruits_nuts_rice,qwen3,5003716,1,3gram,"A bunch of ripe, yellow bananas with a slightly green tip rests on a folded white cloth on a light-colored surface.","끝부분이 살짝 초록빛을 띤 잘 익은 노란 바나나 한 다발이, 밝은 색의 표면 위에 펼쳐진 흰 천 위에 놓여 있다.",,ok,translated,,"<text>A bunch of ripe, yellow bananas with a slightly green tip rests on a folded white cloth on a light-colored surface.</text>","<text>끝부분이 살짝 초록빛을 띤 잘 익은 노란 바나나 한 다발이, 밝은 색의 표면 위에 펼쳐진 흰 천 위에 놓여 있다.</text>",[],quoted_labels_xml_literal_v5
fruits_nuts_rice,qwen3,5003716,2,1gram,"A bunch of ripe yellow bananas, with one peeled and showing its creamy white flesh, rests on a white cloth on a light-colored surface.","잘 익은 노란 바나나 한 다발이, 그중 하나는 껍질이 벗겨져 크림색의 흰 과육이 드러난 채, 밝은 색의 표면 위에 깔린 흰 천 위에 놓여 있다.",,ok,translated,,"<text>A bunch of ripe yellow bananas, with one peeled and showing its creamy white flesh, rests on a white cloth on a light-colored surface.</text>","<text>잘 익은 노란 바나나 한 다발이, 그중 하나는 껍질이 벗겨져 크림색의 흰 과육이 드러난 채, 밝은 색의 표면 위에 깔린 흰 천 위에 놓여 있다.</text>",[],quoted_labels_xml_literal_v5
fruits_nuts_rice,qwen3,5003716,2,2gram,"A bunch of ripe yellow bananas, with one peeled and resting on a white cloth, on a light-colored surface.","밝은 색의 바탕 위에 잘 익은 노란 바나나 한 다발이 놓여 있고, 그중 하나는 껍질을 벗겨 흰 천 위에 올려져 있다.",,ok,translated,,"<text>A bunch of ripe yellow bananas, with one peeled and resting on a white cloth, on a light-colored surface.</text>","<text>밝은 색의 바탕 위에 잘 익은 노란 바나나 한 다발이 놓여 있고, 그중 하나는 껍질을 벗겨 흰 천 위에 올려져 있다.</text>",[],quoted_labels_xml_literal_v5
fruits_nuts_rice,qwen3,5003716,2,3gram,"A bunch of ripe yellow bananas, with one peeled and resting on a white cloth, on a light-colored surface.","밝은 색의 바탕 위에 잘 익은 노란 바나나 한 다발이 놓여 있고, 그중 하나는 껍질을 벗겨 흰 천 위에 올려져 있다.",,ok,translated,,"<text>A bunch of ripe yellow bananas, with one peeled and resting on a white cloth, on a light-colored surface.</text>","<text>밝은 색의 바탕 위에 잘 익은 노란 바나나 한 다발이 놓여 있고, 그중 하나는 껍질을 벗겨 흰 천 위에 올려져 있다.</text>",[],quoted_labels_xml_literal_v5
fruits_nuts_rice,qwen3,5025577,1,1gram,"A wooden cutting board holds several whole and sliced kiwis, with two pieces cut in half and placed on the surface in front of the board.","나무 도마 위에는 통째로 된 키위와 썰어 놓은 키위가 여러 개 놓여 있으며, 그중 두 조각은 반으로 잘라 도마 앞쪽 표면에 놓여 있다.",,ok,translated,,"<text>A wooden cutting board holds several whole and sliced kiwis, with two pieces cut in half and placed on the surface in front of the board.</text>","<text>나무 도마 위에는 통째로 된 키위와 썰어 놓은 키위가 여러 개 놓여 있으며, 그중 두 조각은 반으로 잘라 도마 앞쪽 표면에 놓여 있다.</text>",[],quoted_labels_xml_literal_v5
fruits_nuts_rice,qwen3,5025577,1,2gram,"A wooden cutting board holds several whole and sliced kiwis, with two pieces cut in half to reveal their yellow flesh and dark seeds, set against a light gray background.","밝은 회색 배경 위에 나무 도마가 놓여 있고, 그 위에는 통째로 된 키위와 썰어 놓은 키위가 여러 개 놓여 있으며, 그중 두 조각은 반으로 잘려 노란 과육과 검은 씨가 드러나 있다.",,ok,translated,,"<text>A wooden cutting board holds several whole and sliced kiwis, with two pieces cut in half to reveal their yellow flesh and dark seeds, set against a light gray background.</text>","<text>밝은 회색 배경 위에 나무 도마가 놓여 있고, 그 위에는 통째로 된 키위와 썰어 놓은 키위가 여러 개 놓여 있으며, 그중 두 조각은 반으로 잘려 노란 과육과 검은 씨가 드러나 있다.</text>",[],quoted_labels_xml_literal_v5
fruits_nuts_rice,qwen3,5025577,1,3gram,"A wooden cutting board holds several whole and sliced kiwis, with two pieces cut in half to reveal their yellow flesh and dark seeds, set against a light gray background.","밝은 회색 배경 위에 나무 도마가 놓여 있고, 그 위에는 통째로 된 키위와 썰어 놓은 키위가 여러 개 놓여 있으며, 그중 두 조각은 반으로 잘려 노란 과육과 검은 씨가 드러나 있다.",,ok,translated,,"<text>A wooden cutting board holds several whole and sliced kiwis, with two pieces cut in half to reveal their yellow flesh and dark seeds, set against a light gray background.</text>","<text>밝은 회색 배경 위에 나무 도마가 놓여 있고, 그 위에는 통째로 된 키위와 썰어 놓은 키위가 여러 개 놓여 있으며, 그중 두 조각은 반으로 잘려 노란 과육과 검은 씨가 드러나 있다.</text>",[],quoted_labels_xml_literal_v5
fruits_nuts_rice,qwen3,5025577,2,1gram,"A wooden cutting board holds several whole and sliced kiwis, showcasing their vibrant yellow flesh and dark seeds, with a Zespri sticker visible on the fruit.","나무 도마 위에는 통째로 된 키위와 썰어 놓은 키위가 여러 개 놓여 있는데, 선명한 노란색 과육과 검은 씨앗이 눈에 띄며, 과일에는 제스프리(Zespri) 스티커가 붙어 있다.",,ok,translated,,"<text>A wooden cutting board holds several whole and sliced kiwis, showcasing their vibrant yellow flesh and dark seeds, with a Zespri sticker visible on the fruit.</text>","<text>나무 도마 위에는 통째로 된 키위와 썰어 놓은 키위가 여러 개 놓여 있는데, 선명한 노란색 과육과 검은 씨앗이 눈에 띄며, 과일에는 제스프리(Zespri) 스티커가 붙어 있다.</text>",[],quoted_labels_xml_literal_v5
fruits_nuts_rice,qwen3,5025577,2,2gram,"A wooden cutting board holds several whole and sliced kiwis, with a Zespri sticker visible on the fruit, and two slices placed in front.","나무 도마 위에는 통째로 된 키위와 썰어 놓은 키위가 몇 개 놓여 있으며, 과일에는 제스프리(Zespri) 스티커가 붙어 있고, 그 앞쪽에는 썰어 놓은 키위 두 조각이 놓여 있다.",,ok,translated,,"<text>A wooden cutting board holds several whole and sliced kiwis, with a Zespri sticker visible on the fruit, and two slices placed in front.</text>","<text>나무 도마 위에는 통째로 된 키위와 썰어 놓은 키위가 몇 개 놓여 있으며, 과일에는 제스프리(Zespri) 스티커가 붙어 있고, 그 앞쪽에는 썰어 놓은 키위 두 조각이 놓여 있다.</text>",[],quoted_labels_xml_literal_v5
fruits_nuts_rice,qwen3,5025577,2,3gram,"A wooden cutting board holds several whole and sliced kiwis, with the cut pieces revealing their yellow flesh and dark seeds, and a Zespri sticker visible on the fruit's skin.","나무 도마 위에는 통째로 놓인 키위와 썰어 놓은 키위가 몇 개 놓여 있는데, 썰린 부분에서는 노란 과육과 검은 씨가 드러나 있으며, 과일 껍질에는 제스프리(Zespri) 스티커가 붙어 있다.",,ok,translated,,"<text>A wooden cutting board holds several whole and sliced kiwis, with the cut pieces revealing their yellow flesh and dark seeds, and a Zespri sticker visible on the fruit's skin.</text>","<text>나무 도마 위에는 통째로 놓인 키위와 썰어 놓은 키위가 몇 개 놓여 있는데, 썰린 부분에서는 노란 과육과 검은 씨가 드러나 있으며, 과일 껍질에는 제스프리(Zespri) 스티커가 붙어 있다.</text>",[],quoted_labels_xml_literal_v5
fruits_nuts_rice,qwen3,5027321,1,1gram,"A wooden bowl filled with red and yellow peaches, resting on a white cloth with scattered green leaves, is arranged on a white wooden surface.","흰색 천 위에 흩뿌려진 초록색 잎사귀들 위에 놓인, 빨간색과 노란색 복숭아로 가득 찬 나무 그릇이 하얀 나무 받침대 위에 놓여 있다.",,ok,translated,,"<text>A wooden bowl filled with red and yellow peaches, resting on a white cloth with scattered green leaves, is arranged on a white wooden surface.</text>","<text>흰색 천 위에 흩뿌려진 초록색 잎사귀들 위에 놓인, 빨간색과 노란색 복숭아로 가득 찬 나무 그릇이 하얀 나무 받침대 위에 놓여 있다.</text>",[],quoted_labels_xml_literal_v5
fruits_nuts_rice,qwen3,5027321,1,2gram,"A wooden bowl filled with red and yellow peaches, resting on a white cloth with green leaves scattered around, creating a fresh and natural still life.","빨간색과 노란색 복숭아로 가득 찬 나무 그릇이, 주위에 초록색 나뭇잎이 흩뿌려진 흰색 천 위에 놓여 있어, 신선하고 자연스러운 정물화를 연출하고 있다.",,ok,translated,,"<text>A wooden bowl filled with red and yellow peaches, resting on a white cloth with green leaves scattered around, creating a fresh and natural still life.</text>","<text>빨간색과 노란색 복숭아로 가득 찬 나무 그릇이, 주위에 초록색 나뭇잎이 흩뿌려진 흰색 천 위에 놓여 있어, 신선하고 자연스러운 정물화를 연출하고 있다.</text>",[],quoted_labels_xml_literal_v5
fruits_nuts_rice,qwen3,5027321,1,3gram,"A wooden bowl filled with ripe, red-and-yellow peaches, resting on a white cloth with fresh green leaves scattered around, all set against a white wooden background.","흰색 나무 배경을 배경으로, 흰 천 위에 갓 익은 빨간색과 노란색 복숭아로 가득 찬 나무 그릇이 놓여 있고, 그 주위에는 싱그러운 녹색 잎사귀들이 흩어져 있다.",,ok,translated,,"<text>A wooden bowl filled with ripe, red-and-yellow peaches, resting on a white cloth with fresh green leaves scattered around, all set against a white wooden background.</text>","<text>흰색 나무 배경을 배경으로, 흰 천 위에 갓 익은 빨간색과 노란색 복숭아로 가득 찬 나무 그릇이 놓여 있고, 그 주위에는 싱그러운 녹색 잎사귀들이 흩어져 있다.</text>",[],quoted_labels_xml_literal_v5
fruits_nuts_rice,qwen3,5027321,2,1gram,"A close-up of several fresh, red-and-yellow peaches with water droplets on their skin, resting on a white cloth with green leaves.","껍질에 물방울이 맺힌 붉은색과 노란색의 싱싱한 복숭아 몇 개가, 녹색 잎사귀가 놓인 흰 천 위에 놓여 있는 모습을 클로즈업한 사진.",,ok,translated,,"<text>A close-up of several fresh, red-and-yellow peaches with water droplets on their skin, resting on a white cloth with green leaves.</text>","<text>껍질에 물방울이 맺힌 붉은색과 노란색의 싱싱한 복숭아 몇 개가, 녹색 잎사귀가 놓인 흰 천 위에 놓여 있는 모습을 클로즈업한 사진.</text>",[],quoted_labels_xml_literal_v5
fruits_nuts_rice,qwen3,5027321,2,2gram,"A close-up of several fresh peaches with red and yellow skin, glistening with water droplets, arranged on a white cloth with green leaves.","빨간색과 노란색 껍질을 가진 싱싱한 복숭아 여러 개가, 물방울에 반짝이며 녹색 잎사귀와 함께 흰 천 위에 놓여 있는 모습의 클로즈업 사진.",,ok,translated,,"<text>A close-up of several fresh peaches with red and yellow skin, glistening with water droplets, arranged on a white cloth with green leaves.</text>","<text>빨간색과 노란색 껍질을 가진 싱싱한 복숭아 여러 개가, 물방울에 반짝이며 녹색 잎사귀와 함께 흰 천 위에 놓여 있는 모습의 클로즈업 사진.</text>",[],quoted_labels_xml_literal_v5
fruits_nuts_rice,qwen3,5027321,2,3gram,"A close-up of several ripe, red-and-yellow peaches with water droplets on their glossy skin, resting on a white cloth with green leaves.","윤기 나는 껍질에 물방울이 맺힌, 잘 익은 빨간색과 노란색 복숭아 몇 개가 녹색 잎사귀가 깔린 흰 천 위에 놓여 있는 모습을 클로즈업한 사진.",,ok,translated,,"<text>A close-up of several ripe, red-and-yellow peaches with water droplets on their glossy skin, resting on a white cloth with green leaves.</text>","<text>윤기 나는 껍질에 물방울이 맺힌, 잘 익은 빨간색과 노란색 복숭아 몇 개가 녹색 잎사귀가 깔린 흰 천 위에 놓여 있는 모습을 클로즈업한 사진.</text>",[],quoted_labels_xml_literal_v5
fruits_nuts_rice,qwen3,5031442,1,1gram,"A bunch of ripe bananas on a light blue background, with one peeled and sliced on a wooden plate, accompanied by a white fork.","하늘색 배경 위에 잘 익은 바나나 한 다발이 놓여 있고, 그중 하나는 껍질을 벗겨 나무 접시에 썰어 놓았으며, 흰색 포크가 곁에 놓여 있다.",,ok,translated,,"<text>A bunch of ripe bananas on a light blue background, with one peeled and sliced on a wooden plate, accompanied by a white fork.</text>","<text>하늘색 배경 위에 잘 익은 바나나 한 다발이 놓여 있고, 그중 하나는 껍질을 벗겨 나무 접시에 썰어 놓았으며, 흰색 포크가 곁에 놓여 있다.</text>",[],quoted_labels_xml_literal_v5
fruits_nuts_rice,qwen3,5031442,1,2gram,"A wooden plate holds a peeled banana with a slice cut from it, accompanied by a banana peel and a white fork, with a bunch of whole bananas in the background.","나무 접시 위에는 껍질을 벗기고 한 조각을 잘라낸 바나나가 놓여 있으며, 그 옆에는 바나나 껍질과 흰색 포크가 함께 놓여 있고, 배경에는 통째로 된 바나나 한 다발이 보인다.",,ok,translated,,"<text>A wooden plate holds a peeled banana with a slice cut from it, accompanied by a banana peel and a white fork, with a bunch of whole bananas in the background.</text>","<text>나무 접시 위에는 껍질을 벗기고 한 조각을 잘라낸 바나나가 놓여 있으며, 그 옆에는 바나나 껍질과 흰색 포크가 함께 놓여 있고, 배경에는 통째로 된 바나나 한 다발이 보인다.</text>",[],quoted_labels_xml_literal_v5
fruits_nuts_rice,qwen3,5031442,1,3gram,"A wooden plate holds a peeled banana with a white fork, and a bunch of bananas are in the background.","나무 접시 위에는 껍질을 벗긴 바나나 한 개가 하얀 포크와 함께 놓여 있고, 배경에는 바나나 한 다발이 보인다.",,ok,translated,,"<text>A wooden plate holds a peeled banana with a white fork, and a bunch of bananas are in the background.</text>","<text>나무 접시 위에는 껍질을 벗긴 바나나 한 개가 하얀 포크와 함께 놓여 있고, 배경에는 바나나 한 다발이 보인다.</text>",[],quoted_labels_xml_literal_v5
fruits_nuts_rice,qwen3,5031442,2,1gram,"A bunch of ripe bananas rests on a light blue surface, with one peeled and sliced banana on a wooden plate, accompanied by a white fork.","하늘색 바탕 위에 잘 익은 바나나 한 다발이 놓여 있고, 나무 접시 위에는 껍질을 벗겨 썰어 놓은 바나나 한 개가 흰색 포크와 함께 놓여 있다.",,ok,translated,,"<text>A bunch of ripe bananas rests on a light blue surface, with one peeled and sliced banana on a wooden plate, accompanied by a white fork.</text>","<text>하늘색 바탕 위에 잘 익은 바나나 한 다발이 놓여 있고, 나무 접시 위에는 껍질을 벗겨 썰어 놓은 바나나 한 개가 흰색 포크와 함께 놓여 있다.</text>",[],quoted_labels_xml_literal_v5
fruits_nuts_rice,qwen3,5031442,2,2gram,"A bunch of ripe bananas rests on a light blue surface, with one peeled and sliced banana on a wooden plate, accompanied by a white fork, and the banana peel still partially on the plate.","하늘색 바탕 위에 잘 익은 바나나 한 묶음이 놓여 있고, 나무 접시 위에는 껍질을 벗겨 썰어 놓은 바나나 한 개가 흰색 포크와 함께 놓여 있으며, 접시 위에는 바나나 껍질이 일부 남아 있다.",,ok,translated,,"<text>A bunch of ripe bananas rests on a light blue surface, with one peeled and sliced banana on a wooden plate, accompanied by a white fork, and the banana peel still partially on the plate.</text>","<text>하늘색 바탕 위에 잘 익은 바나나 한 묶음이 놓여 있고, 나무 접시 위에는 껍질을 벗겨 썰어 놓은 바나나 한 개가 흰색 포크와 함께 놓여 있으며, 접시 위에는 바나나 껍질이 일부 남아 있다.</text>",[],quoted_labels_xml_literal_v5
fruits_nuts_rice,qwen3,5031442,2,3gram,"A wooden plate holds a peeled banana with a white fork, while a bunch of bananas rests in the background on a light blue surface.","나무 접시 위에는 껍질을 벗긴 바나나 한 개가 하얀 포크와 함께 놓여 있고, 배경의 연한 파란색 바탕 위에는 바나나 한 다발이 놓여 있다.",,ok,translated,,"<text>A wooden plate holds a peeled banana with a white fork, while a bunch of bananas rests in the background on a light blue surface.</text>","<text>나무 접시 위에는 껍질을 벗긴 바나나 한 개가 하얀 포크와 함께 놓여 있고, 배경의 연한 파란색 바탕 위에는 바나나 한 다발이 놓여 있다.</text>",[],quoted_labels_xml_literal_v5
fruits_nuts_rice,qwen3,5034841,1,1gram,"A white oval bowl filled with small, orange mandarins, some of which are cut in half to reveal their juicy interior, sits on a light gray surface.","밝은 회색 바탕 위에, 작은 주황색 귤이 가득 담긴 흰색 타원형 그릇이 놓여 있는데, 그중 일부는 반으로 잘려 과즙이 뚝뚝 흐르는 속살이 드러나 있다.",,ok,translated,,"<text>A white oval bowl filled with small, orange mandarins, some of which are cut in half to reveal their juicy interior, sits on a light gray surface.</text>","<text>밝은 회색 바탕 위에, 작은 주황색 귤이 가득 담긴 흰색 타원형 그릇이 놓여 있는데, 그중 일부는 반으로 잘려 과즙이 뚝뚝 흐르는 속살이 드러나 있다.</text>",[],quoted_labels_xml_literal_v5
fruits_nuts_rice,qwen3,5034841,1,2gram,"A white oval bowl filled with small, vibrant orange tangerines, some whole and one cut in half, with a second half of a tangerine placed beside the bowl on a light gray surface.","작고 선명한 주황색 귤로 가득 찬 흰색 타원형 그릇. 귤 중 일부는 통째로 있고, 하나는 반으로 잘려 있으며, 그릇 옆의 연회색 표면 위에는 귤의 나머지 반쪽이 놓여 있다.",,ok,translated,,"<text>A white oval bowl filled with small, vibrant orange tangerines, some whole and one cut in half, with a second half of a tangerine placed beside the bowl on a light gray surface.</text>","<text>작고 선명한 주황색 귤로 가득 찬 흰색 타원형 그릇. 귤 중 일부는 통째로 있고, 하나는 반으로 잘려 있으며, 그릇 옆의 연회색 표면 위에는 귤의 나머지 반쪽이 놓여 있다.</text>",[],quoted_labels_xml_literal_v5
fruits_nuts_rice,qwen3,5034841,1,3gram,"A white oval bowl filled with fresh, bright orange tangerines, some of which are peeled and cut in half, with a few whole tangerines placed beside the bowl on a light gray surface.","신선하고 선명한 주황색 귤로 가득 찬 흰색 타원형 그릇. 그중 일부는 껍질을 벗기고 반으로 잘라져 있으며, 그릇 옆의 연회색 표면 위에는 통째로 남은 귤 몇 개가 놓여 있다.",,ok,translated,,"<text>A white oval bowl filled with fresh, bright orange tangerines, some of which are peeled and cut in half, with a few whole tangerines placed beside the bowl on a light gray surface.</text>","<text>신선하고 선명한 주황색 귤로 가득 찬 흰색 타원형 그릇. 그중 일부는 껍질을 벗기고 반으로 잘라져 있으며, 그릇 옆의 연회색 표면 위에는 통째로 남은 귤 몇 개가 놓여 있다.</text>",[],quoted_labels_xml_literal_v5
fruits_nuts_rice,qwen3,5034841,2,1gram,"A white plate holds a pile of fresh, bright orange mandarins, with one cut in half to reveal its juicy segments, and another whole mandarin resting on the table beside the plate.","하얀 접시 위에는 싱싱하고 선명한 주황색 귤이 한 무더기 놓여 있는데, 그중 하나는 반으로 잘려 과즙이 가득한 귤 조각이 드러나 있고, 또 다른 귤 하나는 접시 옆 탁자 위에 통째로 놓여 있다.",,ok,translated,,"<text>A white plate holds a pile of fresh, bright orange mandarins, with one cut in half to reveal its juicy segments, and another whole mandarin resting on the table beside the plate.</text>","<text>하얀 접시 위에는 싱싱하고 선명한 주황색 귤이 한 무더기 놓여 있는데, 그중 하나는 반으로 잘려 과즙이 가득한 귤 조각이 드러나 있고, 또 다른 귤 하나는 접시 옆 탁자 위에 통째로 놓여 있다.</text>",[],quoted_labels_xml_literal_v5
fruits_nuts_rice,qwen3,5034841,2,2gram,"A white plate holds a pile of fresh, bright orange mandarins, with two cut in half to reveal their juicy, segmented interiors, set against a clean, minimalist white background.","흰색 접시 위에는 싱싱하고 선명한 주황색 귤이 한 무더기 놓여 있으며, 그중 두 개는 반으로 잘려 과즙이 가득한 귤 알갱이가 드러나 있고, 깔끔하고 미니멀한 흰색 배경과 조화를 이루고 있다.",,ok,translated,,"<text>A white plate holds a pile of fresh, bright orange mandarins, with two cut in half to reveal their juicy, segmented interiors, set against a clean, minimalist white background.</text>","<text>흰색 접시 위에는 싱싱하고 선명한 주황색 귤이 한 무더기 놓여 있으며, 그중 두 개는 반으로 잘려 과즙이 가득한 귤 알갱이가 드러나 있고, 깔끔하고 미니멀한 흰색 배경과 조화를 이루고 있다.</text>",[],quoted_labels_xml_literal_v5
fruits_nuts_rice,qwen3,5034841,2,3gram,"A white plate holds a pile of fresh, bright orange mandarins, with two cut in half to reveal their juicy, segmented interiors, set against a clean white background.","하얀 접시 위에는 싱싱하고 선명한 주황색의 귤이 한 무더기 놓여 있으며, 그중 두 개는 반으로 잘려 과즙이 가득한 귤 살이 드러나 있고, 깔끔한 흰색 배경과 대비를 이루고 있다.",,ok,translated,,"<text>A white plate holds a pile of fresh, bright orange mandarins, with two cut in half to reveal their juicy, segmented interiors, set against a clean white background.</text>","<text>하얀 접시 위에는 싱싱하고 선명한 주황색의 귤이 한 무더기 놓여 있으며, 그중 두 개는 반으로 잘려 과즙이 가득한 귤 살이 드러나 있고, 깔끔한 흰색 배경과 대비를 이루고 있다.</text>",[],quoted_labels_xml_literal_v5
fruits_nuts_rice,qwen3,5035954,1,1gram,"Two clear glass bowls filled with fresh blueberries, garnished with mint leaves, are arranged on a marble surface.",신선한 블루베리로 가득 채워진 투명한 유리 그릇 두 개가 민트 잎으로 장식되어 대리석 상판 위에 놓여 있다.,,ok,translated,,"<text>Two clear glass bowls filled with fresh blueberries, garnished with mint leaves, are arranged on a marble surface.</text>",<text>신선한 블루베리로 가득 채워진 투명한 유리 그릇 두 개가 민트 잎으로 장식되어 대리석 상판 위에 놓여 있다.</text>,[],quoted_labels_xml_literal_v5
fruits_nuts_rice,qwen3,5035954,1,2gram,"Two square glass bowls filled with fresh blueberries, garnished with mint leaves, are arranged on a marble surface with a few scattered berries and mint leaves around.","신선한 블루베리로 가득 채워진 두 개의 사각 유리 그릇에 민트 잎을 곁들여, 대리석 상판 위에 올려놓았으며, 그 주위에는 블루베리와 민트 잎이 몇 개 흩어져 있다.",,ok,translated,,"<text>Two square glass bowls filled with fresh blueberries, garnished with mint leaves, are arranged on a marble surface with a few scattered berries and mint leaves around.</text>","<text>신선한 블루베리로 가득 채워진 두 개의 사각 유리 그릇에 민트 잎을 곁들여, 대리석 상판 위에 올려놓았으며, 그 주위에는 블루베리와 민트 잎이 몇 개 흩어져 있다.</text>",[],quoted_labels_xml_literal_v5
fruits_nuts_rice,qwen3,5035954,1,3gram,"Two clear glass bowls filled with fresh blueberries, placed on a white marble board with scattered mint leaves and a few loose berries around.","신선한 블루베리로 가득 채워진 투명한 유리 그릇 두 개가, 민트 잎이 흩뿌려진 흰색 대리석 판 위에 놓여 있고, 그 주위에는 블루베리 몇 알이 흩어져 있다.",,ok,translated,,"<text>Two clear glass bowls filled with fresh blueberries, placed on a white marble board with scattered mint leaves and a few loose berries around.</text>","<text>신선한 블루베리로 가득 채워진 투명한 유리 그릇 두 개가, 민트 잎이 흩뿌려진 흰색 대리석 판 위에 놓여 있고, 그 주위에는 블루베리 몇 알이 흩어져 있다.</text>",[],quoted_labels_xml_literal_v5
fruits_nuts_rice,qwen3,5035954,2,1gram,"A white bowl of yogurt topped with blueberries and mint, served on a white plate with a spoon, sits on a gray textured surface, with a glass bowl of fresh blueberries nearby.","블루베리와 민트가 얹어진 흰색 요거트 그릇이 숟가락과 함께 흰색 접시에 담겨 회색 질감의 표면 위에 놓여 있고, 그 옆에는 신선한 블루베리가 담긴 유리 그릇이 놓여 있다.",,ok,translated,,"<text>A white bowl of yogurt topped with blueberries and mint, served on a white plate with a spoon, sits on a gray textured surface, with a glass bowl of fresh blueberries nearby.</text>","<text>블루베리와 민트가 얹어진 흰색 요거트 그릇이 숟가락과 함께 흰색 접시에 담겨 회색 질감의 표면 위에 놓여 있고, 그 옆에는 신선한 블루베리가 담긴 유리 그릇이 놓여 있다.</text>",[],quoted_labels_xml_literal_v5
fruits_nuts_rice,qwen3,5035954,2,2gram,"A white bowl of yogurt topped with blueberries and mint leaves sits on a white plate, with a glass bowl of fresh blueberries nearby, all on a gray textured surface.","블루베리와 민트 잎을 얹은 흰색 요거트 그릇이 흰색 접시 위에 놓여 있고, 그 옆에는 신선한 블루베리가 담긴 유리 그릇이 놓여 있으며, 이 모든 것이 회색의 질감이 느껴지는 표면 위에 놓여 있다.",,ok,translated,,"<text>A white bowl of yogurt topped with blueberries and mint leaves sits on a white plate, with a glass bowl of fresh blueberries nearby, all on a gray textured surface.</text>","<text>블루베리와 민트 잎을 얹은 흰색 요거트 그릇이 흰색 접시 위에 놓여 있고, 그 옆에는 신선한 블루베리가 담긴 유리 그릇이 놓여 있으며, 이 모든 것이 회색의 질감이 느껴지는 표면 위에 놓여 있다.</text>",[],quoted_labels_xml_literal_v5
fruits_nuts_rice,qwen3,5035954,2,3gram,"A white bowl of yogurt topped with blueberries and mint, served on a white plate with a spoon, sits on a gray textured surface next to a clear glass bowl filled with fresh blueberries.","블루베리와 민트가 얹어진 흰색 요거트 그릇이 숟가락과 함께 흰색 접시에 담겨, 신선한 블루베리가 가득 담긴 투명한 유리 그릇 옆의 회색 질감의 표면 위에 놓여 있다.",,ok,translated,,"<text>A white bowl of yogurt topped with blueberries and mint, served on a white plate with a spoon, sits on a gray textured surface next to a clear glass bowl filled with fresh blueberries.</text>","<text>블루베리와 민트가 얹어진 흰색 요거트 그릇이 숟가락과 함께 흰색 접시에 담겨, 신선한 블루베리가 가득 담긴 투명한 유리 그릇 옆의 회색 질감의 표면 위에 놓여 있다.</text>",[],quoted_labels_xml_literal_v5
fruits_nuts_rice,qwen3,5036748,1,1gram,"A clear plastic container with a yellow label featuring images of sliced kiwi fruit, labeled ""제스프리 썬글드키위"" (Jesupri Sun Gold Kiwi), sits on a white marble surface next to a small plate with two whole and one sliced kiwi.","얇게 썬 키위 그림이 그려진 노란색 라벨이 붙은 투명한 플라스틱 용기(""제스프리 썬글드키위""(Jesupri Sun Gold Kiwi)라고 표기됨)가, 통키위 두 개와 얇게 썬 키위 한 개가 담긴 작은 접시 옆의 흰 대리석 상판 위에 놓여 있다.",,ok,translated,,"<text>A clear plastic container with a yellow label featuring images of sliced kiwi fruit, labeled <keep id=""n0"">KEEP0X</keep> (Jesupri Sun Gold Kiwi), sits on a white marble surface next to a small plate with two whole and one sliced kiwi.</text>","<text>얇게 썬 키위 그림이 그려진 노란색 라벨이 붙은 투명한 플라스틱 용기(<keep id=""n0"">KEEP0X</keep>(Jesupri Sun Gold Kiwi)라고 표기됨)가, 통키위 두 개와 얇게 썬 키위 한 개가 담긴 작은 접시 옆의 흰 대리석 상판 위에 놓여 있다.</text>","[{""id"": ""n0"", ""token"": ""KEEP0X"", ""original"": ""\""제스프리 썬글드키위\"""", ""mode"": ""short_marker""}]",quoted_labels_xml_short_marker_v5
fruits_nuts_rice,qwen3,5036748,1,2gram,"A clear plastic container of ""제스프리 썬글드키위"" (Jesupri Sun Gold Kiwi) with a yellow label featuring sliced kiwi, placed on a white marble surface next to a small plate with two whole and one sliced kiwi.","얇게 썬 키위가 그려진 노란색 라벨이 붙은 ""제스프리 썬글드키위""(Jesupri Sun Gold 키위) 투명 플라스틱 용기가, 통키위 두 개와 얇게 썬 키위 한 개가 담긴 작은 접시 옆의 흰색 대리석 표면 위에 놓여 있다.",,ok,translated,,"<text>A clear plastic container of <keep id=""n0"">KEEP0X</keep> (Jesupri Sun Gold Kiwi) with a yellow label featuring sliced kiwi, placed on a white marble surface next to a small plate with two whole and one sliced kiwi.</text>","<text>얇게 썬 키위가 그려진 노란색 라벨이 붙은 <keep id=""n0"">KEEP0X</keep>(Jesupri Sun Gold 키위) 투명 플라스틱 용기가, 통키위 두 개와 얇게 썬 키위 한 개가 담긴 작은 접시 옆의 흰색 대리석 표면 위에 놓여 있다.</text>","[{""id"": ""n0"", ""token"": ""KEEP0X"", ""original"": ""\""제스프리 썬글드키위\"""", ""mode"": ""short_marker""}]",quoted_labels_xml_short_marker_v5
fruits_nuts_rice,qwen3,5036748,1,3gram,"A clear plastic container of ""Zorpi"" brand ""Sungold Kiwi"" fruit, with a yellow label featuring sliced kiwi and the text ""제스프리 썬글드키위"" (Jesupri Sungold Kiwi), sits on a white marble surface next to a small plate with two whole and one sliced kiwi.","""Zorpi"" 브랜드의 ""Sungold Kiwi"" 과일이 담긴 투명한 플라스틱 용기가 흰색 대리석 표면 위에 놓여 있는데, 용기에는 얇게 썬 키위가 그려진 노란색 라벨과 ‘""제스프리 썬글드키위""(Jesupri Sungold Kiwi)’라는 문구가 적혀 있다. 그 옆에는 통키위 두 개와 얇게 썬 키위 한 조각이 담긴 작은 접시가 놓여 있다.",,ok,translated,,"<text>A clear plastic container of <keep id=""n0"">KEEP0X</keep> brand <keep id=""n1"">KEEP1X</keep> fruit, with a yellow label featuring sliced kiwi and the text <keep id=""n2"">KEEP2X</keep> (Jesupri Sungold Kiwi), sits on a white marble surface next to a small plate with two whole and one sliced kiwi.</text>","<text><keep id=""n0"">KEEP0X</keep> 브랜드의 <keep id=""n1"">KEEP1X</keep> 과일이 담긴 투명한 플라스틱 용기가 흰색 대리석 표면 위에 놓여 있는데, 용기에는 얇게 썬 키위가 그려진 노란색 라벨과 <keep id=""n2"">‘KEEP2X</keep>(Jesupri Sungold Kiwi)’라는 문구가 적혀 있다. 그 옆에는 통키위 두 개와 얇게 썬 키위 한 조각이 담긴 작은 접시가 놓여 있다.</text>","[{""id"": ""n0"", ""token"": ""KEEP0X"", ""original"": ""\""Zorpi\"""", ""mode"": ""short_marker""}, {""id"": ""n1"", ""token"": ""KEEP1X"", ""original"": ""\""Sungold Kiwi\"""", ""mode"": ""short_marker""}, {""id"": ""n2"", ""token"": ""KEEP2X"", ""original"": ""\""제스프리 썬글드키위\"""", ""mode"": ""short_marker""}]",quoted_labels_xml_short_marker_v5
fruits_nuts_rice,qwen3,5036748,2,1gram,"A plastic container of Zespri Kiefruit kiwi, with a yellow and green label featuring sliced kiwi, is displayed next to a small plate with three whole and one sliced kiwi on a white marble surface.","흰색 대리석 상판 위에, 얇게 썬 키위가 그려진 노란색과 녹색 라벨이 붙은 제스프리 키프루트(Zespri Kiefruit) 키위 플라스틱 용기가, 통키위 3개와 얇게 썬 키위 1개가 담긴 작은 접시 옆에 진열되어 있다.",,ok,translated,,"<text>A plastic container of Zespri Kiefruit kiwi, with a yellow and green label featuring sliced kiwi, is displayed next to a small plate with three whole and one sliced kiwi on a white marble surface.</text>","<text>흰색 대리석 상판 위에, 얇게 썬 키위가 그려진 노란색과 녹색 라벨이 붙은 제스프리 키프루트(Zespri Kiefruit) 키위 플라스틱 용기가, 통키위 3개와 얇게 썬 키위 1개가 담긴 작은 접시 옆에 진열되어 있다.</text>",[],quoted_labels_xml_literal_v5
fruits_nuts_rice,qwen3,5036748,2,2gram,"A plastic container of Zespri Kiefruit kiwi, with a yellow and green label featuring sliced kiwi, is displayed next to a small plate with three whole and one sliced kiwi, showcasing its yellow flesh.","얇게 썬 키위가 그려진 노란색과 녹색 라벨이 붙은 제스프리 키프루트(Zespri Kiefruit) 키위 플라스틱 용기가, 통키위 3개와 얇게 썬 키위 1개가 담긴 작은 접시 옆에 진열되어 있어 노란색 과육을 돋보이게 하고 있다.",,ok,translated,,"<text>A plastic container of Zespri Kiefruit kiwi, with a yellow and green label featuring sliced kiwi, is displayed next to a small plate with three whole and one sliced kiwi, showcasing its yellow flesh.</text>","<text>얇게 썬 키위가 그려진 노란색과 녹색 라벨이 붙은 제스프리 키프루트(Zespri Kiefruit) 키위 플라스틱 용기가, 통키위 3개와 얇게 썬 키위 1개가 담긴 작은 접시 옆에 진열되어 있어 노란색 과육을 돋보이게 하고 있다.</text>",[],quoted_labels_xml_literal_v5
fruits_nuts_rice,qwen3,5036748,2,3gram,"A plastic container of Zespri Kiefruit kiwi, with a yellow and green label featuring sliced kiwi, is displayed next to a small plate with three whole and one sliced kiwi, showcasing its yellow flesh and green seeds.","얇게 썬 키위가 그려진 노란색과 녹색 라벨이 붙은 제스프리 키프루트(Zespri Kiefruit) 키위 플라스틱 용기가, 통키위 3개와 얇게 썬 키위 1개가 담긴 작은 접시 옆에 진열되어 있어, 노란 과육과 녹색 씨앗이 잘 드러나 있습니다.",,ok,translated,,"<text>A plastic container of Zespri Kiefruit kiwi, with a yellow and green label featuring sliced kiwi, is displayed next to a small plate with three whole and one sliced kiwi, showcasing its yellow flesh and green seeds.</text>","<text>얇게 썬 키위가 그려진 노란색과 녹색 라벨이 붙은 제스프리 키프루트(Zespri Kiefruit) 키위 플라스틱 용기가, 통키위 3개와 얇게 썬 키위 1개가 담긴 작은 접시 옆에 진열되어 있어, 노란 과육과 녹색 씨앗이 잘 드러나 있습니다.</text>",[],quoted_labels_xml_literal_v5
fruits_nuts_rice,qwen3,5038123,1,1gram,"A cluster of dark purple grapes, covered in frost, rests on a white plate with a blue rim, with another cluster slightly blurred in the background on a gray surface.","서리가 내려앉은 짙은 보라색 포도 한 송이가 파란 테두리가 있는 흰 접시 위에 놓여 있고, 배경의 회색 바탕 위에는 또 다른 포도 송이가 약간 흐릿하게 비쳐 보인다.",,ok,translated,,"<text>A cluster of dark purple grapes, covered in frost, rests on a white plate with a blue rim, with another cluster slightly blurred in the background on a gray surface.</text>","<text>서리가 내려앉은 짙은 보라색 포도 한 송이가 파란 테두리가 있는 흰 접시 위에 놓여 있고, 배경의 회색 바탕 위에는 또 다른 포도 송이가 약간 흐릿하게 비쳐 보인다.</text>",[],quoted_labels_xml_literal_v5
fruits_nuts_rice,qwen3,5038123,1,2gram,"A close-up of a bunch of dark purple grapes with a frosty coating, resting on a white plate with a blue rim, set against a neutral gray background.","중성적인 회색 배경을 배경으로, 파란색 테두리가 있는 흰색 접시 위에 놓인, 서리가 내린 듯한 광택이 도는 짙은 보라색 포도 한 송이의 클로즈업 사진.",,ok,translated,,"<text>A close-up of a bunch of dark purple grapes with a frosty coating, resting on a white plate with a blue rim, set against a neutral gray background.</text>","<text>중성적인 회색 배경을 배경으로, 파란색 테두리가 있는 흰색 접시 위에 놓인, 서리가 내린 듯한 광택이 도는 짙은 보라색 포도 한 송이의 클로즈업 사진.</text>",[],quoted_labels_xml_literal_v5
fruits_nuts_rice,qwen3,5038123,1,3gram,"A close-up of a bunch of dark purple grapes with a frosty coating, resting on a white plate with a blue rim, set against a gray textured background.","회색 질감의 배경을 배경으로, 파란색 테두리가 있는 흰색 접시 위에 놓인, 서리가 내린 듯한 광택이 도는 짙은 보라색 포도 한 송이의 클로즈업 사진.",,ok,translated,,"<text>A close-up of a bunch of dark purple grapes with a frosty coating, resting on a white plate with a blue rim, set against a gray textured background.</text>","<text>회색 질감의 배경을 배경으로, 파란색 테두리가 있는 흰색 접시 위에 놓인, 서리가 내린 듯한 광택이 도는 짙은 보라색 포도 한 송이의 클로즈업 사진.</text>",[],quoted_labels_xml_literal_v5
fruits_nuts_rice,qwen3,5038123,2,1gram,"A cluster of dark purple grapes, with a few scattered on a light gray surface, showcasing their deep, rich color and glossy texture.","짙은 보라색 포도 송이가 한 묶음으로 모여 있고, 밝은 회색 바탕 위에 몇 알이 흩어져 있어 그 깊고 진한 색감과 윤기 나는 질감을 뽐내고 있다.",,ok,translated,,"<text>A cluster of dark purple grapes, with a few scattered on a light gray surface, showcasing their deep, rich color and glossy texture.</text>","<text>짙은 보라색 포도 송이가 한 묶음으로 모여 있고, 밝은 회색 바탕 위에 몇 알이 흩어져 있어 그 깊고 진한 색감과 윤기 나는 질감을 뽐내고 있다.</text>",[],quoted_labels_xml_literal_v5
fruits_nuts_rice,qwen3,5038123,2,2gram,"A cluster of dark purple grapes rests on a light gray surface, with a few individual grapes scattered in the foreground.","옅은 회색 바탕 위에 짙은 보라색 포도 한 송이가 놓여 있고, 전경에는 포도 알갱이 몇 개가 흩어져 있다.",,ok,translated,,"<text>A cluster of dark purple grapes rests on a light gray surface, with a few individual grapes scattered in the foreground.</text>","<text>옅은 회색 바탕 위에 짙은 보라색 포도 한 송이가 놓여 있고, 전경에는 포도 알갱이 몇 개가 흩어져 있다.</text>",[],quoted_labels_xml_literal_v5
fruits_nuts_rice,qwen3,5038123,2,3gram,"A cluster of dark purple grapes rests on a light gray surface, with a few individual grapes scattered in the foreground.","옅은 회색 바탕 위에 짙은 보라색 포도 한 송이가 놓여 있고, 전경에는 포도 알갱이 몇 개가 흩어져 있다.",,ok,translated,,"<text>A cluster of dark purple grapes rests on a light gray surface, with a few individual grapes scattered in the foreground.</text>","<text>옅은 회색 바탕 위에 짙은 보라색 포도 한 송이가 놓여 있고, 전경에는 포도 알갱이 몇 개가 흩어져 있다.</text>",[],quoted_labels_xml_literal_v5
fruits_nuts_rice,qwen3,5045631,1,1gram,"A blue weekly meal kit box labeled ""HBAF"" with ""6 WEEKS"" and ""MON TO SUN"" on the front, featuring a mix of nuts and seeds, with individual packages and a bowl of mixed nuts displayed around it.","앞면에 ‘""HBAF""’라고 적혀 있고, ‘""6 WEEKS""’와 ‘""MON TO SUN""’가 표시된 파란색 주간 식재료 박스로, 견과류와 씨앗이 섞여 있으며, 개별 포장된 제품들과 그 주위에 섞인 견과류가 담긴 그릇이 배치되어 있다.",,ok,translated,,"<text>A blue weekly meal kit box labeled <keep id=""n0"">KEEP0X</keep> with <keep id=""n1"">KEEP1X</keep> and <keep id=""n2"">KEEP2X</keep> on the front, featuring a mix of nuts and seeds, with individual packages and a bowl of mixed nuts displayed around it.</text>","<text>앞면에 <keep id=""n0"">‘KEEP0X’라고</keep> 적혀 있고, <keep id=""n1"">‘KEEP1X’와</keep> <keep id=""n2"">‘KEEP2X’가</keep> 표시된 파란색 주간 식재료 박스로, 견과류와 씨앗이 섞여 있으며, 개별 포장된 제품들과 그 주위에 섞인 견과류가 담긴 그릇이 배치되어 있다.</text>","[{""id"": ""n0"", ""token"": ""KEEP0X"", ""original"": ""\""HBAF\"""", ""mode"": ""short_marker""}, {""id"": ""n1"", ""token"": ""KEEP1X"", ""original"": ""\""6 WEEKS\"""", ""mode"": ""short_marker""}, {""id"": ""n2"", ""token"": ""KEEP2X"", ""original"": ""\""MON TO SUN\"""", ""mode"": ""short_marker""}]",quoted_labels_xml_short_marker_v5
fruits_nuts_rice,qwen3,5045631,1,2gram,"A blue and white ""HBAF"" weekly nut mix kit featuring a 6-week plan with daily snack packages and a bowl of mixed nuts, with ""THU"" and ""WED"" clearly visible on the packaging.","파란색과 흰색의 ""HBAF"" 주간 견과류 혼합 키트로, 6주 계획에 따라 매일 먹을 수 있는 간식 패키지와 혼합 견과류 한 그릇이 포함되어 있으며, 포장지에 ""THU""와 ""WED""가 선명하게 표시되어 있습니다.",,ok,translated,,"<text>A blue and white <keep id=""n0"">KEEP0X</keep> weekly nut mix kit featuring a 6-week plan with daily snack packages and a bowl of mixed nuts, with <keep id=""n1"">KEEP1X</keep> and <keep id=""n2"">KEEP2X</keep> clearly visible on the packaging.</text>","<text>파란색과 흰색의 <keep id=""n0"">KEEP0X</keep> 주간 견과류 혼합 키트로, 6주 계획에 따라 매일 먹을 수 있는 간식 패키지와 혼합 견과류 한 그릇이 포함되어 있으며, 포장지에 <keep id=""n1"">KEEP1X와</keep> <keep id=""n2"">KEEP2X가</keep> 선명하게 표시되어 있습니다.</text>","[{""id"": ""n0"", ""token"": ""KEEP0X"", ""original"": ""\""HBAF\"""", ""mode"": ""short_marker""}, {""id"": ""n1"", ""token"": ""KEEP1X"", ""original"": ""\""THU\"""", ""mode"": ""short_marker""}, {""id"": ""n2"", ""token"": ""KEEP2X"", ""original"": ""\""WED\"""", ""mode"": ""short_marker""}]",quoted_labels_xml_short_marker_v5
fruits_nuts_rice,qwen3,5045631,1,3gram,"A blue weekly nut and seed snack box labeled ""HBAF"" with a ""6 면투션 WEEKS"" (6-week plan) and daily meal suggestions, featuring individual packages and a bowl of mixed nuts, with ""THU"" and ""WED"" prominently displayed on the packaging.","‘""HBAF""’라고 표시된 파란색 주간 견과류 및 씨앗 간식 상자로, ‘""6 면투션 WEEKS""’(6주 계획)와 일일 식사 추천 메뉴가 포함되어 있으며, 개별 포장 제품과 혼합 견과류 한 그릇이 들어 있고, 포장지에는 ‘""THU""’와 ‘""WED""’가 눈에 띄게 표시되어 있습니다.",,ok,translated,,"<text>A blue weekly nut and seed snack box labeled <keep id=""n0"">KEEP0X</keep> with a <keep id=""n1"">KEEP1X</keep> (6-week plan) and daily meal suggestions, featuring individual packages and a bowl of mixed nuts, with <keep id=""n2"">KEEP2X</keep> and <keep id=""n3"">KEEP3X</keep> prominently displayed on the packaging.</text>","<text><keep id=""n0"">‘KEEP0X’라고</keep> 표시된 파란색 주간 견과류 및 씨앗 간식 상자로, <keep id=""n1"">‘KEEP1X’</keep>(6주 계획)와 일일 식사 추천 메뉴가 포함되어 있으며, 개별 포장 제품과 혼합 견과류 한 그릇이 들어 있고, 포장지에는 <keep id=""n2"">‘KEEP2X’와</keep> <keep id=""n3"">‘KEEP3X’가</keep> 눈에 띄게 표시되어 있습니다.</text>","[{""id"": ""n0"", ""token"": ""KEEP0X"", ""original"": ""\""HBAF\"""", ""mode"": ""short_marker""}, {""id"": ""n1"", ""token"": ""KEEP1X"", ""original"": ""\""6 면투션 WEEKS\"""", ""mode"": ""short_marker""}, {""id"": ""n2"", ""token"": ""KEEP2X"", ""original"": ""\""THU\"""", ""mode"": ""short_marker""}, {""id"": ""n3"", ""token"": ""KEEP3X"", ""original"": ""\""WED\"""", ""mode"": ""short_marker""}]",quoted_labels_xml_short_marker_v5
fruits_nuts_rice,qwen3,5045631,2,1gram,"A top-down view of a ""Mon to Sun"" snack box and three individual packages labeled ""THU"", ""TUE"", and ""WED"", each containing a mix of nuts and dried fruits, arranged on a gray surface with scattered nuts and a bowl of mixed nuts.","""Mon to Sun"" 스낵 상자와 ""THU"", ""TUE"", ""WED""라고 표시된 세 개의 개별 포장지가 위에서 내려다본 모습으로, 각 포장지에는 견과류와 말린 과일이 섞여 들어 있으며, 회색 바탕 위에 견과류가 흩어져 있고 혼합 견과류가 담긴 그릇이 놓여 있다.",,ok,translated,,"<text>A top-down view of a <keep id=""n0"">KEEP0X</keep> snack box and three individual packages labeled <keep id=""n1"">KEEP1X</keep>, <keep id=""n2"">KEEP2X</keep>, and <keep id=""n3"">KEEP3X</keep>, each containing a mix of nuts and dried fruits, arranged on a gray surface with scattered nuts and a bowl of mixed nuts.</text>","<text><keep id=""n0"">KEEP0X</keep> 스낵 상자와 <keep id=""n1"">KEEP1X</keep>, <keep id=""n2"">KEEP2X</keep>, <keep id=""n3"">KEEP3X라고</keep> 표시된 세 개의 개별 포장지가 위에서 내려다본 모습으로, 각 포장지에는 견과류와 말린 과일이 섞여 들어 있으며, 회색 바탕 위에 견과류가 흩어져 있고 혼합 견과류가 담긴 그릇이 놓여 있다.</text>","[{""id"": ""n0"", ""token"": ""KEEP0X"", ""original"": ""\""Mon to Sun\"""", ""mode"": ""short_marker""}, {""id"": ""n1"", ""token"": ""KEEP1X"", ""original"": ""\""THU\"""", ""mode"": ""short_marker""}, {""id"": ""n2"", ""token"": ""KEEP2X"", ""original"": ""\""TUE\"""", ""mode"": ""short_marker""}, {""id"": ""n3"", ""token"": ""KEEP3X"", ""original"": ""\""WED\"""", ""mode"": ""short_marker""}]",quoted_labels_xml_short_marker_v5
fruits_nuts_rice,qwen3,5045631,2,2gram,"A top-down view of a ""Mon to Sun"" snack box and three individual packages labeled ""THU"", ""TUE"", and ""WED"", each containing a mix of nuts and dried fruits, arranged on a gray surface with scattered ingredients.","""Mon to Sun"" 스낵 상자와 ""THU"", ""TUE"", ""WED""라고 표시된 세 개의 개별 포장지가 위에서 내려다본 모습으로, 각 포장지에는 견과류와 말린 과일이 섞여 들어 있으며, 회색 바탕 위에 재료들이 흩어져 놓여 있다.",,ok,translated,,"<text>A top-down view of a <keep id=""n0"">KEEP0X</keep> snack box and three individual packages labeled <keep id=""n1"">KEEP1X</keep>, <keep id=""n2"">KEEP2X</keep>, and <keep id=""n3"">KEEP3X</keep>, each containing a mix of nuts and dried fruits, arranged on a gray surface with scattered ingredients.</text>","<text><keep id=""n0"">KEEP0X</keep> 스낵 상자와 <keep id=""n1"">KEEP1X</keep>, <keep id=""n2"">KEEP2X</keep>, <keep id=""n3"">KEEP3X라고</keep> 표시된 세 개의 개별 포장지가 위에서 내려다본 모습으로, 각 포장지에는 견과류와 말린 과일이 섞여 들어 있으며, 회색 바탕 위에 재료들이 흩어져 놓여 있다.</text>","[{""id"": ""n0"", ""token"": ""KEEP0X"", ""original"": ""\""Mon to Sun\"""", ""mode"": ""short_marker""}, {""id"": ""n1"", ""token"": ""KEEP1X"", ""original"": ""\""THU\"""", ""mode"": ""short_marker""}, {""id"": ""n2"", ""token"": ""KEEP2X"", ""original"": ""\""TUE\"""", ""mode"": ""short_marker""}, {""id"": ""n3"", ""token"": ""KEEP3X"", ""original"": ""\""WED\"""", ""mode"": ""short_marker""}]",quoted_labels_xml_short_marker_v5
fruits_nuts_rice,qwen3,5045631,2,3gram,"A top-down photograph of a ""Mon to Sun"" snack pack series, featuring individual packages for Monday through Sunday, alongside a box and bowls of mixed nuts and dried fruits, arranged on a gray surface.","회색 바탕 위에 ""Mon to Sun"" 스낵 팩 시리즈의 월요일부터 일요일까지 날짜별로 구분된 개별 포장 제품들과 상자, 그리고 혼합 견과류와 말린 과일이 담긴 그릇들이 함께 배치된 모습을 위에서 내려다본 사진.",,ok,translated,,"<text>A top-down photograph of a <keep id=""n0"">KEEP0X</keep> snack pack series, featuring individual packages for Monday through Sunday, alongside a box and bowls of mixed nuts and dried fruits, arranged on a gray surface.</text>","<text>회색 바탕 위에 <keep id=""n0"">KEEP0X</keep> 스낵 팩 시리즈의 월요일부터 일요일까지 날짜별로 구분된 개별 포장 제품들과 상자, 그리고 혼합 견과류와 말린 과일이 담긴 그릇들이 함께 배치된 모습을 위에서 내려다본 사진.</text>","[{""id"": ""n0"", ""token"": ""KEEP0X"", ""original"": ""\""Mon to Sun\"""", ""mode"": ""short_marker""}]",quoted_labels_xml_short_marker_v5
fruits_nuts_rice,qwen3,5048547,1,1gram,"A red bag of ""여주대왕일포"" rice, 10kg, with a dragon design and a small bowl of rice beside it.","용 문양이 그려진 ""여주대왕일포"" 쌀 10kg 빨간 봉지와 그 옆에 놓인 작은 밥그릇.",,ok,translated,,"<text>A red bag of <keep id=""n0"">KEEP0X</keep> rice, 10kg, with a dragon design and a small bowl of rice beside it.</text>","<text>용 문양이 그려진 <keep id=""n0"">KEEP0X</keep> 쌀 10kg 빨간 봉지와 그 옆에 놓인 작은 밥그릇.</text>","[{""id"": ""n0"", ""token"": ""KEEP0X"", ""original"": ""\""여주대왕일포\"""", ""mode"": ""short_marker""}]",quoted_labels_xml_short_marker_v5
fruits_nuts_rice,qwen3,5048547,1,2gram,"A red bag of ""여주대왕일포"" rice, 10kg, with a dragon design and a small bowl of rice scattered nearby.","용 문양이 그려진 ""여주대왕일포"" 쌀 10kg 빨간 봉지와 그 근처에 흩어져 있는 작은 그릇에 담긴 밥.",,ok,translated,,"<text>A red bag of <keep id=""n0"">KEEP0X</keep> rice, 10kg, with a dragon design and a small bowl of rice scattered nearby.</text>","<text>용 문양이 그려진 <keep id=""n0"">KEEP0X</keep> 쌀 10kg 빨간 봉지와 그 근처에 흩어져 있는 작은 그릇에 담긴 밥.</text>","[{""id"": ""n0"", ""token"": ""KEEP0X"", ""original"": ""\""여주대왕일포\"""", ""mode"": ""short_marker""}]",quoted_labels_xml_short_marker_v5
fruits_nuts_rice,qwen3,5048547,1,3gram,"A red bag of ""여주대왕일포"" rice, featuring a dragon design and a small bowl of rice beside it on a light gray surface.","밝은 회색 바탕 위에 용 문양이 그려진 빨간색 ‘""여주대왕일포""’ 쌀 봉지와 그 옆에 작은 밥그릇이 놓여 있다.",,ok,translated,,"<text>A red bag of <keep id=""n0"">KEEP0X</keep> rice, featuring a dragon design and a small bowl of rice beside it on a light gray surface.</text>","<text>밝은 회색 바탕 위에 용 문양이 그려진 빨간색 <keep id=""n0"">‘KEEP0X’</keep> 쌀 봉지와 그 옆에 작은 밥그릇이 놓여 있다.</text>","[{""id"": ""n0"", ""token"": ""KEEP0X"", ""original"": ""\""여주대왕일포\"""", ""mode"": ""short_marker""}]",quoted_labels_xml_short_marker_v5
fruits_nuts_rice,qwen3,5048547,2,1gram,"A white bowl filled with white rice grains, with a few scattered on the light-colored surface.","흰 쌀알로 가득 찬 하얀 그릇에, 밝은 색의 표면 위로 쌀알 몇 알이 흩어져 있다.",,ok,translated,,"<text>A white bowl filled with white rice grains, with a few scattered on the light-colored surface.</text>","<text>흰 쌀알로 가득 찬 하얀 그릇에, 밝은 색의 표면 위로 쌀알 몇 알이 흩어져 있다.</text>",[],quoted_labels_xml_literal_v5
fruits_nuts_rice,qwen3,5048547,2,2gram,"A white bowl filled with white rice grains, with a few scattered on the light gray surface beside it.","흰 쌀알로 가득 찬 하얀 그릇과, 그 옆의 연회색 표면 위에 몇 알이 흩어져 있다.",,ok,translated,,"<text>A white bowl filled with white rice grains, with a few scattered on the light gray surface beside it.</text>","<text>흰 쌀알로 가득 찬 하얀 그릇과, 그 옆의 연회색 표면 위에 몇 알이 흩어져 있다.</text>",[],quoted_labels_xml_literal_v5
fruits_nuts_rice,qwen3,5048547,2,3gram,"A white bowl filled with white rice grains, with a few scattered on the light gray surface beside it.","흰 쌀알로 가득 찬 하얀 그릇과, 그 옆의 연회색 표면 위에 몇 알이 흩어져 있다.",,ok,translated,,"<text>A white bowl filled with white rice grains, with a few scattered on the light gray surface beside it.</text>","<text>흰 쌀알로 가득 찬 하얀 그릇과, 그 옆의 연회색 표면 위에 몇 알이 흩어져 있다.</text>",[],quoted_labels_xml_literal_v5
fruits_nuts_rice,qwen3,5048580,1,1gram,"A close-up of two bunches of green grapes with leaves, resting on a light gray surface.","밝은 회색 바탕 위에 놓인, 잎이 달린 녹색 포도 두 송이의 클로즈업 사진.",,ok,translated,,"<text>A close-up of two bunches of green grapes with leaves, resting on a light gray surface.</text>","<text>밝은 회색 바탕 위에 놓인, 잎이 달린 녹색 포도 두 송이의 클로즈업 사진.</text>",[],quoted_labels_xml_literal_v5
fruits_nuts_rice,qwen3,5048580,1,2gram,"A close-up of two bunches of green grapes on a light gray surface, with a few green leaves in the background.","밝은 회색 바탕 위에 놓인 두 송이의 푸른 포도를 클로즈업한 사진으로, 배경에는 푸른 잎사귀 몇 장이 보인다.",,ok,translated,,"<text>A close-up of two bunches of green grapes on a light gray surface, with a few green leaves in the background.</text>","<text>밝은 회색 바탕 위에 놓인 두 송이의 푸른 포도를 클로즈업한 사진으로, 배경에는 푸른 잎사귀 몇 장이 보인다.</text>",[],quoted_labels_xml_literal_v5
fruits_nuts_rice,qwen3,5048580,1,3gram,A close-up of two bunches of green grapes with a few leaves in the background on a light gray surface.,"밝은 회색 바탕 위에, 배경에 잎사귀 몇 장이 보이는 두 송이의 녹색 포도를 클로즈업한 사진.",,ok,translated,,<text>A close-up of two bunches of green grapes with a few leaves in the background on a light gray surface.</text>,"<text>밝은 회색 바탕 위에, 배경에 잎사귀 몇 장이 보이는 두 송이의 녹색 포도를 클로즈업한 사진.</text>",[],quoted_labels_xml_literal_v5
fruits_nuts_rice,qwen3,5048580,2,1gram,"A white plate holds two bunches of fresh, green grapes, with a few loose grapes scattered on the light gray surface around the plate.","하얀 접시 위에는 싱싱한 초록색 포도 두 송이가 놓여 있고, 접시 주변의 연회색 표면에는 포도알 몇 알이 흩어져 있다.",,ok,translated,,"<text>A white plate holds two bunches of fresh, green grapes, with a few loose grapes scattered on the light gray surface around the plate.</text>","<text>하얀 접시 위에는 싱싱한 초록색 포도 두 송이가 놓여 있고, 접시 주변의 연회색 표면에는 포도알 몇 알이 흩어져 있다.</text>",[],quoted_labels_xml_literal_v5
fruits_nuts_rice,qwen3,5048580,2,2gram,"A white plate holds two bunches of fresh, light green grapes, with a few loose grapes scattered on the surrounding gray surface.","하얀 접시 위에는 싱싱하고 연한 녹색의 포도 두 송이가 놓여 있고, 그 주변의 회색 표면에는 포도알 몇 알이 흩어져 있다.",,ok,translated,,"<text>A white plate holds two bunches of fresh, light green grapes, with a few loose grapes scattered on the surrounding gray surface.</text>","<text>하얀 접시 위에는 싱싱하고 연한 녹색의 포도 두 송이가 놓여 있고, 그 주변의 회색 표면에는 포도알 몇 알이 흩어져 있다.</text>",[],quoted_labels_xml_literal_v5
fruits_nuts_rice,qwen3,5048580,2,3gram,"A white plate holds two bunches of fresh, green grapes, with a few loose grapes scattered on the light gray surface around them.","하얀 접시 위에는 싱싱한 초록색 포도 두 송이가 놓여 있고, 그 주변의 연회색 접시 표면에는 포도알 몇 알이 흩어져 있다.",,ok,translated,,"<text>A white plate holds two bunches of fresh, green grapes, with a few loose grapes scattered on the light gray surface around them.</text>","<text>하얀 접시 위에는 싱싱한 초록색 포도 두 송이가 놓여 있고, 그 주변의 연회색 접시 표면에는 포도알 몇 알이 흩어져 있다.</text>",[],quoted_labels_xml_literal_v5
fruits_nuts_rice,qwen3,5049631,1,1gram,"A round, light-colored plate holds three yellow melons with white stripes and a row of sliced melons, all resting on a white cloth.","둥글고 밝은 색의 접시 위에 흰 줄무늬가 있는 노란 멜론 세 개와 얇게 썬 멜론 한 줄이 놓여 있으며, 이 모든 것이 흰색 식탁보 위에 놓여 있다.",,ok,translated,,"<text>A round, light-colored plate holds three yellow melons with white stripes and a row of sliced melons, all resting on a white cloth.</text>","<text>둥글고 밝은 색의 접시 위에 흰 줄무늬가 있는 노란 멜론 세 개와 얇게 썬 멜론 한 줄이 놓여 있으며, 이 모든 것이 흰색 식탁보 위에 놓여 있다.</text>",[],quoted_labels_xml_literal_v5
fruits_nuts_rice,qwen3,5049631,1,2gram,"A beige plate holds three yellow-striped melons and five slices of a white, round fruit, all set on a white wooden surface with a white cloth.","베이지색 접시 위에는 노란 줄무늬가 있는 멜론 세 개와 흰색 둥근 과일 조각 다섯 개가 놓여 있으며, 이 모든 것은 흰색 천이 깔린 흰색 나무 받침대 위에 차려져 있다.",,ok,translated,,"<text>A beige plate holds three yellow-striped melons and five slices of a white, round fruit, all set on a white wooden surface with a white cloth.</text>","<text>베이지색 접시 위에는 노란 줄무늬가 있는 멜론 세 개와 흰색 둥근 과일 조각 다섯 개가 놓여 있으며, 이 모든 것은 흰색 천이 깔린 흰색 나무 받침대 위에 차려져 있다.</text>",[],quoted_labels_xml_literal_v5
fruits_nuts_rice,qwen3,5049631,1,3gram,"A beige plate holds three yellow-striped melons and five slices of a white melon, all resting on a white cloth atop a light-colored wooden surface.","베이지색 접시 위에는 노란 줄무늬가 있는 멜론 세 개와 흰색 멜론 조각 다섯 개가 놓여 있으며, 이 접시는 밝은 색의 나무 상판 위에 얹힌 흰색 천 위에 놓여 있다.",,ok,translated,,"<text>A beige plate holds three yellow-striped melons and five slices of a white melon, all resting on a white cloth atop a light-colored wooden surface.</text>","<text>베이지색 접시 위에는 노란 줄무늬가 있는 멜론 세 개와 흰색 멜론 조각 다섯 개가 놓여 있으며, 이 접시는 밝은 색의 나무 상판 위에 얹힌 흰색 천 위에 놓여 있다.</text>",[],quoted_labels_xml_literal_v5
fruits_nuts_rice,qwen3,5049631,2,1gram,"Three whole, yellow-striped cucumbers and four sliced pieces, revealing their white flesh and seeds, are arranged on a light-colored plate.",노란 줄무늬가 있는 오이 세 개와 흰 속살과 씨가 드러난 얇게 썬 오이 네 조각이 밝은 색의 접시 위에 차려져 있다.,,ok,translated,,"<text>Three whole, yellow-striped cucumbers and four sliced pieces, revealing their white flesh and seeds, are arranged on a light-colored plate.</text>",<text>노란 줄무늬가 있는 오이 세 개와 흰 속살과 씨가 드러난 얇게 썬 오이 네 조각이 밝은 색의 접시 위에 차려져 있다.</text>,[],quoted_labels_xml_literal_v5
fruits_nuts_rice,qwen3,5049631,2,2gram,"Three yellow-striped cucumbers with sliced, white flesh and seeds, arranged on a light-colored plate.",하얀 과육과 씨앗이 드러나도록 얇게 썬 노란 줄무늬 오이 세 개가 밝은 색 접시 위에 담겨 있다.,,ok,translated,,"<text>Three yellow-striped cucumbers with sliced, white flesh and seeds, arranged on a light-colored plate.</text>",<text>하얀 과육과 씨앗이 드러나도록 얇게 썬 노란 줄무늬 오이 세 개가 밝은 색 접시 위에 담겨 있다.</text>,[],quoted_labels_xml_literal_v5
fruits_nuts_rice,qwen3,5049631,2,3gram,"Three yellow-striped cucumbers with their white flesh cut into slices, displayed on a light-colored plate.",흰 속살이 드러나도록 얇게 썬 노란 줄무늬 오이 세 개가 밝은 색 접시 위에 담겨 있다.,,ok,translated,,"<text>Three yellow-striped cucumbers with their white flesh cut into slices, displayed on a light-colored plate.</text>",<text>흰 속살이 드러나도록 얇게 썬 노란 줄무늬 오이 세 개가 밝은 색 접시 위에 담겨 있다.</text>,[],quoted_labels_xml_literal_v5
fruits_nuts_rice,qwen3,5051031,1,1gram,"A 4 kg bag of Lgrow brand ""Cienan-Oh Wannjeo Goseihakari"" rice, featuring a vintage illustration of farmers and a ""100% domestic"" seal, is displayed on a plain concrete surface.","농부들의 빈티지 일러스트와 ""100% domestic"" 로고가 새겨진 Lgrow 브랜드의 ""Cienan-Oh Wannjeo Goseihakari"" 쌀 4kg 봉지가 평범한 콘크리트 바닥 위에 놓여 있다.",,ok,translated,,"<text>A 4 kg bag of Lgrow brand <keep id=""n0"">KEEP0X</keep> rice, featuring a vintage illustration of farmers and a <keep id=""n1"">KEEP1X</keep> seal, is displayed on a plain concrete surface.</text>","<text>농부들의 빈티지 일러스트와 <keep id=""n1"">KEEP1X</keep> 로고가 새겨진 Lgrow 브랜드의 <keep id=""n0"">KEEP0X</keep> 쌀 4kg 봉지가 평범한 콘크리트 바닥 위에 놓여 있다.</text>","[{""id"": ""n0"", ""token"": ""KEEP0X"", ""original"": ""\""Cienan-Oh Wannjeo Goseihakari\"""", ""mode"": ""short_marker""}, {""id"": ""n1"", ""token"": ""KEEP1X"", ""original"": ""\""100% domestic\"""", ""mode"": ""short_marker""}]",quoted_labels_xml_short_marker_v5
fruits_nuts_rice,qwen3,5051031,1,2gram,"A 4 kg bag of ""Lgrow"" brand ""GriDa"" rice, labeled as ""100% domestic"" and ""100% domestic certified,"" featuring an illustration of farmers in a rural setting.","""Lgrow"" 브랜드의 ""GriDa"" 쌀 4kg 봉지로, 시골 풍경 속에서 일하는 농부들의 일러스트가 그려져 있으며, 라벨에는 ""100% domestic""와 ""100% domestic certified,""라고 표기되어 있다.",,ok,translated,,"<text>A 4 kg bag of <keep id=""n0"">KEEP0X</keep> brand <keep id=""n1"">KEEP1X</keep> rice, labeled as <keep id=""n2"">KEEP2X</keep> and <keep id=""n3"">KEEP3X</keep> featuring an illustration of farmers in a rural setting.</text>","<text><keep id=""n0"">KEEP0X</keep> 브랜드의 <keep id=""n1"">KEEP1X</keep> 쌀 4kg 봉지로, 시골 풍경 속에서 일하는 농부들의 일러스트가 그려져 있으며, 라벨에는 <keep id=""n2"">KEEP2X와</keep> <keep id=""n3"">KEEP3X라고</keep> 표기되어 있다.</text>","[{""id"": ""n0"", ""token"": ""KEEP0X"", ""original"": ""\""Lgrow\"""", ""mode"": ""short_marker""}, {""id"": ""n1"", ""token"": ""KEEP1X"", ""original"": ""\""GriDa\"""", ""mode"": ""short_marker""}, {""id"": ""n2"", ""token"": ""KEEP2X"", ""original"": ""\""100% domestic\"""", ""mode"": ""short_marker""}, {""id"": ""n3"", ""token"": ""KEEP3X"", ""original"": ""\""100% domestic certified,\"""", ""mode"": ""short_marker""}]",quoted_labels_xml_short_marker_v5
fruits_nuts_rice,qwen3,5051031,1,3gram,"A 4kg white bag of Lgrow brand ""GriDa"" rice, featuring a traditional Korean farming scene and a ""100% domestic"" certification mark, is displayed on a plain concrete surface.","한국의 전통적인 농사 풍경과 ""100% domestic"" 인증 마크가 그려진 Lgrow 브랜드의 ""GriDa"" 쌀 4kg 흰색 봉지가 평범한 콘크리트 바닥 위에 놓여 있다.",,ok,translated,,"<text>A 4kg white bag of Lgrow brand <keep id=""n0"">KEEP0X</keep> rice, featuring a traditional Korean farming scene and a <keep id=""n1"">KEEP1X</keep> certification mark, is displayed on a plain concrete surface.</text>","<text>한국의 전통적인 농사 풍경과 <keep id=""n1"">KEEP1X</keep> 인증 마크가 그려진 Lgrow 브랜드의 <keep id=""n0"">KEEP0X</keep> 쌀 4kg 흰색 봉지가 평범한 콘크리트 바닥 위에 놓여 있다.</text>","[{""id"": ""n0"", ""token"": ""KEEP0X"", ""original"": ""\""GriDa\"""", ""mode"": ""short_marker""}, {""id"": ""n1"", ""token"": ""KEEP1X"", ""original"": ""\""100% domestic\"""", ""mode"": ""short_marker""}]",quoted_labels_xml_short_marker_v5
fruits_nuts_rice,qwen3,5051031,2,1gram,A hand pours white rice from a glass bowl into a white enamel pot with a black rim.,한 손이 유리 그릇에 담긴 흰 쌀을 검은 테두리가 있는 흰 에나멜 냄비에 퍼 붓고 있다.,,ok,translated,,<text>A hand pours white rice from a glass bowl into a white enamel pot with a black rim.</text>,<text>한 손이 유리 그릇에 담긴 흰 쌀을 검은 테두리가 있는 흰 에나멜 냄비에 퍼 붓고 있다.</text>,[],quoted_labels_xml_literal_v5
fruits_nuts_rice,qwen3,5051031,2,2gram,A hand pours white rice from a clear glass bowl into a white enamel-coated pot with a black rim.,한 손이 투명한 유리 그릇에서 흰 쌀을 검은 테두리가 있는 흰색 에나멜 코팅 냄비로 퍼 붓고 있다.,,ok,translated,,<text>A hand pours white rice from a clear glass bowl into a white enamel-coated pot with a black rim.</text>,<text>한 손이 투명한 유리 그릇에서 흰 쌀을 검은 테두리가 있는 흰색 에나멜 코팅 냄비로 퍼 붓고 있다.</text>,[],quoted_labels_xml_literal_v5
fruits_nuts_rice,qwen3,5051031,2,3gram,A hand pours white rice from a glass bowl into a white enamel pot with a black rim.,한 손이 유리 그릇에 담긴 흰 쌀을 검은 테두리가 있는 흰 에나멜 냄비에 퍼 붓고 있다.,,ok,translated,,<text>A hand pours white rice from a glass bowl into a white enamel pot with a black rim.</text>,<text>한 손이 유리 그릇에 담긴 흰 쌀을 검은 테두리가 있는 흰 에나멜 냄비에 퍼 붓고 있다.</text>,[],quoted_labels_xml_literal_v5
fruits_nuts_rice,qwen3,5051038,1,1gram,"A blue bag of 10 kg ""Baejinju"" rice, featuring a circular design with a shell illustration, is displayed on a light surface with a small bowl of rice beside it.","조개 그림이 그려진 원형 디자인의 파란색 10kg ""Baejinju"" 쌀 봉지가 밝은 색상의 표면 위에 놓여 있고, 그 옆에는 작은 그릇에 담긴 밥이 놓여 있다.",,ok,translated,,"<text>A blue bag of 10 kg <keep id=""n0"">KEEP0X</keep> rice, featuring a circular design with a shell illustration, is displayed on a light surface with a small bowl of rice beside it.</text>","<text>조개 그림이 그려진 원형 디자인의 파란색 10kg <keep id=""n0"">KEEP0X</keep> 쌀 봉지가 밝은 색상의 표면 위에 놓여 있고, 그 옆에는 작은 그릇에 담긴 밥이 놓여 있다.</text>","[{""id"": ""n0"", ""token"": ""KEEP0X"", ""original"": ""\""Baejinju\"""", ""mode"": ""short_marker""}]",quoted_labels_xml_short_marker_v5
fruits_nuts_rice,qwen3,5051038,1,2gram,"A blue 10kg bag of ""L'grow"" brand rice, featuring a design with a clamshell and the Korean text ""백진주"" (Baekjinju), is displayed on a light gray surface with a small bowl of rice beside it.","조개 껍데기 디자인과 ‘""백진주""(백진주)’라는 한국어 문구가 적힌 파란색 ""L'grow"" 브랜드 10kg 쌀 포대가 밝은 회색 바탕 위에 놓여 있고, 그 옆에는 작은 밥그릇에 담긴 밥이 놓여 있다.",,ok,translated,,"<text>A blue 10kg bag of <keep id=""n0"">KEEP0X</keep> brand rice, featuring a design with a clamshell and the Korean text <keep id=""n1"">KEEP1X</keep> (Baekjinju), is displayed on a light gray surface with a small bowl of rice beside it.</text>","<text>조개 껍데기 디자인과 <keep id=""n1"">‘KEEP1X</keep>(백진주)’라는 한국어 문구가 적힌 파란색 <keep id=""n0"">KEEP0X</keep> 브랜드 10kg 쌀 포대가 밝은 회색 바탕 위에 놓여 있고, 그 옆에는 작은 밥그릇에 담긴 밥이 놓여 있다.</text>","[{""id"": ""n0"", ""token"": ""KEEP0X"", ""original"": ""\""L'grow\"""", ""mode"": ""short_marker""}, {""id"": ""n1"", ""token"": ""KEEP1X"", ""original"": ""\""백진주\"""", ""mode"": ""short_marker""}]",quoted_labels_xml_short_marker_v5
fruits_nuts_rice,qwen3,5051038,1,3gram,"A blue 10kg bag of ""L'grow"" brand rice, featuring a white circular design with a shell illustration, is displayed on a light gray surface next to a small bowl of rice grains.","조개 그림이 그려진 흰색 원형 디자인이 특징인 ""L'grow"" 브랜드의 파란색 10kg 쌀 포대가, 작은 그릇에 담긴 쌀알들 옆의 밝은 회색 바탕 위에 놓여 있다.",,ok,translated,,"<text>A blue 10kg bag of <keep id=""n0"">KEEP0X</keep> brand rice, featuring a white circular design with a shell illustration, is displayed on a light gray surface next to a small bowl of rice grains.</text>","<text>조개 그림이 그려진 흰색 원형 디자인이 특징인 <keep id=""n0"">KEEP0X</keep> 브랜드의 파란색 10kg 쌀 포대가, 작은 그릇에 담긴 쌀알들 옆의 밝은 회색 바탕 위에 놓여 있다.</text>","[{""id"": ""n0"", ""token"": ""KEEP0X"", ""original"": ""\""L'grow\"""", ""mode"": ""short_marker""}]",quoted_labels_xml_short_marker_v5
fruits_nuts_rice,qwen3,5051038,2,1gram,"A white bowl filled with white rice grains, with a few scattered on the light gray surface.","흰 쌀알로 가득 찬 하얀 그릇에, 연회색 표면 위로 쌀알 몇 알이 흩어져 있다.",,ok,translated,,"<text>A white bowl filled with white rice grains, with a few scattered on the light gray surface.</text>","<text>흰 쌀알로 가득 찬 하얀 그릇에, 연회색 표면 위로 쌀알 몇 알이 흩어져 있다.</text>",[],quoted_labels_xml_literal_v5
fruits_nuts_rice,qwen3,5051038,2,2gram,"A white bowl filled with white rice grains, with a few scattered on the light gray surface.","흰 쌀알로 가득 찬 하얀 그릇에, 연회색 표면 위로 쌀알 몇 알이 흩어져 있다.",,ok,translated,,"<text>A white bowl filled with white rice grains, with a few scattered on the light gray surface.</text>","<text>흰 쌀알로 가득 찬 하얀 그릇에, 연회색 표면 위로 쌀알 몇 알이 흩어져 있다.</text>",[],quoted_labels_xml_literal_v5
fruits_nuts_rice,qwen3,5051038,2,3gram,"A white bowl filled with white rice grains, with a few scattered on a light gray surface.","흰 쌀알로 가득 찬 하얀 그릇에, 연회색 바탕 위에 쌀알 몇 알이 흩어져 있다.",,ok,translated,,"<text>A white bowl filled with white rice grains, with a few scattered on a light gray surface.</text>","<text>흰 쌀알로 가득 찬 하얀 그릇에, 연회색 바탕 위에 쌀알 몇 알이 흩어져 있다.</text>",[],quoted_labels_xml_literal_v5
fruits_nuts_rice,qwen3,5052626,1,1gram,"A light-colored wooden box and two individual packages of ""IT'S REAL SEVEN"" mixed nuts are displayed on a light gray surface.","밝은 회색 바탕 위에 밝은 색상의 나무 상자와 ""IT'S REAL SEVEN"" 혼합 견과류 개별 포장 2개가 진열되어 있다.",,ok,translated,,"<text>A light-colored wooden box and two individual packages of <keep id=""n0"">KEEP0X</keep> mixed nuts are displayed on a light gray surface.</text>","<text>밝은 회색 바탕 위에 밝은 색상의 나무 상자와 <keep id=""n0"">KEEP0X</keep> 혼합 견과류 개별 포장 2개가 진열되어 있다.</text>","[{""id"": ""n0"", ""token"": ""KEEP0X"", ""original"": ""\""IT'S REAL SEVEN\"""", ""mode"": ""short_marker""}]",quoted_labels_xml_short_marker_v5
fruits_nuts_rice,qwen3,5052626,1,2gram,"A light-colored wooden box and two individual packages of ""IT'S REAL SEVEN"" mixed nuts, with scattered nuts and small white candies on a light gray surface.","밝은 색상의 나무 상자와 ""IT'S REAL SEVEN"" 혼합 견과류 개별 포장 2개, 그리고 밝은 회색 바탕 위에 흩어져 있는 견과류와 작은 흰색 사탕들.",,ok,translated,,"<text>A light-colored wooden box and two individual packages of <keep id=""n0"">KEEP0X</keep> mixed nuts, with scattered nuts and small white candies on a light gray surface.</text>","<text>밝은 색상의 나무 상자와 <keep id=""n0"">KEEP0X</keep> 혼합 견과류 개별 포장 2개, 그리고 밝은 회색 바탕 위에 흩어져 있는 견과류와 작은 흰색 사탕들.</text>","[{""id"": ""n0"", ""token"": ""KEEP0X"", ""original"": ""\""IT'S REAL SEVEN\"""", ""mode"": ""short_marker""}]",quoted_labels_xml_short_marker_v5
fruits_nuts_rice,qwen3,5052626,1,3gram,"A light-colored wooden box and two individual packages of ""IT'S REAL SEVEN"" mixed nuts, with scattered nuts and small white candies on a light gray surface.","밝은 색상의 나무 상자와 ""IT'S REAL SEVEN"" 혼합 견과류 개별 포장 2개, 그리고 밝은 회색 바탕 위에 흩어져 있는 견과류와 작은 흰색 사탕들.",,ok,translated,,"<text>A light-colored wooden box and two individual packages of <keep id=""n0"">KEEP0X</keep> mixed nuts, with scattered nuts and small white candies on a light gray surface.</text>","<text>밝은 색상의 나무 상자와 <keep id=""n0"">KEEP0X</keep> 혼합 견과류 개별 포장 2개, 그리고 밝은 회색 바탕 위에 흩어져 있는 견과류와 작은 흰색 사탕들.</text>","[{""id"": ""n0"", ""token"": ""KEEP0X"", ""original"": ""\""IT'S REAL SEVEN\"""", ""mode"": ""short_marker""}]",quoted_labels_xml_short_marker_v5
fruits_nuts_rice,qwen3,5052626,2,1gram,"Three packages of ""IT'S REAL SEVEN"" berry and yogurt snack bars, featuring various nuts and seeds, are displayed on a light gray surface.","다양한 견과류와 씨앗이 들어간 ""IT'S REAL SEVEN"" 베리 및 요거트 스낵바 3개가 연회색 바탕 위에 진열되어 있다.",,ok,translated,,"<text>Three packages of <keep id=""n0"">KEEP0X</keep> berry and yogurt snack bars, featuring various nuts and seeds, are displayed on a light gray surface.</text>","<text>다양한 견과류와 씨앗이 들어간 <keep id=""n0"">KEEP0X</keep> 베리 및 요거트 스낵바 3개가 연회색 바탕 위에 진열되어 있다.</text>","[{""id"": ""n0"", ""token"": ""KEEP0X"", ""original"": ""\""IT'S REAL SEVEN\"""", ""mode"": ""short_marker""}]",quoted_labels_xml_short_marker_v5
fruits_nuts_rice,qwen3,5052626,2,2gram,"Three white packages of ""IT'S REAL SEVEN"" snack bars, featuring a mix of nuts and seeds, are displayed on a light gray surface with scattered nuts and small white candies.","견과류와 씨앗이 섞인 ""IT'S REAL SEVEN"" 스낵바 3개의 흰색 포장지가, 견과류와 작은 흰색 사탕이 흩뿌려진 밝은 회색 바탕 위에 진열되어 있다.",,ok,translated,,"<text>Three white packages of <keep id=""n0"">KEEP0X</keep> snack bars, featuring a mix of nuts and seeds, are displayed on a light gray surface with scattered nuts and small white candies.</text>","<text>견과류와 씨앗이 섞인 <keep id=""n0"">KEEP0X</keep> 스낵바 3개의 흰색 포장지가, 견과류와 작은 흰색 사탕이 흩뿌려진 밝은 회색 바탕 위에 진열되어 있다.</text>","[{""id"": ""n0"", ""token"": ""KEEP0X"", ""original"": ""\""IT'S REAL SEVEN\"""", ""mode"": ""short_marker""}]",quoted_labels_xml_short_marker_v5
fruits_nuts_rice,qwen3,5052626,2,3gram,"Three white packages of ""IT'S REAL SEVEN"" snack bars, featuring a mix of nuts and seeds, are displayed on a light gray surface.","견과류와 씨앗이 섞인 ""IT'S REAL SEVEN"" 스낵바 3개의 흰색 포장지가 밝은 회색 바탕 위에 진열되어 있다.",,ok,translated,,"<text>Three white packages of <keep id=""n0"">KEEP0X</keep> snack bars, featuring a mix of nuts and seeds, are displayed on a light gray surface.</text>","<text>견과류와 씨앗이 섞인 <keep id=""n0"">KEEP0X</keep> 스낵바 3개의 흰색 포장지가 밝은 회색 바탕 위에 진열되어 있다.</text>","[{""id"": ""n0"", ""token"": ""KEEP0X"", ""original"": ""\""IT'S REAL SEVEN\"""", ""mode"": ""short_marker""}]",quoted_labels_xml_short_marker_v5
fruits_nuts_rice,qwen3,5053663,1,1gram,"A purple bag of ""Ok Rice"" brand ""Jung-yeon"" rice, a type of rice with a purple hue, is shown with a small bowl of rice and wooden spoon on a light gray surface.","보라색을 띠는 쌀인 ""Ok Rice"" 브랜드의 ""Jung-yeon"" 쌀이 담긴 보라색 봉지가, 밝은 회색 바탕 위에 작은 밥그릇과 나무 숟가락과 함께 놓여 있다.",,ok,translated,,"<text>A purple bag of <keep id=""n0"">KEEP0X</keep> brand <keep id=""n1"">KEEP1X</keep> rice, a type of rice with a purple hue, is shown with a small bowl of rice and wooden spoon on a light gray surface.</text>","<text>보라색을 띠는 쌀인 <keep id=""n0"">KEEP0X</keep> 브랜드의 <keep id=""n1"">KEEP1X</keep> 쌀이 담긴 보라색 봉지가, 밝은 회색 바탕 위에 작은 밥그릇과 나무 숟가락과 함께 놓여 있다.</text>","[{""id"": ""n0"", ""token"": ""KEEP0X"", ""original"": ""\""Ok Rice\"""", ""mode"": ""short_marker""}, {""id"": ""n1"", ""token"": ""KEEP1X"", ""original"": ""\""Jung-yeon\"""", ""mode"": ""short_marker""}]",quoted_labels_xml_short_marker_v5
fruits_nuts_rice,qwen3,5053663,1,2gram,"A purple bag of ""Ok Rice"" brand ""Jung-yeon"" (야채혼배남 쌀) rice, weighing 10 kg, is displayed with a small bowl of rice and a wooden spoon on a light gray surface.","밝은 회색 바탕 위에 ""Ok Rice"" 브랜드의 ""Jung-yeon"" (야채혼배남 쌀) 쌀이 든 10kg짜리 보라색 봉지와 작은 밥그릇, 나무 숟가락이 놓여 있다.",,ok,translated,,"<text>A purple bag of <keep id=""n0"">KEEP0X</keep> brand <keep id=""n1"">KEEP1X</keep> rice, weighing 10 kg, is displayed with a small bowl of rice and a wooden spoon on a light gray surface.</text>","<text>밝은 회색 바탕 위에 <keep id=""n0"">KEEP0X</keep> 브랜드의 <keep id=""n1"">KEEP1X</keep> 쌀이 든 10kg짜리 보라색 봉지와 작은 밥그릇, 나무 숟가락이 놓여 있다.</text>","[{""id"": ""n0"", ""token"": ""KEEP0X"", ""original"": ""\""Ok Rice\"""", ""mode"": ""short_marker""}, {""id"": ""n1"", ""token"": ""KEEP1X"", ""original"": ""\""Jung-yeon\"" (야채혼배남 쌀)"", ""mode"": ""short_marker""}]",quoted_labels_xml_short_marker_v5
fruits_nuts_rice,qwen3,5053663,1,3gram,"A purple bag of ""Ok Rice"" brand ""Janggyeong"" rice, with a small bowl of rice and wooden spoon beside it, on a light gray surface.","밝은 회색 바탕 위에 ""Ok Rice"" 브랜드의 ""Janggyeong"" 쌀이 든 보라색 봉지가 놓여 있고, 그 옆에는 작은 밥그릇과 나무 숟가락이 놓여 있다.",,ok,translated,,"<text>A purple bag of <keep id=""n0"">KEEP0X</keep> brand <keep id=""n1"">KEEP1X</keep> rice, with a small bowl of rice and wooden spoon beside it, on a light gray surface.</text>","<text>밝은 회색 바탕 위에 <keep id=""n0"">KEEP0X</keep> 브랜드의 <keep id=""n1"">KEEP1X</keep> 쌀이 든 보라색 봉지가 놓여 있고, 그 옆에는 작은 밥그릇과 나무 숟가락이 놓여 있다.</text>","[{""id"": ""n0"", ""token"": ""KEEP0X"", ""original"": ""\""Ok Rice\"""", ""mode"": ""short_marker""}, {""id"": ""n1"", ""token"": ""KEEP1X"", ""original"": ""\""Janggyeong\"""", ""mode"": ""short_marker""}]",quoted_labels_xml_short_marker_v5
fruits_nuts_rice,qwen3,5053663,2,1gram,"A white bowl filled with white rice, with a wooden spoon resting in it.",흰 쌀밥이 가득 담긴 흰 그릇에 나무 숟가락 하나가 놓여 있다.,,ok,translated,,"<text>A white bowl filled with white rice, with a wooden spoon resting in it.</text>",<text>흰 쌀밥이 가득 담긴 흰 그릇에 나무 숟가락 하나가 놓여 있다.</text>,[],quoted_labels_xml_literal_v5
fruits_nuts_rice,qwen3,5053663,2,2gram,"A white bowl filled with white rice, with a wooden spoon resting inside, showcasing the rice grains.","흰 쌀밥이 가득 담긴 흰 그릇 안에 나무 숟가락이 놓여 있어, 쌀알들이 잘 드러나 있다.",,ok,translated,,"<text>A white bowl filled with white rice, with a wooden spoon resting inside, showcasing the rice grains.</text>","<text>흰 쌀밥이 가득 담긴 흰 그릇 안에 나무 숟가락이 놓여 있어, 쌀알들이 잘 드러나 있다.</text>",[],quoted_labels_xml_literal_v5
fruits_nuts_rice,qwen3,5053663,2,3gram,"A white bowl filled with white rice, with a wooden spoon resting inside, tied with a piece of twine.","흰 쌀밥이 가득 담긴 흰 그릇 안에, 끈으로 묶인 나무 숟가락이 놓여 있다.",,ok,translated,,"<text>A white bowl filled with white rice, with a wooden spoon resting inside, tied with a piece of twine.</text>","<text>흰 쌀밥이 가득 담긴 흰 그릇 안에, 끈으로 묶인 나무 숟가락이 놓여 있다.</text>",[],quoted_labels_xml_literal_v5
fruits_nuts_rice,qwen3,5056014,1,1gram,"A wooden cutting board holds several fresh peaches, some whole and one cut in half, with a knife resting beside them on a textured surface.","나무 도마 위에는 신선한 복숭아 몇 개가 놓여 있는데, 그중 일부는 통째로 있고 하나는 반으로 잘려 있으며, 그 옆의 질감이 느껴지는 표면 위에는 칼이 놓여 있다.",,ok,translated,,"<text>A wooden cutting board holds several fresh peaches, some whole and one cut in half, with a knife resting beside them on a textured surface.</text>","<text>나무 도마 위에는 신선한 복숭아 몇 개가 놓여 있는데, 그중 일부는 통째로 있고 하나는 반으로 잘려 있으며, 그 옆의 질감이 느껴지는 표면 위에는 칼이 놓여 있다.</text>",[],quoted_labels_xml_literal_v5
fruits_nuts_rice,qwen3,5056014,1,2gram,"A wooden cutting board holds several fresh peaches, some whole and one cut in half, with a knife resting beside them, all arranged on a textured surface with scattered leaves.","나무 도마 위에는 신선한 복숭아 몇 개가 놓여 있는데, 그중 일부는 통째로 있고 하나는 반으로 잘려 있으며, 그 옆에는 칼 한 자루가 놓여 있다. 이 모든 것이 나뭇잎이 흩뿌려진 질감 있는 표면 위에 정갈하게 배열되어 있다.",,ok,translated,,"<text>A wooden cutting board holds several fresh peaches, some whole and one cut in half, with a knife resting beside them, all arranged on a textured surface with scattered leaves.</text>","<text>나무 도마 위에는 신선한 복숭아 몇 개가 놓여 있는데, 그중 일부는 통째로 있고 하나는 반으로 잘려 있으며, 그 옆에는 칼 한 자루가 놓여 있다. 이 모든 것이 나뭇잎이 흩뿌려진 질감 있는 표면 위에 정갈하게 배열되어 있다.</text>",[],quoted_labels_xml_literal_v5
fruits_nuts_rice,qwen3,5056014,1,3gram,"A wooden cutting board holds several fresh peaches, some whole and some halved, with a knife resting beside them, surrounded by scattered green leaves on a light-colored surface.","밝은 색의 표면 위에 나무 도마가 놓여 있고, 그 위에는 통째로 있는 것과 반으로 자른 것이 섞여 있는 신선한 복숭아 몇 개가 놓여 있으며, 그 옆에는 칼 한 자루가 놓여 있고, 주변에는 녹색 잎사귀들이 흩어져 있다.",,ok,translated,,"<text>A wooden cutting board holds several fresh peaches, some whole and some halved, with a knife resting beside them, surrounded by scattered green leaves on a light-colored surface.</text>","<text>밝은 색의 표면 위에 나무 도마가 놓여 있고, 그 위에는 통째로 있는 것과 반으로 자른 것이 섞여 있는 신선한 복숭아 몇 개가 놓여 있으며, 그 옆에는 칼 한 자루가 놓여 있고, 주변에는 녹색 잎사귀들이 흩어져 있다.</text>",[],quoted_labels_xml_literal_v5
fruits_nuts_rice,qwen3,5056014,2,1gram,"A wooden cutting board holds several fresh peaches, one of which is sliced in half to reveal its juicy interior, with a knife and a few green leaves scattered around on a light-colored cloth.","나무 도마 위에는 신선한 복숭아 몇 개가 놓여 있는데, 그중 하나는 반으로 잘려 과즙이 가득한 속살이 드러나 있으며, 밝은 색의 천 위에는 칼과 푸른 잎사귀 몇 장이 흩어져 있다.",,ok,translated,,"<text>A wooden cutting board holds several fresh peaches, one of which is sliced in half to reveal its juicy interior, with a knife and a few green leaves scattered around on a light-colored cloth.</text>","<text>나무 도마 위에는 신선한 복숭아 몇 개가 놓여 있는데, 그중 하나는 반으로 잘려 과즙이 가득한 속살이 드러나 있으며, 밝은 색의 천 위에는 칼과 푸른 잎사귀 몇 장이 흩어져 있다.</text>",[],quoted_labels_xml_literal_v5
fruits_nuts_rice,qwen3,5056014,2,2gram,"A wooden cutting board holds several fresh peaches, one of which is sliced open to reveal its juicy interior, with a knife resting nearby on the board.","나무 도마 위에는 신선한 복숭아 몇 개가 놓여 있는데, 그중 하나는 반으로 갈라져 과즙이 가득한 속이 드러나 있고, 칼 한 자루가 도마 옆에 놓여 있다.",,ok,translated,,"<text>A wooden cutting board holds several fresh peaches, one of which is sliced open to reveal its juicy interior, with a knife resting nearby on the board.</text>","<text>나무 도마 위에는 신선한 복숭아 몇 개가 놓여 있는데, 그중 하나는 반으로 갈라져 과즙이 가득한 속이 드러나 있고, 칼 한 자루가 도마 옆에 놓여 있다.</text>",[],quoted_labels_xml_literal_v5
fruits_nuts_rice,qwen3,5056014,2,3gram,"A wooden cutting board holds several fresh peaches, one of which is sliced open to reveal its juicy interior, with a knife and a few green leaves scattered around.","나무 도마 위에는 신선한 복숭아 몇 개가 놓여 있는데, 그중 하나는 반으로 갈라져 과즙이 흐르는 속살이 드러나 있고, 주변에는 칼과 푸른 잎사귀 몇 장이 흩어져 있다.",,ok,translated,,"<text>A wooden cutting board holds several fresh peaches, one of which is sliced open to reveal its juicy interior, with a knife and a few green leaves scattered around.</text>","<text>나무 도마 위에는 신선한 복숭아 몇 개가 놓여 있는데, 그중 하나는 반으로 갈라져 과즙이 흐르는 속살이 드러나 있고, 주변에는 칼과 푸른 잎사귀 몇 장이 흩어져 있다.</text>",[],quoted_labels_xml_literal_v5
fruits_nuts_rice,qwen3,5061259,1,1gram,"A basket of red apples, some resting on a blue cloth, with a few on a marble surface, suggesting a fresh, homey kitchen scene.","빨간 사과가 담긴 바구니. 일부는 파란 천 위에 놓여 있고, 몇 개는 대리석 표면 위에 놓여 있어, 신선하고 아늑한 주방 풍경을 연상시킨다.",,ok,translated,,"<text>A basket of red apples, some resting on a blue cloth, with a few on a marble surface, suggesting a fresh, homey kitchen scene.</text>","<text>빨간 사과가 담긴 바구니. 일부는 파란 천 위에 놓여 있고, 몇 개는 대리석 표면 위에 놓여 있어, 신선하고 아늑한 주방 풍경을 연상시킨다.</text>",[],quoted_labels_xml_literal_v5
fruits_nuts_rice,qwen3,5061259,1,2gram,"A rustic metal colander filled with fresh red apples, some resting on a blue cloth, with a few apples scattered on a marble countertop.","소박한 금속 체에 신선한 빨간 사과가 가득 담겨 있고, 그중 일부는 파란 천 위에 놓여 있으며, 대리석 조리대 위에는 사과 몇 개가 흩어져 있다.",,ok,translated,,"<text>A rustic metal colander filled with fresh red apples, some resting on a blue cloth, with a few apples scattered on a marble countertop.</text>","<text>소박한 금속 체에 신선한 빨간 사과가 가득 담겨 있고, 그중 일부는 파란 천 위에 놓여 있으며, 대리석 조리대 위에는 사과 몇 개가 흩어져 있다.</text>",[],quoted_labels_xml_literal_v5
fruits_nuts_rice,qwen3,5061259,1,3gram,"A rustic metal colander filled with fresh red apples, some resting on a blue cloth, with a few apples scattered on a marble countertop.","소박한 금속 체에 신선한 빨간 사과가 가득 담겨 있고, 그중 일부는 파란 천 위에 놓여 있으며, 대리석 조리대 위에는 사과 몇 개가 흩어져 있다.",,ok,translated,,"<text>A rustic metal colander filled with fresh red apples, some resting on a blue cloth, with a few apples scattered on a marble countertop.</text>","<text>소박한 금속 체에 신선한 빨간 사과가 가득 담겨 있고, 그중 일부는 파란 천 위에 놓여 있으며, 대리석 조리대 위에는 사과 몇 개가 흩어져 있다.</text>",[],quoted_labels_xml_literal_v5
fruits_nuts_rice,qwen3,5061259,2,1gram,"A close-up of fresh red apples on a reflective surface, with a blue cloth bag containing more apples in the background, a wooden brush, and scattered star anise and nutmeg.","반사되는 표면 위에 놓인 갓 수확한 붉은 사과들의 클로즈업 사진으로, 배경에는 사과가 더 들어 있는 파란색 천 가방과 나무 붓, 그리고 흩어져 있는 스타아니스와 육두구가 보인다.",,ok,translated,,"<text>A close-up of fresh red apples on a reflective surface, with a blue cloth bag containing more apples in the background, a wooden brush, and scattered star anise and nutmeg.</text>","<text>반사되는 표면 위에 놓인 갓 수확한 붉은 사과들의 클로즈업 사진으로, 배경에는 사과가 더 들어 있는 파란색 천 가방과 나무 붓, 그리고 흩어져 있는 스타아니스와 육두구가 보인다.</text>",[],quoted_labels_xml_literal_v5
fruits_nuts_rice,qwen3,5061259,2,2gram,"A close-up of fresh red apples on a reflective white surface, with a blue cloth bag containing more apples in the background, a wooden brush, and scattered star anise and nutmeg.","반사되는 흰색 표면 위에 놓인 싱싱한 빨간 사과들의 클로즈업 사진으로, 배경에는 사과가 더 들어 있는 파란색 천 가방과 나무 붓, 그리고 흩어져 있는 스타아니스와 육두구가 보인다.",,ok,translated,,"<text>A close-up of fresh red apples on a reflective white surface, with a blue cloth bag containing more apples in the background, a wooden brush, and scattered star anise and nutmeg.</text>","<text>반사되는 흰색 표면 위에 놓인 싱싱한 빨간 사과들의 클로즈업 사진으로, 배경에는 사과가 더 들어 있는 파란색 천 가방과 나무 붓, 그리고 흩어져 있는 스타아니스와 육두구가 보인다.</text>",[],quoted_labels_xml_literal_v5
fruits_nuts_rice,qwen3,5061259,2,3gram,"A close-up of fresh red apples on a reflective white surface, with a blue cloth bag containing more apples in the background, a wooden brush, and scattered star anise and nutmeg.","반사되는 흰색 표면 위에 놓인 싱싱한 빨간 사과들의 클로즈업 사진으로, 배경에는 사과가 더 들어 있는 파란색 천 가방과 나무 붓, 그리고 흩어져 있는 스타아니스와 육두구가 보인다.",,ok,translated,,"<text>A close-up of fresh red apples on a reflective white surface, with a blue cloth bag containing more apples in the background, a wooden brush, and scattered star anise and nutmeg.</text>","<text>반사되는 흰색 표면 위에 놓인 싱싱한 빨간 사과들의 클로즈업 사진으로, 배경에는 사과가 더 들어 있는 파란색 천 가방과 나무 붓, 그리고 흩어져 있는 스타아니스와 육두구가 보인다.</text>",[],quoted_labels_xml_literal_v5
fruits_nuts_rice,qwen3,5063578,1,1gram,"A bowl of fresh, red cherry tomatoes sits on a white wooden surface, with a few scattered around the bowl.","흰색 나무 상판 위에 신선한 붉은 체리 토마토가 담긴 그릇이 놓여 있고, 그릇 주변에도 몇 개가 흩어져 있다.",,ok,translated,,"<text>A bowl of fresh, red cherry tomatoes sits on a white wooden surface, with a few scattered around the bowl.</text>","<text>흰색 나무 상판 위에 신선한 붉은 체리 토마토가 담긴 그릇이 놓여 있고, 그릇 주변에도 몇 개가 흩어져 있다.</text>",[],quoted_labels_xml_literal_v5
fruits_nuts_rice,qwen3,5063578,1,2gram,"A bowl of fresh, red cherry tomatoes sits on a white wooden surface, with a few scattered around the bowl.","흰색 나무 상판 위에 신선한 붉은 체리 토마토가 담긴 그릇이 놓여 있고, 그릇 주변에도 몇 개가 흩어져 있다.",,ok,translated,,"<text>A bowl of fresh, red cherry tomatoes sits on a white wooden surface, with a few scattered around the bowl.</text>","<text>흰색 나무 상판 위에 신선한 붉은 체리 토마토가 담긴 그릇이 놓여 있고, 그릇 주변에도 몇 개가 흩어져 있다.</text>",[],quoted_labels_xml_literal_v5
fruits_nuts_rice,qwen3,5063578,1,3gram,"A bowl of fresh, red cherry tomatoes sits on a white wooden surface, with a few scattered around the bowl.","흰색 나무 상판 위에 신선한 붉은 체리 토마토가 담긴 그릇이 놓여 있고, 그릇 주변에도 몇 개가 흩어져 있다.",,ok,translated,,"<text>A bowl of fresh, red cherry tomatoes sits on a white wooden surface, with a few scattered around the bowl.</text>","<text>흰색 나무 상판 위에 신선한 붉은 체리 토마토가 담긴 그릇이 놓여 있고, 그릇 주변에도 몇 개가 흩어져 있다.</text>",[],quoted_labels_xml_literal_v5
fruits_nuts_rice,qwen3,5063578,2,1gram,"A bowl of fresh, red cherry tomatoes, some whole and some sliced in half, resting on a white wooden surface.","흰색 나무 받침대 위에, 일부는 통째로, 일부는 반으로 자른 싱싱한 붉은 체리 토마토 한 그릇이 놓여 있다.",,ok,translated,,"<text>A bowl of fresh, red cherry tomatoes, some whole and some sliced in half, resting on a white wooden surface.</text>","<text>흰색 나무 받침대 위에, 일부는 통째로, 일부는 반으로 자른 싱싱한 붉은 체리 토마토 한 그릇이 놓여 있다.</text>",[],quoted_labels_xml_literal_v5
fruits_nuts_rice,qwen3,5063578,2,2gram,"A bowl of fresh, red, whole and halved tomatoes sits on a white wooden surface, with a few more scattered nearby.","흰색 나무 상판 위에 싱싱하고 붉은 통토마토와 반으로 자른 토마토가 담긴 그릇이 놓여 있고, 그 주변에는 토마토 몇 개가 더 흩어져 있다.",,ok,translated,,"<text>A bowl of fresh, red, whole and halved tomatoes sits on a white wooden surface, with a few more scattered nearby.</text>","<text>흰색 나무 상판 위에 싱싱하고 붉은 통토마토와 반으로 자른 토마토가 담긴 그릇이 놓여 있고, 그 주변에는 토마토 몇 개가 더 흩어져 있다.</text>",[],quoted_labels_xml_literal_v5
fruits_nuts_rice,qwen3,5063578,2,3gram,"A bowl of fresh, red cherry tomatoes, some whole and some sliced in half, resting on a light-colored wooden surface.","밝은 색의 나무 받침대 위에, 일부는 통째로, 일부는 반으로 자른 싱싱한 붉은 체리 토마토 한 그릇이 놓여 있다.",,ok,translated,,"<text>A bowl of fresh, red cherry tomatoes, some whole and some sliced in half, resting on a light-colored wooden surface.</text>","<text>밝은 색의 나무 받침대 위에, 일부는 통째로, 일부는 반으로 자른 싱싱한 붉은 체리 토마토 한 그릇이 놓여 있다.</text>",[],quoted_labels_xml_literal_v5
fruits_nuts_rice,qwen3,5063690,1,1gram,"A basket of fresh, red tomatoes with green stems, resting on a white wooden surface, with one tomato lying outside the basket.","푸른 줄기가 달린 싱싱한 빨간 토마토가 담긴 바구니가 하얀 나무 받침대 위에 놓여 있고, 토마토 한 개는 바구니 밖으로 빠져나와 있다.",,ok,translated,,"<text>A basket of fresh, red tomatoes with green stems, resting on a white wooden surface, with one tomato lying outside the basket.</text>","<text>푸른 줄기가 달린 싱싱한 빨간 토마토가 담긴 바구니가 하얀 나무 받침대 위에 놓여 있고, 토마토 한 개는 바구니 밖으로 빠져나와 있다.</text>",[],quoted_labels_xml_literal_v5
fruits_nuts_rice,qwen3,5063690,1,2gram,"A basket of fresh, red tomatoes with green stems, resting on a white wooden surface, with one tomato placed outside the basket.","흰색 나무 받침대 위에 놓인, 줄기가 초록색인 싱싱한 빨간 토마토가 든 바구니와, 바구니 밖으로 하나 튀어나와 있는 토마토 한 개.",,ok,translated,,"<text>A basket of fresh, red tomatoes with green stems, resting on a white wooden surface, with one tomato placed outside the basket.</text>","<text>흰색 나무 받침대 위에 놓인, 줄기가 초록색인 싱싱한 빨간 토마토가 든 바구니와, 바구니 밖으로 하나 튀어나와 있는 토마토 한 개.</text>",[],quoted_labels_xml_literal_v5
fruits_nuts_rice,qwen3,5063690,1,3gram,"A basket of fresh, red tomatoes with green stems, resting on a white wooden surface, with one tomato placed outside the basket.","흰색 나무 받침대 위에 놓인, 줄기가 초록색인 싱싱한 빨간 토마토가 든 바구니와, 바구니 밖으로 하나 튀어나와 있는 토마토 한 개.",,ok,translated,,"<text>A basket of fresh, red tomatoes with green stems, resting on a white wooden surface, with one tomato placed outside the basket.</text>","<text>흰색 나무 받침대 위에 놓인, 줄기가 초록색인 싱싱한 빨간 토마토가 든 바구니와, 바구니 밖으로 하나 튀어나와 있는 토마토 한 개.</text>",[],quoted_labels_xml_literal_v5
fruits_nuts_rice,qwen3,5063690,2,1gram,"A fresh, red tomato, cut in half and a slice, rests on a white wooden surface, with more whole tomatoes in a woven basket behind it.","반으로 자르고 한 조각을 썰어 놓은 싱싱한 빨간 토마토가 하얀 나무 받침대 위에 놓여 있고, 그 뒤의 엮은 바구니에는 통째로 된 토마토들이 더 들어 있다.",,ok,translated,,"<text>A fresh, red tomato, cut in half and a slice, rests on a white wooden surface, with more whole tomatoes in a woven basket behind it.</text>","<text>반으로 자르고 한 조각을 썰어 놓은 싱싱한 빨간 토마토가 하얀 나무 받침대 위에 놓여 있고, 그 뒤의 엮은 바구니에는 통째로 된 토마토들이 더 들어 있다.</text>",[],quoted_labels_xml_literal_v5
fruits_nuts_rice,qwen3,5063690,2,2gram,"A close-up of fresh, red tomatoes, including whole and sliced ones, arranged on a white wooden surface with a woven basket and a white cloth in the background.","흰색 나무 받침대 위에 갓 수확한 붉은 토마토들이 통째로 또는 썰린 상태로 놓여 있는 클로즈업 사진으로, 배경에는 엮은 바구니와 흰색 천이 보인다.",,ok,translated,,"<text>A close-up of fresh, red tomatoes, including whole and sliced ones, arranged on a white wooden surface with a woven basket and a white cloth in the background.</text>","<text>흰색 나무 받침대 위에 갓 수확한 붉은 토마토들이 통째로 또는 썰린 상태로 놓여 있는 클로즈업 사진으로, 배경에는 엮은 바구니와 흰색 천이 보인다.</text>",[],quoted_labels_xml_literal_v5
fruits_nuts_rice,qwen3,5063690,2,3gram,"A close-up of fresh, ripe tomatoes, including whole and sliced ones, arranged on a white wooden surface with a woven basket and a cloth in the background.","흰색 나무 받침대 위에 놓인 신선하고 잘 익은 토마토(통째로 된 것과 썰어 놓은 것 포함)의 클로즈업 사진으로, 배경에는 엮은 바구니와 천이 보인다.",,ok,translated,,"<text>A close-up of fresh, ripe tomatoes, including whole and sliced ones, arranged on a white wooden surface with a woven basket and a cloth in the background.</text>","<text>흰색 나무 받침대 위에 놓인 신선하고 잘 익은 토마토(통째로 된 것과 썰어 놓은 것 포함)의 클로즈업 사진으로, 배경에는 엮은 바구니와 천이 보인다.</text>",[],quoted_labels_xml_literal_v5
fruits_nuts_rice,qwen3,5068728,1,1gram,"A collection of fresh, bright orange mandarins, some whole and one cut in half, are scattered on a white linen cloth, with a few resting on a light-colored surface.","신선하고 선명한 주황색의 귤들이 흰색 리넨 식탁보 위에 흩어져 있는데, 그중 일부는 통째로 있고 하나는 반으로 잘려 있으며, 몇 개는 밝은 색의 표면 위에 놓여 있다.",,ok,translated,,"<text>A collection of fresh, bright orange mandarins, some whole and one cut in half, are scattered on a white linen cloth, with a few resting on a light-colored surface.</text>","<text>신선하고 선명한 주황색의 귤들이 흰색 리넨 식탁보 위에 흩어져 있는데, 그중 일부는 통째로 있고 하나는 반으로 잘려 있으며, 몇 개는 밝은 색의 표면 위에 놓여 있다.</text>",[],quoted_labels_xml_literal_v5
fruits_nuts_rice,qwen3,5068728,1,2gram,"A collection of fresh, bright orange tangerines, some whole and one cut in half, are scattered on a white linen tablecloth, creating a simple and clean composition.","흰색 리넨 식탁보 위에는 싱싱하고 선명한 주황색 귤들이 흩어져 있는데, 그중 일부는 통째로 있고 하나는 반으로 잘려 있어, 심플하고 깔끔한 구도를 이루고 있다.",,ok,translated,,"<text>A collection of fresh, bright orange tangerines, some whole and one cut in half, are scattered on a white linen tablecloth, creating a simple and clean composition.</text>","<text>흰색 리넨 식탁보 위에는 싱싱하고 선명한 주황색 귤들이 흩어져 있는데, 그중 일부는 통째로 있고 하나는 반으로 잘려 있어, 심플하고 깔끔한 구도를 이루고 있다.</text>",[],quoted_labels_xml_literal_v5
fruits_nuts_rice,qwen3,5068728,1,3gram,"A collection of bright orange tangerines, some whole and one cut in half, are scattered on a white linen tablecloth, creating a clean and vibrant still life.","밝은 주황색 귤들이, 어떤 것은 통째로 있고 어떤 것은 반으로 잘린 채, 하얀 리넨 식탁보 위에 흩어져 있어 깔끔하고 생동감 넘치는 정물화를 연출하고 있다.",,ok,translated,,"<text>A collection of bright orange tangerines, some whole and one cut in half, are scattered on a white linen tablecloth, creating a clean and vibrant still life.</text>","<text>밝은 주황색 귤들이, 어떤 것은 통째로 있고 어떤 것은 반으로 잘린 채, 하얀 리넨 식탁보 위에 흩어져 있어 깔끔하고 생동감 넘치는 정물화를 연출하고 있다.</text>",[],quoted_labels_xml_literal_v5
fruits_nuts_rice,qwen3,5068728,2,1gram,"A pile of fresh, bright orange mandarins, some whole and one cut in half to reveal its juicy interior, rests on a white cloth against a light background.","밝고 선명한 주황색의 갓 수확한 귤들이 한 무더기 쌓여 있는데, 그중 일부는 통째로 있고, 하나는 반으로 잘려 과즙이 가득한 속이 드러나 있으며, 이 귤들은 밝은 배경을 배경으로 흰 천 위에 놓여 있다.",,ok,translated,,"<text>A pile of fresh, bright orange mandarins, some whole and one cut in half to reveal its juicy interior, rests on a white cloth against a light background.</text>","<text>밝고 선명한 주황색의 갓 수확한 귤들이 한 무더기 쌓여 있는데, 그중 일부는 통째로 있고, 하나는 반으로 잘려 과즙이 가득한 속이 드러나 있으며, 이 귤들은 밝은 배경을 배경으로 흰 천 위에 놓여 있다.</text>",[],quoted_labels_xml_literal_v5
fruits_nuts_rice,qwen3,5068728,2,2gram,"A pile of fresh, bright orange mandarins, some whole and one sliced in half to reveal its juicy, segmented interior, rests on a white cloth against a light background.","밝고 선명한 주황색의 갓 수확한 귤들이 한 무더기 쌓여 있는데, 그중 일부는 통째로 있고, 하나는 반으로 잘려 과즙이 가득한 귤 알갱이가 드러나 있다. 이 귤들은 밝은 배경을 배경으로 흰 천 위에 놓여 있다.",,ok,translated,,"<text>A pile of fresh, bright orange mandarins, some whole and one sliced in half to reveal its juicy, segmented interior, rests on a white cloth against a light background.</text>","<text>밝고 선명한 주황색의 갓 수확한 귤들이 한 무더기 쌓여 있는데, 그중 일부는 통째로 있고, 하나는 반으로 잘려 과즙이 가득한 귤 알갱이가 드러나 있다. 이 귤들은 밝은 배경을 배경으로 흰 천 위에 놓여 있다.</text>",[],quoted_labels_xml_literal_v5
fruits_nuts_rice,qwen3,5068728,2,3gram,"A pile of fresh, bright orange tangerines, some whole and one cut in half to reveal its juicy, segmented interior, rests on a white cloth against a light background.","밝고 선명한 주황색의 갓 딴 귤들이 한 무더기 쌓여 있는데, 그중 일부는 통째로 있고, 하나는 반으로 잘려 과즙이 가득한 귤 알갱이가 드러나 있다. 이 귤들은 밝은 배경을 배경으로 흰 천 위에 놓여 있다.",,ok,translated,,"<text>A pile of fresh, bright orange tangerines, some whole and one cut in half to reveal its juicy, segmented interior, rests on a white cloth against a light background.</text>","<text>밝고 선명한 주황색의 갓 딴 귤들이 한 무더기 쌓여 있는데, 그중 일부는 통째로 있고, 하나는 반으로 잘려 과즙이 가득한 귤 알갱이가 드러나 있다. 이 귤들은 밝은 배경을 배경으로 흰 천 위에 놓여 있다.</text>",[],quoted_labels_xml_literal_v5
fruits_nuts_rice,qwen3,5070409,1,1gram,"A 4kg bag of ""Our Sweet & Soft Rice"" (달보드레쌀) with a bowl of rice beside it, on a light gray surface.","밝은 회색 바탕 위에 ""Our Sweet & Soft Rice"" (달보드레쌀) 4kg 봉지 하나와 그 옆에 밥 한 그릇이 놓여 있다.",,ok,translated,,"<text>A 4kg bag of <keep id=""n0"">KEEP0X</keep> with a bowl of rice beside it, on a light gray surface.</text>","<text>밝은 회색 바탕 위에 <keep id=""n0"">KEEP0X</keep> 4kg 봉지 하나와 그 옆에 밥 한 그릇이 놓여 있다.</text>","[{""id"": ""n0"", ""token"": ""KEEP0X"", ""original"": ""\""Our Sweet & Soft Rice\"" (달보드레쌀)"", ""mode"": ""short_marker""}]",quoted_labels_xml_short_marker_v5
fruits_nuts_rice,qwen3,5070409,1,2gram,"A 4kg bag of ""Our Sweet & Soft Rice"" (달보드레쌀) with a bowl of rice beside it on a light gray surface.","밝은 회색 바탕 위에 ""Our Sweet & Soft Rice"" (달보드레쌀) 4kg 봉지 하나와 그 옆에 밥 한 그릇이 놓여 있다.",,ok,translated,,"<text>A 4kg bag of <keep id=""n0"">KEEP0X</keep> with a bowl of rice beside it on a light gray surface.</text>","<text>밝은 회색 바탕 위에 <keep id=""n0"">KEEP0X</keep> 4kg 봉지 하나와 그 옆에 밥 한 그릇이 놓여 있다.</text>","[{""id"": ""n0"", ""token"": ""KEEP0X"", ""original"": ""\""Our Sweet & Soft Rice\"" (달보드레쌀)"", ""mode"": ""short_marker""}]",quoted_labels_xml_short_marker_v5
fruits_nuts_rice,qwen3,5070409,1,3gram,"A 4kg bag of ""Our Sweet & Soft Rice"" (달보드레쌀) with a bowl of rice beside it on a light gray surface.","밝은 회색 바탕 위에 ""Our Sweet & Soft Rice"" (달보드레쌀) 4kg 봉지 하나와 그 옆에 밥 한 그릇이 놓여 있다.",,ok,translated,,"<text>A 4kg bag of <keep id=""n0"">KEEP0X</keep> with a bowl of rice beside it on a light gray surface.</text>","<text>밝은 회색 바탕 위에 <keep id=""n0"">KEEP0X</keep> 4kg 봉지 하나와 그 옆에 밥 한 그릇이 놓여 있다.</text>","[{""id"": ""n0"", ""token"": ""KEEP0X"", ""original"": ""\""Our Sweet & Soft Rice\"" (달보드레쌀)"", ""mode"": ""short_marker""}]",quoted_labels_xml_short_marker_v5
fruits_nuts_rice,qwen3,5070409,2,1gram,"A white bowl filled with white rice grains, set against a light, textured background.","질감이 느껴지는 밝은 배경 위에, 흰 쌀알로 가득 찬 하얀 그릇이 놓여 있다.",,ok,translated,,"<text>A white bowl filled with white rice grains, set against a light, textured background.</text>","<text>질감이 느껴지는 밝은 배경 위에, 흰 쌀알로 가득 찬 하얀 그릇이 놓여 있다.</text>",[],quoted_labels_xml_literal_v5
fruits_nuts_rice,qwen3,5070409,2,2gram,"A white bowl filled with white rice grains, set against a light gray, textured background.","밝은 회색의 질감이 느껴지는 배경 위에, 흰 쌀알로 가득 찬 하얀 그릇이 놓여 있다.",,ok,translated,,"<text>A white bowl filled with white rice grains, set against a light gray, textured background.</text>","<text>밝은 회색의 질감이 느껴지는 배경 위에, 흰 쌀알로 가득 찬 하얀 그릇이 놓여 있다.</text>",[],quoted_labels_xml_literal_v5
fruits_nuts_rice,qwen3,5070409,2,3gram,"A white bowl filled with white rice grains, set against a light gray, textured background.","밝은 회색의 질감이 느껴지는 배경 위에, 흰 쌀알로 가득 찬 하얀 그릇이 놓여 있다.",,ok,translated,,"<text>A white bowl filled with white rice grains, set against a light gray, textured background.</text>","<text>밝은 회색의 질감이 느껴지는 배경 위에, 흰 쌀알로 가득 찬 하얀 그릇이 놓여 있다.</text>",[],quoted_labels_xml_literal_v5
fruits_nuts_rice,qwen3,5094562,1,1gram,"An open, warm-toned gift box labeled ""TAMUR"" with a ""Premium Dates Dessert"" inscription and neatly arranged dates, showcasing a luxurious experience.","‘""TAMUR""’라고 적힌, 개방형이며 따뜻한 색조의 선물 상자로, ‘""Premium Dates Dessert""’라는 문구와 정갈하게 배열된 날짜가 새겨져 있어 고급스러운 경험을 선사합니다.",,ok,translated,,"<text>An open, warm-toned gift box labeled <keep id=""n0"">KEEP0X</keep> with a <keep id=""n1"">KEEP1X</keep> inscription and neatly arranged dates, showcasing a luxurious experience.</text>","<text><keep id=""n0"">‘KEEP0X’라고</keep> 적힌, 개방형이며 따뜻한 색조의 선물 상자로, <keep id=""n1"">‘KEEP1X’라는</keep> 문구와 정갈하게 배열된 날짜가 새겨져 있어 고급스러운 경험을 선사합니다.</text>","[{""id"": ""n0"", ""token"": ""KEEP0X"", ""original"": ""\""TAMUR\"""", ""mode"": ""short_marker""}, {""id"": ""n1"", ""token"": ""KEEP1X"", ""original"": ""\""Premium Dates Dessert\"""", ""mode"": ""short_marker""}]",quoted_labels_xml_short_marker_v5
fruits_nuts_rice,qwen3,5094562,1,2gram,"An open, light brown, rectangular gift box with a grid of 12 compartments, each containing a different type of date, is displayed on a light-colored surface. The lid of the box features the brand name ""TAMUR"" and a slogan, while the closed lid has the brand logo and the text ""Premium Dates Dessert.""","밝은 색상의 바탕 위에, 12개의 칸으로 나뉜 격자 무늬가 있는 개방형 연한 갈색 직사각형 선물 상자가 놓여 있으며, 각 칸에는 서로 다른 종류의 대추야자가 들어 있습니다. 상자 뚜껑에는 브랜드명 ‘""TAMUR""’와 슬로건이 적혀 있고, 닫힌 뚜껑에는 브랜드 로고와 ‘""Premium Dates Dessert.""’라는 문구가 적혀 있습니다.",,ok,translated,,"<text>An open, light brown, rectangular gift box with a grid of 12 compartments, each containing a different type of date, is displayed on a light-colored surface. The lid of the box features the brand name <keep id=""n0"">KEEP0X</keep> and a slogan, while the closed lid has the brand logo and the text <keep id=""n1"">KEEP1X</keep></text>","<text>밝은 색상의 바탕 위에, 12개의 칸으로 나뉜 격자 무늬가 있는 개방형 연한 갈색 직사각형 선물 상자가 놓여 있으며, 각 칸에는 서로 다른 종류의 대추야자가 들어 있습니다. 상자 뚜껑에는 브랜드명 <keep id=""n0"">‘KEEP0X’와</keep> 슬로건이 적혀 있고, 닫힌 뚜껑에는 브랜드 로고와 <keep id=""n1"">‘KEEP1X’라는</keep> 문구가 적혀 있습니다.</text>","[{""id"": ""n0"", ""token"": ""KEEP0X"", ""original"": ""\""TAMUR\"""", ""mode"": ""short_marker""}, {""id"": ""n1"", ""token"": ""KEEP1X"", ""original"": ""\""Premium Dates Dessert.\"""", ""mode"": ""short_marker""}]",quoted_labels_xml_short_marker_v5
fruits_nuts_rice,qwen3,5094562,1,3gram,"An open, rectangular, warm orange box with a grid of compartments filled with various types of dates, with the brand name ""TAMUR"" and the tagline ""TAMUR gives you a piece of luxurious experience"" on the lid.","다양한 종류의 대추야자가 들어 있는 격자 모양의 칸으로 나뉜, 개방형 직사각형의 따뜻한 오렌지색 상자로, 뚜껑에는 브랜드명 ‘""TAMUR""’와 슬로건 ‘""TAMUR gives you a piece of luxurious experience""’가 적혀 있다.",,ok,translated,,"<text>An open, rectangular, warm orange box with a grid of compartments filled with various types of dates, with the brand name <keep id=""n0"">KEEP0X</keep> and the tagline <keep id=""n1"">KEEP1X</keep> on the lid.</text>","<text>다양한 종류의 대추야자가 들어 있는 격자 모양의 칸으로 나뉜, 개방형 직사각형의 따뜻한 오렌지색 상자로, 뚜껑에는 브랜드명 <keep id=""n0"">‘KEEP0X’와</keep> 슬로건 <keep id=""n1"">‘KEEP1X’가</keep> 적혀 있다.</text>","[{""id"": ""n0"", ""token"": ""KEEP0X"", ""original"": ""\""TAMUR\"""", ""mode"": ""short_marker""}, {""id"": ""n1"", ""token"": ""KEEP1X"", ""original"": ""\""TAMUR gives you a piece of luxurious experience\"""", ""mode"": ""short_marker""}]",quoted_labels_xml_short_marker_v5
fruits_nuts_rice,qwen3,5094562,2,1gram,"An open, warm-toned box containing 12 individually wrapped dates, each with a different topping, with the text ""TAMUR gives you a piece of luxurious experience"" on the lid.","뚜껑에 ‘""TAMUR gives you a piece of luxurious experience""’라는 문구가 적혀 있는, 개방형으로 따뜻한 색감의 상자 안에 각각 다른 토핑이 얹어진 개별 포장된 대추야자 12개가 들어 있습니다.",,ok,translated,,"<text>An open, warm-toned box containing 12 individually wrapped dates, each with a different topping, with the text <keep id=""n0"">KEEP0X</keep> on the lid.</text>","<text>뚜껑에 <keep id=""n0"">‘KEEP0X’라는</keep> 문구가 적혀 있는, 개방형으로 따뜻한 색감의 상자 안에 각각 다른 토핑이 얹어진 개별 포장된 대추야자 12개가 들어 있습니다.</text>","[{""id"": ""n0"", ""token"": ""KEEP0X"", ""original"": ""\""TAMUR gives you a piece of luxurious experience\"""", ""mode"": ""short_marker""}]",quoted_labels_xml_short_marker_v5
fruits_nuts_rice,qwen3,5094562,2,2gram,"A luxurious gift box containing 12 individually wrapped dates, each topped with different ingredients, presented in a warm brown box with the text ""TAMUR gives you a piece of luxurious experience"".","각기 다른 재료로 토핑된 대추야자 12개가 개별 포장되어 들어 있는 고급스러운 선물 상자로, ‘""TAMUR gives you a piece of luxurious experience""’라는 문구가 적힌 따뜻한 갈색 상자에 담겨 있습니다.",,ok,translated,,"<text>A luxurious gift box containing 12 individually wrapped dates, each topped with different ingredients, presented in a warm brown box with the text <keep id=""n0"">KEEP0X</keep>.</text>","<text>각기 다른 재료로 토핑된 대추야자 12개가 개별 포장되어 들어 있는 고급스러운 선물 상자로, <keep id=""n0"">‘KEEP0X’라는</keep> 문구가 적힌 따뜻한 갈색 상자에 담겨 있습니다.</text>","[{""id"": ""n0"", ""token"": ""KEEP0X"", ""original"": ""\""TAMUR gives you a piece of luxurious experience\"""", ""mode"": ""short_marker""}]",quoted_labels_xml_short_marker_v5
fruits_nuts_rice,qwen3,5094562,2,3gram,"A luxurious, terracotta-colored gift box containing 12 individually wrapped dates, each topped with different nuts and candied fruits, with the text ""TAMUR gives you a piece of luxurious experience"" on the lid.","테라코타 색상의 고급스러운 선물 상자로, 각각 다른 견과류와 설탕에 절인 과일이 얹어진 개별 포장된 대추야자 12개가 들어 있으며, 뚜껑에는 ‘""TAMUR gives you a piece of luxurious experience""’라는 문구가 적혀 있습니다.",,ok,translated,,"<text>A luxurious, terracotta-colored gift box containing 12 individually wrapped dates, each topped with different nuts and candied fruits, with the text <keep id=""n0"">KEEP0X</keep> on the lid.</text>","<text>테라코타 색상의 고급스러운 선물 상자로, 각각 다른 견과류와 설탕에 절인 과일이 얹어진 개별 포장된 대추야자 12개가 들어 있으며, 뚜껑에는 <keep id=""n0"">‘KEEP0X’라는</keep> 문구가 적혀 있습니다.</text>","[{""id"": ""n0"", ""token"": ""KEEP0X"", ""original"": ""\""TAMUR gives you a piece of luxurious experience\"""", ""mode"": ""short_marker""}]",quoted_labels_xml_short_marker_v5
fruits_nuts_rice,qwen3,5121007,1,1gram,"A white and green bag of organic rice labeled ""Organic Rice"" with Korean text, featuring a bowl of rice above it on a light gray surface.","‘""Organic Rice""’라는 라벨이 붙은 흰색과 녹색의 유기농 쌀 봉지로, 밝은 회색 바탕 위에 밥 한 그릇이 그려져 있으며 한국어 문구가 적혀 있다.",,ok,translated,,"<text>A white and green bag of organic rice labeled <keep id=""n0"">KEEP0X</keep> with Korean text, featuring a bowl of rice above it on a light gray surface.</text>","<text><keep id=""n0"">‘KEEP0X’라는</keep> 라벨이 붙은 흰색과 녹색의 유기농 쌀 봉지로, 밝은 회색 바탕 위에 밥 한 그릇이 그려져 있으며 한국어 문구가 적혀 있다.</text>","[{""id"": ""n0"", ""token"": ""KEEP0X"", ""original"": ""\""Organic Rice\"""", ""mode"": ""short_marker""}]",quoted_labels_xml_short_marker_v5
fruits_nuts_rice,qwen3,5121007,1,2gram,"A white and green bag of organic rice labeled ""Organic Rice"" with a small bowl of rice above it on a light gray surface.","밝은 회색 바탕 위에 ‘""Organic Rice""’라고 적힌 흰색과 초록색 유기농 쌀 봉지와 그 위에 작은 밥그릇이 놓여 있다.",,ok,translated,,"<text>A white and green bag of organic rice labeled <keep id=""n0"">KEEP0X</keep> with a small bowl of rice above it on a light gray surface.</text>","<text>밝은 회색 바탕 위에 <keep id=""n0"">‘KEEP0X’라고</keep> 적힌 흰색과 초록색 유기농 쌀 봉지와 그 위에 작은 밥그릇이 놓여 있다.</text>","[{""id"": ""n0"", ""token"": ""KEEP0X"", ""original"": ""\""Organic Rice\"""", ""mode"": ""short_marker""}]",quoted_labels_xml_short_marker_v5
fruits_nuts_rice,qwen3,5121007,1,3gram,"A white and green bag of organic rice labeled ""Organic Rice"" with Korean text, featuring a bowl of rice above it on a light gray surface.","‘""Organic Rice""’라는 라벨이 붙은 흰색과 녹색의 유기농 쌀 봉지로, 밝은 회색 바탕 위에 밥 한 그릇이 그려져 있으며 한국어 문구가 적혀 있다.",,ok,translated,,"<text>A white and green bag of organic rice labeled <keep id=""n0"">KEEP0X</keep> with Korean text, featuring a bowl of rice above it on a light gray surface.</text>","<text><keep id=""n0"">‘KEEP0X’라는</keep> 라벨이 붙은 흰색과 녹색의 유기농 쌀 봉지로, 밝은 회색 바탕 위에 밥 한 그릇이 그려져 있으며 한국어 문구가 적혀 있다.</text>","[{""id"": ""n0"", ""token"": ""KEEP0X"", ""original"": ""\""Organic Rice\"""", ""mode"": ""short_marker""}]",quoted_labels_xml_short_marker_v5
fruits_nuts_rice,qwen3,5121007,2,1gram,"A white bowl filled with white rice grains, appearing fresh and full, sits on a light-colored surface.",흰 쌀알로 가득 차 신선하고 풍성해 보이는 하얀 그릇이 밝은 색의 받침 위에 놓여 있다.,,ok,translated,,"<text>A white bowl filled with white rice grains, appearing fresh and full, sits on a light-colored surface.</text>",<text>흰 쌀알로 가득 차 신선하고 풍성해 보이는 하얀 그릇이 밝은 색의 받침 위에 놓여 있다.</text>,[],quoted_labels_xml_literal_v5
fruits_nuts_rice,qwen3,5121007,2,2gram,"A white bowl filled with white rice grains, set on a light gray, textured surface.","밝은 회색의 질감이 느껴지는 표면 위에, 흰 쌀알로 가득 찬 하얀 그릇이 놓여 있다.",,ok,translated,,"<text>A white bowl filled with white rice grains, set on a light gray, textured surface.</text>","<text>밝은 회색의 질감이 느껴지는 표면 위에, 흰 쌀알로 가득 찬 하얀 그릇이 놓여 있다.</text>",[],quoted_labels_xml_literal_v5
fruits_nuts_rice,qwen3,5121007,2,3gram,"A white bowl filled with white rice grains, set on a light gray surface.",밝은 회색 바탕 위에 흰 쌀알로 가득 찬 하얀 그릇이 놓여 있다.,,ok,translated,,"<text>A white bowl filled with white rice grains, set on a light gray surface.</text>",<text>밝은 회색 바탕 위에 흰 쌀알로 가득 찬 하얀 그릇이 놓여 있다.</text>,[],quoted_labels_xml_literal_v5
fruits_nuts_rice,qwen3,5132780,1,1gram,"A white plate holds six whole and two cut kiwi fruits, showcasing their green flesh and dark seeds.","하얀 접시 위에 통째로 된 키위 6개와 반으로 자른 키위 2개가 담겨 있어, 푸른 과육과 검은 씨앗이 잘 드러나 있습니다.",,ok,translated,,"<text>A white plate holds six whole and two cut kiwi fruits, showcasing their green flesh and dark seeds.</text>","<text>하얀 접시 위에 통째로 된 키위 6개와 반으로 자른 키위 2개가 담겨 있어, 푸른 과육과 검은 씨앗이 잘 드러나 있습니다.</text>",[],quoted_labels_xml_literal_v5
fruits_nuts_rice,qwen3,5132780,1,2gram,"A white plate holds six whole kiwis and two cut halves, showcasing their green flesh and dark seeds.","하얀 접시 위에는 통째로 된 키위 6개와 반으로 잘라진 키위 2개가 놓여 있어, 푸른 과육과 검은 씨앗이 눈에 띕니다.",,ok,translated,,"<text>A white plate holds six whole kiwis and two cut halves, showcasing their green flesh and dark seeds.</text>","<text>하얀 접시 위에는 통째로 된 키위 6개와 반으로 잘라진 키위 2개가 놓여 있어, 푸른 과육과 검은 씨앗이 눈에 띕니다.</text>",[],quoted_labels_xml_literal_v5
fruits_nuts_rice,qwen3,5132780,1,3gram,"A white plate holds six whole and two cut kiwis, showcasing their green flesh and dark seeds.","흰 접시 위에는 통째로 된 키위 6개와 반으로 자른 키위 2개가 담겨 있어, 푸른 과육과 검은 씨앗이 잘 드러나 있다.",,ok,translated,,"<text>A white plate holds six whole and two cut kiwis, showcasing their green flesh and dark seeds.</text>","<text>흰 접시 위에는 통째로 된 키위 6개와 반으로 자른 키위 2개가 담겨 있어, 푸른 과육과 검은 씨앗이 잘 드러나 있다.</text>",[],quoted_labels_xml_literal_v5
fruits_nuts_rice,qwen3,5132780,2,1gram,"Six brown kiwi fruits, some whole and one cut in half to reveal a green flesh and black seeds, are arranged on a light-colored plate.","갈색 키위 6개가 밝은 색 접시 위에 놓여 있는데, 그중 몇 개는 통째로 있고, 하나는 반으로 잘려 녹색 과육과 검은 씨앗이 드러나 있다.",,ok,translated,,"<text>Six brown kiwi fruits, some whole and one cut in half to reveal a green flesh and black seeds, are arranged on a light-colored plate.</text>","<text>갈색 키위 6개가 밝은 색 접시 위에 놓여 있는데, 그중 몇 개는 통째로 있고, 하나는 반으로 잘려 녹색 과육과 검은 씨앗이 드러나 있다.</text>",[],quoted_labels_xml_literal_v5
fruits_nuts_rice,qwen3,5132780,2,2gram,"A white plate holds six whole and one cut kiwi fruit, showcasing their brown, fuzzy skin and vibrant green flesh with dark seeds.","흰색 접시 위에는 통째로 된 키위 6개와 반으로 자른 키위 1개가 놓여 있는데, 갈색의 보송보송한 껍질과 짙은 씨앗이 박힌 선명한 녹색 과육이 잘 드러나 있다.",,ok,translated,,"<text>A white plate holds six whole and one cut kiwi fruit, showcasing their brown, fuzzy skin and vibrant green flesh with dark seeds.</text>","<text>흰색 접시 위에는 통째로 된 키위 6개와 반으로 자른 키위 1개가 놓여 있는데, 갈색의 보송보송한 껍질과 짙은 씨앗이 박힌 선명한 녹색 과육이 잘 드러나 있다.</text>",[],quoted_labels_xml_literal_v5
fruits_nuts_rice,qwen3,5132780,2,3gram,"A white plate holds six whole and one cut kiwi fruit, showcasing their brown, fuzzy skin, bright green flesh, and dark seeds.","하얀 접시 위에는 통째로 된 키위 6개와 반으로 자른 키위 1개가 놓여 있는데, 갈색의 보송보송한 껍질과 선명한 녹색 과육, 그리고 검은 씨앗이 잘 드러나 있다.",,ok,translated,,"<text>A white plate holds six whole and one cut kiwi fruit, showcasing their brown, fuzzy skin, bright green flesh, and dark seeds.</text>","<text>하얀 접시 위에는 통째로 된 키위 6개와 반으로 자른 키위 1개가 놓여 있는데, 갈색의 보송보송한 껍질과 선명한 녹색 과육, 그리고 검은 씨앗이 잘 드러나 있다.</text>",[],quoted_labels_xml_literal_v5
fruits_nuts_rice,qwen3,5134096,1,1gram,"A white bag of KF365 Kurly Fresh rice, weighing 10kg, is shown with a small bowl of the rice beside it.",무게 10kg인 KF365 ‘컬리 프레시’ 쌀이 담긴 흰색 봉지와 그 옆에 작은 그릇에 담긴 쌀이 함께 보여진다.,,ok,translated,,"<text>A white bag of KF365 Kurly Fresh rice, weighing 10kg, is shown with a small bowl of the rice beside it.</text>",<text>무게 10kg인 KF365 ‘컬리 프레시’ 쌀이 담긴 흰색 봉지와 그 옆에 작은 그릇에 담긴 쌀이 함께 보여진다.</text>,[],quoted_labels_xml_literal_v5
fruits_nuts_rice,qwen3,5134096,1,2gram,"A white bag of 10kg KF365 Kurly Fresh rice, with a small bowl of the rice beside it on a light gray surface.","10kg짜리 KF365 ‘커리 프레시’ 쌀이 담긴 흰색 봉지와, 밝은 회색 바탕 위에 그 쌀을 한 그릇 담은 작은 그릇이 옆에 놓여 있다.",,ok,translated,,"<text>A white bag of 10kg KF365 Kurly Fresh rice, with a small bowl of the rice beside it on a light gray surface.</text>","<text>10kg짜리 KF365 ‘커리 프레시’ 쌀이 담긴 흰색 봉지와, 밝은 회색 바탕 위에 그 쌀을 한 그릇 담은 작은 그릇이 옆에 놓여 있다.</text>",[],quoted_labels_xml_literal_v5
fruits_nuts_rice,qwen3,5134096,1,3gram,"A white bag of 10kg KF365 ""Kurly Fresh"" rice, featuring a purple stripe and a circular window showing the rice inside, is displayed on a light gray surface next to a small white bowl filled with the same rice.","보라색 줄무늬가 있고 안의 쌀이 보이는 원형 창이 있는 10kg짜리 KF365 ""Kurly Fresh"" 쌀이 담긴 흰색 봉지가, 같은 쌀이 가득 담긴 작은 흰색 그릇 옆의 밝은 회색 바탕 위에 놓여 있다.",,ok,translated,,"<text>A white bag of 10kg KF365 <keep id=""n0"">KEEP0X</keep> rice, featuring a purple stripe and a circular window showing the rice inside, is displayed on a light gray surface next to a small white bowl filled with the same rice.</text>","<text>보라색 줄무늬가 있고 안의 쌀이 보이는 원형 창이 있는 10kg짜리 KF365 <keep id=""n0"">KEEP0X</keep> 쌀이 담긴 흰색 봉지가, 같은 쌀이 가득 담긴 작은 흰색 그릇 옆의 밝은 회색 바탕 위에 놓여 있다.</text>","[{""id"": ""n0"", ""token"": ""KEEP0X"", ""original"": ""\""Kurly Fresh\"""", ""mode"": ""short_marker""}]",quoted_labels_xml_short_marker_v5
fruits_nuts_rice,qwen3,5134096,2,1gram,"A white bowl filled with white rice grains sits on a white plate, with a light, neutral background.","흰색 접시 위에 흰 쌀알로 가득 찬 흰색 그릇이 놓여 있으며, 배경은 밝고 중립적인 색조입니다.",,ok,translated,,"<text>A white bowl filled with white rice grains sits on a white plate, with a light, neutral background.</text>","<text>흰색 접시 위에 흰 쌀알로 가득 찬 흰색 그릇이 놓여 있으며, 배경은 밝고 중립적인 색조입니다.</text>",[],quoted_labels_xml_literal_v5
fruits_nuts_rice,qwen3,5134096,2,2gram,A white bowl filled with white rice grains sits on a white plate against a light gray background.,"밝은 회색 배경 위에, 흰 쌀알로 가득 찬 흰 그릇이 흰 접시 위에 놓여 있다.",,ok,translated,,<text>A white bowl filled with white rice grains sits on a white plate against a light gray background.</text>,"<text>밝은 회색 배경 위에, 흰 쌀알로 가득 찬 흰 그릇이 흰 접시 위에 놓여 있다.</text>",[],quoted_labels_xml_literal_v5
fruits_nuts_rice,qwen3,5134096,2,3gram,A white bowl filled with white rice grains sits on a white plate against a light gray background.,"밝은 회색 배경 위에, 흰 쌀알로 가득 찬 흰 그릇이 흰 접시 위에 놓여 있다.",,ok,translated,,<text>A white bowl filled with white rice grains sits on a white plate against a light gray background.</text>,"<text>밝은 회색 배경 위에, 흰 쌀알로 가득 찬 흰 그릇이 흰 접시 위에 놓여 있다.</text>",[],quoted_labels_xml_literal_v5
fruits_nuts_rice,qwen3,5159977,1,1gram,"A vibrant yellow cloth with fresh peaches, some whole and some halved to reveal their juicy interiors, accompanied by green leaves and a knife, evoking a sense of freshness and natural abundance.","생기 넘치는 노란색 천 위에, 통째로 놓인 복숭아와 과즙이 즙이 가득한 속살이 드러나도록 반으로 자른 복숭아가 어우러져 있으며, 푸른 잎과 칼이 함께 배치되어 신선함과 자연의 풍요로움을 자아냅니다.",,ok,translated,,"<text>A vibrant yellow cloth with fresh peaches, some whole and some halved to reveal their juicy interiors, accompanied by green leaves and a knife, evoking a sense of freshness and natural abundance.</text>","<text>생기 넘치는 노란색 천 위에, 통째로 놓인 복숭아와 과즙이 즙이 가득한 속살이 드러나도록 반으로 자른 복숭아가 어우러져 있으며, 푸른 잎과 칼이 함께 배치되어 신선함과 자연의 풍요로움을 자아냅니다.</text>",[],quoted_labels_xml_literal_v5
fruits_nuts_rice,qwen3,5159977,1,2gram,"A vibrant yellow cloth with fresh peaches, some whole and some halved, scattered with green leaves and a knife, evoking a sense of natural abundance and freshness.","생기 넘치는 노란색 천 위에, 통째로 있는 것도 있고 반으로 자른 것도 있는 싱싱한 복숭아들이 녹색 잎사귀와 칼과 함께 흩어져 있어, 자연의 풍요로움과 신선함을 자아냅니다.",,ok,translated,,"<text>A vibrant yellow cloth with fresh peaches, some whole and some halved, scattered with green leaves and a knife, evoking a sense of natural abundance and freshness.</text>","<text>생기 넘치는 노란색 천 위에, 통째로 있는 것도 있고 반으로 자른 것도 있는 싱싱한 복숭아들이 녹색 잎사귀와 칼과 함께 흩어져 있어, 자연의 풍요로움과 신선함을 자아냅니다.</text>",[],quoted_labels_xml_literal_v5
fruits_nuts_rice,qwen3,5159977,1,3gram,"A vibrant yellow cloth with fresh peaches, some whole and one cut open to reveal the pit, is arranged on a light gray surface, with a knife resting beside them.","밝은 회색 바탕 위에 싱그러운 복숭아들이 놓인 선명한 노란색 천이 펼쳐져 있는데, 복숭아 중 일부는 통째로 있고, 하나는 잘라져 씨앗이 드러나 있으며, 그 옆에는 칼 한 자루가 놓여 있다.",,ok,translated,,"<text>A vibrant yellow cloth with fresh peaches, some whole and one cut open to reveal the pit, is arranged on a light gray surface, with a knife resting beside them.</text>","<text>밝은 회색 바탕 위에 싱그러운 복숭아들이 놓인 선명한 노란색 천이 펼쳐져 있는데, 복숭아 중 일부는 통째로 있고, 하나는 잘라져 씨앗이 드러나 있으며, 그 옆에는 칼 한 자루가 놓여 있다.</text>",[],quoted_labels_xml_literal_v5
fruits_nuts_rice,qwen3,5159977,2,1gram,"A close-up of fresh peaches, one of which is sliced open to reveal its juicy interior, resting on a yellow cloth with green leaves.","신선한 복숭아들의 클로즈업 샷으로, 그중 하나는 반으로 갈라져 과즙이 가득한 속살이 드러나 있으며, 녹색 잎사귀가 흩뿌려진 노란색 천 위에 놓여 있다.",,ok,translated,,"<text>A close-up of fresh peaches, one of which is sliced open to reveal its juicy interior, resting on a yellow cloth with green leaves.</text>","<text>신선한 복숭아들의 클로즈업 샷으로, 그중 하나는 반으로 갈라져 과즙이 가득한 속살이 드러나 있으며, 녹색 잎사귀가 흩뿌려진 노란색 천 위에 놓여 있다.</text>",[],quoted_labels_xml_literal_v5
fruits_nuts_rice,qwen3,5159977,2,2gram,"A close-up of fresh, ripe peaches with a yellow-orange hue and red blush, one of which is sliced open to reveal its juicy interior, resting on a yellow cloth with green leaves.","노란색과 주황색이 섞인 색조에 붉은 빛이 감도는 신선하고 잘 익은 복숭아들의 클로즈업 샷으로, 그중 하나는 반으로 잘려 과즙이 가득한 속이 드러나 있으며, 녹색 잎사귀가 흩뿌려진 노란색 천 위에 놓여 있다.",,ok,translated,,"<text>A close-up of fresh, ripe peaches with a yellow-orange hue and red blush, one of which is sliced open to reveal its juicy interior, resting on a yellow cloth with green leaves.</text>","<text>노란색과 주황색이 섞인 색조에 붉은 빛이 감도는 신선하고 잘 익은 복숭아들의 클로즈업 샷으로, 그중 하나는 반으로 잘려 과즙이 가득한 속이 드러나 있으며, 녹색 잎사귀가 흩뿌려진 노란색 천 위에 놓여 있다.</text>",[],quoted_labels_xml_literal_v5
fruits_nuts_rice,qwen3,5159977,2,3gram,"A close-up of fresh, ripe peaches with a vibrant yellow and red hue, one of which is sliced open to reveal its juicy interior, resting on a yellow cloth with green leaves scattered around.","생기 넘치는 노란색과 빨간색을 띠는 신선하고 잘 익은 복숭아들의 클로즈업 샷으로, 그중 하나는 반으로 잘려 과즙이 가득한 속살이 드러나 있으며, 노란색 천 위에 놓여 있고 주변에는 녹색 잎사귀들이 흩어져 있다.",,ok,translated,,"<text>A close-up of fresh, ripe peaches with a vibrant yellow and red hue, one of which is sliced open to reveal its juicy interior, resting on a yellow cloth with green leaves scattered around.</text>","<text>생기 넘치는 노란색과 빨간색을 띠는 신선하고 잘 익은 복숭아들의 클로즈업 샷으로, 그중 하나는 반으로 잘려 과즙이 가득한 속살이 드러나 있으며, 노란색 천 위에 놓여 있고 주변에는 녹색 잎사귀들이 흩어져 있다.</text>",[],quoted_labels_xml_literal_v5
fruits_nuts_rice,qwen3,5162187,1,1gram,"A woven basket filled with fresh, orange and green mandarins, with two cut halves revealing their juicy segments, resting on a white textured cloth.","흰색의 질감이 느껴지는 천 위에, 신선하고 주황색과 초록색의 귤이 가득 담긴 짠 바구니가 놓여 있으며, 그중 두 개는 반으로 잘려 과즙이 흐르는 과육이 드러나 있다.",,ok,translated,,"<text>A woven basket filled with fresh, orange and green mandarins, with two cut halves revealing their juicy segments, resting on a white textured cloth.</text>","<text>흰색의 질감이 느껴지는 천 위에, 신선하고 주황색과 초록색의 귤이 가득 담긴 짠 바구니가 놓여 있으며, 그중 두 개는 반으로 잘려 과즙이 흐르는 과육이 드러나 있다.</text>",[],quoted_labels_xml_literal_v5
fruits_nuts_rice,qwen3,5162187,1,2gram,"A pile of small, round, orange-colored citrus fruits with greenish skin, some peeled and cut in half, resting in a woven basket on a white textured cloth.","초록빛이 도는 껍질을 가진 작고 둥근 주황색 감귤류 과일들이 한 무더기 쌓여 있는데, 그중 일부는 껍질이 벗겨져 반으로 잘려 있으며, 흰색의 질감이 느껴지는 천 위에 놓인 엮은 바구니 안에 담겨 있다.",,ok,translated,,"<text>A pile of small, round, orange-colored citrus fruits with greenish skin, some peeled and cut in half, resting in a woven basket on a white textured cloth.</text>","<text>초록빛이 도는 껍질을 가진 작고 둥근 주황색 감귤류 과일들이 한 무더기 쌓여 있는데, 그중 일부는 껍질이 벗겨져 반으로 잘려 있으며, 흰색의 질감이 느껴지는 천 위에 놓인 엮은 바구니 안에 담겨 있다.</text>",[],quoted_labels_xml_literal_v5
fruits_nuts_rice,qwen3,5162187,1,3gram,"A woven basket filled with fresh, orange-colored tangerines, some of which are peeled and displayed on a white textured cloth.",신선한 주황색 귤로 가득 찬 엮은 바구니. 그중 일부는 껍질이 벗겨져 질감이 느껴지는 흰색 천 위에 진열되어 있다.,,ok,translated,,"<text>A woven basket filled with fresh, orange-colored tangerines, some of which are peeled and displayed on a white textured cloth.</text>",<text>신선한 주황색 귤로 가득 찬 엮은 바구니. 그중 일부는 껍질이 벗겨져 질감이 느껴지는 흰색 천 위에 진열되어 있다.</text>,[],quoted_labels_xml_literal_v5
fruits_nuts_rice,qwen3,5162187,2,1gram,"A basket of round, orange-colored tangerines with some greenish hues, with one cut in half to reveal its juicy segments, resting on a white cloth.","흰 천 위에 놓인, 둥글고 주황색을 띠며 약간 푸른빛이 도는 귤 한 바구니. 그중 하나는 반으로 잘려 있어 과즙이 가득한 귤 조각들이 드러나 있다.",,ok,translated,,"<text>A basket of round, orange-colored tangerines with some greenish hues, with one cut in half to reveal its juicy segments, resting on a white cloth.</text>","<text>흰 천 위에 놓인, 둥글고 주황색을 띠며 약간 푸른빛이 도는 귤 한 바구니. 그중 하나는 반으로 잘려 있어 과즙이 가득한 귤 조각들이 드러나 있다.</text>",[],quoted_labels_xml_literal_v5
fruits_nuts_rice,qwen3,5162187,2,2gram,"A basket of round, orange and green tangerines, with one cut in half to reveal its juicy segments, sits on a white cloth.","흰색 식탁보 위에는 둥글고 주황색과 초록색을 띤 귤 한 바구니가 놓여 있는데, 그중 하나는 반으로 잘려 있어 과즙이 가득한 귤 조각들이 드러나 있다.",,ok,translated,,"<text>A basket of round, orange and green tangerines, with one cut in half to reveal its juicy segments, sits on a white cloth.</text>","<text>흰색 식탁보 위에는 둥글고 주황색과 초록색을 띤 귤 한 바구니가 놓여 있는데, 그중 하나는 반으로 잘려 있어 과즙이 가득한 귤 조각들이 드러나 있다.</text>",[],quoted_labels_xml_literal_v5
fruits_nuts_rice,qwen3,5162187,2,3gram,"A basket of round, orange and green tangerines, with one cut in half to reveal its juicy segments, resting on a white cloth.",흰 천 위에 놓인 둥글고 주황색과 초록색의 귤 한 바구니. 그중 하나는 반으로 잘려 있어 과즙이 가득한 귤 조각이 드러나 있다.,,ok,translated,,"<text>A basket of round, orange and green tangerines, with one cut in half to reveal its juicy segments, resting on a white cloth.</text>",<text>흰 천 위에 놓인 둥글고 주황색과 초록색의 귤 한 바구니. 그중 하나는 반으로 잘려 있어 과즙이 가득한 귤 조각이 드러나 있다.</text>,[],quoted_labels_xml_literal_v5
